13962,3436,-1957,13579,4094,-502,12656,4671,398,14117,4069,197,13961,2595,780,12897,1618,1328,13563,2968,-322,14248,4289,-841,15366,4738,639,13630,4335,798,14515,3258,-87,15028,1964,568,13331,2474,404,14098,2756,-1502,14321,2699,-2372,14429,4001,-1094,13938,5009,-966,13993,3981,-1687,13839,1547,-522,12818,1853,57,12915,3291,-1109,13782,3602,-1988,14039,3974,-872,12512,4925,-217,13851,4648,-183,14351,2809,804,12636,1625,1431,13098,1839,74,14292,3321,-773,14611,4719,353,14028,5200,538,14530,4077,45,14939,2428,701,13779,2427,809,13580,2356,-1054,14840,2137,-2177,14010,3389,-1233,14053,5140,-1036,14421,4795,-1688,14075,2565,-813,12935,1941,5,12898,2252,-940,13617,2690,-1627,13462,3394,-1169,13169,4511,-793,13394,4803,-436,14098,3790,866,13435,2783,1228,13045,2220,394,13888,1997,-685,14161,3754,86,13990,5562,187,14740,4421,56,14753,2746,1029,13817,2666,1249,14110,2916,-626,14289,1938,-1697,14042,2381,-1469,13775,4133,-1458,14423,4895,-1697,14524,3811,-775,13147,2838,-287,12963,2411,-643,13630,1964,-1181
13448,3210,-1020,13029,4479,-1617,13667,4371,-1099,13863,3785,771,12907,3677,1338,13669,3055,372,13690,1470,133,13665,2609,311,13632,4886,-61,15207,5042,-322,14604,3494,1060,13682,2635,1371,14414,2915,-173,14461,2429,-915,14170,2544,-1092,13663,3440,-1866,14463,4133,-1783,14739,4314,-711,13367,3565,-572,13307,2461,-934,13465,1421,-858,13033,2781,-718,13164,4374,-1634,13623,4666,-1682,13862,3845,196,12724,3995,1199,13840,3380,482,13780,1538,407,13184,1983,499,13376,4017,-440,14941,5169,-603,14931,4556,865,13706,3552,1142,14517,2782,142,14492,1926,-244,13960,2135,-341,13905,2939,-2003,14296,3493,-2125,14579,4378,-662,13722,4847,-674,13600,3444,-1570,13609,1287,-671,12776,2016,-444,12980,3700,-1453,13840,3962,-2009,13679,3775,-142,12652,4581,802,13785,4124,304,14328,2236,435,12876,1681,885,13300,3134,-541,14767,4402,-788,14853,4935,644,13596,4229,1148,14633,3299,198,14796,2077,366,13712,2077,319,13996,2792,-1660,14309,2930,-2560,14620,3919,-954,13645,4834,-723,13839,4237,-1678,14011,1802,-528,12797,1845,76
12637,3005,-1188,14164,3368,-2110,13756,3867,-952,12473,4708,18,13803,4725,-101,14368,3101,686,13020,1936,1475,12967,2318,146,14420,3353,-981,14812,4351,441,13574,4617,828,14639,3764,108,14895,2685,503,13749,2560,710,13796,2538,-956,14682,2526,-2241,14278,3391,-1233,13858,4574,-796,14125,4438,-1697,13884,2469,-951,12950,1938,105,12830,2816,-916,13628,3215,-1968,14000,3668,-1304,12678,4777,-643,13509,4361,-326,14138,3072,902,12811,2590,1551,13348,2084,760,13866,2394,-858,14229,4287,-120,14368,5616,252,14568,4546,-26,14596,2455,757,13974,1981,1402,13814,2580,-465,14452,2201,-1837,14347,3113,-1576,13735,4750,-1331,14351,5209,-1820,14373,3425,-945,13135,1981,-25,12810,1740,-515,13479,1966,-1258,13752,3509,-1199,13108,5071,-1424,13444,4901,-1103,14037,3780,811,12895,3230,1517,13588,2255,751,13507,1242,-215,14092,2748,-46,13860,5362,-133,14984,5839,-366,14779,3767,892,13738,2635,1442,14005,2558,56,14375,1768,-1131,14325,2021,-1186,13577,3497,-1821,14490,4863,-1829,14749,4590,-970,13310,3657,-646,13092,2184,-723
13486,1132,-895,13082,2551,-695,13187,3945,-1465,13805,4756,-1713,13701,3995,77,13169,4370,1215,13651,3693,676,13729,1653,352,13394,1625,507,13431,4028,-355,14958,5300,-630,14931,4132,687,13591,3445,1178,14385,3007,279,14773,2213,-448,13891,2049,-364,13809,2947,-1862,14420,3618,-2165,14677,4427,-938,13650,4425,-699,13441,3144,-1231,13607,1375,-558,12845,2061,-290,13136,3861,-1347,13707,4338,-2206,13878,3852,-372,12759,4277,849,13462,4111,463,14213,2095,429,12881,1524,975,13260,3342,-218,14774,4662,-838,15084,4880,525,13713,4156,1158,14480,3330,180,14813,1974,10,13898,1841,107,13787,2670,-1438,14382,3288,-2321,14731,4514,-1007,13705,5145,-785,13690,3908,-1703,13688,1377,-790,13043,1398,14,12641,3117,-1049,13755,3844,-2149,14069,4147,-882,12563,4799,317,13638,4676,105,14408,2670,581,13068,1394,1419,13038,2108,-44,14408,3564,-1004,15028,4985,383,13855,5119,928,14452,4193,152,14746,2256,480,14058,1926,765,13475,2241,-1152,14397,2281,-2411,14544,3577,-1410,13499,5226,-697,14346,4905,-1539,14005,2465,-996
12964,1686,167,12859,2394,-946,13655,3198,-2060,14045,3506,-1396,12721,4687,-318,13442,5121,-66,14348,3575,732,13119,2330,1411,12956,1925,562,14124,2613,-978,14461,3899,58,13905,5188,489,14328,4629,131,14835,2922,662,13943,2448,1299,13722,2454,-560,14654,2148,-2050,14281,2744,-1630,13796,4428,-1002,14326,5110,-1697,14342,3426,-1089,13175,2314,125,12849,2522,-480,13403,2497,-1604,13846,2993,-1327,12851,4266,-1225,13226,4717,-829,14257,3913,689,13035,3394,1465,13345,2528,898,13600,1828,-367,14149,3027,-109,14001,4995,102,14583,5234,-227,14922,3216,738,14054,2648,1485,13840,2995,-64,14673,2313,-1440,14421,2505,-1352,13409,3562,-1403,14345,4306,-1640,14532,4003,-1052,13387,3319,-553,12965,2258,-539,13610,1648,-1110,13265,2979,-953,13328,4233,-1465,13400,4949,-1492,13775,3828,344,13231,3772,1409,13340,3233,747,13875,1511,256,13675,2071,293,13478,4251,-181,15048,5380,-513,14702,4191,580,13796,3159,1375,14232,2720,448,14455,2010,-654,14200,1964,-631,13517,3109,-1697,14331,4125,-2141,14774,4555,-1079,13564,4445,-648
13409,3119,-1040,13699,1299,-750,12892,2062,-417,13085,3475,-1142,13818,4453,-2009,13536,3994,-435,13122,4295,832,13408,4127,490,14174,2337,308,13197,1506,923,13148,3110,-42,14728,4470,-828,15023,4596,482,13779,4174,1225,14318,3584,333,14752,2393,-121,14065,2108,-84,13728,2628,-1378,14285,3138,-2478,14679,3998,-1114,13829,4617,-768,13591,3996,-1579,13740,1896,-816,13157,1782,-77,12406,3179,-945,13773,3634,-2054,14007,3604,-653,12656,4418,340,13528,4677,156,14401,3038,318,13181,1788,1245,12975,2471,227,14281,3886,-982,15132,4510,292,13873,4254,1030,14253,3849,268,14894,2605,104,14213,2453,451,13473,2540,-848,14394,2515,-2274,14526,3314,-1275,13760,4600,-677,13872,4489,-1742,13974,2326,-1148,13341,1888,78,12576,2925,-684,13636,3498,-2041,13951,3449,-1147,12603,4378,-23,13473,4933,-92,14296,3385,324,13405,2119,1325,12673,2196,631,14071,3161,-786,14853,4035,173,13694,4749,603,14295,4352,106,14979,2955,314,14313,2456,874,13535,2448,-486,14377,2262,-1926,14673,2830,-1466,13584,4605,-827,14202,5156,-1739
14380,3140,-1432,13318,2101,-58,12714,2361,-594,13390,2660,-1537,13837,3113,-1216,12787,4205,-691,13162,4853,-529,14238,3881,221,13420,3075,1127,13017,2483,841,13633,2049,-493,14384,3113,96,13964,4840,407,14445,4992,-118,14851,3365,495,14225,2673,1357,13839,2956,-170,14305,2077,-1523,14625,2295,-1524,13524,3620,-1259,14214,4603,-1635,14360,4038,-1289,13583,3233,-430,12874,2473,-470,13206,1883,-1190,13680,2821,-997,13027,4181,-1245,13285,4637,-1196,13944,3712,137,13357,3809,1290,13447,3540,738,13701,1961,-44,13967,2318,172,13378,4179,60,14916,5143,-468,14797,3583,422,13906,2867,1361,14202,3183,366,14455,2726,-947,14463,2244,-948,13493,3031,-1524,14409,4033,-1928,14477,4030,-1135,13702,3875,-677,13117,3008,-902,13630,1742,-902,13283,2344,-782,12916,3893,-1197,13791,4592,-1793,13628,3792,-279,13137,3944,1111,13414,3726,715,13856,2298,188,13639,1626,554,13093,3629,24,14729,5058,-706,15220,4375,408,13685,3375,1378,14310,2941,440,14527,2700,-400,14428,2261,-273,13799,2958,-1387,13992,3712,-2310,14973,3824,-1131
13693,4272,-443,13260,3631,-1276,13786,1709,-811,13341,1874,-312,12586,3645,-1154,13834,4127,-2048,13889,3905,-765,12670,4233,781,13495,4007,647,14026,2853,172,13275,1655,1075,13346,2802,205,14128,4472,-907,15434,4679,259,13649,4097,1275,14080,3427,432,14940,2381,-168,14138,2418,218,13653,2762,-959,14161,3122,-2301,14859,3470,-1317,13737,4363,-511,13693,4145,-1431,14031,2193,-1250,13237,1999,-38,12630,3165,-849,13627,3893,-1955,14084,3255,-1112,12561,3994,201,13315,4574,210,14505,3274,138,13294,2275,1052,12836,2336,605,14139,3867,-931,14828,4208,209,14075,4311,895,13888,3899,348,15159,2709,-59,14308,2739,636,13315,2687,-547,14731,2656,-1868,14220,2941,-1403,13927,4194,-594,14025,4428,-1629,13946,2747,-1679,13622,2285,-157,12634,2996,-633,13542,3537,-1689,13839,3015,-1075,12964,3862,-315,12953,4535,-330,14217,3587,15,13792,2965,1030,12599,2411,843,13979,2928,-683,14255,3725,52,14229,4771,674,14052,4226,175,14677,2793,214,14602,2519,1105,13708,3158,-140,14538,2529,-1522,14431,2432,-1562,13885,3926,-923
13900,4861,-1591,14325,3544,-1467,13613,2539,-492,12621,2607,-354,13637,2497,-1328,13663,3109,-1132,13022,4001,-1031,13280,4509,-863,13802,3727,248,13356,3517,1177,13425,3216,753,13594,2116,-242,13970,2691,-5,13678,4048,473,14664,5094,-235,14736,3509,394,14158,2723,1418,14012,3269,302,14532,2688,-1103,14551,2448,-1190,13588,2973,-1247,14174,4119,-1671,14219,4112,-1213,13927,3481,-700,12989,3055,-738,13425,2078,-1191,13694,2597,-795,12787,3732,-1078,13619,4552,-1687,13593,3721,-261,13367,3849,1186,13244,3713,710,13828,2350,87,13730,1771,400,13242,3393,60,14650,5089,-627,15088,4331,98,14068,3491,1224,14031,3275,456,14525,2605,-348,14445,2059,-216,13598,2702,-1256,14165,3537,-2306,14432,3886,-1428,13893,4455,-675,13419,3833,-1262,13565,1956,-917,13312,1771,-402,12779,3514,-872,13752,4143,-2094,13654,3589,-856,13093,3955,837,13225,4391,716,14208,3184,174,13534,1592,791,12918,2811,54,14281,4309,-789,15271,4373,-3,13739,3763,1262,14051,3514,535,14799,2822,14,14449,2360,164,13622,2624,-947,14324,3090,-2492
14809,3337,-1529,13707,4366,-536,13682,4395,-1394,13829,2404,-1131,13542,1634,-110,12374,3003,-789,13770,3928,-2013,14065,3378,-1363,12758,4030,322,13150,4659,407,14377,3578,79,13435,1991,1159,12651,2302,703,14039,3783,-849,15086,4027,-25,13980,4242,947,14025,3910,461,15027,3250,-244,14422,2708,626,13540,2477,-310,14356,2736,-1986,14559,2714,-1610,14066,3926,-501,13656,4609,-1511,13811,2998,-1718,13715,2188,-47,12553,3148,-404,13257,3658,-1796,14057,2839,-1406,12869,3770,-244,12890,4470,-9,14411,3782,42,13441,2979,975,12878,2412,1039,13707,3112,-479,14471,3692,-87,14505,4166,752,13725,4010,262,14829,3010,-62,14628,2917,934,13633,3247,-63,14237,2690,-1611,14629,2412,-1487,13819,3696,-783,13989,4565,-1476,14305,3295,-1859,13671,2469,-572,12707,2752,-328,13363,3210,-1315,13670,3003,-1122,13300,3533,-757,12697,4314,-686,14089,3760,-161,13770,3311,825,12945,3003,926,13645,2666,-64,14198,3190,110,13949,4284,509,14266,4676,-28,14760,3143,236,14461,2513,1211,13783,3244,341,14415,2909,-1338,14557,2330,-1371
13679,3260,-1023,14005,4359,-1502,14419,3825,-1474,13843,2981,-792,12918,2725,-540,13450,2493,-1124,13621,2904,-915,13101,3588,-1022,13334,4344,-1197,13577,3592,-185,13840,3705,1048,13182,3649,701,13731,2520,-57,13845,2246,265,13349,3736,365,14500,4847,-199,14753,3632,151,14006,2949,1260,14184,3453,546,14594,3263,-1022,14556,2463,-847,13737,2781,-1073,14196,3556,-1781,14501,3711,-1368,13889,3726,-695,13277,3412,-1043,13517,2505,-1038,13518,2440,-648,12881,3625,-1004,13347,4104,-1900,13779,3302,-551,13178,3600,984,13147,4256,652,14247,3290,-92,13439,2210,635,13026,3153,391,14277,4416,-504,15016,3911,2,13950,3243,1249,14053,3232,501,14766,3262,-408,14758,2848,-209,13487,2949,-789,14199,3328,-2109,14704,2993,-1445,13777,3760,-559,13347,3756,-1504,13856,2700,-1264,13455,2400,-358,12536,3585,-708,13427,4010,-1827,13795,3222,-1116,13137,3516,710,12902,4124,498,14400,3412,-143,13777,2277,733,12802,3055,658,13988,4096,-647,15108,3934,-54,14038,3666,1203,13694,3381,541,15004,2763,-152,14555,2845,258,13656,3166,-474
14299,3268,-2112,14432,3114,-1739,14027,3786,-362,13513,4118,-1280,13872,2588,-1701,13811,1919,-326,12472,3378,-548,13493,4253,-1978,14103,3331,-1581,12774,3619,294,13090,4169,349,14211,3577,-79,13942,2530,678,12923,2489,881,13649,3839,-786,14677,3925,-223,14309,4082,1003,13571,3949,557,14784,2849,-77,14815,2656,587,13388,3231,-224,14513,3215,-1775,14466,2670,-1753,13941,3719,-585,13775,4225,-1195,13977,3013,-1862,13881,2135,-513,12799,3146,-263,13490,4008,-1642,13966,3158,-1621,13171,3230,-422,12491,4136,-70,14049,3854,-4,13969,3091,866,12749,2940,994,13590,3188,-373,14520,3559,-400,14007,4264,596,13897,4030,338,14577,2665,220,14554,2393,1090,13830,3444,334,14473,3443,-1517,14745,2971,-1734,13905,3414,-1054,13964,3777,-1218,14192,3054,-1563,13839,2402,-679,12838,2934,-163,13456,3450,-1248,13864,3550,-1429,13261,3744,-1245,12832,4080,-961,13485,3126,-36,13667,2978,1069,12895,3211,1005,13717,2988,-8,14167,3176,-215,13716,4394,293,14594,4764,67,14612,2965,131,14226,2009,1178,14052,2819,793,14368,3488,-1044
14861,3093,-1186,13697,3385,-1186,14134,3935,-1444,14288,3292,-1380,13915,2653,-720,13041,2629,-695,13223,3009,-1229,13815,3284,-1118,12919,4036,-966,13268,4329,-1444,13469,3152,-313,13645,2834,1225,12919,3273,836,14114,3294,-231,13981,2672,157,13232,3993,227,14224,4855,-84,14852,3529,287,14036,2356,1507,13883,2395,793,14586,3318,-909,14730,3188,-850,13876,3648,-1031,14006,3988,-1778,14300,3268,-1198,14065,2999,-242,13128,2855,-1046,13602,2496,-1438,13847,2589,-862,12961,4100,-941,13397,4244,-1606,13777,3244,-903,13140,2962,986,12720,3639,784,14278,3435,-338,13787,2362,357,13204,3277,431,13705,4456,-417,15097,3994,124,14016,3198,1475,13587,2993,781,15076,2997,-551,14501,3177,-356,13946,3362,-407,14173,3481,-1890,14501,2536,-1426,14086,3070,-215,13143,3863,-1166,14140,2758,-1898,13705,2609,-611,12680,3909,-681,13751,4205,-1813,13619,2893,-1353,13099,2706,562,12800,3724,745,13973,3907,-129,14071,3000,278,12882,3147,798,13613,4186,-611,14889,3593,-129,14263,3422,1113,13278,3153,659,14945,2752,-237,14841,3136,180
13718,3851,-71,14492,3812,-1580,14525,2741,-1708,14121,3062,-444,13438,3691,-1274,13948,2816,-2183,14017,2373,-664,12524,3581,-243,13502,4349,-1534,13854,3426,-1518,13292,3050,-189,12441,3704,13,13759,3541,-383,14275,3018,549,12734,3149,1131,13532,3782,-238,14693,3779,-261,14269,3916,881,13658,3800,484,14555,2603,-282,14978,2401,549,13548,3394,302,14352,3609,-1201,14787,3013,-1635,13924,3252,-764,13577,3840,-1067,14103,3340,-1956,14171,2476,-1112,12815,2825,-337,13177,3621,-1293,14049,3583,-1502,13223,3842,-733,12684,3942,-460,13706,3136,-106,13768,2961,882,13138,3419,894,13758,3368,-84,14005,2957,-376,13895,3801,533,14156,4754,158,14524,3522,2,14588,2161,1015,13779,2916,785,14397,3755,-919,14775,3125,-1449,13774,3250,-1222,13970,3476,-1395,14124,3383,-1559,14218,2994,-829,13261,2931,-542,13024,3051,-1121,13874,3033,-1341,13327,3693,-985,12971,4134,-1305,13390,3097,-561,13876,2983,1060,12861,3707,1059,13937,3670,59,13879,2648,-87,13644,3570,145,13886,4564,-210,15000,3720,-42,14128,2522,1281,13852,2696,1001
14453,3607,-529,14803,3543,-776,14256,3399,-1131,13642,3217,-1937,14250,2540,-1485,14121,2988,-673,13321,3467,-1017,13592,3064,-1125,13782,2971,-901,13105,4214,-899,13404,4001,-1682,13456,2947,-1011,13293,2451,834,12780,3485,949,14014,3969,14,13855,2902,271,13361,3592,327,13770,4503,-482,15159,3687,-69,14034,2563,1219,13603,2423,869,14852,2926,-349,14633,3442,-390,14128,3795,-526,14141,3959,-1896,14400,2898,-1690,14120,2941,-458,13178,3311,-1088,13826,2651,-1647,13549,2356,-646,12777,4060,-727,13437,4506,-1508,13680,3262,-1344,13109,2617,520,12728,3407,766,14088,3595,-140,13966,2901,268,13117,3217,709,13779,4395,-402,14844,3916,-124,14377,3288,1317,13349,3008,957,14879,2774,-408,14843,3085,-192,13622,3752,-316,14539,3897,-1601,14214,3066,-1655,14088,3063,-280,13432,3340,-870,13597,2575,-1966,14094,1918,-643,12760,3642,-522,13404,4778,-1661,14110,3503,-1561,13157,2775,83,12585,3249,384,13815,3522,-37,14499,3082,502,12844,3207,888,13547,4077,-433,14655,4019,-466,14358,3804,1096,13469,3263,1053,14427,2456,70
14840,2570,375,13791,3713,-12,14305,4234,-1479,14734,3151,-1858,13918,2830,-528,13574,3384,-763,14025,2969,-1779,14148,2128,-976,13024,3208,-459,13284,4580,-1501,14235,3966,-1709,13145,3295,-508,12474,3190,82,13694,2867,-40,13784,3053,709,13072,3398,972,13658,4062,-244,14144,3746,-523,14253,3660,665,13759,3895,577,14225,2680,-23,14894,2116,786,13767,3458,436,14517,4379,-1161,14956,3456,-1610,14058,3115,-949,13528,3119,-901,13979,3114,-1588,14261,2562,-1114,13196,3026,-711,12887,3859,-1240,14013,3775,-1387,13462,3675,-783,12582,3490,-821,13416,2556,-329,13872,2810,763,13009,3873,827,13946,4111,-169,14002,3340,-258,13961,3682,495,13973,4081,429,14573,3045,106,14155,1969,838,14011,2649,582,14441,4060,-853,14944,3875,-1000,14279,3615,-877,13463,3291,-1319,14006,2694,-1297,14030,2886,-939,13306,3112,-1027,13320,3133,-1326,13614,3257,-1145,13496,4125,-721,13125,4265,-1276,13193,3053,-885,13864,2262,778,12636,3504,956,14117,4124,-111,14065,2983,139,13342,3558,506,13885,4201,71,14868,3657,-41,14043,2692,959
13598,2576,763,14712,3591,-648,14688,3762,-739,14362,3675,-524,13669,3531,-1636,14157,2334,-1390,14067,2519,-410,13152,3412,-1150,14139,3164,-1690,13655,2876,-978,13137,4322,-720,13505,4331,-1519,13372,2965,-1174,13326,2255,484,12522,3422,791,13966,4003,-15,14033,3371,237,13083,3694,709,13836,4098,-470,14655,3481,-159,14374,2792,1196,13365,2717,930,14720,3017,-525,14882,3474,-342,14053,3978,-117,14505,3729,-1602,14145,2510,-1866,14282,2400,-426,13365,3407,-921,13665,3294,-2076,14182,2429,-1020,12677,3938,-414,13322,4770,-1310,13834,3253,-1577,13122,2405,87,12461,2786,597,13715,3377,-249,14155,3506,195,13195,3761,921,13622,4335,-114,14491,3725,-432,14698,2985,1125,13297,2797,935,14510,2568,-446,15085,2850,-156,13761,4220,100,14541,4725,-1385,14440,3142,-1769,14101,2353,-388,13203,2962,-618,13747,2819,-2065,14338,1920,-1347,12611,3401,-474,13184,5087,-1330,14372,4314,-1704,13339,3126,-267,12439,2707,256,13565,2776,-265,14233,2780,300,13203,3557,874,13479,4540,2,14484,4068,-489,14554,3678,1011,13386,3483,913
14374,2345,-80,14743,1856,158,13639,3461,205,14493,4605,-1084,14859,3860,-1725,14202,3342,-507,13456,3065,-391,13774,2892,-1638,14403,1889,-1293,13198,2537,-850,12904,4329,-1293,14273,4335,-1688,13603,3861,-575,12505,3209,-189,13322,2482,-88,13914,2504,644,13170,3599,707,13752,4146,-53,13903,3632,-396,14250,3893,731,13707,4126,762,14411,2817,263,14292,1675,660,14159,3002,431,14486,4596,-1081,14852,3986,-1516,14461,3319,-805,13365,3108,-681,13923,2662,-1144,14135,2214,-1074,13300,2941,-954,13244,3694,-1430,13836,3940,-1513,13745,4149,-749,12685,3818,-885,13218,2718,-460,13687,1905,792,12723,3408,936,13856,4421,-162,14121,3738,-186,13695,3821,451,13781,4027,250,14802,3052,119,14135,1791,970,13839,2284,840,14483,4177,-764,15059,4552,-1116,14530,4202,-789,13605,3573,-1341,14008,2187,-1121,13959,2035,-461,13150,2605,-933,13617,3339,-1829,13783,3835,-1345,13526,4684,-970,13240,4515,-1108,13164,2759,-849,13499,1476,809,12573,2711,985,13873,4195,-321,14273,3940,-284,13626,4339,594,13632,4635,-84,14773,3310,144
14350,2205,1129,13199,1934,892,14806,2940,-714,14713,3956,-767,14357,4593,-353,14209,4285,-1377,13884,2516,-1369,14128,1848,-125,13152,2783,-772,13979,3019,-2293,13983,2755,-1471,13033,4566,-787,13539,5195,-1299,13527,3574,-1221,13330,2044,592,12509,2256,755,13566,3441,-269,14346,3606,-291,13321,4198,675,13492,4620,-23,14672,3701,-26,14436,2626,1400,13130,2131,1093,14497,2360,-601,15011,3167,-639,14315,4730,-160,14362,4879,-1362,14436,3248,-1633,14152,2060,-113,13037,2635,-402,13785,2920,-2059,14401,2288,-1539,12992,4041,-709,13079,5047,-1424,14190,4026,-1509,13065,2498,158,12219,2368,668,13603,2744,-175,14320,3242,82,13293,4091,686,13404,4740,-87,14592,4122,-418,14438,3119,1137,13429,2729,1067,14216,2191,-245,15173,2397,-155,14032,4252,183,14288,4979,-1145,15054,3721,-1743,13909,2332,-493,13248,2223,-231,13544,2539,-1878,14132,2436,-1695,13461,3567,-834,12937,4973,-1286,14207,4349,-1571,13534,3115,-394,12248,2645,287,13326,2214,-332,14096,2562,75,13117,4123,788,13831,4947,196,14155,3994,-370,14226,3495,833
13702,3166,873,14150,2208,-222,14501,1579,11,14062,3315,266,14421,5383,-945,14966,4436,-1303,14422,3371,-634,13231,2458,-518,13841,2170,-1462,14064,2007,-1484,13556,2873,-1077,13172,4280,-1433,13717,4418,-1564,14064,4065,-493,12418,3481,-371,13144,2218,-446,14149,1687,304,12837,3425,653,13938,4464,22,13897,4068,-167,14196,4054,708,13705,3970,734,14546,2999,83,14276,1523,566,14082,2327,524,14254,4209,-814,14895,4423,-1183,14787,3898,-687,13425,3293,-941,13913,2452,-989,14151,2098,-747,13493,2758,-1145,13403,3413,-1684,13803,3802,-1467,13589,4482,-807,12820,4061,-784,13161,2848,-527,13470,1657,703,12986,2965,776,13913,4198,-227,14097,3842,-206,13748,3822,552,13548,4304,273,14636,3348,157,14513,1907,1004,13441,2238,824,14767,3750,-624,14982,4410,-961,14351,4098,-396,13988,3688,-1282,13860,2410,-1359,14088,2071,-400,13352,2781,-909,13799,3351,-1962,13768,3347,-1328,13238,4389,-809,13337,4563,-1198,13326,2906,-1013,13376,1663,660,12612,2771,836,13790,4232,-150,14494,3925,-177,13361,3865,796,13465,4325,43
14531,3399,-29,14717,2334,1054,13111,2060,1093,14653,3109,-592,14989,4074,-872,14375,4873,-140,14262,4203,-1107,14099,2443,-1525,14064,1794,-226,13228,2544,-702,13733,3288,-2235,14120,2943,-1650,13281,4457,-655,13197,5180,-1234,13730,3469,-1318,13289,1906,242,12267,2155,662,13599,3328,-284,14401,3709,-265,13596,4223,780,13291,4606,215,14497,3876,-222,14607,2787,1181,13289,2453,1107,14317,2432,-395,15035,2863,-417,14190,4476,105,14249,4843,-939,14761,3324,-1701,14061,2247,-565,13097,2562,-353,13881,2887,-1888,14153,2420,-1730,13227,3477,-584,13038,4756,-1243,14118,4254,-1516,13439,2760,-307,12301,2661,439,13387,2841,-324,14180,3210,-52,13270,4232,676,13471,4567,280,14109,3744,-345,14361,2991,998,13567,2855,1093,14380,2576,-200,14809,2315,-257,14164,4048,260,14340,5288,-729,14916,3997,-1441,14364,2532,-735,13081,2069,-306,13846,2519,-1712,14262,2670,-1580,13506,3597,-904,13022,4613,-1333,13826,4293,-1554,13882,3363,-476,12386,2808,-96,12821,2307,-510,14238,2223,242,13096,4100,832,13651,5176,296,14366,4075,-357
14104,3452,745,13541,3036,895,14525,2509,-58,14273,1829,66,14367,3082,299,14107,5084,-645,14928,4789,-1111,14770,3599,-678,13156,2344,-615,13853,1568,-1122,13979,1944,-1285,13564,3533,-1273,13475,4488,-1664,13636,4233,-1670,13780,4041,-528,12780,3431,-356,13058,2455,-552,13825,1312,146,12846,3200,676,13695,4978,137,14364,4299,-251,13747,3775,587,13520,3693,609,14666,2959,8,14450,1831,515,13846,2244,543,14436,4087,-612,14894,4927,-873,14595,4068,-205,13635,3122,-1001,13740,1801,-1374,14296,1743,-899,13486,3299,-1262,13667,4028,-1928,13956,3716,-1442,13272,4179,-606,13140,4043,-506,13208,2766,-859,13368,1311,340,12985,2490,514,13477,4673,-300,14483,4624,-343,13752,3988,777,13165,3977,466,14608,3036,232,14572,2033,977,13382,2122,807,14586,3247,-822,14872,4336,-904,14510,4820,-12,14075,3987,-920,13919,2436,-1580,14215,1722,-432,13397,2666,-750,13705,3490,-2155,13991,2986,-1591,13352,3951,-653,12932,4718,-893,13633,3455,-1194,13545,1898,40,12525,2463,492,13553,3954,-235,14483,4039,-258,13461,3843,882
13070,4110,350,14401,3734,-139,14741,2658,905,13336,2267,1160,14419,2903,-531,15025,3588,-840,14571,4585,100,13939,4316,-830,14351,2861,-1685,14234,1740,-590,13214,2774,-380,13732,3394,-1990,14326,2709,-1863,13284,3821,-586,12971,4727,-1184,13956,3928,-1507,13274,2183,-293,12456,2124,493,13241,3502,-212,14380,3892,-224,13852,4003,736,12937,4420,438,14336,3854,-434,14737,2712,836,13319,2641,1012,14131,2628,-141,15042,2984,-478,14315,4397,348,14148,4865,-644,14590,3391,-1710,14387,1900,-851,13223,2197,-243,13711,3231,-1811,14389,2823,-1988,13531,3683,-781,12921,4705,-1066,13767,4109,-1411,13606,2725,-440,12486,2459,-78,13072,2809,-366,14219,3000,-128,13534,4243,686,13401,4606,554,13921,3585,-134,14316,2969,571,13795,3070,901,14194,2886,-166,14699,2306,-264,14419,3743,487,14228,5165,-293,14635,4054,-1237,14610,2640,-876,13148,2206,-638,13867,2511,-1447,14114,2616,-1684,13873,3673,-1126,13104,4293,-1077,13577,3942,-1340,13864,3459,-493,12522,2929,-348,13177,2623,-663,13805,2165,-10,13304,3979,630,13749,4985,218
14077,4064,-42,13920,3250,752,13441,3218,781,14560,3165,-157,14367,2035,177,14104,2727,580,14180,4463,-369,14933,4580,-975,14691,3566,-502,13436,2514,-856,13969,2056,-1298,14063,2512,-1249,13755,3718,-1157,13698,4200,-1497,13519,3571,-1316,13558,3346,-540,12965,3333,-542,13159,3090,-1111,13721,1957,-87,13026,3453,615,13422,4963,109,14428,4078,32,13485,3070,853,13317,3131,558,14447,2997,-157,14732,2658,308,13695,3035,727,14437,4251,-484,14892,4489,-628,14481,3792,88,13903,3054,-872,13772,1628,-1630,14481,1560,-855,13394,3586,-935,13681,4405,-1947,14141,3401,-1527,13019,3653,-494,13110,3857,-489,13404,2936,-1363,13335,1938,-226,12942,2754,567,13372,4724,-3,14514,4485,-105,13616,3745,986,12961,3597,441,14383,3155,-414,14903,2499,502,13401,2548,846,14410,3286,-302,15025,3802,-622,14422,4442,469,13920,3787,-488,14028,2455,-1870,14514,1679,-1012,13362,3009,-808,13644,4107,-2074,14346,3131,-1785,13326,3683,-413,12623,4291,-696,13808,3522,-1223,13534,2230,-358,12606,2546,277,13449,3873,-248,14342,4002,-323
13805,3770,1017,12749,3815,737,14264,3621,-369,14862,2785,602,13495,2883,969,14296,3173,-142,15093,3337,-581,14483,4252,379,13739,4157,-462,14446,2924,-1549,14302,1943,-1090,13502,2935,-471,13819,3782,-1855,14224,2833,-1955,13646,3327,-579,12755,4127,-727,13790,3742,-1390,13635,2182,-510,12683,2559,118,13135,3876,-439,14287,3902,-338,13831,4020,709,12838,3908,835,13991,3246,-292,14453,2679,502,13771,3045,892,14201,3262,-5,14853,3184,-185,14629,3967,503,13900,4719,-444,14435,3221,-1375,14549,1802,-915,13270,2193,-489,13905,3417,-1630,14453,3285,-1978,13756,3636,-928,12875,4274,-809,13619,3662,-1285,13874,2618,-637,12462,2588,-311,12981,3033,-591,14089,3300,-106,13369,4368,592,13545,4522,602,13714,3493,44,14246,2766,532,13522,2765,584,14382,3333,-340,14525,2586,-33,14440,3510,659,14147,4916,-66,14556,4204,-1015,14714,2644,-690,13208,1928,-718,13894,2197,-1489,14161,2903,-1681,13985,3924,-1306,13325,4298,-1199,13296,3908,-1260,13759,3422,-431,12785,3049,-520,13128,2779,-973,13524,2011,-96,13280,3546,657
13564,4958,206,14048,4086,-98,13865,2994,620,13354,3252,498,14692,3471,-121,14771,2518,235,13906,2735,837,14412,3877,-83,14665,4372,-876,14531,3548,-356,13686,2953,-982,13761,2262,-1708,14391,2243,-1068,13637,3775,-1019,13670,4181,-1677,13733,3205,-1435,13122,3051,-492,13074,3664,-495,13336,3474,-1377,13568,2296,-205,13330,3174,634,13076,4698,109,14687,4072,-192,13625,3046,858,12821,3139,535,14561,3343,-359,14697,3192,407,13901,3111,997,14336,3702,-129,14608,3886,-742,14686,3674,82,13529,3174,-764,14006,2284,-1907,14628,1852,-991,13473,3581,-663,13716,4505,-1908,14337,3249,-1669,13210,3181,-413,12713,3563,-515,13631,3204,-1415,13498,2360,-578,12766,2737,542,13160,4346,53,14271,4397,-230,13927,3523,875,12850,3410,680,13954,3228,-510,15090,2611,498,13506,3174,1035,14252,3605,5,15226,3492,-645,14448,4232,337,13939,3911,-284,14252,2847,-1909,14403,1578,-1142,13583,2580,-401,13513,4075,-1676,14392,3173,-1989,13572,3294,-488,12516,4125,-617,13851,3794,-1588,13605,2438,-758,12622,2575,299,13050,3668,-45
14242,3944,-200,13951,3790,804,12924,3914,921,13998,3695,-502,14739,2955,354,13685,3122,1035,14013,3036,248,14979,2767,-338,14553,3663,440,13975,4326,-341,14379,3626,-1635,14641,2326,-1256,13613,2527,-508,13508,3449,-1442,14361,2885,-1828,13686,2996,-836,12530,4044,-782,13572,4131,-1446,13898,3102,-839,12761,3008,-192,12784,3267,-306,14244,2981,-143,13699,3589,669,13123,3875,655,13861,3516,-327,14275,3325,256,13967,3475,822,14077,3529,207,14721,2610,58,14599,3045,657,13844,4324,-223,14621,3713,-1315,14481,2627,-1109,13528,2697,-627,13822,3216,-1220,14124,2960,-1645,13968,3057,-1086,12946,3784,-988,13485,3577,-1453,13782,3181,-869,12875,3143,-422,13001,3475,-564,13788,2798,-44,13652,3544,856,13389,4215,481,13908,3461,-165,14119,2921,200,13453,3481,457,14491,3805,-20,14622,2768,332,14145,2841,1068,14166,4120,-6,14637,4052,-1110,14528,2954,-805,13534,2598,-945,13969,2759,-1538,14110,2972,-1242,14102,3352,-953,13321,3987,-1247,13397,3394,-1286,13934,3060,-710,12652,3472,-679,13359,3424,-1245,13526,2388,-147
13232,3383,854,13278,4434,352,14270,3970,-165,13771,3107,544,13092,3427,364,14504,3877,-281,14674,3013,332,13980,2624,1289,14303,3344,209,14590,3766,-759,14780,3570,-379,13705,3354,-993,14118,2851,-1958,14168,2334,-1145,13805,3433,-718,13714,3841,-1699,13570,2981,-1270,13641,2998,-545,12664,3861,-725,13555,3804,-1564,13503,2785,-489,12931,2981,724,13072,3999,299,14281,3788,-186,13905,3029,798,12909,3435,473,14290,3709,-581,15062,3322,290,13566,3073,1292,14280,3259,137,14844,3307,-647,14631,3693,43,13851,3711,-640,14260,3348,-2125,14362,2306,-1191,13406,3250,-271,13675,3954,-1668,13958,2718,-1757,13465,2532,-481,12610,3640,-724,13734,4115,-1724,13822,2824,-830,12715,3075,459,12997,4122,205,14336,3866,-186,13880,3183,834,12865,3203,826,13940,3625,-733,15000,3282,107,13743,3629,977,13933,3487,290,14937,3014,-492,14482,3494,466,13705,3708,-165,14359,3146,-1753,14577,2100,-1426,13710,2935,-545,13530,4055,-1608,14313,3144,-2097,13690,2792,-531,12479,3796,-479,13775,3882,-1546,13819,2652,-1052,12928,3047,-116
12725,3716,-167,14323,3398,-82,13629,3669,919,12913,3636,1010,13923,3386,-555,14331,3186,-93,14181,3539,852,13881,3595,242,14675,2746,-170,14701,3138,797,13646,4225,85,14649,3593,-1551,14682,2486,-1513,13636,2737,-738,13836,3390,-1294,14243,2900,-1710,13659,2698,-703,12803,3563,-526,13571,3970,-1460,13842,3317,-1124,13049,3212,-602,12810,3630,-603,14002,2957,-103,13660,3472,1027,12973,3929,1012,13993,3621,-203,14241,3227,19,13681,3733,500,14301,3863,150,14496,2456,145,14480,2314,836,13754,3690,97,14679,4091,-1146,14788,3202,-1165,13725,2874,-858,13760,3077,-1342,14113,2929,-1509,14051,2870,-938,12953,3382,-914,13414,3647,-1308,14080,3559,-914,12909,3640,-707,12932,3458,-880,13613,2160,-90,13557,2923,857,13171,4181,526,14098,3938,-297,13837,3297,151,13580,3852,471,14538,4264,202,14579,2568,470,14069,1823,1200,13959,3289,17,14651,4333,-1163,14937,3938,-1008,13691,3506,-1058,13843,3082,-1411,14291,2429,-856,13920,2561,-584,13210,3085,-1313,13573,3074,-1502,13755,3583,-1133,12913,4328,-652,13446,3899,-1181
13440,2484,-281,13327,2601,887,13056,3940,342,14316,3938,-310,13846,3148,373,13058,3700,408,14375,4239,-130,14839,3175,578,13762,2269,1477,14052,2751,88,14655,3605,-1122,14920,4064,-538,13722,3630,-753,14052,3059,-1705,14317,2329,-828,13719,2871,-335,13579,3432,-1751,13832,3089,-1817,13755,3400,-827,12885,4318,-907,13455,3979,-1408,13528,2355,-414,13056,2377,829,12973,3668,347,14313,3982,-454,13811,3434,440,12927,3786,485,14061,4131,-549,14898,3130,468,13809,2524,1412,13952,2660,421,14998,3039,-725,14648,3987,-91,13906,4334,-544,14315,3773,-1841,14308,2234,-1206,13785,2540,-84,13581,3300,-1434,13949,2578,-2038,13759,3021,-664,12598,4464,-804,13676,4538,-1554,13549,2861,-798,12730,2652,461,13089,3151,184,14028,3258,-234,14085,3334,590,12996,3747,639,13948,4245,-677,14776,3616,179,13968,3146,1453,13891,2675,581,14750,2382,-369,14852,3281,145,13835,4545,-413,14428,4158,-1804,14676,2745,-1365,13192,2765,-159,13699,3154,-1026,14159,2546,-2024,13698,2675,-955,12854,3915,-945,13539,4680,-1866,14036,3546,-944
12864,2909,211,12720,2837,-15,14000,2710,-234,13960,3404,737,13178,4014,603,13709,4086,-654,14592,3676,-51,13864,3711,993,13871,3308,677,14528,2117,-59,14422,2707,537,13952,4192,-118,14497,4375,-1516,14789,3066,-1451,13749,2694,-644,13575,2992,-975,14198,2796,-1692,13902,2801,-993,12956,3701,-888,13438,4133,-1673,14193,3539,-1066,12896,3387,-351,12842,3276,-451,13810,2422,-171,13426,3366,925,13219,4305,666,13943,4082,-434,14027,3279,-124,13771,3819,686,14132,3926,339,14753,2112,232,14100,2026,929,13910,3641,108,14980,4425,-1360,14764,3711,-1198,13858,3255,-1079,13955,2976,-1168,14118,2549,-1208,13920,2682,-733,13048,3322,-935,13458,3741,-1562,13700,3644,-1067,13106,3939,-682,12850,3685,-1108,13605,2309,-341,13465,2910,1002,12867,4184,778,14378,3933,-92,13744,3119,207,13501,3680,373,14285,3927,-35,14793,2879,256,14037,2276,1077,14163,3252,140,14565,4217,-943,14777,3951,-613,14043,3552,-862,13558,2945,-1515,14306,2030,-1021,13816,2733,-598,13176,3582,-1454,13872,3233,-1656,13573,3689,-970,12987,4276,-644
13641,3941,-1252,13293,2450,-461,13453,2179,945,12785,3613,643,14329,4087,-269,14088,3169,347,12918,3751,444,14312,4236,-361,14901,3345,267,13809,2529,1319,13922,2642,398,14619,3335,-808,14579,3957,-349,13832,3740,-577,14215,3458,-1858,14225,2378,-1153,13953,2864,-346,13382,3530,-1537,13839,3002,-1876,13891,2923,-781,12584,4112,-821,13659,4017,-1242,13751,2580,-634,12885,2683,556,12946,3758,257,14186,4041,-377,13982,3415,433,12797,3518,707,13973,4027,-395,14945,3238,400,13877,2688,1514,13757,2868,463,14940,3163,-706,14755,3782,-181,13730,4048,-446,14300,3464,-1728,14573,2174,-1215,13778,2730,-82,13654,3573,-1410,14020,2803,-2103,13696,2856,-757,12684,4333,-693,13581,4401,-1625,13645,2785,-916,12766,2569,368,12879,3281,189,14120,3489,-281,13784,3480,520,13139,3599,942,13547,4164,-514,14839,3323,150,14156,2903,1217,13518,3017,604,14937,2502,-305,14896,3458,163,13517,4393,-358,14628,4037,-1676,14637,2701,-1292,13576,2629,-168,13686,3240,-981,14009,2631,-1999,13934,2492,-1061,12607,3815,-773,13599,4619,-1702
13930,3422,-916,13010,2885,111,12653,3083,-3,14076,2801,-253,13986,3361,509,13012,3866,698,13842,3958,-411,14437,3599,-14,13987,3665,965,14045,3481,511,14460,2265,108,14636,2365,680,13641,3830,-59,14456,4156,-1454,14924,3167,-1307,13764,3017,-688,13588,3010,-1016,14186,2706,-1581,14002,2748,-1095,12951,3477,-900,13410,3972,-1557,13967,3662,-1173,13091,3572,-500,12917,3460,-447,13672,2471,-65,13572,3046,790,13114,4114,657,13923,3752,-338,13861,3139,-115,13629,3753,582,14393,4002,295,14595,2526,328,14193,2021,1005,14032,3565,223,14731,4502,-1291,14730,3756,-1176,13739,3209,-999,14060,2906,-1236,14073,2468,-1152,13992,2667,-761,13159,3363,-1246,13444,3814,-1562,13800,3738,-1177,13154,3942,-708,13055,3526,-1119,13389,2381,-203,13580,2645,1132,12775,4094,662,14144,4100,-296,14123,3325,109,13253,3978,319,14279,4107,-47,14869,2782,379,13856,2038,1394,14007,2912,274,14717,4044,-1020,14907,4170,-727,13881,3711,-965,13861,3073,-1671,14392,2084,-903,13719,2601,-341,13056,3353,-1526,13845,3172,-1764,14064,3565,-970
12614,4520,-961,13604,3849,-1305,13561,2556,-431,12837,2446,885,13239,3319,606,14124,3918,-253,13991,3314,342,13302,4129,266,13965,4613,-417,15278,3195,317,13503,2302,1504,13884,2503,520,14839,3255,-719,14734,3909,-380,13852,4087,-706,14250,3781,-1919,14384,2384,-1255,13680,2643,-183,13415,3000,-1300,13829,2684,-1880,13710,3031,-757,12863,4603,-884,13567,4458,-1624,13820,2708,-843,12791,2517,698,12888,3296,453,14265,3607,-427,13865,3281,423,13031,3895,622,13752,4593,-541,15142,3316,256,13751,2684,1496,13494,2583,662,15289,2690,-617,14446,3714,-144,14125,4305,-492,14442,3959,-1706,14406,2854,-1222,13906,2704,-44,13277,3089,-1248,13912,2449,-2033,13848,2630,-843,12971,4317,-805,13367,4650,-1703,14002,2820,-955,12940,2552,300,12427,3360,226,14183,3161,-345,13980,3313,297,12873,3686,835,13922,4372,-359,14653,3889,222,14206,3282,1276,13543,2767,761,14761,2148,-380,14755,3025,180,13917,4279,-248,14509,4190,-1702,14793,2966,-1201,13765,2798,-170,13513,3461,-951,14165,2350,-1977,13861,2335,-1061,12503,3706,-652
13983,4533,-1630,13726,3592,-1100,12993,2847,-163,12713,3211,-60,13718,3033,-219,14129,3198,527,12748,3778,668,13816,4044,-330,14434,3585,1,13898,3507,865,13908,3398,474,14466,2124,122,14760,2657,657,13693,4282,31,14924,4496,-1573,14643,3200,-1274,13781,2695,-531,13491,2773,-879,13967,2605,-1549,14259,2471,-1243,12811,3616,-1077,13730,4461,-1561,13944,4025,-1115,13020,3402,-472,12878,3070,-653,13268,2126,-74,13878,2808,720,12915,4230,497,14076,4087,-170,14154,3458,24,13420,3939,635,14395,3859,320,14448,2301,136,14188,1797,927,13968,3332,313,14644,4646,-1117,14951,4001,-1067,13923,3507,-833,13649,2948,-1188,14078,2355,-1090,13882,2411,-848,13249,3299,-1362,13367,3581,-1565,14123,3763,-1036,12848,4375,-587,13126,3741,-1079,13631,2315,-373,13082,2418,886,12969,3503,605,14189,4037,-339,14011,3540,237,13442,4044,417,14084,4428,-6,14804,2875,385,13897,1862,1350,13861,2512,392,14553,3818,-910,15033,4092,-755,13888,4081,-895,14046,3498,-1604,14288,2353,-1046,13765,2656,-299,13166,2923,-1370,13707,3021,-1816
13865,3415,-1076,12993,4427,-935,13528,4173,-1345,13539,2718,-597,13153,2342,985,12831,3450,526,14118,3766,-410,13953,3222,257,13199,4030,385,14047,4536,-388,15011,3279,410,13836,2380,1500,13730,2495,597,14772,3099,-725,14733,3871,-486,13970,4111,-716,14309,3956,-1855,14342,2556,-1186,14037,2407,77,13249,3048,-1162,13661,2717,-2151,14119,2816,-959,12737,4587,-1010,13503,4622,-1543,13872,2797,-979,12726,2532,678,12909,3139,526,13987,3494,-306,13884,3347,168,13308,3825,712,13609,4827,-498,14968,3690,159,14205,2563,1520,13291,2248,866,14769,2248,-515,14902,3430,-209,13830,4476,-537,14576,4320,-1674,14482,3049,-1390,13904,2640,-26,13622,2871,-791,13643,2171,-2083,14078,2195,-1014,12914,4420,-777,13499,5386,-1795,13955,3675,-1234,12846,2719,249,12453,2719,363,13783,2738,-224,14036,2980,371,13026,3473,568,13733,4620,-481,14583,4447,-141,14446,3670,1276,13303,2664,900,14553,1645,-120,14852,2436,174,13921,4259,-381,14609,4676,-1654,14685,3599,-1397,13828,3331,-190,13549,3084,-606,13827,1911,-1612,13791,1739,-1241
12787,3520,-924,13817,4946,-1716,13838,4115,-1409,13232,3274,-268,12625,3105,-106,13582,2606,11,13968,2660,608,13033,3430,565,13707,4062,-364,14418,4093,-263,14047,4326,795,13986,3740,535,14386,1916,289,14379,1725,816,13787,3463,174,14661,4665,-1504,14830,3769,-1369,14053,3306,-701,13546,3128,-789,14129,2663,-1239,14160,2023,-992,12912,3131,-1070,13489,4197,-1620,14265,4035,-1414,13040,3990,-662,12804,3410,-614,13547,2139,21,13469,2484,993,12904,3727,588,14204,4094,-379,13969,3980,-185,13669,4257,555,14244,3959,385,14233,2284,434,14211,1327,1145,13957,2973,289,14422,4614,-1422,15363,4344,-1239,13960,4045,-745,13856,3245,-1044,14080,2132,-934,13843,1818,-574,13191,2685,-1331,13365,3651,-1860,14195,4240,-1498,13170,4937,-798,13125,4261,-973,13499,2222,-266,13189,1551,1160,12824,2707,722,14051,3728,-580,14212,3873,-22,13520,4852,334,14016,5068,2,14961,3163,447,13901,1584,1502,13781,1715,645,14567,3079,-1017,15066,4150,-983,14027,4575,-879,14093,4490,-1527,14149,2892,-865,13772,2260,-48,13099,2230,-1144
13602,2458,-2103,14035,3073,-1304,13112,4753,-1150,13284,4901,-1323,13598,2982,-599,13177,2336,1023,12507,3019,785,14275,3350,-430,14146,3247,-45,13247,4160,363,13988,4838,-429,14764,3720,323,13900,2438,1739,13456,2013,1007,14677,2679,-740,14815,3538,-731,14156,4386,-820,14227,4601,-1760,14290,2817,-1215,14121,2518,176,13015,2645,-750,13856,2360,-2021,13918,2785,-1110,13166,4700,-1026,13625,4908,-1737,13565,3192,-1203,13205,2462,592,12488,2798,604,13859,3179,-229,14021,3276,223,13102,4091,709,13797,4897,-519,14697,3849,2,14328,2736,1416,13053,2192,968,14809,2043,-458,14878,2925,-292,13918,4665,-460,14798,4885,-1561,14545,3611,-1450,13835,2551,-82,13299,2309,-696,13691,1739,-1896,13985,2226,-1165,13048,4461,-881,13698,5667,-1949,13767,4161,-1496,13141,2768,205,12308,2576,366,13631,2239,-26,14231,2510,418,12861,3719,674,13992,4968,-402,14542,4842,-378,14241,3963,1106,13614,2715,1084,14298,1175,152,14761,1742,206,13913,3983,-357,14766,5136,-1816,14702,4401,-1444,13975,3520,-186,13508,2950,-394,13586,1636,-1305
14089,1149,-1149,12825,3129,-1165,13664,5134,-1956,14062,4764,-1690,13121,4167,-268,12639,3221,28,13388,1895,155,13856,2066,716,12878,3247,592,14041,4158,-471,14351,4383,-455,13971,4775,760,14176,4054,762,14032,1990,384,14428,1103,883,13900,2860,176,14625,4562,-1590,15103,4075,-1463,14014,3964,-563,13484,3668,-760,14089,2361,-1013,13968,1293,-747,12752,2586,-1173,13834,4124,-1885,14347,4569,-1758,12994,4386,-791,13113,3471,-610,13119,2233,2,13440,1862,1222,13020,3100,747,13876,4259,-638,14387,4036,-467,13673,4731,337,13843,4509,395,14588,2308,637,13874,913,1546,13815,2115,526,14680,4141,-1425,15339,4675,-1609,14190,4541,-869,13876,4001,-1129,13989,2449,-780,14025,1452,-180,12895,1926,-1150,13377,3153,-2009,14548,4086,-1581,13041,4965,-1195,13189,4531,-1247,13482,2651,-391,13148,1886,1277,12860,2727,859,13916,3632,-581,14317,3569,-245,13428,4548,334,13971,5080,128,14848,3349,474,13877,1788,1625,13498,1748,705,14663,3086,-1115,15219,3946,-1259,14209,4398,-652,14184,4445,-1314,14074,2998,-910,14056,2131,-2
13017,2070,-947,13399,2544,-2140,14375,3018,-1417,13128,4854,-1269,13246,5148,-1419,13854,3044,-704,12864,2271,965,12724,2729,882,13970,3269,-353,14013,3334,-33,13485,3937,407,13701,5035,-437,14740,3800,235,14220,2372,1599,13242,1946,1043,14676,2404,-684,15020,3301,-635,14190,4579,-727,14475,4673,-1432,14448,3143,-1350,13864,2696,117,13301,2345,-624,13599,2062,-2087,13784,2486,-1227,13430,4515,-1062,13423,5553,-1872,13788,3680,-1171,13255,2483,505,12147,2638,614,13834,2685,-169,13900,2844,232,13269,3696,562,13836,4863,-511,14625,4501,-151,14588,3508,1425,13018,2505,1073,14575,1695,-247,14693,2377,-86,14171,4183,-452,14626,4824,-1511,14641,3703,-1320,13990,2964,-102,13204,2925,-596,13781,2037,-1850,13732,1816,-1283,13035,3716,-897,13869,4986,-1753,13852,4030,-1367,13279,3048,-71,12381,3267,70,13609,2856,-174,14078,2795,515,12874,3730,639,14067,4314,-240,14464,4118,-171,13960,3610,1078,13782,3146,769,14109,2183,-42,14755,2225,264,13928,3842,-213,14475,4675,-1550,15233,3682,-1211,13686,3131,-303,13374,2950,-689
14060,2414,-103,13198,2623,-928,13531,2634,-2139,14041,2936,-1224,13253,4538,-1000,13319,4930,-1534,13695,3060,-1093,13184,2340,562,12365,2782,833,13839,3318,-249,14134,3286,31,13043,3919,679,13876,4767,-262,14723,3980,-49,14274,2766,1356,13226,1982,919,14529,2411,-537,15027,3180,-478,14085,4287,-465,14557,4722,-1358,14486,3481,-1416,14049,2843,-92,13187,2424,-676,13633,1927,-1950,13888,2149,-1176,13178,4175,-946,13376,5382,-1806,13765,3910,-1353,13364,2664,317,12206,2573,537,13541,2824,-220,14189,2712,214,13249,3726,567,13674,4824,-343,14767,4401,-281,14387,3624,1285,13193,2702,1183,14526,1965,-62,14697,2394,-74,14274,3942,-379,14395,4552,-1528,14794,3621,-1360,13891,3130,-122,13239,2930,-301,13894,2003,-1588,13856,1801,-1501,13240,3624,-1099,13610,5152,-1831,13945,4336,-1545,13283,3339,-192,12389,2918,273,13509,2353,100,13771,2584,533,13261,3631,490,13863,4477,-427,14281,4184,-435,14169,3811,936,13646,3352,909,14274,1821,276,14449,1755,458,13928,3582,-117,14850,4931,-1696,14877,4298,-1526,14079,3551,-387
13457,2944,-436,13799,2149,-1045,13957,1564,-1125,13127,2939,-1129,13405,4576,-1907,14072,4484,-1770,13548,4070,-562,12464,3379,-419,13304,1835,-77,13690,1970,1005,12753,3456,614,14177,4494,-513,14081,4268,-447,14166,4428,568,13813,4228,682,14418,2325,411,14217,1249,921,13597,2534,437,14840,4153,-1460,14930,4492,-1391,14350,4346,-570,13752,3679,-826,13783,2040,-862,14149,1516,-630,12830,2494,-1346,13675,3556,-1988,14089,4121,-1746,13078,4850,-890,13413,4352,-904,13143,2651,-334,13553,1507,1044,12637,2924,845,13936,4189,-505,14248,3684,-265,13456,4250,439,14035,4723,147,14600,3239,440,14080,1572,1416,13426,1999,635,14727,3422,-1109,15070,4137,-1295,14281,4616,-428,14132,4317,-1127,14004,2859,-938,14037,1806,-90,13095,2097,-1023,13383,2838,-2134,14274,3246,-1452,13090,5079,-1143,13331,5083,-1321,13717,3226,-750,12914,1833,946,12761,2475,973,13671,3478,-205,14295,3269,-182,13299,4029,506,13700,5142,-234,15114,4224,14,14093,2709,1468,13250,1956,1034,14556,2459,-655,14994,3319,-815,14148,4309,-500,14292,4538,-1371
14396,3574,-1504,13913,2729,3,13398,2373,-653,13350,2229,-2073,14029,2452,-1239,13343,4323,-989,13067,5347,-1725,14173,3644,-1253,13185,2467,496,12307,2592,876,13763,2956,-56,14152,2938,144,13145,3534,625,13696,4806,-437,14952,4437,-466,14393,3476,1267,13227,2313,1244,14472,2163,-228,14794,2706,-255,14086,4094,-395,14448,4795,-1342,14657,3463,-1583,14086,2888,-235,13166,2693,-369,13831,1953,-1748,13799,1838,-1206,13158,3941,-869,13634,5348,-1858,13983,4363,-1782,13363,2929,92,12315,2450,676,13535,2415,140,13974,2607,456,13181,3733,476,13687,4966,-472,14699,4729,-559,14365,3777,1086,13168,2703,1271,14169,1326,381,14737,1608,258,14052,3634,-351,14556,4957,-1669,15224,4414,-1724,14082,3802,-345,13386,3165,-297,13818,1878,-1230,13843,1190,-952,13111,2789,-974,13674,5047,-1823,14034,4796,-1895,13610,3926,-429,12340,3324,63,13293,2102,39,13793,2133,733,13075,3062,731,13879,4148,-302,14058,4324,-577,14402,4461,715,13789,4155,886,14055,2093,410,14653,1276,798,13766,2812,286,14807,4549,-1526,15035,4076,-1576
14364,3942,-652,13474,3632,-518,13954,2425,-932,14030,1485,-720,12945,2363,-1034,13524,3911,-2026,14018,4300,-1989,13468,4465,-785,12639,3953,-605,13421,2441,-114,13632,1784,1013,12518,3169,874,14216,4268,-539,14034,3889,-374,13935,4206,579,13830,4279,436,14499,2883,397,14248,1284,1107,13610,2296,662,14702,4117,-1391,15167,4460,-1540,14478,4207,-516,13643,3730,-944,13929,2350,-839,14161,1600,-273,12856,2311,-1096,13614,3333,-2100,14334,4035,-1717,13145,4909,-1117,13364,4501,-1054,13049,2786,-548,13381,1454,1071,12643,2467,1110,13672,3729,-419,14594,3732,-429,13312,4469,457,13935,4980,59,14623,3744,200,14208,1874,1408,13371,1674,946,14424,2888,-767,15343,3740,-1155,14193,4417,-582,14366,4613,-1205,13989,2966,-1158,14133,2114,-40,13149,2296,-746,13327,2555,-2195,14456,2894,-1603,13107,4812,-1169,13258,5037,-1293,13558,3255,-971,13019,2139,707,12670,2409,923,13565,3436,-375,14283,3435,-455,13431,4028,480,13541,5004,16,14684,3975,125,14507,2311,1563,13019,1819,1235,14453,2453,-626,15241,3315,-910,14153,4726,-702
14563,4852,-1316,14406,3612,-1220,13989,2494,200,13318,2194,-341,13235,2002,-1858,14208,1946,-1560,13373,4394,-1200,13282,5741,-1783,14041,4096,-1444,13166,2612,326,12289,2314,835,13555,2649,-7,14012,2690,6,13531,3597,505,13445,4957,-230,14873,4938,-447,14381,3698,1198,13323,2618,1171,13993,1875,-49,14868,2245,-104,14360,3919,-387,14147,4584,-1355,15129,3692,-1511,13693,3391,-299,13636,3240,-356,13571,2166,-1518,13774,1591,-1349,13442,3141,-937,13409,5100,-1780,13959,4315,-1760,13465,3304,-320,12415,3032,237,13340,2699,-29,14017,2799,527,13280,3406,574,13483,4187,-101,14397,4107,-410,14321,4130,730,13552,3361,894,14295,2115,180,14407,1910,646,14046,3309,193,14527,4815,-1338,14955,3773,-1487,14552,3246,-572,13142,3307,-530,14209,2796,-1349,13914,1948,-1105,12973,2748,-875,13608,4261,-1461,13753,4162,-1739,13751,3942,-775,12359,3534,-557,13517,2558,-256,13622,2342,906,12799,3427,883,14206,4207,-87,13569,3871,-181,14445,3922,634,13503,3972,425,14557,2822,45,14485,1437,942,13623,2947,660,14769,4531,-1140
14879,4146,-1323,14542,3708,-442,13369,3331,-753,14091,2467,-1118,14193,1766,-679,12942,2463,-1026,13514,3705,-1799,14003,4304,-1656,13510,4516,-777,12839,4052,-923,13271,2494,-491,13756,1501,907,12485,3049,993,14050,4063,-324,14258,3938,-299,13533,4209,548,13780,4531,284,14752,3301,286,14309,1657,1117,13348,1779,975,14536,3322,-747,15003,4112,-1302,14264,4152,-536,14035,4176,-1213,13810,2924,-1144,14325,1916,-222,13141,2296,-863,13445,2946,-2093,14298,3320,-1531,13049,4860,-1128,13377,4922,-1143,13433,3047,-809,13405,1860,838,12457,2474,1013,13705,3384,-322,14317,3344,-523,13213,4015,407,13924,4966,-2,14437,4004,51,14600,2432,1383,13203,1784,1273,14416,2762,-448,15174,3336,-909,14313,4487,-681,14469,4696,-1418,14103,3197,-1456,14272,2459,24,13206,2291,-347,13435,2317,-1895,14041,2417,-1466,13379,4664,-1242,13247,5254,-1708,13700,3558,-1365,13087,2273,604,12596,2404,1064,13397,2995,-24,14232,3165,-225,13564,4102,259,13374,5156,-338,14689,4360,-228,14458,2710,1479,13226,1758,1448,14284,1841,39,14938,2923,-540
14412,4695,-760,14386,4796,-1541,14593,3782,-1514,13828,2639,-28,13629,2086,-206,13463,1806,-1579,13855,1792,-1444,13636,4288,-1204,13268,6085,-2018,14071,4470,-1710,13170,2641,101,12213,2254,781,13603,2240,47,13922,2605,21,13329,3877,117,13690,5204,-351,14478,5006,-433,14300,3810,1280,13525,2445,1427,14093,1455,180,14601,1688,170,14303,3747,-442,14422,5416,-1721,15041,4533,-1524,14289,3581,-159,13164,2624,-92,13862,1751,-1268,13729,1324,-1360,13290,2920,-1244,13531,5297,-2020,13959,5126,-1945,13599,3841,-240,12127,2998,391,13344,2113,174,13742,1874,528,13136,3344,186,14057,4752,-577,14017,4681,-551,14251,4463,1000,13488,3593,1043,14330,1787,345,14229,1182,569,14142,2947,165,14792,5046,-1662,14844,4715,-1788,14462,3953,-389,13155,3516,-320,13951,2130,-928,14014,1022,-658,12930,2366,-1064,13679,4453,-2045,14124,4965,-2201,13408,4549,-922,12640,3476,-404,13329,2067,68,13510,1568,1105,12838,2924,737,14236,4389,-764,14043,4510,-753,14244,4639,611,13438,4588,650,14549,2691,462,14191,927,1290,13385,1926,861
7,4113,-1306,15178,4783,-1760,14511,4642,-557,13606,3895,-767,13901,2409,-902,14193,1286,-374,12893,1756,-940,13618,3242,-2058,14395,4297,-1935,13406,5262,-1241,12894,4756,-966,13325,2904,-484,13494,1389,1279,12474,2338,1295,13754,3554,-504,14471,3813,-656,13546,4682,309,13612,5115,124,14603,3615,235,14234,1607,1521,13210,1282,1304,14666,2910,-703,15123,4211,-1431,14530,4772,-757,14160,4632,-1142,13912,3105,-1070,14406,1874,37,13027,1819,-384,13291,2329,-2039,14409,3062,-1864,13490,5230,-1458,13190,5464,-1435,13401,3245,-1005,13213,1651,901,12340,1962,1425,13526,2887,-21,14448,3433,-702,13643,4441,138,13690,5475,-247,14561,4217,53,14557,2305,1613,13058,1414,1538,14277,2007,-118,15251,3133,-865,14493,4819,-817,14250,5205,-1505,14421,3782,-1409,13882,2465,87,13163,1857,-69,13424,1703,-1734,13929,2032,-1698,13620,4445,-1212,13466,5953,-1876,13574,4484,-1502,13512,2191,464,12119,2148,1096,13308,2551,215,14637,2511,-169,13173,4057,123,13817,5182,-301,14513,4935,-363,14320,3361,1410,13320,1918,1522,13974,1563,249
14976,2247,-217,14373,4267,-602,14413,5188,-1635,14640,4179,-1547,14080,3139,-27,13379,2430,-57,13492,1705,-1398,14024,1309,-1564,13497,3618,-1194,13496,5566,-1986,13982,4692,-1932,13274,2997,-120,12450,2482,689,13172,2361,261,13893,2498,256,13423,3835,115,13621,4987,-408,14358,4572,-522,14104,3769,1147,13570,2923,1274,14035,1828,319,14456,1570,194,14435,3500,-255,14532,5330,-1619,15258,4389,-1497,14177,3464,-125,13249,2895,-191,14057,1733,-1215,13790,1230,-1218,13137,3112,-1275,13826,5038,-1950,14033,5022,-2015,13361,3929,-696,12585,2906,-94,12992,2124,43,13595,1833,795,13144,3239,509,13792,4702,-425,14351,4540,-462,14115,4295,737,13475,3673,847,14486,2157,250,14207,1226,707,14088,2693,255,14698,4767,-1388,15185,4830,-1474,14315,4251,-264,13441,3451,-446,13786,2072,-1037,13936,1233,-806,13213,1991,-1364,13554,4024,-2027,14108,4853,-1808,13405,4779,-898,12954,3939,-653,13230,2420,-287,13566,1399,1023,12766,2738,769,14051,4159,-704,14325,4173,-613,13714,4645,603,13708,4705,547,14652,3265,315,14077,1364,1139
13515,1577,690,14595,3475,-1064,15194,4395,-1590,14460,4460,-439,13748,4308,-804,13959,3022,-921,14157,1851,-356,13135,1941,-940,13467,2991,-2276,14368,3469,-1734,13385,4866,-1197,12858,4807,-1045,13660,2983,-701,13208,1962,879,12509,2646,985,13829,3439,-555,14112,3549,-664,13573,3906,486,13611,4784,186,14405,3901,95,14572,2302,1315,13034,1999,1255,14518,2992,-616,15320,3559,-1112,14289,4204,-689,14186,4306,-1166,14234,3280,-1296,14254,2721,-224,13135,2345,-540,13445,2227,-2018,14155,2651,-1460,13547,4449,-992,13231,5029,-1703,13416,3452,-1374,13434,2378,534,12349,2902,1048,13440,3459,-77,14466,3139,-146,13322,3677,543,13472,4746,-20,14598,4014,-229,14633,2851,1056,13026,2135,1157,14393,2510,-198,15166,3113,-439,14358,4214,-404,14326,4425,-1165,14322,3499,-1406,14212,2862,-245,13335,2569,-406,13570,2180,-1732,14024,1966,-1351,13516,4110,-848,13362,5590,-1704,13673,4178,-1774,13514,2450,-29,12160,2536,755,13495,2965,167,14139,2596,142,13428,3459,501,13463,4591,-57,14550,4598,-351,14403,3604,1047,13415,2905,1062
14212,2126,172,14825,2007,272,14288,3580,-105,14349,4691,-1414,14809,3976,-1632,14202,3424,-410,13189,3141,-235,13991,2344,-1396,13867,1725,-1330,13336,2825,-867,13465,4450,-1586,13689,4537,-1726,13708,3669,-505,12419,3270,152,13298,2571,84,13912,2364,525,13140,3352,392,13873,4193,-238,13915,3958,-342,14292,4010,847,13781,4013,933,14192,2623,220,14476,1761,632,14032,3148,627,14780,4353,-1281,14770,3765,-1675,14206,3548,-705,13663,3513,-582,13657,2739,-1115,14049,1958,-904,13187,2565,-1022,13684,3941,-1524,13849,4102,-1771,13514,3956,-979,12724,3522,-714,13099,2818,-319,13766,2272,902,12839,3543,859,14013,4223,-251,14174,3591,-265,13832,3901,658,13638,4112,359,14613,3115,-40,14147,1823,899,13586,2453,864,14808,4198,-842,15028,4311,-1421,14488,3789,-606,13449,3480,-990,14131,2570,-1171,14188,1738,-492,12840,2604,-873,13643,3605,-1736,14503,3874,-1676,13047,4636,-1016,12998,4073,-1090,13533,2721,-801,13132,1834,943,12742,2890,1163,13790,4056,-369,14156,3879,-436,13816,4140,648,13425,4711,138,14884,3685,-71
2,1811,1085,13146,1891,1067,14673,3153,-465,15242,3927,-1111,14364,4342,-498,13888,4354,-1203,14171,3113,-1394,14315,2087,-321,13041,2330,-597,13444,2626,-2023,14305,2943,-1480,13129,4458,-931,12954,4895,-1288,13829,3412,-1211,13216,2283,630,12635,2790,1101,13604,3430,-250,14526,3219,-647,13365,3596,728,13360,4839,333,14623,4189,-90,14633,2696,1067,13159,2165,1191,14442,2726,-419,15384,3452,-844,14289,4290,-574,13982,4269,-1233,14403,3393,-1399,14152,2717,-130,13247,2514,-193,13469,2494,-2057,14227,2429,-1704,13532,3894,-949,13009,5105,-1616,13627,3655,-1458,13797,2163,238,11963,2698,973,13543,3585,-128,14695,3232,-512,13255,3550,483,13344,4269,213,14344,4201,-248,14654,3271,987,13367,2427,1168,13904,2607,-149,15220,2938,-315,14560,4117,-291,13977,4447,-1245,14631,3246,-1514,14431,2850,-362,13165,2819,-278,13689,2463,-1859,14092,2035,-1723,13673,3602,-837,13151,4945,-1466,13750,4239,-1865,13756,2796,-487,12115,2675,463,13271,3004,120,14105,3028,45,13463,3723,346,13500,4305,122,14110,4069,-205,14442,3479,759
13617,3105,787,13945,2448,-34,14700,2148,325,14459,3600,284,14419,4748,-1054,14662,3619,-1431,14447,2822,-552,13233,3012,-363,13958,2935,-1428,14025,2278,-1564,13421,3104,-1111,13621,4367,-1281,13433,4170,-1476,13710,3159,-479,12595,2874,-255,12849,2766,-268,14207,2652,490,13072,3853,414,13980,4451,-55,14012,3612,-90,13970,3590,891,13853,3657,696,14250,2914,-205,14325,1985,537,14163,2957,638,14639,4521,-798,14880,3939,-1339,14387,3220,-544,13322,2982,-764,13820,2592,-1198,14225,2358,-1001,13384,3123,-1298,13629,3773,-1476,13893,3677,-1560,13237,3734,-745,12945,3342,-749,13202,2912,-759,13567,2488,621,13156,3738,716,13926,4518,-388,14034,3556,-206,13651,3364,881,13552,3771,353,14550,3168,-74,14329,2164,681,13620,2794,796,14804,4103,-461,15142,4058,-1071,14215,3675,-370,13817,3237,-949,14063,2399,-1323,14034,2210,-534,13360,3124,-1072,13733,3848,-1882,14168,3588,-1382,13129,3967,-728,13121,3801,-1011,13336,2744,-1153,13245,2032,464,12853,3252,974,13691,4429,-213,14429,3803,-288,13468,3705,954,13333,4083,212
14704,3336,-349,14337,2296,856,13325,2375,1119,14778,3542,-316,15114,3881,-753,14439,4171,-143,14064,3846,-970,14029,2693,-1694,14182,2034,-397,13257,2800,-741,13441,3512,-2125,14385,2853,-1335,13308,3996,-621,12692,4628,-1230,13967,3160,-1270,13165,2337,167,12420,2934,841,13748,3685,-258,14258,3622,-376,13512,3747,905,13273,4376,361,14514,3807,-471,14738,2662,811,13156,2410,1230,14364,2979,-113,15187,3247,-493,14490,4155,-78,13869,4481,-994,14564,3382,-1691,14312,2431,-558,13017,2631,-289,13725,2695,-1837,14107,2119,-1606,13478,3785,-724,13160,5285,-1539,13795,4140,-1702,13669,2535,-170,12010,2691,685,13653,3223,-18,14315,3026,-149,13423,3589,543,13327,4488,360,14267,4515,-359,14697,3245,801,13094,2755,1043,13991,2457,145,15105,2441,-86,14422,3813,71,14033,4523,-1194,14888,3855,-1639,14313,3209,-641,13191,2884,-226,13651,2555,-1419,14213,1866,-1474,13554,3092,-855,13272,4720,-1509,13762,4490,-1988,13753,3165,-577,12327,2748,248,13065,2834,5,14081,2655,249,13423,3365,474,13436,4311,109,14021,4127,-428
14444,3609,578,13553,3390,751,14084,2667,237,14770,2091,533,14271,3372,487,14651,4559,-1064,14596,3882,-1657,14479,3170,-631,13493,2937,-472,13513,2581,-1204,14089,1991,-1247,13470,2874,-1175,13353,4357,-1487,13878,4215,-1807,13532,3697,-877,12665,3042,-402,13084,2554,-207,13766,2145,710,13165,3546,554,14010,4701,-324,14116,4207,-343,13971,3941,723,13615,3578,521,14318,2857,105,14266,1475,895,13939,2343,826,14666,4325,-822,14904,4474,-1581,14774,4184,-547,13483,3426,-744,13789,2444,-1137,14004,1695,-632,13329,2353,-1099,13683,3490,-1789,14079,3985,-1724,13448,4517,-1003,12998,4055,-785,13191,3009,-764,13300,1603,748,12944,2620,810,13608,3898,-340,14271,3924,-470,13889,4039,684,13353,4295,280,14533,3644,-100,14301,1905,1075,13487,2002,1109,14532,3293,-605,15330,4015,-1399,14517,4184,-403,13935,4053,-900,14051,2999,-1260,14006,2025,-231,13375,2348,-609,13585,2979,-2152,14284,3186,-1830,13392,4399,-1101,13039,4861,-1237,13566,3359,-1021,12979,1944,671,12627,2494,1144,13500,3656,-246,14605,3664,-644,13569,3853,575
13359,4677,253,14628,3779,-250,14425,2458,1049,13143,1960,1485,14535,2916,-215,15280,3639,-943,14530,4323,-488,14180,4597,-959,14156,3383,-1525,14299,2175,-229,12954,2127,-167,13563,2702,-1960,14248,2481,-1744,13565,4178,-853,12967,5364,-1546,14052,3948,-1610,13313,2242,165,12129,2186,1082,13456,3165,-32,14266,3373,-374,13803,3954,564,13147,4832,384,14616,4307,-428,14688,2874,934,12873,2215,1364,14088,2258,-23,14998,2813,-498,14672,4281,-187,13890,4695,-1028,15097,3933,-1448,14019,2856,-459,13176,2229,-94,13600,2055,-1731,13762,2154,-1932,13932,3795,-794,13216,5348,-1390,13638,4597,-1831,13972,2621,-461,12023,2488,557,13035,2389,130,14225,2669,-170,13365,4013,376,13594,4760,266,14398,4638,-392,14360,3635,566,13517,2735,1254,13770,1934,308,14619,2028,-54,14637,3460,148,14375,5267,-1231,14856,4493,-1431,14546,3344,-618,13194,2800,-80,13605,2118,-1270,14024,1430,-1543,13435,2621,-1113,13574,4850,-1389,13732,4997,-1836,13948,4002,-685,12462,3166,-72,12651,2383,-146,14144,1862,404,13036,3293,552,13957,4661,41
13912,4297,-226,14461,4183,512,13542,3752,772,14018,2824,243,14571,1531,440,13870,2555,592,14768,4374,-895,14763,4596,-1520,14726,4080,-559,13459,3155,-564,13442,2495,-940,14133,1516,-848,13642,2452,-1241,13378,3981,-1709,13990,4409,-1838,13610,4522,-979,12720,3640,-496,13110,2546,-259,13340,1417,784,13205,2989,897,13860,4470,-396,14140,4382,-635,13990,4117,443,13495,4275,461,14347,3252,316,14113,1327,1129,13527,1957,951,14682,3868,-701,15320,4688,-1631,14545,4441,-582,13845,3771,-823,13864,2748,-1075,13837,1768,-472,13421,2214,-898,13463,3202,-2015,14275,3748,-1742,13337,4478,-1043,13214,4466,-912,13265,3153,-923,13068,1691,601,13093,2507,985,13322,4084,-333,14637,4025,-672,13658,3949,671,13383,4582,309,14526,3526,-129,14321,2066,1060,13243,1827,1276,14429,3088,-470,15193,4038,-1272,14569,4265,-396,14168,4316,-852,13989,3205,-1437,14110,2055,-270,13206,2019,-424,13464,2775,-2134,14284,2941,-1835,13711,4328,-929,12990,5233,-1256,13613,3673,-1319,13375,2116,317,12373,2083,1057,13323,3245,-134,14401,3399,-585
13647,3857,633,13397,4645,403,14304,4178,-375,14723,2904,948,13085,2058,1393,14140,2701,-104,15222,2931,-757,14568,4142,-182,13957,4513,-724,14726,3737,-1563,14020,2474,-480,13048,2265,-144,13721,2561,-1859,14097,2220,-1931,13884,3673,-781,12874,5032,-1349,13941,4340,-1757,13473,2531,-196,12085,2375,828,13311,2922,21,14118,3085,-315,13833,3688,507,13180,4516,371,14412,4533,-490,14659,3247,578,13252,2701,1271,13944,2302,255,14892,2428,-203,14691,3663,64,14092,4586,-893,14860,4258,-1483,14502,2891,-783,13097,2473,-207,13527,2444,-1472,14118,2077,-1761,13857,3036,-835,13085,4863,-1236,13825,4622,-1825,13982,3339,-675,12177,2781,241,13015,2440,-172,14023,2517,-99,13418,3744,392,13648,4642,355,13763,4359,-237,14625,3687,466,13645,3178,953,13712,2413,193,14614,1592,113,14325,2962,414,14313,4868,-802,14843,4452,-1365,14838,3831,-784,13279,2871,-405,13664,1832,-1139,13943,1637,-1363,13473,2743,-1078,13597,4203,-1322,13606,4765,-1853,14036,4284,-969,12715,3381,-445,12643,2673,-230,13809,1490,477,13019,2980,657
13682,4521,21,14146,4305,-296,14128,4231,372,13486,4149,541,14483,3214,162,14163,1414,549,13814,1933,732,14799,4014,-626,14779,4874,-1430,14841,4250,-479,13620,3663,-742,13653,2723,-1094,14199,1485,-805,13242,2053,-1035,13516,3442,-1866,14119,4129,-1807,13393,4628,-1081,13052,4228,-675,13120,3146,-575,13270,1557,549,13077,2574,881,13483,4025,-267,14484,4170,-673,13734,4082,591,13501,4477,542,14362,3805,91,14345,1816,998,13566,1683,1232,14411,3297,-410,15253,4237,-1391,14496,4523,-464,13869,4207,-852,13925,3187,-1374,14035,1942,-332,13458,2092,-477,13498,3059,-1985,14221,3170,-1788,13685,4374,-1002,12806,5045,-1092,13594,3607,-1135,13439,1829,427,12551,2212,1102,13352,3557,-130,14493,3769,-737,13582,3830,611,13165,4536,508,14427,4174,-358,14685,2608,1036,13238,1961,1504,14191,2858,-176,15182,3470,-1114,14620,4406,-357,13949,4509,-654,14306,3401,-1537,14236,2078,-415,13166,2122,-183,13468,2821,-1945,14292,2742,-2041,13680,4238,-914,13009,5077,-1332,13764,4025,-1620,13254,2099,105,12513,2034,1107,13103,3276,98
14417,3559,-689,13924,4069,257,12898,4741,447,14489,4584,-497,14732,3003,786,13217,2021,1423,13739,2181,340,15074,2650,-522,14799,4241,-116,13756,4806,-739,14994,3960,-1645,14167,2703,-744,13243,2128,-73,13472,2410,-1539,13966,2141,-1857,14059,3363,-908,12937,5221,-1245,13900,4697,-1831,13786,2891,-469,12066,2493,502,13061,2662,56,14009,2739,-340,13881,3709,374,13054,4494,527,14125,4244,-240,14533,3507,527,13572,3010,1142,13956,2230,150,14534,1995,-108,14683,3401,329,14277,5116,-647,14619,4318,-1333,14876,3150,-826,12990,2681,-282,13812,2188,-1152,14061,1719,-1672,13522,2992,-1251,13420,4722,-1429,13621,4965,-1755,13951,3733,-714,12317,2750,59,12905,2294,-132,13783,1917,158,13401,3354,396,13791,4741,-14,13739,4605,-200,14567,3954,599,13390,3371,812,14200,2658,171,14447,1338,279,14313,2561,605,14333,4673,-637,14713,4983,-1265,15016,4005,-520,13265,2658,-386,13609,1701,-1017,14030,1570,-1176,13718,2973,-1423,13603,4313,-1840,13603,4684,-1702,13880,4122,-818,12923,3278,-184,12742,2544,-361,13628,1106,253
13193,2921,465,13503,4653,-331,14439,4848,-493,13703,4161,736,13560,3768,772,14297,2896,288,14321,1477,586,13851,1956,728,14426,3926,-634,15059,4900,-1291,14727,4524,-315,13897,3838,-521,13718,2103,-1140,13963,944,-644,13506,2220,-883,13381,3793,-2175,14245,3875,-1908,13689,4555,-1045,12953,4687,-664,13529,3108,-851,13140,1514,339,12701,1982,781,13513,3760,-272,14242,4599,-700,13879,4255,765,13404,4492,536,13981,3723,-137,14775,1788,942,13175,1446,1033,14288,3033,-515,15345,3980,-1297,14693,5030,-287,14031,4664,-496,14142,3245,-1357,14202,1586,-498,13238,1620,-442,13495,2797,-2089,14305,3318,-2298,13832,4650,-1028,12705,5252,-1092,13633,3840,-1154,13263,1789,316,12335,1602,880,13319,3043,-195,14471,3838,-912,13943,4369,305,13145,4846,635,14315,4563,-239,14633,2555,963,13247,1666,1411,13922,2314,-72,15280,3303,-1141,14880,4755,-306,13736,5136,-521,14697,3950,-1283,13916,2101,-474,13267,1671,-66,13529,2137,-1733,14034,2508,-2325,14031,4137,-1145,13035,5690,-1127,13618,4684,-1487,13576,2069,10,12362,1683,941
13093,2566,-81,14329,3135,-792,14038,4304,-130,13172,4997,475,14191,4736,-75,14416,3204,933,13385,2052,1501,13790,1785,254,14683,2382,-611,14875,4122,-87,14149,5582,-714,14492,4645,-1260,14592,2665,-402,13100,1926,29,13378,2112,-1294,14313,2059,-2020,14009,3461,-1402,13162,5203,-1306,13847,4835,-1617,13814,3309,-402,12242,2361,388,12810,2191,56,13971,2467,-209,13697,3767,54,13599,4939,-36,13768,4609,-121,14415,3670,725,13297,2853,1127,13739,2415,219,14612,1773,31,14534,3187,260,14543,5222,-630,14806,4738,-1198,14824,3520,-568,13168,2320,-308,13554,2022,-1065,14012,1893,-1425,13939,2872,-1431,13418,4478,-1671,13660,4939,-1775,14053,4119,-790,12558,2925,-158,12749,2300,-399,13518,1400,280,13321,3345,506,13705,5074,-332,14289,4802,-411,14013,3776,618,13306,3294,822,14305,2801,332,14268,1432,348,14149,2215,808,14376,4268,-417,15003,5199,-1194,14749,4313,-450,13658,3479,-642,13564,1765,-1146,13921,1021,-832,13506,2652,-997,13685,4350,-2077,14128,4696,-1782,13568,4481,-912,12988,3975,-383,12985,2527,-665
13428,1081,313,13061,2007,917,13176,4269,-377,14742,5009,-968,13929,4479,502,13209,4279,757,14215,3142,159,14484,1490,950,13304,1448,1181,14435,3365,-244,15187,4732,-1212,14736,5169,-369,14027,4510,-528,13751,2706,-1404,14193,1001,-414,13297,1551,-402,13630,3243,-2124,14204,3780,-2054,14049,4727,-938,12752,4940,-846,13498,3448,-972,13378,1290,245,12474,1567,1003,13200,3457,-159,14432,4621,-1020,14134,4651,218,13219,4751,664,13913,4048,-142,14787,1904,1085,13056,1338,1556,13819,2418,25,15466,3551,-1119,14831,5066,-369,14093,4902,-506,14472,3890,-1455,13894,1748,-621,13481,1170,-80,13339,2337,-1630,14000,3000,-2443,14325,4472,-976,12917,5744,-1105,13676,4576,-1484,13430,1718,-185,12299,1592,835,12915,2556,150,14273,3526,-670,13768,4548,-74,13362,4764,568,14180,4733,-244,14146,2932,657,14020,1663,1542,13350,1768,350,14921,2490,-740,15237,4360,-261,13949,5766,-688,14899,4795,-1355,14216,2513,-526,13200,1574,-122,13502,1587,-1302,13836,1846,-2208,14157,3441,-1344,13101,5723,-1333,13810,5713,-1680,13812,3111,-490
12304,1738,502,12521,1562,87,13898,2245,-391,13927,3932,-43,13596,5196,59,13992,5174,-281,14487,4009,560,13630,2898,1220,13509,1878,410,14586,1174,-100,14568,2992,190,14277,5460,-685,14952,5346,-1475,14689,3998,-624,13229,2582,-122,13497,1777,-1106,13804,1169,-1608,13939,2356,-1490,13271,4670,-1550,14041,5448,-1725,13920,4410,-798,12671,2922,41,12978,2158,-310,13213,1351,27,13628,3218,284,13717,5074,-172,14128,5041,-456,14281,4178,571,13196,3588,1015,14036,2690,458,13988,957,318,14066,1920,603,14517,4563,-452,15031,5629,-1552,15085,4451,-616,13395,3175,-229,13663,1995,-791,13832,975,-1047,13787,2038,-1165,13497,4149,-2108,14102,5198,-1887,13950,4825,-881,12749,3945,-292,12937,2318,-614,13223,660,217,12981,2064,888,13208,4515,-353,14695,5431,-974,14102,4515,571,13303,4239,998,14130,3120,231,14529,1218,608,13518,1105,1080,14285,3257,-348,15259,5242,-1396,15068,5372,-495,13979,4497,-253,13686,2717,-1048,14154,806,-563,13351,1229,-571,13380,3017,-2388,14171,4207,-2372,14056,5152,-998,12957,5202,-577
13182,3510,-662,13385,1169,173,12633,1030,942,13034,3135,-265,14565,4518,-1263,14297,4831,151,13432,4931,897,13920,4252,144,14809,2116,970,13215,1116,1354,13801,2218,-92,15168,3364,-1304,15009,5018,-433,14029,5181,-373,14314,3967,-1182,13908,1725,-423,13274,1298,80,13478,2423,-1861,14193,2759,-2745,14182,4199,-1151,12917,5620,-935,13761,4853,-1179,13460,2002,-5,12419,1406,890,12872,2369,88,14261,3518,-902,14121,4605,-125,13352,4956,699,14101,4720,-71,14323,2781,827,13627,1727,1616,13168,1677,436,14985,2416,-725,15161,4168,-304,14005,5502,-607,14950,4959,-1492,14221,2651,-790,13380,1708,225,13250,1822,-967,14080,1954,-2080,14212,3245,-1304,12928,5436,-1162,13967,5547,-1774,13681,3211,-669,12451,1834,547,12386,1967,211,13834,2377,-309,14128,3639,183,13074,4963,398,14126,4833,-313,14677,3945,302,13551,2822,1316,13703,1949,583,14359,1716,-106,14857,3062,222,14355,5252,-465,14647,4989,-1487,15104,3593,-796,13064,2552,-146,13374,1771,-933,13934,1377,-1613,13629,2723,-1436,13583,4698,-1326,13795,5320,-1625
13910,4151,-1018,12811,2823,-180,12628,2300,-120,13560,1391,-2,13619,3223,381,13413,5122,107,14202,5003,-357,14392,4046,356,13338,3549,862,14145,2765,386,14029,1222,322,14016,2074,657,14484,4282,-228,14785,5422,-1422,15105,4387,-765,13501,3413,-458,13593,2377,-948,13860,1081,-1126,13772,1946,-1146,13526,3789,-1814,13926,4918,-1822,13909,4771,-1000,12858,4020,-345,13000,2889,-620,13188,1263,-38,13352,2025,701,13075,4196,-173,14395,5108,-797,14110,4174,514,13185,4099,874,14028,3692,201,14559,1802,545,13598,1449,1089,14148,3064,-173,15402,4821,-1473,14847,4858,-619,14015,4190,-355,13668,3242,-1168,13850,1643,-704,13881,1532,-545,13182,2943,-2059,14138,3763,-2262,14173,4523,-1148,12672,4989,-753,13334,3730,-800,13353,1779,-28,12666,1595,787,13139,3368,-93,14340,4417,-806,13973,4173,354,13411,4179,720,14017,4215,-164,14597,2627,379,13658,1648,1296,13646,2601,230,15094,3496,-978,15038,4459,-446,14041,4628,-270,14286,3859,-1426,14124,2143,-938,13472,1815,-197,13330,2736,-1630,13991,2872,-2410,14135,3872,-1042
12844,4987,-940,13682,4493,-1397,13392,2185,-427,12704,1750,748,13014,2679,145,14038,3573,-812,14146,4062,144,13217,4503,841,13970,4751,-305,14690,2969,373,13811,2107,1370,13379,2203,498,14812,2688,-629,15121,3917,-96,13719,4817,-285,14850,4601,-1384,14372,2804,-997,13435,2068,-74,13400,2172,-1126,13990,2110,-2277,14185,2874,-1157,12986,4820,-841,13704,5381,-1561,13926,3371,-717,12638,2354,360,12575,2255,163,13903,2604,-522,14048,3350,172,13168,4243,718,13710,4644,-127,14627,3813,96,13924,3346,1184,13443,2646,574,14584,1798,-188,14725,2597,305,14209,4423,-193,14535,4622,-1332,14982,3529,-1081,13615,2933,-345,13273,2614,-851,14174,1887,-1734,14090,2206,-1387,13129,3756,-1114,13646,4757,-1731,13933,4140,-1149,12940,3401,-124,12500,2768,-213,13570,1794,-78,13695,2993,540,13396,4454,297,14065,4462,-346,14170,3880,61,13565,3571,663,14157,3408,466,14105,1731,225,14382,1802,885,14223,3632,191,14815,4966,-1509,15320,4225,-1172,13621,3451,-697,13652,2839,-873,13853,1542,-890,14032,1887,-785,13274,3223,-1457
13945,4491,-1844,13962,4534,-1506,13075,4344,-667,12895,3318,-599,13150,1526,-7,13462,1785,1132,12944,3623,415,14418,4646,-602,14092,4092,117,13682,4399,467,13927,4118,27,14595,2251,424,13902,1426,1351,13852,2806,374,15094,4357,-1109,14899,4498,-911,14187,4268,-574,13568,3416,-1252,13874,1840,-717,13906,1652,-393,13009,2930,-1665,13996,3575,-2233,14245,4070,-1392,12989,4818,-917,13275,3892,-914,13309,2051,-150,13115,1677,935,12958,3184,256,14384,4285,-730,14013,4332,204,13515,4479,677,13859,4346,-213,14473,2751,473,13866,1399,1478,13395,2450,411,14947,3557,-1054,15115,4391,-632,13974,4735,-308,14233,4145,-1312,14163,2282,-962,13535,1634,-41,13354,2306,-1243,14019,2706,-2432,14327,3798,-1215,13104,5261,-1037,13449,5054,-1371,13553,2553,-537,12637,1703,812,12781,2756,263,14117,3327,-675,14076,3858,147,13005,4204,875,13973,4891,-254,14466,3633,200,14219,2460,1407,13233,2322,660,14849,2592,-655,15150,3653,-313,13743,4715,-361,14905,4552,-1296,14259,3052,-1095,13488,2287,17,13476,2344,-1033,13795,2274,-2332
14343,2821,-1436,12923,4643,-893,13674,5306,-1644,13905,3282,-817,12524,2062,504,12475,2325,232,13770,2896,-523,14365,3479,-62,13084,4264,527,13799,4720,-261,14644,3977,-77,13949,3031,1170,13517,2185,758,14213,1962,-136,15020,2867,212,14148,4677,-304,14516,4919,-1450,14910,3366,-1123,13661,2491,-129,13240,2263,-622,13932,2008,-1753,14343,2433,-1601,13237,4161,-1162,13445,5116,-1675,14088,4009,-1347,12841,3016,-116,12346,2395,68,13669,1662,-74,13682,2953,235,13412,4677,195,14024,4900,-192,14074,4058,90,13848,3503,797,13823,3087,669,14097,1700,199,14384,1941,660,14326,3864,140,14635,5172,-1397,15166,4072,-1084,14014,3178,-477,13198,2712,-739,13922,1681,-1102,14036,2285,-1177,13384,3473,-1564,13861,4248,-1674,13806,4169,-1227,13216,3979,-436,12759,3240,-586,13106,1820,-212,13841,2076,807,12748,4126,215,14403,4881,-606,14218,3675,309,13282,3694,738,13920,3636,306,14496,2419,352,13937,1908,1103,14050,2988,241,14853,4646,-1170,15181,4450,-741,14067,3797,-438,13503,3074,-1230,14003,1810,-925,13815,1982,-408
13341,3022,-1606,13972,3694,-2252,14059,3833,-1144,13041,4531,-858,13152,3861,-901,13452,2226,-487,13072,1876,785,12794,3435,437,14297,4600,-683,14095,3818,278,13457,3728,780,13582,4065,-149,14863,3035,155,13873,2181,1139,13454,2658,528,15036,3572,-712,15001,4185,-304,14225,4150,-122,14077,3559,-1286,14010,2040,-1317,13804,2079,-270,13310,3163,-1222,14055,3263,-2433,14213,3503,-1098,13004,4647,-759,13508,4521,-1270,13491,2418,-877,12926,1918,526,12641,2923,443,13963,3769,-506,14166,3821,72,13287,3822,921,13603,4295,-254,14628,3235,-139,14264,2872,1174,13137,2721,726,14853,3009,-518,14924,3807,104,14042,4340,111,14635,3763,-1274,14149,2248,-1486,13805,2300,-377,13437,3051,-1059,13995,3327,-2443,14188,3118,-1208,13011,4071,-438,13444,4607,-1312,13660,2731,-958,13074,2060,13,12249,2840,-122,14070,3534,-538,14193,4274,145,12972,4383,802,13939,4100,230,14152,3247,-8,14217,2737,1015,13442,2751,445,14401,2651,-321,15047,3191,267,14002,4643,294,14446,4443,-1148,14805,3022,-1292,13666,2562,-516,13326,2863,-983
14315,2722,-1828,14140,2672,-1353,13103,3818,-738,13477,4566,-1206,13690,3698,-1173,13230,2823,-287,12544,3030,-576,13643,2622,-544,14089,3309,323,12999,4365,654,13926,4064,207,13843,3302,274,13954,3443,827,13947,3750,183,14305,2611,-304,14521,2390,525,14090,3877,492,14670,4562,-827,14878,3380,-975,13833,2904,-620,13578,3015,-1044,13852,2633,-1421,14415,2553,-1093,13266,3381,-1178,13559,3811,-1488,14014,3527,-1243,13004,3755,-521,12937,3483,-780,13325,2702,-562,13632,2700,651,13061,3993,641,14102,4395,-289,14020,3022,265,13467,3211,603,13635,3920,-24,14757,3178,-120,14137,2504,1001,13760,3394,824,15001,4177,-680,14778,3519,-668,13999,3049,-496,13741,2922,-1563,14032,2728,-1318,14176,2938,-624,13319,3550,-1358,13741,3688,-1784,13992,3241,-870,12925,3601,-768,13073,3572,-1144,13389,2538,-860,13349,2283,685,12717,3952,615,14158,4614,-462,14433,3523,185,12903,3373,750,13975,3885,-216,14720,3096,-203,13981,2410,1034,13656,2834,935,14661,3803,-389,15302,3943,-319,13745,3695,-248,14167,3456,-1536,14112,2156,-1639
13931,2498,-332,13415,3112,-1066,13827,3295,-2114,14191,3167,-919,12990,4299,-712,13161,4471,-1287,13532,2658,-1160,13210,2319,278,12659,3079,578,13847,3892,-397,14481,3658,59,12989,3713,979,13431,4019,20,14549,3262,-203,14374,2899,1068,13396,2627,835,14632,3132,-360,15062,3571,-193,14133,4337,-56,14156,4019,-1217,14499,2637,-1438,13775,2500,-216,13287,2924,-671,14144,2905,-2155,14006,2669,-1519,13227,3957,-757,13143,4543,-1470,13851,3251,-1256,13216,2455,84,12408,2937,216,13869,3528,-390,14130,3699,-66,13372,4029,609,13371,4004,274,14216,3423,-82,14277,2997,933,13465,3140,565,14329,2618,-168,14899,2975,243,14269,4122,76,14157,4371,-1097,14785,3011,-1217,13937,2335,-464,13230,2854,-722,14074,2890,-1624,14381,2846,-1455,13152,3799,-1016,13661,4420,-1394,13676,3671,-1254,13282,2914,-353,12531,3031,-358,13196,2684,-387,14081,3143,450,13002,4191,490,14071,4211,147,13736,3244,28,13882,3214,598,13912,3602,347,14195,2856,-112,14592,2588,606,14031,3823,677,14697,4641,-625,14823,3385,-1032,14028,2993,-664
13447,2737,-1054,13937,2309,-1446,14230,2626,-1080,13263,3727,-1257,13691,4027,-1366,13864,3473,-1217,13058,3553,-654,12993,3070,-899,13143,2507,-619,13654,2445,721,13077,4152,596,14099,4856,-260,14163,3398,177,13498,3472,714,13594,3811,12,14842,3062,-112,14103,2003,959,13705,2830,862,14843,4127,-508,14905,4100,-711,14022,3728,-429,13728,3430,-1508,14079,2383,-1502,14092,2076,-605,13356,3080,-1070,13706,3682,-1873,14228,3479,-1017,12873,4261,-819,13105,3985,-1265,13768,2662,-1034,13026,2083,616,12947,3304,788,14047,4188,-403,14114,3499,127,13291,3448,882,13446,4403,-149,14690,3587,-270,14394,2525,978,13214,2507,955,14995,3336,-475,15074,3805,-326,13883,4021,-189,14107,3753,-1366,14121,2662,-1683,14137,2563,-382,13508,2854,-872,13802,3048,-2202,14245,2824,-1191,13238,4092,-612,12980,4750,-1404,13743,2966,-1257,13337,2249,313,12357,2850,505,13856,3817,-322,14354,3631,-72,13249,3655,826,13466,4241,-22,14329,3756,-481,14664,2964,1007,13014,2509,967,14650,2728,-191,15158,3235,-6,14168,4417,90,14303,4329,-1145
14281,2983,-1833,14209,2429,-505,13201,2797,-624,13806,2607,-1915,14357,2381,-1530,13138,4064,-565,13488,4897,-1353,13674,3643,-1679,13216,2410,-175,12498,2493,348,13542,3058,-170,14126,3417,124,13458,3930,634,13531,4389,83,14164,4027,-309,14354,3199,869,13604,3113,757,14011,2261,-9,15054,2517,299,14004,4193,343,14497,4884,-1066,14785,3490,-1530,13764,2614,-672,13462,2498,-506,13808,2558,-1497,14265,2325,-1371,13469,3396,-977,13327,4898,-1413,13951,4110,-1474,13499,3200,-469,12417,2875,-276,13196,2301,-264,14095,2790,504,13051,4130,480,14104,4580,-73,13870,3597,-109,13985,3396,691,13629,3267,557,14135,2578,-200,14677,1993,511,14091,3348,677,14547,5038,-759,14990,4103,-1017,14302,3205,-538,13211,2468,-869,13957,2121,-1358,14094,2489,-1073,13591,3450,-1350,13556,4258,-1512,13849,3903,-1253,13462,3808,-607,12625,3165,-841,13301,2236,-724,13519,1899,656,12877,3962,714,14291,4897,-241,14179,3785,-23,13374,3667,770,13564,3699,235,14660,3061,-68,14108,1968,763,13892,2683,699,14588,4325,-412,15190,4417,-787
14207,3823,-224,13353,3118,-1222,14318,1891,-1409,13865,2042,-674,13408,3280,-1156,14039,3808,-1989,13905,3712,-1176,13324,4218,-616,13105,3886,-974,13302,2578,-1084,13337,1986,318,12819,3408,700,13804,4607,-415,14389,3752,-103,13381,3466,1082,13122,4007,142,14711,3088,-211,14410,2478,796,13184,2612,813,14974,3544,-457,14912,4050,-249,14391,4195,181,14059,3651,-1031,13985,2393,-1669,14499,2060,-644,13110,3058,-881,13857,3735,-2424,14173,3174,-1358,13312,4004,-351,13034,4258,-1053,13617,2790,-1354,13501,1926,-111,12217,2869,483,13860,4190,-395,14416,4273,-171,13137,3738,1067,13507,3958,453,13948,3556,-342,14938,2472,851,13114,2568,699,14360,3195,-450,15356,3651,-227,14140,4657,353,13993,4332,-710,14361,2788,-1400,14043,1824,-608,13460,2286,-587,13702,3098,-2139,14337,2863,-1765,13307,4202,-556,12914,5228,-1036,13782,3703,-1427,13385,2282,-356,12343,2289,52,13671,3016,-531,14153,3518,-61,13494,3998,649,13458,4325,450,13827,3880,-137,14474,3142,764,13616,3003,681,14073,2464,-276,15066,2431,72,14161,4135,529
14208,5036,-596,14613,3427,-1241,14021,2471,-691,13291,2582,-686,14129,2909,-1844,14341,2592,-1790,13539,3394,-1033,13131,4510,-1079,13840,3883,-1248,13396,2983,-461,12485,2554,-298,13327,2687,-545,13994,3217,198,13332,4228,317,13731,4431,54,13680,3449,91,13929,3067,748,13532,3435,487,14380,2857,-175,14657,2241,398,14156,3450,732,14443,4756,-437,14882,3947,-1053,14142,2891,-528,13534,2348,-1014,13963,2362,-1410,14377,2783,-1070,13765,3483,-1270,13285,4226,-1418,13763,3756,-1131,13491,3489,-590,12565,3156,-932,13268,2461,-988,13715,2068,441,13006,4063,757,13904,5009,-199,14222,3725,-167,13460,3244,899,13283,3409,217,14705,3079,-152,14366,2247,561,13891,2778,876,14721,4436,-248,14843,4601,-602,14509,3727,-193,13320,2990,-1256,14024,1823,-1465,14428,1924,-720,13379,3385,-1073,13892,3890,-2122,13863,3458,-1261,13197,4006,-519,13088,3906,-846,13245,2600,-1065,13670,1673,284,12767,3158,692,13613,4686,-362,14691,4105,-426,13298,3612,889,13144,3789,307,14516,3071,-126,14476,2353,886,13396,2484,806,14725,3507,-369
15028,4048,-429,14396,4348,141,13815,3734,-930,14172,2187,-1790,14221,1776,-527,13314,3052,-640,14092,3737,-2311,14113,3190,-1651,13252,3852,-468,13043,4229,-986,13499,3111,-1291,13363,1780,-71,12559,2612,504,13429,4361,-323,14517,4167,-407,13532,3834,759,13010,3866,332,14167,3361,-315,14651,2520,977,13135,2626,946,14427,3233,-124,15229,3671,-225,14354,4580,283,14050,4166,-716,14233,2664,-1775,14155,1615,-748,13378,2434,-512,13770,3588,-1935,14449,3188,-1815,13580,3956,-472,12946,4694,-891,13817,3420,-1420,13347,1868,-453,12373,2453,-69,13440,3592,-414,14189,4009,-208,13531,4490,558,13430,4235,598,13744,3326,-113,14253,2511,704,13725,2828,803,13961,2952,-221,15066,3021,-79,14386,4414,611,14069,5014,-418,14848,3339,-1202,14005,2080,-849,13462,2079,-672,14027,2599,-1728,14241,2990,-1775,13562,3827,-921,13135,4554,-881,13693,4058,-1248,13623,2883,-647,12671,2559,-623,13067,2776,-806,14079,2902,145,13202,4378,676,13776,4882,305,14024,3508,141,13768,2968,618,13513,3095,481,14563,3109,-320,14563,2544,287
14246,3202,767,14345,4647,-221,14768,4091,-909,14374,3167,-502,13208,2557,-973,14055,2388,-1614,14230,2801,-1282,13725,3447,-1162,13483,4206,-1323,13501,3747,-1041,13645,3467,-647,12643,3018,-704,13167,2809,-1197,13758,2273,140,13113,3812,790,13666,4713,-15,14298,3565,-89,13627,3144,779,13056,3451,272,14743,3423,-322,14477,2788,497,13824,2987,1004,14622,4070,-138,14801,4131,-700,14455,3469,-187,13341,2856,-1019,14013,2209,-1791,14201,2223,-837,13847,3502,-1003,13640,4117,-1907,14002,3545,-1196,13448,3708,-570,12745,3645,-827,13567,2485,-1285,13530,1825,82,12832,3422,756,13555,4942,-132,14485,4324,-304,13538,3390,906,12977,3503,376,14458,3045,-409,14520,2384,593,13353,2533,1151,14626,3645,-80,15056,4291,-550,14577,4201,102,13744,3635,-858,14029,2249,-1623,14543,1569,-741,13151,2778,-616,13896,3723,-2139,14287,3293,-1630,13286,4145,-444,13060,4541,-948,13477,3209,-1452,13442,1689,-337,12389,2266,604,13388,4001,-55,14308,4147,-339,13708,3703,779,13078,3968,483,13976,3803,-549,14956,2712,651,13303,2591,900
14067,2990,166,15267,3048,-172,14515,4300,339,13917,4254,-636,14328,3109,-1718,14334,2237,-893,13362,2470,-432,13704,3212,-1901,14259,2679,-1973,13630,3550,-459,12850,4560,-808,13544,4003,-1538,13751,2295,-655,12570,2451,35,13009,3156,-116,14286,3587,-185,13705,4185,493,13322,4097,504,13800,3488,-264,14286,2880,493,13928,3016,855,13816,2977,-34,14872,2646,56,14602,3738,491,13983,4771,-472,14682,3521,-1290,14219,2421,-951,13266,2380,-624,13887,2714,-1501,14223,2852,-1779,13989,3478,-1013,13137,4495,-909,13569,4084,-1398,13871,3053,-755,12418,2541,-568,13219,2652,-639,13981,2693,222,13365,4172,654,13816,4744,164,13842,3745,-106,13957,3179,478,13584,3123,604,14279,3204,-105,14452,2155,296,14291,2893,728,14340,5007,-315,14898,4569,-1087,14654,3324,-570,13109,2360,-767,14028,2037,-1392,14088,2064,-1228,13809,3286,-1351,13526,4463,-1513,13743,4250,-1317,13756,3868,-767,12675,3144,-549,13126,2372,-978,13449,1641,282,13155,3473,850,13523,5035,-114,14319,4493,-420,13740,3579,646,13156,3553,426,14474,3149,-20
14339,1914,598,13782,2238,1064,14435,3952,-249,14976,4684,-977,14854,4097,-284,13464,3625,-914,13867,2349,-1550,14300,1587,-682,13529,2775,-727,13610,3765,-2005,14023,3592,-1482,13623,4272,-686,12859,4510,-922,13490,3120,-1309,13303,1811,-107,12751,2488,896,13298,4104,134,14534,4294,-324,13746,3782,636,13183,3970,329,14209,3628,-421,14820,2654,616,13240,2368,1187,14309,3274,-56,15278,3802,-684,14509,4251,-45,13989,4253,-593,14007,3082,-1778,14320,1941,-773,13241,2499,-367,13544,3445,-2038,14286,2934,-1862,13525,3856,-435,12964,4853,-967,13591,3740,-1573,13633,2059,-448,12307,2302,582,13336,3753,114,14230,4129,-415,13925,3950,568,13202,3821,662,13725,3870,-489,14951,2644,627,13444,2603,1071,13700,3060,115,15337,3111,-411,14643,4390,176,13856,4544,-509,14735,3441,-1464,14115,2153,-889,13226,2014,-264,13789,3013,-1613,14019,2922,-2173,14053,3783,-708,12796,4919,-848,13761,4419,-1603,13774,2270,-473,12547,1908,155,12925,2750,-84,13981,3504,-223,14059,4404,390,13209,4284,536,13846,3960,-250,14395,2982,497
13926,2796,1027,13667,2693,178,14673,2537,-259,14834,3971,471,14020,5084,-285,14758,4016,-1176,14149,2325,-730,13610,1969,-342,13651,2579,-1331,14135,2710,-1992,14261,3443,-1316,13010,4774,-997,13731,4384,-1244,13835,3229,-547,12442,2382,-244,13128,2250,-573,13617,2310,-66,13524,4189,514,13646,5174,106,14015,4141,-130,13842,3111,667,13531,2900,942,14311,3087,54,14308,2106,64,14309,2724,720,14377,4842,-207,15029,4785,-1073,14732,3499,-639,13195,2446,-599,13878,1982,-1238,13886,2030,-1235,13987,2997,-1245,13682,4228,-1686,13566,4295,-1392,13763,3930,-734,12775,3310,-505,12971,2651,-1063,13556,1632,87,13218,3106,865,13342,4891,39,14544,4495,-449,13942,3638,650,13061,3330,662,14477,3054,-42,14505,2157,262,13746,2325,1057,14451,3999,-48,14863,4737,-927,15059,4128,-259,13423,3149,-695,13810,2114,-1595,14235,1441,-879,13404,2884,-838,13772,4138,-2091,14044,3904,-1708,13628,4067,-611,12796,3987,-639,13340,2902,-1192,13393,1492,-324,12845,2315,716,13187,4456,66,14463,4929,-566,13887,3910,608,13191,3588,724
13933,3074,-346,14819,2076,474,13337,2325,906,14216,3635,13,15055,4536,-835,14875,4613,21,14014,3916,-169,13888,2629,-1416,14328,1054,-931,13336,2012,-579,13510,3800,-2160,14465,3835,-2242,13771,4276,-572,12826,4782,-510,13582,3502,-1151,13483,1230,-468,12670,1649,352,12882,3713,-225,14485,4547,-605,13927,4704,545,12996,4414,959,14099,3677,-192,14427,2165,475,13796,2099,963,13567,2895,-150,15038,3501,-695,14910,4596,262,13743,4828,-2,14658,3482,-1178,14090,1677,-941,13485,1843,-458,13609,2951,-1821,14256,3301,-2551,14092,3872,-934,12776,4760,-393,13567,4272,-1136,13638,2078,-597,12898,1864,-129,12654,2947,-493,14151,3663,-714,14023,4682,387,12992,4655,944,13880,3792,142,14172,2691,413,13857,2445,826,13915,2741,-178,14471,3057,-567,14988,4079,341,14089,5161,19,14444,4042,-884,14548,2171,-681,13394,1723,-456,13580,2332,-1537,14149,2776,-2176,14191,3534,-1447,13143,4702,-818,13530,4644,-1177,13771,3288,-656,12682,2271,-319,12897,2433,-758,13736,2367,-400,13667,4051,347,13448,5297,406,13928,4509,73
13970,3224,651,13520,2679,775,14209,2738,-29,14369,2097,-112,14376,2832,583,14359,4978,-14,14790,5101,-1057,14987,3353,-519,13230,2356,-480,13642,2136,-1190,14245,2052,-1453,13896,3064,-1374,13547,4344,-1600,13677,4260,-1339,13787,3798,-646,12673,3163,-331,13060,2580,-850,13463,1779,-156,13380,3239,591,13354,5010,-80,14275,4691,-282,13885,3351,908,13151,3036,777,14249,3118,-1,14703,2377,122,13870,2719,925,14336,4135,17,14864,4823,-869,14969,4118,-202,13553,2878,-384,13813,1898,-1440,14135,1518,-965,13736,3076,-915,13656,4176,-1994,13997,4080,-1736,13640,3990,-590,12948,3759,-526,13117,2821,-1057,13345,1602,-482,13229,2259,701,12897,4469,7,14396,5061,-583,14121,3976,601,13014,3788,947,13991,3130,-246,15007,1960,474,13387,2303,1056,13959,3305,203,15123,4201,-720,14750,4752,5,14094,3966,-279,14027,2670,-1664,14131,1159,-1017,13674,2252,-267,13509,3927,-1854,14334,3467,-2311,13862,3831,-730,12792,4709,-537,13595,3872,-1119,13374,1641,-434,12742,1676,379,12933,3442,-66,14286,4292,-665,14135,4291,279
13030,4275,934,13893,3807,-169,14580,2304,421,13919,2319,1124,13573,2983,108,14949,3206,-445,15000,4117,235,13793,4762,-122,14707,3600,-1524,14226,1812,-1216,13208,1989,-226,13702,3203,-1390,14137,3244,-2323,14154,3398,-1098,12852,4515,-684,13536,4355,-1447,13683,2642,-580,12555,2159,157,12840,2764,-218,13904,3495,-537,14160,4329,284,13340,4619,728,13632,3964,-82,14435,2749,350,13769,2531,1091,13652,2823,192,14623,2791,-395,14908,3806,473,14128,5088,30,14666,4311,-1295,14469,2465,-1026,13421,1660,-353,13403,2302,-1122,14046,3010,-1883,14318,3492,-1371,13318,4568,-1030,13443,4509,-1488,13946,3174,-717,12649,2237,-124,12702,2440,-516,13673,2387,-392,13770,3931,380,13405,5303,470,13985,4657,-63,14077,3118,420,13332,2596,912,14094,2845,226,14448,2230,-241,14302,2890,606,14295,4777,129,14705,5159,-929,15143,3377,-646,13232,2038,-610,13685,1878,-1122,14179,1983,-1480,13959,3354,-1478,13603,4632,-1728,13695,4725,-1502,13814,3812,-743,12572,2929,-79,12998,2424,-803,13346,1601,-381,13600,2930,545,13050,4909,92
14342,5201,-447,14103,3595,696,13060,3291,764,14044,3091,18,14822,1955,-30,13918,2181,822,14027,3835,19,15057,5156,-983,15136,4535,-315,13639,3274,-439,13653,2014,-1383,14182,1353,-1075,13825,2844,-787,13396,3958,-2075,14012,4119,-1953,13661,4012,-729,12891,4063,-353,12919,2952,-826,13368,1621,-511,13343,2146,555,13051,4193,-128,14565,5008,-742,14124,4007,496,13091,3787,1008,13653,3344,9,14894,2186,342,13778,2226,807,13870,3341,-21,15220,4339,-883,14677,4726,-78,14007,3782,-151,13761,2638,-1319,13960,1517,-1109,13830,2350,-411,13593,3839,-1863,14069,3621,-2379,13981,3721,-894,12932,4350,-600,13268,3622,-937,13415,1580,-450,13013,2009,344,13009,3949,-105,14358,4540,-695,14161,4188,319,12808,3821,1102,13744,3690,-74,14435,2536,280,14002,2314,952,13524,3016,212,14966,3623,-612,15077,4584,188,13831,4515,165,14372,3429,-1252,14263,1372,-1096,13662,1704,-332,13511,3319,-1388,14254,3456,-2462,14295,3766,-1104,12701,4743,-569,13880,4408,-1271,13409,2258,-560,12716,1746,174,12701,2564,-66,13787,3620,-561
14117,4428,265,13279,4583,788,13670,4073,-100,14182,2867,260,14172,2425,1045,13476,2781,241,14585,2646,-300,15130,3782,517,13862,5106,162,14824,4353,-1222,14459,2387,-1199,13577,1795,-524,13508,2552,-1148,14055,2978,-1978,14288,3333,-1380,13111,4374,-839,13496,4547,-1356,13831,3125,-664,12684,2227,-79,12730,2619,-498,13796,2450,-411,13804,3901,371,13138,5096,448,14244,4322,-93,13972,3107,324,13445,2674,981,14416,3118,243,14313,2574,-195,14380,2732,719,14225,4408,320,14537,4979,-1040,15200,3304,-798,13322,2029,-751,13301,2078,-1132,14253,2233,-1375,14020,3336,-1171,13340,4281,-1231,13669,4290,-1543,13785,3507,-934,12806,3065,-319,12933,2744,-896,13547,2038,-531,13688,3132,644,12930,4962,407,14435,4933,-393,14091,3257,570,12939,2825,809,14212,2934,160,14449,2444,-60,14091,2539,827,14110,3916,162,14763,5114,-795,15165,4105,-284,13663,2891,-463,13609,1762,-1518,14152,1449,-1225,14036,3168,-734,13519,4378,-1740,13973,4431,-1694,13905,3897,-793,12773,3662,-440,12976,2533,-893,13281,1446,-620,13275,2314,595
12968,4645,252,14300,5407,-586,14335,4020,338,12980,3434,1021,13636,2947,37,14907,1925,283,13726,2113,899,13921,3468,197,15088,4738,-769,14937,4939,-267,14134,3885,-30,13866,2637,-1425,13934,1009,-1266,13941,1790,-424,13344,3857,-1642,13870,4165,-2335,14435,4034,-919,12651,4711,-563,13135,3582,-1034,13596,1361,-770,12662,1827,440,13060,3573,174,14186,4817,-699,14114,4569,109,13451,4138,1098,13427,3858,97,14663,2267,202,14090,1840,1063,13290,2814,194,14938,3766,-801,15245,4550,-146,14057,4768,78,14146,3769,-1172,14352,1560,-1272,13601,1737,-417,13296,3062,-1311,14195,3447,-2477,14137,3680,-1278,13145,4703,-553,13324,4498,-1220,13434,2159,-742,13134,1690,78,12384,2941,-13,14076,3981,-686,14244,4539,68,13233,4486,760,13705,3961,244,14206,2644,354,14130,2204,1034,13420,2641,171,14522,3114,-699,15031,4269,-19,14251,5294,249,14639,4280,-992,14227,1850,-1013,13627,1389,-339,13395,2494,-1092,13916,3111,-2219,14401,3528,-1645,13146,4763,-829,13697,4883,-1228,13714,2946,-799,12798,1728,-206,12607,2189,-464
13514,2884,-566,14127,4166,200,13379,4967,640,13929,4556,146,14028,2820,367,13666,2379,887,13922,2786,41,14271,2624,-465,14679,3156,425,14214,4909,318,14747,5272,-764,14820,3025,-742,13473,1463,-523,13320,1699,-1155,13916,2700,-1821,14355,3575,-1505,13457,4642,-1408,13431,4714,-1250,13998,3214,-623,12746,2351,-166,12550,2173,-926,13527,2194,-579,13731,3580,464,13248,5448,283,14317,5265,-305,14147,3170,668,13062,2295,1040,13837,2351,352,14544,2201,-180,14083,2725,612,14425,4426,71,14707,5548,-906,15451,4235,-338,13665,2363,-379,13351,1463,-1200,13953,1291,-1271,13999,3242,-965,13739,4596,-1809,13824,4524,-1787,13962,3756,-710,12755,3338,-202,12906,2594,-860,13146,1569,-874,13272,2200,469,12981,4702,237,14338,5539,-435,14373,3824,581,13050,3023,1100,13647,2656,138,14864,2146,-14,13916,2668,640,14118,3805,109,14962,4713,-892,15151,4473,109,13986,3394,158,13657,2123,-1329,13911,732,-1527,13708,2472,-679,13491,4497,-1887,14442,4530,-2499,13856,3774,-731,12729,3772,-101,13281,3034,-747,13173,1421,-845
13161,1774,269,12766,4063,147,14301,5519,-635,14444,4563,212,13279,3473,1260,13315,2857,140,14647,1840,143,14027,2357,967,13335,3537,191,15118,4456,-913,14917,4507,58,14062,4248,564,14098,2927,-1046,14203,1009,-1538,13898,1424,-555,13106,3869,-1447,14393,4632,-2552,14415,3982,-1006,12829,4152,-140,13107,3429,-808,13781,1678,-791,12929,1694,-305,12528,3427,-327,14024,4623,-808,14299,5083,196,13321,4353,1221,13445,3279,524,14106,1944,131,14300,1714,1008,13418,3215,175,14570,3927,-824,15415,4502,-72,13959,5037,613,14354,3785,-556,14596,1540,-1305,13448,1090,-659,13531,2453,-1188,14052,3880,-2379,14228,4129,-1481,13249,4442,-435,13276,4472,-983,13673,2643,-811,13199,1698,-227,12323,2729,-695,13691,3358,-831,14167,4542,296,13021,4984,1197,14048,4023,647,13829,2317,254,13863,2165,630,13976,3075,-5,14292,3345,-607,14924,3638,147,14087,4518,572,14485,4744,-447,14705,2583,-825,13872,1598,-849,13246,2077,-1318,13916,3195,-1904,14525,4076,-1546,13350,4501,-1049,13236,4301,-1039,13594,2886,-642,13161,2376,-176
12470,2597,-936,13362,2455,-750,14089,3580,221,13011,5111,468,14371,4843,94,13777,2868,453,13597,2544,795,13933,3046,145,14493,3135,-283,14311,3068,527,14266,4154,393,14636,4849,-474,14876,3522,-393,13872,2270,-696,13288,1865,-1566,13908,2254,-1556,14091,3609,-1109,13720,4499,-1380,13650,4117,-1390,13713,3101,-833,13010,3010,-315,12927,2744,-983,13430,2412,-986,13468,3044,385,13213,5028,527,14213,5410,-138,13967,3252,580,13305,2301,866,13426,2736,-56,14875,2515,-140,14046,2746,816,13794,3959,417,15124,4837,-750,14935,4630,-257,13970,3040,-161,13800,2062,-1654,13757,1220,-1426,14029,2693,-515,13581,4601,-1520,14057,4382,-2074,13988,3509,-884,12754,3814,-510,13355,3149,-1049,13223,1556,-1029,13124,1973,389,12957,4010,553,13889,5350,-376,14463,4218,244,13151,3361,1012,13470,3287,-149,14688,2207,-81,14223,2423,941,13404,3342,454,15069,4239,-808,15066,4661,-11,14003,4261,281,14217,2911,-1182,13859,968,-1572,14039,1744,-367,13230,3672,-1358,14086,4095,-2686,14313,3655,-1182,12959,4378,-385,13331,4190,-1064
13412,2246,-864,13285,1840,75,12397,3122,231,13934,4360,-448,14453,4126,228,13138,3683,1068,13477,3481,69,14579,2676,-213,14383,2685,967,13372,3282,529,14661,3546,-557,15096,3676,148,14189,4119,571,14117,3403,-975,14555,1718,-1675,13735,1917,-712,13183,3741,-977,14405,4134,-2353,14320,3423,-1465,12957,3660,-237,13265,3684,-831,13511,2518,-969,13197,1929,-218,12490,2832,-243,13725,3862,-574,14296,4419,228,13278,4452,810,13826,3711,417,13889,2268,88,14137,2286,867,13693,3383,291,14374,3653,-415,15079,3534,270,13955,4457,615,14537,4206,-600,14502,2233,-1353,13862,1442,-832,13362,2252,-984,13860,3580,-1896,14565,3896,-1418,13496,4127,-721,13250,4156,-860,13576,2802,-993,13358,2377,-429,12520,2807,-822,13389,2817,-728,14187,3938,413,13134,5179,899,14095,4429,348,13660,2637,221,13707,2383,621,13949,2944,182,14453,3080,-371,14439,2989,430,14262,4299,501,14592,5010,-386,14983,3191,-800,13818,2171,-799,13283,2132,-1440,14328,2384,-1629,14104,3523,-1191,13416,4267,-1221,13772,4035,-1256,13545,3454,-976
13028,3108,-416,13039,2926,-1026,13179,2537,-934,13645,2736,438,12906,4510,795,14030,4906,-3,14214,3088,384,13203,2853,592,13740,3353,-67,14919,3108,-354,14141,2861,664,13948,3382,578,14839,4407,-524,15024,3991,-457,13916,2937,-464,13608,2598,-1460,13855,2099,-1469,14157,3119,-696,13349,4008,-1397,13814,3960,-1881,13939,3174,-957,12921,3587,-546,12953,3356,-956,13392,2572,-1106,13303,2533,523,12940,4136,575,14151,4828,-244,14363,3543,158,13271,3079,826,13353,3265,-101,14773,2932,-75,14168,3076,893,13638,3653,581,14903,4112,-647,14952,4134,-118,14260,3503,-82,13584,2694,-1415,13860,1766,-1601,14067,2609,-479,13425,4189,-1306,13964,4073,-2378,14240,3134,-1045,13021,3778,-464,12926,3663,-955,13629,1932,-1074,13195,2094,201,12721,3780,421,14170,4976,-371,14271,4442,74,13258,3476,944,13422,3490,16,14355,2684,-95,14567,2545,1000,13096,3197,593,14769,3865,-561,15205,4172,-14,14089,4260,149,14196,3517,-1216,14207,1595,-1608,13974,1937,-412,13145,3591,-867,14226,3797,-2358,14385,3139,-1418,13010,4002,-524
13505,4236,-1146,13552,2924,-1118,13186,2030,-156,12316,2824,241,13616,4025,-343,14385,4196,63,13388,3959,763,13405,3757,114,14121,2964,-140,14396,2563,1050,13408,3243,659,14501,3298,-351,15253,3576,24,14187,4414,364,14608,4027,-938,14308,2389,-1575,13965,1836,-599,13320,2982,-723,13722,3612,-1965,14627,3063,-1717,13249,3808,-816,13140,4152,-1088,13760,3082,-1056,13102,2254,-286,12555,2804,-320,13336,3024,-277,14221,3977,334,13486,4728,639,13933,4020,135,13843,2683,-17,13905,2567,896,13969,3444,449,14148,3234,-298,14842,2881,370,14186,4177,635,14599,4856,-578,14795,2918,-1148,13892,1938,-808,13133,2117,-845,13927,2808,-1462,14255,3486,-1451,13652,4094,-1160,13537,4050,-1241,13562,3123,-1021,13327,3019,-327,12644,3006,-844,13251,2645,-587,13970,3038,575,12979,4747,769,14317,4758,-25,14008,2920,253,13360,2520,811,13764,3089,257,14559,3317,-267,14378,2858,647,14168,3492,494,14628,4556,-454,15075,3674,-469,14112,2813,-464,13440,2251,-1450,14050,2053,-1416,14027,3366,-955,13584,4239,-1443,14005,3983,-1619
13631,3137,-957,13086,3310,-359,12998,3078,-889,13130,2520,-1021,13455,2303,451,12907,4369,577,14087,4971,-179,14354,3244,249,13083,2801,775,13663,3210,19,14919,3192,-175,14089,3031,762,13909,3565,525,14828,4221,-531,15039,3939,-225,14202,3219,-76,13619,2637,-1559,14104,1705,-1641,13996,2577,-621,13362,4460,-1360,13992,4167,-2180,14173,3084,-1000,12729,3569,-388,13100,3366,-854,13600,2318,-1204,13157,2353,209,12845,3964,455,13984,5168,-380,14386,4033,193,13321,3096,1136,13068,3312,74,14756,2669,-268,14499,2774,836,13135,3449,513,14956,3929,-721,15162,4177,25,13912,3875,295,14001,3162,-1140,14053,1734,-1720,14211,2236,-526,13181,3820,-1154,14080,4049,-2532,14366,3113,-1165,12850,3836,-273,13106,4120,-985,13635,2462,-1106,13367,2258,-171,12332,3402,148,13945,4423,-574,14318,4154,95,13176,3537,1114,13177,3554,405,14275,3043,-232,14599,2805,736,13274,3335,432,14574,3590,-587,15328,3584,2,14045,4282,517,13950,3530,-762,14523,2095,-1494,13806,2354,-673,13503,3517,-855,14067,3837,-2304,14158,3030,-1663
13393,3669,-529,13022,4115,-991,13542,2901,-1195,13362,2194,-313,12440,3266,-143,13562,4118,-535,14252,4001,68,13403,3926,861,13313,3583,512,14189,2610,-32,14223,2801,653,13610,3694,311,14484,3605,-401,14845,3517,318,14289,4119,675,14414,4043,-638,14338,2353,-1343,14162,1696,-803,13102,2831,-918,13877,3972,-1862,14847,3723,-1686,13379,3922,-828,13011,3531,-910,13776,2681,-975,13160,2558,-397,12661,2911,-822,13395,3159,-570,14144,3995,338,13216,5007,578,14081,4394,252,13517,2465,294,13747,2118,824,13807,3194,174,14421,3457,-393,14710,3328,494,14216,4176,614,14584,4674,-346,14803,3152,-693,13779,1988,-666,13473,1939,-1304,13805,2445,-1584,14394,3741,-1458,13871,4396,-1457,13547,4157,-1296,13433,2967,-781,13139,2852,-128,12859,2819,-876,13155,2626,-1077,13908,2728,329,13001,4688,582,14147,5247,-84,13993,3000,341,13203,2384,1015,13534,3027,192,14843,3290,-428,14365,3084,484,13993,3538,562,14902,4457,-470,14854,3788,-249,14029,2857,-60,13451,2307,-1519,13941,1950,-1647,14095,2988,-792,13641,4306,-1516
14126,4142,-1973,13767,2783,-953,12841,3023,-148,12921,3308,-724,13350,2733,-1188,13537,2586,213,12808,4297,447,14075,5032,-258,14462,3484,213,13034,2537,1229,13244,2922,115,14686,3146,-197,14426,3401,696,13722,3874,649,14852,4150,-672,15072,3574,63,14055,2839,500,13703,2358,-1218,14057,1566,-1936,14261,2737,-712,13447,4778,-1325,14093,4658,-2380,14324,2992,-963,12646,3055,-32,13078,3036,-686,13586,2251,-1139,13265,2563,-251,12832,3954,222,13825,5090,-506,14619,4138,136,13131,2854,1305,12945,2767,308,14555,2411,-375,14475,2945,805,13473,3754,573,14843,4271,-546,15246,4200,-38,14064,4030,584,13930,2973,-738,14124,1633,-1884,14036,1641,-829,13401,3267,-827,14047,4477,-2329,14465,3534,-1498,13185,3749,-301,12697,3788,-752,13650,2442,-1078,13479,2069,-334,12271,3150,-33,13902,4282,-564,14348,4464,22,13328,3898,1131,13254,3367,730,13881,2637,-341,14658,2737,563,13452,3624,487,14483,3715,-478,15201,3529,39,14130,4242,762,14174,3913,-453,14188,2172,-1385,14169,1714,-1056,13397,2786,-927,14057,4218,-2112
14648,3727,-1775,13623,3766,-767,12737,3885,-814,13467,2787,-970,13506,2362,-291,12365,3095,-508,13657,3321,-684,14129,3993,26,13424,4764,537,13844,3975,381,13384,2572,-16,14120,2600,673,13774,3760,616,14463,3691,-225,14692,3243,183,14427,4047,543,14256,4412,-390,14540,2650,-1013,14081,1803,-992,13189,2480,-1122,14174,3330,-1659,14541,3963,-1572,13566,4214,-1146,13357,3777,-1061,13267,2647,-890,13354,2399,-134,12593,2882,-760,13351,3367,-1059,14065,3705,99,12944,5124,497,14260,4761,-39,13589,2458,409,13511,2005,972,13560,3142,324,14564,3690,-387,14783,3455,457,13803,3959,640,14996,4732,-406,14742,3508,-451,13986,2210,-425,13410,1739,-1478,13747,2242,-1615,14555,3618,-1110,13713,4712,-1448,13897,4348,-1516,13617,2831,-803,12971,2789,-171,12956,2844,-869,13042,2814,-1277,13754,2645,289,12983,4723,610,14028,5322,-144,14393,3184,160,12973,2379,1067,13410,2806,26,14722,3303,-422,14508,3316,641,13892,3737,836,14933,4392,-324,14877,3658,-110,14157,2852,135,13433,2429,-1472,13990,1926,-2011,14344,2858,-823
13642,4505,-1202,14220,4274,-2060,14021,2861,-893,12702,3040,-57,13075,3294,-788,13273,2714,-1422,13608,2439,-140,12928,3933,474,13653,5108,-316,14752,3668,101,13032,2378,1152,12977,2725,150,14630,2971,-465,14565,3568,792,13709,3743,831,14760,3908,-156,15211,3675,112,14026,3247,604,13650,2812,-1191,14232,1773,-2368,14293,2370,-924,13443,4182,-692,14191,4659,-2163,14374,2951,-1191,12835,2726,-87,12714,3220,-781,13671,2859,-1431,13515,2499,-559,12613,3449,221,13502,4857,-260,14578,4356,176,13442,3088,1022,12818,2677,439,14154,2449,-567,14800,3000,633,13425,3780,817,14598,4187,-196,15296,3780,106,14274,3842,801,13965,3208,-628,14022,1774,-1951,14357,1575,-1161,13364,3161,-768,14013,4515,-1820,14584,3539,-1484,13438,3723,-285,12687,3683,-668,13664,2718,-1160,13355,2156,-595,12664,2962,-383,13342,4037,-590,14286,4230,83,13631,4219,1007,13244,3340,784,13802,2450,-384,14238,2661,407,13844,3785,502,14277,3803,-140,15016,3085,381,14428,4094,923,14022,4041,-234,14817,2463,-1431,13790,2048,-1335,13450,2646,-1095
14226,3565,-1730,14249,3784,-1593,13657,3903,-797,12971,3709,-853,13451,2932,-1046,13424,2444,-475,12788,3080,-798,13192,3596,-827,14123,3787,199,13206,4516,744,13705,4071,473,13756,2426,110,13885,2299,484,13640,3542,145,14655,3881,-401,14608,3457,492,14265,3844,803,14446,4276,-162,14632,2903,-813,13916,2078,-751,13575,2460,-1450,14067,3250,-1880,14325,3939,-1239,13846,4220,-1076,13350,3819,-1113,13322,2480,-883,13308,2554,-421,12737,3002,-991,13506,3347,-1515,13887,3451,92,12998,4765,688,14172,4728,280,13641,2613,381,13376,2016,977,13388,3100,-8,14682,3999,-625,14699,3553,401,13833,3950,936,14707,4464,-61,14859,3433,-417,13947,2364,-196,13354,2209,-1486,14029,2577,-1921,14360,3222,-1002,13684,4302,-1166,13872,4364,-1664,13933,2959,-893,12940,2908,-283,12678,3070,-811,13502,2808,-1541,13719,2867,-211,12947,4458,599,13840,5039,47,14361,3449,103,13056,2258,1156,13105,2810,90,14557,3328,-737,14768,3484,426,13739,3865,1011,14521,4433,-71,15097,3623,-165,14101,2823,304,13456,2539,-1129,14067,1856,-2117
14526,2979,-1002,13508,4598,-1036,14054,4500,-2206,14164,2922,-1104,13001,2787,-25,12726,3092,-715,13398,2734,-1484,13685,2637,-508,12765,3939,332,13489,5336,-226,14568,3943,58,13378,2445,1296,12623,2577,457,14390,2833,-655,14914,3418,414,13497,4058,818,14525,4258,65,15226,3694,47,14156,3307,622,13679,2536,-808,14260,1667,-2070,14355,2353,-1209,13631,4206,-730,14093,4822,-2069,14124,3318,-1380,13282,2985,-24,12708,3160,-603,13348,2504,-1218,13636,1887,-770,12659,3451,-240,13433,5000,-465,14422,4319,9,13509,3529,1025,12838,2846,875,14134,2312,-234,14449,2559,442,13762,3718,552,14399,4176,-71,15029,3745,222,14491,3844,774,13740,3745,-409,14378,2038,-1600,14332,1536,-1226,13240,2874,-690,14120,4117,-1852,14491,3691,-1642,13417,3632,-570,13001,3506,-552,13207,2822,-1085,13721,2498,-621,12697,3077,-521,13228,3721,-763,14122,3934,171,13608,4103,900,13364,3682,685,13530,2540,-47,14354,2706,352,13762,3862,345,14310,3756,-194,14765,2965,518,14217,3776,876,14484,4093,-246,14495,2856,-1284,13949,2171,-1231
13713,2485,-1201,13942,3382,-1534,14350,3610,-1240,13896,3849,-1028,13172,3939,-1031,13566,2912,-1060,13299,2679,-550,12647,2963,-797,13331,3215,-894,13655,3316,268,13331,4401,848,14025,4588,49,13687,3069,-37,13830,2412,567,13481,3427,226,14531,3789,-220,14746,2876,901,13889,3466,1231,14626,4395,-304,15063,3626,-1052,14178,2592,-834,13346,2586,-1412,14144,2689,-1638,14265,3054,-885,13475,3907,-818,13589,4010,-1496,13903,3028,-1147,13161,3041,-568,12827,3218,-1035,13421,3141,-1563,13397,2728,329,12976,4031,1027,13706,4865,167,14361,3581,-59,13469,2722,815,13219,3226,-71,14844,3442,-463,14526,2902,696,13656,3213,1194,14558,4113,-278,15062,3928,-687,14497,3509,-141,13460,3132,-1159,14167,2360,-1956,14370,2371,-656,13125,3379,-853,13874,3829,-1935,13977,3273,-1343,13349,3745,-525,12834,4009,-1041,13639,3058,-1583,13481,2213,-82,12520,3199,972,13575,4177,49,14519,3702,-248,13364,3245,881,13089,3749,163,14444,3872,-685,14882,3132,600,13323,2921,1196,14247,3408,-43,15395,3449,-473,14369,3576,120,13449,3457,-858
14480,2692,-1850,14210,2607,-814,13298,3215,-554,13769,3629,-2218,14197,2831,-1699,13582,3169,-379,12515,4244,-862,13596,3407,-1426,13904,2468,-436,12071,3169,552,13431,4284,-91,14597,3802,-219,13564,3270,765,12773,3382,528,14116,3435,-600,14881,3163,523,13430,3192,1093,14114,3576,96,15167,3459,-293,14766,3823,351,13716,3606,-727,14257,2603,-1706,14603,2157,-866,13250,3403,-435,13741,3933,-1960,14440,2986,-1865,13628,3522,-450,12831,3994,-754,13590,3181,-1414,13661,2247,-813,12543,2961,-34,13258,3759,-67,14020,4045,-65,13783,4156,808,13359,3747,713,13531,3092,-167,14613,2564,267,13817,3145,584,13800,3272,28,15122,2997,187,14558,4151,526,14160,4573,-449,14533,3105,-1346,14195,2120,-1048,13484,2400,-675,13772,3098,-1466,14220,2987,-1773,13680,3599,-975,13191,4439,-837,13425,4065,-1283,13724,2957,-633,12711,2601,-566,12785,2619,-424,14099,2779,339,13263,4171,651,13738,4662,293,13800,3556,-8,13979,3202,430,13753,3363,608,14243,3196,9,14515,2189,444,14251,2950,702,14444,4566,-441,14701,4135,-1051
14604,3071,-636,13410,2550,-812,13674,2596,-1264,14158,2634,-1324,13782,3359,-1367,13431,3797,-1403,13575,3397,-1163,13476,3563,-470,12963,3531,-784,13223,3183,-959,13447,2121,391,13193,3638,858,13798,4729,84,14202,3421,-141,13704,2827,705,13378,3490,213,14715,3839,-132,14302,2894,615,13767,2829,960,14565,3787,-253,14867,3772,-773,14595,3157,-340,13432,2868,-1255,14158,2524,-1686,14112,2698,-766,13505,3860,-968,13737,4094,-1783,13945,3086,-1230,13187,3189,-585,13043,3355,-812,13329,2984,-1447,13383,2408,67,12940,3602,888,13432,4923,108,14663,4038,-149,13578,2964,999,12945,3121,126,14760,2985,-434,14509,2731,759,13354,3008,1084,14608,4005,-352,15248,4388,-620,14485,3932,132,13844,3221,-934,13938,2233,-1983,14359,1874,-653,13355,2915,-701,13404,4143,-2198,14472,3425,-1389,13360,3861,-332,12459,4131,-748,13875,2635,-1453,13339,1876,-299,12453,2722,635,13734,4302,-203,14440,4507,-235,13648,3794,1046,13059,3906,566,14243,3501,-541,15011,2460,703,13189,2470,1048,14198,3373,-384,15437,3710,-772,14431,4247,258
13674,3898,-429,14426,2762,-1551,14165,2029,-859,13335,2705,-548,13679,3522,-2333,14333,2926,-2086,13678,3875,-488,12701,4813,-694,13640,3640,-1296,13610,2162,-369,12121,2504,351,13605,3755,-437,14344,3917,-541,13737,3783,732,12978,3795,839,13861,3570,-217,14816,2871,615,13349,3012,840,14069,3189,-238,15216,3263,-616,14679,4087,253,13797,4014,-364,14481,2893,-1260,14358,2251,-804,13231,2891,-495,13747,3613,-2079,14365,3067,-2191,13932,3471,-717,12884,4199,-730,13332,3567,-1191,13663,2272,-444,12394,2705,-158,12956,3454,-540,14246,3831,-346,13913,4359,656,13190,3919,822,13691,3051,42,14363,2664,368,13731,3256,549,13974,3357,-213,14864,3044,-184,14657,4097,560,14219,4617,-251,14432,3334,-1005,14260,1948,-834,13318,2123,-691,13538,3199,-1622,14449,3240,-1835,13888,3698,-1167,13038,4288,-930,13631,3415,-982,13614,2701,-471,12562,2792,-677,13121,3047,-804,14031,3076,53,13219,4452,708,13834,4786,390,13867,3427,244,13824,2739,579,13755,2968,356,14252,3349,-302,14557,2577,308,14230,3223,645,14606,4858,-129
14594,3866,-724,14549,2589,-503,13440,2170,-1032,13700,2645,-1677,14476,3010,-1280,13703,3710,-1462,13560,4176,-1364,13644,3415,-978,13497,3340,-363,12861,3191,-636,13116,3029,-1186,13548,2336,64,13109,4053,529,13786,4936,133,14056,3358,133,13483,2740,894,13426,3113,211,14600,3519,-393,14501,2552,476,13902,2956,829,14813,4386,-125,14828,4079,-528,14548,3349,-42,13415,2860,-1110,13874,2219,-1812,14191,2355,-819,13460,3751,-1092,13947,4064,-1925,13771,3204,-1372,13079,3443,-415,12982,3555,-772,13280,2984,-1412,13501,1996,107,12931,3256,821,13443,4841,12,14710,4058,-172,13454,3046,1027,13016,3297,143,14685,3368,-552,14580,2760,711,13479,2929,1131,14383,3795,-98,15216,4147,-473,14243,3730,295,13631,3231,-901,14053,2079,-2029,14202,1758,-741,13413,3365,-561,13680,4303,-2147,14538,3560,-1614,13198,3916,-384,12789,3900,-824,13675,2800,-1308,13198,1969,-216,12701,2680,640,13316,4299,-156,14513,4492,-333,13708,3803,823,12903,3946,547,14292,3192,-545,14737,2405,849,13202,2535,1241,14239,3317,-131,15399,3854,-601
14389,4446,268,13983,3790,-554,14443,2625,-1801,14015,1828,-917,13549,2475,-350,13700,3739,-2043,14243,3212,-1880,13815,3769,-482,12800,4541,-841,13496,3421,-1475,13522,1938,-320,12165,2533,287,13383,3847,-284,14405,3992,-447,13602,4183,761,13045,3932,825,14079,3528,-390,14519,2744,511,13521,2653,1036,14074,3160,-64,15210,3284,-323,14918,4232,339,13829,4405,-564,14479,3182,-1451,14405,2083,-972,13085,2419,-500,13763,3295,-1676,14271,2947,-1995,13827,3571,-759,12797,4497,-959,13627,3958,-1504,13695,2507,-600,12252,2470,-51,13167,3059,-273,14037,3470,-129,13883,4311,593,13352,4394,513,13741,3628,-193,14506,3040,220,13611,3228,673,14050,3000,160,14623,2456,96,14660,3763,644,14164,4855,-395,14661,3725,-1269,14494,2507,-962,13166,2293,-705,13907,2739,-1401,14138,2884,-1791,13868,3422,-1172,13344,4307,-1014,13400,3999,-1218,13930,2995,-633,12575,2706,-532,12915,2747,-580,14116,2647,83,13202,4289,657,13901,4903,202,13849,3688,-2,13812,2989,583,13599,3201,445,14173,2970,-121,14564,2215,361,14120,3154,725
14646,4937,-452,14694,4493,-1092,14575,3129,-534,13454,2466,-880,13572,1994,-1286,14289,2477,-1222,13771,3481,-1368,13581,4223,-1635,13593,3969,-1418,13608,3671,-650,12827,3292,-573,12763,2722,-1086,13654,1673,234,13117,3335,791,13442,4872,120,14397,4226,-346,13673,3409,695,13352,3505,234,14401,3361,-258,14507,2307,569,13863,2568,928,14596,3914,-224,14908,4234,-814,14707,3711,-107,13559,3179,-1085,13843,2457,-1662,14118,2141,-699,13521,3148,-1005,13609,3683,-2021,14008,3215,-1452,13412,3668,-713,12911,4055,-806,13370,3265,-1324,13396,2117,42,12880,2919,866,13382,4483,169,14612,4109,-317,13674,3209,764,13046,3539,255,14514,3418,-476,14705,2561,763,13370,2756,1204,14447,3553,-137,15230,3837,-747,14622,3939,110,13851,3534,-842,14102,2674,-1867,14148,1848,-665,13355,2832,-311,13682,3926,-1954,14205,3224,-1727,13640,3748,-555,12690,4437,-913,13785,3435,-1455,13244,1835,-278,12509,2445,672,13273,3889,100,14523,4200,-47,13815,3707,850,13092,3749,435,14236,3609,-743,14800,2749,558,13322,2600,1145,13959,3215,38
15240,3510,-382,14693,4262,339,13882,4236,-569,14461,2862,-1766,14149,1840,-916,13247,2617,-347,13658,3512,-1865,14203,2984,-1970,13762,3635,-538,13027,4572,-814,13661,3810,-1431,13569,2136,-478,12429,2380,236,13081,3434,-188,14334,3943,-282,13709,4241,809,13329,4112,790,14022,3499,-322,14419,2815,448,13644,2807,1090,13829,3071,104,14878,3081,-287,14644,4150,337,14073,4653,-397,14690,3252,-1458,14253,1994,-892,13271,2273,-332,13873,3208,-1546,14216,3181,-2033,13679,3586,-972,13119,4390,-886,13530,3932,-1302,13683,2378,-426,12532,2366,-165,12889,3094,-482,14203,3461,-277,13427,4707,639,13383,4675,663,14006,3577,33,14046,2813,710,13729,2632,782,14217,2757,-103,14326,2601,-220,14722,3842,502,14326,5057,-308,14769,4041,-1078,14506,2284,-657,13391,2061,-559,13635,2571,-1369,14126,2801,-1801,13851,3689,-1320,13216,4503,-1203,13752,4089,-1284,13570,3152,-369,12634,2721,-415,12880,2780,-770,13885,2432,-164,13277,4183,540,13629,4966,302,14211,3819,168,13565,2985,831,13693,3070,790,14496,3332,-172,14364,2554,1
14328,3010,502,14338,4774,-384,14978,4382,-892,14571,2827,-326,13216,2486,-592,13735,2582,-1432,14337,2939,-1321,13670,3575,-1305,13415,4151,-1626,13854,3457,-1312,13347,3301,-471,12556,3078,-353,13293,2770,-1122,13421,2369,-70,13523,4016,643,13661,5211,-60,14186,3782,-171,13830,2638,963,12945,3134,546,14517,3350,-227,14618,2820,395,13634,3205,799,14630,4307,-282,14835,4155,-752,14544,3110,-17,13479,2306,-785,13849,2138,-1696,14237,2602,-934,13804,3953,-1138,13658,4335,-2036,14029,3161,-1374,13580,3070,-420,12722,3351,-532,13386,2904,-1411,13544,2432,-515,12855,3692,616,13318,5123,84,14538,4210,-126,13733,2779,1163,12597,2784,711,14441,2967,-449,14758,2695,270,13463,3229,768,14598,4181,-210,15032,4453,-590,14887,3781,307,13621,2871,-582,14082,1957,-1766,14458,1837,-975,13424,3538,-712,13699,4383,-2131,14292,3465,-1836,13504,3467,-523,12557,3897,-658,13506,3033,-1228,13387,1837,-531,12451,2628,444,13233,4469,24,14452,4589,-329,13890,3554,785,12929,3345,730,13960,3075,-445,14945,2590,419,13549,2954,876
14320,3753,-168,15259,3885,-584,14646,4033,544,13781,3629,-223,14144,2295,-1597,14183,1577,-1144,13246,2949,-520,13864,4206,-2101,14149,3596,-2234,13765,3648,-556,12947,4014,-505,13180,3183,-1144,13519,1718,-461,12550,2506,169,13129,4064,-252,14492,4243,-489,13864,4030,552,13225,3678,853,13734,3180,-149,14658,2516,530,13699,2888,811,13729,3592,-33,15049,3491,-254,14715,4231,557,13859,4124,-213,14305,2767,-1422,14330,1688,-1080,13376,2301,-628,13667,3971,-1703,14323,3853,-2095,13994,3659,-853,12873,3795,-606,13516,3192,-1080,13873,2134,-526,12424,2475,-427,13053,3512,-587,14124,3966,-247,13695,4807,633,13465,4275,734,13499,2959,109,14124,2215,508,13756,2675,696,14000,3559,-162,14572,3358,-42,14716,4115,611,14105,4742,-8,14728,3236,-870,14263,1837,-942,13422,1801,-878,13996,2832,-1548,14052,3700,-1825,14140,4271,-1141,13388,4424,-892,13370,3411,-1058,13532,2302,-345,12663,2326,-652,12975,3087,-1033,13868,3098,-157,13432,4905,730,13670,5193,413,14020,3385,300,13609,2200,767,13499,2498,471,14660,3357,-439
14503,3113,-71,14257,3695,670,14507,4838,-65,14803,4090,-639,14497,2388,-199,13347,1803,-888,13891,2276,-1758,14254,3184,-1499,13762,4354,-1424,13501,4688,-1508,13639,3511,-1021,13173,2807,-229,12730,2439,-309,13374,2903,-1422,13371,2756,-337,13575,4163,510,13531,5240,78,14305,3941,39,13751,2419,1243,12932,2727,554,14655,3217,-426,14622,3146,133,13767,3712,781,14773,4421,-258,14891,4166,-677,14317,2998,108,13406,2184,-665,13844,2268,-1914,14180,2727,-1225,13878,4138,-1124,13739,4653,-1935,14015,3224,-1287,13309,2765,-264,12484,2859,-326,13502,2548,-1290,13580,2453,-477,13072,3983,498,13522,5478,-163,14595,4507,-212,13546,2586,1199,12686,2401,864,14241,2828,-603,14914,2840,347,13545,3695,937,14405,4631,-56,15243,4407,-663,14564,3539,385,13434,2430,-394,14131,1730,-1902,14282,1758,-1164,13428,3736,-810,13853,4908,-2182,14362,3767,-1689,13575,3174,-219,12582,3215,-480,13500,2653,-1412,13503,2057,-660,12574,3328,441,13298,5154,-156,14433,4644,-380,13704,3154,1102,12701,2729,993,14014,2645,-664,15021,2636,79
13381,3493,666,14304,4470,-104,15408,4177,-408,14691,3726,757,13624,2874,-65,13979,1837,-1721,14579,1674,-1506,13340,3511,-909,13922,4844,-2266,14293,3737,-2046,13575,3289,-194,12575,3393,-226,13258,2781,-1286,13587,1823,-904,12535,2868,-130,13356,4872,-436,14302,4742,-468,13981,3906,916,12965,2973,1284,13577,2185,-199,14835,2087,262,13608,3245,559,14312,4353,-210,15090,3944,-332,14805,4094,755,13866,3802,49,14008,2288,-1428,14615,1363,-1296,13056,2429,-670,13886,4389,-1786,14486,4100,-2179,14004,3883,-702,12616,3570,-361,13241,2940,-908,13752,2210,-653,12660,2617,-542,13093,3740,-728,14242,4140,-386,13973,4541,788,13333,3819,979,13475,2712,151,14314,2244,347,13692,3075,500,14089,3985,-228,14747,3515,-92,14694,4017,836,14067,4154,182,14422,3062,-1048,14141,1739,-1139,13739,2126,-1004,13545,3505,-1607,14319,3850,-1867,14323,3757,-949,12979,3701,-716,13386,2958,-1001,13806,2370,-579,12730,2729,-715,13058,3574,-1078,13795,3680,-310,13479,4657,803,13492,4497,776,13748,3034,171,13721,1916,392,13622,2829,272
14239,3937,-381,14657,3510,176,14345,3630,982,14290,4307,113,14848,3276,-708,14481,2068,-637,13485,2197,-1337,13976,2741,-1838,14214,3521,-1408,13887,4438,-1004,13602,4193,-1153,13515,3021,-1064,13290,2435,-517,12898,2716,-739,13140,3263,-1554,13591,3096,-270,13349,4353,655,13316,4862,509,14141,3401,379,13660,2121,840,13229,2591,114,14489,3498,-573,14827,3455,254,13949,3827,1007,14664,4295,122,14774,3683,-433,14461,2754,16,13542,2416,-1069,14000,2438,-2052,14140,2926,-1192,13531,4152,-1018,13859,4240,-1582,13654,2971,-1151,13195,2779,-415,12695,3090,-606,13527,3126,-1547,13478,2814,-436,13138,3713,588,13567,4808,219,14281,3872,-6,13722,2605,1138,12972,2991,417,14427,3313,-713,15002,3301,176,13361,3733,1093,14608,4097,158,14944,3635,-508,14239,3156,178,13582,2591,-582,14113,2579,-2071,14239,2527,-1152,13577,3749,-713,13840,4575,-1932,14058,3204,-1548,13740,2751,-326,12306,3299,-785,13559,2869,-1350,13834,2376,-446,12576,3673,431,13545,4998,-217,14481,4252,-417,13620,3177,992,12701,2916,836,14169,3184,-626
14550,2811,351,13500,3304,1090,14105,4140,122,15163,3876,-448,14785,3537,273,13503,3151,-541,14415,2404,-1798,14484,2034,-1178,13420,3501,-507,13951,4296,-1810,14280,3217,-1917,13624,3244,-339,12795,3711,-664,13501,3461,-1545,13562,2366,-764,12551,3098,288,13052,4390,-136,14362,4186,-352,13800,3345,860,12753,3217,1040,13946,3133,-383,14768,2758,297,13796,3542,843,14039,3724,151,15240,3559,-141,14749,3634,636,13946,3528,-250,14371,2801,-1608,14365,2117,-1324,13602,3356,-537,13480,4434,-1628,14405,3127,-1951,13669,2718,-582,12515,3488,-579,13637,3551,-1337,13534,2720,-770,12736,3056,-336,12890,3806,-425,14097,3901,-154,14030,3598,852,13036,3431,1012,13628,2831,-246,14687,2930,41,13782,3789,394,14172,4148,-89,14766,3262,134,14536,3347,1033,14016,3843,113,14267,3041,-1395,14600,2179,-1452,13293,2780,-1055,13742,3733,-1291,14338,3410,-1577,13789,3366,-837,13018,3490,-769,13612,3057,-1346,13824,2731,-858,12667,3213,-706,13399,3780,-870,13841,3471,-136,13462,4010,1019,13688,4035,652,13573,3002,47,14055,2437,347
13385,3398,276,14340,4325,-325,14601,3136,203,14125,3089,1206,14241,4013,343,14813,3406,-957,14588,2580,-914,13410,2545,-1221,14125,3013,-1630,14327,3415,-1295,13923,3616,-826,13580,3596,-1129,13435,2986,-1211,13659,2849,-719,12831,3207,-851,12954,3629,-1431,13701,2873,-198,13268,3998,1006,13282,4556,680,14215,3469,42,13454,2488,702,13299,2913,305,14383,3832,-445,14827,3285,154,14007,3213,1130,14435,3775,107,14852,3712,-623,14751,3117,-291,13676,2950,-1054,13813,2667,-1910,14372,2493,-975,13629,3762,-751,13376,4067,-1576,13970,2929,-1422,13370,3142,-711,12565,3699,-710,13515,3365,-1536,13269,2581,-483,12952,3167,826,13378,4295,551,14357,3801,-88,13810,2619,832,13113,3337,234,14444,4233,-808,15106,3514,212,13653,3193,1139,14062,3375,341,15077,3155,-330,14648,3044,177,13475,3153,-826,14267,3117,-2275,14313,2928,-1336,13481,3783,-596,13513,3736,-1680,13927,2450,-1481,13588,2425,-412,12667,3632,-725,13731,3877,-1604,13833,3001,-813,12675,3671,381,13236,4373,114,14462,3692,-155,13503,2533,1007,13074,2889,752
14062,3857,-788,14870,3523,56,13768,3461,1022,13737,3630,432,15216,3127,-266,14537,3122,380,13578,3359,-508,14477,2931,-1997,14391,2747,-1403,13691,3596,-279,13676,3949,-1522,13994,2670,-1678,13650,2567,-447,13053,3597,-728,13306,3995,-1786,14048,2775,-1017,12654,3092,186,12828,4149,162,14386,3598,-19,13654,3200,991,12805,3287,991,14043,3745,-642,14534,3561,54,14027,3468,795,13884,3597,283,14820,2988,19,14848,3268,618,13792,3682,-311,14391,3232,-1751,14734,2581,-1320,13581,3093,-311,13651,3867,-1242,14102,2612,-1913,13885,2404,-821,12588,3732,-803,13725,4161,-1667,13978,3432,-1009,12651,3426,-285,12858,3670,-186,14063,3400,-16,13721,3328,867,13096,3105,847,13681,3200,-430,14412,3559,-125,14071,4043,419,13932,4003,131,14612,2737,297,14760,2889,1046,13865,3506,-72,14517,2980,-1512,14654,2622,-1437,13614,3413,-876,13754,4195,-1298,14107,3496,-1633,14036,2888,-930,12981,3157,-764,13467,3117,-1409,13797,2915,-1013,12758,3236,-666,13017,3900,-682,13781,3323,-33,13632,3859,770,13403,4102,585,13870,3004,-27
14083,2434,198,13436,3395,355,14580,4345,-181,14566,3261,228,14256,2998,1159,14257,3748,371,14630,3547,-1054,14712,2411,-912,13565,2550,-1135,13719,3205,-1456,14246,3317,-1258,13972,3696,-954,13213,3763,-1138,13609,2956,-1265,13586,2945,-759,12837,3519,-743,13260,3695,-1381,13418,2893,-300,13500,3675,983,13280,4359,616,14210,3514,188,13758,2306,699,12963,3125,225,14533,4076,-464,14773,3412,79,13985,3125,1128,14306,3649,282,14650,3599,-487,14659,3031,-151,13558,2819,-955,14002,2803,-1920,14333,2863,-1197,13840,3907,-843,13510,4019,-1634,13794,2783,-1246,13454,2699,-490,12769,3332,-593,13386,3364,-1500,13511,2919,-709,13127,3574,644,13232,4665,375,14390,3933,-10,13750,2560,951,12913,2915,618,14117,3813,-698,15005,3388,58,13778,3357,1023,14074,3544,257,15254,3395,-415,14408,3201,88,13847,2838,-595,14130,2826,-2143,14301,2518,-1368,13856,3519,-497,13362,4290,-1718,14251,3118,-1573,13708,2773,-416,12333,3552,-790,13679,3449,-1605,13575,2722,-905,12711,3350,476,13264,4331,211,14311,4046,-173,13772,2795,944
13017,2856,969,13762,3660,-734,15094,3187,57,13893,3506,964,13843,3818,330,15350,3397,-398,14616,3436,471,13608,3352,-294,14338,2880,-1871,14196,2328,-1473,13754,3492,-491,13606,4233,-1598,13932,2882,-2022,13771,2514,-397,12601,3578,-526,13416,3673,-1473,13838,2351,-958,12727,3080,-10,13075,4289,-70,14458,4082,-281,13914,3615,827,12822,3176,1074,13915,3428,-446,14377,3158,-55,14112,3450,811,13816,3807,247,14855,3315,-254,14971,3301,534,13511,3741,-87,14448,2889,-1420,14384,2092,-1367,13379,2965,-451,13893,3912,-1475,14109,3184,-2070,14004,2936,-898,12981,3762,-606,13382,3868,-1468,13938,2634,-918,12740,2675,-195,12793,3890,-393,14026,3908,-408,14117,3826,614,13004,3426,1068,13550,3102,-63,14455,2901,80,13632,3339,511,13968,3620,83,14600,3100,-128,14923,3526,869,14009,4091,162,14433,3313,-1192,14584,2251,-1191,13647,2543,-911,13743,3775,-1466,14195,3507,-1829,14194,3259,-1051,12943,3642,-610,13423,3215,-1219,13723,2602,-820,12629,2968,-720,13128,3551,-910,13733,3288,-323,13394,4196,735,13628,4402,730
13829,3264,159,13739,2226,346,13681,2803,465,14453,4015,-214,14590,3248,-70,14503,3172,935,14198,4342,291,14650,4052,-922,14839,2490,-766,13189,2261,-925,13961,2830,-1416,14212,3222,-1446,13848,3716,-1113,13429,3795,-1278,13458,3463,-1221,13493,2922,-639,12960,3012,-461,13003,3269,-1407,13609,2718,-480,13582,3674,805,13197,4642,540,14380,4018,-108,13696,2582,708,13330,3014,456,14227,3745,-306,14846,3233,-87,13903,3103,1048,14121,3766,321,14822,3967,-610,14456,3250,-171,13707,2703,-740,13652,2440,-1793,14252,2264,-1167,14034,3479,-891,13461,4247,-1837,14017,3363,-1552,13665,3038,-557,12780,3424,-441,13351,3284,-1358,13474,2651,-670,13372,3264,626,12930,4660,273,14359,4309,-352,13968,2894,707,12588,3055,795,14122,3398,-381,14846,2974,209,13544,3148,1067,14251,3647,196,15182,3816,-663,14745,3572,19,13774,3161,-345,14067,2902,-1887,14346,2129,-1267,13810,3248,-501,13526,4488,-1764,14209,3401,-1807,13868,2933,-448,12231,3559,-454,13765,3331,-1350,13237,2338,-923,12790,3084,374,13126,4361,256,14161,4197,-265
14086,3115,849,12752,2918,1008,14047,3448,-670,14897,2965,-13,13852,3603,1129,13922,4007,447,15262,3789,-390,14847,3651,326,13582,3165,-39,14329,2736,-1772,13971,1861,-1547,13849,2984,-398,13488,4245,-1552,13940,3765,-2229,14026,3037,-619,12532,3694,-351,13313,3399,-1278,13826,1916,-915,12867,2782,-17,12768,3988,-32,14368,4465,-388,13914,4370,588,13153,3490,1123,13813,3189,-268,14288,2663,-7,14401,2927,938,13354,3490,252,14701,3217,-333,14997,3626,409,13616,4448,111,14549,3584,-1342,14366,2143,-1444,13590,2285,-500,13799,3349,-1340,14192,3256,-2097,14156,3001,-955,12856,4037,-546,13409,4228,-1280,13883,3018,-886,12826,2714,-334,12584,3307,-515,14097,3166,-378,13786,3711,610,13176,3985,990,13549,3512,-63,14238,3270,118,13738,3376,766,13975,3643,190,14575,2738,-86,14840,2874,592,14094,4084,-19,14473,3772,-1336,14800,2792,-1173,13447,2763,-621,13943,3607,-1086,14134,3042,-1588,14161,2701,-1208,13083,3344,-1000,13425,3621,-1435,13711,3280,-923,12630,3165,-470,13065,3658,-715,13424,3032,-290,13706,3782,836
13485,4102,727,13791,3255,-122,14012,2438,133,13546,3318,467,14406,4362,-82,14524,3296,110,14393,3086,1050,14231,3795,395,14710,3900,-1088,14710,2641,-957,13382,2362,-980,13787,2989,-1434,14082,3205,-1436,14048,3536,-1027,13240,3840,-1361,13542,3510,-1348,13627,2861,-847,12953,3096,-618,13053,3241,-1234,13666,2645,-348,13508,3513,975,13038,4796,522,14526,4243,-160,13791,2705,445,13285,3201,244,14201,3571,-324,14780,3001,63,13854,2668,1317,14087,3597,389,14789,4231,-703,14912,3458,-406,13843,3183,-991,13622,2643,-1782,14509,2341,-1165,13629,3271,-616,13596,3731,-1606,13870,3238,-1567,13456,3361,-698,13163,4045,-597,13198,3672,-1420,13489,2433,-832,13040,2418,692,12887,4172,504,14447,4218,-173,13965,3000,683,12911,3381,665,14023,3818,-441,15136,3153,118,13671,2777,1205,14105,3120,332,15061,3507,-701,14800,3874,-187,13940,3563,-501,14030,3240,-1925,14307,2325,-1125,13607,2874,-238,13423,3748,-1659,13953,3019,-2147,13880,2977,-872,12567,3957,-697,13478,4064,-1322,13632,2618,-876,12825,2724,495,12727,3854,476
14364,4029,-245,14178,3346,404,12872,3104,866,14019,3706,-622,14909,3200,-44,13938,3300,1087,13688,3483,459,14904,3497,-680,15077,3578,250,13590,3364,-43,14207,3000,-1608,14205,1784,-1404,13828,2945,-291,13276,4231,-1552,14286,3521,-2408,14047,3227,-842,12575,3715,-394,13655,3510,-1209,13400,2137,-901,13207,2622,58,12711,3840,-39,14062,4340,-428,14241,4213,600,12899,3684,1134,13657,3148,-36,14477,2372,61,14233,2728,1132,13526,3413,355,14793,3462,-568,15059,4001,202,13767,4504,97,14612,3304,-1217,14393,1830,-1271,13705,2132,-284,13722,3252,-1207,13956,3572,-2296,14283,3376,-1282,12909,4118,-550,13192,3975,-1009,13987,2275,-651,12868,2309,-270,12629,3221,-600,14061,3474,-547,13854,4331,464,13187,4442,1077,13814,3526,353,13943,2677,311,13977,2693,883,14051,3383,88,14410,3059,-459,15052,3517,248,14102,4566,-13,14581,3978,-901,14642,2338,-688,13473,2016,-419,13727,2852,-1141,13838,3146,-1858,14380,3240,-1552,13026,4009,-1152,13317,3905,-1208,13848,3074,-632,12678,2896,-248,12805,3181,-833,13703,2665,-436
13549,3884,534,13607,4731,590,13922,3779,188,13737,2526,557,13405,3102,629,14348,3847,49,14571,3031,-194,14278,2955,622,14390,4196,41,14634,4245,-855,14607,2695,-584,13388,2342,-716,13722,2791,-1316,14249,3009,-1337,14029,3547,-1392,13468,4164,-1702,13732,3690,-1470,13509,2993,-570,12698,2973,-142,13089,2891,-953,13377,2474,-471,13516,3604,617,13391,4985,242,14400,4650,-366,13833,2708,554,13117,2684,598,14064,3378,-106,14865,2801,218,13797,2869,1120,14273,4025,162,15038,4587,-1006,14767,3755,-361,13796,2704,-619,13691,2090,-1598,14056,2077,-1073,13810,3456,-699,13597,4360,-1867,13917,3797,-1772,13692,3279,-690,12943,3574,-484,13114,3215,-1200,13432,2231,-645,13128,2646,771,12976,4465,293,14547,4799,-409,14078,3386,643,12934,3091,838,13922,3372,-323,14992,2660,158,13634,2724,1141,13963,3561,254,15296,4231,-895,14941,4159,-103,13692,3450,-305,14017,2856,-1618,14197,1916,-1203,13618,2812,-366,13515,3806,-1728,14114,3320,-2152,13811,3188,-741,12597,3876,-582,13427,3828,-1245,13403,2358,-842,13021,2605,598
12880,3954,261,14396,4364,-551,14235,3583,498,12810,3362,1051,13897,3549,-476,14696,2834,140,13962,3086,1121,13725,3450,378,15094,3512,-818,14988,3576,118,13805,3655,-125,14173,3001,-1527,14333,1908,-1405,13545,2855,-258,13425,4070,-1596,14339,3363,-2343,14028,3078,-974,12645,3831,-502,13661,3766,-1267,13486,2410,-845,12804,2577,161,12823,3656,96,14115,4253,-468,14197,4033,405,13258,3494,1005,13411,3210,-256,14537,2373,31,14101,2865,984,13409,3730,373,15031,3508,-464,15043,4027,221,13884,4153,103,14489,3328,-1319,14277,1587,-1454,13719,1897,-402,13337,3484,-1194,14141,3746,-2288,14412,3439,-1158,12764,4137,-520,13393,3937,-1222,13927,2343,-795,12653,2157,-152,12565,2988,-226,13951,3510,-552,14024,4593,333,13385,4553,973,13706,3693,79,14266,2363,217,13954,2612,869,13764,3331,268,14525,2975,-327,14898,3371,425,14024,4454,108,14623,4018,-968,14699,2591,-1008,13354,2122,-643,13553,2627,-1125,13973,3068,-2010,14098,3511,-1427,13392,4023,-831,13435,3825,-1131,13545,2883,-649,13175,2669,-398,12586,3232,-732
13674,2750,-545,13777,3917,486,13283,4755,694,14166,3796,286,13642,2447,502,13724,2996,632,14210,3735,-73,14517,2995,-207,14351,2967,490,14256,4086,166,14772,4278,-722,14539,2955,-518,13768,2362,-671,13663,2535,-1308,14050,2997,-1566,14180,3439,-1235,13480,3883,-1292,13432,3664,-1378,13648,3072,-598,12986,3136,-243,12857,3362,-1191,13492,2590,-556,13736,3462,605,13019,4938,445,14377,4160,16,13807,2522,825,13114,2831,687,14217,3637,-218,14822,3184,-69,14030,3020,763,14381,3893,-84,14797,4282,-779,14876,3307,-130,13659,2563,-594,13678,2605,-1613,14182,2540,-1177,13904,3444,-917,13385,4113,-1792,13974,3475,-1689,13687,3160,-677,12681,3525,-399,13168,3238,-1115,13397,2441,-669,13073,3003,589,13229,4587,441,14518,4434,-253,13836,2881,673,13053,2965,595,14041,3824,-473,14942,3170,63,13826,2921,1219,13952,3572,303,15114,4043,-722,14754,3662,59,13668,2931,-445,13988,2535,-1926,14093,2153,-1347,13774,3331,-406,13545,4306,-1752,14063,3500,-1987,13827,3001,-597,12718,3585,-454,13442,3602,-1175,13377,2415,-861
13140,2819,565,12822,4407,229,14407,4570,-350,14106,3359,629,12715,3092,1031,13980,3297,-467,14867,2866,143,13713,3166,1161,13824,3492,373,15122,3636,-661,14872,3872,274,13816,3603,-68,14299,3052,-1799,14308,1880,-1545,13665,3068,-315,13468,4098,-1505,14305,3234,-2112,13944,2961,-667,12666,3815,-570,13533,3906,-1332,13518,2491,-977,12868,2712,76,12843,3661,158,14091,4189,-347,14168,3710,648,12987,3305,1124,13587,3459,-337,14820,2787,-53,14116,3321,1115,13530,3498,315,15121,3095,-482,14892,3538,236,13890,4114,121,14496,3430,-1473,14572,2253,-1615,13483,2642,-377,13293,3543,-1152,14340,3262,-2225,14009,2932,-1114,12723,3627,-688,13364,3837,-1358,13636,2910,-876,12944,2755,-152,12553,3362,-249,14042,3576,-410,14192,3951,597,13100,3875,972,13719,3239,-88,14358,2864,33,14055,3233,820,13799,3657,154,14684,3081,-282,14925,3345,393,14024,4249,183,14419,3557,-1025,14501,2187,-1152,13600,2054,-620,13470,3131,-1133,14016,3496,-2023,14280,3516,-1399,13063,3904,-921,13393,3591,-1259,13918,2848,-720,12702,2655,-252
12805,3176,-630,13654,3070,-503,13866,4039,642,13256,4608,940,13951,3577,136,14024,2412,223,13422,2964,532,14339,3957,-93,14545,3101,-118,14382,2961,725,14204,4141,244,14465,4101,-837,14979,2660,-794,13396,2253,-978,13736,2834,-1435,14310,3075,-1626,14015,3856,-1188,13191,3998,-1117,13669,3446,-1161,13599,2774,-565,12850,2816,-403,13009,3300,-1233,13391,2778,-615,13645,3754,625,13153,4966,682,14071,4041,130,13931,2517,666,13245,2919,448,14323,3678,-238,14597,2886,-14,14072,2795,883,14388,3820,147,14816,4299,-715,14858,3249,-364,13637,2838,-875,13726,2705,-1687,14248,2417,-1337,13826,3273,-900,13459,3886,-1537,13762,3416,-1433,13447,3101,-720,12809,3502,-406,13301,3464,-1307,13371,2500,-669,13436,2910,611,12975,4634,538,14546,4449,-19,13810,2672,844,12996,2997,534,14155,3654,-565,15001,3431,-63,13822,3069,985,14143,3663,77,14988,4040,-698,14647,3393,36,13797,2856,-287,13761,2610,-1928,14279,2258,-1282,13897,3293,-535,13441,4386,-1903,14044,3470,-1923,13801,2950,-720,12424,3543,-419,13577,3195,-1127
13609,2210,-687,12951,2803,501,13227,4640,85,14379,4827,-391,14064,3353,719,12805,2963,958,13955,3310,-466,14947,2744,241,13737,2793,1104,13813,3662,163,15157,4009,-764,14843,3987,90,13638,3493,-121,14288,2709,-1743,14325,1734,-1413,13543,2974,-448,13665,4210,-1778,14119,3577,-2161,13931,3235,-657,12562,3715,-455,13586,3613,-1178,13478,2332,-864,12835,2665,201,13021,4151,-105,14131,4562,-526,14290,3738,638,12673,3263,1231,13804,3405,-273,14837,2694,58,13749,3099,936,13797,3499,171,15083,3639,-683,15020,3958,251,13624,3739,196,14414,2955,-1395,14365,1864,-1424,13666,2723,-431,13557,3987,-1558,14088,3462,-2279,14051,3140,-914,12678,3858,-497,13294,3810,-1215,13778,2437,-793,12945,2656,-126,12671,3607,-237,14090,3861,-391,14152,3937,547,13038,3610,1230,13622,3228,-5,14584,2734,13,14167,3223,679,13735,3618,83,14790,3121,-357,14949,3644,494,13938,4412,267,14464,3400,-1097,14510,2009,-1283,13445,2152,-646,13643,3414,-1258,14155,3543,-2048,14176,3447,-1144,12938,3882,-770,13332,3704,-1142,13912,2807,-699
12682,2620,-232,12980,3137,-535,13787,3238,-428,14016,4141,568,13373,4445,736,13706,3540,123,14238,2720,212,13537,3187,669,14320,3737,49,14393,2782,-120,14639,2930,694,14285,4123,280,14418,4066,-1081,14914,2784,-1049,13453,2358,-1023,13708,3018,-1321,14033,3227,-1579,14061,3544,-1088,13390,3518,-987,13276,3443,-1159,13743,2876,-693,13119,3079,-615,12638,3737,-1055,13646,2868,-380,13617,3816,750,13123,4527,648,14355,3396,126,13497,2412,517,13490,2961,403,14504,3832,-202,14424,3289,19,14246,3195,865,14509,4121,252,14649,4260,-868,14862,2643,-481,13652,2356,-942,13650,2412,-1604,14402,2535,-1250,13726,3833,-859,13366,4297,-1382,13995,3488,-1443,13271,2904,-757,13000,2910,-497,13215,3088,-1351,13281,2706,-563,13607,3539,624,12897,4983,487,14436,4412,-7,13857,2713,881,12945,2733,545,14280,3312,-497,14930,2886,44,13840,2917,955,14120,3948,170,14958,4378,-673,14650,3620,92,13765,2774,-420,13789,2237,-1981,14239,2064,-1441,13878,3316,-950,13425,4359,-1803,13894,3658,-1593,13725,3222,-345,12520,3587,-310
13426,3242,-1173,13571,2392,-894,13134,2805,365,13115,4301,171,14416,4406,-284,14016,3255,916,12779,3287,959,13995,3594,-515,15019,2876,96,13690,2697,1065,13970,3507,88,15198,3884,-841,14685,3948,-88,13639,3502,-164,14137,2923,-1712,14160,2165,-1338,13729,3034,-439,13477,3843,-1800,14016,3182,-2083,14065,3010,-769,12478,3943,-550,13461,3611,-1139,13672,2183,-685,12681,2705,375,12999,4235,-60,14334,4287,-569,14228,3543,535,12663,3296,1241,13958,3543,-268,14782,3001,168,13854,2895,1008,13675,3431,243,15158,3735,-720,15037,3973,15,13730,3724,-25,14198,2822,-1491,14393,1788,-1250,13597,2682,-366,13455,3758,-1665,14126,3298,-2322,14155,3448,-878,12760,4206,-583,13522,3874,-1391,13524,2286,-865,12732,2474,125,12696,3664,50,14036,4008,-450,14221,3894,380,12873,3955,1070,13805,3658,-117,14524,2824,147,14013,2792,898,13669,3069,170,14768,3045,-356,15094,3819,326,13844,4339,-25,14441,3519,-1330,14590,2117,-1284,13619,2476,-447,13567,3510,-1373,13976,2987,-2188,14130,2995,-1035,12749,4157,-623,13529,4131,-1138
13857,2843,-782,12718,2646,-326,12718,3184,-384,13691,3332,-309,14001,3776,488,13231,4110,930,13687,3608,115,14511,2960,216,13869,3181,669,14026,3613,29,14521,2799,-198,14825,3061,698,14108,4131,140,14490,3891,-1110,14822,2601,-1098,13504,2618,-825,13568,3086,-1196,13878,3223,-1840,14039,3386,-1159,13134,3680,-779,13254,3500,-1196,13994,2718,-691,12798,3018,-586,12904,3462,-813,13750,2954,-390,13461,3893,758,13609,4348,758,13980,3467,185,13936,2527,533,13589,3270,469,14347,3928,-230,14469,2950,-87,14128,2876,937,14345,4146,195,14638,4128,-807,14656,2901,-600,13546,2306,-897,13811,2687,-1485,14098,2871,-1465,13930,3517,-1127,13341,3801,-1260,13737,3376,-1198,13549,3112,-698,13153,3274,-600,13103,3562,-1401,13294,2572,-502,13625,3370,903,12968,4711,642,14308,4007,97,13819,2594,781,13051,3128,441,14450,3769,-496,14741,3144,-133,13833,2925,950,14350,3487,271,14835,3800,-602,14662,3162,-64,13870,2891,-796,14048,2869,-1914,14299,2565,-1500,13879,3705,-796,13283,4216,-1537,14043,3202,-1372,13400,2864,-483
12616,3374,-533,13512,3401,-1495,13341,2868,-837,13050,3159,624,12939,4450,477,14411,4063,3,13836,2522,1086,12932,3058,646,14357,3984,-691,15146,3401,-79,13783,2966,1122,14013,3401,273,15146,3732,-596,14723,3529,38,13644,3146,-515,14002,3017,-2061,14471,2502,-1519,13685,3396,-537,13125,3862,-1492,14145,2927,-1619,13611,2807,-426,12405,3620,-561,13803,3702,-1462,13500,2969,-1015,13036,3073,446,13054,4252,200,14335,4218,-294,14063,2875,856,12795,3143,1048,14113,3817,-558,15107,3361,37,13798,3371,1037,13806,3461,345,15173,3296,-577,14597,3291,92,13541,3224,-201,14365,3032,-1719,14201,2546,-1479,13891,3261,-381,13509,3894,-1647,13914,3069,-2082,14045,2808,-631,12606,3925,-589,13519,3894,-1405,13830,2519,-892,12745,2927,306,12948,4090,141,14142,4085,-399,14044,3149,673,12730,3034,1096,13828,3760,-416,14918,3355,-198,13902,3492,964,13560,3443,490,15034,3201,-382,14940,3495,344,13564,3600,-121,14424,3196,-1667,14653,2278,-1524,13757,3297,-508,13550,4140,-1449,14120,3077,-2055,13897,2695,-659,12563,3733,-513
13546,3867,-1440,13678,2688,-1135,12872,2924,-60,12740,3730,-246,13911,3907,-348,14165,3658,710,12940,3384,1056,13637,3216,-125,14640,3105,-156,14229,3747,479,13754,3722,182,14734,2869,43,14856,3254,823,13856,3925,119,14467,3316,-1489,14563,2364,-1633,13612,2913,-798,13569,3725,-1234,14032,3270,-1823,13934,2730,-859,12778,3396,-651,13455,3765,-1370,14102,3055,-1024,12765,3198,-614,12869,3612,-463,13844,3318,-158,13772,3556,842,13401,3783,896,13690,3501,-67,14368,3167,-136,13684,3780,416,14156,4057,87,14446,2484,309,14435,2505,1170,14039,3632,284,14500,3818,-1388,14902,3031,-1447,13616,3094,-1082,13802,3379,-1162,14162,3125,-1426,13960,2775,-796,13065,3065,-804,13299,3331,-1386,14060,3232,-1041,13024,3875,-825,12820,3899,-1008,13684,2869,-211,13192,3434,1006,13381,3755,859,13787,3225,119,13748,2620,291,13923,3546,171,14169,4503,-224,14666,3066,207,14088,2641,1225,14135,3520,406,14842,3583,-973,14772,3049,-944,13673,2964,-1103,14121,3198,-1552,14082,2967,-1077,13709,3301,-706,13398,3583,-1183,13524,3171,-1393
13507,3023,-931,13178,3570,-895,13071,3880,-1498,13477,2672,-264,13241,3096,1147,12875,4044,868,14541,3684,-13,13914,2844,545,13316,3636,27,14503,4230,-627,14797,3396,227,13840,2834,1409,14016,3183,604,14919,3406,-659,14601,3126,-299,13964,3162,-859,13868,3250,-2059,14377,2671,-1167,13674,3205,-550,13085,3722,-1453,14005,2723,-1507,13543,2970,-660,12827,3878,-690,13719,3657,-1539,13368,2824,-759,13005,3008,768,13037,4340,423,14343,4182,-239,13921,2972,764,12970,3326,738,14236,4034,-595,14869,3025,189,13602,2519,1403,13769,3064,438,15152,3408,-765,14633,3602,-352,13831,3614,-724,14415,3643,-1960,14443,2616,-1240,13764,2847,-260,13206,3462,-1512,13991,2837,-1798,13928,3029,-707,12343,4254,-703,13936,4190,-1527,13556,2896,-912,12669,2832,504,13000,3670,180,14106,3503,-358,13973,2918,823,12795,3507,1113,14203,4470,-598,15008,3663,17,13832,3027,1307,13711,2966,481,15085,2879,-632,14840,3373,-214,13601,3816,-502,14622,3798,-1759,14269,3064,-1290,13821,3155,-10,13248,3173,-1253,13658,2223,-2002,14092,2482,-852
12477,4203,-856,13565,4525,-1661,13943,3018,-1001,12696,2947,456,12776,3691,282,14166,3408,-330,14214,3011,589,12756,3367,944,14064,4120,-499,14932,3842,-131,13909,3651,1088,13613,3244,710,14734,2750,-59,15017,2932,252,13531,3556,-484,14405,3715,-1670,14800,2972,-1473,13566,3233,-375,13278,3691,-1043,14159,2625,-1862,14003,2483,-896,12632,3665,-627,13901,4236,-1577,13890,3192,-1218,12893,3032,-104,12597,3398,19,13704,3550,-244,14089,3564,542,13027,3680,898,13652,4001,-280,14510,3436,-160,14158,3341,744,13434,3027,576,14354,2281,211,15106,2910,603,13854,4360,-327,14745,4073,-1673,14840,3065,-1519,13749,3083,-516,13669,3008,-918,13814,2271,-1566,13983,2410,-1010,13060,3818,-897,13488,4570,-1598,13919,3653,-1230,12905,3248,-494,12515,3244,-425,13553,2642,-14,13539,3073,733,13391,3872,589,13769,3828,-117,14424,3576,130,13829,3893,454,14103,3827,207,14353,2278,349,14484,2214,977,14232,3620,-150,14792,4171,-1466,14989,3509,-1126,13711,3511,-793,13662,3239,-873,13853,2532,-1133,13625,2525,-1000,13269,3174,-1219
13414,3585,-1576,13853,3564,-1147,13057,3779,-673,12933,3534,-756,13294,2573,-55,13434,3345,956,13577,4010,492,14164,3627,-271,13934,3046,437,13816,3814,433,14311,4206,-28,14467,2686,362,13940,2447,1143,14216,3751,59,14831,3991,-1227,14723,3262,-802,13588,3015,-826,13973,2947,-1268,13994,2411,-919,13707,2998,-685,13352,3603,-1583,13991,3500,-1635,13563,3461,-876,13165,3701,-703,13350,3540,-1294,13312,2455,-184,13376,2926,998,12882,4326,257,14391,4040,-281,13926,3072,703,12974,3683,580,14403,3613,-333,14743,2599,190,13450,2397,1211,14121,3318,142,15061,4063,-1054,14776,3838,-444,14046,3509,-517,14048,3144,-1724,14534,2042,-911,13630,2659,-365,13001,3571,-1838,14331,3240,-1912,13721,3651,-764,12591,4326,-631,13697,3604,-1385,13191,2255,-541,12777,2388,885,12875,3913,240,14334,4032,-530,13995,3313,594,12835,3910,920,14306,4318,-490,15116,3015,321,13504,2350,1291,13962,2777,277,15174,3395,-913,14922,3535,-364,13781,3795,-362,14264,3691,-1673,14637,2704,-984,13392,2882,-182,13088,3125,-1765,14109,2517,-2113
13736,2925,-787,12514,4362,-714,13669,4306,-1410,13761,2811,-726,12721,2803,602,12858,3887,141,14425,3552,-546,14020,2784,615,12738,3376,1145,14231,4300,-378,15177,3629,112,13662,3075,1152,13510,3129,464,15107,3123,-547,14784,3406,-88,13612,3497,-384,14312,3372,-1683,14417,2974,-1337,13807,3069,-157,13346,3283,-1378,13675,2697,-2025,14385,2882,-723,12801,4278,-768,13367,3992,-1625,14082,2493,-1086,12608,2886,233,12822,3834,180,14020,3685,-440,14233,3372,477,12923,3467,1156,13809,4049,-153,14781,3488,-66,13820,2962,925,13445,2939,530,14573,2906,-138,15016,3482,291,13888,3873,-296,14283,3549,-1498,14827,2651,-1299,13652,3102,-394,13412,3608,-1210,14055,2576,-1982,13878,2700,-909,12873,3803,-591,13563,4219,-1439,13789,3127,-1035,12842,3001,-271,12573,3401,-104,13832,3594,-277,13971,3564,544,13148,3456,866,13533,3537,48,14514,3408,251,14183,3719,567,13753,3467,143,14624,2513,9,14806,3026,702,14117,3971,-143,14489,3560,-1371,14480,2647,-1206,13805,3077,-663,13668,3692,-1171,13996,2938,-1787,13811,2713,-1047
13078,3453,-913,13586,3796,-1416,13543,3255,-876,13076,3133,-573,12855,3505,-736,13580,3022,-113,13687,3558,657,13382,4129,552,13833,3521,39,14122,3076,303,13710,3650,478,14451,3950,-49,14343,2644,164,14357,2537,1030,14311,3738,96,14594,3837,-1203,14720,2873,-1018,13767,2995,-1185,13671,3301,-1245,14191,2913,-1187,13725,3066,-938,13241,3552,-1194,13652,3372,-1435,13731,3226,-870,12972,3653,-691,13132,3588,-1141,13434,2676,-115,13259,3557,1006,13371,4267,438,14163,3531,-160,13725,2768,611,13520,3383,405,14513,4001,-194,14501,2877,184,13943,2604,1177,14269,3877,116,14815,4011,-911,14975,3262,-530,13425,3024,-966,14183,2802,-1703,14233,2528,-976,13381,3348,-618,13598,3751,-1549,13810,3444,-1455,13519,3193,-712,12942,3403,-591,13256,3462,-1394,13470,2577,-431,13118,3116,949,12956,4393,471,14503,3961,-257,13944,2846,780,12896,3452,533,14530,3916,-514,14886,2974,292,13464,2579,1294,14310,3384,200,14947,4019,-891,14842,3486,-270,13632,3098,-575,13910,2897,-1879,14585,2227,-1065,13430,3185,-369,13244,3912,-1769
14267,3097,-1921,13797,3170,-658,12419,3923,-651,13699,3440,-1339,13458,2485,-670,12610,2872,789,13304,4187,175,14332,4362,-517,13869,3063,790,12929,3260,970,13881,3873,-559,15223,2828,182,13422,2655,1237,13772,3218,209,15449,3760,-897,14739,3940,-86,13667,3683,-390,14211,3154,-1751,14430,2079,-1215,13652,2707,-235,13371,3598,-1673,14207,3209,-2214,13905,3481,-727,12548,4472,-752,13458,3681,-1383,13658,2019,-627,12496,2504,593,13050,3852,67,14414,4027,-605,13955,3342,532,12823,3655,1025,13825,4096,-305,15176,3145,157,13662,2776,1238,13593,3020,313,15433,3319,-860,14839,3950,-60,13550,3864,-154,14330,3179,-1468,14450,2506,-1195,13748,2875,-326,13464,3348,-1547,13930,2742,-2231,13949,3176,-857,12904,4315,-590,13041,4035,-1396,14051,2268,-756,12638,2707,278,12646,3885,30,14372,3713,-536,14031,3618,491,12839,3599,1076,13890,3714,-173,14609,3400,11,14091,3215,825,13537,3205,430,14777,2957,-162,14978,3416,435,13722,3885,-109,14235,3309,-1389,14838,2442,-1324,13635,2910,-667,13486,3703,-1453,14277,2982,-2092
13821,3049,-870,12808,3808,-467,13504,3812,-1239,13880,2711,-915,12868,2875,-376,12760,3727,-277,13880,3886,-424,13943,4029,526,13165,3613,1173,13499,3235,252,14402,2855,230,14173,3048,412,13713,3630,-66,14628,2847,-61,15039,3596,612,13752,4512,77,14541,3462,-1018,14630,2470,-1028,13726,2480,-792,13841,3110,-1437,13797,3206,-1866,14252,3389,-1208,12984,4006,-771,13150,3716,-1206,13959,2872,-749,12670,2649,-605,12889,3256,-767,13671,2981,-287,13592,3925,537,13421,4365,668,13752,3490,304,14242,2857,510,13493,3204,333,14559,3918,-278,14453,2800,78,14386,2944,870,14404,3959,157,14392,3908,-846,14695,2818,-640,13651,2577,-1149,13776,2982,-1487,14054,3049,-1507,13975,3517,-1137,13319,3882,-1305,13369,3301,-1131,13616,2852,-524,12868,3110,-588,13211,3589,-1162,13409,2953,-320,13646,3690,759,13385,4382,420,13980,3571,82,13837,2603,792,13235,3268,233,14657,3868,-413,14497,2961,175,13915,2826,1213,14484,3848,157,14656,4046,-706,14653,3143,-336,13593,2825,-1076,14194,2757,-1950,14177,2563,-1141,13651,3504,-576
13673,3848,-1435,13726,3266,-1233,13246,2943,-732,13129,3387,-844,13297,3409,-1481,13421,2783,-341,13222,3295,825,13102,4416,380,14345,4029,-31,13593,2776,967,13016,3402,440,14508,3685,-686,14921,3026,129,13428,2825,1316,14435,3440,326,15027,3962,-681,14447,3502,-105,13939,3134,-738,13992,2874,-2127,14623,2182,-1201,13568,3220,-509,13218,4014,-1644,14076,3110,-1543,13463,3209,-445,12612,3747,-802,13805,3303,-1571,13328,2699,-548,12791,2919,780,13119,4145,157,14153,4099,-204,13885,3017,948,12935,3435,840,14206,3786,-756,15287,3006,173,13347,2956,1213,14129,3362,325,15236,3508,-588,14640,3723,58,13699,3564,-405,14371,3196,-1985,14415,2203,-1278,13435,3005,-359,13461,3733,-1646,14012,2872,-1959,13773,3000,-558,12560,4190,-715,13736,3784,-1561,13732,2488,-757,12393,3082,555,13115,3936,124,14404,3792,-503,13752,3155,834,12915,3318,957,14021,3987,-642,15011,3337,7,13776,3175,1066,13516,3324,412,15364,3170,-470,14700,3525,323,13506,3555,-238,14604,3004,-1750,14379,2474,-1477,13752,3282,-483,13375,3764,-1642
14151,2977,-2058,13798,3081,-549,12850,3961,-579,13426,3604,-1488,13847,2342,-887,12688,2978,58,12826,4068,-193,14190,3876,-495,14025,3513,829,12813,3462,1083,13868,3515,-289,14697,3134,12,13899,3322,752,13634,3383,340,14959,3108,-158,14869,3734,567,13952,4037,-126,14359,3246,-1537,14666,2319,-1390,13584,2809,-536,13431,3769,-1388,14249,3026,-1939,13858,3006,-832,12645,3868,-672,13589,3845,-1461,13835,2887,-992,12663,2844,-316,12724,3236,-301,13810,3495,-285,13999,4089,598,13335,4002,919,13639,3509,-3,14373,2954,187,13997,3211,575,13827,3507,99,14591,2459,78,14820,3200,740,14035,4310,-126,14582,3702,-1281,14426,2679,-1208,13752,2774,-753,13671,3202,-1194,13924,2894,-1682,14049,3114,-1144,12967,3842,-899,13494,3660,-1349,13729,3158,-815,12918,3152,-642,12993,3549,-765,13664,2860,-98,13537,3771,705,13414,4405,566,13922,3415,157,13917,2697,511,13595,3190,518,14590,4062,-181,14269,2892,75,14409,2850,845,14205,4156,28,14637,4001,-997,14760,2816,-712,13507,2597,-973,13874,2707,-1337,14105,2850,-1232
13801,3585,-1132,13407,3981,-1446,13479,3427,-1390,13635,3001,-670,13060,3293,-508,13043,3419,-1162,13497,2460,-330,13430,3616,925,13186,4792,588,14347,3881,14,13618,2690,788,13332,3073,324,14474,3659,-403,14562,2969,54,13971,2846,833,14346,4120,-27,14873,4201,-652,14674,3209,-178,13425,2699,-759,14080,2206,-1777,14129,2318,-1099,13686,3716,-1095,13553,4415,-1930,13922,3714,-1510,13271,3425,-399,12971,3282,-268,13115,2882,-1219,13309,2095,-514,13242,2964,542,12989,4883,122,14648,4468,-134,13806,3233,1061,12853,3320,769,14508,3290,-302,14720,2569,240,13653,2487,927,14388,3587,-79,15128,4438,-741,14715,4109,-29,13748,3448,-403,13851,2534,-1792,14341,1693,-1015,13630,2842,-601,13248,3944,-2082,14321,3440,-1740,13638,3725,-549,12422,4050,-452,13750,3105,-1228,13349,2266,-519,12585,2721,513,13479,4165,-189,14210,4474,-416,13935,3336,948,13023,3567,998,14008,3654,-502,15134,2671,246,13291,2602,1059,14115,3449,4,15286,3940,-729,14607,4258,68,13724,3634,-179,14131,2686,-1570,14279,1674,-1094,13534,2625,-345
13573,3958,-1881,14163,3360,-2255,13819,3681,-788,12515,4554,-654,13704,3749,-1271,13619,1901,-414,12346,2000,618,13295,3678,3,14270,4251,-578,14117,4027,598,12773,3875,1055,13925,3800,-355,15017,2796,158,13486,2463,1241,13786,2834,183,15038,3284,-703,15016,4284,181,13657,4297,-281,14409,3243,-1526,14473,1995,-1118,13426,2417,-186,13628,3328,-1712,13975,3037,-2346,14087,3419,-923,12697,4485,-623,13397,4088,-1213,13867,2107,-485,12455,2326,259,12859,3405,-290,14045,3761,-656,14179,4207,412,12795,3950,937,13996,3637,-23,14498,2966,240,13851,2815,957,13867,3017,261,14647,3044,-460,15211,3934,338,13777,4454,-196,14413,3544,-1335,14633,2008,-1103,13268,2288,-519,13595,3345,-1465,14193,3290,-2247,13995,3708,-1224,12662,4410,-837,13571,3802,-1109,13798,2249,-548,12444,2279,11,12897,2851,-446,13948,3669,-566,13899,4702,351,13570,4720,647,13531,3908,162,14349,2591,505,13859,2570,771,13739,2802,55,14723,2340,-166,14746,3868,377,14058,5325,-305,14850,4380,-1119,14355,2473,-751,13463,1969,-456,13650,2229,-1230
13993,2674,-1855,14077,3555,-1365,13209,4559,-1278,13562,4467,-1380,13897,3234,-544,12771,2796,-123,12705,2643,-687,13794,2096,-364,13356,3724,499,13533,5061,382,14239,4328,231,13821,3100,743,13517,3098,707,14245,3205,-45,14500,2255,26,14245,2606,657,14441,4443,-284,14941,4847,-973,14747,3509,-513,13641,2572,-678,13465,2073,-1209,14165,2232,-1284,13750,3430,-1384,13543,4368,-1787,13733,4157,-1468,13548,3603,-583,12853,3178,-129,12757,2619,-713,13389,1734,-150,13360,3290,553,13534,5163,101,14370,4627,-354,13917,3267,640,13274,3068,612,14261,3013,-11,14609,2091,522,13842,2323,853,14503,4254,-328,15062,4957,-1098,14856,4104,-328,13584,3111,-695,13707,1876,-1471,13970,1475,-924,13404,2975,-832,13741,4201,-1928,13977,4007,-1811,13445,3876,-784,13083,3604,-471,13057,2903,-938,13434,1924,-130,13207,2678,596,13193,4642,49,14559,4787,-353,14051,3580,912,12985,3310,766,14205,3006,-265,14815,2362,385,13525,2597,958,14416,3773,-339,15135,4445,-1086,14709,4145,35,13814,3352,-177,13787,2131,-1537,14397,1345,-917
13450,2664,-735,13482,4279,-2177,14285,3839,-2016,13734,4161,-646,12674,4089,-589,13456,2912,-962,13322,1719,-214,12709,2371,482,13117,4222,-251,14410,4678,-455,13885,3999,846,12978,3759,953,14085,3338,-382,14831,2114,423,13531,2027,1107,14143,3205,-134,15282,4180,-911,14816,4541,102,13809,4099,-132,14290,2913,-1505,14428,1540,-1047,13345,2302,-593,13534,3575,-2122,14194,3310,-2093,13706,4133,-594,12617,4824,-617,13671,3652,-1031,13292,1698,-300,12338,1993,338,13320,3569,-318,14214,4167,-786,14014,3991,751,13047,4221,1146,13925,4048,-256,14892,2598,514,13413,2187,1144,13881,2756,15,15411,3395,-724,14783,4410,-2,13852,4585,-335,14587,3469,-1337,14137,2209,-895,13375,2398,-248,13615,3014,-1825,14087,2676,-2206,13945,3613,-877,12918,4708,-809,13573,4072,-1368,13624,2173,-285,12507,2251,336,13020,3446,-355,14305,3824,-647,14160,4124,441,12991,4159,898,13971,3752,40,14616,2849,553,13502,2697,951,13926,2879,118,14882,3067,-576,14754,4165,150,14152,4606,-287,14255,3486,-1178,14656,1910,-815,13321,1883,-436
13502,3201,-1526,14484,3095,-2297,14035,3929,-1178,12896,4641,-884,13814,3950,-1290,13584,2384,-496,12507,2218,14,12980,2937,-316,13880,3606,-463,13845,4572,431,13367,4706,693,13741,3606,200,14233,2477,697,13705,2345,851,13996,2962,-181,14511,2695,-313,14893,4015,325,14136,5258,-82,14715,4140,-952,14633,2341,-655,13231,1671,-480,13790,2374,-1391,13996,2924,-2105,14125,3904,-1558,13130,4718,-1134,13343,4115,-1172,13795,2838,-325,12456,2374,-46,12875,2674,-832,13784,2515,-476,13380,4083,395,13644,5140,379,14132,3928,356,13919,2782,907,13413,2721,735,14566,3369,-412,14463,2647,-344,14450,3145,480,14381,4563,-81,14660,4349,-641,14700,2890,-237,13148,2088,-635,13641,2245,-1466,14204,2847,-1696,13858,4021,-1531,13512,4465,-1652,13448,3568,-1238,13535,2753,-189,12711,2622,-69,13005,2916,-1054,13636,2412,-487,13570,4027,408,13455,5379,60,14421,4012,130,13717,2597,1208,13004,2614,802,14593,3125,-239,14509,2871,17,13921,3199,595,14651,4461,-287,14613,4401,-546,14730,3216,88,13290,2362,-770,13965,1857,-1800
14246,2116,-1164,13769,4132,-1201,13741,4991,-1920,14004,3762,-1362,13125,3042,-366,12832,2857,-284,13442,2691,-1053,13277,2300,-540,13259,3387,399,13185,5338,43,14381,4703,-83,13953,2884,1234,12560,2673,871,14420,2753,-411,14835,2633,119,13497,3313,699,14644,4269,-311,15134,4519,-681,14595,3687,519,13781,2886,-265,13897,1918,-1888,14406,1684,-1297,13612,3422,-870,13431,4509,-2126,14335,3710,-1760,13450,3541,-347,12486,3443,-408,13547,2730,-1162,13332,2132,-565,12840,3024,446,13204,4959,-240,14505,4662,-275,13709,3296,1169,12746,3115,1057,14296,3115,-491,15067,2578,204,13459,2852,789,14313,3785,-98,15438,4038,-621,14432,4192,474,13571,3442,-193,14252,2528,-1880,14196,1681,-1384,13585,2811,-719,13481,4312,-1921,14228,3491,-1928,13724,3607,-410,12218,4094,-488,13878,3274,-1212,13415,2024,-649,12555,2561,464,13318,4145,-128,14281,4376,-601,14093,3746,793,12745,3605,1119,13959,3589,-408,14812,2707,261,13673,2745,1008,13759,3368,213,15401,3538,-329,14706,4214,429,13473,3991,-243,14583,2879,-1701,14109,1865,-1282
13718,2656,-399,13501,3796,-1747,14225,3155,-2082,13888,3313,-697,12465,4149,-625,13555,3679,-1318,13683,2240,-592,12687,2554,139,12953,3681,-222,14229,4086,-516,14178,3986,580,12683,3685,1064,13967,3249,30,14574,2816,296,13753,3093,653,13894,3293,29,14799,3276,-260,14924,3931,539,14018,4260,-185,14160,3042,-1372,14568,1862,-1183,13427,2401,-706,13631,3776,-1655,14453,3150,-1979,14039,3530,-947,12632,4213,-749,13675,3587,-1200,13741,2599,-669,12540,2308,-255,12960,2988,-497,13813,3772,-309,13972,4557,503,13367,4248,773,13429,3213,32,14438,2738,419,13752,3087,502,14184,3520,-178,14543,2577,68,14704,3561,715,14098,4596,-29,14594,3708,-1073,14543,2389,-1176,13500,2118,-918,13824,3028,-1406,13994,3189,-1627,14211,3556,-1118,13026,3970,-1087,13260,3521,-1241,13917,3035,-548,12702,2934,-597,13013,3205,-910,13644,2783,-146,13396,4218,758,13603,4746,525,13849,3416,220,14016,2571,530,13577,3080,449,14563,3744,-420,14314,2717,156,14416,3002,959,14375,4331,45,14730,4183,-779,14746,2818,-588,13385,2446,-1228
13888,2354,-1512,14147,2921,-1164,13776,3903,-1124,13665,4121,-1458,13278,3564,-1191,13581,3183,-544,12910,3259,-561,13100,2906,-1208,13489,2115,-126,13205,3816,859,13560,4981,330,14199,3942,87,13593,2685,864,13327,3211,175,14613,3397,-510,14658,2816,160,13746,2930,1021,14696,4090,-24,14770,4337,-444,14543,3546,-178,13618,2918,-1189,14002,2212,-1992,14186,2186,-1004,13357,3369,-721,13734,4043,-1718,13789,3536,-1373,13288,3438,-646,13015,3711,-739,13389,3126,-1421,13615,2204,-220,12808,3105,853,13490,4518,271,14418,4203,-149,13662,3204,975,13125,3548,235,14524,3600,-640,14913,2662,475,13231,2578,1263,14420,3503,39,14926,4098,-696,14549,3951,35,14001,3506,-976,13886,2538,-2075,14669,1737,-895,13203,3187,-359,13461,4024,-1845,14417,3401,-1785,13279,3933,-481,12990,4126,-783,13677,3158,-1406,13406,1975,-298,12595,2369,727,13141,4178,53,14429,4434,-320,13886,3610,839,12961,3845,735,14236,3636,-713,15056,2468,477,13111,2413,1251,14192,3126,264,15315,3812,-651,14549,4457,137,14007,4081,-727,14374,3017,-2000
14389,1808,-994,13343,2535,-161,13472,3557,-1693,14231,2915,-1957,13527,3613,-671,12640,4739,-913,13873,3881,-1487,13546,2022,-512,12192,2404,386,13367,3598,-27,14203,3976,-422,13671,3771,860,13122,3911,831,14115,3956,-579,14925,2886,373,13649,2733,1100,13637,3042,180,15253,3143,-481,14603,4073,132,13724,4252,-449,14726,3046,-1585,14337,2271,-1104,13379,2789,-145,13736,3282,-1530,13991,2887,-2107,13672,3526,-855,12990,4527,-905,13456,3764,-1453,13867,2041,-364,12563,2343,192,12973,3476,-389,14178,3738,-477,13940,4278,526,13156,4272,932,13893,3560,-158,14499,2839,398,13702,2745,935,13803,2842,158,14798,2776,-223,14723,4167,321,14118,4874,-503,14403,3515,-1443,14711,2206,-906,13308,2066,-364,13679,2895,-1197,14394,2705,-1839,13695,3609,-1209,12896,4674,-1147,13789,4206,-1524,13892,2995,-586,12333,2587,-191,13022,2782,-441,13944,2800,-164,13356,4213,590,13409,4704,516,13821,3807,-2,14285,3109,519,13554,2886,785,14359,3097,96,14394,2216,200,14541,3115,641,14217,4691,-403,14695,4259,-1320,14949,2878,-867
13363,2556,-759,13729,2827,-1145,14230,2739,-1326,13616,3509,-1206,13153,3965,-1357,13695,3640,-1443,13603,3292,-483,12739,3045,-385,13011,3117,-862,13563,2393,-183,13314,3825,681,13626,4852,276,14170,3706,27,13853,2663,649,13412,3134,394,14692,3651,-222,14674,2762,344,13863,2983,886,14425,4363,-190,14748,4281,-972,14632,3079,-490,13525,2507,-1010,13726,2255,-1536,14183,2367,-943,13566,3627,-984,13626,4358,-1689,13712,3584,-1520,13445,3199,-725,12928,3291,-579,13142,3061,-1218,13697,2155,-84,13120,3365,736,13314,4941,214,14493,4353,-284,13837,3154,898,13017,3089,366,14545,3107,-443,14603,2470,570,13602,2627,1107,14538,3925,-251,14737,4394,-890,14810,3888,-16,13629,3095,-855,13943,2075,-1828,14377,1840,-790,13353,3341,-668,13722,4128,-2004,13977,3580,-1741,13474,3881,-639,13058,3892,-715,13202,2946,-1077,13456,1927,-277,12682,2742,565,13198,4419,-3,14510,4442,-250,13735,3608,923,12980,3593,670,14275,3350,-483,14992,2457,613,13147,2613,1145,14492,3409,-61,15381,4063,-856,14441,4251,22,14010,3513,-585
14121,2526,-1850,14357,1774,-879,13276,2789,-306,13617,4027,-1892,14125,3447,-1950,13658,3672,-632,12724,4300,-909,13562,3212,-1306,13592,1925,-383,12250,2741,406,13331,3979,-178,14449,4337,-306,13636,3849,985,13370,3657,821,13917,3395,-543,14905,2452,348,13509,2716,1091,13879,3311,159,15351,3543,-594,14525,4228,176,13787,4100,-434,14432,2876,-1553,14356,1896,-1044,13519,2661,-469,13425,3436,-1785,14214,2990,-1992,13712,3701,-598,12867,4552,-868,13723,3477,-1390,13606,2078,-463,12465,2583,181,13232,3598,-468,14227,3856,-524,13698,4083,837,13343,4011,1030,13924,3546,-178,14541,2760,396,13714,3047,841,13721,3065,105,15029,2886,-333,14412,3806,267,14001,4359,-396,14619,3216,-1288,14502,2195,-878,13217,2433,-473,13742,3549,-1577,14326,3199,-2026,13824,3433,-965,12824,4165,-922,13750,3554,-1233,13737,2476,-465,12423,2740,-137,13003,3339,-573,14024,3499,-409,13667,4437,654,13459,4186,792,13736,3018,211,14168,2390,565,13618,3000,611,14171,3502,-213,14630,2959,-38,14668,3931,545,14229,4648,-235,14589,3600,-1090
14524,1991,-732,13483,1992,-705,13602,2931,-1365,14288,3348,-1713,14052,4168,-1195,12840,4416,-1201,13657,3309,-1278,13620,2446,-438,12554,2569,-416,13094,2883,-909,13748,2865,-274,13391,4670,640,13767,5168,450,14221,3676,190,13649,2241,696,13438,2690,422,14368,3343,-341,14537,2809,140,14235,3454,788,14270,4978,-292,14984,4272,-822,14355,2694,-332,13244,2051,-834,13969,1975,-1587,14105,2931,-1351,13890,4050,-1361,13563,4598,-1802,13497,3684,-1296,13595,2878,-398,12733,2967,-250,13136,2907,-1207,13800,2453,-311,13134,3872,544,13448,5129,107,14407,4017,81,13685,2642,1137,12999,2775,544,14345,3218,-363,14703,2995,185,13758,3285,820,14545,4293,-304,14817,3975,-644,14512,3107,264,13623,2463,-654,13888,2007,-1939,14263,2680,-1207,13598,4332,-1096,14029,4879,-1980,13610,3192,-1371,13428,2506,-217,12652,2929,-305,13236,2876,-1305,13646,2492,-559,12658,3739,424,13477,5380,-41,14508,4426,-100,13710,2765,1282,12750,2480,656,14310,2892,-664,14926,3019,307,13368,3446,1023,14698,4425,-98,14982,4164,-690,14728,3558,525
