Fault class: obstruction (100.0%)
X:12215 Y:-105 Z:5776
X:8784 Y:9894 Z:5503
Fault class: obstruction (100.0%)
X:18594 Y:126 Z:-4980
X:16718 Y:1183 Z:-968
Fault class: obstruction (100.0%)
X:13872 Y:13439 Z:-874
Fault class: obstruction (96.8%)
X:18830 Y:1927 Z:7422
X:14974 Y:1036 Z:5192
Fault class: obstruction (73.5%)
X:9517 Y:3483 Z:-2208
Fault class: obstruction (100.0%)
X:16960 Y:2181 Z:-1777
X:16069 Y:1138 Z:5352
Fault class: obstruction (100.0%)
X:11687 Y:7376 Z:9476
X:14410 Y:2962 Z:-3726
Fault class: obstruction (100.0%)
X:10687 Y:4030 Z:-1385
Fault class: obstruction (100.0%)
X:17693 Y:2197 Z:-1705
X:12902 Y:2348 Z:5485
Fault class: obstruction (100.0%)
X:11268 Y:2367 Z:-5182
Fault class: obstruction (100.0%)
X:11401 Y:3114 Z:6158
X:9853 Y:3985 Z:96
Fault class: obstruction (100.0%)
X:15695 Y:2558 Z:4844
X:15141 Y:6150 Z:-3029
Fault class: imbalance (58.8%)
X:12213 Y:4481 Z:3269
Fault class: obstruction (100.0%)
X:14737 Y:6370 Z:423
X:14542 Y:-1060 Z:6854
Fault class: obstruction (100.0%)
X:16700 Y:-1939 Z:-999
Fault class: obstruction (100.0%)
X:14443 Y:10075 Z:-660
X:9908 Y:3763 Z:3541
Fault class: obstruction (100.0%)
X:16225 Y:916 Z:-1262
X:11298 Y:7000 Z:10433
Fault class: obstruction (100.0%)
DHT11: 40.0% RH, 29.8C
X:13208 Y:2535 Z:-6521
Fault class: obstruction (100.0%)
X:17324 Y:3105 Z:4962
X:10524 Y:4140 Z:493
Fault class: obstruction (100.0%)
X:11476 Y:4467 Z:2364
Fault class: obstruction (100.0%)
X:13021 Y:2300 Z:2520
X:15217 Y:3011 Z:7234
Fault class: obstruction (100.0%)
X:12627 Y:5482 Z:-2731
X:13402 Y:4324 Z:4255
Fault class: obstruction (100.0%)
X:16650 Y:2615 Z:1315
Fault class: obstruction (100.0%)
X:17081 Y:3658 Z:3265
X:6728 Y:6457 Z:6692
Fault class: obstruction (100.0%)
X:18841 Y:-1675 Z:-280
Fault class: imbalance (70.7%)
X:19278 Y:6326 Z:-2360
X:8949 Y:3650 Z:-684
Fault class: obstruction (100.0%)
X:16974 Y:2486 Z:-3904
X:10762 Y:4781 Z:2019
Fault class: obstruction (100.0%)
X:13432 Y:5253 Z:-3524
Fault class: imbalance (50.6%)
X:10135 Y:1554 Z:90
X:11591 Y:3473 Z:2737
Fault class: obstruction (100.0%)
X:4556 Y:8329 Z:4294
Fault class: obstruction (100.0%)
X:11554 Y:3386 Z:3280
X:13216 Y:3886 Z:-1160
Fault class: obstruction (100.0%)
X:15475 Y:4811 Z:7676
X:20556 Y:-1356 Z:3000
Fault class: obstruction (100.0%)
X:11085 Y:5805 Z:8159
Fault class: obstruction (100.0%)
X:14752 Y:7932 Z:-8488
X:18970 Y:-973 Z:7106
Fault class: obstruction (100.0%)
X:13884 Y:3635 Z:-2769
Fault class: obstruction (100.0%)
X:18352 Y:1246 Z:6334
X:12940 Y:6642 Z:2291
Fault class: obstruction (100.0%)
X:9756 Y:4626 Z:-2976
DHT11: 40.0% RH, 29.9C
X:16516 Y:1829 Z:2040
Fault class: obstruction (100.0%)
X:9523 Y:2500 Z:-5967
Fault class: obstruction (100.0%)
X:12719 Y:1790 Z:1599
3X:5130 Y:7886 Z:3387
Fault class: obstruction (100.0%)
X:13784 Y:1581 Z:2009
Fault class: obstruction (100.0%)
X:16111 Y:4009 Z:-2653
X:13757 Y:2925 Z:2474
Fault class: obstruction (100.0%)
X:20720 Y:1451 Z:751
X:11123 Y:5138 Z:7631
Fault class: obstruction (100.0%)
o[debug] got bytes: 0x33 ('3')  0x6F ('o')

Selected: Speed 3, obstruction. Set up the fan now.
Send 'S' when stable and ready to capture, 'X' to cancel and return to menu.
X:13970 Y:10097 Z:-5537
Fault class: obstruction (100.0%)
X:10383 Y:2152 Z:5124
X:18771 Y:1927 Z:-4176
Fault class: obstruction (100.0%)
X:13636 Y:4013 Z:3195
s
=== CAPTURE START: speed3_obstruction ===
Fault class: obstruction (100.0%)
16737,-1991,8086,12249,5615,-492,18175,1911,-4928,11402,4799,9701,14445,1375,-268,13823,4732,-6397,12793,1836,3202,11172,1531,-802,11693,4769,1681,14867,3127,3301,12234,5960,634,13039,3120,4358,14976,3974,-1430,10623,4670,439,15004,5704,5843,19489,2854,2754,8000,5069,6042,16106,-2817,80,13817,12523,-2279,21439,1526,5865,9210,3999,-3312,16690,899,1131,13635,3634,6014,14526,2855,-192,10621,3714,-3481,16237,1394,2713,10952,2521,-1181,12120,5864,-3933,17960,1179,7589,6962,8040,5247,14397,1176,-3047,14567,6313,464,11793,5419,3880,15521,1786,1810,13933,6508,624,13702,884,9480,12300,3444,6192,15548,4374,-8052,19056,4820,2937,11175,3203,6212,16002,2893,-8501,16203,1867,6648,11229,5118,6455,12920,2966,-6898,17120,2797,-1156,11753,3069,3018,10990,3660,-690,16707,1092,184,6286,7558,5169,15612,701,2537,12819,6297,305,13624,3820,-1664,14215,3177,4508,11986,8127,5891,19204,-2002,1822,7361,7786,3894,19247,-1617,2296,15340,11341,-2383,15805,-831,2623,12744,5631,-1516,18153,1431,-186,11076,5569,8366,14278,1360,-3960,15075,5050,-1154
14376,5449,-3250,13324,4827,5480,13566,7538,2571,20568,-32,1887,6010,6455,9817,19140,-2517,-197,12760,12022,-6243,19426,-385,6421,9793,4394,486,17408,1999,724,14009,3609,2269,13518,2565,1818,10729,4208,-1842,16727,1682,-2466,10767,3591,1221,12218,3620,281,17607,868,4828,7154,8187,1308,15440,1136,1253,13570,6463,-298,12390,4427,116,15484,4207,2893,13821,6895,5184,13601,-279,6671,11963,3227,2334,14979,4370,-2633,19198,5898,2815,11832,1279,3135,14793,3144,-7240,18712,2554,9512,10356,6494,3743,13069,750,-7907,16441,2070,2414,12022,4824,2677,11899,2311,-3110,14044,1917,75,8022,5993,8038,15176,2104,816,11887,5564,-3446,14146,3272,3444,13435,4652,6493,12642,7832,-981,20168,-1900,4317,6944,8593,8434,20687,-2298,-1565,14304,11754,-2304,17127,-1257,4536,11456,5130,-914,17847,976,-4853,11504,5733,9218,14744,-47,92,12286,5729,-3013,13753,1700,1993,10973,2142,-3045,11439,5283,2661,16234,542,2627,9952,7119,1471,14717,1736,4676,15068,5900,-308,11215,5582,-1351,16111,4982,6562,17198,3634,1637,9240,3539,8626,15971,-997,688
11214,2842,-8690,17762,742,1072,10133,5360,3234,12941,1706,-1758,13524,2215,-1127,7933,4619,7286,14320,2072,3704,13209,5139,-4211,13595,3842,209,13764,4111,5749,12485,8437,3969,20746,-1146,854,6206,8807,9106,20338,-1390,357,15320,11156,-2130,16786,-393,515,11628,4061,-633,17762,1789,-95,11968,5710,5851,14653,-700,-821,11097,5715,-1043,14828,821,2910,9165,2410,-6763,12509,3588,5048,15913,2775,5445,11646,6620,-1684,13331,1973,3380,14847,5700,1457,11815,5777,-965,15708,4860,3982,17008,3711,4508,9084,4131,9037,16151,-853,448,12331,8017,-6715,20267,2273,9077,10329,3637,-3285,16580,2476,-4163,15704,2637,9192,13378,5329,1818,9867,2499,-6113,19036,949,3108,10642,5155,2031,12610,3653,-4133,15467,703,3515,7165,6778,6796,14857,1477,329,13333,6165,-3931,13313,3456,4777,14654,3417,3474,12053,8339,252,17592,-2391,6864,9324,7216,5896,17680,115,-2206,17178,9627,-3731,14500,613,8433,13957,5441,-3023,18004,1185,-507,10463,5654,5535,15132,1383,-555,14798,3923,-2853,10691,2617,1659,12145,823,-729,12298,4776,2973,11516,2148,334
11341,2645,9969,15376,1182,3173,12762,6620,-7846,19333,2466,7000,10946,3921,43,16184,2819,-7231,16765,833,8146,11115,6685,5619,13226,1777,-6211,17223,3023,1205,12060,3495,1336,11002,3285,-2906,15921,933,1959,7181,7076,5661,14519,1712,3437,13506,5050,-2711,12785,4366,391,14494,3033,5042,11465,9479,3864,20352,-2685,2328,6251,8179,7333,19650,-1345,1227,16401,11316,-5333,15333,-1019,3005,12211,4527,116,18302,1570,215,11310,6257,4779,15220,427,-521,12564,5271,-1592,13209,1231,2661,9800,1476,-5702,12377,3720,5941,14151,3269,3380,12960,6188,-1118,13691,3166,3444,14470,5144,61,11917,4790,1663,15510,6257,2725,18532,2164,5933,7104,5554,8093,18080,-1841,-2349,12403,10251,-4651,19726,971,9217,9704,3212,-2360,16217,2118,-3484,15149,3598,9147,13883,3733,576,9225,3660,-6574,18827,978,2106,11210,4701,4677,12014,3173,-4624,16396,1096,3159,7873,7859,6974,14501,2104,-753,14575,5746,-4244,12511,4107,5023,14712,2750,4049,11936,7863,-249,16600,-1948,7328,9994,6243,5569,16487,1631,-2879,17980,8404,-2699,13382,1045,9728,14988,3768,-3859
13409,4394,4020,13499,2426,8107,12658,4868,-1901,12344,5169,507,16672,4777,2743,10911,5319,716,15993,5149,2806,17826,3117,4032,7947,5964,10939,17348,-2721,-277,12179,9865,-9045,20740,1396,10344,10703,3810,-689,14761,2171,-5205,15715,1563,7204,13020,6658,3459,11958,2526,-5539,15787,2014,-133,11745,1628,3945,11952,4523,-1894,17417,794,1055,6352,7244,5428,14445,2359,2680,15775,5292,-4437,11602,5680,1253,15028,1979,4840,12715,8156,3395,16161,-234,3120,10890,4839,6295,14843,3012,-146,18558,6295,-3173,13095,1198,7134,15208,4164,-3632,18499,3209,1999,10113,5211,3835,14223,1355,-1972,15624,3229,-314,12088,1924,1241,10090,2215,-3142,13862,2237,4071,9481,5591,2312,15309,3165,1796,11943,5615,855,14708,3996,540,12171,3372,2476,13675,7562,1198,21584,823,7577,6172,8891,5515,19907,-3248,-1877,13994,10698,524,18305,726,6156,11139,3288,-5007,15681,1711,-2789,13773,4880,11550,14760,2115,-2598,11475,4524,-5300,13778,216,4679,9950,2522,-483,12927,4259,-4823,16692,2034,7676,9893,7077,3659,13204,3128,-621,16011,5355,-683,12549,4924,2964
9780,3504,-2343,16297,1272,-2921,15229,4092,8633,14091,4536,-294,9976,2880,-5613,16366,1072,5954,11517,3204,-252,12043,4696,-5388,16838,295,4272,5619,7474,8520,15105,1808,-3317,15803,6809,-2464,12533,4473,5714,12625,2462,-23,14826,5819,2787,14629,2352,5240,13957,3478,8850,13779,4045,-4084,18857,4812,-1271,11851,2646,6347,16661,3473,-4990,16385,2812,1060,10917,4906,8015,13210,3509,-3153,16541,1904,-2527,11806,2334,2213,10336,2365,-2164,15761,1936,4211,7613,6643,1824,15371,325,3249,12732,6594,1548,13782,3606,-2498,12981,3697,3915,13498,7889,5683,19257,900,5235,8379,7122,2959,17923,-1846,1056,15462,10773,-1862,16828,112,4536,13034,4259,-3224,16666,1981,443,13142,5485,8744,13514,2137,-5933,14866,3269,-1034,12273,1726,6416,9681,1459,-5474,12802,2140,50,11915,4328,7705,14374,4353,630,11345,5690,-1597,16041,4047,3132,11583,4416,1847,13909,6441,963,20440,784,3227,6526,8592,10012,18590,-2915,-795,14343,11651,-4752,19657,-346,7851,10298,4991,-649,17191,1436,-3734,13266,4178,5227,14669,2892,4909,11268,3691,-5564,14072,-85,222
12339,3158,2959,13161,7853,-586,19769,-751,6241,8175,8660,9356,17615,-1635,-4505,15145,9808,-2696,16445,81,8676,13603,4438,-3685,16498,2854,-3348,12244,3818,9666,14132,3399,1491,14561,3914,-7718,12927,288,2470,9459,314,987,12095,5073,-526,14798,4313,5524,12340,6124,558,12135,4236,1961,16329,3064,-1156,9888,5275,-21,13878,5012,7584,20056,2391,3596,8192,6628,4300,17248,-2084,679,14165,11857,-542,19843,-1133,5173,8995,4345,-2745,18091,2559,78,14521,4984,5715,13630,2328,-998,11218,2782,-3749,15386,1094,4830,10634,1149,-3742,11280,5089,-4204,17175,2147,9995,8790,8573,2720,13447,3122,-1392,15827,3934,3592,9495,5366,507,15837,3056,3469,18484,4660,-177,8615,5090,11477,16333,-1052,3473,13358,8775,-10660,21195,1188,7940,9231,4280,3574,17048,2112,-8718,15109,3600,8615,12346,4500,4263,12012,3601,-6404,16864,888,-342,10251,1832,3021,11222,4781,-1099,18643,1172,1559,5290,8754,5507,15572,922,1600,15152,6219,-1401,11144,4904,-958,15484,2535,4216,14291,7555,5288,14442,1373,2753,12380,2843,5270,15280,4437,-87,19126,4813,951
10317,1746,1511,12271,5785,-2743,17984,2648,1948,7145,7020,4987,13169,1393,4054,16464,5061,-703,10284,6645,-1603,15419,1872,7517,15863,6373,807,11893,3163,3801,14226,594,6806,13833,6704,-3539,20742,2811,1155,9223,3381,1052,16828,2354,-4002,16341,4188,9167,12202,4978,382,11620,2528,-4597,17374,1308,4219,10208,2928,-1660,11603,3158,-2831,17432,1659,6159,6795,8850,4356,14795,1776,-2502,15015,6058,1519,12094,4877,3472,15459,1758,76,10912,7819,3822,17777,-518,7579,10012,6657,3394,17474,18,-4072,16233,7776,2853,13721,764,7563,15310,4750,-5955,16376,2841,-1605,12002,5412,11781,13564,2243,-4946,15719,2316,-5445,11383,2686,5580,11831,2246,-3883,14662,3729,561,8365,6405,3527,15872,2167,6650,12024,5201,836,14132,2277,-3075,12510,3597,3514,12375,8587,4587,21548,-544,1839,6096,8208,5598,19675,-2278,2384,13742,11462,-1928,17862,-649,2085,11364,3461,-1557,17221,3267,282,13196,4257,5994,13947,2351,-731,13663,4018,-1998,13436,943,2843,9619,1619,-4244,13088,4018,1066,14057,5494,8392,12808,5058,-2625,11504,3582,2524,15782,3050,3193
19161,-230,2876,10845,5068,-20,17682,1774,1231,12267,3799,3316,14728,1565,1809,11742,5840,-2934,15426,292,-357,9116,1912,-2860,12635,4361,1189,16879,3301,8710,9751,6614,-2391,13261,1931,1865,14489,5725,3121,12116,5492,-1804,15168,4064,4905,16962,3875,3885,9308,3897,7720,15838,-41,1336,13717,8337,-6419,20366,2952,7501,9993,3042,379,15692,2036,-6984,16661,2732,10571,12362,5670,2060,11184,2519,-7865,16640,1226,4395,12485,2854,1867,11394,3866,-3646,16675,527,1157,5849,7867,9048,15736,1846,132,13928,6465,-2995,12852,4340,2538,14300,3553,4099,13523,6787,2065,15325,-1158,5372,11346,5606,5895,16576,1737,-1508,17357,8781,-2677,13229,495,6286,14988,3652,-1673,16751,2306,-1663,11329,4745,7926,13886,2842,-1407,15786,2722,-4702,12314,2616,1889,10798,1968,-2574,13655,3160,4455,9208,4306,1616,15229,3811,3131,12337,4820,2884,14405,3438,-2605,12203,4398,98,13691,7731,5213,20663,186,5866,6948,7473,3622,19166,-1660,-313,14116,11816,1852,18892,129,3313,10758,2589,-4437,16780,1474,391,13255,5732,9135,15026,1206,-2052,10931,3910,-4434
15612,4694,159,11066,6381,-2366,15952,3979,8633,16217,4518,297,10579,2835,6827,14150,-418,3974,14361,9541,-4569,20762,2899,3161,9129,3093,-1814,16440,1571,-1824,16399,2622,7957,12005,4844,-644,9991,937,-2805,17596,2835,5065,12760,4326,-4750,12335,4038,-2478,15145,-409,6003,6779,6871,6963,15573,2332,-1445,13445,6273,-248,13653,6437,3366,16525,3281,-1951,11022,8054,4828,14659,-3239,9362,10814,6063,4622,18210,545,-6083,17381,8231,195,12849,1681,7698,14923,3892,-4904,16695,2778,1001,11812,3361,11868,13511,160,-5180,12560,4903,-8585,14375,6001,8279,13208,2582,-2263,12763,1589,2381,7183,2261,2670,16277,3461,6113,14181,6139,-1492,15427,4014,-5991,9211,5849,6307,15233,7108,5430,21553,824,2921,5020,3967,4351,19294,-4354,172,11721,14102,-842,18870,5003,3368,12847,2396,1127,16537,955,1320,12443,1978,3661,12700,3006,-2256,13887,4316,-738,15486,36,659,8253,3717,-2859,12728,4024,384,17959,1219,8064,8233,4973,-2560,15663,975,69,11796,8488,6083,13409,18279,-2146,17145,-1610,7069,12598,2815,-1088,16443,-5491,11266,7085,5662,-1655
[row took 89634us]
7119,4604,4812,15727,4620,-6112,18354,3267,-5430,8450,7333,-10777,16281,2205,4243,14632,-1180,8537,6147,-868,6127,19309,-5160,7631,2578,15613,-7083,21292,19684,-7845,21578,9073,7492,11479,5597,3516,11867,-13068,11123,3346,5930,8319,13754,2733,-2381,21876,9257,-5828,9137,4457,-3313,17191,1051,-4634,17237,237,12616,10685,-1107,6211,12157,-6272,-3769,9198,8734,164,22385,14736,-4239,13453,7758,-8798,8894,-89,9545,7771,-3698,8380,11086,4889,5263,19069,2674,3375,11451,7350,-9193,11070,8925,-2098,16591,12230,839,21342,-1342,8570,3027,-2627,17240,16228,-10438,-4170,6790,13350,-7129,24058,15879,3377,14270,8054,-6274,4283,3165,1168,16555,-9242,16699,7069,357,5265,18068,765,-9198,14671,7210,-2220,11237,9819,-5486,15166,4888,-4856,16617,604,10992,8763,-3631,11406,10780,-2299,-284,7484,7214,-5389,21552,17039,-3407,21598,15926,6651,6714,4651,1681,12966,-13089,10810,3670,3811,11533,21904,-5481,-8486,7580,19947,-2769,20819,-1392,1750,11884,9751,49,17608,-183,2416,13821,-4435,6909,6440,-3193,1447,9956,1311,-6433,21473,15578,529,15998,16727,-2869,8989,266,2861
22881,26258,2531,17818,7348,9586,9209,2464,1184,12445,-17789,16574,9403,4807,-836,9684,5946,-4587,24985,7384,-4147,9326,10566,-5479,20024,-322,3313,13047,-1663,9476,11458,-5456,4342,10104,-4213,-6,10013,5215,-592,17041,25341,-11264,20702,8111,1301,3947,7641,9446,17924,-18429,5369,-1186,5595,4319,20139,-4777,5276,13453,15298,-10354,13243,10574,-9960,18676,6953,4157,10628,5559,11654,17096,-15115,12156,4002,-3286,169,13600,-2010,-1338,15171,24946,-4861,22662,23781,-3261,14109,3468,4659,14390,-7570,12859,4726,-12664,6136,17950,-1911,-8093,9825,14265,1750,21799,4548,-12465,7691,10327,-6242,20025,-871,10199,11846,-5311,10282,2534,-5455,1196,18396,-3325,-2374,4976,17117,-2782,20399,27187,1361,21469,8778,1620,7015,6214,6063,16712,-23069,17226,474,6177,-325,16752,-1689,-7667,18522,16464,2562,18856,5568,-8480,14979,554,-1572,11109,220,10561,14972,-6330,9976,6676,-3595,-5267,11830,-85,-5044,14579,22297,-451,23573,19549,-3135,9108,7250,922,14330,-12263,14308,64,-6950,8435,19609,-5876,804,12727,16457,-10597,16243,9998,-6644,15530,10016,305,13118,4295,4203,20081,-12872,16050
22377,7099,-13447,11654,4176,240,15821,1966,11865,15163,-8287,5019,4327,-7669,2166,13956,-5767,-1123,6448,19955,-3179,26092,30815,-8892,11830,15441,3806,16047,-6840,12020,4139,-17385,10856,8945,-12358,-6405,12955,8291,2791,24063,13926,-13439,14267,16091,-6730,15203,1436,8057,8788,-3334,14191,17840,-16366,9702,3194,-3400,-7507,9720,3402,2743,16331,31391,-3994,28581,26876,-1054,11554,7277,9866,14657,-13919,9381,3793,-17271,114,15984,-6579,-7012,10612,16681,-1040,24181,8706,-7129,10811,8021,-4107,15358,-1410,8965,12248,-6528,7860,6706,-4595,-4184,18615,-5484,-200,-2060,12958,7073,19537,24436,-978,23734,28072,-3901,15424,-26,6345,2554,-11230,12286,9337,-13946,2505,18775,-786,1251,16864,13140,-980,22687,6867,-11334,11962,7411,-5089,17013,1679,9329,15706,-6370,9297,4697,-9281,4999,12321,-6024,-3688,7036,15110,-1197,23452,31233,-7399,18753,20774,-2834,13261,-440,13485,4515,-17906,11447,8337,-12601,1084,14959,2585,-9044,19384,15775,-4116,15697,14376,-9005,17545,5735,6074,9592,-3220,12397,18053,-13949,14182,4592,-4433,-5788,16249,-2891,-3295,2066,27459,2978,28410,32098,-2802,17483,11566,8391
7375,-10263,7708,13301,-5875,-7822,6151,14724,-5763,19928,25076,-2426,21721,25569,-3258,10694,861,12651,5564,-14235,15826,10533,-12721,433,16551,-334,-5579,13176,15198,-15025,19805,9026,-1220,15076,9135,3730,11918,-4110,10933,14325,-9471,16802,8667,-7573,-2005,13049,303,-10382,3601,14797,560,23800,29313,1554,21481,20332,8661,10885,2345,9241,10667,-17437,2924,3893,-5622,-444,24776,-713,-6053,12359,14116,-7690,18688,7236,1673,18289,707,-1569,8101,1423,3081,14889,-8452,9521,7808,-2944,-1986,14130,-5799,-1979,-62,15111,8345,23153,26656,-2311,24882,24577,-1681,8680,1632,6742,5348,-14974,11634,8991,-10852,6681,20686,1951,-1998,17466,12804,-7918,20387,6307,-8385,15406,4768,983,14284,1592,6629,15657,-8414,14549,5117,-7711,3642,14257,-4567,-11032,5392,17124,-2121,22841,27364,-4708,21583,21932,2239,8432,-2405,15138,3814,-15648,10571,13947,-8578,-964,18032,-928,-9046,11097,16129,-12432,12557,7662,-1531,18893,5251,9172,10364,-1349,11076,15661,-9629,11962,7559,-6736,-5278,15496,1441,-9621,1615,18067,5016,25489,28664,1730,21267,17279,9362,11224,75,4656,7038,-20498,3292,5359,-3810,-2914
7472,17005,398,22376,26576,-3112,20077,24994,-1069,11073,-3077,15573,3258,-14711,9992,13418,-8807,-1316,21038,439,-7050,10418,15600,-11642,17777,3586,-803,15501,7427,4886,11145,-1296,12608,12845,-6813,12803,11838,-10053,-4190,9518,3331,-9136,7752,16185,6852,20894,28601,1121,21922,21858,6479,8837,-1093,7332,8930,-16060,1629,10258,-8155,-351,22131,981,-6622,11521,13589,-3241,20698,3206,-1000,15386,2566,-3162,9817,1562,3530,15132,-5317,10608,6775,-4873,-1360,11779,-3438,1514,5223,13691,4993,16153,27700,-4758,26843,23812,2003,1903,5341,4641,6719,-15448,12511,14411,-12603,10063,16338,935,-7911,16754,10459,-5758,24194,4931,-8479,11210,7851,-2972,14708,-1108,12338,13723,11,14806,12784,-12839,2722,5657,-3034,-8951,10555,14717,-2616,17887,24352,-3276,21482,27667,2079,7492,1110,12093,10013,-12396,10631,12935,-11304,-1354,14833,-1913,-8134,13473,11769,-5843,23149,3570,-8155,10744,10962,4852,14307,-2993,14611,12893,-3245,11899,13806,-10626,-821,4921,52,-8727,11340,12849,3530,14454,28556,1256,23939,26519,3691,11117,4769,12812,12241,-12107,-79,9673,-15688,-1023,15256,345,-2916,16757,10591,-2653
16580,22537,-2303,23809,31317,6670,10921,4287,7314,10008,-12198,4565,6629,-14014,3120,20284,-6873,-5945,15267,12610,-7233,22103,1328,-9085,7803,9953,8016,19101,-2106,11363,12651,-3135,3136,9769,-8091,5174,7752,-3881,-3873,7650,12095,1599,13199,24930,2377,25435,30623,4551,14948,15596,8829,13345,-9733,-2199,6756,-19782,3949,14098,-5482,1848,22955,4585,-9739,18577,5176,-3979,11186,2762,-3907,18265,1272,1790,10748,2065,5908,10338,-8478,7725,6650,-6058,3749,8895,1892,1532,8383,24751,-4715,18024,30642,1252,25231,25028,4840,7811,-1829,1687,2654,-16918,14493,14015,-16747,8898,18158,2433,-13123,19311,6752,-9016,20851,3143,-5018,14019,6110,4890,16879,-2570,11841,8326,-1566,9489,10392,-13119,2021,8014,1716,-9027,9046,20216,-5634,15571,27708,2563,25641,29030,7306,8151,3012,4949,9764,-15114,7525,6837,-12778,1706,21267,-8939,-12011,15243,11463,-4772,22627,-811,-3831,7357,10988,4916,18237,-2814,10418,13189,-3432,5934,8158,-6930,6929,9601,-4671,-8045,5282,16197,2064,14865,28321,6329,24698,28885,782,12143,16765,6264,14685,-12318,1814,4674,-16381,6171,16952,-9721,-1766,20629,5924,-8915
9619,15027,-7816,13372,23231,-776,15683,30920,6373,18610,21619,5065,12761,-4699,3404,10674,-17744,4994,8794,-12179,-3755,20661,-2627,-9582,17421,6802,-2283,17180,-1376,-1830,14449,5751,9849,12843,-1123,5426,12472,-5162,5810,6861,-4542,4043,10436,686,-3157,6290,22828,842,17763,28207,3872,21746,28256,3686,10923,8843,2464,12130,-14335,2127,6300,-15326,7882,20656,-8497,-6891,20671,4965,-8245,21445,-1570,-3181,10338,2622,-4379,16610,-1128,3540,12221,772,10772,6941,-6586,7548,6707,-7484,647,5533,10507,-1852,11752,26319,-1509,13553,32355,3335,26741,21342,-206,1897,1791,7190,8778,-20412,15416,13670,-16671,850,19896,815,-15028,19879,4294,-1292,21909,-1385,-7043,11362,7586,3749,17907,-4807,15629,6013,798,6825,12174,-13234,-1208,5367,3040,-6105,9889,20059,-1071,12145,28728,1827,23603,26460,3315,5807,14109,5270,14684,-11822,5576,9351,-17341,1482,15989,-9974,-10873,20427,2229,595,18699,-87,-3196,12403,3991,-5402,17795,703,13494,9818,295,8385,10565,-5870,1674,7825,-5738,-339,5501,12350,4949,14199,24283,1086,16211,30946,-1970,24967,24108,6607,7916,599,4261,10341,-16706,-360
19149,-4905,17861,3872,65,-1842,6775,-8820,-1806,10183,6756,-731,11253,21806,-4262,9905,29715,1756,25951,24335,7428,5098,14011,73,15671,-14399,3958,8565,-18117,3092,19005,-12452,-6910,18057,802,-321,19364,-933,-7672,12157,4221,126,18475,3278,13902,9630,997,5347,7763,-4005,5366,9138,-3978,2963,4483,14160,683,15020,22991,-2172,14645,31192,-2649,25553,23847,7747,8513,2448,3708,10976,-14390,33,11396,-19199,8581,18881,-8863,-7536,20847,953,-11649,20478,-2839,-1722,9265,4954,294,17271,1077,8027,11798,1508,6702,3868,-5093,8072,9127,-4617,1171,3999,13027,-8368,10643,26721,-1141,13070,32230,6463,26915,24186,-825,4144,-974,7602,8197,-20324,12316,13322,-19693,-1674,21032,-4020,-11133,17298,4053,-2915,23689,-4540,-1467,8013,10777,4840,19428,-5282,11883,5016,4349,4615,12189,-9859,3493,3498,3977,-6825,11364,20276,-605,14141,28647,3156,17142,26245,-245,8996,17549,2762,16896,-9084,2446,12755,-20183,8142,11034,-14855,-9840,21424,-7522,-1589,13864,4104,77,20604,-1769,-7349,11073,10369,9253,13453,-250,12189,8361,-1979,4981,7539,-2982,523,9325,6166,454,10146,25154,1790
8539,-20827,1153,21433,-12597,-5253,15294,3855,-5635,23992,-6221,-1725,2133,16999,7369,20748,-2958,11828,5195,7313,-244,13342,-5549,4326,2627,4665,-1597,10548,19844,-4517,16216,25041,-1206,11668,28974,3493,22308,16654,5201,13409,-2210,-1306,15907,-24828,5549,1603,-17422,1095,22543,-18123,-8278,12772,5777,-1318,23966,-2299,-2456,3651,15410,6641,17865,-1067,7947,7653,4885,5890,8856,2116,7843,11444,77,-4103,1597,24416,-2224,20141,23079,-409,10539,31158,3197,26178,12379,5774,7963,-2841,3490,17165,-24716,4585,3868,-19450,2516,21733,-14936,-14841,13203,3642,1089,24251,-3291,-819,5391,13790,-4529,17165,3125,13550,9244,3929,9552,5157,128,-2335,10020,-1791,-1036,3797,19872,-1186,15909,26744,-2587,10739,31051,1738,27845,15148,7191,4302,-2539,6845,15470,-24881,3431,7829,-20037,508,23164,-13919,-6828,11785,6344,-473,24279,-7486,-2092,867,19315,5128,20512,-2036,12302,4325,8102,1228,12713,-3704,560,5323,5274,-698,8636,21816,-1983,17608,23086,-3381,11605,26958,2308,23415,15514,8011,13184,-3230,-2080,16942,-25200,3627,1524,-18596,2973,21222,-18312,-6996,13819,6075,-720,23218,-1589,-2954
9687,-1931,-1111,3943,8546,-2036,11424,26153,-1011,17148,29084,1182,19128,21029,3378,14301,6844,6399,11847,-15454,2594,14273,-29858,2821,13717,-13955,-1085,23358,-9620,-480,8575,3824,2203,13661,807,-6506,15002,17458,7848,15024,4025,6876,4518,6397,1333,5468,69,837,9323,11155,-783,13920,24260,1104,14763,21987,-4181,16637,21517,2426,13860,10618,6181,17725,-11327,-3324,16056,-27793,7044,8144,-19842,-458,18940,-15314,-4341,9894,8890,-243,24060,1505,-2976,5431,17528,7237,9129,1396,5506,5197,7919,5672,14037,3555,3420,7554,5234,-1715,7319,24525,-2945,18253,22057,1912,13694,29522,6655,26326,7160,2543,8806,-3806,-158,19577,-29295,5514,-1415,-19773,2415,22482,-19546,-10723,10586,7374,5537,24880,-2479,-3185,3107,18592,-7510,16547,7116,11830,9509,7018,7845,5515,1919,-610,9262,-3036,-406,3729,19545,-2066,18390,23409,-1377,12146,30051,1518,25324,11564,7971,5173,326,4910,19241,-23171,167,5972,-22595,4321,21923,-15237,-3921,14975,1744,2202,19631,-4646,-830,3012,16559,-3112,19862,6628,8129,7999,8396,3965,11234,2957,1980,3778,3038,1241,8722,15958,-813,19205,20600,-3812
14110,-9362,-1295,18684,-28354,6947,7042,-12630,-3388,19383,-11370,-3465,12428,7501,3165,18029,5167,-9980,9887,14744,4821,6576,10196,10460,9822,-432,505,5014,2744,1519,10709,-293,1515,8042,21889,-6559,19755,17865,-1553,8696,23674,8042,26631,10075,6108,8960,-6106,2035,18451,-24888,562,2104,-12088,6513,25722,-13418,-8940,10126,9592,4378,22164,-5660,2491,1408,18692,-262,17040,4321,3873,6336,9502,2899,11773,2443,5077,8687,495,-3628,7196,17127,-1740,20635,15870,1700,9040,22033,-1670,29421,9321,5649,7986,3884,-886,18416,-22979,6414,1887,-15496,1632,22796,-15674,-7984,15164,6601,5353,16602,1562,-2446,5100,9931,-2103,16328,8370,8990,10470,6039,8851,4871,5752,-841,10664,-710,-2089,5728,13738,5256,18725,18336,-3068,12437,20134,1261,22718,15602,5101,10497,5453,5293,16126,-12920,-3127,14942,-23694,7756,14315,-11768,-1825,17053,-5705,-4050,14539,3923,25,12097,9071,-6814,15394,11161,6779,5488,9075,6500,6520,-1168,1394,8065,236,4787,7727,1936,-2604,10922,21799,-6434,19373,18202,2140,10977,22771,5750,20728,9108,5283,10379,-7818,2379,19580,-25339,5258,4484,-8179,1709
4698,13281,6970,10768,5371,9504,9755,3706,707,8542,5378,896,13381,1370,5152,3890,20763,-1241,20618,16897,-3996,13098,23014,7032,28374,11726,6020,9365,-3975,-4133,15426,-20569,3476,2972,-15483,9139,24842,-15516,-10371,12644,6911,-8,22581,-1811,116,1186,15343,-5464,18533,6084,6455,9414,5532,6798,3090,1182,4324,12474,-4565,177,2893,15199,-5015,18234,18164,-1837,10125,26432,4111,24189,13151,2644,5473,3616,5853,17026,-17180,3808,10296,-19329,6383,20494,-9258,-8358,18783,-60,797,12314,541,5385,6109,8057,-5468,17836,8447,5750,13070,7071,7260,6791,2871,866,5819,-912,-2385,9291,10445,1703,17036,18768,1082,10137,19880,-4008,25607,15142,2325,9808,9856,5933,18133,-14032,-1646,13838,-19780,4543,15621,-12826,-801,15824,-4448,40,10973,5936,-2609,17229,4391,-3558,11485,10903,11969,8341,4430,3466,6152,3967,2442,10801,2827,5069,10204,5482,1,9209,20552,-4428,17099,18335,660,18304,21790,7121,22399,8122,1442,12296,-6787,22,18995,-24335,7501,3097,-10313,1248,23794,-13351,-9557,9434,9080,3899,22522,629,-3235,5531,13006,-3403,10556,7237,7826,11724,787,7171
15778,18609,-3182,19501,17979,2306,20631,10788,3939,15591,-6496,-43,18344,-21108,4454,5529,-8203,1738,21533,-11470,-3552,10023,9149,-499,22685,-3140,-1829,2082,15100,3964,14089,1228,6762,10131,3703,4837,6587,5462,4763,13254,-933,690,3901,21400,-4839,21601,15419,1655,10602,24677,5463,29331,9671,2150,9333,-3094,-26,15261,-16983,4507,8272,-13053,4263,25798,-8222,-9765,12946,3978,3216,20606,-5202,590,1420,13646,-8217,20569,4635,8188,6954,5918,8331,4381,-1782,617,12057,-896,-440,3968,13054,2173,15660,19265,-4306,13903,24276,142,24358,13590,4457,7758,1687,9239,14834,-13765,922,15875,-18744,2782,17548,-1674,-2751,19916,-1601,203,13155,-1368,520,4597,8335,-2313,20803,6327,9909,10076,5438,3741,6896,-169,-1576,6533,-133,2006,9595,12526,428,17002,16878,-2993,8685,20299,779,27332,14850,3141,12417,5058,349,15257,-12356,1294,13324,-14902,5053,20004,-8779,-1258,16239,-3449,-3623,12440,3537,881,14104,6600,1292,15741,7137,5036,3589,5424,4374,10006,-42,6763,10689,1569,1431,6225,8343,-1291,13145,19395,-1937,14867,20732,3491,22401,16465,3322,18287,5947,-459
20350,-3120,-4022,14281,485,2038,7897,6485,1517,21738,5373,8453,8011,5383,1555,7965,-2814,449,6652,1467,1347,10858,11073,74,16348,16129,-3251,7115,18538,1379,25474,13944,3659,13285,3357,-2536,14614,-10308,3342,12578,-12306,6823,19677,-6598,-3419,16660,-2234,-3328,13937,4278,1982,12718,6644,2341,16862,5420,3239,4353,5932,8419,11916,-269,5393,11380,1703,-2273,6121,9863,824,14375,16601,-2322,13286,20093,3782,24210,13857,2878,14212,4132,-874,11787,-8130,6091,17810,-16033,2283,11374,-836,-3930,25399,-7752,-1597,7703,5032,2247,17877,210,-5368,12534,8280,2750,8404,9425,8145,13079,-4640,1949,3492,711,1823,11143,2314,1188,10482,19914,-2738,15277,17841,-910,17973,18583,1318,19634,9553,6376,12048,-8988,5429,15700,-16401,577,11460,-1205,2182,25292,-5388,-2867,7753,5919,-769,19759,-3896,1453,12022,13097,7368,13113,3262,3246,8177,98,-536,6573,-1804,2322,11184,4162,196,11625,17054,-756,13006,17087,-784,21906,17433,2303,15453,8416,-17,14761,-6210,-1637,17385,-15237,10650,10634,-3914,-1094,19900,-6634,-4959,10649,6239,2703,20026,290,-2405,7935,12044,4751
4519,17961,-2759,18150,15574,-275,13057,24198,-562,27337,15755,3444,8160,-3293,8273,11443,-12283,1971,17374,-14401,1237,17020,-345,-1187,17197,2024,-1943,18648,-1877,-2058,4129,9672,4965,19558,1495,8191,8964,4725,-695,9707,-3760,1050,7258,325,2562,8635,15120,-2088,18581,15400,-1503,11721,19387,2348,20507,14930,3698,13672,-1936,-3762,15073,-12518,2643,9298,-8302,5334,22189,-5696,-4445,14742,1870,-1392,18169,-806,1354,5656,13115,1194,21863,-181,6939,4201,3963,5788,6191,99,4949,17006,-1600,472,3423,18250,-2873,19133,14033,-707,10153,24530,6113,25983,11443,485,12466,-3040,-7,10071,-8340,6094,18934,-14580,3558,15362,2287,-7251,19789,-4164,364,15317,-1442,1040,7515,8915,-6603,20950,2896,7730,3803,7684,5629,7708,-6491,3328,13568,638,1011,5062,13794,-808,16084,16852,-3062,12214,21417,1436,26097,15715,1510,8469,292,8272,13148,-11321,5378,17651,-16347,-964,14443,2777,-1091,19821,-751,-1384,15775,-702,-1235,5141,7584,2389,21926,3275,10105,9328,5637,686,8833,-5037,388,7376,-461,549,8716,14739,-1642,19061,14354,-337,8967,19168,1379,20534,15807,3717
20043,-4141,-3817,15211,-1323,2539,7573,8299,-2103,20168,1292,4955,3712,7576,5561,7648,-5304,6641,15532,-2944,-502,2101,16110,-6451,18224,15184,2368,12165,24663,3083,27261,14826,-955,6493,-3102,8530,11877,-9434,7478,21160,-14669,-941,13331,3417,-5012,18825,-431,-678,17542,1018,798,7244,7295,3337,19959,1756,7494,8993,5097,4313,10439,-5909,-851,6231,33,-4034,9749,15297,1607,17697,15255,1348,12654,17805,-1402,17571,14820,5138,13441,-3070,722,14675,-11768,503,12914,-7184,-457,19246,-3128,934,14060,1945,-2341,18768,-1247,-887,6581,13107,3689,20897,622,9326,5799,2404,2952,7060,-2328,2067,14299,149,4191,5640,17096,-1701,17744,15076,-5365,15197,21385,5858,19427,14494,5691,16815,-9197,-2423,7882,-6116,5091,20040,-11504,4022,17060,2574,-7046,16726,-938,-3068,17943,-3466,-318,5452,10281,1728,21409,1821,4061,5777,4930,3209,3976,-4363,7647,17134,-2044,200,3517,16476,-6089,15973,15231,612,11185,25263,3937,25416,13977,62,5978,-6116,6403,11933,-14322,8042,14660,-8376,1131,21125,1606,-10525,14821,3242,2937,20162,-1781,1955,7371,9484,4798,16864,2507,6007
10928,23615,1018,25800,15540,3458,13884,-3526,3616,7742,-8291,3485,19702,-14442,2254,14542,3261,-4980,19281,-1577,-2609,16150,-2848,-951,8147,6664,-4440,19782,2369,11529,5654,7977,4706,8681,-7709,-635,12157,-1802,4658,3668,14049,-1709,16639,16605,-3999,15179,25416,3456,25531,18534,2681,4926,-4913,6449,9816,-12184,5009,20714,-13876,4639,15094,2504,-5868,18105,1053,-5535,19328,1260,-1268,7452,8492,8753,18167,1640,8217,10637,1689,-148,8998,-6654,4482,7695,1048,-4545,8786,16525,-3608,16445,18897,2988,18498,20085,3397,13917,12558,844,12889,-7113,-609,14626,-13471,3492,11080,-3828,4002,22062,-6475,-6755,11202,5725,-2382,19548,-1800,4049,8580,13656,2678,17818,487,5045,8554,-46,9149,6579,-424,1044,13437,1540,601,8097,19112,-1094,15077,19842,204,22163,21321,3353,16645,8009,-701,12158,-9353,5738,13381,-14380,6461,13086,-3418,-2453,24139,-2926,-9151,12807,4122,1841,16445,-2473,-3000,10911,7486,-802,14082,6750,12620,11491,-4246,4777,1057,-1855,-1620,13448,1563,1754,10120,20888,-3987,15043,22061,2557,18956,22173,-1932,12902,8101,6124,12630,-9675,10406,15328,-19531,2333
13240,2940,11524,10609,-2389,2962,7122,-1053,-362,10650,6014,6381,12226,19656,-3756,13043,23327,-4759,25152,20524,6516,13946,4545,5951,10593,-9143,328,17019,-17096,4294,11529,-361,-797,24798,-4733,-8598,13217,1387,-2368,13888,683,-2119,14521,6428,8093,9757,5549,5886,10744,-6383,2596,5434,72,4808,8588,6509,-672,12904,18763,-10125,14715,25725,7840,22582,22479,3003,8193,2554,2819,10596,-12436,6389,18793,-18373,6604,12885,2506,-4453,22920,-3255,-8024,15428,2880,-1303,8965,4365,6545,20386,3637,8041,12000,3494,2625,8698,-6944,7150,4528,-1533,-5432,9364,14628,-6929,18179,18981,5937,12758,24135,3169,20705,14992,-866,11464,-3475,2010,11789,-13161,4933,10816,-8425,-1932,24528,-5290,-3639,12267,3473,-1087,18141,-2453,1059,8746,11148,1133,20423,1444,7369,6956,1306,9105,6516,-1916,2804,15237,-104,-1612,4609,18565,1202,16062,19661,-1023,18995,23953,180,21213,13315,5258,11794,-9301,3151,11543,-13244,4042,14310,-6554,463,24123,-2276,-7963,11022,4530,-1347,20293,-6875,-2605,7218,9160,-483,18793,4197,13441,9015,-1514,3262,294,-2362,-950,16333,-340,4954,7268,20937,-3851
10987,-2374,-3624,20824,-5120,1907,14178,2797,-2602,13804,1842,-4362,14907,6767,12926,10706,3893,6196,10800,-5079,1335,6720,982,3733,12085,8067,3222,13305,19533,-4259,11487,24573,-2377,26926,21104,6771,14525,1226,5277,8452,-9150,-1553,17728,-17703,6449,13678,2999,-1794,23981,-4028,-11293,14331,-144,-656,10089,2532,404,18128,2364,7022,7461,5969,5168,8371,-7623,5442,10211,-1120,3650,5182,11280,-5126,13770,20220,-4624,15181,27574,7097,25332,20884,861,4779,-3143,4008,8821,-14237,9569,19413,-14705,5500,17444,2152,-11159,17220,1160,-3856,20619,-1287,-991,7038,7655,6370,19938,1560,7703,11283,2329,5484,9083,-7919,3933,6428,-520,-7955,8069,17868,-3465,16001,20799,7031,18515,24593,-117,17457,11679,-1026,11481,-6476,5281,13772,-16024,4982,10229,-5331,-5583,22508,-4074,-4560,13627,4913,3391,16794,-1256,-2018,11416,8442,2885,15539,1835,12471,9778,-1397,5064,7018,-1440,-1695,13016,5521,2082,9334,18257,3569,11209,24256,-4970,26587,21410,1114,14503,6562,6731,10669,-8452,4206,16412,-18633,3261,11617,58,-3883,25269,-3780,-4157,14743,3421,-3136,12133,-532,-6133,14806,2774,8515
15071,24218,-229,20247,18092,2016,12035,-6191,5401,11129,-15883,1213,9437,-7539,-2881,23169,-3318,-2950,13667,5295,1713,18798,-2772,-5126,11059,8242,5406,15576,1490,13227,11295,-2243,1302,6504,-2211,486,12566,3804,4570,7033,17866,1250,13382,24278,-5314,25033,24942,3159,16571,9189,5763,10274,-9282,1450,15250,-18219,4266,11137,-1105,647,25272,-5000,-7274,13935,5184,-6815,15011,-2259,-1588,12515,3647,5620,12366,4846,8817,11819,-6386,2311,3079,-884,6077,9493,5712,-1417,13090,19495,-7776,13681,25518,5627,19511,26797,3176,5121,3068,3237,10620,-14563,7774,17808,-17204,8063,13988,2483,-8478,22300,-1170,-8925,18905,2439,-48,7988,4346,4293,18444,691,10610,14648,2132,3964,9441,-7773,5031,3446,-1502,-5368,9663,14958,-7341,16491,20796,5753,15911,26219,4162,20176,15824,-2038,10238,-6443,3207,10813,-15678,5976,11508,-7737,-2073,22142,-1519,-8369,15141,4510,2422,16285,-572,429,13332,6659,1208,14531,1200,11449,11729,-2108,7192,6734,-2140,343,12116,4515,-1761,7960,17536,3557,12425,26027,-1305,26142,23109,380,14389,6755,4381,9672,-9096,4823,15055,-17559,4326,12559,425,-5234
[row took 93383us]
9189,-9330,911,5788,1494,-8021,10792,17549,-4427,11710,24480,8773,24732,22980,1131,10661,8683,-908,12010,-9100,7627,12611,-14663,1548,12543,-1891,-8709,22830,-1502,-1529,14962,3809,2331,12791,810,-2624,15055,5302,6999,13151,2029,9760,10597,-6287,5006,4433,-1404,-3343,15587,8996,3581,12590,21378,1766,11189,25932,-1359,24160,20914,675,14060,-3302,7580,5729,-10482,3160,18413,-14923,1671,16018,4779,-3694,18869,1291,-5529,21070,-2865,-5917,6418,4341,-2854,20384,177,11450,8928,3472,7015,5104,-7952,1438,12117,-3183,4133,6032,16767,-2245,11815,21390,-5287,18271,27780,5975,23589,19325,2651,6532,-9191,8057,4640,-16161,8035,17335,-8530,-953,22914,2264,-7357,11470,3983,-6660,20814,-2173,-1872,12925,7224,10735,15226,1057,11032,10376,-3955,-324,7318,-7409,3292,10570,5813,-5848,11173,18993,-5851,11528,24340,5599,25326,23249,4082,10484,3068,2771,9791,-11311,1867,14685,-13476,2483,15377,28,-3363,17834,-24,-6341,17830,539,-2086,11080,5080,5889,17927,2218,7090,9292,1126,5591,10378,-7015,5497,7603,-144,-181,8885,12671,170,16326,21564,-1652,18182,26775,3887,20607,18614,4967
7553,4544,4913,20046,886,15608,13361,2375,2000,9939,-9957,3515,1650,-1728,-1123,12261,15168,-8483,14608,22925,843,20508,25121,7488,15953,15888,2048,10867,-8359,732,11435,-14726,5097,11068,-5349,150,24250,-3198,-7700,11635,5067,-5213,18830,-1636,4403,10825,9949,4106,16416,-1362,8817,10540,-1849,6661,7564,-4134,2282,10297,3603,-1205,10257,20017,-1716,12336,26076,2580,25873,23926,5077,17702,6188,1132,7498,-9304,1403,15375,-17456,6373,11204,-304,-3555,25444,-2831,-8958,15034,4467,92,13703,-298,-3453,14081,365,2688,9549,4849,10210,12392,-5699,5759,5463,-3618,2436,7256,7609,-2956,12121,21924,-3145,17875,28781,4514,22781,22341,-1148,3273,-1766,5409,6374,-15019,15860,22093,-15808,1066,14207,4571,-14600,18993,1832,-163,21882,182,-3352,8028,6306,1833,17774,-90,15295,12629,1887,4901,10137,-10680,-525,3847,752,-4983,10830,18067,-1621,13292,23623,4553,23164,24256,175,13615,11708,2691,10736,-7863,6001,13192,-16921,922,11619,-3853,-4042,22295,-3083,-3862,14802,4569,-1233,15015,-386,-3373,13721,6589,8902,12332,2380,10610,13622,-5435,2819,4309,-2657,-31,11884,8035,3846
18440,-14144,-4108,19721,1173,-6650,13036,3848,-735,23386,-3181,-6277,8769,8913,8238,16963,-217,14575,9779,-581,-255,9066,-8896,-346,8461,4442,-2901,9183,19154,-3122,12430,23249,4242,24242,24970,1384,12717,7119,4985,10734,-9421,1411,14882,-15721,9,13862,-2973,-1971,19786,-1996,-2795,15273,1958,-4248,13571,1771,1769,16187,5226,10681,10288,1452,4871,10491,-5005,3825,8907,-1783,4057,8014,12409,1510,16665,20215,-4283,12064,28152,2149,25817,20887,5338,13495,-4240,2720,5914,-9905,245,20457,-16101,8756,14093,2900,-5113,19886,-2172,-11216,18985,-918,-1328,8934,5259,-885,18283,-485,8188,8727,5465,7081,6934,-6744,7227,9916,-4103,1741,5469,16514,-7930,15690,20299,-590,13332,30721,5700,26535,18212,770,4240,-6406,6583,6381,-15444,10966,17417,-13379,-1762,22090,267,-11147,13384,3992,-1281,23220,-1458,-617,8702,7700,6697,16910,-328,9900,10539,857,4173,9550,-8222,1215,7437,4133,-8971,10336,18700,-1699,11468,23527,8563,24078,22865,-915,12452,8413,997,11817,-7807,6295,14867,-17215,53,11159,-2873,-7188,22485,-4462,-1147,13032,5435,1800,15468,-888,-1804,13640,5995,6830
13271,28568,2936,26214,19106,-595,2755,-3139,8488,7433,-14169,10829,20549,-15893,-505,17600,2010,-10279,16635,2711,1188,22964,-771,-5898,6670,8403,4763,17498,-298,14241,11517,2585,3397,11075,-9183,37,4915,1933,-5760,9350,18326,-2129,14333,20432,3254,20803,23830,1684,15126,12115,3590,11955,-7117,5258,14032,-17187,-1483,10088,-4469,-3199,22828,-4537,-2492,13662,5293,-2115,16608,-1193,-370,12119,7704,7999,13606,1915,9462,12129,-2725,1211,6325,-1671,1548,10135,6597,5588,11740,19851,-2542,12722,26218,-3608,26604,22357,6376,14157,3114,4454,7630,-9915,-1628,18359,-17093,7850,11576,1691,-907,24781,-4844,-10867,14859,1684,-2869,12518,1211,-1601,14956,2106,7253,9826,5363,7217,9770,-6610,6267,8160,-1665,4311,5894,10227,-6172,13975,20388,-6089,14387,27298,8720,24585,23549,1306,6954,-2851,5773,7264,-13110,9073,21754,-17147,4489,13902,2602,-11821,19215,300,-4497,21359,1554,-470,6966,5098,6884,17983,394,9432,12869,2693,3217,10296,-7270,5426,3687,-773,-7429,9491,17339,-6706,17006,20895,8179,16841,24128,3092,15600,13664,-2201,12777,-7502,4584,12093,-14702,4512,11297,-5634,-4846
11301,-5160,7959,1293,-3174,1187,12036,2307,-1565,9930,21167,-5066,13588,25734,3414,20396,24138,-222,10550,10149,4996,12787,-13744,12286,15258,-19447,3846,10719,-1802,-7763,26200,-860,-4917,16284,6341,-1425,11845,878,-897,16924,3502,14796,14671,2997,5891,8779,-5774,1760,1699,-3878,-3791,12307,12762,-5429,16911,21649,4143,11039,23923,1177,24660,20633,2425,11733,-3514,3909,8274,-15470,1936,10051,-11131,-1057,25335,-5227,-2729,12372,4601,-446,19913,-4149,-6900,8002,10845,4400,20670,1838,13205,8954,868,4093,6287,-3359,3025,12335,-1409,2711,4414,20504,-917,18805,21314,-4603,16713,27728,2838,21549,14442,9678,11910,-10211,-889,10687,-14625,2175,13593,-9859,5409,23292,-2923,-10387,14093,4063,-6522,20050,-4986,-1101,7201,7442,3273,16837,2330,8939,11273,-507,4774,1598,-3492,4455,12251,-1281,1139,6861,20349,-8101,15889,24692,2577,15463,28755,4355,18280,13360,121,9942,-11340,10265,11468,-18744,7861,11750,-7865,-2746,26104,-3483,-11131,12576,7051,-2895,18506,-1936,2987,12761,6952,9100,16020,442,6639,7453,-2018,4754,4386,-6580,811,11549,9859,-10460,14876,20662,1475,8280,26467,7197
24404,-3867,-11668,13576,1757,1460,13725,-910,-3535,15492,5007,5112,9931,6570,11029,9665,-6184,4754,3869,-1714,-1297,8767,6408,241,11728,23313,-6178,16796,27382,5924,19342,22622,406,7105,5134,6466,10075,-13585,9157,18668,-21806,1555,12680,-808,-6536,24929,-1068,-3351,16393,1624,-4252,6938,3737,2425,19468,3117,14503,13870,3669,4272,8553,-6363,884,2852,-2567,-3634,8329,16410,-3422,19328,21413,3395,10802,25706,759,26031,18704,4669,10637,-3498,2005,11141,-16632,50,7002,-10700,54,26188,-7751,-1018,13274,3723,-3829,19118,-4207,-4813,7930,11286,6071,20630,1857,11349,9101,547,2610,4588,-1786,6576,13563,-1537,1800,3052,21687,-4304,19577,21617,-1022,13442,28786,2735,23472,13852,8008,10958,-9230,-85,12111,-15570,3927,12048,-11039,5161,24243,-6213,-12346,13461,3382,-6289,21546,-4605,1053,7061,9096,643,17361,2621,7609,10062,-373,8157,910,-782,4841,14646,-2517,-1899,4842,20889,-6567,16169,23789,2624,12477,29537,3592,21972,13096,69,6210,-9404,11350,12140,-21150,6986,11713,-9104,-3042,26396,-6281,-9989,9925,6984,-2097,22121,-5684,625,9722,13009,8065,18715,-395,9924
14601,26957,-655,25080,16096,6806,12004,-8149,5438,10428,-16057,2777,10927,-12907,169,25324,-4977,-6730,14137,3658,-4726,21513,-6776,-4009,4265,9432,416,19879,3390,14294,9598,1608,3512,-107,-1747,769,15591,-3123,2884,4004,21585,-4369,15448,22080,-3417,12554,29392,5760,22938,16636,3407,7633,-10622,8356,11202,-19629,2792,12180,-12556,2327,24101,-4617,-7438,13153,4590,-3487,21901,-3895,-1641,9404,13797,10462,17368,-659,8975,6116,1855,216,8617,-5161,2893,8788,5610,-6465,9832,21435,-1907,14838,23753,4876,20065,24375,1714,12950,8524,1167,13012,-9200,1925,20071,-20674,4626,5302,-8781,-1663,19424,-8860,-7373,13117,5112,164,20716,-691,1207,9081,11484,5804,11205,1427,6017,10559,1003,10183,7851,909,165,9711,5499,-527,10839,22503,-1982,15401,25136,-54,19141,23061,2513,11624,7930,4587,13258,-12331,4923,16370,-21927,6455,12777,-7836,-4788,23822,-5809,-12738,12122,2389,2332,16769,-368,-4540,13857,8075,4269,9242,7501,14380,10306,-4355,3149,4758,-125,-2642,8627,5371,1446,10734,23534,-6464,15768,27149,2904,18758,23294,2378,10284,8205,8882,12871,-15341,7312,14763,-23669,2699
17650,2452,14178,11685,2553,2702,4854,3070,5534,14886,-2059,-263,-446,23496,-2119,19963,22143,-6107,11749,29949,5931,24836,16274,9489,10828,-8349,1829,14835,-21378,2618,3978,-19583,5969,22704,-11413,-13844,15058,3948,-5187,23586,-2109,-404,3893,12806,541,17956,2843,10095,10366,3718,6759,2085,1835,4659,13509,-4822,-3369,2295,21740,-5089,19135,23858,1429,7137,31386,2133,24658,13263,4066,3488,-6701,9836,14115,-26325,6823,10129,-19571,-1043,21811,-10454,-13017,12386,5680,1915,23161,-3583,-1102,7154,18747,3780,18497,-1616,11974,3414,7702,4725,11025,-5443,-1502,8270,5580,-6290,8985,21831,3485,14131,25373,-1035,16647,25535,-538,15626,14030,5282,14815,-8352,4370,18366,-27003,6267,4145,-19825,-6775,16925,-11727,-3147,14342,5314,1065,23373,774,-9589,6585,15680,10136,13103,2622,12553,8712,4042,2780,8316,1745,1678,12807,2476,1729,4572,25859,-497,18149,23543,-7567,13154,27979,6959,18629,13369,10301,13655,-12104,-334,17060,-24832,5110,5131,-20560,1906,20443,-11887,-14228,13517,4869,-2577,23142,-1083,-3208,6023,15684,5284,14666,4652,9709,9103,2256,3772,4658,2256,4018,9547,-839,-2078
15400,-8084,5638,16638,-28119,7382,3089,-23114,-7107,17548,-14263,-5710,13575,7032,3842,25556,397,-6567,2260,19330,3732,14856,2015,14905,8135,7460,7058,8771,2871,-2426,11904,1390,-1388,2390,25759,1597,20719,22369,-5676,10724,27879,6282,25995,13336,10112,11221,-8262,2002,16237,-25916,236,1175,-24614,4018,22742,-15514,-11365,13639,4713,-864,24262,-1653,-4134,2531,19185,-1003,18247,5667,14594,7648,5918,2982,4522,3457,624,11834,-2901,2389,3062,19771,-6365,19488,23128,-3158,8566,31506,6307,28668,15708,7888,6684,-5232,3561,16081,-26084,5022,5111,-24187,5258,22686,-15533,-12210,14473,5472,-2620,21876,-4814,3531,574,21429,1060,21006,899,8164,4397,11416,5663,14398,-14,3578,2812,4751,-5562,10253,19075,-3885,19035,21510,3541,8194,26690,-663,28710,11944,7014,9489,2250,-1334,17403,-26407,7879,-429,-23373,1065,21890,-20261,-12206,16316,3803,6257,18959,840,-4300,4072,17915,-3079,19421,5760,13132,6107,6923,10734,6698,3782,505,11905,-49,-3345,1553,21038,1311,22107,21534,-2430,11978,26418,-647,23123,17373,12130,9847,309,3726,14428,-19881,397,9352,-27986,6307,19563,-16020,-10064
20709,5501,6427,7825,11847,7469,10600,3324,2175,5912,2622,-3792,9453,13919,-1462,17456,21022,525,11769,21356,695,26178,14233,2763,12643,3655,4348,15436,-19840,5172,6335,-25772,787,20882,-18287,-6719,15247,-1395,738,15144,4033,-2122,9931,14333,-3533,17598,11516,12624,4443,8234,9114,8157,4038,-970,8020,-667,-832,7497,13518,1767,17881,21596,-1614,13654,21417,-158,19142,18615,11221,18504,5918,4628,14948,-12948,-5007,16587,-29661,9241,8431,-18025,-2539,19338,-12253,-11013,11757,8825,2969,20853,6974,-4472,8116,18730,4763,7951,8899,6454,7544,3521,4533,9367,68,3013,7059,-1216,-5379,5361,22131,-5541,22012,22377,4866,13689,25970,6435,28196,7589,4675,3922,-6267,3301,20783,-29275,5185,3268,-16364,955,25604,-16080,-10166,8317,10330,6782,23999,-6211,-592,-654,24634,-3476,18041,5056,9344,5520,13632,6495,13406,-641,-230,5492,3340,-3582,9615,16894,1472,19999,20699,-1248,11061,18127,-838,26532,12330,8865,12680,2156,1533,18805,-23599,2202,2773,-22673,1844,22648,-20298,-5647,12600,4256,421,18757,2891,-4029,6479,17431,-34,17581,10481,12984,5350,7895,4443,8446,3379,1349
21783,21519,-829,14611,21107,4886,20313,13869,10220,16238,840,3895,16809,-15819,-4407,10319,-25255,5348,14843,-12837,-1139,18767,-5544,-1667,9560,4973,3425,10134,8291,-4143,15288,19239,3673,10815,8101,4759,4350,8691,4327,7501,-2476,2621,12056,4541,-2965,13432,20044,-3072,16271,17976,-1039,15570,17408,8536,27163,8987,3223,13387,-4701,123,18501,-27932,5680,2488,-18552,-2698,19300,-15471,-8610,10520,12269,7368,23640,1732,-2676,-1524,19339,-1209,14744,6242,10428,8202,9662,5570,10730,1745,-592,4510,543,-2353,9151,16576,3842,23045,18824,2635,13324,16317,1529,18899,14788,5703,15766,4830,4102,16468,-16102,-3050,9984,-28345,7554,13576,-17437,-3931,17618,-5269,-4686,12166,9681,331,14145,12937,-8615,11415,19876,7920,6969,8873,8721,6248,2415,1436,8679,-5196,2204,6982,-2065,-5372,8109,22445,-5297,23622,19416,6151,16167,20332,10639,21685,5903,6561,9490,-1213,-4546,22833,-21091,1794,1854,-16140,6307,21834,-18343,-8258,10488,5923,5220,18203,-1534,4854,651,20715,-9151,17974,13601,2805,10401,11981,10773,10427,2184,2593,2016,-3313,-1812,13148,7716,-908,18552,20509,-465,14504,16066,-2962
19290,5745,3287,15493,-10268,-2382,11942,-25146,8370,11956,-14968,-3697,18461,-6545,-5656,8782,10713,340,15356,8220,-7847,9000,19540,7042,10397,6939,10229,5939,1220,744,5566,-3947,-209,11945,-4868,-2632,7636,18912,-3057,23435,18108,2960,15759,15600,11392,18460,13944,4705,20012,-1535,-5202,12887,-7663,-646,9410,-20249,7761,16729,-11502,-3533,14154,-2595,4202,11151,4531,6270,10518,7558,-11346,12766,20377,-79,14252,6918,11682,4124,6493,5466,7026,-8382,-1998,12027,1168,-129,13443,21223,-3017,21796,15441,-1438,11674,12719,8429,26013,9672,7046,12377,4857,-2362,20093,-20241,-2544,3719,-13595,1643,21004,-14888,-4258,8316,8075,4430,19469,1907,370,1710,11272,-2609,16038,8997,6969,7843,6760,2000,6520,4399,2742,6813,-2026,4990,13146,4343,1248,16246,17474,-2343,17966,15647,3294,15925,20432,6484,28792,4406,263,7218,5276,-2024,20935,-26793,9044,1539,-14739,1549,21938,-14233,-11699,10682,10604,4205,20300,1558,-2253,1060,19722,-7708,18018,7162,12409,4485,7354,8870,8183,-5145,-3530,6800,-6409,-2911,8331,8939,1601,18432,21053,922,21597,12954,3580,12387,20116,7405,28061,1493,3033
17595,-5612,-2708,12628,-21154,2355,7330,-8695,-3985,16315,-6591,312,9914,11621,7383,14998,-518,-2046,3471,12884,-2753,12652,5372,4708,7666,6722,7338,11009,-1725,1200,11551,-3146,728,8709,15370,1889,23696,15099,1468,13791,17825,709,21127,15495,4705,20580,8281,3450,16120,-8831,496,10273,-20971,4100,10584,-12748,-4545,17585,-6501,-3217,10253,10044,972,15861,4965,-5468,6493,14973,6448,10911,5085,8305,8395,1421,-915,5812,-3721,152,13509,-4230,583,9849,15831,-2292,19340,15436,2067,16454,16876,10231,19959,19809,1978,28446,-2378,-1997,2208,3714,-1225,19455,-23662,6719,8289,-4914,-261,17411,-11664,2906,3949,8006,4771,20674,-472,-9712,6062,20999,-655,14796,4791,12071,3796,8310,6051,12719,-8594,-441,8382,-1748,-1112,12221,17718,-3718,25158,15147,14,10491,12296,6095,19087,12053,8475,19912,10210,46,19323,-6320,-6490,12396,-19565,-116,6752,-11081,988,13887,-7659,2081,11514,11597,3251,15274,1713,-2603,3811,12875,881,12154,4420,3009,8583,6177,5019,11249,-1208,5733,10438,-2597,34,9536,13817,-2284,23863,14854,1967,14256,19111,4537,21317,15612,2866,21764,6334,1291
8878,4360,-2165,19393,-18472,1332,-1686,-5659,7239,24844,-16789,291,1936,10117,836,22481,-6890,-3321,-807,20547,-2395,16816,6618,6452,8926,10005,7010,15109,-5803,5243,2454,-3674,-1867,15433,9540,-6047,20962,19301,-1204,14102,12186,7213,13853,12009,6833,28923,11102,1905,13806,4367,-3468,15021,-19241,-1310,897,-6184,-1539,22208,-14554,2079,4303,10866,7723,19561,-4712,-4438,322,12749,-4854,18121,5527,6492,5890,6379,5018,9652,-286,2995,9152,-2908,5832,12950,6692,738,16433,17392,-6376,19118,14201,1408,15325,19217,10343,29141,8264,3266,9390,5917,-3399,17173,-20937,7223,5853,-10574,928,21556,-13847,-12062,7953,5857,2745,17386,2619,2571,4397,13615,-4186,16145,5425,6774,4795,6794,6555,10290,-3830,-1353,8055,-6585,-1934,11650,5235,686,14470,17548,1397,22485,14484,1766,13703,17670,7781,22907,16720,2245,19752,-3646,566,9193,-2625,-4088,7636,-16015,6141,19980,-11219,4462,7412,786,727,14669,-2707,-2901,4187,11281,-3920,16926,13130,6927,12206,7486,7072,10137,-380,3721,3718,-5331,2495,16629,593,-5716,13348,22378,-6574,23142,12072,5402,9522,13341,12590,24698,10537,-433
28334,9387,8098,11524,364,-3581,13808,-19776,3680,6219,-8958,-1534,20965,-11321,-7832,7766,5829,2925,18033,470,-977,2809,16201,846,17521,3756,6475,5970,5492,2000,8896,-4388,1758,8280,-5088,-1446,13654,8375,-1622,15483,17636,1424,21024,14208,7162,13127,19828,4452,26345,10581,-416,13575,1083,1553,14827,-11324,-140,1331,-10320,3286,24107,-12908,3440,5053,5345,4349,18252,-6359,-4764,1025,15755,-7103,17564,9934,9556,11443,8346,9231,11817,-2789,140,2990,-5619,1644,16064,6436,-3258,17126,19626,-6846,18665,12170,4987,11258,12575,13557,26362,11233,1172,13450,8726,-6116,16565,-13984,-2485,5057,-10083,2745,19829,-13488,-4024,5671,4984,7888,16686,23,3954,4716,5817,-7631,13404,8982,-40,8272,6873,8532,8156,1934,6341,9873,-4850,1432,14180,1202,717,12013,18296,157,22874,13925,-4559,13383,17816,3720,24825,11731,9860,13300,10430,2900,19203,-15469,-352,9093,-13586,2126,15751,-11478,-7952,11759,-2790,329,11775,5790,502,11670,8466,-2572,11270,9241,7208,6773,5625,3884,12037,-973,-239,6779,-4434,916,12198,-1640,-471,11562,17499,-1086,21865,15422,3603,15104,14642,10301
12177,11050,10180,27719,11837,3794,12673,6640,-7538,15865,-17114,-3289,1825,-7778,3931,21180,-14352,-1164,5373,7424,4000,17594,-298,1705,3287,7548,-4096,14806,7670,1133,8570,6609,5743,8627,2810,7264,9375,-3603,719,14238,3143,513,14154,16633,-1824,20067,15721,-643,14673,15864,6752,25238,9893,6082,12313,9631,872,17427,-17105,1889,8783,-12438,358,17807,-10730,-7609,10585,250,3369,12873,3635,-298,9219,8793,-5038,13562,8579,8451,6368,6878,6306,11635,-1750,-4016,7280,-3397,1829,13432,554,2685,11983,17130,-2082,20708,14926,435,15897,14247,12004,18672,19276,-1293,26386,-3155,-914,3307,2843,1690,13491,-20688,6606,13959,-6616,-1056,13010,-5500,2071,6686,4811,3133,16860,1761,-8764,8653,17158,1527,14421,3881,12285,6989,6660,4851,10249,-8316,-2878,11600,639,-873,12796,19864,-1860,24504,12349,353,10284,10276,7379,18902,12874,6176,18808,11603,-1354,18190,-5295,-5615,12907,-19321,495,6054,-7893,1519,11595,-5426,2958,10535,8486,1780,15555,-87,-3969,3594,11037,1182,13249,5123,2804,9841,5537,6537,11332,-1861,6142,10880,-1589,-1382,10305,12650,-2768,22205,14423,1832
17238,14602,1108,16191,16497,9981,23836,12069,878,15174,2660,-4261,14513,-11943,329,2263,-11463,9965,22864,-11529,-494,9263,2146,243,13489,-934,489,4711,12087,-4498,15639,9994,3015,11437,7018,10195,11589,-280,3669,5007,-4765,-1654,14225,4787,-4708,16165,20455,-1221,19099,12875,5827,12212,10486,7426,25525,11247,555,12608,9155,-949,16347,-16772,-5497,3745,-10221,1459,19797,-14490,487,5511,6472,8138,17299,279,-2910,4613,7996,-4685,13137,7881,5688,9099,5432,5256,7737,2718,1719,11115,-2824,4992,13837,2561,1364,11837,15724,-3607,20846,14348,-1605,15785,18829,9343,23151,11478,5208,12193,7698,-2828,17542,-15165,4087,8595,-12299,3811,18039,-12198,-10351,10568,-969,1942,12092,5062,4779,10731,7195,-7750,11566,9706,4621,8349,6721,9644,11879,-704,-430,6369,-5256,-3597,11313,1942,1876,14912,17340,4162,18759,14519,-1380,16340,14567,7150,19902,18709,2852,24962,354,-158,5187,-2199,-2553,10599,-17537,6352,17801,-7156,4955,14587,-5706,273,4299,3066,-908,14701,2672,-6102,10221,18299,4387,15233,2855,7574,5985,5303,4966,8622,-7049,2149,13244,-634,-4000,11984,20846,-5956
21118,14871,-2282,16875,16820,1554,17528,17080,7517,19036,10490,2865,17053,-8827,-3139,11805,-18944,6731,8629,-9778,-3431,16836,-7277,-5850,9038,8817,3555,18519,2224,-3472,5311,14954,3429,13572,5651,7324,9572,2637,103,5632,-4579,877,11718,-4987,-632,9574,14259,-1893,19332,16462,3793,17596,14290,9090,15779,20571,210,30375,-193,-217,1408,6278,-52,20916,-23847,3318,5623,-4737,2003,18973,-10844,3492,4875,8487,4543,22129,-3673,-10162,2552,20877,-1719,15437,4624,12679,6029,8359,4219,13468,-8085,1088,6872,-2073,-86,12404,16300,-3948,24391,15786,-3255,10798,11222,7677,15669,13103,9751,23319,9626,-1351,15853,-1801,-6737,14877,-22604,1439,1161,-6710,31,16044,-9489,-468,9535,12260,7821,17836,-1352,-2065,1231,12094,-2825,15181,5539,3111,9353,6298,6989,10203,-1305,4636,10190,-4194,-777,8524,12505,-367,20943,15575,1496,17114,16797,561,17241,15385,6173,23443,9917,4236,14046,-4948,-455,13462,-21943,3431,5333,-8014,-3786,20981,-8578,-3030,7730,9790,3530,19256,-44,-6643,2957,15585,3560,15646,6185,10777,8949,3800,-2651,6460,-3309,-624,10245,-6355,3535,9372,11899,-1176
19917,19040,605,14803,11385,4105,12156,12340,5557,29061,10259,4263,11860,4455,-3476,16963,-22938,-3264,-1417,-6319,385,21484,-14147,1608,6585,11889,6272,20380,-2091,-4740,-24,12226,-2752,16964,6227,6485,8171,4875,3964,9502,676,4929,7580,-3870,5230,11948,6811,-2050,16872,17094,-4736,19655,15129,4169,13869,20183,7875,29567,5993,2134,9415,5127,-2118,17358,-21218,6897,4494,-10301,-1272,21949,-11669,-9810,9650,6865,5987,17531,1008,-781,2785,13886,-5561,17292,6482,9187,6551,7888,7221,9400,-5082,-3474,5692,-5835,-1147,13865,6146,2778,14670,19967,-201,21492,12934,3352,11238,19094,7967,27365,8510,1249,10834,5303,-2645,20314,-15235,-1010,-677,-10190,10397,23490,-12128,53,9645,4124,1173,15091,-2974,-2113,1039,15225,-5628,17868,8704,6207,10941,9758,6750,13257,-3348,4719,545,-4744,1571,16753,4458,-6608,16169,22330,-3176,19767,12069,7339,9433,11886,8667,28190,9133,-548,11786,8149,-2020,17297,-17960,-2578,2895,-8687,-89,21894,-13671,-960,5355,8570,8724,19605,-1654,-644,1867,9549,-7093,16040,7389,5003,6475,6318,6756,9622,371,544,7645,-3480,4897,14305,2521,3468
10750,15914,-423,21201,16706,4278,16712,12821,7304,14925,20249,-1015,30353,22,194,2821,8672,1427,20848,-22434,1881,6149,-3929,3154,16824,-10223,4709,6416,6552,2431,21528,-2967,-8826,3216,19531,-754,14460,3526,10835,6713,7118,3787,13309,-8103,2029,7300,-2093,489,12223,14523,-5269,23879,15139,-1753,11540,11750,7690,14679,13375,8579,26484,10520,-2261,15155,1976,-5790,15604,-20131,2058,191,-5508,-700,18229,-10216,-19,9033,10726,11029,17543,-3593,-4855,-645,11395,-5545,18426,5362,5059,8330,6912,8288,10020,-3615,3483,8145,-3956,1225,11093,9283,1173,18301,16472,-1131,17962,15317,-495,16268,16875,5342,27875,10694,7867,12855,348,-3279,13637,-17965,2805,6316,-8233,60,20991,-8949,-5993,9716,5237,4262,17374,337,-3838,2891,14234,-815,17467,4398,7999,6861,6362,638,8199,-4572,2580,7404,-6612,2642,12019,5668,-2973,14784,19490,-445,23200,13602,8371,12353,18415,3006,25320,8287,-1113,12896,4930,722,18880,-11281,2912,1958,-8558,3701,23392,-12507,711,7772,4272,6138,15833,-3047,-3494,3631,14301,-8823,16788,8362,8751,10835,7408,8873,12204,-3527,17,2092,-5402,1238
[row took 92076us]
8511,-4117,-176,9523,11498,-2601,21682,16201,1275,15982,16748,1728,17836,14838,5708,26503,9625,5293,13970,-438,-367,13849,-16760,1137,8224,-6266,-3087,19298,-9123,-1856,8724,4918,5331,18586,-15,-6519,3740,13523,654,15650,5418,9503,7880,3792,-1274,7465,-4545,994,8190,-4754,3970,12950,7226,-1126,14049,18175,-3261,22538,12731,7403,12007,18451,5668,26954,7201,-1398,10454,6974,-2068,20758,-13830,5481,9,-6841,5133,23404,-11636,-2874,8757,4727,6657,16180,-3655,-1362,2804,13530,-10162,16490,8229,7312,12199,6655,10402,11147,-3994,971,3143,-5484,-1935,15851,7772,-189,16775,19547,-2088,17817,9937,2314,10304,11673,7778,26982,11684,4162,13019,8687,-6323,16206,-13472,-4793,5232,-7846,5220,20995,-10443,441,7303,4021,3977,15964,-183,2090,4976,4860,-4691,14190,8870,1922,8470,6063,4126,7665,517,7085,8138,-4044,3882,15836,-388,-1843,10586,18891,-1760,23208,13453,2248,12235,18403,4744,26286,9481,4099,14185,10510,2492,17928,-12711,1218,10908,-10752,76,16452,-7387,-7303,13613,-2666,5925,10445,3183,1254,10925,5589,-8502,12392,9412,7157,8046,6698,6688,9919,-1882,-2967
12966,-4404,4280,2156,-4167,-2806,15548,7315,-1919,17008,18909,-1244,17446,9377,3457,10939,12318,5315,28400,10945,2148,12215,9326,-3003,16457,-15026,-3823,4035,-5937,2844,22410,-11033,3189,7013,5081,4351,16000,-752,-2320,5702,4730,-3999,13950,10000,5128,8678,4994,3249,7701,516,5218,8165,-3058,5911,14864,653,-1427,11354,18237,-4824,23185,11967,3127,11671,19306,8025,27692,8103,2848,14943,10167,-1090,18245,-12132,3682,10130,-8909,1231,16369,-10189,-8719,12581,-1978,5669,11665,3958,3904,11344,6097,-8911,11670,8684,4009,8428,6517,8108,9580,-1480,-1600,7070,-5352,976,11999,236,2295,12788,16132,2079,18189,12221,-3271,16877,13931,6511,19411,17449,4052,26236,3925,-128,6026,553,-1828,14279,-16138,8302,15138,-5061,1947,16019,-6359,-1881,4014,4180,3498,19160,480,-6347,8931,17556,1428,13106,1934,7594,5020,6428,5042,11109,-8175,2419,11931,-2118,-2679,10350,17351,-4655,24243,13075,3222,10592,10841,8424,18951,12085,-177,22677,10595,1412,16199,1488,-3513,15064,-18609,-1548,6201,-4442,2857,15499,-7846,4542,10524,8388,3427,15524,-2326,-6928,2741,11015,940,14964,5745,6056
8379,6154,7535,9191,-1205,690,7162,-6236,-398,12530,945,1022,11938,17321,2202,20090,13446,-599,15185,13110,6087,19396,18308,1469,26281,640,2872,5987,2964,-2353,13112,-16582,4967,16037,-5656,4291,14058,-6263,99,6449,3153,541,16586,1721,-7305,10944,16824,4817,12190,2590,7166,5430,4773,3303,10071,-6704,4656,12906,-1692,-3546,10155,18935,-7010,24311,11870,4205,10249,11554,10606,19877,12275,-1450,21255,10382,-612,16202,-336,-978,14381,-18084,-623,7724,-4606,-1111,15187,-6194,6713,9481,7384,5809,15151,-3876,-10115,2763,12839,-1258,15871,5597,7846,7991,5061,3844,9302,-3698,5282,13222,-3761,4526,6567,14324,-3143,22560,12800,-2814,14939,16268,2518,19440,15399,10089,25287,9438,263,13935,-2009,-2647,14093,-15866,5877,9713,-6680,-1874,17694,-7717,-6910,9211,5104,7155,18583,981,-2607,4016,12497,-2235,14511,4946,5280,8804,4458,4244,7101,-5815,1283,7400,-5288,-694,13180,10056,599,16083,17237,1553,20737,11829,2980,11837,19106,3132,28711,5102,2680,7914,9396,22,22095,-16359,-943,-527,-4139,7112,22261,-12449,1627,9442,4599,3182,17795,-4615,-4830,1147,15518,-4576
5968,12108,-2374,13431,5654,7915,7872,4606,6304,8920,-5221,3922,14981,-3747,1355,7447,16376,-102,22531,12654,-1881,14063,17410,160,21328,14106,9192,20637,10545,2686,15193,-6729,-2525,13069,-13968,4378,13645,-5663,-2771,15793,-6065,-4322,7731,4158,3576,17774,1745,-2547,6682,13752,2212,12396,4497,4211,8889,1774,2037,6655,-5444,2652,11213,-5338,440,9603,13393,-1956,18380,15419,2529,18823,13305,7130,14015,19006,-712,29651,3366,-145,3552,8018,3013,20912,-19209,2475,6905,-3423,1669,17235,-9259,3097,8253,5469,6521,21376,-4504,-9124,2685,18599,-3461,13824,4808,11860,8661,6312,3798,12821,-8090,1079,6554,-3329,2118,11896,13998,-4132,21929,14318,-3499,12781,10679,6189,13866,14947,8857,26990,9701,-199,13667,4155,-6274,15992,-19509,1323,1771,-3019,85,20056,-9208,-1994,8695,8820,11255,17670,-4029,-2071,704,9723,-5542,17593,7538,3149,9680,6719,7109,9296,-3627,5463,7089,-5200,1241,10669,9136,-810,19082,15910,136,17597,15488,606,14488,15536,4644,28011,10605,7419,12448,2458,-1599,15694,-17007,2466,6238,-5833,-2085,21068,-8344,-5716,10335,4430,5442,18312,-1531,-4223
7234,8361,-9095,15819,14107,2071,14251,3023,11102,5747,903,3646,5851,-9210,-2291,14932,3306,-1440,14608,19845,-382,19218,10216,667,9256,13315,5035,25291,12136,6012,10699,9977,-1249,17233,-12748,-5274,7107,-10447,685,20472,-6896,-1108,10169,4448,6179,13760,-474,2503,5650,2996,-4389,13309,10479,3425,10206,6183,1691,8383,1611,4477,5881,-5477,7975,15658,-903,270,11798,16641,-4598,20427,14096,594,13010,19539,6458,24980,9294,2744,11180,9859,1586,16636,-12797,4740,8898,-10894,1790,21214,-5530,-11850,14331,359,3692,11214,814,4926,5982,8018,-8730,17132,7680,6765,6754,7679,9790,9586,-4841,-5417,4269,-5178,-262,16043,-861,4892,10435,18478,-1136,19186,12784,-672,14316,15569,8772,21224,14170,2814,16805,3918,-1360,12130,-6168,-1633,6494,-8822,8241,22814,-6927,35,11595,-720,-113,9516,-1203,3735,7388,7921,-6046,17190,13528,2403,12776,3926,7717,6053,-740,4499,4945,-8098,1522,16013,1621,-4760,13388,20257,-2695,19412,10467,4284,9309,13449,4818,25337,12232,2864,10118,8946,729,17361,-12725,-2266,6277,-9861,-2243,21288,-7908,-3070,9152,7485,10434,15898,-2834,2576
277,16121,-245,18764,3096,9139,6551,3698,-247,7690,-6476,1532,8501,-4726,1725,11048,8270,-2761,15684,15613,-798,18963,13428,8435,11179,17419,3106,26082,5199,-1200,5996,1963,3439,20085,-14593,2558,8786,-156,-232,19319,-7004,-1732,7227,5429,9863,21509,-3200,-5516,3115,19033,-4237,14685,4477,11444,7822,3798,4308,11114,-8011,-1293,10450,-5301,1031,9937,15493,-1678,21340,11750,-1975,10455,12394,2715,19891,14094,8053,15692,8866,1676,17231,-6344,-5540,14622,-14338,1793,11604,-2175,-1663,14705,-1931,-798,9698,7520,6482,15581,-244,-775,7209,11800,4133,13289,5359,1419,8394,2558,2248,8721,-1640,7679,15813,-6045,332,7629,14082,-3264,20000,10188,1349,15143,19160,5180,24419,13287,1057,13207,5589,2292,15263,-9209,5165,13217,-11578,2305,19001,-425,-10084,16501,-866,1108,7759,2121,3350,8192,8197,-7361,18177,7501,8595,5763,8229,8668,11316,-8592,-3292,5110,-3116,-1348,14746,2381,2318,14167,14876,-408,13193,12767,85,15801,14405,8584,26460,12834,4769,10156,1453,-4685,13611,-11563,1265,9802,-4077,6070,21004,-1911,-2564,13593,2354,2665,14525,-2562,1421,3873,13712,-1251
10976,-529,1889,7147,-304,6173,15567,-1502,-773,10972,12211,-1726,18136,10945,4264,14914,15769,3885,23843,12062,269,14115,-1232,-1227,13257,-7999,8169,14475,-8561,40,17051,1094,-7845,14762,2074,2490,16145,-1038,-636,3731,13650,-4104,20385,3509,8183,4507,7051,8243,10035,-9406,-298,8420,-911,-4604,12963,9022,2294,17089,12460,-398,10285,13920,1860,23117,11508,7431,21000,9945,2880,12267,-9436,266,11772,-8559,737,15789,1873,2163,19549,-2273,-498,5777,5097,1991,19602,-92,-297,11521,13863,3928,11972,5779,3428,9070,-1357,933,8014,-5389,4796,14672,1369,-1832,12809,15957,-3923,19533,7519,1588,10056,14739,4054,23491,9837,2852,11792,-245,-1404,15790,-10943,4870,11170,-5018,-850,17316,-817,-6083,11483,6813,2675,19283,91,3510,3038,11266,2091,18579,4450,4265,7886,5088,4233,6576,-2919,1812,14886,-3084,-1020,10558,12748,2250,16039,7947,2199,10309,15493,3004,23507,11855,1179,19741,5042,1604,10470,-5670,4244,15003,-12536,351,11642,4354,-2996,23299,-3940,1963,6762,5446,-3853,12657,4456,-4336,14818,9151,7183,8092,7873,6843,12714,-7037,160,6899,-1005,2046
9911,12323,-735,19357,11373,1552,13875,-1822,3286,15683,-11705,3530,12407,-5896,-3588,16861,-891,971,11491,6298,-268,19794,1769,-3919,3811,13520,4647,19290,2841,11857,6776,4282,1091,6947,-2899,17,14846,-3253,2749,8679,13851,-924,18175,10816,-3064,10597,16788,8753,20764,12590,4207,19088,-1789,284,10656,-4737,-1257,18354,-12629,4871,9343,4597,-2724,22232,-5407,-3788,11152,4343,138,8281,9625,5,17664,6075,2535,5108,7874,3416,12237,-7798,7493,9734,-239,-1044,11045,4577,-3406,14293,14784,-2453,13835,16934,6560,22947,13788,4162,17965,6048,3180,12003,-10870,5951,12869,-11674,2783,12976,3257,-5753,23004,-3190,-3969,5774,9064,5498,17983,-812,2733,12585,11441,2712,11663,6272,7112,9749,-2257,247,8406,-3975,-4481,14040,5659,1428,13536,15173,2682,15644,11753,-1417,18385,12414,3521,15758,7574,666,10765,-7167,1100,13283,-10847,3595,17062,-3672,179,16342,-1162,-1207,7266,8804,-2340,20005,2447,-1021,8191,13256,8303,14699,2691,7914,9586,1196,-381,10040,-2324,1646,10366,3267,3318,13351,12713,-4986,18723,13084,4502,14238,14659,7399,14573,9937,1678,14323,-9415,-3010
8389,8813,5649,14246,1843,-110,15997,8790,5923,9797,5826,6048,10445,-4798,-1988,7702,-1844,-3831,12595,8089,2706,16166,14268,2925,10574,15757,-2304,24230,13664,4857,16144,1438,502,11933,-9718,1002,10870,-11708,3843,16207,-1056,-1565,18521,-1115,104,8488,8400,-3839,14689,6137,1175,13722,10689,10736,9655,3937,6005,10381,-2258,-1079,13212,-1355,3665,7575,9687,217,16169,11013,-5648,12426,18658,5977,24515,11816,9434,13960,3393,-2893,10616,-9681,1547,14829,-12060,5410,12305,2282,-4617,24745,-4746,-3891,5095,6647,-371,16012,2476,591,12846,10612,510,10982,7412,5593,11889,-4294,6859,8426,-2252,1263,7914,2817,-3949,13530,15606,-3646,15946,17694,5639,20572,15517,2074,17047,5557,5158,13438,-10239,6398,11548,-12525,3064,12136,131,-3490,24323,-1286,-6182,7114,8900,3410,20369,-562,4943,10058,11971,2465,14899,4002,7176,8696,-1496,1625,7860,-3736,-6848,12557,7759,2121,14747,13234,3594,11504,15834,-2122,23709,13021,2492,15343,4384,2701,9734,-8560,-862,12217,-11700,4989,18316,-2481,1854,17940,-339,-2875,7455,6741,-3372,18761,3547,-500,10669,13520,8314,13601,2221,9750
13848,16859,4470,18257,18044,4462,19682,7491,2370,12929,-10774,7357,10233,-13167,4270,13678,-1342,-1513,24808,518,-8535,7417,8111,496,20175,-1471,6762,8866,11307,3335,16438,2823,4518,7984,-647,4079,8001,-4958,-3896,11090,7361,-3878,15129,14333,4379,11588,18283,2938,22486,11884,-2103,13132,5001,3915,10230,-8969,547,12270,-11591,4398,18631,-2532,-356,18449,-164,-3115,7047,6544,1031,19959,2333,-1720,9578,14461,5033,14893,2079,12500,7999,862,387,10931,-3706,-3374,8814,7658,7500,15153,13637,-4306,13190,18743,-630,22206,12649,8390,12091,6473,2984,12031,-13033,-109,12082,-9687,3239,19093,-853,-314,19805,-410,-5789,7704,3341,-1758,17955,121,-1200,9588,12404,5051,15817,3970,5042,8843,-378,1115,7717,-3708,4985,7344,4919,-775,14398,14096,-8418,14945,18226,5020,21458,17745,5131,16716,4692,3627,12330,-10367,4631,12119,-13779,5497,10882,1589,-1808,25090,-2072,-8263,8684,8836,78,19743,301,8320,9629,9946,3828,15576,2481,1406,8347,-1429,6098,7417,-2884,-3309,11613,8442,-4758,16980,12152,4422,7897,21089,2412,25073,10895,814,12468,3226,488,10417,-11201,57
9191,6081,-3251,17075,6294,7730,7156,6075,5240,9086,-6099,1933,15001,-1076,-773,3703,11712,-198,15743,13947,-4223,15962,19642,1888,24727,16845,6626,7337,-8205,6667,9468,-10731,3009,22063,-11172,2198,13059,10201,-4706,18505,-1371,-4039,14680,3111,-742,9906,7389,10035,17986,5334,6424,10377,2448,-1479,9069,-6515,380,8230,2750,-1270,12344,12368,-818,17229,15687,1533,14020,14463,4497,11096,10781,2497,15710,-8071,-4791,13776,-7594,3919,18907,-7561,7034,11077,3189,-4512,15892,1522,-4781,17425,3540,4505,9006,13256,5439,18041,763,3820,3557,4659,5719,13246,-4988,1348,9425,5193,1018,11875,12347,-2242,17209,17206,2761,17390,15725,5876,12791,8092,-228,15635,-11882,-662,10192,-5809,8577,22123,-7670,-400,13276,6519,-8892,15094,-362,2704,15828,-271,-1707,9187,9871,-2037,19250,4532,7665,4680,2598,5280,5028,-6262,-191,14506,2923,2257,11872,14133,-4353,10833,16327,-779,21023,16433,2445,19089,10318,3485,13742,-9973,11026,8362,-12121,3465,14208,-2858,-4192,22194,3729,-4379,11521,7705,-2087,18696,-1506,2858,8350,8716,8830,17949,3184,5119,8073,-1649,-3,5833,-4193,-3707
11623,-12056,-2101,11039,-7810,5176,21696,-1763,-167,15427,7433,-4635,13564,159,-2542,13201,-849,-2343,11922,9456,5268,18409,4156,3681,5163,1641,1771,7080,-4259,4132,12671,5341,614,14486,12338,-8720,10461,15450,5301,22153,16828,5144,15953,2415,2434,9780,-8181,6668,15713,-12463,5283,8714,8189,-1549,24135,-2614,-8421,10587,9273,-3843,16888,-354,12474,10445,7841,4718,16931,3058,1039,9365,-5796,4675,4492,165,-5598,14442,8430,-6571,19063,14223,5744,8425,17321,6519,17638,10503,-1530,14916,-6075,-884,11698,-8670,4199,13545,-3694,3377,16862,3144,-1640,13898,1781,-3420,15630,2934,2345,12525,10259,4241,15000,4668,2454,7082,2666,8494,15134,-6371,582,6762,6692,-3218,15676,8975,2550,14521,17150,3811,15896,11988,1820,10682,11093,2707,16759,-10787,236,9679,-6641,5476,21904,-4106,1870,13859,7954,-7088,14624,1646,330,15363,-1799,-2353,10713,7809,-2271,18284,4937,10472,4437,3520,2980,8264,-6867,199,12671,5660,2375,13901,11405,-3792,8081,14784,-2344,23567,14166,5460,16221,8672,4843,10855,-9203,9153,12157,-11543,2183,12650,3522,-1754,21839,1583,-2805,13282,7763,-8381
18200,7774,4735,11033,19431,-3143,20166,11530,2540,13424,7649,5645,11169,-10071,-104,9537,-9935,3271,21063,1699,1743,19208,6171,-2521,12130,3131,-3795,12079,-1946,-3478,12627,6154,4233,18678,5407,7232,6783,141,1414,4180,-3284,1112,14213,6338,3302,15591,11079,-8173,7607,15257,2550,20594,18295,4722,14620,-767,4325,8931,-8507,7714,19899,-12537,4718,9081,12401,-4739,18482,-2745,-4022,16042,7391,-6106,12589,4213,8706,16905,4591,11055,11344,4517,-936,12619,-10543,1623,3540,3549,-3772,16315,8402,-6436,15659,17473,3143,17069,15256,9123,11178,8330,-15,11164,-9399,14,8969,-9993,3340,19671,1695,796,18833,4225,-1817,10524,2064,-4009,13667,2968,4482,13021,11655,5982,19465,994,1337,5204,1110,7595,9939,-6869,-447,10932,11514,-68,18405,11034,1892,7081,19471,2298,19841,13944,4137,18221,-3849,254,9123,-7548,-817,14024,-9973,10643,14334,7348,-5941,18358,2437,-4402,18722,2710,63,8649,2199,-941,11946,3474,-30,12643,5953,7998,13403,-4101,4238,8225,502,965,11759,8065,-4125,11673,15862,3,18621,16302,5399,21311,17207,-1065,9798,-9732,8004,4470,-11715,12562
9309,-2291,8017,5657,-3086,-2579,14504,9505,-1928,15594,14980,6526,9549,20581,2046,15380,16458,4333,17616,-6680,-766,8103,-11293,-352,17070,-8311,8786,16294,7448,-4762,13352,3845,-4253,19110,-1326,191,11009,5219,-2828,14554,1660,1157,7181,4115,9042,12283,-5696,5396,9597,3030,-1821,11678,9853,-2205,10343,18742,-2937,21957,21790,7177,19673,8898,1433,6439,-7040,5347,13331,-19171,14773,10461,6472,-4174,24472,-2050,-11891,12280,9681,-1983,15880,-936,3032,14180,6306,4658,14513,4601,9310,11319,-8362,5772,4220,-3663,-7334,13360,7696,-8142,16563,18084,3649,13340,21216,6673,16453,14337,850,11007,-8030,3010,7863,-13707,6644,17061,-3350,-4820,19403,5805,-4447,12621,3940,755,12438,1064,938,16230,7669,4688,15670,2389,7493,9156,-1147,6924,9383,-7028,-3197,8725,10375,-5837,19042,11945,10742,6760,25139,3936,21340,17711,-1889,16565,-1257,5551,8299,-11052,-178,13238,-13611,1504,15273,7621,-1779,19016,3446,610,18590,492,-1425,9422,2929,-7080,13309,2257,3691,11524,5436,9986,13709,-6199,-207,5475,2316,1606,12085,6972,3896,11719,18790,-5207,18797,21183,-524,20288,16012,5412
16366,-2413,7586,7436,1354,7367,14195,-7687,2381,6002,8546,-8607,18172,9590,3846,6649,27807,5454,23358,20080,4630,16361,2078,4901,7261,-11013,-3532,10626,-15955,4290,16156,5709,-1727,20514,3714,-4554,18721,2232,927,9635,2794,-1696,13766,334,-1499,11982,4188,7637,13843,-5306,5716,5040,289,-676,9678,6657,1098,12959,19341,-1255,18921,24320,1288,23394,17363,2032,5745,-5561,4039,8999,-20826,13953,11030,72,3169,25652,-236,-10551,11074,10048,-5489,19572,-3369,-184,10697,7818,2185,17962,3085,10540,10976,-5981,10045,5534,-6094,-3140,12340,4777,-11266,14320,19061,1688,13839,20922,4189,19078,22422,31,12681,-7953,5088,5688,-11983,8074,15091,-10050,-453,18224,3229,-10856,14308,9052,108,18178,-792,401,11558,9130,317,15819,-2145,12924,9272,399,9113,11828,-8063,-2922,6729,8927,-8052,18470,10705,9139,7367,28355,3295,23272,20265,312,16498,1806,9427,6147,-11460,-2147,12632,-17460,-308,14899,6433,-2483,19840,3342,691,19542,1970,-1677,9326,3282,-5740,14187,-25,3650,11317,4795,9824,14020,-6428,-403,5315,1266,612,10121,6529,5595,10836,21490,-3676,22120,24334,-2878
14827,7301,8426,15318,-780,7671,9197,-4006,7987,8377,-4767,388,13752,6047,-4329,11504,17217,-1001,11394,25579,4530,18854,23187,5470,18643,-2800,4044,3894,-12685,-661,14316,-14547,5612,17113,6477,-4000,16820,4773,-7366,20825,38,1214,9785,4879,-1085,16142,-1259,686,8730,3971,9465,11539,-5746,2397,10491,-890,1725,8468,11369,-1351,7982,23803,224,21807,24969,3286,19490,13345,2151,8383,-10629,8504,10203,-19857,8789,8032,1315,1381,24517,141,-11509,16359,7816,-3535,13960,1547,-929,16526,3389,3161,13622,3478,10897,11425,-9923,10092,4485,-4146,-7463,12445,9718,-6860,14361,21247,1943,19343,24844,2212,17383,16999,2357,10120,-7264,6275,6648,-16631,7972,11823,-4937,-2650,25499,2014,-9852,9124,8636,-5217,16325,-2447,2866,12861,6607,4083,16726,-873,9662,8753,-1858,9712,8456,-6192,-4186,11346,6345,-3866,14444,17779,5340,10730,27567,1399,18441,21542,2114,17296,-2379,7465,4626,-12151,-373,15577,-14328,3609,16945,6431,-3053,17179,4105,-5120,19757,-1051,-704,9829,4622,-6279,17101,-551,5115,8098,2944,13178,10529,-8499,-2064,9418,813,3723,10563,11353,1526,7084,25849,-6277
20785,-3317,3205,9738,10428,6007,18704,-3886,6390,6356,751,9040,13134,-7297,1038,7776,5543,-2975,12861,15868,-632,11045,27323,3036,23143,23290,6117,17311,1656,4158,4769,-10210,-1385,13571,-16366,6939,13758,4597,-3042,22957,1041,-8961,16619,3315,-313,12080,1111,-3033,13939,-294,1080,10598,3557,9017,13031,-5158,6909,7888,-2470,907,5878,8867,-2091,12157,22051,-2659,22142,25211,5174,22362,20208,1269,7059,-8278,7036,3497,-17457,11753,14985,-5225,1009,23933,3329,-11423,10604,7264,-4875,20384,-4174,-123,9692,7479,3028,19027,1735,10070,10321,-3247,8583,7296,-7759,-434,10618,6188,-11116,14221,18712,2634,10745,22409,3398,22537,24365,-2187,13795,-5301,6651,5338,-9716,6828,14516,-13379,-570,17920,3159,-6016,12605,5802,-3960,20384,-1557,-1550,9991,6136,2771,17250,-910,9314,7829,3057,11604,16203,-7791,-2888,3708,5203,-2759,14149,12261,4828,12257,26815,-752,22190,20728,1304,13703,10016,7907,8291,-11206,1123,9050,-17283,2724,17281,2260,-2465,24285,2777,-2454,12274,3914,-4117,14441,-2989,-6078,13225,3802,4102,14074,3143,10838,11786,-4493,2926,3898,-3049,-472,8626,5949,5248
24417,1566,-6251,13057,4210,-2770,11537,881,3516,14561,4963,6622,14782,1260,7642,11576,-3444,9375,5373,-2144,-6403,12611,7736,-1551,15975,20687,3663,11623,24601,2128,15532,17996,5270,17135,-6220,2123,5709,-11319,441,18690,-10675,5274,17006,7064,-7497,16889,2147,-2199,18503,-1558,-1198,10761,4031,-4720,16038,1077,7205,8032,2271,10735,8156,-5996,-1393,11411,1015,2257,11410,14014,33,8874,24441,-3843,21718,22137,3487,18559,11381,5714,9812,-10890,8265,11599,-18838,7257,10356,4598,-1935,24247,-2002,-9178,13463,7681,-3482,15436,-1352,-1350,16205,5853,7704,13806,3509,12356,10761,-10065,4743,3173,-1614,-9545,14076,10461,-3016,14887,19675,1517,17300,22039,369,16733,16590,6639,12024,-6728,5549,6574,-15209,1610,14161,-3654,-2216,24681,2829,-5015,8038,5259,-4009,16496,-4257,-415,12828,9058,6729,17783,402,9970,7473,-1120,5030,10377,-5821,-2192,10554,7527,1076,13558,17119,2454,10166,24330,-1260,22088,21609,6318,17495,-136,7538,5479,-11925,-3701,14391,-13324,2877,16538,5673,1021,19920,1332,-6690,17924,281,-4998,10609,2579,-798,13527,889,6499,10522,3310,6485,12519,-5513,667
13607,-13915,442,14553,2806,-5275,18730,1882,-5713,17822,2040,-945,11237,3961,2891,15285,2655,6397,10803,2301,10935,15672,-6462,3599,2219,1864,-7086,14070,8871,3305,14882,22906,3746,16238,21307,-701,13270,16628,8287,15718,-9121,1192,5691,-13535,287,18591,-6729,1704,20369,5786,-4586,13452,4684,-1677,18426,-3462,-5510,10511,5185,-971,16960,2710,11602,9452,-454,3957,4167,-4573,-512,13422,2984,4788,12734,16117,-3236,9487,21020,-2542,20757,26491,7054,14825,3574,5802,8286,-12029,4019,15929,-18017,8602,12697,6025,-4664,20004,787,-8173,18898,3569,-3993,8950,3726,1553,19408,2970,13344,14184,3621,5813,10341,-9960,-691,1983,53,55,15279,12663,-5070,13593,19635,-2871,19010,22887,5801,14644,11782,5840,12177,-7199,1013,7437,-15323,4688,14290,-3243,-1429,23002,2214,-4935,13268,5010,-7728,13690,-629,2283,11864,6765,11056,17024,-558,6009,9363,-985,2818,6993,-3521,2069,11777,7716,178,14883,17959,-2965,11587,24051,4316,19260,21090,5604,17966,-4250,1207,5314,-10335,-1253,17009,-12979,9146,14798,6352,-5786,19202,1259,-6804,18630,-191,-2013,9896,3497,436,15267,406,3573
13741,-1461,7526,6158,-10760,2244,14930,-12347,958,16232,2746,-2053,15174,3480,-6117,20832,-481,-5580,9641,7085,7142,15821,881,9571,9096,2955,7421,16944,-6831,-951,3176,3870,612,12920,10679,2323,14545,23836,-2063,19390,21026,4202,13639,13148,8310,12398,-11563,-2764,6809,-14542,3239,18751,-2760,2613,21776,5073,-6036,13096,3325,-4894,16133,-2504,-3358,11927,5082,4072,16015,2460,6911,9756,-1586,2649,3980,-3312,5076,10785,5076,1870,14820,16629,-8837,12547,23316,4528,19734,23905,7299,11163,-404,-1029,7258,-13394,8710,19606,-16425,10928,12292,7838,-9068,18910,1985,-9483,19456,2550,-466,8094,4982,5088,20802,454,7708,10188,3881,6809,13181,-11396,2881,2296,2580,-4123,13571,13826,-8140,14339,22634,1807,22389,23214,6808,12905,5905,1348,9504,-9576,2638,10255,-14623,5252,14496,1401,-1957,22881,513,-7823,13200,3712,-4485,12393,1789,6640,14422,5146,6054,13585,1289,6070,12659,-4006,9421,4063,-174,-4513,14532,7241,-1771,13773,21376,894,13951,22556,3493,15989,18111,6207,16927,-7413,-762,5623,-11948,3479,18691,-9632,5955,18361,6760,-8650,15083,3557,-4410,18427,-2794,35
[row took 92941us]
12608,21609,3243,18080,19652,6634,13006,-6489,1646,6778,-11529,2290,16521,-8506,3063,18144,5006,-4646,12285,2762,-7018,17778,-1734,-463,12208,8891,8700,17207,-512,7058,6142,2215,5589,15633,-7217,2513,5235,8165,-1354,16337,11139,-393,9029,26061,-2322,23372,19325,9135,14658,5275,4158,9171,-11001,-2121,9368,-15176,5346,17998,4057,864,22011,2115,-8285,15384,2821,-3557,11765,-79,912,13232,1819,1819,12943,4360,5735,13715,-3471,7292,4936,153,790,8304,6674,-732,13472,19425,-3350,18969,22329,4866,21621,19354,3805,8014,-5758,1006,4010,-17004,11016,16533,-6451,6687,22942,4618,-11310,10310,5755,-5947,21045,-2937,918,8250,8341,2802,19714,2062,7907,10721,-1130,8807,8615,-8157,1567,8745,4965,-10608,14228,17075,-1161,11338,23039,4943,22403,20823,-201,12069,-2661,4508,7290,-11413,6754,14856,-11188,2772,16136,4118,-7867,15508,3601,-5278,18953,-610,-204,10710,6528,3965,16080,578,6929,8587,3431,11046,16172,-7896,282,3085,5839,-4371,16562,10580,4556,11197,26066,893,20581,18233,540,12539,9829,5788,11673,-10356,66,7423,-15860,5498,18225,1207,-3200,23355,3769,-2634
13445,13132,-7444,12532,20149,2403,22173,25937,3308,15077,920,1662,7730,-7816,4952,13136,-14976,4520,13859,2876,-2156,19845,3484,-7407,18153,1792,-3218,7723,5896,4066,17201,-73,6938,10484,3394,5768,16669,-7344,8535,1933,4673,-4440,16985,5096,-1291,11426,23168,5670,16185,21456,639,13111,15176,5269,14983,-8923,94,5445,-14801,3259,18529,-3050,3834,21891,5769,-7538,13260,4729,-1961,15729,-3795,-1288,12454,3354,-2622,16959,1734,5632,8571,440,8956,4442,-3341,992,13211,3705,166,13859,15170,-375,8440,23706,615,24692,21946,2164,10760,1375,861,9138,-12426,9937,15865,-14956,12438,14941,8610,-9672,17764,2916,-6136,18255,2187,108,9549,2671,-2020,20621,1654,7461,12158,3739,11225,11029,-11020,2034,4142,1859,-6590,14238,13194,-3831,12170,20471,3185,21986,26564,-777,16107,1651,2138,6852,-6858,8812,12091,-15637,3562,14918,1280,-6809,18560,4922,-3021,18910,2327,-1491,7243,5504,-1635,17841,-396,8130,10491,3986,10840,16970,-7795,4962,2219,4280,-7427,16993,6109,2197,10513,23277,8256,17360,20226,-5275,12893,15076,7492,15130,-8614,4239,5204,-15280,-1201,18297,-2581,136
7529,2555,-4920,13101,16685,-6047,13138,19123,3607,19803,27079,2121,16156,-4763,2458,5523,-7593,3756,16178,-12944,5930,14191,3087,-3095,15885,5596,-9093,21439,504,-2744,6757,8769,6132,18242,-4128,7968,7276,4459,6551,19022,-10259,4573,1652,8818,-2772,18095,5589,-1215,7521,27338,2541,24209,21082,2891,13558,7267,4488,9929,-9237,968,7737,-17047,3966,16363,3724,1095,23341,4147,-5217,15560,4037,-3921,12091,-77,238,13438,672,-2180,13212,2270,5590,13574,-4121,10217,3320,1604,-2532,12469,4817,4099,12168,17897,-1555,16145,24389,1408,24501,18570,3202,6063,-2868,247,7072,-20044,11896,11913,-2497,8066,24965,2730,-12063,11569,9000,-4284,19280,-3455,407,10492,5611,-693,19030,2789,8218,11576,-4048,11205,6222,-6469,1192,11026,3882,-10703,14591,18371,1216,13379,20887,1463,18907,23108,-596,13343,-6488,2647,6259,-10237,10546,14153,-9617,3433,17702,2126,-10634,14190,9287,-2611,19812,-1008,-885,9535,7498,2155,16777,-3552,8410,8768,1812,10253,14383,-7833,1987,5588,9228,-8106,17876,8834,6592,7412,28184,3301,23399,19872,-1519,15475,1074,9328,7903,-10177,678,11597,-14699,-351
2750,466,-2479,14123,9932,-3583,11458,21689,-5954,23388,24747,3348,14909,7626,5413,6709,-8068,5538,10951,-16104,2551,12497,2919,890,23119,4094,-4550,15737,4036,-11602,9021,3218,3092,16939,2617,11432,12514,1258,5651,14151,-10554,5944,1934,3858,-1100,17559,5337,339,10734,23050,302,18089,21666,653,12362,16661,10401,15115,-7869,554,5863,-15962,-1692,15876,-1966,3753,22990,7011,-4060,13492,5805,-5626,14938,-2970,-1730,12848,3413,4036,17493,-612,2452,8369,-959,4635,4978,-2651,3500,12218,3128,3037,13756,14782,-484,12748,24157,-3689,20766,22812,7063,10648,990,1835,6411,-13950,4777,16645,-13509,12348,14579,7668,-1609,14465,5280,-11215,20529,519,-3641,8294,6096,2837,22283,-1409,4360,10205,2327,8668,11119,-10549,5447,5717,1847,-3629,13618,14929,-8115,12668,20118,3752,19801,27045,1581,16632,-3316,4760,4243,-7265,3234,15388,-13639,6816,12896,6149,-2684,17267,3091,-11844,19174,3016,-4209,9962,4771,9632,17326,-2257,5330,6977,2848,6752,19687,-10837,6775,308,6819,-4406,16394,7161,-480,10249,27876,1458,23913,21014,4411,11865,7353,5056,8799,-8808,-1897,8076,-15051,4644
3508,-4285,-4293,13673,4918,-1851,13336,20608,205,16740,19816,-3473,14688,19478,5716,12430,-6423,6390,7544,-13760,2483,12064,-4875,1054,23094,3951,-3833,9871,9153,-6510,18495,-2685,-3012,10607,7477,5672,19060,-1812,10482,7139,-742,7239,10958,-8919,-1732,9885,10065,214,16731,14203,3841,8998,26943,-3706,18179,18512,5438,17217,-1878,7689,6833,-10961,-4479,12323,-12344,3798,15948,7547,219,18883,4624,-5202,19229,57,-3441,11108,2297,-2144,13084,-444,5473,10106,2242,5487,13402,-3783,-710,9058,-362,9469,8860,8332,-279,8667,22123,-7629,24300,23015,4775,17882,14016,5419,8477,-8937,4223,9799,-18149,8399,8726,6150,5067,23733,-880,-7977,15386,8045,-10641,15541,-1017,1441,14861,4980,5878,14299,2542,6485,12530,-9608,7095,4094,-1983,-1019,14432,8711,-3234,13189,19460,-4229,19012,21561,3544,15565,15644,4215,9895,-8758,2532,7083,-14566,4285,12511,-1294,3352,25598,4037,-4258,9754,6484,-10617,15022,-1472,1750,12802,7695,9296,18173,-1009,4835,8229,-2411,7972,8961,-5327,387,11599,9613,-1815,15657,15039,728,11440,24512,1919,16284,19969,5970,17934,-5356,824,6718,-10925,-1583
15298,-9726,2813,1988,-437,-4733,13845,8073,-889,13033,20818,-1253,21489,22236,-1027,13725,11507,3554,9032,-7865,6756,8093,-14867,5237,14446,757,-4119,23895,4856,-503,10890,5337,-5973,12883,-553,-3084,15469,6076,9647,16409,490,8034,9823,-5064,7214,5605,-3113,-5367,13429,9020,3249,16084,17550,3876,11711,23162,-3826,13613,16563,7223,17212,-5181,4804,7498,-11852,-3693,15670,-7022,4359,18854,7971,-261,14697,3940,-2950,17773,-2543,-5742,12546,3960,-1369,15408,942,5837,7701,1158,5493,9234,-4366,1515,12500,1159,7062,11980,13205,385,8551,21255,-8391,23166,22150,6378,15865,8239,4895,9057,-10457,1469,14791,-16517,11003,9399,8709,2995,19823,-1310,-10152,18190,6099,-6736,11996,1601,329,18651,2634,8998,10630,3858,8390,13659,-10832,1477,3798,635,-330,13566,9089,-3619,13206,19222,-4334,21852,22511,3926,14664,11020,3637,9014,-8635,2537,7588,-13645,4991,15061,1393,568,23757,4609,-2842,11437,3840,-9787,11782,-319,2015,15319,7533,10340,16878,-120,2792,8970,-4662,8446,6237,-2707,-233,13761,8471,-7,15059,16793,-102,12357,23005,895,13744,17936,7969,17729,-6527,-278
12271,5067,10794,15070,-10525,2983,1243,-6,-3665,14865,8638,-1761,13240,20870,-567,21213,21476,-494,12547,11215,1247,10345,-9101,7886,7463,-13068,5728,15750,-511,-4477,22535,4558,-1723,11814,5364,-6032,13770,-378,-1845,14469,7003,9081,16106,-370,8247,9633,-4327,6436,5278,-3874,-3874,13395,9285,2384,16060,16437,3604,11492,24041,-3486,14039,17508,6467,17868,-4423,3272,7533,-11891,-2587,14570,-9866,5648,17533,8085,-1064,16568,4244,-2819,18011,-1466,-5315,11573,3891,-2676,15051,1341,6802,8582,1741,6266,9808,-5721,984,10976,2134,5862,11608,11801,812,8111,20549,-8984,24361,23784,7528,17357,8502,5221,7474,-9309,545,14302,-19044,10873,9816,7875,1746,21648,-679,-8283,17786,6930,-6075,12586,1579,439,16750,3437,8280,13604,3903,5437,12248,-10330,2329,2266,-421,2403,15875,9168,-2833,13104,19005,-5083,19193,22206,3628,15517,11799,4431,10250,-6297,-888,7262,-14402,8162,14797,-2743,1335,22145,4731,-4010,12911,6119,-9608,13557,-377,736,12989,6466,10841,17641,-1703,3996,8572,-1468,6145,7140,-3980,1651,12506,8878,-289,15947,14941,-589,11183,24546,1054,14979,18621,6529
12013,4679,4076,14449,3465,9567,14144,-8582,5058,2336,-1492,-4055,15274,6974,-1666,13698,20141,-703,18315,19110,-830,12569,13758,3101,11501,-8152,5642,7386,-12607,4956,15917,-2026,-1775,22102,5629,-406,10237,5471,-7344,15259,-1100,-1711,14410,7340,8783,17266,-290,8128,7081,-636,6245,10020,-5744,-4866,10458,11136,1993,17878,11903,4953,9160,23415,-2668,15162,16198,5303,18411,-3796,4584,8129,-9100,-3855,13040,-10323,4462,16073,9283,849,18566,3492,-2966,17690,-476,-3256,12027,2208,-2758,12006,2130,4142,10517,2181,5536,12342,-3738,2121,10149,2142,6936,10567,9845,-970,8924,18920,-8672,23183,19616,8026,17291,11793,4086,9437,-7914,3139,10056,-16731,9250,9047,5393,4034,22685,82,-9358,16230,8282,-7843,15066,-561,4249,13179,5154,5573,14441,3251,4296,13991,-8027,5232,3469,-1027,542,14958,7306,-3796,13627,19049,-4235,18507,18194,4326,12065,13165,3806,11319,-8418,-69,7140,-11317,6483,17458,-1441,2134,19913,6667,-2797,11608,3745,-9775,13579,-95,2456,15126,7363,9968,17068,-594,3433,6809,-1865,7987,9827,-4181,-1633,11920,11106,-1389,17305,11549,1659,9512,22116,1808
11661,1506,-1564,18083,2669,6149,10535,6344,10525,14910,-11870,2918,2888,1417,-4880,15336,8853,-3538,11666,20488,-313,22216,19115,681,12499,7496,1939,8505,-8469,7710,9064,-12698,3649,15383,1601,-2836,21891,6143,-214,14454,3500,-5947,9887,2277,-1289,15112,4956,9407,14141,1784,8077,14046,-6950,5525,4113,2771,-7117,15563,7328,5128,14267,19392,3421,15113,19379,-1733,13605,12123,6720,13849,-5916,2937,8371,-14493,-1556,16509,-2871,747,20641,9183,-676,12457,4492,-831,14696,-2869,-5994,14020,3419,1803,16775,1838,6809,6625,1128,1405,6421,-3371,1517,13384,4043,5967,14960,12589,-257,8408,20733,-6272,21255,18693,5599,12849,3315,4682,9912,-10641,5371,15810,-13454,7418,14230,9091,2977,13832,3511,-6900,21764,678,-8194,7490,6681,3156,22727,-341,6155,8046,5425,7117,13981,-12729,1482,4220,4060,-568,15551,10416,-4868,10047,20086,-2309,21720,22302,4549,14435,986,6016,6623,-9667,1241,11888,-10968,3274,15410,5272,1500,18813,4473,-5825,16895,1705,-8458,10241,5592,6752,14875,1844,10052,10600,2384,4339,17081,-9653,4132,2512,7345,-604,17800,6622,207,11221,23213,174
18654,-3725,1398,8863,7290,-1328,18746,2243,6714,12022,-5703,12535,6387,-4311,-3397,12463,4849,-7788,13361,18406,2676,15940,19049,-173,15234,18410,-124,12581,-8346,5972,6869,-11972,8537,14933,-4503,-2090,18125,5777,-7268,16155,7320,-816,12376,1859,-1459,15621,4983,4939,15586,-443,8827,10225,-3105,9284,6942,-4746,-3361,11745,10994,-7130,17586,11099,11231,10824,23813,1540,15019,16842,-1305,17636,-4421,4878,8844,-9271,987,14538,-9971,-553,15986,8756,412,16400,6361,181,18304,-1349,-247,12305,2024,-6514,12852,529,631,9474,2559,10147,12659,-4778,2085,7424,5182,-1233,15637,7876,7939,7231,21122,-3074,23938,19388,-1956,14363,5997,5751,7763,-5200,4962,16268,-19672,9253,7203,11768,-2579,20444,-628,-3227,17352,8398,-2963,12838,-279,-3612,15481,2259,5994,13687,4985,10427,13685,-10106,4518,3028,285,-6964,15733,7952,-639,12165,19885,-1698,21598,21954,-249,14726,2885,3543,4345,-5595,7874,14848,-14470,2314,13217,4169,-3306,16311,5754,3,20435,4353,-5282,8640,6061,-2005,15960,-2267,11427,9172,5309,6997,20482,-10451,3290,2321,7764,-3026,17014,3926,987,9059,21778,6182
12903,714,1533,14534,1651,4981,13755,3683,3406,12933,-8448,8572,5058,862,-2623,15011,6754,-4784,12161,19940,-2638,23228,22373,2634,12255,2087,2884,4894,-6944,5256,16931,-12847,3729,12744,5099,-19,15015,4820,-4120,21302,4958,-8071,8631,8363,4774,14518,-2503,10717,8506,4055,2126,21065,-11246,7087,1552,9442,-989,20793,2099,-5779,4615,24533,6259,24224,18595,4720,14253,5621,3559,9456,-6156,1548,7670,-14910,-2560,16454,3166,2760,20174,6388,-530,18485,5075,-6180,10334,2204,3846,11641,266,-399,15305,1093,1492,14191,-2303,6189,4313,2723,2534,13960,3954,1532,11099,14623,-685,16550,22715,64,22715,12965,5109,5577,674,834,13985,-20163,8033,5159,3672,7878,25667,-1180,-4518,11802,13273,-8358,18822,-2516,2651,8262,6170,435,18676,1777,1427,13448,-5705,9972,7003,-2526,3192,12667,1693,-6643,12348,20108,-1869,19877,18715,998,13904,15584,1509,11562,-8322,2086,8444,-13346,8013,13267,-820,2117,17885,3815,-5250,16156,8762,-5103,12373,4391,290,15075,5197,7800,15199,-681,4324,13372,-8038,8719,2638,185,871,16094,7123,-7905,12977,17180,5878,16856,20318,6129
19275,996,-2465,10222,4039,8713,13361,-9803,9418,5538,906,-8233,16186,7985,-2086,10689,20608,2906,21147,21751,-3570,14897,-1093,2169,3155,-6064,8252,16377,-11231,4721,13521,4738,-1123,15589,8309,-7716,20764,2961,-1243,9419,8641,3809,15337,-3788,2161,6171,3061,12568,19028,-11742,6421,5970,10550,-10515,17019,4816,1955,7102,25224,6921,21929,17885,-181,17752,-262,3830,6513,-5972,2893,8398,-13121,1680,17047,5084,-4900,18730,7896,-648,19830,3383,2677,10218,2682,-1824,10319,-501,-2525,13895,2682,5387,16126,-1667,4942,7565,428,-417,9237,4676,3013,10932,19941,2227,24001,20538,-1028,15699,7087,1534,5363,-2457,6940,15905,-18032,8849,5282,8571,-905,24777,-811,-1693,14755,12119,-2763,16582,-3013,-2751,10124,4061,2289,14964,4253,5249,15249,-7554,11151,5658,-1348,-4492,14069,4232,-4565,10611,22294,99,24464,18512,-1556,10548,5942,882,5794,-6945,10096,15264,-11821,3519,11590,3347,1679,18825,6779,-5891,18703,6242,-7578,8970,4732,4695,13589,20,3963,12014,2987,8069,20073,-10044,8870,336,4897,-6072,16681,4645,-1187,11055,24069,4937,23199,16215,2178,10913,5845,4211
12673,-1534,6809,7472,-5263,1737,10018,3092,-2507,16112,14717,492,14948,15082,-3847,12414,17796,-445,16879,-6760,7766,6113,-8307,4775,12481,-5761,2321,16966,7121,-1287,14844,8334,-7189,15090,1765,-3657,14718,9203,8098,18103,-882,6772,7511,-3729,8171,6095,-6336,-1395,14375,10455,-3716,17312,13236,6407,13712,18821,-1073,10090,15431,5728,20697,-5996,4742,7971,-8776,-1833,12239,-6857,-611,14923,9218,25,18022,5143,1102,15451,1446,-4110,15615,3192,57,12901,1842,4067,9096,-725,1703,7768,-236,1447,14366,2335,5374,13076,9938,2396,11688,17448,-5641,19870,19419,3002,16278,2202,6591,9075,-8367,4445,13011,-12167,5379,11836,10786,523,17124,4181,-1610,19809,1686,-7532,8994,5784,4521,22061,2152,4024,10917,1379,3369,9344,-8475,3351,8054,3718,74,16615,9935,-3964,11901,16247,-1271,18249,20950,-343,17885,-4965,6070,2777,-6447,3758,14706,-9733,4085,16597,7895,1666,13842,6857,-6491,17362,2305,-5719,12608,8563,8168,17909,-43,7696,5692,468,5255,13814,-10126,1808,9439,10307,-3232,17713,7564,2617,10888,21554,664,16152,18015,3728,21558,-4285,6419,6897,-6206,-2281
7285,-450,1679,12082,3419,-7341,11930,19326,-5148,23188,18184,2180,10726,6281,3594,6180,-7128,5414,16225,-10680,4492,11903,2706,5094,16978,6299,-7751,18736,5641,-11513,9979,7362,10211,13639,2461,7958,12978,1688,1073,19284,-9895,8586,1572,5255,-851,16728,4608,-4524,10498,22482,3182,23203,15405,7612,10587,5900,4635,8066,-5763,-2039,12658,-10988,-924,17102,1361,3343,16055,7356,-1669,17164,3874,-3065,11593,3004,2783,13628,1285,-1153,15440,1881,-921,13013,-1636,5662,5456,1364,6076,10963,3602,1271,13149,14654,-1969,20827,18443,1196,16615,13204,3115,6068,-1128,2710,15134,-14733,6324,8845,1577,8904,23315,1667,-3347,12444,11652,-10876,18860,-1733,4461,8185,7531,958,18163,960,1710,14865,-4935,9068,7446,-2137,2578,10782,2433,-6251,13120,17741,-2937,21844,16467,1584,11331,13421,2086,11756,-7129,4163,10515,-11096,5812,11455,-1252,2976,17895,6069,-3692,16643,6979,-10620,10462,5141,7557,15621,5885,7281,16532,913,1858,12853,-8200,8673,1328,306,-599,16786,5912,-5901,14029,18912,2946,19445,18453,7415,11105,12465,2993,13668,-6664,-1849,10044,-12079,2347,15066,-2885,1736
15505,9528,-4532,12546,19169,2330,17957,20032,-2793,16933,-4151,4341,2810,-6405,8814,14779,-8466,4479,16733,4721,-2564,13345,8495,-8697,19952,2521,855,10519,9659,5819,17740,-2957,3487,4711,1917,10244,15276,-10642,2262,8972,10897,-8835,16971,6985,4053,9612,23957,7103,17014,15467,1099,20410,-3942,2078,6420,-5366,205,9997,-10365,2204,15874,5325,-3340,18848,7489,-570,17532,2384,4755,12181,2877,-5126,10688,589,-2835,11461,1030,5924,14103,-878,5135,10321,3320,-1295,12550,5331,4541,9465,17350,1593,22757,20201,-930,16717,3709,1278,5146,-1520,7443,17248,-19322,8650,5631,12062,-2779,24432,-80,-2853,15482,10909,-109,14888,-883,-3580,12111,2773,862,14965,2652,8884,11724,-4817,7360,8367,-860,-4558,14209,5806,-2447,10723,18576,-680,23525,19944,-1117,13779,316,809,2922,-4736,10167,16627,-12170,4742,13478,3802,-3380,15509,7442,-6102,21409,5958,39,7341,8203,2961,14958,-3364,4463,8600,4344,9661,20841,-9808,4869,2400,7799,-7546,17525,4490,1749,8974,24748,7861,23093,15792,677,15553,910,2693,6230,-4633,1053,11069,-11565,1497,16689,1918,-2060,17792,7732,-346
21917,15001,-4430,10334,14047,2577,12754,-7328,9899,10259,-10279,3655,11210,-2102,-559,19092,6402,-952,15302,8669,-8244,12024,4184,2492,15671,6737,8380,16341,-36,7063,12460,-7119,4938,2090,-2070,-4424,15278,7569,-772,15297,18846,5960,19469,17564,1586,10246,12036,3276,14737,-7068,3078,10537,-11788,-1617,14197,-2896,-1731,16488,9942,1220,16503,4979,1617,12735,367,-3662,16766,2789,-871,14150,2799,2109,10385,-2454,4388,4671,1002,121,14322,3052,4870,13419,12186,2478,15590,17075,-4785,17928,17326,3548,12081,1027,5446,11429,-11076,5926,13262,-8123,4848,15269,8638,-464,15563,8337,-3548,19788,-489,-6103,8891,6345,3635,20972,1481,3922,11981,-1713,7652,7477,-5570,2747,10596,2844,-3685,15125,14614,-1223,17031,14772,-3286,12624,17470,717,16677,-6394,7597,5408,-8778,4816,13864,-4778,1685,17528,7901,-1384,14420,7975,-7011,14711,2018,-2465,15582,8550,10893,17359,632,4737,7964,-4913,5852,7688,-5197,315,14031,9234,-3223,16027,12829,6966,15203,17344,-570,12837,16144,5101,19997,-5154,3905,9500,-9691,-1857,11004,-5090,110,17027,7237,114,15239,6589,117,16346,10,-2782
14401,-1732,4979,4306,-7285,5624,17176,-8748,1438,14282,6589,3527,13267,6639,-8234,19121,3496,-4159,12333,10119,9309,14819,-952,6577,6804,514,3437,14776,-9317,3134,10409,10895,-2965,17829,6086,1603,8941,21169,1545,18610,16144,4631,19534,-3609,6106,8771,-4792,-3240,9934,-9038,1818,17364,5489,630,14621,7442,-2662,19011,1887,-1035,12910,3013,619,10024,574,905,9722,713,173,15034,-69,4575,12877,4197,4953,10799,5218,687,8718,16164,-1908,23286,18397,2603,15000,2817,4149,8395,-2471,4596,16044,-14939,5849,8769,11164,3607,18853,1237,-3641,19796,7451,-8771,12009,3648,4374,17472,1218,3422,9320,3798,3689,14607,-7860,5728,8045,2805,624,15827,5740,-6370,10832,18013,-2221,20008,18824,1517,13197,-1947,3893,4922,-6646,6087,18322,-9900,2500,12957,7227,2166,13740,5373,-6749,19297,4891,-5530,11901,9926,10059,14052,-573,6990,7947,476,2507,16158,-10304,5602,9561,10344,-4840,16826,7077,171,10025,21527,3315,18281,16160,3919,19562,-4812,5974,8100,-3971,-4001,11029,-9350,2626,16622,5824,467,15735,6675,-3064,17288,2067,376,13498,2404,13,9434,1657,-565
19935,-7586,4066,12815,7182,677,12725,5503,-9019,16932,6295,-518,15811,9993,9250,13194,-715,3856,8662,-2628,2386,13762,-7201,7150,13094,9746,-6364,15242,7836,652,12098,18046,7052,16377,15761,3291,19313,-4330,2279,9297,-6131,-207,11149,-5865,1644,16983,4975,-872,13379,8252,-3156,17481,1792,1533,15459,4100,2537,10441,452,-3599,9225,-610,1870,14076,600,5856,12705,5555,2498,12902,6687,1923,10761,12280,-1529,20690,19314,2207,13422,-357,618,9505,-2800,5291,15948,-10697,10715,9860,9786,-1768,16095,4186,-2704,17295,5218,-5252,13253,3820,6494,17823,2510,-1271,11918,-365,4391,10601,-3838,7851,11127,1557,-3866,14090,10061,-5874,15350,15120,2696,15823,16283,-206,12902,-6173,24,3778,-5641,10063,19901,-5480,4358,13481,7445,-2837,14843,5875,-6146,13266,7297,-4536,17584,7556,12971,12435,1306,1819,12238,-6834,4329,6914,-984,6692,17641,6085,-7529,14130,14054,2671,16852,15908,5014,14639,13036,4083,15144,-4817,-1671,10139,-10328,3579,12886,-1355,-659,17654,5920,-3350,15244,6474,1767,11353,3325,-533,19673,1568,2351,10639,1968,-3622,8392,-2803,2637,9975,3303,7205
18181,8360,-5716,14109,9930,4758,13228,819,12022,12086,-2311,-925,12916,-6948,5344,10742,6856,-1808,16667,9242,-484,14546,16538,4303,15215,15373,572,17730,-1926,6731,13015,-8163,413,10131,-5075,-1994,15962,4619,691,12900,8349,-961,16592,1916,-1066,16595,4064,1180,9567,1790,66,10798,-3063,-496,12758,2372,3616,13385,4808,4629,11847,8552,2899,13583,12565,-3012,21142,16077,4278,7305,1947,2880,15876,-8088,3534,9337,-3070,6545,16197,3920,2455,12091,9811,-3416,20235,1554,-5932,10087,4844,5452,17366,3265,1163,14325,-2866,2571,8580,-2399,6304,12545,446,-927,12641,12857,-3526,19797,16980,-3000,14360,8684,2175,8013,-3659,4219,10576,-9350,9079,14236,171,-282,13962,5569,-1182,18364,7763,-4476,11575,10500,-3772,16855,1551,10580,9364,4158,6739,20722,-11649,2242,-203,4549,1437,20549,2096,-4291,10857,20407,3709,21703,17185,2974,17577,2955,3178,10743,-3393,5666,7956,-12335,-1025,13635,1727,-4570,16713,9817,2912,21253,2512,-1196,5636,7339,-1093,17084,-1548,234,13246,1595,2746,13076,-2180,740,7321,3339,214,13070,6731,7759,12877,9841,732,17004,21766,-2159
18669,-13028,3020,3733,6337,-7389,18706,4655,812,11803,22199,2825,16580,16026,3302,19801,240,4184,12232,-4849,5113,7785,-10852,-194,13965,4341,-9601,16650,9437,2831,19191,3280,5039,10814,3913,-5400,11170,155,2791,12634,-856,1968,13518,19,1969,13010,2853,352,10135,6517,4404,12125,15989,3079,21446,16597,-4554,11447,1924,3593,12849,-2810,9114,14074,-10312,6907,9119,8249,-3443,15384,6391,1779,20071,4736,-5154,9989,2466,1178,17955,3138,190,15296,282,5618,9327,-4087,6935,10413,-1581,-6210,12084,11268,-537,19881,16166,2047,14579,14461,-5618,10951,-3830,3578,6312,-7197,14200,16326,-4220,1043,14822,5295,-5927,15482,8830,-3381,13719,7244,-723,14978,6073,5628,13152,2442,4853,18184,-8625,11763,330,18,-1968,19347,943,-7390,11112,21837,2941,23361,17162,6131,15440,6514,3672,9924,-3963,35,9304,-11128,5715,14483,-1009,-3548,16420,8707,-5001,18439,3896,3565,7341,7332,1353,19105,-1397,-4280,12594,1063,1467,11815,-3297,6627,6836,3550,365,12980,4380,101,11069,13568,3474,21414,19390,3839,19179,3283,-5004,4466,4011,8203,18185,-16094,10179,2724,8707,-1838
[row took 91292us]
22613,15103,8741,15553,3218,4054,10347,-3861,-2213,9826,-11203,3928,12601,2738,-2204,19137,7856,-4337,18434,4331,1119,7940,5964,3707,14858,-1969,-2737,13183,986,-1369,15539,-1412,5477,7308,5097,3388,12146,2400,1193,9185,14895,306,22694,17776,4212,17951,3562,-33,6406,2560,3138,16252,-15730,11652,5109,9991,-141,19611,1218,-2912,19795,9589,-5742,10736,1695,4292,17135,2762,2649,13762,2710,477,12278,-6300,7460,8261,976,308,15097,6016,-7025,14663,14778,2651,16796,18598,-259,14448,-243,1306,7593,-4542,5799,15608,-8341,6932,13014,4327,209,12288,5612,-10122,18034,7517,-2295,13676,10817,9342,15173,190,4502,10094,-2814,3879,12645,-7084,6851,12096,5050,-5021,15730,12080,-2254,17027,17494,5118,12936,14651,5936,15637,-4014,1421,12178,-7800,378,12230,-3782,1614,16126,5393,-3648,12885,6670,-2129,14724,2342,2191,18675,3842,2556,9938,600,-4058,8913,-2236,1026,10812,2559,6614,15849,3180,2406,8864,9164,301,18612,15320,-229,17845,13679,6644,7578,2167,-2006,16092,-8940,7034,9211,-1591,7092,17232,2715,949,14370,11009,-7350,19789,1753,-1084,9620,4570,7440
13250,-4477,-2593,16063,5708,-386,12581,6498,335,15678,3462,-1988,18969,3456,3662,9306,1819,-865,8174,-2824,-1828,10769,2046,3556,16992,3282,7333,9124,9231,2038,16833,16320,-5813,19827,14896,5520,6861,2675,2812,15026,-11141,6329,9881,-2393,5124,17625,2492,3215,12114,10368,-7010,20749,1989,-6052,10666,6923,7092,17875,1783,1583,12098,-3309,2945,9162,-2433,6021,13234,593,-2230,10591,13631,-3750,21191,18035,-2535,16262,11104,2824,8991,-4227,6263,7353,-11704,7125,12516,-295,450,18462,5552,-2484,16043,7701,-7411,11970,8109,96,15548,4821,10272,13295,3291,5496,17796,-11922,5345,-261,2128,-1370,18920,3849,-4495,12468,21817,3201,22309,19685,3092,17688,3611,8527,8062,-3191,931,9553,-14930,-1059,12151,2470,-2450,19745,7960,1578,18854,2997,-2209,5850,5968,302,15804,-1373,402,14045,2444,746,15112,-4069,2595,4302,4553,1209,13169,2629,5643,8062,16909,-974,24947,18456,724,16905,6883,1485,7081,2226,5427,16312,-19934,5899,2052,9955,-329,22446,1243,6078,18942,10466,-7646,11213,-430,-1790,14188,2668,3714,14968,4919,1444,15652,-7966,7096,3948,-28,271
12495,3349,-4830,19997,2155,-185,12449,1479,1662,6911,-2282,3899,8835,1007,946,15181,1613,2341,9560,12631,8159,17464,19240,-9078,22821,16357,4979,6431,2160,6191,12951,-16094,7750,5505,-1154,2307,21616,2016,-553,13355,12048,-2183,18430,266,-7389,9041,7303,2618,21165,2229,7007,11429,-4745,3783,6372,-3963,4490,14382,145,-2820,10405,16253,-1106,20277,20472,-3696,17521,12403,531,10058,-3660,8805,6512,-14849,7887,10540,-2235,-3214,19730,5110,-4015,16778,11503,-2554,12585,7232,-868,14466,3287,8450,13959,1504,7310,16874,-10575,5244,-935,2128,-3124,19241,3516,-2507,9686,23447,3807,24310,19343,2403,15528,7405,6105,11010,-4503,2317,6848,-15315,-924,12589,-876,-2337,20024,8929,2027,19608,4686,-1116,7420,4510,-2056,16265,-227,-1782,15061,1468,4115,12494,-3519,3473,3034,2817,1589,13285,1709,5770,7773,18571,-2916,25485,17964,-340,15464,12557,1495,8277,271,5580,13390,-18383,9761,3511,4263,-105,22677,1291,141,19326,12737,-5331,14520,40,-2190,11212,3509,4915,16039,4145,3883,17386,-7904,6150,1743,-893,-105,15514,2494,-2237,11854,19865,-3521,22647,20256,-1494
11109,1344,4666,16886,-2302,3078,10138,2891,1075,9804,4714,5035,9059,20191,-577,23615,19250,-3186,14079,4686,5782,9039,-1058,8650,17387,-19343,4019,5157,9900,1616,18762,1814,-801,20656,8788,-7458,11511,2977,-1453,17037,-199,4708,9456,5301,6276,16294,-10995,5369,6125,1739,-445,14572,8584,-4297,13938,18487,-160,19148,22198,-5124,15103,-2091,6526,2893,-5703,10371,18810,-14078,-329,11357,6926,444,13505,5942,-6206,18887,6678,-4076,12275,9029,6281,16147,-2118,8240,6653,1468,7474,15792,-11573,903,9280,7650,-6372,16032,9686,3817,12691,23064,3027,15913,19658,954,19154,-4903,7800,8762,-5590,321,12286,-12172,-1008,15677,5128,-1349,13306,9049,-407,20044,1031,-397,14349,4297,-2464,10388,-775,382,7188,1247,6041,14971,-2674,901,13615,3711,2302,9659,7876,3797,10826,19048,-2054,21254,19086,-279,13662,2602,5570,8070,-3362,7582,17928,-16536,3827,8311,9911,268,17122,3582,-488,20060,4899,-7520,10492,4894,2132,19897,92,3185,9246,4574,7400,12858,-10650,3001,8179,1319,-95,14012,11005,-3987,15489,18103,-2166,18102,21952,-3227,15151,-3798,6988,1072,-6919,10833
16845,3382,3388,11082,10567,4495,14444,16819,-5654,19800,18458,2534,11241,1383,4529,8868,-9447,7187,14781,-8452,4018,15336,7275,1334,13761,7121,-718,20120,663,-9802,9623,8621,2667,22229,681,4096,8767,-1010,7357,9429,-6674,4413,11081,1809,-4731,13190,13579,-932,18262,16357,-3370,14857,18503,144,13539,-5549,7818,2398,-10225,8842,16947,-6541,-1016,17678,7662,-965,14859,7702,-5154,12829,5336,-6928,17009,7816,11151,15792,1396,7134,10208,-8318,6412,4085,-3380,-87,16991,7667,-5163,15931,16107,6939,16627,19640,-1307,15871,12904,5636,13264,-4283,3324,9680,-14164,596,12002,-2727,-3039,20012,7286,-1260,14399,6152,4397,11280,1754,-5281,20214,2369,725,13163,3416,1334,5700,-3720,3847,5365,1133,2693,16457,3531,1595,11838,12408,5169,17694,17912,-4865,19491,17186,1973,8534,693,7509,10265,-14261,5430,10199,-3556,2772,19851,5863,3853,15771,9057,-4734,16445,848,-9176,9835,5859,4208,20469,2005,4849,12135,-4305,5225,6067,-3464,6287,13474,824,-5423,11461,16562,-1421,21492,17135,-3773,14259,17220,30,12831,-7185,11368,3211,-11408,5438,12554,-6130,-2140,19181,8306,663
20980,20517,-3181,19648,8909,3101,3108,2096,5869,20457,-21578,6960,-474,10038,1548,23399,-2550,2652,15176,13963,-6618,16712,-2509,-4020,9476,6385,4623,17468,3758,4421,15116,-7545,7855,3968,-1485,-1231,14795,4253,-2083,12951,17712,-3594,21074,21862,-1752,13868,4103,-938,7622,-5845,15130,14387,-14225,4032,8139,2580,-8360,14690,4213,5495,19854,10237,-9051,12740,9057,-215,14400,-917,12624,8612,2663,5849,20426,-13211,3146,1470,8573,-4644,20727,5250,544,6385,22631,7058,21845,18223,-647,17218,1763,2646,12385,-4888,7044,8205,-13757,-4350,13385,2242,-4291,14783,9567,6479,23078,2743,-2368,8403,4647,-3755,11805,-865,1877,13694,1610,1939,16536,-2542,4930,5897,3810,-517,12420,3984,7293,10937,15314,683,21023,22826,-5538,17196,2238,6388,6008,2872,6615,20447,-21544,5341,1831,12412,403,17352,134,3441,20089,9603,-8528,11348,1032,-4870,16944,2337,7732,12680,4653,4515,14437,-9957,5453,5366,548,713,14651,7486,-3770,13804,17067,1465,20618,22577,-8433,13607,-1538,6344,4204,-6112,12377,18554,-11886,-113,12653,6104,-4731,11188,4767,1070,18971,9691,-6862,14853,10307,1913
18769,-19515,8399,-15,8536,-812,23497,-2030,468,15162,14542,-645,15198,-2139,-4389,10123,4434,746,18066,3626,5049,14146,-5365,7124,4803,-1378,-787,16633,1688,-2699,11853,17281,-172,19911,20515,-1417,15424,3018,-7155,7255,-4225,17607,13966,-12015,6292,10760,2395,-10310,14745,5240,4373,18110,11355,-5231,13937,8178,-1923,14076,477,11246,9528,149,8848,18401,-11771,2897,4296,8289,-6663,20931,6009,1068,8698,20799,6032,17864,15714,-72,19133,296,1878,13683,-4476,8454,7421,-10239,-2783,14324,2569,-6845,14630,10036,3998,21389,3102,3231,10706,4378,-6016,11476,-517,1189,11602,328,5081,15790,-684,2511,9200,4333,-1800,12937,5215,5501,11106,14504,4017,21110,19172,-6886,12477,847,5366,10347,-525,7633,15878,-14171,9045,7600,9822,-4870,15760,6560,2,22077,4754,-1904,8613,2441,-1427,18358,1298,1276,13752,2251,6879,11886,-5786,5188,8339,349,-3264,14034,10473,-3964,17667,16362,2959,16040,14298,-4720,10074,-3526,2311,6321,-6715,13770,17272,-5234,2255,13589,6121,-6362,15254,8508,-3681,15947,8337,-767,14795,6418,5941,13509,-207,6651,13982,-6971,9547,4895,-832,-117
20227,2688,-2857,8255,3568,5659,18503,2297,-3524,14637,-1602,5964,8302,-1936,9089,12706,-392,-7969,11730,13387,-3559,21596,16423,4933,13797,8778,-1829,8181,-4589,-327,9514,-7868,14210,14345,845,2748,15200,4491,-8052,15454,9099,-6931,13643,7055,5811,15422,4777,4587,11072,2578,4377,20495,-11222,9260,-1282,5046,-276,21283,1918,-8748,11034,22302,3623,21345,14057,8809,15735,2266,1684,10837,-3193,-1014,10189,-9281,4340,13592,2975,-2481,17007,7283,-5068,18001,3293,3095,8325,6499,2310,16147,-572,-3131,12042,-333,735,14103,-1628,4376,9165,6094,3311,12752,3528,945,9430,13087,1442,21842,18675,2255,18063,1006,1938,7660,2041,3222,15452,-15277,10716,5640,11002,-2604,17751,2698,-952,21851,8709,-4112,8834,2312,3758,18198,1653,2670,13892,2280,-1151,11867,-5115,8875,8840,1942,254,15244,6813,-6774,15789,13863,2435,14720,16524,-2126,13967,-3447,495,6284,-4300,6708,16555,-4160,9230,13323,4796,-2926,12781,5903,-8647,17043,5824,-382,13927,10401,8327,14540,1129,5179,14873,-5501,4823,5110,-2382,5334,16644,1612,-4622,12585,16870,-4629,21934,16689,6165,11854,9843,9845
9111,-4774,4777,11659,468,-459,13061,12889,-2149,17945,17426,-2948,16549,11637,1735,9532,-2674,4098,9525,-10492,8434,10826,-2098,1301,18570,4548,-346,15231,9403,-8491,13931,8585,-1800,12805,5701,9427,14232,2548,6526,18127,-11035,7662,-595,1138,-3067,18206,1251,-2725,11428,23532,1637,22180,19247,2152,16937,3854,7001,8533,-3230,4346,9831,-15569,-1521,11135,3980,-2852,20267,7646,541,18509,3729,-1495,6280,5037,-717,15990,631,-593,14610,852,4029,13217,-3095,2036,7185,3272,-480,11072,3551,6159,8074,16115,1285,23856,19096,-900,16694,3928,3216,6311,2033,6660,17661,-18317,3588,2613,10518,465,20850,1138,5403,20013,10503,-7877,10313,652,-1530,17425,2481,3835,13632,5153,1986,13767,-8994,5707,5514,822,1092,15942,6411,-533,15300,16776,-1016,17035,20280,-7494,14998,149,5421,4611,-5912,10796,17091,-12014,3507,12902,6030,-1678,12681,5290,-4247,17338,7075,-5740,13766,11469,3386,17349,-773,9047,8125,-1137,8714,12922,-10567,1568,10690,6093,-6070,15969,13622,3757,16050,21251,1212,13085,16279,2331,14851,-4788,6757,10535,-9556,3128,12703,-8035,-4586,16127,6875,-2769
19445,22717,-5229,15192,583,2177,4917,-5737,14809,17107,-14419,3042,10027,5006,-4448,15077,5902,-3884,18462,8544,-5062,11837,9091,4090,16609,-930,7676,8173,1357,8982,16321,-13340,4302,7240,6670,-9637,17338,9179,2316,12056,25208,5680,15551,18486,1678,16960,-3096,5125,10714,-7445,3328,12586,-11875,-1709,14778,5438,-3586,13702,7885,-1715,18203,3277,3487,16298,3619,-3178,9964,-1584,-522,8237,294,5127,13702,-1626,2846,13240,2430,-955,8580,8773,3629,14149,21221,4138,21049,20187,-1792,10422,1518,410,7639,-6969,9299,16628,-14584,5313,10508,8846,-232,17188,6302,-1085,19149,3919,-2993,9838,4727,-959,20079,717,-2973,10988,1246,10532,10900,-7499,8434,9530,-1019,-4586,11210,12513,-3230,19127,20345,-430,18487,20892,-5068,12500,-5213,5492,1710,-9614,14884,15558,-8797,2884,18346,4281,-5421,13183,10576,-9199,16303,6776,-1224,13233,8192,7786,17028,-2330,6676,10885,-6499,10618,4054,-4983,-197,16616,4482,-9188,11069,19380,4623,20935,23945,5268,15425,12563,4805,11450,-5671,337,6096,-15398,3316,14560,-4059,-2371,19193,8184,-6253,17383,6108,5425,9707,4562,-664,19407,-157,-2186
11937,-16295,9411,7311,-83,-5072,17872,6158,-5256,21958,10606,-5858,8704,8649,5871,15744,-1863,4527,9202,3127,7654,22053,-13425,7451,-2976,6013,-7927,20668,3942,-838,5521,27534,6723,24614,19547,5713,15626,3534,1781,10618,-6336,17,8649,-16590,2631,11925,907,-4509,17879,8997,-1010,22840,4490,1337,8961,4758,-364,10827,-1723,-4992,13746,997,3664,17262,-2287,8947,5794,1983,499,8691,1915,2467,7124,21266,-56,25169,21401,-51,16165,9368,-2468,8362,-2025,7134,15530,-19826,12063,2052,6278,-380,20628,1083,-1548,20930,11342,-3755,13924,1301,-4002,12832,287,341,12785,5420,5015,18339,-9112,14874,3274,-184,-4033,13816,4364,-6478,12292,20843,472,23024,23773,-2888,13425,3104,2176,6481,-6639,12398,15259,-15227,5582,8370,2152,-3945,15971,6220,-6104,21988,8291,-6429,9268,9717,7587,16156,-2832,4573,7860,3350,8591,21169,-13564,8553,1347,6150,-9691,18158,6120,-1020,7809,27574,7958,22026,21030,2465,17479,348,4125,9022,-6317,745,9917,-16059,1486,13082,3061,-4126,16756,8993,-2300,22314,3010,3763,9942,3250,-1493,8973,-1502,-4970,13363,1567,4311,17253,-1459,8441
15670,6031,-7333,20945,7484,-4327,10011,8631,6851,14525,-2108,5177,8406,3579,9138,20111,-12720,7446,3479,6974,-10402,17376,5834,1267,7456,26318,7177,21887,20542,583,18272,-842,5151,8714,-5063,1302,11189,-15576,274,13430,3444,-3912,16316,7757,-1278,21949,3643,2893,10957,3031,-2269,8763,-1184,-4004,11387,1948,6906,18271,-2172,4873,8098,2802,-720,8726,3134,3207,8142,22160,2169,25520,18946,-1442,14705,8527,280,8737,-2777,7912,16378,-18420,9309,4071,7634,-28,22569,-29,-2964,18536,10235,-2934,13902,294,-3764,13488,1774,-581,11802,6424,8428,18073,-10745,13716,3026,321,-6013,15215,3929,-5524,10582,22047,633,23768,22779,-3914,13315,2693,4093,5071,-6172,13083,17181,-15226,2628,8770,4366,-2930,17651,5506,-6075,19779,7129,-6675,9385,7589,6087,14959,-1709,5958,8905,3735,9760,20749,-12580,7493,2352,6561,-10527,16917,5673,498,7516,26776,7736,23606,19630,1148,16406,1275,6488,8027,-6067,1336,11001,-15491,-1972,14109,2645,-3057,17406,8246,-18,20843,3260,1494,9798,2839,-1054,9819,37,-2872,13248,1956,5892,17289,-2375,4477,6089,2620,-120,10443,3046,4637
8551,7339,3417,15136,1241,9589,11876,4051,6144,19995,-12587,6351,-381,5268,-5604,18062,6253,75,9998,23274,5618,23274,18447,202,15352,3585,7314,8695,-3314,3058,10932,-16111,-4316,13418,2618,-1440,19345,8073,3714,18577,3652,-2786,8252,1685,-2919,13293,1258,831,15452,2804,3670,15371,-3235,3805,2670,2737,1366,12090,3204,5786,9762,17120,-2378,24417,19493,-2355,17220,11023,4396,5600,230,5062,16484,-19182,6562,4130,6613,3433,24101,-743,657,15406,12215,-7607,16338,-2281,-4081,10572,5051,5569,15476,4886,3926,17411,-8210,8897,3449,-890,-186,14784,2784,-3734,8842,19796,-4385,24137,19516,-2659,12920,8381,4654,9535,-6582,11757,11874,-13786,523,7472,602,982,19738,7003,-266,19382,7585,-12770,9434,6282,4680,14796,2179,9461,12500,3719,5301,19622,-11692,6285,29,4146,-5030,18392,6064,162,8978,21997,4209,23517,19220,1997,15140,4450,7158,9407,-3464,3046,10322,-16113,-4261,13154,1865,-1508,18829,8564,4365,19980,2990,-4866,7484,3181,-3060,13453,655,3270,15168,2349,2820,14813,-3621,2553,3335,2161,2354,11469,4678,5356,10477,16826,-2594,24300,20049,-1592
8464,4012,4992,21616,-13173,3211,416,7814,-3805,19964,4370,224,6091,23662,6576,23325,19816,-567,16321,2509,5515,11088,-5165,4794,9596,-15266,-5594,12614,2223,-2384,15443,8732,6378,23405,2614,-4946,7799,5156,-1342,13139,-691,2383,13980,2320,849,16293,-2744,4567,5165,3193,1094,12440,4112,6423,10157,15142,-763,20271,24208,-2810,19390,4223,3609,5160,2998,5545,21270,-22489,7398,-192,11428,-371,19906,-2349,3610,17924,10852,-6782,13614,255,-7206,13837,3252,7130,13678,4885,4180,15497,-9371,9951,4492,59,-2339,15108,5957,-3983,12423,17435,-1493,20596,24653,-5224,15027,130,5116,5948,-4724,14287,17203,-14209,-775,9636,4169,-5048,12737,4663,2478,20547,8680,-10021,11709,9446,1606,15448,-2669,16719,7133,2636,3496,19379,-12928,2961,3917,9630,-3535,20440,5093,2,6997,23538,4437,19566,19343,-1745,17383,-236,9293,12600,-5738,1809,9420,-12814,-5318,14728,2624,419,12832,9996,3386,22322,1199,-2577,10351,5097,-2815,11285,-633,3563,11660,1593,599,16422,-2442,4200,8203,3515,1538,12053,5834,4886,11471,16398,1152,21417,23268,-5172,14233,1714,8088,7699,-375,4725
17159,4914,-5967,9809,18367,6098,21957,21239,-727,16211,11228,4660,11709,-3486,8031,5493,-15768,-2845,13777,-1948,-5529,19433,7454,4004,18604,5866,640,7873,4256,-4585,18551,-326,1796,13871,2666,2742,9950,-3643,3345,6499,1693,-298,13752,4088,3758,9669,12767,4922,19615,23226,-4634,22991,11257,2147,3520,3764,7460,16447,-20634,6392,2045,5353,2628,22744,-1926,-286,15159,13504,-5670,15883,-1426,-1785,11504,5483,214,17039,3612,6191,14892,-8296,7421,3130,-1804,3353,16415,1638,-5189,9613,19659,-4948,22929,21281,-745,15311,7186,-1116,8517,-5368,13297,10822,-13807,4359,8743,2231,-3749,19727,5226,1421,18056,9098,-10515,10768,7614,2217,15369,-326,8890,9316,2914,9218,20098,-13862,4724,1191,6436,-6736,20608,6350,791,8428,22262,4778,20582,21348,-408,19416,178,6546,10076,-3291,5784,8764,-16260,-3063,11158,3481,-6062,18190,8809,4970,22668,3210,-2151,6548,4817,-2817,11944,-1553,383,13984,2299,4050,16988,-3025,4654,6601,2099,-1133,10065,3950,5790,9083,20092,1348,23233,20053,-2707,15350,5486,3528,8079,-973,9090,16560,-18079,4356,4519,9950,-1399,19176,1904,4076
14600,11332,5298,11537,-5586,4645,5998,-12859,449,16223,-2844,-4819,18465,7953,-2768,16921,4772,5286,8747,3951,-3502,20161,1175,-675,13686,1616,2215,7986,-3236,5671,6044,1838,-236,14943,3371,1376,9657,14779,6437,22167,20167,-3053,19001,12944,1446,6503,1427,5622,12115,-15963,8151,6612,1021,3336,22030,1068,-1687,16308,11748,-3281,15773,-1733,-2943,10434,6170,-2108,18889,3519,6156,13758,-6674,9531,3345,-2545,2424,16005,1239,-5535,10297,19791,-1401,22932,19567,-1664,14331,9425,-2486,9615,-5081,11423,8986,-13256,7565,10361,745,-1499,18946,4928,-4462,17943,8945,-6021,10090,6026,2795,15945,2310,4433,11408,3608,9301,20819,-12876,9108,-3301,4719,-7882,19481,2398,-2504,8400,26207,5449,24786,19597,3726,14650,4634,5712,11313,-6022,1732,7572,-14786,153,12097,873,-4656,19730,9117,1917,21255,3801,-1706,6933,4101,-535,12242,-1516,-2837,15313,1559,4684,16267,-1473,5168,3752,1731,-1053,12249,3701,5688,8085,19303,-641,25843,19905,534,15697,8101,-749,8349,282,7136,17004,-19115,9382,1262,7371,-3781,20730,105,2537,19831,11011,-2653,13443,-279,-4824,12609,3270,793
12879,-12831,-1573,15543,5960,-1741,14451,8061,-678,19182,1018,2177,13888,1993,-3494,9840,646,-2676,8247,2106,7452,16293,-2008,3564,11184,1827,-836,10055,6932,4550,10567,21325,1542,21986,18533,-2692,12924,3367,3605,8753,-2297,8245,18646,-17374,5194,5884,10323,1454,18744,1675,-2386,18140,6540,-5580,11675,1816,-841,18646,1237,-810,9725,4855,11370,13766,-10214,7286,7547,983,-2960,14140,9443,-4882,14150,19200,-331,18330,21531,-6113,14792,-2032,6366,1741,-6879,13541,19040,-11750,-592,14372,7653,-132,12646,5718,-7992,16634,4629,-3358,13314,8799,6619,18217,-1657,5881,5404,1049,11057,13746,-11409,1839,10791,8840,-10498,16324,9966,6067,11526,24105,5287,15336,16906,489,17760,-4518,6907,8009,-7332,794,12732,-10160,-3271,16413,6659,-821,15598,6429,107,16244,2197,-52,17169,2308,-2457,9887,353,-1188,6967,1992,7835,13190,-2689,2249,12273,2586,623,11652,8248,5708,12299,21274,-1528,21194,19230,-1984,12267,2546,2980,8179,-4999,8002,17435,-15747,6499,9489,10907,-397,18261,2409,-352,17303,4033,-7673,10475,3308,280,20834,1515,-405,9675,2999,12231,11021,-8985,6524
15599,5867,1072,14140,1291,-1764,17702,2338,-590,11909,1159,1090,6143,662,5579,10422,-1846,998,14133,2659,608,11269,10202,6245,14015,18989,-2954,19607,20162,886,13030,2200,2979,7397,-7494,6796,15976,-13775,5881,12115,10022,-144,17264,4904,238,18333,1262,-8646,8546,4850,949,22320,1524,1532,9270,2340,10938,9752,-8157,5894,9603,641,-5988,13657,11812,-746,16009,17777,-4805,16336,21440,-2731,16296,-4751,11448,1235,-7097,8283,16176,-9588,-444,18627,7197,-1330,13311,7877,-6477,16032,2324,-5068,13329,9084,7699,18458,-1374,7926,6889,-1685,9012,8140,-9105,-1573,12976,9283,-6755,17101,12370,9100,13177,22441,238,13064,15660,4210,17724,-4632,5690,7046,-10618,-772,13537,-7165,-4635,17470,7588,223,15752,5807,2136,14054,1159,-2956,17975,3151,-605,12568,2267,1762,6237,39,4788,8748,-2039,1944,14608,2533,2074,11468,10407,5484,14652,19164,-3594,19801,19844,1188,12773,2483,3342,7485,-8130,6571,16042,-12940,5045,12892,9296,689,16962,5150,126,18698,714,-8825,8547,5548,1042,22661,869,2639,9157,1918,9600,9342,-8055,6043,10430,1122,-4978,13205,13177,-1905
16142,3526,-218,11818,1588,2080,6437,-86,3686,10264,-1775,2058,15344,1533,4616,10868,9344,2442,12941,18142,-5400,18950,22046,2825,15549,2390,4496,7816,-6568,5880,15683,-14636,6123,11311,9112,99,17161,4633,-1308,20228,2792,-10035,8793,5515,4995,21523,301,4263,9802,2960,6172,9999,-8165,4815,9922,1640,-2151,13872,10716,-4466,15401,17053,-3234,15997,21545,-216,17042,-3859,9903,1436,-7396,5522,17397,-10055,-1021,17200,7915,3033,12866,5881,-7915,16405,2919,-6553,13674,9172,10933,17593,-134,7254,6394,-250,5449,10886,-9887,970,11862,9109,-5454,17096,9778,5790,12064,22260,356,13710,17185,5124,20076,-4313,7556,7962,-8099,-4471,11769,-8592,-2249,17097,6903,3382,15704,6195,-1928,16285,500,-2142,15769,2701,382,11434,2203,1287,7794,431,2891,11031,-1443,2865,14465,3311,4468,11349,8031,2656,11202,18801,-4140,20845,19315,2976,14909,3775,4560,9911,-5685,3462,14159,-14776,6572,10939,9120,1558,17644,3158,-2335,19683,3541,-9859,9337,4256,4908,20566,940,3190,9519,3539,5838,11369,-8177,6327,9491,1807,-1165,14149,9444,-5636,13720,17616,-3864,17988,20804,-151
8279,1004,1503,13925,-916,5290,13755,3782,3597,10509,6431,1014,9825,16829,-1549,21256,20082,2797,15857,3640,3846,9277,-3247,3910,15708,-15641,7018,8605,10031,1821,18579,1771,-3928,19398,5227,-8222,10358,3485,5794,18896,995,1890,10226,4569,4638,12699,-8802,7570,8317,2160,-635,14806,7727,-7186,12652,18056,-1653,18481,21237,379,15825,-2373,6080,2328,-6371,6060,18379,-10830,1458,15091,8229,2953,13346,4821,-9289,16541,3863,-5958,13268,8240,11920,16096,88,6551,6884,673,4560,14115,-10647,4551,10290,10199,-7338,17461,6841,784,9895,23489,4232,15800,17019,6237,19243,-3940,6459,8567,-6210,-4737,11785,-9328,89,16159,5891,2280,15806,6145,-3965,17401,1827,-675,15314,2906,2368,9300,1737,-1639,7883,-34,1110,13712,-790,5824,14188,3802,3727,10945,6138,1045,8821,18260,-2296,22390,19716,4076,13862,3246,2634,9980,-4960,4164,15227,-14016,7660,11208,8937,2729,16162,2726,-6130,19958,3897,-7700,10044,5053,6238,20823,835,648,8434,4209,5924,13043,-9277,8216,8592,2896,-1612,14697,7807,-8353,12909,18272,-718,18936,20215,1004,13695,-1722,4872,3531,-7941,7032
[row took 91033us]
15489,4247,1202,11266,8819,778,12697,17483,-846,20481,21483,4436,12443,1454,-41,8197,-8391,5825,15481,-11017,7557,12498,8639,1604,15289,4089,-3775,16482,1609,-8014,10572,5581,5965,22536,1648,-180,9412,1981,6163,9978,-7602,10521,9717,1949,-6088,13921,10943,-7099,16392,18395,450,16046,20716,1534,14012,-5336,4602,2672,-8456,8334,16362,-8293,2788,18072,7563,559,13988,6179,-12487,12878,4332,-4917,15366,8082,14606,17985,291,3082,7252,-4296,7476,8188,-5922,4223,15021,9135,-8408,16211,12487,3297,13420,21052,2539,15038,14471,8469,15151,-3788,688,9593,-11780,-560,12466,-3215,-443,19294,5584,-1538,14077,5758,-1373,13325,1416,-1965,19402,2431,5619,11570,2454,-3509,5159,-1894,2327,8679,758,7849,16280,3750,-776,11671,10308,1386,15110,18570,785,20055,18750,3429,9907,893,706,8691,-10971,6647,13452,-6491,6816,16767,6503,1413,14892,5881,-5715,15585,145,-6849,10366,6235,5405,21795,2685,-1534,10470,-2017,8484,8072,-5438,10536,11175,1868,-9360,13717,13665,-3095,17196,17847,-43,16465,17577,402,13586,-6932,5673,2836,-8897,9055,15768,-4670,-361,16099,6257,-3406
20691,23219,2969,19609,4829,535,6738,2710,2363,19353,-20463,9804,-619,10480,312,20919,-1958,1664,17725,10489,-6517,14157,-634,-1163,11978,4612,2602,16492,4091,1545,13341,-7450,11805,5281,-113,-1048,15018,5769,-5428,14503,16618,-1475,18474,22611,-199,13902,386,1220,7901,-5086,10493,17093,-11700,4596,10132,4253,-5262,14013,4438,930,19345,8044,-11441,11161,9279,6557,16558,-1470,13834,8244,2099,493,16942,-11962,6199,5690,8870,-3649,20356,5929,-2646,8927,22805,4811,17373,18340,2999,16732,-543,6756,14415,-7523,346,9014,-10051,-3579,15540,3192,1639,12591,8940,-1587,19580,1103,-2256,13491,4416,2428,10754,1193,1972,11295,-723,-1486,13566,-419,5658,10959,4644,1587,13434,6340,1779,10986,16418,1067,21945,21503,1001,9622,1925,3619,10699,-4950,3586,16169,-12565,7243,9089,8317,1589,14134,3674,-3006,18976,2985,-6021,11919,5383,2965,18608,2904,904,13288,284,4887,9722,-6571,8416,10429,442,-986,11264,11621,-8383,17072,17582,-528,19322,19338,-604,11021,-4202,4053,4251,-8564,11254,17528,-6772,-794,15573,5289,518,14131,6529,-5922,15826,7567,-9221,14121,7358,13850
16135,-16081,5417,6292,8460,1200,13848,3929,1141,24856,3383,-8549,6627,4794,-234,20330,1780,4796,12688,2901,4049,11813,-8540,7203,8207,1100,1334,13178,9682,-6776,18222,16815,-1777,16106,19637,-3999,12129,-1888,6544,5211,-7822,10729,17335,-7370,-378,15406,5491,2623,12340,7094,-7391,16407,5283,-8128,14721,8519,8959,15307,1103,10602,12077,-5904,5489,6868,-5035,1743,14530,4886,-4397,14344,15951,328,19997,20852,1039,14890,11963,6480,8904,-2301,6079,11902,-13132,315,12817,-2369,-5018,19134,5658,-2,13875,6400,1649,10276,3964,-5514,19940,118,4756,11989,2671,945,9635,-2886,995,7246,2515,4241,14235,1352,1131,7826,14170,3109,22797,19479,-2202,18338,13308,4690,4970,2202,3983,13337,-14279,7009,8984,2047,2510,20859,1021,215,15518,11052,-4105,16096,-1782,-4102,11250,4434,2676,17354,4906,3362,14428,-5206,6397,3998,-2386,5295,16643,338,-5078,9330,18251,-4081,22977,18699,-520,13834,8388,-3371,9021,-4972,12841,10677,-11195,7744,10144,2800,-4747,19355,4788,-37,16847,7259,-8930,11176,8072,712,15450,2226,8464,10485,3463,11614,19366,-14888,4155,1712,5817,-6581
18261,-2765,-3476,9040,6234,-1166,19694,2957,2182,12648,-3507,10805,5967,-3698,5086,14741,674,-7868,10425,17843,-110,22971,18162,-1738,13947,10935,-2764,9107,-5042,9883,9081,-10800,9719,12642,36,-761,18158,4680,-6134,16809,8405,-5420,11629,5802,2329,15179,2940,3179,11792,3123,9700,20961,-11564,10073,-2435,4112,-6862,19459,2314,-4589,8405,25140,6109,23352,17806,4728,15127,3560,3943,10298,-4708,1775,7722,-13147,2199,13163,1515,-6695,19907,9002,1368,20235,3585,822,6665,3352,-1004,12681,-1315,-3644,15611,2107,4128,15763,-1061,5892,5649,1707,-1955,11385,3735,5798,8286,17760,2067,25121,19282,49,16256,5978,-1042,7623,1965,7287,17611,-18027,8698,1985,8605,-2468,20703,-30,3451,19180,10754,-3885,12068,-2035,-4508,14318,3573,-326,14956,4684,6976,15054,-7886,11407,4078,-9,-4672,15494,4569,-3003,12423,18753,1884,21545,20292,-5699,13931,1304,2218,5552,-3379,13874,16323,-12005,3668,11612,3946,-6099,14471,5903,-3467,19893,6681,-3230,9914,8985,2687,17236,-1481,8167,8034,3074,9244,17401,-13134,3665,6462,8180,-9075,18336,6794,1566,10496,24719,6154,15813,16175,2392
13326,-3308,11976,5431,-3897,6181,13036,865,-8816,12263,17584,-1055,22368,18270,677,12015,11692,-4923,11549,-5145,9463,7905,-11312,10934,11462,-1159,182,18237,5973,-7328,18685,8289,-7438,10456,5713,6248,15233,4197,3634,13057,2783,6464,18934,-11673,12551,-2201,3617,-5981,19748,3669,-9204,9706,22423,7433,23034,18504,7895,14988,5187,2731,9592,-4308,1809,9116,-12895,1329,13276,-198,-4519,18802,9268,-527,20576,2653,-111,6464,4725,2570,14502,-1819,-4893,14584,2769,1798,17048,-1811,7563,4148,2401,-284,9643,2423,2000,9520,17808,3038,25031,18907,2705,16991,8348,-4099,4883,722,3895,17953,-16767,11145,1931,7600,261,23493,-49,203,16147,10575,-1746,15554,-2850,-2877,10872,4379,-3457,15872,4398,3859,15752,-5479,16465,5247,-1514,-3630,12592,3426,-5788,13196,17853,584,22718,20416,-2456,12304,4249,-1878,7601,-4966,14249,15380,-11483,7397,9565,2480,-5732,16475,6017,-4068,19729,6262,-6447,9323,8248,5941,16478,107,5954,8979,3984,9648,19859,-13232,6771,2812,6584,-8785,17853,6045,-1835,8798,24661,7698,20373,17226,4521,17100,-1360,2638,10305,-3714,1230,10872,-10984,-677
12580,10773,-4407,16581,17942,712,17161,21468,-2767,15078,-4651,3168,2053,-6993,13821,16560,-8151,3264,18038,5174,-4568,12260,8061,-9585,16789,3093,-788,13157,9886,8493,17879,-840,2590,9231,-2743,12651,6170,-6383,2078,15832,5341,-11488,14313,14594,5701,15052,21436,7025,12874,14859,3966,15932,-4910,-783,8098,-10686,3339,14179,-5228,-2333,17683,6412,-4875,15400,5888,2806,12388,2175,1831,19342,1612,-696,12471,1893,-4382,7693,-735,7149,7649,614,5407,15061,1034,-3424,10130,12014,5986,17990,19361,1996,19459,18539,-465,9626,1859,193,9107,-10526,9353,12166,-7554,7499,17823,5182,-2468,16376,8769,-3624,18134,123,-2461,8138,5113,-1396,21289,1490,-2358,11989,-1436,13322,6531,-5196,9717,11400,-764,-10685,12824,15830,-414,19548,18239,396,15013,17742,-3859,13949,-5665,7945,3544,-9678,10489,13783,-5064,2284,19413,5004,-7519,15409,9194,-8466,13204,4869,1933,15037,7620,8556,16154,313,5644,12295,-8290,11690,519,-1751,-547,18390,3988,-10919,12259,19364,4290,19668,21232,6275,12720,11970,5000,13375,-5751,42,7024,-13660,1015,13818,-3735,-349,19054,8192,-4851,18094,4983,2406
13154,10137,-2288,10188,-5529,9691,9599,-14054,9237,8422,-85,-1395,19432,5002,-5059,19338,7855,-10182,9680,7506,8116,15863,2063,4846,12029,3485,4868,19778,-11597,12385,-1619,2972,-7410,18054,3638,-6123,8454,24317,5938,24561,21170,7899,14933,6267,3808,9988,-5393,1144,8014,-15480,-289,13709,-962,-2506,18391,10152,-1590,21305,2272,-1031,6369,4297,3055,14542,-1053,-3971,14655,2887,1246,15679,-2233,9211,3479,1297,-492,10593,2722,2058,9038,17906,371,25676,20305,3420,17581,12278,-1119,7124,461,2420,13986,-17809,11297,4173,2850,2805,23106,620,-3392,17932,11685,-5106,15812,-1848,1371,9946,4892,-1323,16341,4091,2222,17033,-6776,14806,3171,-3188,-1080,13262,2769,-7028,12014,20050,-2554,23851,20550,22,12080,9157,-253,9571,-6764,11201,12074,-12695,7513,9146,-405,-1305,17383,6368,-5469,21276,7602,-10050,9024,7903,8354,15291,1108,4232,11375,2750,6370,20287,-11138,11131,-1545,3570,-8673,17339,3998,-4638,8450,24368,7856,24593,19270,6775,13758,5466,3381,9932,-5654,1352,9108,-14513,-719,14397,-243,-2458,18045,10115,-1360,21003,2634,10,7541,3186,2463,13312,238,-4566
13128,-13794,5629,8995,1220,-1233,18577,6326,-4310,19738,7140,-8797,8434,6531,5787,15892,1677,5818,12207,3979,7209,19692,-11348,9699,-349,3420,-8527,17030,4654,-4109,9131,24108,8134,24595,19290,4496,14282,5404,4101,9351,-5133,3306,9729,-14481,-2197,14364,-409,-3406,17309,9999,553,20762,2691,263,7744,3596,122,13449,375,-1946,15133,2530,2732,15065,-2414,6065,3737,1010,-135,11104,3263,3715,9244,17682,565,25000,19514,-191,15997,11146,1024,6919,212,4446,13742,-17787,10338,7057,3813,1380,22934,1175,-2888,17674,11301,-3876,14932,-2183,-1359,10512,5837,759,16630,4411,5461,16412,-7145,10977,4053,-2281,-3205,13722,3040,-5142,10258,20625,-1626,24621,18493,-385,10997,9693,782,10189,-7954,11684,11123,-12281,4589,10208,-847,-2541,16791,7191,-1823,21103,6673,-9196,7798,8052,4110,15974,1189,6631,11980,3820,7637,19930,-11766,8397,-900,4221,-7856,18961,4596,-2461,8026,23391,6782,24301,19727,2826,15286,5287,5400,10882,-4089,3477,8157,-16245,-1110,14137,299,-3960,17842,8718,955,21266,3223,-1805,7382,3299,-171,13172,1174,-825,15295,1876,3588,14526,-2773,5630
19493,7377,-61,19965,7239,-11712,8847,6986,4866,14466,1476,9349,13087,3427,5349,19151,-11542,7607,516,3732,-7919,17992,5528,-631,8966,22849,6239,23862,19412,1839,14679,4284,6819,10100,-3633,3410,9490,-15653,-2803,13981,1307,-3646,18123,9031,3901,20779,2821,-3215,6949,3362,-2347,13632,821,2202,15475,3144,2272,14616,-3243,4019,3314,1121,1328,10871,3665,4132,10233,17160,-233,24795,20062,-2525,16705,10209,3529,5704,199,6103,16222,-18659,7110,3846,6436,980,23271,-383,1294,16150,11171,-6546,15421,-1964,-4400,10942,6290,5981,16708,5145,4085,16026,-8208,9395,3728,-1774,-3635,14850,3316,-3240,11756,19309,-1622,22089,21177,-3841,12814,6965,2944,9046,-6690,13961,13320,-13823,2476,8928,672,-6130,14527,4589,2339,20341,8721,-7983,11845,9047,-560,14081,67,12249,9964,3227,6309,20745,-12125,4506,842,6718,-6642,18835,3847,-432,5765,23111,8835,23971,19591,-284,15932,4410,3862,11884,-4031,7130,8612,-15189,-4704,12970,-10,-4441,16306,8363,6647,22498,3679,-4415,8925,3987,-1594,11583,971,829,14994,1845,2418,15250,-2570,5436,4637,2244,-901,11210,3101,6252
12154,9537,2094,15602,-3017,15270,6468,1734,3557,18265,-12234,3251,6250,9227,-6571,19436,6088,1104,7863,24239,6296,17730,20220,-3153,17515,-1242,10921,11451,-5801,2358,11233,-12918,-5417,15328,3003,687,12557,8819,1595,20927,1260,-2078,12668,4606,-2335,10844,-558,1890,9158,1322,3830,16638,-3198,2882,9228,3311,-37,11752,6157,5620,11343,18486,413,23873,23915,-5040,12263,2363,7916,7446,-3258,7841,18205,-18306,3576,7036,10354,356,14516,2612,443,19760,5001,-8370,10653,5081,-1140,20399,1447,6657,10751,3317,6632,11977,-10559,4177,7891,-14,-145,12111,10363,-5859,15802,18555,-61,20601,24328,-6574,13729,-4126,9022,351,-7340,12851,19227,-11834,-4443,15466,6327,-190,10652,6378,-2377,18305,7167,-7243,14051,9800,5611,16041,-2742,12044,7272,-3056,4754,12437,-8123,1887,11750,8309,-8309,15288,10935,6819,13689,22640,3947,15765,18095,-980,15667,-2900,9610,7235,-11433,3149,14091,-8551,-7919,18858,5489,1214,13690,7525,1474,14769,2318,-5796,17766,3447,2199,12624,1287,-976,6011,-864,6291,12017,-2722,1192,12893,3974,980,10607,9495,8109,14695,20326,-6303,25314,20803,1263
19866,-13482,5844,949,5782,-7909,19901,5556,-1944,8141,23245,7050,22584,21315,1230,18185,2672,6454,9650,-3638,6548,7505,-16380,-3096,12101,1905,-6551,18878,9409,4287,22695,3662,-2270,6069,4402,-2013,12922,-1220,29,15423,2145,2967,16181,-2626,5543,5163,1239,-780,10161,2714,4526,8087,20001,2116,25040,20140,-2294,15776,8242,1063,7743,-1401,10522,14709,-18301,6692,4700,8230,-4306,21054,2413,3747,19959,8755,-5194,11272,-101,-4346,14672,1842,3291,13431,5409,5947,16854,-10002,9031,3164,394,-5490,15713,4686,-2150,12645,20867,336,21913,21024,-4763,12100,3398,4265,7531,-7261,13783,15806,-13749,313,8965,4515,-4159,16878,6294,-193,18860,7655,-8563,11731,8796,4326,14741,-1683,10701,8679,1158,7732,17190,-13620,3549,7145,7426,-8265,17014,7753,1365,10228,25529,3875,17567,18886,1586,16963,-795,8528,12430,-7552,2273,9958,-12757,-2913,14631,5093,-4259,15177,9288,1588,20209,2543,575,12863,2419,-2658,8907,746,2303,10418,478,2174,15304,-2535,3154,11495,2061,516,10302,6915,3756,9427,20711,2187,23062,19935,-3893,11439,4108,4813,9348,-5655,10557,17025,-15935,3156
11855,20855,4426,21161,22729,1960,13094,12248,8025,12756,-6297,1924,5074,-14894,684,14636,-3930,-3413,19090,9808,-2461,19228,5144,2367,8418,4747,-1226,18672,-1093,-2006,13747,886,2159,9089,-2511,6082,4928,905,-288,14228,2448,1478,10561,14709,5688,20334,21417,-3198,20080,15110,1397,7129,2323,7647,10434,-17299,8681,7781,-2936,983,21481,3994,-729,18744,10910,-5316,16004,1461,-3532,9645,5252,617,19460,1149,7246,13538,-5834,6881,4334,-3659,2684,13867,1805,-5359,12414,17974,-1625,21490,20639,-2617,13956,14062,-635,12052,-6254,11779,5288,-13249,7166,12011,-3749,-2301,19305,7093,-5512,18346,9448,-5020,10574,6544,2062,14950,3851,7455,14702,63,9555,15343,-11102,6293,-777,901,-6026,18545,5312,-4967,10445,22952,4012,23738,20560,5607,11959,9212,5846,12268,-6484,3487,6219,-15222,-1457,14220,-2370,-3021,19062,10829,-808,20182,4211,852,8471,3965,-821,15504,-763,-3478,14604,743,4060,12383,-2243,5185,4230,1574,-835,11576,1888,3862,9020,16957,2744,24544,19237,-2724,16960,16295,1038,7569,-1191,7309,9825,-17198,9176,9801,666,845,22696,3776,-586,16926,10758,-7281
14500,5923,5948,9633,-5340,3092,9051,-16109,-3907,12829,276,-3306,18991,9599,2863,19947,3596,-1901,8287,3425,-564,13684,-454,-965,14124,1552,2302,15467,-3268,5144,3639,2727,106,10436,2649,5859,9141,18630,-251,26233,19423,-2196,16501,13671,2021,7147,-992,4731,12902,-18334,7132,4311,3162,4373,24202,1827,-59,15673,11748,-7991,17387,-2135,-2510,8957,5918,2491,16940,2880,5415,16368,-7883,9520,3400,-2210,529,13787,3443,-4030,11587,19680,-5346,23895,19277,-3345,11978,11193,4040,11003,-7399,13740,9249,-13997,3026,8766,-118,-2668,20805,7023,-1642,19026,8154,-10386,9643,7259,4608,13636,2485,10962,14350,1810,6546,17908,-11984,4801,-164,2096,-7040,16764,6522,-2428,10765,23749,5238,24441,19644,5432,13175,6530,6880,10544,-5813,3268,8514,-15738,-5246,14293,180,-1794,17972,9862,2205,20403,2904,-2350,7804,3795,-938,15207,678,305,14905,1448,3018,13192,-3713,3463,3068,2393,-120,12937,3810,6751,9876,16636,-847,23512,19310,-4283,16726,13918,5385,7442,-401,6039,12622,-18229,5199,7705,2525,4843,23309,1632,296,15734,11223,-10189,16166,-964,-2084,10491,6161,4084
8721,-15940,-4357,14253,-1172,-1322,17967,9932,2828,19777,2967,-2548,7864,3327,-1607,17449,336,1376,13752,2558,363,13346,-4069,3923,2226,2158,2021,12765,2707,4592,11053,16090,1164,22494,18959,-4169,17353,16712,5872,8156,-19,5549,10586,-16546,4007,9404,-2812,5357,22238,4971,2994,16616,9704,-12613,17297,-92,-2792,9687,5942,5715,18089,1587,3300,14717,-5779,8909,4462,-3518,2963,12051,2919,-4559,12644,18445,-4657,22510,18128,-3216,12752,16573,4371,13726,-7835,10193,5439,-12987,2906,11391,-3881,-477,19734,7083,-1905,17710,7490,-10603,10290,7012,2162,17170,5065,14153,14592,664,5940,13403,-9447,4127,932,-1077,-2719,16264,7832,-3395,13874,18863,1881,20507,21335,4087,12121,12100,9425,13808,-6212,5,8029,-14625,-3116,14115,-3120,699,17414,9738,428,18591,3729,-1998,9668,2879,-1393,19104,1252,1510,13656,2650,-829,9535,-3689,4340,4313,1319,1472,14025,3993,4556,13925,11741,3269,14568,19678,-6642,22464,18897,5926,8384,989,4124,11102,-15521,7734,9543,-4575,4137,20900,5206,258,14451,8347,-7449,17509,717,-7144,9999,7499,6596,21190,1548,5006,12295,-4409,8102
16760,8221,-883,17017,4631,-2345,13803,1092,113,17504,2629,2125,12414,2335,-1959,8529,-1116,2344,7604,723,6829,15590,3420,1691,12766,9065,-457,12095,17777,-963,19112,18958,3927,14335,2396,1808,9090,-8708,4918,13850,-12450,8890,13385,9945,-255,18687,4625,-4674,18205,3826,-6576,9947,4949,7767,20667,26,1711,9929,1054,4384,9394,-7092,8109,9774,2847,-5613,15125,11137,-7729,15425,17669,1052,15693,21178,3729,16677,-5497,4478,1760,-8310,6226,15902,-9331,3869,16975,7628,-1747,14529,5884,-11764,15613,5031,-270,14272,9870,12992,17564,-2235,2434,5066,-1572,4935,10178,-8167,3888,12751,10250,-8683,17541,10001,3691,11947,21997,4621,12975,16931,8447,20498,-5591,1736,7386,-9248,-3685,11047,-7586,1799,16908,7789,-774,17345,5597,-3659,15132,2300,623,16228,2790,3417,11516,1239,-2920,7483,-34,2387,10004,-635,7517,15294,3170,889,12260,7963,-236,11026,18286,-170,19021,19824,3388,15778,2779,1249,8267,-6461,5414,15835,-14954,9732,10320,10356,-1900,19461,3222,-4448,18149,5316,-6002,10352,4702,8056,20424,-245,749,9358,3074,4396,10463,-8259,8390,9800,2482,-4697
18547,1686,2517,13417,2935,915,9863,86,-4177,8792,1168,2631,14161,-452,8029,13756,2084,-76,10110,6781,942,9401,18692,1953,21947,20008,171,15482,2882,2104,8706,-4500,8241,15832,-16038,7655,8960,9814,-1462,19054,2742,-4989,19225,6942,-5211,11076,3291,4913,18678,195,396,8965,4260,7521,14092,-8879,7598,8326,1814,-5971,14936,8405,-7025,12618,19212,3739,19392,21027,434,13921,-2582,1356,4032,-7680,9469,18462,-10806,2908,13437,4834,-2752,12864,7587,-8813,20662,4416,55,10043,10434,9950,15762,-3302,4262,5603,2112,5807,15825,-10519,5724,9165,10132,-10697,17940,6860,710,8478,23287,7696,18580,17709,3847,18693,-3903,3607,9867,-5246,-1355,9654,-9723,4257,17768,3227,-4522,13183,9255,-2861,20982,1085,3328,12082,3849,-74,9825,-888,-3693,9551,1447,4021,15667,-299,7700,12354,2519,-1282,10074,6431,638,9424,18155,3721,22842,20049,-1260,14965,2151,2372,7566,-2924,8767,17835,-16593,6957,6951,10344,-1103,18725,2087,-4168,19589,7648,-4489,11549,3306,2638,17793,526,461,9237,4639,7941,15064,-8785,7408,7695,1516,-5086,15287,7317,-6943,11730,19229,3207
8668,512,-2841,8246,593,4755,15344,-417,5951,13340,1861,-1908,9551,8276,2626,11361,18606,3775,22072,19548,-2865,14153,1159,3013,7487,-3811,9849,18894,-15727,5107,6401,11641,-914,17547,1657,-2849,16582,6471,-4779,14292,1923,2332,16966,3315,599,11407,2759,9175,11685,-7710,6189,9385,1213,-5491,14103,8673,-5970,12803,17761,5033,20510,21616,-4852,13792,-4060,2986,2178,-6640,13118,19606,-9857,1178,15134,4588,-5476,10770,7558,-5392,18682,5495,554,13878,10543,7120,14619,-2909,4694,6738,-1813,8019,12815,-7697,3444,13411,9308,-13141,16013,9317,5295,11171,21238,10271,16050,17261,-1253,18682,-3778,4619,9994,-7589,2745,11025,-8370,-2092,17884,4336,-2085,12686,8439,-1653,17826,1838,2115,15313,2637,-205,9928,1204,-4425,8555,157,7225,13686,-447,4342,12001,4203,-3242,13014,6948,6767,10342,16548,-133,24339,20275,-1980,11215,1323,1606,7729,-4882,10376,17553,-14362,7818,9170,10367,-5077,16150,3732,640,17416,5347,-5138,12683,2984,1257,18661,2758,1857,11543,897,9452,10274,-6209,4940,10188,832,-6817,12966,9913,-4708,14652,18153,3649,20225,20544,-3778,12691,-5741,3013
6343,2260,631,14099,4813,-2156,11660,10662,7885,16685,21432,-1617,23875,9056,-791,3769,3945,4618,16484,-18851,11651,1761,4853,2121,23524,1114,-6162,16590,12033,-1007,14547,189,-71,9458,3533,1026,19350,4086,3675,14232,-4911,8595,5401,-2288,1172,14123,3073,-8183,13850,15188,-1142,19116,22361,5347,15439,4756,-8036,8180,-6127,11855,11559,-11475,11247,10901,870,-8703,14849,6361,-1817,20610,8610,-4079,11081,9922,3637,15131,-655,6224,9714,2536,6397,19885,-12482,7906,1785,6856,-7350,19880,5651,-5326,8458,21177,10192,22131,19173,5344,17373,894,-1738,12232,-4841,6003,6583,-11432,1344,14483,701,-6965,14573,10881,1292,23590,2144,992,6754,5264,935,13262,-1754,-4289,14701,1477,1172,14688,-544,9896,6325,3114,-3056,13258,4769,2677,10229,13943,6506,20208,22385,-4030,17327,1891,1625,7033,2479,7329,19769,-20114,11176,788,11203,-4102,18677,814,-254,19563,10356,-3805,12290,573,-2181,14879,2395,3738,14548,3218,4545,13021,-6854,8222,7140,362,-2851,13614,7423,-7221,14683,15277,6349,19087,23337,-5055,14688,-3172,1224,4480,-6274,11866,17391,-10569,4959,13900,4733,-7824
25644,20376,7545,16544,8019,-2693,7016,-712,5110,14732,-18564,9044,3443,8703,-536,21742,1386,1120,20391,10879,-6426,11548,838,2546,14549,1458,1702,13809,5313,-1448,16626,-8848,11675,3194,298,609,17127,2772,-8172,11072,19629,-593,21236,20941,2535,12912,3553,-2088,8332,-7216,10591,14811,-12797,7975,9897,3927,-2085,15613,6200,-5885,19765,8920,-9513,11816,10634,8173,15751,-1142,9999,8250,26,4454,16842,-14299,7807,6712,7975,-6916,18241,7276,-5364,10255,24928,3507,15959,18913,8415,17167,-1305,6489,13156,-8802,68,9278,-10682,-216,15435,4960,-2151,14237,8528,-5332,19481,3501,125,13825,3711,5510,9840,163,1407,10106,-983,-3723,13636,-1367,5890,13540,1978,3672,9510,8082,-3772,11016,20105,3719,22695,19541,3578,9889,2722,-149,9768,-7784,7798,16524,-12269,6663,8777,7870,2323,15307,5903,-4940,18582,4768,-8376,11185,5324,8007,20134,870,-96,11002,1228,2805,10938,-8115,10361,9665,-521,-2584,10700,12843,-10521,21197,18657,1649,16757,21317,1510,12184,-6367,2344,985,-9865,12268,18327,-8072,2927,16233,6840,-1288,15323,8105,-12891,14431,7928,-4299,14170,7379,15583
16239,-22139,9474,93,7696,-447,19333,69,1159,23474,12358,-8141,12090,1645,-676,13013,880,6658,13180,3662,727,17639,-10064,9458,2323,864,813,15206,4020,-7223,12673,19331,-4025,22192,25415,2173,13909,4082,3489,7080,-7002,10048,14794,-16998,5803,7187,3986,-3490,17757,4892,-4161,21055,9831,-11436,10517,9562,8140,14141,-2170,12297,8674,2405,4771,20255,-16247,5102,1396,8057,-4988,19814,5419,-4494,7413,28432,1581,21894,19289,9555,16223,1052,8806,11271,-8321,-4563,8345,-15045,-383,13339,3733,587,17948,8335,-3953,21041,4588,-2261,12369,3612,2949,7247,-1796,1033,12301,512,-1313,17459,-2745,6463,7704,3568,2808,10473,3023,-35,7191,22153,-1135,24591,21428,2062,13578,6338,4271,9412,-3550,4490,15526,-18949,9034,6334,8832,2642,18325,1515,-5025,21472,8977,-8920,11916,3541,2019,16173,1017,5614,10965,4296,3105,15696,-11597,9181,5469,1234,-427,15041,7078,-9476,12513,19222,-707,21235,26430,1287,14063,-194,4145,5409,-6609,9991,16462,-15719,3953,10516,3871,-2637,13094,6879,-10222,22313,7061,-5874,10546,10474,11589,15112,-3118,10487,6971,1858,2845,19097,-14615,5062
[row took 92161us]
23241,-101,-5815,17943,11133,-7136,15116,775,1371,12065,1046,1591,11070,3621,4117,16915,-9197,14490,6140,680,-2635,13435,5355,-10543,11740,20046,-2026,23499,23165,2103,12208,1747,4572,5840,-6697,9200,17530,-14150,5150,9477,4089,-1286,15862,5330,-11237,20738,7464,-6826,11168,10026,12589,12495,-1809,7582,9292,1617,3690,19801,-12354,8053,4069,7486,-8243,16486,6082,-5252,7830,25947,8101,22888,18586,7970,15822,604,6141,8001,-6433,-4203,10529,-12521,248,15927,2074,760,15157,7958,-4836,21277,3377,-808,10621,4158,4338,9151,-1089,-2090,13718,582,-945,17113,-789,7497,7751,2113,3714,8401,4266,-2275,9402,18215,-907,24931,20729,3867,16000,8568,-27,6312,-1477,4450,16390,-18557,11498,4454,7049,3835,23336,-336,-7763,18344,11336,-5638,15330,1320,1836,11246,2016,3518,12860,4043,3023,17772,-8415,12568,6135,16,-2519,12126,3725,-11324,11370,19966,-2260,24415,21223,5530,11880,6393,2643,7603,-8094,7692,14332,-12950,6311,10098,1775,-194,17347,6651,-10662,20469,6860,-7826,8328,8431,13031,15098,526,6923,11405,2925,752,19782,-12027,9705,705,4910,-5347,16857,5540,-7511
17031,649,955,8585,5244,-166,20277,796,1465,13567,-2924,14658,6199,-5525,1759,9552,2436,-9401,15262,16998,-683,18961,18797,210,13472,17865,-382,15156,-7578,8052,5048,-10995,9403,12650,-6473,-213,18222,7058,-8255,16897,9052,-8352,12368,4975,5988,15993,6843,8238,17001,-2118,4565,8798,-5367,11141,3552,-4669,-5164,15054,9385,-9129,16742,15838,8735,14894,22614,6264,11165,14203,4342,17993,-6595,-521,7528,-12700,1072,13955,-6766,-102,16363,9716,-4374,18107,4643,1388,12424,2442,1737,17392,1393,-2846,13738,2304,-530,7919,-1422,9098,7031,-1576,-1220,13133,4876,-30,15576,10298,6521,9475,20296,-4185,24821,20309,266,11630,1776,4417,8169,-11535,10404,13973,-13272,6038,14252,10905,-4939,17232,4551,-826,16972,2403,-5293,10250,4462,-520,22012,1649,6363,11123,638,10257,7659,-8161,2294,8310,2487,-6822,15691,12231,-4158,12876,20133,1038,19780,21076,-362,17030,-4391,8485,1830,-9593,8606,13155,-10333,-41,17958,5383,-6098,14427,10092,-5414,17841,3239,35,12397,7461,7725,17515,-3413,7981,4921,1548,6706,12000,-10503,-2033,10440,10940,-8385,17864,9117,6758,9824,24691,4901
10606,2349,6913,13483,4506,6710,17186,-7359,7509,5211,-812,-2305,13756,4556,-4966,11165,21108,-5168,24392,18760,-400,10470,7523,6932,6465,-7537,10644,14490,-13170,1225,11129,1485,105,18951,6982,-4496,18902,6703,-10026,9194,6715,6738,14338,1042,10866,12082,2406,5651,19475,-10172,2871,760,3098,-5617,15870,7015,-907,11576,23149,4368,23089,18697,5374,10644,6855,7054,8094,-6747,1640,11081,-13988,-6173,17123,-285,511,16985,10719,2098,18180,3000,-2871,9885,1166,-996,14680,267,143,14180,2336,1864,14089,-2368,4862,4252,2283,89,11964,3553,6165,11833,15254,193,20292,17690,-4924,16672,16621,5879,8045,-732,6003,11723,-14787,4119,11819,-2771,5695,21202,5178,1017,14780,10625,-11563,18375,-1955,-1837,8722,5986,5221,18094,1147,4594,14883,-4211,8248,5950,-4434,802,10916,3418,-4896,13904,18641,-4300,20667,16313,-2174,11276,17116,6591,13445,-8448,7926,7684,-11994,3255,12631,-3256,-1124,19987,7340,-1283,15176,7856,-11036,11329,3630,2531,15706,7041,13793,17562,-23,3969,10861,-6661,6089,5068,-4195,-3631,13784,9982,-4844,16068,16657,4882,16723,20365,4270,13231,14443,8145
9107,4622,5600,13971,-9824,8090,6484,3126,-5204,16781,7542,-7576,10208,19697,661,20959,21103,3381,13466,-1561,5057,4576,-7828,5198,17165,-10588,2385,13087,6465,104,15185,6549,-9466,19717,3596,-3439,11066,8978,12765,13662,-1961,5962,7378,1234,3110,17576,-10260,5711,7629,11108,-7783,18488,5689,-1082,6422,23387,7078,21831,17894,6028,17824,-2087,5040,8282,-5753,-4978,8420,-10736,2495,17977,4050,981,15762,8145,-4472,20829,1358,-494,10387,3616,3389,9754,-765,-2636,12263,1495,678,16007,-495,7084,9550,3642,2930,10786,4034,-1469,7140,17982,92,25430,18946,4463,15345,6663,296,7120,-3091,4445,14986,-15765,9635,6958,9150,2901,23029,-68,-5849,17924,8876,-5422,13819,1561,1586,13804,1057,3144,10719,5336,4316,17067,-8412,12464,6024,1332,-3689,15096,3893,-10448,8594,20365,-1019,24393,19994,4815,11177,2606,2031,6191,-8384,7636,15728,-10740,4938,12170,3771,-850,16179,6411,-9027,21254,5129,-7365,8099,9068,12014,13451,-1218,7131,9701,2761,2167,20368,-10792,10766,2792,7842,-8323,17315,5902,-5753,8742,23093,8504,23264,18499,6619,15743,56,5955,6848,-4462,-2539
5877,-2676,-698,12072,4636,-9180,13827,16757,-1186,20899,20459,2851,13073,8003,374,7894,-6832,7814,13761,-11858,7719,11303,220,-3017,14974,7098,-6071,20846,7008,-6638,9147,8918,8190,15222,-231,7346,12090,2509,2579,18934,-10827,8693,1710,4603,-5999,16293,5870,-8607,10490,20734,12062,23102,19231,8027,14006,5813,-776,10173,-5419,2645,8328,-13545,-792,15314,-927,-2544,16652,10899,-28,21906,3145,-448,7826,3832,2828,14177,-675,-3276,15576,2351,-182,13678,-1896,8381,3650,2223,-182,13198,5037,1025,11839,13026,4334,18758,21498,-1606,21490,9505,1467,4579,1775,2595,17150,-19244,10787,2750,5202,3948,24602,1113,-6258,15759,12013,-2105,15599,-1763,-19,7909,4207,583,18333,3587,3317,15048,-5287,11362,5656,-2670,-832,12417,4448,-8005,13610,16618,-1232,21462,21641,2965,13888,7239,-1946,8387,-6906,9821,12556,-12358,8804,10413,276,-4697,15189,6110,-4043,21370,7772,-6591,9613,9173,6137,14614,-305,6559,11549,2658,4066,19488,-11220,9433,1077,5759,-6763,17146,5307,-8054,9330,21286,12253,23533,18815,6423,14812,4777,-33,10352,-5825,4068,7952,-13249,-814,15190,412,-3236
12712,17054,5850,21478,23129,-5164,13819,-2140,2125,4425,-5711,13565,18641,-11374,2893,13364,4656,-6777,10633,6583,-4687,20767,7003,-1560,12115,10714,4527,15539,-3063,9698,7445,-467,3727,15600,-9013,7289,10734,8208,-11649,16612,8698,-797,9684,21750,12793,16809,17874,-609,18171,-3264,4828,11425,-8040,2540,9448,-8481,-2040,17868,3670,-3050,12781,9758,-1795,17972,1574,3409,14521,3428,686,10401,464,-4096,10688,-270,4505,13574,83,5029,12394,3725,-2940,12827,7461,4524,9968,17075,3410,23574,20468,-3063,10863,877,2013,9431,-4993,9011,16143,-12138,7515,9847,8470,-3434,15623,5453,-743,18188,3428,-3921,11273,4123,812,19155,1653,-714,12590,518,9717,10175,-5184,7431,10250,-421,-7750,13127,11421,-4873,14142,17662,3756,19535,19570,-3087,12149,-6347,1787,4200,-7992,17234,17033,-5263,-1936,16933,4841,-7319,13118,8924,-2721,16165,6462,-3826,13789,7432,11854,14397,-757,5136,13234,-7717,6857,5016,-888,3523,18143,4780,-13422,12498,16460,5171,17943,19341,9999,14370,12035,1448,12985,-4995,1036,8627,-12124,4158,14449,-2039,-4782,18485,7450,-4576,17165,6020,4292,9117,4024,1079
6185,-6635,7129,16840,-7429,6474,13266,6081,-1456,13768,6307,-11240,17607,5613,-827,12993,10807,8520,15717,-1107,5734,9473,-3527,6084,10999,-6148,5780,14993,5578,-7834,14366,13003,-4209,14959,17792,8739,12516,13855,7324,16968,-3761,531,11027,-8324,1318,12478,-2537,511,17182,4826,-6835,13037,7748,-138,15758,1979,3403,17658,3416,4215,10901,274,-4483,8265,-1639,-1362,11551,3494,7191,15791,2887,2339,10460,9177,1270,15666,15537,525,18822,13813,5946,8107,2104,-2641,16166,-9498,8253,8082,-217,9052,18233,2243,-2949,13491,11439,-6207,18735,713,-1590,8902,4232,6202,18684,1915,-1171,14137,-2055,4904,7802,-987,8505,12795,695,-8726,12238,13571,-5210,22140,16536,4724,12099,8760,251,8804,-6352,3179,9918,-7598,10181,14662,1894,1615,15561,5390,-7473,16043,7091,-7924,11878,6554,7519,15661,4416,6293,11846,2633,5606,19413,-11991,6323,-498,6322,-2628,21139,2791,-7494,11148,23039,3068,21554,14071,10251,14658,2535,5208,10726,-4921,-2365,10398,-9026,1309,14178,3777,-2935,17113,7174,-1653,18281,2467,115,7781,5628,3268,15145,-466,55,13537,-83,-2457,14112,-1499,3773
16617,6485,-6504,10381,8185,2795,16914,2954,8020,10223,4170,8538,20650,-13280,2313,-747,7024,-3582,21242,3159,-2452,10262,22436,2300,20316,14327,7044,17172,1043,7028,10453,-3595,-1248,9799,-10435,-1414,13074,3779,-2895,19081,8534,1439,19212,1302,-466,6781,5625,-904,13132,-488,1674,13473,1383,497,15581,-1389,2133,9164,4650,2048,11002,4068,5439,9722,14839,-930,22075,18034,-503,17273,1840,7211,8325,999,3267,14651,-13133,6200,8155,9129,-729,17627,3599,529,22304,5023,-7278,7184,3642,2813,19191,2875,7081,13206,2976,465,11740,-6825,2622,8601,1307,2256,14601,7339,-4776,14046,14924,813,17970,18604,-3595,13718,-1416,6249,7150,-6337,6631,15736,-7022,1890,16051,4973,1529,10971,6401,-6497,16731,4898,-5568,12982,10766,8011,16815,882,8667,9935,-2008,4793,11087,-7511,870,12771,4467,-3437,15124,15166,198,17911,17553,3130,12107,14732,6684,14439,-5498,5334,11017,-9918,-359,13669,-2588,-4794,18239,5919,-1236,11664,6358,1253,13318,1046,-2238,19310,3195,1711,11145,2285,735,8026,-2664,1901,8598,3344,2568,16734,2053,2141,8853,12008,4984,19184,15545,-4117
8146,187,7423,14026,-11662,299,9923,7203,-8009,17253,11499,3519,13744,21498,4832,13045,15902,2532,17913,-5157,7902,9855,-6247,90,14157,-8016,-4101,15342,6233,-1188,13322,6809,335,16856,1342,418,16387,3523,-991,10217,1046,-384,7665,-696,3438,12374,347,630,15467,4672,2985,11787,7775,6587,11025,17473,-2118,20631,16995,-1808,9920,1000,4855,11666,-6136,8903,15047,-8271,2539,13144,7129,1696,14214,7473,-1689,20791,772,-7422,8878,5998,2324,19801,842,1887,11324,526,9900,10467,-5061,2875,10800,616,-5606,12345,13387,-550,20076,16529,-2512,14287,16090,-780,11474,-6376,7998,4362,-7955,11087,16504,-4367,-1907,17692,6443,-5326,14865,7408,-4732,12664,5822,-1622,14989,6630,10122,15688,1553,7247,14309,-8333,7618,2133,-944,-3557,17871,4360,-8522,12899,20840,5482,21843,18592,5272,14221,7933,6089,9938,-5267,2742,8597,-11863,-337,14890,-331,-3858,18982,8919,-2637,17305,3761,4161,7705,3807,-124,18070,-1072,-1199,13836,1988,1630,12108,-2236,4992,5496,3968,-1607,12416,2520,418,9486,15229,6730,24239,17875,644,16342,11058,-1751,5912,1130,5768,14709,-15293,7971
15531,10621,2934,13742,21325,7880,13856,13820,2775,18360,-4834,3609,9655,-6493,411,12729,-6376,-328,15637,5481,-4071,13811,7170,615,16484,1675,2732,17114,3294,-1576,10200,1329,-3212,8669,-916,4934,12740,1035,2176,14180,5180,1041,13193,6346,6977,9585,16495,-2284,24162,17046,-726,9192,1966,1322,12293,-6456,11131,12313,-9083,5999,13688,7988,-4715,15343,5984,1690,18663,3390,-5004,11045,3405,1949,18342,2668,-299,13307,-61,10968,9040,-2628,3596,11967,-1212,-7073,11490,12034,-1322,18075,17166,1887,16612,15680,-787,11955,-4636,3039,5097,-7958,13968,15360,-5393,-1007,16470,5524,-9362,15313,8946,-1934,13865,5935,1231,15492,5700,7576,13558,621,7037,14493,-6759,6553,1895,-54,-1774,19354,3577,-7568,12094,19798,4190,21922,17528,6932,12135,9758,4692,12807,-5480,-954,8004,-9834,1475,16124,-1153,-1066,17625,8476,-4914,16811,4012,4581,8580,2877,624,18766,-1259,-2841,13057,2693,461,10613,-1884,5609,5969,3705,2574,13062,1598,-2000,10205,13106,4843,22780,17537,2095,16936,13001,-2545,6558,1239,4393,13552,-14123,11910,6570,2401,2092,22599,3132,-5380,17390,11276,-1863
19200,-4397,3518,9956,-5304,-1627,10305,-8673,1397,16110,5094,-3014,14900,8547,-2859,18873,1609,5467,13580,2690,-500,9582,-48,-3294,10867,509,2315,14173,1347,5233,14110,2591,290,9915,6555,1532,11022,16565,4467,20088,18271,-2204,15315,1829,752,10342,-2060,7861,14439,-12729,8926,9006,8779,-2964,18846,4662,-2678,19447,5316,-1986,10279,1902,3179,17913,1082,-878,12100,2694,6531,11593,-4580,7546,10719,-160,-5384,12718,9553,-6418,15272,16573,3155,16992,17755,-879,13707,-4220,848,4850,-6644,11707,16304,-5138,4751,16573,4737,-5497,12496,8028,-9053,17765,4147,2156,12946,9540,9147,15956,-643,3270,9807,-4091,9135,7929,-3435,741,16771,5147,-10385,14125,14669,3761,16787,17164,8440,13346,12598,5707,16058,-5155,-2812,10912,-8634,3042,12018,-1566,-6,17447,4962,-8591,14594,7410,4950,13795,2458,2682,18169,364,-354,10294,1741,-4850,9919,-956,3895,8273,5367,6251,16840,1402,-2317,10714,9907,5051,16982,14226,2457,16672,14163,-53,9953,1394,1258,15052,-8735,9323,9326,-2747,6982,18151,5089,-4453,16287,10607,-3806,18028,758,249,8792,2973,2540,18832,2466,241
16397,4121,-3579,12819,8288,-3567,20008,2437,5875,11585,5162,-634,11773,-826,713,10554,204,-1556,15210,2190,3928,13158,5458,4145,11869,4586,-1503,10361,11796,4970,18564,16373,-501,16377,-644,1142,11476,-325,5870,11845,-7246,9252,11684,6586,-1403,16311,6416,-4157,21908,3947,-1663,8455,5150,5215,18592,-672,-647,12650,2189,3841,11570,-1033,7266,11145,144,-6311,13982,8162,-5085,15729,13641,4914,13315,12520,433,11216,-4827,-99,10127,-5512,7527,14826,1832,5193,14158,4633,-5192,14791,5699,-5957,16157,5888,842,13864,7880,11340,13397,3087,2237,15948,-8047,6489,2499,2855,3255,19605,1788,-7757,13096,18050,-1943,21191,11517,8496,10353,6502,7899,12526,-4744,-3093,13944,-7457,1087,12606,4671,1779,16353,5115,-6088,15145,4643,1384,10844,4960,3454,18478,1445,586,11437,1480,-1384,12645,-3334,2733,6475,8347,3560,15502,3576,-1306,12628,8915,2231,17903,12290,3996,16680,5142,76,4208,3658,2727,21180,-12097,7636,4863,10657,3866,24057,-322,-1690,14567,12821,-5232,14914,-889,2698,12239,2581,4422,15046,2838,637,15258,-1821,6278,8706,2923,-1351,14077,3141,-6417
15748,-275,3554,10129,-797,299,11997,4968,295,16222,5700,2137,11355,7810,4704,14940,5006,1691,13149,11037,-1859,13209,-258,7099,16587,-1451,2942,10363,4782,3999,15121,609,230,13994,11141,810,21657,-444,-2925,6500,3517,1578,17934,3012,2903,16729,-63,4602,6967,1943,-488,12962,1980,-1160,16203,9545,-22,17096,7522,159,11804,3194,-3006,8149,-839,3877,14992,-1524,9575,13483,6289,-5875,12207,3433,2554,14791,4865,1385,14223,7470,766,18573,3987,464,7502,4038,11170,19196,-6267,2769,7610,6910,-4935,16850,3434,1866,16811,13211,2371,11254,6428,2805,16741,133,-1981,14550,-1451,6855,11424,-858,913,14612,4037,-4557,15676,6702,969,13263,3067,4956,12342,4450,-3546,14211,1389,1246,12070,-2054,3728,9921,7364,1207,18144,4132,-2678,11801,8371,3308,14972,6160,6887,13763,7635,-4469,8652,1457,3892,20334,-4399,9856,8907,7487,-77,17116,10,-2050,14042,11589,4387,19713,626,59,9778,1933,-2366,16061,3173,1266,15734,339,7859,8740,1116,-805,11592,3647,-5491,17155,8353,3686,14919,10557,2353,16049,151,-5026,7781,-851,5306,12637,1439,6461
13329,6113,-790,12426,4126,3096,18265,-2795,7559,10286,8805,-2569,16460,-953,2666,13716,12258,5635,19061,746,-468,11366,904,-1979,12701,1261,2119,15670,477,3422,12985,3928,-2150,11956,4637,-181,16963,4961,4443,11789,5226,-2592,14350,1321,-3500,12300,1985,7062,10868,4435,3476,14719,4800,-2002,13516,6175,405,14350,3055,6646,11380,4941,-1807,14888,4234,-1384,18101,-2396,11913,8328,7141,3082,17070,-784,-5623,13529,11917,4282,19266,2408,4046,10533,1229,-1575,12620,1648,-1730,16891,1399,8461,12915,3295,-1820,9406,4712,-5037,18260,4217,4573,12248,6795,3189,15897,-197,-4615,11671,870,2621,11704,3852,5604,14524,4946,243,13116,6083,-3893,12677,3596,6645,11410,5985,6532,15525,4791,-5442,18926,-1838,7194,5936,7938,7679,19888,-783,-4509,12439,13358,-2102,20445,-385,8890,6956,2151,103,15555,1121,-4737,16591,1055,4811,12946,3182,1097,9738,4491,-2254,18864,5196,1058,12741,5849,2152,14376,-93,2159,10962,1187,-2057,11359,5638,766,15743,5245,6956,11987,5222,-2518,12034,4674,887,14385,4307,6813,13834,5153,-722,18748,-3214,3690,6624,7912,5305
14857,-701,419,12467,4476,3336,15585,2667,-1536,12049,5254,910,13606,2383,-1144,10151,2863,2176,13766,1850,3531,15047,1370,-837,9407,8622,789,17289,3163,3648,15257,7235,-2995,10647,3311,5702,16740,1767,3305,10781,7256,1511,17251,-2044,4890,10882,7621,666,15052,2555,-166,17587,7829,4382,13821,982,4358,13518,1590,-4994,16442,-11,2850,10258,6348,2435,15614,1552,-3829,14546,4061,2774,12584,2693,2827,10442,3078,-5774,13924,2601,3449,13596,1461,3861,9994,7040,1729,15037,4504,-79,16825,5972,3533,10951,5945,3001,17095,2212,-701,14041,4032,1489,11133,1635,11168,16400,2821,-2697,12143,8704,-3508,19541,2638,10194,9597,1900,-566,15320,914,-6489,17398,-9,9934,9825,6833,-10,13965,1176,-4929,17072,5596,-1789,13697,4780,7578,11789,1327,-1821,11382,1660,73,12965,2912,2462,12074,6903,5507,12843,4649,-6561,15487,3683,4118,11386,4812,9351,14504,4588,-2484,19374,138,1051,7711,7966,9910,19568,-961,-2960,11839,11154,-1835,19246,161,7266,9716,3774,1372,15917,83,-3110,15292,1740,1823,13114,3442,541,9619,5213,-1111,18331,3111,246
14507,4934,2047,15910,3583,-6502,9209,9718,2873,19308,8328,5339,16987,1441,2479,6156,-6783,8984,13936,-4691,-3968,8290,17127,1497,23641,18022,2075,12890,11218,-1964,8595,-3189,4065,12780,-11568,8078,11505,-1232,-3773,18449,5878,-97,16249,5838,-114,10664,3776,-7420,12824,2493,-948,16788,-386,8555,8236,-3267,4634,9413,-2214,435,6993,9020,-804,17314,19146,-871,22075,20086,5774,12465,2884,-3295,9631,-8498,12262,8501,-6205,10749,21349,1638,-9994,12222,16158,1221,23629,-2818,2486,5017,6820,-9201,20394,-1976,4796,15772,1810,9688,6667,-3952,294,10362,-2388,-3577,14832,16455,1218,20153,21626,-2616,14624,2666,-3855,5793,-5389,7228,8532,-7450,12608,15237,1760,1690,11607,6444,-6489,17880,6271,-8639,11605,10663,6028,18207,6083,541,17378,-5520,11681,4078,-3033,10841,17421,-10513,-5921,5385,22931,-9518,23867,22330,6455,18244,10883,3927,4789,1263,1106,12948,-16587,10029,6490,-3349,-2753,20633,4742,-4754,17760,8011,-2518,10702,9626,-7430,13932,717,7274,16394,-4039,5616,7772,-3594,1946,12377,-3620,3879,5117,10629,-3270,17652,19794,-7414,21667,23926,13887,13100,3180,2232
11342,22943,39,18011,27137,5064,18724,723,1962,9927,-7662,9577,7548,-17160,1471,14502,1708,-3672,15031,12163,-2286,20264,5381,-8772,7266,9278,2898,18456,-4748,5982,11144,-3760,628,5144,-2774,9461,18413,-3135,-2247,328,22198,-11240,26363,23814,9761,20000,15512,7254,8396,2567,-1745,14367,-25728,16001,-13,4230,-2340,20064,-1753,-2006,21797,18751,234,17554,4925,-7711,13775,-1284,5370,10505,677,4028,17221,-6273,832,3787,-2409,8353,9746,3282,-4279,18937,18013,-7627,19921,27589,-333,17256,4204,4240,5036,-10982,7237,5075,-12244,9942,17900,-4526,4345,9854,14934,-12198,23326,7582,-9216,10221,14406,3492,15913,1591,9419,17710,-8473,9567,4563,-4603,6591,16338,-9739,-2633,83,21611,-6435,27323,28198,-3227,21368,15295,9842,4794,2206,8332,13276,-26342,3190,3308,-5630,-1825,18753,2351,107,22833,14285,-10571,9155,13952,-8833,19304,-5795,8938,5695,3062,6005,17280,-12546,5723,2954,2013,-694,11975,2720,-1308,9312,25344,-2097,29852,28613,5114,14944,10455,2838,6507,-8426,10898,8922,-23662,7016,10275,467,-8390,13702,11604,7066,29082,7604,-8830,4614,10460,-10013,21324,-5394,11137
20056,3141,-9944,19736,17255,-1371,16150,6895,25,14668,732,383,12696,-2901,212,14492,-7948,9170,2968,2911,3284,14778,-3885,-4726,2356,21211,1957,25167,22907,3779,20815,19140,-756,6539,463,4525,11260,-18702,13896,2184,-2551,3248,20664,-2666,-4682,19799,19387,-4914,23738,-378,-1263,6389,3590,-2286,15540,-575,2455,18739,-5968,12307,3578,-2497,6638,14317,-1127,-9187,9554,20824,-4356,25102,23967,2631,14939,12972,-5842,6359,-5220,11698,9427,-17454,14029,10669,-3714,-1630,15246,6300,-7568,21061,12223,-7902,13185,11142,4545,16687,-3749,2743,4734,968,9970,22539,-17233,10505,-560,7005,-3683,21445,1278,-7264,4713,29378,3986,22800,16854,6638,17384,5378,2451,9227,-8868,2803,3109,-14262,1810,16744,4685,-574,19941,11708,-5243,19076,4638,1708,8700,2435,-1401,14959,-6142,-812,11285,-309,544,15180,-2652,10286,10217,3177,55,9039,1828,-2614,8350,18238,3824,21461,17701,1320,17948,3526,-1718,7657,1459,7108,12552,-13030,10262,8309,9423,2808,23417,5170,-4841,20493,7673,-4370,8756,854,204,19538,-990,-2487,14104,348,6816,11168,-4672,14038,9814,-3781,-5047,15028,6928,-9668
11005,450,-1404,13953,-445,842,11483,9840,3308,14460,3604,1053,12874,5922,825,13410,6097,2392,15255,1766,660,6442,6247,4717,22767,-5605,3462,3655,10124,986,20193,-452,6047,15727,14328,-2839,17651,-369,816,10540,1767,2421,17473,1967,-1399,13796,374,4840,12277,4917,1922,14053,6450,-3503,17053,4217,135,10210,6028,-365,15742,-66,1438,8377,2540,6047,13220,2660,164,16159,5517,2010,9502,6108,-2740,15668,1901,3603,11882,7607,1011,16383,12,5447,13898,639,7188,10718,2637,-1311,17016,3742,2360,13921,11858,75,20846,6023,2070,7724,1556,3109,16376,1227,813,15863,381,915,9769,4981,796,14463,3557,-3643,17134,5391,2504,10215,4289,3358,14102,-752,-4106,10752,1610,3891,15205,-655,4221,10013,8913,-2006,14005,3430,696,15707,6599,5673,14663,6936,3124,16238,1320,-3090,7055,5726,7003,22015,-3168,5090,7598,10749,-3052,16402,1284,4215,16925,11897,1583,15601,-604,2344,12067,423,-2858,16267,-407,3245,12793,1514,1230,13546,4813,-1990,13749,4643,1433,13422,3355,5096,11558,3296,-2978,14910,1051,-3101,11513,928,5810,11905,7172,4639
17894,3809,2295,7307,5106,5364,16694,-3780,3455,12044,7037,-46,14436,2614,1154,16678,10047,-40,14435,3902,2613,15435,-254,-511,15120,909,3902,10890,3134,154,14417,3171,-758,15452,7536,1308,15050,2522,-1297,8171,2768,966,14775,1966,2638,14608,1164,1660,9510,6548,2150,15367,2936,-1221,13380,7949,-369,15298,5325,5266,15282,5249,391,5552,3007,5433,18229,-4032,9066,12933,6606,-3253,15989,2242,400,13478,10935,1633,17115,1222,815,12995,2091,-1942,16844,2817,7084,11637,3270,1542,13485,-1490,-3016,14032,6028,-209,14890,6586,3329,8093,8497,-2037,14778,-2148,848,12918,-2234,4924,10347,6748,4798,15908,4844,-5890,15146,5700,-720,12951,2836,5493,13477,5084,1129,10039,7269,4027,17661,-6425,9560,7082,6310,1046,17346,-963,-6974,12024,16222,3808,17082,8167,6061,17339,-878,-2828,8038,-963,3287,13038,704,3374,16439,4601,-2488,14911,4664,-2909,13993,2332,1612,7278,5555,3495,16763,3203,272,15879,-1499,-1039,7327,2775,6001,14498,3227,-786,14887,9065,-2548,14255,7010,6353,13706,9410,4440,7095,2565,-2807,17276,-6413,10127,12248,6890,3394
[row took 89640us]
8335,-571,7870,12065,-8491,7995,12697,1382,-6448,15038,5257,-4369,18089,3875,18,5621,8527,-1662,17476,818,4881,15175,-1906,-295,9569,-2855,7057,12626,1654,530,13472,12776,-6880,15786,12137,3712,14365,16033,9245,9074,960,-2488,13727,-9238,10412,8117,2220,4998,21836,22,-6889,11849,15214,-322,22801,175,3846,9351,5922,156,16726,-3025,3980,13218,-816,-1174,9570,-3455,1689,10184,3511,-1188,16367,12276,1187,12549,18865,-151,15512,-1568,-972,9447,-5016,2672,10841,439,7496,17731,3627,2874,13186,5014,167,12274,3866,-10323,14830,9494,5273,16287,7922,3293,14594,-9045,9362,4087,-680,5026,18700,-6089,-4556,9281,21574,2678,20006,17715,-530,18808,3989,-1522,7501,-390,11097,11928,-10872,3850,12129,-236,-6023,14928,5884,1746,18849,4052,-3083,6826,9077,-8145,16797,1402,6624,15315,-1533,6356,10099,-3376,2874,11859,907,-767,12802,12070,-497,15178,13809,170,18044,17953,4703,10118,1190,913,13102,-9669,14409,7502,-638,407,21544,472,-8018,11979,15789,6358,23230,-1833,986,6555,5135,-6691,17334,-2085,8118,14360,477,3594,8641,-3786,-3004,10247,1412,-1191
7867,-4421,1008,9291,-1455,-964,15134,7069,-1588,9845,16152,-268,18786,20869,6092,15396,1724,1455,13774,-5503,12544,8082,-5145,6530,17326,2858,-11091,10738,13247,3047,24371,-1230,146,4524,7743,-4763,20821,-682,7357,15628,1687,7933,8203,-4133,-5980,10648,-2144,-994,13906,12620,3347,21621,19881,1024,14756,3333,-5971,6010,-223,5202,8564,-9019,9584,15220,2731,3170,13769,4990,-6944,16053,7674,-3492,11683,10852,4391,19932,7631,-162,13933,-2676,10304,7788,-6576,11943,13988,-5986,-7010,11974,14078,-7916,20073,15628,8255,10106,15905,1655,11093,-1519,532,14348,-5761,9780,13880,-6258,1029,11228,5363,-8427,17300,7455,-3368,13966,6324,1025,13953,3701,1710,15367,-1189,3233,9214,-4163,2973,5990,-942,3093,17516,3350,-2659,6965,15473,-3702,20573,22666,8533,21697,3402,4382,8846,662,1143,9887,-12095,13671,10664,6541,-5432,12551,5492,-4166,22996,5488,2424,8890,5327,1603,19235,1646,607,16696,534,2459,10320,-2002,3147,9691,-3325,68,13193,10009,-3690,20587,15334,-535,11370,8485,997,8721,962,1745,12084,-8144,5773,7961,2998,7486,20742,1815,3129,11883,9021,-12647
7565,444,5648,18970,-1941,-7953,9627,17832,919,26107,-2422,3386,4148,7448,458,17838,-3154,-2510,14620,1373,3950,9285,-3086,3178,10036,-579,-328,14397,12395,-248,19187,19111,1637,17926,3277,-4032,5635,-1923,5,9438,-6555,11692,13227,3661,6677,16366,1444,-5486,12693,6341,-7194,15062,10812,3777,15987,8244,2519,16786,-4914,8149,6103,-4513,9325,15525,-4310,-1083,11347,16064,-6073,21603,15724,643,10898,14718,2491,10117,-1885,5948,14438,-9187,3047,14499,-6344,2770,11111,5820,-592,16501,5131,-6378,11934,7385,-4285,17085,2050,3571,13368,862,3238,10147,-5649,4103,5830,1601,1583,17457,2948,-268,6193,17216,-1652,22764,20036,4271,21645,5353,3468,5635,672,6778,10989,-14447,6070,9957,8749,-5194,16730,4100,6221,21400,6250,-2627,8805,2044,-3600,18145,937,5327,17526,1759,850,10496,-3015,2506,7624,-4708,1665,13858,10394,84,18799,11828,-3159,10775,16096,-2948,12517,-232,4051,12204,-5337,7738,11546,-690,7590,16782,724,-3233,10922,10006,-5480,18305,5787,-3147,15473,9687,864,11249,2935,12764,16551,-10216,8935,5338,220,-5001,16333,-2812,-1042,9981,23312,-311
11969,-2029,890,7072,-1684,3889,13189,5699,-1262,16035,10971,-2147,14909,18991,-126,17768,1070,159,9412,-2448,1686,8587,-4231,11569,15056,1409,2797,12705,6626,-7447,18067,5514,-4808,13543,9951,6429,12173,5005,2700,17828,-8011,11566,5421,-402,4266,15720,-5848,-2805,10596,19365,-6471,23223,16466,484,12942,11765,8268,8932,-344,3640,12695,-10000,3316,13262,-5035,82,14808,8534,-4317,19564,6150,-2357,7873,7030,-2154,18634,-44,5965,15655,1345,2110,9314,-4460,-103,5537,1236,2538,13938,5122,480,9299,14146,1372,21957,19157,2060,21053,3680,2820,6659,1624,7781,11979,-13349,3350,8014,7699,-2025,15041,5063,5433,23015,6955,-4149,10353,3208,-2795,17212,516,6253,15365,2138,2076,12331,-2369,1196,9176,-1901,2325,13546,8351,-729,17584,12229,-1469,11508,14136,-1314,12271,803,23,11892,-6284,9105,11024,556,6536,16813,1968,-2142,13230,7290,-4802,15277,5556,-3956,15520,8089,700,12572,4213,10309,17811,-9791,11257,2661,1520,-2983,16590,-3152,-4461,11429,23697,4260,21997,14064,-2098,15968,6270,5814,7735,-1535,5249,11862,-11708,4547,11726,528,-7725,16673,7564,-2384
6804,-2147,-491,11713,-6476,11544,13852,2473,3130,16324,2036,-4232,12836,7918,-7329,14714,9824,4212,17927,5899,5521,10868,1054,7031,15496,-10349,7166,6952,2989,-3266,17212,3730,-2953,12512,20279,-3847,12544,14839,8792,19401,317,5428,13218,-4335,568,10297,-8322,1454,10945,4409,-1335,19452,6142,-3402,14965,4403,-818,10312,4663,3080,13651,1850,2428,12535,-2702,-3671,8107,2378,5982,18654,1422,2018,8141,11473,-1266,15411,13075,3617,17882,14004,4641,8193,2019,269,18158,-9045,7356,7754,1227,3113,19700,-137,159,12961,15002,-653,23452,-1422,-4180,5592,5097,4746,18513,647,2794,15158,499,2006,6231,-2127,1976,10960,-338,619,15302,12731,-3602,20745,17160,-20,15513,6112,-986,5647,-2033,6972,12468,-8632,6349,12511,2704,465,14828,3720,532,15064,7252,-8146,14351,10002,-989,15440,4936,8583,12231,-198,9521,15600,-7482,3665,9620,856,-3663,14784,7590,-877,13478,17046,1148,11667,16505,815,18705,616,6212,14153,-6226,6164,9678,-6811,-1679,12964,4124,-3419,17643,8443,-735,15716,1963,-194,11153,4586,-375,13705,1487,3345,10816,-2995,969,7252,1942,3046
12415,10598,4008,15933,3253,705,11336,1237,11174,15099,-9170,8898,8914,1935,-6568,17421,7940,-2503,11669,19267,2246,11107,18481,5358,18623,-3515,2364,11970,-6145,1793,9776,-9406,5241,12868,5718,-6219,18992,7166,-3770,16153,3870,2969,12956,4658,-336,13162,476,76,9110,-3429,2340,7893,2552,7866,18921,1135,-4413,6843,12382,-542,18761,15574,6805,19405,16260,2410,8294,867,226,15321,-9994,11421,8326,-1411,1800,19692,-220,-3879,14369,15513,63,22293,-2219,-569,5285,5229,3995,19684,584,-2710,15801,835,4816,5701,-3366,5907,12109,-730,-4258,13359,15132,-3545,21738,17428,4126,13274,8584,-5030,7103,-4113,4724,10754,-8964,12006,15052,2639,2835,17976,2357,-4779,13570,7598,-10142,13303,9336,4289,15512,5391,6023,11543,778,8517,15627,-11617,8065,5898,2786,-4867,19593,5499,-3588,11185,22458,-2212,13927,18327,9462,20647,-907,6149,11238,-5839,842,7567,-11660,1577,12882,5899,-4051,20153,6591,-3552,16334,4118,579,12543,5223,1733,13295,986,2214,10338,-3003,-1832,9382,1400,5946,17407,1684,1121,8255,10079,-1468,13873,14926,3695,21100,18159,4557,10886,2615,2395
17261,-880,-3864,11408,24777,2640,22621,17703,411,14923,5823,5705,7559,-3465,6433,10291,-13974,1828,13290,1288,-6234,19033,8542,-1105,16861,3820,1773,6939,4867,-3909,18756,894,815,13491,540,7433,11461,-3291,542,9223,3797,-1544,11401,5303,3096,8318,15084,4757,24507,18741,-1516,18383,3899,1010,6069,1171,11491,14592,-14532,3329,9385,9188,-3093,18348,2168,4949,20029,7592,-4334,10401,845,-2381,17696,3812,3176,15970,2921,3948,10035,-5180,6811,8851,-1433,-2326,15149,7857,-2451,13426,15466,1729,15485,17567,-7781,15380,-834,2902,7483,-6220,12173,12986,-5244,7146,15083,3203,-6291,14482,7373,-3643,16143,5869,-2986,13306,9361,3239,14869,3023,7384,15719,-5997,12531,3879,-3430,747,16086,-2074,-9215,13072,20646,118,21020,18300,5112,11231,12136,5489,11030,-3982,2264,12376,-12005,6082,12399,-3273,-5060,16368,7593,-6267,17316,5757,2168,8848,5379,-67,19121,-33,277,13740,613,925,9837,-2723,6854,7381,3081,-1824,13293,4708,-1809,11443,12987,6298,21145,19419,1703,20199,6849,-1626,2137,3609,8412,18836,-15934,8869,3876,7090,-2071,23559,285,447,16544,12888,-2993
12316,-6469,4413,6010,-10111,-1864,15250,3034,-2114,16590,8742,-2077,16987,3547,-170,12517,5589,2213,13445,322,229,11287,-2842,-2242,12358,1445,7153,13650,3883,-23,11668,8747,314,11743,11855,4566,18929,19133,653,12847,578,4571,14838,-4413,2813,10283,-5803,10033,14263,2918,-2132,15551,10398,-3499,22891,2016,-3574,6404,4481,5246,18234,1885,-106,16069,-586,3800,7272,-2158,5810,11463,-1034,-2002,15842,12493,-5677,18366,15072,1842,10955,11799,-1363,9771,-3711,2455,11873,-7393,14413,13243,-1267,-2912,14306,3327,257,16317,8249,-6910,14369,9816,-2111,15542,4695,8973,9740,3344,10165,19821,-11858,2884,1975,3136,315,18568,1398,-4789,11419,22072,-1271,20018,15677,5762,17322,4660,5955,11831,-5180,5759,7000,-10063,-2962,15041,1503,-3618,16577,10560,-735,19022,2142,-1310,7367,6963,751,17810,-850,5177,12059,-1267,549,11496,-166,-1732,13062,3404,3330,10127,8633,3616,12104,8405,2659,17411,21426,-2772,19065,-623,6759,9821,1591,3184,12543,-8917,5556,10834,5089,3165,17343,7036,351,23139,3857,-7387,7399,4109,-155,17793,2860,5608,16480,-1008,2313,8237,-499,5209
5633,7381,-574,19318,-286,-1774,12697,-825,5862,10730,-1170,1467,11774,3237,-1671,11150,8515,92,13168,8735,9568,16246,20879,-3175,21090,-1558,580,7420,2507,9327,15136,-8966,6872,10018,5378,-2557,17718,6542,1031,21612,5714,-1394,8998,2819,-220,15846,2273,95,17259,-622,4111,9190,177,8014,10466,-2643,-6768,15744,10544,-3687,17637,12524,6771,10068,11346,-2986,11663,-1822,-2095,12715,-6636,12345,11474,2258,5384,15835,1360,-6926,13640,7455,-4670,15059,8185,2381,16519,7519,2744,10788,3923,7004,18976,-11315,10539,2288,2710,-1668,17326,-1249,-6613,13096,22669,2259,19865,13267,5493,16253,4712,2971,11501,-3489,1807,10526,-8982,4878,13098,985,-4530,15329,8696,-5633,19279,3659,1970,5902,7719,2499,19698,-553,229,11842,-3,1639,11451,-1708,1978,12437,4464,1754,11681,8080,-825,12643,7678,5917,15265,19458,1285,20133,-1504,2302,10016,696,4375,13580,-5353,7995,10797,4158,-357,17045,7788,-1220,22081,4433,-3504,8478,3547,3387,15709,1767,1362,17100,-493,1466,8277,406,7286,10868,-1804,-2973,16189,11428,-6460,19689,12210,3194,9636,8530,924,9500,-1462,-1450
10491,11480,3609,15232,12559,4290,18986,9950,-3474,5096,2491,6217,19003,-8802,11337,9109,3951,-2139,19785,283,-109,13504,14294,3300,20814,-1772,-3258,9743,4136,-881,16587,1856,4304,15299,317,7661,6603,-2191,-1859,12101,1940,-3952,14959,12339,1323,18502,15638,769,16706,2093,-3823,7071,-1981,8216,10869,-2823,8317,17968,1441,396,9896,3528,-8048,15035,4381,-1707,12718,11512,3323,16518,5667,2744,13556,-3723,10980,9309,-2545,7431,16749,-2038,-7442,14116,14418,-3868,16927,13364,4710,8485,10901,3308,13124,-934,3037,17582,-6260,3970,11030,-759,3418,13926,2971,-9811,17391,7373,-3999,14213,5583,6268,13571,2068,498,12532,1153,607,9896,-4668,3783,5710,4645,1774,18189,2413,-4278,8511,12300,3755,20023,13985,7929,20144,7677,-282,3332,2984,2459,16453,-10934,10702,8764,6016,-2590,20306,1123,-23,16733,13163,-1038,16351,52,112,13614,3382,3723,16487,1399,1103,12832,-68,2637,9099,-1813,2766,12261,4174,-5660,14968,10638,156,14320,16791,1466,16682,-519,-499,8999,-4188,2725,10183,1178,9981,18588,2700,1579,12135,3909,-7884,14149,4054,-2341,14017,10600,6069
14421,3622,-2687,14760,9737,4754,22565,2925,-4019,6394,3091,-1208,16773,1173,3270,17069,2043,4296,9620,154,3176,11190,-2181,-3213,16016,10290,-424,17815,11793,204,10132,7811,-4576,8064,-1165,3320,14803,-4561,11483,12988,2930,2929,13815,2047,-6091,14405,7026,-1465,15527,8026,1256,18807,6698,610,8484,4583,11371,19241,-11149,8569,2655,2984,-4846,16602,145,-5373,13483,22561,1178,16203,12176,5598,18328,1775,2887,11561,-2987,4478,9574,-7142,4498,12934,390,-8539,16033,9793,-5212,17764,4207,5800,7430,6644,1601,16908,248,-1862,13943,-736,4287,9725,1770,2770,16206,943,-2859,8615,9602,1051,12404,10092,8387,16636,15295,1358,13962,773,-1338,16563,-3498,8629,9567,469,7319,16423,-261,-5648,12628,12550,362,24281,922,385,5592,4524,925,16706,1324,137,17299,145,5973,6849,-17,3636,12033,-2656,-4594,14663,13142,-4036,21483,13137,5175,11926,6719,-2003,5514,-2422,-421,13597,-4918,12730,14936,2824,2318,13003,2962,-5771,13858,6527,-5317,14843,9534,4986,19489,5349,3805,8921,3122,7338,17069,-10672,7895,5932,2988,-3356,17370,2308,-4824,13483,20739,-2638
15318,-837,4038,5801,-726,-123,13533,851,-549,12452,13100,-1458,20576,13497,-1261,14546,4060,-1035,6895,-4100,9038,11465,-3287,4290,18341,3171,1017,10947,3246,-3111,14041,4371,-4963,13055,10874,55,16989,5929,6638,11707,92,11626,12596,-6787,2356,13206,53,-4681,15639,11040,828,15584,15625,581,8224,11451,1517,15285,-1607,6220,15848,-6409,3264,11467,-2082,998,13618,3536,-9098,17594,7024,733,13969,5489,3968,14691,3774,-2271,11457,1934,3699,10539,-5404,3616,5657,4988,-417,18599,2216,-3238,8814,11945,7469,18876,13201,3060,19854,9468,-3244,4068,3094,7269,19627,-11250,11595,5896,4089,-4681,20770,528,2565,15571,15013,1444,18722,-1335,-4697,10569,4472,235,17107,2476,5331,14577,104,5622,7814,-2498,-1181,11197,2702,-4445,15453,11901,1656,17167,16789,528,18143,1345,-2939,5238,-1905,9278,11671,-3943,7071,17911,1631,-740,12490,3901,-8093,15812,4754,849,10878,11692,2201,15055,3656,4249,14617,-2279,9175,8236,-3500,6444,15771,-1536,-6834,14873,14508,-3649,17133,14695,5558,7407,11742,3693,14989,-2048,1524,15777,-7162,2549,10566,-1809,4417,13752,3551,-11205
15867,2894,2432,6629,-5278,7194,11348,-3272,2951,16508,2939,2566,13723,3909,-4397,15938,5598,-5865,13936,10025,1785,12082,5099,11902,14102,-3749,3483,9749,-3471,5130,14354,-459,-3378,14838,13663,-3013,19254,14103,3620,10341,12844,1585,16391,-231,7091,15173,-9661,1325,8438,-1636,212,14628,2481,-6663,16593,9111,54,13248,4205,1444,17080,3517,1976,11786,3481,3495,13350,-6498,639,4665,5285,-801,18275,307,1038,7148,13895,5069,20566,12919,1199,18349,9046,1409,3596,3560,6523,20813,-11578,4483,6005,5454,-1604,20804,-387,7833,13824,14942,-3243,19493,-2699,-6263,9086,5416,3639,17366,3012,4653,14580,-317,2949,8583,-1526,1308,12239,2108,-913,14974,11023,-1226,18217,16989,-3118,17169,1580,584,2948,-2924,9414,11156,-4772,5307,19258,3302,175,12448,3870,-5578,16456,4606,-1791,11863,11358,-1706,15714,3650,8640,12449,-486,10580,9605,-6713,2371,11592,265,-5026,17426,12007,220,17128,16963,589,9758,11365,3467,16354,-1019,5768,15768,-6857,2422,8768,-3024,1470,13653,3475,-10451,17189,8283,2391,14176,5132,3751,15817,3411,-1885,11785,1941,3815,12176,-4210,2399
14265,6025,-5135,13467,11123,6310,18133,4817,2805,9525,1284,9052,14728,-10098,6633,7930,3562,-5165,18952,6261,-3698,14181,19012,1106,11900,13022,9012,19067,-263,2058,13328,-6004,282,8129,-4619,4457,14688,3161,-5511,16944,8158,-3436,14982,3877,4366,13131,5546,713,13472,459,1113,11402,-4218,-2978,8617,4309,6250,17623,1127,1152,8858,10143,-509,16149,11837,5023,17503,14623,2949,9889,1367,453,19037,-6701,6898,8139,951,7446,15508,-546,-2261,14411,13707,-2753,22111,624,-2480,7768,5071,5182,17800,1724,-1067,15721,-1143,6351,6071,-1576,4280,13468,629,-4311,14536,12867,-6191,20926,13450,4078,12053,5973,-386,5501,-3560,3398,12565,-4762,9071,17634,2666,1684,13227,2860,-2605,13797,4675,-8494,13820,10773,3690,18276,6540,7325,9491,2411,9087,16199,-11508,2740,5618,3445,-3137,19373,4080,-1645,13238,20092,-2645,13364,12581,8035,19368,1338,5898,13070,-5226,1323,8131,-6251,-1491,14829,3144,-1507,17207,7925,-883,15885,3340,609,11631,7070,38,14391,1154,3311,11521,-3901,-2197,8953,2884,2327,17946,2234,3576,9173,9923,2697,13943,10598,295,18076,14678,1856
2189,3284,-6677,18800,-403,-4092,11454,23532,2130,17470,10680,4376,16751,2908,2912,11984,-3486,6201,9347,-6372,2277,15563,1174,-8205,15918,8910,-5157,17282,4685,7110,9377,6998,-367,16216,-381,228,11415,-2273,4345,10117,1181,356,16464,3232,-971,10142,7890,3249,12004,9392,6593,16838,16404,-3136,17745,613,2277,11793,-1027,8045,7877,-2816,7053,14955,1121,-1943,14910,10353,-1637,24323,3798,-1711,7330,3776,310,16601,3046,935,17900,-1109,7406,6362,1019,6900,12899,-3743,-8405,13898,12097,-3192,19126,10994,5219,10509,9996,-3949,10064,-1397,813,13989,-5811,15626,12521,3308,-386,13164,1030,-6707,14589,6867,-3176,15448,7722,2593,17255,7213,2182,9309,4077,9705,19737,-10296,8273,2675,3267,-2006,18065,20,-6064,12227,21629,-388,18067,10411,7089,16426,1682,3089,11177,-1283,1375,12024,-6280,5190,14433,2087,-4985,15447,7040,-7574,16751,5079,5021,9557,8601,1803,17340,-1298,1603,10659,-2089,1702,10897,165,-304,14894,4757,3106,11470,7234,-332,12523,7600,5286,15130,17091,2574,19550,175,-161,11404,618,3976,9225,-3929,9904,12441,2141,268,16625,9671,-4028
15833,-4292,8654,9300,-3218,-1924,15583,1680,-4799,14753,8890,931,16328,2906,961,9211,6623,-913,15550,963,4384,11125,-3248,966,9902,3482,367,17925,3250,-1800,11319,10658,4585,13378,8166,5501,16314,11769,-3390,10869,1523,6122,18458,-4690,8418,8477,2419,-1383,16256,239,315,14967,13621,6070,21167,500,-4879,9192,3779,-1917,17377,3160,3954,15469,-215,7249,6273,-1701,-905,11610,676,-2647,15989,11340,2501,18790,13397,-811,15020,3033,-5058,6640,-2349,7736,11491,-2051,8016,16894,4200,-493,12557,3011,-4803,13166,4446,135,13104,9455,-556,16598,6934,2566,13870,-1649,11661,11669,-2892,5854,14287,-2319,-6093,13933,12510,-1274,19474,11840,4215,7404,10629,278,13837,-928,1065,17745,-5793,6462,10102,1218,4716,15657,1491,-10724,16450,7958,-2045,13651,6047,7596,13501,2971,-4133,11611,1920,3036,11782,-5060,4798,6389,4843,837,17896,4030,-4642,12248,10031,5109,14882,11851,8238,19975,5914,-2491,3564,3482,2829,17699,-7937,10373,9869,6015,-1657,18576,1684,6,16593,11231,1738,16139,2657,-290,14981,2456,-197,16711,1457,1699,12143,122,3512,10156,-1295,2884
15374,2417,2446,13610,-3335,3021,9494,2117,2485,16787,2373,-4196,11041,10970,2564,12882,9199,6978,18301,9908,-3058,6996,2738,5592,17433,-6596,11090,11433,4184,-3092,18505,1819,288,13275,11814,5454,18508,1427,-3543,12193,3174,-3061,16962,1709,6791,11693,1124,2556,10402,-2901,289,11931,3528,-3530,16998,9534,3638,13786,14769,-2402,16124,373,-4890,10343,-2247,8821,8085,1527,7657,18165,1496,423,10859,4994,-4496,16322,4228,-357,13402,10143,1066,13784,6301,955,17322,-4924,13716,5225,1083,6323,16949,-7840,-8701,9990,19012,-3654,23564,11430,5331,9983,6305,2215,7524,212,894,18206,-4135,8384,14276,95,900,11267,3561,-8236,16826,5305,-3354,11514,9925,5725,19222,1422,2500,12177,462,-197,8692,-3802,3433,9386,3374,2212,16505,5352,-5679,11434,8964,5171,13943,16384,5980,21483,2013,-919,8907,-1551,6404,8601,-2136,7893,14372,4177,-2289,16063,7387,718,21351,3203,-949,9214,5680,-667,16186,3064,2017,18649,201,1977,8796,36,6979,12194,-2566,-1466,13247,11030,-5870,21150,9371,2873,9222,6948,-138,9681,-830,-723,11359,-1892,7027,15088,3025,6582
19078,1860,-1910,11055,-1590,7555,7289,78,10350,14857,1685,-8050,13379,10841,1735,24609,2048,3722,6501,4654,-3213,16660,2102,-326,19041,500,6017,7488,985,1308,11003,-3730,-367,12822,11634,-3352,20817,10143,3259,12301,5648,-1763,6516,-557,-2592,13161,-3039,9304,16018,5584,8234,14227,2683,-3492,10902,4650,-6486,14826,9752,4397,20196,7998,-1876,11578,2719,8702,11012,-8518,10637,11395,293,-1224,15961,6062,-3565,15807,14332,-1933,7602,10594,4174,16717,-439,3925,16482,-3054,1572,11296,-39,5845,10835,1874,-4400,16945,5273,-6528,15309,6255,875,12655,5045,5421,11389,2320,2883,13855,-4231,-150,8179,3962,3206,17710,1135,-1529,8857,12048,-2000,18399,10353,6567,19875,6221,5599,1400,3376,1738,16437,-9330,6198,12589,9058,49,18917,1234,1285,14025,11327,-601,16686,1753,-1168,15133,3755,1649,16499,631,4559,9176,-226,-2501,11334,-2411,3576,14245,7437,1377,17561,6549,-2188,8102,11395,-2867,17448,698,3127,12547,-690,1170,7762,3717,7138,16243,292,3652,13010,6007,-4006,15657,4377,-1647,14114,8179,-377,9037,7397,5086,21359,-8577,12472,2350,5039,-1172
15263,3351,206,15947,867,2695,10488,-1000,1199,10534,-1563,3867,13870,5426,-4698,17153,8012,223,10665,11622,956,15995,1304,-79,12342,-1567,315,8737,3370,9758,16130,1579,2766,12719,5397,-5885,15584,4576,-1288,14317,8043,3966,9896,7193,1371,21472,-7453,10300,2037,5458,3022,19984,-6920,-1617,10332,20496,-1983,23577,6328,624,9886,5203,6484,10728,-1101,-252,15038,-3242,4520,14189,2016,409,12428,5403,-4937,18413,4266,-628,9071,9107,1174,19406,2279,3073,11880,560,3770,9314,-2355,-523,12379,3076,2466,13786,6685,-2203,13398,6926,2975,12950,12647,2862,18088,2497,3445,13097,-1223,5925,8708,1041,4149,15426,831,-1355,12934,11556,3179,23543,2777,-988,7284,3972,-1984,15387,1413,3081,18523,-224,4334,8693,1980,-2019,12626,-1521,2208,14625,11213,-973,17602,7495,235,13126,4353,-2932,7121,2085,3290,15769,-3616,6166,11614,5919,1319,15833,1096,2182,10909,8195,-1419,15859,8138,149,19136,5675,-2891,11220,3338,12027,13857,-6236,7052,11483,3558,-4719,14425,3226,2557,16546,12936,1758,9435,7942,-1020,17043,944,1548,15962,-2562,4299,10252,866,5156
13594,3577,317,6786,1207,957,14345,-2217,2981,14265,6275,3726,14200,2762,2372,11618,4518,-3894,13102,9323,1696,20037,5525,1618,11990,3383,8141,11476,-5140,4164,12891,1867,-26,14681,7474,1687,18100,9913,98,6706,7134,-725,16986,-277,3856,17415,-2263,2233,10215,3030,2927,12111,2,-4438,15864,7050,-257,14835,5576,395,12755,3927,-1123,11007,3142,4773,15042,-2754,4648,8225,5067,-1537,17742,866,-1357,9759,11343,3153,17843,9315,3726,19587,4673,-1158,3437,3674,6162,16840,-7655,9022,12561,7975,-4548,17172,1755,1531,14723,10736,4104,14929,2409,-1004,15472,2988,-3599,17222,550,7154,9076,667,1825,12423,-1634,-3627,14383,7727,2069,16848,6651,3486,8497,8372,-3598,15138,846,-1690,14361,-794,5726,9490,5759,9369,14963,517,-4943,12631,6753,-1768,16255,4911,4789,15252,6298,-2189,8035,6957,2026,20996,-7831,14263,3741,6764,-283,19299,-4336,-3543,10391,18218,2281,20554,6246,2269,13639,2180,-325,10863,-965,759,11899,-707,8662,16487,1091,-1450,11463,6784,-8952,18100,3578,3898,8323,9059,3085,18000,828,-2005,13353,838,2268,8690,38,6179
[row took 89200us]
18983,8667,-1366,8227,4810,9077,16249,-7906,10811,7512,3363,-5629,17421,-894,-508,13165,17810,774,13544,8793,1068,16634,1642,-732,14650,-2441,8761,8304,667,3876,15148,-239,-4233,14693,7321,-2353,16785,3241,1441,7948,6894,-395,14837,2844,-209,15830,-2925,5493,7818,4076,5730,16689,-83,-6609,11091,10408,-1909,16764,8089,10002,15245,8577,-222,4137,4021,2232,20531,-7962,12409,8569,8259,-603,19167,-446,-5092,11330,13603,3266,20992,1539,1327,12489,2930,-710,14434,1060,2663,12320,965,3602,12495,-893,281,11501,3427,-6224,15949,7444,3354,11798,12487,2314,17856,-386,-3635,9374,-667,2852,8111,1619,8796,17231,2544,1870,13970,5341,-7376,15057,3957,2650,11465,9784,2613,12714,7618,687,20404,-5350,10735,3929,3777,5318,17986,-7329,-5157,9784,18692,-2273,23292,6650,2550,9226,6641,5253,9344,-1918,-544,15694,-1541,4797,16572,1344,3564,10577,5344,-5583,16684,3882,-4182,10764,8553,3053,19098,2834,3795,11921,-146,927,8542,-2815,2015,12100,3248,2552,15674,5471,-4252,11121,9835,1915,14667,13812,6132,17898,2558,3081,12002,-3016,5476,6238,-168,6592
15790,2243,2543,8141,-2296,1646,10693,-3048,8676,16963,1077,-1834,13572,6865,-9808,17798,3969,724,7180,10056,3961,18229,1524,1220,14952,-2682,1103,6429,-2033,5597,14445,1756,-813,14539,10191,-5966,12876,9483,5201,14737,14986,7091,8968,1286,293,18277,-7766,8195,8154,3116,6620,16441,-657,-7054,11116,14311,407,23107,-20,213,8205,6393,2861,16495,838,1626,15279,964,1798,9149,-2437,1100,11101,74,45,14446,12769,-3211,19134,15834,2829,15880,1825,2236,6244,-5865,389,6763,-2114,5301,19869,4385,6770,13679,3891,-5080,12576,3243,-6559,12889,11966,4405,17364,10938,5325,17602,-5057,8116,3896,-5540,7188,16275,-5480,-3506,12023,16096,-3023,22329,14626,-807,6480,12032,92,9285,-1780,10217,17179,-6488,4659,15282,-2459,-919,10261,4404,-2819,15881,4977,-5170,12991,7316,-1848,17273,3903,4871,11956,1969,4427,8902,-7622,1209,5277,1240,-2231,20291,3818,1854,6520,15222,1311,21283,19806,3092,22089,3382,2217,5935,242,10012,10018,-13250,6373,11705,6845,-8191,15046,3938,4411,21596,7948,-1083,11078,6793,-3304,17863,3141,5932,17383,-32,4736,9469,-4099,-895
13491,5734,7751,14035,-1607,3257,7476,-4688,-2681,8702,-2257,5933,17682,96,-1261,4249,15557,-3465,20961,23023,5481,21567,15013,3768,6507,974,3805,12481,-18548,10950,3366,2943,-2090,21225,-3190,-345,15522,17436,-2950,21483,2274,-2904,9400,5561,6104,18457,54,3582,13510,-4632,1718,3370,-4016,1685,13885,1401,-380,15957,13881,-3949,17383,26830,-1297,17623,3755,2071,5263,-4147,9538,11450,-14025,5947,14061,-498,355,10705,4671,-3598,17941,11742,-11429,16173,15829,3457,15698,3111,12550,10502,-7764,7690,11707,-9831,4980,13112,-2565,-6111,11704,13621,-1198,16408,24379,-9,15951,18966,1880,12491,447,13635,11128,-13156,3130,10411,-9784,-6855,16088,5176,-2012,19580,7476,-3423,10974,10936,-3659,16305,1540,6626,15555,-1365,5107,6606,-6524,938,4954,-876,-1635,15408,1501,-1835,8018,16599,5773,22195,22878,1869,19913,13448,-1889,5839,309,12361,14217,-18854,9375,2219,5953,-8669,19769,-2395,6724,19650,15980,-2080,17906,2272,-10290,13075,3844,7455,15942,1422,9170,15302,-6157,-1741,3979,-2409,1109,13145,1707,-1808,14305,15707,-119,19221,24124,-5391,15602,4318,1768,5029,-4647,16057
10016,11086,6411,16876,20520,8078,24424,5394,-2226,3927,3732,5720,15854,-15298,7962,3634,7937,-2411,22028,-192,423,17261,13062,-1341,16418,3299,-2892,13584,4483,4010,17917,-47,4067,11804,-2506,3140,9656,-1907,4846,13141,5433,-8578,15714,11970,-1024,14869,17975,1569,13325,478,101,8270,-4864,7557,12351,-4212,12079,17421,1999,-5246,11529,5413,-8845,15660,10398,-4212,16219,10691,9140,12465,4318,7350,15044,-10496,6893,4929,-2698,4884,16250,-4072,-8450,13330,20190,-6963,22014,18556,5721,13784,9708,10133,10348,-1097,4752,12411,-11432,1901,10596,-3071,-3455,14580,7303,-4744,21531,7331,-3317,6423,10432,4294,20383,-179,7083,13477,-720,-2383,9582,-7165,1036,6284,1991,-2588,14766,5741,2917,9995,10533,3827,17499,23121,3555,23596,2589,1070,4738,3208,6974,16004,-15540,3869,5152,8908,-1645,17489,1093,6683,20348,9811,-6150,12936,5309,-4826,15902,4206,8030,17296,-176,3224,10943,-3500,1780,9844,-1837,4696,13132,7305,-5526,15369,12694,-3553,15887,16762,-1957,12083,242,6384,8571,-8401,8018,10999,-2417,5939,18275,1122,-4277,11789,7191,-4382,16507,10967,-7588,16474,10293,6813
11517,6024,-5743,15736,6780,3764,22248,5822,-4500,10071,3204,-3,15294,1308,1566,16183,-313,2140,10256,-3293,10813,10014,-3669,-5918,13153,9993,-5831,16471,16487,5936,16897,18206,-5493,13551,-590,-1413,8073,-10320,15373,8454,-5564,11056,18058,1843,-10909,13809,11246,-9293,18862,9236,4247,13017,9393,1927,14157,770,5603,16473,-11286,15083,1157,-1105,-1272,15918,-1966,-10707,11159,25489,-396,22280,19740,7151,16302,6270,7630,7458,-2749,-1866,11662,-15703,8215,10769,-1850,-4065,15738,7932,-8178,21553,6362,1243,5660,8571,2382,18433,-357,581,14183,9,2188,11801,-4258,2536,8016,3993,3486,13949,4788,-3794,7413,15953,2287,24463,20067,5488,16808,4172,-1201,7684,-1569,7769,12711,-14248,10269,10479,6477,-3520,16316,5938,-221,24610,7100,-5498,9424,4598,2588,16448,486,3612,14495,985,-751,10966,-4189,9517,9439,-2101,1416,14452,8970,-11879,15643,16481,821,16239,17788,3709,13583,1230,-652,8350,-8941,8634,11698,-6346,11750,13068,1340,-5362,16503,8187,-10444,16372,12284,-4249,16768,8040,11041,10255,3032,6486,18923,-11746,10188,1270,-863,2084,16583,-4176,-9260,9919,22444,-4676
16254,1650,4206,12514,-4377,-303,6820,-1525,3682,14075,3433,-1935,11963,14493,-3577,20805,20872,-2086,17316,4037,3490,4887,-4893,9578,9608,-12350,6811,14080,2063,-1774,14473,5181,-7335,17400,11145,-3258,16318,11794,-619,13837,1563,11748,12185,-4444,11483,11250,-9835,676,10907,1052,-9022,16119,12550,1487,13688,22780,1062,12530,19455,3229,18212,-2615,10621,11651,-9919,3027,8567,-10259,-3429,14655,6367,-9039,18487,8502,3597,13142,6582,-819,18028,892,1569,9806,849,2946,11116,-5292,1420,7645,1904,928,17091,-667,-1959,8057,15013,6944,17611,17330,1043,16981,16976,570,8006,806,4640,17075,-10662,10526,7232,-3478,1164,17949,2737,-2515,18636,14250,-1585,21892,752,-3604,5286,3051,3494,18985,1498,653,15604,-861,7306,5583,-4247,3085,12173,0,-3774,15045,13479,-1357,18328,19166,-1489,12465,10971,-5239,7408,-3820,9010,11948,-10889,15846,12946,-2419,-3907,14888,4727,-6247,17304,10926,-4611,13686,9004,1999,14897,3995,2972,10303,837,15576,20042,-13458,4326,2166,3660,-7625,17887,3283,-4350,9843,25586,4403,21459,18343,5776,19071,3662,4238,8372,-6293,4616,6556,-14103,1074
15831,13083,287,18491,16079,3234,10430,7582,-5763,4866,-3885,8887,15428,-8787,11781,13870,-347,-1762,12677,5565,-6154,17552,9781,-5498,13701,9077,5350,16350,2432,6181,8357,2175,9444,18910,-12084,4740,3969,6947,-5646,18870,2698,-5317,9768,23708,3271,20166,12013,9165,18127,3129,3075,8476,-5820,-940,8257,-8244,4102,18191,1870,-4760,15412,11144,-5300,18494,4150,6716,10140,4889,-233,14914,-3206,2396,10266,1688,-2839,15250,204,4247,10794,4170,2958,9924,5082,-2398,11634,14269,5651,21702,16416,1766,17306,1199,-424,5718,126,5573,8857,-8972,8834,13471,5288,2433,20030,6155,-5460,20180,6427,-2770,9484,3963,3146,18381,466,477,12744,1463,4941,10612,-216,8860,12521,-1775,-6174,13582,6841,-8195,10839,14553,3717,14971,14950,2054,13458,-781,289,10050,-7515,9786,10555,-168,6192,16729,1201,-5667,14327,7565,-8115,16601,6455,-1316,11691,8803,12482,14866,3667,5020,16572,-7801,6580,2451,-309,2786,18047,-757,-8460,14885,18926,-3980,18761,13539,9278,9621,11464,8422,16024,-4314,-1361,12933,-9710,859,11059,3236,1598,16768,3468,-7868,15182,7213,1635,12981,4965,4273
15379,-6496,5344,10511,3570,4363,12928,1891,-5255,16530,7381,-4153,16293,5768,249,13476,6894,7645,10026,5681,6686,22929,-10671,4370,-2155,5387,-1506,20828,-1871,-3405,11743,22688,-453,23278,7813,6455,8985,6715,6151,13115,-4351,-337,13848,-7021,28,13563,3701,-2158,15453,6820,-99,16086,4274,1645,10348,4714,195,16899,-440,41,9661,2594,3122,16223,-2093,-2786,8614,6902,2595,11849,4096,5106,12494,10931,2460,20632,13389,-908,17294,3106,4416,1547,2837,4588,14738,-10409,3576,12109,8430,2590,19824,3173,3096,16635,8922,-6556,11187,-122,-1288,16535,3679,6580,14467,2611,2155,10611,-262,3713,12645,-964,1647,11748,5549,-5435,12166,9934,-782,18262,15273,-2596,16114,241,4818,6991,-5276,7590,11908,209,1820,16875,2845,-171,12944,6414,-2388,15547,4616,-2893,11971,8002,2550,14347,4613,12350,16738,-3275,4521,7155,-961,202,15093,-971,-4635,14876,15646,-287,19312,11824,5182,8806,10433,2748,18857,-2532,2768,13276,-7132,3550,9773,1206,-1885,16372,2548,-5888,15108,8311,4446,13520,4195,226,15714,2478,1323,10459,2300,1562,15180,-3048,2042,7010,6193,-738
12709,8689,4603,18817,4033,943,7991,5504,11731,19507,-10679,3914,3334,5622,-5538,20437,1121,-3266,10943,23200,3470,16905,8695,7755,16812,2170,1408,11665,-6365,1789,7910,-3628,2653,17669,2254,-5391,16021,8477,-2658,15473,2554,7341,10399,7013,-2820,15984,-611,-1008,10592,-735,1016,11006,2861,5317,16204,2185,-598,9863,7983,1235,13167,10241,5734,16912,16105,-348,17176,-587,1602,12065,-2138,5864,6906,-1593,9499,14391,1577,-3017,16660,11694,-3430,24299,1373,457,4205,4302,4002,18998,1160,-1907,16269,694,6159,6735,1010,5794,13076,-2190,-7639,15610,11062,-2703,16466,10783,5297,8768,10375,-2697,10405,-4181,-412,14505,-4744,12541,14211,3874,1730,12296,1652,-5541,14091,6747,-5632,16304,6592,4649,16576,8007,3950,8528,5878,7885,21844,-12183,6569,-803,5542,-1930,21429,-1920,-5216,10084,24655,-1069,21013,7338,8675,12721,4719,4978,11900,-5136,-1555,10954,-6091,4492,15444,3267,-3613,16770,7980,-6248,15448,4063,4119,9318,6423,2362,18137,-210,2122,10485,111,-240,11613,364,-231,14518,5107,3811,10136,5147,-695,11544,10367,3297,19328,16588,3566,18461,346,1501
18773,-2860,-1324,12676,22914,1807,22442,7309,1623,9555,5594,4823,12751,-2401,1581,14300,-6482,4793,13000,3902,-6656,15599,5822,-2423,15142,4699,5937,9940,5374,-2085,19425,1478,-299,9688,626,6703,11796,-2261,-2393,13195,6378,-478,11611,6919,2585,11820,8424,6651,17291,13365,-2559,19247,-88,1502,4907,2418,9983,11818,-3127,1943,15170,3425,2611,15407,7287,2749,21468,4416,-2395,8519,3603,-3563,16006,1370,1700,16462,-51,5457,8280,2443,5200,13921,-1310,-5189,15772,9060,-139,14650,8034,1849,10036,9400,-3889,14624,-213,3060,12688,-3827,8667,11122,5316,4561,14704,1232,-6703,14284,5358,-480,15106,5462,980,17108,6672,-20,8372,6987,9435,22220,-9396,10122,676,4138,-4331,17446,-2270,-3588,12900,21380,2772,20265,8271,2644,12411,3488,2370,11241,-2811,2032,13375,-4634,6813,14531,2873,-6777,14820,6366,-6654,15641,4278,6492,9097,7074,835,19133,742,-1178,10661,-977,4757,10200,786,1653,16560,4401,-1787,10778,8094,-255,11997,6890,8709,14419,15271,404,19623,-1058,-1548,8597,232,8727,8777,1151,6385,15441,-270,-2262,14909,10413,-1456,23588,2382,1875
10418,1936,439,14707,2418,-4147,17094,5859,-1367,13738,4585,611,11892,4016,-1053,13372,2105,7802,11404,-4227,349,7014,4554,-2992,18468,3710,1440,12240,10082,3883,15661,9821,3823,18015,8800,-399,4528,2660,8015,18371,-7364,4946,11352,6066,-3522,16168,2155,4343,16198,9933,2867,16810,809,-5078,14667,4395,1543,17675,2216,6357,11928,-657,-932,9452,-1720,416,13489,4549,182,13136,9968,824,12507,11988,-2931,15970,752,164,12889,-2956,6155,9090,4033,5679,17193,1640,-2161,12150,3699,850,14310,3885,-424,13553,8287,-1338,12021,6659,2741,17647,-5664,15123,6558,2285,-2044,16587,-4919,-5414,12614,19068,3390,22655,11346,3077,11125,5386,16,7866,-1519,543,14922,-5204,10572,13950,805,-4751,12795,6360,-7421,20068,3518,6304,7388,8442,414,20491,2219,-2532,13140,614,4728,7415,-4281,4116,9250,1127,-1172,14301,10195,-2560,13080,7234,8559,12367,20191,393,21270,-2071,-693,9666,1099,7617,12766,-4920,10751,10108,2341,-6315,12478,8761,1827,22376,3442,1967,8769,5063,-1631,16819,1959,-641,16583,1187,5924,9742,-1281,2652,10519,-2884,-2295,14837,12278,-4276
8912,-3944,-1206,8044,1094,-1854,15730,7272,-2297,11857,8989,7897,12458,17465,2214,23756,1137,1522,7361,1629,8828,10932,-5161,4853,11607,3274,-7204,17825,8949,5458,21523,4830,2128,8881,3179,-6101,15517,2660,3285,18593,1418,6399,8847,-885,-966,10379,-3588,-691,15146,10725,-404,20932,11101,3587,9772,7012,-5472,7611,-1072,-665,12683,-3799,11562,14350,5070,1994,16460,2792,400,10521,3915,-2976,14794,8267,2263,20092,9866,-4831,12884,2632,9905,11004,-7432,11790,10216,-2439,-3065,14747,5804,-4695,16139,15019,3818,8529,15672,706,18078,-1440,427,14867,-4049,6596,10158,-1939,5973,12709,215,-7475,15240,7491,-3729,16711,4013,1783,9013,6539,2013,13467,1357,174,14142,-3304,3928,7689,1281,4508,16728,2152,-4113,12068,14064,-1483,16012,11207,9218,17290,9424,1917,3250,2599,-228,15274,-8378,11126,12711,4140,1877,18788,2013,-3876,14851,9811,1793,16754,3230,512,14825,3283,-1123,17512,-358,4122,8770,94,1311,10789,-3294,2844,13703,7150,-3174,15933,8945,2168,9495,15746,-102,16509,-171,-1638,13447,-5138,2120,7507,3210,9285,17156,1053,3211,12933,5212,-4359
8610,-10008,11178,14485,5283,-4718,17805,6001,-3327,19853,6421,4227,9241,4700,-780,17670,2519,-441,19233,484,3546,8129,707,5993,10734,-5234,-3758,13789,9421,-2856,18823,10241,2496,8064,11731,353,10845,324,-2275,15120,-5247,6887,10665,4336,8697,15423,1188,-1540,13300,5942,-7921,14904,5273,-210,17749,10574,5264,11390,5329,5016,14505,-9294,10979,6119,21,1742,16817,-3073,-6519,11091,20408,-3546,15336,14913,3138,19336,3641,4386,10238,-2948,8305,7402,-5452,1921,16050,1592,-3788,17299,6923,-3497,16291,3763,-5432,6218,6328,4515,16529,3007,7634,16573,-3540,-3125,6190,-366,2997,16035,1,473,12156,13750,-4789,14988,11587,6053,15242,11014,7840,4614,3622,2303,19104,-8622,6665,8719,4251,-492,17938,436,-415,11239,14572,2605,23414,-1356,-3330,10564,4691,2667,15896,348,4525,13034,380,-2118,9273,-2647,1251,11519,1556,1096,14863,11760,-502,15678,15346,-2103,17767,2200,39,7268,-2663,4697,5784,403,4863,20338,2645,4544,14083,4932,-1868,12943,2135,-4986,11678,9616,-1315,14879,8585,6617,19558,-5737,12351,2925,-176,4428,17678,-8394,-6485,11104,20535,-219
10858,421,361,9212,-2959,3561,11495,4344,-3588,17603,10016,-73,14099,17860,-678,18728,130,555,6729,-1967,3443,7268,-1860,6926,17258,2075,5485,14038,4083,-6234,15076,3784,-5684,12594,10348,4148,12482,8333,6399,19952,-6660,7610,4086,97,5622,17503,-7706,-5286,11031,20380,-4514,23333,13501,-188,9609,10647,7598,8731,-1737,6644,16268,-7675,2754,14455,-2951,-2188,12052,7070,-4624,17447,4320,-3337,10329,6600,792,18399,2242,5109,13908,2711,4455,8750,-4935,-1438,7441,1306,-981,15603,5287,63,9715,12867,3214,20356,17678,3836,21646,3148,2842,3579,1613,7695,10429,-8487,1712,12363,4638,-1905,16360,6880,5247,22935,5064,-1646,8473,3522,-4943,17038,928,6200,17821,1896,1963,10107,-352,1295,10274,-4101,-474,13915,11599,847,18786,9283,130,8431,12415,-2748,12017,-1213,1417,14162,-3870,8522,12350,3570,5823,14549,1171,-4244,12215,7297,-3221,17061,5710,-893,17390,8083,-604,9046,5583,12006,18595,-10351,9335,3811,2059,-4413,16533,-3941,-2350,11442,23770,208,18994,11597,-310,17020,4571,6202,9611,-2999,5617,9175,-6831,5602,14922,76,-8821,17001,9246,-5851
10402,-5725,3633,6067,2757,6593,21470,1301,4692,10199,4896,-4023,14043,2169,-6057,14530,9958,4031,13979,8465,6056,17900,-6787,7879,4296,602,5415,17847,-5981,-3716,12816,19247,-4984,22133,12299,1403,8565,9110,4487,10756,-336,6097,17322,-7031,2436,12636,-274,-924,12292,4991,-3768,17837,4384,-1324,10999,6104,-1003,17836,2538,3457,12918,2158,4688,9830,-5428,-73,6555,3202,-1486,15470,5616,1785,10356,10853,2946,19194,16941,1316,21704,3514,3202,2751,2714,8952,11368,-10091,1960,11874,5333,-2484,16660,5583,4896,21716,6877,-1310,10500,3355,-5033,16224,1408,6239,16775,1977,3197,11448,-508,582,10066,-2996,-986,13922,9454,2155,16952,9176,-84,9466,12762,-1893,13642,-1389,966,13552,-3167,6895,11861,3498,6315,14914,1366,-4680,12529,6077,-2240,15570,4802,-582,17149,8622,-1301,9355,6173,10223,20240,-9837,11022,1966,2982,-5480,17294,-4636,-1688,10750,24174,3452,21441,10655,-1510,14354,4762,5320,9305,-2485,3063,10750,-6232,7085,14851,-1344,-7204,15172,8347,-5402,18304,4615,4707,6985,7174,-2889,18295,1335,1879,15531,591,5556,8613,-1856,1963,13448,76,-3369
14288,7958,9352,15776,-3080,4807,10564,-2656,6556,14344,-2718,-1682,13410,12142,-2887,17915,14072,1635,9862,13590,703,15917,-26,7222,16406,-7711,1934,11089,-2316,1650,11911,3500,-3572,18691,6145,-4685,12818,4775,1958,13419,2431,1117,12114,3514,4437,13184,-5911,892,3922,3661,-757,19030,2689,-134,9114,13659,4386,20140,13906,3231,18751,8372,2832,2242,2917,5579,17023,-12068,6020,9281,6139,-3346,20273,1850,4715,17193,12399,-1389,16576,-610,-4430,12759,3520,4925,16743,2336,4867,12944,-1068,-1966,8102,-1688,1684,11735,4007,831,14967,10336,-818,16270,16656,-3835,16969,44,347,7149,-3257,7275,9293,18,7107,18562,869,393,11226,5320,-2860,15846,2579,-2006,13111,10651,-1246,13448,5938,6428,18491,-4448,13173,4342,32,-53,16538,-5925,-4643,12688,20794,-1157,22756,12891,1930,8646,8382,4442,10335,-1334,3390,16108,-7236,5261,12738,-2913,-1573,12359,7033,-7901,19530,6170,4314,10808,5752,-6,16769,1573,-2036,13585,2326,5089,10428,-3998,4259,6836,2240,-2995,13752,3683,-239,10338,13366,6513,22177,16902,2106,20677,5252,-2622,4502,1255,10696,12348,-9350,6426
18620,11466,5436,16591,3124,8531,10623,-4072,-152,9877,-7463,1499,13654,1564,-2327,17057,8069,-4075,16127,3764,-714,7352,6435,1949,17830,1337,4089,14421,-1511,359,8497,22,602,15675,1594,2197,10254,10072,1340,11605,10177,2196,17365,17901,3034,15046,919,4263,15379,-4410,6300,9274,-470,3237,15948,-409,-2257,12192,12460,1440,24038,-87,-4534,6299,4700,3236,17164,2180,5041,16795,-1271,2093,5296,299,-408,13986,-1888,1043,14986,14423,-4308,20476,11298,1051,10476,7156,613,5903,-2109,2755,12622,-5181,7962,16535,3387,1001,13706,2958,586,12894,4557,-5543,14415,9890,-1250,20556,6620,5046,9491,4110,11255,16478,-11362,4247,5560,1692,-4601,17235,3230,1126,13275,21137,-3407,12568,12637,3625,18424,946,6307,13358,-3977,4496,9352,-6579,-350,13062,2696,-4182,18352,7069,-18,14864,3538,976,8325,5376,-2419,15678,2218,3881,12492,-2364,2115,8091,1991,2930,18544,1839,-1657,9864,11559,2660,13387,11455,4800,17059,13532,-3329,10269,1339,6868,18579,-6530,10133,7901,753,-725,17926,508,-2077,14612,15184,3859,22859,-1569,-4371,6379,3838,-457,17539,1325,5769
18615,6565,-6104,13122,5642,4192,14777,2628,3763,13020,1417,40,9703,-5408,2200,5146,3570,1149,16935,4951,-346,11705,10811,2622,17864,18002,3573,22084,6529,3767,1634,2749,3968,15789,-12594,8030,10186,5929,-2033,18920,1251,1688,17484,11282,-4375,16094,1763,-1260,14216,4392,7661,16973,174,2183,11182,-1921,-570,10286,-1872,3127,11746,5978,-3873,14609,10175,-1728,13387,16686,1773,17262,996,1265,9243,-5284,4549,9484,1172,6148,19041,1413,1235,12389,4387,-4014,14747,3697,-5993,13867,10900,3094,11854,6322,9175,17533,-7904,8456,3763,329,1195,17843,-4316,-2708,14021,21002,-5292,21085,13074,1950,9660,7596,7091,8645,363,4948,17610,-10264,3482,9981,-876,-2769,14728,4955,-5608,18157,6813,1894,10648,6303,-2696,18304,2542,4568,14365,1725,4970,9007,-5900,-528,5303,2977,-3327,13458,6511,3771,12654,10154,3802,16729,19896,720,23782,3018,1777,2852,3391,10675,13636,-12043,642,11368,5089,-932,17119,5030,5406,20071,6551,-3360,11318,3207,-4243,15525,2574,5020,17538,744,5478,9535,-18,1461,12265,-3730,-187,13758,9448,-504,15951,10553,-1010,9641,13709,-2276
15613,3342,-701,11567,11307,-1952,12624,8278,8487,14129,15993,1219,10046,-500,1148,17054,-4593,7766,10672,1501,3185,16858,1009,-927,14441,12469,1141,20493,377,-3256,9596,3924,1467,16436,1735,3869,14240,-734,2130,7275,-1226,3631,11401,1636,-2613,16982,11857,-1654,19560,14769,1422,13835,3335,-194,5832,-4142,4195,9750,-2714,4457,16509,4086,4167,13161,3506,-3416,13648,4150,-6584,15338,9891,405,15613,8141,10158,15515,-3202,4975,9779,-3162,6104,14663,-3679,-1873,12764,13155,-2555,20280,14014,-287,8390,11395,1439,13463,1261,7082,18665,-7899,3496,11019,-573,-292,12355,2185,-3963,17683,6906,-3559,13100,5662,1209,12930,2987,132,12608,2588,6005,11092,-5826,1946,6065,2790,-2937,18918,6057,432,12444,10516,6467,14408,15144,1484,21380,6147,1683,1896,3229,8144,15323,-10623,4376,10173,5655,-4257,18474,3580,3601,18774,9231,2617,13240,2682,-5879,15476,2968,2852,17502,1369,6083,11011,-1140,-546,9177,-2719,-766,13577,6840,3045,15801,10385,-148,11596,13492,-4591,15066,-400,1230,12463,-4086,6059,10578,3800,8400,17239,1306,-4289,10928,4437,-288,13723,4554,-2477
12102,4706,-18,18508,3409,-532,16980,9243,1771,13720,3593,-2346,16517,3566,2126,18129,631,4704,9745,-826,-1081,10242,-2922,2483,14147,7916,542,16818,8410,-1269,8685,13412,-2489,15701,-178,1854,13811,-3690,3317,8690,5079,6459,17385,185,1617,11806,6583,-1755,14822,3806,-6255,16130,9408,2188,9784,5299,7931,18393,-8785,10557,3759,2353,-2940,18480,-5478,406,10105,22696,1313,21166,10778,-3594,14385,2934,4596,7037,-678,6110,12649,-5648,5030,15947,983,-5020,13753,7252,-4693,18219,4813,1567,7950,8838,-2455,18572,982,5027,15069,-378,4972,7671,-2451,723,12214,1249,-1618,14990,10191,126,12153,10180,4182,13681,12922,622,14098,140,3566,16263,-3843,10301,7600,3634,4188,15243,319,-7422,12509,12564,4727,23395,259,-340,9816,4403,-3710,14432,1940,2657,16131,237,9298,7931,-1485,-3978,12223,-129,-1534,13883,12470,2794,20605,12791,1282,13661,3863,-6229,8243,-3338,4853,5349,245,9768,21779,1446,3404,11469,6232,-8328,13735,2536,-1453,11608,10252,4324,19049,9036,-1105,15142,-3197,11567,5574,-2828,10343,16780,-4557,-6474,13610,14108,-5343,19681,11902,4957
[row took 91036us]
9699,-1783,-720,12388,2289,496,15631,11169,2541,14095,14007,-3354,17380,371,-1954,8253,-2064,6476,7602,1752,6266,19329,2581,757,13531,3771,-1726,12902,3292,-334,13042,9825,-2936,13230,8756,2774,19568,-6372,15737,2670,1673,3214,18911,-6613,-8503,10317,19750,1331,23033,9288,1970,8675,6517,-258,8548,-1726,4964,16545,-3410,8998,15531,-709,-2741,10425,5810,-7682,17757,4004,1409,10621,9760,1184,19640,1841,1575,11522,227,3120,8384,-2990,4056,11871,1687,-330,15129,5816,-5560,9904,11049,6590,15288,15518,6124,19438,811,-2171,9648,-1513,7324,6404,-670,9617,15722,1556,-6736,14060,11027,215,24461,1909,3648,5660,5190,-1428,17359,743,38,18074,532,3780,8492,849,2818,10185,-2767,-1156,15004,12263,-3156,20545,10118,2894,11272,5672,-786,5734,-418,-2510,15425,-3005,7331,14976,4954,9229,14057,2027,-2809,10790,5465,-6776,15796,9218,4419,19399,7785,-916,11970,2739,6861,10996,-7961,11158,11361,-517,-1622,15703,5042,-2278,14419,15561,-3545,7808,12087,4488,17955,-435,4895,15682,-3963,2233,9424,-1448,4985,11871,2265,-3271,18255,6325,-6147,15124,5604,-891
15123,4715,3120,13330,2863,-3832,11835,5661,-1706,15398,9417,4658,20275,5971,-3525,8875,3973,8192,15147,-9294,11850,8866,1919,-3747,16413,2493,-5188,13846,17252,757,9386,11784,5110,18296,-587,1322,13846,-3423,3441,9510,-1345,6264,13390,1082,-5133,16211,7296,-6199,15875,4334,2523,9994,6497,4371,14101,2002,-887,14167,-3355,2119,8200,3511,6244,18536,235,-4605,9433,12260,-3788,17338,10504,9784,15920,9146,2733,5647,1495,933,18948,-7769,8713,10770,6747,1467,18268,220,-865,12692,12924,-444,19750,1328,639,12302,3591,1978,16349,-23,1864,11786,-754,475,9641,-622,3607,12557,4289,-3838,16858,9351,817,13873,14171,843,17829,709,-367,7739,-2146,2009,7369,524,5443,18659,2218,6038,13211,5593,-5188,14995,4474,-2244,12549,8189,3122,12445,7014,4120,20452,-6304,6950,4009,4029,5569,18192,-7479,-3049,10888,18222,-3650,23518,9862,595,6911,8913,5424,11667,-1385,3317,17270,-5559,2233,12709,548,1424,12295,5610,-3721,17749,5247,-2437,10831,6543,1517,17441,1822,1978,12065,3114,4989,10777,-4994,-2137,7766,3231,1337,15397,4527,423,12772,10197,2372
8607,-699,8879,16153,-1816,-2632,13092,12460,-4232,20334,8990,2320,5114,8888,3080,14642,-2314,860,17707,-2669,4570,12047,2668,4199,10815,1219,-5886,17360,6046,-5852,13625,6825,6210,14417,3794,1298,11592,2486,1121,12185,-4407,1803,8229,5005,2338,17895,3475,-1987,10534,10349,658,17348,11971,7900,20094,4782,1088,4757,559,2490,13064,-6855,6308,14676,6991,19,17091,5994,1417,18297,6361,950,10060,2516,-271,16242,2664,2277,18309,434,-1174,9530,1606,2876,12295,-1528,971,14635,8941,1018,16680,7242,-1145,9194,9093,391,13302,-858,1346,15421,-2931,2230,9191,7247,6918,15530,244,-1200,12066,6781,-3008,15902,4697,-519,17743,6678,3246,7385,7012,8454,19429,-9705,5612,3827,5759,-1209,19040,-2902,2545,11558,19816,-3057,19049,7601,-796,14585,2384,4693,10645,-1879,4975,11149,-2544,2193,15555,1146,-3159,14443,7809,-1951,17259,3547,954,7137,7494,-2574,18237,838,5776,13841,1747,2516,10063,-1062,37,13318,1820,-1226,13759,9338,2234,13848,8979,3981,14555,12038,188,11751,-431,4012,17784,-4742,9281,8002,6111,96,16048,-827,-3540,12045,14299,4971
10214,-1071,2462,16296,1062,-11,13503,7446,-4127,17345,3689,-883,7978,7819,559,17350,1822,5817,14777,-1209,-1038,8740,928,2179,14906,1904,1674,12976,10114,-1369,13890,8151,3054,14595,10465,3754,10151,1566,3779,19570,-6797,6368,7337,7188,314,17111,-957,-1020,11735,14968,3473,23157,35,-1502,9322,3554,1599,14501,803,2581,15945,-751,1546,9451,1641,-2030,11388,1829,1973,16032,9346,2011,16402,10976,-2262,16738,1671,-788,5832,-172,4721,11244,-333,3757,17847,5133,2364,12817,3919,-1807,12944,3640,1494,11441,8295,-2180,17719,5637,4859,15986,-780,9415,7996,-25,4147,16166,-2620,-3244,13212,13909,852,21684,9246,972,6023,6483,-2135,13804,-2006,4947,17842,-2357,6934,11688,2045,-997,10740,2305,-5295,18015,6708,511,13106,7501,2295,15094,1337,-2153,10302,1705,4142,12587,-2188,5150,9881,4655,-2290,15586,3460,-2870,11465,9791,5144,17201,12137,4948,19806,3508,-3206,6475,333,8564,12715,-4046,7000,16263,5634,-4020,14473,7476,402,19770,5324,5963,8371,3025,-2553,17240,637,-577,17572,-39,2120,9367,3655,5289,13359,-618,-5580,15224,8822,422
11298,2409,2797,14719,4322,-2217,14124,6183,-326,12169,5090,5042,12902,6597,1174,13638,5849,-764,19791,-4038,12217,5582,5475,1652,18553,-787,-6785,13279,14711,4652,20934,2423,5171,8162,904,-3427,14500,614,935,17172,1497,6376,12605,1831,-3097,9303,4289,-3174,19137,6096,4790,12695,7377,1748,15618,-753,-2938,8900,1149,1596,12147,3812,5329,15434,5897,1898,12714,5304,-4381,12495,3985,6168,12765,6624,4964,16305,4566,-6159,17804,-3229,9523,5576,5759,9295,19939,-533,-6850,13017,13510,310,20100,1995,7100,7944,1977,-2347,14507,847,-2418,18307,256,7465,10712,4000,507,10884,2921,-3498,17257,6112,-1239,14722,7130,5408,14645,516,-224,9523,866,-1769,12118,2502,4180,15042,6297,5868,12820,4096,-5493,12051,4947,1978,13516,6088,8181,16819,5308,-1999,16209,-1585,4113,7046,3935,8831,18488,765,-2366,14067,12262,-3680,18990,4581,5871,9105,2176,509,14494,480,-312,18261,-660,3388,10423,3171,33,10734,3795,-613,18283,5270,-1716,13877,6597,2559,14865,931,2596,10179,1423,206,10848,2574,-423,15658,5342,4719,11748,5034,-101,12588,4050,862
17199,-290,1654,18459,12969,1970,16385,3314,-762,12206,-205,1629,12122,1057,1670,16068,991,2472,12414,3214,-249,11374,3560,-1925,15950,5621,1719,12382,5693,-2541,14292,868,1971,12684,-454,5454,9973,5630,52,17669,3678,2784,13385,8045,-604,12175,4011,750,13882,5181,2035,13201,5341,3384,18175,-4249,8421,7863,7358,1566,16831,1374,-3040,16592,12016,2460,17281,1629,2342,12257,1593,-5067,14844,-457,5684,12342,2931,5813,14806,1403,-7231,13032,5737,1502,14596,5383,4013,8356,6564,-2583,14484,-1534,1146,14616,-934,5666,8618,7550,2523,17733,2146,-2417,14254,8503,-3141,13491,3091,7781,14489,5923,2025,12436,6422,-308,15935,-3448,10743,9677,2511,3352,14746,2612,-8102,17065,10913,3633,12394,9124,7812,17631,-2045,-5927,13138,-2265,1066,11030,3032,9001,15859,3234,-5102,15156,7104,-1049,14114,1114,1069,7182,5388,1646,13805,1969,216,14083,-2064,1867,6951,2862,3283,16937,2922,2551,13480,10246,-4287,14561,15615,6028,20685,153,5056,7307,2558,89,12041,-6783,7729,13565,6229,2239,17402,7653,-3972,18416,3123,2378,8741,4246,983,17586,5028,232
5172,8740,-4473,17702,3165,8869,16608,-3574,4623,6287,-2527,478,15062,-2397,173,9148,15834,-1347,17629,17286,-1106,19008,13808,7413,7487,714,6115,13352,-15096,8412,5611,3700,-1803,23725,1782,-4444,14372,15213,5721,19613,1695,-4026,10780,4983,-553,18961,-2537,9519,11429,-852,546,9450,-3867,-8038,11394,5689,5089,16536,14282,4288,13933,17681,-6356,14086,-2813,-1361,10355,-6995,11392,7498,937,3437,21105,1237,877,12334,8475,-1563,11293,6015,-4039,18745,9527,1022,15121,6780,5058,13125,-10745,10699,4135,-2753,5849,17737,-1912,-11037,12403,20620,4087,16417,22430,1930,21349,1974,-6848,9506,-2837,14407,8973,-10531,8861,13231,189,-11275,16214,8064,-482,17932,3510,-2748,6099,8805,-1775,16269,1281,5730,14508,-4153,5024,6737,-1616,4602,17160,-1814,-3608,7831,15609,-9031,18345,20614,9062,22744,11408,6764,6655,2995,807,12438,-16128,15102,6267,4030,-318,21781,1551,-10229,16674,13074,1792,18400,4201,2851,12131,4053,23,17775,-4076,6796,10951,-171,1590,10746,-4227,-2982,10632,7640,-2518,18293,15323,1351,12819,15210,1342,11483,124,2008,13111,-9672,4103,6203,2250,5769
4588,2413,-177,13479,-15504,11170,8226,4630,-992,21103,1916,-8053,16625,15309,1417,19217,2685,3970,12099,4069,3153,16177,-2589,838,12463,-1349,-759,9943,-2976,466,11275,6578,422,17123,13417,-1576,9124,16013,2858,14636,-1989,-604,10105,-8086,2369,8802,1613,7441,19801,2785,5398,13383,7366,-8988,12173,6883,-5723,16921,10332,5194,14339,8082,6770,15763,-13208,8935,3263,93,2231,16667,-5847,-3088,8285,22968,244,18952,20655,-3275,21343,5306,5033,6769,-2312,10214,8344,-14518,4514,12751,-15,-7482,17494,8064,-1137,18316,5180,-4808,6874,8752,-5355,16258,2032,11358,15882,-3455,4098,7439,-3867,-295,13879,-1149,-822,11462,13373,-481,14678,20908,-384,21706,15005,5633,7285,3827,5115,15647,-15737,12999,5710,1125,-3075,23579,-994,-7871,11139,17339,7133,23035,-1280,-1739,7846,6217,-3438,17775,-1955,9126,14270,-1753,2814,6482,-4002,-5553,11205,542,311,15176,18603,1942,19841,20699,-2812,16418,2398,-469,6507,-6218,6813,6065,-6238,10557,19565,1354,73,13104,7846,-6787,15575,6577,-3584,11845,10583,3406,17475,6583,266,17325,-7645,16659,3700,-1922,7222,15740,-10098,-12433
17252,-2644,8673,14711,-1265,-1903,5574,-2680,-202,12456,2013,3726,15129,14614,-3195,19571,22589,-3622,19033,3083,2578,2270,-2444,7273,8217,-13730,8716,14323,3289,2365,16707,4303,-7955,16706,10672,-4242,13480,11298,-2671,15931,4083,8781,14145,-4757,12390,10836,-6628,1175,12517,-4273,-5866,13610,13363,2391,13897,21893,-912,13890,19614,1081,13732,-836,7442,12794,-10603,6319,11314,-13067,769,10944,8019,-7091,20973,6710,-1244,13207,10084,-3903,14833,97,-2131,13548,-1925,7097,8984,-4903,7868,5956,-534,-2344,17632,2385,-2599,7641,17993,2635,22317,21104,1851,21196,13427,-287,5509,-1162,9143,10453,-17429,13412,9020,2324,-7324,19969,3262,-485,20446,14222,2753,16804,-171,-6344,11106,1748,942,17134,-812,6668,13663,-3353,2905,6312,-4477,369,11683,4353,-3638,13851,17416,416,21327,20412,-1854,16481,3901,-2632,5205,-7569,11625,8198,-7469,10986,19609,684,-2066,12313,7174,-6490,17289,7389,-3857,11589,10933,532,17099,1641,5515,12912,-5799,11926,7355,-5720,7962,15410,-5690,-5210,13903,18591,-8058,15095,22160,4999,13766,16717,5030,9640,-2302,324,14218,-15829,8899,7919,-9084,5528
20883,21942,1591,13615,10306,1140,4676,-4767,9882,11238,-16450,10657,11262,1739,449,20568,3936,-6988,16213,13759,-11639,15837,9859,3470,13123,2373,13392,9557,-2087,8979,16619,-15287,1845,4768,2896,-4464,17890,3639,-1276,8154,29182,-2650,20856,21424,8552,18995,2741,11182,10226,-9915,-115,3705,-15679,-1322,15791,3173,-4249,18699,11199,-2105,19910,7277,-1914,11258,5999,1094,13879,-2151,6959,10056,-4427,-1441,11563,-3005,1226,14871,1996,1803,7572,8515,1344,9052,20929,-325,23853,21536,1775,12949,3298,7625,10241,-7259,6605,10686,-12499,3208,12004,4672,982,15311,8949,400,25941,4722,-11821,5818,6600,3447,20966,-1541,6550,13473,571,2071,10169,-4987,5193,10658,-3205,1722,13256,12744,-8863,11588,18242,-3354,14268,22065,3162,15687,-3489,6755,5201,-13019,12568,10511,-6149,1952,18617,3240,-5806,14574,11891,-7218,18659,9894,-8086,11528,7886,14356,14636,664,9205,17087,-10964,7848,2688,-4157,-4081,13796,-1524,-5312,12898,23407,-590,20684,23087,3308,14682,14844,11269,11044,-4746,5737,8312,-17910,-1217,11602,-3940,-4600,18552,10124,-2339,19791,7800,-555,8839,7071,-1668,18813,-2783,5140
12552,-9957,3170,16842,5013,-1004,15072,8678,-8049,18917,7634,-6520,12384,9609,3764,16565,-2600,11647,10235,-3547,10276,11076,-9321,819,11163,4942,-7782,16848,13354,1385,11268,21614,1473,13836,15678,6578,19165,-4430,5731,7901,-11522,2734,8786,-6668,-3454,16981,5947,-5665,16846,8905,3926,16648,4232,-4030,16571,3166,1263,11687,-914,2102,8641,-2527,3606,12014,611,-318,13772,3486,26,13945,10969,8140,8550,16539,-3378,23675,19198,343,13332,1971,7594,12432,-8325,7457,6098,-8496,3220,17570,4970,-2328,16268,9477,2687,20568,986,-10748,7346,5243,586,21174,70,7314,11803,-506,6989,8455,-3712,2864,12501,-1255,-4525,15847,13208,-915,9350,17804,-3532,13152,17225,-1309,15331,-4022,11441,7876,-9948,9977,10510,-4286,-2487,15505,4838,-7681,17674,12375,-1363,17392,5383,-3634,10223,5735,11268,14553,-752,9481,16293,-7073,3808,3087,-1703,-1991,16995,3094,-6593,15030,20985,3563,16480,15441,7289,9311,12768,3510,15572,-6090,3215,11954,-11094,582,12337,-1906,-5085,15522,8099,-1124,17974,6907,3839,13340,3273,-1029,15264,888,-2256,11675,1665,4476,13660,-2665,1486,5381,2987,840
16387,8479,-4836,11829,6601,1527,15656,1360,10337,9274,2853,8950,18175,-11444,1489,4307,6388,-7338,18185,5278,-821,9088,25581,6582,21799,12993,2603,16390,860,5714,6459,-6985,1731,9462,-10420,-2221,18718,2803,-2577,16091,9843,-598,17465,3220,3725,11287,3122,-5120,13066,-1360,2373,10751,1545,3847,16041,-1104,1800,10121,4021,-1436,9179,4876,3665,9186,18483,4131,24839,16047,-1920,16824,5298,2365,5420,-1893,9251,12199,-14456,3250,12360,7418,442,22761,3438,-707,17234,8449,-2142,12076,-93,-2739,16124,1480,2623,12172,3443,6607,12152,-4647,6201,9994,-1004,-2384,11509,6665,-6110,10015,18381,1213,20338,17029,-4989,14689,596,6276,2340,-7153,11066,13448,-8089,2276,18401,4666,-718,14960,5930,-8060,16158,6473,-2333,12192,8752,3327,17523,1170,8206,8731,-814,10584,12275,-8998,1514,11440,5229,-10330,15886,9728,1520,10214,22749,5911,17116,15993,4851,20590,-3034,5919,7102,-9250,3051,7988,-8628,-3988,18502,4379,-6345,16454,8737,2640,16353,3572,-323,14065,2656,-806,12557,-288,1323,8890,419,4803,12388,-7,356,14633,3534,-867,10047,8060,6230,9076,16998,392
14984,2409,8422,16724,-7396,7725,1814,515,-3708,17841,2539,-7445,15477,20262,4965,16765,15618,7345,10307,10974,2296,14891,-5491,4103,13697,-12566,1037,11435,442,-4728,16552,7701,-2662,18129,6231,3122,11735,1792,1330,14577,63,-2860,12815,2121,2809,12723,-1936,2413,4240,3562,746,15019,4106,1663,14777,12514,4621,15085,14315,1508,14254,11792,-3264,9146,563,6791,20135,-11153,9467,6664,1876,1899,18913,3800,-2943,17015,12219,-554,18518,-3732,-1573,7420,5113,-1355,17916,2335,6435,17368,-1145,8133,4580,-1470,-2211,11869,2342,-5446,17270,14784,-754,15578,14218,949,5406,8558,-3136,9473,-7855,11710,15206,-6701,8758,13884,959,-6575,14138,6623,229,17161,7197,-5475,11758,5578,1843,15592,4291,4789,11910,3507,11914,19410,-10390,4848,703,3805,-8311,18870,4435,-2140,11897,22988,5954,22064,12680,4866,11332,4165,2647,8594,-6027,4496,12929,-9687,725,17501,2227,-7733,14487,9298,580,18313,3301,5599,9625,3004,-4564,15100,-48,-298,12942,2026,4118,15357,-2172,4483,5804,4947,-4172,10851,4085,3403,12586,15435,7646,22315,15031,-4851,15017,5830,2291,3503,182,8915
17844,3,-12747,14140,18919,5195,17001,15356,10012,11474,12586,-489,16601,-4999,4832,11807,-11513,2337,11712,-1005,-4055,16597,5026,-5240,16915,7175,4323,11098,5161,2785,17017,-23,-2255,11424,3027,-255,12688,-4161,5867,6551,4220,-108,14441,4685,-2790,15972,10890,6951,11982,16592,4773,19757,9220,-4989,6242,2272,5473,20850,-13113,9313,2661,3957,3012,23736,2575,-6094,15847,13053,1757,17046,-1934,1861,8356,1930,-3132,18121,3126,2254,15179,-703,9667,7133,-1422,-1947,11016,2842,-5431,17491,14038,1757,18093,15967,2735,8796,6455,-6479,6555,-5909,8748,14802,-7544,12857,13299,141,-6873,15266,6300,-712,17812,8576,-5208,11477,7855,3497,15432,2629,5838,11014,2686,9049,17011,-10566,5954,4112,4606,-6426,18905,5548,-5328,11990,21528,6931,20344,14393,5785,17999,1962,935,8881,-7304,4626,8223,-8020,442,18224,1625,-5006,14105,11293,-2179,20177,1440,4743,8477,6117,-1497,15810,-2543,767,11020,596,982,14143,119,4221,9549,4598,-1342,10474,7152,-865,13202,11475,8857,18703,19751,-563,20344,-1335,-201,4621,1385,6800,12539,-11224,8144,12671,6935,-882,20231,6152,-3917
20651,-834,5441,11114,-10000,3472,5959,-5634,-2891,18364,2646,-1869,14350,10053,-2507,16510,2747,-429,13685,5364,2806,12558,863,1494,11892,-3653,-1726,11170,2486,4483,13473,3061,213,12475,10634,2265,11715,12426,2527,18397,17320,2158,12948,-330,5019,16090,-6352,3201,6584,-2946,8576,16547,2068,-2999,15773,11891,-2849,22153,1749,-3490,7869,3992,5663,17752,1970,872,15808,-2282,3127,6021,-344,4876,13072,-446,-1938,16554,13457,-5438,15881,14699,1095,9498,10603,-1254,8953,-4474,5121,14049,-8299,11944,13731,-785,-2103,13299,4113,-634,16489,9550,-8837,15564,9223,166,14143,4273,10177,9737,3092,10343,19037,-12106,1235,2755,3549,-1143,19142,2255,-4992,11737,22242,244,21937,15671,4917,16305,5491,8259,10196,-6668,5322,7370,-10811,-3953,16922,789,-5062,15576,11719,623,19955,2593,-979,7551,7348,219,17607,-1411,6719,11176,-1096,422,12122,-1030,-3109,10841,3383,2611,10044,8467,3392,13043,10774,1990,19458,21744,-665,20697,-677,5336,3663,900,6491,11851,-12005,1930,10412,6614,3852,18987,7492,-174,24258,5509,-6069,6667,4125,-568,17606,8,7085,14983,-156,369
16258,8802,4528,13052,4564,692,16239,1653,1132,11760,1068,1965,11949,-4671,2888,7535,3608,-1396,15296,2825,-1242,12143,13948,5678,17884,14763,4282,15235,9151,-3368,6237,1232,4946,20692,-10861,11629,6709,3946,-1832,19046,2450,218,16133,13474,69,18870,-1252,-3507,10069,4094,128,16978,2145,4499,14195,-3181,8428,6572,-1223,-2139,13660,3906,-7475,14738,14510,3489,20526,14734,1505,12657,3879,-5055,4010,-5545,10169,11643,-4716,10292,19948,992,-2541,9618,6312,-7895,18836,7255,-1078,12358,10679,1999,17183,2293,3807,9634,-396,12445,13839,-9430,5245,9355,3649,-8301,18269,8206,-2733,12976,21033,3281,12760,14404,6850,20728,-848,3107,10906,-8548,3457,6665,-6304,2380,16453,2604,-8038,17299,9288,-2687,15221,3969,4647,13565,5115,-483,12652,1416,482,11476,-4916,1579,8496,3666,6070,18356,536,-4259,9127,12396,918,14743,14516,6828,17680,15835,711,12071,-312,2568,16705,-8707,9241,5011,-1442,6864,16912,1215,-6592,16080,15308,-2684,23540,-401,-194,4965,4755,6097,19291,423,-2588,15651,-542,8350,5840,-845,4022,13225,-524,-7959,15893,14051,-3946,18065,14562,6083
13491,-4732,118,5963,4403,2787,13690,2408,453,10580,15600,212,22717,17132,3920,14973,9480,3001,4203,402,4040,18036,-13996,6452,8967,3826,3618,19938,3702,-1037,18644,11568,-7165,14725,699,1974,12649,2742,4771,14661,2165,2354,15027,-4275,3572,6700,218,1035,13436,3994,-3971,14131,14674,-2496,19903,16076,1706,12063,6594,1268,4641,-6851,8854,12574,-8189,5293,17344,1791,-1503,13323,5763,-2674,17007,6911,-8257,11990,9903,2475,17358,2427,13716,9430,1118,5442,15533,-12291,1390,5487,4668,-3667,18731,7298,-1790,11833,24071,537,18779,15804,6868,19778,168,8353,8143,-9479,380,7330,-9495,-2825,18536,4286,-1223,16028,9980,-2104,17090,2966,-736,12110,4774,-354,13696,-775,5997,11016,-2531,-1191,11636,928,1465,14310,3389,2522,8487,9053,874,12745,15758,1974,20672,17882,723,16584,175,5889,8955,-3823,3501,7386,-8140,4919,13822,5220,3157,19126,8783,-2481,23171,2633,-6823,6611,4057,6464,18009,526,953,14916,-155,3271,7981,-640,5308,13367,-1987,-2885,13664,11115,-1325,12607,14528,-2880,13276,16817,-740,14934,-3139,6232,9115,-9216,9345,11526,-3077,3340
10021,16481,2311,23987,17100,-2727,16583,1954,5648,5375,-1664,7884,10861,-12245,3515,13458,6899,505,19278,6855,-1327,21780,5837,-4048,8623,3438,-461,17943,451,6974,12576,1137,4029,11110,-2788,1633,11627,-599,-1641,11852,8904,-3305,12261,15245,290,18157,18276,-4055,16004,-2567,7142,4315,-7578,10230,12619,-5532,1135,17394,4526,-2081,15106,7458,-3950,15860,5100,-4532,12569,9239,4902,15554,2518,10987,13465,-4995,7329,6127,-5566,-1258,14308,3098,-6642,16136,16105,2095,15263,19766,3380,12349,13713,5470,17904,-5551,4458,10077,-11756,2049,11463,-2263,-3187,16829,4862,-5515,15779,7836,4986,14008,3479,-3137,16640,2214,388,10581,730,2514,11464,-3177,3222,7612,3909,1035,15229,1138,-1950,11797,14069,6506,16336,15901,606,15326,15653,670,12121,-720,6750,16378,-10450,5798,7041,-3050,4539,17836,5386,-3935,18384,12104,-330,19557,-908,-3042,6926,4230,1953,19439,1337,3557,14501,-807,5432,6929,-2137,2976,11205,892,-5798,17263,13973,1163,14080,16257,-1343,9525,12605,-3557,11046,-6056,10287,13188,-9706,10155,12088,-2083,-1545,13900,5660,-6696,17851,10223,-3135,14746,5871,659
5332,-3974,11397,13039,-17554,3825,11041,9545,-2902,20774,2519,759,18422,9463,-2854,12898,1543,-5168,16326,2299,6002,12379,1403,7465,10594,-6168,4977,9541,-1675,-1833,11989,8106,-7186,9163,20217,1718,23245,21447,-4793,15627,515,6229,1644,-9321,13558,11044,-12030,3482,17889,2777,-6155,15275,9234,-5918,18590,8141,-3025,11842,8861,4834,15928,-2090,8994,10218,-1222,9220,11654,-9029,1657,10873,5574,-11028,16108,11047,3462,10500,25294,5308,16858,16320,5465,19687,-2342,5087,7168,-12535,2649,7647,-9495,-2678,17425,4551,-6254,18236,8851,2738,15922,5251,-1861,15668,1380,-400,10556,-1060,-1234,9096,-878,6534,11162,-42,3660,14708,933,-1885,9241,10130,4577,11813,21192,191,20379,20323,-2247,15923,2730,4062,9131,-8663,12025,10532,-13691,3909,13168,8602,-3531,22515,7200,1770,18693,5467,-8264,9804,2838,2049,19229,-1,1305,11449,537,10873,9800,-5478,5125,9825,-1210,-8351,14516,11914,-844,9837,20535,-474,15279,21403,-2857,17547,-4647,7241,2471,-10373,14361,11056,-10840,2030,17702,3986,-9502,16904,10200,-5028,16453,8457,-3789,12592,8485,9109,16996,-652,8627,10967,-6191,10363
16576,8029,-1499,21248,8610,-6295,19366,2302,-6925,7149,5427,-587,22279,-2220,3605,10035,-991,13607,7491,-8116,5886,8945,1044,-9878,16073,15611,-1617,11759,22364,-3103,15647,23456,-1619,18489,-5807,13049,1628,-12642,11610,11092,-11629,348,18068,5039,-7089,17118,10687,-7836,16312,6996,-4816,13918,8071,8636,17729,-1536,8963,8165,-7047,12515,7184,-7711,-3744,13558,6451,-9100,14558,16474,5674,12404,25191,2064,15931,20274,7440,20073,-4631,5652,5900,-17067,2236,8342,-10354,-4192,18250,6743,-4142,18287,8815,254,15706,2718,-2478,15306,2255,-434,14089,-834,2212,7259,-815,7108,8635,-3206,609,14051,1284,-702,11010,11811,5452,9782,23862,-3253,20791,21029,-2059,17130,5249,8589,6573,-10961,7024,11667,-16004,7829,12977,8516,-73,22015,5565,-5239,19790,4306,-9238,8807,4819,673,22283,-1562,4487,8594,1911,11432,10035,-11044,5603,6741,734,-6495,14685,11268,-3884,11043,22556,-2811,20188,26138,-2576,19264,-3088,13297,-2570,-10433,9825,12903,-15127,-193,16085,6268,-2151,18574,7621,-7891,16689,7015,-5929,13996,8188,5507,16767,-637,11773,7415,-2327,10185,12431,-12556,-930,9477,8176,-9642
[row took 94080us]
16981,11073,-13561,17310,-1473,-2481,9474,5576,5742,16615,1336,6497,15007,-5722,8166,6454,-3997,2066,11324,2554,-6574,13826,19485,-5806,16658,20609,-1801,10268,17989,6716,10935,-7391,11036,13517,-16088,3784,10551,-3107,-787,16665,6153,-1847,19119,7023,-11440,10300,8734,-1230,17112,2907,14623,13589,2712,7367,15887,-12045,4996,1519,-2186,-2195,16073,7628,-5663,14768,20208,1153,13542,23177,4605,12832,15033,9962,15252,-5323,3103,11828,-18471,-1906,10388,-4645,-2999,16885,6919,1339,18259,7368,-3338,13863,1319,-2934,15895,2284,5378,13789,2306,-3102,10094,-3685,5930,5091,-1254,2954,13322,3727,802,13704,12867,2640,10778,22520,-2766,20601,21584,3007,14435,2906,6381,9330,-15952,5109,9810,-11726,8305,16008,7857,1469,18511,6605,-9118,17617,2943,-10686,9848,4368,7705,21381,913,3574,12081,-1314,8641,7168,-8129,8468,7361,1340,-6907,14824,12424,-10118,12353,22733,518,16967,24463,3996,18741,-4870,8333,2962,-12061,5946,10657,-12554,3698,15366,7515,-904,19586,6114,-13267,14433,7066,-6769,14944,6860,14658,18441,938,7251,7190,-4369,6261,9714,-10551,3767,10137,11302,-9814,18299,8708,856
19647,-2383,930,6768,4559,4,18278,1218,4584,14212,-4466,12086,8324,-4199,1237,9444,3575,-11016,16901,17724,-1094,13080,21744,2660,11432,16111,-1259,10466,-7558,9208,14489,-13644,9393,10971,-3534,-1965,14688,3148,-7165,17230,10290,-5018,16539,7084,2776,11543,4738,7338,14776,-901,6145,15609,-8782,10370,4138,-490,-3567,14908,6000,-10950,13122,19069,7196,14829,21126,9338,11637,15969,-2139,15387,-5587,5975,10969,-15507,3090,12644,-6261,-4786,14608,7578,-1052,19481,7957,77,13927,2759,236,13875,965,-920,12909,1300,-2907,12259,-2514,10937,6429,-494,17,11726,3357,-3509,13824,12573,7286,9750,22040,826,24595,19354,-1591,11092,2153,5853,11757,-15722,9922,7076,-8951,6177,19676,5881,-4877,16021,9940,-4849,20030,1392,-3455,7455,5630,-1082,21295,830,2323,13139,-2091,16233,7518,-6080,3955,7780,422,-11988,16041,14054,-1023,10705,20869,2188,15749,22325,-5298,18013,-6850,9398,4480,-11131,13891,10867,-8678,-1683,17012,3420,-8573,15133,9475,-3166,17537,8077,-3986,14622,7953,8594,16722,-1382,6155,8385,-7352,12487,8049,-5175,215,12631,9395,-14462,16478,11831,8215,9431,23477,6673
15569,2838,4064,10611,1909,10029,11811,-8708,6814,6977,-1160,-7354,13445,7124,-2413,10643,22482,1616,23608,23814,-7312,13121,672,7008,-2621,-7107,14793,17220,-15008,-171,16600,3040,-3823,14006,5350,-3188,18560,10781,-4754,14668,7705,503,12708,-667,11893,7453,-2134,11427,16787,-10889,2558,7123,8437,-12268,18422,4201,2255,4745,27773,7044,24585,18280,-736,14696,3461,9538,5182,-9319,4646,7238,-15355,-5268,19359,1500,-3167,17905,9114,1934,18863,6934,-1305,12734,2706,-1793,10646,-90,54,11832,1029,4826,15659,-3301,5210,6804,1455,-4508,10049,4559,5704,11185,20507,3652,22887,23397,-4639,15931,7888,3621,3690,-3453,13662,14905,-21738,2436,8852,7467,547,25407,509,-305,18282,14725,-8236,14458,-1652,-4005,11878,1696,3028,10900,2993,9892,16596,-7936,11200,5135,-939,-7274,12222,4765,-4525,12760,22827,-191,23425,21806,-5513,9613,4204,6233,-252,-7058,13591,18407,-15510,2064,13920,2393,-3489,16022,5478,-3133,18473,9958,-9222,12946,7260,1929,12487,59,10646,10241,660,11344,17412,-12495,5941,4913,6636,-10512,17846,5107,-1720,7705,27449,5762,24629,19012,614,13653,5203,9759
16954,-6033,7455,5189,-3138,1922,11543,3489,-6794,15896,20151,-4527,17748,17104,-1821,7568,13193,5064,9417,-7530,10153,16415,-13468,2989,9826,-606,1130,16537,5551,-468,16946,8959,-13212,13773,6049,1392,13064,3385,11291,13435,2513,6254,18352,-11511,6510,707,664,-2270,16054,4994,-6628,14048,22974,2579,20088,18880,5696,9982,11745,7570,12063,-6341,5627,13016,-14948,-4503,14557,-2529,-2251,14217,9140,866,19703,4535,-3600,11866,4201,-890,15963,401,3496,11906,2768,1248,14987,-5825,2396,1949,2946,2327,14249,3563,3216,13749,15356,-280,16043,19001,-1087,15986,15632,5127,9133,558,5676,17848,-16866,4911,7428,-2846,4567,18802,4381,-494,17770,12528,-8003,19320,-348,-3149,8000,5050,4636,17956,1307,4504,16492,-4257,6805,5624,-3512,2902,10118,3112,-5360,17677,16662,-3719,13672,17265,-2313,9180,16864,2771,13910,-7385,9811,12620,-13188,3792,8616,-2511,1960,15704,5863,-2673,17993,7707,-9454,13727,5433,-467,14404,5997,12145,14045,1753,7392,16833,-10007,5203,-356,-437,-1176,16960,5399,-5874,15647,19697,37,16050,19350,6475,9298,14849,7638,16635,-6783,2683,11784,-15386,-3014
9450,2595,-4632,15508,9948,-9134,10336,20281,1998,19327,22059,3253,18269,-2897,5720,-81,-11258,6457,11748,-11712,3253,16794,7831,-1563,18852,4683,-8585,14605,7106,-4988,13070,8887,11399,18810,610,7161,5643,-1384,3433,12083,-11543,5932,9465,8903,-7966,17634,7447,-957,7425,26219,5239,20260,19467,7575,20404,-1164,5404,4799,-11852,-1811,7855,-13540,-15,16490,5510,575,19808,6238,-5424,16620,5945,-2309,13975,3651,2853,12910,-852,-263,6786,1376,2363,13679,-4321,8691,12069,3206,-138,9347,7204,-3236,8790,22228,1958,22823,21658,4360,18697,6080,2447,5118,-6500,6629,14166,-20798,5429,8184,8742,4290,24695,65,-6967,17789,13085,-9096,13650,1809,4421,16499,550,1284,8398,3305,5604,14108,-8960,12033,6844,867,-4004,13330,6801,-8093,11012,21980,-1897,23094,24435,1232,15219,1641,5742,-891,-7517,8636,16891,-18099,6683,12651,5446,-3232,20028,2613,-11031,16678,10684,-6177,12595,7729,9682,14470,-844,7356,6727,2367,7432,20180,-13536,8347,2598,8775,-9913,18414,3718,-5374,7000,28971,7568,24464,18760,8635,11534,5411,6359,5164,-9660,-914,9627,-17488,-827,17605,1058,-318
13952,12111,-4818,12872,22228,2308,20880,22833,-1331,17434,-2261,6523,17,-10026,11117,11741,-13487,2102,16663,6768,-5875,19111,5742,-6935,15166,5304,-186,13578,5442,3994,17103,1549,7618,7520,-197,12227,14305,-11637,1463,6956,8307,-12680,16861,7539,4115,8055,28792,6556,22766,17062,2082,15166,2730,6414,4570,-10885,1928,7656,-13517,-774,19528,3292,-4822,19616,8552,392,17552,3757,2437,11895,2057,-4054,11778,-1498,-708,11523,2245,6852,15875,-2119,4590,7077,2491,-2562,8767,3914,2408,11459,21926,3846,22411,18804,-1370,15402,12533,1890,4574,-5771,9004,14086,-17584,5963,9213,4661,2301,25000,-182,-3342,12661,14436,-6376,20506,-3990,-2536,7365,4867,2531,16271,1287,9567,14231,-4577,10315,7036,-2531,-4292,11261,4004,-5778,15173,20017,-3109,17657,20078,-1896,10139,11495,5119,5924,-6676,11494,16736,-15022,4122,11667,158,-1375,18334,5105,-5866,17059,9281,-7311,13848,3593,3646,12053,3946,7127,13647,880,11495,17742,-7749,3993,2110,685,-5825,14532,5097,-2849,14124,22522,4378,17348,18955,6349,8591,12939,3089,12198,-7016,4799,12811,-14720,-2097,14385,-2900,-3469,14895,8318,1512
15096,16796,-3209,19603,16920,3922,9518,4255,6228,2421,-7047,4346,17525,-10752,1375,15146,3997,-1329,16718,6076,-2793,16006,8259,-6538,12284,4996,7791,13612,-575,9868,8800,2778,2071,20338,-8167,3314,3885,7643,-2302,17467,3194,-2211,10707,23707,5154,22186,12256,5668,7344,7418,5214,7162,-7952,-2310,14206,-9298,-1949,17721,1018,3582,15029,7013,-1561,16539,5864,-3675,14228,2254,1744,12050,253,948,9511,2119,1238,17285,-1415,4793,6318,4825,5886,12091,1020,-2143,12504,16030,-4167,18273,14865,3860,11700,13200,3910,8464,-3350,3344,18869,-10814,7885,11187,113,5813,15351,3240,-5865,14130,13230,-6215,20860,-1536,1947,6655,3308,6115,14718,1502,1427,17743,-1092,5427,8827,-136,3203,9288,2392,-8566,18524,14776,-2122,12781,14058,4437,5519,11808,2018,10633,-7670,3794,17057,-8451,3533,9992,500,3982,12338,4202,-5834,17226,9137,-5512,16977,4381,6255,10634,6816,8170,14155,1405,1585,19063,-7497,4943,1614,2741,1727,15990,3596,-5243,14936,19459,1867,17097,13603,8954,7459,10403,2566,15728,-7102,-1354,15141,-10340,-226,9926,994,1914,14526,5819,-1723,17649,7508,212
12886,6019,73,14955,-3242,1291,10342,-5247,4728,7389,5360,4341,16571,3160,-5826,18014,8112,-2454,13641,6715,7005,11430,5701,4413,15814,1511,2984,15665,-5354,6732,2846,7067,2191,18165,3306,-6239,16478,13571,-2106,16901,7263,10470,10196,4017,2597,17145,-2501,-3375,14970,-6503,3566,7074,5329,1935,17053,3989,-4710,18052,7225,722,12786,5898,6305,11818,824,-2506,13451,-1352,-760,14672,883,2884,7664,9584,4711,14162,4658,-1518,15464,6409,-1006,14921,7240,8226,12733,5309,-2858,11529,1620,1639,20536,-7450,8057,2423,9983,4110,20990,-511,-2424,14716,14155,-3237,19441,-443,8489,6718,3852,-907,17496,-41,-2228,16985,-1539,7233,7928,7201,-153,13696,4278,-4727,18524,6679,-777,12371,6816,6430,10455,615,-4256,11425,-861,1230,18610,-1564,6644,8524,7701,140,13158,2961,-1551,17176,6719,-942,14293,7082,8441,14682,986,-986,7697,3820,6043,21647,-7056,4919,4784,12792,-490,19476,2521,832,14914,14354,-2005,15774,430,8366,11573,1190,-1494,13938,141,-424,15938,-2028,4390,12336,6635,-1753,12422,4394,-1749,17737,5153,4616,14156,6329,-37,12162,-1986,1295
18637,4681,1908,11153,6709,127,14428,3314,1090,12063,6554,1695,13648,3833,5671,19212,-3778,6339,5859,5726,1304,16971,-631,-1663,15373,14798,1146,20667,3634,2099,6972,4423,2639,15985,-973,-171,15725,-3547,5398,9363,5617,-3194,15048,4397,-2181,16296,5462,3415,11734,4590,-142,15940,3084,-1534,9152,2652,4901,16161,-2769,3450,9631,7877,-3841,13509,3652,3403,13037,7685,4004,18477,9414,-2426,16524,2197,1362,4184,977,10136,17878,-4242,2501,15211,8539,-1636,14448,5178,3281,15685,6704,210,10036,2139,-653,16777,2177,709,16068,1027,5096,10076,-71,2093,14410,2685,-5169,17195,7426,1737,11961,7530,3188,11594,8868,-3836,15164,-2979,3987,12304,-4430,5624,9154,6573,1960,17505,2516,-4471,12266,7730,1068,16471,4160,2691,13207,7582,-1098,10635,4767,6976,19597,-5950,11231,3429,4843,-5019,17352,-2370,-2492,11295,19207,6561,21707,8277,902,11931,3174,1082,8838,-3549,1590,12855,-4687,6987,16120,3089,-4443,13928,6473,-4973,15353,2200,4584,7884,8430,-1332,20183,3954,-531,12596,-860,5438,8574,-3219,3067,12795,2597,-1158,12047,9723,-1913,11672,12423,6026
16051,-11135,3137,7837,1178,-2131,15284,7131,1385,8161,26309,-3514,17093,23434,2415,18621,2069,9818,10309,-12525,5877,6721,-16005,-4311,16760,3110,-658,17575,9759,-1647,18199,8668,-7986,10468,6243,-219,17035,-4796,8356,5407,-3668,1268,9117,-2539,3354,17203,247,-821,4648,17034,1399,18109,22973,271,19889,21813,1813,9482,-1768,8401,12659,-20607,11409,1162,2214,-5861,22117,-6641,1651,14150,22228,1347,25048,-779,-11415,5641,5613,1548,16696,-136,10470,17674,-5677,4188,1195,-3248,1734,14095,-3019,246,11615,19610,-6018,22992,26886,-5267,15603,8499,2076,3384,-3158,15616,14801,-21008,7742,9036,-398,-7050,16694,3559,285,15583,17589,-7591,19874,11069,-3137,13183,1441,8338,8801,-4249,15646,17311,-12461,931,7506,1849,-7453,15361,4921,5369,7044,27569,-198,17541,24239,-250,19587,1732,9746,8176,-11522,9768,7225,-18771,-5695,15256,4153,-5141,20331,9701,124,17507,10943,-2046,12675,5456,-4422,14788,-4188,5266,6283,-4195,6817,10757,-2829,1384,17027,-595,-4838,4124,15131,7017,18092,22818,1175,20871,25498,-2377,12424,-2187,9293,8343,-16760,13485,3585,-4777,-3423,21947,-3600,-3196
14484,14623,4929,12591,-3711,2586,7178,-19273,5433,9639,-4310,-2932,20626,7567,-5546,20196,12225,-2389,11815,6018,697,14376,-1610,458,13400,-1777,1006,13064,-5603,8166,4574,1618,-1129,12297,2750,-3186,9569,20417,3114,25037,24893,5099,17606,8537,-1068,2256,-1917,11020,16021,-22550,7888,3339,8358,-3383,21879,-586,355,20915,16946,-6770,14884,523,-857,14717,2507,3170,13332,661,3963,15706,-7690,6570,5215,958,3792,15406,1111,-11686,6751,21232,212,24023,22276,3055,14979,7225,762,3189,-9345,10797,10141,-14414,9213,14293,916,-5561,16034,8179,-8337,21240,13476,-6645,12014,10988,5062,16332,-2714,12758,8510,-4666,2915,14028,-10642,7393,8029,3097,-4462,18049,10457,-5579,9798,25798,4468,18431,22483,6207,19906,-890,4879,7915,-14150,4940,5742,-13241,-63,16349,6201,-6815,21000,11537,-1997,15833,7465,-2931,14184,3004,4571,13995,-4495,1891,7481,-2899,374,9982,-1113,6802,15576,-939,-2623,6807,14754,-2177,16562,20406,4055,18634,22744,6762,11684,-355,1742,11074,-13540,9774,7286,-5782,3910,18501,938,-2709,17671,16809,-5604,24627,66,-4087,3010,5937,6729,21647,-2221,-1612
16759,3991,-3582,17773,9638,-779,16504,5498,-4123,16314,3758,3671,10804,76,3359,11194,-5383,514,8855,3194,3826,17017,1434,754,10289,12375,-308,12494,16425,-628,18249,18058,5849,12887,2298,3950,15523,-11135,6473,4078,-4275,6564,16599,2000,-2987,17190,13388,-3759,22094,-489,-5771,6759,5002,4920,19741,94,3278,13775,-1683,4359,7209,-2317,7009,13112,707,-5433,17946,14689,-5844,10270,15930,1687,9099,14567,-1096,10789,-4440,7696,13682,-10870,10557,10316,1192,-331,15990,3302,-4267,15709,11448,-8328,17192,5662,-640,12048,5512,10310,11495,1872,11759,20301,-12444,3517,-113,2309,-3507,18639,443,-4960,11440,24636,-492,23205,13706,6779,10723,9441,8407,11111,-4530,2424,12159,-11704,-952,14148,1980,-5484,16909,9468,-35,17743,7212,-362,10875,4617,-1151,16486,-2738,3578,10200,2256,3062,16696,-3356,-1642,5638,4334,1708,11661,2143,4314,12223,15069,1907,21547,15110,-2032,15026,6613,5345,2494,1968,7292,14638,-13765,4763,9902,6155,-1054,21788,3302,3256,17654,13342,-9470,14436,-76,-2332,14768,3284,10652,14703,399,3648,12465,-2396,3127,10216,-574,936,10931,5904,-6634
15697,820,-2624,11839,832,7707,14963,-2979,1620,6581,4361,-2572,11537,3350,3368,11716,15417,4422,23686,13709,923,16033,6624,1023,4797,1436,8044,14872,-12930,4871,10620,7200,-2710,22709,2878,3478,17249,11262,-3121,11940,-2135,-3109,14911,3760,2514,15284,1812,4441,11355,-3651,6362,9797,-2111,-903,12257,5499,-4758,10040,16110,4082,19954,15084,-6771,15030,3005,684,5299,-7539,12979,10261,-4122,5023,18622,2316,-2792,14208,5707,-5076,15505,7398,-957,13262,8990,-111,15159,4096,9621,13350,-3290,10236,8422,-6241,2441,13298,1076,-9102,17025,13147,-583,12568,18319,6825,12382,14344,3405,19990,-2795,2008,11353,-9662,6376,7735,-4626,-2668,15532,3048,-8351,17117,8416,4334,15144,4407,397,15275,3395,-1916,11453,1230,1834,12107,-2128,5346,8246,2965,2207,15257,543,-4396,11728,11834,4757,14791,15822,4606,15775,15763,-1004,11694,398,3022,17404,-9486,9418,6039,-2346,4114,16478,3359,-5809,17427,12669,970,21314,-1072,-1092,5846,5155,-421,19479,1073,1055,14480,10,9120,7311,-2846,3483,10989,1311,-7137,19104,12541,-943,11725,15997,3733,8942,10910,-7958,9063,-3447,7108
15952,-227,-4201,10098,13175,650,16815,14495,8265,15972,15780,1285,10928,526,-936,18535,-11544,10171,5158,-821,6164,18892,1035,-5407,16454,15191,-3151,22024,-1260,2039,5498,5774,1068,19822,9,-2449,14523,-45,8705,7110,-1999,5983,11381,393,-7703,16592,13635,-2430,16111,17038,5311,9364,11034,-7180,7523,-5500,5967,13662,-10882,13629,12327,792,-1370,16464,2960,-4368,14770,10806,-6561,16068,6049,3838,12668,6084,5040,11912,2510,9497,19472,-12645,6005,75,4687,-2120,20681,1111,-6030,8941,25840,939,23075,14429,9223,15293,6709,2678,8920,-6454,829,8838,-12900,4106,15499,1629,-4314,18606,7529,-3344,16717,5799,854,10373,5141,-673,14536,-2016,3020,11077,162,314,14990,-2561,6469,8725,4419,833,9687,3035,-5141,9570,19021,4564,24339,18230,5463,17866,6561,322,6350,-1900,5524,11293,-15963,6990,9847,6896,608,23100,2625,-2333,18904,10556,-4491,11796,1510,2202,16439,1935,2093,13481,1089,39,11725,-4915,10979,9173,-1776,339,12342,6191,-10636,9120,16912,3513,19512,20817,-2136,17421,1518,893,4201,-6794,10075,10828,-9189,7778,14624,3183,-1830,16829,5907,-9235
15885,10109,3130,5271,-1543,5736,12204,-17321,6012,9162,5037,1025,23620,2826,199,19515,13669,-8889,13466,-511,528,13530,3484,8100,14593,409,-284,13084,-3512,5883,8819,-1358,4269,10626,5419,-8032,10952,17120,-408,22018,19861,-1136,15129,5395,4507,3476,-8155,7711,10109,-10719,4352,15379,2991,948,16512,3884,-6780,15814,11393,-7995,15821,7805,5384,12810,3405,12641,12781,-3945,4128,10857,-8948,6094,8790,2864,-6316,17393,8881,-3436,11047,24411,3251,18944,17044,6368,19674,692,7297,8478,-11955,2086,6152,-8413,-4069,18037,3981,-2416,17484,9341,-40,16081,4148,-3844,14640,3637,2210,12138,-250,3229,10427,-2172,-414,10814,347,4611,14130,1305,2304,9889,10604,553,11936,16233,-942,19401,18844,4565,16129,2946,2759,13075,-7792,5838,4983,-8304,6277,14690,2984,-84,18645,11294,-2973,23733,3315,-7052,6821,5093,5800,19234,-815,1241,12249,-692,4380,9356,-2506,7192,11488,-999,-2810,16454,12028,-4042,9383,16998,-1682,11774,17109,301,14077,-3176,5461,11657,-11162,10006,8775,-2498,2503,15891,1911,-5722,16153,10577,-4403,18146,8014,-4931,11109,6573,10809,13626,2165,7970
14888,4297,3126,20296,7296,-1345,20211,6098,-3721,9401,3574,-470,18026,-188,4473,12214,1096,4901,11228,-897,3568,12817,-1806,-1998,11763,8876,-3921,9267,13984,-54,17616,16086,-2982,15320,-106,5398,6080,-8263,11121,8025,-1947,1202,19273,1605,-2204,15598,8978,-3245,15787,6319,-6206,11331,7569,6895,15303,3722,11957,16420,-6442,7893,4252,-3175,-1548,15153,745,-6526,16219,16660,-235,16779,16519,3614,12051,11949,6668,18085,-3719,3521,11105,-10698,1775,9223,1239,-3037,17529,3450,-7105,15725,8789,6805,14465,2986,-1367,13742,2787,-145,13041,760,3271,12095,-3020,1147,7429,5099,856,15225,2139,619,13605,11894,4399,15035,11423,2728,14076,12259,-3405,11458,667,7354,18215,-9677,6840,4159,2622,3804,17493,1368,-3982,16017,15003,267,21334,-1846,-1888,7536,5597,-472,18392,1060,7050,15059,-2281,7136,6120,838,-3594,13968,1827,-4119,16447,13317,437,15423,10915,1715,5932,9012,-5490,8580,-4987,11312,15639,-6151,8408,13226,2067,-6516,13588,4494,1297,15312,8991,-2484,15072,4577,-638,14531,5579,5103,11220,4260,13788,18833,-9934,1662,3429,5222,-5612,18999,1718,-69
11453,4146,850,16455,1621,4497,13274,-2059,7745,8608,-574,-2717,12779,3554,-7171,11548,14092,5417,21639,15277,-270,12853,5251,-2116,5830,-6778,9435,9853,-5474,6507,16792,423,-4146,15312,5917,-2324,16250,9029,-4897,12670,9842,1513,14252,2615,9790,14297,-1291,4742,9820,-5939,10158,12148,924,-7211,16631,8242,-5834,11672,19580,5481,14788,14904,4825,20264,303,2790,11895,-10302,5768,5009,-3896,499,18261,1268,-8476,15539,10198,-1401,16425,4230,2575,12758,5235,1174,13352,409,942,10564,-3179,1858,9540,3092,5308,16190,991,-3193,11442,11657,305,13280,12510,6490,16521,15878,1059,12240,-4,807,17740,-7682,10634,3902,-54,6247,17893,-225,-6232,14694,14649,-2055,23500,749,-2359,6723,5662,4906,18687,718,-165,15246,-2574,8654,5140,-2,3606,14809,-779,-8590,15312,13098,-5532,15831,14044,7900,9104,10020,-4199,8520,-4074,5011,14387,-7233,13410,14096,823,-4977,13481,2044,-1873,14617,11777,-5273,18497,7726,2867,12894,6238,8243,9990,539,7634,16877,-10365,4264,5321,4553,-1346,19588,1006,-7548,9280,22116,2394,22354,10989,8052,15352,7631,2514,11699,-7832,3512
16304,11431,-1339,12428,10126,-509,10687,11814,-2204,12781,-1537,3172,14524,-7225,9213,10911,3402,1954,13104,974,-3482,14163,9352,1685,17288,7858,-7520,15295,5011,5038,8829,5155,11944,21394,-10034,5491,1987,3743,-2608,16939,-2598,-952,13265,22115,-322,22991,8621,2349,10888,8650,1881,13125,-4005,6904,10641,-8652,4531,14417,2587,-8499,16874,7374,-286,14889,6310,2176,9528,5207,-3919,20682,1404,2500,9668,721,8159,11716,-2509,-1438,12552,4241,-1575,11704,6879,894,10834,9212,6311,18570,17275,-1618,20325,-903,3752,4721,1106,10056,11988,-6627,1390,13329,4362,-800,19696,9058,1730,19704,5663,-1331,8366,2592,-3893,16152,2335,5032,16463,-221,4487,8154,-681,3708,11913,-2621,-5332,18669,11331,-501,12551,11911,4632,9886,9860,-6457,11796,-1622,1722,14941,-6826,13733,11787,3227,331,13319,2215,-6441,13447,8463,2278,17095,7804,-2115,16379,5659,1494,9458,4584,10465,19448,-9290,9480,4419,2611,-4647,14813,-1377,-4961,13311,21708,2074,20657,10250,4583,14912,5468,191,11077,-5039,5911,8926,-6651,6137,16563,1299,-8341,16540,9275,-3710,15199,4669,2928,7029,7064,356
22499,3614,6028,11693,5694,-2347,10881,4568,-6385,14279,6584,1121,16238,8753,8457,16221,-4330,8247,8619,-123,3962,15806,-4964,-2065,15441,14050,-1200,14983,13503,-2321,8707,12211,2113,16892,-1058,7800,14521,-7261,3953,9806,-1150,816,13733,3913,-5524,19632,8288,-2550,13683,3902,98,10716,3002,-744,13503,2730,7973,11714,-4863,2017,5135,1672,-2664,16605,1662,277,10489,15155,4596,21677,12028,2603,16002,11086,-324,4084,-2276,9622,14290,-7809,6086,16353,3753,-5838,14678,6235,4428,17666,10436,974,14678,483,-4716,14806,3554,2103,18531,1355,6136,11505,-899,449,9386,-3548,-178,13109,5852,-347,11272,13027,855,16166,11321,-2402,14701,1459,-623,10936,-7762,7709,6539,5051,8628,20543,542,-2706,12135,6603,-2870,15207,5176,-2483,14035,8753,-2508,11966,7114,6963,18223,-9148,16878,3425,1446,-2439,15695,-6213,-6559,14380,21806,2602,22035,10783,1296,8981,10803,1808,10055,-2907,4671,11208,-8811,10495,15728,-2026,-5795,14586,8649,-9382,17554,6314,3903,9312,6156,-1153,19025,3699,1006,15405,1403,6665,6654,-5325,3332,8210,-1576,-2007,13107,8953,-5040,10502,11252,6928
12080,-7875,4002,8925,-5192,-2344,12907,5562,-304,9570,24689,-3927,20173,21534,4317,19825,4551,7609,9943,-8317,4523,6649,-16933,358,10735,4348,-2992,24044,6518,-1108,15840,10438,-7268,9632,4550,-1681,15273,85,9243,10899,-3872,1171,8228,-2895,4969,17521,-29,-2232,9006,12536,-1348,8066,19218,2177,18878,20549,2689,13705,2216,6814,15066,-10994,12365,3462,-6667,-1052,17859,-831,-6847,17501,17172,5770,25476,56,-8054,3191,6307,1694,21489,-2291,9254,14162,307,2122,5515,-3077,-1980,10626,-2156,3413,19877,14349,-4896,12580,17662,-997,13190,14116,-1303,7030,-1991,6964,13676,-12047,11753,10733,-735,187,17094,1586,-4359,13443,13945,-5153,21185,6102,-2753,10236,8665,4183,14600,-3338,18269,14204,-8971,1499,8490,-1932,-7990,13876,1695,2308,8500,25764,-2236,24684,17130,4224,15707,8458,5712,9899,-7913,6395,5040,-13178,1568,17863,1761,-7526,20003,11009,-1889,15290,8074,2991,9324,3755,-5278,17847,-1805,4337,9848,-824,4853,11461,-3021,1933,13342,1543,-2983,8390,7006,1167,10769,18841,6453,23641,16840,-1344,16689,4816,2112,6471,-6789,13086,3931,-3979,2662,17629,14,-3630
[row took 92687us]
11002,3405,291,16423,-608,875,12150,-3809,6489,10660,3875,-3500,14968,5850,-7915,18176,5887,5840,12058,6886,3483,15632,-1698,-1618,8542,-2075,3844,12994,1442,943,17302,7391,1622,9872,5606,-1955,13705,7712,3939,16385,8961,4208,12967,1224,2263,13536,-1010,2680,11754,3324,2713,16388,2707,4483,12338,8907,-2994,21695,4908,1506,9343,2861,4544,16185,-1264,-2804,14907,-2181,-1198,11021,3879,7006,14073,5251,-1218,16939,5696,-3131,10025,5926,2969,14265,1766,-551,11117,2755,-366,14744,-1563,3749,9793,7706,4620,14735,3227,-510,15340,5671,-1128,14279,8198,3325,17342,1669,2016,6831,3784,5437,21618,-7603,5034,5926,9863,998,17374,2180,1687,17544,13429,-4507,15069,1808,5146,11646,2606,2772,16294,-259,2496,11276,-82,-471,13169,3605,-379,14449,6952,-3089,14753,3216,2193,12287,5532,-84,15279,715,2701,10522,-1136,3230,11699,5307,-116,19404,4800,2784,9853,6710,-343,12939,4779,1417,15176,7052,2712,12042,4821,2415,18305,-3628,6886,7040,7478,505,18369,-402,-292,13868,14508,1184,19643,2235,456,8746,530,1589,14479,1015,1949,17713,-1260,3465
13083,4487,4634,14559,2593,-2108,10511,1103,1894,10983,-2121,5047,11876,5295,2182,14451,3945,-6300,10323,10317,5675,19431,12451,5464,17466,1074,753,10997,-4558,5247,7546,162,7606,17086,2739,-3954,15547,11270,-1327,20774,1239,311,6292,5653,1632,17740,2945,4965,17714,1392,1911,7800,-1174,-51,11916,-2598,-71,14420,13271,-4512,23072,11683,4365,10611,6481,1212,7118,-5867,880,10147,-6066,5591,17424,5136,1773,16790,6375,275,12913,4766,-4633,10783,9812,2043,19099,8450,4285,14878,2734,8756,10101,-8839,3535,8345,-2069,-1904,16164,7210,1412,14635,19369,-156,12124,15801,1341,18954,-3566,6691,12149,-5206,1741,13163,-8566,-92,9828,6536,-1645,17351,5324,935,15365,4425,-5540,10809,7610,-927,16152,829,6069,8263,-3790,3628,6220,-2562,106,19247,609,958,8000,16499,590,18286,19267,619,22053,12932,1553,6494,-2,9575,16405,-20117,10600,4225,7390,-8641,23884,-3590,2742,13774,18214,3821,20307,476,-10424,10581,6086,851,17454,202,12568,12432,-3143,-2196,4060,-3914,2612,13213,3010,1409,11109,16913,-3460,22667,19951,-4220,17461,1900,2633,6015,-7501,8387
5647,22938,-1539,25638,21829,10525,16464,13326,-403,5767,-2900,6812,12681,-21568,11495,5807,4521,-6810,20637,331,1567,21552,17382,-5656,16583,610,-1943,12645,1688,4903,13224,-755,2626,15516,-6023,4967,5417,-1737,8439,12374,4485,-10824,10845,19534,-3084,23427,24656,3063,17591,5044,2035,1690,-8037,8472,8481,-14430,12656,14499,1109,-2667,17440,5827,-13128,18483,15537,-5959,16344,9819,5207,13975,2112,11913,12655,-8505,7809,8191,-8334,5030,9344,-3282,-5729,13847,14691,-5874,15879,27304,2577,16957,21363,11590,15743,-953,5224,10307,-17506,1925,7060,-13559,536,14423,5820,-7766,22421,12090,-3705,14208,9531,-2643,15941,3083,6479,14904,-3089,2696,8893,-5239,2212,6701,-18,4255,16065,-697,-2308,5919,18007,-2971,18959,21733,4248,18623,20108,5079,9184,313,4981,13184,-19121,10130,2765,-2836,103,21081,-2973,-2119,19149,20275,-3898,24350,-147,-5486,3926,6743,5201,17644,-2372,4990,16453,-3408,1781,4678,-2740,7710,13013,14,-3775,14119,17990,-10655,17237,22548,4146,13687,13696,1744,4902,-4943,9395,11910,-19161,11041,9417,537,-2211,20815,1363,-4664,15607,16546,-10326,17897,9153,464
14055,-19671,5627,2759,-2506,5954,21583,-2929,-1081,15796,18385,-6309,24735,-130,-8031,4102,8739,1472,21088,-1970,9344,12772,-4974,4346,6079,-3036,7889,14158,-1567,-5326,12053,18023,-8809,14547,21345,79,14034,20189,1110,11855,-6712,13728,7468,-19097,10412,9129,-3144,-4820,18811,133,-4309,16129,18018,-6855,20164,7291,-5487,9730,5684,11658,12974,-975,11860,19446,-13062,2913,896,1068,-3038,18112,-1057,-1609,7227,25879,-1936,23031,23847,7050,15918,15019,8792,11639,-6102,6085,8749,-25826,-699,6987,-323,-6372,24559,3157,4950,16416,15070,-8514,14305,2174,-3989,11347,-1350,4028,13419,-449,1566,16255,-6680,4153,1938,2541,2280,12680,2288,6269,11216,21776,-3363,21512,23913,-1496,17242,15144,2753,7321,-1841,7610,16219,-24488,8571,2980,3005,5475,22036,-2293,1217,19132,16611,-11038,18671,-1831,-9097,10013,6249,1840,14793,-1071,9454,14610,-8467,13035,3912,-3602,-188,11585,1820,-4417,15081,20686,-7491,16581,25487,-2740,12016,14313,4683,6865,-7934,14900,15436,-20236,6689,8792,-991,-3626,17670,1638,-897,19772,15510,-11924,15594,7920,-7037,12357,959,12062,9451,185,13255,19927,-14997,7252
24173,-2484,-1287,16486,16696,-12743,21455,291,-3874,8071,6906,6361,17208,-170,6491,16210,-7970,7884,5840,-4451,2397,10814,2808,-7372,15233,18949,-4407,13173,24868,-4246,13137,16060,9320,10839,-5861,14527,13826,-16841,-765,8129,-3296,-1238,15919,1824,-2983,17013,14319,-9308,20742,7532,-1194,8404,4089,12969,16039,-5003,9246,14735,-10109,2612,4385,-299,-3009,15995,3279,-978,9738,21927,460,16506,21360,3471,11286,18765,8517,15130,-5803,5989,9712,-17617,-3439,11796,-7755,-2298,14166,7268,2151,20581,10578,-3594,16915,3902,-3943,11561,3050,3415,17032,-2008,1601,10724,-2822,3569,5521,-2789,2172,10371,-681,3233,12909,17015,444,15032,23224,-2182,18431,22238,5605,12487,-1636,10017,10606,-16650,4436,7318,-5637,3685,20964,2889,-234,16861,12817,-11341,22774,1549,-5186,6973,8581,5557,20745,-2775,5109,12402,-3820,8539,7938,-6063,3376,8328,1444,-5149,15468,15587,-4186,8687,20457,-2156,14851,23791,2136,18005,-6833,10989,2553,-11185,6028,8999,-10949,781,14490,5111,-5521,21002,8931,-7214,17780,10589,-4798,12160,6029,12741,17045,-3275,6336,8830,-7077,6677,8844,-5160,2372,11544,8534,-8378
14824,8971,-3564,14040,-152,1564,15749,1557,1269,11681,-1721,6140,9883,-3042,9235,11200,-2028,-5581,10856,7385,-10666,7729,20066,3404,21672,20321,980,11249,2128,2950,-2048,-9207,10588,11645,-8808,2380,18449,3990,-1065,16268,5117,-7407,16023,10825,-3999,15365,5847,7137,14220,1116,8238,9104,-5916,4248,12734,-6005,6763,10841,7225,-9073,17383,5297,-2987,4847,23227,10147,22915,16606,4262,15508,3682,1527,4928,-12162,5875,1846,-8831,-3207,20062,1810,-2976,18681,10644,-1968,16909,6223,677,12386,3731,3222,16399,-979,-1742,8606,-63,2148,12537,-2043,7463,10373,3562,-3129,12734,6602,85,8004,15716,5268,22952,22074,1392,21252,3244,-707,1908,-3417,8014,11538,-15632,7959,13565,8943,-2027,23797,2731,-2007,14704,9826,-3358,14772,1438,2076,15383,2365,-1107,12457,-881,7828,9845,-2774,9385,11209,-2038,-5291,11912,7786,-9673,6666,18801,3498,19861,19406,1048,14687,-1204,189,324,-7949,11884,12891,-7990,4854,17529,3584,-4153,15013,5281,-4461,16612,10646,-6355,15052,8275,8159,15445,972,7338,8349,-5819,4730,11767,-5730,7954,11522,6187,-8857,18546,8643,-2318,4638,21498,7336
19964,-237,-1392,15275,-1725,7974,5181,-3126,10438,11755,-1271,-11090,18348,14356,-5390,8749,16642,5551,6228,17475,-3466,13594,-6658,4977,12686,-10052,10861,9034,-1387,3013,16847,3913,-4496,17480,10055,-10914,15436,6459,308,10103,6920,8232,16107,858,5342,17611,-10478,11707,572,1281,188,18234,532,-12127,13913,22420,-541,16300,16038,12770,9320,13995,5005,14478,-7348,1282,12006,-15270,3564,12138,-1563,-4824,15888,7291,-4035,18608,9199,-2600,13217,3168,3953,11995,1643,3252,15698,434,-2125,13055,-2322,3374,3868,1801,2921,13425,1565,-1276,14375,16813,2597,17273,18378,4297,14935,13542,-555,7342,-2042,3751,18003,-15385,8675,5379,2400,1167,23967,565,2758,15103,14995,-6559,19285,-3392,-2293,5581,5815,1058,17671,885,1,15978,-3901,13967,4740,-2912,1465,10634,2531,-9320,17668,18562,-3374,17107,17216,2603,6154,11117,-2497,6461,-8414,10335,15421,-10714,10822,12646,2887,-3027,17616,3223,-2533,14235,11465,-12325,16275,4116,3989,11445,5599,9920,13020,547,8434,16718,-12199,6723,2400,4151,-2647,19290,2611,-9770,8606,27217,1068,23339,13110,11165,10818,8947,4162,9534,-9148,1703
9796,-1572,-4331,13131,7297,-8113,5552,18434,1596,18296,20711,1458,16206,-1694,1027,1489,-8324,11007,9737,-9021,6190,17361,4804,-3500,18405,6661,-7921,15206,9681,-6345,12693,7632,10536,17005,1111,7022,11331,-5373,6429,7623,-5905,6329,13549,3966,-9122,17265,12173,-3793,8313,23222,5691,15458,16513,9200,19510,-1944,614,7084,-14621,2825,4800,-7515,508,16969,4203,-5831,21649,8610,-428,13995,6032,-2248,13934,3729,3190,14317,-1158,124,9198,-1053,1954,8188,391,7994,15293,672,-3845,11513,10814,-1032,10621,19090,5216,16919,20835,2436,18395,1966,3909,9754,-11228,5915,6491,-8851,7708,15319,5334,-2156,21520,8337,-6285,19007,3421,-4003,7861,5978,3674,20259,-648,1404,10654,-1437,6457,7922,-4332,9543,9960,-339,-8756,18802,11930,-5794,6026,18819,2612,11950,19532,288,16702,-4742,5182,6292,-11279,9209,8956,-5244,3671,16233,4552,-7031,19879,7743,-6422,14191,7886,-3199,11927,7738,13386,17468,1382,5158,13870,-7584,6149,3275,-3552,5337,15060,2435,-10507,17532,17266,-3154,10298,21144,9795,12878,17242,6344,18237,-5641,805,9731,-16276,1828,7444,-4437,151,15717,5199,-4616
6836,15825,3567,6063,16436,-581,12819,-6801,6157,15132,-10936,10420,5686,-1146,1572,15387,3813,-6375,18669,11543,-9077,17431,4615,3191,8194,6700,11465,15606,900,4119,18984,-9216,7335,89,978,210,17279,1474,-10006,15359,21952,-279,15584,15151,13830,8107,13492,4568,15460,-6455,-116,14674,-12781,819,8008,-23,-1913,14174,5048,-2949,19344,9430,-1245,15879,2615,2562,9522,1201,1845,12977,683,-1784,17237,-2428,2938,3194,5641,5430,14964,24,416,13318,15132,-3433,14223,13855,7903,11479,14088,-2227,10813,-1029,2306,18084,-11422,9458,3941,1268,6342,14618,2524,-4158,18902,13749,-6165,20635,-2336,1412,5882,5162,3581,16667,570,267,18701,-854,10114,5416,194,1437,10392,1102,-8374,20509,14504,-5121,8559,13632,7160,3583,12656,-1163,10811,-7041,6469,17777,-9073,8091,6091,2869,-1673,13243,2411,-3745,17938,10810,-7236,17823,3603,4871,8766,6247,8452,13530,2308,5414,20985,-9911,5632,183,4774,-1603,18591,498,-7917,14157,24158,3704,19824,10977,10947,6513,9930,1015,12983,-6991,1354,16359,-10425,184,11673,3210,-2737,14095,5060,-2413,17961,8316,1640,15169,1929,1581
3513,-7910,6268,10282,-439,5042,21956,2845,2099,13891,6849,-9291,12972,6651,-817,11940,7139,6208,17582,2816,8250,13486,-2698,4238,7799,-2507,4275,13950,3383,-4591,16663,9910,-4946,12163,18570,6048,16178,10375,9652,18392,-1568,-1866,8665,-11084,1158,6658,-77,901,19628,2860,-4651,15983,8488,1346,13622,4543,805,13523,4705,1181,15296,-911,1561,9990,-1388,-1249,10112,3897,5402,14010,4128,657,15271,8810,-288,9805,11794,3090,18427,13746,4602,16313,-221,1121,11984,-6887,4639,3234,988,9567,17820,1774,-5896,18986,12466,-2972,20566,420,-598,6069,5523,5530,19707,219,2823,14338,-755,1326,6428,1481,6867,13549,-658,-6656,17687,11110,-5491,8822,12021,6495,8677,10663,-838,12730,-3075,3407,16800,-7773,5886,6978,3508,2713,13423,2123,-5154,18925,10302,-3557,16739,4599,1884,10154,5254,7463,10926,4457,7921,22443,-9343,2114,785,5892,-915,18719,-502,-2578,13388,21446,-1232,21899,7857,9725,8017,9125,3263,13997,-5491,-650,13821,-8780,1130,13657,4220,-2577,15807,6798,-369,15897,6359,565,12568,2971,-266,13985,511,693,9843,1885,3204,16834,-2283,-258
14880,8226,-3691,17059,5362,-1107,14012,5525,8199,10117,4206,11588,18696,-10924,-867,3475,6375,-3760,20040,1381,598,10584,24104,66,22309,6539,4470,13539,4476,6245,9397,-7585,1790,9729,-6946,-27,18280,5633,-5758,17781,7838,2326,12735,3707,2678,10903,4351,-7076,18704,175,6094,8274,2064,3090,13315,-1884,-376,11929,4314,1684,11262,6163,1168,10911,13334,3983,22208,15605,-621,16959,611,4844,6618,-2310,7377,6808,-5428,1701,15595,3053,313,19419,11647,-415,22617,2228,-1896,4115,3947,916,19740,25,4025,14276,1749,4880,8595,480,1734,13331,-2812,-4784,16323,11093,1514,8777,11804,1003,9957,11900,-2896,13887,-1947,2664,14046,-7584,10673,7988,3708,798,16440,23,-4812,14715,10223,-1406,17636,4433,-2514,10831,7468,2689,12627,4530,10533,20756,-7904,10331,1196,1672,-5172,17120,-2297,-5829,13836,23203,2106,22599,9741,5978,8695,10181,1997,14258,-5294,5727,11579,-9843,2972,13820,2393,-7118,17845,7110,-4785,14301,7334,5723,11965,2647,-601,16186,1213,-1741,10554,1686,7879,13929,-1333,-410,10219,4188,-1023,10830,3061,-344,11117,14150,8169,23637,13541,-450
7746,-3427,8705,12202,-2183,-4963,18151,13649,-8145,13438,18005,5149,12998,16104,7103,18596,-2926,1573,13990,-11187,4519,6443,-3872,2936,15425,3235,-9222,16918,9078,-2209,15493,3716,414,13373,4382,4920,13920,593,305,10452,-3838,3345,7804,3230,4238,17153,2035,-3927,10441,14005,-993,16100,15013,7956,16693,13193,1780,7453,-1171,3369,18597,-11622,8808,8550,1740,149,17920,1901,361,17102,13782,-4414,18723,-1181,-736,8565,4661,4459,18126,-7,1629,14810,-715,1983,5573,-885,5863,13403,1661,-6911,11593,15962,-1736,21509,14491,4751,9856,8578,-2353,6110,-8748,6013,7706,-5565,6854,21184,2962,1870,14655,4365,-1818,13535,6981,-9719,15019,7341,-876,13862,6662,11496,14867,-2248,6099,9275,-6674,7604,11351,-538,-1289,17453,9940,-7042,11351,21554,-1330,17598,16576,6964,18494,-270,7523,11533,-12040,3187,3975,-6632,-215,18347,3993,-4907,18233,9303,-2068,15298,2873,-3063,10843,4925,3165,16548,2266,6852,10766,-4996,-1122,6849,2336,3200,18220,1925,-2050,10850,12866,889,12369,14779,4249,18900,17338,1008,11024,-956,7898,17717,-9524,5976,4402,-85,1745,18570,185,-101
15875,7798,2596,11573,-8492,10484,4341,-8639,262,17848,1790,-8081,19492,10041,-1147,15391,4622,3160,7651,5521,-4284,19235,-457,3737,10500,-725,4716,10295,-363,2920,14193,3003,-4804,12012,9091,2407,10109,12280,8090,19256,17520,-1777,17805,-811,2585,10471,-2829,9657,8623,-3893,5257,14061,1449,-7738,18369,12260,3294,23124,2585,-8,5930,2614,-2519,17145,960,4106,17300,329,6853,5501,342,1226,12541,-2921,-5808,17787,14500,-1894,15604,11733,7682,7448,10565,-7614,6804,-3967,284,15121,-6261,17056,15833,1470,-3531,13193,1461,-2934,11304,10728,108,20455,7443,-451,14273,6996,2086,9769,-119,10266,16638,-7694,7429,8307,1674,-2922,16166,3128,-6179,9744,20760,2342,18964,12834,4972,18245,5145,-17,11619,-7859,8305,4526,-7350,2525,17717,1628,-4818,18471,10342,-5408,15827,2737,3031,5913,6715,-1201,20341,-908,3091,10564,-833,827,9494,440,6748,16223,2510,-3008,11935,11177,-2168,11303,10567,8556,16486,17865,1426,16550,-3101,430,12141,-3387,8403,8029,-934,7183,14673,899,-7084,16852,13177,436,23612,894,-178,6257,4080,1394,17649,126,1946,15896,11,4387
15128,2604,1031,8905,3782,-2024,15726,608,7642,11013,-2722,3885,7433,2968,-4143,15380,4729,-1563,12920,11337,6116,18385,11606,3512,17605,8422,-852,6198,-2642,10677,16407,-4853,4447,14785,4295,-6335,13164,6597,3967,16558,8989,4022,13845,368,-5421,14198,2582,2086,18436,-28,5389,12543,2859,1119,10824,-2363,-2347,14358,6325,-275,10311,11161,2917,13220,8080,785,14321,974,-3873,12903,-5109,7696,7756,6640,5569,18488,1428,-3626,13589,6762,-1684,14813,4922,2446,14468,4943,-3352,9738,5836,8144,18799,-6764,11637,6256,4459,-1391,15329,-2829,-4083,15946,18921,-1264,21537,8560,5934,10579,4656,-761,10063,-3197,3518,13242,-4794,7393,12636,3672,-3482,16129,6430,-8793,15092,6381,4573,9944,4533,1573,18022,1305,851,13353,962,2481,10010,-1004,4034,12976,2888,-1776,14613,8408,-5050,9002,8718,8926,15562,13052,5823,17990,-1809,-2784,13001,-1959,9255,8648,4341,3357,17043,-781,-4984,14671,15575,2651,23251,-834,3733,6180,3262,-41,15624,-1387,-294,16292,1510,2990,9491,2003,1217,12380,314,-1192,15162,11188,-836,21104,9770,3059,9958,4464,1398,8534,-5242,-1962
18083,16535,8489,19549,10892,3984,4668,1076,-338,16365,-14658,16302,8662,5588,-2165,23146,727,-8156,12147,14932,4276,20531,898,-780,11580,4604,-57,18034,-111,5277,11600,-1447,2269,6763,-4291,-66,12634,4036,-5921,14898,15601,3399,15475,18041,1807,16736,-1049,-3911,8741,-8808,5369,5492,-552,10409,20476,3163,1522,13876,5710,-8046,12834,5079,-3079,13695,9310,3423,15164,8678,2230,18948,-8482,12260,3124,912,5335,16268,-9630,-7055,10773,23634,-1318,23069,15559,2152,12136,12670,4519,6109,-3969,3068,13122,-10606,6151,15828,-4537,-1240,13971,7539,-2874,18071,5203,-5504,10083,10209,-4171,18482,2104,7198,15133,-2422,4362,5995,-5242,2236,8306,-2001,4096,15034,9942,-7112,8346,17196,-700,22844,22117,7004,19687,3551,4726,9432,-6427,8382,6803,-10294,8037,13979,1980,-7753,14069,11709,1189,26278,3059,-3519,5434,5914,-482,18414,-422,8770,17010,837,1654,8634,-1678,-1198,11228,-5306,1482,13890,16656,-5348,19909,14157,110,11021,12875,1554,8201,-2553,1977,11107,-10214,8911,13215,1366,4690,18178,1948,-1153,10846,9958,-7938,18271,7299,489,16629,9512,1372,14380,-109,13297
17257,15206,1476,19361,363,-1725,10505,3652,2400,18366,-389,6489,14392,-1429,203,5915,-3549,1320,10397,2661,-5082,13615,16510,19,21525,18245,3893,15128,5759,-3340,5476,-8025,5738,5096,-5356,11441,20797,629,1679,14041,5952,-9306,15427,8948,-4881,13953,8994,3918,14985,6666,6691,16119,-6355,8642,6803,-3891,9032,14249,-6948,-6701,15557,15182,-8399,13044,18883,5529,12209,20959,4782,16470,-2025,3179,13977,-11081,6367,7634,-8880,3419,11559,4786,-10441,21846,9972,-3075,15741,7141,-1341,12019,3359,4657,14128,-789,3487,12049,-6563,3745,3903,708,1381,17844,1040,-4285,9697,17870,-2156,18888,16822,8946,15972,15414,3463,6343,-1474,3147,14975,-12839,9849,9528,159,-3427,17084,4047,515,20124,13801,-1903,18139,-602,-2674,10270,2974,6358,17146,-448,483,15052,-1169,-1868,6537,-3194,9142,10581,2225,-5307,13021,14996,-1898,22107,18116,1331,14911,7865,-1338,5444,-7895,6343,5903,-5565,9460,20195,1255,3580,14721,6021,-6677,15064,7918,-9243,14012,8809,1403,13423,5804,12974,16468,-6342,5537,6661,-4935,7141,13810,-4741,-2556,16736,14738,-7827,13264,20338,1755,12616,18820,4972
4654,-3070,665,13593,-2728,-1603,16376,16855,-3639,13935,14630,1166,7434,14847,-6296,8190,-5556,7869,12249,-9590,15628,13382,505,-2465,17308,3468,-3676,14365,10845,-5687,17393,5842,-692,11367,7589,3315,12587,838,15530,17134,-11767,5101,4431,480,-7363,16356,1702,-4300,9973,25743,2393,23485,15968,4523,15543,7294,4545,7627,-6987,7424,6068,-13084,1921,17013,348,-10535,19325,11282,144,16827,5494,3683,8959,6233,-6002,18482,-1068,5619,10861,313,3813,11931,-2645,2423,13139,440,-2387,6360,6120,-1257,9247,18395,7621,23649,18749,-807,18113,4237,2196,5470,-3027,10376,8501,-12725,3574,14123,4955,-1800,20855,9412,1707,21937,6147,-4125,7085,2230,-1949,18403,988,3452,15527,2220,3625,10527,-1953,7787,10184,-5630,-5340,14298,9015,-2019,7785,16221,2887,14970,18953,-4406,15705,212,-313,8645,-10007,16082,6943,-3517,7841,17607,-332,-10031,15117,11212,-4146,19140,8221,-1774,11083,7676,2579,13251,3188,6702,20680,-9313,14887,11,-565,-2735,15360,-4391,-11217,15339,22333,72,19028,18904,8944,12175,15093,3999,14126,-4501,3044,12194,-14638,6347,10393,-4678,-4138,15017,7765,-8303
9843,18465,-2256,13196,-4330,2270,11859,-9861,15490,8939,-2228,2701,15394,1074,-9244,16718,13272,-6170,18961,6086,977,9333,6594,7320,12317,1080,8693,21365,-9912,6376,172,2656,-257,18616,-2232,-8212,11584,25076,-343,20994,13751,10778,9970,13155,4375,12351,-6306,-835,11788,-13878,3831,12852,-757,-2080,16755,6078,-4889,17341,7887,-226,12102,4750,808,14903,-423,559,10556,751,1969,16213,-2959,3011,6275,4846,3213,11452,980,-3166,10881,17633,2579,23261,16336,4844,13499,11165,1221,3932,-1178,4507,13972,-14231,8668,11435,3572,510,21313,4208,-573,18408,12584,-6143,13711,-1906,307,13475,2421,5277,14419,1544,-602,13600,-2019,8108,8602,-2174,4231,9814,4326,-11052,11793,16384,1768,21274,18027,-990,11773,7252,1835,3274,-8100,8252,9213,-7431,8381,18460,476,1429,14895,5282,-9915,15843,10210,-7491,15301,8768,5125,13999,4108,11809,14280,-3987,5743,9865,-7658,7687,8853,961,-7906,17722,8658,-7748,9980,24762,5652,19194,16100,9355,19036,837,5107,8709,-12042,2263,4853,-7016,-2579,18735,3117,-4799,17467,10123,-1364,15439,3746,-178,13500,4131,3827,14309,168,1627
16683,1740,542,15741,4607,-4271,15702,9912,-9390,14480,7532,2011,14571,4466,15385,12512,-1217,4218,12738,-8952,3923,7862,1156,-4836,16868,8336,-4166,9138,24305,4071,20921,17822,5390,20039,460,8245,6762,-10710,1576,5109,-11144,-2258,19427,2799,-2334,15816,10847,-2348,18544,3056,-1675,11563,5608,-523,14425,-1834,5246,9544,-996,795,13240,-556,1162,13472,3239,1774,7807,9181,1268,10250,17053,542,23355,19297,2465,17254,2866,3642,7396,-5379,5824,7943,-10656,3304,13847,4583,3813,19596,8434,-832,22611,2402,-8538,7252,4488,2826,19156,-364,1240,12599,1246,5691,9704,-3289,7049,11593,-2952,-2731,13833,10990,-3961,8603,16903,-3377,14840,20258,-1142,16020,-1510,6849,6924,-11342,11420,8994,-4510,2999,17797,2346,-3775,16317,9588,-4974,16081,6557,-9736,11388,7326,12362,15719,3742,10441,17150,-8371,6850,2756,-3425,87,15148,67,-8110,16011,20290,-961,14779,20292,4961,12701,15220,8540,15928,-5981,5534,11166,-16144,-675,9314,-2336,-3698,17137,5955,-3725,17721,7796,2006,13807,3906,-2984,15483,1357,3411,12261,1558,3703,11807,-4506,548,5276,3786,883,17001,1882,686
13931,7422,79,15820,3043,15956,11417,-979,6691,11693,-10202,3013,9155,2834,-8703,17115,8619,-2248,7819,25317,5772,21251,15702,4534,17894,947,8277,6964,-11123,5087,4065,-8000,-6691,22674,2079,-4282,14146,11612,2331,17437,1422,-2218,11484,4734,-409,17059,-1228,4129,7993,1301,1832,13576,-2945,381,12030,4612,95,11019,8278,4983,8531,17367,732,23447,18326,-1758,16938,1586,3789,5435,-5984,10484,5455,-8529,1370,19718,5520,1830,17995,9292,1317,20566,1826,-9855,8183,3776,2422,19889,443,2539,12320,665,9868,8631,-2000,3313,13057,-3218,-6571,14401,11520,104,7506,17222,-3123,12519,17594,-1796,14989,-2014,7503,8648,-10034,13222,11669,-4995,-3259,11614,1077,-3826,19752,11426,729,15259,8048,-11878,12946,6113,12822,12252,2963,9872,20032,-9513,5393,832,347,496,19106,-1518,-9340,13398,20315,1552,13935,17521,5858,12105,15263,4679,17522,-4309,7323,10923,-15846,697,9117,-1460,-6273,17487,4739,-2440,17008,10450,2560,14818,1907,-2357,12429,780,1807,13774,1139,3738,11617,-3666,2307,6155,3067,-233,15420,2612,-2136,14706,14426,5532,12839,15909,4362,13839,14459,-5413
[row took 91897us]
8519,-3383,3346,12204,1432,-9713,17455,11864,-2407,10840,19395,8871,15925,13858,2587,18282,-201,2096,11517,-13076,9831,5096,-2524,-6652,18369,1929,-7565,15245,11366,5272,16108,3927,-183,13388,2236,-579,13356,620,1461,11857,-2033,3491,9883,3002,2803,13550,2780,-4917,14949,11299,5800,9581,13890,5341,19859,14393,-3034,11815,-330,5048,15950,-8854,8063,3153,-654,7238,19104,3235,-9333,16749,13165,3035,20973,-156,-988,7350,3496,-2769,18595,1758,4879,15307,-975,8089,5644,-834,1312,12988,-202,-7288,17959,14412,-416,12826,14536,6201,6606,10601,-9946,7684,-6273,8161,15025,-8090,16242,14730,0,-7512,13349,3398,-2398,14425,11999,-975,18111,7421,-698,12942,5856,6068,10577,838,11227,17246,-10816,5379,3905,3511,-5672,20004,2522,-7621,8832,22970,5141,22741,13426,7263,15620,7094,43,9569,-7673,7417,5512,-10176,2333,19304,265,-9245,16463,11000,-1713,18372,4331,4358,8277,6226,-2634,17525,-1939,2853,10465,862,1684,13312,-2023,4513,9625,3154,-2047,10275,7060,-2909,11694,13839,9565,21936,20822,390,19861,-95,-1001,4409,-1021,8741,11006,-12049,7014,13604,6150,-2233
16764,19253,5930,20247,-822,5376,11091,-13907,4969,4875,-9635,-2880,15757,3266,-4380,18948,9688,-2027,14306,7163,-3502,15484,3081,4929,12490,-264,3551,10136,-4110,-67,10553,887,4850,14730,2313,-3000,11044,11876,1475,12185,20722,2380,20261,17802,4670,9307,-394,4069,15978,-12639,6519,7032,-3925,3760,18371,1972,-719,17579,15055,-4111,21157,-481,-3221,6476,4424,3913,19423,128,1222,15196,-1646,5534,4069,-3259,6290,13378,-433,-4926,14721,16033,-6914,17502,19148,1410,10352,12966,-1787,7624,-6931,8997,11687,-12056,10770,13188,-762,-604,16909,4052,-13,16774,11641,-12654,16110,8763,-547,12748,4659,11708,12100,-19,11464,14970,-12400,2563,5627,1473,-1026,17439,3651,-6573,9110,25511,-1326,22757,21475,5954,20434,5228,9243,6613,-8029,5702,4970,-19262,-1636,14750,2795,-5779,22241,10056,-36,17234,8110,-3943,10112,3897,-2975,14043,-1243,12460,12326,-1611,-1790,12170,-1326,2046,13820,-589,2174,4646,9084,-4258,11883,19969,2827,24848,22364,3384,16283,3331,6747,5544,-6751,6657,11064,-13693,608,12743,6443,3893,18972,7794,823,22865,4871,-9981,7938,3889,1904,19245,406,4609
18525,1497,-5591,17926,11144,1127,18094,4761,-208,10911,6005,-5330,15435,-1766,7149,10011,-1266,3555,14602,-2968,184,10192,3507,-1444,9263,7283,3200,9090,20243,2595,25462,19094,-1243,15638,3656,4347,5197,-4431,9991,9311,-13977,2007,13882,6383,405,20589,8175,1445,21369,4544,-5915,8131,2489,-2316,18657,37,3334,13393,1374,8029,10809,-4767,5277,10121,-2878,-4571,12858,10503,-3336,10119,17518,-770,16747,21442,-5149,16531,-1601,7171,2511,-8747,14707,11099,-7650,2218,16955,2352,-4617,15533,9732,-4970,17727,6959,-6213,11752,8356,6845,15125,1372,11067,16230,-6957,9629,4542,-3962,-852,14790,131,-8011,15494,17871,-130,12913,20857,3922,12442,16013,6950,18534,-4463,4835,9360,-15359,2430,7416,-4693,-2888,17030,5055,-6999,18973,10814,4828,15522,4409,-3389,13266,1211,-45,12424,-1125,4452,12273,-2364,3187,7287,3517,345,14800,527,-1974,13164,12683,4673,11663,18532,2570,16834,15228,-1518,11659,2355,7280,17549,-13061,7317,2973,-2436,3795,17445,3263,-4256,19419,14528,998,21229,-2725,-4353,4622,4731,-930,19861,-421,5131,15574,31,7534,5776,-2857,3517,11520,183,-5891
12882,3484,-4699,14820,-1951,2615,8527,2654,3324,16414,-2048,2024,9907,3798,-835,8770,4953,-85,10465,18119,8584,24259,15544,-1533,14667,4960,-1575,1916,-3170,10317,9234,-10794,2746,17898,5485,2081,20541,6536,205,16990,6586,-1588,10798,342,-2979,17830,1326,391,11887,3688,6988,11539,-2854,7557,11394,-2315,-3492,10863,6734,-6731,6973,17764,2811,20431,16503,-4608,12447,2486,2047,1211,-9873,15449,10123,-5360,4124,21153,1507,-4183,15462,8161,-6902,15596,6086,-2033,10595,9439,3479,18505,1884,9375,11247,-2159,10796,8800,-7214,723,12946,3255,-11729,17052,11458,1364,9066,22909,8119,16451,13545,5869,19537,-980,1489,7383,-12913,5194,5739,-5277,-4013,18956,1807,-7902,17207,10099,5813,16029,3777,-178,12634,3390,-1263,14750,-1139,-494,9734,367,4515,9754,1348,4110,14717,583,-4353,10766,9587,6550,11330,17868,3837,19301,17885,-3251,17476,1894,2921,9008,-7791,8479,5621,-7292,5186,15799,6024,-2130,21520,9458,2637,19490,864,-5783,6576,3905,-2773,20282,1018,1115,13828,249,10660,7301,-2728,7348,11236,-2147,-8452,16910,11422,801,7408,16540,-1877,11081,17656,-4552
17782,-2508,5277,2624,3669,-165,11966,168,-1276,12832,17119,4827,18938,16855,2975,13439,14568,-4027,6508,-1313,6614,19281,-13644,9012,8117,-72,443,19535,4571,1674,17600,13019,-2753,19102,-4046,-3981,6025,4510,-935,17694,2879,2443,17177,-1125,14539,5729,-4220,-1729,8632,1573,-6097,19106,16273,-262,14796,17807,-1858,7004,13251,-2949,6917,-6630,13526,17116,-11379,12270,10738,-2190,-5865,14719,4780,-5445,18022,11603,-6575,14381,5527,2738,12772,4267,7515,11384,2761,11755,21568,-11168,6106,-1124,2381,-9070,18431,1832,-5509,11213,27055,8185,21841,14492,7380,8885,10283,2339,8928,-7806,4607,13279,-13403,-1026,15907,-1600,-6649,14100,8799,-725,19395,6068,3279,11748,3219,-2470,12335,-1989,-279,11867,2672,1797,18745,-1481,6181,4164,2686,-853,9000,327,-562,13407,18490,7261,21313,17324,-506,13540,12130,-4029,3880,-1035,9011,18812,-14002,9257,10235,1280,-442,19949,3840,1852,16036,13441,-2564,18590,-4293,-7151,7389,3405,-50,15334,2479,5615,16904,-1553,15208,6714,-4240,-4316,8072,3304,-6973,17756,17666,1264,17754,17015,-3630,6086,10310,138,3852,-6481,14401,18540,-11250,9096
8433,17,-1756,12069,19451,7985,22390,16055,-4762,12678,10943,-1257,2433,-2480,12358,18115,-13613,6906,11900,2803,-138,20129,4210,-324,15296,13723,-2895,17436,-3883,-6465,9677,2380,2659,13219,3598,7791,17007,-2391,9758,7177,-2437,-4223,9589,3682,-6542,15479,18561,3529,19752,15953,-4570,4927,9203,1577,1740,-6678,13581,17509,-11523,7503,15019,-83,-5422,14169,4567,-6979,15417,11483,-2980,14375,5685,2931,14369,3689,9621,10238,3421,11389,19890,-11719,2425,1867,4347,-8342,18469,2333,-4557,9175,28086,8936,23571,12259,3675,8039,7279,5893,5413,-7744,2348,12982,-12429,-1967,17834,1039,-4891,14524,8496,-257,16769,5676,5799,13270,1331,-4924,12271,-1960,-1481,9942,4575,3404,19339,-2050,4554,5531,4226,396,9737,452,652,12700,18985,8320,21206,15569,-5191,11846,10406,-1128,2012,-1465,10786,17704,-13391,6752,12448,2835,981,19017,3766,1236,14844,13591,-4339,17627,-4383,-6819,9388,2753,1538,12854,3025,8853,16682,-2765,10650,7368,-2294,-4191,9372,3770,-6017,16126,18391,1687,19133,15088,-5476,3322,9033,2689,1014,-6929,14710,17764,-10434,6228,14536,997,-5854,13665,4654,-6125
21105,13795,-3532,10817,9311,888,1278,-1346,8968,17960,-12954,5001,12956,4100,864,19420,3386,2203,14988,13013,-4489,16431,-3219,-5777,11252,2479,3285,11735,4927,7255,17498,-3709,7660,6677,-1199,-2560,10365,3691,-4797,15456,17610,499,19421,14812,-5007,4530,8318,3111,1260,-5931,12895,17855,-10989,6003,14986,2053,-4710,14625,4662,-3993,13847,9510,-5630,13327,5065,2013,15527,4354,12358,10364,5293,10086,19381,-12447,1342,1836,4806,-7288,18900,2923,-3953,10061,27674,6380,23347,11329,4247,7627,4980,7902,4758,-7132,1741,15052,-11510,-3592,17537,2962,-4289,14837,7767,1857,15792,5247,3597,13165,2466,-4633,13407,-1538,1648,8664,4521,2930,19230,-3491,1091,5261,6089,1201,12163,1392,2462,11943,17845,5893,20701,15336,-5072,10769,8415,2358,1004,-1154,9301,15900,-13575,5177,14559,4303,1329,19641,3666,2144,16018,11151,-6046,14439,-2217,-5579,12841,2630,4431,11089,4910,8658,17193,-4699,5944,7138,-455,-2228,10800,4431,-5521,14041,17787,506,20683,14935,-3841,5406,6950,4051,717,-6444,11883,17645,-11210,3429,15947,3675,-4305,15626,5117,-2510,15099,8863,-5480,11737,5827,2269
1197,-2740,10358,11561,-14013,257,16409,7881,3922,20638,3402,1931,15795,8040,-9266,13135,184,-1953,16063,2851,5115,11403,3170,6744,11709,-4597,5855,11187,-1574,-989,10553,6760,-7548,9014,17999,-567,21605,17462,-4011,11328,3751,7371,1697,-8509,14064,13585,-10355,-1815,15458,3492,-394,18701,6437,-2799,13801,8552,-10125,15018,7063,6026,14413,4786,13533,12421,-1304,5710,10727,-8278,1894,11435,3176,-9454,14385,8368,1606,8258,24255,4549,22420,13793,5286,15458,1408,8441,4781,-11173,1426,6292,-8565,-5458,22543,2623,-2417,14748,10581,2138,17261,3151,-4141,12060,3780,820,15837,-128,4139,8013,1663,1523,13538,-1990,889,11713,3582,948,9664,7295,4462,9946,16929,-1036,23412,18234,-108,17361,3725,2942,1938,-5130,10280,8170,-10886,449,18357,5503,3761,19380,6141,2577,18603,3308,-11334,10158,4477,185,19335,2420,4832,10785,670,8993,8471,-4048,3578,13639,-1455,-4034,11882,9319,-4783,7083,16229,-2865,18263,19369,-346,15403,806,7109,2578,-8868,14015,11564,-8189,-1549,16894,1816,-3674,14975,8997,-178,18949,7458,-9931,11639,9627,6859,15551,1288,14701,11144,-3573,3337
21033,2132,-3166,14927,13368,901,21342,-4664,-3614,5707,6472,-2095,20263,2514,8361,15344,-2198,4502,4046,-1640,1738,12857,-221,-3507,18478,15123,-3298,9022,13935,1244,3548,13939,-5879,11050,-6675,13092,15297,-9381,9691,12094,-659,-6704,14024,4143,1470,16486,11502,-4052,15128,5468,-5243,13096,4820,10694,11630,4180,12681,19825,-10760,829,908,2791,-4480,20348,1067,-3974,11951,24259,4152,20903,12241,6477,6884,11376,1282,10978,-8276,9021,12290,-12207,-1718,15349,1146,-9739,16454,7497,5091,17456,6780,374,10819,3038,-3552,14291,-16,1752,11906,2875,3232,15993,-3322,2430,4369,3924,-2125,13271,4217,2607,14872,13835,7814,17885,16536,-4609,17673,7152,3487,1384,1510,6852,18586,-15864,6167,9016,8318,-2451,23691,2305,4063,14583,11684,-2286,13869,-2971,-7953,13508,4195,4703,15620,3556,6985,13634,-3621,3747,7215,-2585,233,10366,4686,-3765,12084,16692,2148,20997,15670,-6928,8490,5810,3126,3571,-7851,12936,13445,-8473,4649,16538,2915,-5594,15241,5969,591,17429,9856,-4495,12622,8969,-4131,15396,3088,16621,11691,-1056,6244,12951,-8623,2762,7792,3101,-6661,18066,6694,-3532
11168,2948,-3398,17066,2884,7509,15243,-1782,8127,4793,-3248,-1516,12284,3179,-3648,13813,17786,882,21197,16907,-3853,9658,7330,-1355,4584,-7328,13127,11740,-9066,8975,17477,1106,-3698,14230,6320,-4379,17638,9842,-6448,12904,6741,523,15517,4323,9998,11270,-1595,11256,13315,-9250,5177,8446,2494,-10732,17969,8046,-3251,8641,23691,7285,20713,16867,3088,20406,1363,5701,6301,-9588,7032,5087,-11635,-1348,19767,3102,-8585,17743,10817,-1374,15944,4438,3884,12179,3523,-3439,14069,-635,3115,10927,-622,4155,12362,-51,2847,13877,-406,-4051,6864,9901,831,12070,18527,8499,22621,19242,-1468,16620,1215,1180,6925,-6464,9716,8020,-8213,3170,16031,5009,-908,18985,9980,572,21917,1471,-3028,7055,3024,434,18744,1035,-2397,14440,1535,8121,8185,-3186,8359,11508,-3919,-6930,14075,11864,-2569,11330,16783,1203,11755,17940,-3495,15131,-2940,2074,8054,-10312,15388,10681,-3398,5688,16327,1878,-8365,16688,10425,-7012,16502,8422,-2910,12294,7286,9553,14354,3387,6351,18053,-10294,12531,43,-439,-17,18729,-1466,-13529,13908,22259,299,17819,18660,10901,12411,13509,5265,13631,-4962,2561
9647,-2522,-3054,10992,8176,-10355,10916,17239,4606,20275,21688,-2245,15752,-691,1181,1105,-8557,12497,10688,-7640,8322,18814,2236,-3576,15118,8263,-11916,17453,7024,-1866,12002,10240,8258,16107,1368,8680,13295,-5632,8295,7144,-4783,3849,14437,1123,-10686,14585,13576,-4373,11382,22843,7959,15107,16908,10588,20538,-2966,-37,7366,-14511,2552,5224,-5769,186,18449,2087,-7936,18191,10931,905,16321,4868,-34,13476,2708,3277,12597,-2041,-1868,11473,-1328,1221,8954,3999,7109,15085,-60,-3875,11337,11018,1774,9975,17838,4526,19138,17688,2405,16092,2387,2204,12465,-11151,6186,1376,-4782,8587,18757,2481,-4731,19982,13400,-2606,21517,29,-3758,4969,4156,3242,20033,-748,1101,14312,-268,5416,6979,-1301,9436,11809,-2227,-8650,16815,12896,-2376,9395,16337,1531,9826,19309,-1080,14936,-5566,5313,10089,-10096,10974,7123,-2764,6416,16326,1309,-11804,18312,12437,-6526,18503,5720,2800,9150,7830,10105,14245,1124,4727,19566,-10141,9286,-768,1952,-498,19430,-459,-12375,13573,22064,-651,15928,16484,14270,9257,14662,6096,16496,-6954,-361,12144,-14617,455,8638,-1639,-358,16862,5327,-4627
17966,14849,985,3402,10378,418,4226,-7787,8369,17943,-9250,10084,14507,573,-2258,12324,4676,-8304,16833,10036,-7477,14128,7429,7544,16100,2926,10619,8140,3992,6836,20144,-13162,4417,1572,7244,-4786,20254,1705,-9398,8696,27030,5415,23441,11097,10195,9353,5855,4094,7527,-7953,-1762,11935,-10085,1526,18208,1281,-2695,14903,8329,-3470,16951,5085,4097,12478,3344,267,13544,-3254,1184,8564,3798,-3006,19421,-2104,5396,7045,6694,2793,9261,1215,-3991,11762,17952,8052,23719,15793,961,12724,6877,-315,1203,-1831,4974,15172,-13025,7252,14418,5777,4675,21112,4174,-3858,15185,9839,-3982,13811,-1577,-572,14427,1463,1922,10903,4038,2690,15378,-2945,10533,9873,-1126,1093,9043,5702,-11251,12750,15783,2095,20870,16921,-995,8321,4324,2979,957,-6449,8701,15243,-8637,7507,19148,2392,-748,13376,5169,-12266,15869,8351,-2023,11896,9212,7701,18621,1597,11052,7610,1719,4538,15880,-11540,3880,6788,6717,-7720,18105,4739,-7210,7397,25957,9853,22102,11660,8784,13478,2385,3535,5372,-8500,-2031,9294,-7511,921,20794,1539,-2402,14656,8798,-3407,16612,4152,3757,13152,4348,829
-284,-7649,10576,10515,-8058,7571,19414,3159,-5650,17600,7865,-9899,15408,6046,-1953,10330,10931,9372,19042,987,7060,10616,-2548,6616,8477,-6620,4221,13015,4489,-12196,16857,10389,641,8750,21801,7506,16460,15206,9777,20245,-2522,-193,5567,-12655,433,6108,-5769,-1084,19661,2145,-4727,16806,9641,1430,16383,3275,216,12154,4747,2629,15881,-1218,-2139,8374,330,899,10103,1383,7918,15220,1540,-3507,9741,8892,2850,10722,16661,3111,19662,19265,1135,19381,2548,443,6255,-7360,6947,7204,-10360,7348,15029,6492,-102,22733,7269,-1615,18158,2933,-6099,7889,4196,2975,20269,1140,-1279,12495,823,7219,7541,-2188,11280,11651,-2503,-9341,13536,9927,-4816,9834,16189,1752,15852,20865,549,17860,-3467,3620,1875,-8048,10453,9613,-8063,6515,17520,3404,-7981,18870,8562,-8172,16024,5834,-896,11043,10753,10293,17606,419,6214,11018,-4724,6743,6124,-4684,3667,15261,4540,-11686,15952,12984,429,9991,21232,8106,14500,16022,9441,20345,-3888,-1447,7018,-13286,1516,4875,-5811,102,18418,2375,-5927,17990,9549,1615,16238,3714,996,12779,4140,952,14741,588,-1875,9777,-1640,2478
18629,1925,-8236,17947,10222,-8844,17230,5577,1388,10372,10635,8990,18116,299,6738,11437,-5408,8166,5440,-3712,1571,15043,4125,-11624,16447,14313,759,10886,20906,9995,14669,15605,6834,19921,-4616,-990,7121,-13986,2134,4301,-4343,-809,19352,3234,-5624,17737,10230,2029,15728,1511,2850,11321,3891,-2378,16210,-630,-2027,10130,-376,4810,7102,2864,6471,15926,514,-4235,10767,10475,3217,10960,17334,4492,19118,18223,-2823,19088,2251,2626,6686,-8895,8533,5271,-8909,7388,16320,5851,-1511,21833,9456,-3227,19625,2295,-3036,6867,4156,107,20453,-122,-475,12679,-255,10682,7201,-2081,9424,11230,-1926,-11865,14547,11313,-3876,9926,16769,3202,14748,19991,-2378,17528,-4362,5338,2048,-9514,12258,6808,-5679,4319,18330,1846,-8125,18127,10386,-8600,16930,5285,1304,10746,10701,8507,17933,-172,6679,10904,-4905,8770,5638,-4435,1334,14978,4970,-12159,16281,13688,1842,10536,20791,9849,14532,15411,6324,20003,-4208,-404,6962,-13899,2536,4087,-4757,-1757,19000,3025,-5439,18116,10612,1770,16035,2789,2846,11299,3572,-2024,16345,-217,-1500,9943,-674,5285,7114,2619,5007,16208,422,-4192
15072,5003,161,11862,9826,5321,17739,2457,7693,9915,-3961,9218,7388,-6377,991,14572,5257,-12010,16382,12079,3975,9745,22491,7400,16739,14288,5338,19882,-2744,2302,6064,-12883,3024,5401,-5457,-3878,19845,3084,-5207,17057,9075,3377,15450,3164,1138,12783,3661,-2166,15446,643,20,8756,-513,4301,8870,1043,4061,15290,3029,-2565,11273,7845,4404,7915,17858,2714,21409,16723,-2904,18471,4146,2556,5400,-8876,9971,6824,-9582,5520,17370,6606,-2032,21719,7431,132,18312,3499,-4266,8669,4159,-2093,20716,1630,3480,10684,958,9606,8405,-4268,6459,11522,-252,-10463,13747,8992,-3178,9315,17411,3058,16927,18716,-2630,16665,-1790,5861,1207,-10073,12345,9994,-7571,1940,18812,4176,-5826,18141,8399,-5483,15435,5521,-1341,11981,9677,4933,17617,2327,8895,9574,-3494,8279,8333,-5920,635,14724,5103,-11239,15756,11421,4898,8862,22120,5660,18019,15138,5341,19882,-1889,2615,7106,-14226,4581,4560,-5721,-4274,20542,2308,-5977,15545,10333,3534,16751,2905,296,12663,3918,-2094,15519,544,808,8270,-576,5255,9478,622,3079,15006,3349,-3932,11502,8315,5771,8137,17965,1890
17769,2035,9965,10364,-5138,8841,5799,-5755,-1730,15830,4830,-10476,17039,14178,4689,9393,22382,4194,15204,14439,6889,19223,-2664,3334,9543,-15235,3169,5426,-4192,-5092,19601,3245,-5203,16689,9479,4879,14956,3146,-1486,14776,2751,-1719,13861,1297,2489,8716,-2508,3594,7870,1329,2670,15890,2698,-3219,13157,10839,6946,9382,18134,1311,19157,17630,-4586,16890,1517,7654,9492,-10589,8001,7045,-7067,3573,18766,6637,469,19652,8553,-1251,18134,1331,-8042,9227,5439,-1273,20199,2326,4448,12327,-2375,11926,5222,-3782,5504,12405,-477,-11000,16409,12982,-234,8994,17054,-735,12009,18797,-3692,17341,-4904,10924,5377,-9865,13098,12312,-6678,-3009,14917,2717,-8684,17097,10590,-277,17149,8165,-6460,13409,8637,10688,15229,1026,11684,12489,-7483,5144,5774,-2858,-773,15508,4299,-11122,16263,15642,5973,10750,19696,6703,13002,16769,914,19041,-5162,7687,9147,-14826,1953,7634,-5701,-6867,17719,4283,-1581,17626,10079,2983,14611,3639,-745,14093,2778,-2791,13775,404,2415,10269,-2637,5229,7825,2589,105,14313,3162,-2705,14373,12233,9000,9649,16129,161,21874,18926,-4334,14420,-7,10868
744,2595,-8332,19475,3705,-4715,12252,24018,9101,20455,15296,5237,9500,9459,-229,10700,-7873,10208,10690,-12445,-2668,16555,-1928,-9015,14829,9732,3898,20885,5614,1269,10006,3962,-3164,13477,-563,-200,13079,1753,2737,14633,-2140,6693,4653,2643,-4270,12204,4037,2292,14468,15003,8614,18660,18977,-5085,18248,7885,1190,2722,683,10242,19171,-17324,5986,7594,6929,-2896,24355,2384,3368,15924,12915,-2550,14620,-3396,-8025,12051,4665,3085,16557,2008,7710,12537,-3491,7825,7601,-3904,-2470,9557,5935,-5820,13286,17018,4200,21253,19000,-7342,9886,5744,1691,3073,-7989,16143,14177,-10566,5356,15890,942,-8087,13265,6487,-1770,19701,10744,-3566,12997,9100,-1165,14588,2183,14788,11835,-1702,6186,13321,-8480,5016,7922,3709,-10259,17067,7088,-3693,8346,23879,12681,21939,15214,-336,16869,2143,5874,7466,-10622,7916,5169,-9131,-6739,20765,104,-3635,13521,12293,73,18814,3724,1633,13060,4795,-1072,14048,-297,301,10939,-580,3897,13326,120,2455,10455,2448,-2794,10425,7529,4660,10340,15841,5612,24844,20474,-4617,16849,1051,1538,5778,-3693,11241,9816,-11354,3928,16347,5733,-1662
21667,16510,6020,17025,3853,5201,6517,-6371,4369,9138,-12881,1750,18582,1353,-7759,15553,10042,-3859,18595,4241,5632,9825,5887,-2947,15458,-2149,3214,10393,1127,2130,15578,-2099,4126,8854,2689,-1949,7769,4978,-3823,12205,19107,9562,24822,18476,1579,15980,3667,277,2209,-3080,7710,10836,-12198,5067,16001,5632,-327,19459,7752,-1842,20512,4860,-948,8471,2315,-761,18694,823,1310,12984,3041,2034,11363,-3663,9521,10347,-3210,-1295,10895,7447,-9295,11279,16869,4123,19752,19568,-3304,14938,973,663,3819,-9202,13222,9881,-5683,8115,18938,826,-2280,14849,8393,-11776,16732,7602,-3401,12838,10124,7846,15740,3407,9245,13982,-7067,8400,4501,-4782,4763,16725,-195,-11958,14901,16011,-4508,12810,21086,8895,13603,15212,9470,18943,-2984,1337,11264,-14460,2949,6579,-2470,-1703,19599,680,-8146,13481,11224,1067,16570,3634,1596,14942,3423,3720,12911,369,-1186,10924,-3664,61,8385,4023,5306,16143,-52,-2563,11116,12559,2733,12796,17896,4539,18077,15522,1789,12711,1673,749,16648,-12225,7439,3560,-765,9358,21127,1558,-5456,16441,12767,-2496,19541,-1179,-2820,7641,4787,2506
5313,-9849,-1193,19089,2054,-2133,17137,10257,-4697,17000,5298,858,14016,4415,3811,11763,-2292,416,10535,-1002,-2324,12781,759,5743,12668,3318,2425,10708,7123,21,8259,18478,873,23858,18698,3940,16233,3362,-402,8917,-7105,6898,5352,-9545,6734,17002,4299,1200,19262,8829,-1852,21097,3703,-8238,8340,4303,6233,19341,-690,-1359,12312,622,5145,9304,-2916,10580,11254,-2374,-5529,13614,10392,-6022,10506,17766,-376,15904,21874,1162,16645,-3796,3638,4329,-9131,11695,9473,-7131,7319,17021,2265,-8748,17445,9017,-9447,16759,8101,-2863,12259,9438,14949,15174,1836,8004,15919,-9408,4800,1898,-2812,2008,17772,1157,-9065,14399,18154,-3502,14297,20499,8875,12454,15435,10707,18352,-5505,501,10003,-14566,-2373,9077,-3612,1125,17019,5293,-4430,18721,7567,-695,12806,4919,380,16052,1255,3198,11617,227,-1052,12327,-3824,1162,5507,4377,4941,15430,657,-455,11847,13778,1131,15237,16721,3727,14179,17847,810,14029,144,3105,15793,-13019,5260,7112,-1901,9762,16573,3676,-2683,19337,10647,-7128,18083,-459,-1793,9403,6269,2972,19000,2160,2573,15024,-3824,5841,4059,-2706,8223
19682,5089,-374,11184,4812,288,13128,-1360,2800,11541,1991,-3545,17653,-2670,5167,4830,4813,4489,10153,422,-1196,11062,19242,2339,24038,16482,1985,12186,11540,-1177,4629,-2196,4686,17187,-14539,7981,10597,3453,5188,22001,2578,992,16007,11689,-8619,17036,-1952,-3849,10031,4217,5049,14334,2901,659,15862,-4122,14473,7246,-2698,607,9634,4301,-9408,16600,17754,-3765,19298,18444,-380,7178,8732,5428,4343,-7373,9952,16752,-11621,7891,14245,27,-3021,14771,4971,-9137,17446,9302,-9195,12670,8895,8127,15159,3719,14000,10633,2970,5280,18461,-13998,3336,1408,4971,-4834,19246,3064,-7991,8910,27938,5634,23412,14148,9091,10713,6224,7030,8073,-8116,-2402,11302,-12077,-1441,18565,-440,-1001,13917,8398,-2667,19344,5182,858,11796,4783,729,12145,-1083,1518,12044,1145,-3295,16868,-1044,5487,6450,3802,5583,9633,2251,-2723,11243,18134,3235,22460,17747,450,12402,9446,1153,3796,-2553,5586,16474,-14733,7961,13229,4059,5337,20311,2609,-2957,17485,11024,-8672,14753,-449,-1544,11921,2242,4371,11922,3384,3155,16342,-4898,12302,7667,-1562,-313,9715,4709,-11860,14861,18519,-101
[row took 92429us]
14189,-3200,-899,7019,4664,-1250,19596,-2318,6271,7543,5626,2970,9781,1649,-3697,10995,17733,6718,23505,15846,667,12502,7865,-317,2020,-2339,6504,15136,-12356,6997,14801,4343,3936,19687,4603,-2860,14952,10519,-5976,13252,-1358,554,14846,694,1271,10578,4593,3902,15474,-2798,10499,9958,-1361,106,8235,4968,-10510,13875,16137,1606,21768,16663,-715,6802,4607,3015,-486,-6589,8220,16232,-9114,7161,17783,2503,-1996,12611,5926,-10283,15406,8739,-2130,12135,8146,7949,18267,1332,9446,7452,3564,5221,17586,-11481,4163,5069,7769,-7000,18983,2893,-6589,7704,26284,8081,23085,10558,9220,11716,2845,3336,5237,-7935,-3163,10827,-7868,2486,20138,1214,-1893,14213,8386,-2907,16462,4176,3301,13342,5185,301,15399,-2015,-1348,6812,3749,219,17438,-1661,5485,9235,5830,2034,10957,4843,-2681,12550,11978,6214,20340,18633,-236,17532,3268,-148,-107,103,7339,13203,-13849,8342,14242,7129,204,21490,2671,-4124,14636,9495,-2308,13480,500,2235,15183,1595,1116,11888,3131,4498,11273,-646,7561,13653,-2879,-215,7369,7272,-12152,11987,15191,3744,21976,17678,2488,10492,2470,738
9185,2932,8094,15045,1732,-2769,11312,9144,1533,11478,14173,4538,18764,15737,1929,17844,1712,425,7658,-7727,6113,2459,-2810,7589,18700,1608,-984,20354,12304,-4047,21311,-260,-2426,4431,5550,3045,20401,-457,593,14108,10,6109,5841,1639,9036,14067,-3092,-9766,15002,11384,-3161,7946,14044,1520,9664,14955,1174,15630,-3299,3876,9689,-9716,8034,5793,1131,5040,17330,-152,-8698,19370,11085,-5534,16211,4488,2530,7791,9443,9724,15924,2558,5399,19244,-7942,6700,788,2640,1587,17598,-759,-10560,15507,18775,-1311,15878,13902,11430,9389,12092,7363,17624,-5716,-2059,13007,-12716,287,7818,2783,61,18257,3495,-4628,16474,9415,584,14814,1902,4946,10182,2664,-550,15168,344,-888,14404,-1817,925,4286,6191,4977,15160,1195,-920,13467,12976,710,16279,11392,6792,11651,13041,-2865,12387,-914,1949,18597,-9895,8389,3144,3583,6191,17086,1198,-3368,17071,14585,-3925,21019,-3295,2787,6312,5094,2075,17113,2203,-377,18872,-1696,7809,3770,2068,2234,12891,465,-6946,18358,13616,-3279,12631,11739,6021,3075,9274,-3402,9142,-6083,6457,18187,-6530,8850,11616,1994,-1607
10116,15374,2135,18348,14535,4456,15316,1828,1886,13450,-9563,5178,3457,-1166,9074,16868,1379,-4448,17597,13054,-3862,21626,-564,-2826,6497,6314,7400,19433,372,1058,14182,-993,3396,5831,210,6281,14870,-1513,-6890,15651,13206,-3916,11846,14325,3500,7502,14123,-501,12326,-5058,5183,14202,-10788,7888,10910,724,542,15131,3136,-1760,17421,7988,-7065,12545,6739,-1434,14157,7289,9103,12010,5375,8444,20063,-11566,5269,-212,1984,-2132,19196,-607,-5847,12023,24008,-532,22389,16554,7639,13097,8753,7567,9181,-6828,2732,11621,-15060,256,15413,2119,-6234,17164,7465,1115,17539,4945,-2906,8333,5386,113,16885,536,4002,12040,1681,978,13594,-3945,1452,5214,3944,1667,13089,4237,1956,11524,16569,1043,22733,17296,2040,15238,7690,4166,4333,-1190,5631,13347,-15160,4384,12591,5020,1408,19465,4016,2607,21495,8461,-8272,10210,2519,-2433,16676,3609,7909,12686,2160,2265,12829,-5403,4870,8227,-1308,2998,12278,5298,-7856,10199,17857,-1336,22070,18456,-1509,13800,5356,4915,4139,-10857,9359,10221,-8639,2789,17741,2416,1514,15714,5296,-4196,15331,7102,-10146,13953,10225,1517
15875,-19838,4275,7753,5022,-1125,24547,1506,7855,18214,13298,-10343,14855,-1729,-7823,11770,4870,6230,16721,2657,6391,13639,-7520,8101,3879,-2476,-369,13741,3724,-4801,12047,20411,-2248,21675,20954,-5208,11528,9940,3051,3791,-7017,17539,14000,-16692,4154,13601,-178,-7053,16025,3257,1162,15955,15733,-11314,17761,6223,-888,11035,4048,17945,12680,-3046,6924,15054,-10936,1975,4512,4033,-6509,18825,5299,-3277,6092,27990,5067,24138,19045,1890,17081,5576,11301,7336,-10966,6641,5267,-17028,-7124,17251,552,-3428,18018,10509,90,19338,6811,-1687,12520,4074,-3632,12259,-1173,7370,10561,-1628,3288,15077,-1095,-692,11204,163,-626,4820,8401,2360,11477,19105,4822,25217,26518,-3355,18549,2935,3343,3477,-5525,12909,11689,-16793,-549,13721,6414,2459,18577,6627,3401,21456,4135,-10696,9144,4785,-3176,19975,908,4921,10833,1308,8688,11313,-8185,7138,8991,-2314,-4390,12727,10334,-4523,8481,19492,-1416,20559,25034,-8327,16415,-1915,9029,1332,-9579,18273,13058,-11352,-1956,16462,1054,-4211,13866,9741,-2169,20953,10740,-12001,12226,8130,9683,15244,-624,12924,11428,-6397,6962,10508,-6033,166
17905,14329,-6983,14149,-2615,-9020,14000,4524,5082,14799,2000,7937,13598,-7805,8942,4535,-2519,-1329,12574,4432,-7093,11264,20078,2285,23320,24313,-8270,14085,4505,3642,732,-6499,19554,15637,-16992,2912,13046,2970,-8076,16590,3478,-2649,16943,15454,-5875,17015,8136,-265,12376,2125,13958,10943,-4396,8534,14318,-10208,4327,7167,4212,-11567,17486,6733,-1094,5490,27045,8915,22647,19199,943,18240,3677,7912,7846,-12524,8071,4885,-15142,-5922,17684,1345,-5614,16825,10254,-1066,18732,7627,-9,15585,4412,-1353,11286,-826,1870,9188,-2306,6169,15118,-1870,1009,11577,1639,-3865,7091,8444,5812,9735,23221,2437,27364,22920,-3403,13481,3408,2410,6837,-10102,15094,8998,-14287,962,15930,6200,-963,17625,8190,2137,21149,4130,-9653,9032,4653,-1532,20826,473,942,10833,492,13015,11062,-6744,7619,9067,-2643,-8880,12613,10375,-2002,9592,22687,-1081,19909,23435,-7731,15682,-2682,9242,2233,-11102,19178,12582,-11472,-945,15046,1964,-10416,16930,11037,-2582,19976,12211,-7975,12164,7186,11427,14658,-1360,9237,12353,-8824,9448,7699,-4651,118,14089,2566,-13292,13890,17197,4651,12080,24929,7074
15420,2278,4219,16364,-6774,18258,3656,-3819,-4376,11667,2602,-8551,14763,21521,961,21745,23047,-2879,10166,10504,-1319,4986,-7366,16854,15013,-16188,8946,10825,23,-4788,18677,5018,-5591,17852,12129,-10507,14022,7549,3109,13242,1255,8831,11258,471,12640,17495,-14497,8759,3757,3673,-9474,16722,4791,-8393,6882,28772,5997,24755,18606,7940,13044,7435,4930,10242,-9695,5705,4391,-17130,-23,17971,-1101,-7846,17494,10298,-3181,21344,8032,3055,10876,4290,-1192,10771,-1764,2415,15377,-176,841,14788,-2619,7122,6171,-114,-4383,8813,4556,-181,10588,22555,8546,25170,22417,-1396,15018,10448,-369,6115,-4557,10289,13505,-20261,8380,7008,5003,-785,22899,2555,-1236,18516,12778,-4992,16018,-1665,-6537,11722,3224,1156,13409,2022,7938,14112,-8735,14471,6240,-3097,-2861,10245,7213,-10997,14944,22303,1155,23185,23395,-3808,11886,4418,3898,375,-7865,15954,16477,-16165,5393,14139,4405,-3368,17212,5378,-11934,17155,12094,-4591,13918,6045,5370,14572,472,10299,9199,-249,10772,16385,-13765,6405,5004,4545,-12167,17476,6405,-6817,6606,29418,9042,23661,17535,7443,15632,4332,5443,7014,-10496,3291
5759,-1166,-6563,12709,5605,-5397,12664,21646,-200,22314,24502,-4543,11900,3631,5935,-1281,-4895,14509,18139,-18772,5809,13202,2969,-6340,17952,4236,-8985,17525,12251,-3694,13199,6320,2462,13203,-469,8283,9026,2280,15120,19809,-13428,4650,2276,5795,-13077,17926,3313,-2548,6522,28832,7264,24796,17493,5373,11365,7094,8432,6161,-8812,1809,9186,-17079,-930,18083,-1135,-5057,18729,7647,-2403,18180,8958,1369,14298,2665,-1944,8505,-1258,-1754,12658,896,6088,18610,-2215,6298,6027,532,-2642,7388,1400,1934,10261,23334,1730,24388,20632,-1616,14766,14630,1665,6023,-4531,8309,12796,-18571,9913,12398,1369,2797,22535,899,-4782,15045,14017,-7895,19332,-2337,-2348,8597,5511,-191,14786,2196,10306,15337,-7310,13532,6558,-3379,-3556,10609,3405,-8781,15708,21444,-2713,17538,20611,-1643,10158,13478,3721,7445,-6892,15354,16189,-17228,5963,10183,-801,-3204,18606,3741,-6562,16331,10954,-8548,15098,5271,3787,11882,5090,7319,14572,1078,12125,17352,-9480,5211,2148,-1926,-7844,14657,4746,-4018,12776,23411,4228,17648,21299,6620,11157,14868,5593,12187,-7384,5629,10281,-18524,-1359,15583,-5369,-4433
12949,7733,-6163,15292,20565,-4678,19842,23503,885,13255,4358,12827,1454,-6875,6205,16715,-15782,1284,14181,4209,-166,19834,3506,-7672,15935,7957,-10705,13448,6743,8426,13232,2162,12868,11233,667,4577,17744,-9837,4455,3491,4591,-4920,16348,4096,-4713,10880,25530,4261,19181,18365,9761,9187,11550,7561,10056,-9455,-23,10424,-14553,-4556,18839,-2742,2347,15592,6770,-1619,17713,5617,-5227,14371,3366,1683,12600,1314,-48,13072,122,1453,11241,-1238,5930,6514,595,4004,12443,2770,744,12747,15940,-2950,13152,21399,1221,16165,19393,3527,13012,-939,4845,10815,-15909,6991,13299,-5905,9115,18392,4254,-2791,16122,8909,-13220,19651,-570,-3107,8775,6657,7019,19868,-1031,1830,10566,-2141,13592,9814,-6206,3963,7415,2779,-11713,14041,15666,-5399,13171,19502,2110,17494,22740,5331,17682,-6300,7105,5031,-12011,5512,9910,-8249,2325,17981,6880,-4682,18539,5279,-9552,12853,4803,-2383,14256,7115,12952,18775,1654,4480,7032,-3271,7955,9889,-10023,2461,10369,9774,-11738,16769,9619,2355,7621,27072,7625,20183,16906,8912,17687,-15,1396,5564,-11875,-1333,5957,-11943,1414,18300,4224,-2186
15483,12809,-1883,10751,19665,-1240,18600,19691,773,17254,-2728,8258,4610,-9745,9840,7828,-9109,661,19215,4954,-5863,18265,7844,-6360,15160,4233,-1147,11590,6770,5274,18836,-231,10433,6699,822,9779,12938,-11083,-2462,8018,10424,-11574,18288,6726,6172,6949,27520,5636,21570,14222,4732,15404,2411,4958,5736,-10736,-429,5462,-12062,-1269,18813,2823,-3034,20112,8746,2382,16561,3832,1861,10600,3477,-5020,15067,914,421,11964,3255,4609,13253,-2817,5227,5633,3019,-3254,12526,4392,5893,13176,17053,2866,18524,21275,-4560,18297,10248,3292,3096,-4259,9496,16675,-19794,6155,9796,7463,-1572,24783,-1820,841,11977,13099,-6173,17623,-2056,-5851,9747,5536,6945,16560,3232,10894,13325,-4100,6120,5789,-1759,-3460,13143,3709,-5120,15445,18496,-4707,15503,18661,-3,9443,9788,5810,6253,-5476,10892,18089,-15251,3729,11455,655,-2535,17057,4476,-3887,17792,9392,-7676,13681,4470,2504,11132,2868,10677,12458,2953,10164,19039,-7048,1111,1835,1914,-4122,15245,3444,-3453,13502,21400,3074,16327,18529,7408,8662,14053,5443,13320,-6579,2681,13575,-15341,-3027,11782,-4182,-360,15878,6005,635
15878,20321,-5614,17863,19170,4408,9006,11521,4593,5868,-8612,7830,17804,-13100,5076,12734,-203,2478,16868,4053,-8506,17213,8209,-12871,14426,5577,8448,10511,5056,10697,13687,550,5764,17267,-7877,6743,2473,2110,-2892,15350,2849,-9483,12349,22202,2150,16675,19369,13533,9269,14742,4778,13288,-8152,-800,12576,-15351,-687,12703,-4835,1040,15798,5963,-2823,18345,8016,-2838,16071,1874,2337,11614,3176,27,13048,1451,-3434,12416,-982,9673,5172,742,3847,13131,-523,-2315,11114,14531,952,13959,20618,3493,17871,21448,360,16379,1137,1418,9397,-13118,9155,12139,-13159,8847,14037,6949,-2483,19482,7225,-8541,19373,2659,-4098,8483,5271,5449,19910,341,-434,11367,667,13825,8870,-7331,6612,7398,1625,-10623,13815,13565,-7553,12938,19526,1764,19743,22337,2798,18136,-3651,4529,2082,-10143,10120,8794,-11380,4201,18911,4453,-4853,17804,6678,-11441,15497,5934,-1209,12143,7067,9110,18653,1092,7473,6394,407,10896,12755,-9769,1694,8897,8300,-12992,16878,7308,123,7564,26811,8590,23458,17398,7014,16470,2369,2950,6100,-10488,-407,5455,-13382,2753,19937,854,-4841,18315,9253,-1999
11953,18771,-512,20188,19579,199,15343,-1555,7975,142,-9230,9759,10886,-11511,-1454,16826,6962,-2675,20170,6132,-4491,14748,4389,-4122,12166,6738,4219,17625,2456,13008,8124,1739,8486,13278,-10255,-1251,8767,7765,-9802,15542,6032,3852,9743,25742,4207,23243,15940,3647,13120,3391,8207,5523,-10533,352,7711,-12468,-3075,20531,2946,-2135,17260,9162,2376,17756,2647,-1358,9700,3196,-2731,15332,464,2808,10849,4208,2334,14657,-2897,3342,5193,4047,541,12763,3026,3130,11534,18512,948,19694,17253,-945,13414,11297,4013,5183,-4637,7385,15700,-14809,4123,14638,3423,3203,20749,1387,-578,15649,10003,-8656,15603,-77,-2884,11371,4295,6578,13799,4611,8011,15667,-5027,6916,6216,-1117,-667,12218,3409,-7867,15047,18017,-6106,17072,16639,2836,7077,11656,4578,7448,-7872,10304,18589,-13354,2556,12765,2361,-245,16621,5054,-2997,16814,5544,-10562,11034,5733,2784,14418,4293,12283,12230,4893,8009,17799,-9124,2792,2417,1718,-1881,15873,3839,-5892,14341,20609,1750,15615,18121,8350,9910,12306,5485,13146,-6297,3403,15083,-15768,-3196,10660,-445,-2424,16468,5314,2181,16428,7516,-2170
21937,16845,2586,11133,2731,5030,1728,-9700,6239,12808,-9710,2616,17442,2596,-2666,17405,6098,-5303,16986,7876,-3528,10935,8321,6473,15559,1706,11090,8824,1699,746,15489,-8778,7827,7343,8118,-7292,18780,2821,-5016,7121,22771,11756,23319,15563,2002,11200,4093,2773,4698,-8556,1872,7804,-10843,168,20000,566,-1010,16254,9259,-1393,18984,4140,-216,10581,4554,1799,14386,-1556,-3351,9138,4222,798,15293,-1528,9799,7025,4520,-1272,12572,3375,-3017,13175,14742,7750,18592,20171,-1762,18153,6401,1657,1535,-1535,7561,17170,-17188,8311,10798,6673,821,24020,398,-4533,13320,12478,-3622,16367,-300,-371,10946,2694,1082,13732,3577,6300,12840,-2486,11069,10031,-2121,-4507,9966,5054,-9659,15754,17530,2628,19847,17930,1527,6210,5129,60,892,-7337,7779,17704,-10704,8142,16264,1514,-5456,14592,4624,-3449,16453,8980,-5470,11922,7507,5818,13965,1084,9195,9618,3357,3702,18322,-9237,7509,5555,6587,-4122,17345,2686,-9192,10343,23414,10650,23113,15114,5147,9678,5559,1456,5151,-7308,1620,11865,-11289,1984,18599,158,-2331,14584,8004,-3167,18574,5880,1688,11152,4171,2068
1346,-8221,9740,16124,-9648,6268,16905,2420,-3307,13962,5703,-6093,17036,8966,-1538,12232,8953,3480,15516,1572,9474,10177,-52,3498,14588,-8034,8370,8534,5006,-8240,16361,6043,-7424,9231,22493,13401,22606,15847,2378,15842,1400,2434,6625,-9506,4827,5851,-8453,-163,21830,210,-3759,13855,11458,-2648,18854,3263,2379,11262,5837,1426,15265,-1562,-2200,8711,1470,2338,14558,-602,6522,10161,3002,-2903,10556,7105,-714,10857,13570,7266,22418,21795,609,20384,1098,-1947,2971,-2080,9360,12266,-13827,6779,14282,6529,-455,20954,5197,-3078,17193,6525,-1233,12102,4025,1006,16836,2203,-2515,13569,-316,9517,8464,-1570,7548,13272,-3603,-6006,10539,9381,-8206,8716,16309,5157,17014,19811,-1269,16192,-2231,-1357,3782,-8885,15314,12160,-6402,2903,16710,1788,-4200,14354,8620,-4107,17711,7729,-5844,12758,9614,9498,14492,2331,6465,13593,-6637,6309,7020,-2860,6496,14852,2178,-11278,15740,13411,-442,11035,19268,8418,15493,17092,3267,19719,-2710,1139,10931,-14512,6328,5837,-4310,-2362,18480,1034,-5849,15964,10548,1402,15161,5052,-538,14860,3833,2434,12515,1557,-2706,10907,-3284,4691
16769,4080,-5392,14746,10065,-10708,14841,7778,5565,14426,4309,14078,11682,-1500,3095,12957,-11221,8218,8082,3451,-6198,16456,6456,-8846,8843,26458,5215,22036,15997,10039,16916,2431,6217,9796,-10587,185,4635,-10510,-633,20227,1476,-3037,15105,10646,-5595,18737,4918,1588,12245,4543,3343,13025,44,3647,11994,-1672,-4145,12474,12,4476,11604,1023,4419,8458,7424,-3017,8788,19355,2987,24925,19083,4139,15265,4404,-1550,8030,-7543,7345,8737,-11586,6964,15737,5424,3136,18759,6274,-3393,18887,6047,-8567,11899,3942,3586,18273,1859,2287,12644,341,4484,9107,-4402,10884,11734,-2287,-4571,11984,10701,-11325,11855,17410,1524,16998,21601,1519,16731,-3524,3073,2735,-9965,12230,11450,-6915,4219,17641,4414,-2936,16276,7248,-9748,15267,7401,-7542,13208,7659,15265,14663,2788,7364,15214,-7389,4905,4339,-4105,4645,15743,1740,-8938,15017,16880,-4289,14010,21147,7143,13216,16536,10495,18793,-4812,1137,9273,-14959,577,8964,-4026,230,16810,3857,-6855,18118,8258,528,13666,5387,-1579,17007,3076,4958,11243,296,-377,10144,-4912,1752,6654,2659,5413,17299,2782,-3288,12752,13178,480
14306,2958,13353,10606,2346,6676,18034,-13475,2114,1417,5314,-2483,20120,3490,-5762,8051,27662,1039,23311,15257,9457,13383,6002,7648,8781,-8726,-1637,8359,-14218,-1603,17486,-188,466,16925,9269,-3721,19214,5729,-465,11009,4924,-1311,11638,-1789,4689,12054,1110,-1168,17321,-1613,4787,7005,3129,2608,8871,2982,-1915,9566,20445,2731,25281,18716,1890,14657,9075,3442,5282,-4496,5540,11654,-15430,5346,13751,4736,4833,21315,3350,-3057,19075,9570,-8956,12684,1207,-661,14857,3292,6162,11270,2120,3459,13302,-7231,8419,8625,-1467,1519,11781,6617,-10211,11166,20117,-2044,22746,20293,1073,11288,5907,5830,2908,-9315,10418,13323,-12910,3414,16739,3089,-1134,15903,4657,-8837,16924,8991,-7656,12830,8486,8466,16439,2600,14778,9614,1170,1234,14976,-12874,5903,5265,4717,-6206,17843,5546,-7210,7623,28176,6953,22837,17669,8625,17505,2297,7004,5501,-10131,-1648,7131,-12809,-899,20300,1153,-743,16161,9745,-3737,18898,5042,-2513,12430,4176,2602,11831,-1483,1536,10084,368,315,15168,-2067,6523,10642,2613,1580,7599,6366,-3585,9629,20639,2998,23957,19247,3099,17468,7136,2274
14448,-12035,4437,8285,7734,-10762,17361,6237,-3409,6139,28407,7348,23045,16691,11269,16259,1992,5044,5573,-11018,-3263,7106,-13147,-561,19390,1662,-1199,17469,7887,-3168,18508,5502,-796,12885,3459,2815,11092,-1114,-1615,9825,-3,-523,15708,-1055,8873,10902,2308,1571,7653,5330,-1882,8218,20815,1497,24800,21116,1560,15976,8399,902,4340,-6233,8859,12692,-16701,6174,13369,5934,6265,22197,2479,-6335,18015,10041,-12464,13482,770,3061,15210,1415,2575,9206,2599,6598,14301,-7592,13911,8128,-465,-4766,11411,6098,-10628,12689,20848,-1749,23171,23216,1646,12009,2612,6062,-1245,-7554,11273,18018,-15851,3856,14554,5478,-2544,18587,3533,-10055,15140,9374,-7621,13623,6832,11083,14252,2114,10329,9610,1277,4933,17081,-13183,7352,5605,5975,-10177,16754,4963,-6400,7247,28346,8561,24572,18096,9250,12684,4619,5289,5197,-9837,-1982,9180,-14153,183,19930,-430,-1838,16654,8913,-4261,19292,5166,100,11846,4936,2641,11244,-2996,-1996,9991,2329,-13,18488,-2468,9635,7608,2531,99,7318,2143,-3280,9771,22312,3728,25377,19793,2291,14897,11679,-360,4413,-3789,6642,15908,-17823,8525
15701,4607,-10156,14616,20637,4214,14991,21268,11149,10152,16281,3916,15997,-6995,638,11300,-16201,1744,9891,-7819,-1694,14030,7013,-4738,20564,8141,1906,15104,3526,639,13781,2372,-2519,13061,1141,-1893,11944,-2262,9213,5333,-305,995,12696,2526,-1967,13603,12776,6801,9964,21262,-159,22714,21264,-3875,14139,2104,5080,10593,-14928,12687,7743,-10975,5429,18790,6316,-4597,17814,7637,-3575,18813,2357,-5819,9231,5603,-1870,21339,1638,4450,12255,-1566,17399,6844,-6340,2872,7678,740,-10571,15313,12287,-4847,9373,21774,832,19477,21911,-77,18415,-3248,10157,2027,-12299,11629,7031,-11770,231,19354,4409,-9525,18702,10080,-6019,16005,6717,-651,12520,6979,7775,18821,-1088,8644,7021,-945,8344,9910,-9636,-319,11005,8478,-12350,16642,10035,5990,7819,25877,7016,19064,17535,5863,19585,-135,2598,4844,-12846,363,4500,-13483,742,18199,3504,-4940,20940,8308,483,17184,4961,555,11862,3092,-5925,13595,-466,1086,9892,1798,7852,12044,-2230,6135,10837,1016,-2921,9097,6889,2606,9908,22346,682,23225,20682,-3887,19486,8377,4907,3886,-7569,12832,11334,-18965,4463,10780,7589,967
15635,17380,5061,13376,23953,3281,13252,17878,9609,18036,-5278,4609,8287,-16709,-2506,9056,-10016,-3456,16423,7398,-838,20019,7406,191,15881,2623,-4403,13537,2039,1144,13320,2308,2846,11030,-932,4722,7246,-1970,1435,12373,2158,1987,10893,11840,2413,10767,21350,-4946,20904,22021,2625,18858,5460,7243,6726,-11427,5476,11055,-17257,8084,12213,7971,2236,21952,4133,-8730,19457,6041,-9951,9744,3086,3844,18854,953,6243,10915,2011,8258,10837,-9020,6339,6074,1844,-4466,13387,10957,-7683,15059,20070,-3262,20576,23703,2953,16680,-444,11264,351,-8311,4931,13186,-15418,2611,15636,5056,-937,19621,5681,-9968,16491,6477,-5337,12442,6982,7698,14921,1523,12270,9520,855,5622,15736,-10058,3479,5581,6920,-7932,16651,5458,-1740,9930,27265,5408,22600,19446,6663,12722,5797,10357,6095,-10682,-3069,8574,-15686,-2606,20014,284,1438,18031,8158,-3119,20274,4772,-4914,10714,4017,2307,11669,-41,2564,13305,1048,1773,13808,-1141,3347,5501,1210,4917,11182,3352,-736,11698,20189,-4375,18380,20032,3845,13917,16168,5835,10252,-4399,3092,11385,-16296,7139,12877,-2977,9761,21459,2018,-6596
10825,25474,9613,18821,18894,6395,10648,9410,3613,9808,-8735,2535,9976,-15864,-304,19013,-2261,-1369,16704,7855,-4110,18598,5456,-60,12547,2458,1179,12666,415,-4335,12688,1429,5404,11980,-1034,9094,5779,316,-2971,12066,3195,900,13577,16771,2624,13186,22042,58,17047,16380,-700,11013,-708,8277,12130,-16058,8539,13398,-6199,6863,19089,5887,-5555,16718,8059,-8460,17804,-797,-2600,9770,6656,384,19956,640,5974,10441,-1328,17064,9053,-7478,-1421,7738,3406,-12883,14846,15112,-353,12813,20963,39,16201,19701,1738,16176,-5512,10960,6641,-13680,8028,9701,-7333,-2359,18722,7031,-5803,18705,6250,-4906,11973,4136,-3853,15784,6747,8373,16963,2245,9514,8289,-3471,10642,7984,-8864,-4656,11888,10115,-9717,17539,10821,6418,7033,26582,4835,20654,16022,4976,17033,465,5349,7857,-13385,1632,3930,-12130,-3104,19906,3533,-2962,18380,9274,2158,18471,1610,-1065,10538,3160,-4191,14459,1903,1187,11428,2595,7458,12613,-4307,4040,7598,3743,-3758,11016,6855,5675,10131,21633,1565,22891,19520,-3729,15382,9903,4922,5396,-8765,9824,11673,-17658,4612,12719,7363,818,24057,752,-109
6706,27470,5713,22925,17226,6531,15613,2845,8051,6640,-12228,-3519,6415,-14442,-1211,18733,2746,812,19653,8119,-2075,19262,5002,-2220,10443,3146,1738,12201,47,242,13447,1062,1413,13266,-1692,6978,4741,3661,-1203,13235,4110,1605,11424,18970,1362,18918,22469,390,16271,11374,5393,6667,-5481,2919,15050,-20079,8831,9277,5876,4551,24731,-2059,-6152,14547,12244,-9637,17642,-862,2123,9320,4417,3223,16165,2334,6068,12462,-5420,10991,7488,-2167,-2478,11550,5199,-9713,15990,18987,-3956,15707,21405,4271,10238,11193,3169,8531,-8614,8626,15559,-14410,5411,14772,-1011,309,14324,5446,-9045,19628,5886,-7770,11845,8491,5163,14481,2228,9671,11796,1372,8160,16271,-8748,6067,3784,2505,-4021,15811,4965,-10018,11425,19513,5291,16137,21946,10316,12134,15054,3173,15164,-7168,3225,10108,-16375,-509,14222,-5559,-683,17040,6042,-2707,17393,8369,-1840,15213,1286,1570,13462,3058,790,13141,678,-3510,10114,-1533,11185,7543,-447,-33,12319,4287,-3239,12486,12399,6178,9635,21535,430,24840,20662,1283,14508,1895,2261,8095,-14743,9101,9226,-10871,7478,19172,6201,-2652,17051,7224,-6869
[row took 92681us]
18149,19359,7161,10304,13455,1447,13224,-7441,8160,10761,-14995,-2560,16427,-4966,-5099,16405,7458,951,17899,6645,1027,14017,1141,-2710,12684,3193,-1436,14327,1660,1958,10656,-1059,8254,6660,-1006,-2889,12132,3803,2909,13633,14111,7257,10092,21791,-4309,22813,18897,352,11908,392,8394,11226,-16504,7923,8532,-7284,2170,20763,4935,-802,14639,9452,-3651,19468,-1712,-7809,8845,7375,603,21427,2187,6505,11695,-1853,15258,7419,-6702,-1850,8466,1993,-7337,14776,15230,267,11696,18985,-3641,18480,22178,-1687,17903,-6261,13474,4143,-10889,7890,11270,-9271,-2054,16723,4294,-6102,16591,8019,-2690,15939,4732,-6478,13997,7409,5281,17188,174,13949,8465,-2778,7763,9931,-7423,-3882,9470,10802,-8800,17878,8463,6820,8217,25097,3666,18960,18448,4245,20003,-958,9429,5577,-12626,80,6824,-12178,-6765,18881,4137,969,17547,8763,594,19177,1953,-3122,10842,4217,-1308,14849,1527,3235,10525,1304,4638,12258,-3802,2567,6696,4048,-2212,12534,7779,7142,10603,19125,-1444,22790,22486,-1607,17143,5916,7430,4670,-6769,9616,12237,-19550,1193,11747,8733,3270,22476,2507,-2017,19901,8109,-10847
11287,15430,10949,17524,-5634,2054,11156,-15331,-2137,9848,-3889,-2681,16856,6193,-213,17114,7626,-1649,15401,926,-1079,14457,3763,6515,14533,4196,-4087,10227,-1637,2884,6784,-2383,5558,12896,1370,-160,11800,12784,1235,12157,20326,1529,17601,20765,2449,18778,1974,3470,6817,-13145,6194,11393,-12743,6412,14501,10002,2358,19835,4362,-7745,16003,2862,-8535,11234,4214,8384,21486,3383,1753,11434,962,6928,7862,-8612,8333,8170,2128,-6874,14003,12092,-10287,13751,19386,1471,19158,21547,3230,17490,-4728,6568,668,-8317,7216,11527,-10327,3505,17868,6243,-396,17407,4943,-13639,14897,4899,-4709,13286,7117,11138,17652,1244,8062,6905,-190,8451,13480,-10488,3990,8512,10241,-11355,17952,5899,-2172,7079,27490,6229,21227,15008,9339,15660,1143,6184,5037,-10233,-3725,7965,-11000,558,19123,2210,-1343,18478,8282,-3887,17761,2840,1602,11687,4866,2899,13678,1349,-2684,11042,1378,249,13440,-2982,9440,7983,2979,-972,11345,4517,-498,9611,21051,4831,22977,20332,1821,15358,8825,438,4637,-6771,7077,13666,-17318,7840,11557,5676,290,24765,1399,-3944,16021,11447,-6124,15270,-1145,1654
17941,-332,4673,6216,-11792,-346,5882,-11299,-851,18826,5137,-3054,19916,7921,-932,17093,2743,1527,11185,2487,-3969,13757,1329,771,11137,3279,7509,12473,-3291,3202,8252,1369,-3726,10192,6036,5456,11043,22283,2199,23050,20068,-1711,17204,8832,4080,4908,-8661,9243,11215,-17003,4307,13284,6606,129,24062,1820,-1510,15899,8722,-6685,13311,455,-2389,14504,4487,4941,12920,4260,10029,13814,-8443,9412,4295,-399,-8875,14258,6052,-5514,14739,21607,-996,20020,19110,-707,10000,7221,7261,4964,-8002,11037,16532,-13952,1738,15188,2590,-2553,17722,4998,-5166,16381,5698,-8220,11754,5312,4773,14361,3582,9555,11534,4228,9461,18230,-8710,3477,2217,2506,-6928,15485,3837,-2940,13569,22893,5273,17074,19240,7214,9901,11108,4612,11129,-7284,3595,12962,-15664,-3645,16313,-2342,-1801,17089,7238,920,16715,4733,-1348,13745,2084,-2901,13868,3330,428,12099,2633,3651,12413,-2730,5752,4317,424,-132,13024,860,2903,11959,16886,1685,15741,19930,-2002,16540,20069,3606,14869,-1470,7512,10155,-13486,4216,12962,-10063,4179,15648,7043,1530,16236,7591,-6790,20097,152,-8982,8639,6031,6978
18491,-4870,-973,8992,-13751,-2611,9853,-7439,2171,16506,5110,-3275,19008,6865,-2786,16148,1546,426,12232,3627,1600,12919,2695,-1656,10484,627,5299,9614,-2701,6305,11144,1502,-808,11224,10594,-643,10241,22194,-131,22277,20162,3079,18546,5508,2832,5229,-10667,8792,11452,-17056,6047,13696,7984,2307,23673,2408,-9072,16043,8046,-5975,12651,1422,3294,16442,2402,3035,10791,4094,8783,13467,-7721,9511,5929,729,-8041,12082,8381,-9213,16726,19865,2774,19210,20752,2797,12280,3823,6574,3692,-8352,4640,15883,-12478,4906,16764,2029,-312,17048,4567,-12014,16165,4466,-4718,12345,6371,8685,14958,4075,6326,11104,2583,7741,15918,-8033,6860,4390,2190,-7494,13457,6068,-5664,14890,21954,6863,15764,20263,9252,10254,11105,2165,13127,-8068,1384,11755,-15214,247,16483,-4151,-1282,15842,8270,-3275,17495,3935,942,14137,1846,598,13382,2206,-3758,12083,2507,3696,11743,340,8897,6352,-969,-1503,10067,1901,-1080,13085,14413,3814,14107,21300,2451,19393,19956,-838,15558,-539,5399,7668,-12049,7452,14150,-14478,6822,14032,10969,-4694,18802,3536,-3579,17102,3320,-5629,9588,2281,2664
14422,3872,7656,7261,-12293,-5850,7235,-11704,-1279,19771,1847,3410,19130,7675,-2810,16862,2759,-1536,11237,3499,-1157,12738,3026,3787,15233,2334,1951,10635,-1202,1867,6139,349,5819,11393,5232,-442,14271,17758,-3829,16463,21352,3221,17961,14350,5117,8463,-5912,5779,12082,-17808,6830,12851,327,5109,21421,515,-4555,14058,10837,-12072,18244,193,2019,9157,6157,5807,18570,2335,4977,11448,-2788,8500,8496,-2922,-1498,9715,4172,-6453,15148,16009,-4287,12286,18240,4622,16306,17371,5761,16242,-6811,3145,9726,-13280,3625,8933,-5788,4465,18879,4729,-7482,16916,7434,-9055,15844,3310,3016,10979,6946,10133,16556,-296,5557,8546,-44,6769,9788,-6466,-290,10650,10022,-7862,16873,9543,1774,8726,26198,7072,20517,14867,8777,18436,-149,-1585,6997,-12453,-1987,5505,-11025,5549,18884,2848,-2435,20025,8432,-4431,16956,1514,1672,9700,3482,-2432,12636,1077,-1836,12852,3365,8209,12235,-1256,6849,8252,-802,-870,8722,7577,-3346,13702,20148,2605,21928,21620,3027,19305,10056,2194,3976,-8273,6671,15186,-17802,8814,9856,4327,861,24159,495,-9179,13345,12825,-3325,17772,-1683,3056
12323,12934,7528,18955,-5756,2055,10545,-15425,-2465,8487,-4582,-502,16593,6259,411,18148,6223,333,16002,-422,-4725,10984,3513,706,13253,5135,4717,12234,746,2529,6741,-999,2810,12472,1476,2770,11553,10973,-557,11132,19720,-3343,21622,18128,4358,18185,5814,5857,6916,-10457,6845,11099,-15965,4691,12416,8492,3024,24095,2445,-7446,16242,7198,-9351,10764,1086,5158,15099,2819,7679,13041,4184,5276,12365,-6363,4846,6591,2202,-5494,13084,8642,-7347,16142,18895,-739,20208,17464,7610,10268,4096,7239,5089,-9357,-329,15926,-10535,2373,17728,2069,3588,15760,5105,-9671,14689,4844,-5712,12127,5132,8320,15357,5143,10078,11234,2900,3386,16186,-6124,3314,4712,3601,-338,14422,3929,-5237,14666,20724,3554,15340,18057,9271,10848,11688,2888,15454,-8293,-378,12705,-13480,-894,13657,-2044,2284,15826,6182,-478,16829,4711,-3795,15257,1295,1003,12638,3524,44,11799,3349,-114,11930,670,6374,6266,1136,4115,13751,1124,-121,11325,12613,-3791,13040,17099,4266,17574,18734,3082,18864,-141,1829,8169,-10082,7763,12531,-12329,8830,13515,8873,-4745,19576,4529,-6764,18019,3953,-3055
19768,13533,1476,18231,-901,4103,7284,-11357,1568,6071,-9433,-2578,19657,4662,196,17679,9346,1201,17377,-242,-883,8769,3860,-5836,15757,1995,2637,11347,4631,6485,12226,-2538,3316,7655,3734,-482,12369,5489,3110,11025,18706,358,21248,15773,-2334,15447,9071,4736,4509,-6888,9258,14048,-14124,4322,14870,5297,573,22281,2005,-1220,15430,9032,-7179,13530,614,-3005,13503,4241,8793,12470,5705,9269,15558,-6330,4311,5387,255,-6070,13010,5167,-5694,15703,18413,-2567,17536,15245,3862,7391,9051,4526,7247,-8409,8357,17569,-12867,731,14580,3247,-1637,16060,5142,-463,14877,5090,-8350,11965,4909,2840,15581,5533,10922,11380,5637,6534,16854,-9033,2494,3502,2519,-3177,14736,4840,-2116,15980,18429,3448,13767,18137,5242,10162,11183,3963,14473,-6321,4579,14169,-14772,-3622,11153,-1052,-862,16568,6454,2409,16001,5808,-1125,13649,-686,-3419,14233,4412,2783,12871,5832,-994,11959,-2548,5275,4817,1562,2369,15497,2460,2466,13149,11326,1606,9590,17012,-2818,18052,18339,2965,16553,1621,6118,11024,-13577,6080,8611,-7859,5302,18475,8079,1750,17813,5674,-5142,17402,1000,-11709
10466,14083,-1206,13955,-8028,3520,12691,-15400,-314,12713,-3796,330,16848,5483,-1611,16920,8528,-1836,14768,841,645,12494,3504,78,13101,2167,-3975,11562,-1245,10988,7092,1405,1347,13069,3393,-3208,13232,11528,4732,9158,19248,796,23522,18999,630,14864,596,2646,9956,-12889,9044,9108,-10408,7906,18370,7153,-4066,17912,6985,-5379,17685,1736,-2872,10064,4399,1956,19185,3872,166,12928,-1475,15930,7632,-5081,2859,8158,982,-10914,14917,12268,-6011,9591,19880,4461,18755,21311,714,17006,-4700,4130,2494,-10883,12501,11334,-10435,234,16229,5187,-7220,17734,7818,-5451,16898,4885,-688,12263,8456,7926,17481,1487,7556,8555,-1960,6731,9483,-8035,2471,10922,9306,-14151,16992,7795,4831,7269,24806,11094,21397,16205,1643,17645,340,3700,6308,-12495,2417,4149,-11117,-2829,19537,3055,-1914,18328,10013,-87,18640,3306,1862,10482,2615,-2820,14061,1227,-1943,11726,1959,6407,12133,-1636,7345,6853,3423,-6828,12538,5658,5195,12044,17004,4817,21088,21353,-4230,19242,6717,2963,1942,-4698,9507,14985,-19191,6595,11319,8702,270,25733,1201,-4301,13601,10346,-3310,14643,-2179,-3319
10982,-6836,10834,15357,-12756,-2741,12892,-2882,-5151,14275,6765,3105,18035,7323,792,13652,2297,-3092,12330,1479,-376,11820,4063,3122,16081,-3022,5589,4850,2617,-2021,13046,3454,2526,15187,13211,4891,10834,16873,-1615,20050,15489,-85,10158,229,8046,17879,-14545,5947,5399,-2255,3432,19622,3246,-2018,13842,12692,-1523,20937,-3036,-4731,6103,6433,-1099,18535,3815,8216,16417,-2362,8111,6605,-4015,-983,9067,1534,-4690,19460,15130,-1117,10132,16613,-1074,5968,15250,-2058,12677,-6915,11882,14960,-12005,7127,11023,-2312,-3916,12230,4791,-3175,18096,9532,-765,14448,5796,-5253,13019,5863,11138,14139,3919,8442,18046,-8574,4012,1779,-468,-2164,15684,3523,-8067,15289,19583,6296,15050,16903,7491,8794,14965,-1681,14931,-6151,10603,13966,-14549,-2097,9664,-3870,-6427,15088,6205,2696,18726,8427,967,14267,2242,-2765,12229,2948,564,13098,3163,2276,15075,-4026,4379,4410,3029,-1570,13496,2989,1334,15278,13333,6578,10678,15128,-2039,19946,17636,-323,13355,321,9583,14381,-13213,3366,4397,-4995,7056,18226,4553,-3244,17776,13739,-3606,19675,-3082,-3856,6556,4838,1033,18680,3367,6239
7177,3598,-3838,20067,3962,1123,14259,10288,1190,16344,-578,-1010,10523,3568,1775,15640,2105,1844,14303,-2636,-1566,3271,4899,2550,15610,1530,4684,13842,12627,1334,13872,12451,636,12680,14521,-1193,14049,112,6822,14850,-11466,5727,3918,1613,5285,16741,1864,-159,17303,13803,-6032,20976,-3332,-2095,7412,7335,4025,18295,2957,4649,17670,-3344,5150,3065,1231,746,13662,224,-4727,19145,13783,-3140,9245,11831,444,4251,11854,1080,13263,-5627,8966,15507,-9943,4253,6738,3807,-1090,14479,2254,-803,16808,10392,-4799,16611,1821,293,11334,7898,9063,12483,4806,6369,21538,-10277,4190,-1642,4072,-2539,19581,1480,-5000,14045,21245,3386,18914,11767,8429,6314,10868,3379,14370,-6686,3395,15715,-11721,-2530,11112,2516,-3186,15634,4962,2984,16233,6436,-617,13403,2315,-1233,13663,3913,1191,12446,2527,1914,16588,-5741,1063,1205,6464,1069,16527,2894,5326,15240,13370,-809,14484,13374,619,11847,10549,1830,7806,483,5703,20387,-12790,6534,4887,4074,1644,18602,1725,1431,15658,14110,-3793,18965,-3975,-2984,7482,5293,4519,16332,4145,3658,18991,-2699,6615,3582,79,-2907
17423,4099,800,10865,4202,-3452,13836,-1708,3439,9749,4396,1865,19577,-3506,1299,4264,4242,2203,10358,1102,950,12413,18364,2925,22569,17027,-2616,12507,8536,5286,3188,-1621,6623,16812,-13813,3972,14343,3492,3010,19831,4228,533,17208,9782,-6399,13509,536,-4276,13283,2895,6408,11583,4472,6224,16470,-5821,5629,6757,-1608,-1777,10998,5183,-5589,15306,17999,-1724,20600,16495,-1129,6349,7931,5243,4314,-8324,10400,18065,-11006,3545,15625,1742,-3213,13343,5778,-3684,17399,6606,-7226,10159,8667,3953,17158,1941,13019,8992,5935,5893,20553,-13672,1485,-73,5480,-2718,19191,3216,-6371,10588,26826,6863,23265,14958,4560,11404,5032,7814,6199,-7946,139,13380,-12799,-3296,18976,951,484,14068,8814,-755,18892,3854,-525,10873,5111,-2769,13416,-1716,3064,9574,2657,1667,18553,-3461,3102,5330,5018,2940,9923,1951,-1009,11431,18538,3067,23301,17133,-1558,12994,9157,4048,3427,-1657,6373,17990,-15249,4618,11178,3713,4875,22114,2517,-54,16224,11842,-7634,16096,-1539,-4079,10205,2610,6142,13011,4000,3643,17014,-4409,10387,6752,-1431,-1441,9883,4918,-7558,16730,18384,-1842
12722,145,3100,11357,2342,-553,15872,-2666,1760,4493,3417,6244,12572,2366,1311,14088,14517,-2729,14499,18450,1695,14046,16062,2495,11081,-432,5103,17363,-14261,5459,9560,-2959,8454,15116,4351,-1880,17839,10478,-10358,18525,-1155,-2161,8477,5598,4941,16980,1777,4019,16767,-2752,7883,6366,-3170,3886,9148,2028,-9615,18201,15851,-4676,12571,16981,2438,8579,18976,4785,14818,-8579,8011,11293,-12217,4197,8155,-3291,696,14761,4909,-6223,19086,8304,-7453,13832,4891,2569,12916,8311,14721,16278,1942,3073,15461,-8507,3847,770,-2952,64,15772,5246,-8167,16188,18949,1342,13981,19814,11395,10797,16289,4343,17068,-7401,-239,12153,-14229,-743,8830,-4635,958,15001,6255,-1441,19127,7156,-1433,14595,1743,86,12905,3500,838,13441,406,-3453,13428,-2093,5760,4209,2477,6749,13948,1128,-2958,11887,13057,1208,13739,16825,2400,15635,20754,466,18410,73,3773,10318,-10496,6629,7879,-10355,9492,14717,7920,-408,20796,7499,-9586,19094,1601,-4583,7504,5093,4589,20635,892,-695,13495,-490,13145,7054,-4314,8250,8498,176,-11370,15652,11735,-6279,10340,18366,1415,16138,22548,1500
11768,2627,3887,14560,-935,5988,6832,1549,-650,10879,3389,-1106,13809,16304,4473,15813,23017,-266,18584,10768,-841,3911,-1347,7997,17837,-17535,11307,9598,2654,1086,23719,222,-6362,14241,12716,-3291,18621,-1970,-2250,7619,4435,-371,17323,2395,9708,13500,-1937,11037,8745,-4519,-1993,9475,3222,-9505,16914,16938,-2413,13141,21056,2301,10210,12497,927,8939,-5119,11951,16319,-15078,8448,10001,-2489,-3349,16153,5183,-8979,19963,10282,-4210,13003,5026,4510,11902,3583,7046,13758,1956,9198,18177,-6313,5061,750,-1119,-5500,15582,3973,-6800,14398,21013,6082,14802,19674,9006,9685,14815,1190,15516,-6638,2548,12056,-14184,619,9833,-6401,-1837,15286,6890,-2232,19088,7840,2844,15460,804,-3303,11970,2278,-3274,12544,1353,1017,13380,337,9337,6470,-71,598,11089,151,301,11812,13730,3194,13979,19108,-557,17754,20985,-2686,17880,88,7486,8915,-10449,9167,10558,-12599,5012,13611,9717,-2402,20178,6631,-3800,18375,1098,-6175,8699,3476,1204,19432,1886,5079,13496,1299,14206,8409,-6958,844,7291,1179,-9052,14707,11547,-3822,11119,19015,-73,19189,20831,587,17298,-3280,9849
14908,-1464,4563,5542,2541,2995,13236,1366,3446,12088,12227,454,12195,18578,-2173,17475,18061,1912,15603,2028,6004,12687,-11985,5276,9319,-9014,7613,14455,6911,768,18625,7395,-7193,19762,395,-8764,8859,5138,7127,17906,2028,4444,13639,114,9278,8231,-5170,3543,8876,1680,-6425,14625,12063,-7874,11036,17784,-1325,18596,19405,6833,16850,-2868,6914,3812,-10555,6052,8505,-7944,564,18572,5735,-1244,17943,7269,-8353,15114,3458,-4793,11350,7883,12926,19051,2388,8180,8030,300,1862,11662,-9697,2004,8781,8815,-7278,16445,7106,1164,9057,24368,6471,22477,15557,7743,16155,1139,3794,5106,-10449,-4645,7363,-10657,628,19931,3305,2247,17012,8674,-2689,17972,2013,-1535,11223,3643,284,14251,1116,-249,11012,3105,696,13388,-1250,7755,7156,4225,1562,11911,2790,-1813,10383,18444,1468,21657,16921,2155,14533,10905,2614,5348,-5464,4555,14834,-14031,7823,12958,4149,3977,22777,613,-5050,14853,11154,-7584,15513,-935,1049,11229,2910,6015,13594,4540,3255,15268,-3737,11047,6370,-1374,-2537,11163,3482,-10853,16924,18659,-3503,17069,17424,5735,7847,10356,3535,5666,-8424,6884
13537,-1157,7537,6825,2938,-3222,11220,3419,2077,11515,18294,5132,20771,17401,-2915,14714,9875,747,4277,-5099,9527,15349,-13493,7362,15341,4265,36,21670,2026,-2361,15146,9854,-4263,14893,-2183,-3961,11692,4386,3500,14260,4794,9540,14971,-3836,10741,5785,-2337,-6480,11967,3358,-9135,15512,19039,-584,17663,16393,2305,5787,10417,863,6561,-8282,12770,18094,-11091,5058,14257,1846,-3992,15008,5203,-4834,16757,5871,-5716,11420,4837,3589,14783,5257,8159,12492,4967,9062,18041,-8357,4978,2628,1898,-5894,15747,3073,-5965,14062,21127,7432,15828,16243,7367,8475,11428,654,13195,-6535,5789,14900,-13052,-2085,12312,-920,-3974,16703,6094,1782,16137,6846,1553,14673,-814,-2975,12670,3651,-1047,12518,4123,867,13769,-1880,6825,4795,2366,-757,14561,1883,2966,13373,12359,5394,10248,16355,-3163,17195,17641,-2170,15535,1010,8856,12845,-11854,7284,6653,-5642,3149,19231,5278,1901,15607,9404,-3798,20520,-3111,-10427,7648,7242,4018,20162,2971,5623,13507,-31,12929,6837,-5249,401,9991,666,-7876,14952,12741,-3759,10994,15932,-2335,15262,19113,2499,17480,-4191,9915,3920,-10816,9486
5165,4576,4251,13467,2498,1139,16882,12635,-1130,10713,16034,17,16806,11866,5090,7839,-703,3745,20267,-12642,5213,7121,2504,8124,19598,851,-3925,12670,12533,-5944,19511,-3733,-1935,7512,5496,5520,16859,4510,4077,15846,-644,3426,8225,-3130,4474,9029,2250,-7426,20292,14352,-3738,10642,14892,2722,4182,13052,2210,11368,-7691,7371,17063,-9317,2659,11179,16,2235,12899,4628,-2677,18033,7453,-6564,12756,5095,933,12698,5287,12190,13922,5808,2507,18742,-7648,3359,2106,1219,2113,15929,3013,-7432,15692,17658,3948,14116,14965,8845,7514,12958,825,15182,-7263,4729,15184,-11660,-3634,8129,401,-967,16034,3510,3158,15326,8645,-2152,15421,-351,-707,11523,4398,2037,13162,3788,-2296,16281,-2287,3623,4417,3992,3961,13265,2938,1105,16163,10709,2137,8679,14061,933,20052,16132,898,14281,327,7012,13695,-10523,2364,3922,-3438,8481,18377,3464,-2176,14913,11189,-6638,21247,-2334,-1788,6358,6441,3785,18922,3360,3581,16820,-612,5897,6803,-1684,3391,9798,-424,-6172,18039,12983,-3306,9732,14045,1727,7508,17126,1480,15857,-7393,6207,10796,-8611,5277,9272,-2649,1065
15625,11035,4886,9442,12827,2606,18802,19044,-2662,16902,-249,7827,11484,-9412,3972,3616,-4379,8435,20109,3070,-2712,17372,11660,-6240,20510,-2145,-476,6130,5656,1411,19936,3352,2499,15165,-322,5608,6167,-1251,7030,10851,-1408,-8146,17608,12734,-3118,8837,15242,3024,7950,17013,-1689,16148,-7325,6224,10513,-9169,7617,9886,-2195,2564,14657,4671,-6121,18970,8463,-5375,13752,4891,-399,13034,7320,12051,14555,4559,3153,16272,-8536,6780,1668,254,2145,18085,2289,-11718,16119,17640,1579,13007,16838,13323,10039,14024,896,16680,-6254,3770,13899,-13062,-1174,8366,-478,-1275,17370,4073,-793,16866,7513,-2089,12759,1747,3562,13427,3458,24,14180,2246,-2172,13340,-3000,4171,3974,4359,3531,15227,3320,-2013,16599,10938,3144,10198,14673,4520,18408,15354,-1443,12971,1070,4003,16564,-12037,6353,3957,-1777,10170,20203,3194,-6862,17678,12990,-4502,18561,-2748,2198,6992,4487,794,18370,3825,687,18323,-827,6920,3168,-1478,7918,11905,-1433,-8561,17502,14843,-6896,13150,16082,5198,6501,13465,-975,13248,-7407,5621,13563,-9336,9877,10625,96,1570,14706,4015,-3836,18304,7892,-10982
11260,11107,-1379,5216,-1890,5508,17201,-12985,9112,12876,3669,2296,20488,3251,-640,15699,10074,-6557,14445,-2685,-2325,12438,3807,4149,13443,6579,1043,16938,-4637,12703,5576,-1647,-1374,10482,3307,-9463,15814,17589,333,19926,16052,360,5506,6951,2269,3220,-6838,8922,18385,-9269,6429,15674,3055,-568,14267,4508,-6650,15898,7043,-8701,11393,6530,7100,16929,3090,10990,9978,5035,4338,18230,-12728,6198,1865,6057,-3829,19169,2327,-10369,9627,26617,7010,23545,12775,9224,10391,4763,5151,6940,-6736,-2049,12358,-10086,298,19052,774,-841,14871,8160,-4818,16865,2975,3930,11698,4327,578,14880,-289,-551,9535,4290,-1519,18293,-3535,6757,5465,5290,1490,10988,1578,-3057,10994,17428,7827,22457,17169,-1573,13346,6891,2255,2310,-272,6401,15313,-14550,6718,13611,5214,3447,21303,3434,-4433,15752,10131,-4260,13073,-2654,-247,13886,1605,2113,11872,5701,3184,15893,-2714,9317,8121,-1264,258,9093,3949,-10282,14070,17389,3058,21653,16003,-1118,6133,5199,2432,-57,-7186,8399,17388,-8501,6475,18624,3846,68,13454,4844,-10293,15045,6059,-3118,11346,7419,5995,18569,2076,9188
13529,-8741,7810,16797,4839,792,16885,4038,-3811,13812,8351,-2559,12763,562,3426,17945,1157,-244,8737,4641,7052,14119,-1680,4443,11821,760,-1851,10457,4440,-9772,10389,15403,3260,22227,11865,2554,5074,3992,1035,1003,-7180,6662,13713,-3389,6820,20356,2137,-3871,10889,5371,-6822,14401,6340,1008,12213,7562,6009,20302,2542,5966,7422,3923,4888,14422,-8161,4291,8762,6947,-7150,18328,3229,-2866,7055,21995,9239,20812,9369,7046,14333,795,-363,4514,-7672,-247,9996,-4182,1642,20880,3375,-2988,15381,6526,-1284,14274,3998,2433,12982,4535,699,17414,-1065,-144,5312,3966,-112,15059,-1431,5501,11765,5758,686,11246,3981,-1203,10186,14150,5555,22514,15491,2411,16633,1743,-2612,1220,-1737,7969,7228,-7193,6017,19173,4802,853,19357,5974,-1957,17405,3789,-1702,7780,3511,2525,20647,726,-1853,10330,4756,6478,10863,-1015,7076,12482,-1515,-5517,11349,5446,-6325,7522,15222,3490,19225,14734,1525,13262,879,145,1513,-8006,9329,10233,-2445,6235,20732,1079,-4023,14704,8004,-7056,15079,2900,-132,8293,11539,5692,21148,2342,5890,10244,660,6528,8733,-6789,4153
18624,9585,-3533,20751,80,-4114,6620,7120,1128,21221,1766,1554,12642,560,8616,6491,-2229,7783,11526,-2966,-10579,15162,11005,-2968,9901,15281,3408,12433,19446,-529,18182,-4669,3822,4729,-9190,10990,9294,-4153,3351,18232,2908,-7822,17519,8640,-6538,15131,3689,-912,12257,10959,10267,16909,4177,5000,13191,-6512,7736,2479,-4133,3558,17390,2504,-12218,16025,15434,585,11495,19540,10123,12592,16241,6163,20455,-4850,-1159,9589,-13107,2826,6644,-4202,-102,18601,2737,-5214,16511,8697,866,15292,2583,1691,14083,4789,-560,14272,811,-2034,10412,-1507,5055,5817,3223,5951,16271,-66,-5362,10718,10797,4721,11917,16602,4199,17619,19294,-2201,19076,1428,3816,8738,-8972,7291,6707,-9031,7417,16657,6769,-1101,21264,8036,-3411,19116,839,-3775,7296,4345,618,20570,2629,-1400,13590,72,10920,6299,-2284,9218,10505,-2803,-10353,14795,10932,-2948,10151,17500,1816,15315,21144,-2711,17856,-4288,5201,2627,-10039,12757,8036,-7504,4537,18140,3512,-8692,19225,9612,-8353,15503,4322,-109,11511,10451,8586,17422,1130,6748,11978,-4614,10534,3923,-5284,1336,15575,3397,-12627,16021,14239,1019
[row took 92851us]
13272,555,-3811,16553,4517,2827,12875,573,12493,8165,-4270,6396,9368,-2032,-6927,13069,7279,-6019,9781,20051,107,22755,21672,-1109,14097,1221,7116,-1639,-6998,12754,12394,-14739,2435,18578,3629,-6526,17765,7623,-8124,17829,8350,318,10535,6589,2943,16138,-499,10816,7826,3169,9405,16405,-11584,723,6105,7072,-11162,17800,4524,1431,6220,27874,8286,23482,15941,3748,14188,2653,5439,4427,-8278,97,8144,-14355,-57,19589,524,-3803,18792,8671,-568,17713,5418,2302,11977,3746,-4739,11976,-1584,-949,10016,3188,5362,16477,-1622,5653,9136,901,-729,7606,2792,478,10055,22109,4261,24477,19979,-3026,16279,10061,1707,3171,-4401,11183,14897,-17425,5962,11676,4625,1277,24321,1142,-2721,14385,12838,-6096,17433,-3019,-4387,9522,3269,2341,13627,4247,10848,15741,-4746,11632,5932,-2196,-6670,11648,2941,-6055,15055,21341,-1673,19542,20422,-3193,9356,7983,7614,1698,-5997,12660,18997,-16160,4514,12652,1527,-4013,18221,3536,-7059,16551,10461,-7946,13596,4932,4831,11558,3603,9177,12506,2900,9618,19849,-9451,5177,1472,1625,-8499,15735,2814,-4287,11513,25886,7143,19975,18216,6984
17194,2456,6471,12452,2893,6543,11505,-6754,8671,6373,-185,-5976,13111,8564,-6373,14389,19141,-2058,21063,21266,2001,13033,2125,11364,1032,-7733,3955,14679,-12449,2622,17924,4269,-1046,17924,6163,-8017,16772,5099,-7117,10930,6341,8153,15650,2157,11514,9614,2117,4497,17400,-9201,3914,4354,5864,-7696,16604,3968,-2599,10455,25100,6321,21237,16253,7493,9722,7675,8339,5835,-8850,-2212,12908,-12609,-3395,19031,689,2243,16147,7701,-2575,18621,3973,-4705,12170,3067,2727,13107,-813,2348,10705,3026,1320,15149,-640,2707,5675,3377,5083,12149,1696,-282,12867,17211,-3415,15813,17712,2875,12981,14955,5277,9505,-2495,3162,16724,-12790,6234,12683,-3241,9980,16802,3333,-4705,15692,10474,-12365,19288,-1643,1352,8851,4452,4338,15743,2541,2802,15576,-2015,9614,8144,-2965,3826,8429,1745,-10227,17277,16126,-4060,12599,17103,685,9913,17979,5441,14347,-7603,6921,13205,-11658,4549,8973,-1627,2889,17294,4039,-6027,16483,7687,-9898,15106,2327,1861,12264,8521,13691,16768,880,3690,12066,-5082,8359,5125,-3537,-1906,13844,7519,-9659,17129,14975,2865,10705,20842,9299,12680,14248,8208
14470,4569,7588,15720,-2757,11597,7116,-2635,-2429,10919,2988,-11151,15450,17300,-1895,16830,16732,4331,6870,10511,187,8437,-7072,10200,17603,-11197,7194,14060,652,-1507,14985,5723,-7289,17595,6099,-6640,10354,5020,5664,14974,4945,6875,13350,4943,7995,18109,-7975,7199,1056,699,-5103,16344,3785,-8175,15048,21007,6787,14867,17424,10062,9125,11394,-594,12824,-6365,4542,14428,-13230,115,13413,-2532,-3614,14824,6948,-1627,17238,5807,3049,13163,825,-1489,14515,2513,-1931,12924,4425,-190,12909,-1796,8379,4622,1263,-771,13736,2392,687,14357,13366,6620,11354,17587,-573,17060,17439,-3498,14211,181,7548,13389,-12770,7613,8543,-6775,4080,19153,7175,124,16010,8562,-4007,18375,-2064,-7480,8151,6146,2343,20608,2808,3055,13776,-42,14904,6917,-6130,1474,8096,1642,-10909,16996,13158,-621,11218,18245,-1096,14111,18478,47,17573,-4350,9458,8219,-11544,9128,7389,-7044,26,18255,6274,-6604,17477,8788,-5986,13847,1462,-1716,12604,9090,8359,20510,2467,7337,8428,-2537,11413,6686,-8051,-3730,13020,8436,-11083,17919,11560,7504,8443,22648,5115,15716,14456,6204,19880,-2035,4204
13340,-2284,6515,9022,-2429,-3329,10152,5798,-4585,16597,17574,-2510,18476,14538,-1299,2895,6379,4848,1751,-7941,10175,18598,-8930,3431,15737,3095,-5742,15208,6177,1169,16645,7051,-6933,10399,5985,1126,14842,371,13065,9690,5605,5941,19213,-9154,1420,3505,5960,-2556,17871,2383,-4344,12481,22758,7828,21516,12669,3000,6181,7508,4329,6841,-7634,5084,15306,-9887,-5117,16681,1615,-1047,14550,7174,3183,17451,5320,-1865,11962,2694,-1626,13097,-705,1730,9301,5696,1476,19048,-2782,2791,4839,5652,1535,12962,2189,3235,15194,13461,2022,14949,16198,-2427,16036,7507,4574,2703,496,5502,20596,-14343,5581,8150,6006,1475,21037,1612,813,12126,12181,-3120,17734,-3470,-4653,9428,3439,4393,14709,5627,6349,16569,-2247,5465,7398,-1567,-2168,9377,4928,-4305,18321,15527,-1534,15304,13153,-192,2493,7876,2199,4712,-7676,8930,19721,-8333,4677,13543,2272,-5391,13709,5494,2024,16481,7613,-7784,11887,5479,1325,14248,2415,11819,11114,6272,6124,19876,-8760,1739,1863,4434,-1126,17941,3226,-3951,13731,21833,3492,20929,11771,5782,6353,6439,2861,7498,-6997,4550,15570,-9546,-3093
9208,8459,-7577,8109,13570,2182,18664,14908,-1695,12934,-546,3001,4664,-8619,10031,12009,-2024,-1590,18117,3168,2663,14048,7943,-2975,16584,4365,-4439,10403,8422,2540,15600,3326,11906,14694,-1849,3609,9612,-3326,1372,12185,2226,-3110,15322,11469,-1850,13221,16445,4992,14361,13550,5838,19145,-3060,1568,9758,-11620,5476,7663,403,-5919,19809,1725,-1769,12763,10705,4661,16640,1276,-4050,13060,5021,1691,13773,1719,1664,10794,-2274,961,9722,3755,2135,14494,2118,446,13838,10499,5945,11400,12197,-384,16586,14463,314,14141,-1282,7649,13657,-7688,4203,3753,957,4431,18431,601,-2510,15348,14380,480,22783,-2751,-5301,5136,5892,4965,20140,2463,2936,15671,-69,3371,4565,635,3721,14887,-1592,-4770,16363,13279,-1239,12633,12102,433,6248,10321,-2405,11570,-5294,8227,14639,-8221,6664,12979,4220,-1278,14617,2576,-710,14841,8611,-3956,14516,3287,-1828,14590,7115,5447,10853,6121,12171,20528,-10460,3658,420,4243,-5428,19646,674,-2173,11496,22478,2573,22604,12414,3951,11556,6425,5517,7105,-5465,4668,12932,-12381,1774,15684,3657,-9972,18529,7622,3913,14853,3352,1125
11617,-6160,9213,11243,-10502,12672,12699,-1169,-1588,16969,3559,-5818,16094,8972,-5882,13858,5893,52,12973,7111,3745,13269,3273,12769,19029,-11240,9032,-865,1255,-7210,19178,589,-7838,10107,26021,5206,23543,18296,6720,13765,8001,5423,9993,-6425,5479,8671,-15130,1467,15260,-2106,-9003,17475,9453,-1587,19717,4856,1823,8088,6687,-828,15676,-398,-1635,14270,485,4671,13338,-3674,5183,4862,1699,-3854,11111,4787,2346,10395,18640,6653,24109,19472,-1952,16341,8729,1016,4342,-582,9354,15863,-18173,6891,7732,5677,-2770,24110,2580,3311,18843,11870,-4703,13075,-2960,-5141,13481,4092,1483,15576,3930,7058,13749,-5464,9192,5022,-2450,-2313,12060,4935,-5420,12704,19547,2003,21870,19527,-4839,13777,4812,2288,1881,-7356,12915,13184,-11911,6883,16742,2735,-3931,15424,5450,-7179,17139,8654,-4136,13303,8261,813,15225,2653,9992,11104,-986,11610,13969,-10251,5861,8001,3709,-11674,16371,6889,-3438,7854,26725,6818,19233,16978,6234,19586,1153,6642,7538,-10798,3383,5025,-12154,-1170,18466,2261,-6040,18548,10209,-3214,17526,5066,2689,13491,3449,-1217,11454,-1114,1289,10946,205,3372
15832,3741,-10496,18845,9870,-5046,14786,6322,626,13495,7958,9513,14819,1865,7378,16737,-8805,9763,338,-2582,-1857,17888,1594,-12444,14361,20871,2737,15349,19469,12012,10431,15394,2514,15708,-6112,2769,11733,-14908,2697,10967,-4756,-4193,15916,6975,-5281,19685,6738,971,12528,5048,2440,15519,-45,-2969,11790,967,1352,13383,-2870,6839,4162,2751,1445,13960,1058,-3633,12834,15278,5416,16985,18132,3513,14627,17057,-3339,11475,-602,6870,16602,-12208,7243,7496,-4331,4757,18540,5768,-1837,18647,10891,-5742,19136,-2023,-374,6819,4977,-2012,19014,2106,2612,15489,-2426,11675,5007,-4650,5044,9908,1234,-9742,19442,15678,-1384,11738,17949,123,7545,16856,-3749,13891,-6352,11765,11837,-11194,12739,9738,-4621,-1791,14572,5794,-9516,19922,9638,-5995,13693,6113,3720,13776,5995,8456,13039,2649,7841,19908,-10565,8981,-2455,159,-5857,19097,2321,-10398,13960,23038,5186,16685,16681,14173,7778,12478,1644,14476,-6736,1927,13629,-13430,281,11746,-3092,-4331,15094,7853,-3244,19247,6509,2678,13089,3296,1915,13946,-58,-3480,11501,2055,666,16738,-2822,6032,2535,3495,998,12029,201,1016
14035,4063,4067,13346,7490,7967,14488,4068,6318,19007,-9366,7060,-1341,-175,-5709,17506,2466,-8543,15058,22646,7125,16725,14891,11923,7100,12146,-247,13034,-6657,2917,15266,-12202,-313,12595,-2337,-4666,14584,7583,-1202,18237,6190,2621,13417,1877,-241,12434,1202,-2355,12576,2292,2542,17065,-2329,4775,2558,4345,-108,12784,422,1006,13458,15962,4748,17595,15087,1161,11943,15352,-1539,9802,-1611,4736,19502,-11981,6311,7442,-1542,4620,18468,4580,-1063,16595,12800,-3489,19973,-5254,-2008,5015,6043,-335,18694,2781,3156,16752,-1156,11604,5618,-3649,996,9098,1706,-7088,19513,15462,-406,12274,15219,-2007,6040,15388,-1379,11855,-6588,11926,15767,-10232,9505,9636,-3176,-3109,12656,5693,-6372,19361,9644,-4252,14535,3891,2285,12318,7366,8261,13543,3379,8069,20239,-8693,6242,-2066,347,-5550,17711,1747,-7527,14308,23063,6955,17378,13970,10903,6201,12869,250,12998,-7584,3456,15360,-12188,-1174,11974,-1759,-5155,14868,7343,-306,17719,6592,3263,14203,1229,-1712,11581,1919,-1503,12635,2774,2884,17342,-2100,4010,2338,3463,321,12658,432,1949,13662,15539,3767,16838,15380,535
13246,3308,8255,21139,-7335,3045,-1762,1683,-4025,18503,739,-5068,13718,22906,6187,17878,11872,8943,5179,12818,1465,13261,-6529,2453,15674,-11591,-1321,10889,-741,-3558,15112,5896,767,17301,7830,2014,15145,167,-3698,9855,2375,-20,13115,2490,3967,18160,-1673,2106,2465,4442,1541,12794,-126,2469,13836,15418,1348,16803,14205,1059,10831,14585,-761,7757,-1748,6346,19761,-11795,5869,7238,582,2296,17233,3725,643,15235,13985,-1861,21158,-5687,-5090,4980,5733,2934,16962,3333,4435,18624,-1031,8132,4561,-1854,-1160,10085,1146,-3588,19420,15326,-1691,12072,13045,-998,3913,14050,-469,9689,-6493,11357,17643,-9426,7214,9884,-570,-2537,13002,3643,-3667,16572,10243,-5334,16234,3140,1191,12309,7667,8434,12231,4111,9801,21674,-9505,3733,-1511,2531,-6208,18919,671,-3560,12188,24888,6220,20383,12049,7316,6458,10548,3486,10068,-7084,3526,16666,-12578,-2923,13483,582,-5280,15254,7239,1588,16704,6083,2472,13167,1397,-3733,12123,1035,1298,12113,4249,2899,18645,-3126,1566,2270,4818,1245,12709,505,3222,13094,16231,3451,18673,14855,-1704,11705,11841,780,5500,-478,5711
152,4167,-5911,18524,3031,-4432,10494,26422,6763,22969,14102,3728,10756,4837,7375,6624,-6076,1666,13928,-12998,-2714,17584,1705,-3768,14935,8815,-85,18281,3628,2729,10479,3539,-3653,14024,-1467,2055,10451,4302,2597,18368,-3461,2298,4694,5647,1144,10710,1293,1176,11066,17973,5699,23031,16060,-3788,13562,8252,3048,2696,301,7794,17088,-15382,3360,11506,4706,3768,22685,2885,1433,15932,11297,-6117,13931,-2490,-6705,12687,1991,5593,12946,5698,5853,16675,-4795,8846,6320,-1175,-2092,10026,5078,-4833,14089,17462,-326,21246,16944,-5726,8147,5833,6736,1924,-6328,11745,17343,-12154,2521,15437,4365,-2442,16568,5214,-4479,15131,6890,-6119,11295,6252,2685,16577,2997,13466,10025,4888,8218,17971,-13045,2049,3036,5071,-6887,17664,5391,-3942,10157,26629,7483,22214,14474,3549,13776,1817,9278,5122,-6804,315,11821,-12010,-4756,19177,2798,-1620,15836,9127,-140,17340,2210,1811,10427,4220,-4190,14207,-1413,3787,9753,3199,1883,17626,-2982,1668,6901,5433,1888,10416,3489,2258,9585,17785,3729,23706,16734,-3368,14886,6093,3682,3479,-894,8730,13306,-14622,2310,13911,6535,4306
9807,21304,3350,15345,15578,8140,19992,-2812,5606,7808,-12301,949,6973,-4362,-6921,20835,3290,-3431,14514,10002,5368,16984,-134,-3892,12055,5007,1080,16509,1185,1582,7377,-499,2236,10362,-890,2015,14636,4306,-292,12905,9343,7486,8135,15611,-2226,20200,17006,-2485,16853,1770,7958,9715,-7726,5532,5520,-4962,3586,19370,4311,2269,16865,10879,336,22362,-2431,-10697,4983,5489,1225,21842,1101,3626,12847,86,8709,6662,-2012,5264,12770,-1528,-6419,16866,12461,-102,7202,15048,-5528,9240,17081,-208,16170,-3449,11076,9905,-9887,8001,8609,-3507,606,18524,3390,-4888,16298,10705,-4718,16333,3088,-5217,9319,9360,11830,18551,3560,9315,15091,-6748,7534,3028,-2854,-2569,16022,1285,-8143,17309,19575,2931,12975,16918,5278,8769,13386,7014,16256,-5481,5908,13053,-14194,-2063,10193,375,-5542,18313,5174,-1136,15227,7712,1247,13987,1216,-1338,13800,1791,2047,14051,1499,4329,11098,-3229,-682,5108,3781,350,15796,3450,2056,15404,13082,3607,12657,15944,1019,14071,13166,-1649,9151,498,7567,19231,-12303,5419,7100,2498,2444,19699,2801,1798,14968,12749,-1832,19547,-5495,-4980
9945,-11042,6496,7778,-4452,-7428,17871,1974,-5302,13450,10882,4365,17398,1564,-626,13496,4777,-191,13329,-123,1230,10132,-1924,3345,12085,1731,1093,12736,4518,-3607,14573,9867,8394,9110,14168,2168,20993,16858,-1708,13389,-268,5424,14152,-6883,5821,6341,-3508,5256,19116,4084,-4518,15846,11841,3879,21208,-1682,-4318,6450,3669,-1774,19024,2342,2868,14989,-777,7970,6319,-1759,3770,12455,-1114,-5811,17292,14621,-595,12569,14141,604,7159,12701,-5663,10568,-5445,7909,13688,-7517,15064,14755,-960,-3727,13073,4887,-6056,16992,10230,-2222,14368,6961,-121,14411,4763,5331,10752,3819,13030,20047,-10964,6238,696,2588,-7146,20089,1098,-8031,11281,23732,6260,22404,14028,8145,11760,6961,889,10160,-6867,6545,8949,-10781,1254,17349,305,-9714,16754,9681,-347,18549,3670,3356,7259,5832,307,17805,-1009,-1032,11953,1255,4046,13423,-2136,3389,7735,3410,-4293,10793,6544,1087,13477,12453,9548,20281,19880,-20,20837,2192,-807,923,1865,7380,15289,-15213,4971,10412,9309,-988,22805,4784,1010,17539,7709,1153,10479,-458,-5008,16701,3063,969,16480,1213,4384,9463,-1776,8591
17161,2127,1328,11009,6445,2383,14619,-992,1841,10812,-3023,-820,11994,1645,5494,13505,3200,-3986,12297,10539,1330,10487,15039,7757,19563,17994,1052,12605,-1530,2594,15879,-6566,5195,5966,-2302,5460,17322,1404,-2280,14366,14538,-81,24853,-3047,-3587,3677,5116,4984,19901,-595,-3456,15527,1431,5071,5578,-2297,9205,12628,-1154,-4499,15265,13584,-6686,16552,14514,2660,8880,12479,-3553,8887,-5787,4755,12050,-6841,13641,15736,700,1360,15223,4339,-2578,14685,8553,-12396,15100,6977,2009,15313,6643,10255,10717,2421,12106,17832,-11881,3234,3617,2569,-3271,18040,2481,-7870,10703,23276,-946,21439,16865,9121,17551,3452,10713,5621,-5826,2592,8241,-12577,-3828,17808,3703,-4961,18390,7688,-1382,15528,3927,-1468,9367,5877,376,17379,415,9810,11590,-1121,-2657,10935,-1846,-39,14246,2348,2265,8223,8148,-1103,10710,15766,3570,21888,19400,3015,17346,-443,5242,5256,-2708,2541,9420,-7652,1609,14505,5752,4736,18257,9712,1034,23520,446,-6408,4262,3577,1546,20424,36,3108,15329,1782,-1160,7677,-1131,8088,12320,-4208,-6,15228,11685,-2942,10879,12662,-1836,10546,17901,-1290
7008,2785,-3068,14852,3260,-1194,13748,13611,6807,15848,15409,2360,14473,11010,-2263,5633,524,7363,20263,-10398,6779,6112,2926,-2083,19417,3598,2665,15576,14094,1285,19349,-6717,-3633,7039,4025,-2370,18863,2155,6610,15376,-90,5127,5576,-1003,-1298,12141,2215,-2283,14879,14651,2833,19399,12702,-2118,8538,8331,-4044,4080,-5867,11063,11621,-4603,9894,21303,1193,-2592,10940,5632,-5733,16103,7015,-2492,12936,7448,-1587,16950,4937,7786,11069,1014,13817,15045,-8198,3034,7913,2290,-8131,18197,5125,-3700,9087,23119,4754,17818,12057,6931,18139,2481,3773,9092,-9387,3175,4853,-6919,-466,19019,3755,-7203,19699,9293,-2098,13355,3578,6188,10726,3249,-4013,15956,-603,2727,11284,-464,1705,11099,2845,2569,13588,1192,-2675,11890,8589,3392,9713,15317,7949,20090,14015,-1105,14837,737,580,11734,-5341,8288,1811,355,5089,17351,-337,-4935,18771,15779,1655,24595,-2440,-538,1563,3308,1753,20724,-539,-1961,16241,2355,7619,6201,588,4476,12751,-2097,-5576,19172,10269,-161,8044,13405,3158,8736,10286,-7239,11802,-1355,3691,15936,-6177,13878,9443,3315,2359,12495,774,-8590
13612,7306,1700,4372,-971,2552,14660,-7494,3558,15354,6031,1949,17173,5377,1520,16651,8913,-3274,11068,-999,2801,16177,3056,1771,15211,2176,-1737,11909,-858,5240,10838,-426,5344,13194,4803,-7610,7933,12422,1969,19412,13318,-824,13725,2596,-320,6279,-7740,5622,6406,2796,8394,22407,-288,546,12691,7845,-5238,15618,3945,-4060,10608,8116,3424,14921,6661,10484,20129,-4075,6453,3486,4,3373,14202,-5098,-5105,18251,18166,-4308,16283,13931,3238,7983,13309,9503,17699,-4131,1698,14008,-9313,1215,9526,-326,164,14623,4458,-5234,15748,7912,750,14699,1941,-2566,13238,3036,3335,12958,2374,3895,13733,-4225,1032,6388,3831,-1237,14088,1175,2388,11116,14439,1260,21616,13242,3396,12734,10892,3369,4054,-815,5918,18497,-10021,1863,11597,5641,-245,17361,4600,4263,15300,11325,-4055,15133,-4076,-467,12267,4723,4857,17045,2870,3180,13967,-1351,-2432,7631,-1073,5137,12037,4013,-2075,11948,12091,965,20167,14521,-3826,12460,3612,1984,2344,-6133,6036,9022,-2362,6314,23559,1794,1795,10935,6097,-4524,15350,5196,-4288,12361,9402,-2363,16697,5395,14783,14191,-730,8603
17902,15113,4975,24755,-3010,-1714,1744,4078,-523,20598,-49,-1464,16166,2623,8225,5378,-2261,2929,11899,-2567,-3397,17003,13166,-1051,14169,13847,3830,8845,13629,-9261,8103,-3853,4553,12604,-7840,16912,14924,-530,668,14573,2823,-6376,14758,9372,-4846,16091,7346,1724,15051,7677,1914,10305,4265,14378,20166,-11905,7053,722,1418,-5656,19041,-1400,-7529,8471,26298,1207,22747,16201,8817,16176,5701,4673,8023,-6539,4706,6698,-12941,2374,15768,751,-7378,20597,9198,-4587,16313,4333,3045,7533,7321,-1396,17758,-1295,4307,10958,-33,1309,11817,-2075,5241,14104,1465,-2088,7504,7165,-4936,9639,17830,9256,22354,20795,2321,17793,1623,879,6962,-4076,5929,10901,-11734,5230,13289,5407,-457,19248,9558,378,23177,2976,-3974,4601,4540,1538,21293,-874,-830,13504,3580,2073,9557,-3745,11267,9483,-5724,-2797,13959,12523,-4365,12945,15074,1727,13731,21063,-1781,16383,-3509,-2235,6512,-9105,15249,10840,-5282,10033,17240,578,-8559,14800,10192,-8568,17892,9056,-2672,11398,9595,6075,14737,2322,6673,19434,-10062,14585,-606,-743,-710,17340,-5067,-10107,10090,25364,-3564,23259,20332,8736
12352,178,7084,9015,-5773,12928,9849,-3529,-3922,12917,13111,-9464,12401,20812,-3279,17256,24013,2341,16785,-2998,8676,3522,-14271,12467,10111,-9174,5538,17285,2388,-8376,17587,10866,-11582,17242,11541,-5754,12177,7050,15850,15013,763,9533,16309,-10462,5398,3622,-4032,1621,14469,-1054,-8940,10671,20726,-3701,19326,25073,7657,15862,17854,13198,13970,-5718,2942,6710,-21559,-2836,9947,-7452,-111,19159,6835,-5295,18949,9752,-2547,12939,6389,-993,16389,304,4275,13127,-1395,503,10907,-3568,1083,5725,1087,4366,13217,278,1759,9518,16934,-1285,18813,22774,2201,17120,18409,3555,10841,1836,2239,14630,-19683,6311,2772,-863,12095,23436,-1780,-2416,17828,16188,-11496,21160,-1862,-3750,6718,6892,2442,19126,-804,2648,13699,-4870,9748,4601,-5269,10743,11995,-59,-6891,14715,18409,-11504,16221,23216,-1481,13631,18047,4639,11127,-5933,10389,11347,-18660,11323,6973,-3130,1568,20325,2417,-6103,18311,13354,-15704,16024,8922,839,11706,5227,14088,13617,934,8295,19273,-13573,6845,-1021,-243,-1556,18373,284,-8829,8235,24397,-2764,21486,23113,11538,13041,15024,13622,12697,-7801,1668,7747,-21822,-3145
8926,-280,-8413,15875,19002,-7815,14680,19663,-1063,11396,23085,4226,16297,-8071,10427,7420,-13434,8059,9517,-6370,1062,16291,5373,-7390,20390,9122,-11591,13555,7667,-933,14246,5736,16397,16306,-121,5951,13307,-10122,7931,2693,-3972,-1189,15551,5114,-11275,14235,18801,-43,13793,22051,11404,11346,19544,10097,18752,-6315,439,7604,-15987,-1658,9575,-8391,-1218,14940,7593,-3267,21600,7305,-2243,14903,3098,1912,14772,2314,1757,13935,107,-4783,10365,-1818,6157,5334,-114,5623,14168,1366,-1008,12631,12388,2400,10186,21065,-175,18077,20837,1087,18066,4012,2786,9256,-12656,8721,8560,-11522,10561,15190,6589,-952,21110,7755,-10009,19541,1465,-6518,7636,4897,3970,22238,-1229,1006,10518,8,13316,8196,-6747,9373,7913,526,-11798,14773,12765,-9246,12482,19861,3976,16381,24540,2522,18706,-4522,6137,386,-10821,10409,11257,-10853,1665,16007,5680,-3892,20738,7510,-10699,14942,5860,-3719,12969,8398,11438,18516,-344,6621,8283,-4037,8526,8639,-8250,4890,11421,7999,-13839,17541,9523,403,6652,24745,7771,19569,19685,8342,19881,-152,3967,6980,-13494,870,3109,-10681,-221,18228,3255,-4449
13958,20323,-771,20470,18072,983,5816,9860,1780,3573,-7382,11897,16577,-11288,7580,15974,1024,-3087,16208,5823,-8858,17487,8116,-8144,11166,4256,7691,13363,3526,6197,11928,2960,9552,20262,-10187,9852,928,3484,-10345,16758,2139,-7694,11577,25840,8993,19525,14431,9298,6545,10385,3232,8764,-6802,2786,13561,-11859,-1344,17082,-2322,-4022,13271,7915,-2274,18843,5701,1249,12926,2833,252,12655,-426,-160,11793,3433,2869,16504,-2458,5302,4323,1337,12,11188,2089,220,14889,16305,4251,15823,19475,761,15285,14313,-1558,7253,-442,5526,19168,-14559,8911,9898,-1027,4707,18466,2807,-2183,13929,12473,-5808,20788,-5076,-2404,5908,7208,-377,18274,1929,4881,15506,-2451,13403,6537,-5007,326,9282,2198,-10212,17563,17524,-485,13555,16041,430,5509,16365,-1143,11056,-6605,11410,16344,-10681,7986,12052,-3751,-2983,11877,4240,-5489,18558,10193,-3264,15966,5182,-2142,10152,6146,7947,15614,1206,10117,17033,-7366,8018,2794,-732,-5030,14849,3148,-9741,14530,19375,7629,13758,17071,8396,7948,16786,-2055,14678,-6225,9849,13663,-13853,-649,10960,-5652,-7436,14352,6814,1040,18779,8187,728
11674,19041,-3743,16371,-5752,10280,7003,-10027,11714,11330,-6136,-2150,14689,4091,-5983,17202,9925,-431,17511,4606,-11350,11365,9592,10056,17641,-51,13318,10897,-6043,7658,6484,-4890,-98,13508,6050,-11449,17272,14017,2978,9346,20026,5879,11819,18507,2241,18901,-4379,9251,9359,-14292,2601,6132,-5368,-8853,17295,4751,-310,18249,9598,2754,15716,1098,-3321,12074,4754,514,16169,1653,2327,10437,-1564,4217,7227,249,1192,13081,2149,-2601,14638,11291,8550,7761,16015,348,22499,20715,-4264,17071,879,11573,8561,-10578,4913,4972,-8864,2799,19295,6334,389,18468,9982,-1011,20743,-827,-7890,6371,6391,-1246,20881,1924,7170,12888,-770,8331,6785,-4002,4227,10171,-1092,-6765,17645,12807,-1276,6072,17585,-1602,10724,19150,-3446,16247,-5653,10072,6978,-10483,10575,10483,-4515,-2017,15184,2770,-4629,16690,10943,-190,18977,4205,-10289,9893,8820,10140,17342,746,11792,12511,-6853,6706,6026,-2259,319,15182,4149,-9934,16561,15536,2493,9732,18318,5586,10777,17928,2176,18139,-5031,9495,9623,-14918,642,5803,-3724,-8291,18288,3913,1520,17320,10466,1311,16034,286,-3449,10718,5142,1290
[row took 93197us]
17059,-9262,7742,11653,2839,-5214,16008,4077,3915,14449,9609,-9842,15497,2941,-2270,12946,6339,9273,12510,3389,13447,18067,-10694,2858,1769,3060,-5799,17976,2741,-2919,11951,23831,1969,22065,13428,4463,10154,7442,5505,7318,-6802,6267,12582,-12814,-797,17563,3791,-9272,16513,7225,3541,15514,6000,1826,11620,3232,-5837,14795,1210,5993,11453,3715,2454,17600,-4480,1432,4200,3638,-779,11056,1765,1995,11947,18487,6070,23094,15024,-2601,12684,7822,3501,1838,-825,9845,16164,-13883,2195,12528,5437,-65,21707,3985,3346,16223,11588,-5421,13429,-2715,-5274,13189,3049,6630,13713,5397,4351,16212,-3754,4453,6609,-1531,167,10557,4040,-3653,11778,17851,570,21380,15050,-5098,8190,5819,4283,3185,-8482,10476,13420,-8286,2417,18406,3945,511,15409,4386,-3277,13772,7222,-6564,13496,7595,-1869,16793,5093,13937,10315,805,8302,13663,-11821,4529,7722,4056,-7748,16955,5969,-4072,7562,26426,5839,21485,12939,3174,15848,1792,8910,6915,-8686,4261,6957,-10049,-4338,20476,4093,-4313,16650,9254,34,15961,2927,-407,11337,4368,-1413,15617,1083,6226,9583,1651,794,14276,-2812,306
17562,10404,-1763,16415,2860,-3026,9748,9866,5920,16611,2035,10593,17208,-7580,9330,1333,-1418,-2432,16784,254,-9423,16076,19198,1548,12774,17590,7549,8963,15969,4699,17330,-6178,5355,11059,-14691,1546,10086,-3803,-4880,15540,6896,-3170,18901,7854,2394,14134,3339,-592,12242,1226,-1523,14074,1667,4597,13942,-1532,2271,2961,2280,-196,14797,810,871,14742,14263,4527,11838,16689,1886,13798,15555,-1486,11820,967,5971,18694,-13386,7725,4858,-2029,2468,18457,3586,-1478,17959,14404,-1122,21542,-4305,-4027,3549,7063,-511,19148,-327,6437,15557,-51,6405,5362,-3159,2952,11073,1100,-5198,19105,14470,-2373,9252,15517,-1309,6338,16802,-2745,12978,-6871,10401,13424,-10488,11836,9718,-2786,-2225,15118,4701,-5086,17897,10969,-4605,15944,3332,-1425,10560,8255,6234,13984,2486,12167,20398,-9359,6700,-2121,474,-5992,19089,344,-7158,13368,23942,3606,17053,14353,8859,6088,14018,3632,13279,-8313,5516,13428,-13618,-729,12910,-1790,-5989,15447,7380,-483,17952,8300,925,14305,1489,-2353,11576,1165,957,12965,2215,4549,17893,-2420,2645,1157,3491,-1113,13036,-870,2014,13068,17639,2892
13022,6093,9780,12048,4270,12193,21016,-12217,3670,-2020,2803,-7379,19164,1569,-5087,10197,27033,7085,21873,13187,5108,7763,9670,4770,8765,-7483,5205,12773,-14028,-2811,16431,-719,-6115,15729,7507,1368,17705,6261,1785,11891,3028,-3291,12327,-403,1638,11649,4017,2855,19944,-3513,3550,2944,4057,-350,8756,-113,1833,12101,19966,5227,22980,16886,-2359,12784,13659,-791,4531,-2486,8141,18147,-16032,5703,9804,2660,2555,22466,1581,1927,13393,14208,-4376,20257,-5019,-7992,7120,5874,1869,14839,3814,7130,17212,-3887,12437,5319,-3159,-2334,9474,2463,-5838,15853,18821,-2436,19132,17182,-4906,6430,12085,3341,5251,-6727,15915,17982,-13870,5546,11572,628,-3650,16812,3282,-4745,15721,10977,-9043,14355,4780,2211,12523,5509,12224,12051,3498,10698,20723,-12074,3187,-1179,2662,-7987,18338,2151,-4858,10202,27305,8016,21920,13765,4916,6895,9962,6597,7474,-7443,4096,13828,-14187,-4640,17088,-535,-4029,15048,7225,1164,17648,6018,852,12472,2894,-3393,12991,6,2418,12374,3401,3139,17905,-3697,1729,2136,3461,2253,11857,760,2115,13085,18190,2408,18329,17439,-3543,12940,14200,1800
20079,-9282,3596,-1685,-518,-2991,16168,1872,-6811,14909,22587,4414,15553,16178,8682,6567,15276,5332,13028,-7435,3895,15243,-14850,-4722,9569,-2103,-2772,14158,6759,2265,18126,7224,-807,15699,613,-3026,11249,1886,1892,12311,2572,1385,17083,-3333,1847,1802,3599,3584,13563,100,2940,13483,15353,626,14674,16146,-297,12709,18766,854,13198,102,6842,16571,-12088,3161,6448,-6257,8315,14283,5429,1226,16670,11455,-8849,22722,-2567,-5802,4608,6816,3469,18812,844,3966,16686,-766,10046,6060,-3630,4157,8166,359,-6050,19776,13662,-3705,8210,16049,-4645,8725,19233,3013,15336,-5594,11640,10532,-11388,4945,5447,-4377,421,14310,4154,-5760,19513,10660,-6355,17650,3993,-1043,8920,9617,14610,16972,627,7966,15814,-7082,2285,2012,-3068,-1557,14942,4770,-6028,16795,16840,105,11713,18948,8187,10285,15038,8058,17651,-5006,1100,11301,-14659,-3175,3831,-3270,-1047,14302,4734,345,19892,8818,1176,16216,1046,-2409,10820,4322,967,14820,1170,-37,14343,-2321,1568,4568,2785,4035,13484,2752,2127,14707,9995,1987,7802,14288,-866,19804,18995,812,17532,2217,4246,6337,-9221,7699
12889,5366,-4912,18321,9509,-3021,10076,18982,6119,15737,10304,9066,17000,-2636,-1943,7472,-11849,-563,5953,-97,-267,19362,4543,-579,17476,7554,1400,12605,2157,952,11672,4963,323,19142,-545,-758,8243,1379,-774,8634,2273,7084,13648,4171,1540,14319,6495,-1315,9145,13388,3185,18749,13680,2320,17207,1829,1882,6272,-6697,5562,1700,-2660,5745,18204,3020,2926,20526,10343,-5740,19198,1880,-2321,5438,5637,3578,20610,-1248,1427,11474,1111,4522,8047,1538,7466,13329,-211,-5973,15504,7759,-3804,5736,13967,1127,11782,12923,2275,14916,-3243,2689,6578,-8255,5855,5347,872,3599,17087,1864,-3048,20154,8378,-5856,13839,5727,859,8685,8990,8501,18592,2847,7155,15435,-5366,3815,2946,195,3192,15838,2128,-5177,17625,13870,-4943,13005,15056,7563,11251,11661,8183,18014,-4984,-1488,10919,-11372,-681,6701,2189,1335,17851,3694,-1689,17300,8139,-96,13902,1781,1752,10118,4991,-656,17656,206,1350,11638,-672,-188,5910,4298,5507,14904,3117,796,15150,8926,-764,11745,11739,4860,13766,13698,686,16163,74,2128,13595,-8709,5564,1699,1587,9187,16706,1665,-3406
21156,10782,7031,15406,2308,6442,7470,-8297,-848,8837,-7913,-1736,18964,3893,95,15082,7569,-2574,16122,3410,747,11347,7314,-1244,15814,1131,6094,9176,-285,-2159,14269,-2037,1574,11239,4603,4876,11331,5731,-526,7964,15334,2626,24399,17745,1440,17353,2184,1805,6959,-4052,5485,9274,-11011,5268,14444,5099,3731,16739,6574,-2715,22579,4356,-5261,8031,7407,3112,20089,229,1789,9561,2888,4019,11932,-4534,6470,11093,-1108,-1653,13212,8401,-5825,10573,16484,-552,15686,18213,1261,15123,-1008,1595,7138,-11944,10682,11969,-4962,1846,16209,3715,1459,16052,6415,-4585,13980,7023,-12000,13639,10012,10976,16493,5812,9539,14110,-7144,6607,2704,-5994,4574,15133,-1399,-6174,14245,18605,-4074,16769,21599,1804,15213,17643,9105,14672,-4497,5073,10800,-17918,3161,10483,-3779,-2864,19826,4205,-3899,14492,8643,-1673,13201,4412,-5796,16668,4353,7534,15148,1337,3707,7325,-4021,2299,5717,492,1779,16015,2181,-1845,11429,15198,245,14818,19550,2680,18128,15851,4901,9317,1341,6337,15097,-18236,4161,6565,-57,4287,21564,-778,-1485,16519,15335,-4849,20755,-1461,-4180,5931,9322,3526
4431,-18023,-6357,18041,2050,-2246,18450,9066,-155,20200,6582,-5828,12224,3780,38,11201,-1570,8347,10027,-91,-267,16106,-3898,2320,9409,1824,1301,7744,7270,-292,8289,22523,2450,26055,22893,-480,16123,6841,6062,5009,-6128,8691,11884,-19764,2189,12934,7082,4188,19962,3481,-1491,21149,8739,-11766,11820,2781,-1739,17654,1361,6330,9193,1223,8374,11798,-9121,6994,9131,-806,342,11495,8644,-11319,9161,21581,-2081,23424,25467,-2172,15504,2889,8598,-1007,-9743,16041,15323,-16831,-1044,15807,3284,-2780,15557,4769,-5508,18240,12850,-10330,14434,8228,7111,14701,188,14588,7629,-4122,6254,15025,-11684,2308,7327,6023,-9834,17107,7644,214,5438,27455,4252,21268,22293,5158,19970,2552,11311,3545,-13333,3574,7010,-16775,-7564,17189,2918,-2068,18505,8352,393,18433,6968,-6976,14803,3654,2803,12167,-2062,3003,6850,-624,4094,14487,-2875,533,13590,-326,967,5668,11281,3900,11123,20325,-546,23203,27747,-824,19276,3195,3232,4003,-8713,12131,11354,-17003,1212,14523,6793,3691,18917,5990,1442,20928,4003,-15173,9022,6248,543,20917,-658,4861,7339,854,10936,10432,-9338,7188
19621,8949,-1011,15025,4771,-4591,15038,2745,2834,14807,-449,3442,7080,-2961,1223,8251,-866,3562,14508,77,-564,12535,13901,5596,10033,20938,-2410,19933,23970,-707,14538,1795,9379,11265,-14773,7617,5765,-7462,1508,21448,3111,3713,16054,12383,-6121,22655,-1671,-10909,4359,8139,2048,22501,-1084,8550,10348,-2088,5996,6606,-6867,8910,9918,-518,-6926,18043,14388,-4194,7602,19913,-3757,13906,22829,-3287,16717,-4939,15609,5774,-13620,10002,8678,-5990,-3735,19135,1171,-5007,14930,12966,-4988,20976,7569,-6942,8499,8398,13974,18804,-1620,11168,10873,-9152,4207,5951,-4021,-282,15761,3290,-8804,14249,19331,1674,11389,21752,7422,10728,19588,5254,17481,-4883,8511,8594,-18066,-1043,9654,-7784,-7921,16240,6602,2804,20354,8885,-2609,13789,4139,-3373,13367,2266,3196,15700,-230,3205,9547,-3251,1605,5132,157,1578,13947,897,2292,13566,16145,2316,14224,20243,-367,17390,22214,-584,10856,-257,8382,15206,-17503,7135,4316,-2511,1914,23803,-103,2752,14984,15689,-7418,22476,-4989,-7505,3908,8820,2325,20961,-111,7236,13080,-3056,6993,4415,-5417,6292,10915,1656,-5170,18411,16274,-8015
13445,-1232,6749,11504,4209,1212,19108,-4667,2171,2573,3773,940,10233,-35,-284,14542,20864,4233,21170,16729,642,8960,11989,1563,2691,-1900,9016,17769,-13493,3294,11135,2514,1184,14656,5547,2998,17265,11765,-6973,16983,-4209,-5455,11054,1737,5797,13405,2439,4850,17193,-3154,7750,7872,-1014,1688,8372,4416,-6685,17117,15830,-2866,16759,13620,-3529,3217,9665,5588,4015,-6762,11613,17914,-8918,2657,12389,4785,-2450,13644,4438,-4202,15409,11705,-6751,19492,3357,2523,11723,3580,16025,10776,-214,7292,16157,-10182,1285,8171,5278,-5513,15859,4322,-6236,11770,23464,5172,23073,8957,7346,11394,4155,7250,8052,-5975,1199,14197,-8900,-4942,15973,6419,-3273,15776,6864,781,15112,7915,3106,17951,2315,192,12557,-2078,3428,6635,1506,-1356,17958,-203,-1911,12089,6628,6484,9773,4119,891,12451,12247,3090,20025,11157,191,13190,4233,-1982,7361,-2419,8677,15065,-3994,1985,16568,3737,6239,13899,7277,-493,18979,6495,-5537,12606,3886,1710,18090,-830,588,10752,-481,7493,12232,1542,2890,15708,2100,-1673,10525,8052,-4979,10539,9294,-97,20711,9732,542,12299,409,3445
12083,1809,-91,14007,7397,559,11800,12412,6751,18080,11176,-1151,15076,-1043,859,11122,-4077,10186,4942,2285,1928,18160,894,-1820,16440,13265,314,21928,1140,1410,5158,5124,126,19633,-172,848,13310,265,7718,8722,764,1503,13120,-110,-6452,19435,10038,2997,8945,11487,2497,9802,7904,-5750,11682,-2644,3241,16573,-5617,10195,10015,5933,699,12798,1856,-8028,16490,8291,1110,16769,4355,3506,11923,7113,-38,10350,5105,11600,21525,-9121,6787,301,5040,-3424,20261,-2804,-4192,12356,22609,-438,23675,5977,9441,7930,7252,-761,12333,-4931,1223,12557,-5114,6802,17010,3215,-7277,15410,6714,-3457,13104,5499,5358,12623,5236,-812,17157,1261,-310,8822,2283,5350,14774,-3415,890,10210,3435,230,10756,4334,-3416,11554,14153,6950,22804,13405,948,15657,3189,870,4630,-1742,8146,9086,-7263,5154,17712,3308,-386,17660,8132,-3609,19112,6548,440,8062,5295,305,19148,1639,1342,12967,214,4934,10135,-980,7202,12297,-2696,-7508,15044,8038,-4999,8392,13582,6445,14757,13175,571,14092,-481,-2137,11503,-8761,10094,7565,2985,4961,17063,-1413,-6803,13297,9121,-2440
11102,-2396,3767,14641,-13339,6029,6991,-4684,3757,18046,1821,-156,19120,15949,-5825,23269,-1503,-3369,2996,7613,4976,20665,-397,2207,14486,-90,4762,4624,-4153,7582,11285,-986,-4480,15916,15587,-8845,15859,19244,3067,11046,14617,-2420,6963,-5547,8750,12823,-14510,11875,10568,-1007,508,19958,1377,-4862,15174,13407,-11178,16758,7936,308,11132,6869,11183,12640,926,13733,18150,-14519,1840,1116,1996,-2620,18755,-936,-6021,6137,29072,-2576,24856,19782,9931,16266,10728,8677,9553,-8023,2922,4497,-18523,-1269,16309,-689,-5305,19522,9607,-1473,19885,6865,-1463,7832,6513,-2705,15328,-1627,8546,11325,-1114,789,14828,-4181,1096,8308,1351,2567,7080,4923,-2752,9071,21353,1849,25939,22032,2024,16626,9011,5932,4962,-4582,8462,10175,-17934,2379,12672,4539,2642,20403,4509,-172,22680,9820,-10888,10300,2927,-715,17882,2648,8647,12636,1128,2903,11919,-6033,7234,8699,-3632,2773,10715,5705,-11792,7964,18881,-1370,21730,24333,-1303,16679,4435,6290,1159,-10732,12291,10191,-12356,3665,15805,3245,-1686,18572,6264,-7885,16688,11398,-10293,14771,8537,7086,13804,4009,16024,14448,-6753,5135
19210,1807,2191,19415,14649,-7830,21000,-3025,-5475,4636,6465,1265,18944,292,3599,15998,-2703,10695,4249,-4883,5252,9390,-438,-3841,18947,16626,-8782,13217,20257,-3708,10435,18552,580,9873,-4928,14526,14807,-15551,9605,5987,-3701,-168,18646,2397,-2876,18049,13433,-13580,17272,6788,-2328,8777,6050,12417,14302,794,12269,20198,-11906,5996,-1406,-480,-5406,17680,93,-5881,11314,25540,-283,19509,19434,7537,10203,15433,10027,12327,-7302,6435,10741,-18151,-4345,12853,-5845,-5672,15112,7582,620,21219,8394,-3163,12231,6310,-3371,13225,-410,6796,13460,2168,2880,16545,-4350,738,1615,1347,822,11152,631,3854,14862,17630,-1001,16528,21924,982,15977,16448,1884,6614,-320,7781,18816,-19159,5238,5502,1818,1713,23769,-2047,3933,14641,16071,-7601,21556,-3365,-8469,5061,7454,5165,17707,980,6742,15446,-4139,8835,4325,-4517,2956,10465,1973,-4929,17322,16961,-8691,12908,21573,-2187,10022,15283,4920,9256,-3921,13895,16203,-17288,7212,5878,-2916,-2659,17592,3088,-3954,19763,14059,-11684,16153,6410,14,8823,3319,14646,13935,842,8904,20927,-10997,3283,-1656,1257,-4686,17646,26,-4604
21624,-80,-4838,5387,6436,3591,18796,-539,3269,14679,-1685,10813,6916,-5461,7411,7729,59,-7887,16870,16009,-6746,11654,19657,-2976,11925,22437,4183,15928,-5774,11315,9111,-14084,7064,6995,-8849,1886,15420,4144,-6712,20947,9548,-10790,14991,8208,-2279,11868,8464,15960,17867,-146,7441,12971,-6958,5676,3157,-6555,-107,12882,4813,-10071,15948,16593,-279,11435,22534,9858,12653,20117,9410,18974,-4876,1695,7793,-16614,-902,7190,-11224,-1357,13578,7150,-3218,22187,6947,-1518,14964,3562,-935,13244,3168,2570,15254,244,-3216,10620,-638,5295,6267,-940,6599,12466,1801,-1703,12045,10977,1014,10355,21206,1013,18830,22073,1291,20149,5211,2404,7318,-11719,7390,8335,-15404,10515,12711,7683,955,23798,4481,-8249,18117,5340,-8880,9034,4198,3920,21142,-224,2098,10402,1384,11545,9054,-7668,9923,6637,755,-7909,14737,10171,-11505,10111,21254,-640,19947,23837,3759,17058,-795,8005,-844,-10365,9822,8777,-14275,3399,17225,6119,-3655,21627,4531,-11645,13620,8669,-5155,14100,7145,12271,18545,1856,9452,7034,-1312,6010,11665,-10867,3804,8856,6966,-11779,16599,6913,-2101,6352,27362,7739
5731,4872,-963,17745,1489,5775,15966,-453,13079,8155,-4330,2323,8100,652,-12561,17220,16313,-1542,10269,18506,3121,8985,18813,-905,14117,-5747,8791,11684,-13105,9652,6870,-5513,-2210,14124,5237,-8409,20521,9611,-2853,13743,4067,962,10637,6975,8241,17619,1887,7911,14829,-4926,8182,2866,-4315,-3184,14469,3479,-10111,14961,17180,4315,11127,21993,9300,15838,14776,2644,16553,-1881,1095,11524,-16175,5206,2662,-5155,-4747,15753,4277,-3035,19700,10686,4406,15939,378,-715,9943,2451,-3844,16294,2376,210,13455,1029,7440,7188,-991,2600,10404,2879,-2711,12477,9017,4693,8908,18937,2338,21072,16002,-3064,17545,5536,2444,3985,-10499,12983,4312,-9772,2773,16332,6647,-528,21704,6778,-2042,17689,3073,-3443,8187,3359,-4859,21347,1948,6634,11861,2052,13131,9185,-4132,2952,8859,1164,-8908,14285,7723,-5524,7264,19626,3098,21071,14293,-990,10903,2123,5810,955,-12351,11470,5055,-6743,-682,20500,5532,-5413,20012,6653,-2272,10245,7015,-1312,13005,4712,2817,20433,5006,10867,8388,21,6706,9975,-8817,1150,10218,7000,-9886,18441,6158,3887,7223,24750,6172,23853,9928,3394
9628,3044,9030,15023,-1213,1257,11749,2529,-1528,10591,4009,-4855,13740,14061,1741,20756,9388,-1586,4098,4854,3635,1071,-6447,7846,14790,-5439,1250,16707,5039,-5740,14786,4007,2771,12991,10951,-426,17419,3791,-630,12549,4106,10678,10163,1542,6451,14970,-5273,-443,9893,5819,-4044,16128,3147,223,9927,20056,7520,23966,7877,1485,9950,4702,797,5197,-8832,5310,9928,-5396,-1242,20302,4087,-4428,15901,6941,3915,12263,6922,61,15102,2757,-2538,16683,227,1912,6099,3786,3833,15641,-1485,-134,10253,6400,1641,13905,4487,2511,10222,11828,3971,22582,13838,-2491,15359,2064,676,1658,-2315,10906,9444,-7517,1063,18117,5846,822,19675,6573,2606,15090,5644,-3432,10609,3705,-1419,18672,2435,1607,12105,1356,8291,10204,-256,1703,13269,-2105,-3818,12902,8133,-158,5598,14081,1703,16072,13470,-2745,13451,-1473,245,7860,-8138,12781,10642,-2373,-790,14167,3382,-4770,18110,7766,5382,15243,6356,-7196,11595,8134,3144,15785,5648,10651,14872,-3335,5546,5989,-4528,2630,13810,-499,-5945,18351,15405,1185,10749,16044,5251,10169,16793,-879,19148,-5576,4688,10371,-11354,6771
11927,4094,-7278,9576,22942,2801,25050,24709,-7676,12940,4675,5543,-216,-9351,17945,15191,-17927,1111,15401,2451,-6597,17145,4329,-4086,16715,16426,-5408,16383,7566,-1055,13001,1601,13148,9871,-5174,12027,14218,-10819,2347,5863,4189,-11706,16835,6915,800,7268,28688,6696,23099,20961,3486,18799,2906,7734,5594,-14473,6025,5823,-17234,-4462,17649,2197,-5128,18666,9030,-1523,18027,8290,-895,15904,4956,-1585,12434,-1968,495,6652,-510,8714,14674,-2955,1689,13486,-886,-4242,4376,9958,6511,12187,24594,-827,26225,25558,-2157,14984,2766,3305,5965,-12170,13907,8441,-14558,1138,16942,3469,1240,17378,9027,-1027,22257,3798,-10572,7122,7297,-2142,22155,-340,964,9526,201,16343,10135,-7904,8737,8402,-3958,-10638,11434,10960,-3147,8972,24860,-1258,22174,25571,-7061,15709,-1197,11841,-868,-13021,17991,11488,-13849,-1311,17276,1311,-9065,17763,11379,-3166,19765,11183,-9691,11048,7352,9269,16434,-1266,11123,11006,-7902,12168,8133,-6304,68,12999,2118,-14401,12077,15263,4962,12565,26898,4676,18408,21062,4962,19645,-1994,7294,4015,-18809,5109,9321,-13252,-6156,15319,4841,-6835,20818,9221,2763
10175,22272,-4276,15628,-6029,13377,6675,-13167,12522,9428,-7991,-2388,16119,5779,-5967,20699,10665,-8043,14727,7071,-2665,11281,5946,9582,17577,-26,10103,14135,-10564,12265,1985,-3995,-4080,16693,3064,-13325,14174,20156,1838,11334,21325,10506,9705,18115,4720,17217,-4158,7516,9864,-18205,1586,8692,-7006,-7486,14858,8208,-2925,22155,9179,1079,13571,2999,-1022,14235,1000,1265,15453,1390,1597,11028,-3213,4116,3152,-801,1281,14986,-1087,-1229,12378,17012,4095,13506,19828,3994,13616,21987,-4411,15367,348,8797,11483,-14466,8464,7390,-8091,2780,17693,6440,906,20699,11384,-6560,19666,-1923,-5050,5227,6349,-116,21197,611,2910,13427,-1951,13543,5235,-6752,4721,8966,-1278,-9777,18391,17417,-2301,10485,18886,-1682,9059,21657,-3410,15799,-6476,13227,7724,-12381,11582,7962,-6554,-3372,16897,4942,-4475,19611,11473,-7938,15433,5234,-2876,9902,7163,10210,18487,-661,9015,13878,-7305,12324,3066,-5325,-4773,14323,3661,-11870,16623,18506,2687,11067,21233,9209,9826,19221,4560,17653,-5254,7401,9070,-16422,810,8316,-7954,-7189,14022,7274,-2718,22139,7798,1033,13804,2658,274,13659,3560,-1234
415,-10638,11446,6873,-11320,942,18933,6024,-5779,20452,8231,-5612,14954,5204,-6851,11177,9035,6853,19916,-274,12570,6809,-1825,10445,9197,-11519,-1210,9800,7711,-10971,19017,9385,2987,5916,25026,3379,17644,17851,8067,18304,741,8053,4497,-13928,495,3169,-12464,-5864,16709,5017,-1951,22484,8167,737,15641,4495,-3885,11298,3507,-116,16464,-1270,5438,8427,2339,2528,10427,-3156,2205,11865,1076,36,9876,7979,3235,9617,21159,185,21593,21559,-751,21323,7286,5671,1842,-7956,8230,8358,-16620,2320,15146,7776,3783,23406,2890,-2498,16111,6753,-10159,11309,1715,77,18889,2920,5919,9590,2234,8844,10946,-7925,5183,7844,-189,-2547,13467,6946,-6343,9833,21542,-3292,22849,19526,-447,11191,5039,8921,-1007,-8751,10141,12126,-13577,1091,17887,5057,-2681,20147,4556,-5611,14120,7853,-6339,12429,5768,3852,17569,2006,14268,7190,3216,7453,17171,-13652,1208,3835,6575,-7581,18825,3763,-2122,7243,28531,5600,23923,16299,5593,10657,6063,8940,3721,-9515,-56,8902,-14124,-4947,19820,873,-861,17606,7722,294,16720,5658,-2325,12559,3247,-752,13754,-1310,1981,8739,3519,2184
7503,-8468,1939,16035,5507,-5115,19574,7541,-10645,14079,5267,-2853,12562,9536,15270,19526,560,5070,9464,-4235,8255,5754,-7840,1768,12225,7503,-11951,17428,12780,1211,8463,23442,9593,14852,17646,8460,19445,-2385,1232,6943,-13689,-485,5047,-9778,-1628,15326,4279,-1341,20811,7518,-2770,16320,3653,-581,11748,3938,2808,15263,1657,-576,10829,456,1681,9341,-2420,7982,10895,2656,-603,11271,7455,-1213,7957,20683,1455,21560,20112,2509,20774,7738,1144,3231,-9309,8836,7231,-15337,6858,15841,6771,3272,23771,2715,-8148,15759,7259,-8101,11344,1134,2954,19065,2680,3019,10427,3505,8086,12520,-6076,10627,6482,131,-6306,12724,6041,-10607,11876,20644,1899,22052,19325,2267,11099,4375,5070,-358,-8191,6783,13915,-13400,6174,17021,5452,-3942,20808,3615,-9085,12549,7935,-3057,13752,4946,7675,15690,4076,8427,8511,2553,6297,17419,-11884,7661,4436,6468,-10756,17396,2808,-5695,8474,28036,11257,22673,15285,6805,8882,8565,3329,5595,-9800,899,10871,-12526,-706,19329,-923,-2844,16270,7645,-2569,17221,5835,919,13217,3427,1635,12790,-1998,-1422,8903,4533,2017,18348,-1872,6728
18562,5011,-5619,20114,5787,-8003,14473,7268,-1781,11830,5588,3485,18954,1063,11178,6292,2462,12323,15856,-12082,-729,5659,8685,-12920,18169,4235,2828,5615,28669,6555,23371,14261,4188,11458,6020,6636,5500,-11042,1421,6037,-13707,-3587,19274,998,-3182,19633,8523,2039,15816,5949,1909,11741,3063,-4906,14379,-114,1614,11268,3360,3792,14671,-3295,4709,4619,2854,-2748,12834,3156,4512,13417,18243,3252,16688,21719,-2629,18312,11688,1445,2204,-2975,10552,17186,-18739,4577,10991,4459,922,23834,-1902,319,11173,13821,-6581,19811,-3445,-5472,7977,6261,3790,17500,2524,11221,12976,-3013,8830,7135,-3319,-2238,11707,3076,-6312,16263,17335,-5865,13269,19501,-500,10491,12611,4627,7619,-4638,12593,18153,-15199,4537,10156,-777,-1702,17061,4298,-5094,17534,10737,-8215,15859,3085,996,8497,4305,10928,14393,846,11997,18000,-6068,2990,2208,-485,-5118,14744,3028,-5278,14459,21094,2268,13462,19236,7508,8266,15994,5747,15020,-5960,4482,13232,-15538,-3568,8713,-5219,-1858,14943,5582,977,19188,8790,-42,17114,727,-4537,10500,3671,737,12711,1716,2148,14102,-1126,5372,5300,346,1930
[row took 92763us]
=== CAPTURE END: speed3_obstruction ===
[loop] iteration 11

=== SpinDoctor Capture Menu ===
Speed:  1) Low  2) Medium  3) High
Class:  H) Healthy  I) Imbalance  O) Obstruction
Enter as two chars, e.g. "1H": X:21743 Y:18412 Z:1661
Fault class: imbalance (100.0%)
X:11750 Y:13697 Z:-179
X:13683 Y:-2196 Z:8427
Fault class: obstruction (100.0%)
X:10868 Y:2167 Z:-3302
Fault class: obstruction (100.0%)
X:18262 Y:9910 Z:2496
X:12121 Y:-12168 Z:-4522
Fault class: imbalance (100.0%)
X:10930 Y:8909 Z:6087
Fault class: obstruction (100.0%)
X:16419 Y:11559 Z:-717
X:6176 Y:11545 Z:784
Fault class: obstruction (100.0%)
X:19554 Y:-2540 Z:3877
X:12555 Y:2402 Z:2604
Fault class: obstruction (100.0%)
X:14427 Y:1785 Z:-1991
Fault class: obstruction (100.0%)
X:13507 Y:6784 Z:2902
X:13699 Y:7501 Z:1955
Fault class: obstruction (100.0%)
X:12925 Y:6642 Z:3183
Fault class: obstruction (99.4%)
X:12491 Y:6847 Z:4692
X:10990 Y:5738 Z:3676
Fault class: imbalance (89.0%)
X:13487 Y:3861 Z:4250
X:16906 Y:2346 Z:-3000
Fault class: obstruction (99.0%)
X:14808 Y:4975 Z:420
Fault class: obstruction (100.0%)
X:11156 Y:6790 Z:-802
X:21162 Y:-853 Z:8528
Fault class: obstruction (100.0%)
X:13701 Y:-282 Z:2916
DHT11: 40.0% RH, 29.2C
Fault class: obstruction (100.0%)
X:8295 Y:9219 Z:7075
X:20553 Y:-2472 Z:-3892
Fault class: obstruction (100.0%)
X:12777 Y:9721 Z:-1689
