14196,4755,-2295,14062,5419,-963,13345,5357,1798,13842,4570,27,14390,3644,-67,13761,3774,1929,13384,4292,427,15009,4889,-1549,14188,5592,-361,14053,5254,1150,14610,3315,-502,13374,2056,-560,13901,3303,1729,13990,3195,-521,13375,3075,-3123,13936,3301,-1076,12818,5162,547,14491,3275,-355,12752,1994,-810,12735,2073,945,13302,3603,-142,14067,5045,-2334,14141,5364,-592,12989,5184,1061,14162,4536,55,14152,3754,214,13843,3559,1616,13532,3673,526,14842,4566,-1410,14619,6036,-54,14067,5781,702,14717,3539,-767,13094,2589,-45,14128,3332,1264,13870,3120,-949,13372,2203,-1876,13739,3014,-927,12642,5584,-192,15074,3867,-1185,12473,2336,-228,12722,1583,1689,13482,2810,-888,13641,4586,-2140,14273,5031,-91,12756,5520,622,14356,4732,-745,13984,4083,425,13785,4201,2233,14093,3527,54,14213,4200,-1386,14495,5917,278,14297,5933,547,14757,4055,-1024,13500,2161,-170,13714,2541,1874,13725,3325,-278,14149,2678,-2512,13349,3620,-918,12929,4428,-232,14438,3808,-1539,13096,2970,-361,12781,2345,1405,13272,2342,-4,13389,3957,-1655
14273,5339,-621,13185,5780,61,14292,4930,-926,13892,4241,704,13771,4269,2531,14252,3392,294,13973,3363,-1135,14299,5238,74,14148,6103,-11,14982,4614,-1170,13590,2542,181,13289,2782,2068,14300,3625,-263,14274,2752,-2323,12897,3537,-1122,13372,4040,-486,14105,4208,-1369,13700,3108,22,12620,2612,1333,13401,2071,-402,13429,3428,-1665,14031,5274,-377,13298,5763,-376,13994,4746,-811,13723,4166,1188,13332,4149,2153,14433,3142,16,13816,3188,-1051,14030,5273,404,14704,6623,-50,14920,5131,-1193,14040,2704,481,12932,3244,2087,14991,2794,-820,13666,2509,-2114,13279,2870,-48,13257,4376,-1082,14180,4670,-1598,13844,3553,-101,12262,2346,1808,13194,1809,-672,13534,3014,-2129,13478,5186,448,13772,5276,-140,13850,4984,-1174,14081,4196,659,13382,4457,2165,14430,3507,61,14244,3159,-909,13740,5459,836,14956,6460,-73,14967,5384,-1396,13741,3118,470,13117,2699,1561,14224,2499,38,14084,2833,-1478,13305,3425,-692,13274,3774,-1291,14082,3885,-2069,13428,4267,57,13210,2811,1703,12781,1644,-441,13488,1966,-1084,13139,4856,141
13896,5895,-1074,14264,5393,-1406,13600,4653,1150,13405,4743,2047,14434,3777,116,14330,2888,-603,13199,4599,994,14904,5583,-183,14702,5340,-1596,14065,3468,686,13366,3083,1542,14052,2452,-426,14174,2960,-1129,13621,3867,-39,13289,3837,-1438,14119,3647,-2047,13244,4405,53,13391,3121,1371,12958,1835,-644,13267,1616,-1273,13300,4571,605,13893,5924,-1053,14401,5025,-1955,13386,4499,1186,13280,4631,1886,14492,3646,212,14170,2623,-249,13094,4103,1245,14921,5615,-356,14830,6041,-2037,14369,4623,379,13488,3759,1439,14136,2926,-426,14412,2479,-684,13040,3290,380,13512,3325,-1776,14115,3754,-2323,13279,4484,197,13207,3361,899,13426,1866,-733,12896,1516,-1105,13317,3746,903,13452,5366,-784,14300,4924,-2136,13474,4840,1147,13383,4991,1736,14554,4039,-440,14226,2992,33,13097,4275,1752,14846,5720,-390,15098,5839,-2050,14128,4784,522,13647,3496,1431,13771,2269,-476,14258,2354,-277,13354,3166,532,13464,3244,-1794,14299,3296,-2469,13129,5323,-286,13756,3846,991,13070,1785,-564,12837,972,-794,13194,3172,1011,13422,5104,-835
14454,4896,-2259,13266,5428,394,13661,5423,1533,14271,4435,-226,14262,3040,525,13160,3410,1901,14338,4865,-320,15166,5510,-2066,14136,5500,244,13981,4203,962,14163,2822,-576,14288,1678,-84,12988,3376,1027,14025,3755,-1245,14049,3586,-3044,13029,4395,-164,13060,3771,528,13704,2462,-702,12971,1328,-119,12634,2640,1048,13425,4644,-908,14652,5804,-2902,13643,6086,289,13558,5139,1571,14149,3861,-111,14380,2761,968,13184,3286,1806,14294,4317,-536,14920,5485,-2169,14370,6395,165,14379,5037,953,14043,3037,-661,13669,2345,514,13558,2911,1057,13422,2822,-1771,14030,2844,-2787,13345,4721,34,13413,4661,477,14116,2701,-1068,12671,1596,-381,13070,2287,1073,13466,4135,-845,14189,4845,-2086,13726,5419,463,13014,5421,1117,14354,4176,-696,13944,3366,912,13438,3733,1972,14363,4021,-197,14438,5297,-1424,14700,6266,198,14080,5299,369,14489,3021,-977,13686,1583,1015,13188,2478,1508,14243,3135,-1581,14065,3478,-2702,13500,4541,-153,12999,4708,-222,14277,3044,-1422,12732,1871,159,12479,1922,1349,13475,3060,-643,13858,4677,-2023
13769,5607,312,13203,5803,248,14429,4615,-1060,14199,3801,1244,13362,3758,2322,14466,3456,-7,14220,4510,-1195,14493,6211,125,14445,5790,-338,14634,3384,-1179,13472,2131,1079,13645,3480,1758,14580,2534,-1164,12717,2657,-2684,13785,3888,-831,13104,5367,-444,14476,3248,-922,12556,1847,865,12346,1636,1485,13902,2652,-1114,13615,4949,-2148,14202,5863,-430,13357,5909,232,14402,4874,-246,14059,3811,1677,13346,3603,2038,14433,2736,-529,13952,3953,-909,14526,6339,310,14779,6291,-381,14457,3900,-939,13512,2366,956,13240,3491,1592,14955,2107,-1214,12715,2462,-2397,13557,3618,-294,13418,5157,-773,14166,3911,-1316,13460,2509,435,12110,2125,1082,14054,2029,-923,13301,4355,-1274,13884,5773,10,13762,5578,-183,13669,4943,-759,14272,3985,1229,13266,4101,2090,14546,2992,-298,13878,3580,-279,14016,6151,513,15291,6284,-912,14492,4467,-1310,13620,2488,1127,13113,3132,1845,14908,2415,-979,13217,2504,-2135,13376,3622,-250,13653,4838,-1179,13920,4421,-1569,13537,2938,480,12097,2126,1206,13666,1473,-984,13125,3347,-1195,13720,5620,204
13951,5291,-1991,13419,5312,1539,13701,4746,1568,14626,3226,-84,13897,2504,1191,13299,4411,1355,15212,5853,-1907,14922,5861,-1993,14139,4628,1250,13434,3265,961,14256,2749,-519,14400,2138,-111,12167,3102,7,14319,2649,-2148,13413,4350,-2313,13777,5134,779,13267,3287,701,12958,1684,-1140,13376,1539,-281,12931,4330,746,14137,4970,-1483,13985,4823,-1651,13429,5364,1128,13852,5374,819,14601,3877,-135,13981,2768,1226,12995,4065,1534,15286,5577,-1216,14815,5981,-1853,13985,4749,976,13725,3342,568,13967,2742,-639,14673,2295,587,12450,2957,172,13922,2742,-2493,13922,4188,-2301,13158,5481,549,13826,3151,522,12738,1575,-1014,13101,1421,90,13100,3913,779,13986,5122,-1787,14300,5065,-1806,13342,5588,1293,13940,5314,714,14499,3735,-318,13847,2767,1612,13167,3757,1499,15036,5258,-1174,14854,5824,-1751,13953,5359,786,14073,3681,346,13541,2717,-531,14496,2559,770,13000,2877,232,13587,2491,-1956,14062,3502,-2517,13168,5888,233,14273,3774,35,12765,1875,-516,13030,1492,651,13295,3363,363,13730,4813,-2020,14217,5122,-1764
13172,5814,1382,13969,5257,342,14093,3860,-283,14072,3158,1771,13180,3385,1196,14666,4722,-1072,14915,5681,-1224,13874,6025,790,14586,4112,213,13768,2253,-973,14022,2235,1080,13510,3160,835,13938,2979,-2506,13787,3558,-2318,13182,5158,411,13727,4353,-378,13656,2412,-956,12539,1576,640,12761,2397,1099,13611,4268,-1528,14185,5365,-1923,13514,5824,770,13622,5244,347,14322,3766,-216,13871,3269,1805,13451,3424,1565,14406,4176,-1101,14676,5588,-1166,14320,6358,628,14693,4620,-260,13788,2539,-644,13517,2775,1497,13929,3117,858,13645,2769,-2424,13621,2968,-2332,13124,4956,7,13813,4522,-349,13983,2285,-686,12346,1696,938,12910,2071,824,13961,3765,-1751,13786,5315,-1648,13973,5700,584,13180,5578,-9,14585,3959,-285,13932,3898,2040,13346,3473,1414,14775,3559,-804,14023,5292,-802,14658,6618,238,14653,5335,-602,14015,2506,-572,13406,2327,1769,13848,3149,1092,14354,2401,-2458,13064,2939,-2121,13564,4478,-51,13516,4832,-797,14146,2629,-784,12372,2039,928,12871,2143,619,14021,3476,-1466,13417,5304,-1250,14162,5657,313
13261,5383,-260,14481,3881,-222,13805,3909,1885,13559,3662,1209,14889,3345,-729,13584,5052,-324,14935,6500,283,14683,5602,-865,14209,2574,-544,13008,2635,1999,14041,2772,678,14284,2403,-2661,13099,2887,-1151,13580,4372,-368,13575,5194,-1286,14583,3227,-957,12385,2070,1468,12383,1784,782,14381,2759,-2224,13018,4941,-836,14016,5309,615,13397,5460,-621,14294,4328,-850,13930,4383,2117,13353,4069,1416,15028,3167,-973,13223,4673,-10,14766,6270,469,14884,5661,-965,14118,2999,-598,13613,2251,1537,13407,3557,1084,15330,2387,-2016,12466,3160,-1662,13767,3835,-200,13742,4806,-1581,13650,3449,-701,13157,2354,1226,11814,2211,555,14586,2364,-1788,12864,5049,-722,13913,5707,176,14011,5065,-868,13475,4494,-371,14442,4091,1751,13199,4228,1481,15120,3002,-599,13463,4225,328,14220,6278,334,15448,5674,-1500,13719,3902,-647,13805,2635,1728,13269,2856,769,14624,3048,-1241,13546,3117,-949,12713,4060,-996,14396,3664,-1647,13158,3686,-699,13519,2770,1504,12457,2386,338,13932,2086,-1937,13155,4380,-429,13717,5845,-91,14481,5209,-1293
13264,4450,263,14004,4377,2113,13487,4428,732,14794,3216,-903,13413,4144,528,14181,5914,557,15385,5739,-1353,13986,4052,-364,13714,2798,1708,13370,2724,410,14576,2847,-1426,13796,3213,-908,12622,4112,-600,14653,3118,-1617,12729,4457,-783,14348,3038,1381,12275,2642,60,13572,1929,-1561,13528,3973,-350,13225,6026,-194,14719,5009,-1467,13203,4549,250,13848,4375,1853,13659,4321,559,14758,3072,-614,13383,3939,520,14114,5530,612,15279,5745,-1429,14293,4220,-110,13667,2922,1667,13470,3097,-106,14879,2609,-1609,13622,3500,-49,12985,3334,-160,14183,3315,-2311,13499,4541,-976,13867,3573,1463,12581,2376,342,13312,1686,-2148,13766,3506,-74,12647,5655,621,14807,4822,-1716,13373,4677,-322,13768,4470,2030,13656,4141,625,14629,3271,-869,13717,3846,667,13621,5520,905,15615,5506,-1263,13989,4705,-369,13889,3666,1407,13757,3016,-7,14317,2004,-1287,13671,3510,320,13151,4447,-77,14697,3566,-2920,12860,3716,-890,13273,3463,1210,13165,2824,-414,13374,1826,-1246,13379,2707,93,12663,5155,499,15019,5182,-2015,13438,5089,-763
13616,4491,2085,13740,4218,725,14552,3398,-625,13955,3954,901,13509,5182,720,15313,5435,-1736,14167,4947,-196,14129,4064,1514,13908,2913,-191,13882,2064,-953,13826,3908,527,13606,3755,-376,13764,3059,-2720,13562,3194,-739,12986,4384,1084,14030,2774,-192,12674,1993,-1622,13443,2504,362,13079,4976,409,14406,5056,-2040,13814,4754,-585,12958,4675,1787,14086,4280,463,14320,3801,-466,13820,3856,1117,13412,4612,912,15142,5097,-1541,14406,5343,-255,14011,4668,1275,14140,3226,-614,13804,2104,-800,13972,2842,725,13176,4221,-283,14805,3291,-2719,13055,3595,-802,13011,4081,1012,13851,2969,-923,12997,2118,-1191,13133,2120,426,12939,4276,332,14325,4877,-1878,13901,4933,-634,13069,5099,1564,14123,4221,-70,14161,3781,-370,13971,3837,1428,13675,4438,636,14969,4879,-1313,14341,5478,-17,14266,5405,1017,14405,3580,-848,13551,2126,-482,13636,3819,1365,14252,3014,-562,13110,2577,-2655,13796,2981,-609,12882,5280,536,14614,3294,-607,12643,2136,-1147,12983,2164,854,13337,3850,-60,14010,4524,-2044,13938,4648,-264,12898,5155,1443
14400,4741,-262,14067,4191,-361,14069,4095,1674,13474,4151,515,14812,4303,-985,14423,5403,209,14097,5376,534,14716,3772,-996,13569,2159,-450,13817,2829,1480,13643,3786,-106,14293,2631,-2636,13216,3491,-782,13055,4705,395,14153,3781,-1344,13065,2454,-962,12697,2060,890,13309,2893,158,13559,4318,-1627,14203,5272,-611,13091,5605,931,14212,4829,-458,14004,3853,-343,13808,4101,1817,14113,3835,556,14170,3840,-607,14309,5022,438,14059,6072,283,15332,4561,-1539,13431,2607,-405,13460,2746,1705,14020,3566,-123,14009,2913,-2158,13440,3154,-926,12839,4188,183,14211,3826,-1459,13393,2765,-887,12566,2324,1203,13322,2644,-81,13749,3905,-1672,14056,5251,-344,13073,5379,405,14185,4728,-730,13809,4013,356,13814,4211,2230,14159,3739,478,14112,3692,-885,14451,5432,108,14275,6619,43,15481,4836,-1394,13449,2417,169,12917,2976,2185,14882,3268,-193,13459,2436,-2612,13354,2866,-694,13179,4289,-240,14195,4476,-1372,13711,2917,-447,12008,2258,1130,13475,2280,-303,13274,3806,-1611,14231,4836,-78,13007,5081,257,14243,4515,-720
14015,4331,159,13697,4848,1837,14550,3846,260,13818,3678,-570,14325,4991,848,14173,6202,52,15213,4958,-1617,13712,2833,41,13063,2512,1767,14313,2661,-155,14008,3376,-1574,13758,3196,-853,12678,4220,-773,14471,4001,-1552,13399,3456,-265,12686,2313,1575,13196,1495,-775,13187,3029,-1655,13966,5064,220,13466,5814,-261,14309,4967,-1005,13815,4538,633,13495,4787,1808,14623,3638,-109,13772,3434,-518,13944,4093,1139,14060,5865,218,15528,5174,-1781,13888,3558,-12,13106,3091,1561,14555,2780,-339,13918,3538,-1327,13947,3360,-78,12660,3723,-1221,14153,3530,-1975,13499,3837,-109,12635,3102,1318,13595,1769,-431,13041,2675,-1541,13795,4579,345,13700,5543,-732,13902,5003,-1520,14113,4223,1035,12823,4792,2184,14947,3547,-37,13919,3227,-519,13660,4408,1330,14659,5983,-198,14873,5800,-1975,14597,3849,409,12865,3369,1530,14465,2719,-466,14056,3304,-1208,13544,3281,-147,13138,3420,-885,13981,3248,-1685,13526,3819,-195,12805,3252,1063,13563,2025,-1183,12963,2445,-1439,13510,4292,1005,13782,5295,-261,13509,4730,-1680,14215,4167,664
12668,5305,1490,15183,3894,-260,14005,3463,-154,13290,4597,1650,15172,5613,-33,14339,5913,-1834,15067,3823,251,12680,3432,1510,14323,2475,-195,14327,2633,-1291,12971,3332,13,13685,2959,-860,13522,3745,-2312,14089,4681,-23,13037,3857,1190,13047,1743,-478,13224,1786,-1738,13182,4265,343,14012,4808,-207,13466,4682,-1502,14115,4738,534,13392,5533,1423,14443,4529,-273,14717,3374,-345,12946,3993,1792,14676,4870,207,14617,5361,-1478,14554,4706,157,13474,4038,1009,14175,2626,-871,14312,2002,-854,12921,3671,1050,14104,3563,-928,13835,3567,-2755,13365,3888,-270,13047,3800,740,13298,2733,-947,13573,1577,-868,12663,3489,1080,13846,4605,-158,13962,5072,-2252,13886,4985,61,13498,5206,1437,14091,4292,-189,14711,3112,230,12848,4001,1950,14739,4354,56,14313,5213,-1931,14572,5122,217,14194,4573,963,13810,3248,-994,14560,1818,-257,12665,3696,1227,14258,3440,-1068,13857,3449,-2623,13223,3889,106,13334,3657,549,13228,2946,-1202,13642,1674,-957,12515,3148,1118,13832,3872,-163,14025,4961,-2201,13564,5396,93,13754,5153,1350
13595,4499,-389,14876,2835,427,12722,4240,2214,14893,4400,-162,14570,5230,-1803,14054,5680,301,14750,4520,593,13536,3394,-991,14458,2380,97,13395,3621,1191,13636,2649,-1522,13909,2668,-2450,12985,4363,0,13703,4142,606,13409,2663,-1064,13056,1628,-895,12781,3004,1195,13579,4169,-575,14250,4609,-1929,13196,5488,196,13876,5324,959,13856,4634,-569,14529,3483,592,13437,3795,2203,14217,3827,143,14826,4760,-1384,14136,6134,83,14798,5275,127,14030,3359,-1111,13863,1982,609,13365,3291,1582,13921,2791,-1294,13709,2860,-2625,13150,3930,-60,13372,4468,18,13862,3098,-1208,13078,2113,-561,12696,2743,967,13544,3464,-403,14059,4442,-1768,13430,5269,298,13776,5058,736,13784,4664,-1062,14470,3528,648,13489,4167,2018,14221,3961,-76,14731,4528,-807,13846,6175,289,15075,5456,-121,13936,3800,-1344,13862,1655,627,13074,2617,1760,13928,3198,-1144,14692,3156,-2315,12597,4349,-254,13887,3920,-367,13551,3584,-1706,13219,2381,95,12829,2308,1323,13036,2904,-610,14393,4009,-1549,13222,5792,267,13732,5139,56,14109,4665,-1115
4,4101,1100,14189,4175,2279,13907,3971,-160,14528,3592,-796,13806,5838,653,14724,5574,-432,14796,3928,-1449,13221,2381,842,13670,2737,1759,14140,3587,-1002,14089,2880,-2378,12820,3978,-504,13511,4237,-289,14245,3547,-1370,12718,2480,278,12893,2009,1181,13224,2743,-1080,13801,4055,-1440,13845,5707,12,13361,5490,-167,14572,4583,-744,13310,4304,1170,14152,3951,1844,13913,3467,-309,14265,3288,-338,13993,5817,914,14736,6310,-851,15232,4443,-1734,13105,2882,920,13584,3390,1759,14762,2781,-951,13199,2223,-1984,13529,3382,-116,13235,4479,-913,14361,3849,-1613,12941,2910,385,12765,2439,937,13437,2540,-999,13494,3414,-1201,13729,5374,403,13211,5238,-610,14529,4509,-837,13148,4535,1226,14101,4233,1694,14442,3499,-272,13814,3326,-145,14269,5711,1024,14546,6436,-941,15468,4510,-1630,13015,2852,1138,13309,3093,1824,15018,2648,-1060,13238,2185,-1951,13407,3434,228,13242,4377,-1442,14323,4406,-1831,13462,3528,517,12274,2520,1428,13776,1501,-964,13117,2876,-1386,13824,5011,516,13383,5263,-797,14526,4931,-1209,13649,4983,810
14511,3941,-498,14574,3066,1062,12570,4441,1807,15541,4840,-1190,14047,5637,-1724,14540,4721,994,13654,3624,677,13775,2529,-805,14705,2775,343,12829,3610,564,14050,2951,-2488,13638,3431,-2346,13158,4776,854,13888,3449,723,12834,2328,-1446,13497,1421,-350,12510,3971,1050,14209,4621,-1556,13952,5067,-1855,13374,5142,1266,13815,4983,1157,14109,4149,-618,14549,3049,936,12586,3971,1617,15263,4660,-898,14372,5617,-1673,14461,5556,1083,14371,4288,323,13693,2711,-1074,14480,1741,548,12304,3751,874,14888,3145,-2183,13559,3524,-2278,12860,4263,685,13787,3422,-51,13097,2942,-1327,13599,1842,-88,12234,3215,1067,14011,4105,-1063,14221,5135,-1973,13315,5523,1036,14006,4632,847,13609,4140,-725,14817,3447,1244,13065,4348,1617,14923,4303,-844,14472,5035,-1269,13993,5868,927,14964,4585,34,13558,2926,-1156,14039,1656,940,12843,3619,1012,14660,3491,-1992,13821,3327,-2224,12527,4093,675,13828,3490,-307,13548,3024,-1484,13162,2116,-104,12669,2763,969,13521,3700,-960,14303,4654,-1625,13106,5685,680,14082,4824,245,13864,4353,-671
14317,4014,1465,13700,4079,1840,14182,4010,-788,14635,4520,-1004,13804,5928,886,15026,4949,-433,13883,3358,-1154,13781,2273,1137,13368,3416,1094,14261,3241,-1992,13894,2985,-2306,12659,3935,494,13709,3660,-312,13687,3161,-1406,13099,2408,182,12787,2754,660,13483,3461,-1130,14321,4508,-1273,13041,5670,624,14091,4737,0,13965,4471,-653,13968,4225,1325,13899,4156,1552,13989,4008,-611,14635,3942,-444,13646,5968,777,15124,4924,-715,14334,3125,-1097,12897,2762,1139,14162,3903,1091,14342,2728,-1779,13057,2655,-1974,13516,3713,130,13392,4367,-743,14401,3036,-1024,12382,2640,267,13132,2503,429,13589,3201,-1282,13799,4383,-965,13343,5300,485,13716,4814,-342,14301,4305,-443,13520,4704,1437,14179,4277,987,14265,3717,-595,14181,3737,142,13986,5868,898,15152,5325,-941,14374,3732,-1239,13325,2789,1254,13858,3388,815,14250,3346,-1450,13894,2468,-1296,12689,3588,-80,13682,3700,-913,13888,3364,-1522,12777,3298,649,13088,2657,369,13615,2723,-1457,13586,3918,-415,13439,5301,374,13832,4871,-777,14139,4235,-540,13465,4820,1596
8,3764,-882,13274,3449,1194,13877,4519,1320,14866,5575,-1442,14840,4745,-1101,13623,4277,1456,13831,3449,140,14653,2285,-1224,13270,2910,252,13394,3639,394,13984,3409,-2615,13601,3536,-1475,13105,4136,1254,13117,3311,-416,13832,2080,-1526,12563,2462,166,13473,4160,842,13759,4997,-1786,14089,4607,-1242,13548,4992,1895,13416,4904,637,15275,3444,-718,13168,3795,1311,13887,4212,1305,14929,5141,-1561,14238,5144,-988,14332,4698,1499,13637,3943,-269,14439,2199,-996,13402,2768,739,13137,3911,263,14678,3234,-2556,13137,3407,-1414,13307,3790,1241,13218,3234,-493,13722,2133,-1390,12774,2396,353,13112,3989,857,14371,4614,-1828,13543,4943,-1383,13823,4896,1569,13294,4908,291,14805,3679,-433,13682,3758,1650,13370,4499,1256,15405,4771,-1707,13998,5297,-876,14585,4929,1398,14017,3889,-330,13985,2153,-719,13816,2816,1015,13209,3764,54,14620,2901,-2785,13103,3193,-1313,13261,3985,1075,13556,3413,-529,13593,2267,-1490,12913,2533,140,12993,3923,566,14121,4268,-1684,13651,4843,-960,13492,5108,1659,13837,4673,100,14305,3846,-673
14014,3867,1498,13332,4362,1065,15115,4535,-1248,14137,5020,-520,14104,5260,1234,14666,4242,-598,13866,2530,-1075,13802,2362,1141,12947,3757,258,14818,3108,-2466,13279,3280,-1400,12860,4039,884,13888,3332,-810,13533,2866,-1260,12983,2550,699,12860,3372,143,13908,4035,-1702,13861,4688,-738,13220,5196,1245,14077,4525,-136,13996,4062,-702,14115,4461,1651,13641,4317,1016,14594,4017,-1120,14173,4634,-62,13981,5662,1076,15099,4577,-1001,13807,2696,-963,13428,2697,1324,13803,4063,433,14527,2961,-2030,13058,2706,-1327,12864,3661,241,14007,4046,-1013,13701,3278,-1175,12702,2797,965,12919,2807,430,13722,3704,-1801,14035,4658,-935,13239,5380,752,13979,4493,-45,13959,4340,-356,14041,4723,1609,14029,4281,679,14333,3686,-1042,14253,4394,196,13905,5798,1027,14931,4846,-933,14031,3023,-995,13193,2845,1302,13992,3549,303,14418,3248,-1820,13263,2794,-1061,12902,3711,210,13872,3946,-1089,13853,3340,-1320,12818,2849,942,13000,2603,87,13742,3296,-1658,13720,4570,-272,13285,5338,477,14004,4706,-605,14104,4337,-220,13544,4701,1568
14116,4211,595,14271,3526,-834,13834,3946,563,14133,5736,728,15059,5213,-1200,14501,3278,-700,12861,3007,1384,14026,3790,369,14921,2662,-2063,12350,3170,-1163,13972,3024,274,13022,4325,-1327,14599,3236,-726,12595,3309,858,12757,2477,-41,14237,2891,-1709,12919,4616,-275,13866,4926,394,13606,4604,-488,14095,4402,-70,13566,5015,1407,14094,4459,572,14360,3465,-877,13606,3815,1019,14315,5247,904,14982,5384,-1362,14562,3957,-674,13408,3503,1355,13768,2836,-73,14541,2723,-1365,13280,3272,-132,13461,3389,-358,13652,3682,-1779,13804,3580,-987,13041,3569,917,12859,2731,-252,13876,2161,-1849,13018,4038,541,13523,5000,698,14098,4766,-1371,13782,4610,-325,13558,4966,1559,14217,4393,425,14563,3297,-831,13390,3963,1204,14203,5195,925,14888,5451,-1683,14743,4234,-646,13324,3611,1280,13836,3011,16,14505,3008,-1203,13493,3023,170,13077,3150,-384,13886,3307,-1939,13668,3936,-816,13236,3935,979,13000,2625,-637,13457,2029,-1672,13136,3557,814,13464,4867,461,14045,4637,-1756,13852,4517,-338,13475,5389,1724,14186,4628,124
14699,3467,-561,13388,3582,1743,14107,4757,728,15032,5415,-1856,14653,4780,-680,13613,4116,1351,13813,3057,-26,14303,2300,-1063,13370,3216,615,13335,3456,-445,14022,3357,-2797,13588,3911,-583,13143,4153,1020,13212,2934,-589,13482,1738,-1624,12871,2965,569,13484,4391,563,14095,4699,-2022,13827,4664,-371,13581,5462,1628,13937,4962,-26,14990,3431,-425,13081,3503,1800,14040,4191,950,14702,5054,-1818,14511,5106,-512,14035,4704,1169,13772,3497,-532,14407,2265,-744,13376,3137,1026,13432,3380,-315,14098,3002,-2772,13529,3469,-547,13055,4230,896,13452,3311,-902,13616,1923,-1582,12543,2865,686,13585,4290,575,14017,4638,-2055,13585,4836,-659,13709,5090,1712,13531,4755,90,14783,3629,-579,13209,3898,1897,14146,4281,838,14924,4748,-1654,14417,5193,-406,14276,5051,837,14021,3891,-625,14370,2212,-679,13156,3029,1187,13564,3190,-12,14338,2868,-2737,12994,3441,-815,13372,4258,696,13442,3908,-1367,13652,2423,-1202,12557,2784,929,13452,3678,434,13954,4065,-1946,13651,4687,-477,13558,5177,1348,13799,5054,-299,14850,3912,-364
13313,4450,1739,14246,4006,912,14512,4492,-1503,14231,4946,31,14256,5040,931,14181,4034,-1070,14192,2112,-750,13225,3249,1204,13909,3760,-175,14260,2790,-2286,13036,3154,-764,13313,4177,722,13776,3856,-1410,13554,2460,-1268,12569,2857,881,13241,3438,-17,14185,3959,-1625,13398,4786,-345,13636,5293,1162,13825,5248,-705,14527,4234,-451,13521,4488,1963,13725,3655,926,14627,3604,-770,14002,4780,312,14387,5430,487,14564,4468,-1494,14145,2715,-878,13289,3774,1537,14182,3586,-56,14021,2688,-2239,13078,2835,-590,13221,3843,471,13736,3802,-1440,13730,2542,-1233,12515,3098,858,13395,3432,-116,14134,3834,-1569,13355,4502,47,13709,4732,916,13666,4668,-613,14174,4219,-591,13710,4779,1590,13982,4054,723,14603,3562,-487,13852,4841,732,14608,5675,377,14569,4992,-1673,14293,2979,-607,13069,3242,1632,14041,3168,-25,14599,2494,-1820,12822,3014,-494,13522,3667,155,13587,4170,-1933,14018,3243,-1066,12696,3038,940,13022,2930,-366,13946,3195,-1263,13283,4591,351,13433,4769,724,13899,4458,-870,13944,4426,-348,13976,5083,1437
14209,4495,226,14675,3415,-415,13558,4285,1286,14390,5289,626,15064,4751,-1725,13927,3173,-615,13340,2977,1326,13955,3744,-177,14653,2730,-1469,12768,3062,-281,13390,3320,-181,13926,3982,-1902,13634,3563,-853,12842,3168,935,13072,2751,-547,13887,2906,-1216,13424,4296,530,13300,4917,113,14229,4582,-1181,13791,4601,90,13672,5004,1473,14361,4420,94,14345,3386,-256,13535,4004,1488,14141,5362,247,15303,5048,-1892,13999,3785,-285,13452,3197,1408,14048,3156,-453,14329,2906,-1186,13204,3233,379,13183,3554,-756,14243,3750,-2182,13511,3785,-436,12815,3227,911,13321,2558,-749,13371,2573,-1479,13308,4121,1042,13384,4852,198,14292,4547,-1715,13781,4557,196,13338,5357,1322,14704,4442,-227,14333,3176,-157,13314,3800,1985,14425,5082,345,15014,5375,-2227,14224,3996,-153,13312,3592,1314,14066,3122,-596,14512,3053,-1168,13469,3408,610,12829,3467,-964,14436,3321,-2222,13306,4162,-138,13091,3489,1044,13229,2328,-847,13357,2017,-1737,13381,3948,950,13286,5234,82,14464,4645,-2037,13541,4719,247,13385,5235,1815,14266,4411,-369
14349,3317,-346,13349,3507,2359,13981,4924,463,15430,5216,-2178,14304,4811,-409,13661,4207,1186,14093,3281,-560,14401,2368,-981,13176,3284,1192,13434,3436,-494,14217,3363,-2933,13258,3876,-301,12875,3696,776,13525,2683,-1027,13405,2143,-1424,13073,3527,1073,13484,4700,357,14189,4669,-2195,13642,4643,-36,13412,5156,1651,14071,4314,-234,14549,3448,-432,13372,3943,2146,14220,4851,378,15065,5492,-2149,14436,5219,-4,13871,4473,1122,14065,3110,-831,14118,2207,-632,13174,3100,1206,13616,3386,-690,14193,3147,-2694,13261,3901,-252,13103,3900,748,13545,3002,-1316,13397,1942,-1352,12682,3104,1159,13683,4148,258,13995,4526,-2181,13728,5048,97,13579,5323,1425,13998,4835,-576,14773,3585,-67,13086,4041,2170,14248,4338,539,14902,4921,-1806,14203,5376,80,14177,4449,937,13902,3337,-907,14051,2213,-315,13290,3371,1337,13748,3169,-762,14051,3104,-2747,13318,3824,-206,13284,4286,554,13708,3104,-1360,13476,1837,-1053,12482,3013,1089,13701,3762,74,14032,4459,-1969,13544,5145,36,13787,5200,1123,13723,4829,-817,14658,3609,47
13187,4061,2281,14135,3496,609,14556,4190,-1303,14197,5452,108,14621,5164,380,14051,3973,-1365,14238,2098,-53,13213,3323,1572,13997,3595,-662,14532,3039,-2448,12681,3846,-300,13664,3809,328,13365,3253,-1614,13579,1911,-557,12508,2735,943,13350,3472,-464,14332,4224,-1543,13090,5268,220,13727,4977,801,13743,4693,-914,14261,3689,305,13700,4173,2124,14007,3787,336,14753,3789,-1007,13801,5774,362,15125,5769,73,14386,4578,-1611,13915,2506,271,13506,3379,1980,13951,3265,-573,14173,2290,-2434,12569,3300,-501,13710,3862,106,13564,3759,-1718,13422,2696,-497,12862,2792,1092,13021,3342,-621,14200,3512,-1538,13070,4918,133,13786,4813,606,14066,4638,-944,13875,4334,356,14180,4639,1873,13860,4238,18,14823,3525,-677,13513,5713,708,15053,5898,-15,14551,4467,-1630,13468,2584,321,13341,2688,1723,13937,3349,-559,14309,2412,-1926,12649,3643,-506,13916,3965,-286,13920,4128,-1807,13356,3108,-255,13092,2484,1060,12819,2668,-753,13996,3055,-1236,13392,5162,536,13506,5049,-21,14479,4776,-1317,13419,5031,314,14339,4816,1679
13925,3963,167,14296,2681,-26,13485,4550,1259,14281,5939,-276,15365,4691,-2048,13197,3288,244,13627,2731,1568,14154,3844,-357,14809,2553,-1469,12352,3571,-469,13490,3375,-902,14305,4302,-1870,13335,4104,362,13025,2905,1264,13051,2072,-786,13512,2836,-1338,13657,5026,202,13213,5197,-788,14668,4331,-1089,13047,4879,1106,13987,4888,1563,14431,3841,-150,13688,2810,-276,13881,3857,1521,13949,5809,-340,15924,5152,-2078,13397,4370,412,13893,3604,1429,14274,3095,-726,13987,2788,-882,13367,3404,555,13120,3632,-1429,14500,3399,-2165,13067,3801,171,12917,3151,873,13473,2481,-980,13033,2615,-1370,13697,4182,1089,12891,5150,-262,14742,4286,-1839,13323,4834,782,13437,4997,1573,14739,4029,-441,13817,3487,-83,13946,4026,1877,14216,5632,-254,15273,5174,-2115,14219,4420,347,13302,3941,1158,14610,2804,-778,13662,2769,-747,13367,3044,827,13315,3381,-1227,13944,3261,-2093,13411,3862,194,12717,3824,540,14081,2503,-1569,12753,2520,-1205,13559,3497,1571,13284,4726,-52,14140,4202,-2044,13991,4796,521,12901,5564,1492,15023,4298,-743
14099,3660,-35,13513,3807,2394,14425,5006,-103,14769,5099,-1873,14592,4754,272,13200,4398,906,14572,2867,-917,13811,2327,-499,13156,3119,918,14091,3258,-1051,13629,3109,-2331,13702,3729,110,12699,4077,407,14073,2686,-1777,13049,2311,-1030,12779,3451,1625,14007,4093,-24,13597,4571,-1933,14069,4582,331,13026,5382,1040,14608,4668,-1068,14258,3750,125,13274,4197,2513,14576,4153,314,14355,4804,-1534,14751,4818,212,13611,4751,407,14508,3031,-1191,13936,2138,-15,12901,3670,1212,14406,3466,-1093,13656,3153,-2285,13426,3406,141,13035,3724,270,13998,3223,-1923,13098,2178,-775,12671,3159,1522,13559,3826,-17,14050,4182,-1970,13594,4863,339,13498,5376,817,14239,4739,-1138,14409,3822,544,13258,4237,2324,14441,4165,68,14593,4492,-1139,14306,4947,290,14190,4833,179,14422,3652,-1401,14054,2265,172,13246,3733,1438,14396,3561,-1025,13916,3050,-2539,12922,3356,323,13241,3804,314,13619,3274,-1901,13293,2004,-489,12471,3139,870,13585,3602,-490,14069,4252,-1624,13412,4979,289,13884,5102,633,14054,4836,-1036,14422,4043,597
13530,4331,2096,14414,3877,105,14416,4024,-934,14082,5391,602,14632,5333,-146,14365,4246,-1757,13820,2632,466,13266,3720,1615,14255,3246,-1150,13933,2572,-2139,12741,3205,270,13515,3607,141,13751,3367,-2104,13269,2359,-854,12885,2978,1014,13425,3590,-410,14316,4018,-1224,13077,5041,407,13687,4862,266,14135,4676,-1144,13764,4471,452,13928,4622,1892,14045,4125,61,14498,3699,-415,13637,5333,896,14800,5282,-344,14539,4131,-1905,13714,2573,460,13270,3183,1629,14425,3260,-910,14191,2620,-1935,12562,3500,245,13896,3736,-173,13682,3986,-2112,13602,3123,-579,12684,3115,795,13304,2930,-669,13770,3411,-779,13171,5039,617,13567,4802,-208,14303,4512,-1236,13620,4666,663,14028,4723,1813,14266,3979,-59,14292,3377,-100,13782,4935,1275,14515,5466,-442,15153,4590,-2011,13491,3432,463,13561,3136,1541,14309,3518,-750,14080,2846,-1462,13000,3540,-69,13377,3714,-644,14157,3672,-1684,13055,3389,-23,12966,2809,686,13139,2461,-1209,13534,2833,-769,13381,4706,950,13274,4804,-495,14618,4383,-1299,13362,4993,946,14045,5033,1473
14508,4152,-310,13947,3358,267,13798,4425,1613,14385,5551,-647,15484,4793,-1943,13608,3855,376,13552,3360,1199,14315,3179,-810,13915,2873,-774,13312,3338,320,13209,3259,-994,14140,3160,-1759,12898,3522,-89,13211,3171,666,13329,2435,-1461,13291,2581,-600,13528,4449,1343,13190,5128,-907,14784,4551,-1618,13312,4969,1093,13603,5125,1429,15111,3961,-417,13708,3333,417,13806,4386,1824,14468,5590,-722,15297,4918,-1924,13882,3848,622,13029,3508,970,14775,3171,-765,14057,3024,-618,13102,2802,474,13284,2896,-1171,14059,3221,-1728,13354,4137,231,12958,3605,357,13657,2354,-1858,13026,2604,-682,13460,4239,1467,13738,4697,-681,13981,4356,-1653,13836,4745,1042,13295,5521,1171,14896,4332,-841,13974,3406,676,13385,3807,2214,14512,5026,-657,15110,5017,-1874,14060,4645,306,13507,4024,927,14503,2644,-1120,13803,2419,-314,13158,3606,979,14051,3616,-1349,13904,3213,-2232,13171,3525,325,13132,3713,285,13732,2809,-2078,13166,2160,-508,12802,3727,1717,13573,4676,-343,14316,4620,-2157,13530,4841,564,13263,5063,1035,14477,4223,-799
14224,3822,647,13443,3969,2444,14373,4801,-478,15005,4784,-1843,14336,5033,177,14003,4403,500,14274,2901,-1037,13929,2520,272,13116,3396,1142,14141,3274,-1765,13383,2964,-2281,13228,3726,435,12929,4141,212,13943,2876,-1975,12951,2298,-654,12777,3315,1599,13823,4079,-595,13840,4567,-1990,13795,4821,798,13334,5202,852,14387,4483,-970,14653,3757,844,13282,4416,2184,14748,4481,-423,14577,4965,-1495,14334,5308,508,14172,4556,200,14116,3185,-1336,14024,2436,570,12997,3365,1169,14274,3091,-1687,13551,2974,-2189,13232,3840,481,13129,3858,-89,13777,2929,-1987,13105,2175,-404,12700,3056,1435,13851,3746,-629,13964,4546,-1731,13647,5186,651,13562,5385,362,14193,4820,-1242,14520,4099,1027,13324,4236,2380,14405,3786,-215,14356,4412,-1075,14188,5492,491,14483,4745,-171,14058,3049,-1395,13654,2172,725,13385,3817,1494,14444,3133,-1573,13583,2743,-2535,13205,3574,535,13447,4352,-50,14060,3343,-1740,12876,2320,-262,12678,2726,1066,13784,3492,-703,13957,4384,-1631,13613,5072,584,13484,5232,429,14244,4943,-1117,14189,4193,870
13463,3943,2029,14253,3351,-75,14196,3773,-546,14222,5679,574,14860,5335,-541,14322,3767,-1769,13789,2523,748,13506,3523,1555,14349,3279,-1115,13878,2848,-2164,12905,3735,80,13641,4153,-239,13921,3622,-1975,13065,2599,105,12595,2481,1001,13655,2931,-910,13771,4242,-1145,13511,5190,447,13591,5113,-57,14142,4542,-1070,13837,4301,1150,13626,4081,2000,14493,3422,-23,14004,3521,-160,14060,5939,549,15182,6125,-940,14511,4368,-1845,13455,2968,961,13738,3533,1875,14569,2526,-1137,13325,2302,-1800,13092,3467,227,13650,4396,-844,13912,3670,-1777,12997,2647,-49,12596,2543,944,13554,2520,-810,13592,3535,-686,13337,5173,499,13704,5127,-594,14191,4777,-1107,13678,4917,1081,14043,4420,1818,14473,3589,-52,13962,3374,106,13994,5854,724,15130,6205,-1340,14717,4199,-1592,13275,2620,1211,13253,3433,1757,15131,2477,-928,12870,2314,-1715,13141,3268,-180,13809,4453,-1324,13847,4173,-1501,13337,3157,464,12500,2548,758,13771,2047,-1040,13354,3377,-653,13469,5187,469,13746,5106,-1094,14242,4999,-1058,13611,5144,1170,13872,4564,1527
13737,2923,1113,13322,4537,1587,15283,5742,-1549,14556,5811,-1769,14189,4405,1262,13371,3218,653,14177,2198,-498,14213,2859,337,13199,3355,-18,13698,3077,-2463,13904,3676,-2094,13294,5384,730,13764,3127,642,12888,1634,-1069,13018,1760,-45,13400,4020,526,13754,5025,-1795,14006,4690,-1654,13562,5194,1380,13386,5092,1105,14627,3603,-305,13938,3226,1045,13117,4045,1120,15100,5256,-1070,14694,5943,-1407,14339,5178,1162,13986,3703,338,13898,2095,-655,14156,2071,524,13046,3734,393,14243,3657,-2382,13633,3830,-2047,13119,4611,846,13387,3190,-237,13374,1888,-1066,12960,1729,381,12779,3391,715,14144,4793,-1557,13866,5462,-1921,13754,5527,1158,13483,4912,570,14313,3651,-374,14304,3308,1560,13172,3844,1247,15017,4568,-917,14402,5712,-1104,14326,6035,848,14476,4275,-124,13397,2372,-702,14136,1938,1168,12925,3632,608,14411,3094,-2251,13553,3364,-2139,13038,4458,655,13880,3793,-448,13411,2563,-1154,13164,1914,781,12795,3038,646,13973,4270,-1590,13998,5364,-1635,13539,5798,854,13751,4823,526,13920,3828,-179,14242,3356,1587
13206,3812,1090,14646,4321,-1182,14523,5544,-750,14028,6483,857,14931,4126,-274,13301,2371,-621,13728,2579,1564,14109,3044,9,13615,2890,-2424,13955,2613,-1184,12726,5504,-133,14765,4689,-655,13354,2890,-908,12453,1558,1382,12839,2369,282,14001,3847,-2283,13817,4794,-879,13167,5253,805,13853,5004,-358,14144,4354,-533,13860,3929,2077,13425,3588,1145,14449,3520,-1119,14062,5081,-95,14433,6549,879,15069,5131,-698,13697,2838,-800,13859,2095,1434,13641,3217,598,14483,3328,-2017,13763,3300,-1353,12686,4731,-257,14230,3956,-1226,13298,2929,-1046,12703,1984,1212,12761,1853,552,13604,3059,-1398,13646,4888,-807,13690,6007,-118,14106,5450,-739,13977,4416,-111,13620,3880,2262,13812,3678,1048,14557,3183,-1214,13845,4219,58,14211,6746,433,15508,5827,-1242,13986,3530,-628,13145,2493,1808,13835,2749,864,14217,2981,-1744,13686,2665,-1434,12613,4316,-519,14144,4112,-1136,13766,3513,-956,12808,2599,1070,13067,1743,306,13593,2614,-1769,13645,4421,-296,13667,6121,-118,13937,5422,-1062,14006,4034,88,13189,4130,2041,14118,3735,955
14501,3213,-889,13677,3838,538,14107,6489,455,15466,6317,-1632,14306,3899,-730,12882,2652,1807,13909,2540,1071,14502,2808,-1428,13629,2667,-1190,12842,4021,-473,14185,4221,-1790,13747,4215,-995,13185,3065,1299,12808,1946,209,13470,1848,-1436,13259,3882,-140,13694,5631,-6,13837,5149,-1523,13991,4305,-201,13253,4709,1990,14092,4119,787,14649,2871,-706,13290,3649,823,14235,6152,652,15493,6556,-1878,14507,4379,-800,13086,2822,1955,13668,2592,887,14735,2510,-1478,13493,2680,-796,12776,3618,-466,14218,4130,-2411,14058,5028,-1118,13192,3731,1496,12836,1574,864,13129,1309,-1777,13451,3223,-414,13300,5499,185,13888,5242,-1959,14138,4813,-295,13432,5268,1841,13934,4353,962,14902,2839,-505,12999,3379,622,14226,5339,967,15098,6418,-1758,14766,4625,-906,13208,3430,1843,13711,2749,493,14853,2307,-1023,13503,3183,10,13206,3517,-260,13801,3918,-2735,14053,4242,-1477,12921,4188,1171,13032,2228,302,13356,1376,-1115,12936,2679,517,13491,5039,166,14221,5724,-2695,14266,5039,-972,13386,5263,2348,13530,4276,1009,15111,2582,-323
12842,3031,1078,14048,4777,755,15211,6307,-2124,14482,5495,-935,13963,4083,1899,13304,3055,453,14559,2035,-737,13412,3442,130,13628,3229,-434,13422,3281,-2564,13766,4101,-1300,13455,4930,1019,13442,2493,308,13158,974,-1097,12773,2127,336,13489,4757,-40,14335,5701,-2479,13805,5267,-792,13589,5199,2073,13302,4654,552,14898,2999,-157,13308,3164,1420,13263,4287,732,15506,5742,-1960,14356,6198,-857,14315,4610,1535,13529,2906,417,13987,1881,-438,14247,2921,638,13163,3111,-735,13905,2923,-2808,13570,4298,-1376,13672,5710,984,13800,2957,141,12813,1092,-634,12881,2009,547,13392,4310,-303,14300,5143,-2402,13559,5255,-819,13668,5283,1828,13531,4607,439,14408,2946,10,13533,3034,1520,13319,3758,595,15040,5192,-1658,14551,6216,-699,14280,5658,1084,14036,3923,-50,14014,1911,-301,13805,2092,1217,13085,3479,102,14638,3402,-2744,13508,4124,-1655,13428,4657,420,13613,3360,-786,13476,2233,-580,12880,1816,1154,12762,3045,169,13893,4581,-2225,13895,5610,-1381,13492,5710,1083,13871,4577,348,13975,3078,289,14166,3303,2003
14461,2914,-1594,13487,5023,23,14801,6616,364,14815,5767,-854,14344,2861,464,12839,2563,1825,14289,2852,-251,14393,2652,-2329,13041,3387,-398,13617,3944,-615,13734,4669,-1881,14162,4222,-438,12881,2639,1905,12461,1561,42,13907,1798,-2443,13121,4971,-32,13875,5824,208,14040,5301,-1787,13882,4123,247,13519,4125,2451,13838,3619,971,14654,2591,-1233,13278,4620,233,14667,6547,362,14953,6284,-1471,14432,3653,336,13001,2922,1853,14054,3036,32,14640,2538,-1783,13041,3609,-292,13507,3715,-648,13815,4137,-2541,13720,4338,-325,13378,2849,1932,12582,1363,215,13539,1394,-2223,13322,4296,-153,13676,6033,-36,14230,5568,-1993,13805,4767,270,13559,4611,2346,13871,3595,799,14633,2401,-880,13120,4567,450,14686,6423,228,14954,6298,-1634,14191,3926,449,13097,3647,1746,14443,3122,-490,14217,1493,-961,12859,2311,260,13367,3743,-1144,14397,4093,-2621,13464,4822,-306,13490,3692,1736,13123,1603,-190,13486,1519,-1600,13125,3819,166,13695,5679,-171,14322,5655,-2411,13661,4916,350,13534,4569,2222,13677,3587,349,14653,2453,-391
12945,4149,806,14533,5568,293,14816,6062,-1721,14167,4702,210,13755,3643,1734,13685,2480,44,14288,1484,-520,13352,3511,306,13892,3873,-1533,13996,3831,-2675,13642,4592,-489,13640,4902,926,13535,2119,536,12876,973,-818,12670,2682,258,13753,5211,-815,14288,5620,-2592,13384,5076,96,13686,4750,2004,13499,4007,261,14741,2551,95,13059,3634,1002,14025,4857,-239,15407,5835,-1755,13970,5883,254,14467,4285,1586,13758,3016,53,14217,1519,-496,13439,3934,550,14188,3985,-1314,13709,3515,-3003,13381,3683,-208,13285,4745,744,13880,2358,-3,12706,1059,-596,12625,2208,485,13494,4667,-1113,14565,5525,-2550,13408,5476,34,13710,4632,1874,13670,4072,384,14279,3025,220,13719,3662,1365,13410,4734,-509,15687,5500,-1919,13862,6487,294,14577,4987,1300,14047,2859,-4,13285,1806,79,13945,2999,958,13697,3160,-1580,13572,2930,-2739,13717,3458,-524,12956,5633,298,14714,2977,-407,12560,1631,-174,12708,2130,1110,13667,4107,-1583,14216,5305,-2534,13647,5481,12,13380,4928,1487,14036,4130,-10,13964,3347,375,13778,3731,1825
13615,4172,-701,14826,5093,-1825,14246,6228,426,14166,5379,1285,14340,2507,92,13032,2105,34,14194,3003,653,13882,3410,-1271,13877,3078,-2374,13809,4057,-607,13354,4988,285,14086,4038,-799,13691,2207,90,12195,2195,966,13381,2485,-1231,13837,4436,-2222,13639,5636,167,13427,5161,676,13919,4361,-349,13957,3272,525,13549,3667,1928,13840,3856,-439,14541,4341,-1576,14037,5829,700,14465,6003,939,14814,4068,-435,13766,2392,-55,13542,2394,1466,13995,3576,-765,14397,3579,-2699,13375,3984,-342,13270,3930,-129,13950,4032,-1321,13762,2798,-44,12303,1980,1361,12893,1724,-207,13812,3457,-2692,13805,5439,-2,13464,5616,-31,14336,4765,-754,13799,4182,827,13456,4271,2037,14383,3453,68,14018,3452,-1615,14170,5208,470,14476,6634,316,15032,4679,-806,13505,2767,842,13225,3421,1177,14894,2793,-1063,13485,2629,-1663,13261,3374,-364,13558,3805,-403,13918,4054,-1687,13550,3524,28,13019,2512,1433,13050,2105,-1196,13830,2855,-2138,13458,5341,443,13738,5924,-90,14181,4854,-1405,13696,4156,739,13309,4269,1992,14278,3309,172
14121,3077,-1101,13491,5278,880,14952,6200,387,14551,4816,-1327,13886,2883,594,13294,4138,943,14797,3036,-515,13943,1865,-852,12715,3187,21,14070,3763,-1016,13981,4408,-2296,13610,4251,198,13335,3124,1401,12999,2027,-641,13649,2121,-1634,12963,4648,571,13775,5382,-437,13914,5100,-2011,13667,4556,1030,13642,4262,2145,13610,3579,-68,14981,2700,-719,12643,5154,900,15148,5807,222,14645,5804,-1613,13962,4029,458,13861,3522,1780,13826,2834,-453,14414,2102,-982,13175,4234,128,13835,3772,-1481,13819,3293,-1905,13231,4214,-295,13557,3833,1075,13250,2187,-155,12924,1675,-1357,13339,3623,594,13402,5268,-803,14562,4878,-2211,13266,4687,988,13662,4831,1957,13879,4237,-213,14873,2809,-211,12751,4512,949,14860,5282,-149,14879,5912,-1803,14076,4811,780,13902,3600,1907,13644,2665,-64,14233,2128,-953,13555,3814,-96,13604,3581,-1251,14032,2751,-2050,13060,4720,-247,14107,4463,936,13334,2363,-322,12690,1339,-662,13281,3348,-147,13622,5288,-967,14496,4659,-1591,12997,4727,823,13922,4796,1547,13908,4491,-719,14395,3204,232
13382,3749,1301,13686,4884,-157,15595,4946,-1319,13497,5572,589,14364,4108,1233,13900,3208,-583,13929,2056,-380,13935,4006,989,13829,3453,-1503,13648,2740,-2600,13580,3801,-66,13230,5220,444,14596,2501,-301,12239,1670,-584,13320,2433,792,13342,4695,-1237,14333,4850,-2337,13546,4946,657,13084,4965,1552,14549,4144,-407,13631,3721,86,14129,3348,1565,13334,4539,-368,15116,4782,-1320,14286,5854,672,13882,5035,941,14859,2896,-607,13067,2319,18,14053,3292,943,14210,3870,-1566,13598,2828,-2041,13704,3122,-80,12641,5338,-182,15239,3264,-1224,12270,2212,54,12697,2056,1408,13736,3508,-1622,13719,4823,-2170,13861,5068,331,12952,5113,830,14457,4133,-710,13592,3562,641,13736,3942,2104,14162,3841,-606,14201,4563,-1659,14608,6033,723,14045,5939,758,15062,3412,-712,13234,2227,20,13757,2518,1268,14070,3691,-961,14077,3921,-2118,13892,3633,-463,12554,4196,-301,14421,3032,-1232,13045,2719,-52,12850,2550,1151,13281,2654,-1036,13530,3927,-1549,13987,5496,76,13436,5508,-230,14381,4342,-720,13706,3570,1338,13495,4167,2126
14573,3842,-569,14020,4084,-1402,14223,5543,686,14186,6199,206,15049,4334,-836,13534,2610,661,13290,2461,1740,14090,2978,-650,14117,3429,-2773,13524,3969,-672,13017,3702,-139,13957,3982,-1491,13984,3360,453,12621,2567,1233,13229,1947,-636,13462,3204,-2527,14042,5253,-3,13357,5632,70,14290,4541,-852,13627,3851,1103,13326,4451,1780,14428,3620,-221,13946,3333,-1379,13755,5137,853,14571,6345,427,15031,4667,-1052,13613,2796,895,13202,3700,1146,14938,3051,-1092,13828,2602,-1340,13175,3476,-268,13820,3897,-700,14127,4040,-1848,13493,3915,211,13065,2690,1686,13029,1832,-1055,13395,2230,-2075,13366,4968,496,13522,5811,-343,14248,4863,-1762,13545,4499,1021,13546,4211,2091,14052,3544,-4,14345,3100,-968,13489,4778,854,14669,6102,309,14934,5320,-1525,14162,3782,484,13404,3491,1609,14289,2520,-536,13901,2271,-1145,13301,4441,84,14104,3929,-1478,13390,3358,-2019,13720,3422,201,12985,3878,1102,13624,2027,-158,12940,1946,-1647,13226,3912,544,13463,5673,-837,14492,5300,-2393,13553,4596,1150,13336,4288,2452,14043,3716,-101
14542,2820,-536,13081,4485,812,14569,5486,-200,14765,5998,-1710,14363,4776,793,13782,3567,1848,13808,2366,-73,14085,2144,-1125,13664,3925,-237,13507,3812,-825,13968,2848,-2324,13120,4480,-146,13930,4465,1075,13541,2397,-157,12671,1506,-979,13404,2951,-328,13218,5304,-852,14621,4957,-1645,13295,4838,646,13431,4701,1703,14152,4036,-134,14293,3333,-52,13469,3827,896,14024,5072,-303,15289,5682,-1259,14010,5362,702,13969,4102,1452,13936,2917,-626,14076,1722,-470,13126,4103,708,14417,3545,-1424,13317,3322,-2784,13746,3550,-102,13167,4884,614,14352,2601,-217,12781,1588,-643,12780,2541,705,13698,4544,-883,14354,5236,-2457,13580,5056,198,13391,4725,1722,13938,4216,-106,14344,3713,-13,13605,4023,1454,13585,4457,-325,14909,4728,-1452,14087,5533,541,14088,4719,1227,14367,2975,-342,13646,2075,-87,13484,3542,995,14471,3892,-1602,13874,3260,-2669,13455,3081,28,13014,4977,172,14798,3222,-697,12906,2213,-260,12442,2282,1172,13558,3661,-1692,14255,4890,-2415,13414,5323,343,13372,4902,1091,14021,4062,-285,13873,3311,433
13612,3918,1947,13966,3899,-697,14401,4243,-1656,14240,5716,816,14162,5807,910,14947,3717,-606,13538,2480,-96,13463,2661,1030,14220,3862,-842,14102,3589,-2025,13457,3337,-512,13096,4037,31,13931,3421,-1220,13655,2773,-127,12430,2870,813,13512,2589,-1080,13495,3753,-1311,13606,5199,113,13607,5153,-84,13950,4295,-552,13897,3642,1067,13385,4445,1948,14607,3976,-569,14186,3955,-1338,14011,5451,674,14571,6121,296,14844,4690,-765,13949,2555,697,12909,2663,1774,14274,3174,-1145,14136,3240,-2529,13218,3413,167,13194,3420,-489,13711,4146,-1506,14352,3781,-29,12561,2854,1306,13141,2119,-700,13755,2970,-2533,13516,5090,609,13758,5254,148,13906,4384,-1119,13957,3810,679,13280,4876,1824,14508,4046,-111,14092,3620,-1257,13463,5125,854,14765,5950,581,14536,4616,-1021,13917,2570,809,12829,3824,1038,14906,3160,-1108,13939,2681,-1328,13119,3442,71,14005,3653,-713,13712,4060,-2072,13894,4026,222,13166,3318,1542,12907,1992,-985,13657,2032,-1905,12921,4844,555,14053,5416,-103,13804,4988,-1812,13724,4438,813,13650,4733,1916
13796,4001,-153,14843,2942,-938,12810,4742,1034,15007,5252,489,14449,5209,-1334,14201,3688,513,13890,3816,1314,13837,3130,-765,14558,2111,-1284,12777,5190,536,14784,3566,-836,12873,3036,-2426,13525,3003,-129,13417,3979,985,13197,2999,-280,13533,1884,-1717,12896,3707,650,13467,5300,-181,14751,5073,-2516,13242,4601,454,13722,4116,2275,13637,4339,270,14956,3000,-521,13156,4276,842,14029,5107,117,15308,5380,-1655,13646,5261,602,14521,3899,1682,13534,3245,-343,14174,1927,-842,13719,4204,245,13727,3757,-1173,13852,2389,-2321,13038,3261,274,13433,4554,880,14414,3150,-684,12233,2466,-1545,13618,2639,596,12849,4942,-523,14911,4587,-1942,13196,4628,532,13263,4330,2004,14272,4342,-416,13929,3965,-444,14302,3821,1336,13129,4821,38,15668,4719,-1399,13720,5679,576,14223,4424,1309,14258,2984,-380,13262,2046,-539,14119,3705,796,13900,3716,-1160,13526,2721,-2821,13668,3530,-34,12857,5580,627,15171,3256,-564,11996,2232,-795,13340,1729,703,13040,3985,-594,14290,4519,-2147,13856,4808,89,12735,5006,1579,14782,4535,-417
13622,4439,-206,14333,3833,1618,13431,4009,-131,14544,4148,-1034,14552,5412,652,13569,5528,890,15222,3118,-591,12710,2690,-148,14259,3331,763,14266,3922,-1247,13468,2698,-1845,13960,2905,-415,12393,5237,23,15286,3701,-1269,12420,2583,-161,12604,1732,1293,13684,2756,-1328,13347,4575,-2032,14439,5095,262,12684,5635,491,14595,4489,-823,13737,4115,581,13511,4058,2148,14192,3351,-277,13715,3754,-1493,14686,5238,590,14109,6255,652,15166,4278,-882,13574,2705,55,13250,2764,1396,14475,3700,-530,13795,3128,-1957,13516,3023,-882,12837,3890,-325,14207,3822,-1283,13868,3312,-125,12448,2950,1087,13688,2209,-815,13053,3695,-1545,14235,5023,47,13300,5665,-467,13974,4502,-790,14092,3728,1254,12873,4517,1957,15067,3484,-326,13656,3820,-1393,14235,5061,662,14551,6456,100,14769,5140,-964,14199,2666,744,12431,3139,1796,14904,2634,-939,13740,2858,-2194,13289,3344,-97,13756,3673,-780,13528,4536,-1607,14464,4475,-66,12780,3235,1450,12921,1526,-533,13542,1985,-2444,13002,4957,349,14235,5382,152,13400,4993,-1540,14308,4019,684
13311,4935,1925,14120,3820,18,14574,2906,-1048,12797,5012,587,15233,5674,481,14273,5347,-1078,14283,3123,720,13103,3952,1241,14591,3370,-814,14472,2184,-1243,12806,3456,42,14035,3722,-870,13808,3864,-2218,13461,4362,104,13396,3156,1662,12638,1915,-862,13681,1357,-1861,12921,4245,389,13942,5576,-311,14357,5429,-2181,13451,5051,621,13911,4496,2084,13429,3910,166,14773,2329,-553,12954,4177,852,14433,5324,200,15041,5661,-1770,14098,4844,317,14037,4033,1431,13871,2940,-316,14200,1740,-940,13218,4051,567,14138,3390,-953,13233,3139,-2782,13747,3604,-195,13238,4607,862,13860,2760,-121,13030,1769,-1422,13009,2788,467,13491,5124,-160,14495,5451,-2554,13631,4940,130,13344,4723,2071,13767,3875,441,14654,2573,-53,13019,3435,891,14121,4774,-195,15155,5898,-1894,14214,5887,335,14370,4487,1720,13696,2848,92,14049,1599,-272,13465,3299,84,13825,3414,-1343,13955,2910,-2321,13211,4224,-385,13927,5756,874,14194,3349,-455,12485,1179,-395,12651,1745,306,13517,4208,-1140,14377,5076,-1841,13334,5104,298,13831,5016,1528
13843,4638,-497,14430,3346,256,13554,3552,1601,13638,3817,-314,15118,4938,-1433,14000,6275,361,14768,5313,1227,13870,3412,-378,13720,1642,-264,13567,3447,1559,14149,3360,-1189,13737,2911,-3262,13193,3557,-421,13552,5314,236,14382,3825,-340,12932,1453,-239,12443,1243,1268,12931,3385,-858,14853,4678,-2712,13283,5915,-323,13830,5097,1165,13990,4731,57,13950,3796,392,13906,3708,2049,13357,3430,-254,14614,3870,-1905,14057,6096,364,14604,6186,875,14742,3735,-317,12810,2675,226,14354,2923,855,13646,3080,-757,14054,2122,-2146,13200,3797,-650,13574,4836,20,14449,4641,-1173,13344,2870,8,12947,1571,1420,12595,2216,-1076,14360,3838,-2212,13605,6103,92,13287,5870,190,14387,4516,-563,13449,3801,677,13736,3540,2213,13643,3610,-104,14431,3484,-1796,14000,5499,571,14284,6481,746,15505,4776,-950,13499,2923,274,13604,2397,1645,13793,3077,-44,14308,3018,-2391,13696,3651,-905,12725,3922,-336,14554,4427,-1721,13630,4547,-35,13013,2591,1523,12511,1462,150,13279,2434,-2284,14179,4881,-354,12974,5889,-244,14466,4568,-1315
13496,4405,1176,13500,4404,2208,14515,3531,343,13844,2975,-1537,13900,4649,160,14286,6654,482,15220,5686,-1107,14099,3380,931,12721,3410,1756,14864,2886,-870,13784,2482,-1766,13302,3117,-224,13422,3889,-693,14112,3905,-1968,13709,4606,-351,13128,3016,1548,12939,1444,-557,13224,1690,-2071,13605,4200,275,13632,5864,15,14233,5254,-1957,14086,4903,428,13273,4928,1910,14125,3576,296,14297,2683,-546,13177,4225,684,14778,5721,408,14620,5839,-1679,14753,3853,282,12803,3926,1628,14397,3135,-505,14438,2119,-1082,12856,2764,442,13645,3409,-1079,13887,3880,-2602,13915,4908,-365,13386,4119,1709,13050,1793,-218,13485,1044,-1608,12866,3467,106,13919,5508,-122,14259,5449,-2446,13612,4911,92,13523,4879,2289,13714,3944,195,14634,2292,-226,12937,3398,883,13938,5152,146,15385,5736,-1622,14027,5493,33,14032,4073,1599,13917,3077,-109,14205,1502,-746,13264,3182,631,14121,4140,-656,14104,3315,-3200,13321,4041,-774,13589,4796,680,13651,3099,-100,13099,1156,-684,12694,2043,360,13350,4492,-143,14195,5276,-2441,13799,5224,-802
13278,5251,1699,13737,4178,750,14547,2722,344,13446,3214,1058,13883,3979,-182,14948,5446,-1708,14574,6240,-6,14514,5251,1345,13833,3409,57,13938,1643,103,13374,3370,854,14065,3212,-1462,13601,3022,-2668,13378,3512,-453,13444,5729,451,14443,3753,-337,12656,1305,-516,12619,1329,1284,13237,3473,-1050,14605,4860,-2453,13263,5506,-325,13668,5162,1245,13996,4889,56,14185,3359,419,13773,3489,1980,13536,3337,-313,14737,4409,-1853,14139,6594,57,14750,6285,824,14352,4072,-138,13382,1745,305,13658,2802,1614,13883,3153,-936,14103,2612,-3182,12917,3443,-262,13607,5053,-160,14413,4667,-862,13272,2470,-174,12914,1238,1500,12434,2580,-641,14852,4055,-2636,13300,6029,-446,13580,5456,742,14244,5018,-170,13596,4266,194,14259,3659,2247,13314,3366,13,14589,3127,-1644,14049,5751,466,14350,6732,423,15261,4135,-600,12733,2814,510,13913,3153,1070,14262,3085,-556,13704,2124,-1782,13412,3425,-706,13333,4737,-388,14628,4545,-1526,13067,4061,-252,13454,1950,1495,12489,1842,-281,13929,2756,-2200,13851,5376,79,13037,6144,-185
14663,4667,-1264,13288,4487,582,13725,3925,2184,14012,3317,678,13745,3098,-1420,14328,5013,258,14087,6855,375,15552,5147,-1217,13652,3169,464,13196,3391,1634,14829,3106,-414,13796,2239,-1680,13612,2843,-209,13033,4352,-895,14688,4436,-1852,13330,4623,-167,12949,2712,1561,12955,1552,-314,13040,2125,-2178,14014,4386,344,13041,6065,119,14465,4978,-1967,13702,4703,420,13377,4512,2309,14439,3376,398,14058,2756,-941,13754,4272,426,14545,6361,442,14986,6053,-1544,14409,3825,275,12928,3309,1888,14248,2990,-191,14184,2347,-1645,13230,2951,-129,13284,3528,-701,13952,3780,-2486,13890,4813,-288,13185,3759,1522,13292,1469,4,12886,1388,-1958,13491,3507,-60,13796,5659,76,13997,5534,-2172,14261,4854,144,13076,5167,2161,14175,3899,327,14537,2364,-456,12824,3753,609,14697,5382,230,14614,6215,-1669,14735,4680,201,13267,3439,1784,13660,2978,-153,14833,2259,-1221,13182,3065,229,13606,2934,-445,13697,3589,-2772,14171,4841,-632,13441,5033,1207,13298,2048,77,13131,1112,-1330,12807,3089,-79,13979,5131,-168,14117,5469,-2188
13645,4742,-345,13629,4705,1920,13436,4008,279,14747,2455,-126,12974,3353,1074,13754,4862,22,15446,5881,-1661,14060,5858,-42,14252,4347,1556,13782,3161,-28,14292,1346,-550,13247,2884,610,13870,4510,-445,14834,3456,-2951,12512,4093,-1267,14164,4161,1074,13064,3403,-270,13720,1213,-590,12435,2210,294,13355,4029,-331,14343,5180,-1929,13313,5570,-902,13883,4924,1326,13338,4143,818,14321,3112,249,13725,3651,1164,13564,4297,-418,15185,4925,-1634,14045,5836,226,14583,5428,1342,14232,3601,-37,13690,1973,-217,13677,2549,1197,13572,4050,-865,14710,3091,-3245,12530,3803,-660,13982,4602,695,13747,4275,-406,13656,1720,-451,12369,1641,756,12849,3038,-435,14736,4484,-2743,13209,5921,-664,13869,5046,1259,13831,4518,476,13893,3539,239,13976,3670,1563,13559,3839,-239,14830,3835,-1680,13825,5973,320,14634,6456,1037,14813,4399,-425,13336,2058,-117,13433,2648,1497,13974,3381,-601,14397,2686,-3090,12757,3389,-420,13579,4448,150,14294,4886,-1111,13658,2946,-560,12750,1543,1522,12229,2181,-199,14525,3583,-2590,13506,5770,-419
13269,5486,504,14361,4442,-193,13468,4172,143,14235,3886,2131,13564,3799,355,14498,3311,-1792,14113,5376,342,14173,6817,686,15481,4629,-561,13030,2513,570,13457,3048,1235,14430,3058,-675,13876,2642,-2024,13548,3493,-619,13219,4544,-254,14562,4118,-1501,13140,4145,-331,13578,2127,1597,12304,1592,-228,13731,2044,-2308,13778,5149,-103,13283,6391,58,14635,4882,-1376,13275,4325,426,13774,4018,2218,14103,3488,805,13981,3016,-1320,14157,4950,89,14057,6759,559,15439,5176,-929,13667,3122,359,13185,3449,1343,14913,2935,-431,13529,2299,-1418,13843,2958,-189,13096,4398,-800,14552,3719,-2026,13278,4488,-171,13113,3162,1510,13325,1583,-336,12672,1888,-1967,14019,4141,217,13128,6379,-8,14501,5205,-2286,13894,4530,408,13010,4365,2473,14372,3184,660,14102,2648,-783,13755,4202,262,14376,6315,318,14881,6172,-1570,14564,3964,234,12698,3353,2006,14505,2876,-248,14213,2341,-1390,13349,3065,-29,13347,4097,-913,14176,3756,-2449,13817,4585,-365,13057,3934,1632,13636,1466,33,12551,1567,-1862,13422,3252,-187,13689,5879,-58
14023,5597,-2250,14299,4310,102,12742,4943,2293,14348,3687,421,14481,2503,-466,12921,3949,470,14797,5533,178,14507,6530,-1557,14971,4609,213,13200,3706,1914,13899,2831,-35,14563,2383,-1233,13231,3148,194,13676,3364,-692,13597,3713,-2842,13964,4279,-512,13218,4835,1256,13601,1813,158,13129,871,-1315,12708,2841,-159,14078,5133,-301,13890,5737,-2034,13836,4738,-269,13432,4876,1999,13625,4150,322,14742,2641,-275,12965,3486,968,13941,4916,-8,15270,6015,-1628,14242,5802,145,14107,4423,1541,13729,2982,-48,14236,1235,-613,13003,2971,804,14158,4211,-565,14416,3450,-3521,12715,4134,-891,14187,4533,1044,13101,3807,-189,14004,959,-531,12089,2091,342,13584,3892,-147,14391,5406,-2506,13354,5687,-1077,13978,4994,1627,13277,4384,920,14449,2896,-14,13539,3492,1126,13501,4008,-216,15040,5052,-1710,14086,6253,253,14704,5591,1366,13983,3454,29,13754,1580,51,13615,2740,960,13848,3674,-1377,14451,3568,-2686,13116,3746,-508,13540,5194,371,14156,4343,-457,13204,1824,-544,12573,1013,1574,12556,2735,-1119,14690,4522,-2757
13436,6226,-159,13648,5402,905,13979,4681,-135,13745,3452,443,14174,3269,2308,13212,3482,-104,14910,3905,-2085,13926,6583,101,14703,6763,1116,14906,4328,-269,13182,2078,142,13814,2548,1567,13809,3325,-900,14246,2854,-2990,13153,3569,-348,13187,4926,-187,14603,4486,-795,13154,2729,-284,12950,931,1624,12311,1937,-590,14448,3722,-2737,13725,5983,-210,13256,5997,410,14539,4988,-663,13380,4301,471,14200,3408,2596,13357,3211,397,14431,3082,-1843,14259,5873,46,14268,7181,412,15444,4455,-512,12594,3008,391,14285,2843,1317,14036,2615,-157,13610,1926,-2047,13718,3603,-1014,13232,5114,-382,14662,4272,-1402,13066,3768,26,13270,1744,1372,12778,1394,-190,13299,2672,-2435,14152,5424,-403,13044,6880,-62,14651,4882,-1138,13491,4013,825,13353,3580,2453,14087,2941,711,13864,3192,-1567,14108,4832,-156,14167,6976,516,15319,5638,-1033,14074,3256,447,13057,2824,1948,14226,2500,22,14146,2396,-1984,13616,3595,-892,13364,4264,-635,14050,4058,-1831,13776,4366,-117,13114,2997,1739,13060,1117,239,12956,1934,-2336,13953,4432,-567
14121,5687,-2535,13554,5314,-650,13761,4715,1946,13425,4231,925,14562,2780,3,13398,3913,890,13840,4553,-489,15141,5398,-1663,14108,6080,350,14611,5246,1504,13977,3284,83,13891,1553,12,13270,2636,951,13868,4390,-1791,14477,3966,-3109,12921,3398,48,13265,4600,722,14133,3427,-364,13413,1228,-539,12222,1574,1103,13264,3670,-1369,14662,5357,-2885,13283,6152,-35,13849,5030,1655,13593,4238,280,14089,2932,104,13551,3734,1571,13705,4023,-564,14738,4995,-1928,14185,6508,616,14603,6184,1266,14290,3226,-56,13382,1666,124,13601,2841,802,14144,3302,-1270,13990,3128,-2284,13205,3697,-348,13769,4433,455,13739,4445,-1048,13987,2052,-275,12310,1776,1290,13022,2657,-1346,14478,4517,-2628,13260,6188,229,13887,5236,898,13680,4370,-96,14054,2956,403,13483,3361,2131,13648,3720,-428,14933,4362,-2173,13948,6453,563,14632,6152,1173,14438,3654,57,13441,2310,116,13946,2708,993,13497,3016,-610,14700,2537,-2338,13101,4680,-744,13939,4510,24,13896,4120,-846,13369,3065,-190,13454,1765,1120,12226,2203,-454,14391,2705,-2538
13287,5402,134,13387,5780,187,14311,4700,-966,13618,3760,686,13631,3631,1919,13627,3913,285,14865,3730,-1814,13531,5668,428,14452,6202,1094,14982,4928,-767,13983,2484,441,13341,2400,1673,13930,3253,-691,14798,3161,-2443,13286,4337,-328,13397,3976,-159,14099,3633,-1435,13199,3420,-100,13287,1916,1722,12363,1989,-477,13846,2427,-2866,13809,5131,-166,13190,6565,250,14828,5032,-1399,13341,4094,761,13536,3522,2412,13940,3150,463,14302,2995,-1642,13738,4874,226,14395,6577,767,15074,6228,-1262,14229,3709,633,13011,2981,1906,14060,2820,-543,14540,2403,-2142,13186,3468,-255,13324,3737,-273,14141,3602,-1894,13569,4217,-110,13499,3117,1679,12965,1723,-493,13269,2089,-2567,13683,4371,-411,13431,6072,343,14428,5084,-1554,13465,4221,500,13391,4055,2198,13746,3629,158,14469,2728,-1015,13513,4631,258,14326,6308,472,15183,6254,-1337,14192,4356,513,13271,2920,2117,13717,2536,4,14353,2179,-1628,13595,3086,-135,13341,4142,-701,14360,3951,-2786,13608,4604,-343,13409,4486,1354,13578,1564,347,12693,1143,-1404,13143,2984,-697
13581,5782,-374,14431,5451,-1776,13519,4940,130,13477,4723,1983,13870,3745,97,14249,2761,-432,13388,3675,522,13821,5461,86,15282,5877,-1236,14122,5392,413,13849,4176,1482,14036,2745,-322,14001,1542,-910,13261,3273,621,14091,4606,-1057,14338,4046,-2912,13223,3710,-245,13293,4597,669,13889,2515,-125,13093,1187,-561,12351,2197,431,13685,4613,-957,14229,5891,-2739,13669,5521,-311,13423,4813,2111,13590,3872,621,14311,2615,40,13519,3467,1170,13606,4453,-698,15151,5486,-1930,14309,6328,428,14318,5513,1607,14296,3122,282,13700,1530,-63,13385,2510,684,14068,3995,-1644,14069,4025,-3004,13404,3461,-103,13105,5073,575,14213,3600,-466,13307,1358,-403,12142,1545,1180,13351,3330,-1400,14475,5112,-2764,13443,5863,1,13640,5086,1420,13733,4403,-7,14238,3135,221,13552,3729,1908,13847,3801,-379,14648,4684,-1995,14138,6402,475,14575,6349,1087,14491,3773,-124,13529,1609,101,13304,2513,1491,14238,3511,-1190,14204,3536,-3044,13209,3350,-169,13273,4572,292,14174,4240,-766,13702,2060,-354,12433,1208,1603,12800,2491,-1114
14680,4611,-3025,13449,6168,-56,13573,5681,964,14027,4722,-171,13892,3512,277,13574,3444,2255,13587,3397,-182,14508,3827,-2047,14007,6052,511,14577,6597,916,14707,3915,-92,13043,2518,256,14024,2826,988,14001,2659,-464,14043,2241,-2130,13331,4081,-719,13826,4837,-46,14251,4248,-1287,13133,3621,-258,13475,1838,1286,12416,2053,-299,14015,2825,-2413,13655,5325,-246,13380,6027,161,14194,4699,-936,13476,3782,681,13642,3329,2106,13668,3238,370,14419,3340,-1762,14053,5374,105,14368,6758,790,15262,5116,-836,13894,2889,714,13187,3106,1653,14597,2853,-593,13927,2689,-1956,13627,3682,-476,13366,4586,-470,14395,3938,-1779,13296,4090,-316,13000,2488,1700,12734,1367,-197,13148,2009,-2410,13868,4318,-140,13300,5904,148,14345,5032,-1694,13974,4492,585,13411,4478,2263,14170,3392,456,14217,2925,-1108,13734,4531,58,14474,6368,553,15055,6109,-1314,14377,3838,494,13006,3133,2088,13945,2713,-253,14363,2628,-1836,13307,3433,-506,13269,3576,-327,13940,3556,-2070,13907,4336,-269,13341,3756,1505,13134,1342,1,13013,1638,-2104
13460,3957,-679,13888,5834,216,14146,5412,-1567,13885,4631,232,13403,4808,2059,13740,3851,223,14600,2497,-626,12843,3915,528,14406,5475,401,15083,6255,-1307,14359,4938,285,13566,3401,2007,13485,2765,79,14519,2404,-1378,13580,3040,-304,13381,3328,-483,14000,3446,-2533,13906,4717,-711,13679,5191,1142,13564,2059,315,12863,1103,-1138,13081,2864,-636,13715,5273,-575,14166,5185,-1579,13426,4974,124,13561,5029,1764,13675,4156,186,14180,2657,-261,13328,3248,782,13716,4618,136,15249,5759,-1436,14297,5908,293,14119,4753,1457,14044,3141,-174,13987,1749,-579,13468,3353,836,14104,3786,-980,13900,3394,-2923,13359,3629,-400,13374,5470,419,14102,3412,-242,12959,1372,-509,12295,1722,777,13375,3953,-884,14412,5156,-2549,13501,5299,-361,13444,5115,1698,13882,4511,473,14121,3049,69,13734,3504,1519,13449,3893,-517,15113,5119,-1944,14473,6443,267,14477,6018,1383,14314,3269,163,13269,1916,-7,13863,2858,605,13874,3364,-1294,13940,3019,-2226,13319,3405,-588,13425,4905,354,13941,4352,-896,13514,1920,-301,12255,1685,1330
13148,2705,-1147,14341,4546,-2375,13467,5747,-118,13758,5274,846,13894,4797,-312,14069,3449,200,13778,3734,2193,13573,3751,-124,14811,4393,-2020,14076,6290,337,14452,6286,1073,14638,3585,-13,13050,1947,-23,13878,3032,1077,14005,3197,-877,13941,2555,-2342,13305,3600,-604,13598,4873,-133,14218,4697,-903,13475,2595,-181,12599,1497,1262,13108,2087,-768,14040,3771,-2632,13714,5559,114,13483,5769,438,14207,5057,-818,14000,3746,661,13391,3517,2267,13776,3236,74,14411,3298,-1981,13725,5766,326,14687,6505,866,14635,4482,-338,13359,2884,236,14053,3329,870,13959,2996,-245,14206,1804,-1948,13064,3910,-760,13896,4643,-177,14257,4125,-1146,12960,3975,-245,13802,2126,875,12221,2088,-107,13895,2111,-2123,13620,4794,-189,13141,6160,94,14514,4832,-1279,13395,4137,662,13681,3662,2013,13760,3412,692,14570,3241,-1231,13805,4934,56,14355,6516,648,15161,5632,-1127,14152,3198,537,13126,3024,1814,14203,2858,-258,14409,2410,-1829,13242,3500,-561,13384,4153,-544,14213,3952,-1919,13361,4642,-306,13542,2910,1774,12583,1496,63
13325,1481,-2262,13629,3949,-211,13290,6103,109,14509,5389,-1907,13783,4907,405,13485,4499,2296,13875,3447,475,14406,2799,-938,13509,4156,145,14278,6173,591,15024,6280,-1336,14546,4159,401,13120,3088,1996,13943,2785,-204,14536,2482,-1744,13267,3380,-239,13371,3726,-361,14007,3646,-2334,13803,4588,-354,13350,3976,1474,13091,1316,34,12963,1292,-1914,13326,3526,-522,13750,6089,92,14435,5767,-1961,13602,5016,101,13477,4685,2270,13702,3679,509,14525,2129,-346,13102,3391,461,14133,5486,28,15445,6458,-1525,14306,5355,317,13692,3779,2018,13666,3289,-20,14579,2404,-1248,13408,2584,370,12984,3314,-675,14211,3630,-2677,13817,4412,-643,13181,5211,1219,13985,2000,82,12726,1150,-1164,12991,2456,-341,13752,5445,-479,14300,5640,-1960,13593,5008,-227,13366,4768,2051,13833,3765,394,14084,2729,-190,13623,3333,840,13660,5218,-190,15489,6136,-1623,14142,6094,216,14183,4684,1412,13963,2622,113,13700,1398,-233,13500,2962,471,14047,3981,-1347,14010,3584,-2557,13442,3537,-659,13546,5399,426,14294,3320,-254,12932,1345,-239
12389,1597,795,13670,3959,-1378,14224,5435,-2274,13501,5459,-202,13517,5221,1424,13878,4305,284,13964,2888,256,13773,3270,1518,13459,3910,-731,14937,5337,-1877,14290,6320,501,14427,5649,1479,14255,2742,295,13169,1960,-176,14383,3039,348,13639,3543,-1142,14149,3187,-2354,13315,3965,-533,13657,4709,420,13798,4040,-708,13509,1774,-322,12396,1729,920,13082,2839,-974,14253,4680,-2357,13556,5711,-86,13539,5320,745,14013,4477,-168,13932,3302,325,13792,3437,1941,13676,3821,-289,14770,4655,-1934,14240,6291,268,14423,6362,1024,14782,3477,88,13035,2251,187,14055,2946,1025,13934,3247,-1039,13973,2773,-2260,13397,3780,-713,13596,4682,33,14230,4086,-953,13288,2433,-110,12657,1451,1105,13041,2300,-843,13906,3855,-2400,13935,5471,254,13186,5810,174,14478,4983,-751,13847,3853,768,13372,3592,2010,13968,3388,0,14273,3653,-1763,13981,5635,646,14463,6321,794,14739,4298,-476,13321,2958,321,13888,3400,840,14040,2845,-514,14028,1966,-1768,13135,3914,-565,13846,4441,-142,14185,3906,-1259,13015,3351,-76,13423,1969,902
12781,2268,-583,13872,2970,-2256,13839,5186,5,13262,6205,-32,14417,5057,-1205,13597,4083,901,13210,3600,1973,13894,3207,228,14403,3183,-1287,13717,4985,381,14571,6451,467,14956,5548,-1234,14092,3213,840,13081,3609,1414,14548,2912,-629,14040,1754,-1228,13043,3227,-327,13723,4131,-635,14424,4189,-2112,13268,4728,-83,13465,3146,1456,12978,2009,-587,13193,1974,-1816,13508,4058,64,13149,5639,72,14352,5030,-1926,13664,4562,696,13441,4204,2092,14088,3309,-26,14294,2905,-826,13602,4868,401,14651,6096,502,14823,6037,-1239,14387,3754,523,13031,3331,2003,14235,3303,-646,14507,2393,-1524,12997,3221,258,13282,3824,-786,14428,3704,-2363,13312,4835,-537,13490,3911,1285,13281,1636,-92,12814,1383,-1496,13312,3237,-142,13330,5364,-11,14493,5219,-2156,13658,5014,299,13676,5011,2079,13981,4131,-141,14549,2618,-432,13161,4250,754,14317,5567,176,15041,5988,-1412,14170,4790,398,13817,3442,1992,13565,3111,-314,14410,2626,-1711,13605,3095,282,13136,3399,-330,14282,3306,-2524,13636,4339,-490,13367,4879,852,13684,1947,-52
12719,1337,-1077,13403,3000,-227,13473,5312,-339,14559,5123,-1741,13468,5339,-106,13591,5185,1612,13991,3997,-64,13907,2764,-231,13682,3297,1286,13383,4771,111,15475,5292,-1568,13870,5773,400,14061,4560,1429,14210,3015,-329,13799,1814,-644,13644,3065,919,13857,4041,-1009,14250,3282,-2798,13414,3558,-277,13089,5311,386,14627,3053,-382,12527,1919,-552,13029,1971,1001,13372,4390,-1030,14229,4931,-2399,13726,5217,-24,12949,5158,1483,14382,4084,38,13646,3041,168,13828,3248,1757,13491,3828,-466,14800,4831,-1819,14626,6369,361,14121,5902,1292,14908,3101,-47,12947,2256,22,14390,3053,524,13938,3839,-1414,13696,2946,-1967,13787,3503,-290,12869,5257,185,14799,3857,-991,12814,1809,-138,12474,1650,1092,13411,3022,-1437,13630,4466,-2121,14078,5368,274,12932,5468,899,14678,4346,-555,13596,3596,189,13944,3557,2110,13885,3724,-252,14210,4388,-1704,14965,6211,424,13887,6705,857,15248,3381,-254,12617,2345,57,13938,3097,866,14368,2947,-865,13115,2371,-1853,13913,3190,-441,12991,5053,-443,14690,4323,-1232,13195,2519,111
12450,1653,1160,13566,2132,-989,13456,4110,-2241,14304,5378,469,13139,6101,282,14640,4876,-965,13838,3651,761,13142,3629,2107,14409,3221,-128,13860,4119,-1582,14570,5679,556,14258,6294,721,14581,3949,-477,13519,2900,63,13719,3321,878,14054,2329,-81,13755,1952,-1793,13416,4102,-491,14188,4856,-570,13836,4292,-1624,13490,3497,-142,13255,2359,1069,12813,2264,-68,13768,2616,-1957,13511,4920,-39,13525,6147,-279,14153,5133,-1312,13781,3835,803,13103,3560,2062,14045,3206,460,14313,3439,-1233,13685,5291,273,14800,6471,293,14518,5085,-979,14126,2853,1033,13144,3638,1213,14791,2769,-731,13982,2163,-1247,13001,3875,-444,14229,4537,-740,13848,4346,-2104,13410,3768,104,13023,2278,1766,12867,1851,-739,13417,2165,-2004,13350,4600,185,13567,5875,-151,14215,5136,-1880,13805,4521,730,13511,3930,2103,13967,3449,125,14446,2880,-885,13409,5055,578,14995,6547,357,14623,6023,-1582,14467,3505,727,12912,3195,1933,14446,3078,-698,14255,2006,-1522,12852,3305,163,13735,4170,-946,14129,4059,-2444,13531,4679,-144,13402,2943,1733
13018,1478,-57,13146,1354,-1952,13320,3912,-310,13584,5862,-56,14540,5800,-2189,13834,5144,604,13610,4332,2308,13815,3665,30,14384,2358,-434,13091,4397,555,14554,5961,142,14965,6030,-1557,14092,4356,730,13477,3106,1964,14010,3172,-609,14391,2276,-1484,13310,2778,605,13134,3792,-847,14732,3664,-2724,13451,4733,-328,13333,4005,1318,13626,1746,-103,12785,1676,-1322,13399,3395,-141,13523,5600,-329,14504,5594,-2142,13556,5154,-37,13292,4573,2098,13941,3419,148,14023,2494,28,13332,3690,1077,14014,5451,-292,15433,5958,-1872,13932,5445,501,14023,3869,1686,14229,2656,-122,13805,1602,-351,13590,3475,359,13944,4209,-1508,14057,3758,-2605,13560,4090,-467,13106,5166,791,14526,2292,-187,12248,1327,-341,12860,2398,437,13733,4458,-1336,14067,5305,-1996,13419,5113,124,13517,4820,1555,14043,3880,-40,14060,2968,342,13617,3547,1488,13715,4723,-756,15306,5779,-1852,13995,6380,573,14514,4878,1653,14009,2501,154,13493,1845,-217,14008,3258,316,13714,4065,-1454,14175,3323,-2230,13164,3870,-460,13427,4815,457,14087,3010,-374
13004,1300,-31,12404,1992,475,13675,3699,-1590,14089,5264,-1983,13637,5911,153,13726,5230,1038,13928,4087,-106,14098,2987,724,13575,3604,1850,13757,4241,-914,15020,5290,-1837,14136,6619,434,14543,5156,1316,13981,2579,192,13513,2634,-382,14171,2667,640,13393,2906,-779,13887,2911,-2396,13814,4450,-613,13527,5013,11,14108,3166,-350,12975,1920,-238,12928,1944,613,13345,3231,-1178,13889,4533,-1924,13990,5905,19,13295,5682,338,14358,4063,-171,13665,3024,749,13233,3335,1872,14207,3571,-524,14160,4543,-1609,14436,6265,527,14151,6210,808,14806,3431,-261,13290,1940,517,13346,2879,898,14682,2954,-1288,13666,3223,-1906,13795,4337,-594,13624,4702,-383,13862,4066,-1030,13629,2607,239,12531,2278,1331,13192,1792,-1138,13880,2986,-2323,13278,5790,304,13824,5997,-244,14095,4785,-814,13601,3479,1112,13413,3586,2095,14224,3396,-189,14232,3646,-1868,14120,5947,453,14513,6640,427,15030,4398,-261,13324,2754,791,13820,3448,745,14379,2795,-819,13643,2355,-1617,13453,4131,-474,13654,4337,-848,13858,3712,-1292,13228,2988,727
12985,2395,909,13106,1802,-1044,13360,2559,-2078,13647,5202,417,13762,6337,-327,14242,5063,-1646,13735,3810,1415,13288,3901,1971,14259,3353,-117,14131,3550,-1102,13862,5623,514,14642,6431,26,14618,4953,-869,13843,3359,941,13497,3799,1076,14348,2332,-602,13462,1727,-1062,13247,3697,-225,14063,4550,-1237,13863,3853,-2071,13356,3731,571,13427,3007,1258,13227,2010,-869,13303,2341,-1726,13525,4785,437,13753,6433,-630,14162,5364,-1896,13788,4031,1457,13120,4013,1911,14134,3413,-87,14371,2949,-734,13306,5249,586,14954,6026,25,14182,5457,-1345,14390,3528,1167,13233,3580,1600,14356,2684,-946,14153,1858,-1008,13100,3455,222,14101,4637,-1556,14146,3947,-2298,13441,4523,273,13437,3693,1571,13493,1976,-739,12907,1562,-1644,13118,3380,211,13688,5682,-350,13970,5513,-2370,13805,4478,860,13228,4377,2068,13914,3506,-160,14496,2705,-243,12973,4666,675,15052,5686,-269,14294,6154,-1325,14616,4789,877,13732,3565,1714,13887,2273,-355,14018,1736,-636,13334,4181,-39,14525,4481,-1781,13540,3473,-2214,13304,3921,52,13545,4255,1092
13793,2113,-271,12469,857,-486,12630,2755,-138,14200,5060,-1132,14134,5817,-2074,13578,5091,456,13651,4666,1774,13802,4121,-224,14643,2813,351,12951,3747,978,14286,4897,-889,15048,5980,-1504,14039,6161,912,14564,3906,1648,13482,2279,6,13874,1730,-621,13913,3703,-49,13732,4208,-1451,14104,3152,-2172,12960,3844,-60,13644,4513,858,14115,2519,-432,12492,1001,-366,12947,2225,-38,13612,4791,-1534,14688,5979,-1740,13420,5706,294,13660,4560,1334,13841,3767,71,14048,2806,651,13480,3179,1407,13634,4387,-1084,15383,5472,-1542,13767,6601,679,14714,4352,1381,13481,2838,-103,14102,2385,-499,13985,2837,786,13331,2988,-1013,14270,3213,-2569,13475,4542,-548,13601,4776,438,13984,2674,-265,12688,1630,-494,13245,2038,389,13143,3773,-1287,14354,5039,-1922,13544,6064,-128,13477,5037,670,14139,3601,218,13436,2800,737,13979,3290,1422,13923,4068,-971,14670,5205,-1578,14396,6811,606,14241,5656,912,14576,2602,-208,12987,2337,352,14149,2683,609,13659,3407,-1318,14145,3310,-2076,13552,4599,-605,13458,4210,-66,13981,3430,-912
13349,2404,110,12650,2043,1017,13310,2464,-1444,13977,4205,-2053,13737,6290,248,13449,5830,-22,14216,4206,-168,13406,3262,1048,13559,3316,1860,14024,3681,-858,14424,4633,-1800,14581,6396,643,14002,6266,642,14963,3287,47,13055,2827,552,14125,2812,679,14045,2444,-934,13749,2867,-2154,13928,4821,-473,13535,4860,-466,13873,3672,-859,13266,2770,442,12936,2171,587,13146,1968,-1050,13451,3291,-2148,13921,5722,404,13469,6354,-391,14431,4708,-762,13563,3408,1473,13102,3390,1776,14503,3358,-436,13824,4020,-1577,14386,5790,565,14270,6505,222,14853,4344,-398,13598,3351,1073,13588,3407,793,14488,2210,-788,13200,2299,-1568,13868,4287,-526,13806,4922,-1074,13876,3868,-1397,13442,3339,789,12850,2221,1055,13440,1601,-966,12786,2633,-1945,14014,4884,154,13536,6595,-724,14370,5055,-1242,13878,3913,1670,12799,3911,1695,14842,2865,-247,13575,3596,-949,14045,5558,487,14765,6387,-67,14306,5216,-812,14410,3480,1525,13031,3769,970,14809,1874,-865,13353,1782,-876,13346,3987,-382,14288,4725,-1469,13682,3813,-1681,13520,3909,613
13203,2900,1229,13617,1435,-920,12779,1825,-1637,13507,4238,126,13976,6556,-793,13951,5977,-1843,14256,4283,1558,12553,3944,1785,14425,2524,-127,14162,2714,-201,13027,4926,514,15506,5926,-447,13686,6525,-1262,15332,4058,1220,12784,3308,1655,14235,1855,-501,14231,1914,-1140,12958,3876,70,14532,4083,-1448,13288,4149,-2330,14242,4291,434,13081,4131,1259,13629,1203,-193,12878,1050,-1139,12665,3623,-476,14492,5606,-818,13534,6217,-1912,14068,4692,840,13224,4185,1951,13764,3178,-7,14810,2061,78,12441,4277,647,15373,5296,-997,14265,6889,-1412,14886,5635,1171,13759,3573,1691,13447,2393,-233,14727,1718,-633,12775,3595,152,14516,3425,-1513,13517,3869,-2655,13599,4367,-140,13770,4440,972,13346,2158,-143,13191,495,-384,12208,2781,-259,14139,4725,-1471,14257,5998,-1832,13160,5789,389,14283,4360,1630,13334,3694,162,14755,2072,494,12839,3881,967,14547,5237,-1342,15251,6274,-1558,13695,6587,1184,14772,3657,1655,12985,3024,-282,14719,1708,-497,12922,2669,806,13777,2888,-1449,14126,3846,-2659,13304,5052,-448,14023,4707,535
13294,2781,-344,13473,891,-239,12429,2380,712,13635,3957,-1455,14626,5143,-2106,12777,6507,-190,14523,4857,1078,13508,4131,212,13954,2376,902,13727,3497,1476,13599,4461,-1287,15264,5206,-1874,13456,7075,809,14882,5097,1211,14045,2526,100,13107,1752,404,14352,2641,507,13505,3701,-1821,14652,3457,-2327,12912,5049,-487,14044,4291,256,13543,3691,-614,13412,1807,458,12546,1808,966,13080,2730,-1730,14605,4500,-2009,13151,6892,141,14028,5646,88,14040,4206,-85,13201,2925,1364,14160,2885,2096,13339,3590,-1209,15042,4455,-1902,13907,7159,679,14643,6308,845,14633,3558,-77,13208,2823,448,14462,2443,1008,13207,2647,-1051,14365,2798,-2510,13301,5145,-373,13854,4635,-423,13746,3503,-618,13000,2298,238,13195,1604,905,12515,2177,-1196,14280,3644,-2211,13523,6333,274,13589,6216,-566,14734,4469,-481,12943,3683,1659,13855,3066,1844,13928,3490,-656,14533,3825,-1564,14047,6235,611,14439,6828,40,15198,4228,-402,12879,3365,1155,14207,2607,960,13815,2097,-628,13796,2274,-1976,13409,4582,-708,13697,4903,-968,14240,4031,-1144
12936,3279,1042,13294,1523,1069,12907,1631,-1265,13583,2650,-2071,13923,5817,235,13460,7003,-944,15122,4737,-940,12980,3934,2072,13379,3237,1883,14580,3249,-333,13750,3459,-1314,14152,5252,715,14307,6552,8,15002,4944,-902,13859,3774,1265,13182,3233,982,14568,1964,-632,13507,1832,-1118,13534,4090,-375,13895,4705,-1314,14186,3693,-1718,13141,4349,781,13571,2429,1125,13251,1553,-826,12625,1865,-1650,14134,4524,207,13383,6848,-1147,14528,5433,-1642,13603,4322,1942,12591,3726,1809,14631,2726,-285,13663,2989,-589,13801,4946,423,14674,6395,-279,14728,5982,-1298,14615,3843,1512,12572,3262,1774,14994,2204,-1027,13593,2342,-1204,13528,3240,261,13738,4145,-1524,14042,4034,-2295,13836,4864,327,13000,3750,1327,13676,1333,-637,12623,1686,-1259,13234,3644,85,13948,5514,-713,13878,5644,-2049,14108,4676,1016,12849,4564,1970,14427,3034,-269,14127,2502,-41,13132,4494,603,15269,5618,-706,14384,6743,-1371,14785,4893,1121,13309,3310,1745,14012,2173,-362,14253,2149,-1008,13323,3413,72,14010,3630,-1369,13690,4079,-2479,13951,4737,106
13471,4739,701,13114,3168,1600,13466,995,-619,12697,1600,-1324,13326,3992,124,13936,5775,-1116,13908,5898,-2253,14009,4917,1507,13200,4389,1984,14286,2911,-164,14303,2483,-91,13078,4784,519,15326,5993,-813,14345,6396,-1433,14599,4510,1500,13279,3466,1940,14237,2748,-843,14389,1952,-960,12695,3092,441,13909,3575,-1725,13971,3838,-2381,13570,4915,233,13204,3999,1095,13777,1380,-281,12716,1210,-741,12954,3233,-143,14095,5176,-1102,14121,5857,-2046,13793,5689,879,13624,4982,1757,13874,3441,-201,14420,2015,671,12642,3959,967,14883,5343,-1152,14861,6076,-1431,13894,5400,1108,13978,3602,1552,13891,3377,-732,14530,2107,-498,12997,2429,839,13621,2993,-1706,14326,3637,-2443,13471,5071,-168,13509,4753,768,13951,2289,-712,12897,1095,-161,12759,2703,386,13858,4537,-1470,14336,5286,-1759,13151,5882,241,13762,5141,1221,13956,3703,-168,13771,2464,779,13487,3229,1358,14082,4303,-1089,14965,5540,-1550,14070,6665,784,14590,4978,984,14023,2591,-104,13321,2193,295,14239,2965,309,13633,3212,-1724,14039,3141,-2220,13329,4434,-323
13636,4906,-31,13905,3423,-982,13044,1689,566,12361,1913,746,13851,3019,-1842,13818,4898,-1698,13567,5834,308,13663,5365,413,13974,4249,-287,13966,2992,1307,13538,3504,1677,14259,3774,-1244,14583,4947,-1504,14191,6878,654,14758,5217,866,13651,3094,-107,13897,2767,318,13962,2904,766,13552,2514,-1301,13882,2997,-2262,13494,4691,-285,13914,4466,-419,13433,3514,-704,13408,1963,284,12606,1875,956,13132,2438,-1359,14096,4116,-1872,13577,6456,221,13927,5926,-331,14322,4748,-333,13662,3363,1561,13439,3191,1829,14041,3344,-777,14390,4096,-1419,13986,6467,552,14643,5654,285,14281,3854,-234,13625,3503,417,14088,3109,799,13798,2078,-670,13648,2312,-2038,13572,4477,-264,13867,4366,-791,13736,3970,-991,13446,2885,503,13086,2024,761,13114,2494,-1162,13983,3564,-1617,13531,5920,321,13526,5868,-911,14545,4586,-525,13173,3872,1727,13509,3204,1627,14309,3232,-441,13934,3686,-1155,14257,5980,821,14299,6150,-375,14674,4658,-593,13810,3899,1121,13435,3227,1123,14460,1531,-450,13282,2123,-1686,13699,4346,-251,13999,4546,-1401
13779,4802,189,13409,4287,649,13858,1739,-674,12748,1684,-584,12876,3514,-75,14120,4972,-1183,13879,5171,-1392,13525,5004,705,13407,4535,1319,14084,3373,-295,14045,2867,684,13316,3866,977,14486,5286,-1287,15087,6008,-1407,14176,6209,1097,14181,4037,1054,14066,2000,-227,13518,1609,426,13528,3288,47,14340,3793,-2330,13530,3494,-1982,13656,4283,-78,13355,4918,173,14382,2749,-678,12500,1269,655,12317,2440,310,14313,3898,-2352,13903,5222,-1485,13226,5605,792,13934,4880,861,13863,4128,-388,14028,3068,1188,13469,3767,1172,14329,4080,-1629,14599,5185,-1097,14084,6554,1143,14546,4739,1061,13809,2247,50,13434,2267,151,14129,3279,91,13937,3452,-1896,13872,3402,-1891,13350,4611,77,13840,4326,-257,13500,3260,-721,13170,1364,551,12471,2193,423,13740,3149,-2053,14062,4748,-1614,13298,6179,665,13913,5342,10,13953,4370,-262,13641,3184,1428,13475,3474,1618,14015,3646,-1322,14381,4664,-1308,14238,6689,1039,14665,5428,379,14184,3182,-216,13522,3259,418,14194,3263,558,13796,2661,-1266,13534,2610,-1962,13554,4345,32
13726,3452,-1797,13602,4751,689,13390,2849,1215,13089,1781,-1067,13263,2280,-1694,13410,4710,307,13903,5351,-733,13951,4960,-1446,13680,4653,1476,13241,4195,1342,14321,3296,-470,14032,2923,142,13226,4951,613,15314,5648,-627,14281,5604,-912,14258,4393,1458,13613,3071,1276,14053,1992,-747,13845,2678,-691,13650,4280,-292,14061,3585,-1465,13547,3045,-1875,13426,4728,434,13779,3848,587,13428,1768,-551,12699,1705,-421,13279,3706,-480,13961,5072,-1185,14029,4964,-1177,13438,5202,1132,13477,4522,908,14157,3473,-379,14191,3283,861,13261,4194,612,14686,5087,-1044,14646,5597,-830,14075,5555,1407,14255,3669,923,13763,2237,-818,13954,1886,272,13334,4375,-170,14585,3796,-2402,13469,2988,-1411,13000,4195,307,13944,4391,179,13779,2237,-732,12473,1422,261,12836,3070,-62,14256,4648,-2082,14007,5190,-1243,13347,5334,1141,13869,4671,694,13870,3901,-524,14083,3460,1210,13331,3865,1012,14439,4207,-1391,14563,5064,-824,13949,6220,1263,14782,4765,610,13790,2483,-379,13452,1994,688,13703,3757,75,14582,3774,-2514,13669,2759,-1325
12881,3839,195,13995,4703,-331,14129,3132,-705,12774,1474,801,12486,2455,-36,14272,4089,-2607,13988,5289,-1234,13240,5702,1099,13959,4710,449,13696,3951,-461,13880,3305,1426,13419,4033,1129,14256,3926,-1786,14529,4787,-652,13910,6515,1250,15054,4735,221,13672,2743,-249,13582,2959,350,14366,3499,183,13689,3071,-1578,13875,2575,-1480,13110,4510,109,13943,4262,-922,13740,3742,-912,13249,2480,677,12856,2322,562,13377,3026,-2137,13775,4337,-1389,13433,5706,871,13555,5104,-410,14297,4073,-371,13468,3618,1496,13747,3772,1329,14146,3930,-1395,14404,4572,-880,13994,6274,1222,14712,5422,83,14553,3148,-264,13031,2909,1022,14259,3385,295,14182,3401,-1977,13695,2768,-1099,13199,3868,189,13741,3777,-1143,13936,3864,-1297,13162,3161,831,12768,2289,885,13552,2532,-2083,13536,3771,-1352,13672,5328,1155,13454,5386,-1071,14474,4521,-717,13467,4309,1782,13430,3962,1348,14606,3389,-1051,13761,4004,-758,14214,5772,1126,14720,5901,-335,14683,3698,-334,13171,3181,1377,13914,3481,360,14684,2897,-1911,13227,2619,-1021,13319,3510,308
13954,3581,-1281,13944,4121,-1355,13430,3893,955,12879,2330,478,13431,2198,-1880,13169,3175,-1202,13723,5023,1120,13496,5291,-815,14213,4612,-1073,13729,4672,1617,13193,4184,1211,14982,2926,-804,13258,3667,-78,14246,5437,1162,14684,5928,-662,14600,4234,-771,13622,3410,1585,13407,3796,634,15131,2944,-1673,13204,2637,-525,13260,3261,380,13873,3652,-1800,14081,3996,-1696,13363,4590,816,12994,2732,905,13605,1698,-1531,12843,2713,-1130,13662,4636,684,13845,4927,-983,13830,4817,-1403,14054,4911,1592,13027,4576,1116,14702,3120,-712,13521,3282,285,13589,5121,1075,15237,5575,-802,14129,5197,-987,14290,4170,1388,13497,3697,881,14693,2151,-1188,13191,2827,-226,13775,4137,-20,14161,3458,-2209,13266,3032,-1396,13673,4502,473,13297,3543,664,13838,1747,-881,12191,2030,-514,13595,4169,181,14163,5205,-1487,13709,5191,-1384,13965,4796,1756,12956,4701,992,14670,3178,-660,13713,3216,705,13095,4436,731,15321,5048,-1068,14030,5870,-864,14868,4914,1624,13522,3574,942,14071,2037,-588,13913,2654,-531,13458,4056,-289,14286,3248,-1567
13168,3113,-1805,13838,4512,509,13477,4468,53,13786,1797,-517,12392,1824,73,12937,3567,-692,14386,4761,-1655,13420,5429,-910,13860,4869,1286,13384,4583,780,14094,3314,-414,14310,3202,1105,12794,4540,508,15569,4934,-1596,14067,6004,-675,14409,5497,1518,14297,3527,802,13371,2121,-685,14170,2645,44,13420,4243,-399,14508,3387,-1859,13341,3207,-1421,13342,4437,142,14003,4316,-116,13439,2023,-462,12866,1184,332,12450,3076,-382,14590,4396,-2011,13592,5372,-791,13489,5453,831,14112,4772,99,13623,3824,-115,14244,3177,1378,13039,3893,728,14654,4480,-1445,14725,5534,-626,13894,6229,1403,14764,3687,538,13098,2899,-489,14647,2739,139,13344,3672,39,14108,2920,-1883,13646,3366,-1482,13233,4403,270,14098,3930,-409,13404,2566,-597,13130,1715,269,12686,3077,-147,13965,4075,-2172,14003,4829,-822,12841,6057,660,14423,4730,-12,13678,3715,15,13456,2932,1624,13619,3771,807,14401,4316,-1704,14499,4953,-567,13920,6516,1167,14859,5095,-58,14262,2715,-145,13203,2420,1193,13772,3026,248,14401,3577,-2442,13772,3436,-1129
13175,4028,23,13880,3845,-985,13702,3675,-827,13363,2431,1291,12493,2553,484,13734,3055,-2753,13813,4274,-1048,13058,5846,856,14134,4682,-524,13837,3881,-129,13603,3530,1898,13677,3749,1126,14474,3825,-1834,14054,4717,-694,14297,6535,1342,14889,5412,-80,14188,2843,170,13258,2977,1149,14181,3223,-54,14181,3008,-2145,13638,3312,-964,13163,4551,222,14207,3846,-1015,13393,3755,-849,13610,2330,1225,12402,2090,102,13579,2358,-2459,13754,3831,-842,13240,5830,1207,14185,5246,-1054,14285,4572,-447,13501,4054,1840,13568,3822,832,14570,3482,-1290,14068,4603,-153,14174,6216,1355,14697,5614,-568,14519,3448,-147,13156,3500,1340,14149,3373,64,14193,2572,-1586,13643,2799,-491,13147,4359,-64,14183,3501,-1555,13556,3645,-1087,13277,3304,1520,13196,2094,283,13309,2405,-2250,13645,3517,-939,13308,5809,759,14088,5536,-1350,14215,4369,-528,13251,4195,2210,13537,3753,866,14484,3293,-1067,13802,3932,-212,13586,5620,1082,14969,5865,-707,14533,4506,-653,13628,3515,1840,13705,2827,659,14078,2204,-1486,13841,3217,-572,13416,4854,-246
14350,3361,-1611,13388,3210,-1206,13326,4280,857,14014,2901,514,12736,2343,-1433,13430,2569,-1014,13405,5161,342,13664,5646,-1245,14321,4303,-637,12840,4530,2089,13544,3862,560,14588,3300,-787,13603,3620,82,13726,5161,554,14878,6064,-823,14694,5367,-384,14027,4265,1931,13814,3092,710,14345,1906,-1280,13575,3182,-402,14148,4462,-465,13740,3720,-1914,13648,2868,-938,13194,4757,735,13777,3211,335,13312,1701,-1231,12454,2223,-489,13620,4224,-160,13933,5517,-1441,13838,4740,-685,13551,4322,1977,13239,4124,563,14587,3470,-991,13922,3880,531,13443,4544,486,15066,5469,-985,14404,5756,-417,14493,5040,1640,13675,3349,534,14036,1778,-936,13535,2901,178,13846,4311,-303,14432,3497,-2567,13002,2894,-964,13565,4355,557,13591,3890,63,13747,1596,-727,12409,1773,226,13069,3568,-365,14478,5153,-2288,13504,5484,-979,14029,4615,1804,13219,4453,704,14328,3413,-805,14113,4004,979,13116,4373,428,14957,4505,-1347,14182,5514,-111,14398,5608,1546,14277,3298,546,13428,1803,-676,13834,2792,23,13925,4032,-530,14214,3560,-2094
13499,3074,-1009,13411,4116,454,13733,4280,-467,14013,2419,-836,12642,1938,793,12703,2845,-541,14325,4255,-2299,13531,5650,-610,13645,5432,1207,13596,4457,211,13925,3337,-307,13838,3496,1317,13271,3904,600,14502,3962,-1778,14157,5431,-221,14351,6374,1524,14864,4220,369,13577,2172,-567,13657,2675,579,14120,3977,-224,14447,3397,-2405,13439,2917,-580,13152,4195,161,14098,4366,-722,13811,3300,-996,12784,2160,830,12448,2562,28,14036,3348,-2525,13490,4763,-381,13192,5574,1115,14161,4349,-492,13691,3836,-371,13860,3795,1603,13672,4163,968,14586,3764,-1627,14063,4850,-241,14301,6717,1180,15109,5255,-348,13924,2634,-209,13307,2591,1156,13876,3417,81,14518,3439,-2442,13467,3289,-622,13115,4067,121,13943,3843,-1395,13739,3409,-746,12997,2319,1267,12708,2126,205,13712,2718,-2752,13599,4316,-707,13686,5716,1170,13953,5092,-890,14240,4121,-597,13529,4424,1799,13647,4361,959,14750,3292,-1383,13348,4451,80,14454,6108,1347,14673,5482,-567,14337,3043,-215,13041,3446,906,14280,3473,-95,14255,2463,-1384,13189,2617,-594
13342,4029,-43,14231,3701,-1678,13578,3715,-877,13602,3167,1425,12866,2761,-93,13783,2540,-2206,13496,4017,-532,13284,5971,805,14302,5267,-1346,13713,4209,-326,13586,3822,2068,13097,4034,758,14860,3285,-1233,13345,4162,39,14024,5768,1233,15132,5757,-886,14346,4013,-436,13815,3112,1635,13323,3090,398,14588,2512,-1457,13838,3436,-700,13153,4291,135,14521,3316,-1855,13259,4187,-1423,13967,4122,1037,12972,2801,616,13172,2092,-1647,13183,2677,-850,13183,5171,753,13970,5079,-1414,13803,3959,-625,13435,4207,1934,13247,4353,619,15088,3456,-809,13338,3638,111,13852,5322,828,15358,6142,-772,14331,4982,-482,14152,3656,1906,13411,3225,308,14910,2053,-1490,13194,3720,-180,13917,4296,-239,13905,3567,-2343,13251,3256,-906,13472,3916,1096,12934,2912,328,13665,1705,-1624,12514,2459,-525,13434,4336,521,14305,5340,-1820,13761,4724,-852,14008,4429,1971,12885,4802,571,15388,3712,-941,13661,3821,810,13224,4603,830,15632,5123,-1048,13683,5739,-591,14705,4282,1607,13104,3306,464,13928,1986,-835,13984,3139,-299,13268,4018,-549
14212,2620,-1728,13032,3045,-1312,13855,4637,1017,13894,3339,-40,13197,1774,-824,13137,2192,-132,13137,4657,-679,14713,5246,-1426,13568,5224,-549,13719,4607,1608,13535,4463,190,14096,3879,-516,14186,3430,1181,12532,3963,404,15075,4409,-1020,14223,5557,-61,14186,5156,1310,14259,3282,-151,13439,2540,-969,14368,2532,787,13134,4617,-43,15043,2954,-2589,12813,3166,-938,13595,4357,484,13964,4303,-589,13860,2790,-774,12508,2240,333,13020,3423,237,14035,4800,-2435,13866,4852,-903,13037,4499,1454,13731,3917,426,13935,3624,-433,14107,4047,1275,13559,4011,331,14377,4231,-1629,14624,5470,-73,14162,6353,1322,15037,4064,47,13457,2451,-454,13633,2837,681,14115,4020,-503,14261,3570,-2310,13348,2597,-591,12879,4050,407,14323,4079,-854,13598,3078,-1070,12594,1885,1035,12547,2447,-321,13994,4038,-2279,13898,4989,-204,13267,4967,1020,13946,4253,-253,13980,4132,-570,14082,4608,1435,13877,4478,468,14349,4054,-1481,14412,5224,364,14116,6391,1196,15058,4174,-401,13414,2323,-514,13239,2711,1049,14310,3721,-144,14300,3520,-2553
13387,2679,-204,12885,3703,59,14167,4106,-1315,13902,3302,-863,12627,2440,1139,12916,2445,17,13903,3617,-2592,13822,5065,-81,13506,5509,944,14036,4548,-756,13883,4074,-466,13696,4615,1686,13978,4157,619,14181,3279,-1521,13822,4436,409,14215,6354,1162,14982,4972,-711,13737,2414,-165,12865,3287,1102,14575,3427,-347,14254,2930,-1941,13296,3026,-228,13423,4128,62,14170,4024,-1590,13746,3751,-825,13113,2982,1218,12929,2449,-217,13741,2735,-2246,13398,4483,-83,13535,5492,708,13709,4492,-1235,13838,3839,-258,13401,4580,1920,13838,4051,570,14505,3234,-1234,13360,4249,549,14513,6053,1031,14883,5523,-1029,14433,3333,-51,13266,3091,1535,14029,3396,21,14697,3162,-1911,13350,3528,-479,13505,3611,174,13747,3502,-1835,13921,3965,-812,13192,3562,1357,12797,2143,275,13406,1987,-2306,13246,3638,-439,13492,5534,800,14026,4863,-1522,14023,3962,-155,13397,4615,1997,13878,4472,340,14962,3190,-994,13009,4041,405,14516,5681,1135,14971,5969,-996,14590,4050,-199,13339,3345,1781,13773,3021,-48,14601,2743,-1715,13319,3626,-506
13401,3618,231,13667,2788,-1976,13650,3705,-1009,13591,4118,1214,13082,2365,110,13239,1840,-1865,13140,3374,-536,13715,5424,428,14196,5170,-1460,13809,4184,-330,13520,4633,1815,13595,4688,206,15008,3063,-721,12972,3637,706,14033,5019,753,15124,5760,-1170,14456,4731,-252,13688,3605,1808,13519,2786,188,14329,2495,-1417,13808,3670,-360,13350,3959,5,14110,2846,-1982,13499,3664,-1109,13759,4903,946,13502,2943,43,13103,1633,-1201,12980,2947,-717,13600,5123,-10,14283,4896,-1398,13479,4328,-259,13519,4440,1607,13617,4683,-72,14470,3499,-549,13678,3526,836,13070,4722,705,15573,5366,-1131,14084,5551,-250,14138,4343,1514,13924,3446,-194,14091,2241,-1093,13848,3105,550,13331,4582,-76,14750,2914,-2833,12777,3392,-758,13739,4269,670,13617,3700,-358,13506,1936,-936,12733,2386,41,13112,4190,163,14273,5052,-2174,13712,4703,-661,13239,4640,1758,13836,4300,524,14130,3776,-594,14046,3951,972,13364,4347,329,14879,4993,-1335,14594,5511,85,14010,5469,1442,14537,3357,8,13406,2267,-416,13764,2918,589,14015,3890,-846
13963,3261,-2275,13491,2664,-571,12923,4874,327,14424,3868,-618,13120,2488,-817,12653,1787,991,13045,3017,-762,14149,4579,-2258,13804,5226,-227,13321,5291,1235,13926,4620,-204,14039,4076,-433,13921,4266,1534,13692,3721,329,14292,4095,-1451,14620,5330,376,14042,6067,1177,14905,3686,-186,13360,2231,-642,13626,3087,877,14329,3998,-574,14025,3648,-2393,13579,2639,-76,12740,4404,4,14509,4022,-1060,13426,2987,-793,12532,2006,1238,12955,2427,-409,13994,4027,-2427,13915,5141,-88,13359,5369,677,13947,4642,-672,14048,4025,-40,13496,4143,2010,14027,3335,572,14089,3299,-1482,13994,5353,320,14639,6658,734,14816,4585,-482,13414,2607,86,13659,3694,1019,14562,3390,-413,13806,2408,-1826,13117,2745,-519,13402,4085,-60,14149,4099,-1314,13563,3309,-512,12902,2487,1075,12937,2325,-497,13947,3210,-2060,13370,5080,176,13540,5515,491,13848,4631,-954,13815,3981,76,13681,4228,1925,13799,3936,487,14551,3251,-1313,13628,5070,530,14554,6332,656,15082,5110,-1023,13919,3052,38,13484,2804,1538,13747,3166,-156,14536,2693,-1992
13215,3327,-210,13207,3836,-369,14280,3728,-1993,13553,4258,-590,13458,3151,1310,12729,2260,129,13532,2177,-2391,13581,4210,-52,13335,5752,628,14265,4737,-1659,13699,4538,90,13629,4691,1991,13980,3991,612,14574,2798,-1048,13242,4104,348,14514,6080,767,14980,5775,-1291,14322,3651,225,13005,3071,1723,14033,3223,-243,14814,2985,-1846,13237,3563,-282,13491,3341,-3,13693,3542,-2212,13925,4276,-602,13227,3492,1497,12860,1939,-189,13384,2016,-2235,13401,4007,14,13614,5784,453,14013,4925,-1802,13840,4249,-3,13288,4695,2039,13925,4160,340,14878,2611,-764,12893,4291,593,14808,5677,654,14882,6090,-1549,14487,4122,-46,13260,3362,2026,13815,3397,-66,14800,2610,-1483,13189,3017,114,13277,3196,-334,13884,3432,-2747,13973,4370,-701,13239,4372,1439,13127,2022,203,13299,1572,-1952,13053,3593,-340,13806,5364,279,14126,5047,-1790,13605,4519,30,13676,4738,2109,13637,4417,45,14887,3024,-707,12971,3965,698,14068,5403,560,15290,5691,-1427,14091,4781,44,13713,3670,1759,13814,3135,-205,14487,1643,-1224,12932,3259,357
14780,3100,-2930,12937,3669,-875,13515,4073,530,13999,4412,-970,13704,2969,-360,12839,2178,858,12662,2687,-109,14234,3747,-2461,13765,5212,-785,13075,5375,753,14487,4209,211,13351,4217,476,14121,3841,1547,13569,4142,-130,14415,3641,-1552,14163,5193,136,14059,6173,1047,15311,4215,-245,13389,2950,284,13836,2408,1133,13938,2948,-711,14031,3887,-2114,14397,3620,-1137,12211,4750,-66,15076,3117,-533,12534,3488,-314,13456,1953,1288,12678,2500,-1086,13308,3125,-1835,14269,4992,-81,12846,6098,-265,14976,4348,-272,13164,4027,991,13482,4085,1577,14722,3883,-288,13780,3591,-1121,14253,4395,666,14127,6204,490,15351,5292,-1062,14066,3679,352,13040,3068,1471,14401,2364,-255,13493,3310,-2146,14193,3527,-852,12747,3672,-178,13816,3448,-1477,13950,3907,24,12753,3111,1212,13518,1733,-276,12852,2820,-2253,14324,4819,-610,13443,5983,61,13980,4587,-848,14105,3765,1144,12866,4630,1756,15012,3671,-155,13597,3676,-1174,14069,4915,460,14508,6239,500,14692,5076,-776,14344,3083,725,12646,3890,1229,15102,2822,-1080,13528,2299,-1305
13456,3066,20,13778,3751,-422,13831,3718,-1905,13937,4078,-93,12790,3454,1319,13490,1941,-885,13125,2244,-1985,13269,4547,306,13906,5888,-35,13829,5056,-1701,14110,3998,838,12852,4448,1888,14351,3691,-115,14408,3290,-902,13194,4587,715,14857,5406,521,14278,5535,-1229,14892,3644,511,13199,3684,1616,14316,2614,-619,14184,2173,-1418,12982,4610,358,14723,3902,-818,12807,3563,-2448,14312,2766,136,12506,4179,800,14038,2587,-488,13246,2338,-1774,12705,3406,516,14115,5020,-77,13516,5282,-2320,14277,4132,642,12777,4413,2262,13936,3891,-70,15073,3075,-675,12704,4718,846,14960,5061,-11,14293,5796,-1485,14696,4621,728,13687,3937,1838,13929,2746,-278,14386,1465,-1154,12768,4374,254,14999,4126,-865,13184,3476,-2788,13776,2954,246,13005,4173,1029,13886,2977,-573,13124,2108,-1519,12495,2945,299,13799,4563,-284,13940,5112,-2142,13940,4517,384,13259,4511,1920,13581,4426,-176,15078,3716,-672,12978,4459,1134,14291,4718,110,14820,5003,-1232,14190,5162,707,14151,4356,1469,13952,2936,-673,13876,1877,-650,13256,4022,551
14545,3893,-1474,13292,3200,-2312,13727,2950,180,12918,5003,756,14485,2770,-531,12843,1815,-889,12398,2574,674,14140,4241,-1126,13941,5237,-2127,13894,4680,516,13339,4616,1748,13840,4390,-389,14624,3992,-269,13251,4583,1438,14100,4045,-385,14231,4522,-1104,14371,5285,977,14280,4953,1203,14209,3415,-756,13991,2350,-733,13484,3141,704,14063,3827,-920,14152,3657,-2062,13563,3511,-8,13083,3742,545,13643,2720,-1435,13573,2491,-906,12580,3247,698,13878,3622,-831,13595,4723,-1483,13710,5210,106,13639,4913,963,13669,4041,-491,14255,3157,310,13452,4373,1930,14296,4072,-387,14450,4375,-1445,14131,5449,744,14460,5330,886,14706,3921,-975,13824,2580,-299,13269,2813,1241,13886,3678,-705,14487,3893,-1871,13477,3446,-636,12768,3438,127,14186,2870,-1043,13354,3389,-812,13308,3278,828,13050,2910,-1043,13823,3535,-1579,13494,5037,175,13535,5022,213,13873,4110,-366,13590,3769,818,13922,4578,1441,14094,4354,-753,14542,4038,-1181,13702,5392,873,14488,5743,827,15001,4216,-685,13446,2668,39,13572,2569,1321,13695,3609,-921
14773,3165,-2636,12969,3649,-196,13400,3518,338,13987,3971,-1420,13696,3333,-175,12741,2727,563,12883,2391,-476,13581,3515,-2130,13887,5040,42,13213,5117,364,14403,3967,-436,13406,4395,523,14070,4678,1465,14122,4306,-483,14207,3340,-1099,13690,4711,1127,14288,5839,625,15281,4575,-954,13401,3313,440,13730,3077,1102,13874,2771,-664,14085,3284,-1753,13721,3777,-564,12776,3678,-44,14578,3084,-1337,12971,4191,-406,13803,2764,1250,12753,2362,-1077,13296,2482,-1708,14022,4788,312,12925,5749,-334,14758,4099,-746,13126,4440,1090,13599,4699,1356,14592,4067,-283,13775,3362,-1040,13877,4257,1093,14141,5842,595,15261,5057,-1422,14157,3771,595,13213,3394,1370,14617,2434,-915,13443,3058,-1362,14073,3954,-161,13153,3801,-836,13941,2849,-1358,13454,4033,-187,13147,3746,1101,13664,2122,-880,12340,2348,-1753,14192,4142,463,13442,5822,-613,14127,4503,-1359,13941,3975,1165,12820,4869,1645,15012,3781,-590,13789,3427,-477,13558,4338,1022,14625,5400,391,14508,5663,-1245,14879,4104,477,13014,3997,1447,14631,2460,-724,13688,2339,-1337
13458,4489,386,14239,3515,-1120,12944,3102,-1992,14208,3496,270,12595,4376,719,14258,2227,-515,12489,2011,-1500,13294,3405,574,13863,5252,-566,13894,5114,-2034,14146,4503,902,12802,4924,1946,14527,4161,-624,14408,3453,-528,13005,4121,1277,14578,4584,122,14393,5356,-1412,14850,4921,671,13571,4255,1202,14162,2673,-602,14059,1864,-841,13209,4545,472,14744,3358,-1115,12697,3213,-2510,14255,3127,455,12692,4776,597,14424,2417,-700,12738,1876,-1108,12733,3381,510,14175,4803,-827,13852,5270,-2022,13859,4630,709,13269,4580,1785,13685,4103,-438,14858,3174,-184,12863,4186,1469,14331,4442,-235,14740,5238,-1291,14324,5768,672,14405,4476,1076,13857,3123,-666,14198,1445,-499,13041,3674,703,14523,4085,-730,13987,2759,-2441,12755,3657,-306,13894,4250,465,13489,3674,-1211,13744,1952,-493,12120,2851,595,13922,3641,-457,13928,4894,-1691,13367,5202,-242,13898,4545,1150,13312,4330,101,14623,3562,326,13548,4416,1138,14155,4412,-529,14673,4512,-1102,13935,5753,759,14629,4871,979,14036,3329,-744,13818,2031,-85,13454,3018,673
13867,3821,-1330,14395,3616,-1791,13269,3876,-76,13360,3818,214,13484,3098,-1545,13383,2430,-725,12779,3028,990,13454,3103,-800,14148,3866,-1400,13081,5491,308,14213,4978,336,13720,4579,-702,14021,3454,691,13806,4512,1721,13936,4150,-511,14810,3799,-1146,13423,5740,775,14820,5399,628,14577,4040,-850,13513,2515,-18,13668,2501,1169,13542,4170,-894,15016,3021,-2147,12304,3921,-519,14011,3132,232,13492,3564,-1250,13571,2878,-93,13206,2883,587,12873,3059,-1022,14276,3530,-1525,13401,5383,85,13606,4888,184,14247,4062,-273,13224,4276,869,14350,4626,1213,13727,4281,-466,14496,3181,-927,13587,5184,1163,14546,5795,383,15049,4461,-1003,13296,3081,438,13887,2826,1181,13935,2815,-902,14109,3257,-1720,13737,3938,-534,12922,3833,-483,14429,2946,-950,12695,3601,-178,13949,3103,942,12605,2980,-1280,13864,2863,-1584,13164,5456,356,13562,5403,-340,14463,4105,-394,12971,3890,1372,13883,4275,1231,14256,4508,-880,14340,3520,-841,13583,4638,1377,14271,5622,365,15582,4807,-1295,13534,3724,493,13715,3232,1069,14035,2879,-953
14013,2743,-1460,13702,4363,676,13276,3770,-729,13941,3024,-2118,13250,3443,167,13061,3808,637,13688,2588,-954,12888,2270,-1615,13720,4186,939,12993,5806,-231,14848,4341,-1780,13223,4043,1202,13376,4502,1839,14833,4276,-653,14213,3771,-946,13690,4660,1337,14146,5760,325,15185,5009,-1564,13984,3892,742,13435,3308,1312,14117,2772,-1077,13790,2875,-1395,13889,4077,760,13232,3760,-683,13921,2864,-2366,13473,3471,142,12887,3990,765,14056,2539,-1261,12610,2262,-1286,13671,3491,1083,13300,5417,-345,14651,4812,-2253,13814,4407,890,12989,4936,1878,14711,4370,-533,14281,3399,-515,13127,4128,1486,14384,5129,17,14724,5246,-1817,14144,4341,618,13709,3631,1475,14006,2680,-842,14032,2294,-1149,13450,4734,535,14297,3621,-783,13124,2819,-2370,13929,3359,124,12982,4383,851,14209,2764,-1091,12743,2324,-1421,13399,3212,962,13314,5353,-179,14480,4752,-2043,13740,4646,401,12788,4567,1716,14503,4303,-217,14041,4005,-345,13768,3624,1435,13655,4460,252,14959,4895,-1545,14687,5168,482,13680,4522,1000,14428,3093,-803,13902,2375,-381
13553,3356,614,13805,4112,-710,14243,3177,-2284,13409,3538,-87,12971,4050,746,14078,3096,-1606,13048,2433,-832,12838,2804,761,13476,4131,-315,13903,4685,-1770,13935,4776,137,13114,4785,1367,14225,4098,-470,14188,3798,204,13596,4132,1399,14189,4202,-101,14428,4543,-1218,14578,5511,473,14091,4981,854,14563,3497,-946,13607,2651,-139,13673,3243,1123,13904,3619,-948,13852,2759,-2062,13355,3333,-401,13099,3887,379,14055,3329,-1639,13273,2626,-566,12899,2785,931,13459,3560,-707,13896,4317,-1547,13787,4923,59,13101,4828,834,14320,4184,-612,13963,4103,463,13762,4450,1531,14091,4179,-351,14387,4417,-981,14246,5517,494,14213,5150,605,14831,3340,-959,13344,2290,133,13539,3189,1318,14433,3890,-1069,13955,2466,-2330,12734,3557,-150,13867,4092,-95,13919,4208,-1347,13734,2419,-28,12226,2840,786,13623,3044,-647,13784,4019,-1925,13392,4956,-62,13542,4728,442,14185,4294,-310,13707,4325,544,14033,4529,1368,13979,3962,-553,14237,3477,-772,13851,5111,922,14550,5606,232,14838,4098,-1062,13493,3037,534,13695,3070,1256
14186,3200,-1302,13937,3203,-1748,13457,3849,227,13442,3943,-453,13803,3336,-1795,13372,3002,-231,12983,3149,1158,13464,2676,-1200,13456,3112,-1513,13483,4937,742,13483,5165,-286,14433,4355,-968,13463,4256,925,13590,4300,1676,14582,4313,-471,14160,3696,-831,13777,4806,1388,14389,5679,-80,15019,4532,-1471,13843,3619,569,13196,3419,1178,14670,2839,-963,13615,2782,-1403,13518,3811,671,13611,3575,-698,13569,3330,-2236,13613,3236,34,12643,3718,674,13955,2777,-910,13177,2660,-1256,13447,4287,981,13568,5090,-406,14252,4703,-1754,13812,4355,914,12971,4986,1605,14963,4173,-429,13893,3527,-558,13403,4693,1471,14715,5398,-77,14401,4839,-1532,14427,3353,800,12847,3722,1150,14826,2476,-998,13640,3267,-1121,13815,4072,3,13624,3515,-831,13595,3063,-1657,13674,3989,-12,13402,3889,1155,13282,2584,-1340,13332,2176,-1306,13086,4351,896,13860,4839,-773,13962,4417,-1373,13689,4408,998,13236,5123,1244,14444,4260,-626,14328,3336,-317,12932,3973,1720,14702,4662,84,14737,5222,-1618,14385,4594,469,13707,4498,1192,14265,3341,-937
14527,2206,-1092,12791,3727,870,14183,3472,-669,13933,3049,-2115,12999,3605,-7,13462,3650,409,13366,3498,-1508,13625,2456,-1105,12774,3662,873,13406,4591,141,14485,4326,-1725,13246,4435,599,13736,4400,1340,13737,4384,-935,14974,3936,-12,13253,4636,1643,14499,4861,152,15046,4722,-1393,13855,4878,337,14329,4164,1077,13691,3566,-1087,14214,2211,-460,13063,3417,1293,13820,3750,-603,14492,2834,-2406,12727,3519,-209,13518,3821,415,13712,3683,-1646,13529,2686,-547,12882,3164,1124,13267,3890,-219,14472,4005,-1685,13235,4859,182,13681,4719,1160,14011,4642,-859,14407,4116,73,13603,4505,1953,13767,4524,-9,14966,4146,-1277,13510,4875,859,14230,3964,1004,14350,3533,-1299,14003,2556,-518,13766,3644,859,13805,4276,-760,14636,2900,-1906,12695,3531,-166,13432,3423,519,14015,3283,-1808,13076,2812,-685,13244,3077,906,12993,3822,-683,14230,3938,-1358,13529,4871,324,13232,4907,626,14557,4263,-869,13552,4322,331,14106,4419,1742,13837,3910,132,14448,3650,-943,14109,5004,550,14064,5290,469,15052,4002,-1346,13540,3135,6
13825,3185,1161,13714,4123,-852,14525,3202,-1521,13165,2976,-357,12826,3187,-95,14389,3046,-1523,13148,3619,-496,13343,3521,865,13130,3124,-1072,13571,3539,-1206,13917,4725,414,13004,5052,260,14480,3764,-654,13307,4416,728,13937,5092,1307,14506,4352,-411,13993,3757,-579,14130,4577,960,14215,5324,363,15117,4268,-1282,13835,3386,-118,13457,3264,1160,14213,2986,-839,13735,3179,-1267,13779,3338,433,12982,3412,-749,14013,3195,-1821,13539,3793,-319,12937,4099,569,13792,2805,-968,12973,2961,-1205,13766,4182,958,13338,4799,50,14190,4171,-1288,13921,4162,462,13238,5350,1338,15123,4381,-468,13758,3703,-376,13747,4218,1632,14295,5056,172,14713,4612,-1497,14449,3853,163,13091,4164,823,14595,3051,-837,13667,2864,-1057,13469,3392,853,13635,3292,-697,13590,3160,-2265,13728,3441,-175,12795,4191,414,13992,3024,-1222,13077,2518,-915,13174,3931,1399,13818,4806,-157,13955,4615,-1803,14097,4240,470,12896,5441,1271,15028,4434,-412,14137,3506,-173,13235,4222,1936,14820,4673,21,14227,4843,-1698,14631,3941,416,13142,4300,745
14464,2944,-989,13984,2865,-663,13380,3869,1172,13985,2983,-988,13330,3105,-2466,13980,3528,-12,13014,4619,320,13896,3139,-1291,13390,2240,-1002,12714,3708,1460,13850,4351,-243,13928,4586,-2185,13715,4418,670,13188,5178,1202,14257,4685,-693,14660,3499,3,12748,3986,2100,14608,4300,228,14635,4729,-1804,14237,4655,381,14058,4538,959,14062,3591,-1185,14568,2203,-682,12873,3676,1169,14084,3446,-590,14002,2863,-2453,13033,3634,-68,13544,3976,489,13407,3673,-1629,13626,2393,-744,12484,3198,1266,13529,4061,-219,14203,4131,-1939,13305,4507,284,13751,4763,1292,13765,4602,-743,14964,3724,-111,13040,4369,2051,14450,4250,91,14787,4633,-1496,14019,5002,561,14528,4662,798,13869,3905,-1337,14437,2363,-425,12924,3655,1329,14033,3703,-602,14325,2738,-2331,12525,3373,-303,13810,3494,337,13514,3783,-1814,13654,2491,-778,12701,3110,1147,13205,3736,-104,14599,3980,-1759,12947,5064,24,14119,4645,817,13762,4863,-804,14481,4137,355,13802,4360,1837,13541,4383,158,15262,3889,-1214,13260,5262,474,14617,4623,516,14392,3828,-1289
13473,2705,-154,13891,3265,1414,13558,3896,-726,14539,2272,-2049,12709,3325,-316,13611,3905,234,14035,3800,-1650,13195,3088,-579,13428,3084,873,12895,3684,-704,14401,3623,-1378,13294,4793,234,13344,4746,633,14366,4304,-785,13346,4476,271,14385,4450,1433,13513,4143,-35,14612,3199,-774,13677,4916,899,14291,5193,456,14941,4310,-1514,13487,3284,-34,14109,3128,1201,13660,3668,-771,14441,3023,-1443,13282,3463,21,13098,3724,-462,14522,3317,-1776,12855,3823,-680,13383,3273,868,12991,2949,-737,13500,3065,-1042,13550,4466,749,13084,4986,-129,14722,4326,-1427,13178,4718,506,14166,4632,1766,14038,4076,-129,14396,3088,-415,13782,4536,1203,14178,5604,-109,15647,4657,-1682,13434,4043,141,13946,3281,1237,13961,3287,-645,13990,2964,-1161,13582,3322,433,12745,3668,-1067,14504,3108,-2112,13104,3916,-59,13026,3473,626,13707,2444,-959,12953,2680,-1112,13915,4086,958,13160,5057,-316,14527,4275,-1488,13581,4547,668,13230,5273,1387,15098,4170,-390,13612,3544,-354,13925,4087,1710,14184,5619,-125,15139,5035,-1882,14097,4197,372
13144,3866,1092,14605,2714,-700,13613,2449,-827,13520,2952,637,13514,3566,-1172,13961,3542,-2164,13729,3660,43,12534,3932,502,14088,2630,-1166,12992,2653,-1261,13416,3804,1301,13515,4594,-95,13873,4418,-1813,14019,4468,504,12930,5565,1086,14908,4286,-440,14044,3254,32,13355,3936,2125,14750,4842,-66,14419,5079,-2042,14577,4113,406,13272,4353,964,14521,3008,-822,14041,2353,-621,13100,3921,1156,14256,3304,-739,13483,3193,-2710,13627,3529,-179,13044,4287,488,13765,3126,-1096,13273,2114,-781,12691,3184,1298,13743,4324,-162,14128,4818,-2422,13850,4721,401,13328,5074,1497,14177,4477,-531,14567,3439,-1,12960,3938,1967,14393,4337,-105,14767,4856,-1664,14278,5126,465,14097,4682,792,14261,3519,-1207,14135,2309,-489,13074,3363,1324,13854,3480,-694,14219,2950,-2668,13117,3602,57,13366,4015,499,13777,3380,-1811,13453,2436,-949,12658,3080,1192,13509,3905,-97,14070,4273,-1860,13593,4715,200,13553,4929,1116,13941,4536,-728,14462,3713,52,13327,4459,1796,14349,4230,231,14574,4485,-1453,14155,5342,492,14249,4975,775
14304,3765,-1312,13756,2269,-125,13425,3002,1309,13769,3572,-701,14263,2951,-2211,13167,3720,-410,13244,4172,424,13957,3467,-1700,13242,2553,-694,12823,2805,1059,13455,3481,-414,13975,4012,-1406,13624,4845,23,13428,5166,799,14194,4553,-989,14036,3959,157,13653,4352,1837,14133,3886,132,14429,4018,-756,13956,5191,474,14372,5264,238,14635,3995,-1424,13738,2686,-75,13509,3267,1513,14308,3541,-517,14157,2827,-1752,12821,3385,-524,13641,3819,-218,13856,3796,-1696,13475,2879,-382,12765,3133,1174,13471,3176,-775,13912,3758,-1432,13289,4919,57,13681,4856,168,13986,4416,-743,13835,4158,712,13860,4561,1709,14069,3956,-202,14487,3417,-703,13655,5088,856,14614,5631,91,14775,4583,-1354,13730,3174,170,13541,3007,1444,14105,3092,-831,14041,3055,-1500,13446,3606,-2,13307,3890,-832,14094,3667,-1829,13488,3467,-60,12913,3345,927,13329,2645,-842,13429,2812,-1297,13370,4720,639,13559,4884,-248,14413,4397,-1081,13457,4427,831,13651,4697,1534,14620,4092,-443,13857,3534,-614,13929,4362,1360,14220,5623,-20,15127,4791,-1557
13998,3796,316,13325,3609,1204,14404,2879,-844,13871,2848,-1279,13565,3521,664,13443,3556,-842,13669,3418,-2273,13652,3488,9,12593,3874,783,13831,2694,-1005,13250,2584,-1125,13296,4016,1034,13589,4851,-418,14137,4560,-1830,13930,4303,749,13015,5232,1606,15080,4099,-217,14061,3502,-349,13518,4163,1752,14628,5212,-120,14531,5134,-1823,14577,4055,459,13014,4071,1067,14481,2772,-804,13944,2608,-957,13314,3637,927,13881,3262,-924,13536,3343,-2568,13944,3670,136,12732,4269,625,13854,2653,-1209,13263,2155,-1120,13085,3589,1441,13825,4457,-93,13861,4634,-2254,14004,4461,544,13033,5405,1303,14399,4457,-565,14532,3360,-138,12791,4016,1953,14658,4363,319,14407,5031,-1792,14427,4865,346,13811,4622,1014,14180,3464,-1090,14373,2149,-624,13011,3368,1199,14005,3513,-719,14078,3240,-2514,13221,3865,-98,13321,4043,449,13516,3293,-1556,13489,2133,-860,12820,3227,1210,13390,4126,-61,14276,4398,-2112,13400,4767,166,13622,4871,1296,13790,4568,-633,14657,3562,76,13361,4240,2002,14232,3794,160,14610,4551,-1501,14219,5445,381
14521,5219,608,14207,3908,-1196,13999,1997,-82,13310,3218,1451,13792,3560,-711,14433,2918,-2606,12708,3691,-354,13626,4049,415,13659,3759,-1816,13319,2319,-553,12884,2597,1307,13024,3519,-242,14598,3705,-1629,13026,5064,-84,13829,5007,749,14053,4787,-779,14051,4162,263,14011,4358,1939,13749,4078,160,14898,3867,-1119,13741,5437,630,14585,5244,365,14550,3980,-1539,13467,2480,-100,13781,3120,1642,13707,3922,-660,14541,2658,-2013,12733,3329,-475,13358,3895,-47,14074,3713,-1566,12924,2815,-572,13222,2635,1216,13032,3321,-535,14229,3622,-1434,13518,5078,-30,13518,5071,307,14417,4488,-770,13340,4361,583,14399,4314,1883,13622,3943,-63,14569,3218,-655,13780,5215,701,14450,5874,74,15121,4257,-1542,13156,2981,75,13757,2875,1564,13892,3870,-535,14546,2701,-1684,12907,3107,-484,13264,3778,-374,14394,3871,-1532,13068,3602,-316,13326,2798,1074,13014,2729,-802,13887,3151,-1226,13600,4764,202,13104,5251,-231,14588,4171,-889,13263,4667,916,13804,4426,1589,14303,3956,-360,14072,3374,-629,13937,4465,1057,14149,6021,-45
15447,4593,-1490,13627,3479,293,13252,3141,1360,14544,2886,-772,13799,3123,-1384,13716,3343,121,13265,3875,-1030,13980,3567,-1788,13661,3514,-156,12445,3520,850,13921,2350,-779,12815,2703,-1290,13591,4060,689,13611,5161,-424,13956,4501,-1342,14156,4135,834,12646,5193,1570,15347,3941,-369,13731,3622,-270,13549,4070,1653,14684,5523,-182,14688,5359,-1897,14798,3770,365,12814,3764,1241,14624,2759,-637,14031,2857,-979,13072,3764,715,13949,3430,-932,13305,3477,-2479,13874,3184,-40,12589,3814,692,13781,2573,-889,13299,2256,-1088,12933,4164,1132,14187,4963,-359,13761,5117,-2207,14212,4339,669,13049,5084,1519,14506,4183,-108,14576,2924,-228,12748,4454,1838,15160,4812,-86,14368,5558,-2109,14414,4229,382,13639,3904,1151,13743,2904,-537,14192,2453,-731,13420,4366,810,13930,2971,-1163,13458,2975,-2543,13597,3952,2,13533,4327,897,13469,2994,-879,13306,1914,-1357,13070,3320,1004,13440,4672,-392,14585,4700,-2065,13248,4752,710,13649,4786,1639,13749,4512,-488,14678,3289,-219,13175,3901,1660,14018,4521,55,15311,5005,-1694
13865,5493,605,14587,4356,1020,13855,3400,-1001,14257,1847,-508,13366,3089,1077,13475,3838,-548,14782,2949,-2450,12705,3921,-313,13585,4038,397,13743,3660,-1636,13026,2668,-733,13132,2684,1180,12743,3933,37,14474,3994,-1999,13305,5090,-97,13712,4848,1093,13927,4393,-629,14231,3698,270,13866,4373,1794,13949,4287,80,14871,4218,-1383,13937,5396,378,14358,5046,552,14374,3857,-1264,13535,2455,-213,13734,2953,1461,13463,3933,-544,14574,3054,-2251,12921,3678,-513,13129,3941,-51,14294,3208,-1700,12824,2629,-360,13208,2569,1352,13020,3389,-176,14231,3734,-1673,13613,5225,-260,13465,5395,440,14469,4779,-796,13720,4197,726,13968,3950,2129,13821,3809,191,14595,3731,-1090,14066,5510,279,14351,5558,336,14895,3858,-1167,13469,2574,126,13550,3231,1573,14342,3695,-747,13933,2309,-2589,12874,3615,-288,13604,4244,-117,14034,3932,-1207,13477,2474,-191,12490,2643,871,13601,3177,-558,13812,3827,-1766,13541,5025,98,13475,5088,330,14114,4551,-595,13777,4105,292,13755,4328,1762,14018,3719,31,14199,3184,-484,13886,5224,800
14621,5363,-1840,14469,4663,457,13478,4299,1284,14395,2986,-830,14156,1905,-875,12969,3397,658,14048,3951,-940,14227,3641,-2322,13294,3864,-236,13114,3400,481,13550,2936,-1077,13310,2253,-917,13090,3232,1008,13275,4531,52,14345,4908,-2159,13707,5170,148,13291,5051,1161,13966,3819,-295,14380,2971,633,13085,3927,1663,14557,4627,-88,14835,5231,-1750,14157,5237,204,14225,4545,909,14096,3600,-709,14320,1754,-93,12912,2951,1180,13883,3705,-854,14503,3545,-2534,12978,3921,-385,13262,3708,306,13760,3049,-1325,13354,2392,-271,12893,2936,1137,13297,3672,-409,14286,4398,-1884,13461,5243,-196,13592,5154,908,14118,4245,-464,14265,3490,737,13542,4094,1979,14076,4166,-300,14989,4903,-1725,13762,5713,240,14563,4889,816,14067,3517,-664,13927,1608,79,13121,3500,1285,14419,3639,-927,14009,2799,-2685,12692,3867,-792,13969,4185,338,13657,3715,-759,13302,2054,-473,12828,2739,857,13135,3484,-587,14419,4006,-1539,13060,5306,-303,13911,5034,380,13986,4735,-7,13893,4071,433,14103,4126,1644,13641,3898,-10,14756,3716,-907
13795,5542,439,14540,5360,113,14549,3943,-937,13552,2814,424,13890,2776,1309,13588,3443,-819,14479,3097,-1748,13185,3940,-524,13279,4047,-573,14169,3396,-1561,12896,3108,-196,13533,2786,1162,12945,3089,-825,13932,3307,-1292,13409,5314,221,13543,5366,-216,14575,4371,-743,13145,4186,954,14169,4113,1803,13924,4127,-328,14279,3367,-807,13938,5261,845,14364,5673,-84,15210,4433,-1327,13377,3481,367,13725,2749,1449,14094,2933,-701,13770,3165,-1420,13789,3954,151,12993,4024,-1147,14155,3365,-1897,13143,3580,-43,13017,3459,1061,13574,2475,-793,12981,2713,-1067,13818,4715,684,13275,5503,-667,14682,4595,-1442,13352,4276,1131,13354,4385,1867,14779,3748,-238,13727,3338,-596,14061,4947,1061,14361,5861,-334,15082,5017,-1555,13910,3775,634,13331,3282,1262,14453,2352,-417,13365,3104,-1268,14139,3710,-181,12976,3783,-1278,14070,3395,-1804,13455,4008,167,13123,3413,1116,13527,2178,-946,12813,2150,-1129,13659,4305,778,13545,5282,-1024,14247,4440,-1500,13764,4406,1103,13126,5277,1405,15297,3912,-60,13566,3427,-270,13716,4622,1416
14699,5581,-280,14541,5232,-1822,14271,3549,749,13071,3737,1345,14646,2050,-618,13698,1790,-971,12911,4528,296,14796,3683,-1688,12912,3684,-2361,13988,3396,445,12848,3911,1068,13883,2119,-488,12856,1874,-1419,13354,3775,1012,13717,5392,-957,14281,5138,-2147,13851,4956,1159,13272,5040,1649,14333,4171,-405,14472,2963,-213,12888,3879,1663,14630,4604,42,14408,4906,-1754,14410,4456,513,13714,4257,1080,14132,3068,-835,14415,2030,-799,12942,3678,785,14163,3916,-745,14019,3340,-2425,13067,3784,45,13340,3618,486,13578,2968,-1351,13460,2302,-750,12725,3503,811,13748,4598,-415,13842,5024,-2144,13792,4644,448,13410,4645,1579,13830,3937,-493,14762,2747,356,12653,4132,1769,14919,4645,-264,14678,5437,-1894,14339,5484,321,14377,4549,961,13897,3532,-839,14413,1954,-112,12797,3519,1148,14192,3419,-762,13858,2806,-2641,12946,3784,-414,13643,3968,481,13406,3561,-1501,13823,2108,-482,12376,2927,1004,13647,3705,-337,14203,4298,-1852,13368,5055,100,13846,4757,1169,13585,4496,-429,14778,3632,170,13355,4338,1755,14071,4628,-151
15165,4943,-1420,13697,5875,575,14605,4405,818,13773,3258,-1045,13920,1891,-12,13427,2969,967,13602,3580,-974,14574,3054,-2033,12882,4103,-328,13663,4093,113,13839,3357,-1716,13006,2509,-429,13121,2814,1096,13016,3712,-630,14466,4092,-1499,13126,5398,238,13775,5193,385,14226,4568,-788,13748,3957,727,13917,4092,1716,13808,3908,92,14690,3751,-886,13740,5503,424,14709,4974,332,14403,3876,-1306,13560,2722,283,13868,2859,1439,13504,3753,-947,14588,3392,-1784,13141,4378,-346,13399,4177,-469,14193,3093,-1408,12629,2838,14,13632,2722,1123,12784,3273,-946,14173,3390,-1305,13292,5304,74,13509,5337,-125,14807,4213,-730,12781,4255,956,14419,3693,1995,13685,3874,-288,14349,3689,-801,14163,5714,649,14160,6085,-180,15497,4231,-1250,12958,3520,448,14293,2699,1332,13569,3277,-594,14135,2920,-1792,13427,3812,-642,13041,3876,-539,14338,3102,-1408,12848,3366,328,13418,2596,923,13079,2682,-998,13308,3311,-1093,14117,5037,13,12999,5638,-507,15056,4163,-495,13027,4608,1215,13893,4499,1310,14728,3708,-303,13439,3570,-372
14453,5029,923,14199,6300,-407,15351,4631,-1230,13266,3379,937,13336,2954,1169,14609,1788,-817,13038,2408,-1209,13973,4287,-164,13681,4216,-1632,13831,3674,-1387,13599,3549,453,12736,3521,949,14140,1973,-973,12374,2641,-1358,13949,4567,832,13391,5876,-1159,14572,4679,-1214,13625,4310,1531,12894,4659,1551,15480,3378,-629,13065,3424,-417,14229,4403,1388,14287,5939,-419,15021,4927,-1656,14166,3624,923,13026,3728,1231,15060,2005,-786,13285,2413,-1023,13684,4236,687,14114,4172,-1313,13350,3807,-2654,14011,3362,341,12315,3873,872,14406,1925,-894,12482,2085,-930,13372,3834,980,13675,5511,-779,14061,5092,-2381,14342,4286,954,12356,4822,1929,15246,3500,-240,13799,3308,-58,13217,4432,1543,15087,5276,-529,14130,5477,-1871,15088,4025,763,12870,3965,1341,14731,2313,-936,13743,2488,-813,13206,4350,789,14561,3541,-1295,12749,3438,-2762,14269,3149,369,12325,4023,1027,14242,2043,-1102,12948,1970,-891,12794,3635,1061,14380,5024,-845,13761,5594,-2527,14350,4573,737,12711,4812,1844,14585,3847,-137,14600,3145,75,12545,4075,1635
15133,4625,-398,14089,5723,-2032,14788,4924,743,13570,4337,1102,14024,2798,-779,14578,1811,-248,12463,3399,653,14586,3521,-1084,13643,3479,-2253,13389,3731,8,13301,3581,527,13407,3144,-1568,13867,2380,-431,12412,3567,1100,13978,4198,-737,13923,5142,-2023,13701,5120,516,13464,4697,1279,13634,3866,-340,14810,3075,478,12879,4179,1663,14755,4430,-476,14566,5330,-1762,14125,5587,519,14459,4358,857,13693,3150,-837,14372,1734,228,12674,3608,984,14549,3909,-1154,14012,3401,-2504,12619,4073,-419,13972,3676,218,13327,3766,-1340,13883,2299,-77,12295,3081,834,13527,3419,-682,14180,4298,-1760,13081,5441,-56,14290,4541,758,13367,4313,-310,14472,3721,829,13559,4352,1599,13982,4552,-498,15084,4636,-1276,13530,6028,432,15001,4598,576,13833,3320,-793,13809,1920,423,13501,3351,1163,14147,4162,-1342,14521,2669,-2406,12159,4184,-544,14554,3685,-10,13269,3725,-883,13540,2077,113,12587,2493,627,13249,3376,-760,14373,4233,-1585,13142,5817,-179,14110,4818,186,13894,4316,124,13640,4207,960,14379,4232,1081,13823,4076,-294
9,3618,-517,13799,5880,647,14686,5340,-89,14409,3834,-989,13462,3060,757,13996,2864,1025,13733,3022,-1301,13945,2841,-1475,13422,4559,44,13689,4324,-666,13845,3009,-1665,12939,2712,176,13066,3023,953,13752,3021,-1181,13488,3646,-1302,13572,5144,536,13659,5386,-304,14585,4531,-941,13310,4174,1089,13793,4146,1796,14345,3703,-417,13936,3703,-498,14139,5646,882,14277,5761,-507,14979,3964,-1002,13334,3239,784,13790,2707,1256,14123,2762,-872,13750,3264,-1755,13779,3823,-121,13080,3655,-841,14150,3683,-1734,13600,3523,568,12753,3036,1150,13556,2271,-1031,13212,3195,-1437,13670,4819,346,13348,4951,-782,14477,4297,-829,13535,4494,1276,13463,4730,1343,14886,3821,-310,13424,3473,-280,13935,4934,1156,14600,5780,-553,14913,4381,-1133,13667,3444,1206,13293,3397,1003,14948,2374,-1303,13248,3497,-958,14068,4071,-35,13445,3719,-1667,13873,3110,-1346,13231,3422,639,12956,2846,1062,13677,2041,-1652,13030,2628,-1174,13493,4807,1026,14009,5684,-1356,14286,4892,-1210,13682,4301,1845,12859,4723,1210,15197,3639,-847,13516,3343,196
13512,4627,1510,14981,5278,-607,14497,5130,-1681,14422,3724,998,13115,3929,1033,14748,2355,-1209,13588,2572,-575,13245,4571,795,14531,2935,-1871,12719,3270,-2049,13951,3604,655,12925,4174,604,14057,2475,-1230,12938,2261,-1244,13285,4185,923,13805,5184,-1052,14010,4724,-1644,13609,4318,1564,12948,4487,1564,14768,3655,-947,14006,3341,51,13275,4839,1562,15262,5393,-705,14230,5602,-1376,14544,4232,1246,13491,3725,892,14246,2367,-1227,13974,2277,-414,13146,4341,681,14496,3033,-1563,12987,3097,-1958,13803,4254,227,13174,4281,446,13846,2544,-1254,12784,2339,-658,13035,3349,1236,13825,4485,-1244,13882,4688,-1768,14077,4653,1303,12997,5009,1229,14592,4369,-1248,14481,3785,287,12973,4441,1771,15068,4387,-269,14188,5079,-1090,14297,4965,879,13904,4199,470,14002,3109,-1371,14257,2264,-319,12888,3763,807,14255,3714,-1051,13960,3219,-2124,12948,3968,271,13402,3311,-164,13589,2650,-1765,13374,2645,-100,12882,3247,873,13721,4098,-585,14051,4918,-1563,13899,5401,426,13429,4972,484,14089,3946,-998,14214,3902,884,13319,4144,1956
14440,4175,-377,14447,4703,-1176,14049,5396,641,14426,4404,229,13941,3071,-1280,14014,2312,341,13283,3695,1104,14348,3700,-868,13976,2970,-1933,12777,3864,-259,13756,3889,-265,13723,3495,-1694,13462,2670,245,12654,3195,926,13884,3430,-891,13501,4584,-1328,13682,5204,80,13545,4821,86,13973,3971,-332,14237,3909,1149,13352,4249,1526,14531,3698,-555,14103,4572,-965,14240,5898,722,14587,4982,103,14168,3424,-1076,13903,2616,557,13579,3207,897,14175,3403,-1459,14086,3306,-1523,13244,3891,72,13406,3806,-652,13803,3142,-1410,13179,2855,92,12791,3323,776,13743,2899,-1202,13654,3724,-779,13185,5290,617,14140,4928,-384,13909,4334,-830,13784,4037,1187,13659,4580,1448,14765,4065,-537,14181,3867,-268,13728,5394,922,14945,5044,-436,14306,3821,-1148,13757,3000,593,13504,3049,956,14233,3210,-1275,14065,3540,-1032,13163,3998,-29,13538,3599,-1347,13692,2992,-1221,13338,3006,615,13006,2952,615,13516,2659,-1527,13665,3553,-919,13289,5527,593,14224,5099,-762,13901,4047,-563,13486,3894,1446,13738,4607,1224,14679,3956,-899
13895,3658,66,13599,5457,1247,15062,5387,-744,14343,4252,-1076,13924,3085,840,13391,3063,712,14273,2661,-1066,13979,3332,-983,13294,4088,-344,13730,3261,-1175,13663,3371,-1269,13482,3662,668,13334,3060,708,13064,2854,-1854,13917,2829,-783,12871,5300,502,13972,4872,-1072,14100,4161,-288,13190,4205,1660,13799,4515,812,14655,4208,-924,13917,3620,34,13755,5106,1450,14836,5367,-703,14825,4316,-938,13670,3691,1344,13832,3390,456,14515,2707,-1731,13789,2961,-838,13406,4428,833,14052,3556,-1512,13525,3065,-1732,13092,3236,655,13096,3405,55,13615,2868,-1601,12994,2656,-752,13253,4326,1443,13624,5075,-828,14438,4267,-1632,13559,4291,1526,13332,4684,904,14994,4180,-929,13917,3878,371,13527,4824,1614,14948,4997,-591,14420,4349,-1143,14072,3913,1205,13599,3988,268,14432,3165,-1822,13750,3109,-351,13207,4077,1070,14164,3521,-1414,13577,2726,-1937,12918,3201,912,13246,3261,-132,13815,2844,-1882,13237,2965,-478,13203,4309,914,13821,4768,-773,14091,4425,-1330,13452,4613,1335,13256,4646,662,14804,4023,-1110,13865,3990,547
13338,4992,1728,15187,5010,-811,14032,4663,-1011,14176,3971,1585,13918,3829,98,14492,2854,-1844,13886,2827,-124,13094,4692,993,14810,3016,-1341,12823,2678,-2089,13625,3159,754,13059,3998,-141,14082,3304,-1815,13240,3121,-376,12691,4037,844,14009,4025,-753,13711,4412,-1394,13595,4594,1181,13369,4435,689,14398,3899,-967,14241,3952,390,13113,4954,1471,15312,4676,-677,14024,4672,-792,14267,4193,1470,14013,4049,12,14187,3577,-1688,14437,2955,38,12690,4533,600,14684,3575,-1123,13727,2885,-1507,12797,3329,686,13669,3007,-534,13480,3143,-2129,13592,2948,-89,12600,3851,736,13869,3671,-830,13870,4146,-860,13425,4757,1044,13767,4399,73,14004,4165,-1100,14267,4618,697,13586,5000,1410,14724,4369,-410,14249,4619,-552,14022,4886,1251,14443,4298,-67,14075,3353,-1682,14072,2625,323,13075,3984,805,14504,3544,-1287,13968,2825,-1406,12396,3312,302,13991,3023,-404,13324,3339,-1779,13621,3009,40,12871,3640,377,13505,3716,-1134,14282,3979,-607,12850,5005,973,14204,4202,-2,13722,4196,-949,14028,4572,796,13954,4724,1212
14054,4271,-615,14696,3961,-62,13301,5082,1319,14765,4241,-268,14116,3286,-1334,13636,3115,292,13858,3405,733,13895,3952,-1350,14681,2930,-812,12279,3535,163,14139,2895,-912,13553,3267,-1625,13406,3639,247,13282,3480,506,13142,3308,-1522,14010,3629,-334,12949,5130,821,14149,4466,-513,13897,3916,-551,13442,4613,1155,14164,4753,845,14296,4353,-773,14092,3439,335,13632,4991,1338,15058,4743,-557,14408,3722,-1191,13668,3600,518,13844,3182,440,14117,3851,-1428,14188,3589,-392,13184,3245,189,13213,2624,-1296,13829,2833,-1472,13080,4108,213,13486,3450,237,13236,3069,-1629,13502,3472,-224,13531,5143,820,13766,4550,-910,14143,3512,-484,13155,4571,1444,14121,4963,482,14904,4429,-1007,13581,4021,716,14149,4995,1367,14565,4972,-730,14502,3768,-924,13575,3776,812,13673,3531,207,14476,2884,-1600,13337,3278,-249,13688,3763,810,13479,3062,-1634,13574,2684,-1527,13202,3706,486,13346,3833,-224,13908,3012,-1672,12972,3318,-117,13606,4703,1184,13785,4665,-981,14131,3982,-1024,13396,4474,1343,13622,4968,628,15139,4162,-1097
13256,4000,624,14110,4904,1498,14437,4909,-849,14423,3819,-710,13804,3723,1229,13676,3833,-228,14784,2896,-1756,13287,3473,-172,13613,4529,930,14187,3250,-1601,13199,2732,-1778,13234,3295,484,13203,3937,-458,14056,3060,-1751,12832,3075,-64,13316,4316,1241,13865,4780,-1049,14002,4522,-1379,13535,4508,1305,13267,4488,551,15033,3856,-749,13391,4160,919,13847,4903,1495,14847,4901,-1080,14233,4326,-991,14141,3972,1371,13769,3833,0,14627,2669,-1431,13592,3056,86,13269,4268,733,14517,3442,-1673,13383,2770,-1684,12994,3433,806,13480,3606,-403,13850,3141,-1889,12996,3074,77,13002,3967,1082,13900,4282,-1044,13890,4299,-1246,13680,4386,1439,13265,4454,321,14838,4048,-967,14030,4390,889,13371,4921,1451,15204,4733,-1011,14033,4486,-850,14217,4317,1441,13998,3976,28,14268,2674,-1466,13800,3053,276,13101,4420,524,14809,3406,-1828,13165,2721,-1702,13137,3164,1048,13377,3338,-307,13717,2930,-1897,13426,2939,-108,12643,3945,489,14291,4096,-1054,13775,4359,-976,13578,4624,1377,13577,4504,222,14281,4164,-972,14194,4282,858
13126,4789,1317,15242,4747,-758,13950,4445,-364,14169,4379,1468,14095,3819,-279,14265,2898,-1510,14038,2845,443,12924,4162,433,14861,3567,-1416,13420,3023,-1207,13075,3315,546,13564,3133,-442,13684,3195,-1806,13399,3189,162,12803,3858,278,13799,3912,-1554,13876,4324,-557,13316,4798,1469,13799,4172,82,13939,3691,-976,14025,4214,884,13601,4835,1009,14646,4544,-1019,14284,4418,50,13915,4915,1436,14643,4032,-238,14291,3214,-1498,13754,3042,375,13573,3673,529,14300,4175,-1598,14163,3330,-775,12563,3389,393,13619,2582,-756,13749,2966,-1728,13120,3305,245,13065,3603,229,13589,3823,-1604,13911,4146,-275,13104,4846,954,13906,4106,-306,14097,3799,-577,13612,4560,1188,14071,4870,755,14525,4513,-1069,14254,4475,112,13936,5313,1318,14688,4444,-403,14501,3276,-1142,13429,3264,674,13877,3258,311,13901,3629,-1814,14026,3651,-520,13065,3598,410,13226,2777,-1096,13882,2509,-1174,12953,3826,205,13500,3455,10,13536,3279,-1840,13393,4147,-306,13719,5002,1194,13685,4353,-330,14142,3379,-576,13348,4587,1135,14121,5247,441
14803,4487,-1075,13652,4494,722,13968,4923,1513,14506,4562,-602,14356,3420,-954,13681,3363,666,13507,3466,110,14632,2967,-1742,13579,3514,-239,13364,4091,640,13975,3281,-1499,13359,2738,-1401,13497,3352,581,12883,3843,-280,14084,3038,-1842,13201,3864,-164,13193,4956,1073,14093,4266,-568,13599,3918,-780,13788,4277,1171,13450,4937,484,14926,4161,-1119,13585,4098,689,13979,4873,1490,14717,4597,-844,14361,3709,-630,14074,3784,921,13631,4107,-254,14750,3120,-1759,13420,3726,-53,13604,4182,879,14009,3037,-1553,13137,2554,-1507,13534,3226,711,12854,3806,-474,13937,2981,-1898,13260,3231,-93,12947,4651,1138,14285,4178,-732,13603,3932,-909,13635,4223,1255,13458,4604,516,14977,4049,-971,13606,4479,696,14118,5373,1567,14864,5080,-913,14176,4126,-601,14222,3988,1198,13626,3958,-380,14700,2635,-1643,13375,3156,115,13211,3836,642,14624,2998,-1793,12953,2905,-1271,13511,2994,966,12967,3527,-815,13861,2832,-2134,13418,3042,-116,12566,4543,1362,14386,3925,-678,13510,4218,-1047,13721,4523,1144,13712,4698,186,14488,4435,-1116
14104,4273,949,13620,5251,1712,15005,4622,-969,13919,3883,-382,14083,3837,1294,14017,3883,-456,14396,2666,-1599,13702,2972,128,13031,4246,464,14867,3215,-1814,13085,3006,-1378,13053,3338,1052,13674,3289,-538,13313,2993,-2057,13468,2804,-282,12722,4344,993,13989,4124,-788,14057,4445,-955,13175,4838,1147,14019,4531,-247,14079,4246,-722,14121,4016,1089,13352,4817,1542,14981,4432,-688,14213,4345,-496,13975,4315,1205,14465,4044,-809,13987,3354,-1583,14130,3145,765,13166,4310,660,14559,3300,-1582,13566,2591,-1473,12638,3359,624,13907,3143,-537,13212,3136,-1806,13485,3165,325,12855,3858,301,13787,4069,-1278,14043,4242,-692,13032,4777,1181,14052,4151,102,13990,4018,-860,14050,4447,1097,13687,4592,1048,14546,4605,-872,14606,4589,-93,13748,5243,1236,14817,4146,-544,13946,3114,-1540,13630,2895,606,13370,3930,556,14326,3512,-1619,13820,2512,-1183,12421,3438,674,14058,3167,-727,13482,3268,-1733,13300,3172,281,12990,3556,-2,13492,3914,-1359,14268,4047,-276,12879,5033,1187,14060,4122,-200,14030,4061,-866,13749,5028,1063
14293,4814,815,14243,4362,-714,14312,4051,395,13789,5265,1314,14803,4440,-789,14193,3193,-1495,13407,3101,814,13785,3272,496,14043,3587,-1685,14015,3080,-483,12794,3686,68,13689,3119,-1223,13938,3061,-1540,12735,3766,424,13498,3224,319,13360,3542,-1690,13565,4246,-82,13667,5172,825,13500,4651,-743,14490,3569,-623,13093,4654,1457,14329,4569,690,14459,4155,-911,13631,4113,685,14345,5165,983,14530,4653,-814,14614,3240,-1112,13307,3429,857,13904,3192,405,14325,3378,-1625,13514,3805,-148,13637,3694,163,13268,3274,-1792,13936,2696,-1177,12978,3922,704,13185,3463,55,13854,2667,-1677,12816,3894,-61,13896,4778,687,13623,4689,-1094,13980,3656,-480,13423,4596,1684,13910,4738,840,14917,3810,-1143,13334,4213,583,14385,5253,1015,14633,5145,-932,14592,3486,-548,13615,3661,1036,13806,3275,53,14512,2911,-1688,13402,4062,-157,13761,3576,137,13265,3054,-1916,13592,2477,-788,13387,3665,795,12946,3513,-504,14246,2324,-1795,12694,3757,84,13660,4815,999,14164,4530,-1237,13520,3927,-523,13782,4316,1526,13419,5107,421
4,3924,-1066,13174,4177,1066,14066,4941,1246,15105,5008,-1448,14024,4201,-727,14152,3595,1315,13342,3683,-155,14771,2392,-1499,13384,3222,70,13097,4068,251,14716,3074,-2040,12900,3251,-1046,13559,3142,908,12964,3584,-537,13803,2849,-1999,13646,3262,-28,12499,4935,1076,14776,4178,-1187,13191,4441,-666,13849,4471,1471,13656,4791,166,14569,4111,-1012,13906,3922,934,13422,5044,1572,15382,4787,-1252,14035,4225,-355,14110,3756,1341,13849,3774,-408,14315,2806,-1549,13962,3202,150,12821,4237,499,14820,3051,-2076,13102,3069,-1196,13093,3576,1002,13621,3530,-763,13267,3159,-1785,13550,2660,48,12585,4277,918,14210,3851,-1218,13787,4234,-877,13258,4719,1417,14054,4523,100,14335,4239,-816,14203,4068,1060,13362,4947,1312,15222,4516,-1184,14093,4596,-335,13960,4409,1366,14377,3838,-758,13959,2910,-1350,14086,3010,501,12969,4448,387,14774,3010,-2032,13152,2907,-1158,12719,3306,1181,13977,3047,-956,12964,3092,-1799,13780,2636,272,12509,4154,732,14102,3924,-1247,14125,4412,-813,13008,4998,1189,14262,4422,-311,14005,4621,-725
14388,4411,1373,13521,4846,1358,14691,4348,-980,14425,4359,-286,13623,4772,1199,14705,3822,-968,13827,2850,-1264,13897,2969,943,13443,4204,351,14280,3236,-1948,13686,2658,-990,12433,3648,903,14094,3045,-1051,13342,3116,-1620,13085,3268,336,13342,3844,224,13394,4167,-1303,14238,4220,-468,12906,5044,1138,14196,4430,-436,14030,3899,-642,13852,4599,1574,13887,4443,843,14393,4361,-893,14492,4453,121,13707,5065,1102,15024,3985,-1040,13851,3129,-1350,13872,3105,1207,13600,3862,225,14203,3637,-1861,14019,2713,-912,12323,3469,496,14126,3012,-1008,13505,3233,-1594,13203,3492,736,13234,3484,-138,13542,3787,-1638,13973,4159,-37,12943,4941,1091,13948,4043,-517,13930,3998,-738,13862,4742,1571,14183,4642,709,14315,4256,-981,14302,4387,499,13931,5633,1042,14822,4418,-1004,14263,3125,-1271,13110,3197,1115,14214,3474,409,13957,3899,-1752,13946,2873,-790,12586,3412,253,13756,3131,-1089,13843,2919,-1567,12709,3568,650,13421,3070,-194,13422,3600,-1540,13800,4097,203,13448,4710,824,13657,4253,-722,14416,3700,-637,13267,5296,1415
14099,4827,1544,13845,4481,1086,14312,4101,-704,14468,4385,193,13861,4815,900,14645,3964,-1292,14022,3017,-1051,13884,3436,1140,13670,3875,58,14288,3115,-1769,13603,2900,-830,12680,3595,510,13968,3237,-1176,13359,3245,-1473,13253,3358,742,13256,3448,-17,13565,3705,-1451,13942,4311,-180,13204,5203,900,14167,4452,-668,13854,4017,-402,13796,4955,1674,14142,4387,631,14372,3727,-597,14044,4233,545,14173,5073,785,14864,4458,-1198,14050,3258,-1176,13513,3513,1177,13814,3799,49,14387,3344,-1666,13560,2818,-360,12944,3170,415,13932,2963,-1346,13502,3261,-1490,13198,3643,620,12929,3346,-234,13760,3184,-1285,13447,4153,126,13253,4877,615,14048,4164,-798,13762,3978,-260,13784,4996,1727,14141,4826,268,14580,3872,-704,13616,4380,883,14409,5498,705,15011,4582,-1201,14059,3330,-873,13596,3254,1210,13919,3572,-83,14306,3126,-1620,13665,2992,-194,12713,3389,201,14025,2869,-1359,13202,3282,-1154,13304,3552,481,13302,3100,-683,13327,2750,-1315,13606,3799,738,13232,4955,608,14390,4335,-1210,13747,4223,-281,13709,5376,1406
14688,5227,120,14459,4031,-359,13652,3533,1518,13723,4878,684,15293,4621,-1640,13928,3801,-763,13518,3647,1137,14186,3452,-322,14015,3010,-1566,13798,3250,286,13078,3693,132,14129,2845,-1908,13097,2850,-905,13149,3813,674,13539,3499,-907,13615,2750,-1628,13279,3718,914,13300,4830,704,14338,4543,-1462,13686,4334,-308,13207,5089,1398,14571,4867,97,14411,3744,-503,13740,3353,1936,13666,4690,811,15331,4792,-1939,14486,4272,-762,13494,4240,1023,14332,3490,-443,14092,3109,-1026,13657,2892,777,13088,3126,-187,13903,2707,-2101,13510,3272,-709,12883,4414,557,13818,3694,-1044,13225,2746,-1802,13307,3087,1101,13107,4192,994,14116,3957,-1704,13683,4079,-316,13300,5087,1511,14337,5080,-446,14649,4233,-773,13620,3996,2035,13954,4704,1108,15014,4740,-1598,14576,4312,-483,13493,4652,941,14393,3790,-873,14125,2939,-1273,13364,3137,1090,13383,3108,114,14057,2778,-2550,13510,3061,-527,12796,4148,759,13732,3590,-1245,13389,2704,-1914,12940,3081,996,13105,3928,1180,14233,4149,-1770,13849,4636,-517,13485,5555,1324,14237,5432,-603
14663,4589,-977,13799,3977,2408,13491,3966,1487,14790,4064,-1537,14508,4197,-429,13684,4860,575,14323,3851,-1117,14229,2964,-1191,13350,3464,1099,13540,3400,363,14001,2836,-2199,13560,2892,-671,12713,3914,652,13943,3641,-1536,13595,3099,-2225,13031,3109,1036,13287,3773,1234,13995,4169,-1470,14023,4558,-518,13351,5247,942,13817,4877,-683,14787,4227,-529,13295,4322,2151,14047,3828,1527,14425,4215,-1328,14401,4466,-525,14182,4895,585,14311,4341,-1266,14464,3005,-723,13346,3526,1529,13724,3269,195,14190,2509,-2225,13246,2718,-506,13064,3890,609,13600,3941,-1446,13909,3192,-1729,12582,3475,593,13434,3439,918,13705,3654,-1259,13588,4355,-356,13594,4955,1091,13610,4933,-829,14858,4292,-753,13623,4604,2082,14007,4139,1211,14649,4071,-979,14231,4573,30,14387,5051,431,14456,4301,-1402,14210,2830,-808,13358,3688,1547,13713,3401,158,14098,2531,-2273,13026,2800,-512,13171,3638,614,13655,3785,-1701,13784,3049,-1703,12722,3394,677,13110,3145,617,13974,3228,-919,13441,4203,-81,13641,4839,682,13847,4876,-1075,14492,4722,-687
13923,5286,1869,14042,4179,1148,14432,3548,-554,13926,4284,401,14317,4872,395,14351,4439,-1664,14260,2908,-745,13389,3561,1546,13698,3497,-32,14709,2625,-1748,12666,2923,-462,13410,3415,246,13599,3710,-1769,13807,3323,-1471,13083,3471,941,12839,3025,27,14109,2850,-1078,13226,4427,225,13796,5153,445,13887,4919,-1252,14048,4489,-318,14144,5402,1788,13865,4301,797,14791,2826,-244,13220,4047,855,14749,4897,371,14620,4999,-1976,14123,3449,-958,13602,3633,1354,13666,4151,78,14866,2620,-1368,12617,2799,-509,13349,3028,221,13902,3495,-1704,13259,3657,-1448,13585,3424,741,12295,3302,-406,14304,2620,-966,13186,4252,426,13465,4751,291,14490,4497,-1189,13176,5000,-185,14687,5146,1654,13559,4816,394,14756,2810,-188,13449,4072,1239,14222,5501,138,15540,4959,-1846,13682,3869,-806,13760,3281,1259,13675,3882,17,14517,2302,-1468,13042,2708,-99,12836,3095,130,14391,3429,-1719,13031,4008,-1036,13674,3442,502,12701,2996,-924,13526,2396,-893,13656,3898,889,12932,5011,321,14799,4375,-1316,13123,4914,-194,14230,5483,1135
14430,5010,5,14141,3205,155,13838,3340,1863,13641,5166,305,15969,4775,-2121,13551,4384,-616,13792,3582,928,14033,3468,-405,14082,2964,-824,13671,2895,529,12613,3326,-657,14521,2872,-1996,12844,3912,-642,13315,4009,521,13539,2838,-884,12973,2409,-1269,13753,3626,1187,13173,5067,162,14600,4528,-1898,13594,4649,327,13360,5336,1416,14899,4677,-109,13897,3407,18,13726,3462,1989,13749,5312,197,15737,5081,-2154,14024,4557,-431,13461,4002,867,14235,3334,-475,13981,2824,-605,13519,2545,1017,12983,3016,-678,14288,2789,-2384,13374,4003,-419,12956,4562,394,14010,3269,-1394,12922,2442,-1147,13521,3149,1559,13090,4634,320,14196,4422,-2157,13872,4639,160,12966,5506,1529,14916,4746,-485,14203,3655,-142,13517,3406,2363,13997,4817,338,15005,4891,-2032,14530,4510,-105,13206,4411,1068,14736,3211,-816,13944,2561,-944,13373,2957,868,13646,3328,-463,13832,3382,-2265,13635,3498,-249,12789,4385,442,13944,3266,-1594,13255,2299,-1252,12774,2894,1694,13541,3832,544,13964,4501,-2148,14003,4699,-125,13230,5234,1242,14462,5023,-753
14622,4062,-133,13467,3832,2726,13930,3830,681,14649,4437,-1808,14677,4830,-354,13852,5063,626,14422,3689,-1150,14202,2737,-643,13192,3232,1457,13814,2922,-539,13765,2841,-2438,13445,3535,-267,12777,4272,514,13921,3350,-1763,13210,2415,-1637,12818,2846,1544,13278,3496,793,14089,4194,-1749,13934,4849,-93,13367,5518,855,14223,5086,-1039,14688,4259,-109,13287,4241,2632,14254,3505,906,14471,4330,-1364,14610,4966,-192,14062,5222,253,14309,4100,-1534,14108,2668,-364,13135,3498,1610,14066,2773,-362,13717,2461,-2219,13333,3185,-108,12922,4246,291,13886,3606,-2037,13394,2518,-1631,12648,3008,1408,13632,3172,747,13874,3962,-1459,13783,5060,-111,13495,5668,468,14081,5243,-1270,14556,4167,53,13305,4286,2655,14169,3275,957,14358,3730,-980,14419,4999,-215,14347,5478,-227,14511,4319,-1792,13888,2815,-101,13408,3776,2054,14051,2644,-299,13739,2126,-2477,13194,3107,-162,13302,4363,208,13853,3929,-1969,13437,2753,-1327,12765,3181,1095,13416,3064,393,13921,3549,-1252,13402,4739,33,13553,5358,365,13999,5196,-1405,14317,4300,-50
13590,4455,2492,14264,3195,915,14216,3305,-662,14101,5384,40,14992,5745,-498,14294,4740,-1861,14127,2669,-26,13204,3546,1961,14133,2789,-178,14050,2007,-2014,12669,3263,-323,13857,4014,-183,13465,4126,-2053,13732,3158,-984,12681,3179,1064,13370,2786,-27,13951,3032,-921,13071,4702,309,13906,5042,231,13883,5260,-1466,14192,4655,8,13946,5005,2047,14130,3732,735,14508,2765,-127,13353,5109,646,15391,5735,-556,14372,4852,-2085,13929,2783,46,13217,3866,1865,14490,3085,-105,13788,1619,-1837,12574,2922,-229,13995,4147,-561,13771,4479,-2032,13585,3361,-600,12741,3015,933,13151,2770,-225,13998,2672,-1025,13043,4741,472,13806,4855,27,14131,5208,-1301,13673,5070,85,14291,4892,1663,13899,3867,484,14462,2329,385,13405,4713,1012,14866,5979,-833,15155,4960,-2113,13341,3433,64,13512,3884,1597,14837,3581,-207,13553,1667,-1624,12903,2338,276,13539,3947,-903,14205,4497,-1980,13599,3723,-316,12549,3186,578,13680,2444,-451,13321,2643,-975,13467,4096,729,13408,4747,-202,14254,5024,-1217,13696,5251,214,13789,5311,1158
14625,4063,247,13772,2567,582,13719,3849,1731,14574,5552,-776,15194,5285,-2440,13801,4148,295,13433,3681,1245,14406,3278,-473,13964,2078,-588,12994,2449,359,13578,3262,-1045,14019,4203,-2384,13530,4187,-436,12927,3674,822,13294,2272,-868,13458,2013,-624,12942,3980,1297,13834,4598,-594,14163,5128,-1759,13725,5213,450,13589,5443,1065,14770,4336,-189,13907,2839,584,13402,3711,2378,14507,5164,-539,15221,5138,-2532,13921,4285,139,13445,3817,815,14454,3519,-619,14252,2618,-302,12904,2788,873,13419,2803,-1066,14093,3619,-2451,13288,4428,-578,13184,3983,466,13487,2505,-1082,13184,1874,-382,13086,3591,1675,13559,4714,-774,14363,4955,-2439,13673,5360,547,13585,5440,1237,14753,4309,-291,13989,2933,921,13319,3358,2493,14194,4970,-692,15489,5274,-2508,14089,4967,145,13607,3980,1059,14380,3301,-831,14180,2737,-282,13186,2468,1043,13269,2741,-1193,14258,3286,-2199,13287,4440,-171,13178,4136,134,13678,2456,-1677,12939,1947,-609,13099,3110,1959,13529,4345,-514,14144,4768,-2376,13800,5258,510,13210,5625,978,14943,4480,-858
14111,3306,964,13311,3108,2976,14168,4104,-345,14910,5240,-2481,14545,5534,-174,13675,4895,686,14471,3046,-897,13893,2105,185,12896,2743,1558,13918,3009,-1291,13858,3371,-2697,13531,4263,-54,12848,4160,260,14029,2857,-1640,12974,2070,-710,12952,2759,1776,13591,3756,-136,14043,4942,-2136,14069,5448,337,13050,5687,584,14593,4467,-835,14293,3607,924,13157,3585,2672,14599,3779,264,14452,5087,-2087,14645,5688,-192,14053,5058,74,14061,3319,-1027,14093,1984,681,13051,2632,1859,13806,2663,-1272,13961,3114,-2895,13473,4535,-173,13162,4498,-12,13941,3232,-1504,13303,2213,-510,12561,2621,1446,13706,3204,-271,13862,4707,-2091,13848,5567,290,13453,5680,493,14089,4755,-1063,14723,3584,971,12875,3742,2423,14422,3482,270,14471,4681,-1562,14206,6001,-2,14651,4981,-82,13817,3466,-1283,14148,2631,718,13517,3361,1824,13876,2269,-1298,13543,2581,-2539,13554,4567,-277,13649,5125,-234,13766,3438,-1500,13038,1991,-132,12573,2341,1477,13578,2903,-520,13854,3957,-1850,13632,5535,197,13710,5696,332,14063,5102,-1045,14410,4222,825
13194,3913,2439,14368,3001,376,13946,3784,-1083,14486,6110,45,14886,5833,-603,14114,4142,-1314,14159,2452,801,13110,3323,1630,14429,2670,-651,13736,2384,-2229,12870,3988,-462,13931,4309,-462,13291,3701,-1918,13539,2456,302,12524,2551,1162,13425,2854,-713,13932,3795,-1234,13357,5690,18,13873,5347,-151,13894,5079,-1049,14263,4139,1285,13705,4133,2262,14232,3211,332,14256,3301,-484,13868,6221,-17,15353,5750,-1000,14174,4348,-1369,13777,2573,1028,13486,3514,1851,14352,2655,-762,13590,1876,-1977,12696,3645,-347,14035,4290,-833,13667,4276,-1636,13415,2857,332,12919,2736,961,13170,2677,-847,14127,2979,-1051,12920,5506,122,14064,5038,-483,14166,5009,-836,13488,4691,1142,14518,4166,1715,13518,3715,108,14601,2763,62,13401,5898,592,15210,5984,-1087,14791,4227,-1411,13073,3049,1071,13989,3393,1588,14488,2967,-1184,13489,1765,-1706,13049,3200,273,13660,4497,-1395,14335,4331,-1573,13014,3583,435,12907,2537,1115,13192,2435,-1120,13642,2824,-1294,13256,4609,587,13467,4883,-514,14506,4761,-1037,13372,5155,803,14321,4649,1414
14175,3727,10,13973,2682,617,13645,5082,1094,15031,5955,-1255,14953,4688,-1640,13322,3685,990,13897,3102,1060,14173,2844,-891,13902,2442,-542,12800,3457,-88,13912,3823,-2041,14142,4061,-1906,12988,3992,716,13225,2741,973,13190,1906,-1210,13359,2368,-641,13126,4481,809,13774,4824,-1263,14507,4946,-1283,13341,5483,1065,14270,5191,1139,14338,4028,-357,13868,2596,740,13517,4314,1759,14712,5528,-1334,15327,4712,-1923,13098,4212,944,14130,3407,699,14246,3381,-1014,14100,2980,-282,13272,2935,104,13111,3170,-1744,14601,3163,-1597,12612,4710,432,13503,3107,549,13362,2213,-1502,13025,2344,-429,13719,4133,885,13271,5150,-1445,14800,4647,-1470,12981,5528,1318,13846,5159,850,14869,3759,-371,13231,2827,1352,13856,3577,1881,14308,5639,-1335,15567,4992,-1924,13728,4891,967,13873,3695,386,14457,3310,-1029,14034,3053,96,13196,2387,454,13180,2792,-1797,14377,3297,-1781,13025,5033,597,13414,3585,106,13597,2193,-1806,12676,2325,-111,13552,3633,1121,13337,4657,-1104,14330,4259,-1514,13493,5547,1291,13406,5577,205,15352,3997,-997
13063,3760,2447,14870,2897,48,13724,4163,-644,14641,5906,106,14678,5706,-962,14107,3765,-1327,14025,2765,1259,13177,3476,1653,14717,2170,-1403,13123,2593,-1991,13209,3938,62,13753,4645,-965,13466,3745,-1801,13614,2313,614,12120,2773,1182,14156,2534,-1011,13537,3933,-1215,13449,5223,327,13931,5375,-480,13923,5049,-1011,14473,4432,1402,13205,4130,2181,14692,2908,71,13795,3599,-276,14210,5984,109,15375,5608,-1272,13932,4000,-1146,13928,2820,1219,13343,4141,1492,14921,1887,-1269,12593,2230,-1614,13504,3455,-207,13842,4901,-1161,13845,4018,-1287,13056,2809,505,12579,2487,850,13767,2252,-1201,13582,3368,-752,13166,5232,386,14322,5261,-785,13891,5385,-739,14127,5055,1108,13822,4309,1474,14219,2947,106,13901,2974,636,13793,5778,398,15600,5761,-1602,14076,4285,-1279,13462,3459,1213,13972,3989,759,14506,2345,-1650,12845,1494,-106,13128,3097,-173,14143,4503,-1734,13857,4146,-1685,12998,3123,767,12767,2524,898,13861,2389,-2100,13371,3385,-151,13378,4846,896,13913,5345,-1326,14035,5211,-1272,13644,5269,1222,14002,4296,1659
14106,2809,-175,13955,2732,911,13696,5597,692,15637,5899,-2027,14183,4769,-1318,13689,3347,1163,13654,3411,1064,14643,2810,-900,13467,1700,-799,12620,3153,114,14364,3653,-2100,13528,4987,-1807,13900,4174,957,12560,2835,488,13522,1933,-1290,13412,2693,-284,13055,4617,768,14072,4519,-1178,13834,5050,-1097,13732,5517,976,14041,4968,1056,14513,3454,-40,13669,2726,1389,13739,4951,1034,15252,5685,-1797,14631,4879,-1371,13428,4072,1101,13874,3464,654,14540,3297,-1076,13875,2147,-45,12343,2542,399,14019,3193,-2684,13948,4905,-1787,13366,4759,946,12967,2637,941,13151,1873,-1535,13476,2178,-579,13183,4174,1038,13686,4677,-1481,14499,5098,-1232,13552,6162,1001,14111,5179,641,14715,3273,93,13168,2506,1326,13918,4203,1384,14686,5692,-1577,15010,5138,-1495,13463,4573,1072,13963,3395,127,14233,3508,-765,14118,2456,221,12443,2466,108,13965,2232,-1929,13856,4423,-1970,13601,5134,824,13303,3338,155,13359,1969,-1488,12962,2308,143,13512,3828,837,13672,4654,-1253,14280,4869,-1295,13442,5979,803,13762,5491,170,14953,3941,-89
