X:15159 Y:782 Z:4575
Fault class: healthy (100.0%)
X:18987 Y:103 Z:7975
Fault class: healthy (99.1%)
X:20674 Y:-1028 Z:3450
X:18017 Y:-3071 Z:763
Fault class: healthy (100.0%)
X:14581 Y:-2833 Z:-3989
X:11659 Y:1487 Z:472
Fault class: healthy (100.0%)
X:11029 Y:6082 Z:-7006
Fault class: healthy (100.0%)
X:9225 Y:9698 Z:-498
X:9434 Y:13550 Z:4124
Fault class: healthy (100.0%)
X:12027 Y:8059 Z:3425
Fault class: healthy (100.0%)
X:13456 Y:4204 Z:6455
X:16256 Y:163 Z:4347
Fault class: healthy (100.0%)
X:20434 Y:558 Z:10269
X:18707 Y:-2901 Z:-6118
Fault class: healthy (100.0%)
X:15509 Y:-3225 Z:2313
Fault class: healthy (100.0%)
X:11147 Y:2338 Z:-7229
X:10908 Y:6061 Z:-62
Fault class: healthy (100.0%)
X:10934 Y:10641 Z:-2263
Fault class: healthy (100.0%)
X:11478 Y:10698 Z:7433
X:14334 Y:3837 Z:4049
DHT11: 39.0% RH, 29.7C
Fault class: healthy (100.0%)
X:16855 Y:1019 Z:7797
X:19814 Y:-42 Z:7751
Fault class: healthy (100.0%)
X:18902 Y:-2909 Z:-2867
Fault class: healthy (100.0%)
X:14335 Y:-2660 Z:1469
X:11169 Y:1051 Z:-4948
Fault class: healthy (99.5%)
X:10021 Y:6040 Z:-2755
Fault class: healthy (100.0%)
X:8421 Y:9836 Z:-4090
X:8934 Y:12585 Z:7809
Fault class: healthy (100.0%)
X:12227 Y:7730 Z:110
X:15554 Y:4068 Z:11269
Fault class: healthy (100.0%)
X:19302 Y:-1834 Z:2887
Fault class: healthy (100.0%)
X:21199 Y:-1470 Z:7074
X:18100 Y:-3528 Z:-4694
Fault class: healthy (100.0%)
X:14559 Y:-2490 Z:1252
Fault class: healthy (100.0%)
X:10957 Y:3197 Z:-6508
X:8195 Y:8419 Z:-1826
Fault class: healthy (100.0%)
X:9920 Y:12896 Z:2677
X:5377 Y:8080 Z:3083
Fault class: healthy (100.0%)
X:14104 Y:3297 Z:7725
Fault class: healthy (100.0%)
X:18166 Y:309 Z:4376
X:21335 Y:-757 Z:6195
Fault class: healthy (100.0%)
X:17006 Y:-2121 Z:-6993
Fault class: healthy (99.8%)
X:12247 Y:442 Z:3518
X:9098 Y:5605 Z:-10161
Fault class: healthy (100.0%)
X:7499 Y:9022 Z:4721
X:11528 Y:13529 Z:1177
Fault class: healthy (100.0%)
X:11066 Y:7025 Z:6596
Fault class: healthy (100.0%)
X:15805 Y:2234 Z:5113
X:18494 Y:372 Z:8080
Fault class: healthy (100.0%)
X:20941 Y:-1619 Z:4567
Fault class: healthy (100.0%)
X:16866 Y:-3923 Z:-5180
DHT11: 39.0% RH, 29.6C
X:14536 Y:-566 Z:492
Fault class: healthy (100.0%)
X:10450 Y:2695 Z:-5362
X:9834 Y:6523 Z:-1772
Fault class: healthy (100.0%)
X:11047 Y:11413 Z:-2364
Fault class: healthy (100.0%)
X:11721 Y:10655 Z:7528
X:11136 Y:5100 Z:2308
Fault class: healthy (100.0%)
X:15597 Y:1491 Z:10597
Fault class: healthy (100.0%)
X:20612 Y:509 Z:3238
X:19958 Y:-1431 Z:3946
Fault class: healthy (100.0%)
X:16821 Y:-1441 Z:-4553
X:12632 Y:1770 Z:1696
Fault class: healthy (100.0%)
X:10468 Y:4972 Z:-9377
Fault class: healthy (100.0%)
X:8210 Y:8182 Z:2525
X:12073 Y:11866 Z:3830
Fault class: healthy (100.0%)
3X:9878 Y:3936 Z:5995
Fault class: healthy (100.0%)
X:15175 Y:2558 Z:6524
X:18493 Y:1227 Z:6371
Fault class: healthy (100.0%)
X:21067 Y:-452 Z:6641
X:17392 Y:-2043 Z:-7278
Fault class: healthy (100.0%)
X:14307 Y:416 Z:3776
Fault class: healthy (100.0%)
X:11646 Y:747 Z:-5213
i[debug] got bytes: 0x33 ('3')  0x69 ('i')

Selected: Speed 3, imbalance. Set up the fan now.
Send 'S' when stable and ready to capture, 'X' to cancel and return to menu.
X:10309 Y:4756 Z:-991
Fault class: healthy (100.0%)
X:8999 Y:8780 Z:-5745
Fault class: healthy (100.0%)
X:10374 Y:12619 Z:6627
X:11414 Y:6410 Z:-1793
Fault class: healthy (100.0%)
X:11260 Y:4379 Z:10006
X:15960 Y:2554 Z:3962
Fault class: healthy (100.0%)
X:17626 Y:873 Z:7893
Fault class: healthy (100.0%)
X:19991 Y:-970 Z:3827
s
=== CAPTURE START: speed3_imbalance ===
9906,9309,4261,9880,12833,2897,10653,9840,1219,9905,6113,6776,10373,4475,4852,13895,3069,3007,14996,1982,8447,15909,872,10491,19593,893,6248,20451,745,906,19596,-1056,4002,19192,-817,3231,18038,-1561,-4998,15294,289,-3295,13582,124,2816,11925,820,-1763,10518,3720,-8773,11053,5714,-2949,8269,8163,407,10348,9422,-4600,9382,11922,1393,10184,10664,10113,10751,6694,1564,9881,3719,804,12772,3094,9963,15356,2508,8724,16381,704,4072,18990,939,5506,20063,1441,8669,20795,-1216,4988,18679,-487,-5564,18456,-1213,-1897,15599,825,2724,14586,-438,-4250,11695,1193,-3015,10251,3231,519,11451,5578,-6639,9035,8084,-7781,8957,7884,2144,8444,12047,5172,11707,10221,1160,9590,8072,4199,10095,3512,6559,12174,3447,3347,15687,2067,6086,15647,979,9924,18739,1224,8387,20572,695,3165,20357,-518,1987,20207,54,3196,18020,-3030,-1675,15191,936,-6327,15688,-158,954,11702,2266,2621,10828,2678,-8660,10915,5603,-6272,8721,7021,868,8515,9444,-2029,9358,11382,-1697,10877,10534,9573,8800,7182,4585,10487,3907,-1397,11658,3748,7203,15340,2060,11115
14535,1003,-3964,12714,405,2813,10471,2148,-816,9828,4804,-10537,10506,5741,-3869,6600,8625,3738,10378,9123,-3007,8821,12259,2029,11582,6896,9689,7927,6528,617,14013,2477,2070,13096,3721,10605,16605,1985,8577,18271,181,4625,19143,984,5485,20919,-81,8427,20350,558,2323,19419,-975,-8393,16495,-654,-1905,14769,721,3410,13639,524,-3229,10657,2731,-4625,9926,3851,-1363,9792,5461,-4920,7835,9010,-5452,9866,9493,3027,8556,11341,7218,11143,7872,512,9414,6400,2309,12389,4056,8700,14582,2739,5628,14690,1410,5171,18971,712,9348,18948,1948,8777,21966,-743,3002,18764,-107,-621,19666,-965,567,17053,69,-1898,15266,332,-4922,12848,657,577,10685,1302,2015,9659,3527,-8753,10357,6456,-7619,8145,7764,3082,9442,11068,-169,10608,10829,-634,9127,8452,8627,9490,6035,3752,12328,3627,1389,13780,3626,7529,16481,1670,10719,17058,1450,5918,19958,421,3599,20426,192,7153,20399,-112,5619,18817,-1266,-6057,17184,-635,-5744,15091,460,3424,13432,394,-157,10996,1139,-5908,9742,4218,-3017,10784,5414,-2475,8136,8401,-5735,9750,9529,-1154
19427,1020,5124,19246,1130,1732,20339,-362,6445,19404,-500,3297,18296,-1342,-7684,15157,-366,-1841,14082,771,3560,12770,650,-3143,10658,2930,-6845,9923,4802,-1431,10693,6880,-2669,8679,8905,-5377,9310,8753,2128,8753,11080,8349,12569,7920,1247,9891,6137,1654,12741,2435,9141,13768,2896,6667,16910,1681,3573,18204,1763,8590,19376,1284,10248,20456,-819,2414,19058,-442,-3971,18609,-563,-1632,16335,-320,583,14513,-572,-3492,12358,783,-12,10845,2399,1324,9830,4516,-8278,10617,5949,-7637,8450,8402,3221,10162,10652,1840,9847,10260,-695,10735,9270,7732,10607,6373,5195,12653,3274,824,13617,2720,7278,16305,1676,11522,17463,1903,7640,20269,559,1667,19516,228,4040,19626,-228,6511,18585,-1395,-4479,16324,-58,-5679,14658,-133,3264,12429,479,-124,11558,1274,-6898,9471,4677,-2856,11129,5114,-559,8474,8438,-5755,10662,10163,-2483,8980,10560,7974,11705,9212,4693,10155,6635,-369,11586,4091,7737,13923,3518,8212,16256,2141,3560,16900,1750,6535,19433,414,10628,19713,117,5740,19545,-667,-2490,18731,-742,-3361,16676,-423,1221,15139,-1127,-2198
9683,12243,8888,12545,9151,3032,10988,5401,952,10652,2933,7807,15314,4152,7254,16658,3901,4675,18014,1009,7697,17514,460,8827,20398,-1228,2788,18257,18,-2197,18423,-2195,980,15177,-1414,1014,14565,-1859,-4169,12581,815,-2350,11241,1467,1173,10272,3940,-6870,11323,6321,-7501,9295,7840,2840,10039,11787,1429,11539,10238,-1676,9972,9982,6335,10980,6511,5998,12461,5289,1915,13921,3658,6284,15911,2322,11124,16521,1922,7564,19806,453,1192,18960,-122,4363,19104,-1614,7640,18267,-2210,-3370,16321,-1454,-6471,14356,-1055,2310,12556,109,756,12026,521,-5450,9674,3783,-3363,11279,6115,-1246,10408,7681,-5329,9548,10862,-3330,10630,11009,6124,11370,12297,6863,11759,6596,-239,10423,4886,6227,13979,3009,8885,15793,2854,3554,16410,2185,6340,19358,112,10002,18453,1051,5652,20108,-1617,-332,17509,-1377,-1398,16877,-1538,516,14791,-1703,-2011,13054,-166,-3595,11822,435,2297,10738,2790,-2912,11071,5776,-10311,10327,7567,-1927,8452,10061,3486,12006,11122,-2006,10596,11572,4059,11714,7545,8461,10205,5450,1591,13923,3460,3118,14922,3557,10145,16410,2455,9998
12251,-1039,-2360,11885,552,2759,11083,3258,-5678,10255,6523,-8527,11441,7132,-78,8792,11767,1955,12495,10353,-2127,9663,11492,5025,11860,7183,7894,10865,6134,982,13812,3352,4397,14599,3109,11239,16306,1580,8634,18968,34,1853,18031,579,3932,19753,-349,8094,18413,-2046,-421,16510,-1530,-7104,15180,-1505,966,13668,-82,1729,12273,-139,-5437,10222,1916,-3896,10770,5406,-877,10886,7355,-4670,9509,10418,-4183,11710,9641,4453,9505,12029,5527,12168,7192,-218,9961,6775,5188,13682,4751,8711,15098,3539,4578,15453,2253,5134,18141,140,9777,18051,1524,7450,20739,-1552,436,17431,-1535,-326,17231,-2112,1031,16080,-1624,-2899,13632,-953,-3694,12185,-511,2498,11004,1796,-1298,10615,4838,-9198,10986,7157,-4101,8995,9394,3367,12058,12666,-1890,11439,11595,1164,10238,8213,9018,10360,5627,2805,13275,4922,1473,14412,4916,8915,15928,1796,11364,16746,112,4772,18955,62,812,19526,232,7419,18588,-1383,5925,17203,-2199,-5610,16197,-1122,-3017,14358,271,2476,12812,-1141,-3114,10537,698,-5192,10730,4492,-415,12228,7134,-2984,9244,8861,-6604,10982,9315,228
18217,646,3210,18398,1168,2930,19358,-712,8750,18180,-1592,3544,17607,-1579,-6341,16000,-1960,-1478,13248,-843,2034,13376,-1076,-4391,11473,1451,-2759,10182,4496,354,11823,6079,-5476,9178,9207,-6387,12540,10956,2122,10078,12675,5320,11492,7748,1727,9489,7064,4565,13404,5405,7556,13537,5406,3722,16042,1586,5463,15479,884,10710,18807,235,7747,19209,738,485,19048,-662,1633,17641,-1520,3711,16227,-2457,-2726,14187,-1569,-4705,13404,-1296,743,11436,1195,762,11123,2752,-7836,10891,6875,-5821,10255,7231,2258,10837,12408,-1621,12562,11852,-2644,9454,10024,9077,10459,6045,4660,11704,5528,138,13660,5008,7604,15437,3250,10446,15329,1040,6249,19000,326,1526,18100,1467,6838,19899,-728,7946,17738,-2428,-3323,16414,-2233,-4868,14908,-1098,2722,13919,-1365,-2079,12048,846,-4993,11267,2549,779,10862,6241,-2948,10480,6856,-8008,10409,9892,-1226,10593,12167,5534,12122,11345,2784,10500,6847,2546,9391,5031,6291,13812,5732,5747,15838,4259,3141,15471,1713,8996,16752,226,11064,19387,342,2786,19204,274,-184,18946,-1972,4320,15966,-1504,482,16503,-2648,-5384
10221,12523,4603,12411,12115,538,11521,6056,4634,8341,5570,7165,15924,5569,3154,14338,5077,4311,15848,976,10188,17703,544,9934,18961,637,2220,19619,-1176,1594,17754,-1432,4464,17204,-2254,-1621,15457,-1198,-5880,13932,-1688,880,11504,27,2484,12131,779,-7268,9478,5897,-6987,11032,6037,1144,9268,9476,-1047,12054,11711,-3915,10889,12771,6437,11631,8549,6933,9669,5563,-1331,13547,5435,5998,14636,5000,11232,16505,2203,7026,16757,-445,2735,18582,291,6011,19227,327,8460,19158,-1810,-469,16567,-1905,-4472,16001,-1889,1364,14188,-1320,-1309,12374,-570,-4943,11600,826,173,9357,4571,-1302,12241,5877,-8374,9087,9464,-3225,11334,10561,4138,10604,12774,1594,11728,10252,2262,11574,5699,7558,9805,5480,5259,16352,3171,2093,13856,4642,8364,18570,59,10757,17874,463,4784,19133,-393,1176,19120,-1446,4784,17120,-899,1251,17227,-3168,-5945,13074,-1031,-2402,13122,-1186,3705,11943,719,-2441,10294,3705,-9080,11283,5745,-1951,9309,9429,467,12161,10586,-4453,10312,12234,1821,10601,9851,9653,11749,7061,1131,11061,5655,2072,14231,4605,9596,14717,3023,9152
14333,-1840,31,11819,-555,2415,12005,545,-5684,10253,5264,-7921,11181,6330,612,8917,9743,-654,11337,10345,-5176,10168,12097,4163,10328,9642,8841,11503,5367,-849,9975,5359,4599,15433,3144,11137,14309,2871,6240,18168,193,3694,18604,633,6938,19706,-36,8602,19451,-1685,459,18070,-352,-5045,17303,-916,846,14703,-1065,469,12723,-1196,-5093,11332,393,-216,10339,4498,-1413,11731,6108,-8014,8738,9187,-4075,10606,9384,3428,10339,12884,2181,11239,9355,1454,9927,5902,7163,10942,5008,5004,14685,4264,2779,15006,2726,7834,16150,596,10716,19274,628,6927,19998,215,326,18857,-940,3594,18690,-601,2788,17704,-1504,-5054,14980,-689,-2667,12744,-1220,3133,11953,164,-2170,10587,3489,-9115,11118,5578,-2741,8192,9080,1607,11446,9049,-4610,9431,12220,-58,11378,10151,10012,10362,7642,1872,11076,4394,604,12875,4428,10339,15543,3028,8550,16295,1065,4216,18670,529,5518,19350,388,8842,19815,-1159,3901,18679,-651,-5335,17898,-962,-1544,15251,-556,2656,13541,-1479,-3936,11749,-25,-2753,10345,2876,311,11355,5377,-6518,9132,8670,-6843,10101,8534,1874
18746,-282,4055,18726,277,5981,19393,878,10018,20894,-1662,711,17104,400,-8013,17800,-1591,569,14145,210,1401,13666,-399,-4611,10964,1151,-700,9212,4765,-1619,11317,6020,-7799,9282,8450,-3918,8955,8921,3847,9346,11590,3826,12039,9663,1355,9146,6590,4871,11720,4030,6797,14662,3902,2875,15582,2935,7739,17411,178,10909,18784,868,6659,20639,-105,983,19458,-471,2475,18610,-612,1638,17549,-1534,-4578,14284,-466,-3129,13123,-409,2050,11585,733,-767,9705,3872,-9113,11462,5894,-4036,8049,7979,2670,10191,9575,-3601,9260,11464,-618,12093,10743,10962,9404,6610,1600,11442,3880,15,13615,3517,10562,15939,4200,8948,18096,156,4763,17628,778,4657,20680,-189,8072,19590,615,4775,19447,-1492,-5892,16586,-1479,-3293,14762,-1315,4125,13437,-417,-4247,11771,1280,-4512,10000,3527,806,10818,5346,-5388,9178,7737,-7218,9380,9446,2726,9669,11279,4618,10941,10344,897,10812,8004,3970,10896,5404,6849,14485,3759,5156,14818,1654,5285,16697,1762,9512,19399,1465,9135,19721,886,1196,19726,-709,1466,18931,-1327,5003,17051,-1893,-3033,15245,-1407,-5865
9755,13465,3976,13281,9181,2639,8721,5479,3287,11498,3754,7353,15345,4099,5016,15661,3857,5043,17672,-325,11029,18007,1570,8104,20657,-416,-341,19177,420,1126,18036,-1703,2490,16589,-2848,-3946,13863,-989,-3319,13473,81,1933,11136,1723,-727,10079,3485,-8465,11148,6891,-4184,9831,7582,1921,9782,10297,-2318,10288,11014,-921,10567,11151,10419,11799,7725,3041,11668,4685,302,12782,2325,9585,15412,2980,10343,17217,917,5531,19371,836,2481,18906,910,6921,19885,-531,6298,18343,-1537,-4820,16343,-1707,-4063,14600,-455,3389,13748,-526,-2908,11481,1184,-4712,10655,3422,290,11101,6264,-4045,10460,7236,-7788,8474,8314,657,9600,10316,5249,12043,11036,2416,11209,8726,2461,11052,5203,6984,12957,3989,5345,15211,1630,3972,16047,1775,9549,18975,1259,10196,19120,928,2384,19589,-138,-222,18797,-1293,2503,17123,-1234,-1955,15301,-1852,-4232,13206,-1069,790,11581,741,2201,11568,2251,-6501,9438,6198,-7647,11557,5610,801,8008,10062,-124,12260,10380,-3546,9747,12315,7135,11897,9019,7535,11039,5547,-1068,12480,3229,5984,14628,2977,11156,16177,1485,7636
13391,-472,1814,12038,1414,766,11144,1542,-7719,9566,5483,-5979,11262,6078,1284,9248,9728,-1580,11828,11788,-2203,11740,12873,7948,11387,7835,4293,10464,4760,-686,13258,4915,8599,16041,4744,10729,16234,1472,5921,17601,629,2007,18335,1029,7028,19766,242,7280,18504,-2804,-2448,15579,-2861,-3867,15197,-2227,1692,13637,-954,-1885,12174,98,-4526,10985,1369,1037,10546,5494,-2579,11313,6342,-8712,9620,9165,-1825,10991,11955,5144,12403,13422,1895,12075,9097,3242,9183,5782,6635,13571,5001,4766,15509,4213,3350,15151,2384,9517,16702,497,11635,19011,714,1861,19052,-200,-635,18357,-1438,5637,16494,-2408,1784,16210,-3093,-5473,12689,-1539,-1258,12831,-174,1665,12262,1168,-4771,10086,5149,-7528,12128,5583,-425,8652,8214,37,12177,11869,-4807,11403,12119,4105,10400,10602,8240,11505,6458,-714,11935,5998,4848,14451,3234,10694,15017,2480,8158,16818,622,2776,18678,1383,3823,19113,1117,9410,18777,-2068,2423,17344,-2355,-5601,16069,-2932,439,13951,-1989,1309,12712,-1051,-5442,11904,872,-435,10384,4328,392,11499,6230,-8261,10416,7367,-5850,10125,10471,3747
17043,957,3162,18487,838,6756,18644,642,8655,19092,-2131,348,16509,-2684,-4078,15936,-3436,394,13944,-2405,-145,13015,-389,-4981,11662,821,456,10459,3622,-502,12052,5386,-9764,9469,8399,-3768,10552,9057,4924,11319,12908,276,11601,11597,1348,11950,8521,7944,11175,7205,4213,15084,4499,2569,14605,2802,8758,15793,819,10131,18687,1086,4557,18850,1298,683,18398,-2912,6765,17500,-1706,3436,16432,-3922,-6357,13856,-2860,-2476,12480,-1484,2908,12820,158,-2137,11083,3336,-7281,10285,6098,-1879,11490,7047,-1460,10166,10663,-4611,11962,10944,1332,9576,12301,8428,13371,9586,1821,11686,8164,1474,13373,4258,9810,14060,3514,8467,17062,302,3758,17092,883,4395,18533,797,9144,19431,-1179,4817,17081,-2649,-2981,16667,-3398,-1260,14397,-2525,918,13952,-2368,-4048,11788,569,-2514,11386,2120,1886,10813,5479,-6712,11391,7065,-8753,9687,8580,3172,11773,12012,3332,11398,11252,-1636,10602,10609,5632,12007,8346,6709,13718,6311,2285,14641,2147,6652,14630,1165,10447,17661,1131,6534,19031,1661,1288,19117,-458,4559,17491,-2305,6900,17022,-4597,-2926,14756,-3001,-7166
11313,11652,1461,10824,11065,-1275,11112,10699,7640,12403,9011,5911,13958,6052,1391,14277,2656,7750,15442,428,11432,17165,742,5477,19097,1661,208,19081,124,6026,17585,-1998,6587,16907,-5059,-4756,14113,-3852,-5549,13412,-2114,2989,12711,368,-824,11860,2317,-6506,10127,5250,-2544,12055,6283,-1727,10184,8804,-5336,11396,10510,-186,10138,11448,6542,11730,11109,3247,12371,9156,607,13058,6783,8449,14170,3432,9180,15326,875,3904,16643,1394,4524,18790,1936,8883,18987,205,6005,18099,-2538,-925,16506,-4295,-574,14950,-4285,-229,13537,-3777,-3854,12736,-121,-2440,12036,1810,2979,10623,4547,-4696,11614,6948,-10068,11328,7456,-23,9211,12541,4057,13180,10175,-2164,9252,11730,4536,12939,9211,8112,12984,8970,2121,14536,4195,3886,14853,1092,11661,15445,939,8761,19326,23,358,17718,1082,3641,19177,-1793,8633,16673,-4055,377,15413,-4807,-7794,13628,-3573,304,12715,-612,1703,12729,1282,-5428,10851,4526,-4254,10935,6320,-1003,11295,6962,-4544,9854,10789,-3226,12062,11061,4170,10536,12772,6488,12592,8818,-812,11676,8633,5020,15017,5281,10601,14847,2537,5579
13748,-3256,2180,13219,185,-471,12603,2072,-6599,9631,4004,-2795,11595,6664,-890,11079,6990,-5173,9451,11728,-2044,11729,12405,4730,12126,12425,4833,10740,8376,-259,12847,6415,7373,13751,4567,9524,15358,1237,4932,16098,89,4792,18128,1487,7870,19919,1004,6642,18341,-1438,-130,17054,-4842,-97,15756,-3467,-508,14563,-3129,-2300,12620,-1125,-3422,11312,709,1957,11486,4285,-2904,11644,7538,-10313,10871,6474,-1429,8115,10221,4537,12601,12394,-2965,12211,12207,2893,9977,8914,8885,12675,6849,2659,13553,5702,3027,15848,537,10513,14628,1609,10429,19636,389,1698,18059,2238,1918,19840,-1747,8392,16566,-3602,2721,16500,-4412,-7694,13953,-3044,-790,13261,-1105,2839,12517,568,-4916,11149,3731,-5733,10742,6131,-439,10818,6792,-3665,9695,9671,-4515,11752,11540,3046,10855,13163,6536,12670,8751,403,10480,7980,3687,14755,4987,10019,13834,3779,6974,17101,-15,4521,16514,350,6821,19182,1731,7163,19566,-511,2013,17298,-2680,-506,16182,-4371,1174,14753,-3969,-1654,13541,-1377,-5103,12522,367,436,11026,3099,274,10754,5373,-8706,11192,7034,-6107,9985,8411,4265
15795,736,4956,19345,1252,7867,19506,1280,7535,19020,-2258,-612,17550,-3527,-2167,16174,-3454,1721,14698,-3546,-1424,12415,-902,-4319,12317,838,1612,10724,4674,-2943,11851,6258,-10315,9867,8257,-2633,9303,10390,4865,10826,12429,-1288,11747,12196,2283,10739,9335,8350,11527,6822,2911,14039,3848,3128,14939,1350,10705,15071,289,10449,19549,-48,2821,19177,1381,1215,19465,-1255,6793,18383,-2512,2656,16862,-3816,-6137,14363,-2969,-460,12803,-924,2522,13073,478,-4409,10845,4186,-7242,11329,5956,-1757,9442,8260,-1641,10449,9852,-4720,10098,11199,1992,10510,12524,8126,11458,9145,89,10733,6688,2860,13416,3833,10477,14548,2105,7447,15926,-211,3998,18578,1023,6518,19484,1803,8950,19898,-1084,1872,18401,-2421,-4242,16990,-3582,831,14945,-3041,1865,13708,-2147,-4936,12052,547,-742,11051,3831,-522,11574,6243,-9472,9249,8035,-5696,10099,8727,4724,9737,12072,1084,11621,11964,-441,9784,10055,6980,11987,6816,5205,12801,4589,2780,14894,1952,8484,15022,377,10768,18855,413,5956,19767,1630,633,19785,-1077,4284,18829,-2118,5566,17418,-3882,-4352,14995,-2686,-3647
10205,13973,1312,12460,9253,827,7942,7439,5870,13664,4111,7092,14427,3235,4703,15689,468,8599,16986,26,9600,20162,985,4066,20502,1005,649,20083,-866,3645,17433,-3067,1843,16012,-4528,-5131,13974,-595,-2442,13313,1317,2606,11503,2349,-3970,9556,5392,-9311,11478,6164,-1053,7161,8541,1735,11057,9973,-5310,8711,13370,3567,12619,9121,9599,8616,7891,-74,13972,4617,2778,13132,2894,11884,16109,1227,8074,18165,291,3188,19429,1122,4990,20481,133,9260,19376,-1178,877,18731,-2400,-6657,15846,-2930,773,14065,-1531,2323,13312,-10,-5368,11185,2350,-3313,9433,5672,-1547,11818,6645,-6613,8127,7485,-3612,8992,8587,3432,9480,13262,3996,12533,10872,806,9056,7871,4004,12614,4527,8349,14735,3257,5232,15763,1559,6972,17719,-255,9126,19181,1687,6693,21142,-427,1791,18906,-1076,906,18688,-2429,1556,16293,-3414,-2725,13888,-1396,-3562,13053,-260,1475,11111,2210,-329,10053,5241,-10385,11557,6967,-5183,7399,7504,4295,9726,10379,-2923,10724,12864,-218,10201,9695,9680,9693,8170,1544,13839,5219,1580,14190,3003,10188,14659,1645,10736,17862,-493,4912
11824,1562,1027,10329,4893,-5294,11732,7398,-9168,9116,6523,47,7166,9547,3722,10953,10335,-2695,9540,12529,4437,11195,8201,8045,11215,5991,1317,13086,1396,5407,14951,761,11729,16523,2114,7711,20931,308,2264,18612,1328,3498,20980,-424,6906,18753,-1769,351,17481,-2511,-7404,14749,-1501,809,13900,669,2730,12324,2361,-6040,10004,3209,-6012,11021,6413,-1263,10142,7924,-3632,8229,8458,-3629,8263,9415,4783,11333,10982,7999,10654,9179,-2056,11172,5176,3835,12444,3400,10959,15401,1848,5841,17157,838,4728,18912,668,8368,18863,1703,7821,22076,-14,-156,18623,-1260,-2465,17680,-2505,1019,15235,-2538,-355,13652,-242,-4728,11942,1392,647,10546,4082,-1355,11001,6282,-9840,9876,7009,-3655,6936,7913,4179,10483,10619,-241,10083,12065,1641,11684,9404,7813,10209,6786,3250,13705,2038,3179,14009,1972,9454,17312,1113,11047,18955,488,4978,19289,1497,470,21154,-446,5991,18807,-592,4235,18169,-2934,-6866,14626,-1834,-2382,13670,-231,3711,12542,1087,-2914,11045,3419,-7852,9674,6143,-2498,10907,7065,-1277,7867,7889,-4712,9345,8793,919,8823,11847,9080
19407,140,1601,19625,-934,6124,17505,-3002,97,15920,-3465,-6731,13752,-1777,-48,12671,385,2656,11654,1145,-5111,9558,5087,-7480,11295,7290,-801,9851,7552,-1812,9190,10129,-3494,10462,11388,5193,10871,12766,7842,12129,7104,-885,11403,5851,4313,14617,2078,10957,15485,2347,7520,17501,600,3383,19634,474,5820,18885,963,8600,20493,-1470,-41,17101,-2147,-4527,16247,-3309,1155,13999,-1612,717,13460,224,-5393,11637,1424,-705,9340,3715,-1223,11798,6249,-9336,9140,8974,-3517,9884,8676,5125,9484,11888,1215,11596,10634,338,10983,8526,6188,11704,5492,6072,13627,3728,4139,15843,2317,8630,16799,742,10448,19164,325,4527,19073,1047,61,20251,-515,4286,17956,-2176,3325,16664,-3291,-6049,14244,-1804,-2748,13304,-871,4004,11802,1141,-2205,10536,3628,-8881,11278,6759,-2728,9166,7757,309,10215,9893,-4337,9734,12329,641,11792,12036,10599,10666,7684,1582,10473,5002,-377,13903,3117,10609,14730,3989,10022,18372,-75,4447,17238,507,4174,19728,765,7266,20077,98,3880,18784,-1721,-3680,16586,-2841,-421,14723,-2378,2570,13705,-1146,-4793,12052,974,-3875
11547,7717,-506,12245,5399,4434,14595,2515,11853,15563,2127,8271,17776,-217,2526,19081,578,3606,19543,1030,8979,19657,-1761,1624,17185,-2134,-5696,16192,-3141,777,14157,-1034,924,12982,-934,-6007,10829,1512,-1463,9975,5247,425,12880,7913,-8418,8460,8625,-5156,10052,8231,4777,8866,11735,2933,12224,9941,1459,10596,9077,5577,12565,5841,6773,14291,3465,4207,15449,2039,6657,17349,194,10352,18822,372,6045,19444,182,126,19488,-737,2759,17822,-2013,3008,16553,-3888,-4862,13635,-1974,-3217,13594,-556,1994,10976,1943,-2085,10736,3827,-8225,11127,6833,-3763,9191,8706,2700,10160,9504,-3391,9886,12231,-905,11209,11128,9525,11244,8380,2729,11150,5951,612,14794,3749,10102,14966,1984,9772,16698,-418,4437,19115,850,2577,19205,541,8420,19857,-1887,5625,18165,-1345,-6104,16654,-2975,-2120,14300,-1897,3313,13172,-1446,-4271,11569,1324,-3629,10388,4592,320,11798,7567,-5081,9812,7609,-7618,9373,9959,1439,9716,11513,5097,11767,10689,1748,10406,8637,3584,11795,5922,7758,13465,4290,4575,15661,1405,4938,16367,245,10786,18668,547,7970,19454,679,1343
9792,5979,-633,11805,7296,-5971,8684,8441,-3815,9940,9366,3073,9337,12720,4226,12328,9490,1697,9971,7884,3780,12881,4317,8454,14228,2692,5290,15603,1422,6020,17853,87,10491,19010,1786,6546,20931,39,-73,18562,-871,1193,18390,-2401,1744,16168,-3113,-3006,13785,-1152,-3528,12921,-288,1634,11337,2081,-942,10254,5412,-9387,11359,7698,-4459,8348,8200,3526,11001,11297,-2456,10031,10964,-285,9591,10014,9063,11240,7595,3646,12824,5527,567,13721,2521,9882,14972,1424,11594,17688,-519,4475,19143,1216,1189,20412,871,7491,19355,-445,5125,18398,-3100,-5825,15745,-2795,-3028,14551,-1027,3444,13731,-167,-3378,11229,2118,-5530,9796,5118,-912,12397,7384,-3568,8552,7942,-5789,10021,8731,859,8550,11357,5530,11953,10059,2299,10006,8912,1714,12814,5138,8405,13163,3475,6895,15837,744,4038,16401,990,8216,19447,1188,8809,20128,437,3085,19359,-864,-331,18357,-2421,1415,16667,-2946,-1187,14817,-2181,-4525,13469,-391,-420,11448,1887,2295,10658,3964,-7208,11355,7916,-8131,9363,6878,2093,9015,11441,863,11152,9908,-2862,8471,11165,7117,11765,8218,6784
[row took 90254us]
17425,-671,-2381,18516,-2940,1277,15418,-2571,-1064,14245,-1513,-4374,12347,100,919,10768,3926,-1113,11341,6683,-9807,10519,7621,-4666,7770,7637,4717,10236,9917,-630,9724,12710,-49,12378,9795,8234,8604,7185,2931,13733,2670,2297,13895,2977,10334,16152,963,11069,17820,-925,4421,19307,1409,719,20645,1312,6333,19710,-348,5015,17804,-3684,-5455,15484,-3294,-2953,14043,-644,2877,13947,697,-2712,10996,3203,-6841,9239,5396,-1166,11694,7326,-1993,8287,8024,-4799,10220,10121,-575,9530,11939,6867,10428,8766,2999,10785,7885,556,12841,4777,9342,13295,3295,8128,16755,-28,4292,16822,574,6673,19977,1670,8430,20416,931,4045,19347,-1945,-1384,17558,-2872,-1205,16772,-2038,206,14652,-1461,-3217,12361,-605,-1973,10836,2321,1470,11076,6689,-6656,11734,7805,-8983,8174,6565,2973,8383,11157,1971,12873,11216,-1613,7657,10653,6287,11797,6892,6407,12165,6934,1373,15077,2067,5680,14117,419,12531,17181,231,7707,20164,929,1130,19846,431,3685,19436,-1025,6586,18447,-3430,-2709,16141,-2410,-6360,14787,-1540,2620,13256,53,1283,11794,2121,-7653,9942,5869,-4854
13607,3498,3871,15178,558,9224,16289,-358,9437,19373,1121,5688,21236,1022,1381,19357,-3,3522,19512,-2043,3756,17549,-3167,-4764,14815,-2246,-2906,13446,-1027,2476,11829,1678,-2174,10657,4735,-8783,11346,6581,-3730,8057,8052,1422,9403,7779,-3975,8313,11197,-391,11154,11317,9484,10565,9814,2006,10857,5418,313,13481,3307,10401,15245,1704,9859,16716,-745,4213,19291,1123,4133,20385,1687,8944,20388,280,4150,19368,-1611,-5376,17575,-2895,-1217,15097,-1631,3099,13881,-1827,-4549,11291,1474,-3516,10644,4321,135,11757,6813,-6904,8683,8189,-6490,8454,6645,2606,7904,11215,3559,12011,10697,1219,9340,10112,3852,11761,5913,6383,13040,4610,4625,15915,723,6961,15485,159,9555,19578,804,8240,21029,1499,1978,19681,728,820,19993,-1493,4119,17766,-2562,-1922,15704,-2191,-4628,13404,-1834,1171,11121,1440,871,11304,3525,-8322,10674,6745,-6922,8481,7362,2339,8474,7937,-1350,8826,10168,-3662,10551,11880,8087,10438,10373,5291,11088,5832,-1405,12547,3930,8712,15941,993,12128,15694,-72,5518,20100,557,2830,20235,1529,7226,20513,1344,6572,20026,-1498,-4662
6341,8340,3880,9514,10797,-2205,11176,11349,2643,8724,9549,7427,11886,5783,1845,12281,4528,3466,15499,559,11390,16357,1208,10847,20458,-305,3165,19263,1632,1801,22220,595,6328,19378,-631,1730,18566,-3114,-6047,14872,-2358,-307,13886,-925,2185,12182,919,-4277,10265,3752,-6733,10565,6729,-2252,9053,7296,-1740,7541,7559,-4866,8540,10416,2491,10496,12017,8304,10164,9076,-329,10716,6384,3155,13601,4210,10479,15499,2285,6970,16795,-342,4676,18924,-103,7565,20317,2691,8217,22572,-241,2145,18310,-1332,-3904,18209,-3500,228,15528,-1998,531,13865,-781,-5419,11852,1122,-197,9913,4094,-258,11156,5893,-10203,8509,8080,-4735,7281,7659,4415,9157,11274,877,10724,12527,1628,10338,7844,7100,10055,7488,3202,15163,3046,2501,14096,2282,9042,17283,303,11234,19327,83,6964,20184,1228,1072,21181,-422,3752,19355,-763,2461,18108,-3252,-5510,15151,-1986,-2361,13523,-714,3389,12244,1176,-1985,10174,4233,-9332,10402,6683,-4151,9099,7284,1669,7790,7602,-3223,8758,9835,-1282,10080,13157,9352,12468,10454,2055,9958,6272,-401,13200,2362,10905,15114,2274,10340
13172,-1092,-881,11269,1432,2985,10840,3663,-6917,10809,7647,-11140,9473,6873,1184,7588,9683,2912,10391,10688,-2860,10262,13344,6269,11536,8753,7332,10657,6448,-2085,13539,3995,5889,15870,2071,13695,16130,226,7717,19333,-1037,2516,19644,309,5381,20509,665,5747,20058,-3072,-2538,15851,-2721,-6151,16072,-3566,3107,12755,-488,2097,12319,696,-7117,9803,4463,-4894,11431,7333,-1552,9321,7849,-4670,8562,9213,-2536,9219,10397,4763,10116,12978,6172,11429,8903,109,11019,7590,4576,13250,2825,10478,15801,1143,5718,16513,1164,4105,19741,352,8867,19200,729,8120,21133,-1349,-988,18488,-2101,-2098,17528,-3128,703,15068,-3158,-1832,13250,-855,-3121,12082,1871,1526,10341,3467,-3506,10799,7481,-11936,10018,8332,-2228,6767,8648,5837,10425,10711,-687,10288,11218,3085,10350,9463,6457,11735,6719,1892,13783,4653,4122,14943,1136,11550,16641,346,9693,19771,-361,3484,18845,733,2384,21503,-24,4872,18693,-2348,2110,17559,-3951,-6855,14481,-2686,-648,13477,-682,3826,12041,1331,-5044,10485,4392,-7336,10735,7576,-1360,9869,7480,-2040,7910,8804,-4400,9783,9913,2854
19805,830,1839,20921,220,723,19136,-490,4400,18007,-3196,-2506,15429,-2547,-5629,13099,-1517,1794,11519,701,1819,11186,3561,-8277,9700,7901,-7017,11106,5867,2135,6384,8537,-2234,10726,8839,-3598,8736,12228,8605,12074,10480,5413,11278,7451,-1380,12606,3957,7826,15387,1949,11620,16879,864,5215,18665,160,3218,19355,843,7528,21334,912,6860,19332,-1258,-3266,17418,-3132,-4912,15332,-2195,2693,14100,-1595,-764,11627,790,-5236,10196,2528,-223,9799,7573,-3623,11278,7061,-8768,7241,7680,-461,9074,9433,5883,10574,12248,2299,11226,10785,2027,11323,7015,6382,12791,4331,6036,15440,1328,4769,17167,916,9009,18426,1259,9382,20126,687,3615,20672,488,-184,19471,-965,3416,17701,-2405,464,15597,-4129,-5415,12619,-885,-1028,12318,875,1862,10584,2584,-5242,9694,6349,-9254,11109,6765,-496,6535,9033,1931,11140,8420,-3170,9105,11445,4522,11115,10593,6572,11974,7011,295,12486,4795,5418,16313,2732,11545,15598,2082,8549,19393,-292,1845,18796,1331,4221,21220,1062,8906,19627,-1374,-239,17188,-3406,-6622,15028,-3632,994,13465,-1326,1525,12897,267,-5957
10915,7746,4109,13169,5211,836,14252,2665,9056,15532,976,12642,17573,82,5598,19751,489,-96,19454,-196,5659,19615,-948,5205,18095,-3115,-4488,15466,-3155,-3606,13402,-1602,4001,13287,-422,-2218,11098,2791,-7976,10004,6039,-2844,11604,7944,-1395,9366,8027,-4340,9731,10168,-714,9409,11797,7224,11897,10564,3812,10834,7887,-333,12099,5058,8513,13938,2977,9173,16064,520,5313,16998,561,5774,19481,680,8131,19649,-46,4439,19545,-1455,-2510,17988,-2581,-420,16152,-2321,1425,14454,-1912,-3438,12693,-426,-2742,10912,2061,1502,10717,4857,-5564,11620,8726,-9692,9574,7706,1310,9113,11160,3581,10514,11247,-1629,10715,11098,6038,10690,8290,7159,12244,5162,937,13698,1756,6284,14919,1074,11640,16925,455,8095,20237,-144,1322,18723,562,2948,20363,-739,5832,18069,-2517,-1622,16362,-3005,-6206,14294,-1847,2780,13575,670,971,11396,1736,-7565,10251,4811,-5190,11158,7247,-203,10200,8638,-3108,9186,10559,-3588,10222,12135,5959,10124,11432,6883,11996,6362,-715,9393,5754,5780,15238,2457,10077,14403,598,5369,16841,52,4585,19776,1426,7127,19326,762,7739
11855,7400,-3669,8773,8167,1205,9307,9162,-3492,9163,10056,-485,9973,11040,8993,11325,8447,2855,11310,5815,860,13279,2547,10028,14808,2454,9107,17521,-111,4087,18749,1079,3845,20272,1453,8654,20529,-433,5493,18605,-2041,-5546,16941,-2781,-2422,15200,-861,2831,14253,-309,-4008,11527,1684,-4249,9703,3810,187,11719,5908,-5679,9175,8000,-7337,8797,7773,2670,8381,11259,4067,11713,10597,1436,10772,9163,3382,10815,5367,6691,13177,3180,5288,15464,2079,5223,16865,987,10116,18540,1463,8505,20322,780,1441,20221,-6,1490,18862,-1078,4468,17338,-2542,-2668,15211,-1268,-4980,13997,-311,595,11691,1391,1214,10374,2827,-7821,10636,5861,-6819,9831,6935,1625,8140,10177,-1172,11358,9664,-2334,8551,11677,7390,11611,8289,5414,10766,6315,-518,13148,3771,7245,15261,2133,11268,15953,1039,6642,18948,596,2560,19809,1650,6189,20715,529,8067,19061,-1792,-3081,17137,-2741,-5206,15556,-1247,2601,14313,-255,-1348,12278,1136,-5697,10065,2910,-517,10755,5512,-3054,10261,7102,-7635,8268,8886,-867,9398,10065,5100,10634,11255,2680,10715,9438,1504,11153,6294,6659
17429,-2343,-6984,16813,-2688,-3039,14224,443,3021,13498,-185,-3744,10724,2646,-5236,10055,4836,-185,10708,6350,-4505,8101,8737,-5880,9639,9231,1489,8759,13071,7024,12646,8617,2844,8213,7652,2445,13915,3785,7577,13213,3757,5890,16674,382,4809,17455,1116,7630,19504,1545,9165,21281,-484,3842,18787,-782,-1477,18961,-2618,830,16362,-2073,-1389,14812,-1542,-4849,12812,306,-50,11061,2502,1128,10295,4790,-8281,10522,6639,-7870,8180,7125,3595,9273,10233,995,9547,11959,-1490,11947,11838,8281,10057,7355,4908,11370,3048,2,13579,2548,8947,16385,2731,11174,18344,-197,5115,18930,1359,1644,20594,100,6463,19901,276,6764,19186,-3617,-4167,15563,-2953,-5826,14672,-1547,2306,13693,1213,-1042,12007,2380,-6454,8204,4033,-2153,11821,5903,-1776,8111,8175,-5195,9226,9703,-989,9385,11981,5621,11580,10456,4399,9799,7932,448,12275,4896,7985,13675,3172,8811,16835,1188,3905,16560,1317,5274,19882,1502,8817,20479,705,6688,19897,-2240,-400,17779,-3079,-1269,17287,-2086,-970,15390,-1265,-3447,12445,-482,-2737,10999,1342,2254,10675,5091,-4606,11197,6662,-10338
14545,2218,8020,16844,143,3198,19458,1543,5644,20420,1866,9557,20598,-1317,2694,18318,-1381,-4935,17623,-2817,320,15457,-718,1243,13904,-305,-5570,11924,1208,-1606,9913,4386,-275,11575,5038,-8084,8594,8438,-5727,8800,8516,3719,9111,12754,3013,11538,9988,1526,9260,9018,5424,11582,5143,5469,12468,3140,3251,15393,1657,7929,16727,1001,10482,19150,499,6389,20301,820,789,20361,-744,3376,19298,-1177,4600,17882,-2451,-4244,15223,-1414,-3989,14005,-36,1723,11998,1829,-1401,10801,3670,-8497,10554,5185,-4534,8350,6909,2266,8844,9265,-3406,9532,11936,-1661,10886,11854,9226,10281,9086,3749,10907,4441,-176,12201,3256,9566,15235,1726,10273,16316,276,3353,19762,1499,3653,20425,1114,8989,20267,-1000,5986,19253,-1805,-5045,17878,-2384,-2446,15678,-878,2899,14280,-944,-3679,11777,1229,-4431,10026,3731,-335,11212,5658,-5046,8586,7378,-7464,8720,9000,1375,8571,13291,5097,11783,11404,1958,9505,8766,2798,10978,4176,7174,12125,3799,5050,16037,600,5838,15673,627,9103,19605,1150,7811,21144,1053,2735,20105,-963,1007,19595,-1826,4134,17806,-1994,-391
9143,11647,4538,10284,12100,7220,10855,7066,-351,9326,4789,4943,12824,2955,9811,15515,1626,5655,16462,934,4361,19770,558,8883,20214,1453,8291,21660,-1433,433,19575,365,-2584,18028,-2389,2505,15643,-716,-2757,14838,-70,-5089,12236,1647,1825,9250,3845,-2690,10652,4783,-9540,8252,7752,-2876,8135,9910,3763,9245,12847,-107,12123,10093,2219,6938,7166,6535,11544,3821,3867,11889,3664,3850,15771,1076,9997,16447,1941,9786,20440,259,3908,20021,447,2340,21100,-416,5704,20072,-404,3057,18818,-1609,-5885,15515,-843,-2401,14253,718,1512,12726,1116,-3509,9029,4294,-7575,11429,5067,-1532,6653,7551,-309,9162,9351,-5268,8821,10979,1818,9603,10834,8047,8810,6623,436,10784,4473,4080,12590,3347,10927,15724,2221,7163,16982,722,2484,19678,-132,5730,20684,1418,10951,21917,-1268,3777,19071,-1338,-4337,18453,-1049,-1480,16830,621,118,14470,997,-5903,12011,1505,-893,9217,4337,1284,10966,4688,-8602,7136,8261,-6438,8420,8645,3812,8452,12568,2669,10610,11195,1011,10276,5772,6250,8035,4390,5575,14534,1118,3107,13763,3502,7458,18945,733,9859
12171,1494,-5500,9044,3194,-726,10606,4893,-2297,7548,6993,-7194,8095,9696,-1461,8526,10320,5676,9515,9512,3639,9566,7292,1207,10504,4421,7371,12705,2953,7599,16044,1256,4403,16855,2137,5845,20348,827,9117,20710,103,7709,21164,-419,-193,19825,-538,70,18517,-618,-163,16743,-3,-5554,14455,1109,-2697,11422,1856,3562,9559,3327,-5023,10596,5276,-9552,7847,6585,451,7667,9799,2082,8775,10345,-2863,10123,11748,5225,10363,6635,8110,9014,3363,489,13029,1628,4790,15857,3112,11829,17179,1853,6967,19955,-713,3197,20135,69,6281,21459,666,7291,20707,-350,-994,17989,-544,-7749,16957,223,538,14057,1590,1779,12454,1071,-5980,8548,4083,-4487,11246,4994,-60,7807,7815,-4321,8339,8812,-4273,7718,9092,4067,9710,10701,6986,10707,6838,436,9626,4918,4929,12286,1546,10110,16063,2183,5214,17575,2888,2993,20108,282,8967,19589,274,10162,21399,-1174,633,19569,266,-2597,19257,79,-382,16494,49,-2653,14401,1048,-4454,12334,1950,1851,9322,3219,-1392,10677,4710,-10570,7793,7372,-2610,7492,8547,4928,9492,10415,-1123,9849,9539,2446
20482,-251,6206,19834,-626,-2878,18638,-620,-3398,16674,565,1242,15401,-467,-3351,12316,718,-3461,10569,2137,2094,9667,4720,-4762,10165,5582,-8792,7950,9463,923,9693,10409,2996,9605,10492,128,10064,9235,4848,10620,6022,7052,11905,3287,3875,14442,1849,5025,16602,2063,9190,18484,1735,7944,20102,-403,4505,19885,-339,2305,20203,-479,4700,18648,-912,-2457,16926,-1013,-6687,14424,-113,739,12433,368,2898,11363,1376,-6433,8642,5692,-7327,11264,4388,1672,6826,10230,-1799,11504,10077,-5596,7683,11260,6790,11649,9289,7633,10723,6323,-1344,11255,3586,6152,14412,2482,11470,16682,2905,5253,18857,1492,2667,19204,-49,8373,20046,-227,8606,20215,-1007,-886,18215,-1337,-5099,16438,-1039,1407,15211,-685,-1328,12637,452,-4920,11268,1037,472,8834,5398,-2138,11484,5853,-9136,8029,8962,-1660,9439,9398,4648,9331,11544,1284,10941,9625,2184,10513,6757,6480,11799,4454,5550,14685,2376,4102,15927,2623,8273,18050,1861,9270,20179,341,4903,19873,-519,1376,19693,-1060,4458,18408,-1013,1267,16974,-2083,-6261,14220,-795,-1979,13151,840,2377,11961,1466,-3644
10442,5185,6394,12451,3339,5285,15165,2152,4720,16814,1744,8822,18944,1407,9319,20088,-454,3317,19797,-353,1000,19551,-1483,4372,18133,-960,-1765,15874,-994,-5576,14018,-284,-197,11977,988,2620,11166,1731,-6151,9107,6091,-8088,10673,6112,847,7384,10271,57,11514,10027,-5058,8488,11307,6470,11719,8705,7943,10818,5487,-1272,11768,3120,6190,15208,2713,11582,16428,2676,6162,19447,866,2629,18861,351,6452,20189,28,8643,19480,-1334,-1107,17790,-901,-6463,16136,-947,2042,14449,-754,400,12188,428,-5838,10924,1394,-788,9363,5595,-1601,10988,5399,-8141,7639,9240,-2016,10396,9573,3982,9591,12063,2964,11631,8496,1994,9955,6601,5539,12276,4232,7011,15432,3095,4467,15919,2845,7044,18627,1268,9691,19273,962,5346,20555,-503,462,18717,-866,3944,18377,-1260,1164,16367,-1714,-5002,13948,-633,-3035,12790,106,2392,11112,966,-1891,9353,3608,-8843,11051,5544,-3256,7575,8679,2073,11263,9694,-3450,8514,11780,1018,12140,9921,10158,10786,8155,944,12402,4004,2370,13720,3139,11085,16207,3736,8260,18761,1393,3418,18975,564,4570,19814,-465,8980
9745,6180,-8749,11057,7078,569,8597,12172,1445,12742,12183,-4422,9707,12772,5494,10717,7932,8227,11346,6129,374,13126,5040,4562,15583,3176,11546,15026,1750,8487,19020,-843,1155,17738,127,4342,20275,-1394,9445,18111,-3180,179,16803,-2444,-6269,15854,-1223,1196,14500,-646,432,12429,-251,-5673,10678,1601,-2221,10315,6751,-643,11816,8057,-6881,9206,10178,-3004,10450,10724,3143,10035,12669,3670,11553,8238,1886,9694,6391,5817,12719,4676,8051,14966,3144,4039,15520,1864,5189,17868,72,9411,18398,831,7092,20429,-1662,1107,17822,-2129,1681,17925,-1893,806,16819,-2079,-4289,14286,-728,-3576,12716,-239,2683,11744,1712,-1668,9793,5510,-9519,12162,7440,-2484,8231,9767,3514,11559,11153,-4139,9247,12324,-178,11255,9070,10649,10262,6882,2555,12121,3763,1836,13185,3041,10676,15526,2817,8803,18421,562,2592,18404,231,3676,19629,-1274,9538,19043,-2280,4591,18275,-2108,-7098,16509,-1357,-2877,15296,-27,2825,13318,-241,-3848,11707,1178,-3755,9496,4573,-196,12348,7078,-4536,8216,10001,-5732,10769,10146,1076,9156,12576,4612,11124,8922,2194,10005,6525,3695
19089,-2273,725,17830,-1424,-8333,16303,-895,176,14377,-135,1622,12811,612,-5096,10716,2226,-2626,9578,4726,-114,10447,6194,-5768,8235,10425,-4068,10282,9374,2487,9401,13680,4816,12686,7464,2400,8058,5009,3612,12589,2565,8422,15054,4651,5158,17242,3180,4533,17551,210,10083,19405,679,7689,20476,-393,325,19596,-1022,1765,17386,-1796,1865,17133,-1701,-4133,14224,486,-4506,13079,257,1450,10842,1664,-702,9633,4182,-8323,10499,5712,-3537,7487,9476,3672,11419,10432,-4071,9428,12887,-559,11715,8283,10231,8734,5643,4031,13027,3549,532,13708,3410,8980,15864,2884,10067,18726,1213,4484,19289,1379,3523,19938,-720,8099,19241,-1098,4331,18699,-1563,-6837,16498,-843,-3427,14963,-466,3595,13209,-407,-2551,11435,1524,-5800,9616,4244,-980,10732,5409,-2906,8550,8787,-5760,9863,9763,531,8645,12550,5752,12630,10292,2981,10473,6715,1770,9709,2333,7113,13772,3793,7285,16879,3184,4612,17472,1188,7583,18132,542,9857,21236,-194,2502,19016,553,-477,19494,-1870,2498,16348,-1439,-1133,15593,-1352,-5033,13502,537,-998,11914,1833,1731,9513,2658,-6611
11167,2896,8941,14400,3268,4299,17629,3580,5038,18754,1480,8364,19682,25,8673,19030,-1477,2574,19521,-1927,-971,17692,-829,389,16597,-2754,-2045,13334,-66,-5108,13445,-509,2146,10422,3034,203,10596,3309,-10140,9134,6193,-4542,8339,8260,3988,10434,10957,-2096,10588,12844,-409,10991,10290,8946,10839,6484,4286,11858,4199,915,15178,3450,9048,15753,2533,10396,18244,548,4742,19405,1089,1917,20245,-1067,7851,19029,-1429,5171,18245,-2562,-6126,15804,-1769,-3131,14539,-1266,3070,12558,-323,-2611,11534,1581,-6026,9965,3996,-1943,9638,6194,-1608,9566,8754,-5798,9463,10429,-978,10080,13096,7126,11629,10627,2934,11107,6745,1109,11016,4029,9001,14745,4076,7231,16271,1993,3647,17069,1122,7541,19857,1141,8892,20256,-662,3812,18752,-1579,-944,18176,-2090,738,16841,-2026,451,14450,-2169,-4428,12527,-690,-1950,11478,1780,1705,10515,4147,-7041,10342,6035,-8037,8576,7437,2822,9605,11294,869,11385,12287,-2771,10097,11607,6388,11194,6773,7072,11344,4797,1461,14258,4160,6484,15935,2287,11044,16466,1541,6577,20536,575,1691,19396,135,5136,19139,-1496,7749
8320,7589,-4503,9505,9334,3945,10564,14233,-99,11868,12512,970,10268,8144,8047,10152,4846,4686,12827,3930,2618,15308,2652,8638,15801,1193,10104,19026,655,5665,19717,568,2098,19138,-2128,4775,19237,-2179,3590,17926,-2579,-6078,15513,-1513,-2825,13370,-807,3378,12886,588,-1875,11103,3143,-8407,10540,4704,-3096,8009,7695,349,10792,10352,-4624,10283,13663,-639,10588,12793,9246,10642,8407,2390,10179,4663,563,11725,4139,10264,15418,2613,8761,15542,741,2977,18696,1240,5746,20258,-280,10101,19426,-1666,4184,19712,-2196,-4823,17642,-3865,-651,14826,-424,971,15653,-1781,-3918,11997,2030,-1600,11073,2504,-33,10787,5482,-6751,9214,7115,-7321,8753,10161,3368,10144,14232,2837,11953,13432,317,10018,7434,4798,8170,4736,5579,13632,3400,4493,14263,3499,6352,17175,382,9918,17124,517,7765,20678,-1242,2561,18956,-426,2013,20729,-2208,4783,17975,-1932,-2998,15943,-2081,-4818,14328,-766,1328,12525,1841,68,11705,2603,-7159,9858,6322,-5785,9958,6656,1326,8288,11125,-1916,10952,12158,-3950,9797,12545,7750,9932,8001,4709,9946,4579,225,11526,3795,9270
17622,-1691,-4896,14213,635,-3377,13147,745,3038,11138,1793,-2114,8949,4748,-9582,10511,5768,-2895,6633,10437,3635,11203,9657,-4012,7618,11814,1219,11004,8155,9847,9749,6243,1318,12469,3595,2360,14375,2134,11491,15071,3329,8149,20771,267,3070,18540,1298,4811,21721,-1331,9177,19175,-730,3624,19375,-687,-7575,17273,-168,-2502,14563,395,3248,13216,-238,-4479,10531,1743,-3925,9401,4154,-16,10114,5658,-5764,7503,9346,-5326,9515,9840,2044,9245,12004,6040,10338,7348,1924,9218,5975,2280,11872,3989,8916,15007,4262,5410,16813,2522,4798,18179,1282,8537,19946,705,9255,20836,-954,2764,19917,-667,-398,18775,-470,1310,17564,-962,-2880,14802,321,-4797,13074,-428,1316,10274,1430,309,9760,3379,-8760,9895,5686,-5617,7165,8206,3434,10069,10250,-1673,8614,11574,-1353,11094,9585,8953,10669,7359,4485,11212,2194,118,12629,3759,8463,18119,3006,11871,17938,2677,4621,20369,-1320,3450,19761,-277,7908,20594,-842,4781,19392,-391,-5832,16779,-450,-4558,15504,218,3684,12763,92,-1365,10771,745,-6653,8913,3198,-1803,10666,5251,-1847,8057,8680,-5861
16823,2617,10312,19456,551,3664,18990,358,2225,19584,-1814,6815,18510,-1601,1278,18182,-1462,-7499,15699,-997,-247,13933,289,3104,12872,-828,-4168,9823,2211,-6051,10549,5206,-773,10539,6969,-1905,8168,10548,-5515,11250,11079,1591,9924,13833,8437,12274,7836,937,9613,5366,2671,12435,3293,9702,15049,3956,6285,16622,1954,4244,17819,164,8234,19098,616,8541,20202,-1914,1986,18160,-1687,-1742,18259,-2116,223,15992,-748,-564,14607,-156,-4744,12854,-63,36,10376,1861,1119,10719,4990,-8972,10494,6729,-5525,7860,9496,3507,11885,12958,-931,10620,12002,448,10163,8750,7837,9517,5504,5027,12741,3784,1758,13807,3235,7701,16129,2162,10201,17702,712,5480,19385,-254,2819,19241,-1827,6263,19377,-1836,4725,18258,-2348,-6268,16514,-1259,-4299,14880,481,3288,13318,-145,-598,11081,1300,-6571,9780,5272,-3163,11168,7042,-960,8651,8575,-4692,10500,12528,-2226,10076,12533,8038,11203,9202,4249,9435,5545,-801,11605,3701,9250,13927,4017,8050,16322,1805,3463,17252,1294,5358,19118,-414,9375,19496,-1652,6767,19040,-2313,-1495,18470,-2100,-1480,17127,-482,227
10474,10715,530,8983,10957,8360,11240,7438,1124,10783,5267,2264,12055,3639,10102,15171,4695,6232,17011,2998,3317,18162,1199,7417,19127,660,9136,20299,-1672,4206,18558,-1636,-2174,18205,-1389,-1337,16570,-483,32,14286,-494,-4483,12657,308,-706,10696,1271,2101,9391,3876,-8057,10582,6108,-7380,8382,9319,3456,10771,11477,529,10163,11264,-862,10248,9790,7959,10958,5485,5465,12266,3982,1178,13867,3567,6818,17091,3333,11178,17455,1870,7200,20133,-268,1520,19214,-883,5058,19622,-1536,7175,18043,-1870,-4724,16515,-572,-6079,14931,413,3138,12925,297,-193,11041,276,-6498,9163,3628,-3386,11101,5722,-535,8547,8569,-4549,9936,10503,-3272,9849,12062,6841,11762,10866,6046,11159,6099,-1034,10475,3142,7192,13869,4452,8686,17200,3525,4002,17496,2443,6297,19084,-150,9961,19252,-263,5408,19830,-2166,-1430,17622,-1793,-1610,16736,-645,485,15464,-644,-2389,12763,279,-3163,11260,296,2251,9823,2532,-4135,11002,5058,-9814,8778,7381,298,8828,11269,3180,11992,12015,-2465,10673,12066,5121,11494,6537,7685,10698,4069,1811,13560,3291,4054,15945,3958,10948
[row took 90597us]
14884,-653,-3624,12805,221,-2154,10841,705,1747,10352,2438,-6732,10640,6168,-8580,8540,8419,3715,11526,12042,1968,11504,13030,-3275,10529,11409,6141,11617,6213,6588,11265,4900,1871,14543,3506,6908,15756,3703,10563,17028,2029,6376,19345,605,2012,18811,-1513,5018,18471,-3259,7683,16911,-3701,-3189,16792,-1820,-7696,14953,-290,2759,12984,-175,1249,11595,-210,-6045,9883,3099,-3983,11601,5483,-1081,8599,8814,-4562,11194,13518,-2881,12268,13571,6194,10501,11505,6310,11556,5393,-895,10359,5259,6578,14080,4917,9138,16291,3276,4395,16369,2149,5559,18794,-47,8663,18587,-272,6481,19274,-4022,329,16340,-3403,-1205,16905,-1907,284,15630,-617,-2540,13171,-66,-3497,11653,20,1803,10708,2623,-2942,11425,5921,-9975,9514,8305,-1698,9588,11382,4370,12272,12975,-2332,10688,12225,2863,11445,7138,8286,10244,5656,2679,13893,3937,3679,15019,3522,10138,15968,2226,9004,19072,104,3334,18444,-439,2988,18868,-3001,7474,17290,-3656,1382,17204,-2385,-7923,15533,-514,-499,14072,536,3197,12346,-316,-4143,10687,2434,-6345,10691,4799,-1093,9450,7416,-1965,10769,10841,-4349
16625,1443,6787,19455,-14,1471,18837,-1051,4446,19465,-2691,9008,17481,-2852,-891,17286,-1290,-7840,15430,545,1086,13967,917,1458,12392,553,-5419,9765,3473,-4562,11712,5340,-933,8306,8469,-3675,10640,11079,-3857,10815,12625,4674,10138,10740,6938,10522,5035,-1510,9728,4258,5913,13682,3963,10295,15939,3197,4733,16296,1644,4350,18907,336,8225,19098,946,7922,20206,-2384,761,17305,-2313,-1720,17844,-1318,512,15967,-28,-1867,14064,346,-4693,12154,553,1774,10421,2735,-1064,11242,4663,-9922,9015,7584,-2895,8782,10506,3972,11496,12704,-1448,10641,12110,2123,10743,5693,8261,8338,3784,2518,14067,2490,3452,14645,5214,9341,17859,2470,10451,17492,766,4082,20124,-102,225,19396,-470,7976,18804,-2385,5335,17336,-1749,-7086,16017,-318,-2500,14434,1528,2487,12882,57,-3846,10351,1970,-5828,10597,3599,-394,9506,6450,-1958,9009,9937,-6173,10742,11176,825,10180,13176,8554,11781,7304,1615,9007,3488,2443,12296,3741,9046,15446,4403,5429,15791,3031,4801,18107,1381,8342,19506,896,8262,20286,-1682,2766,18107,-2086,-2143,18095,-1159,372,16887,145,502
10984,12749,3995,10349,12050,7936,10680,4889,-1102,8876,4462,4129,14119,3340,10269,14133,4512,5892,17755,1430,4629,17652,901,8005,20008,660,7258,20124,-1990,1574,17847,-2241,-1755,17969,-1466,591,16613,-161,-1361,14388,667,-5008,12702,79,1387,10071,2207,-598,10896,3866,-9345,9212,7188,-3767,8737,10531,4131,11304,12215,-1320,10243,13395,983,11163,7521,7813,8951,3137,4598,12071,2474,1946,14945,4093,8894,16798,3483,10486,18213,1023,4240,19445,168,1533,20023,-2145,7516,17850,-2197,4009,19019,-2617,-6856,15459,175,-3011,15351,518,3128,12756,367,-1382,11374,2095,-7631,10447,3722,-2346,9017,7390,-668,10135,9258,-5365,9544,12744,364,10730,12541,8557,10437,8757,1540,10209,4133,952,10909,3692,9186,15210,3612,7870,15493,1923,3721,17962,1229,6879,19676,971,9287,20195,-2226,4061,18038,-2832,-2938,18610,-2106,-384,16839,527,1103,15836,-280,-4516,12378,633,-1303,11299,1693,1465,10875,4421,-7694,9980,7269,-7288,8285,8206,3137,9963,12684,1694,11611,12594,-1600,9602,9741,5977,10091,4779,6223,10732,3514,1978,15045,2854,7605,15199,1812,10741
13441,68,-4367,11826,233,331,9350,3260,-1844,10857,4684,-9252,7904,8325,-3178,8896,9822,3824,9800,12354,847,10459,10965,984,10109,6464,6706,9723,3641,5143,13630,2508,4250,15253,2913,8661,17107,1643,9360,20168,1481,6744,20730,190,1516,19673,-1412,4118,19397,-668,2349,18786,-1107,-5616,15748,440,-2983,13565,-329,3582,12326,461,-1703,9705,2948,-9091,10561,4241,-3210,7313,8287,1685,9960,9475,-4534,8516,12068,-440,10274,10827,9739,10921,7731,1537,10083,3288,882,12069,2796,11092,15872,3291,8411,17253,2068,3007,19696,1283,6679,20346,-155,10146,20227,-2030,3369,19325,-982,-6294,18785,-797,-2102,16035,476,2781,14173,-854,-3328,11742,471,-2156,9903,2382,-231,10235,4492,-7401,8196,7992,-6382,9006,9188,3053,8343,12604,3196,11246,10849,573,9846,8128,4560,10254,3897,6212,12443,3843,4496,16013,2534,6747,16439,1451,9566,19550,1111,8952,21095,-291,2876,19820,-1348,1127,20396,-2,2772,18208,-2908,-2362,14993,405,-5522,15007,-1244,2086,11876,1800,1814,10259,1560,-9071,9441,5206,-6145,8657,7075,2357,8881,11527,-1603,9595,11874,-3413
19191,275,8383,21259,-1169,855,19439,-634,-687,19270,-372,-498,16899,-636,-3313,14407,311,-3420,12541,573,3464,10609,2767,-2215,10370,4982,-10956,9055,6674,-1860,7423,10835,2896,10536,11103,-3336,9857,11764,3345,8902,6463,8957,9318,4778,725,12642,3268,3357,14276,2502,10459,16792,1767,8625,18658,216,3941,20338,74,5226,20182,-5,7877,20669,-1400,1580,19124,3,-9036,16874,-238,-498,14918,1074,3744,13257,651,-4257,10609,3269,-5038,9977,4669,-1432,9431,6614,-4494,7799,10347,-4471,9397,9897,3242,7924,10881,7157,10611,6837,237,9376,5348,2612,12516,3013,9466,14494,2505,6175,16176,1878,4241,19242,243,7974,19424,1719,9347,22122,-1387,3323,19132,-72,-1356,19945,-696,-404,17227,485,-2438,15298,585,-4672,12935,838,1188,10467,2473,1435,9885,4392,-9236,9447,6703,-7002,7116,8856,4196,9294,10812,-262,9371,9385,-120,8069,7348,8650,10607,5933,3828,12179,3538,1532,14272,2344,8289,16258,1530,10041,19187,1094,5211,20291,632,4506,21103,-346,7016,20144,-146,4253,20064,-1037,-7466,16814,809,-5333,15527,510,3740,12792,1159,-87
10796,6784,7321,11150,4423,3435,14057,1845,3762,15458,2566,9947,18199,1498,11021,20003,919,4240,20231,745,531,20655,-175,5856,19007,-203,249,17733,-1323,-7152,14706,-99,-156,13316,636,3078,11820,597,-4086,9124,4217,-7949,11299,5229,-1425,7931,8345,-506,9655,9124,-4809,8262,9600,2702,10035,10149,9619,11286,6949,-383,10669,5312,2145,12964,1859,11461,15096,2723,6773,18192,1119,3306,19465,1441,8365,19843,549,9160,20838,-997,739,19073,-279,-6267,18450,-95,-979,15800,-575,1999,13288,-414,-4060,11985,885,-364,9258,4653,-258,11759,4970,-8998,7843,8180,-5065,9078,9561,4265,8796,11382,1840,10523,9555,1352,9663,7488,6856,10709,4729,4909,13418,2191,3390,14579,1910,7616,17380,567,10463,19362,1334,6731,20646,651,1612,20369,-59,4030,19702,117,3028,18667,-598,-6040,15786,17,-3388,13865,-73,3432,12351,1393,-886,10044,3980,-8463,10168,5659,-3400,9297,6521,760,8525,10269,-4302,8990,9256,-835,8372,9616,10182,10729,7200,2430,10914,5254,99,12285,1995,9767,14397,2796,8476,17926,1022,2522,19092,1587,6684,20190,540,11069
9387,4176,-9194,10868,5089,-1386,7367,9275,678,11319,9919,-4631,8450,12783,3926,12334,9838,10310,10482,6469,-399,11415,4368,1704,15372,3312,11959,15342,4403,8392,19092,-868,3840,17686,864,4906,20456,-168,8263,19711,-57,1460,18450,-1686,-5682,16210,-1817,470,14357,-1798,2049,12932,-632,-5970,11162,846,-1823,10061,4293,-409,11281,5458,-7936,8246,8602,-3855,10663,10319,3529,9473,12058,2874,10952,9342,1379,10567,7830,4858,12059,6051,7296,14213,3270,4389,15074,2031,6579,17481,807,9430,18845,1691,6974,20309,-324,1570,18472,-1444,2427,18880,-1951,1529,17010,-2642,-4527,14122,-2235,-3198,12989,-1497,2821,11614,1235,-123,10774,3728,-9057,10231,7109,-5305,10411,8519,2083,9535,11156,-2822,10220,11371,-1083,9892,11905,10721,11866,7881,3245,11185,5345,-139,13064,2137,10074,14948,3161,10067,17715,575,3889,18864,986,3176,19074,-260,8296,19686,-1513,5731,18356,-2483,-5015,16897,-2669,-3240,14763,-1151,3186,13917,-803,-3241,11963,1606,-4389,10652,3774,507,11351,7140,-5438,10107,8183,-7438,9145,9756,1591,9429,12192,4617,11775,10318,2517,10303,8340,3053
19233,-836,1820,18628,-1605,-7039,16259,-1079,142,15052,-1206,1983,13170,-167,-4390,11489,1915,-2865,9965,5889,-184,12210,6753,-6875,8569,9739,-5730,10371,9099,3702,8484,12279,5368,11994,8370,1448,9401,7527,4500,12270,4595,7543,14084,3145,4444,15373,1841,5477,17616,201,9407,18418,1217,7913,20494,-589,1689,18756,-718,1290,18729,-1408,1527,16901,-2140,-3730,14389,-1233,-4075,13366,-325,1850,11551,1813,193,10087,3717,-8927,10979,6462,-5945,8192,8329,3599,11363,10706,-2126,9623,10839,-1536,9741,9784,9065,10944,7870,3843,12115,5997,418,14000,3551,9688,14824,2608,10445,17817,40,3822,18612,1373,2475,20187,-237,8540,19021,-1055,6217,18319,-2942,-5730,16660,-1638,-4877,15120,-902,3305,13478,-1237,-2109,11497,822,-4969,10304,3259,158,11366,6470,-3934,9158,7935,-7725,9931,10969,821,10302,12428,5628,10930,10185,2762,10362,7220,2561,11499,5927,7618,13996,5574,5687,15968,2129,4499,16113,885,8336,18676,421,8482,19808,424,3357,19535,-1448,1155,17800,-2578,2827,16956,-2504,-1452,15406,-1819,-5726,13153,-1298,-350,11412,238,2484,11146,2566,-6547
13673,4920,9030,14396,3578,6213,15758,1911,5127,18400,596,8923,18425,1757,7599,20638,-1107,1310,18179,-540,23,18215,-2057,1234,15930,-2522,-1752,13740,-2103,-4802,12771,-933,1159,10743,1645,1025,10159,4109,-8908,10751,7130,-6027,8792,8672,3531,11173,12532,-1341,11164,11427,-1143,9543,9248,9047,10710,7175,4744,13230,5494,967,13524,4339,8078,16118,1229,12343,17170,422,5510,19441,622,556,19932,377,6934,19250,-637,6581,18379,-2682,-5340,15743,-1871,-4428,14621,-1461,3431,13112,-794,-1915,11198,1460,-5870,10210,4229,-1782,11304,6412,-2633,8511,8104,-5441,10359,10760,-1141,10046,12769,6410,11448,9451,3870,9221,6749,-63,12055,4950,8523,14246,5366,7876,16248,1695,3485,16245,360,7307,18964,878,10144,20519,379,4546,19676,-981,-1137,18090,-2395,-486,16997,-2010,-326,15096,-1971,-3826,12944,-459,-1219,11494,1418,3012,10363,3943,-6323,10804,6583,-9675,9028,7028,1873,8639,11230,2178,11083,11649,-3545,10732,12066,7600,10691,6875,6808,10756,5082,-483,13927,3974,6845,16198,3013,11632,17141,-185,7331,18680,431,2132,19856,-142,4655,19902,630,7994
10236,7577,-6430,7876,8579,4181,9904,11772,153,12442,10972,-583,8505,9765,8092,12400,6509,5333,12972,6302,1911,15831,1761,7946,15308,900,10068,19548,1251,5972,19482,1217,3045,19836,-580,5434,18926,-1802,5185,17862,-2780,-6357,15083,-1848,-5549,13621,-1804,3287,12075,-149,-261,11432,2383,-7757,9131,5236,-2868,10234,6290,-182,8681,9384,-4543,10507,10902,-1761,10122,12577,8092,11319,8907,3809,10587,6722,-440,13357,4993,9175,14228,4086,9501,17730,868,3836,17240,463,5755,19285,667,9667,20536,260,5008,19778,-1411,-2632,17300,-2257,-2183,15649,-1916,806,14486,-2063,-3759,12127,104,-2278,10875,1733,1408,9291,4886,-5571,11227,6988,-8914,8360,9307,2307,9768,10270,2453,10129,12362,-1595,11724,10805,6359,9817,5546,6967,12061,5033,1956,15282,2740,6363,15582,2061,9981,17991,449,8275,19469,4,3611,20184,28,2621,19465,-288,5055,19131,-1975,-2903,15584,-2036,-6023,14748,-2382,1586,12124,965,2113,12195,1637,-7015,9110,5446,-6450,11013,6379,1069,9125,9704,-1867,9425,9922,-4789,9622,11749,5477,10317,11006,7398,11815,5735,-600,9848,5606,6252
17834,-1598,-3969,14782,-1402,-3942,12374,-214,2447,11755,2226,-1038,10142,4970,-9862,10351,5687,-4167,7351,7953,3332,9092,8273,-3368,8277,10898,-1192,10313,10179,10037,11027,8257,2851,11189,4404,806,14137,1950,10960,15012,1640,9405,18841,389,3254,19910,2023,5202,21363,687,9111,20109,-284,3332,19663,-748,-7140,17206,-1466,-2450,14760,-1226,3489,12767,-1003,-3003,11294,1796,-4290,9926,4373,-1320,10187,5730,-5591,7832,8055,-5712,8354,7879,1880,8070,11297,5603,11063,10174,1718,10628,8484,2790,11404,4911,7445,14468,3029,6398,15590,787,5289,17928,971,8701,20163,1841,9906,22146,710,2457,19443,-26,-1547,20110,-776,1613,17331,-1769,-1097,14911,-2262,-4346,12031,-923,765,11239,2107,1079,10345,4393,-9271,9518,5936,-7418,7843,7073,3611,7978,9212,-206,9513,10736,-2578,9600,11120,8271,11160,8542,5191,11701,4883,-374,14133,2801,9253,15722,879,11559,17951,787,5617,20621,1484,3796,21519,450,6552,19895,339,4467,20310,-1358,-5307,16849,-1412,-4891,14824,-1956,4148,12291,-382,-354,11341,1814,-6840,9602,4356,-3698,9672,5411,-2564,7858,7948,-4686
18540,888,9959,20501,936,6552,21040,32,1215,19688,-406,2408,20468,-213,-1177,17134,-2097,-5362,14093,-1961,536,12091,260,3962,11982,1741,-5281,8533,5682,-9974,11337,5167,-1457,6678,8185,2359,8861,8052,-4821,7854,11230,2504,11598,12201,9098,11481,8788,-994,11475,4026,3381,13328,561,13941,15755,1547,7360,19810,1464,2094,19845,824,8097,20400,370,9185,21020,-1552,-1252,18991,473,-7498,17686,-2291,919,14132,-1359,2526,12253,-273,-4461,11308,2603,-2195,9246,5157,-2231,10542,4492,-8392,6828,8286,-2646,8763,8927,3667,8984,12979,2797,12229,9502,2179,8100,8137,3820,14122,3870,7261,13607,2832,5926,16360,1004,6595,18081,21,10389,20116,1922,7806,21313,287,473,20179,-583,553,18921,-583,565,17844,-2615,-4031,13350,-952,-1660,12829,-328,2447,10875,2837,-2042,10153,4584,-10394,10428,5380,-4621,5552,7929,4699,10751,9374,-2561,8428,11829,-704,10554,10302,9782,10674,8421,2331,13254,5317,917,14427,1014,12294,13446,1425,10149,21063,401,3368,19284,3211,3097,21569,-712,8435,18856,-942,3596,19840,-2476,-6622,16538,-1559,-2308,14247,-1241,3226
9569,10817,5843,10561,6878,4808,11741,4558,2230,15615,2466,6868,15382,1317,11341,17575,625,7703,20611,950,2571,20770,1371,3508,20919,-439,5702,17954,-2563,-2394,16755,-2806,-6651,14622,-536,1946,12947,839,1528,11214,1986,-6427,9088,5065,-5835,11582,6176,-231,7610,7685,-2716,8818,9265,-3899,8609,11147,6066,11345,12260,7243,11639,7984,-929,10584,3520,6450,13813,1503,11273,16443,1620,4546,18228,1336,4394,19785,1442,8860,20575,1036,7727,20443,-1679,-1032,18289,-1516,-4923,17182,-1915,931,14858,-1391,-606,12583,676,-4377,11506,2381,1129,9660,5250,-3474,11441,5118,-10545,7776,7673,-999,8049,9028,5165,9715,10877,-170,10176,11454,3453,11590,8167,6645,11525,5379,3165,13587,218,4755,14287,826,9666,18730,1964,8513,20497,2184,5552,20367,161,2686,19683,-1852,3777,19064,-1508,-120,17907,-1929,-7070,14377,-1040,-505,12538,324,4175,11890,1804,-4295,9250,5251,-8749,11243,4977,-1641,7469,8509,189,9483,9195,-3980,8317,10864,2671,10861,11678,9723,11516,8416,46,11436,4307,2385,13265,1476,11822,15574,1857,7697,17913,841,3112,20320,1084,6436
10214,2232,-6897,8964,4946,-7583,9002,5330,2160,7562,9815,370,11314,9783,-3391,9167,11787,6799,11779,9412,4623,11976,5825,163,12445,3197,8267,16834,2469,11639,16755,2464,5691,20439,1112,2768,19205,1873,7218,21418,-207,7504,19049,-1938,-3225,17063,-2516,-6579,14933,-944,1879,13661,-677,-14,11064,789,-5096,10162,2242,-1003,9446,4205,-2087,8642,4976,-7635,7961,9363,-1559,9409,10843,5020,12006,13202,3542,11296,9267,1610,10341,4756,5578,13438,4039,7316,16631,3281,4449,17411,2690,8399,18703,813,11761,20370,1237,3346,20892,156,-1347,19422,-1438,3094,16830,-1599,1062,15735,-2888,-4589,12629,73,-2075,11449,115,1848,10235,1805,-4783,9320,4552,-9773,9680,4259,401,6193,9724,2461,12553,10453,-4117,8777,12031,4421,11595,9703,7276,11910,6974,453,13058,3936,4892,15156,2537,11604,16789,2468,9161,19941,1326,3463,19533,1875,3406,20941,-321,8217,18812,-1531,-111,17997,-2134,-7632,15025,-2043,1783,13217,-996,2603,11672,-509,-5650,10207,2027,-3939,9114,4612,-1818,10526,4524,-5743,6896,8778,-3371,10629,9186,3823,9258,14304,5617,13844,10145,752
19498,-909,6120,18701,-2784,-3706,15655,-2315,-5073,14074,-1768,3994,12469,406,-522,11070,991,-7905,10429,2049,-3519,8780,5028,-1256,9683,6929,-4175,8332,10251,-1969,11077,12402,6119,11729,14247,4539,13157,7840,-1072,9455,4615,7290,15013,3446,10159,16293,2589,4454,17470,1771,5280,19638,1789,10003,19663,68,5607,19411,-2166,-1502,18421,-2257,-1430,16198,-2037,1648,14890,-3153,-2512,11843,-62,-2940,11508,537,2119,10125,3016,-5807,9406,5467,-9845,9938,6381,-131,7298,11063,4101,12288,10883,-1091,10258,13683,3781,12666,9551,6852,11816,6160,2318,14046,2548,4887,15403,2716,11782,17607,2153,8693,20058,726,2308,18948,243,2698,19721,-1655,6996,18250,-2793,191,16480,-3324,-6635,14079,-2137,710,12793,-82,2097,11822,637,-6084,9727,2669,-6468,9727,4739,-1185,9108,6225,-2354,9130,10176,-3596,10665,10763,4281,10204,14588,6489,14053,8809,-1477,10175,7470,4681,15153,3071,11619,14961,3391,6306,18200,1411,3042,18552,1258,7958,19789,1102,8891,19914,-2290,1284,17502,-3410,-2908,16444,-3131,88,15014,-2392,-1159,13010,-750,-4365,11284,528,487,10000,2595,-1263
11690,5145,8208,15524,3527,10857,16348,1127,5582,17804,709,4042,18955,1265,8078,20300,55,6641,18847,-2952,-2568,16647,-3707,-3159,15326,-2546,2676,14469,-1697,-2292,11965,1175,-4458,11548,1347,453,9477,4800,-4363,11561,5522,-9042,7755,8731,483,10939,11136,5006,11203,13092,-721,11008,11454,2781,11566,7049,7450,12378,5575,4484,14526,1957,4947,15019,1581,9464,18095,2224,9059,19591,1191,4192,19311,-791,1241,18729,-2670,5005,17780,-2809,-465,16162,-3069,-5974,13551,-1855,99,12621,827,3127,12263,1013,-5581,9076,4807,-8312,11856,4729,-860,7180,8630,-2,11964,11812,-4042,10933,14393,5090,11587,10929,7960,9826,6580,-1551,12510,4980,5265,13856,4428,11266,16769,1365,7915,16213,449,3193,19248,575,5550,19916,979,8850,19650,-2838,951,16946,-2706,-5267,16305,-3279,1650,14427,-1207,582,12767,-24,-5808,11881,1294,-815,9631,4600,-1490,11740,5120,-8916,7792,8375,-3092,10773,10138,4885,11107,14574,1598,11417,10770,1426,9961,7235,5235,11970,5644,6895,14544,3824,4157,15571,1965,7510,16655,913,9771,19080,1316,6100,20269,82,1096,18769,-2063,3594
9981,5617,-7684,7862,10028,611,11537,11841,5178,10775,14115,1479,11146,8524,698,11161,6503,7428,13412,4361,7053,15029,1730,5467,16575,1870,8148,18782,1916,8699,20807,1181,3922,19196,-1055,550,18632,-4042,3636,16941,-2295,-337,16196,-1968,-5102,13639,-343,-795,11261,209,2510,11032,1490,-5831,9684,5924,-9498,10258,5267,239,6703,9576,1567,11925,13077,-3626,11833,13667,5304,9622,9102,6831,11511,4548,670,12202,5607,4590,15919,1455,11505,15217,2483,9113,19741,262,2279,19421,1717,4128,20123,-664,8861,19046,-3315,144,17249,-2324,-6587,15611,-1367,1715,14535,383,1654,12545,71,-5332,10853,2160,-4446,9173,4570,-1483,10205,5478,-5941,7705,9443,-3438,10905,11197,4885,10478,14166,4313,11451,8164,-326,9494,6132,5183,13513,4121,8661,14114,2710,5405,16436,1707,6726,18320,1257,9477,19712,1832,6220,20562,-431,261,18823,-2343,1448,17796,-2472,2017,16328,-2106,-3499,14548,39,-3451,12709,572,2657,11063,1959,-2653,9417,4052,-10125,10833,5453,-3270,6971,8514,4188,11008,10816,-3164,9476,14606,1263,12518,10145,9121,9055,4903,2294,12003,3108,1406
17514,-1005,1731,16079,-907,-3200,12638,458,-1784,11753,911,1922,10481,3744,-6570,10853,5526,-10129,8165,6919,1076,8181,10923,3662,11488,13231,-1902,9929,12937,4768,11041,6558,7274,9707,3990,678,13769,2563,5734,15314,1400,12208,16313,1201,7719,20640,557,3121,20144,606,3287,19558,-1413,6778,19608,-2514,-1092,17217,-1475,-5988,15841,-558,1793,12897,234,2019,12200,647,-6323,10239,3905,-6323,10884,5376,-994,7888,8362,-3241,9165,9586,-4166,9732,12764,5696,10666,12436,7205,11666,6529,-1635,8733,4149,5249,13694,2495,10976,15368,2193,5262,17462,1094,4061,19278,1103,9794,20240,754,7567,20251,-2128,-914,18433,-1568,-3056,18260,-1712,1833,15709,-482,-861,13373,-302,-4185,11627,916,894,10356,3869,-3257,11304,5193,-10319,7927,7494,-1964,8043,9223,4451,10640,13208,-124,10737,12403,2218,10695,7218,7408,9563,4362,3223,13704,2603,4164,15097,2193,10160,16589,1313,9012,19896,634,5359,20489,557,1765,19539,-2164,5388,19423,-1747,1881,18312,-2293,-6219,15621,171,-1488,13261,114,3749,12179,622,-3928,10227,3708,-8563,11068,4676,-2018,7130,8547,-342
17053,1573,8171,19255,1666,9526,21605,329,5021,20206,-926,1147,20025,-1947,2140,18190,-1122,-2883,16772,471,-5688,14941,1772,674,12036,2016,3168,10118,2418,-7684,9980,4651,-8290,8353,6736,1834,7684,11378,-448,9599,10652,-3185,8817,11252,8626,10607,6044,5836,9137,4258,-816,13263,1488,6931,13471,3126,10941,19124,1069,4884,18803,1595,4119,20598,-450,10047,20662,-464,6754,20172,-1669,-5129,18930,230,-6796,16681,1070,3167,14989,880,492,12434,2033,-5355,9720,3367,-2217,10008,4915,-3483,8906,6086,-6135,7046,9234,-288,8263,10178,4584,10038,10970,4076,11146,8486,-266,9638,3799,6677,10772,1810,8425,16058,976,4502,16713,2562,6619,20282,948,9195,19731,273,7247,21096,-1299,727,19941,-321,-221,19524,689,-960,17262,106,-4066,14061,1566,-2232,12540,1752,3343,10437,2882,-4258,9781,4185,-10897,8403,5278,325,6511,10446,2855,10489,10618,-3820,9495,10953,5369,8565,6425,7544,10296,4275,-385,12820,2792,5528,14007,1952,11021,17780,1432,6992,19127,1336,3733,20876,333,6823,20188,105,7788,20688,-1053,-991,18783,155,-8536,17142,34,836
9470,9977,-918,9608,9395,7799,10528,5905,5468,12012,3055,1006,13762,1133,7764,16878,2461,9918,18579,1978,6419,20309,339,4997,20219,-484,5169,20131,-109,4341,19698,-960,-6015,16680,360,-6091,15767,679,3756,13109,2132,1078,10922,1235,-7173,8758,3557,-4981,10720,5347,-872,7508,9568,-3481,9102,8561,-1347,8069,11320,8006,12092,9445,4866,9869,5126,-2103,10191,2292,7189,14574,2787,10217,16386,2859,3323,18723,953,5808,18686,686,12191,21144,-5,5949,20576,790,-4091,19408,-977,-3597,16756,-54,1276,15614,-259,-2130,13393,1711,-2534,11169,1790,1581,9010,3830,-4748,10651,5488,-10008,8090,7862,1483,8736,10234,3903,9565,9574,-1150,9401,9784,4431,10878,6113,6735,11111,4304,2589,13740,1233,4987,15167,2053,10325,18229,1745,8980,20252,883,4782,20135,227,2633,20179,-182,5884,19675,170,-1867,18015,12,-7721,15368,697,1336,13326,1282,2897,11726,1139,-5284,8831,4115,-6932,11139,4573,-941,7632,7777,-1202,9459,8530,-4142,8063,9368,3805,10116,10285,8110,11601,6373,-960,10408,5120,3433,13275,1597,10923,15079,2118,6144,18117,1722,3137
[row took 88915us]
12210,1108,1626,11052,823,-6852,8330,4929,-6179,11175,5642,125,7575,8446,-1640,10044,9573,-2946,9060,11257,7009,11953,9627,6045,10470,5899,-1469,12037,3369,6673,13998,2806,10739,17026,1533,5053,18153,1860,5108,19571,956,8837,20171,760,6583,19974,-849,-2519,18107,-818,-4253,16568,-302,2093,15027,-913,-1090,12177,1129,-4501,11219,837,1203,9313,3488,-3816,10761,5034,-10070,8143,8170,235,9891,9984,5406,10297,10805,-904,10275,9496,2464,10709,6151,6952,11842,4446,3859,14460,2972,3970,15481,2710,10354,17700,1840,9566,19654,1196,4601,20276,801,1071,19467,-341,5330,18461,-1202,293,17133,-1396,-7310,14595,-742,-296,12482,237,3981,11797,-164,-4258,9456,3658,-7985,11122,4836,-1122,8098,8110,-654,10676,9952,-4389,8979,11815,3192,11365,10783,9579,11377,6102,101,9963,4222,1171,14342,3039,10656,15336,4788,8062,18798,889,4688,17479,935,7356,20356,319,7286,19697,-150,1040,18903,-986,-3646,16833,-947,1065,15294,-1311,1296,13373,-247,-5659,11749,398,-1565,10017,3008,-164,10824,4645,-8274,8843,6928,-4251,9136,9389,4563,10849,11197,478
18995,796,7710,19279,746,7147,19682,-1789,38,17594,-643,-3787,17302,-921,989,15004,-541,-235,12792,-422,-5054,11507,-5,1131,9846,3287,-1445,11248,5537,-10058,9336,7872,-2611,9241,9631,5127,10836,10917,-663,10616,10534,1805,11558,8105,7306,11124,5958,4312,13966,2695,3058,14414,2576,8899,17356,1769,10702,18792,1232,5599,19407,213,881,19069,-790,4624,18589,-947,2304,17668,-1591,-6528,14824,-930,-1617,13609,-37,3835,11840,369,-3260,10203,1710,-8016,10751,4073,-1980,8688,8270,502,11143,9339,-4148,9645,11788,-365,10890,11446,8470,11603,8526,1748,10925,4613,1001,12225,3854,10155,15543,2889,8221,15910,1510,3548,18525,1807,6883,19816,1716,8552,19267,-2440,3364,18120,-428,-3924,18481,-1583,-742,15124,9,2008,14071,-2153,-4461,11737,216,-1401,10825,2049,881,10382,4956,-7362,11035,6969,-6807,9272,9608,3102,10547,11324,2387,10755,10540,-1040,10623,8994,6496,11054,6369,6368,12665,4323,1899,14100,2761,6765,16241,1748,11376,17668,1792,7324,19723,541,1195,19064,-289,3530,19046,-1100,5634,17875,-1819,-3332,15882,-1221,-5326,14547,-586,2164
10566,10801,-576,11140,8581,8333,10290,6159,4294,13432,3558,2195,13918,2692,8597,16281,1914,10829,18385,1755,5915,19460,493,1207,19175,-749,5020,18741,-1149,5467,18182,-2080,-5475,15375,-714,-3987,14627,-292,3203,12431,198,-923,11200,1382,-7232,9794,4654,-3163,11218,6700,-370,9069,9410,-3859,11127,10967,-1526,9274,10774,7101,11061,8367,3701,11602,6027,-84,11251,5473,8232,15076,2962,9083,15278,1773,4555,18124,706,5937,18772,1475,8656,19996,-352,5107,18633,-1158,-1935,18056,-1588,-1324,16154,-290,1187,15174,-1180,-3609,12365,342,-2576,11314,834,2387,9936,4102,-5831,11373,6213,-8813,9384,7793,1997,9337,10754,2968,11451,10471,-3274,9756,9753,5450,11367,6406,7787,11362,5540,1691,14465,2549,4969,14384,1646,11068,17263,2398,7979,20240,1527,2792,18560,207,3396,19189,-1281,6886,18471,-938,-1341,17092,-809,-6841,14842,-1070,1297,13188,58,1882,12040,557,-5047,9737,3374,-5449,11428,5272,-315,9225,7648,-3083,10203,11074,-3670,10513,10675,3566,10088,9661,6939,10860,6274,-3,10805,5789,5082,13519,4241,9563,15894,2364,5609,15985,1389,5003
12840,-402,714,11904,301,-6745,9825,4104,-4166,11758,5320,-501,8751,7632,-4483,10239,9895,-2336,9320,10700,5468,11191,10360,5265,11592,6192,-18,8954,4068,5535,13073,3420,8640,16554,3299,5459,16387,2369,6075,18904,-105,9103,19006,1214,5710,19980,-560,-1231,19111,-48,-486,17169,-436,2329,16035,-1612,-2791,13291,128,-3924,12612,387,1940,10093,2256,-3684,10064,5043,-9040,10478,7092,-1017,8344,11103,4218,12114,10198,-3436,8789,10251,2193,10430,6882,9264,11264,6351,2008,13428,3302,2768,13206,1673,10956,16600,2046,9307,19741,1395,2808,19145,1187,2959,19365,-1104,8118,18811,-1074,1895,18691,-122,-7932,16176,215,-368,13981,-32,3222,12420,-685,-4043,10342,2289,-5548,11064,5414,-1191,10299,6321,-3465,8795,9660,-4501,10058,10091,1685,9613,12489,6919,11986,5017,1726,7812,5632,2975,14672,3759,8720,13393,4317,5145,16250,800,4530,17655,984,9575,19513,2111,8409,20459,-1173,1732,18445,-281,-1455,18935,-520,572,16837,395,-774,14693,-229,-4327,12764,-698,1144,10571,2215,-52,11141,3981,-9341,9785,6747,-5718,9039,7999,4211,9913,10710,-714
19556,693,10200,18994,1566,7539,20886,-809,-268,19221,357,-1242,19126,872,1373,16769,-34,-1634,14216,-485,-3742,12289,11,1738,10514,2392,-1930,11124,4285,-10006,8630,6376,-3093,8500,8837,4415,10192,10503,-2787,9801,10705,964,9922,8093,9380,10252,4899,2775,11422,3730,1427,14870,1963,10626,15106,1744,9398,19308,591,4647,19298,1746,3543,20783,-257,7237,19661,542,2552,19610,-177,-7034,16462,289,-1159,15026,-152,3623,12708,-252,-3189,10619,1974,-6345,10480,4141,-1715,9447,6573,-2590,9759,8882,-4768,8358,9447,552,9218,10445,6790,10218,8663,2201,11009,5473,2074,10412,3841,8916,14625,2340,6711,15248,1176,3567,18455,1233,8095,19879,1435,10708,20833,-102,2529,19497,114,-2198,19961,852,-30,17701,595,421,15412,-939,-4307,12196,-307,80,10796,1849,947,10751,4087,-8653,9747,6230,-7224,8511,7515,4027,8691,10221,385,10344,9946,-2252,8873,9302,7675,10689,5494,5837,10614,4144,315,14337,2439,7597,14933,1185,11034,17707,1252,5811,20450,1277,3654,20398,630,5838,19831,259,5701,20041,-171,-5115,17393,748,-4819,15901,-195,3119
10132,8796,2207,8623,6731,7871,11320,6291,2264,12917,3196,2505,14283,760,9786,16644,1591,9879,19894,1071,5413,20085,104,3938,19497,-316,5039,20939,1286,1529,19727,397,-6163,15953,-412,-1646,13683,-50,3208,13096,615,-2431,10022,3652,-7911,10789,4743,-3625,8302,6571,364,8964,9258,-3518,9139,9533,-302,8222,9980,8923,10392,8060,1754,11671,5096,1106,10097,2387,9150,15159,1706,8533,17096,2208,3027,19788,1474,5546,18236,-216,12692,21066,-928,3686,20003,1637,-5357,20796,714,-1742,15714,866,1224,15155,-1910,-3618,12053,1154,-1048,10730,3078,745,10699,4620,-8127,8662,6537,-7144,7863,8185,3737,9100,10910,1999,9711,9867,-283,9959,6346,6903,8473,5761,5702,14111,3936,1257,13447,2558,6589,16410,117,10563,18701,2383,7168,20778,347,4962,20106,-462,3943,19804,108,3295,20285,407,-4698,17064,1108,-5367,15210,-756,3412,11931,327,1593,11294,1930,-8559,9190,6050,-5531,10599,5761,656,7458,8707,-1562,9142,8652,-3710,8029,10139,7114,11069,8342,5560,9759,5745,-848,11835,3608,7402,13803,3236,10379,16500,391,4228,18443,1628,3347
11714,1102,-912,9699,4605,-9342,10783,5128,-3632,6944,8214,2372,10022,8813,-4656,7318,9652,590,9898,8269,10127,9372,7616,2054,12130,3970,414,10994,2495,8966,16553,1449,9622,17499,1491,2198,20582,345,6270,19397,216,12775,20941,-393,2836,20034,1891,-7565,19913,938,-1872,15751,1128,2095,13952,-764,-2966,11747,1654,-2868,9476,4299,-660,11064,5392,-5752,8258,6899,-5814,7857,7863,2227,7846,9128,3971,9750,8185,1073,9152,6833,4791,11395,5351,6731,12970,3092,4401,15481,2475,4085,17246,414,8752,18975,1348,8444,21112,69,6544,20343,632,2227,20563,1050,1382,19066,1249,-4050,16717,510,-6108,14406,548,1869,11919,1403,2697,10064,1593,-7457,9353,5875,-8010,9784,6420,1291,6946,8461,-161,8500,7866,-2647,10146,9081,8798,8766,7386,4764,10903,3694,-2044,11717,4675,7525,16875,3311,11041,16552,1499,4083,18609,-41,3829,20217,212,10568,20755,2040,6832,21148,413,-4098,18504,1121,-5998,17217,342,2738,14663,130,-1697,12127,707,-4897,9927,2355,563,9968,5745,-3000,9644,5409,-7887,6711,8534,-80,9070,8616,3932,9167,9219,1993
19576,212,10375,20188,558,4464,20117,876,-7108,18203,415,-4092,15546,291,3414,13894,-1215,-2641,11245,600,-3226,10086,2394,204,10215,5325,-5195,9468,5514,-5859,7828,9492,380,9810,10061,3283,9880,9282,2368,10432,7394,3712,11204,5551,6585,12902,4806,4745,15429,1928,4733,16482,1453,9072,18651,899,9485,19693,-352,4424,19947,43,1034,19797,668,2587,18734,674,-1937,16257,-82,-5734,14107,-618,40,11868,408,3465,10835,1336,-5809,8780,6209,-7654,11263,6721,766,7617,9420,-140,10762,8327,-4669,8466,9693,6530,11393,8008,8405,10323,5910,-826,12526,3962,5138,14508,3036,11091,16966,1893,5640,18586,712,3629,18679,-320,7833,19944,250,8289,20050,171,-2273,18533,1207,-6740,16935,173,1968,14929,-587,307,12238,427,-5490,10860,835,-186,9486,4876,-1449,10898,5557,-8199,8323,9232,-1485,9855,9456,3796,9890,9674,1507,10388,7585,1842,9978,6186,6558,12151,5086,6460,14565,3223,3936,15229,1626,7279,17783,789,9158,19148,315,6741,20193,226,993,19310,129,3243,19200,755,1000,17901,149,-6150,14886,-169,-3217,12448,-678,4453
9412,7723,3778,10655,4925,6470,11271,5227,4418,15503,2203,3885,14667,2133,8338,18750,979,9325,19108,669,5676,20080,77,1738,19593,558,4193,19467,1320,-736,17776,421,-6350,14721,-285,-671,12475,348,3447,11958,943,-4075,8979,4887,-7789,11725,5266,-1187,8048,8240,1388,10123,8671,-5209,8457,8969,2636,9867,8677,9540,11070,5877,331,11279,5263,2745,13657,2730,11147,15364,2935,6326,18064,952,3286,18988,735,7294,19672,698,9438,20079,-336,1783,19122,1072,-5980,17965,860,-547,15825,775,1059,13253,-572,-5158,11221,-151,232,9030,3452,418,12244,4442,-7841,8189,8541,-5226,9163,7972,3229,9380,9533,1531,10322,8562,723,10750,7222,7506,10773,6020,5420,13776,3404,2596,14486,2755,7011,17493,1479,10011,18587,855,7419,19883,-386,2411,19326,643,3097,20123,1190,3108,18599,426,-5488,15469,-43,-3628,14343,-473,3134,11502,711,-491,10476,837,-8003,10031,4119,-3970,8685,7923,1688,10820,8930,-3183,8932,9968,-3308,10014,9190,8535,10455,8475,4529,11784,4668,-390,11214,4591,8993,15889,2508,9310,15880,1963,3381,19361,1210,5402
12014,-943,-2132,10268,2599,-8584,10872,5807,-2184,10086,7692,110,9988,9398,-3757,10190,9880,-1419,9141,9937,8203,11483,6884,3087,10610,6166,904,13168,4165,10096,14326,3461,7840,16628,1170,2589,18075,1125,6039,18806,393,10383,19163,-834,4019,19148,-768,-3860,18160,281,-1411,16198,11,1142,14495,-1394,-4028,11950,-429,-1003,11270,1391,1562,10266,4824,-7332,10742,7280,-7210,9963,8423,3371,9737,11494,922,10904,9558,-1210,9775,8701,7720,10728,6132,6027,12531,5165,1476,14235,3110,6537,15271,1978,10745,17673,1113,7352,19382,213,1741,18946,-446,3911,19394,-317,6462,18701,-471,-3252,16383,-255,-5288,15182,-882,2318,12699,-300,522,11823,203,-6184,9635,4586,-5199,12090,6302,67,8902,9141,-2592,10636,10821,-4139,9751,9947,5658,9713,8629,6093,11195,5522,-102,10454,6387,6303,14910,3916,10135,14897,2129,3899,17278,764,3912,18572,555,9228,19576,10,8342,19204,-1186,-1039,18639,-457,-2846,17452,14,1038,15958,-1093,-2612,12931,-525,-3638,11826,-76,3083,10220,3863,-3416,11453,5927,-10274,9659,8080,-491,8766,10546,3361,11412,10407,-2197
18624,256,10502,19781,231,5769,19852,448,-1399,18912,-233,-263,17285,437,758,16083,-1221,-3822,12900,-306,-2561,11269,-234,2776,10370,3273,-4878,10995,6232,-9597,9875,7675,925,8560,10715,2938,10951,10079,-3937,10013,9486,5032,9884,4940,9108,10187,5606,645,14757,4549,3377,14089,2584,10978,17049,1316,8318,19210,864,2658,18811,11,5041,19568,-503,7877,19375,169,-1131,18600,259,-7191,15570,-45,645,13746,-697,2752,12597,-299,-4738,10087,3150,-5085,11093,4959,-996,9234,6772,-3187,9568,9873,-3968,10160,9530,2315,9104,10915,6250,12012,6971,1819,9351,5707,3329,11826,3521,9107,16094,2799,5976,15589,2392,3740,19210,-598,8977,18119,1284,9264,20585,-741,778,19400,1100,-1742,18886,317,1023,16355,-718,-1748,14019,-369,-4509,13361,-306,1873,10200,2214,-31,9622,3667,-9470,10935,6836,-4840,8765,9581,4481,11114,10051,-2344,8773,10275,-1054,10198,6794,10362,10452,7074,3719,13027,4334,1179,12759,2214,9266,16203,1832,9458,18549,1674,4158,19479,854,4048,18955,-209,7985,19867,-763,4039,19019,392,-7521,17120,378,-3577,15004,-110,4230
9421,10828,1606,10323,8194,9659,11159,6033,1342,11964,4797,1880,15135,1669,11409,14337,2063,8756,20320,339,2999,18496,1160,4647,19628,-943,8100,19753,-510,1526,19277,51,-7249,16244,-361,155,14380,-1082,2951,12689,-951,-3885,10856,1792,-4950,10583,4534,-1989,9940,6625,-3765,10042,9375,-4129,9048,9867,930,9187,10805,6160,10799,8478,2049,10854,6623,2851,11236,4761,8470,14906,2831,6305,14848,1503,3609,18758,868,8305,18787,1172,10164,20397,-1461,2155,18867,-370,-1693,19606,611,686,17074,-370,-472,14759,-1857,-4046,12297,-1147,1017,11273,1795,953,11056,4288,-9903,9851,6034,-7076,9226,8217,5072,9669,10735,-578,10065,10531,-2524,9699,9198,8473,10912,6842,4870,11118,4930,-49,14013,2976,8886,14641,1394,10766,17926,1257,4770,19800,992,3050,19786,-691,7412,19345,-698,5028,19708,-52,-5331,17606,-12,-3766,15432,-1184,4032,12611,-1084,-1080,11591,852,-6055,10256,3953,-3105,10963,5775,-2492,9033,9217,-4018,9397,9245,-1885,8646,10504,5109,11104,9609,4006,10766,7143,1132,9927,5038,6972,13604,3805,8316,15795,1059,4173,16423,1485,6022
13061,435,-3124,11188,2699,-6229,10492,5044,-2201,9440,7856,-2023,9782,8370,-4978,7469,9256,-94,9103,9766,8185,10199,8309,2244,10117,5656,1625,10562,3413,9804,14648,2140,6793,15330,680,2327,18925,1181,7160,19487,818,11378,20696,-561,3464,20303,673,-3358,19925,29,706,17239,697,176,16083,-1304,-5455,12438,1627,899,11761,2539,845,10407,5468,-8641,10036,7266,-6716,7472,8323,3079,8825,9727,998,9504,8513,-1120,7993,7935,7554,10448,6303,5855,11417,4233,1187,13374,1366,7334,15519,658,9913,18787,1253,4913,19627,291,4745,20326,-658,6244,20323,791,4750,21007,385,-4736,17678,1055,-5471,15785,-544,2578,12779,1097,506,12327,2268,-6886,9383,6163,-3662,11473,6645,-1086,7182,8334,-3848,8874,8767,-2564,8135,10058,7318,9752,6985,5159,8496,5451,-353,11074,3597,8468,13998,2971,8402,15881,-221,2623,17284,637,4608,20234,1252,11223,20963,1148,8134,20773,-888,-2487,19726,875,-2898,18801,1272,898,16360,365,-3894,13133,1349,-2895,11920,2185,2934,10074,5259,-5053,10675,6343,-10206,7267,7572,885,7816,9139,3434,9018,9438,-782
20655,-475,12314,19918,-155,2953,21174,173,-6456,19163,1408,-2930,16312,541,1664,13924,-334,-3688,11892,877,-817,9298,3496,868,10841,4770,-9458,8073,7334,-5710,7946,7877,4066,8688,10618,2294,10092,8472,804,8372,7296,5932,11988,5794,5556,13239,4217,3404,14479,1142,6101,16695,225,9246,19590,1685,8425,21192,307,5021,19733,84,2100,20482,349,2052,19070,78,-4608,16512,677,-5246,14261,-384,3509,11277,884,1637,10643,2679,-8776,9730,5526,-6681,8803,6279,2004,8151,8406,-2198,8688,9314,-2877,9295,10277,9109,10554,9025,5412,11333,4146,-1825,10421,2950,7034,16367,2425,11758,16883,2277,3116,19719,592,4783,18706,-108,11794,21059,-85,5348,20249,362,-5560,19546,19,-4601,16125,747,2666,14755,-961,-913,12089,1167,-4161,10023,2214,-616,10114,5566,-4539,9870,6716,-7513,7344,7849,691,8387,9053,4174,10051,10223,1061,10050,8622,4158,10691,6002,6192,11475,4363,4714,15470,639,5306,16132,2169,7258,19341,1245,9110,19853,-113,7304,19902,-303,810,20724,121,2117,19418,1117,-2025,17091,-646,-6073,14482,-138,389,12592,1669,3679
9286,7978,3814,12148,4294,7106,13352,3472,5663,14847,1262,4677,17406,245,8374,19448,1856,10245,21149,-13,3671,19028,-200,42,20136,134,1169,18418,529,-2853,15846,205,-4543,13505,-512,1818,11178,1002,2431,10495,3109,-8448,9232,6174,-7591,10279,6607,2813,7758,9945,-954,9911,8607,-3503,8518,9571,8850,10798,7607,6065,11980,5505,-1070,12335,3039,7761,15016,1924,10396,17326,1497,3849,19730,1089,5183,19744,-599,9467,19520,117,5570,20590,-196,-5578,18447,357,-6223,16094,497,3095,13929,-424,15,11557,127,-4159,10018,2466,-1586,9759,5940,-4148,10370,5138,-4914,6814,9428,-1982,10079,9231,4242,9574,10901,3836,11220,7895,1545,10611,6104,5964,12736,4442,7037,15486,1634,4162,16689,1607,6558,18945,1209,10130,19852,-318,7791,19836,-113,-401,20044,-125,-16,18762,596,-346,16567,-903,-4613,13535,-524,-1344,11789,41,4628,10695,1220,-4236,8747,5804,-11198,11596,6590,-283,6781,9042,2518,10734,8353,-4013,8601,11147,4413,11549,8898,9417,10711,6493,-499,12815,3985,3535,14432,2200,11900,16837,2017,6939,19363,1164,3254,19159,336,6852
10546,2590,-7788,9536,6471,-9581,11550,7477,2629,7981,11488,1140,11649,9355,-4095,8533,11242,7577,11581,7705,7531,11483,6366,-1148,12816,3079,6425,14505,1952,11476,16887,1224,6352,19927,1145,3406,19050,-651,6986,18980,-210,6663,20124,-1216,-3748,18103,408,-6643,15672,-875,3458,13620,-1089,1319,11770,-31,-5778,10508,2744,-2604,10458,6085,-2871,10614,7698,-5223,8425,9747,-1952,9764,9864,3266,10201,11039,4668,11186,7791,1565,10154,5835,4995,12354,4563,8402,15567,1821,4139,15795,1902,5304,19164,293,11217,19108,-266,7946,19372,-939,-1357,20014,-544,-1271,18568,1008,310,16483,-1048,-2687,13387,-1453,-1419,11876,89,3021,11355,2351,-3420,9726,5584,-11574,11327,7132,-1210,7441,9920,4454,11613,9401,-3433,8586,10848,1990,11052,8248,10067,10477,6691,287,12514,4089,2910,13726,2120,11388,15862,1915,8005,19195,633,4000,19010,-65,5741,19367,-79,7419,20365,-906,709,18545,504,-7902,16802,-677,187,14366,-210,3830,12477,-980,-3755,10584,1365,-4336,9713,4557,-2098,11461,7658,-5627,8669,8722,-2702,9597,8804,2019,8693,10968,4842,11812,8403,2551
18540,-754,7159,19510,-2753,-1825,17144,-507,-7567,15980,-1538,1937,12972,-1038,2515,11644,-1143,-5807,9893,2092,-4315,10588,5671,-1941,9957,8087,-4331,9077,10462,-2426,10455,10589,3303,9832,11054,5770,11221,7708,301,10911,7290,4550,13960,5989,9509,16374,3078,5508,15749,1102,4547,19174,-547,8645,18293,557,8509,20444,-1699,412,18204,-1597,-798,17633,-484,729,16192,-1632,-2401,13213,-1520,-3565,11643,-1577,2196,10129,2030,-2014,10647,6123,-11314,10835,8077,-3599,8484,9626,5490,11281,9906,-2169,9874,10737,533,10822,8711,9527,10800,7553,1968,14196,5766,1787,14727,3438,10870,15728,1521,9284,18528,-254,4177,19125,289,3889,19077,-563,6767,19263,-1944,2179,17498,-1306,-7039,16135,-1715,-1133,14005,-812,4063,12267,-1296,-3602,10304,1484,-6512,10116,4772,-2097,11294,7729,-2665,9649,9553,-3064,9985,9641,71,8909,11658,5416,12799,9398,3091,10295,8386,1185,12858,5025,9180,14083,3813,8081,16188,1389,3138,17921,39,7692,18137,774,10863,20044,-1370,2143,18745,-982,-2344,18591,-435,-363,16536,-1238,145,14238,-1746,-3513,12172,-1438,135,10810,1116,1510
10411,6395,2858,14105,5187,11642,15419,3862,5782,17148,91,2350,17793,357,9168,20049,126,10120,19446,-363,214,19178,-1998,-3798,17752,-830,428,16007,-2462,116,12927,-1467,-4288,12062,-785,1103,10100,2947,-891,10936,5274,-11293,9886,8369,-3788,8278,9358,5303,10579,10663,-386,10604,11735,1101,11008,8007,7926,9102,6856,2249,14875,4875,3517,15311,4899,9635,17434,316,9572,16971,58,5127,20672,-897,1903,18808,724,6279,20207,-2316,4035,16687,-1630,-5970,16104,-2870,-2529,13362,-792,3397,12431,-1155,-2935,9816,2169,-7467,10621,5321,-3431,10243,7890,-407,9209,9834,-3649,10094,10047,-1087,9280,11808,8397,11877,9519,1945,11356,6070,1083,12178,5653,9678,15843,3595,7746,15821,2349,3598,18766,-728,5890,19210,-15,10725,19386,-960,4492,19297,-1610,-4204,17667,-1315,-2137,15859,-2358,2304,13845,-2366,-3646,12089,-1054,-1373,10587,2078,742,10510,5262,-9340,10326,7860,-8044,9096,8683,4854,9585,10508,2556,10301,11132,-918,11793,11190,6045,10335,7051,4900,12073,4944,1442,15766,3746,8399,15918,2513,10958,18139,-998,7094,18403,-267,2593,20443,-415,3358
12240,6164,-8776,8732,9515,-3056,9239,8527,3666,8458,11036,1883,11752,11075,1372,10997,7416,5915,8578,5337,5257,14701,1958,4275,14132,3583,7419,18383,-455,9244,17550,592,8214,20860,-641,2153,19657,-58,2014,19923,306,753,17980,-2207,-3545,14909,-1412,-2976,13777,-563,3688,12414,2021,-964,10286,3836,-10348,10566,5746,-4938,8556,9050,3892,10350,8496,-3585,8275,10487,-1215,10453,10579,9270,10686,9199,2547,10877,5332,-165,12565,2682,10687,14093,1157,9828,17234,-168,2701,19189,1791,5520,21145,-302,10114,18791,-338,3652,20531,-716,-7122,18726,-656,-1397,15627,-897,4166,13335,-1493,-3406,12055,1120,-3719,10262,4088,-682,11523,5769,-7088,8436,8508,-5309,8813,7991,2091,8406,10914,3907,11334,10592,1333,9600,9339,3833,10865,5212,6290,12187,3753,5252,15374,490,6027,15939,111,8126,19250,1319,9309,21650,-224,4107,18765,-291,-107,20714,-655,1531,18784,-481,-798,16407,-1512,-3951,12942,-1103,1169,12359,1151,1387,10942,3732,-8499,10275,6170,-9009,8682,7463,3221,8904,8616,-44,8795,9916,-3654,9757,10828,8062,10119,9720,5722,11118,5174,-1584
19733,531,1396,16921,-1164,-1265,13024,-862,-3373,12420,226,1994,9703,4518,-3180,11122,5222,-11775,7959,7867,-1110,7741,8374,4374,9168,10487,-1918,9727,11509,1929,10183,8983,8289,9846,5597,2322,12409,3019,3543,14554,714,10765,16546,350,7598,19883,466,6230,21140,198,4887,19705,-108,5282,21450,-21,-227,19398,-135,-6677,16644,-1086,-569,13592,-289,4517,12671,589,-3740,9717,4235,-8485,10698,4887,-3289,7940,8738,525,9448,8151,-4562,7030,10064,1347,9567,10776,8534,10640,9149,500,9448,5190,2022,11967,1915,11217,14399,1252,7199,17495,347,1442,19288,1140,8607,20874,258,12964,20828,-1266,1135,21204,827,-6773,19670,-1315,665,16029,146,187,14943,-990,-3668,12236,2327,505,9784,4289,-1854,10663,5246,-9616,8375,8209,-4490,7340,8447,3843,7815,11258,2371,10918,9026,712,7327,8374,4965,11596,4690,5863,11949,3299,3727,14227,1395,6808,17635,-297,9327,18611,796,8147,21943,-1042,5124,20244,273,2617,21574,523,1044,20186,-89,-4754,16467,-298,-3714,14371,-136,3492,12350,2271,-929,10000,4103,-9083,10515,6523,-5625,7792,7642,2026
[row took 88649us]
17941,-768,6376,18077,985,10948,22907,-666,8540,20750,1158,-668,21464,-628,-2418,18933,995,-277,17356,-850,-4133,13219,186,-1126,11775,1925,2709,10000,4502,-6168,9977,6406,-10659,7753,6304,1671,6509,8005,3147,8528,9050,-2766,8502,10314,5298,10422,8454,7451,11000,5815,770,13770,2112,4750,13208,1052,10267,19224,485,6178,19935,907,4871,21257,-509,8682,20283,150,6434,21567,-571,-2936,19257,557,-9125,16332,-316,1026,13671,766,3457,12105,1000,-4615,8673,4193,-6070,10848,4960,-3028,6833,7313,-2483,8016,8223,-3326,7930,10522,5468,9708,10043,7531,9226,7450,-2099,10907,5700,4506,13674,3260,10708,15330,1375,4432,17587,-315,3271,19730,171,10797,20900,200,11427,21946,-247,-1543,19825,231,-5305,19492,-56,839,16270,-491,-2021,13347,232,-3344,11311,1231,1991,9606,4483,-3440,10692,5247,-10862,6829,7753,-1786,7396,7997,4719,8649,10465,-15,9763,11796,3337,11304,7750,6800,8241,4646,2418,14652,1183,3791,14259,2465,9453,19470,-127,7925,18520,153,7966,21829,-436,4853,20325,737,3796,21610,583,-688,18543,-252,-7049,16154,-990,-1106
10614,10073,2078,10256,9252,2560,10984,4815,6166,12412,2317,5487,15003,261,4013,18114,619,7862,19108,1692,11906,21799,89,6557,20582,-300,-1316,20603,303,-945,19328,612,-3110,16579,-656,-4357,13295,-20,2626,11794,2249,2530,10103,3392,-8097,9175,6320,-8965,9017,6174,1675,6905,8240,1164,8867,8427,-2506,8345,10322,7978,10993,9474,6043,11929,5493,-1002,12244,2443,7089,14816,1065,10847,17611,317,4619,20201,1085,5212,20664,364,9426,20540,608,6371,20836,-828,-4894,18894,347,-7803,16551,-48,2965,13693,-427,1090,11372,1413,-5173,9885,3517,-1725,9680,6339,-3573,9257,6189,-6506,6706,7827,-1348,7969,8549,5669,9820,10768,4658,10782,9582,799,11407,5962,5802,12282,3122,7690,15496,626,3399,17255,707,5447,19949,785,11927,20481,258,9289,20977,-92,-2038,20474,192,-2543,19102,-240,-857,16448,-1017,-4281,12881,-967,-553,11414,1578,4281,10570,3769,-5597,8896,6198,-10810,9661,4109,492,5668,9903,2024,10930,8903,-2672,7816,11404,5300,11301,8845,8254,11294,6946,304,13836,2691,4057,13930,1014,11282,17674,720,6054,19983,1198,5324
10106,3459,1125,10360,5145,-8885,10003,7440,-5872,8165,8033,2972,9477,10224,765,9458,9368,333,10127,9103,7077,10644,7259,5152,13032,3992,3016,13828,1575,7148,16324,668,8996,18546,1707,7751,20415,453,4379,19761,230,3855,20438,-410,2440,19378,-781,-6011,16173,-1505,-4309,13932,-1741,3911,12414,659,1077,11121,2586,-7403,8921,6091,-5551,11692,7268,556,7703,8437,-3437,9252,8618,-2996,8014,10502,7690,11441,10151,6504,11258,7661,-1442,11736,3695,8192,13170,1152,10358,16772,213,2416,18631,1553,5473,20100,210,11494,20179,432,6360,20627,-1288,-4255,19172,51,-5250,16989,-277,2090,14861,-1731,-1913,11537,812,-2772,11485,2468,2005,9737,6175,-5591,10681,6802,-8639,7872,7736,55,8216,9745,3193,10592,10382,23,9610,10325,5650,10611,5915,6590,11153,4650,3403,15025,1032,4916,15232,829,8413,18808,725,9073,19924,879,6180,20633,221,2026,20115,-109,2732,19706,-275,-2483,17228,-1063,-5652,14481,-1578,1284,12064,516,3244,11695,1826,-5674,8980,6459,-8625,11853,6418,-308,6847,8355,417,9928,8331,-4995,8200,10844,4740,10501,10101,9601
19083,19,-71,19885,-1214,114,17293,-1892,-2325,14722,-1819,-4435,12815,-647,1809,11108,1786,903,10037,3664,-9503,10077,6566,-6855,8256,7654,3964,10000,9743,-1380,8888,10174,-2526,9056,10202,9112,11591,8704,4367,12053,6632,254,13760,2336,9956,14297,1271,9731,19293,-154,2881,18895,1764,4736,21148,-513,9377,19158,-650,4954,19536,-2176,-7262,17591,-1175,-4606,15478,-1246,3966,12619,-873,-1012,11015,1366,-5504,9727,4460,-1534,11537,6839,-3776,8327,8423,-5397,8789,9610,-756,9100,10719,5436,10365,9845,3822,10712,8175,1892,11563,6099,7890,13900,3710,7527,15390,160,4306,17174,-142,6085,19154,888,10584,21052,-136,4512,19129,155,-1383,19736,-988,494,17810,-761,140,15510,-1468,-4786,12565,-838,-493,11266,1374,2504,10569,4519,-7062,11125,7828,-9009,9280,7740,1992,7983,9290,977,10236,9170,-3590,8696,10047,7648,11479,7995,7676,11123,6310,442,13368,2409,6676,14425,682,10226,17681,104,5491,19429,1044,4336,20094,-18,5261,19528,746,6732,20029,-960,-3276,18090,-699,-6681,15441,-1309,2363,13189,-283,1840,12024,884,-6284,9793,4664,-3893
12232,2634,1788,13816,539,7701,16075,518,8376,19805,836,5963,19949,752,4816,20338,-37,5473,20353,878,3190,20380,-712,-6718,16150,-186,-4812,14970,-297,3261,12857,1882,-428,10702,4111,-7343,10745,6525,-3215,9591,7491,11,8085,8662,-5000,8826,8833,-1143,7561,8185,9999,9420,6755,3111,10940,6168,311,12141,3476,9509,13521,1863,7774,16523,-976,1732,19125,1225,5125,19477,1103,12923,21214,66,5428,20163,-131,-5059,20455,-219,-3521,16806,850,1141,15545,-821,-4200,12432,2032,-1630,10685,4046,2392,10921,6000,-6880,9692,7091,-7632,7640,7408,1641,7434,10063,3176,10998,9048,404,7459,7652,5879,10528,4623,6662,11759,4395,3354,14578,1731,4787,15915,-849,8561,18078,1101,7709,20902,136,5808,20558,1023,2977,20884,169,4248,19674,-31,-3856,17672,272,-7328,15261,311,1553,12213,1521,2982,11293,2769,-6636,10074,6663,-6288,10549,6684,868,7253,8890,-2842,8545,8619,-4092,8568,9271,8434,9175,6725,7770,9774,5886,-1387,12158,3882,5778,13524,1192,10324,16195,-473,3910,19281,1521,2819,19380,789,12025,21348,469,7595,20214,413,-4018
6522,7759,1702,8971,8235,-2772,8291,9072,1795,7977,6898,9492,8894,5732,2666,12231,3353,1630,12019,1465,8477,15643,-166,9254,18019,796,1683,19915,1837,5454,20910,1019,11172,20723,444,3902,21182,161,-7022,18298,242,-3271,16289,1349,1494,14523,1412,-2830,12084,4017,-3815,9805,6273,-377,11966,6217,-4278,6820,8009,-7090,8124,6067,1563,6212,9233,7203,10389,7909,2436,9923,6165,3524,8561,1786,7855,12400,717,2466,15915,2362,4828,19126,784,7406,18518,1227,9445,20759,-64,6324,21203,658,-531,21079,1675,182,18984,-366,-853,16055,785,-6655,14926,1776,499,12635,4780,2679,11289,5394,-8418,10085,7251,-6763,7538,6347,1642,7386,7570,106,8321,7948,-856,7695,8111,8813,9155,6133,5609,10161,3167,166,12836,1652,6053,14513,-501,10094,17091,701,3772,20185,1645,3507,21505,450,10031,20264,1325,6407,22157,212,-5056,18732,1330,-5319,17492,459,1928,14386,2009,-1187,13026,3613,-5293,11045,6292,-1484,10713,7112,-2108,8123,7196,-6793,6882,6858,-1911,6903,7835,7750,8250,8527,4697,9962,5959,1044,8294,2942,7854,12597,677,5572
18281,744,-3244,14981,2900,2760,14629,4008,-2775,10938,7247,-7507,11604,6437,-1396,7010,7463,-1975,7469,6257,-5070,5761,7962,3667,7359,7908,10360,9018,5136,1100,7390,2436,2587,11608,-458,8084,13328,540,5107,17636,103,2441,19829,1920,8735,21201,1271,10886,21414,-247,2991,22238,1061,-5862,21165,1213,986,18472,1663,466,15500,2034,-5583,13738,4374,-773,11659,7835,493,11983,7604,-8477,7402,7072,-6818,5968,5624,3554,6457,8420,4575,7778,7350,2065,7247,5242,6244,8210,1954,5363,11313,45,1058,13620,-73,6221,17300,-95,8453,19309,2431,6743,22337,336,5566,20423,1092,3083,23402,1145,2629,20687,791,-3182,18376,1189,-5620,15675,2759,2121,14450,5373,335,11498,7554,-8949,11518,7524,-4197,7372,6681,-149,6688,6772,-3398,6337,7601,1647,6587,7569,10841,8029,4933,3110,7977,1606,-226,10864,-393,7304,13542,8,7559,17598,-215,2464,19524,2386,6947,21549,1226,10413,21813,1250,4797,23256,1261,-5377,20223,-625,-845,17630,1932,1166,17155,2316,-3528,13982,6905,-3591,12332,7543,-283,11637,8152,-4643,7451,6069,-9441,5787,5448,2191
20461,706,5179,19718,527,5877,22883,539,6579,22991,1134,199,21049,619,-6254,18493,1174,789,16318,3928,1882,15176,5966,-6267,11941,8994,-4497,12448,8479,-1057,7188,6799,-6176,6003,7015,-3795,5748,7562,8456,7776,5890,8305,4472,3117,-1022,8832,990,4197,9844,1065,7568,15009,-428,2826,16483,19,5384,19259,1017,9919,21212,1276,7317,22332,437,562,22796,540,-1718,20832,1820,2978,19635,1309,-1809,16314,4047,-6194,14574,6601,991,13011,9414,-1347,12155,8628,-9967,7399,6571,-4633,5450,5716,5050,5863,6504,1652,6391,6435,3496,6561,4128,7758,7748,1793,2740,11137,-1604,1474,12312,-111,6960,17782,1294,8114,19933,1172,5725,20142,952,3779,22404,839,6050,23127,1967,2826,21718,536,-6465,18132,988,-1955,16541,4071,2761,15696,6273,-3606,12094,9053,-6253,12606,7860,-2469,6941,6416,-3425,6632,6813,-4272,6005,7264,5664,5723,5766,10594,5567,3128,-49,8407,1456,2686,10724,-170,7877,13487,121,3788,16617,195,3315,19915,1363,9385,20507,2179,8074,23132,148,2454,22069,1297,-2980,21182,245,1463,19301,1685,907,16728,3131,-5945
8049,4707,7024,6962,1937,-845,9333,-1053,4637,12503,1,7359,16439,833,4117,18673,1451,5416,19980,707,7989,22060,1383,7864,22749,1063,-1059,21765,1221,-4814,19319,1730,3345,17828,2948,-796,15574,5952,-6691,13644,6890,-548,11041,9785,-2218,11379,6199,-9814,4686,6720,-2273,6379,4877,7912,5836,7492,5278,7885,5291,890,6725,2135,5761,8547,34,4425,12725,-1408,593,14864,839,7509,18481,1683,11044,20586,1290,3451,21459,912,2086,22341,685,3716,21961,1802,2041,20456,978,-3474,17264,2917,-3037,15625,5854,994,14852,7245,-3467,10791,9882,-8033,11711,5598,-2706,4441,7802,1309,8604,5287,-1557,3818,7148,5005,7969,4871,9238,7026,3122,831,9218,-564,2176,11424,-522,7753,15211,740,5884,17923,1019,4249,20088,1151,5717,21272,1650,8617,22789,850,3809,21804,1377,-5334,19821,1463,551,18483,3343,1831,16204,4671,-6838,13878,6562,-2910,11193,9570,936,12146,6622,-8170,6064,7448,-6295,7373,4792,5362,4317,7148,7380,8202,4412,1228,5942,3900,4591,9231,243,6729,11374,-444,630,14939,741,3649,17111,1410,11255,19988,968,6390
13536,7335,-783,12389,9240,-1582,9808,5422,-8483,5428,6921,-2679,6891,6052,7631,7379,7966,6317,6833,3369,574,6558,1546,5388,9435,1267,5828,13639,-9,878,14469,800,6246,18375,385,10014,19833,1967,3723,21682,1493,2359,21607,1212,4953,21630,1503,3340,19965,1137,-3233,17579,2921,-5800,15745,4778,82,13863,6504,-1196,11721,9259,-8461,11607,5927,-3344,4444,6857,1855,9358,5732,-2057,4471,7196,3749,7917,4642,9284,7185,3974,2568,9746,283,1854,10573,-735,6430,14942,994,6459,18252,1422,3120,19371,1783,4752,20582,980,9442,22084,420,5062,22110,1631,-5445,20116,1332,-294,17793,2564,2997,16584,3394,-6205,13406,6105,-3550,12271,8331,238,12030,7782,-7537,6964,6424,-6529,6733,5582,4373,5097,8148,8129,8625,5613,2136,6336,4264,3391,9145,465,6932,10936,-127,2127,14320,364,2667,16764,1303,9641,19569,1513,7055,20981,566,2448,21551,391,4119,21544,1480,3360,20734,1363,-927,18526,2493,-4671,16467,3825,-1214,14251,5870,675,12780,7953,-7057,11304,8575,-8160,7987,5249,1713,6296,6834,648,7248,6370,265,6267,6921,8594
21747,1508,1575,20984,823,5149,21526,1476,4743,19921,803,-1717,18160,1634,-5102,15187,3066,-141,13853,4603,76,12346,7821,-7240,10874,7960,-5719,8065,6165,261,6827,6623,-1909,6211,6097,1983,6573,6359,9465,7942,4798,4336,8879,2215,1070,10506,216,6969,14539,1773,7731,17472,1724,3153,19781,2075,2966,20615,2189,7167,22365,1604,8546,21351,1266,-2368,20179,164,-2661,17983,1880,3090,16713,2080,-4468,13535,4462,-5279,11802,5723,2058,12016,7703,-4995,8403,6584,-10028,7002,5137,1690,4782,7614,6608,8743,6474,1714,6857,6031,4487,8300,1564,7893,10267,1294,3119,14473,1167,1737,16204,2047,8906,19182,2827,7162,21126,1868,2462,21479,1331,4167,21316,264,6037,20526,496,-242,18930,1006,-5371,16539,2213,-1566,14033,3941,2326,12831,4969,-4406,11173,9298,-8187,10906,5628,-1681,4993,8593,-1080,9074,5608,-1559,4411,7332,7650,8379,4563,7905,8338,3290,499,9745,1519,4235,13204,593,8462,15275,1914,5059,19217,1283,3146,20049,2264,4890,21573,1807,8530,21627,452,3529,20284,1091,-4270,19453,1672,2551,17528,2566,-545,14957,2950,-7269
8625,5541,6381,8460,3706,-44,9735,796,5304,12346,-308,7565,14757,1119,2746,18809,1404,4506,19004,1370,8347,20968,874,7959,21693,1404,1170,21147,1525,-3610,19141,1933,2664,17937,1859,-2663,15332,4867,-6084,13537,4904,1935,11313,8168,-1651,11817,6382,-11416,6720,6420,-1872,7064,5828,6297,7291,7116,2028,7714,6010,3331,7955,3930,7476,8867,1627,3318,12386,129,1256,13386,753,7524,17573,1259,7989,19308,1449,3600,20560,1591,4577,21255,1256,7961,21481,1774,1274,20522,1229,-6207,17844,2026,-2548,15866,3752,1811,14116,3982,-2938,11455,7076,-5588,12114,7267,-2521,7793,6315,-2172,7586,6974,-4265,7324,6344,4604,6292,6901,9558,8776,3575,1142,7992,2997,2630,11497,466,7675,13654,1490,4342,16710,651,2445,18390,1634,7633,20430,1688,9399,21389,357,5117,21109,1262,-3236,20723,1087,-293,18597,2173,1051,16459,2419,-6593,14356,4454,-718,12000,6803,2359,12645,7792,-8367,9030,6985,-7976,6327,6252,4105,7595,8076,3936,8479,6495,828,6035,4402,7086,8571,2277,5866,10861,1471,793,13071,1442,4444,15429,291,9430,17924,1927,5042
13809,3719,1459,12131,6750,946,12614,7952,-9695,8479,6100,-5990,5810,5986,4320,8498,8303,1010,8031,6850,2289,6310,4359,9106,9306,2832,4869,11194,1056,-242,11846,361,6133,16462,665,8907,18686,2409,4164,20637,1570,4241,20476,501,8725,20984,885,4801,21472,622,-6095,18448,2431,-4862,16910,2865,2791,15261,4080,-1466,12510,5917,-6005,11111,7170,-1280,9672,6255,-2978,7072,6508,-5563,7960,6953,1098,6178,8364,9476,8649,4630,3233,8057,3687,1682,10517,397,7967,11924,1152,4630,16291,-117,2080,17060,2047,6454,20537,1246,9399,20812,1488,6824,21578,915,-660,20768,607,-595,18942,2108,498,18006,2173,-6234,14788,4276,-1706,13058,5481,3123,10778,6909,-4903,11310,6789,-10385,7225,5237,795,7235,6806,3228,6879,8315,254,9290,7034,7558,6904,2832,7696,9302,346,-55,12890,619,3353,14451,1589,8697,17591,1645,6167,19432,1411,3175,21029,1907,7154,21321,1931,8656,21603,322,-2601,18561,1165,-6866,18182,1371,130,15098,4363,662,14193,4660,-4773,11087,6820,-2275,11281,6473,-1731,8337,6270,-6604,6496,6301,-3082,7087,7045,8280
20794,2385,4432,21159,1681,8980,21308,1504,6207,21678,-94,-4409,18476,1101,-5569,17461,1465,848,14725,3828,-989,12844,5662,-4575,11983,7366,-1492,10188,6957,-2404,8223,6449,-7600,6175,6648,-839,6857,8026,9762,7881,7706,4913,9406,3214,1978,7420,721,7523,13115,-362,4681,14463,582,986,17721,1507,6124,20442,1852,10439,20967,1340,7499,21446,548,-203,21306,712,-1590,19421,1657,1827,18241,1086,-5609,14367,3693,-3514,13641,5646,3603,12077,7832,-4167,10981,7399,-9883,7798,5440,-1192,5834,6994,3266,8504,7265,188,6584,7796,6501,8443,3495,8622,8145,1664,1365,12781,-265,2486,13750,152,8417,16972,1150,5589,20538,1731,3943,20897,2017,6968,21267,1294,8445,21949,505,-901,19577,955,-6750,18134,737,-1376,14837,3916,874,14623,4836,-4124,11392,7980,-3247,11542,6959,-964,8416,6711,-5773,6523,6052,-4801,6501,7227,7032,7239,8431,8473,9744,4290,1193,6488,1738,5950,11905,-1004,6819,13932,442,1625,17238,702,3136,19629,2002,9430,20722,2366,9858,22273,737,2613,21124,1423,-2784,20427,616,1491,18337,691,-2918,15287,3042,-6089
7655,4431,4987,8320,3524,-325,10420,687,6865,13121,909,6050,16592,-198,2942,18275,2555,5129,20953,1723,9812,22092,1282,8815,21584,708,-2192,21703,1461,-3625,18863,2338,2159,17101,1022,-4855,13978,4302,-4569,12742,6459,2684,10880,7795,-4204,9824,5085,-9538,5119,4420,-418,6593,7099,5107,7909,7817,2007,7418,6531,4442,8132,3432,7316,10196,1838,2724,13869,23,1673,14915,640,8427,18907,1661,7292,21023,1543,5071,21846,1483,7169,22281,1296,4790,21640,610,-2490,19237,1299,-7962,16876,1780,-2060,14251,3766,3399,12191,4686,-4139,9543,7439,-6689,10693,4914,-1219,4819,6539,-2695,7758,6223,-2662,6935,8822,8111,7427,6088,8289,9050,4330,-806,10750,2949,4110,13770,360,7724,15218,699,4483,18837,533,3240,20556,1723,9079,21442,1637,12056,22616,1022,343,20966,1394,-6986,19216,1269,141,16667,1839,-2755,14435,2770,-4739,11342,4653,1699,10493,6511,-1241,10156,5197,-9549,5432,5945,-3975,7089,5056,5789,6570,8200,2862,9518,7338,2488,8715,6072,7477,11438,3028,4640,13601,562,664,14429,1243,6788,19638,1027,8021,19767,2117,6970
9779,3892,1448,11088,6940,-5140,9147,6804,-9533,6289,5285,-151,5966,6480,7502,10858,8844,4184,8173,8601,1950,10857,3352,7982,12072,3237,4434,16274,1256,2160,15994,718,7578,19109,680,9462,20083,874,7073,21969,1774,1587,20651,1677,1791,19778,-50,-1748,16775,-93,-6700,14699,1602,-1762,13068,3797,4609,11310,3901,-3579,9403,7203,-8474,10305,4410,-1055,5451,7510,-941,9560,6341,-2761,6549,9692,8171,10877,7407,8790,9754,4992,206,11785,917,5223,13995,776,8995,16915,1163,4383,19465,1505,2885,19343,1584,8440,21475,1652,10648,20881,773,-859,19769,1061,-8721,17268,793,-156,15547,1422,293,13248,2642,-3865,11053,4481,159,10082,6799,-1007,11404,5587,-9439,5869,6222,-5434,7607,5513,5876,7876,9334,6510,10803,6966,2288,8361,4707,6533,11045,2225,6176,14903,889,1220,15538,1490,5247,18810,1658,9034,19947,2409,8853,21741,1319,2764,19995,752,1572,20440,1260,-615,18497,-223,-4985,15194,1048,-3845,13556,2215,3388,12118,4206,34,10152,6858,-8629,10943,5762,-4408,6368,6767,44,9081,6602,-2255,6861,8216,4068,9528,7581,10693
21445,1133,2105,20273,768,766,19781,766,-1710,17169,476,-6338,15027,1632,-2234,12825,3101,4132,10877,3095,-3092,9938,6201,-9437,10315,5100,-1517,6055,7788,1460,9194,6165,-2631,7087,8988,5183,10714,7061,8975,10146,5277,876,11865,2173,3223,13836,1531,9507,16231,1436,5252,19368,1673,1700,19617,1751,8720,21267,1464,11167,20668,71,-280,19742,1005,-9573,18026,992,-1786,15033,1061,1642,12792,1004,-2969,10714,3492,-772,10516,5487,-692,10212,5266,-7657,6673,6571,-5861,7696,7004,4776,9414,10970,6199,10559,6917,2446,8157,5378,4682,12345,3748,6490,15129,2796,2534,15550,879,5547,18292,161,8941,19522,2369,8847,21687,869,3157,19822,967,876,20221,853,404,18020,-138,-4684,14751,427,-5426,13297,1108,3038,11369,2909,1300,9395,4650,-9178,10981,5165,-4737,6640,6527,1702,9760,8018,-3274,8262,8982,1376,9465,8461,10534,10242,6963,3516,12687,4378,365,12686,1684,8278,15477,978,8515,18216,1105,2563,19993,2354,5497,20518,765,11227,19889,164,5090,20837,296,-9094,17937,-13,-4422,15064,-208,2607,13220,-2,-2023,11584,2177,-2341
10166,6379,1786,11883,3021,2139,13371,1370,9701,16133,1924,6834,18873,1034,3226,18981,1409,5821,20356,1105,9860,20044,-55,1631,19490,250,-8711,17080,-525,-1346,15242,636,2204,12964,1407,-4283,11129,2232,-1795,10183,4822,668,11145,6729,-5550,9033,7292,-7217,7760,7368,1647,9546,10015,5925,10647,8657,3016,9516,6305,5401,10991,3505,7634,14439,2088,3666,14716,1127,3224,17673,967,8417,19314,2842,10003,20948,-250,2987,18858,-43,985,20418,891,830,18151,535,-2900,15619,-380,-5531,12968,711,1797,12182,2908,1948,10615,4893,-7135,10737,6669,-4719,9505,6479,-272,7966,8276,-2801,9412,8256,-479,8875,9298,10491,10361,6821,6143,10986,4229,384,12183,1554,7111,15209,1296,8662,17516,1032,3594,19505,1879,3447,19587,704,9836,19991,885,7397,20503,-355,-6506,18094,342,-5491,16495,1006,1908,14389,614,-1441,11976,2453,-3919,9885,3503,578,12018,6027,-2471,8604,7206,-8492,9010,5991,-1483,6888,9042,4770,10774,8927,3957,10059,8103,3425,9716,4284,7615,12694,2172,6105,14667,1664,1327,16856,1190,5643,18566,2220,10159,20314,644,7349
9480,4271,93,11985,5763,-4643,7922,7287,-7308,8852,7508,682,8329,9778,5076,10426,8627,3183,10291,7760,4601,11216,4684,7473,13398,2515,4464,14531,1000,3210,17768,405,7186,18836,2503,10255,20986,268,4779,19224,548,1279,20293,-380,997,17711,159,-3668,15979,-341,-6047,13873,455,1336,11661,2444,3882,10294,3122,-7239,10508,6201,-7324,9568,6357,837,7950,8667,-1362,10184,8675,-3433,8534,9795,9379,11134,7642,7685,11058,5263,-432,12394,2162,5573,14532,930,10231,17311,1809,4323,19721,1890,3800,19071,586,8412,19856,207,8379,20598,-588,-3848,18104,318,-7566,16164,-521,1996,14214,424,-369,12629,1908,-4414,10174,3411,265,11314,5784,-1977,9953,6572,-7780,8022,8455,-2897,8986,8370,4116,9755,9316,4419,10376,7938,3519,10677,5492,7124,11625,4295,5929,15962,1010,2829,15352,1472,5989,19177,746,9933,19017,1518,7006,20960,-115,1521,19303,71,1954,19142,357,-1327,16983,-749,-5666,14115,189,-2613,12683,1537,4164,11307,2809,-2301,9544,5654,-9253,11364,5391,-1291,6602,8863,450,11188,8129,-4879,8141,9874,4505,10100,7551,10739
19977,1686,1158,20949,-122,2120,17829,-250,-1249,16994,-568,-6398,14691,1496,-1620,12922,2838,3919,10723,3237,-4996,10100,6414,-6809,10827,5848,-919,6586,9246,-1200,10741,7366,-3742,7003,9748,7548,10268,7035,9188,10781,5468,511,11528,2228,4384,14039,711,9714,16136,1217,4641,19518,1660,2634,19585,1475,8423,20437,816,10378,20116,-1284,-1512,19026,1057,-9604,18161,1030,366,14754,444,1815,12124,1039,-4777,11295,3902,-594,11493,7201,-888,10177,5722,-7632,6837,6795,-4942,8446,8248,3974,9981,10509,5510,9364,6201,2920,9140,5076,6822,12507,3508,6192,13908,1748,1762,15664,600,5485,18261,1278,8933,20115,1390,9286,20814,981,2569,19800,-408,1076,19630,998,-606,18161,229,-5500,15202,1193,-3463,13238,1356,4430,11755,3144,-1341,9953,5654,-9443,10602,5993,-2825,7240,7717,1237,9596,8094,-3326,8462,9428,2511,9060,7063,10528,9679,5820,2630,12335,3634,988,12608,1583,8912,15578,877,8168,18458,878,2179,19504,1468,5771,20253,952,11078,20514,-103,3643,20085,749,-8751,18255,653,-2998,15898,1379,2137,13783,609,-2831,11602,3141,-2935
[row took 88999us]
10534,4865,1010,11300,3078,3704,15198,513,10121,15597,1402,5440,20573,830,3513,19295,1427,7369,20418,757,9246,21320,430,-1007,19608,1017,-8433,17055,107,378,14424,-204,1485,12669,1155,-4757,10573,4248,-2367,11074,6080,104,9193,7424,-6041,8506,7290,-6443,7302,7533,3764,8989,8944,7046,10065,7647,2010,9663,5380,6076,10985,3023,7832,15373,1168,2479,15415,1025,4248,19805,406,9373,18957,1578,9844,21836,-304,1804,20130,1118,-719,20537,1813,15,17609,173,-3454,14733,-347,-4473,12611,1101,2776,11359,4286,-306,11098,6032,-9372,8809,6775,-3188,7627,7086,1146,8563,7942,-2879,8797,8620,2452,8927,7513,10195,9907,5292,3723,10872,3399,1415,14673,1195,8758,15051,967,7695,19753,504,3777,19246,1731,5357,21246,444,9135,20354,1127,3522,20940,694,-8180,17427,1073,-2971,15653,-131,2564,13009,926,-2778,11303,3708,-4505,10927,6088,-247,9558,7428,-2832,8673,7252,-8377,6969,7096,359,8142,8452,8878,9579,7768,2922,9782,5790,3554,10286,3125,9187,14432,1728,4213,15123,600,2496,19143,722,7299,19185,1693,11062,21849,-241,4720
12402,6686,-1165,6695,7254,-5752,7826,6590,-4292,7013,8318,7351,8442,6972,7880,7382,4334,1392,9901,3118,6094,13553,1732,7398,14419,835,2973,17585,-435,3115,19610,1557,9080,21762,2375,11037,21486,168,2063,20462,904,-5389,20109,1182,41,17341,915,-1996,14262,2012,-5404,12939,4325,2532,11279,7144,87,11614,7053,-9973,7221,6937,-6617,6562,6540,4046,7581,7715,2968,8076,8042,3657,8806,2520,9286,7278,3349,3888,14577,318,-501,13249,3341,7251,19068,-68,8497,19103,1200,5957,20651,1173,5622,21832,1137,6407,21331,2025,538,20572,154,-6876,16643,1320,-3699,14957,1677,3647,13857,3722,-1675,10437,7392,-7625,11927,7599,-1724,7521,6584,-2483,6678,5695,-5307,7133,6908,3445,7115,8528,10935,9708,5207,1393,8542,2964,2821,11311,-99,8337,14615,1817,5843,18531,217,1755,18812,1208,5936,20527,1045,11887,21904,984,5872,21404,1913,-5596,20683,1214,-1969,17396,1636,143,15581,1486,-5596,12852,4180,-248,11080,7130,2173,12261,7054,-7003,7697,6941,-9406,6414,5628,1326,6587,8148,5423,9267,6039,3025,6004,4763,6533,9659,2449,6992
21217,1323,-6716,18303,1360,678,16665,1200,-560,14092,3777,-5403,12115,5933,58,10868,8725,-29,10695,6116,-9328,5719,6088,-5778,6752,4358,6141,6381,7593,6071,8668,5169,2578,7804,4566,7645,9806,1341,5699,14842,397,396,15669,1942,5128,19555,789,8238,19095,2209,8016,22616,1438,4861,21414,2202,2863,21277,1904,-128,19153,193,-5940,16360,1581,-4943,14742,3918,3113,12253,4803,-95,10340,7655,-8553,11291,6501,-4317,5278,6941,-714,7579,4688,-1902,7140,7136,5571,6885,5389,9878,8064,3549,1592,9966,2466,1982,14459,1021,7178,14731,1380,6424,19004,-105,2813,19053,2041,6777,22680,2645,10773,22059,2409,3614,20921,1210,-7028,19083,204,-2123,17025,2003,1077,15017,2417,-4593,11712,5373,-1930,11175,7958,1896,11573,7255,-7509,6212,5641,-8141,6965,4487,3192,5548,7936,8040,9790,5489,2737,6872,5563,4598,10163,902,7748,12787,1180,1696,15322,1039,3527,18589,318,8708,18986,2725,7650,22389,1390,5344,21399,2376,3151,21482,2381,855,19750,766,-3355,16825,1246,-6465,14796,2454,242,12956,5049,3086,11523,7102,-6323,10503,7924,-7529
14616,648,786,15402,791,5225,19089,1330,7924,19607,2174,8386,22332,1121,4318,20553,2447,1838,21228,2261,523,18805,900,-4358,15604,1701,-6422,14136,2705,2676,11974,5188,1381,11044,7936,-7806,10100,7009,-4959,7096,5184,13,7490,5348,-1557,6798,6456,2994,8271,6264,10556,8498,4490,3909,11465,1850,707,12476,780,7535,16201,1210,7286,18351,1368,2035,20103,2360,4975,21284,2132,11285,21287,2427,5910,20985,1704,-6759,18677,940,-4586,16435,2074,1027,14765,2192,-4018,11505,4656,-3328,10498,5849,2825,11335,6359,-4464,7012,6114,-9008,7790,3666,1113,5411,6981,6998,9958,5449,2736,8291,5841,4659,10129,2442,8236,13438,2122,2655,15526,2212,2467,18017,667,7235,18891,2637,8485,21612,1528,6151,21366,2811,2610,21064,1809,2215,19279,1704,-3378,16854,1211,-8373,14420,483,-300,11743,3932,3706,11634,4899,-4528,9976,6420,-6169,8119,4317,-382,6715,6246,-1243,7968,7375,-2076,9031,6970,9598,8057,5585,7496,10667,3526,-742,12936,3936,4843,15152,2345,9233,17510,209,5199,19110,771,2817,20672,1694,8781,21594,3080,9342,21245,1242,-1982
8710,6544,1262,8384,7488,-2272,9302,7824,-2243,8984,9316,10575,11653,7979,5818,11883,5422,-620,12587,2496,7696,16013,1791,10205,17974,954,4113,19521,1622,4162,19563,757,8660,20037,1079,6716,20031,93,-5402,18005,190,-6387,15181,183,1996,13362,-1052,-2153,10982,1598,-3513,10154,3422,1652,11055,6893,-2322,9786,6596,-8416,7682,6887,-1788,8811,8326,4007,10651,9361,4122,11115,8372,4000,10672,5130,7534,12522,3473,5792,15929,1700,2256,16818,878,7205,18264,1118,10956,19792,468,5225,20147,1502,792,20101,578,1434,18579,722,-2500,16120,-1052,-6127,13587,-284,-1472,11715,2103,4331,11125,2463,-3873,10438,5837,-7228,9687,6741,-254,8880,8118,-620,9709,7806,-5278,8980,9149,6579,10659,8451,9742,10960,4926,588,11699,3715,3795,15396,1362,10633,14891,1709,6522,19977,632,2964,18868,2651,5755,20135,-12,9442,19460,1050,-179,19331,816,-7123,16744,262,845,14287,-1325,-94,12504,374,-4896,11098,3258,-622,10176,6964,781,11836,6362,-6384,7741,7929,-6263,9306,6328,3136,8137,9211,4658,11382,7050,2929,9388,6938,6744,12034,4348,7117
18480,791,-6813,17149,334,803,15003,123,-2022,12404,1285,-5564,11245,3009,1485,10843,6827,275,10861,6609,-7453,7754,6552,-3717,8028,6630,2844,9453,9028,2898,10717,7913,3896,9272,6019,7766,11655,3749,6048,15320,1799,2503,15496,1679,6192,17982,1017,9002,19139,1339,6244,21244,1138,1868,19462,922,5103,19622,777,-391,17643,-904,-7152,14655,405,-3961,12979,1087,2912,11931,2541,-1556,9682,5927,-6754,11421,5858,-521,7422,7880,-402,10368,7245,-5407,8162,8449,2305,9071,7817,10071,11181,6103,3128,11282,5319,1979,14314,1615,9585,14311,1796,6677,18734,-105,2031,18790,2395,6048,20844,1362,11327,19548,439,3613,19825,224,-7394,17911,99,-2810,15489,507,180,13487,-116,-4722,11384,2101,-404,9307,4812,1509,12201,5541,-5354,8023,7225,-6789,8856,6327,1490,8529,9943,2615,10802,8060,2181,9567,7677,7305,11915,4207,7306,12996,3079,2515,15510,1319,4635,17664,1539,8318,18884,2079,8779,20758,617,3708,19350,665,3071,20298,775,2230,18198,-416,-5516,14999,-652,-6515,13777,-293,1950,11803,2072,2652,9922,2756,-6998,10561,5686,-4191
15723,2166,2279,14121,3550,5869,19118,65,9613,18284,2423,7430,19949,435,1982,19389,181,3489,18909,185,753,17748,-2003,-5535,14020,-790,-4626,13295,-745,3571,11998,2030,-187,9686,4602,-8555,12077,5407,-2014,8482,7843,1001,10268,8103,-5320,8676,10469,-826,10840,10735,11312,11362,7885,3819,10346,4043,171,11942,1338,9857,15809,2575,9752,17886,1025,2813,18445,1289,3328,20010,1166,9828,19693,519,4642,19660,-317,-5313,17471,-1474,-1379,15204,-508,1461,13818,-421,-4963,12462,2538,-2881,9471,3905,1375,11660,5094,-3318,9564,7847,-7526,9164,8253,253,8899,9761,2489,10725,8999,1797,9700,7992,5906,11639,5209,7939,11788,2752,4822,15173,1242,4015,16466,771,8413,18483,2347,8147,20459,972,3299,19542,546,2622,19525,-1091,3419,18248,-147,-3526,16628,-158,-6392,13694,-421,1070,11539,1127,2802,11847,3422,-6787,10607,6983,-5499,10063,5615,2161,7681,8334,-3772,10716,9464,-4765,9387,11722,8571,11033,5863,7884,8302,4536,251,13988,3177,5773,13245,3813,10433,17748,-318,5130,17006,1654,2278,20622,1084,8207,19937,2061,8799,19702,-1450,-2719
7982,7141,2175,9369,7789,-3994,8693,10755,-2235,10365,10254,10757,10789,8588,4766,10609,4255,20,12950,2041,9256,15250,1276,9300,17946,709,2901,19593,2767,4527,20676,804,9598,19805,-54,5862,19995,-500,-6527,18418,-1180,-3789,15047,-631,2461,13078,-1027,-3087,11674,1811,-3347,9903,4003,259,11430,5323,-3736,8267,7658,-7082,8662,7328,-1351,8376,10812,4192,11380,10114,3648,10390,9051,4423,10865,4330,7316,12349,3331,4927,15957,624,4316,16708,1159,7025,19640,2306,10755,20891,568,4863,19170,325,-706,20607,-633,1102,18013,-809,-955,15708,-1784,-5689,12676,-1224,158,11755,1896,3297,10641,3885,-7224,10927,5435,-7397,8378,6756,1682,8866,8091,-982,9605,10060,-4435,9764,10934,8150,10604,9297,8053,11179,4707,-438,11623,3118,6271,15630,719,11666,16502,1195,4768,20318,1887,3292,19889,979,7412,19680,393,7193,20576,-1462,-3109,18247,-851,-6460,15796,-1007,1950,13174,-946,236,12108,1185,-5064,10294,3918,-1725,10962,5476,-1074,8974,7378,-6147,8892,7598,-4192,8159,9854,3694,10706,10957,5268,11022,9310,2382,9984,5376,6691,11661,3321,7496
16004,-572,-4723,14867,-731,3209,12936,1984,-419,10134,4057,-7234,10941,5736,-639,9624,7086,-1525,7801,7990,-6665,8854,8273,-1476,7419,10519,9519,10799,8480,3802,10961,6584,2255,10113,1398,9167,13987,1093,6996,17357,635,1940,18974,2400,5860,19619,-215,13514,21229,811,3996,20935,1260,-5426,20823,482,-1700,16015,-795,776,14909,-2448,-4399,12188,2288,-795,11081,4481,1813,10830,6017,-6874,9692,7086,-7582,7571,6588,1470,7653,9375,1129,9840,8726,1228,8034,8920,7187,10517,6149,6283,11773,3780,3100,14788,19,5965,15453,563,7961,19165,2010,6955,21320,612,5947,20022,662,4229,21663,438,3981,20043,75,-5021,17346,-1376,-6947,14094,-373,1549,12877,2231,2325,11323,4207,-6262,10080,5675,-4383,9108,6001,296,7293,8032,-4794,9204,9007,-4825,7440,9123,9705,9575,7759,7131,10601,6784,-720,11843,3408,7495,13228,1195,9445,17147,-42,1979,19054,2417,4145,20863,183,12930,20212,449,7505,21331,-382,-4788,20111,1308,-6194,17876,553,1543,14726,-1599,-1574,11616,1418,-3233,11499,3493,1492,9745,6736,-4025,9999,6119,-8119,6679,6298,-1032
19927,1100,3505,19790,488,8689,20841,687,8164,21293,-595,-233,19525,303,-9375,17290,-983,-2075,14042,-29,3537,12229,-69,-2416,9906,3208,-4005,10250,5044,-885,9675,5959,-5272,7235,8089,-5990,8808,8637,1793,8125,11727,7493,11672,9429,2610,10229,6560,3800,10552,2681,7629,15383,1148,5670,16328,1976,3427,20166,942,8621,18556,840,13274,22269,-708,821,19695,1355,-3581,21124,-47,-323,16122,-587,-2176,14310,-1913,-3735,12042,759,2610,10575,3173,-78,9680,5490,-9321,10018,6847,-4961,7131,7173,2267,9208,9108,-1783,8597,9950,908,9864,8682,10870,10058,7436,4150,13420,3738,1440,13415,2757,8021,16974,-251,7974,18850,1200,6020,20658,815,6529,20310,624,6389,20858,-330,2602,19745,-413,-8119,16969,-413,-5146,14518,-296,4597,12353,948,-323,10141,2437,-6535,9535,5269,-2466,11040,6966,-2267,7002,8377,-5662,7814,6146,-736,8122,11406,8668,12683,8980,4231,8700,7232,-505,11331,2304,9754,14761,3042,8503,17744,1233,735,18030,929,7406,19788,5,13623,20857,1011,3352,21599,873,-4474,19364,405,-2268,17197,-1085,275,14256,-1318,-3919
10316,9720,10129,10315,7477,613,11917,5239,3393,13940,1626,10907,15250,1564,4700,19123,1114,2353,19664,920,11380,20262,573,10039,21109,-213,-2343,19356,742,-7788,18310,-1141,-307,14612,-470,381,12259,-1030,-2994,11069,1515,121,9170,5142,-1266,10910,5184,-7409,7634,6820,-4477,8311,8890,2402,10159,10537,1802,9718,9917,3224,10350,7749,6886,11856,6004,5755,14550,1721,3516,14315,1526,6939,19390,1091,8024,19428,1552,9861,20942,-826,2541,19561,-87,1527,20275,628,417,18120,-1510,-6013,14152,-1194,-3849,12740,-392,4762,11513,1350,-501,9154,4231,-8976,10445,6726,-2947,8923,7637,881,8304,8339,-4426,9317,9385,316,9510,11041,10848,11479,7733,2930,11798,5970,349,13501,1792,10714,15496,2024,8462,18549,488,2234,19833,1427,7002,20378,126,10169,20129,468,2166,19659,-653,-7031,17564,-1414,-3307,14714,-494,2755,13265,-899,-3103,10644,1661,-2921,9272,3543,283,11119,5385,-5547,8285,8185,-7081,8919,7661,2481,9123,10135,3593,10677,9495,1430,10256,8543,4832,11999,5727,7249,13711,4040,5407,15703,1543,5187,17511,1130,6757,19449,1342,10929
10064,3413,-3027,10817,6239,-92,10380,7208,-6409,7779,8348,-4276,9506,9007,2438,9624,11201,6165,11799,8462,2578,9490,6381,4828,12666,3361,8828,15506,1802,4440,16563,1661,3233,19277,912,11055,19048,800,9848,20627,-273,-997,19787,-42,-1958,19024,460,-280,16636,-2141,-3266,12448,-1402,-2467,12099,-33,2969,10769,3583,-1274,10095,5986,-9755,10702,7139,-3172,7084,8355,3085,10921,8897,-3268,8700,10131,1971,10797,9058,10608,10964,7454,2237,12770,3762,2491,13541,1585,10764,16638,1246,8127,19518,1095,4915,19512,561,4385,19939,461,6379,20308,-222,2436,19140,-160,-8221,16346,-1490,-2516,13439,-421,4235,12531,-553,-3317,10074,2798,-4747,9975,5542,29,11269,7563,-4013,8179,7585,-5374,9350,7545,247,8296,11042,6234,12435,8994,3767,9848,8271,2247,12067,3196,10297,14133,2643,6588,16852,972,984,18597,1130,8920,19050,446,12186,20542,387,1321,20395,281,-2831,19344,338,-1168,16748,-1894,-1556,13893,-1486,-3926,12135,-50,613,10418,2041,2767,10671,4383,-8245,9356,7091,-6647,9313,7029,2880,8369,10153,-915,10989,10109,-1831,9358,10706,9633
20107,-907,-330,17846,-1175,-3619,17423,-1796,-48,14877,-1594,-1643,11703,-1630,-4122,10592,655,1812,10068,5068,-1716,11873,6281,-9147,8510,8166,-3230,8473,7982,3690,10475,10537,-1085,10295,10360,3914,10987,8201,8344,11530,7330,3879,15209,3200,4455,14754,1805,7516,17761,878,8848,19526,1090,7138,20231,420,1054,19406,-393,4680,18694,-1477,878,17621,-2546,-7547,14473,-1888,-2203,12399,-956,4395,11325,601,-2604,9824,4113,-7966,11194,6240,-867,9092,8400,-140,9792,8579,-5286,9397,9755,29,9498,11566,9878,12401,8815,2162,10951,7382,1653,13903,2232,12366,14529,2499,7379,18329,-43,2037,18803,1628,7129,19872,374,8785,19980,-441,2085,18755,-837,-4742,17903,-1800,-1864,14854,-1558,1543,12704,-1809,-4533,11218,712,-723,10041,4217,691,11600,5811,-6451,9010,8809,-6269,9416,8861,2326,10295,11020,965,9762,9590,1474,10514,8740,7268,11460,7172,6507,14135,3744,4518,14237,1116,6193,17182,134,8533,18731,1741,8722,20915,280,1276,19033,495,2376,19618,-791,3834,17895,-2130,-5089,14846,-1915,-5487,13197,-1412,3022,11643,1029,1157,10472,3365,-8413
13022,4049,7961,16324,2660,5280,16469,1599,4094,18231,38,10090,19899,253,8733,20460,713,-589,20607,-1370,1153,17321,-813,46,17020,-3462,-5387,12461,-535,-2572,12265,-410,3496,10344,2899,-2691,10287,5110,-9879,10138,6330,-744,7334,9468,1666,11303,9901,-5013,8950,12455,3168,11583,7889,11299,9029,7419,1056,15014,4477,2287,13745,2329,11614,16270,1139,7373,19613,1034,3045,19416,777,7031,20485,83,7536,19740,-1106,-150,18566,-1504,-8025,15548,-2506,-594,13406,-1848,3672,12207,-779,-4229,10211,3406,-5226,10322,5229,-1065,10187,6218,-3722,8218,8991,-4838,9737,8820,1878,8839,12466,5629,12761,9685,2737,9642,7794,2860,11797,3652,8926,16255,2740,7645,15996,2204,2988,19582,-148,8109,18187,1226,11519,21669,-660,-28,19200,245,-1931,18980,-2192,1279,15437,-3023,-2392,13501,-1942,-4940,12833,288,1572,10112,3482,187,9258,3807,-9107,10626,7028,-3886,8224,8583,3176,10518,10359,-2209,9445,10941,-1321,10176,9481,10161,11309,8857,4398,13471,4888,1447,13232,2161,10816,16888,346,8666,18768,1496,4631,20446,571,4738,19638,442,5717,19808,-1887,4202
8832,7911,-766,7861,9182,2737,10624,10537,-421,9401,10794,5091,11701,7639,7739,10643,5760,3086,15198,1383,5317,14632,821,8443,19152,1544,8817,20009,1278,6452,20572,37,689,19922,-652,4127,19603,-1120,-872,16961,-1917,-6525,14176,-2817,-93,11780,139,3739,11712,2339,-4962,9775,5773,-8351,10450,5272,500,8301,8639,-918,9124,8581,-6197,8556,11505,4114,10377,11371,10090,12366,7596,-119,9661,5326,4674,15471,632,12288,14346,1625,4665,20197,1001,2578,19332,1441,9384,20306,318,8634,20880,-1621,-1010,18907,-829,-6654,17133,-2002,710,14482,-2397,791,11993,-107,-4729,11460,2575,-197,9925,5531,-1832,10378,5445,-7758,8298,8290,-4199,7890,8771,2741,9816,11499,2834,10356,10803,3363,10940,8125,6451,10989,5096,6058,15213,1358,4714,14831,915,5829,19298,1280,8925,19566,1775,10077,21738,-760,337,19278,-561,527,20041,-1117,658,17299,-2469,-4994,13816,-2573,-2723,11865,-222,4171,11413,2810,-1900,10283,5383,-10652,9645,5734,-2393,7870,8154,1828,9174,9348,-4658,9094,11828,1497,10237,11053,10953,11073,7836,1598,11124,4580,1667,14740,1220,12164
14295,-1896,-3491,12278,999,-258,10877,4280,1672,10631,5686,-7546,9037,7469,-7968,8322,6771,1252,6898,10117,1321,10544,9992,497,8949,10954,7331,10406,6611,6466,11160,2752,2486,14297,-9,7173,15454,-451,8133,19358,2089,8035,21586,736,5627,20583,937,2243,21705,24,4456,19989,-1838,-4203,16776,-657,-7865,14501,-1008,3294,12770,2426,3014,11024,3987,-8268,10141,6796,-4108,9632,6334,-630,6684,8042,-3789,9140,8655,-3635,6951,10390,8352,9811,8550,6823,10719,6677,48,11601,2966,7887,13371,394,10739,17044,-793,1409,19217,1887,4304,20991,547,12775,20515,1256,6586,22768,-874,-4767,19151,117,-5746,17354,-919,651,14477,-1015,-1464,12553,2863,-2759,10320,4457,1194,11138,6378,-3851,8869,6963,-10261,7012,6969,-694,6894,9248,4517,9395,10874,2189,10195,7794,6049,7942,5992,7086,13057,1718,3502,13711,790,4532,16950,-539,6032,19674,1836,10513,21205,1017,8647,21666,108,579,21476,270,1013,20057,-28,-2611,17561,-1000,-6912,13331,-5,1000,13362,3250,4380,10446,4654,-6432,10564,6277,-8671,7830,5894,-957,6667,8178,106,8771,9090,-3384
21948,330,12444,20954,543,4,21597,-419,-6639,18952,581,-1978,16273,-1104,-1047,12779,589,-3151,12445,1836,2990,7978,5174,-1329,11684,4604,-11145,6123,7381,-5143,7136,7526,4848,9092,10284,841,8359,9529,3693,9101,7269,7712,11757,6137,4457,14140,1567,2511,14510,245,7747,18452,1079,8279,20935,1964,8306,21732,714,4975,20981,-56,3527,20818,-393,-942,18804,-1162,-7952,15412,-326,-3137,13209,990,5772,11683,2338,-1526,8746,5100,-9300,11086,4472,-3061,5694,7292,-786,8439,7148,-4550,6588,10393,2962,10654,11183,11050,11098,8224,1144,9541,3780,728,13400,720,10450,15734,2193,7900,19969,1154,1401,18970,753,9718,21788,265,12104,21113,94,131,21354,-76,-8976,17969,-300,-1972,16023,-570,2407,12677,617,-2783,11404,2812,-1896,8213,5126,-618,11654,5010,-7034,6291,7705,-7009,7322,6722,3124,7236,10393,4173,10520,9662,3369,9462,9073,5525,11906,4459,6732,13805,1519,4418,15884,641,4188,18726,758,8112,20076,1838,11338,22254,194,4413,20595,-23,206,20906,287,-884,18557,-859,-5583,15070,-200,-4356,13360,1225,4451,11113,3223,1072
11277,4324,7087,13340,1802,9517,17174,704,3298,18497,1451,4584,20256,827,12096,21002,570,7965,21123,-567,-2581,20008,-30,-4405,17874,-345,-326,15287,-1238,-3247,12052,1195,-1675,11169,2165,3712,8630,4786,-4780,10254,4574,-9799,7371,6364,-1036,7295,8986,2341,9908,9307,-783,9247,11277,6373,11067,8337,8037,12162,5428,1890,13787,942,4247,15612,343,9543,18803,2036,7670,21011,1362,6752,20737,315,4612,20758,-73,3705,19782,-239,-4030,18145,-1566,-8005,14375,-292,582,12332,-178,5130,10789,1515,-3950,8758,5026,-8062,10516,4743,-683,7416,6478,-2471,8245,8565,-6171,8890,10410,6019,10369,11854,9202,11457,7871,-401,10900,5183,4593,14459,1189,10765,15753,1317,4747,19441,1664,2857,19783,1683,10667,20824,185,10455,20797,-729,-1985,19420,-325,-7566,17776,-1302,474,14657,-1220,-716,12167,-232,-3290,11084,1464,2389,8370,4946,-2707,11673,5493,-9778,7362,7584,-3583,7315,7887,4019,9649,10679,1369,10387,11593,3826,11334,8273,7187,11433,5568,4189,14101,780,3860,15342,1289,7992,18821,1475,9259,20572,1867,7348,20932,316,2552,19929,-449,3046
9164,6800,-7484,7278,7890,-889,8623,10016,4000,10618,11129,4349,10640,9161,4031,11525,5532,7409,12547,1834,6203,15329,67,3130,17401,1490,6976,20283,2333,11200,20725,405,5751,19888,81,115,20555,-464,-180,18263,-289,-3100,15628,-1559,-5410,12793,-586,543,11275,2171,4290,10101,3687,-6460,10229,6249,-8189,9332,6302,549,7275,8998,-210,10142,8873,-4658,8424,11151,8808,11485,8310,8363,10940,5608,-386,13032,1747,6170,14586,813,10512,17560,1077,5389,20366,1774,4228,20107,800,8141,20339,733,7487,20624,-1403,-4589,18149,-143,-8475,15859,-655,2229,13278,-248,1195,11632,1481,-4808,9843,3995,-1843,10582,6030,-1316,9496,6839,-6578,7177,7644,-2985,8480,8757,3436,9701,10961,6104,11618,8505,1956,10265,5762,6466,12378,1874,8702,15093,1110,2949,17400,1659,4542,20187,1515,11159,19697,1158,8853,21049,-173,-1,20180,-229,-1512,18822,406,-1875,16372,-1343,-4428,13100,-242,-2453,11778,1369,4292,10337,3544,-2640,9425,6046,-9748,10130,5977,-2143,6497,8348,2705,10330,7925,-3631,8008,10972,4161,11722,9027,10042,10532,6919,1737,12822,1566,3178
17384,48,-1337,14445,-1318,-3332,11485,651,573,10790,2854,3456,9774,4805,-6818,9587,6328,-9142,7984,7060,1272,8397,10073,2003,10023,9436,-674,9070,10206,7646,11767,7122,7357,12051,4527,731,14402,938,5211,15419,156,9860,19134,1452,8066,20263,2030,6050,21226,569,4199,19950,-141,4746,19520,-923,-6055,17217,156,-8105,14836,-553,3376,11669,331,3421,10844,1656,-6216,9237,5752,-5747,11222,5738,-512,7230,8046,-3975,9282,7499,-3163,7799,9786,6312,10790,9798,7544,11500,6981,-98,10859,4963,5697,14169,1276,10244,16101,1271,2482,18879,1876,4055,19990,1539,13737,20506,784,8326,20750,-1322,-3796,18831,-186,-6309,18035,111,-611,15401,-1220,-1514,11624,520,-2009,11235,1872,2299,9180,4976,-3194,10734,5416,-9230,7984,7226,-1671,7421,8499,3514,9916,9698,-1183,9931,10891,5431,11249,7714,7747,11439,4849,3408,13953,906,3853,15254,1261,8462,18756,1785,8572,20271,1504,7720,20761,629,3105,20243,-563,4799,19580,60,-2214,18133,-733,-9276,14836,-203,-639,12465,939,4938,11457,1214,-3127,8493,4485,-7515,11375,4684,-643,7365,8052,-1674
[row took 88828us]
16536,1070,8153,19928,2334,9830,20847,1758,5234,20484,-173,1847,19338,-924,1865,18664,-1450,-4989,15756,-695,-6413,13550,-470,1539,11556,1910,3771,10499,2488,-6663,9474,5055,-6569,9481,5661,738,7962,9235,-2103,9879,9795,-4399,9117,12234,9371,12023,8978,7855,9681,4400,-1215,12181,1815,6685,15435,2370,10900,17508,1735,4145,19110,1457,4045,20300,1207,9322,20614,1293,7901,20566,-1395,-3662,17398,-1272,-7164,16405,-1010,1248,13756,-80,-436,12085,1397,-4663,10098,3021,610,10473,5037,-1906,9371,5614,-7736,8123,8487,-2939,8631,9940,3761,10470,11144,3838,11368,8369,3432,8482,5437,7615,13731,3063,5395,14285,1771,2760,16841,867,6434,19004,2755,10262,20013,1318,8622,21412,-34,770,18886,-660,899,19517,-1004,-2145,16203,-981,-6658,13773,-566,-1064,11940,2052,4952,11416,3015,-3757,9245,5323,-9600,10363,4362,-158,6519,9199,52,10745,8755,-4392,8237,11724,5198,11569,10074,10257,11296,6062,656,10424,1804,2331,14620,467,11309,16060,2590,6909,20381,1129,2709,18574,1853,8338,21587,360,9558,19744,-260,-1053,19589,-1186,-9067,16240,-483,-747
8389,10485,-1637,10510,10045,9336,9824,5794,7504,11197,3415,-368,13737,1649,5259,15250,1596,10371,18053,1641,5852,20430,2254,4278,21367,1190,8387,20103,625,6883,20477,-1542,-6134,17108,-183,-8027,15802,204,1650,13429,1316,1839,12008,2388,-4330,8977,3888,-2848,10032,4517,-870,8636,6764,-6986,7738,7754,-3268,8368,9619,6395,9755,10504,6166,12007,7284,1543,9768,4359,6822,13434,1547,7328,15531,570,3320,17535,2040,5123,20719,2800,11144,20802,1568,8117,20385,-153,-1296,19876,-770,-1563,18198,11,-552,15997,-899,-5149,12490,411,-2336,12007,1816,4182,10042,4645,-3855,10005,4040,-9291,8189,5986,-1164,7781,8978,1689,9692,9493,-2086,8570,10003,6107,11414,7914,9146,10930,5421,1083,12783,1911,3354,15043,963,10575,17385,1676,7842,20590,1529,4228,20798,1327,5286,20221,740,7559,20677,-1425,-1152,17939,-439,-9173,15892,-854,-346,13407,1175,2722,11954,1704,-4437,9425,3983,-4849,10455,3683,362,7633,6457,-4016,8478,7699,-6086,8511,9934,3086,9626,11271,8641,11977,8009,1341,9496,5156,4623,13103,1575,9769,15054,1276,4620,17286,1366,2030
12687,2757,1956,10530,3517,-6303,10662,5008,-3681,7901,6380,-1032,8625,7294,-5173,7151,9860,-2223,9327,9738,10085,9648,9432,5886,10834,3175,62,9840,1994,7805,15435,595,8867,15935,1128,2291,19769,2602,4494,20745,1417,12013,20838,305,7817,20898,-681,-4267,19669,-259,-5205,17236,1344,607,15455,743,-3222,12804,2901,-2686,10525,3888,2288,11019,5466,-3965,8998,6285,-10089,7283,6490,-1408,6318,9236,4963,10403,9373,3119,9144,9293,4092,9917,3633,7419,10192,2033,4072,15232,-236,3423,15333,703,7490,19404,3003,8418,21561,1725,6688,21158,743,3289,21276,425,3987,19463,-1879,-1198,16822,1032,-9320,16523,1032,-1617,12825,4863,4861,11506,3244,-4874,9578,5883,-5994,10051,4561,-1453,5821,8554,-2827,8642,7424,-3080,7104,11037,8279,11198,7205,8147,7576,4080,813,11884,371,4533,13480,742,9662,16935,1324,3918,19710,2727,2255,19822,1727,10601,22060,878,10931,20913,171,-2033,20340,-371,-7197,17445,504,-550,15589,1321,-1291,13588,3521,-3752,11109,4982,412,10213,5751,-1085,10000,4835,-9142,5708,7757,-4873,8017,7152,6473,7699,9783,4972
21442,940,11207,21025,-109,6310,20746,-696,-8066,18240,984,-7200,16090,2594,1510,14391,3230,-927,11717,4963,-3485,9199,4894,86,10217,3449,-4372,5972,6902,-8005,8263,6090,778,5157,9300,8948,10890,8327,3959,10326,7128,1731,10178,1373,8309,12947,-680,5309,15461,1706,2123,20246,3048,6588,19518,3584,10465,22118,-290,8198,20873,799,472,21246,-508,-1676,17910,1202,-3431,16556,871,-6525,13790,4023,-652,12274,4730,4728,9148,4008,-4558,9395,3973,-10590,6623,4998,-260,6777,8519,2688,9680,8578,-488,7055,8110,8087,9689,6303,6363,12177,3094,2082,12877,474,4065,15792,73,8997,18042,3389,5205,21883,2859,4901,20826,1614,9520,21625,-103,7304,20387,-778,-5071,18486,349,-9689,16496,1570,-74,13805,3319,2418,12213,3902,-3888,8934,4655,-2821,9865,2873,-1686,6202,5405,-6742,7946,7473,-3355,6543,9668,8450,10539,10324,6896,11129,6833,82,8557,1951,6058,13211,-250,7740,16233,1757,3360,18917,2839,3822,19692,2126,11035,21528,1200,10785,21557,-11,-70,20702,-184,-4327,18211,1049,-1418,17073,597,-4541,13085,3094,-2580,12479,3740,3926
11616,6293,-95,11781,892,8890,13928,956,7862,18070,1282,2440,19749,3710,6139,20668,2114,12244,20470,212,5886,20080,-1194,-5480,18974,-580,-5451,16313,651,282,14628,12,-2600,11614,2404,-1078,10342,3513,3074,9521,3864,-5893,9094,3961,-8961,6989,6201,366,8561,9886,3219,10300,10752,1169,10790,10605,6318,11583,6236,6930,11932,2077,2947,14567,390,4550,16556,1836,9813,19326,3028,8651,20642,2313,3528,20523,955,3277,20186,-613,6107,18757,-1429,-4607,16146,-188,-7980,14628,368,1537,11951,2160,2850,11187,2101,-5159,8100,4471,-5272,10989,3233,-107,6788,7514,-4168,9698,8614,-4404,8405,10926,8051,12137,10919,7492,11002,6679,46,11566,2570,6477,13618,1107,9286,17185,1646,3709,18888,3514,3754,20289,2189,10233,20168,907,9305,20461,-1664,-2635,18238,-1478,-6767,16816,-671,-142,14824,139,-1092,12136,653,-2697,10958,2464,1761,9193,4459,-2802,10441,3005,-7955,7193,6917,-3397,9029,9634,3013,10448,11371,1766,10729,10614,3862,10959,7782,7185,12133,4146,4973,14018,288,3313,15363,1586,8439,18931,3078,9141,20341,2623,5464,20118,421,2010
10008,5023,-3866,10500,4713,-7297,8122,8054,-890,10218,10098,2642,10038,10526,1718,11111,9851,4485,10959,6498,7581,12186,3202,5300,14261,517,3630,15932,1702,7884,18817,3057,8824,19853,2338,3911,19707,37,2874,18985,-1471,5416,18492,-1590,-3339,16256,-1386,-7163,13974,-1189,320,12061,1749,3263,12285,1957,-4445,8623,5423,-6163,12230,4739,-311,8035,8194,-2536,10162,9546,-5449,9040,11102,6102,11418,11371,9915,11343,6476,80,11321,3651,4498,13249,375,10485,16155,1631,4869,18283,2715,3295,19866,2352,8008,19684,857,9084,19532,-1783,71,18338,-1553,-5660,16600,-1092,-99,14859,-741,-344,12374,898,-4709,11871,2081,802,9528,5356,-1057,12180,4976,-7822,8467,7398,-4459,8674,8325,2801,10158,11607,1584,11167,10326,3863,10771,7559,6737,10750,4053,5635,14082,1020,3170,14629,2081,6528,18176,2037,9362,19214,2555,6848,20253,559,1451,19088,-875,4984,18869,-1409,1496,17447,-1985,-7177,14678,-526,-3162,13129,933,3579,12274,2496,-1650,9895,4206,-7478,11346,5176,-1527,9288,6757,-657,8972,8491,-4912,9717,10332,-280,10107,11814,11213,12121,8364,2853
19382,-1106,6084,18501,-1599,-360,17072,-1936,-7648,14445,-369,-1947,13109,1835,3232,12084,2159,-3247,9011,4152,-7043,11490,3487,-203,7910,7898,-727,11453,8307,-5670,8050,10632,1833,10465,10290,9643,11972,8448,1457,11154,5559,3668,13679,-169,11399,13718,2014,5036,19218,1689,1698,19073,3967,7663,19991,1405,10698,19404,-1844,2700,18353,-1689,-5823,17798,-1215,-2060,15185,-294,-78,12935,-80,-4233,11795,1879,505,9847,4110,1353,11755,4064,-7729,8416,6292,-5941,9118,8810,2458,10314,11310,933,10307,10546,2254,11108,8538,8154,11402,5894,5993,13443,2125,1943,14290,937,6460,17046,1667,10237,19177,2842,7248,20141,1998,1429,19369,-526,4675,18698,-1653,4668,17696,-2493,-6259,15133,-211,-5773,13839,77,3191,11901,1408,448,10881,2608,-7494,9927,5585,-2861,10834,5595,-85,8699,8387,-4610,10443,9447,-2519,8599,11102,9088,12452,9660,5346,11250,6641,505,12489,2001,8611,13092,1374,8507,17553,964,2450,18306,3564,5271,20069,1799,10470,18936,355,6453,19555,-2117,-3860,17574,-1508,-4214,15837,-791,802,14538,-1011,-3191,11977,1626,-2440,11474,2892,2238
11346,6126,2442,12329,2645,9177,14620,1318,6948,16239,329,3131,18901,2263,5973,19215,2946,10086,20592,-304,4976,18474,-1325,-3165,18272,-1858,-2213,15600,-161,1,14495,-253,-4998,12310,1996,-976,11080,3591,2682,10556,4533,-6026,9935,5378,-7120,8760,6987,902,9467,10928,1274,11182,9632,21,9009,9428,7153,11637,5884,7420,12324,3845,2408,14213,717,5133,15535,716,9506,18179,2743,7191,20217,2828,3127,19945,1001,4881,19007,-1135,6207,18537,-1993,-5016,16295,-967,-7192,14520,-346,1256,12700,1469,2063,11803,2546,-5400,9206,4701,-3665,11487,4255,68,8283,7649,-4773,10273,9433,-4665,8949,11905,7243,12341,10485,8231,10597,5824,-183,10324,2912,5792,14226,2047,9967,16320,2234,3608,17803,1457,4487,18918,2286,9618,20230,1808,6730,20168,-269,-821,17994,-1987,-2397,16411,-1411,619,15273,-1364,-3232,12957,1123,-4222,11730,1839,2247,9837,4853,-2202,11692,4629,-8452,8842,6163,-2197,8659,9107,2437,10397,11653,-1111,11282,10985,4961,10249,6078,8824,10420,4945,3672,14841,1738,2098,13912,1456,8719,17139,1476,8922,20314,2875,4429,19580,2353,3033
10684,4613,-5313,10747,5592,-8110,9228,5857,-632,7872,10078,2141,12060,11408,-989,9426,11884,6595,11734,5763,8262,10264,3809,1597,14550,974,4217,14990,1022,9878,17013,2159,7310,20495,2778,4357,20163,2138,3390,18986,-850,7110,18962,-2635,-1483,16845,-1633,-7545,15195,-1204,-63,12389,1412,2434,12721,1799,-4758,9753,5378,-5190,11568,4162,132,8487,7239,-3400,9518,8402,-5681,9131,10828,4458,10640,11548,8940,12250,7467,348,9674,4428,5313,12989,967,10064,15158,1092,3801,17030,2133,3051,19957,2322,9455,19278,2198,9205,20229,-1950,455,18409,-1164,-3078,18099,-1335,136,15382,-804,-2249,13194,298,-4692,12370,1982,2202,10287,4975,-819,11879,4104,-8897,8187,6393,-3160,8770,7742,2386,9623,11456,-1056,11068,11225,2594,10551,8608,9433,10522,4907,3966,12587,1807,2540,14621,623,8695,15992,1243,8346,19776,2162,5382,20143,2505,3328,19905,-519,6402,19195,-1024,2813,18635,-1966,-7318,15468,-511,-3462,13829,211,3022,12722,1410,-1893,10224,4200,-6173,11458,4119,-1334,8448,6774,-1063,9996,7734,-6729,8475,10710,-452,10214,11549,10040,11018,9407,3221
19345,-1133,5703,20207,-971,-1761,18033,-227,-7985,15755,128,-1270,12941,2453,3606,12880,2545,-3618,9579,5461,-6404,11104,3993,-563,7593,7787,-2936,9026,8014,-5076,8165,10667,5121,9506,10665,9565,11627,5728,213,8742,2860,4606,13172,-297,9902,14601,1303,4096,18245,2149,1733,20229,2578,9797,20261,1372,11623,20681,-1854,587,19606,-212,-6035,18953,259,-936,16526,971,-1191,13458,1901,-4178,12659,2469,1845,9834,5366,-506,11249,4370,-8879,7787,7134,-6090,7576,7566,3682,9067,10988,2918,9493,10125,3081,9986,6177,7405,9590,3020,4952,13177,104,1680,14122,614,6784,17299,1550,8442,20093,2722,7659,21311,1426,4347,19925,-559,4144,20569,-159,1275,19233,-347,-6515,16567,905,-4522,13910,2374,3735,13434,2872,-875,9708,4919,-7629,10938,4050,-3067,7549,7097,-1016,8456,7742,-4194,7900,10018,1870,8710,10526,10291,10795,6808,2311,9410,2515,1444,11675,-299,9385,14456,714,7055,17657,1245,1549,19944,3251,6189,20607,2015,12377,21099,-734,5133,20669,153,-6038,19101,-1352,-2107,15985,1709,-829,15984,1610,-4337,12441,4246,-90,9862,4443,1056
10831,-698,4099,12898,137,8737,16671,1971,5943,20123,3071,1931,20096,1905,8555,20701,285,12000,21474,-684,-1049,20383,1097,-8403,18102,1318,41,15901,2678,228,14336,3569,-4472,11364,4656,-365,10885,6202,-1476,9977,4926,-8919,5894,7793,-4700,7716,7869,6200,8154,10264,7877,9301,4751,435,6618,2772,4984,11502,382,6946,13943,1354,1103,16000,1545,6226,18563,2370,10043,20674,2226,6528,21451,772,3899,21435,-195,1472,19760,595,695,18965,88,-3827,16104,3420,-5253,15165,4065,2128,12039,5057,-212,10554,6335,-9159,10345,5040,-5094,4939,7730,2538,9581,6635,-908,5361,9292,3539,9527,6034,8699,8193,4746,2384,11195,187,1825,12196,-942,7931,14519,1415,7941,20464,2656,3149,19995,3458,4313,21451,18,11128,20774,-130,5234,21154,247,-7568,18831,1845,-3556,16722,3326,1521,15236,3676,-3396,11991,5032,-2635,10875,5924,396,10641,5084,-7399,6119,7282,-7197,7945,7136,3720,7146,9632,9225,8116,5426,2054,8230,3934,2783,9362,201,8129,13098,85,2406,15082,986,3218,18870,2357,9140,19745,3290,8188,22020,705,5831,21591,231,861
8743,4473,-7034,5375,7274,-3701,7699,6411,7519,7048,9413,8248,9351,4272,-97,7662,2218,4311,11033,-812,7442,14191,448,2227,16868,2527,5533,19828,2898,9591,20428,2131,7520,21814,-43,3708,21198,916,-762,20327,1487,633,18660,1850,-3151,16069,4128,-5757,14748,4900,2112,11688,5746,75,10559,6142,-9046,9612,5225,-5753,4843,6180,2765,8741,6144,1177,6336,8205,3354,9055,5284,8382,7992,3200,2710,11122,-985,154,11949,-146,6960,16835,2449,8841,19629,3226,4821,20390,2389,4168,20952,488,9763,21783,688,3838,20775,1225,-7487,18773,1806,-3818,16729,3924,2856,15308,4264,-2752,12060,5541,-4654,10181,5995,-145,10588,4655,-4885,5373,6254,-6463,7907,6156,3015,6098,9671,10108,10068,5499,2076,7397,3583,1572,9945,-856,7627,12882,1302,3666,16123,925,3524,18051,2609,8627,20293,2532,8870,21599,866,5386,21474,1132,411,20710,1083,451,19026,2152,-753,17658,3302,-6809,14925,4529,-1060,12750,5154,3161,10588,5945,-6127,10113,4620,-8587,6233,5356,632,7906,7533,1915,7403,7351,1551,7667,6696,7041,8217,3703,5783,10221,13,522
20171,1056,141,18578,2018,-4534,16107,2325,-6646,13784,2801,2765,11965,3957,2651,9549,4092,-7934,9355,3680,-6967,5930,5823,2285,8645,7614,924,8555,9584,898,9260,6355,8398,7965,4344,4316,12497,2097,-130,13746,2508,5976,15327,1465,10582,18288,2037,4723,20267,3036,2980,21209,1286,10222,20574,1020,6732,20345,150,-5784,18679,1560,-5860,16422,2498,873,14576,2240,-2451,11473,2622,-3544,9336,3357,410,10451,3433,-2904,6918,5903,-6886,8377,7893,-1008,7834,8576,7593,9249,8000,3937,10564,6057,865,10302,3158,7502,12445,1807,5030,15949,1291,2625,17237,2657,7666,19943,2594,8875,20887,1183,7766,20823,249,1584,20257,307,-840,19045,1306,-1669,16907,1003,-6497,14068,2078,-1826,12380,2911,4931,9915,2685,-4117,9532,4895,-8799,9642,4969,-1002,6079,8521,1622,10212,7259,-2095,6952,10159,6661,11735,6458,8617,10336,4948,39,12435,484,2774,13836,1378,10087,17456,2030,6880,20381,2719,3057,19706,1378,7950,20853,744,9687,20269,-98,-1457,19307,803,-9119,16888,1487,-287,15053,2470,1155,12873,2066,-4185,9783,3008,-1192,10174,4554,-1062
11699,1314,5675,15009,1113,9420,15957,1596,4483,19706,2877,4120,20169,2478,8419,20434,-310,9326,19734,277,-3075,19147,-8,-7320,17013,1901,1794,15113,1390,-1252,12684,2271,-3838,10967,3262,810,10509,6096,-1450,10933,5094,-8897,6342,7970,-2959,9275,7206,5515,8843,10414,4927,10823,7039,1877,9399,4544,6680,10834,1431,5500,14673,670,2092,15697,2000,7197,18810,2437,9142,19476,2200,7022,20963,793,2792,19671,216,2678,19601,461,-444,17850,308,-6186,15151,1928,-4049,13808,2864,3153,11993,2791,-952,9350,4536,-7872,10649,3917,-2150,6814,8357,767,11053,7179,-3776,6342,9322,2976,10529,7517,9811,10349,6267,1831,10946,2306,2025,12617,-217,9393,14878,2382,6176,18986,2225,2163,19451,2838,7130,20234,1047,11874,20490,-1061,3723,19253,72,-8380,18722,1014,-3278,16394,2471,1272,14165,1655,-3993,11450,3151,-346,10302,4525,1888,11642,4714,-7507,7358,7498,-7375,9204,7250,3371,7464,9615,5301,10049,7254,2258,9961,6398,5378,10476,3324,6513,13206,814,2193,14319,1508,4844,17781,1293,9662,18687,3244,7973,21224,838,3487,20012,643,3454
11998,3998,-8364,7695,6847,-5889,8236,6876,3412,8658,10086,3028,10606,8250,2183,9344,6990,6584,10652,2820,6085,12700,1279,1033,14494,1211,5406,17033,2488,9936,19320,3046,7558,20526,1355,3695,20306,-310,4848,19483,523,2739,19063,-427,-6510,16370,1163,-5821,14839,2174,2638,13163,2700,1109,9671,3338,-6104,11197,4269,-3388,8771,6053,-779,8449,8818,-3825,9726,8645,-373,8049,8763,9672,9975,6601,3972,10941,4238,542,11394,2105,6876,14544,1430,8180,16292,1219,3690,19056,2517,4465,19997,2798,11322,20888,628,7095,19292,-299,-3901,19044,-404,-3636,17282,1719,131,15606,1194,-4726,12714,2616,-2114,10973,3276,3412,10649,4632,-4490,9921,5058,-8929,7602,6912,318,8587,9104,3045,9592,8506,1320,9311,7991,5083,10447,4630,7416,11013,2493,2495,14389,749,2510,15171,2016,8810,18468,3537,8174,20420,2089,5328,20006,900,5230,19885,-762,5743,19477,-800,-3957,17511,812,-8469,15859,1436,-167,13469,3067,3328,12061,2613,-3668,9047,4392,-5078,11406,3966,-1203,7139,7345,-3078,9643,8191,-4100,7759,10686,6746,11618,9236,8895,9965,4661,-434
20228,-1042,6583,19433,-565,-5892,17768,1048,-8376,15843,1348,1915,13062,1976,2342,11356,2156,-4884,10170,5123,-3869,10898,4709,-648,7510,6463,-4454,8630,8943,-4048,9591,10765,7474,10034,8375,6685,9710,4805,659,11214,3558,5658,13559,1528,7770,15608,849,4004,17399,1485,4589,19634,2776,10335,20351,1875,8669,20856,-817,-743,18531,-685,-3171,18153,1035,-440,16259,1511,-4067,13668,1680,-3377,11674,2365,4095,10425,4159,-2362,10960,4519,-9278,8273,5547,-2838,7556,8268,3333,10756,10241,-432,9264,10487,4080,10624,5626,9365,9617,3049,2638,13692,933,1249,14378,1469,9193,16618,1846,8388,19878,2734,5029,20574,2887,4284,20151,208,7221,19314,-657,773,18537,-752,-8040,16202,968,-2303,14108,1822,2660,13295,1437,-2764,9302,4038,-4907,11709,3846,-624,8511,7023,-3606,9336,7179,-5485,7776,9682,2559,9905,10289,9347,11199,7477,1953,9628,3646,2753,11323,1103,8787,15171,1604,5017,16159,1680,2759,19008,2515,8315,19993,2737,10335,21122,-618,2717,18397,72,-2271,19860,-709,-259,16777,1023,-1739,15130,749,-6291,12698,1708,1006,10616,4201,2514
8082,2777,5544,12864,-256,8686,14829,1179,3201,17336,1454,3112,20050,2907,9094,20370,2118,10241,21196,-916,1569,19268,475,-3292,19958,599,-81,16744,1205,-3610,14112,1583,-5343,12961,3339,3110,10869,5175,28,10687,4733,-9107,8377,5411,-4726,6820,7411,3351,9018,9676,54,8616,9805,3066,10109,5973,9221,9031,3286,4164,12698,244,1766,14010,516,7916,16702,1502,7528,20300,2954,4962,21177,2484,4664,20245,-339,8226,20631,5,1871,19777,-24,-7644,16786,1093,-4083,14577,2196,2261,13715,3224,-2020,10370,4806,-5119,10562,4179,-965,7860,6094,-2648,8506,6951,-6064,7085,9278,1521,8884,9404,10052,10466,7103,2341,8914,3265,3042,11382,453,9377,14701,1224,5025,16791,930,2051,19401,3102,6374,20933,2155,11879,21302,-240,4783,19852,401,-3527,20462,249,-1161,16895,1779,-1211,15713,780,-6124,12777,3059,121,10851,4662,2617,11006,4724,-7084,8207,5783,-7504,7532,6030,2058,7130,9787,2078,9750,8896,579,9128,7807,7661,9530,3649,7038,11133,1500,1531,14377,687,5843,16067,589,8367,19320,3241,5809,21579,2194,4747,20670,571,6650
10057,4384,-11011,6057,7013,-3834,7567,8183,5009,8512,10187,3721,9344,6545,3570,7779,4453,7449,11096,1700,4598,13370,921,917,15770,974,7386,18603,2731,8642,20243,1746,6411,21760,627,4844,20608,130,3845,20885,476,460,18882,729,-7206,16301,1736,-4184,13970,2971,3503,12590,4178,-2497,9509,6549,-7028,11253,5331,-2796,5176,6121,-764,8494,6668,-3858,6653,10297,4371,9668,8228,9938,8574,5081,1514,10489,407,2886,12276,196,8698,15916,1837,5670,19007,1640,2042,19506,2108,6759,21494,1268,12713,21544,-161,3478,20896,535,-7955,18905,663,-2514,16702,2194,-12,14501,3063,-4570,12093,4586,-587,10879,6799,1891,10919,4931,-8211,5637,6058,-8317,7314,6855,3920,7525,11007,7153,10030,6238,1953,5772,4415,5752,11823,734,7725,12809,1571,399,15555,912,4763,17502,1489,9290,20418,2911,7202,21526,1382,5574,21406,-137,3152,20281,252,1401,19731,402,-4508,16719,2851,-6945,15139,3220,1257,12413,4895,1877,11221,6468,-6277,10431,5592,-7027,6019,5482,1004,8256,6658,-2047,6200,9235,814,8942,7307,10560,8189,5300,4879,10275,618,829
20096,943,-464,18603,1502,-5387,15436,3485,-4472,13719,4850,3452,11694,5321,-466,10885,6866,-10287,9317,5626,-4894,4657,6587,2952,7805,4658,-171,6233,9237,5888,10189,5470,9469,7597,3062,1680,11465,-1309,1423,13817,1331,8208,17705,2593,7111,19490,2055,2504,20059,1717,6249,22320,1719,10980,21351,1169,1799,20439,41,-7910,17900,956,-2681,15913,4046,834,15012,4415,-4160,11025,5980,-1410,10810,6491,25,9282,4049,-7006,5221,6639,-6355,8195,5979,4973,5593,9454,9104,10063,4378,2013,7252,3893,4342,12113,-391,7658,13551,1120,1681,16750,1107,4355,19006,2622,7885,20537,2632,8529,22141,863,5953,20974,1139,-683,20860,1104,54,18452,1539,-2935,16179,2786,-7067,14491,4100,1078,11891,5718,2824,10739,6350,-7869,9758,4764,-7998,5331,5327,1858,8042,6622,1165,6227,7751,2034,9039,6180,9546,8313,4182,4873,11279,85,-309,12134,264,5666,16619,1479,9006,18954,2573,3812,20729,2504,3981,21225,1662,10413,21774,1339,5928,21045,727,-6678,18384,1521,-6136,16884,2830,1456,14658,3428,-1522,11744,4945,-4085,10278,6215,536,10852,4991,-4328
13483,1114,8122,17566,1742,8360,20121,2893,2686,20190,2387,6157,21788,1314,9872,20793,1476,1809,20441,478,-8717,17149,1553,-3365,15746,3020,2175,14225,3030,-3158,9683,4278,-3722,11114,4634,-925,8270,5243,-4545,6827,6426,-4970,7857,6535,3782,6843,9452,7706,10490,5803,1180,8476,4050,3730,11437,734,8261,14889,1908,4470,16342,1814,3118,18875,1532,6886,19774,3165,9458,22629,1052,5757,20623,1103,-861,20210,332,-184,18448,1759,-3050,15796,1933,-6838,13406,2836,1010,11335,4617,3370,11238,5551,-6755,8737,5070,-9055,5971,5044,2608,7646,7780,2042,9388,9263,112,8287,6141,8640,8141,3988,5695,12433,2676,209,13867,2042,5241,15702,763,10590,18121,1392,4885,21091,2642,2570,21019,1734,8749,20868,1229,7553,20738,221,-5203,18359,1621,-7245,16312,1995,669,14180,2677,-1061,11280,3514,-4363,10307,5092,198,10108,4439,-2694,6393,5200,-6638,8069,7153,-2053,6958,8272,8491,9397,7568,4826,10237,5773,1422,10313,2775,7485,12727,1688,5577,16288,654,2918,18083,2063,5176,19975,2876,9761,21383,1350,9441,20776,528,17,20747,380,-2634
[row took 88218us]
6521,6012,-5732,8172,6980,886,7724,10802,8184,12203,8112,3774,9263,5735,1948,11279,1431,7890,13836,2259,5205,16944,1385,2980,18327,1756,6705,19472,2279,11622,21730,426,5447,19790,818,-2558,20190,-169,-1988,17357,553,-1662,15926,470,-5283,12999,2629,-519,10789,2319,3774,10683,4386,-5876,9285,5713,-8809,7731,5608,1681,7818,9275,1443,10477,9865,-1167,9039,9788,7930,10132,4811,7388,10600,2678,-186,14186,1413,5239,15201,675,9732,17509,1821,6015,21296,3129,4213,20907,105,7197,19318,897,7092,21203,-1147,-5182,17144,1628,-7537,16893,138,1795,13060,2369,453,11540,2075,-4631,9868,4910,-1283,11169,6089,-2194,7856,5698,-6179,7888,7544,-2559,7883,9234,6956,11051,10033,6386,9905,6369,1287,9886,2626,5710,12800,1479,7184,15984,1373,3191,17425,1731,4806,19832,1786,10576,20021,1477,9230,21196,123,-534,19890,-129,-2932,18641,736,-1062,16755,269,-4261,13478,1922,-3096,12384,2186,3765,9750,4181,-2298,10932,5069,-9528,8076,5916,-2131,7500,7355,3630,9135,9054,-2477,9362,10521,4433,10658,7130,8997,9435,4184,2256,13252,369,2758
18107,825,-1254,16366,1071,-5678,13569,2351,-1490,11800,3059,4403,10458,5410,-4325,10226,5515,-9608,7470,5942,257,8077,8618,2413,9237,8417,-1078,8354,9353,6447,10382,5494,8243,10202,3575,1089,13677,524,3389,14304,1102,9622,17613,1504,6609,20512,2169,4152,20510,788,7659,20411,310,7648,20326,-812,-4260,18495,831,-9407,16847,1607,973,14606,3005,1814,12252,2043,-4001,9070,4975,-2645,11605,5299,-1425,7673,6521,-5236,8403,7409,-3554,7805,8720,5685,9485,9918,6642,10300,5845,1275,9430,3499,5436,12555,94,7894,14433,834,2857,17835,2067,4406,19962,2501,9415,19984,1411,10648,21249,-291,830,19960,552,-3409,19435,675,-540,16827,567,-3958,14675,2521,-4190,12847,2579,3866,9553,4370,-907,11311,4977,-9683,8440,5545,-3881,6903,7728,4075,9264,8581,-436,8471,9856,2833,9913,6784,9076,9958,3730,3592,11982,617,1238,14197,812,8011,16960,2233,8433,20187,2232,3850,19960,1981,6344,20998,-18,9005,20034,9,972,20054,-646,-9816,16697,1176,-2958,15408,2328,3156,13093,2478,-2264,9689,3848,-4561,11353,4802,-1219,8712,5778,-3960
15282,2563,9508,18083,1106,7214,19435,1645,4146,21536,1351,6484,20673,1463,7633,20524,-1331,-2193,18094,-216,-8842,16836,1192,-1054,14978,3682,2209,12847,2411,-3996,8083,4421,-3636,11731,5449,-717,7586,6797,-4672,8300,8113,-3985,7513,8484,5191,9142,9626,7582,10031,5621,1221,9490,3404,4861,12592,302,8152,15317,1334,3325,17213,1810,3348,19683,2322,8446,20756,1691,12569,21144,-1131,2474,19807,-561,-5309,19516,1448,-2065,18064,1857,-2594,13804,2131,-4411,12523,1798,2950,10135,5693,565,12083,5782,-10120,7322,5580,-4796,6247,7184,4035,9851,9973,579,8831,9038,2518,8083,5429,8530,10385,3657,5011,12799,757,-392,12782,785,6443,17584,1478,10010,19846,2685,5570,21196,1684,6754,20656,-566,7677,20038,-663,726,20196,-262,-9947,17424,2540,-4590,15314,3018,4828,13409,3108,-735,10445,4574,-6267,10894,5411,-2282,7769,5942,-2432,7884,7345,-4551,8278,9380,1718,8033,9282,9544,9163,5090,2267,9210,3373,1781,12070,350,7580,13443,1834,5256,17530,777,3801,18956,2709,6933,20783,1755,12746,21289,-4,6022,20500,-335,-5173,19925,201,-2855
7172,7196,-4499,7563,8734,5281,8050,8615,8378,10139,3675,896,7899,1534,4716,13654,-614,8266,14368,1794,3836,19299,1930,2163,20507,2497,9747,21055,1565,13016,22138,-466,899,20574,1318,-6781,19466,1525,-215,17707,2310,-2535,14005,3321,-5216,12576,3335,1496,9879,5783,221,10395,5131,-9232,7038,5855,-4275,5957,7238,4464,8980,9271,2966,8214,8664,1294,8351,3687,7913,8817,1062,5713,13582,-430,807,14419,1520,6394,18068,2135,8533,20743,2814,7355,22080,1738,5919,21190,-136,4843,21259,1163,663,19882,680,-7117,17431,2566,-5486,14400,3563,2948,12910,3873,-1193,10057,5034,-7010,9825,4702,-2709,6811,6130,-174,7179,6709,-3192,7165,8677,1740,7930,8668,8993,9746,4673,3081,8766,1240,1942,12163,-147,7992,14802,1743,6494,18671,1713,1989,20549,2913,6782,21410,1570,13939,21873,-380,4762,21069,1344,-7695,20117,900,-2771,17453,3103,-351,15163,2456,-4756,12413,3778,-1096,9992,4727,1400,10390,5243,-6430,7087,6151,-6986,6065,5894,3122,7457,9296,5196,8906,8460,724,8595,5758,5315,9237,1256,7760,12106,612,1740,15184,996,4086
14975,2953,-441,13046,3047,-3600,8798,4522,-1306,11081,5157,-1528,7035,6199,-6412,6456,7216,-2726,7345,8486,6003,8371,9568,4696,8433,5528,1273,9178,2294,7676,11954,1271,6144,15596,-93,2226,16861,1595,5066,20515,2237,9311,22042,1873,12392,21862,63,2377,21239,-111,-3368,20166,1698,-1892,17976,1863,-5507,14567,3005,-3965,13063,3604,4026,9767,4592,-1430,10223,4994,-9726,7159,5616,-3482,5747,7759,4171,8473,8729,-580,8044,9928,3089,9181,3073,9571,7275,2228,3043,13873,45,-43,13717,2880,8508,18651,1628,8219,20348,1887,4388,20910,1335,9474,22292,510,8588,21417,776,-1983,20492,859,-9532,17153,2337,-2374,15257,3091,3155,13405,2753,-3741,8682,4805,-5343,11067,5395,-608,7214,5930,-2972,6079,5706,-4193,6983,8131,3740,8437,10272,8342,10057,5610,255,8319,2391,4115,11528,380,8583,15811,2218,4456,17787,1923,3387,19765,1643,7740,21079,1111,13716,22206,-113,4100,21250,1039,-5920,20619,1317,-1710,17557,2122,-2499,15120,2741,-5922,12923,3123,1872,9273,4835,718,11228,4118,-8136,6545,6049,-5298,6115,6156,3661,7785,9632,1291
19855,615,14432,21875,615,7246,21961,1106,-6237,20115,926,-6503,17033,2471,632,15274,883,-1407,12058,2806,-3881,9356,2653,400,10677,5006,-1977,7649,5514,-8688,6119,6620,-769,7623,8592,5512,9283,10221,1828,9244,7365,3545,9927,3532,7845,11103,1780,4673,16318,1407,1818,16650,2005,6637,20033,1975,10211,21278,718,10417,21205,706,2336,21803,203,-144,19585,866,-3501,17487,856,-7993,15096,1967,-27,12564,3410,4710,9462,1436,-5598,9086,4937,-8496,9877,5690,-449,5054,8805,1123,8803,7090,-2865,8075,9367,6495,9479,7608,7198,10496,3556,180,11296,2550,3864,15705,1801,10010,16520,2581,5801,20880,929,2917,19367,1209,11754,22504,717,9208,21146,329,-3279,19763,166,-9218,17098,1409,-469,15750,1801,749,12308,2238,-4189,9194,1951,-973,10001,5482,-868,9314,5284,-6850,5501,7181,-2881,8320,7945,3932,8485,11488,4802,11369,7141,1354,8704,4663,6032,11690,1981,7163,15597,1667,2886,16295,2021,6155,19861,1499,9742,20158,1379,10466,22449,-301,2480,20445,531,-1059,20200,1384,-2052,17593,1201,-5495,14943,1705,-3435,12584,2258,4317
9344,6208,1379,10757,2104,7830,13396,1859,6706,16789,1383,3251,18768,2598,5890,19914,2223,12753,21153,-433,7585,20585,466,-2591,20347,177,-2820,17978,1152,-1358,16059,376,-5156,12726,1334,-503,11176,1641,4424,9231,3903,-5974,10050,5932,-8842,8299,5852,123,7013,9102,2970,9996,8975,-1549,8910,10598,5556,10697,5679,8448,11039,3721,619,13288,1096,3823,15807,1852,10639,17920,2214,7735,21105,1604,5365,20376,388,6173,20568,391,5672,20180,21,-4507,18115,169,-8535,15748,936,1921,13417,1870,2508,11596,1293,-5258,8084,2943,-4882,11169,4229,-678,7398,7378,-3304,8968,8260,-3210,8540,9725,4480,9560,10221,5742,10959,5694,777,9450,4219,5100,14039,1849,9475,15329,2002,4610,18097,1588,3245,19664,1803,11642,21018,1439,10329,20917,212,-1593,19835,-381,-4296,18563,915,-1357,16722,402,-3164,12542,251,-2360,11406,662,3745,9362,3794,-2755,11020,4956,-9288,7957,6502,-3271,7293,8581,4039,9839,11163,-260,11062,10180,2657,8387,6011,8604,10512,3535,2940,13940,3040,1703,14568,1671,9492,17466,1131,10378,19997,1702,5686,21054,1625,3274
9606,5238,-5545,9875,6131,-8731,7472,6867,1521,8843,9838,3715,10603,10160,167,9850,9613,4718,10389,5127,6876,11783,3547,2876,15125,1495,4833,15815,1947,9942,18821,1882,9807,20554,1101,5011,20986,348,1735,19820,-301,4254,19301,-189,-4000,16912,112,-6687,14768,61,1749,12201,1206,3255,10864,540,-6110,8530,5097,-6566,11568,5565,-330,6886,7831,-1182,9859,8255,-4174,8195,10539,5360,11202,9874,8259,10830,5967,-629,10512,3476,4695,14490,1522,10890,15960,2799,4638,19412,1343,4552,19238,1418,10990,21044,526,7967,20430,-653,-2777,19109,-48,-7068,17462,-83,732,15463,-382,234,12204,1429,-4539,10855,328,1203,9025,3940,-2444,10711,5558,-8587,8209,7889,-2224,7645,8988,4173,10744,10978,539,9902,10412,2563,10472,5729,7558,10247,4025,4272,15674,1219,3095,14114,2171,7774,18715,1617,10533,20443,2418,8064,21243,-106,1387,19208,-840,3283,20107,142,-793,17754,93,-6739,15349,-804,-1536,11975,908,4372,11940,854,-2508,8647,4603,-8985,11266,5601,-1256,7956,7993,20,9252,8558,-4318,8475,9638,1759,10191,10240,9865,10649,7004,2003
20305,-1199,1132,18501,-154,-3446,16270,-50,-5543,13818,475,993,11559,1955,3890,10046,1422,-7180,9518,5243,-7960,9810,6108,881,7712,9046,1210,10072,8661,-4728,7972,11405,6123,12002,9122,8358,10657,5618,-672,11957,1794,5161,14456,1211,11493,17012,2213,6405,20269,1835,3880,19691,991,8652,20794,230,7635,20525,-1289,-3350,18194,-71,-8578,16488,127,1724,14476,302,1434,11605,1339,-4234,10125,1438,-1785,9681,4690,-1931,9779,6127,-7284,7804,8884,-2296,9613,9929,4224,9206,11141,3640,10861,8333,1872,10194,5407,6069,11931,3391,6621,15133,557,3992,15730,2247,6609,20161,1272,10834,19554,2621,8299,21844,-514,-181,19325,-593,286,19067,-459,-1224,16887,-636,-4913,14101,259,-2187,12241,1364,4467,10500,1675,-3138,9319,4767,-10130,10623,5713,-2350,6621,9051,2902,10977,9141,-2846,7973,10846,1774,10725,8424,9473,10450,6090,2079,12432,2729,1384,13634,440,10941,15551,2695,8523,21190,2010,3975,19376,2635,6585,21005,-815,8538,19669,-642,625,19519,-1047,-8953,16806,-428,-1643,14328,437,3213,13022,906,-3060,10430,2626,-4064,9309,4035,-800
13893,2747,5010,15706,607,11935,17379,2090,7589,21265,1859,4698,21014,914,5143,19548,-165,4935,20068,-1478,-4261,17443,-387,-7127,15436,-739,2904,12392,807,2594,11789,1266,-6727,8768,4271,-5365,10989,4430,-227,7473,7399,-3975,8954,8524,-3235,8235,10981,5695,11145,11264,6205,11435,7419,163,9130,3227,4919,13256,1846,9729,17000,1957,5594,18013,2460,4427,19772,681,11603,21123,1199,7412,20619,-131,-2701,19946,-702,-3290,17202,-859,933,15841,-1194,-2848,12806,815,-2578,11865,1716,2065,8463,3094,-4321,10799,5034,-8544,7978,7225,-1856,7888,9604,4023,10259,10127,-1387,9222,10462,3101,10173,7218,8505,11582,5229,2604,13479,1754,3732,15504,1490,10445,17400,2056,8862,20719,1659,5947,21176,593,3428,19828,-834,5171,19813,-1507,-1150,18550,-322,-8994,15572,203,7,12714,297,4889,10828,604,-4142,9968,4538,-8627,10626,4980,-360,7335,6857,-724,8524,8363,-5913,9224,12045,3203,10667,11629,8787,9865,4705,977,9586,4651,2522,15140,2427,10059,14960,3522,6866,18112,11,3687,19238,1327,10060,21467,823,10103,20818,34,-602,19693,-1349,-6253
8177,8688,-1871,8788,10068,-2495,8933,10769,8182,10514,7913,5747,10192,3092,-8,11204,1792,7860,15978,855,10581,17345,1602,3503,20661,2134,5417,20936,659,10610,20746,-225,5768,20745,-477,-6216,19499,-205,-5689,16042,791,2640,14161,70,-1205,11784,2157,-4160,9607,3832,-1199,10569,4655,-3464,7847,7880,-7370,7742,7772,-763,7496,10098,5672,9899,10047,3111,10245,7820,1993,9640,3497,7546,11901,2210,5818,15898,463,3940,16886,1851,6807,20593,2007,12022,21627,216,7780,20597,-442,-1674,20868,62,-666,19626,471,-1643,16678,-41,-5060,13484,294,-18,11812,2358,3213,9682,3968,-6917,10460,5098,-8676,7852,6749,810,7220,8695,1658,9106,9447,-2731,7966,10752,5584,10580,7024,7920,9651,3885,513,12453,1649,5411,15160,368,11284,16711,1635,5402,21728,1195,4823,21143,1037,8581,20842,-68,6885,21437,-378,-4128,19200,513,-8037,17023,765,1110,13630,1049,2012,12223,1756,-5132,9036,4301,-4041,10142,4902,-650,7759,8218,-6093,8022,7506,-3207,6976,9502,5557,9323,10403,5553,11258,7046,634,8176,3860,6530,12574,872,8184,15326,524,3965
14626,3266,4706,12396,3740,-1977,9049,5829,-8939,10283,5276,-2783,5717,8290,559,8029,6469,-2946,5891,8408,3156,8657,8983,8266,9397,6381,1819,9766,1670,2570,12043,-1399,9131,14664,1587,7425,21134,1356,1860,19636,1328,8850,22010,-191,13021,21938,1582,816,23226,1233,-7847,18762,803,-1859,16339,619,478,14300,3176,-4679,11850,4631,-2518,9678,6427,660,10135,5495,-6778,5543,7657,-5748,7190,6510,3516,6193,10672,6192,10345,6424,1030,5521,4949,4501,11229,550,8432,13237,779,3067,15705,609,3247,18815,989,9459,21367,1425,11123,22151,822,5987,22849,539,-870,21585,1845,-848,19884,413,-4067,15550,1757,-5788,14512,3397,1357,11266,5534,958,10609,6011,-7766,8869,5820,-6917,4553,6289,3195,8172,7696,-669,6632,8632,900,8015,5725,9425,7868,5191,3950,11593,983,698,12266,381,6971,16029,671,8700,20041,2018,4138,21644,1427,7773,21427,86,10586,22450,906,3056,22334,1629,-8502,19496,1726,-5182,15813,2084,3170,14265,2775,-2397,10656,5029,-6255,10408,6708,134,9291,6119,-3612,5517,6044,-5294,6126,5902,1102,6172,9523,7968
21883,1180,4508,22809,1001,1864,21076,1430,-3341,18581,1457,-7955,16006,2837,-717,13519,4674,2718,10792,5265,-5419,10157,6833,-6856,7630,4819,-288,5627,6819,-846,6929,6977,-1710,6941,8785,7722,8460,5847,7366,8161,2132,-77,10306,447,3691,15184,1096,9757,16974,1463,4844,20939,684,3348,20399,1286,11913,23011,760,9985,22343,1414,-4411,21370,1118,-6929,18515,2714,165,15904,2729,-754,13473,4132,-5385,10391,5827,-505,10787,7714,-1054,7910,5749,-8798,5064,5572,-1849,5683,6464,6868,7465,8246,4754,8311,5790,1784,8380,2531,7013,11648,1477,5427,15370,22,1156,16103,419,6603,20318,1194,9736,22219,1475,10294,22201,1484,2889,22361,961,-1450,20867,1734,-1061,18630,1801,-6573,16092,3555,-3276,13495,4957,3252,10257,5164,-3132,10449,7493,-9598,8441,6069,-2740,4131,6561,3488,7952,4703,-307,5246,8096,5506,8389,5028,7104,8171,2380,1667,11957,-404,2457,14514,850,8596,16994,1971,6855,20875,844,4070,20520,1712,9095,23304,1822,9039,22568,2020,-1531,21053,848,-8059,18082,1567,-1786,15663,4164,1214,14030,4395,-4746,10113,6538,-2385
11246,-116,614,13785,340,4065,17599,1231,9723,19825,2637,7219,21830,1130,6563,21923,1684,5806,22549,2596,2313,21473,959,-5673,18184,2687,-7397,16120,2463,2049,13467,4630,839,10725,5229,-6950,9737,6895,-3227,8767,3599,157,5057,7178,-4941,7509,5534,-241,5369,8211,9949,9276,5624,4310,8881,3056,629,10693,10,6615,13768,688,6862,17940,1295,3142,19774,3039,5071,21234,720,12663,21872,1778,9300,23116,1847,-5031,21120,1192,-4821,17871,2532,-27,16861,2235,-4451,12994,4706,-2655,10863,4432,2889,9787,7623,-4282,9386,5212,-10253,4136,5160,1375,6970,6214,6589,7633,8046,947,8741,6266,3956,8159,2752,7617,10963,369,2654,14317,482,2235,17293,1215,9422,19681,2779,7976,21320,1026,6760,21928,1889,5227,22350,1725,3029,21265,1370,-3320,18204,1844,-8316,16403,3145,-1397,13768,5019,2483,10572,3329,-4259,9687,6228,-6335,9257,4579,-648,4807,6857,-59,7860,4981,-2813,5589,7925,5978,9517,6175,7272,8973,3147,675,10218,744,4704,14485,1000,8703,16680,1943,4540,19892,1706,2720,20303,1684,10650,22409,1958,11783,22752,1264,-1932
5301,5099,2502,7881,6389,-874,7139,7879,123,8933,7510,9185,8914,5259,4437,10908,2253,296,13388,850,6734,15389,1452,9266,19397,1292,3439,20263,2209,5857,21785,959,11487,21424,1772,4943,21827,644,-7768,18525,1873,-6392,16854,2208,2151,14079,2827,-1587,11189,3341,-4732,9813,5749,995,10720,6005,-4499,6147,4791,-6638,6628,5501,682,6839,8626,7225,10328,7815,3492,8456,6018,1918,10001,1256,7760,12998,1260,4813,16221,1059,2845,18153,1681,7662,19871,2119,10576,22035,1068,7432,21494,1816,42,21338,1112,-632,18858,1900,-2718,17572,1593,-6105,13909,2862,-1333,11866,3333,3849,9991,4734,-3687,10243,6243,-10045,7194,4708,38,6149,6934,2303,8254,6554,-1550,7713,8782,7001,9697,5646,7544,9912,2758,755,12808,573,3847,14960,1331,9331,17966,2140,6519,21005,1460,4264,20558,1513,8667,21741,1845,7785,21540,867,-4138,19153,1436,-9101,17383,1765,1027,14904,3510,485,11933,2707,-5157,10132,4150,-969,9965,5952,-1494,8407,5901,-6098,5935,6244,-3391,7551,7108,6227,8258,9388,5991,10565,5422,956,8156,2541,6105,12520,851,7194
17881,2340,-6654,16028,2627,2785,13337,2119,-263,9727,3616,-6090,10823,6219,-1416,9231,5960,-2309,6253,5550,-4656,7260,5719,-491,6769,8394,8382,10185,7078,4289,9335,5040,1066,11256,1583,7749,13299,1539,5940,17339,596,2791,18781,2210,6204,20768,1716,12370,21552,1376,7848,21877,1163,-3814,20553,1420,-3595,18355,2004,-1039,16333,1042,-5068,13089,2903,-1415,10523,3370,3052,10533,5690,-4120,9165,5927,-9145,6318,4399,1343,6425,7148,2453,8809,7920,-490,8874,8694,6007,9334,4825,8248,10836,2120,1915,14028,1050,3006,16264,1461,9767,18868,2358,6994,21158,1355,6064,21358,1656,6560,21614,1566,5637,20816,578,-4862,18050,1216,-9166,16341,1577,744,13454,3225,2606,10866,2055,-5173,9293,5173,-3948,10225,4766,-773,5935,6110,-3590,8036,7056,-3228,7705,8148,6468,8492,8306,6373,10983,4524,487,9346,4363,5232,15101,1656,8532,15545,1233,4485,19033,835,3446,19923,1931,11000,21975,1630,10999,21473,569,-1674,20527,479,-5552,18465,1789,-1324,16746,1171,-3243,13385,2226,-3465,11153,1884,3105,8733,5018,-1865,10636,4880,-9066,6339,5846,-2677
18468,421,2703,18748,1512,6787,20833,1237,11165,21231,1806,4513,21190,-224,-5205,18022,286,-4949,16813,685,1653,14462,563,-2859,11475,1982,-3154,9196,3072,1557,11534,5015,-3908,8222,6130,-8502,7486,6582,953,7808,9448,3500,10641,10426,1079,10601,7912,4921,7957,2988,8149,13431,2705,2745,15312,2082,3832,17023,1011,9200,18463,2200,10147,21127,736,5451,21499,1009,1527,20028,501,2399,19698,-97,-4013,16395,503,-6592,14919,229,1816,11566,2881,3307,10860,2179,-7240,10008,5764,-6345,9073,5119,1040,6880,7688,-1512,9292,7849,-4066,8373,10686,7194,10586,8853,7789,11024,4193,-515,9495,2054,5078,15987,865,11593,15740,2579,5215,20593,513,3478,18680,1754,9902,22182,1281,7592,20681,785,-3065,19399,-241,-6328,16740,680,1284,15583,156,-775,12555,2945,-4548,10306,2690,-268,9650,4904,-594,10049,5526,-7863,6967,7468,-3087,8542,7697,4104,8382,10139,1965,10752,7590,2743,9202,5799,7786,11762,2692,5762,14313,923,3294,16124,1006,6941,18929,2022,9272,20721,1611,8250,21317,891,1609,20486,-749,2757,19473,1119,-2325,18807,452,-7076
7975,9136,6833,9660,8575,2783,9561,5875,3360,9149,2559,7883,13351,1944,4246,15327,794,3700,17698,1295,7473,20326,1568,11036,21254,513,5691,20682,864,-812,21600,1091,286,18958,1234,-1498,17250,466,-5939,13296,1715,-1037,12384,3107,3214,10398,4883,-6213,9649,6602,-7654,7980,5531,1081,6825,8379,144,9213,8225,-1988,7767,9115,7118,9478,5269,7464,9432,2729,830,13121,1492,5447,14671,415,10164,17125,1182,4820,21402,1548,4066,20960,1436,8637,20926,832,8003,21740,641,-4342,19034,1604,-7384,17511,1265,1288,13903,2153,-420,12467,2520,-5396,10179,5217,-795,10350,6244,-1477,8031,6499,-6940,6645,6614,-3070,7333,8264,6631,8839,9150,5135,10327,5466,1517,8152,2191,7411,12527,989,6481,15298,657,2991,17090,1634,5154,21099,1906,10348,20822,1569,9425,21644,550,-57,21214,1172,-1254,19857,1600,-499,17565,738,-4939,13779,1941,-3636,12805,2954,3277,10622,5408,-2986,10271,6447,-9416,7908,5593,-1989,5890,7282,2779,9009,7921,-723,7423,9289,3888,9320,4660,9135,8581,2677,2540,12821,936,2279,14353,944,9458,16811,1492,6891
13326,4186,-1089,10946,6966,1802,11591,7041,-7635,7708,6742,-8472,5677,5489,2724,6422,7996,5683,8015,7054,1403,7080,4610,6448,8174,1192,6582,11658,624,1058,14277,832,5257,17259,763,8744,20382,1941,7690,21748,1682,5203,22191,1075,3944,22501,2310,3274,20567,-205,-3477,17650,2072,-7700,16035,3089,1716,13994,4940,1029,10860,7042,-7312,11647,7262,-4906,6751,6223,-440,6871,6476,-3148,5848,7098,1320,6895,6139,9939,7150,4698,3964,8945,1321,722,10676,-225,6408,13982,1456,8479,18666,1131,3093,19970,1683,4286,21065,377,11842,22317,1893,7198,23711,2154,-5371,20153,1531,-3260,18002,1202,1364,15788,2896,-4867,14029,5360,-3658,11050,7349,2082,11831,7557,-5328,6805,6606,-8633,6507,5672,349,4892,7595,7394,8203,6627,3203,6937,3712,3477,6700,-228,7215,11728,297,3243,14581,2020,3018,18158,982,7706,19369,1305,9106,22332,736,6552,22093,2072,2758,23371,1578,1310,20044,2089,-1319,19464,975,-6318,15200,4133,-2172,14066,5420,2640,11730,7229,-4506,11179,7704,-8558,6479,4978,-620,6163,7601,199,7116,6768,-778,6312,4997,8890
23210,1268,4540,22435,1944,-2350,21246,2468,-111,19554,2386,-2671,16272,3994,-6862,14025,5122,1881,11766,8423,1631,12159,7634,-10374,6457,5945,-5897,5496,5607,4125,6594,7184,2505,6585,4254,2987,4009,1792,7908,8405,749,4286,11405,1523,748,14889,1418,5952,16479,1198,10126,21172,1100,3211,20619,2021,4531,23341,821,9694,21873,2537,2790,22204,1444,-6702,18922,3134,-4915,16736,4095,1221,14057,4732,-2134,11970,7989,-4484,12295,7167,-2722,5659,6511,-2626,7063,5747,-5956,5006,6628,3995,6695,4800,10472,5454,3258,2726,8299,542,2146,9378,702,5320,15337,932,5971,16908,1837,3843,21075,570,6190,19771,1984,11074,24091,504,6104,21842,3506,-4285,22418,1098,-538,18855,3056,114,16743,2498,-6244,14260,5831,-1933,11960,8629,2410,12441,8053,-7231,6863,6201,-8609,5478,4664,2428,5415,6488,5685,6371,5183,1926,5445,3096,6610,7419,587,6657,11647,1336,300,14463,1149,3127,16233,246,10432,19590,1819,5641,22374,1953,4412,22481,1756,7771,22171,1825,3825,21830,1130,-4262,19407,3034,-7139,17456,4498,-293,14424,5718,1218,11718,6821,-4738
[row took 88656us]
9208,1103,4758,14904,596,815,15231,2200,6347,19260,1170,9809,20536,1774,6271,22571,2240,4385,23066,2427,3910,21456,2603,1168,20158,1483,-5895,17189,3657,-5841,15108,4843,2231,12807,5558,39,10793,8546,-8095,10304,4855,-3962,4098,6569,650,8335,4582,-2192,4443,5892,4389,7157,3655,9924,6810,2870,2352,10286,1015,892,12770,967,6592,16097,2195,6983,19345,1490,3900,20368,1799,5883,21976,1630,11768,23099,2341,3533,22101,1999,-7122,20196,1978,-2050,17364,4174,31,15572,2978,-4750,11327,5234,-2313,11305,8120,1269,10376,4929,-5475,4354,5037,-7025,6978,4909,1633,5629,7997,8306,8338,4084,2179,6236,3607,4035,9618,1499,7685,13842,1265,1269,15310,1768,3406,18979,1061,9424,19897,1788,8547,22464,479,6568,22475,2548,2273,22323,2834,1070,20149,2348,-3679,17647,2776,-8105,15379,3674,688,12050,4443,2662,10184,6394,-6632,9643,6234,-7117,6144,4584,1897,6203,6033,-96,6509,5838,337,7111,7094,8352,8027,4153,5460,10656,1385,-171,11548,859,5622,16314,924,9069,18186,1521,4187,21399,1716,4146,21217,1756,12158,22986,2484,7235
8794,5461,-3554,5465,7721,3559,10018,7008,-1886,6828,9427,2278,10570,7142,9501,10209,6693,2445,13320,2509,1049,13759,1797,9152,17565,1401,9285,20540,1416,4848,20381,1540,6569,21650,634,8259,20587,1159,1672,20326,839,-9847,16910,893,-3002,14530,1018,3855,12273,460,-3183,8951,2629,-5092,10516,4472,-457,8458,6388,-3828,7294,7016,-4931,8198,7421,1457,8217,9811,7385,10986,7488,1997,9867,5894,2358,11804,3077,8281,15516,2444,5690,16381,1604,3793,19465,473,8765,19543,1651,11898,22238,256,2833,20169,1493,-2948,20103,1221,-1471,17627,811,-2097,14476,121,-4275,12322,942,727,10260,2729,1372,9797,4852,-7019,9392,6198,-7207,6839,6494,3139,9404,8267,290,8751,8622,-784,9246,8339,8248,10168,5946,5954,12213,3120,531,13815,1957,6969,16213,1422,10616,18669,1301,6413,20518,1341,4205,21071,963,6865,20326,1373,5410,20326,471,-7112,17503,1211,-6091,15581,1238,3149,13151,811,2,10466,1571,-5893,9203,4708,-1194,10687,6344,-2284,7455,6854,-5395,8570,7263,-1848,7566,9212,7462,10834,8351,4948,9841,6136,403,10271,2577,7615
19825,415,-9703,16746,748,-2668,14271,1208,4614,12414,1080,-2415,8773,3750,-6472,11150,4814,-1154,7683,6989,-2078,8559,7621,-4468,8105,8980,1452,8400,8775,8496,9525,6396,1793,10706,5426,2020,13002,3364,8782,14814,2302,6813,16849,78,3303,19741,1244,8222,20592,1961,11790,21646,129,2753,19823,484,-4113,19734,354,-2643,17294,1745,-631,14544,-30,-4241,11450,708,55,9835,2893,993,10591,5389,-7146,8302,6725,-7700,7716,6005,3636,8090,9314,1547,10068,8376,454,8917,8602,6780,10179,5480,5686,13291,3750,1370,14496,2167,6120,16895,639,10008,18727,1465,8100,21461,807,4969,20593,965,4108,20553,132,3130,19400,-216,-6751,17170,821,-6065,14922,299,3630,11825,1297,1036,10171,1716,-7878,9285,4954,-3619,9151,5399,309,7817,7514,-3008,8956,7962,-2930,7450,9874,7600,11295,9122,5336,11129,6653,-435,11944,3542,7243,14173,2154,9877,17117,1229,3220,19170,1689,5667,20509,1289,12521,20813,736,5798,20709,-193,-3775,18897,-97,-4823,17289,567,191,14973,-573,-2175,11368,563,-2328,10735,1048,2122,9170,4906,-4969,9806,5236,-9010
15439,2619,7915,17591,90,3284,19575,1443,7432,20582,1426,10335,20710,-122,2326,19481,-353,-7146,18514,-556,-2266,15686,332,2326,13556,-299,-4256,11375,1395,-1953,9257,4366,1231,11568,5026,-5963,7908,8036,-7155,9379,7589,2342,7878,11232,3088,11628,9470,1786,9076,7217,5299,9664,3349,6378,13560,2931,4701,15635,3035,4694,17738,181,9871,17779,1215,10017,22003,-107,2104,19879,1754,2164,21113,-761,2991,17595,67,-4787,16838,-198,-5274,13870,1203,2596,11840,1557,523,9718,3518,-7460,10923,5549,-3999,8325,7038,647,8678,8910,-3072,9009,9130,-2913,9543,9372,9117,9094,6264,5901,10514,4778,-21,12644,2783,7204,14302,1606,9896,17635,923,4231,19456,2064,5001,20251,378,10548,20407,479,6099,20972,75,-5717,18723,728,-5433,16699,663,2256,14387,-228,-758,12180,1791,-4521,9944,3806,-273,10916,4912,-2477,8394,6302,-7813,8199,7673,-911,7879,9322,4402,10015,9883,2415,10692,8215,2963,8718,3801,7041,10987,2232,5422,16185,1836,3953,16382,2522,7594,19337,165,10830,20109,684,6477,21309,1138,268,21215,915,2330,18816,209,-1860
7560,7948,1849,8568,9918,6269,10075,8536,1419,10218,6139,4128,10282,3338,7879,14435,1862,4576,15233,1227,4197,18758,1449,8216,20117,1144,11975,21453,-153,3868,20065,556,-1657,20794,1087,110,18224,1036,-3079,15738,-125,-5276,12670,446,2011,11053,2634,1372,10180,4367,-8542,9162,5766,-5461,7750,6708,1836,8316,9035,-770,9428,9513,-1420,8747,9458,8078,10286,6066,6073,10569,3434,469,13517,1876,7534,15194,733,10045,18267,1466,4450,20936,978,5655,20573,587,8679,20866,359,4792,21065,258,-6434,17728,1047,-6055,16425,606,2266,13286,1063,14,11751,2000,-5460,9373,4427,-2201,9654,5618,-733,8726,8278,-6848,7586,8158,-2128,7997,9281,7160,9501,9197,3569,10756,6127,2084,9466,3153,8071,13152,1752,6327,15611,431,3103,18125,1899,5449,20370,946,13170,20860,265,7574,20963,-295,-2717,20620,1180,-2161,19128,1662,-837,16668,-118,-4844,12516,1024,-824,11906,2198,2811,10019,5029,-5725,10035,6380,-8126,7690,6879,-283,7263,8811,2273,9532,8404,-1572,8153,9153,5270,9688,5550,8687,9973,3499,1415,13600,1762,4213,15045,593,10300
14029,1765,-5161,12516,2633,-471,10117,6602,226,10669,6485,-7346,7087,7546,-6314,6307,6429,3418,7911,8201,3903,8174,7669,925,8133,4756,7580,8902,2701,6681,13590,1180,1104,14328,1402,5762,18462,937,8701,19991,840,9346,22149,105,5219,20980,567,2574,22070,1989,1460,20445,1289,-5852,17366,1512,-5031,14155,2218,2795,12960,3469,-1284,10299,6619,-8269,9990,6148,-2414,6668,7270,278,7043,7007,-3528,7300,8074,1246,7165,7824,9224,9245,4755,3748,8704,2061,1760,12830,561,8021,14106,1577,7407,19544,764,1479,19942,714,7407,21419,348,13029,22329,569,3883,21671,1879,-6183,20379,1180,-3782,17409,2488,8,14842,2246,-3112,12026,3877,-3428,11134,6438,689,9857,6927,-4752,6709,7322,-8128,5982,6475,1988,7229,8102,7112,7776,5881,2426,7771,5651,3524,9789,1760,7081,12203,1050,3265,15312,1638,3661,19411,0,8079,18897,657,11231,22168,-841,6325,22100,2178,-643,22674,2484,1100,20175,1890,-2206,17012,684,-6606,14681,2863,-569,12598,4549,1327,10105,6744,-6636,10149,6823,-6796,6013,6993,1984,7656,7042,114,6600,7074,-1296
22348,813,10894,22926,1686,-703,21955,1775,-5179,19382,2937,37,18339,1790,-3049,14260,3704,-5023,12272,3469,1407,10082,6768,-1272,9966,5796,-9352,5909,7138,-1965,6362,6575,4905,7088,6946,755,7368,6624,2476,8254,3921,8894,9117,2332,3773,13996,-100,1549,14294,2242,8064,20004,912,8041,19940,1081,6337,22364,159,6624,21676,1511,5529,22435,2228,-515,20286,2325,-8842,16984,2054,-2873,14192,3364,3052,12605,3560,-3917,9741,6802,-6151,10262,4907,-925,4833,7352,-1632,7877,6496,-4258,6687,8387,5613,7030,5495,8734,7793,3119,470,9444,2118,4300,14194,1591,8315,15248,2430,4795,19465,55,2428,19625,1151,8970,22121,696,13223,22984,967,927,21029,2025,-6819,20515,1983,-868,17275,2923,-1154,14528,2471,-5762,11501,3854,-447,10620,6901,913,10202,5575,-8111,5277,7204,-5087,6476,5963,3697,6656,8433,5194,8807,7023,1785,8305,3261,6315,6981,1360,5613,15321,219,1515,14904,3828,5925,20602,157,9026,18094,703,9506,23505,-432,4796,21648,2232,2392,22691,2143,762,19317,2051,-5708,17671,1911,-4937,14255,3775,2443,12170,3708,-2179
8977,1870,7416,12750,1282,5300,16095,1542,2170,18468,1027,7038,19309,1572,10764,22388,586,8826,22294,1798,103,21389,1947,-2278,20201,2723,-1724,17690,1578,-5834,13924,2687,-2482,12541,3707,3313,9732,5959,-3391,10158,5313,-8492,6267,5310,-662,6522,7099,2952,7992,6492,-1516,6947,7845,5246,9187,5347,8739,10080,2932,1506,13096,1087,2648,15024,1470,9508,18150,1131,6179,20484,1187,3852,21304,891,10094,21911,1742,8695,21794,1552,-3507,20216,2336,-9937,17519,2350,-576,14479,2639,1204,12415,2362,-4447,8801,5848,-2279,10709,4847,-427,6296,5959,-5661,7212,6552,-4083,6837,6694,6166,7963,8086,6774,8955,5603,446,10064,3400,5743,12501,1651,7168,15512,1127,2368,18182,1291,4522,19852,1332,10570,21588,502,12255,21980,1148,393,21522,1957,-5023,20052,2075,-611,17797,1744,-4993,13923,1827,-3810,12461,2476,3401,9046,5531,-1902,10448,5120,-8129,6816,4386,-2681,5748,7903,2450,9750,7045,-19,6588,8558,2779,9374,5586,8581,10000,4410,4528,13556,1086,397,14065,1574,8362,18481,1334,8206,20306,1823,5024,21281,425,8444,21327,904,7726
8319,5807,-7734,7669,7165,1515,8391,9372,2510,8816,8270,539,9269,8067,4077,10550,5461,7585,12139,3330,3534,14751,1495,4431,16364,972,9156,19139,1946,8857,21466,480,6950,20644,936,2723,21154,268,2594,19930,1200,-5075,17705,822,-6943,14559,-81,2133,12000,1457,3563,10174,1248,-6604,8357,5183,-6186,10849,5637,-105,6557,8661,-1222,9927,7767,-4132,6414,9817,6667,11175,8197,7750,10402,5989,-403,11574,2693,5339,13681,1579,10463,17067,1328,4450,19750,2316,4502,20398,1052,11674,20825,845,8011,21186,-331,-3083,19529,1007,-7306,17758,1017,445,15298,-139,-300,11788,1028,-3767,10565,1696,661,9365,5567,-2262,10130,5639,-9095,6603,7490,-1241,8284,8337,3734,9445,9630,2064,9804,8405,2796,9935,5191,6678,10828,4028,4584,15962,1838,3409,15239,2370,7535,19617,1109,10275,19725,963,8654,21741,130,1655,20533,268,2057,19829,706,-1922,18119,537,-7362,14976,425,-1076,12245,1320,4475,11257,1470,-3539,8261,5328,-8165,10875,5144,-1622,6427,7689,1578,9735,7569,-4580,7476,9580,2630,10471,9212,9534,10638,6542,982,11330,3394,2414
18544,560,-3523,16414,220,-5240,13336,717,1161,11428,1921,3269,9300,2472,-6889,9542,4918,-7700,8494,6184,1347,8797,9492,883,9121,8561,-4422,7862,9472,6918,10970,8242,7399,11228,5260,-229,12626,1914,6502,14323,865,10469,18043,1844,4750,20342,2164,5773,21068,744,9513,20153,169,6558,20558,-1048,-5493,18729,736,-9117,16716,686,2012,13608,217,1987,11392,924,-4767,9118,2745,-1363,10631,5205,-1474,8337,6674,-7216,8240,8876,-2146,9119,9949,4635,9441,9629,4295,9832,7404,1735,10770,5077,6675,12537,3822,6904,15991,763,3821,16116,1592,6035,20503,917,12236,20541,1586,8146,21157,-360,-1063,19534,-401,-435,19030,575,-1961,17048,560,-4788,13601,183,-1311,11397,620,4187,9824,2637,-4188,10290,5549,-9260,9054,6393,-2049,7253,8541,3248,10248,8759,-3742,8285,10122,3860,10652,7686,9662,10239,5700,1105,13185,2742,2846,14222,1483,10472,16880,1805,7528,20022,1236,5660,20593,1089,7509,20018,178,6478,20624,-1077,-1322,18806,71,-9706,16933,422,-614,14197,1035,4257,12230,413,-3890,9299,2842,-5096,10395,4374,-35,8725,6425,-4564
15421,478,11208,18626,1611,7305,20775,1055,5190,20907,524,5433,20083,-158,4897,19877,-695,-6056,17416,630,-7602,15360,213,3072,12509,1056,1973,11054,1466,-6008,9147,4672,-3871,10280,4882,-1229,7542,7762,-4199,9379,9032,-3446,8524,10763,7010,10829,8755,6340,9447,5457,-1169,10810,4069,6565,14706,3046,9954,16029,1518,2718,17856,743,5337,19995,1064,13702,20980,1070,7259,21177,-596,-3716,18984,-18,-5484,18376,490,-1,15628,-360,-1916,12427,764,-2301,11280,1934,2623,9439,4743,-3716,10372,5112,-9308,7684,7278,-1206,8104,9290,3787,9899,9777,-894,9981,10611,4625,9952,5530,7134,9797,3665,2611,14633,2138,4551,15337,2538,9098,18566,427,9000,19301,874,6971,21808,674,2805,20438,1221,5731,20180,-569,-2108,17968,216,-9177,15730,-126,314,13073,1569,4406,11530,1077,-4892,8440,4640,-6404,11090,4697,282,7534,7991,-2799,9310,8194,-5349,7773,10058,3794,10581,9480,8812,10353,5594,1232,10019,5152,3421,14189,1631,9327,13941,2312,5695,19605,669,2897,19433,1768,11296,20637,417,10956,20637,-337,-1181,20148,565,-6684,18970,421,-1529
9034,9694,-2719,9027,9460,8526,9063,7001,5368,11073,4433,-387,12404,3242,7379,14817,2041,10378,17286,360,4429,19557,1854,4766,21201,624,11286,20537,835,6487,21209,-664,-5662,18990,325,-6782,16596,1260,1614,14744,638,-1074,12021,2111,-3260,9444,2570,361,10381,4440,-3113,8183,6081,-8643,7817,7891,-634,7738,9346,4595,10039,9613,2424,9808,9457,3003,10938,3552,7966,10022,2243,4104,16238,1224,3289,17300,2405,8303,19406,1687,10414,20059,-608,8730,21322,770,395,20821,852,177,20125,774,-3028,16051,-96,-6430,14924,55,281,11902,2658,5230,10484,2213,-6214,9549,4622,-8122,8514,5789,-266,7740,8453,450,9154,9165,-3916,8751,9878,5619,9559,8708,8363,10761,4076,291,10695,3130,4155,15778,315,11204,15322,2089,5777,21251,1426,3691,20129,1540,9911,20753,619,8197,21528,-615,-2738,19416,843,-8335,17356,731,417,14558,579,1627,12374,960,-3958,9723,3163,-2360,10796,4774,-861,8021,6657,-6758,8468,7233,-4451,7199,8924,4246,9755,9476,5135,9927,8690,1319,9812,4870,6370,10702,3129,7118,15698,723,3224,15291,1903,5354
13445,2093,-46,10169,3748,-7094,10740,4773,-1650,7593,6910,-1891,8396,6623,-5811,6625,7934,-488,8196,8755,8751,8945,9104,2891,10556,4531,1846,9703,2320,8873,14700,599,6442,15568,778,2357,19946,1682,6296,20803,687,14357,21045,485,6373,22147,595,-4715,20718,1569,-3189,18422,1673,-1081,16011,132,-4063,12445,2331,-665,10442,4061,1903,11371,5159,-5102,7726,7100,-9540,7581,5488,871,5797,8688,3415,9825,8199,211,8016,9212,5614,9644,4002,8085,9877,2468,1555,15093,598,4381,15526,302,9180,19332,1427,7658,21641,303,7710,21059,919,4763,22140,1167,3198,21203,1318,-4790,18581,1366,-7915,15407,1092,2059,13260,2872,2172,10628,3726,-6998,10664,5579,-4585,7811,6676,-424,7919,6649,-3303,6542,7758,-2517,7770,8306,7896,8297,8800,5590,10543,3332,824,8731,2097,6926,15235,-218,8578,15064,1030,2787,20598,1863,3655,21401,203,13546,20547,1574,9429,23639,1120,-4311,20242,480,-4839,17749,2455,-1123,17357,483,-2351,12510,3700,-2549,10363,3731,528,11115,6529,-1953,9086,6457,-10156,5583,6927,-1707,6228,6868,6216,8475,9344,2248
22535,1362,11165,22089,1533,889,21348,1758,-8577,19153,1923,-2847,16098,3369,1708,14316,2665,-4279,10113,5634,-3583,11598,6576,240,8320,6082,-4997,5999,6340,-6099,6347,5787,3637,6966,9349,8669,9837,5059,1184,6230,2064,3109,10339,-194,8441,14493,2741,3164,17885,1953,3078,18538,-134,9442,20077,915,10806,22865,1479,4863,22444,1823,-2059,20697,1876,-930,19441,1468,-2668,16227,2996,-5239,14352,4131,384,10711,5528,1289,11415,6496,-7534,8473,6586,-7569,5318,6020,3742,7745,6478,1964,5841,7263,65,8368,5495,8577,8074,4052,5092,11337,618,693,13171,83,6715,16276,1143,9084,19814,1275,4525,20785,1693,5545,22127,418,9752,22143,2163,4229,21588,1430,-6971,19160,2362,-7192,16101,3087,2603,14672,3455,-1392,10413,5453,-5881,11366,6417,-690,8205,6103,-3128,6495,6241,-5985,6169,6856,1261,7838,8108,9993,6657,4905,2878,8358,2367,1088,9720,1025,8988,14769,1722,4638,16878,353,2079,18388,715,6742,21020,1091,12169,22341,1609,7451,22803,1846,-3775,21003,1785,-2084,19104,2121,-396,16810,2335,-6307,13824,4235,-1645,11132,5901,2603
9576,599,4506,13824,771,7945,16229,1833,5068,19693,1092,2345,19915,1330,9401,22164,1559,12862,22495,1594,61,21581,2751,-7642,19368,2733,-751,16889,2626,-1417,14225,3039,-5210,11073,3845,341,9963,7015,390,10831,5538,-9308,4905,6075,-4098,6742,4851,4450,6646,7512,4950,9013,5442,1857,7865,3910,6326,9829,1999,5409,14459,758,691,15294,2403,5458,19134,1098,10279,20385,1291,8513,22109,1315,5062,22085,1695,2625,21213,2670,-202,20120,1959,-7270,16729,2754,-4318,14314,2855,3328,11515,3475,-1402,9106,6213,-7115,11099,5168,-3435,4959,6833,834,8368,5057,-2470,5398,7036,2693,9119,6723,9098,8747,5385,2952,10432,2102,1316,12629,1189,7995,15800,2259,7369,19273,221,2560,19655,1395,6296,21758,1160,13481,21958,2067,4394,21985,2302,-7884,19757,2222,-3845,16947,2667,405,14754,2096,-4742,11082,3640,-1674,9784,5715,2278,10755,5139,-6395,5848,6593,-7341,7293,5203,2534,6098,7407,6139,9621,6077,1613,7625,6551,4399,10873,2245,8149,12779,1650,1908,15627,1107,2975,18420,1039,8941,19675,1663,9758,22101,-84,7353,21404,2100,1390
8437,5721,-7201,6631,6317,-3913,7477,6792,5549,8911,9677,5093,10142,6070,1030,7921,3549,5684,12480,2642,6692,15505,2672,3223,16759,1609,6182,18566,-205,9529,20330,1191,9142,22055,1655,2067,21469,1654,276,19760,2549,-28,18472,851,-5198,14562,2093,-4716,13525,1784,2799,9836,3003,-956,10133,4543,-8086,9108,5236,-3396,5626,6775,2802,9904,7121,-2887,7177,8064,1789,9379,6641,8793,9747,5621,3534,12595,3004,1606,13260,1927,8620,16157,1194,8452,19503,1097,2897,20088,1664,6988,21312,1004,10578,20974,1276,1987,20947,1609,-9666,17947,1201,-3040,15288,937,2874,13429,968,-2797,10129,2702,-3773,9466,5204,669,10923,6184,-5196,6384,7140,-5887,8590,6283,1435,6293,9539,6880,11275,6853,2745,8688,6672,3537,11817,2324,8161,13270,2075,4094,16761,746,3612,18603,1551,8591,19814,1644,11639,21883,446,4139,20674,1336,-906,20644,1695,-739,18427,1293,-3571,15763,1033,-4995,13269,1412,1042,10746,3071,2008,10204,4679,-6641,9531,6356,-7728,7052,5849,2616,8192,7728,-263,8501,8045,-1504,8690,7864,8683,9751,5244,5935,11285,3248,117
20494,1813,-725,17224,652,-3348,13703,535,-4037,12712,1235,3478,9666,3816,-1478,10822,5518,-7724,9076,5945,-4486,6394,7373,2865,9845,7196,-782,7713,8915,1017,10507,7162,9555,9448,5878,3893,12596,2405,1019,14035,1365,9099,16673,1279,8934,19730,1004,4756,20102,1268,5524,20977,1166,7709,21029,1379,1965,20112,1045,-8948,17130,827,-3058,15213,1233,3217,12739,1237,-2661,9364,2329,-5640,10568,4587,-82,8843,6431,-2531,8383,6709,-4944,7626,6802,-24,7365,9139,6620,11281,7948,2745,9710,6665,2285,12004,2532,9225,13820,2071,6237,16704,1490,2078,19136,1519,7566,20008,1558,13165,21462,274,4065,20805,558,-3066,19890,1289,-2418,18025,950,-2142,15228,260,-4546,12459,846,1166,9981,2156,2297,10575,4889,-6455,9315,6681,-7989,7338,6299,2702,8550,8948,682,9205,8472,-1537,8692,8075,7957,10516,5898,7270,11939,4294,-94,14465,2418,5924,15656,1043,11080,18698,719,6852,20267,1203,4502,21206,695,5922,20461,990,5840,19951,406,-6309,17762,1481,-7140,15838,970,3205,12623,431,779,10107,724,-6577,9665,5324,-2601,11144,6481,-1067
14252,1584,8783,17119,1829,10204,20252,1519,6620,20426,1005,3503,20043,-342,5327,20069,805,1770,19646,-219,-8205,15646,93,-2762,13977,177,4067,12239,1209,-1662,9468,2837,-6926,10691,4544,-1254,8735,7165,-1396,8778,8500,-5059,8998,9449,-52,9190,9753,8639,9853,6736,2718,10780,5443,1671,12262,3862,9030,15431,2977,7625,16652,132,3625,18806,662,7871,19897,2055,10846,21766,186,3160,19375,566,-4183,19571,-402,-2507,16251,838,405,14840,-660,-4295,11856,1067,-109,10084,2407,1473,10331,4760,-6736,9472,6618,-8131,8166,7608,2536,8943,10330,1834,10272,8716,-132,8428,8073,6307,10685,5096,6646,12049,4407,1933,14957,2049,5930,16028,587,10145,18457,1812,8158,21128,1489,4419,20533,894,3837,20092,148,3918,19514,-567,-6264,16707,168,-5818,14891,-587,3059,12226,1493,1826,10698,1725,-7020,9318,5226,-3999,10287,5526,-403,7659,8468,-3442,9953,8671,-3243,7483,10910,7632,11567,8735,6469,10237,5123,-691,9978,2977,6018,15108,2649,10743,16844,2298,3850,18952,756,5179,19141,1147,11488,21514,664,6354,20544,907,-3242,19637,-940,-4353
9056,8093,-4761,8987,11640,585,11163,8978,10072,7851,6319,2128,13017,4908,368,13168,4253,9910,15483,2142,8762,17956,-666,3924,19186,1895,7295,21986,516,10660,20011,439,2111,19846,-955,-7637,18213,278,-3037,15931,697,2590,13143,-849,-2572,10716,838,-2333,9501,3555,-685,10736,5633,-5856,8043,7858,-6769,8349,7055,2263,8497,10903,4142,11120,9196,898,9838,8349,5124,11050,4663,6642,13245,3607,3378,15568,1069,6211,17137,757,9456,19689,1470,10749,21835,609,3224,19439,635,-156,20544,337,1960,18793,-10,-4157,15733,-598,-4748,12613,-1171,3460,11382,1323,633,10161,3586,-9205,10233,5224,-4894,7699,7425,1574,9506,8128,-1842,8625,10054,-2633,9670,9431,8443,10267,8746,5426,11067,4370,-659,11925,3275,8422,15682,1070,10954,17023,1439,3946,20528,1443,5193,20450,733,9741,20154,-9,5516,20619,-198,-5860,18948,404,-5326,16221,-82,2906,13191,-1086,-1104,11664,1080,-3997,9904,3309,-1186,10507,5388,-2882,8125,7744,-7907,8764,7837,-805,7823,10344,5047,10757,8974,2857,9731,8609,2706,10264,4623,7167,12168,3826,5365,15832,682,4469
13751,478,3769,12856,993,-4080,9100,4474,-6077,10979,4912,-235,7638,8217,-3472,8462,7424,-5097,7105,8572,2956,8749,9971,7578,10721,7587,1000,8929,5120,3882,12030,1712,9414,14883,1320,5491,17551,568,3017,20065,1269,10048,20655,910,12264,21480,-575,245,21020,1241,-4570,20413,850,-1075,16812,665,-1485,14161,-68,-3927,12223,1628,1694,9246,4595,-1143,11414,5228,-8663,7440,7943,-5301,7160,6800,3869,8117,9214,807,9047,9777,594,9743,7711,8158,9360,4596,4799,12217,1559,1773,14470,742,8605,17303,286,8666,20276,1086,7181,21671,1226,5666,20931,32,4674,21322,1300,1347,20453,103,-7738,16958,988,-3978,13811,783,4501,12910,1716,-1864,8926,4698,-8322,11298,5102,-1858,6783,8557,-890,8517,6711,-4661,6786,8568,671,8662,9201,8963,10201,7848,2355,9394,4159,1870,11515,1180,9658,14595,1247,7419,18411,-2,1528,19585,1976,7842,21423,511,13959,21095,170,3046,21612,1290,-6877,20355,873,-2834,17300,844,597,14168,199,-3764,12429,1914,-1471,9117,5340,515,11460,5969,-6472,7678,8010,-7842,6572,6234,2586,7177,8564,4490
[row took 87089us]
21126,177,10456,22073,1304,5978,22665,1378,-4403,20141,1845,-7224,17266,1148,779,14371,2059,323,13069,3987,-6213,9392,6840,-2696,10545,6494,-352,6692,6712,-5906,6328,6146,-2901,5655,7343,7598,8803,8105,5133,8230,5956,681,9246,1542,7896,11967,1119,6385,15957,308,2537,18754,549,5547,20114,931,11401,22039,753,10463,22969,955,-841,22051,2037,-4004,20202,1961,-168,17221,916,-4810,14015,2693,-3391,12458,4070,3093,10345,7420,-2989,10091,6771,-10681,6134,6563,-1507,5938,7585,4450,7616,7839,644,8066,5020,5256,5883,4584,7966,11567,1545,1031,11993,2199,2088,15950,-488,10196,18571,1325,7985,20619,983,6497,22425,718,6322,21931,1953,4902,22491,1304,-1677,19829,1964,-8105,17309,1238,-401,14365,3409,2399,12238,3766,-6847,9559,8179,-5338,10872,5943,-161,5000,6841,-2155,7294,5778,-3303,5895,6934,6338,7093,6599,6590,9025,4105,429,9442,3202,4985,13081,631,8830,15742,150,4788,18946,554,2768,20635,1378,9629,22118,1718,11934,22673,626,200,21864,2104,-5632,20223,2343,-569,17330,1463,-2705,13847,3087,-5541,12234,4195,1090
9276,1819,962,15101,1208,7424,16104,1615,9191,19379,103,3137,19737,1025,6362,23164,1925,11505,22708,3021,3728,21890,1062,-7460,18448,788,-4889,17030,2922,792,14660,3374,-3089,10169,3855,-4609,9995,6237,1144,9977,6258,-3782,4933,5847,-6696,6924,4717,1546,5644,8620,8057,10440,6774,1791,7662,5503,2682,9997,648,8997,13657,1247,4408,16912,1274,2511,19372,1063,7286,19662,1627,10720,22825,627,8113,21993,2503,-797,22254,1831,-2058,18531,2280,-2368,17262,1004,-6700,13581,3385,-272,11392,4277,2479,9772,6244,-5552,9938,6644,-8940,5547,5194,1584,6445,5798,2408,6850,6310,-9,8113,7380,6862,8862,5528,6495,11233,2443,-120,12894,1023,4797,15855,299,10267,18916,1445,5445,21513,1283,5314,21606,1405,9750,22101,2181,5285,22021,1252,-5868,18889,1965,-8277,17025,1784,1552,14033,2808,738,10863,3521,-6448,9524,6664,-1446,10476,6143,-1509,5553,6241,-5608,7060,4985,-807,5625,7690,7992,9849,7570,4218,8963,5680,800,10064,1792,7083,13445,1489,6814,16273,580,3478,18716,640,5076,20167,1034,11061,22355,1457,10334,22373,1801,-1224
5943,6788,349,8215,6285,-3245,7113,8095,2273,8688,7671,7551,8630,5641,1505,11408,3635,2885,13017,2534,9563,15679,809,7219,17911,407,1200,20204,1621,7796,21916,2469,13885,22153,692,2343,20496,1411,-7530,19574,894,-3229,16745,2482,-439,14218,460,-3457,10835,2123,-418,9629,5166,1241,10437,5362,-7463,6480,6595,-6966,7155,5567,3944,7270,9833,4771,10918,7991,542,7479,6517,5644,10419,2883,6358,14066,2551,2324,14897,2013,5826,18812,-367,10021,18710,1869,8357,23066,862,4984,21037,2686,2415,21388,1235,2283,19596,642,-5812,16049,705,-5887,14459,1134,2059,11779,2413,776,9033,4472,-7465,10278,5507,-5018,6928,5499,1428,7437,7220,-2066,8365,7692,-780,7664,8467,8324,9205,6471,3499,11565,4865,654,12390,2855,8101,15802,999,9593,17329,316,2886,20329,1951,4846,21409,1718,13022,21457,1083,5698,21331,565,-7033,19247,881,-5928,16485,957,1630,14304,186,-2413,11405,2352,-3346,8971,4207,942,10884,6046,-4183,8195,5971,-7929,6047,6165,946,7363,7495,5172,9158,9375,2301,10164,8398,3097,11033,5209,7522,12136,1812,4673
16951,-192,-767,14445,1244,3411,12111,937,-4334,8980,1933,-3960,10370,4523,100,8836,7506,-4948,8112,6315,-4418,7132,7884,2442,9589,10280,5636,11126,8579,1921,9588,6039,4129,11924,2951,8063,15282,1769,5396,16423,975,4171,20008,953,10126,19713,2307,11297,21917,-955,345,20226,1819,-2374,20207,685,-528,16871,-39,-2575,13808,-912,-4034,12361,412,3009,9778,3147,-944,10377,5731,-8563,9466,6478,-5091,6556,7343,2803,9703,7859,-567,8242,9562,294,10188,8608,9073,10122,7201,4271,12925,3199,844,13661,1245,9592,16548,619,9970,19406,971,5893,20475,1812,4581,21296,983,6305,20553,502,2926,19793,-437,-8042,16795,-109,-3657,14758,448,3682,12502,882,-1713,9704,2514,-7202,10302,4936,-1060,9688,6287,-1707,7608,7008,-4471,8364,6873,-378,7304,10260,5950,11871,9184,3249,10132,7562,1435,11912,3053,8876,13478,1290,8211,16648,753,2156,18980,1352,7386,20143,2012,13226,21680,297,3687,20675,59,-3420,19655,4,-3016,17594,358,-1283,14989,-665,-3745,11887,568,694,10333,2491,1860,10171,5328,-6384,9641,7080,-8501,7365,6634,2128
18594,-333,3224,19750,1802,10335,21463,2025,9818,21070,128,-774,19376,-239,-6245,18305,-411,-1042,15821,-59,-464,12616,451,-3899,11321,1267,1360,8870,5775,-1572,11831,5576,-8560,7119,6985,-4385,7676,6693,3993,9076,9805,1485,10039,9697,1445,9813,8096,7551,11596,5037,4769,13557,1492,2866,14292,737,8250,18623,905,9640,19905,2145,7895,21538,1010,2307,20214,625,3611,20351,104,824,18616,-1154,-7762,15054,-418,-3039,13389,732,4420,11838,1633,-1350,8837,5020,-8520,11653,5772,-2118,6901,7061,23,8663,7403,-4270,8723,9686,913,9624,9402,9691,9046,7147,1936,12368,5345,1413,13003,3294,9805,15919,876,8610,16693,-134,3525,20851,1223,6827,20418,3010,10182,21724,190,3299,19417,-308,-6165,18556,-1431,-3149,15449,576,1434,13866,-504,-4411,10995,1981,-1354,9511,4582,695,11517,5898,-6205,7703,6487,-7093,7728,6315,2427,8378,9999,3730,10322,8848,1059,8835,8241,4947,12318,5349,6891,13027,4149,3735,15517,469,5555,16652,248,9629,20206,1752,9814,21332,1685,3443,20461,571,1469,19930,-539,1896,18748,-1187,-5609,15543,-75,-5081
7831,10487,3699,11293,7838,1633,9959,7280,6699,12475,2961,7497,14897,333,4402,15796,580,5542,19669,1096,10481,20491,2225,9017,21857,816,-106,20274,-439,290,19267,350,-2311,17586,-528,-5027,13818,-109,-1827,11964,973,4166,9734,3940,-2891,11529,6992,-9354,9375,6087,-2502,5759,6832,2626,9792,8417,-3271,8961,9960,2812,8669,8205,9383,11457,5965,2604,12192,3842,1747,13322,9,10242,16329,-31,9040,20126,1044,4023,20814,2366,6408,21101,1574,8355,20593,-307,581,19915,-132,-9966,16944,233,-1649,14614,563,4043,12604,1032,-3500,9708,4202,-4887,11359,6094,-498,8887,6123,-3951,6953,6572,-5382,8112,8012,2423,8806,10167,6561,9952,7548,1407,9888,6228,4071,12497,3332,8527,14363,1577,5537,16212,-384,4396,19010,876,8579,20505,2546,11565,22435,1207,2093,20253,516,-2316,19908,-146,-1194,17371,-307,-3533,14568,39,-4489,12887,1630,3147,9962,3726,-69,10482,5961,-8138,9192,6657,-6722,6546,6228,3510,8817,7232,120,8152,10586,-50,11185,7419,9143,7560,6787,4522,14175,2218,-201,11964,3300,8374,18461,-844,10556,18274,898,5494
10908,2728,1355,10118,6349,-4575,8773,6707,-9183,7661,6002,-694,6607,7990,4375,10170,9797,1001,8898,10462,3446,10389,6355,7382,10926,4583,3142,15758,497,4753,14741,-524,9362,19363,682,9898,21278,1392,7068,21786,1369,806,21136,773,3173,20392,132,-2278,17534,-294,-6678,14523,-1410,228,11962,1370,3639,10726,2586,-5810,10096,6547,-7656,8742,6136,161,7588,6997,-741,7802,7531,-5013,8163,9964,5538,9247,9935,8597,11454,5744,-143,10042,4276,4463,15624,171,11661,14915,546,5124,20476,805,4018,20379,1874,10881,21443,1654,8017,21953,-433,-2635,19830,340,-7976,17565,-307,465,14931,-841,813,12242,655,-4209,10201,3475,-1069,10487,6349,-1697,8835,6888,-7362,7674,6331,-3881,6380,7458,4481,9440,9926,3556,9816,9518,1571,9861,6442,6714,10995,4127,6133,15572,267,4049,14562,276,6653,20493,600,10250,20572,1485,10462,21876,804,-40,21261,464,353,20575,1020,-897,17926,-740,-5515,14188,-640,-2282,12578,1269,4160,10187,3969,-3586,11005,6437,-8881,8130,6556,-1799,7092,6654,1720,7763,7454,-3813,8460,9998,2513,9312,9328,9714
22698,2168,-6177,20836,206,-1281,17170,452,-1137,15125,1216,-6507,13776,3783,417,8686,6095,1880,11846,5600,-7092,6619,7409,-8016,6418,6272,2959,6820,8928,3642,8811,7385,945,7192,6473,6697,9822,4392,6270,11554,1749,1505,15233,-60,5981,17089,-472,9255,19784,1785,7690,22582,531,6912,21361,1374,3735,22721,1401,1491,20859,1359,-6181,17602,548,-5866,14163,918,2785,13289,3377,-471,9449,6688,-7896,10987,7006,-3291,6717,5679,254,6135,5881,-2755,6849,7745,-688,7499,9195,9089,8724,6917,3793,10200,3365,977,11157,1309,7814,15163,342,8639,18014,-419,2716,20379,1600,5453,22104,850,13860,22003,758,6327,22438,776,-7386,20598,835,-5784,17102,1680,976,14827,1278,-3283,12113,3612,-3161,9676,6917,1140,10617,6427,-4068,6133,6298,-9100,5956,5811,1530,6378,9524,6798,10638,7814,1933,5702,6376,3373,10585,1663,7273,12084,3051,3890,16872,514,3575,17757,-1114,8518,18681,1643,10267,23723,-478,8303,21769,2768,466,22778,313,-22,19183,1394,-3542,17688,623,-7343,14440,3258,393,12167,3831,2742,9441,6593,-6428,9948,6751,-7341
16277,-742,3836,18597,411,3167,21111,736,12818,22061,1555,12175,22736,154,-3101,20764,1702,-6739,19327,1877,-1048,17156,1352,-3013,12623,2741,-3414,10975,2417,1995,9189,7084,-2218,10874,7046,-10297,5255,6317,-2340,4681,5197,6011,10183,8385,2861,7445,9029,898,8849,3589,7927,9538,3209,5120,16244,1055,1690,15253,947,8057,18642,400,8684,21347,312,8391,22257,2202,5015,22401,1643,2679,21373,1382,-1553,18671,200,-8117,15859,1563,-3202,13902,3376,4146,10718,3362,-3393,9068,6688,-6773,10429,5999,-2159,4995,6840,25,7952,5301,-3206,5358,8130,4543,9874,8141,8708,9186,5759,1286,10989,1977,3647,13586,675,9020,16060,980,6350,19905,1009,1913,20272,1445,9907,22322,1277,13036,21959,731,-412,21175,1440,-9063,18825,1404,-1847,16290,1739,-96,13566,2618,-4307,10887,3670,-1001,9000,6419,259,10608,5933,-8203,5207,6606,-4444,6806,5195,4266,6515,8822,5466,10467,7463,1179,8337,6321,5406,10747,2075,6726,14322,409,2068,15583,1209,5176,19403,654,10194,20509,1157,10352,22510,937,4534,22091,1423,-111,21040,1977,-1367,19193,830,-6209
6657,9704,7965,11466,8863,3953,8905,6796,1155,11941,1835,6995,12982,2290,7069,17739,-112,3677,18645,1570,5816,20727,1037,13028,21974,1027,8019,21679,1134,-4560,20346,337,-3614,17803,901,-1260,16048,647,-4642,12602,2611,-1483,10281,2112,3592,8905,4510,-5227,9486,6083,-10008,6790,5883,1562,6886,8145,3619,9684,8121,-1200,7957,8898,4845,10510,5390,8261,11637,4522,1585,15153,2053,4364,15346,421,10215,18306,1538,6994,21573,1041,6538,21553,1672,5739,21319,811,4573,20215,-291,-4438,18037,978,-9919,15599,623,1314,12340,1678,3924,11053,1715,-5654,8808,5035,-4692,9672,5196,-830,6528,6920,-3596,8382,7208,-3285,7382,10619,6692,10895,9658,7707,10658,5420,-87,9577,2968,3263,15114,2117,10649,16495,2412,5451,19315,295,3973,19264,942,11592,22184,1000,8591,21109,1789,-2961,20633,-235,-4997,17348,869,33,15769,-557,-1636,12609,1719,-4398,10840,1471,2040,8408,4703,-2671,10310,4793,-9524,6662,6823,-1708,7808,8485,4361,9077,9353,957,9071,8992,2591,10171,6451,7181,11633,5037,4044,14559,1431,3531,14865,742,9116,18992,1261,8949
10708,1944,-3323,8854,4031,-8,11250,6101,-4786,7470,6672,-7317,7877,6918,2054,7457,10516,4817,11513,9060,2695,9384,8332,3741,11065,3400,7030,13584,2555,5215,15853,1171,4249,18344,1180,8388,19478,1869,12224,21941,-49,3848,20211,893,-1347,20872,-140,-119,17891,-150,-3871,15665,-127,-4865,13605,1144,1923,10893,2214,2535,9556,2899,-7745,9659,5731,-7428,8266,6820,2309,7494,8187,-169,9376,9736,-3154,9060,10636,8370,10870,7071,6519,10268,3894,-931,13586,1945,7380,14865,1118,11127,17917,1223,5132,21362,2536,5117,20974,397,8510,20034,36,5844,21078,-646,-6209,17821,631,-6612,16377,-237,2819,12881,789,-76,11441,1411,-4596,8756,4105,-1572,10928,6448,-2027,8440,6560,-7029,7298,7785,-1821,7902,9418,5835,10920,10610,4858,10274,7970,1875,10154,3888,6344,12736,2054,7315,16288,980,4143,17830,1277,6511,20223,1503,11873,20676,963,6551,21212,652,-1737,20578,-130,-1698,18169,70,-1146,15983,-553,-4306,13122,651,-1462,11384,2206,3625,9456,3320,-5350,10081,5895,-9909,8161,5672,170,7713,7832,3419,9085,8805,-3504,8732,10748,5172
21124,-234,1705,20216,-740,-4899,18633,-367,-3066,16229,-267,161,13895,17,-3673,11576,1357,621,9298,3357,595,11300,4797,-7825,8337,7619,-7338,7805,7419,3273,8955,10160,2217,9438,9549,262,10117,8625,7253,10515,6004,5835,13395,2956,1632,14268,941,7412,16709,739,10682,19822,1420,8156,21322,1566,3168,20666,255,3426,20060,-255,3164,19111,-1447,-6463,15942,-20,-5304,14441,470,3221,11866,1956,751,9598,2824,-7994,10364,5254,-3760,9110,6905,203,7935,8125,-3456,9399,8693,-2200,7975,10480,7891,10800,8134,4848,10783,6033,428,12215,1748,8218,13644,824,9809,17611,922,2581,19671,2774,5761,20494,1464,11819,20627,-104,5762,20786,-385,-4943,19125,-540,-5117,16473,60,978,14576,-5,-2678,12311,2429,-1907,9672,3396,1489,10980,4792,-4274,9060,7166,-9515,7857,7622,831,7820,9359,4157,9938,8969,807,8795,8584,4587,11286,5376,8322,11176,3254,2931,15628,663,4616,15737,845,9583,19715,2115,9117,20751,1674,5443,21163,457,2214,20200,-134,4037,19665,-647,-3867,16774,-91,-7281,14676,776,532,12598,2681,3517,10235,2647,-5958
9601,1484,6910,15166,1305,4999,15869,2441,5487,20075,391,8496,18870,2089,10805,23084,30,2085,20027,2027,-347,21328,-672,807,16753,-90,-4605,15524,530,-5154,14113,2278,3028,10347,3288,-457,8832,3980,-7996,10403,6402,-5371,6397,7844,2599,9561,7513,-939,6268,9433,-403,10379,7669,9211,9700,7242,4131,12449,2410,885,11797,845,9201,16824,607,9645,19048,2035,3256,21414,2130,5819,20915,634,9699,20611,-670,4134,20660,-193,-8711,18124,1256,-5584,15703,1536,3707,13104,1031,-1671,10098,3190,-5723,10259,5428,-93,9879,5656,-3599,6459,6467,-5942,7544,7885,503,8489,10770,7085,10176,7392,2291,8764,5880,2828,12344,2525,8470,12457,2443,5076,17144,-211,4061,17915,1908,6952,21191,1913,11947,21271,777,6296,21034,91,-2383,20380,-311,-1746,17909,1398,-3060,16503,1432,-5134,13336,1611,1415,10348,3156,2571,10817,4226,-7680,7757,5687,-7884,8112,6467,2427,7194,9338,702,9707,8559,-502,7524,8327,6940,10762,5638,6732,11292,3557,612,13697,768,5557,15308,486,11650,18706,1972,5864,21521,2126,4001,20832,676,8213,20758,697,5371
7115,6789,-4089,6297,7175,4535,8867,9135,2200,8652,9003,1717,9345,5221,7912,9394,3019,4892,14004,806,2068,14477,1142,8354,18129,1478,8415,21023,1761,7046,21789,767,4080,20852,137,4526,21350,576,711,19221,949,-7149,16927,1569,-3701,13898,2550,3574,12265,2614,-2844,9681,5687,-7389,10271,5220,-2026,6772,7614,-449,7404,7223,-3998,7054,8905,2793,8394,8851,8976,10324,5247,1836,8867,2514,2936,13035,-39,9761,14514,1566,7060,19448,1124,1249,20531,2149,7744,21193,913,12607,21882,-552,2886,20889,1296,-7067,19876,1229,-1875,16846,2597,-46,14426,1811,-4735,11719,3461,-1272,10177,5713,676,10148,5421,-7026,6872,6873,-6851,6216,6726,3608,7780,9214,5181,8851,8235,803,8570,5196,6246,9252,1664,7516,13477,547,2011,14904,1447,5231,18472,1635,8653,20790,2122,9112,22047,491,5367,21270,-230,1762,21565,1018,1317,19561,1250,-4608,17410,2063,-6307,13969,2703,2348,12369,3792,405,10043,4946,-8543,9412,5746,-4466,6734,6566,1336,6933,7821,-1752,7524,8642,154,7754,8303,8568,9347,4988,4640,9367,1470,1364,12722,294,7792
17481,583,-5688,13626,4117,-4222,12368,3778,2086,8941,5688,-3584,9603,5133,-9407,5740,7243,366,6628,7811,5213,7480,7526,-957,7178,7501,2675,8336,4103,9210,10773,2312,3387,13531,-139,3112,15032,716,9280,19472,2338,6217,22163,1722,5592,21709,320,8119,21715,-98,5887,21692,329,-2743,19336,2616,-9445,17183,2481,-1540,14233,4943,2852,11772,3231,-5520,9109,5584,-4932,9299,4807,-776,5409,7605,-2892,7625,7344,-2509,5799,8987,6869,8840,7339,5832,9251,2326,1598,9332,1705,5355,14186,682,7813,15906,2250,4774,19135,1541,2760,21576,360,10919,21698,922,12005,22617,-320,-1740,21343,2118,-6801,18924,3100,72,17570,2440,-2540,13357,3438,-4160,11787,3245,-124,9050,6470,-1433,9838,5184,-8973,4550,6147,-1661,6534,7023,5386,8243,9120,2902,8638,7349,858,8235,3538,7666,9814,1423,5111,14317,-122,2148,15276,1904,8635,20408,2160,8005,21286,891,6859,21575,297,5977,21993,470,2746,21796,2058,-1082,19142,1841,-6825,16257,2302,-4045,13886,3630,3468,11487,3521,-3691,9014,6058,-8384,9474,4249,-1007,4454,7488,1228,8285,6232,-3194
19044,878,11640,23138,-722,6320,21424,2185,-2456,22412,1402,-503,17774,2715,-2128,16913,1499,-6346,13720,4372,-345,10692,4549,1344,10516,5815,-6259,8931,5933,-7603,5132,5670,2415,7227,6807,2076,6794,7973,43,8929,6613,7667,8235,4796,6393,11422,-99,1780,12798,1852,4907,17671,818,9476,19104,2402,4275,21473,753,6155,21484,602,9284,21809,1200,4306,21728,1146,-6657,18215,2710,-7326,17177,2919,1731,13893,4287,-404,10212,2711,-5787,9869,6046,-2292,10003,6316,-1867,5290,7064,-5438,6024,4786,305,7672,8435,9827,8755,7280,2584,8869,2909,795,8978,857,8725,15235,1973,6025,17477,1894,2693,18445,1857,5280,20584,242,11659,21933,1382,8891,22989,1449,-2984,20869,1452,-2971,18389,2223,-222,17069,1879,-5893,13569,4136,-3026,10793,4120,2982,10543,5947,-3212,9321,5446,-10177,5000,5860,1010,6975,6985,4206,7634,7948,192,8594,7238,4912,8362,3704,8271,10508,593,2825,13903,1045,2793,16665,1540,9582,19070,2963,6317,21734,551,5481,21144,789,7201,21862,1050,5452,21572,1427,-3735,18750,2541,-8628,16648,2390,-408,13953,4192,2162
8229,6055,6277,11059,2356,7529,13815,1112,2003,15370,1742,6087,19517,1923,8355,20205,2533,8032,22216,-473,6440,20881,887,2621,21105,1278,394,19060,1421,-6542,16262,1985,-6278,14015,2433,3211,11661,2424,1419,8230,3770,-8502,9656,4903,-4598,6768,6043,1652,7706,7174,-1874,7280,8438,128,9572,9114,9177,9680,6427,3897,11882,2890,-181,12268,1215,8602,16281,2081,9536,19038,1964,2600,21043,2248,6278,21097,407,11831,21049,392,3909,20915,118,-7521,18461,1200,-5012,16421,2069,1941,14072,2231,-3047,11110,2014,-3287,7966,2355,348,10074,3561,-4514,6536,6797,-6793,8418,6877,2277,7163,10260,4738,10729,7964,958,8934,7033,3632,11350,3263,7588,13224,3024,5377,16286,1373,4552,17867,1870,7241,20338,2341,10065,22060,786,6609,20599,648,299,20665,-380,840,18363,930,-4227,16553,1102,-7089,13430,846,1620,10963,1876,3948,9299,2590,-7128,9494,4408,-7359,7204,5305,1316,7940,8416,-73,8833,10190,-2990,10103,10662,8588,9692,6565,7270,10538,2873,-1712,13396,2558,6299,15653,2411,11748,18597,1881,6176,19745,1656,4098,21437,932,7159
10026,4545,-8729,9012,5831,-5245,6797,7917,3779,9995,8956,-1493,8508,10604,1079,10807,8164,9579,10063,5787,3633,12301,1188,2066,13562,1319,9491,17311,1813,9326,19707,2499,5124,20570,1209,4280,20629,242,7408,20602,-43,2954,19559,243,-9018,16885,701,-3428,14745,1349,4237,12743,997,-1834,9723,2451,-6219,9653,4619,-734,10168,6274,-3478,7426,7265,-4664,8562,7768,22,7675,10708,7619,12044,8143,3137,9789,6254,1238,10904,1688,9579,14062,2304,7111,17358,1767,2364,19141,2380,7644,19755,1226,12681,21170,-234,3720,20549,-95,-3453,19838,453,-2998,17395,590,-1259,15274,-24,-3884,12089,2242,-367,10614,2038,2648,9975,3664,-7186,8519,5625,-7661,8402,6485,2823,7637,9838,1163,10314,9686,-1920,9310,10212,7248,10657,5494,6836,10740,3088,970,14727,1206,7036,15472,1187,10001,19039,2514,6556,21374,2389,4780,20760,-929,6067,19833,283,5133,20836,-833,-6373,16545,1647,-6631,15844,-710,2674,11974,1987,1439,11433,1284,-5822,8191,4543,-3315,10724,5256,-854,7432,7481,-4807,8766,8223,-3254,7557,10584,7054,11853,9826,6244,10396,6800,327
19554,-1401,611,17805,-1336,-7496,15147,92,-2933,13354,1058,4261,11678,1066,-1336,8657,2980,-8469,11202,4425,-2363,7429,7845,523,9822,8335,-4437,8305,10425,-471,9969,11232,9808,11659,8407,3084,10911,4868,752,12692,1016,10254,15019,2591,8754,18847,1590,3563,19502,2332,6648,20306,624,10079,20391,-625,2986,19610,-1135,-5907,17740,-958,-3225,15488,160,1885,13591,115,-3725,11352,1664,-1591,9280,3262,781,11321,4410,-6308,8206,7718,-7530,8773,8583,2577,9214,11100,3392,10164,9552,762,10100,7923,5778,11049,5069,6853,13300,3279,3379,15000,1273,5957,17038,1214,10298,19441,2094,8989,21378,454,2693,19657,-145,2062,19796,-1163,2985,18178,-1349,-4960,15733,150,-5835,14225,508,2546,11670,2174,1959,9856,2449,-7827,10002,5111,-4842,9225,6460,909,8483,9525,-2448,10247,9559,-3226,8288,10497,7774,10448,7647,5964,11228,5314,489,12308,2507,7468,14423,809,10886,17105,2095,3998,20462,2496,4234,20053,962,9909,19958,-560,6933,20657,-915,-5083,18265,-277,-5628,16100,151,1784,14442,-62,-1862,11954,2217,-3378,9930,2289,632,10556,4913,-2938
13957,2139,11009,15725,1256,9070,19995,2007,3937,20472,2323,6187,21043,-34,8211,20030,-1408,1257,19154,-1027,-8238,16745,-345,-1958,14476,-124,3781,12522,263,-3279,10449,2700,-5437,9746,4154,-1104,9207,4602,-3617,7789,7604,-5820,9232,8896,2293,7960,12676,6049,12192,9454,2268,10487,7263,2845,10222,2812,7423,15531,2333,6937,16395,2577,4790,19713,1194,8027,18849,1624,11243,22727,-571,2157,19201,77,-1656,20217,-1747,53,15902,-989,-2463,14843,-1029,-5025,12548,1145,1760,10724,2810,835,8556,2813,-8545,10038,5457,-5893,7423,8268,2181,9734,10316,-133,8730,11041,-1559,10439,9230,8789,9924,7647,5295,13290,3870,388,12914,2334,8980,17254,822,10652,18262,2222,5090,21527,1420,4601,20718,388,7044,19840,-2080,4561,19009,-1685,-7559,17560,-202,-6095,14608,325,4518,11923,-208,168,10168,1722,-6732,10228,4824,-3144,9255,5217,-1305,7622,6802,-5678,8376,9868,-1589,9603,12959,7663,12328,8973,4150,8277,6162,339,12824,3431,7733,13442,4859,8473,18551,902,3613,17181,1230,7157,20319,795,12600,21476,500,4746,20480,-996,-3276,18666,-1850,-3005
[row took 89726us]
8755,9175,-5300,8463,10634,3365,9381,10395,9344,11781,6120,695,9130,4576,3862,14560,375,11418,14186,1363,6219,20090,1286,3023,20287,1237,9200,20481,614,10423,21247,-1509,-842,20025,459,-7705,18016,-120,68,15512,-258,446,12365,532,-4319,11535,2056,138,9339,4971,-1710,10145,5598,-7148,8120,8584,-5318,7730,8955,3014,9102,10990,3534,9720,9511,1795,9652,6118,6711,9840,3637,6638,14644,617,3405,14749,854,6481,18953,1311,9566,20510,1794,10163,21970,47,1796,20027,-402,1108,20824,562,-216,18656,-289,-5338,15005,-184,-3657,12729,770,3888,11640,2897,-1261,9854,5229,-9595,9222,5762,-2801,7753,8259,1332,8720,9086,-3521,8284,10099,882,8613,9282,9829,10604,5476,3063,9774,3252,1571,14149,408,10285,14500,1370,8406,19891,1040,2880,20635,2152,6774,21500,221,10774,20956,-856,2546,20824,31,-8273,18261,695,-3315,15776,993,2109,13418,776,-3163,10852,3125,-3331,10084,4932,-222,8948,6486,-4885,8482,8181,-7180,7081,8281,1950,8014,10120,6442,9347,8437,1775,9644,5496,4572,9942,2569,8055,14335,1155,4088,15111,852,4323
13409,3782,2537,10121,3398,-7678,10503,5654,-4340,8034,6933,-298,7509,7526,-3189,6013,7887,-1749,7829,8032,8002,8323,8372,5624,10391,4131,232,9817,1466,6778,13747,530,9281,17552,1151,3391,20090,1833,3321,21400,-382,14001,20961,893,8861,23424,582,-5007,20462,1308,-5424,18157,750,-129,15438,1315,-3435,13525,3716,-3707,9619,4554,1208,10751,5412,-2295,7944,7214,-9791,6865,7631,-452,6246,8923,6111,8334,7680,1229,7358,7103,2521,10001,3346,9851,11054,2721,4117,15111,-731,2278,15898,401,7978,20513,1951,8346,22037,637,9700,21811,-6,3644,21819,445,773,20978,1291,-2659,18299,1269,-8776,15133,2621,-1725,13272,3967,4501,9903,4607,-4830,10367,6037,-8083,7638,6536,-1081,6058,8518,478,7906,8074,-2217,6699,7864,6739,7758,5036,8498,9997,3424,500,11546,1500,3736,14442,107,9695,17556,1431,5407,20794,1679,2980,21442,182,12584,21399,274,9248,22687,183,-4525,20583,2120,-8471,18250,2122,-33,15169,2435,310,12963,3451,-5464,9579,5489,-1404,10596,6253,-704,7588,6495,-7446,5615,6224,-2103,6039,7557,5897,8615,9217,5256
22832,538,5237,21150,1259,187,20496,1054,-8356,17337,3238,-5850,15127,3344,3624,11836,3559,-1643,9476,6001,-7199,10477,5025,-1996,4863,7187,-1029,7931,6341,-4181,5613,8947,3740,8718,6685,9423,7377,4384,2561,10256,2090,1416,12950,1158,8248,15678,943,6886,18325,660,2210,20176,1249,7857,22902,1330,14349,21758,902,2586,22497,886,-7914,19229,2299,-2808,18348,2202,-101,14218,2550,-4609,11647,3999,-2037,9460,6718,2006,11136,5694,-7004,5400,6637,-7394,6337,5283,4068,6095,9018,5781,8789,6514,1441,7201,5869,6132,11106,2134,7561,13553,1397,687,14870,-34,4630,18845,490,8852,20633,2587,9047,22681,710,8133,21851,526,1706,21402,1168,-42,20037,1547,-6029,17244,2918,-7464,14811,3627,2198,11456,3973,1811,9560,5343,-7819,10113,6480,-6225,5546,7474,913,6675,6166,-659,7939,7237,2207,6605,7172,8266,8855,4063,3972,8985,1821,1142,14297,301,6600,15218,1957,8552,19410,406,3093,19781,1535,6116,22715,770,12777,22442,1992,4624,21671,948,-7513,19032,1155,-5479,17058,3403,681,15499,3252,-2832,10926,4837,-3954,9920,5614,1534
13185,42,1346,14862,708,9427,18778,1981,7338,21483,1120,5505,21068,919,8538,22426,1384,5765,21526,1630,-2872,19696,1617,-9822,16989,2598,-2076,14248,2955,3772,12055,3203,-3894,8479,5762,-5319,10285,4084,368,5943,6160,-3841,7877,7601,-5718,5938,7270,7251,8861,7973,7811,9449,5483,489,9831,2574,5063,12982,-72,7721,15392,1054,4565,19710,2044,2624,20231,2029,9765,21382,637,13952,22482,884,411,21301,1738,-6603,19450,1985,-1255,17019,1968,-3523,14181,2497,-4170,11725,2734,3169,8529,5846,-590,11186,5033,-10000,6065,6495,-4632,6214,6084,5999,7530,8148,2130,8692,7975,1461,9220,5266,8423,10369,3421,4329,13594,320,798,14978,1311,8212,18716,1728,9158,21077,2073,6163,21626,1030,6413,21688,873,5016,20959,1557,-68,19618,785,-8974,16337,2297,-4672,14766,3060,3322,12118,2707,-1120,7704,4233,-6787,10792,4070,-2244,5829,7246,-151,8596,6342,-3827,6435,7682,1897,8410,7860,8107,9737,5828,2725,10761,3814,2094,12549,1517,9216,15480,1701,7116,18592,926,1296,20424,1780,7459,21518,1637,14369,21762,769,3389,21337,1073,-7385
6362,8029,783,8922,7874,-3567,7922,9806,7235,10480,7221,7944,10593,4481,-537,12408,2107,4910,15106,942,11254,17477,1412,5183,20791,1615,4182,20629,1158,10622,21195,1250,7424,21446,-261,-4292,18834,951,-9177,17003,987,700,14289,1229,1219,11920,1852,-4194,9035,3520,-1143,10517,5118,-1251,8539,5552,-7868,6248,7178,-2053,8099,8409,4720,9300,10272,4667,10593,7362,2197,9935,4577,5896,12059,2052,7008,15612,864,3539,16860,1595,5895,20247,1543,10931,20486,1691,9855,21954,413,65,20229,547,-649,19713,1078,-2557,17200,390,-5423,14024,1078,-2430,12162,1657,4951,9416,2625,-2311,9597,4962,-9748,9355,5392,-3134,5924,8022,3065,10056,7441,-2552,7203,10550,3301,11202,7621,10116,9968,5892,1339,12712,1256,1739,13864,1344,10613,17138,1497,8305,20411,1331,4704,19996,1597,6901,21612,1002,7590,20867,223,-96,19606,655,-10175,16902,320,-1467,14910,1842,3371,12189,1681,-3864,9256,1927,-3446,10145,3725,-172,8560,7139,-5174,8045,7416,-5019,7641,8569,2514,9032,10105,6579,10936,7640,2296,9399,5036,3916,11714,2384,7996,15273,1613,5004
15988,1148,2352,12447,1590,2359,10615,1321,-6629,9089,5711,-3561,10937,5955,-705,7176,7574,-4236,8876,7153,-3020,6964,9253,6562,10642,8649,6203,10416,5867,570,10601,3338,6064,13686,1243,9105,16086,1053,3416,18704,1949,3871,20424,1711,12882,20644,994,9306,21231,-411,-3076,19835,340,-5613,18336,1365,-1118,16067,227,-3035,12627,1495,-2320,11448,1830,3271,9016,4944,-2962,10104,5153,-9582,7778,7097,-1565,7387,8318,3811,9242,9186,-542,9462,9706,4538,10124,6261,8358,10633,3489,2897,14078,748,2796,14920,1328,9443,18619,1652,9142,20764,1418,6279,20990,1165,4186,21193,459,5588,20237,197,-2433,18231,18,-9564,15709,867,-399,13354,2017,4022,11828,1667,-3689,8233,5057,-6416,10939,4572,-1060,7074,8078,-2154,9215,8179,-4339,8113,9554,4758,8880,8631,8340,10364,5202,673,10118,4648,3370,14778,1984,10012,14834,1390,5922,18390,251,2714,19777,1984,10226,21476,1683,11165,21250,-319,-149,19578,-19,-6823,18694,218,-1766,16171,1097,-832,13633,1140,-4128,11170,2023,1819,8727,4705,-667,10965,4422,-8185,7282,7751,-5172,8372,7537,4013
19587,1280,5233,20966,863,10383,20970,1308,6318,21269,-525,-5773,17733,144,-6767,16808,541,1967,13924,914,-1106,11664,1966,-4028,9100,3034,288,10702,4891,-2894,8215,6419,-8691,7760,7664,-456,7874,10097,5353,10669,9885,2980,10261,7367,2990,8611,3561,7677,13567,2983,4176,15283,1682,3835,17439,987,8137,19213,2156,10789,21143,776,7325,21519,835,-282,19972,-31,337,19377,37,-2712,16128,-125,-6495,14207,137,274,11276,2204,4689,10066,2971,-6706,9970,5212,-8232,8764,5599,422,7002,8742,716,9598,8986,-3344,8374,10590,6449,10715,8603,8142,10864,4318,-168,10367,1593,3694,16154,448,12170,16435,2663,6727,21600,664,3002,19330,1798,9159,21799,635,7964,20497,202,-3412,19429,-388,-8290,15984,390,422,14589,587,1335,12512,2251,-4303,9222,3175,-2810,9802,4171,-63,9008,6580,-6977,7781,8860,-3669,8745,8374,4887,7988,10332,4141,11353,6980,1534,9354,6086,6407,12814,2077,7494,14569,1227,4043,16902,1187,5221,19894,2113,9756,20827,1685,10721,21324,19,537,20541,-1175,-1247,19093,990,-2727,17831,117,-5122,13509,1019,-2399
9569,9219,3846,10811,4631,1230,10223,2730,8363,14990,960,7677,15826,577,2573,19676,2241,7223,21109,1537,13216,21316,-77,4421,20635,387,-4836,20792,-403,-2889,16693,963,-26,15523,-543,-4812,12056,2011,-68,10545,3130,2080,10545,4989,-6910,8137,6742,-8256,7991,6555,1641,6966,10131,2748,10418,9399,-57,8613,9515,6218,10172,4605,7306,10841,2469,1788,14852,539,5834,15709,-57,9642,19493,2420,7708,22036,1386,6060,20991,705,3988,20770,342,3906,20850,-740,-5238,16845,789,-7249,15234,-41,1944,12374,2879,2359,10889,3355,-6805,10103,5060,-4600,7831,6330,-146,8688,7028,-3561,7013,9195,-3256,8854,9101,7805,8995,9630,6349,11074,3994,149,9585,2604,7206,15434,75,9796,15579,885,2819,20247,2079,4655,20901,1623,13068,21161,521,7859,21599,-457,-4461,20210,420,-6458,17573,1187,348,15572,205,-1929,12069,2607,-2603,10687,3433,1432,10474,5458,-3256,8417,6485,-9770,7518,6157,-1167,5971,9166,4928,10312,9204,1858,8882,9408,3580,9688,4340,8049,10343,2662,3638,15676,-37,3478,14941,503,8519,19868,1837,9220,21706,1477,8526
11298,5315,-227,7440,7698,-5279,7013,6033,-5210,5939,7619,4193,7856,9614,7546,10267,7005,1268,7893,3832,5179,11199,388,8008,14721,510,3677,17052,387,3800,20478,1762,8488,21176,1683,13392,22659,-56,3284,21760,1526,-4355,20997,662,-680,17679,959,-4195,14862,1503,-5720,13208,3688,3264,9788,6265,-148,11718,5783,-8690,6404,6417,-6323,5728,6066,3842,7192,8687,1889,8270,7495,1968,7822,7290,7445,10056,3606,4618,11853,1285,774,13276,159,7900,19070,204,9553,19333,1952,5680,22278,388,7210,21719,1557,5827,22630,1211,1357,20731,923,-7434,17154,201,-4710,14781,2315,1905,13340,3785,-2145,8907,6295,-6531,11673,5656,-1465,6133,6407,-925,7122,5716,-4609,5480,8588,1647,9379,8951,9408,7434,6134,1321,9416,2445,2671,11904,1015,9776,15035,1570,5801,18693,-984,2204,19081,2329,6825,22644,1010,14329,22154,984,5489,22020,278,-6970,20594,1442,-4036,17357,1681,-387,15039,1968,-5890,12146,4000,-156,10041,6556,2686,10748,5747,-7176,6122,6333,-8563,6388,5489,3365,6373,9915,4304,9673,7473,1600,6682,6018,6671,10447,2571,6599
19228,2092,-9353,17290,1798,119,14499,3069,120,12035,4276,-4657,9251,5787,-767,10100,5183,-2346,5939,6419,-7040,6642,6546,-1252,6547,9043,8433,8894,7006,4635,7442,4829,515,10191,1301,8449,13316,2037,6061,16311,495,1696,18128,1020,5552,20901,1798,10860,22002,1064,11411,22854,938,-644,21012,651,-3549,19564,1553,-1371,17396,1602,-6647,13973,3360,-2819,11699,4455,3681,9945,6129,-2397,9637,5757,-10467,5952,5623,-1062,5891,6907,4108,7579,8026,-134,8153,8929,5088,9352,4070,9078,8329,1691,1369,14611,21,2143,15175,1732,10068,19554,1525,6310,20138,612,6413,22439,760,8819,21762,1762,5587,22901,399,-3682,18251,1930,-9857,17701,1611,-838,14011,4411,3002,12001,3530,-5473,8409,6616,-3880,10996,5200,-920,5291,6490,-4059,6824,5560,-3128,5235,8080,7112,9392,7765,7558,8757,5671,649,10850,2122,5435,13112,818,7309,15769,-349,3644,19147,1139,3233,21087,1907,11772,21977,1706,12884,22554,-19,-1477,21027,1591,-7024,19629,2059,-1103,17267,2057,-3198,13582,3871,-4282,11457,3127,2206,8782,6159,-1017,10772,5578,-10326,5254,7145,-3483
19349,1096,1846,20553,1692,7049,21793,1184,13662,21675,1412,3987,21619,1109,-8799,18757,1495,-6430,16249,2150,1259,14022,2193,-2328,10955,3880,-2674,8819,4616,1442,10249,5019,-5317,6141,6283,-7605,7456,5517,1753,5898,8676,6750,10705,7606,2280,8189,7130,3812,11654,2133,7884,13127,1462,3214,16157,525,3084,18736,1837,7882,20546,2138,11888,22362,655,8086,21387,1499,-1745,21234,592,-1277,18835,1357,-4534,16446,1585,-6866,13553,1797,2160,11174,3671,3312,9232,4786,-7066,9253,4551,-6086,6312,5639,520,7911,7632,-117,7467,7969,-1028,8432,8941,7492,9990,6831,7534,11464,3308,152,12912,423,5594,15298,826,10399,18989,1895,3708,21357,2220,5383,21233,593,11556,21239,1338,6192,21510,323,-6745,18440,927,-8972,16217,1563,1139,14252,2273,596,10862,2898,-3609,8701,4443,-1174,10393,6044,-2733,7154,5317,-6868,6704,6214,-561,6799,8905,6949,10856,9827,4279,9486,6979,1635,10930,2382,6621,12276,1435,6605,16962,206,3875,17942,1717,5698,20729,1892,11425,21481,1430,9476,21757,1138,-2171,20737,142,-2646,18423,905,-2214,16471,426,-5223
8344,11467,9663,11672,7494,2887,10159,6022,1491,12863,540,9376,14410,1562,6561,18284,255,2661,20020,1887,9326,20099,1611,12045,21971,58,2015,20332,783,-5533,19506,-311,-3711,15770,572,-416,14410,314,-4061,11515,2331,947,9131,4925,1390,11801,5805,-7858,7841,6628,-7347,6828,5697,3210,7929,8946,1888,9991,9924,1020,9966,8392,7849,10178,4535,5321,13048,1804,1576,14814,786,6900,17291,500,9693,19610,1551,8061,20992,1579,4963,21094,1287,3539,20652,949,2259,19471,-679,-7959,15855,562,-5650,14684,549,3910,11787,2885,551,9599,3819,-7072,10756,6410,-3041,8989,6357,-771,7025,5766,-3355,8015,7498,-1561,8567,10484,8887,11198,8666,5283,10499,5049,1,11391,845,8212,14718,1238,9052,17480,723,2722,19837,1844,5828,19789,2135,12355,21787,1163,5759,20676,424,-4857,19511,-36,-6055,16470,1062,409,15186,-56,-2679,11522,2806,-2211,10005,3324,2884,10871,6428,-4163,9491,5789,-10348,6354,5602,838,7367,7605,4388,9936,9580,878,9995,9529,5634,10287,4785,7257,11606,2498,3126,15156,615,3600,16412,1208,9451,19134,1686,9182
10014,2966,-858,10656,5914,1394,10242,5609,-7942,6438,6404,-5700,8032,6938,3808,8305,10159,4311,10030,8370,1760,10143,6532,6684,11372,4068,6295,14834,1223,3142,14811,408,6178,18961,119,9378,19732,2809,9921,22622,1135,2827,20023,953,1088,20321,4,200,17961,200,-6651,15438,1086,-4724,12986,1030,3781,10660,2203,710,9615,5532,-7987,10795,6548,-5501,6854,6081,1973,8646,6577,-2055,7573,8542,-456,9915,9252,10040,10400,7042,4607,11762,3682,-731,12690,1277,8370,15965,1018,9518,18623,782,3823,20135,2724,6731,21366,1448,9931,20408,1056,3723,20588,-564,-8287,17805,-126,-5460,15642,825,2838,13413,744,-2029,11125,2471,-3934,9120,4587,682,11202,5855,-4135,7350,6433,-6588,8256,5937,741,6536,9732,4605,11613,9236,2997,9924,8559,3735,10964,3318,7252,12707,1896,5453,16144,897,3805,18113,1066,7702,19739,2311,11658,21324,621,5303,20684,1059,-88,20600,-206,91,17916,-14,-4592,15887,135,-5822,13740,1066,1013,11384,2629,3819,9273,3903,-6387,10477,6277,-7502,8274,5893,499,7565,8500,374,9840,8362,-2382,7838,9815,7418
22682,776,1767,19707,18,-2691,19412,5,-2379,17174,-361,-3061,14287,951,-4754,12648,1953,3279,9653,3590,844,10766,5327,-8491,9051,5995,-5861,6517,6467,3254,8770,8881,-995,9815,10858,1097,10078,7786,9583,8142,4845,3800,13861,1994,1579,14164,2555,8302,17044,-148,9612,17843,989,5592,21789,1955,4263,21015,2615,7714,20990,-207,4042,18772,-733,-9028,17488,-195,-5104,14548,1738,3394,12838,1313,-1003,9544,3142,-5613,10918,5281,-518,9371,6159,-2885,7178,6706,-6174,8268,7674,-144,8486,11090,8356,11127,7066,4159,8363,5867,2085,13256,2313,7135,13236,2278,6548,17165,-155,3169,18448,2251,7390,20155,2422,12809,22497,465,4311,19436,1024,-3712,20568,-785,-2394,16862,473,-1689,15349,-678,-4184,12259,1861,402,10836,3445,2265,10246,5106,-6942,9364,5701,-7885,7070,6140,1620,8272,8230,2285,8936,10125,-754,10818,10148,7444,9356,5384,6154,11014,2071,453,14522,1589,6859,16082,1473,10596,18855,314,7260,20089,1762,4494,22031,1834,4988,20553,1783,5617,20344,-1443,-5658,16670,-224,-7518,15358,-133,2239,13249,2602,1424,10934,2440,-6497
10205,3997,4831,14175,1475,2825,14592,598,7985,17834,862,9095,20662,1702,8255,21585,1679,2716,19908,52,3444,20695,337,981,18709,-549,-7226,15642,-129,-3804,12745,737,4061,11985,1983,-1056,9449,5340,-8676,10984,4990,-1549,7148,7628,-280,9005,6629,-4545,7370,10211,483,9864,9921,10008,10947,7441,2774,9659,3979,1315,13231,1152,10033,14688,1268,7892,18677,495,2228,19919,2185,8112,20762,1352,10964,21171,-319,2597,20467,524,-7626,18708,-702,-2777,15962,507,1075,13604,427,-3646,11691,2623,-636,9236,5298,-237,11472,5279,-5738,7615,7315,-7206,7309,6456,1890,7875,10463,4344,10419,9675,1077,9616,7663,5931,10143,3443,7178,12880,1818,3028,15360,-12,5816,17413,562,8456,20231,2290,10484,21958,1107,4212,20200,279,1106,21072,649,1172,19357,-304,-4813,15776,179,-5838,13392,785,2472,11918,3092,1929,9777,5146,-8204,10636,5449,-4675,7470,6370,853,7816,7318,-2730,8282,9681,-1978,9001,9968,9265,10341,7209,5979,10064,3236,91,12130,1318,7763,15220,446,10102,17539,555,2986,20636,2576,5981,21507,963,10729,20392,544,5468
7505,5869,-2943,5878,6778,3480,8792,8183,-530,7758,9865,3369,9492,6015,9619,8974,3676,2593,13544,958,2073,14328,-179,9729,17358,633,6935,20947,1199,5935,21580,1854,7329,20997,582,6406,21856,639,-1468,19693,415,-9259,17177,588,-1687,13719,2655,2840,13121,2874,-4067,9462,6783,-4802,10696,6035,-505,7331,7120,-4070,6848,5973,-4609,6662,7930,4595,8152,9821,7765,10816,5709,1656,7761,3557,4661,13585,-169,8708,14142,596,4958,18666,462,1868,20273,1478,9962,21147,1643,12938,22120,-167,1032,21717,2117,-5625,19989,186,-588,16445,1235,-3983,14640,1946,-4997,12479,4082,2907,10159,6975,-36,10882,5655,-9126,5821,6401,-5360,6758,6147,4287,7487,9114,2023,8801,9332,2310,9011,4660,8250,7507,1870,4493,14180,-240,1644,14151,2285,7265,20060,64,8561,18614,977,7803,22811,414,5781,21145,2740,3845,23357,1518,430,18690,535,-7324,16913,-134,-4050,13905,3151,2465,13353,3900,-2309,8956,7287,-6570,11769,5801,-2970,5389,6953,36,7868,5995,-3290,6575,8011,2070,7458,7644,8334,8756,5409,2989,10437,3187,3077,12495,-203,8648
17528,2020,-7250,14599,3522,-1200,11618,4321,3231,10425,7293,-4434,9840,6507,-9009,6205,5418,898,6800,6475,2056,6599,6987,-1528,7507,7302,7351,8575,4915,7955,10653,2036,935,12781,78,4138,14611,753,9238,19076,947,4783,20822,2068,4525,21843,776,10962,21793,1886,7404,22412,969,-5342,19622,2319,-9586,17116,1839,579,14264,3194,277,12226,4084,-4999,10016,6831,-575,10161,5474,-2386,5692,5831,-6334,6744,6401,-2196,7038,8603,8186,8044,6057,5612,7107,3747,661,9950,1600,7849,14227,2326,6312,15876,717,1765,17791,681,4882,20638,1357,10715,21915,1591,11419,23068,1397,-337,20889,1140,-3554,19936,2004,-1310,17813,2117,-6334,14124,3200,-3207,11549,3796,3659,10621,7055,-1496,10159,5798,-10819,5481,5489,-1812,6223,6231,4362,7260,7571,87,8306,8636,5022,8898,3612,8920,8222,1819,1268,14658,317,2204,14783,2469,9650,19564,783,6730,19917,601,5861,22225,940,7713,21866,2453,6450,22774,916,-2405,18751,1704,-9345,17595,1313,-1580,14311,4222,2401,12164,3136,-4763,9024,7243,-3749,11115,5200,-1076,5311,6272,-3488,7105,5450,-3845
19401,1456,9642,22005,769,6649,21852,1847,2312,21794,1860,406,19568,1248,-6991,16575,1600,-6450,14558,2410,2574,11776,3509,1764,9348,5253,-6386,10031,5106,-4972,6138,5517,373,7714,6506,-1952,6854,7482,-633,8439,8198,9114,9396,6684,5952,11041,3346,-44,12176,1109,6925,15845,1310,9329,18271,950,2487,20430,1310,5457,20866,1224,13452,21806,1888,6296,22058,1393,-7020,19175,1736,-7028,16797,1832,991,14553,1534,-2515,11534,2662,-2831,9389,4914,1844,10463,5198,-3811,6937,5189,-8618,6936,6522,84,6951,8114,6212,9620,7877,2506,8456,7267,3799,11187,3225,7895,12169,2288,3303,16056,349,2933,17550,1312,7539,20126,1875,10698,21501,611,8774,21458,1916,124,21576,1082,-472,19223,1193,-3742,17358,1131,-7499,14236,1000,733,11394,2574,4425,9842,4489,-6327,9712,6489,-6953,8129,3803,603,5873,8540,-757,9461,6999,-2558,6814,9454,7094,10142,6312,8374,10792,4433,365,12805,1693,3972,14990,870,10605,17630,1397,5037,21013,1602,3686,20390,736,10932,21343,1279,8641,21720,657,-4306,19067,1593,-9468,17045,962,232,14643,1913,408
9325,7499,8912,10424,6457,4542,12894,3546,776,13925,1818,8213,16246,356,9925,19635,915,5607,20387,1757,5414,21294,908,6854,20524,600,3008,20318,410,-9230,17101,999,-4516,14810,228,4029,12278,792,-779,9968,2216,-5826,9447,5274,-922,10606,6383,-2833,6956,6654,-5490,8529,7242,-1040,7136,10627,7642,11936,8347,4883,9688,7142,1296,12151,2642,7659,13227,1927,7077,17454,321,2669,18730,1739,8007,20204,1531,13341,21538,805,3869,20739,843,-3317,20100,876,-3147,17393,471,-1380,15042,-719,-3616,11846,659,144,10426,2434,2900,10170,5378,-6416,9451,6466,-9391,7729,6036,1483,8127,8619,1924,9648,8952,-985,8888,8897,7435,10513,5804,6805,11558,4321,148,14679,1981,5437,15480,1198,10764,18882,919,7902,20266,1250,5448,20819,1204,4184,20698,1381,5058,20266,-247,-5315,17314,145,-7758,15391,-350,2830,12372,1168,2032,11044,1629,-6366,9061,5711,-3187,11226,6533,-1021,7812,6272,-3681,7868,7130,-3472,8131,8727,5415,10315,9912,7100,10944,6626,331,10417,4408,5378,13844,1791,10009,16093,1536,3552,18384,1072,4900,20046,845,12349
9837,3187,-7408,10614,5345,-2440,8393,6429,-46,9034,7513,-4050,8087,7958,-2124,7952,9265,8352,11113,7609,4632,10466,6032,234,12764,1944,9259,13605,2316,8425,18109,347,1917,18944,2298,6972,20595,1397,12259,20950,486,4677,20215,-443,-5278,19115,238,-5171,17120,1077,568,14452,-358,-2963,11641,1184,-1193,9570,3146,2382,11497,6147,-4722,8974,7042,-9046,7609,6872,1281,8281,8822,2919,9498,8733,261,9450,7958,6234,10846,6013,7665,12374,4251,2034,15156,1350,4956,15630,289,9740,19289,835,9988,20603,1470,4232,21245,1054,2070,19869,433,4839,19375,-259,-4937,17234,868,-7464,14861,365,2012,11632,1021,3200,10188,1847,-6601,9933,7069,-5148,10712,6060,-354,6930,7257,-2279,9465,6952,-4371,7528,9784,6612,10707,8502,8300,10899,6308,-295,11626,3655,5382,14273,1425,10555,16483,419,3812,18981,1398,4749,20177,1379,11425,20737,1595,7724,20730,-718,-3581,18859,487,-7081,17973,570,334,15129,24,-781,11938,862,-3416,10469,1993,1319,10168,5878,-1475,10329,6252,-9114,7704,6776,-2179,7731,7730,3521,9630,9733,937,10174,9317,4343
[row took 88046us]
20864,673,5095,20402,101,-6782,18345,-120,-4891,15747,906,2024,14172,-480,-2740,10856,1885,-2866,9658,3966,843,11650,5864,-4198,7823,7103,-7810,8276,6744,365,8097,9867,4137,10472,8365,2289,8805,7137,4131,11259,4386,7602,12745,4156,4734,15742,1070,3565,16635,638,7504,19737,1512,11616,21102,1416,5699,20520,914,142,20337,-87,1101,18749,41,-4299,16473,-188,-6219,14004,109,974,11503,2215,3731,10010,3516,-5923,10511,6505,-6784,9036,6133,262,7196,8055,-669,9213,8596,-4062,8819,10590,7668,10536,6475,8633,9783,4402,-1381,12224,2880,5593,16124,2206,11239,16567,952,5097,19529,330,4807,20516,1260,8902,20669,2084,7279,21720,-645,-3172,17420,694,-8263,17667,119,1060,14080,851,864,11970,1265,-5332,9341,3334,-426,11424,5841,-364,8661,6612,-8152,7614,6800,-2884,7667,8254,4296,9871,10522,3775,10899,7845,2147,8589,3698,7618,12490,3393,5868,15669,1552,3035,16309,1492,6293,18785,731,11019,20656,1168,8832,21813,1480,-133,19901,552,211,19534,721,-1741,17080,-766,-5772,14428,446,-1966,12086,1685,5048,10616,2890,-3835
11678,3842,7797,13858,3127,6982,16614,306,3088,17571,976,7284,20290,1796,12907,21660,1461,4694,20534,625,-2779,19992,-148,-1659,18018,-164,-1970,15179,-555,-4719,12784,377,470,11124,2435,3252,9157,4473,-6476,10582,6635,-9244,7506,6165,1404,8278,8073,1839,8323,9895,-2001,10649,9502,7017,9075,5721,7973,11677,4142,-827,13918,3156,5072,16199,1868,11577,17058,286,7621,20880,607,4698,21094,1444,5995,20557,1180,5669,20737,-466,-5278,17173,4,-7762,16133,-205,2390,12702,1096,1991,11648,1489,-5778,8672,4738,-3780,10763,5870,191,8359,7563,-5340,7748,6977,-3779,8003,8997,5499,10090,10321,5937,11569,6918,1233,9469,5130,5532,14248,2100,8573,15118,561,4447,17827,736,4779,20469,1136,12343,20784,1019,8244,20543,517,-3007,20376,1102,-3718,18921,802,95,15780,-956,-3146,12303,-112,-2583,11391,1642,3051,9717,5092,-3764,10703,5794,-8670,8019,6907,-2139,7321,7476,3140,9482,9132,-1369,9248,10333,3353,10565,7093,9117,10213,5058,2336,13702,1847,3385,14357,98,10342,17006,700,8079,21006,1181,6461,21333,1733,4046,19992,641,5135
7518,7817,-7942,7794,5929,1859,7047,9401,4217,9995,8610,654,8837,7811,5882,10108,4063,7558,12568,2623,2517,15023,236,5437,17023,379,8845,19776,1235,10749,22085,975,4922,20611,611,732,21151,1593,503,20201,474,-3711,16816,184,-5349,13326,-78,2473,12156,2455,1905,10166,4660,-8500,10402,6080,-5047,7254,6911,1342,8255,7008,-2247,7466,8642,-2717,8686,8849,8217,9524,7510,6495,10137,4054,16,12096,2253,7297,14958,433,10228,17279,799,3100,20923,1815,5925,21182,884,11188,20630,719,6222,21696,467,-7102,19654,1066,-6090,17156,484,2535,13666,255,-1338,12076,1846,-3913,9555,4372,-534,10932,6232,-2618,7895,7508,-8024,7054,6509,-1157,6843,8914,5699,9781,9310,2680,9230,7382,3333,9817,3835,7792,12165,2691,4715,15538,-162,3817,16736,599,7105,20451,1163,11495,21771,716,8110,21243,839,-1225,21884,1452,-1116,19381,-51,-570,16717,363,-6596,14390,747,-568,12039,2875,4430,9418,4619,-6817,10568,6671,-7578,8003,6776,-273,6734,8217,970,7646,8595,-1933,10169,8831,5589,6281,6116,8103,11790,2843,880,11445,3008,4751
17370,1724,-1571,14113,1680,-5018,12307,2883,1786,9494,6285,489,11221,5959,-8716,6751,7106,-6245,6431,6616,4008,7708,9331,2757,9971,7294,1903,5774,4729,7271,10703,2096,5576,13090,2133,1135,14667,1436,6062,18442,-206,10002,19129,1500,7649,22606,1222,5416,21379,1522,4746,21172,557,607,20116,986,-7661,17376,2329,-4895,14933,2586,3484,12173,2889,-1175,9563,6200,-7462,11078,6054,-2212,6219,7081,-410,8011,6291,-3879,6330,7314,1506,7348,7908,8936,9764,5337,3274,9524,3398,1840,12722,-233,8368,13611,2085,7169,19768,74,2153,19222,2539,6116,22064,643,13904,21182,1485,5315,22552,753,-7263,19481,1829,-4527,17417,1990,-31,14658,1929,-4454,12496,3541,-1048,9392,5831,2557,11547,5706,-6936,6089,6236,-8086,6877,5688,2991,7329,9493,4593,8503,6544,1902,6804,5501,5572,10675,2488,8018,13299,2275,1978,14849,935,3313,17544,287,8848,20053,2228,9017,22250,735,7220,21527,1381,3000,21711,1032,919,20103,719,-5810,17178,1874,-7616,15019,2092,2020,12151,3736,2528,9992,5330,-6362,10591,6146,-6264,5981,5761,94,7493,6834,-1408
20360,1630,10589,21275,1982,11443,22457,1158,479,20958,1161,-3160,19677,1391,-2449,16988,462,-4780,13912,1578,-3073,12283,2353,4312,9103,4579,-2059,10251,5294,-9858,7927,5453,-3701,5274,6828,3948,9049,6294,-801,7094,9290,3205,10809,7051,9170,10104,5958,1730,13449,1346,1275,14049,1209,9735,18342,1074,7851,20299,1459,5994,21010,1327,7942,21421,1517,6648,21468,672,-1144,19782,1064,-10814,16921,544,-2257,14284,1838,4670,12409,1455,-3280,8176,4213,-4837,11088,5319,250,8237,6334,-4865,6254,6353,-4403,7848,6727,3006,7797,10807,7704,11382,6819,2173,9856,5561,2621,12530,1256,8991,15182,1742,5600,17719,614,2635,19751,672,9928,20367,1854,13058,22574,1126,1764,20634,1371,-4804,19991,1319,-3187,17042,909,-1883,14110,861,-3981,11958,1575,2118,8808,3810,1327,10632,4987,-8411,8639,7134,-7864,6313,5972,3936,8021,7168,1547,8323,8498,349,10248,8133,8695,10403,5905,4898,12992,1767,430,13611,1145,7143,17862,671,9742,19993,2243,7317,20823,1295,6192,21002,1177,5235,21386,1518,1111,20110,-93,-8807,16596,1037,-5268,14774,668,4732
9605,8322,3566,8470,5045,7520,12206,4540,3240,15559,2497,2971,15104,734,9640,17649,-134,10974,20827,1528,5389,21307,2185,1290,20803,1015,4784,19736,762,-1009,18566,-307,-7534,14774,303,-1394,12869,1353,3360,11354,1792,-3555,9380,5829,-6508,11037,5059,-1278,6312,6665,-514,9473,7561,-5454,8092,8764,4018,9103,8691,9130,10442,6090,667,11548,4798,2955,13748,1637,10388,15223,768,6659,18408,704,2745,20138,2090,8865,21145,2257,10621,20828,32,343,20218,992,-8408,18468,-381,-1054,15041,-254,759,12891,191,-4126,11635,2024,656,8663,5588,325,11870,6043,-8849,7446,7055,-5449,7729,6413,3493,7871,8877,3103,9764,8931,2402,10057,7655,7327,11914,5125,5284,13432,1198,2448,14601,1070,6085,18595,1060,10172,20026,2445,9838,21458,354,2472,20068,622,2494,20612,1152,822,19139,-616,-7489,14717,55,-3803,13500,346,3971,11848,2515,406,9152,5005,-8132,10830,6059,-4155,7575,6817,782,8539,6948,-3533,7959,7952,-712,8684,9540,10550,11155,7299,3689,11032,5219,-957,12651,1929,9105,15304,1550,9490,18609,-6,3666,19413,1721,6535
10448,2753,-3441,9954,6461,-8012,10703,5968,-1904,6316,8179,260,10040,6911,-3280,7445,9539,3868,10778,8340,10045,10512,6491,1295,11796,3479,2132,14275,1237,10481,16166,1110,7786,19623,400,3953,19494,2343,6638,21859,1318,9302,19918,446,-349,19625,-219,-9252,17138,-299,-469,15123,566,1976,12413,807,-3997,9915,2291,-2698,10384,5357,623,10495,6647,-6647,7709,6875,-4598,7755,6539,2322,8287,10175,4417,11724,8625,2715,9117,7116,4768,11823,3242,7581,14379,1955,4123,16254,913,4410,18171,794,10223,19795,1911,10036,21994,476,2154,19485,439,-32,20188,150,-1474,17854,-286,-4801,14619,490,-4012,12768,324,3649,10357,2800,637,10803,5333,-7758,10351,7067,-5502,6855,7459,1924,9759,7931,-2329,8189,8787,-13,9394,8333,10189,10564,6487,4859,11600,4164,-524,13594,1693,8413,15530,867,10454,18437,21,5029,20092,1974,4128,21082,1584,8609,20063,742,4857,20088,-474,-7697,17646,379,-4971,15606,1304,3316,13171,-186,-2125,10209,2172,-4739,10446,5290,507,11276,7329,-3885,7800,6763,-7088,8113,6241,347,7585,8819,5752,10925,8423,3506
21076,515,9349,20379,839,416,19958,509,-9798,16749,199,-1416,14610,1473,2251,13284,2230,-3831,9710,4374,-2813,11364,5978,231,9186,6260,-5872,7360,7137,-5223,8340,7212,3530,8207,8996,7115,9290,5909,1733,9870,5536,4442,12366,3439,7902,15453,1697,4616,15347,292,4432,19313,222,8461,19501,3000,10333,22770,609,3237,19415,1150,-1368,20273,403,-1436,17428,736,-3754,15229,782,-5735,12725,1826,2484,10209,3508,2009,11274,5711,-7934,9397,6863,-7119,6796,6595,2597,9083,8185,-53,8282,7847,651,8585,6955,9300,9893,5478,4995,12564,3196,213,13786,1635,6981,15748,592,10271,19041,970,5128,20502,2385,4066,21448,1045,8728,19945,1072,4376,20762,-356,-8730,17383,613,-5234,15335,817,2735,13245,1749,-1438,10515,3646,-4956,11035,6164,-17,10128,6679,-3630,7239,6762,-6035,8076,6834,453,7150,9753,7961,11207,7420,4519,9067,4964,1264,10213,1699,6549,14737,2982,7195,16517,1815,3525,18601,-48,6188,18849,1682,11808,22418,931,5589,20602,2259,-1765,20540,-484,-1102,17288,857,-2141,16057,382,-5359,13541,2214,-1287,10731,3388,2988
10675,4892,3199,13322,2656,8352,15240,1611,5998,16955,-122,3365,19433,1341,7906,20508,2575,11887,22437,327,2366,19302,462,-4602,19701,719,-2498,16985,1676,-1715,14759,1342,-4831,11752,2450,1526,10280,5276,1518,11513,6122,-8152,7930,6882,-7223,6933,5249,3254,7583,8249,2780,9737,8016,831,8834,6478,8716,9908,3905,5457,12979,2617,40,14772,1163,6850,16038,467,10262,20084,849,6711,20827,2440,3995,21121,1010,5629,20571,1518,2973,20048,219,-7038,17109,1396,-5328,14441,1230,2605,12580,2073,-793,10409,4571,-6362,11545,5954,-2231,7739,7266,-1437,8300,5897,-4829,6805,7771,220,8886,8245,9349,9365,7120,4022,9578,3595,767,11149,1862,8249,15071,1459,7542,16497,330,2746,19721,1288,5450,19994,2499,11647,22451,565,5754,20199,1567,-3866,20537,352,-2898,17378,1602,286,15297,310,-5235,12334,2634,-2155,10839,4890,3027,12078,7000,-4946,8200,6887,-9732,7041,5247,636,6526,8029,4990,9719,7872,968,8125,7163,5814,9344,3402,7739,11003,2711,1642,15663,825,4114,15085,64,9819,18878,1488,7726,21664,2050,4267,21839,1243,4103
9161,6697,-8898,6526,5436,-5404,5898,5820,5299,7996,8043,6005,8347,5878,1894,7434,2946,6901,9867,1987,5916,15414,647,1403,14824,584,6212,19249,903,8590,20760,2478,8886,22685,1428,4185,21263,1506,595,21491,1669,747,19171,1199,-5068,16162,1818,-5968,13797,3225,2361,11667,5709,385,11962,7484,-8423,8626,6260,-4983,5598,5804,1506,7402,6334,-1012,6826,8046,2479,7763,5326,10118,7870,3297,3793,10287,1587,220,14528,718,8095,15007,533,8381,19435,554,2293,20873,2728,6128,22444,1478,11444,21699,1467,3375,21812,918,-8041,18944,1645,-3312,16584,2410,1028,14266,3061,-3902,11390,6007,-2964,12301,7634,283,8380,7627,-5815,7143,5383,-7119,5139,5783,3550,7231,7438,8307,8019,5895,2331,7500,2989,4586,9549,1160,7107,15035,763,3039,15493,299,4038,18938,815,7443,20645,2503,9907,22924,862,6228,21698,1809,-1486,21570,1478,-34,19268,1660,-2179,17094,1748,-7358,13888,3818,145,11893,6593,2986,12677,8227,-7414,8416,7099,-8469,5781,4808,2169,6268,6459,2035,7158,7151,746,6841,4814,9366,7179,3027,5803,10409,1022,-404
19987,2372,1621,16994,2184,-2849,13891,4568,-5627,12669,7026,2519,11947,9870,-2546,9692,5588,-10568,3407,4947,-1750,6134,5013,6693,6641,7354,4068,6900,4373,3195,7215,1228,7173,9040,1595,3337,15356,-71,1594,15132,1688,8712,20172,764,8130,20714,1768,6053,23082,1307,4864,22534,2407,2885,22060,1820,-606,19655,1087,-6981,16457,2955,-3613,14522,5206,3310,12558,7214,-2524,11362,9423,-8924,8941,4962,-2034,4406,6716,-317,7100,6072,-1843,6720,5911,7424,3842,2998,8903,9189,1282,-222,9201,2319,3001,14810,-254,8499,15550,682,6550,20017,1182,2679,21346,2233,7401,22257,2259,11440,22971,1313,-220,21754,2044,-7055,19784,1882,-220,16698,3854,-863,14613,4409,-5679,12123,7744,221,11824,9041,-1069,9007,5532,-8577,5108,5830,-4143,5475,4097,6078,5354,6967,6062,7669,3326,2351,6561,1975,6091,10272,703,5523,14355,776,1310,16231,1243,6322,19563,1163,8335,21080,2464,8102,23106,1474,4511,22429,1632,1019,21782,2273,665,20045,1423,-5632,16371,3528,-6101,14632,4763,2749,12219,7273,661,11831,8389,-9658,8244,5281,-5089,4328,5759,2719
19639,991,6431,20688,1873,12535,23352,1708,7433,22400,2693,-3351,22133,1428,-2823,18089,2726,-1109,17067,1489,-6666,12928,4349,-1685,11278,4823,4703,10125,6676,-5473,7463,4758,-10229,5364,4859,1914,6510,6404,4701,7024,6414,-379,7703,5907,6472,9089,4521,7583,11735,1903,1341,14113,1182,4431,16954,424,9157,19578,1674,6418,21877,1496,5830,22184,1598,6193,22085,2903,5172,22299,1909,-5005,18283,2303,-9188,15956,1789,383,13217,3213,2297,10693,3677,-4938,8969,6358,-4302,9366,4865,-1334,4916,5707,-3323,7318,4782,-1888,5459,7473,7736,9702,6933,6791,9804,5065,-354,10833,2265,5207,14459,1248,9231,16996,948,3205,20011,1141,3533,20352,1717,12489,22629,2240,9009,22475,2176,-3379,21153,2086,-6635,18203,1672,-246,16107,541,-2678,12281,2756,-3532,10780,3396,3333,9536,6364,-2099,9143,4711,-10505,5209,5838,-1416,7193,6433,5560,7683,7643,1153,8465,6838,3947,9713,5190,8103,11687,3593,3147,15292,1141,3160,15947,1327,7879,19641,930,9020,21093,1502,7742,22347,1496,2483,21450,2389,3888,21373,1641,-2182,18081,866,-8528,15088,773,-1909
11238,7066,2055,9217,7770,4160,12290,4090,7727,14472,2727,6382,16070,1420,2935,18829,586,9329,19943,2332,10798,21993,467,1227,20377,1528,-307,20805,445,122,17935,451,-3878,14530,-669,-5474,12133,-1140,3343,10821,2966,1961,10692,5051,-7588,9128,6750,-6491,7135,6263,1493,8728,8294,-1299,9002,10184,-334,9618,7440,9918,8275,6244,4433,13476,3997,21,13686,4059,8285,16278,1255,10364,17905,-790,8192,20898,1601,1506,20889,1549,5435,21485,1887,5986,20246,-20,-6088,17227,-100,-4435,14949,-556,3412,12988,-326,-2097,10616,2661,-5697,10039,4966,-624,9945,6232,-2108,7724,6757,-5970,9042,8094,-2270,7507,8763,7040,9535,7923,3988,10438,7271,760,11388,4914,8498,13860,2921,8412,16010,497,2367,18087,844,7498,20298,2181,11029,21612,847,3618,20432,650,-1225,20577,442,-2217,17834,-23,-227,15084,-1881,-4389,12184,-303,-841,11517,2096,4038,9513,5080,-5912,10020,7366,-9084,9204,6472,162,7273,8835,1467,9162,7731,-1477,7625,9657,7449,11708,7378,8079,11990,6067,218,13268,1207,5873,15232,914,9887,18508,1122,8942,21368,1354,3752
9326,4361,609,11368,6161,-8548,8592,8452,-5106,7624,7034,3345,8919,9670,960,10037,9784,2333,9919,7954,7332,10637,5915,4447,14798,3304,4435,15428,1839,7158,17367,469,10553,20353,1159,7459,20765,862,-936,20375,-644,4707,20082,1331,2369,18987,-1136,-5936,14662,-1949,-3562,12211,-1189,3454,11949,1145,-635,9600,4987,-8431,10507,6949,-1979,9283,7718,-611,8371,8483,-5497,8474,8178,596,8665,9812,10510,10914,8195,2819,11378,5668,1500,12907,2774,10625,15649,2319,7592,18592,-268,4869,19753,1215,4633,20424,1478,8320,21082,582,4206,19622,-217,-6705,17900,-1329,-2290,15387,-1112,2654,13129,-1266,-3892,11108,1442,-2860,9576,4153,892,11154,6564,-6285,8342,7979,-7002,8892,6728,2175,7312,9985,2818,11009,8999,2244,9341,8881,4594,11074,5376,6491,13723,3718,6280,15720,1842,4056,17572,662,9679,19668,1573,10030,21172,609,441,20493,330,1654,19982,-504,2367,18462,-1456,-3913,15303,-1308,-5102,12982,-1470,2163,10969,1854,2070,10294,3783,-7816,10353,7758,-5758,9040,7479,853,8304,9612,-2276,9758,8422,-2637,7743,9472,9447,10530,7256,5549
19415,-364,-1556,18762,-452,289,16156,-1780,-2820,12809,-838,-3707,11541,1314,3346,10219,4731,-2667,11117,6769,-9405,8895,7609,-2658,7264,8558,2854,10080,8449,-2186,7927,9506,3465,9919,7371,9306,10605,6276,2277,13921,2851,4168,14449,1131,9932,17571,1442,9272,20630,902,4761,20412,1250,1448,20505,301,7179,20556,82,254,18715,-1022,-7762,15503,-1814,-832,13126,-478,3385,12302,1425,-3376,9512,4770,-6004,11232,6070,-696,8030,7939,-2942,8772,8163,-5634,8677,9000,2832,8571,9220,8662,9295,6683,801,10785,6088,3745,13595,4435,10943,16236,1831,5585,16523,418,4375,20454,239,8350,20288,2718,7615,21931,-508,1666,19205,62,-3802,19081,-1117,-747,15863,-1082,-260,13105,-1145,-5077,11616,1100,1111,9791,4763,393,11495,5755,-8712,8011,8017,-6161,7999,7783,3213,9157,9743,736,8700,8655,2074,8942,7761,7655,11238,6488,4717,14026,4313,3761,15368,1288,7397,16893,302,10400,20304,853,6836,21272,1563,312,20506,287,5077,20174,-293,2314,18939,-1736,-6679,15324,-1589,-3460,13037,-907,3515,11770,1401,-766,9864,4660,-8034,11051,6399,-2559
17047,205,3440,16770,709,7723,20833,1043,10503,21002,1071,2747,20477,-257,-348,20313,-1196,44,18227,-776,-1518,15566,-1962,-4273,12149,-1739,-38,10490,1398,3379,10491,5239,-7255,10749,8159,-8518,8287,6725,1475,7318,9542,-294,10528,10091,-2868,7891,9656,7931,9564,6663,7394,11928,5910,750,13554,3614,6413,16393,328,11208,17014,428,7869,21395,894,1831,20629,1213,5339,20803,-334,7041,20041,-1664,-4793,17611,-197,-7449,15853,-843,3074,12248,-563,1960,11877,1352,-6293,9009,5312,-3662,10856,6490,-630,7876,8414,-5707,8654,8857,-3496,8685,10181,5895,9249,8951,6180,9759,5961,-121,10422,6045,7492,14408,4050,9674,16405,453,4015,17313,122,6237,20903,825,9472,21014,1668,5964,20741,-516,-1734,19900,-518,-3276,18170,-157,1106,15264,-1869,-2495,12126,-984,-3209,11466,1905,2766,9139,5176,-3700,11312,6917,-10159,7648,8077,-1237,8364,8570,3434,8511,10556,-1235,10420,10212,5293,8752,5695,8364,10657,4844,1882,14719,2425,4884,16162,1862,10238,17684,302,9564,20745,326,3618,21604,1257,1974,20228,374,5546,21123,-654,-2253,16799,-1321,-6494
8913,10429,6391,9570,8425,1807,8730,5648,5217,11496,3760,8494,15487,407,4315,15931,124,4591,20484,876,11167,20995,1774,9744,21623,-504,-522,20885,193,-3100,21019,971,68,17401,-1183,-1580,13381,-1523,-3687,12046,913,2647,10252,5006,-1495,11817,6420,-9734,7693,8152,-4738,6946,7369,3091,8204,9789,-1290,8762,10056,2287,8681,7342,9407,9348,5233,3127,11991,3163,2447,15034,351,9755,16243,-30,8781,20937,559,6178,21993,1733,3663,20966,6,6125,21793,103,212,20299,-349,-7924,17098,-653,-1543,13320,-249,4291,12550,1303,-3081,9552,5607,-7330,11258,6537,-1091,7436,8969,-2634,8284,7077,-5455,6263,9024,1784,8715,9664,9423,10039,7233,1740,8573,5103,3277,12837,1861,9988,14025,511,5910,18173,-655,2869,20537,1563,9282,21766,1387,11295,21593,-939,566,21123,1000,-6862,20979,243,-1220,16321,-268,1585,13255,-996,-4413,12036,2143,-244,9525,6855,-16,11324,7112,-8148,7219,7990,-6897,6562,6870,3519,7683,9876,3281,8781,9305,1396,8245,6765,7424,10049,4186,6063,13332,1729,2555,14427,-370,7107,18654,-347,8944,20524,2039,9789
11216,6692,-2086,6579,7880,-2224,7843,7475,-5577,5591,8585,1626,7469,7128,10083,7239,5783,3168,10254,4250,1574,10245,1899,8715,15226,-230,6971,17752,-946,1733,20978,1231,7456,21749,2044,13763,22130,-517,3675,22491,1067,-7572,21635,1788,-3442,17424,1105,1798,14459,87,-4885,12174,4088,-1481,10393,8176,1803,11855,8059,-7228,6256,6936,-8504,5937,5482,3679,6023,8682,4963,8174,7533,1512,7144,5393,5913,9632,3055,7445,12691,668,2394,14246,109,5178,18853,-498,8373,20297,1485,9172,22976,1031,5490,21512,452,2043,22960,1869,134,20711,588,-4700,16508,1094,-6001,14837,1644,1576,11983,5287,1921,10969,7829,-7946,10190,7468,-6143,5280,6873,1064,7504,7071,-1769,5811,8819,1274,7237,4258,10155,5988,5414,3261,12225,1865,1084,11878,1243,7823,15105,-411,8540,19165,-509,3166,21143,2068,5917,22423,1069,11089,22392,830,4059,22493,891,-7820,20289,1250,-4731,16475,2187,2331,15092,2104,-3354,10583,6230,-4193,11954,8811,586,9641,7627,-4653,5747,6664,-6977,6371,5144,2049,4417,8066,7589,8881,6045,2879,7580,5167,3576,10182,979,8098
18155,1879,-7834,15509,2853,209,12504,5469,3320,10997,7531,-5904,10957,8768,-8167,6321,6403,-627,5403,5538,302,5686,4369,400,5773,7578,8943,7986,4694,5733,8585,2223,391,11914,-180,6083,15402,560,8214,18490,308,3612,20688,966,5292,22824,1952,10275,22738,2107,7505,23324,606,-5903,20264,1312,-7054,18063,1733,1572,14942,3261,-1976,12220,5583,-4456,11022,9093,1079,10430,6789,-3900,5099,5599,-8193,7120,6837,-588,3839,5345,8890,7203,5831,5036,7953,5009,2313,9919,2612,7572,12332,-287,4652,15257,-722,2394,18972,486,6419,21555,3136,10184,22765,1405,8752,22053,501,480,22581,1734,-2612,20712,2697,-1964,17654,1309,-6058,13790,3082,-2572,12424,6201,4609,10964,8657,-4330,9945,6423,-11475,5174,4565,70,5812,6517,4108,6409,5594,-17,5888,5955,7048,8246,4196,7861,10421,2629,160,12929,-372,3752,15361,-138,9487,19105,1150,5932,21886,1997,4763,22577,2194,7823,22643,1580,6879,22581,660,-4738,19698,1946,-9483,16897,1763,731,14141,3648,1254,11961,5743,-4286,9937,8615,-2863,10133,5153,-2449,4407,5504,-4918,7088,5554,-1412
21486,3137,8301,23397,1836,2714,21719,1327,736,21343,1101,-1301,18645,739,-6143,15646,2788,-4759,13560,4777,3666,10854,6432,-783,10815,7736,-9575,8315,5116,-4118,4813,5665,3335,7033,5611,-1051,6586,8382,2513,7086,4582,10651,9196,2904,2151,11050,1128,2497,15096,57,8820,15788,1089,5849,20828,643,3066,21229,3779,8065,23269,2037,10169,21987,491,620,20700,570,-9943,18658,1534,-3327,15664,3134,2428,13210,3827,-3244,11203,7452,-2574,11289,7219,-1177,7050,5437,-6748,5968,5187,-4269,5453,6738,6385,8060,8111,7718,7474,4806,869,8038,2570,3829,12347,1519,7822,14391,1185,3770,17337,-393,4989,19508,1076,8291,22119,3330,9513,22986,1730,3156,21601,1013,-1383,21259,1358,-439,18271,932,-3562,15464,2663,-7271,13252,4217,2240,10861,7784,1615,11378,6777,-9196,7075,5181,-6240,5694,5131,3541,5979,5861,1745,6207,7101,2115,9061,6223,8081,8766,4197,4194,11741,-171,1857,13862,280,7189,17912,481,8513,20131,1774,5018,21810,2530,4821,22579,1131,8173,22343,1859,1872,21431,462,-8735,17121,801,-3955,15463,2304,2292,13106,4512,-1634
[row took 88394us]
9213,1820,6716,11661,273,3034,15377,18,3863,17950,458,8054,19716,2743,9399,22163,1838,5355,22705,1818,2149,22359,1680,2055,20344,517,-3440,17132,960,-7674,15596,2930,-654,12024,5522,3491,12151,6785,-4597,9404,6742,-8857,7009,4078,157,5753,6552,469,7665,6682,-1437,6002,7893,8440,8775,4784,7527,9056,2446,-678,12431,410,5090,14505,-171,9551,17539,634,3833,21345,2811,4837,21585,2107,9943,22339,1819,7893,22738,836,-4131,19605,1466,-7660,18082,867,718,14800,3011,-782,12654,4884,-4288,11141,7821,254,10882,7609,-3568,7174,4745,-8345,5521,5020,-592,5446,5987,7862,7779,7769,4933,8809,6052,1707,8748,2131,6566,11878,246,5347,15547,-142,3489,17959,597,6173,20299,2372,9721,21993,2473,7885,22823,1488,922,21750,1530,-473,20401,1234,-1084,17649,1034,-6735,14766,2950,-3850,12597,5257,3863,11102,7379,-2032,10369,6925,-10538,6927,4352,-1203,5259,5254,3317,6860,5809,-1678,6517,8242,5711,9268,5710,8405,9020,2688,1458,12401,-484,3357,14373,604,8954,18459,1375,6262,20924,2214,4574,21402,2483,6559,22796,1106,9014
5630,5380,-6985,6773,4425,4975,5788,7032,3754,7536,6848,1112,8682,5734,7250,9328,3262,5547,13027,-674,1652,13754,679,6779,18921,139,8727,19640,3685,6393,22508,1936,3594,21754,1098,5889,21878,1214,3310,20244,604,-7100,17015,2116,-6945,15620,3611,1773,12693,5061,1120,10828,6896,-5929,10638,6091,-4981,6302,4824,-262,7339,5471,-2686,5786,6178,546,7046,7456,9713,9624,5869,4476,9357,2852,188,11859,-703,8019,14115,767,7806,18797,940,2617,19939,3015,5215,21676,2112,10731,22145,1376,6878,22137,1006,-5848,19680,677,-4486,17404,1820,819,15557,3018,-4442,12565,5259,-2093,11073,7284,2642,11245,6136,-6838,6162,5451,-8416,7111,4602,2911,5266,7237,5835,8246,6204,2008,8092,6660,4896,9753,2362,6655,12068,500,3095,14659,-317,4853,17792,829,8099,19608,3334,8143,22405,1908,4749,21788,1635,3157,22024,996,3519,19885,513,-3474,17415,1270,-8043,15385,3198,-698,12843,5694,2752,11438,6650,-4852,10352,6852,-7835,7070,4001,64,6235,6916,-115,7671,5621,-1367,5236,7356,8343,9620,5002,6871,9381,3681,-15,11842,-269,5272
18436,604,-4676,15391,3717,-6023,14021,5585,2332,10916,7290,395,11430,7267,-9037,7565,5162,-5164,4980,5719,3897,7138,5482,337,6536,7775,2593,8036,5010,9433,8703,2739,3240,11577,-858,1997,13970,380,8594,17840,1725,7009,20196,2407,4114,21519,2908,4870,22425,1191,8981,21624,881,2683,21084,469,-9480,17841,1893,-3674,15504,3661,3222,13539,3499,-2675,10874,8129,-4889,12522,7456,-1554,6531,4975,-3231,5919,4998,-5683,6748,6148,3679,6367,7837,9326,8165,4137,2241,8659,3045,3105,11502,415,7258,14649,699,5448,16897,235,3362,19845,2475,7117,21839,3258,11132,22832,702,3773,21317,1043,-3356,20841,754,-676,18210,2307,-1744,16073,2806,-6010,13322,4858,940,11119,7340,1700,11941,6613,-8687,6942,5734,-7320,5647,4069,3869,6294,7273,3330,7790,7167,817,7540,5077,8316,8627,2466,5060,11680,718,353,14462,423,7208,16555,206,8791,19713,2761,5863,22291,2738,3642,21845,1356,5912,22274,2129,5558,21042,396,-5478,17942,1787,-6903,15570,2884,1132,14205,4413,-239,11050,6767,-6052,11168,5760,-2921,6632,5576,-1158,6875,4872,-4450
20353,3363,8796,22302,2258,7285,22017,1268,1564,22170,1022,2043,20839,1310,-216,18493,1277,-7447,14931,2662,-3186,13591,5021,3663,11677,6264,-3903,10401,6540,-8809,7591,4221,-1320,5303,6317,1433,7561,6949,-1375,6330,9103,5635,8785,4881,8939,8101,1969,689,11117,12,3675,14672,4,10248,16530,1161,4727,20974,2489,3236,21432,2921,8028,22262,1624,9528,22733,135,-984,20216,810,-7802,18459,1474,-811,15555,3559,213,13840,4623,-4608,11114,7064,-1045,11258,6557,-1799,7228,5694,-7524,5870,4915,-3583,5442,7061,6615,7851,8959,6575,9173,4686,1505,6531,1523,5865,11383,-205,6274,14969,442,3384,16629,869,4997,20839,2752,9257,21697,2974,8730,22727,326,1510,21622,656,-864,20999,1155,829,18653,1396,-4644,15137,3365,-5567,13693,5378,3145,11763,8209,-603,11308,6708,-10437,6693,4134,-3964,5006,5617,3417,7464,7281,139,6372,8733,3782,7894,4190,9609,7787,1762,1925,11850,-367,2368,14339,-209,9360,16709,1056,6722,20889,2344,4331,21613,3020,4563,22642,1144,8649,22692,933,2589,20356,362,-8405,18298,1240,-2932,15437,4421,2050
4368,3629,4299,9568,325,7655,12120,239,2128,14937,-556,4472,17811,1384,8646,21063,3284,7784,22438,1422,4545,22872,818,3221,22882,1789,2506,20858,309,-3746,17383,1766,-7563,15364,4391,583,14150,7776,2359,12167,9275,-6406,10230,6425,-8149,4529,4881,668,7080,6485,-837,5492,7383,1539,5862,3464,11210,5866,3898,3902,10078,521,-725,10963,-56,6774,15405,416,8614,19097,1662,4069,20718,2432,4675,22335,1200,9533,23201,1814,6865,23107,1419,-5863,20436,1271,-4712,17479,2501,1959,15860,3533,-3061,13148,7402,-4854,11460,9281,499,10872,6710,-4248,4727,4192,-7528,5585,4581,945,5067,8397,8786,8021,5716,3853,6193,3662,1733,8318,-634,7363,12053,281,4565,15988,214,3553,18644,1310,7082,20846,3145,8722,23039,1689,6633,23035,1218,869,22586,1346,33,20097,1491,-358,18001,1739,-7372,14979,4884,-2417,13021,6803,3636,11856,8721,-5059,9467,6351,-10614,5002,4194,1083,5711,6977,2793,7747,6843,629,4174,4733,7201,6746,2429,6073,9794,1236,929,13233,-195,3736,15165,165,10014,18659,2461,6043,21529,1903,3013,22179,2119,7929
9420,4340,-10344,3906,4120,-2769,5887,4916,6394,6377,8862,3629,8434,6013,2699,7718,4726,7292,11894,2430,3675,14209,-412,1801,14731,-291,7657,20487,1712,8111,21866,3873,8900,23035,1386,4294,22033,1382,2292,22055,1677,-796,19296,1187,-8017,16054,2209,-4497,13845,4235,4224,10994,3868,-1258,9205,7288,-9372,10314,4665,-3830,2889,5471,1753,7138,4669,-1320,6658,8076,3912,7893,7704,8709,9778,3732,1456,9710,2284,2016,14827,21,10089,15921,1518,6288,20630,332,2208,20224,3324,8496,23826,2407,10775,22418,1890,1614,21562,216,-8877,17950,574,-2669,16538,2412,244,13801,3484,-3779,10570,5007,-636,9613,7173,477,9457,3998,-8202,4002,4956,-4743,7253,4868,5050,6140,9998,5433,10384,6512,1900,7690,5774,4912,11974,1021,7288,13931,529,3838,16276,668,4952,20223,1592,8323,21169,3751,9756,23260,891,3707,21148,1591,353,21870,1477,-1234,18318,751,-4806,15251,1658,-6081,13645,3072,3304,10524,4930,1571,9431,5608,-9002,9209,4871,-6358,4583,4351,2731,7595,5467,-147,6244,8091,864,10026,7911,9528,8996,6656,3135,12788,1689,104
17718,453,488,15349,-217,-4747,12715,2060,-1837,10660,3768,3796,10203,7373,-4348,10372,6343,-10578,6319,4641,156,6658,6686,4686,8753,8181,-105,8822,9636,5165,10061,5943,7473,11423,3631,1680,14099,536,4865,16448,45,9524,18369,2077,8858,21640,1797,4471,21204,1783,2877,21564,1231,5798,20633,41,-3661,17398,-596,-8220,15351,508,69,12961,3043,3158,10966,2626,-4657,9424,6255,-5604,10433,5671,-1229,6194,6017,-2019,8342,5659,-3461,7484,10726,5680,10748,8457,7928,8007,4480,-701,11158,3301,5021,15491,2718,11904,15538,1021,3579,18573,-798,3981,20363,2549,9993,22016,2863,7303,21865,765,-944,19500,141,-5934,18302,47,194,15122,85,-1714,12819,1258,-4121,10891,3121,1982,10552,6293,-660,9829,5986,-10145,6639,5767,-3399,7344,6582,5113,8607,10561,1815,11160,8164,3393,7233,5879,6953,12429,2944,3835,14458,2345,4085,15150,979,7666,18881,-155,11060,20447,2714,5627,22192,1911,-474,21221,1805,5304,20290,366,534,18461,-1484,-6676,13804,-49,-2630,13699,1024,2869,11278,2993,-2768,9319,5698,-7295,10215,5146,-2016,6176,6417,339
18184,1006,9238,20272,2639,10539,21532,1415,1039,20553,1230,-73,21013,391,834,17768,-676,-1910,14820,-1027,-5515,12996,100,793,11633,3244,3134,9843,4630,-6839,9791,7090,-8377,8723,5343,1274,7605,7969,38,8914,8192,-1782,8476,9996,8762,10792,7553,6238,11256,4422,-358,12777,1400,7298,15516,718,10305,17833,934,7378,20973,2120,2872,20394,2513,4837,21139,1349,7179,20729,-885,-5182,17623,-769,-6700,15464,-531,2986,13727,964,-409,11120,2595,-5543,10267,4294,-615,10043,6769,-2058,9588,6566,-6555,7028,6709,-2331,7694,8940,5760,9739,10048,4825,10809,7153,1850,9492,4202,6323,13617,2834,7753,15655,242,3420,16975,1049,7075,21150,2740,11246,20443,1930,4630,21125,-444,-1392,20515,99,-749,18588,302,171,16110,-2083,-4497,12333,294,-2512,12155,2676,3972,10473,5642,-4210,10150,7265,-8713,9244,5823,-1876,6585,8041,1855,9392,7573,-1072,8103,9948,5690,10803,7537,8497,10501,5608,896,13451,1683,4443,14743,801,10455,17447,264,9082,20924,1184,3632,20227,2059,2738,21456,1099,7655,20558,-309,-1948,18319,-1020,-7825,15644,-561,235
10115,9884,1671,10286,9336,7506,10031,5752,4809,12899,1648,2536,14631,1151,7525,17765,231,10058,19311,1916,9364,20983,1615,503,21463,1088,3029,20774,927,4150,19027,-1645,-6436,15289,-957,-5044,14182,409,3137,12293,2536,517,9804,4420,-7945,10569,6125,-3288,8558,6210,-274,7743,7611,-4078,8948,8140,-838,8086,9334,9125,9886,7943,4007,11061,5633,-2,12416,3350,8692,15217,602,9730,16662,-218,3948,20101,1737,5852,20525,3532,8658,21902,697,5400,20092,-163,-4912,19085,-1375,-4534,16006,-211,1863,14437,-682,-3168,11555,2671,-2327,9937,4444,1264,11398,6171,-4358,8662,6674,-8832,7557,5696,762,7246,8598,4188,9807,9260,999,9530,9670,5267,10948,5819,6926,12111,2840,3721,14946,-267,5331,16463,1078,8803,20059,2400,10610,20823,1881,2618,20972,875,1093,20968,467,3830,19181,-896,-3625,15897,-1647,-6545,14173,119,458,12352,3108,3657,10247,3843,-5933,10359,6460,-6678,9584,5813,88,6978,8327,-1743,9728,7737,-3234,7019,9603,7735,9776,7978,7515,11187,6108,-185,11946,3539,5651,15359,48,11094,15597,541,5471,20646,1138,4235
10479,4987,-1529,10833,5568,-9339,8617,6171,-3623,6280,6831,3075,9560,8124,-1913,7984,12023,2431,11872,8866,10127,8561,6520,1370,12761,1167,1745,14805,1519,11665,16526,1221,9633,20189,-71,5138,20099,3180,2126,22568,1691,6000,20539,1012,3188,19349,-2428,-7288,15745,-2143,-2382,13737,203,3509,13309,2122,-3515,9709,4286,-6523,9551,5059,261,9773,6356,-3582,7237,7376,-5568,9237,7393,1648,6690,11139,7353,11456,8085,2072,10162,8022,2430,13076,2096,9731,13388,1222,7055,17208,-618,3105,19614,2323,8992,20954,3412,9699,22165,544,1715,19890,-1058,-2842,19503,-1127,-2488,16850,-1140,-711,13550,-1019,-3697,11829,1196,882,10476,5117,947,11041,6391,-8379,8467,6811,-6873,7054,5637,2862,8499,9369,951,9246,9345,375,8655,9350,8123,11609,7272,5473,12873,3148,768,13024,-160,8525,16926,185,10632,20254,1683,8054,20947,2676,1604,21536,545,4282,20359,247,4681,20121,-1827,-7310,15674,-834,-5527,14216,-662,4299,12309,2635,733,10777,4351,-8112,10077,6256,-2761,8718,6320,-722,7794,6624,-4913,7811,8694,-1120,8988,10048,9066,9474,8337,3924
20997,296,2887,19632,-912,-1824,16712,-2697,-5316,13491,-458,-1308,12142,3040,3275,11041,5249,-4799,10673,6415,-8338,7982,5876,-692,7161,6638,340,8013,8309,-3408,8892,10652,5741,9356,9232,8849,10605,5545,-623,11615,2770,5070,15496,-501,11736,15028,67,5598,21606,1328,5361,21114,2447,6583,20766,1203,7167,22027,-657,-2390,19524,-485,-8747,16601,-1446,1345,13419,107,1950,12592,2428,-4793,9914,5727,-2639,11232,6208,-771,7928,7172,-7451,7697,6069,-4023,6218,8280,5266,9548,10591,5972,10432,8762,1492,9137,5876,5075,12040,1966,7758,15291,-738,5072,16180,-451,5282,21032,1324,11658,21017,2713,8160,22184,819,-1884,21090,1015,-1667,20185,-58,373,16373,-1722,-3563,13048,-370,-3486,12257,2591,3318,10187,6315,-3176,11534,6274,-9607,7550,6414,-2856,6492,6373,2877,8198,8598,-984,8693,10517,3414,9518,8098,8760,9721,5190,1502,12544,1455,3479,14534,-909,11086,16398,-84,7395,21238,1856,5865,21891,2733,4438,20947,1486,5863,22047,187,-63,19501,-706,-8444,16494,-1811,-1002,12896,802,3351,13139,2685,-3639,9440,6972,-6409,11140,5717,-298
14784,-531,6018,19694,705,8496,20514,2438,11394,22864,652,2495,21349,1808,-816,22901,1015,807,18344,-1865,-3596,14685,-1117,-6333,13751,2168,2225,11877,5698,1573,9503,6519,-9353,9447,6788,-5340,5666,6175,2542,8163,6180,-656,5760,8372,-429,8523,8859,8693,9548,7977,5072,12139,3656,812,12811,-378,9682,15467,-844,8673,20169,64,3459,21374,3149,6717,23056,1283,8686,21370,902,4260,22009,-937,-8932,17927,-269,-6132,15262,251,2966,12995,2352,-1269,10724,5773,-4881,10830,6368,-33,7970,6535,-4347,6365,5506,-6997,6217,6605,1613,6619,10342,7950,10383,6868,3761,8629,8110,2264,12544,1628,7549,13292,1402,6306,16741,-1147,2966,20250,1551,7604,21016,2522,14178,23257,140,3631,21406,1334,-4761,21407,-143,-2094,17836,-317,-2247,14430,-719,-4265,12651,2817,666,10111,5954,1389,11010,6400,-7281,7359,6174,-7802,5496,4263,2728,7104,7557,1857,7846,10479,390,9892,9304,7409,9441,6139,6089,11902,1010,1351,14434,567,7039,17149,-295,9190,20117,1561,7249,21845,1608,6637,22578,1126,4678,21822,825,2801,21107,-1079,-8059,16377,-288,-6838
9137,8090,4105,9499,8622,656,10788,4039,6726,12697,1011,6749,14927,-1467,4189,18777,467,6923,20951,2980,12012,21965,884,5504,21888,790,-1145,21677,596,-1081,19512,371,-1755,15872,-612,-5579,13663,1725,-1591,11244,5261,4025,10676,7159,-4827,9847,6962,-9853,6800,4538,-227,5981,6474,2931,7189,7880,-878,7980,9930,7361,9916,7819,7314,11469,2819,710,12517,717,4915,15993,-1683,9713,17703,811,6896,22044,2213,5873,21637,2340,6173,22128,1253,6386,21771,-311,-5594,18277,-353,-9269,16178,486,1428,14206,3648,2503,11422,4219,-5746,9006,6834,-3399,11120,6344,-2397,6448,7416,-5679,6335,4395,-837,6184,6687,8487,8685,10337,5267,10833,6551,-609,8544,2757,6558,14013,-891,8917,16168,-42,2780,19039,1601,4751,21089,2272,12608,21790,2389,8665,22974,914,-2691,21081,218,-5069,18023,-212,-734,16391,-145,-3992,13160,3544,-2513,11632,4779,3270,9606,7890,-2681,10459,5277,-10936,5312,5295,-1776,6609,6287,5515,7377,8337,1490,8760,9288,3772,9567,6441,8232,10581,1995,2809,13360,-544,2909,16040,-198,9346,19396,2164,8517,21712,2117,7051
9432,6555,-104,9735,4025,-6241,4847,6596,-6408,8197,6234,3702,6752,11920,7242,11916,8661,1755,8820,7291,4468,12728,1697,7626,14730,567,4741,17262,314,4007,20128,1787,10197,20524,2796,10461,22945,352,1134,20836,1047,-1805,20451,-776,-975,16482,-1503,-3415,13941,-275,-5119,12203,2292,4073,9915,4245,334,10343,6614,-9729,8827,6239,-6507,5558,5553,2908,8303,7330,798,7944,10319,1819,10792,9695,9513,9588,6872,2615,13299,1616,1011,13607,1027,9259,18319,198,9688,19913,1692,6859,21109,2677,2802,22061,1378,6422,20977,729,2492,19896,-1865,-8806,15461,-1795,-3283,14315,248,4056,12331,2711,-2078,9864,3994,-6168,10073,5651,-1689,8612,5623,-3089,6619,6143,-4887,8491,7323,1522,7639,10832,7750,10889,8434,2119,9862,6611,2136,12972,3188,9401,15517,1621,7497,16894,-268,2793,19775,1196,8599,20672,3891,10148,22836,864,2427,20096,265,-3821,19647,-1728,-2302,16119,-392,-1099,13900,-1238,-4261,11337,1758,1628,10159,4635,1564,11293,5784,-7658,8048,6887,-8564,7104,5275,2347,7168,10302,2582,11647,10091,1460,7803,8870,7306,10261,4815,4880
18804,-435,-7779,16546,-990,2379,13897,-481,343,11821,2975,-4923,10251,5183,-103,10914,7473,-2057,9316,5594,-9106,6120,5904,-1043,7407,7511,5485,9453,10852,3238,10608,9380,2776,9842,5331,6278,11946,2288,6497,15621,-177,4342,16603,378,6986,20062,1487,12121,20659,2601,4693,22391,1164,-695,20594,284,1966,19231,-600,-1901,16489,-2066,-5610,13458,227,-1836,12258,3209,4356,10411,4196,-3658,9775,7130,-9087,9978,5023,-2128,5502,7046,1481,9432,6636,-2739,7134,11207,5818,11414,9086,9289,10054,6218,88,12897,1270,3629,14637,578,10587,16929,797,7302,20512,1353,5500,20372,2298,5233,22216,1861,7226,20931,-758,-1469,18634,-1368,-9600,16147,-1817,698,14060,867,2762,11795,2505,-4878,10150,3787,-2870,10651,5812,-522,8900,6678,-6851,7170,5942,-4213,6871,8277,4353,9725,11477,6529,11133,8921,2033,9211,5834,4642,12923,2493,7581,15323,653,4582,16655,458,4905,20446,1635,11916,20648,3152,7807,22207,-700,-862,20159,737,-1623,19692,-1287,121,16043,-2533,-3103,12684,-538,-4195,12555,2193,3434,9761,5425,-2075,10805,6527,-8798,8941,6281,-4730
18498,-896,2911,19232,2788,7754,21024,1890,9970,21103,982,3770,20857,-449,-6633,19026,-539,-4326,15832,-624,2005,13953,-522,-3166,11575,3150,-2311,9998,5577,1583,11866,6552,-5220,8320,7055,-8479,7554,5765,1829,6636,8354,3670,9960,9950,1339,10355,9068,5815,9963,4884,6783,11964,1157,3919,14821,738,5231,18030,233,8837,19060,2589,10544,21221,1269,2505,21270,1170,1758,21111,575,3519,19063,-1400,-4928,15768,-923,-6753,14599,804,1813,12277,4047,2516,10304,4677,-6740,10810,7226,-5132,8856,6128,20,7030,7647,-2369,9123,6840,-1854,6476,10024,8085,11070,7192,6516,9668,5530,180,12339,1785,6745,14479,278,10267,17196,-157,3992,19869,1925,4544,21040,2245,9161,21317,951,7606,20894,-536,-4975,19424,-732,-7091,16712,353,1458,14546,1031,-1583,12279,3719,-4018,9913,5572,1289,11946,7109,-2591,8538,6570,-9181,6851,6094,-1127,6594,7421,5726,9101,9304,2533,9669,8464,3775,9938,4349,7796,11218,1444,4921,15212,-690,2925,17225,1354,6925,19747,2137,10863,21065,1066,7057,21323,805,748,21420,491,1029,19557,-247,-2667,16976,-1119,-6945
9385,8656,8848,8547,6834,1845,10889,5457,2842,12433,1731,7670,14485,-498,5550,17445,676,3316,20905,2204,9402,20668,2806,12599,22359,43,510,20642,914,-4904,19920,-315,-1508,16674,-502,-2185,13699,938,-4732,12635,3222,1677,9239,5923,28,11699,5083,-8696,7060,6001,-5752,6386,5894,4134,7570,8788,1714,9593,10823,1755,9823,6918,7735,8047,3859,3723,13885,771,2291,14878,2001,8268,18025,-272,9316,18751,926,7051,22253,1982,4129,21706,2175,5036,21901,346,2354,18558,-1366,-8183,16450,-332,-5031,14863,2652,3346,12900,3579,-1198,8657,4426,-6628,11078,6274,-1418,7902,6714,-1952,7265,6928,-3876,7530,6960,812,7270,9507,8713,10646,7144,3374,10128,5860,1441,12532,845,8874,14392,656,8030,17746,-796,1738,20412,2091,7294,20988,2636,12751,22071,29,3849,20447,212,-6109,20055,409,-5503,17264,1359,708,13961,202,-3424,11281,3089,-1274,10335,6351,1970,11945,7079,-6464,7406,6165,-8519,6042,5372,3027,7691,8651,3843,9253,8058,639,8376,7872,6393,10974,4240,7575,12261,1389,1683,14754,117,5260,17482,-5,9112,19411,2414,8773
10895,6635,-454,10898,6473,-1439,8128,5811,-8241,5818,5539,-2594,6463,7827,7030,8487,9584,5015,9708,6081,1778,8128,2349,7546,11839,159,5747,14979,-418,2956,16655,587,5578,20868,2667,9615,21238,2467,8997,22457,552,688,21161,933,-407,20283,722,-191,17912,305,-6529,14241,2853,-4091,13366,4705,4179,10910,6841,-2664,10834,6277,-9834,7482,4587,-2543,5373,6780,3084,8167,7669,-203,6965,8905,4494,8697,5430,8940,9196,2940,1825,12481,-4,2488,14137,-249,9334,16847,973,6425,21485,2477,4343,21348,2176,7432,21711,1276,8192,22572,-550,-854,19075,622,-9120,18087,422,-1808,14672,3780,2066,13399,4385,-3934,10533,7101,-3875,10533,5899,-977,7377,5998,-5413,5983,5747,-3823,6065,7685,6145,7937,9625,7506,9913,5366,1293,7742,2900,5156,12656,-708,7545,14511,-185,3873,17536,487,3852,21119,2469,8974,21398,2310,11914,22880,36,1616,21329,387,-4307,19991,872,-337,17974,1094,-4092,14697,3319,-5140,12638,5102,2595,11068,7503,-454,10614,5877,-9698,6684,5392,-5625,5265,6010,4990,7752,8546,2517,7518,8707,2110,8309,4962,8556
21930,-2009,-6766,17862,1215,-5443,18562,2760,1497,15587,5237,-2567,11788,6753,-3930,11959,8076,1047,10468,6671,-6847,4735,5677,-7805,6025,4635,4313,5457,10206,8265,10294,5331,2509,4108,3890,3829,10522,-1701,6183,11864,1074,3579,17281,174,3948,18308,1170,8453,19825,2711,9819,24020,142,4971,21657,2856,-1427,23030,-610,1164,18493,320,-1271,17172,1996,-7364,15886,6493,58,12342,7832,2386,11988,8434,-7733,9638,6588,-8729,4625,5745,2211,7311,5791,2402,4909,7262,675,7160,5493,8064,6849,4312,5978,11081,-611,432,11067,-1213,5932,16563,-368,8992,18860,2641,4530,21943,2399,4629,22207,952,9479,22671,1378,5270,22409,-105,-6496,18935,650,-6927,16851,3320,1560,16086,6393,99,12771,8522,-4996,11623,8159,-2143,9017,5725,-4025,5315,6538,-6782,6234,6080,1907,5324,7551,10730,6795,3486,4529,6975,3327,353,10041,-825,6342,12159,161,5089,16858,-784,3722,18766,2328,7252,21478,2656,10438,22760,835,7081,22733,1324,-4090,22023,823,-1886,19365,1572,1338,16956,2204,-4985,15089,6676,-2989,12947,9104,2563,12331,9221,-5751,9164,5535,-10420
16034,1557,6081,21556,1577,2955,20697,2187,7903,23723,1657,10528,22725,1354,-936,21296,577,-6726,18822,2316,-976,17041,4542,-1036,14242,5818,-5227,11677,7596,-591,11491,6901,-1151,6786,4645,-8080,5090,5124,-3721,4590,6081,7787,7485,7929,6678,7957,4495,946,5760,293,5559,10896,20,5256,15119,941,2174,17414,1964,6624,19958,1045,9674,21513,2080,8130,23359,1292,2663,22961,1546,-662,20724,1219,1665,19513,742,-5828,15840,4696,-5536,14827,5982,2484,11131,8144,-1329,11379,7106,-9469,7018,4320,-3236,3746,5562,3480,6949,5250,-199,4753,7459,5120,7741,4508,8811,8379,2843,1867,12282,-728,1538,13413,782,7060,17349,1230,8293,21158,1194,3335,21059,2120,7298,23470,974,10972,22085,1217,31,21564,1027,-8911,18634,2379,-3341,16745,5462,1441,14308,5124,-4130,10113,6866,-3040,11322,6834,-1204,7631,6431,-6052,5053,5233,-4322,5080,3497,6469,5698,7772,8901,8544,4948,-290,7207,2404,4409,12253,-846,7304,14339,939,2229,17913,849,4209,19702,1611,9621,21413,1600,10395,23765,1860,4097,22191,2093,-3729,20841,1080,224,18919,2253,-3520
[row took 88420us]
5650,6713,10009,8007,4979,4835,8560,1809,645,9879,-233,5542,14064,692,6457,17537,1545,3987,19645,1898,5533,20517,1324,9732,22478,1699,9547,22831,1986,-4511,20701,715,-4847,18813,3151,932,16965,2788,-4003,13439,5244,-3556,12089,7060,2756,11990,8713,-4354,8424,4137,-9184,4282,5314,-1112,6584,6325,6610,7133,7018,3822,7115,5029,3092,7971,986,7904,10104,853,2666,14797,62,1162,16314,1593,9263,19355,1875,8406,21096,837,4907,22009,1558,6051,22683,2130,3338,21049,1412,-1672,19179,2014,-8010,16657,3654,-2472,14411,5771,3828,12524,6161,-3888,10072,9157,-7787,10506,4809,-2071,3726,6177,-434,7698,4411,-622,4667,7811,7557,9065,4291,7694,7045,2174,205,10510,-1043,3604,13121,617,7979,17386,1374,5159,19680,2236,3607,20211,1528,8058,22461,2252,11093,22781,1373,-853,20766,1264,-7116,18643,1999,232,17678,3895,-1653,14738,6051,-6027,11529,5271,1721,11319,7146,-1109,9493,5977,-9878,5462,6351,-2915,6169,4657,6653,5890,6966,4409,8314,4244,1909,6884,1985,7569,9652,260,4986,14763,38,872,15595,2415,5897,19186,1520,9628
12047,6085,-3012,11649,7913,561,10648,6519,-6142,5769,5019,-7415,5694,4242,1738,5817,7481,8823,8460,5484,4128,7064,3529,2133,8426,-864,7109,12525,562,2987,16019,1294,2322,18158,2018,8593,19977,1723,8705,22185,1941,6848,22702,2173,1442,21620,1571,-58,19749,1595,-1564,18234,2386,-6906,15327,5089,-1850,13248,5960,3742,11678,7946,-4616,10727,6758,-10687,5801,4356,840,6055,5720,2575,6868,5758,463,6305,6077,7929,7425,3159,6701,9109,303,31,11942,44,3508,15467,1319,9196,17685,2630,6581,20895,1326,2327,21095,2540,7612,23045,2150,10488,21696,1323,-3230,19800,1433,-8064,18389,3080,124,16054,4899,-871,13061,4766,-4526,10940,7533,-581,11783,7029,-3065,6552,4638,-6927,5808,4779,-1909,5461,6087,8254,8139,6704,6498,7588,3958,689,7429,313,6337,11913,400,5119,16033,1220,1473,17306,2395,7223,19787,1335,8450,21249,2079,7619,23210,2057,3528,21737,1300,-1744,19696,1501,78,18875,1888,-5325,15862,5420,-5805,13615,5260,3636,11401,7209,-641,11139,6297,-10791,6519,4308,-2053,5301,5567,3231,7804,6572,26,6355,7163,4994
22534,1496,8462,22008,1378,-1168,20455,1444,-2085,19089,3250,-2448,16785,3243,-7328,13459,3542,-1158,10814,4376,3548,10708,6219,-5358,8794,5203,-9328,5269,4009,2132,6421,6527,3546,8338,6988,286,7870,6702,6248,8715,3234,7759,11466,1326,542,13600,1062,2945,16646,1096,10352,18691,2668,5837,21532,1759,4454,21416,1917,9485,21879,1421,5432,21158,790,-5700,18561,2254,-8899,16629,2934,-207,14155,3954,1593,10837,3374,-4552,9816,5561,-3017,9387,4574,-1027,6052,5524,-4120,7220,5547,-2235,5933,8122,8048,9879,7866,6124,9801,4678,509,10154,1024,6066,13168,946,6860,16748,1337,3702,18687,2211,4954,20483,1612,9481,21630,1880,11106,22491,943,-510,20530,946,-4831,18442,2223,-1239,17197,2605,-5322,13822,3938,-3860,11438,3313,4305,9589,5174,-1749,9986,4638,-10583,5714,5559,-1110,7100,6509,4822,7927,7426,-67,8377,7834,4096,9610,4804,8399,10291,2855,2375,14293,0,1656,14848,1453,9077,18791,1835,8312,20719,2037,4632,21511,1577,6972,21559,1158,6559,20903,746,-2353,18664,1441,-10113,16975,2582,-2229,14727,4018,3286,11717,2577,-2991
9616,1555,6711,12117,1845,2253,15276,1864,3670,16950,-397,10257,18133,2390,7008,22082,1488,4561,21671,2324,5721,21056,184,4174,19443,52,-4960,17921,2036,-8568,16015,3750,525,12777,4115,1791,10749,4357,-5094,10869,6129,-4476,8295,4526,-857,6190,6945,-3073,7909,7525,-1146,8308,8341,9686,7986,5397,5694,9831,3252,43,11676,1787,5427,14205,-2,8083,16079,852,4226,20275,2819,3367,20611,2094,11688,21124,836,9552,21657,206,-4246,19806,878,-5705,17964,2072,-340,15885,2024,-2926,13434,4169,-4023,11027,4975,2391,11250,5654,-2558,8307,5318,-9803,6228,6122,-727,6964,7618,6064,8760,9385,3274,9988,7195,2990,7483,2214,6982,10435,534,3722,15630,392,2822,15644,1967,8235,19064,606,8702,20993,2073,6023,21826,2107,3831,21925,1436,3772,19670,162,-1042,18289,617,-8412,15948,3075,-2722,14600,4981,3222,10932,3840,-4091,8982,5730,-5803,10488,4891,-1900,5521,8149,-431,9445,5462,-2527,4699,9060,5206,10379,6039,8749,9098,4785,971,11573,365,3890,12333,361,8917,16641,1277,4963,19687,2523,1858,20591,2350,9329,21071,1501,12577
8814,5250,-6429,7194,5267,1258,6838,7505,11,8458,8334,53,7583,8361,8529,9125,4384,5567,9673,1681,279,13320,582,6158,14674,731,9294,18298,1616,3601,21100,2528,4238,21503,1631,11544,21480,868,6717,21800,52,-6075,18188,1594,-6431,17783,2253,359,14531,3228,-2179,12035,4120,-3483,10576,5205,101,9633,5666,-3427,7686,5954,-7555,5962,6435,-342,7271,8653,8181,8860,8302,3795,9296,4807,2165,8779,1549,7537,13185,749,4377,15376,768,2847,17630,1516,6904,20573,1991,10483,21641,879,8659,21719,534,-51,21348,873,-1379,19501,2073,-1444,17794,1488,-7071,13987,3221,-1855,12515,4518,3908,10936,5672,-4733,9292,6106,-8897,7360,4996,-573,5733,7725,2598,8938,7749,-358,7140,8688,6078,8840,4394,7936,9314,1765,915,13229,332,3417,14585,148,9632,17229,1491,5724,21329,1597,4474,21450,1327,9657,21498,1163,7221,22034,432,-3977,19142,2085,-8361,18103,1712,-317,14274,3879,1104,12903,3684,-4701,10074,5950,-2632,9755,5646,-1135,7989,6211,-6234,5972,6861,-2979,7264,7943,7780,7810,8932,6306,9865,4219,632,7795,1378,6595
20146,1110,-6192,18172,2483,-6006,14930,4457,2813,13418,5046,-747,11049,6902,-7705,9947,5862,-2953,6522,6011,-843,6496,6369,-3190,6454,8314,3305,7206,7622,9812,8419,3773,2680,8091,334,1744,12232,-964,7633,14247,1032,6249,18788,1206,2376,20740,1913,6811,21348,1931,13218,23677,473,4355,21016,462,-6282,19671,1184,-3341,19013,3417,-567,15525,4191,-3838,12336,5458,-1769,11284,7250,1462,11110,7274,-7889,6118,6146,-8278,5628,5022,4268,6189,8157,7367,7889,5470,2847,6739,4724,4053,9092,86,6179,12477,-405,1872,14690,1695,4379,19251,910,9397,19534,1634,8451,22067,187,6044,22544,2393,1924,22847,1634,1388,19721,481,-3042,17256,2051,-7921,16171,4421,533,12838,6890,1898,11332,7392,-7771,10253,6720,-6364,5653,5918,1214,7444,5965,-791,4964,8717,2170,8629,4760,9433,4467,3802,3271,11294,-754,1252,11028,1063,6457,15795,448,7811,17221,1116,4214,21764,1659,4369,21271,1678,12032,23434,1092,6239,21986,858,-6594,20005,1026,-4850,17894,3840,625,16578,4408,-3324,12146,6583,-3410,11819,6824,193,9732,6344,-4397,6064,6418,-8086
19774,2055,8600,20723,1879,2904,22105,893,7764,23044,1465,7375,22288,1390,-1792,20448,1877,-8417,17589,3274,-2026,15758,5771,1530,13505,5635,-3735,10230,8091,-5146,10620,4990,-1582,4452,6617,-3293,7297,5814,-3237,5668,7782,8590,5953,4291,7942,6842,1512,-835,8252,613,5540,13799,519,6870,15813,2053,3363,18626,1303,4535,20575,1271,8680,21902,1426,11363,24003,715,1337,21301,1428,-5739,20366,2096,525,18572,3946,-3005,15501,4776,-6157,12667,5998,1619,11439,8188,-229,9919,5343,-10365,4678,5847,-3867,5745,5487,5488,6038,7886,4683,7635,6123,2588,7383,1935,7041,6421,-149,3495,14705,-1087,613,14854,3238,7640,20023,1279,9645,19494,721,5709,22895,829,5743,23069,1723,4914,22654,2151,227,20024,1525,-6332,18069,3267,-4774,15481,5911,2183,13548,5900,-2530,9866,8402,-6737,10822,4586,-2771,3703,6072,-313,7346,4987,-2797,4290,7582,5240,7453,4610,10262,6711,2944,1164,9957,-46,2129,12738,878,6659,15893,1464,5417,19184,1024,3627,20270,2317,7457,22529,1257,13293,22768,621,3061,22007,1296,-7830,20345,2417,-2025,18247,4644,-554
7277,7519,7124,8616,4831,6914,10280,1304,232,12366,411,4118,15468,1574,9448,18188,1493,5818,20824,1904,2765,21471,1314,11737,22598,1786,9126,21661,1285,-5487,20003,2057,-8597,17651,3530,-182,15510,3635,-1033,11980,3589,-3873,9185,4850,72,10667,5354,-2750,6591,5353,-7331,6051,5656,-1406,6185,7230,7554,9223,8074,5391,8323,5605,451,9408,1312,7011,11650,707,5349,16371,1062,1515,17784,2209,6535,20150,1495,10311,21399,687,10424,22597,1355,991,21650,1705,-3049,19910,1841,-1163,17880,2551,-6732,15021,3017,-2964,12488,4293,4292,10089,5439,-3145,9646,4837,-8274,7158,4288,-2055,5587,7982,2361,8465,6249,43,6590,8511,4382,9253,5224,8134,9637,3191,3000,12740,-43,1080,14145,889,9180,18109,1934,7310,20771,1954,3145,21036,881,9941,22304,1253,9608,21408,1314,-2479,20043,1290,-9415,17574,2300,-2441,15523,4230,1749,12801,3655,-3174,9505,5089,-3442,10281,6030,-1065,7955,4738,-5351,5056,6171,-2983,7688,6244,6018,7761,10036,6906,10075,4897,329,8727,3133,4584,12105,-251,7590,14921,1199,3478,17480,1508,4860,20523,2023,8038
10492,3050,-5788,9285,5596,-3050,10234,5703,-1800,5741,6922,-4068,8235,6556,-1098,5992,9108,8635,11010,7646,5501,9665,5035,-98,10499,1508,6470,13503,1199,7564,17123,825,3921,19215,1916,5186,20351,957,12185,21783,796,9081,21443,878,-3632,20586,1058,-5511,17916,2332,-583,16619,1359,-3579,12779,3293,-2678,10993,3328,2831,9935,5874,-3382,9510,5494,-10275,5944,5447,265,6973,7024,4407,9188,8673,841,9219,8538,3881,9673,4424,7385,9932,2654,2624,15395,503,2774,15116,1371,9408,19071,1437,8178,20164,1153,6917,21718,1100,5053,21161,1254,3801,20831,1163,-3763,18473,1445,-8687,16053,1329,270,13149,3393,3348,11587,2502,-5057,8693,5640,-5294,10672,5157,-914,6200,6320,-1817,8241,6527,-3615,7152,8861,6039,10065,9162,7709,10212,5116,237,9493,1951,4371,14014,207,9069,15718,1825,5163,19429,1543,2824,19205,1746,10404,21726,1284,11670,21371,509,-800,20506,1195,-7268,18712,1913,-1074,16817,1618,-1375,13045,2096,-4094,11414,2351,1675,9325,5409,-508,11085,5303,-9424,6348,6257,-4124,7128,6262,4988,8452,9197,2375,9800,8251,2340
20829,500,6260,21088,-236,-7004,19529,878,-6925,16975,2037,1763,14944,784,-1981,11594,2596,-2774,9749,3343,1717,10896,5999,-3813,8366,6436,-9085,7197,7313,1147,8002,8789,5011,9041,8414,1671,9750,7157,4278,10090,4286,7239,12591,2622,3053,15363,770,4009,16248,657,9056,19313,1717,9930,21358,1157,6402,21142,923,1512,20372,266,2187,19505,971,-3887,17338,1707,-7162,15004,1395,589,11807,2330,3692,10205,2484,-6081,10369,6502,-6442,9356,5750,-570,6482,7431,123,9213,6950,-3732,7469,9348,6613,10530,7303,8433,9743,4785,-265,12251,1930,4011,14057,1508,10128,16993,1094,5547,19673,1766,3855,20128,1173,10902,21000,1128,8599,20941,-542,-3854,19199,1165,-8535,17779,1355,508,15406,1468,497,12461,2139,-4283,10022,2600,-460,10550,5518,-523,9618,6260,-8066,6975,6747,-2512,7553,7468,3962,9219,9848,4067,10697,8209,2279,9106,4678,6362,10960,1780,6169,15039,1001,2554,16117,1992,6808,19227,1514,10385,20071,916,9037,21592,804,1717,20598,321,1199,19892,1179,-2079,17816,393,-6237,15216,1712,-2595,12898,2588,4111,10627,2413,-2258
10151,2941,8002,13861,2348,4963,15367,1066,2948,17534,891,7766,19556,1829,11228,22168,883,7071,20840,663,-583,20381,388,-1303,18937,1174,-2584,17100,995,-5914,13898,2403,-169,12161,3134,3415,9440,4123,-5718,10114,5650,-7797,7701,5763,540,7353,8126,1391,8260,8774,-1844,9684,9587,7283,8962,5586,7060,9528,1911,191,12979,1605,4949,15518,2237,10123,18236,639,5823,19212,1425,4523,21564,778,8740,20986,2265,7701,21348,-538,-4551,18084,1271,-8457,17510,1101,1024,14398,2980,863,12162,2322,-5074,8743,4213,-1845,11203,5017,-716,7944,6428,-6693,7514,7133,-2792,7115,8737,6046,10342,9216,5599,9663,5564,978,8542,3488,6393,13531,1574,5787,14561,1439,3378,17933,1000,6255,19884,1870,10388,20313,1365,10257,22243,133,-369,20032,1217,-2568,19941,1111,-862,17031,921,-5132,13987,1702,-2368,12836,2278,3800,9048,4157,-3795,11218,4655,-8715,8001,5905,-1883,6560,7780,3333,9041,7782,-1653,8235,10242,3715,10950,7158,8834,8731,3484,1724,11974,557,1705,15145,1319,10593,17000,2590,8345,20399,218,4155,20303,1764,7019,21527,982,7887
8366,6725,-7714,7772,5605,1399,6796,8517,2880,9830,8152,-274,8525,8899,6170,9695,4350,7711,10470,2659,906,14687,801,5209,15090,182,9580,18475,1806,7003,21445,1683,5693,21330,903,5834,20187,1551,4577,21770,-212,-5097,17553,1749,-7083,16220,440,1744,13032,3054,1414,11589,2856,-6519,10346,5278,-3417,8537,6185,-368,8724,6913,-4951,6579,7772,-2457,8244,8045,8376,8340,9425,5391,11198,3991,218,8818,2807,6771,14596,321,8258,14704,821,3208,19488,1730,4527,20902,1271,11913,20824,1017,9145,21656,178,-3301,20993,821,-4545,18153,1844,479,16909,438,-3884,12909,2689,-3488,11518,3696,3080,10768,5851,-3156,9118,6595,-9953,7702,6329,-1490,6006,8174,4451,9617,8242,1522,7932,8729,3762,9547,3849,8292,9248,2916,2720,15017,58,2504,14014,351,8887,18877,1405,8664,21355,1203,6557,21465,1153,4667,21052,986,4234,21749,832,-1953,18292,1710,-7944,16462,786,-956,13433,3592,3011,12043,3526,-4996,10535,5939,-5702,9003,6267,-992,7841,7500,-2375,7439,7070,-3672,7289,8150,6299,7982,8294,7964,10516,3536,595,8082,2450,4541
19241,1668,-3614,17612,1590,-6441,14289,3745,2161,12304,5415,512,11491,6478,-8353,8780,6746,-5555,6292,6197,1473,7055,7247,-698,7337,7953,1808,7192,7025,8919,8040,3103,4356,9241,562,493,13449,-38,7200,14748,614,8013,19031,1349,3384,20821,1928,6556,22010,816,11713,21928,1123,4046,22398,1155,-7668,19261,1990,-4380,17246,2602,1359,15096,3506,-2394,11648,5381,-4768,11710,6505,-240,8796,7311,-3907,7550,6167,-7536,4904,6398,1797,7033,7257,9258,7536,6926,2733,8290,2987,2639,8591,617,7615,13884,139,3536,15190,704,2279,18901,1785,8297,21038,1116,11390,21974,503,7328,22089,1377,-1876,22709,1970,-805,18870,1251,-768,17067,1836,-7849,15274,4304,-435,12357,6530,3166,11472,7198,-7334,8741,6699,-8377,6045,5426,1620,5838,7023,2595,7662,5895,1540,5957,6973,7180,8556,3238,5143,9527,1079,563,12964,-174,4766,15416,1082,9652,19460,1435,6105,20794,568,4862,21560,255,9110,22495,2780,4507,23528,1331,-4520,18812,1670,-5851,16903,1879,-3,15266,4696,-716,12156,5790,-5733,10848,7789,-2289,9520,6387,-1607,5459,6994,-4991
17806,580,10658,21270,624,5227,21887,1797,5282,23483,1722,2967,21655,2562,-627,20326,969,-5345,16907,3441,-3983,15203,5734,2152,13404,6153,-2403,11022,8736,-8329,9579,5310,-2628,4626,7314,1187,7716,5221,-2709,3850,6968,5842,7446,3797,9541,6984,2624,143,10002,-58,2935,12687,-866,7983,15715,2042,5646,19952,1220,4596,20399,2113,5886,22362,671,11779,22919,1644,2534,22010,1984,-7672,19974,1598,-1159,17098,3943,102,16099,4628,-5414,11895,7051,-1043,11993,8030,-30,9351,6192,-8681,5184,7028,-5463,6254,5739,5652,6377,6750,7836,5402,2411,1760,6584,1333,4463,9042,994,6646,14806,732,915,15511,1965,4789,19367,918,10527,20436,1872,6864,22700,609,5309,22812,1792,1554,21951,1828,742,20033,1225,-4051,17138,3622,-6562,15695,5214,1495,12845,7191,790,11942,8568,-8711,9075,5989,-5616,4232,6367,1846,7506,5052,-665,4894,7165,4624,7159,3827,9521,6302,1716,2157,8803,-478,-364,13557,694,7041,16051,2726,9086,20182,314,4742,19220,1517,4037,23197,543,10809,22354,3040,4125,23050,954,-6843,18899,2303,-2985,17976,3725,1751
5976,5245,6263,7273,2276,6317,8626,738,437,12247,-486,1721,15626,1519,8798,18083,2556,8767,21409,1015,3334,21050,1893,6583,23477,1807,8108,22092,2136,-2628,20588,2130,-7835,17994,2814,-114,15945,5805,881,13963,5586,-4294,10351,8607,-3529,11649,6050,-2236,5267,5980,-4712,6726,4797,-2513,4293,6104,8614,7385,4979,8157,6659,2347,-427,7818,255,4632,12293,500,6644,16143,1644,2280,17637,1539,5859,20123,1093,8964,21735,2297,9148,23479,1661,2918,21913,2007,-4022,20238,2536,623,19132,2391,-3219,15753,5436,-6190,13993,5434,2651,11076,8901,380,11504,5334,-11326,5728,6374,-4467,6090,5167,5363,5647,5334,2716,6138,4894,3966,6658,2752,7295,8467,1245,3082,12163,-354,68,14577,1617,6489,18036,2500,9741,20637,1355,4618,21050,1424,5086,23319,1740,8444,22112,2107,677,20973,1125,-7554,18332,3184,-3896,16582,4905,2267,14039,5603,-2419,10830,8497,-5344,11342,6376,-1737,6280,5082,-2554,6562,6193,-5837,5271,5670,5614,6253,5500,10707,6794,2894,520,7941,954,2710,11491,-124,6949,14868,1818,3751,18175,1412,3840,19314,1752,7592
12706,5021,-3678,10769,8018,-5492,10244,4504,-1116,4708,6172,-3143,7640,5200,-2455,5241,6087,8797,6603,4353,7034,8555,2038,80,9122,1103,4709,13273,570,6965,15977,1577,3690,19020,2031,4251,20360,1877,8226,21957,2314,11229,23082,1548,931,21682,1907,-5874,19454,2193,852,17714,2241,-2906,15030,4848,-5472,13037,5145,2681,10493,8267,-626,11239,6069,-11586,5308,6111,-3675,6356,4717,5838,5625,6280,4481,7280,4872,3335,7042,2963,7277,9368,1245,3557,13213,-205,-21,15241,1707,7174,18710,1983,10287,20673,1749,5036,21511,2016,4612,22851,1647,6707,21499,2761,691,20317,1236,-6860,17492,2891,-4357,15583,5255,2228,13542,5081,-1663,10383,8140,-6528,11319,5858,-3782,5183,5371,-245,7096,4252,-3401,5340,5881,4248,7106,5541,10368,8008,3301,844,8723,1309,1763,12669,241,7695,14729,2329,5309,19078,1194,3449,19065,2173,6749,21859,1914,10868,22692,2026,5576,22018,2289,-5776,19978,2005,-1422,18407,3047,-224,15809,3837,-6524,13310,5043,-766,10397,6785,2582,11709,5895,-7945,6361,4986,-7395,5749,3958,4006,5956,7111,5001,8205,5790,2438
21885,2077,13236,22364,1696,116,20984,2027,-7543,18898,2368,-1191,16944,2613,-2538,14145,3064,-5355,11022,2951,1554,9684,4914,936,9929,4984,-8986,6087,6632,-3463,7153,4960,4629,6700,7822,2513,9444,6301,1931,8733,5405,7336,10066,2441,5536,14229,317,875,14862,2299,5723,19098,1359,9841,20013,2150,6891,21969,1368,5774,21705,1193,5070,20633,1993,-298,19836,1369,-8375,16422,2584,-4930,14634,2747,3300,11687,3357,-624,9429,5161,-6523,10541,4771,-3268,5884,6598,207,8447,6166,-2694,6800,7406,2324,7953,6778,9034,9937,4956,2622,10347,3981,1049,13273,1264,7951,14688,1468,8022,18645,18,2911,19469,2191,5365,21589,2078,12782,21921,894,5339,20434,1290,-6630,19553,1864,-3685,17591,3344,-531,14924,1809,-4624,10917,2737,-1081,10026,4910,2020,11625,6136,-6263,7241,6032,-7446,6394,4793,2756,6733,8093,4736,10354,7145,1889,8456,6418,4987,9839,2636,7188,12793,1563,1796,15194,1502,3615,17448,688,9734,18933,2021,8346,21654,1237,5384,21352,1586,4164,20784,1801,2050,19731,1030,-5443,17444,1865,-6941,15254,2724,1051,12583,3565,2045
8388,4786,6589,10251,1700,5487,13986,817,1498,14550,1491,5972,18584,1888,9760,19495,1990,6697,21611,1553,3906,21363,817,4570,20346,1731,1044,19273,427,-6354,16482,2365,-5244,14962,3593,1913,12439,3881,90,10277,6141,-6873,11114,5670,-3965,6281,6219,412,8599,6720,-3444,7232,7307,2614,7378,6237,10037,9493,4314,2697,9974,2972,1133,12304,870,7682,14730,1448,7436,18288,1186,2926,19555,2324,5404,21184,1769,11475,21327,660,6044,20862,889,-6453,19380,1400,-3721,17532,2321,865,15019,2756,-4946,12333,4153,-1921,10703,6294,2496,11824,6144,-6173,6978,5900,-8254,6836,5422,2420,7088,9423,5878,10484,6631,2976,6477,4687,3646,9612,900,7088,12461,2182,3219,15706,1830,3066,16961,92,9433,18206,1968,8148,22036,1448,4066,21527,2510,4077,20955,884,3621,19231,765,-3182,18018,1981,-7850,15716,3597,-296,12704,4045,1749,11020,4695,-5390,11148,6639,-5274,8218,4662,36,6588,6774,-2183,7780,7453,-1446,8413,7642,9261,7876,4390,5963,9090,2495,608,12061,1487,4744,14243,864,8125,16584,1142,4275,19852,2834,3357,20477,1815,10878
10176,4759,-8164,9483,5270,-3944,7487,6036,1222,7402,6814,-1834,7792,7952,1269,8134,7329,9255,9606,4615,3697,9650,1599,677,13118,899,7433,14727,1595,8152,18399,1148,2544,20116,2743,5245,21333,1743,12246,21423,804,5668,20617,842,-6659,19203,1601,-4158,17483,2770,740,14624,2553,-4077,12105,3480,-2804,10373,4992,1293,10610,5333,-4780,7883,6107,-7547,6231,5722,1729,7397,8578,6546,9391,7937,2216,9031,5841,3162,9342,1487,7864,12148,1272,3237,15498,612,3228,16879,1586,8330,20287,2283,8841,21398,1637,6202,21215,971,2334,21117,1530,1961,19599,1067,-2470,17463,1621,-7558,14463,2220,-681,12908,4102,2753,10807,4681,-5915,10386,5628,-6412,7774,5497,529,6839,7033,-728,8084,7871,-1448,7572,8410,7887,9445,5879,6588,9346,1769,800,11532,1096,5285,15277,576,9243,16463,1486,3937,20539,2157,3057,20719,1875,10799,21755,656,9280,20974,524,-4173,19758,872,-6592,17826,1888,610,14989,2691,-2239,13364,3774,-4129,10532,5096,595,10987,6307,-2445,8351,6293,-8092,6277,5994,-1979,6831,7970,6804,8955,8571,4840,9377,5885,1495
21116,1398,2858,21553,436,-7594,18331,2156,-3923,16456,2858,1738,14351,4084,-3216,11173,5807,-4165,12153,6415,-345,7677,6738,-4265,7191,5215,-6295,5880,7119,2426,7786,8397,9355,8753,6338,2345,7380,2485,3014,9774,-149,7974,14523,365,4187,15644,612,2534,18963,2140,7537,21020,2006,11042,22257,839,5887,21470,1167,-2128,21466,915,-495,18439,2264,-1683,17458,2034,-6984,13597,5056,116,12076,6014,2639,12335,7144,-7124,7967,6088,-8556,5800,4498,2276,6483,7622,2578,8196,8023,1226,7485,6249,7835,7282,2232,6123,10371,117,-65,13876,655,5752,15524,292,8970,18640,2475,5369,21856,1738,4713,21901,1117,8782,21584,1255,4874,21633,127,-5382,18690,2140,-6584,17089,2710,1048,14495,5114,-610,11989,5906,-5247,12064,6820,-2439,7791,6458,-2478,7249,5085,-5388,5781,7208,-14,7486,7984,9756,7591,6842,4760,8261,1539,1031,8498,265,6815,14472,7,6135,15422,760,2314,18891,2153,5845,21422,1346,10990,21905,1160,8542,22463,1482,-2575,21439,541,-1788,18560,1802,123,17581,1971,-7151,14212,6079,-2027,12538,6118,3148,12347,8219,-4877
[row took 87868us]
13441,168,8503,16300,2073,5813,19589,1084,3010,20070,1347,7554,22494,1280,12405,22803,1205,795,21708,1391,-7620,19385,1703,-516,17291,3743,-854,15379,5030,-5676,11988,6589,-418,11791,7838,2,9088,5209,-8242,4886,5803,-5238,6015,5341,5274,6728,9289,7488,8729,3617,1449,4339,1829,4590,10763,-315,6789,14152,1420,1143,16286,1609,5036,18079,782,10110,20939,1698,7000,22488,1787,5387,22972,1461,1904,20907,1488,491,20104,-52,-4161,16677,4514,-6552,16089,5704,1358,12305,6678,890,11452,7933,-8856,9453,5494,-5146,4426,5840,2939,7162,4994,-1595,4976,7639,3209,7885,4851,10177,6941,3216,2181,10474,-454,1225,12511,-708,6895,15429,2255,7703,20400,1511,4009,20110,2809,4277,22333,366,12550,22457,1654,4937,22100,1210,-8034,19846,1521,-3695,16747,4142,863,16126,4592,-4472,12060,6741,-2766,11485,7692,608,9369,5341,-6420,4847,5468,-6230,6198,5537,2911,6985,8281,9006,6796,3708,3070,6337,2651,1923,9750,427,8175,14292,1363,2489,15938,988,2524,18396,1195,8992,20466,2026,8705,22670,867,6916,22760,1607,774,21456,1205,-175
6495,5309,-2563,5375,7063,7952,8530,6256,8167,7125,3152,-437,8065,-185,5406,12551,317,6982,16639,1573,2342,18320,2133,5040,19961,1347,8565,21598,1967,10843,23372,1558,2199,21552,1914,-4445,19717,2100,205,18439,2686,-4609,15294,5366,-5955,13703,5429,3299,10088,7854,-603,11149,5433,-10637,5780,4736,-3466,5101,4774,4913,6830,5926,2475,7199,6560,4099,7720,3279,7288,8557,1598,2534,12912,-941,345,14651,1820,7287,18251,2467,9995,20723,1476,4618,21246,1771,5854,23022,1279,7635,21630,2016,-194,20692,1396,-8142,17830,3044,-3468,15567,5161,2375,14086,4538,-2977,9702,7400,-5078,11248,5013,-1972,5695,5128,-2127,6584,5044,-4076,5675,6673,5093,7817,7377,9816,7680,3944,938,8860,1139,2555,12127,3,7668,15080,1960,4196,17980,1143,3614,19679,1541,7756,21501,1923,11583,22880,1366,5112,21896,1976,-5068,20339,1632,-1074,18393,3119,-2188,15942,4150,-6951,13385,4655,1033,10185,7076,2218,11305,5256,-8503,6669,5405,-7255,5453,5000,4333,6364,6517,3913,7494,6851,2083,7929,5139,6678,8933,2244,5834,12013,-740,183,14121,1125,4439
16802,2187,-3304,13101,3420,-3346,11726,3947,2874,10347,5797,-1304,8923,4234,-10229,5390,5287,-2328,6737,6819,6195,9252,9331,3215,8728,6288,2041,7481,3033,7070,10989,2375,4229,15455,1243,1112,14878,1414,8371,18803,788,9735,20831,2078,5243,21945,2335,5410,21839,1691,4843,20470,1669,-507,19351,1130,-8097,16278,2385,-4112,14342,3582,2823,11366,3193,-2129,9443,5471,-6389,10509,4017,-1852,4924,6141,-153,8798,6324,-4090,6724,7985,4708,8495,7038,8560,9662,4747,925,10575,2602,3264,12821,678,8035,15472,1404,6098,18952,1610,2048,20004,2154,7881,21669,1596,14193,21592,624,2203,21152,1324,-8683,19128,1327,-2156,16601,1760,-839,14182,2453,-4697,11695,3532,734,9355,5761,1521,11505,5561,-8452,6307,6400,-6271,7047,5513,3998,6847,8835,4782,9734,7328,2217,8432,5950,6163,10569,2373,6274,13121,89,729,15085,1236,5066,18190,1353,10156,19973,2153,8145,21914,804,5506,21230,1230,3894,21005,2014,686,19733,1121,-6873,16574,2170,-5811,14749,2959,2343,12268,4029,1103,9968,5116,-6886,10435,5607,-4827,6813,5512,620,7325,6329,-2641
18922,1657,10152,20993,2328,7645,21503,12,3513,20442,1780,3117,21110,1487,-1012,18327,1962,-6913,16205,1418,-3550,13517,3842,3544,12118,3440,-1973,9754,7059,-6949,10666,4765,-2876,5478,7247,131,9324,5840,-2349,6353,8086,4082,9616,6913,9603,9072,4686,1863,10247,1669,1638,13537,390,8679,15605,1609,6822,18859,1242,2232,19601,1749,7630,21586,1424,12772,21364,1008,1648,20700,1065,-8414,18734,1590,-2510,17063,2953,319,14328,2890,-4694,11285,3338,-1145,10155,5744,1619,10834,5997,-7272,6522,6460,-5304,7456,4559,2936,6413,8695,4629,10537,6778,2798,8321,6056,4882,9923,1532,7130,13416,327,2077,15020,2150,3240,18835,1322,9526,19146,2230,9462,21740,472,5443,21019,928,2866,20893,1310,-52,19291,1112,-6190,16804,2341,-5938,14597,2869,2434,12232,4086,1796,10237,5598,-6764,10655,5776,-5478,6461,5780,1218,8196,6940,-1689,7651,7606,22,7848,7017,9641,9331,5399,4762,10426,3093,-24,12785,993,6454,14434,927,8873,17793,491,3629,19792,2176,4430,21242,1613,12040,21237,1351,7358,20905,629,-6454,19286,1798,-5929,17745,3311,819
6759,8308,2878,9462,6944,9426,9819,4939,2872,10811,2186,1306,13377,-46,8128,14623,2510,6961,20404,1354,2660,19032,1955,8032,20984,338,12302,21206,1254,2537,21131,1011,-8690,18356,1367,-3885,16262,2426,1176,14955,2602,-3585,10876,3851,-1666,10213,5164,1482,10550,5607,-6853,6644,7257,-6244,8457,5943,3251,6820,8983,6139,9936,5695,1832,8375,6079,4395,10836,2181,7494,13589,1588,2564,14985,745,4084,18101,835,9071,19014,1990,8902,22262,844,5787,20678,1421,2080,20726,1308,551,19122,1292,-4977,16810,2085,-6557,14685,2846,1042,12059,3683,2499,10147,4648,-6515,10212,5879,-5983,7212,5627,1222,7918,7416,-1382,8714,7471,-641,7265,6975,9064,9168,4645,5175,10424,3278,819,12634,1550,5591,14925,1530,8625,17601,1265,3612,19984,2040,4764,20794,1398,12237,21026,1042,7178,20820,337,-6481,19313,1583,-7129,17422,2373,1607,15056,1909,-2035,11825,3266,-3629,10339,4705,1261,11345,6308,-3128,7648,5637,-8316,7021,6068,-399,7371,8916,6650,10391,8342,4412,8549,5202,1830,8139,1378,6502,12670,2725,5275,16554,2365,2467,16571,716,7639
14250,1775,-3470,11359,4030,-3036,11096,7359,898,11047,5948,-5238,6291,5746,-7130,7340,5483,2026,7099,9439,7205,10387,5404,2875,7017,5113,3695,11175,981,7374,12029,2206,2552,16727,1430,3585,17431,1438,8589,19457,1443,9515,21340,1139,5993,21639,1351,1335,20586,885,748,18761,1204,-3744,17459,2211,-6787,15034,3147,616,11973,4350,2790,11187,5637,-6482,9805,6295,-6689,7910,5214,829,6675,6730,-517,8432,7753,-404,7625,7963,8910,9683,4604,6164,9155,1767,8,12745,1038,5106,14799,1404,9039,17149,1168,4039,20525,1632,4342,20547,1679,10665,21331,997,7559,21076,865,-5025,18993,1614,-6513,18076,2179,1160,14691,3153,-1724,13024,3499,-4432,10587,5723,309,11059,6208,-2473,8266,6203,-7906,6409,5547,-1557,7048,7758,7224,8944,8209,4865,9634,5398,1543,8198,1592,7340,11537,1107,4888,15472,616,2131,16390,1291,6818,20041,1611,9735,20335,1842,7974,22226,934,1545,20549,1884,857,20503,1416,-592,17939,1898,-6563,14924,2494,-3419,13216,4114,3591,11382,5136,-3124,10905,6030,-8367,8138,4762,-1278,6065,6699,883,8523,7549,-1529
20426,1665,11198,22118,836,5934,21413,1181,-2010,21273,1538,-74,18677,2013,-2329,17465,1890,-6828,13523,4173,486,11875,4745,2343,11843,6590,-6996,8365,6394,-7811,6449,5086,2091,6578,7553,1441,8620,7720,739,7406,6686,8071,8312,2556,6311,9607,976,-93,14097,956,5411,15250,845,8809,18636,1651,4917,21102,1529,5487,21606,1149,9750,21249,1436,4892,22120,647,-5874,18502,2460,-6803,17642,2221,1249,14365,4413,-421,11843,4453,-5308,11494,6439,-1449,8508,6774,-2336,7900,5451,-6172,5573,6763,-804,7726,7713,9235,7514,7497,4714,9225,2761,1074,7951,935,7246,14267,274,5359,14932,685,2003,18598,1737,6297,20881,1334,11234,21469,1503,8837,22365,976,-1596,21306,1825,-2252,19315,2365,-123,18006,1910,-6244,13786,4461,-2531,12554,4721,3627,11678,6932,-4333,9071,6386,-10081,6730,4706,-328,5625,7196,3660,8860,7643,960,6786,7456,6051,8081,2284,7908,8496,969,1004,14189,170,2600,14751,627,8685,17744,1987,6780,21603,1211,5657,21271,1808,7778,21959,1235,5683,22074,1149,-3114,19179,1736,-7841,17897,2063,-474,14448,5019,2104
6476,776,6902,6726,1032,4693,14397,254,-636,14478,2831,5834,18362,607,10322,20518,1321,6759,21218,1253,5518,22848,1277,4153,22092,3086,738,20874,511,-4550,17403,2899,-5906,15943,3913,2615,14142,5836,64,10712,8903,-8464,11667,6993,-3808,5628,5387,246,6747,4652,-3162,5454,7133,3482,7282,6152,10666,6617,3049,2272,8716,16,499,11195,300,6709,15374,1250,7523,18101,1168,3497,20071,1709,5342,21718,1243,11687,22200,914,6564,22814,2054,-7176,20749,1926,-2532,18009,3044,1043,16252,3579,-5452,13382,6564,-2029,11523,8321,1431,11370,6564,-6001,5878,5820,-8562,6197,4706,2089,5066,8543,7663,9514,4353,3589,3743,2795,2677,8777,-835,7188,11917,2134,2001,15837,1530,2202,17046,373,10378,19321,1594,7835,22784,909,5511,22376,2176,4245,22354,1780,1147,20669,1658,-2833,18579,2987,-6825,16564,4984,-918,13794,6067,3320,11547,7448,-5973,10578,7599,-7999,6836,5302,321,6585,5669,-349,5159,6170,-135,6745,5321,10481,6725,3389,5354,8189,242,-420,11434,-282,5140,14158,1231,7191,18219,1978,5506,20292,1708,4535,21171,1388,8744
11259,7486,-9827,9315,6501,-5626,3767,6370,2947,7278,2788,634,4063,6599,5429,8936,3540,8340,5850,2531,1811,11696,-1218,831,13416,2153,6346,17228,2727,8910,19994,836,4863,19973,1277,4703,22806,1618,10897,23019,3001,2530,21720,1633,-7750,18836,1684,-2610,16898,4797,1237,15720,4941,-4132,11215,6432,-2990,11337,7138,-615,8794,4609,-4770,4837,5666,-5435,6673,4870,2773,5397,7617,10219,8334,3321,2072,6947,2409,2107,9850,150,7921,14054,1232,2735,16684,1695,3238,19113,1857,8919,20521,2093,9160,22693,1082,6713,22503,2604,-862,21754,2216,-341,19434,2685,-1863,17687,3301,-7375,14888,4948,-331,11943,5611,2748,10589,6753,-6756,9287,5645,-8350,5142,4646,2329,6608,5763,1907,6246,5477,1588,6834,5168,8132,7873,2865,5057,10560,964,-518,12759,604,4301,16135,1515,9245,18543,2295,6547,21793,1576,3543,21161,1613,10477,22994,2386,6088,22442,2285,-5891,19691,2783,-7017,17203,3428,926,15322,4118,-1005,11789,4709,-4959,9877,5898,-465,10072,5568,-2675,5459,4840,-6032,6554,5180,-289,5796,7300,8880,8834,5483,4904,7335,3279,358
21082,2579,1215,20933,1377,-9167,17031,2179,-4860,15975,2505,2529,13306,3076,-2322,9146,2563,-4791,10293,4232,-332,8220,5907,-2747,6949,6123,-4400,7533,6276,809,7164,8452,7880,10715,6222,2101,8914,4742,2021,11316,1745,8481,15306,2691,5214,16532,1386,2988,18795,915,6853,19797,1683,11919,22351,961,6799,21113,1750,-3217,20356,1750,-2581,18204,2739,-2557,16185,1357,-5791,12555,1962,591,10573,2951,3532,10843,4853,-5756,8690,6061,-8783,6652,4997,2301,7254,8118,1974,10246,8848,-179,8391,6696,7047,8214,3482,6814,12170,3093,201,15266,2826,4488,15024,1091,10966,18140,636,6989,20937,1765,3368,21250,1456,7793,20897,2007,6159,20540,1045,-5309,18513,1575,-7461,16131,2052,1187,13729,2169,-316,10883,2303,-4896,9774,4597,-1628,10351,5403,-1297,6918,6206,-4642,8235,7397,-3033,7766,7932,7490,9109,7362,5347,10432,4986,298,9688,3255,6675,13885,2210,7177,15615,1305,3345,17881,1542,4990,19911,1351,10289,21088,1251,10014,21074,693,-820,20528,1554,-3695,19316,1739,-631,16416,1023,-4495,13488,1958,-3674,12117,2321,4408,9524,4606,-2159
10500,1139,8108,13724,2166,5782,16527,1574,2933,18693,1588,6527,19170,1345,11911,21622,771,6729,20922,1493,-2881,20462,1142,-3008,18008,1592,-914,16758,1165,-5088,13308,3266,-1987,11052,2412,4160,10734,4523,-4611,9187,6469,-8788,8363,5505,1244,6512,8308,1651,10266,7863,-874,8039,8751,6461,10109,4034,8203,9642,2955,789,14874,1275,3281,14104,1134,9298,17753,1873,7465,21249,1992,5149,20726,290,7213,20110,1257,6662,21489,1048,-4826,18227,2563,-8360,17545,511,1132,12961,2811,1630,12366,1410,-4526,9274,5396,-2629,10835,6528,-1161,8278,6149,-5390,7243,6838,-3057,7743,7458,6218,9453,8842,6621,9940,5566,752,9378,3467,5025,13029,1671,7701,15567,1554,3634,17768,1110,4528,19458,1259,10271,20515,1253,10734,21492,937,-316,20455,1540,-4346,19431,1635,-696,17138,1102,-3834,13775,1854,-4355,12381,1751,3563,9135,4212,-1301,11425,5440,-9195,7779,6308,-2594,7261,6324,4408,8638,7489,-2299,8295,8946,2966,10408,6619,8945,8928,4763,3246,13670,767,1685,13467,2025,7668,18352,1110,8232,19335,2111,5817,20721,726,6714,20738,829,7977
10840,6033,-8675,7775,6398,-35,7812,8466,2855,9931,7741,-1816,8085,8887,4985,10628,5532,8611,10559,5144,1452,14717,1672,3463,13959,1384,9755,17889,936,7630,19904,1300,6100,21035,664,5795,20217,782,6327,20498,266,-3693,18156,1524,-9292,16830,872,812,13535,1904,3403,11936,979,-4391,8528,4226,-4739,11886,5478,39,7812,7102,-3903,8407,7267,-4268,8523,8569,4002,9627,9321,6631,9877,5838,1426,10065,4328,4498,13207,1644,9204,14377,1752,4045,18077,1390,3225,19127,1340,11042,20505,1026,10767,20722,575,-245,20430,442,-3854,18688,1454,-1182,17079,187,-2618,13897,1502,-3970,12559,1814,2881,9126,3895,-451,11908,5518,-8390,8507,7149,-4548,7384,7289,3549,9289,8259,-693,9158,8198,1571,9017,6898,9177,10625,4768,4447,12831,2528,1039,14506,1309,8199,16144,1490,9143,19828,592,5873,20049,1556,4946,20633,536,7213,19895,1051,1744,19941,696,-9135,17023,1163,-3399,14563,1490,3721,12920,1726,-2089,10031,3153,-5543,11039,5464,-675,9307,6396,-2448,7541,6796,-5245,8697,7809,212,8988,9520,8826,9938,6262,2307,9107,4658,1343
21471,593,-1137,17743,715,-8340,17464,265,-911,14250,3063,2381,13084,1584,-4473,8068,4067,-4704,11742,5620,972,8424,7289,-3891,8058,7318,-4723,7791,6841,3270,8637,9139,7530,10379,5938,1100,9223,4718,3980,12708,1692,9584,15387,2175,4523,16706,894,2357,19484,531,9451,19884,1805,11877,21835,297,1775,19921,528,-4096,19552,1929,-2652,18323,1456,-1698,13876,1145,-4310,12126,757,1672,9643,4556,605,12247,6525,-7907,8377,6964,-5330,6867,5989,3291,8616,8428,-120,9792,7875,1481,8068,6695,8268,10617,4301,5524,12346,2380,704,13745,1844,6503,16687,600,9945,18935,972,5931,20736,825,5385,20804,1203,7034,20216,949,2596,20129,977,-8728,17722,1753,-5045,15151,1841,4297,13333,1923,-1158,10458,3622,-6797,10709,5540,-1089,8827,6250,-869,7802,6618,-5361,8162,8193,-193,8500,8134,8617,9232,6485,2503,10015,4592,1073,11422,2590,8463,14069,2628,7114,16454,5,3122,17964,970,5703,19933,1345,12336,21745,1022,5919,20281,993,-3410,19961,1429,-2198,18574,2084,-1157,15730,1091,-5095,13210,1826,-995,10863,3170,2291,10715,5543,-4194
12653,913,8365,14492,2013,4613,17284,1321,2979,19841,1400,8291,20123,1620,11954,21740,-67,2669,20683,2194,-4666,20795,1509,-683,17596,1788,-1076,14879,1506,-5691,13118,2795,587,10627,5887,1046,11947,6403,-7638,7554,7142,-6875,6841,5117,3056,7340,8179,2857,9138,7340,1283,8059,5885,7570,8451,2704,5700,11974,1394,334,14547,1731,6461,16416,719,9234,19198,1325,6849,21185,1125,4813,20953,774,5711,21773,1915,3330,20859,1094,-5772,17963,1939,-5366,15300,1981,2472,13801,3034,-1031,10967,5252,-6796,11454,6168,-1835,7322,7198,-734,8325,6046,-5373,6499,7624,60,7876,7616,9745,8331,6508,3384,9216,2093,1384,9836,1063,7983,14866,1115,6401,16113,958,2351,19587,1782,6148,20686,805,12246,21406,954,6709,21789,1742,-4449,21228,1711,-2863,18069,2674,614,16534,1225,-5070,13339,3473,-2284,11039,4563,2199,12045,6903,-4751,8257,7226,-9028,6837,5634,726,6468,7662,4591,8800,7098,1517,7595,6233,5032,8155,1893,8066,9843,1507,1088,15225,1026,3473,15314,965,8817,18667,2243,8176,21697,789,6030,21381,1470,4501,21720,1478,4289
5567,7598,-4422,7246,5257,4707,6301,8237,4150,9146,5678,836,7412,4764,6958,10595,1985,6622,14028,724,1728,14919,1694,4625,19363,759,8780,20547,1307,9874,22547,369,6333,21431,471,1698,21420,2888,-565,20378,1713,-6761,16144,2942,-6097,14685,3034,2856,11606,4119,561,9624,5387,-7532,9151,5600,-4309,5574,6939,1388,8163,6561,-2130,6202,8192,2069,8666,6116,9290,8565,3056,4254,9723,2355,-187,13863,2084,6235,15621,2578,8692,19617,296,2938,20459,482,8035,21313,1185,13644,22605,1046,2035,21074,2934,-9561,20000,1862,-4066,16438,2796,1794,14345,1309,-2522,11379,3290,-3908,9273,5917,-158,10177,6024,-3755,5748,5369,-5858,6603,5489,1559,7348,9418,7312,9939,6850,1473,7263,5453,2711,10681,1281,8062,13501,2712,2981,15882,1039,3965,18726,463,8559,19569,1110,10473,22609,485,7775,21699,1429,-669,21302,2543,-1352,19952,2226,-2832,16801,1718,-7068,13872,2042,564,11723,2983,2725,9573,5142,-7118,9508,5835,-6326,6310,5525,2211,7204,7260,-616,7894,8819,-477,9477,5947,8258,5871,4899,5475,12437,1630,381,12593,3528,5013
17942,940,-3512,13545,1955,-3874,13115,2104,1626,8797,4988,-1269,11335,5646,-7667,7334,6997,-4070,6053,6759,4014,8412,6799,51,7143,7671,2370,9249,5653,8978,9660,4434,3835,13856,1433,1174,14047,2938,6984,17937,1067,8126,19959,642,6609,21086,270,7841,21196,824,6954,21433,1701,-377,20611,1371,-9436,17333,1712,-3668,15269,2810,3914,12931,1926,-2939,8146,3822,-5882,11476,5723,-829,8287,8376,-2673,6863,6428,-4667,5832,5749,3184,9487,8859,9421,8587,6096,43,9058,3322,2411,12334,1852,9645,15711,3663,4537,17740,182,2807,18265,211,8387,21337,-109,13600,21692,1620,3486,21695,1623,-5727,20157,2719,-2098,18039,1679,-1088,14982,2116,-5677,12865,2198,184,9008,4482,2415,11249,5296,-6461,7495,6187,-6977,6610,6534,2702,8253,7697,2038,8360,7434,280,8640,6443,7015,9626,4107,7198,12122,1871,1201,14370,2132,4876,17367,1009,9276,19128,1621,7126,21259,236,6888,20763,1060,6485,21521,2014,2409,20835,2146,-7979,17755,2065,-6368,15214,1781,3160,12986,1933,656,9864,2804,-6702,9591,5026,-2785,9422,6214,-949,6579,6332,-3417
18821,1505,9145,20145,1051,8742,21053,-359,4434,20147,352,3499,20355,2146,-1324,19258,629,-7998,15218,549,-2582,13135,708,4708,11696,850,-1819,8689,3784,-8034,10392,6022,-1535,8372,7004,-264,7630,6944,-3876,8657,8075,2082,9373,10325,8812,11173,6341,1797,10673,5728,1034,13911,2291,9975,15315,2665,7278,18150,375,2738,19761,966,9386,20518,640,11466,20610,267,886,20059,1015,-7522,18937,567,-2856,15632,1070,1750,13646,-344,-3857,10947,1176,-694,8893,2738,774,10986,4547,-7368,7767,7914,-6478,8608,6327,4203,8660,10286,1628,10684,8759,337,9367,7454,6383,11066,4476,6214,13404,3862,3453,15687,2408,5763,17162,919,8870,19093,1010,10329,21208,735,4332,20116,718,1723,20279,866,1047,19053,219,-6415,16166,758,-5079,13427,-1024,4650,10889,432,1621,10161,2369,-8388,10426,5550,-3999,8292,7077,789,8418,7270,-3254,9043,9334,-1817,10058,10681,8391,10670,7620,5653,10306,4037,-1241,11927,3355,7185,15867,4036,10628,17812,1462,4381,18414,176,6248,20205,205,9989,20326,1661,4689,20917,434,-5249,18283,330,-4440,16405,-88,2852
8550,9187,977,9794,9415,9570,10901,6677,2151,11147,4928,1249,13345,2178,10468,15026,2236,7391,18873,684,3614,19227,1263,8358,20461,879,9594,20348,65,1241,19362,949,-7947,18767,15,-2354,15379,27,3422,12855,-1153,-3340,11354,1243,-2205,9463,4284,864,11515,6510,-6531,8680,7515,-7310,7769,6772,3388,8891,9300,3699,10832,8946,1182,9614,8363,5117,11257,5291,6574,13646,3437,3676,14893,1660,4593,17406,586,9885,18737,1197,11400,21311,-167,2722,19619,873,-237,19998,1006,985,19306,-397,-4848,15212,-391,-3999,13901,-431,3381,11135,1779,726,10143,2424,-7576,10369,5246,-4965,8546,7743,1246,9412,7070,-2076,8588,8963,-3091,10036,9856,8268,10386,9180,5714,11365,4674,-662,12084,3867,7696,15336,1767,10018,16609,1046,3898,20075,1609,6105,20395,726,9983,19407,-628,5705,20191,904,-6459,19746,319,-5732,15904,-26,3478,13005,-2005,-1196,11514,466,-3216,10431,2666,221,10238,6368,-2869,9885,6913,-9140,7756,8023,-744,9536,8727,4672,9803,9819,1892,10070,8729,3782,10822,5957,7298,12350,5049,4357,15587,1549,3634,16104,934,8392
12402,-1408,-3459,10527,993,-3704,9750,4342,-244,11002,6218,-5117,8493,7833,-5841,8871,7639,2613,8661,10655,3267,11432,9445,1743,9773,8488,4501,11907,5112,6804,14048,3282,5574,15021,1672,4849,18036,384,9617,18842,1573,11273,21410,-112,2053,19853,475,-949,19327,484,165,18329,-759,-3070,14811,-1090,-3701,12923,-1360,2686,10905,1350,1540,10263,3502,-8744,10221,6937,-5624,9154,6871,1385,8545,9375,-1233,10727,9324,-2191,8752,9579,8306,9904,7030,5408,11809,5876,-639,13784,4328,7682,15331,1533,10921,17003,-32,5735,19581,1318,5109,20915,1015,8202,19837,714,4414,19122,-834,-6447,18384,-661,-5280,15782,-143,4106,13258,-1201,-609,11036,720,-5111,10015,3467,-794,10639,6462,-2498,9551,6987,-7121,8342,7877,-357,9243,9344,4431,10552,9722,1821,9577,7845,2690,11509,5469,7097,12761,4738,6394,15414,1513,3797,16736,1469,7752,19017,947,11726,20843,-95,5683,19429,878,-1560,20180,-137,104,18689,255,-1292,16062,-1656,-4602,13003,-568,-232,11963,1132,3908,10277,2254,-5371,9901,6218,-8125,10332,6567,-304,7302,9239,1454,11519,8393,-4426
18119,891,11647,20843,11,2522,20928,779,-2967,18969,909,-1421,18031,-1551,-1225,13933,-992,-4077,12983,-1552,2823,10104,2413,870,10558,4115,-9537,9985,6855,-5805,8436,7212,2645,9034,8892,-654,9399,9963,-1636,10469,10994,8442,11065,8142,5542,10447,3821,-566,13208,2288,7844,16388,1450,11727,18287,1141,5677,19655,-129,5106,20710,1429,6987,20341,1030,3825,20241,160,-7193,17135,-1260,-4076,14653,-1676,4142,12890,-925,-232,11340,2090,-6523,9209,3423,-2138,10734,6364,-1361,8779,7447,-6814,8507,8640,-438,8640,9263,5318,10785,10090,3422,10502,8141,1824,11011,5010,6958,13158,3893,7907,16831,1157,3772,16958,1232,6300,20056,578,13222,20720,966,5657,20396,-518,-2827,19369,-315,-2675,18730,-23,-1057,15504,-1380,-2844,12067,-1755,-76,10414,986,3272,10784,4064,-6330,10243,7379,-8842,9096,6395,245,6874,8830,2571,11178,9587,-3478,8685,10026,5599,10338,7386,8562,11824,6600,182,13763,4115,4188,15565,1489,11731,16894,499,8349,19985,16,5285,20687,828,5398,20439,437,5366,19751,-682,-4417,18197,168,-8319,15866,-942,3076,12474,-931,3968
[row took 89549us]
9105,9534,7705,10709,6244,4903,12328,4398,1583,15375,1569,9024,15946,499,9950,19869,894,8166,20641,412,3442,19865,361,2424,20730,708,2448,19801,-268,-5638,15809,-1014,-3691,13166,-1931,4726,12229,527,-489,10545,3492,-8835,10483,5535,-3088,8348,7501,116,9983,7447,-4684,7693,8910,-1655,9000,9696,8421,10154,9723,4027,11304,6351,-237,11245,4268,8526,15178,1667,9376,16427,710,3633,19645,831,7416,19945,300,12008,20756,-179,2652,20872,683,-6810,19917,667,-3063,16575,-522,3055,13524,-2707,-2080,11653,100,-2158,10564,2978,274,10486,5959,-6045,8535,8093,-7906,9220,7032,1618,7376,10107,3018,10892,9300,191,8721,10077,5138,10675,5687,6716,11358,4684,2511,15813,1306,6590,15582,201,9523,19198,884,10336,21098,-202,5182,20318,522,-165,21387,729,1971,19857,632,-3065,16846,-669,-5020,13581,-1933,3017,11849,811,2387,10942,2586,-8527,9917,5990,-6274,8565,7204,1088,9300,8114,-1994,8261,8952,-4146,8875,9820,7131,9352,9827,6877,11367,5366,-975,10405,4439,6655,15603,682,11525,15416,944,4093,20263,914,5596,20315,90,11599
10256,6149,-9289,8293,6773,-2721,6537,7874,3116,8917,8516,-2200,8022,11434,2307,11155,6895,9448,7415,5998,1971,14320,1690,2010,12644,2864,10729,19138,6,7556,18964,-105,6943,20960,-130,7875,21279,1332,5251,22610,1474,-2507,19870,514,-8806,16692,-1680,-146,13211,-130,4748,13398,1143,-3570,8576,4697,-6960,10898,5364,-1005,7713,7730,-3296,8045,7551,-3634,7923,8262,2608,7452,9725,6275,9969,7546,1234,9772,6443,3909,12968,2706,9547,14277,889,6007,17876,-325,2590,19456,1275,10287,21848,1165,13577,21538,-392,419,21142,263,-6318,20454,891,-2138,17110,-46,-743,13421,-14,-4033,12223,1771,2542,9302,4484,-604,10939,5010,-8917,7160,7878,-5727,6920,7387,3839,8494,9646,924,8663,9859,461,10184,5980,8938,7712,5778,4639,14499,1868,434,13563,2906,8683,19221,-823,9336,18990,777,8802,21273,1,6805,22226,236,2686,20863,1475,-936,20686,762,-8181,16455,874,-3124,13996,17,6200,11931,2002,-1255,9111,4306,-9209,10491,5784,-2499,7553,7135,315,7117,6743,-3841,7841,8495,-74,8355,10467,9223,10512,7995,1643,10288,5248,1340
19646,298,-2788,16668,549,-5635,14159,933,1397,11306,3228,3583,9485,4274,-7299,9980,6433,-8292,7123,5912,1062,7052,7418,1236,7519,8583,-2067,9241,9792,6707,9977,7508,7753,9851,2754,-296,12108,1328,4785,15726,869,11231,18756,1954,4629,20553,-83,7743,21045,702,9595,21759,1386,3890,22280,1166,-6246,18803,1035,-8597,16932,-147,3233,12950,1080,2391,12038,2048,-6118,8264,5184,-2853,11330,5938,-1089,6571,6799,-6621,7041,6637,-1872,6580,8574,6567,9748,9124,5069,9491,7487,1372,10461,3772,6501,13326,2616,7084,16315,526,2451,17715,735,5112,20418,591,14050,21611,885,10577,22206,183,-3575,20635,1092,-4595,19547,1016,-1570,16696,-275,-3786,13197,1634,-988,11654,2629,3493,8583,4494,-4706,10658,6036,-10333,7449,7246,-1390,5770,6836,4846,8596,8194,-808,8927,8954,4458,8301,6781,7586,11564,3961,2018,14049,2668,3249,15355,992,9562,17692,699,7996,21281,-332,8022,21183,1291,6508,22348,1316,3520,20653,1102,-4016,19310,-59,-8954,16088,514,662,13662,1519,4137,11227,1903,-4715,8361,5216,-5504,10545,5929,-948,6842,6219,-2723
18991,1166,9073,19870,1245,12460,21511,-296,4267,21019,843,-1336,20953,1830,-679,19582,-366,-6017,15209,762,-4593,13471,-572,5684,11041,2112,1541,9458,4563,-10057,9385,5506,-4677,7756,5871,1845,7850,8209,-3488,8517,8497,-348,8422,9943,9345,10595,8147,3976,11514,4966,-385,12631,1572,8731,14903,1529,9572,19442,575,3196,19810,1814,8275,21140,-422,11174,20785,811,2615,21196,538,-8648,18926,192,-5132,15706,765,3482,13628,-549,-1054,10808,1600,-3026,8922,3915,-330,10782,6969,-5288,8261,6335,-7451,6409,6904,1841,8305,9528,5594,10736,10325,1832,9706,8393,3469,11249,4021,6849,12597,2152,4775,15677,812,4320,18223,851,8522,20046,1714,12384,21623,202,5235,20837,1172,-2298,20703,630,-406,18680,-279,-3206,15632,-144,-4594,13652,417,1881,11115,2162,2525,9118,2739,-7374,9942,6383,-8216,8245,6265,1155,7496,7587,1523,8978,8191,-3566,8453,10099,7230,10540,7822,7373,11458,4995,-1045,13205,2760,6467,15386,1439,11160,17972,1187,4657,20040,1496,6091,21186,418,9672,20753,1264,4662,21201,-707,-6404,18122,176,-8092,16450,514,2676
8897,10536,2925,10856,8054,9237,10102,6283,2032,14192,2801,1826,14103,1624,9508,17555,850,10392,19945,680,7473,20980,785,4227,20760,602,4448,20522,406,-1168,19373,-503,-8501,15530,-529,-637,13417,-335,5251,11899,687,-2860,9074,3613,-7272,10575,5312,-1976,8630,7424,-2526,7869,6727,-3495,8736,8515,855,8527,11443,8483,11937,8296,2527,9971,6764,1148,12977,1737,9941,14269,2060,7150,18054,739,3556,19562,1523,9973,20351,1354,10836,21224,201,1025,20406,290,-6082,19515,-122,-2094,15868,-259,1157,13657,-1377,-3332,11385,1049,654,9682,3398,745,10397,5223,-8502,8724,7072,-7826,7482,6628,3990,9030,9603,1643,9460,9882,676,9988,9282,7732,10467,5979,4851,13126,3037,1821,14438,1502,7170,17379,1011,10457,19052,1588,9390,21247,355,3817,20506,982,2350,21047,200,1457,19261,-523,-7037,16063,-788,-3849,14252,-108,4793,11481,1655,224,9836,2012,-7674,10124,4783,-4000,8315,7807,-465,9226,6401,-3406,7500,8981,-2036,9598,10008,8407,10384,9897,4766,11078,5387,-439,11453,3668,7767,15052,1442,9610,16628,841,3854,20151,1763,7345
10123,1919,-4851,9709,6734,-9520,11003,6712,-1795,6106,7951,1214,10153,6990,-3475,7320,10111,3997,10672,8830,9910,10288,6968,-134,12699,4480,1885,14015,1206,11357,15744,1220,7313,19561,418,4990,20235,1801,8373,21184,1187,7882,20561,-658,-2089,19213,-4,-9516,17819,-437,519,14712,-109,3120,11947,121,-4055,10443,2563,-2921,9490,5487,-762,10417,6293,-6494,7291,7438,-4451,8275,7070,3482,7936,10771,4217,11800,9220,1926,9545,8056,4905,12145,3551,6891,14049,1355,4571,15565,1043,5327,19227,566,11415,19827,1965,10576,22156,69,421,20022,705,-752,20306,326,-1272,17697,-1255,-4032,14095,-116,-3203,12700,418,4001,10892,2895,-590,9421,4883,-9773,10186,6695,-4080,6634,7548,2345,9681,8686,-2426,8769,9250,1177,8786,9026,9086,11048,6560,3657,11857,5101,101,14210,1252,9138,14984,716,10360,19693,-478,4939,19490,2442,6354,22210,750,8533,19948,365,1879,20552,-1031,-9591,17295,-36,-2993,15289,323,3623,12695,434,-1636,10581,2855,-4477,9385,5150,-1528,10768,6370,-3414,7351,7380,-6434,8484,7111,1455,7721,10183,5917,10518,8585,2193
21373,1612,5954,20104,-844,-3923,18228,-867,-8306,15363,-251,1698,13423,1301,2886,11393,2083,-5294,8501,5567,-5458,10989,5796,-333,7367,6890,-3901,8440,6984,-4325,7106,9348,6076,10119,8630,8102,9627,7375,-116,11681,5309,3535,13314,1838,9641,15175,-110,5211,18745,1004,4379,20196,1730,12035,21791,1293,9244,20802,647,-2629,20739,72,-6533,18361,331,103,15821,-1163,-1021,12539,1038,-3362,11556,2517,1539,8942,5474,-2589,10927,4866,-9069,6883,6124,-2841,7125,6848,4545,8744,9768,617,10198,11684,3104,10746,7082,7081,8739,4044,2634,15016,670,4303,14483,1782,8927,19320,-497,9669,18449,886,8144,23312,1504,2404,20595,2678,3258,21500,-157,-1282,17554,-1266,-7378,15635,-912,-1229,13646,2201,4760,12250,2201,-3366,6992,4358,-7746,11968,5712,-1345,7015,7710,-1457,8787,7284,-3977,6985,8651,2505,9466,9851,8976,10619,7717,1523,11165,5183,1619,12532,804,10586,15048,188,7617,18524,236,2260,20485,2210,9675,21548,2077,11288,20912,-121,335,20346,210,-8747,19481,393,-2423,15892,210,2328,12820,-512,-3142,10927,2279,-1052,9206,6207,-242
12242,1020,5407,14354,-450,10578,17413,329,4207,20667,2526,5042,21927,1665,10846,20576,1610,6874,22146,-5,-6565,19162,856,-7256,17159,-74,2143,13768,1369,-164,12642,3140,-4515,9508,5891,-1368,10975,5978,-1975,8100,6880,-7844,6546,5748,-1449,6536,7727,7234,9185,9695,3601,10608,7923,1626,8882,3876,7626,12052,1298,5231,15115,-876,3495,16947,379,6935,20419,2004,10820,22009,1743,9254,21595,890,-579,21654,1156,-2349,20177,999,-793,17289,-450,-5141,13517,1329,-2348,12816,3580,4299,9582,5861,-4518,10655,5852,-9498,7383,5772,-790,6085,6148,2442,8064,7835,-1733,7732,9835,4601,9796,7229,9245,9908,4343,1365,12918,1359,2882,14021,-701,10396,17151,271,6363,21513,1626,5754,22078,2076,8497,20699,1301,6917,22486,258,-4552,19580,1081,-8863,17426,-518,533,13234,1878,2517,13045,2613,-4008,8924,5984,-4492,10761,5637,-906,7402,6977,-5213,6936,5572,-3859,6184,8104,5805,8763,10275,6587,10709,7235,1231,8554,4463,5495,13174,526,7517,14089,-227,4193,18077,-20,4082,20869,1534,11653,21887,1988,11894,22021,344,-977,21382,1300,-5990
6819,6177,-2874,6999,8703,1242,8300,9460,9193,9908,6578,3660,9769,3114,800,13658,60,8404,14219,-70,8481,20078,471,2529,20494,1670,8914,22061,1880,12509,21993,-368,1884,21686,725,-9158,19998,597,-5668,15595,1700,3256,14251,1370,-2477,11157,5249,-4204,10497,7040,1206,9699,6245,-5680,5850,6463,-7662,6238,5627,3342,6668,10342,7452,11491,8201,1442,5992,6008,2969,10917,312,7937,13204,2051,4296,16932,-296,3631,17924,-552,8916,20240,346,12045,22629,1279,5239,23047,2515,-3173,22055,1769,-662,18886,-452,-2428,15400,649,-6331,14835,3633,1254,10801,5984,1479,10871,6330,-7034,8892,7497,-8048,6195,6184,2869,6998,6271,1077,6369,7658,-541,8020,7559,8630,8463,5772,6091,11407,1375,362,12278,-331,6414,16527,-1018,8910,18781,1792,4836,21875,1438,7449,21606,1438,9035,22585,1161,3426,21759,1004,-7728,18960,494,-7219,15754,2068,2986,14703,3742,-308,10926,6237,-6074,11019,6648,-855,8629,6675,-3301,6254,6765,-6382,6384,6088,1545,6092,8489,9160,9370,5567,3909,6718,4580,1403,11578,562,6474,12838,2064,5924,18052,-1464,3255
13690,5551,3018,11631,6845,-4004,10782,8020,-7957,7740,4460,-1572,4843,6377,796,7235,6686,-1055,6207,6283,7772,5875,4589,7365,9975,2271,211,11127,1977,3567,14817,11,8148,16276,326,5976,20755,1051,3921,20781,1554,10577,23176,2085,9497,22705,1157,-3691,21035,1168,-7754,18492,1820,-449,16308,3193,-101,13269,4696,-5056,11006,7090,-1160,11303,7568,-848,6816,5493,-8150,5760,5202,-2958,5065,6130,7688,7452,7884,6307,9239,6567,1308,6393,1770,5318,10820,297,4989,15614,190,2838,17691,1235,6244,19474,-334,11088,21093,983,9889,23508,1449,1103,23040,3041,-2550,21249,1969,-33,18986,240,-4963,14630,3000,-3931,14028,5532,2526,10801,8234,-2187,10837,7370,-9103,6918,4954,-3216,4491,5804,3860,7131,5269,138,5332,7831,4716,7899,5403,8809,9164,3085,2104,12849,256,1268,13713,-131,7554,17090,-420,7692,20994,1215,5155,21787,2036,9020,22807,2026,8095,22900,1933,-1921,21436,1555,-9516,18006,1384,-2538,15635,4164,2754,13468,4153,-3699,9309,7060,-4274,11262,7061,-1292,7290,7092,-5605,5406,4873,-3623,5247,4222,6834,6070,7318,9446
22172,2532,3727,22393,2347,1344,20416,881,-6657,17416,1264,-7718,14850,2427,2560,12666,3919,2414,9576,5760,-6558,9730,6762,-5533,7630,5423,-485,5887,5395,-1881,6154,5191,604,6822,8125,9008,9659,7308,5282,10992,4393,-539,11571,785,5599,14874,672,8664,18346,-164,3510,20544,1723,5616,21367,928,13869,22190,2376,5912,22606,1630,-7824,20303,847,-6560,17011,2212,522,14953,434,-1573,11481,3915,-2585,10104,6512,946,10345,6749,-3499,7165,4430,-8995,5522,5610,-255,6642,7219,7301,8683,7986,2509,8559,7788,3129,10510,3707,7940,12273,1928,2831,15349,-342,3556,17852,-628,8254,19511,1873,9593,22192,432,9013,21972,2569,1457,22165,2021,-605,20166,1381,-3395,17235,535,-7596,14512,1773,186,12002,4098,4564,10340,5989,-5403,9380,7708,-8357,8550,4401,-1070,4975,5979,1807,7743,5885,-1000,6956,9223,6345,10311,6645,8457,10194,4246,-425,12098,295,3602,14589,184,10849,17801,22,5269,20957,1806,3784,20827,1720,11574,22172,2666,7413,21836,1016,-5205,19848,1027,-9214,17107,1164,1014,15215,2040,656,12027,3804,-5035,9323,4808,-532
12372,47,-151,12768,117,6819,18010,-6,9497,19592,2246,5495,21017,1052,6745,21492,1399,7914,21711,2019,1975,21298,1366,-9937,17336,1215,-5015,15310,1841,3950,13016,3503,-1427,10544,5735,-5400,11076,6970,-1453,8203,6123,-3872,6664,4933,-4655,6612,5899,1988,7097,8685,9439,10297,7068,2820,8909,4573,949,11402,610,7807,14405,676,6049,16980,187,3675,19361,1538,6608,20584,2113,12069,22343,1783,5529,21403,1952,-4689,20933,899,-3003,17509,1235,-655,15731,755,-4999,12789,3928,-973,11071,5679,2866,11000,7291,-6226,8845,5533,-9703,5444,4531,3460,7067,6801,4355,8473,7587,-16,8494,7861,6694,9347,4037,6760,11645,1327,506,13869,440,4878,16645,81,10509,18645,2356,6403,21555,1609,5152,21636,1723,6527,21397,1649,4336,21228,331,-6665,17590,1358,-7927,16091,1552,2138,13191,4068,1245,11217,4451,-5770,9765,7514,-2982,10163,5293,-2209,5434,5305,-3481,7330,5024,-625,6331,8554,8755,10446,8062,5380,9286,4835,-284,10669,832,6306,13867,903,7532,16871,-66,4106,18840,1465,4677,20152,1515,10736,22175,1964,9607,22056,1250,-3641
5115,6285,488,8809,5118,-2258,5347,7416,3255,8811,6633,9931,9247,5546,2545,10727,2594,687,13247,-271,8103,14195,492,7654,19150,60,2981,19630,2775,5976,22146,2099,12589,21661,1245,4140,20868,909,-7575,19420,1226,-3429,17107,2819,280,14643,2640,-4833,11539,4779,-1259,11035,8246,2209,11489,6721,-8050,6142,5121,-6992,6281,3256,4159,6092,7640,5700,9828,6659,2643,7840,6261,4909,10208,1697,6834,13058,156,1719,14699,735,3664,18213,693,9733,19291,2814,8194,22283,1616,5688,21408,2075,3234,21344,1425,577,19634,614,-5209,17251,1815,-6782,14955,3523,1348,12729,4895,2056,10830,7036,-5758,10996,6883,-6679,6458,4488,934,6940,4899,-1709,6305,6733,348,8243,7683,10359,8655,6073,5048,9892,1724,162,11553,-261,6091,14711,824,8350,18324,860,3959,19811,2572,3898,21333,1998,11628,22300,2200,7836,21402,969,-6060,19375,576,-6044,17502,2206,1180,15755,3331,-2946,12445,4795,-3165,11307,6822,1843,11428,7137,-5186,7071,5218,-8795,6343,5405,855,6337,6277,7753,7466,6668,3620,8904,5515,3148,8504,2485,6873,12538,399,3382
18687,1498,-2311,16079,3346,1081,14871,4102,-4459,11405,7046,-2111,11729,7236,126,8318,4797,-6270,5453,5330,-5638,6839,5269,4591,6615,9285,8544,9318,3938,2383,5367,2419,2531,11470,272,7175,15069,1794,3359,16039,669,3822,17833,569,8874,21296,2692,8643,22663,2665,4980,22537,1701,393,20399,1098,832,19334,1250,-3541,17048,3569,-7566,14301,4698,612,12012,6260,2276,11627,7019,-6960,8554,4973,-7270,4751,4291,2711,7216,6003,737,7186,7804,1328,7929,4053,9179,6244,3710,4966,12937,949,-751,12446,1175,5274,15432,-249,10319,19179,2055,3924,21122,3028,3884,22119,1617,11113,21568,2066,5635,22154,1036,-6748,18842,2477,-6262,17218,2448,1293,14608,4147,-2238,12042,5390,-4624,11176,6932,227,9361,5115,-3709,5520,4489,-6262,6598,5058,715,5947,8543,9167,9662,6640,4361,7986,3415,1216,8119,-219,5963,14287,837,5271,15731,2037,3148,19317,84,6846,18492,2664,10086,23713,1701,7312,21970,3677,-280,22005,305,-302,18146,1393,-772,18107,1673,-7707,15225,5161,-2406,12308,5649,3264,10196,6373,-3394,10357,6120,-9918,6060,4257,285
17419,749,3139,19762,2236,8148,21020,3171,10725,23178,1214,4427,21179,2489,-3351,20791,884,143,18345,2089,-2422,15923,2851,-7406,13512,4670,1216,11301,6971,1938,11793,6657,-9041,7284,5456,-6699,5160,4340,3494,6749,6892,3575,7788,7438,1622,7424,4657,7869,7733,1931,5102,11838,438,378,14257,784,6356,16435,139,9054,19396,2454,4576,22114,2908,4748,22221,1510,8304,21668,2072,3216,21337,-48,-5612,18277,1877,-5949,16210,3259,773,14336,4872,-846,11618,7446,-4642,11891,6989,-3837,6703,6152,-1749,6956,4483,-4694,5188,7098,1981,7595,6978,10142,7472,5299,3661,7703,814,1457,10231,168,6777,14654,565,5882,16588,254,3090,19533,2690,5659,21844,2546,10889,22683,1370,7468,21999,1692,-3563,21378,516,-2020,18532,2755,365,17129,2728,-6409,13655,5998,-1995,11899,7117,3378,12201,7822,-6656,8087,6167,-9737,5306,3783,1775,5106,6495,6236,7924,6249,1750,6785,4807,5545,7475,1064,6747,10316,697,972,14689,277,3983,15871,400,9639,19411,2655,6600,22359,2302,4303,21781,2119,6162,22598,1740,4484,21214,1016,-2381,19358,2055,-7570
6997,7245,6303,7138,4376,1688,5599,854,6273,8471,-90,5274,15135,-148,1596,15072,931,5919,19404,1663,9224,21183,2943,6253,23419,1697,4567,22356,1539,2461,21916,1493,1409,20126,1885,-4601,17927,3351,-6667,14808,5783,1687,13410,8091,884,12499,8843,-9457,8422,5008,-4722,4269,5185,1795,6764,5623,-602,5607,7309,3905,6269,3266,9953,5955,963,2250,9249,-477,634,13780,0,7503,15165,1013,7299,19582,1703,3924,21098,3249,4666,23468,1877,10022,22733,1749,5001,22057,-778,-5967,18858,2506,-3843,19035,4167,1023,15673,5727,-4611,12657,8175,-2300,12390,9020,-475,9616,6435,-6894,4670,5317,-6412,4730,4478,5558,5620,6147,9112,6350,3784,2219,6137,1777,2578,8823,-792,6366,13196,219,2931,16534,2025,3937,18946,1046,9778,20654,1802,7110,22848,760,5036,23439,2629,612,22296,1710,1554,20248,816,-1208,17149,3256,-8301,16475,7010,-1279,13435,9227,3683,12421,8733,-8308,8517,6098,-8252,4572,5445,2908,6691,5622,2780,4908,5267,1224,4866,2925,7884,6370,1985,5562,10252,-296,413,11887,-587,4856,15617,683,9075,19188,2229,5518
13815,8278,3318,13506,10613,-2232,11008,6771,-10758,4828,5599,-1382,4719,4053,5474,4996,5378,2983,6517,4248,4794,5660,1148,7106,7422,-772,2814,12393,-1576,-490,14444,1867,7207,18996,1829,11653,20214,1396,1960,21963,1395,3493,23655,1667,9516,22067,1666,901,21107,1620,-7723,18573,3475,-2817,16647,7093,831,14941,7220,-2586,12122,10916,-6155,11982,6521,-2389,3961,6219,-1359,7171,4944,-3551,4706,5638,6818,4623,3209,10307,6379,430,665,6347,276,2598,12819,-402,6575,14975,1572,4167,18245,1206,4886,19933,1303,6463,21423,1668,8755,24094,768,4454,22056,1492,-3018,20638,1490,265,19372,3738,-1649,16846,5786,-8387,13939,7820,690,13705,10980,908,12082,7661,-9046,4720,6905,-5183,6182,3664,4899,3948,6612,5407,7372,4498,2842,5995,1501,6749,4799,-1049,4587,12883,-1959,-224,14261,2566,4986,18726,937,11398,18500,658,5283,22554,458,1358,22593,2400,7338,23329,1845,3595,20379,1191,-4461,19413,2937,-5347,17009,6933,-194,14665,7085,-1115,13060,11775,-6201,13418,8365,-4436,4216,6079,788,6711,3528,-2716,3932,5869,2517,5922,4233,11178
22852,2647,1436,22677,2222,5411,21319,1642,1644,19273,1519,-5698,16854,3586,-3939,14485,6354,2981,13459,7532,-2886,11022,8482,-9861,9947,4830,-1101,4002,7211,683,7038,3689,-1850,3769,5500,7154,7151,3423,9167,7130,1472,489,9440,-461,3126,13159,779,8249,17051,2846,5977,20047,2356,3140,20617,2511,5384,22850,2703,9296,22946,2271,3203,21768,1611,-5243,18703,1628,322,17504,3441,-658,15100,4866,-5789,12946,7223,-23,10833,8468,-1576,10906,4956,-8744,4359,7107,-5027,6705,3610,6102,4368,5977,7117,7607,2920,2018,5729,2845,5903,9805,197,5938,12883,479,932,16172,2030,5722,19654,2833,9455,20496,2801,5303,22735,1340,2527,22496,2711,4188,22147,1734,3610,19657,1363,-3799,17214,2840,-6840,15399,4534,1634,13360,7293,1498,11755,9162,-9227,10545,4630,-4764,4170,6237,759,8432,5015,-1971,4235,6015,3152,7007,3674,10448,6333,3226,3838,9489,125,839,11716,229,6654,15718,1704,7796,19288,1974,3084,19899,2670,3441,21858,1348,9028,22898,2688,7357,22546,2112,-3519,19257,1424,-2512,17419,3279,651,16834,3900,-5492,13240,7230,-1961
7017,2780,2905,10288,392,1744,11840,-170,6708,15251,1284,5996,18983,1830,2579,20110,2630,5135,21692,2043,10444,22143,1822,5817,22370,1873,-6173,19323,1723,-655,17726,2599,-724,15992,4509,-6937,13315,6956,-284,11519,8710,1907,12072,6798,-8358,5611,5768,-6534,6794,3953,4702,4717,6971,6224,8290,3955,3153,5683,3660,5806,9640,221,6112,11649,93,640,15156,466,3250,17685,1469,10103,20066,2406,6360,21756,1680,3275,21949,1975,5790,21947,2270,3465,20322,1096,-3268,17812,2617,-7636,16043,4454,-789,14309,7035,1765,12008,8769,-5736,11451,7574,-6469,6630,5109,1162,6923,5187,-1292,5868,5363,289,6465,5005,10096,7064,3538,5302,8727,445,302,10699,-30,5482,14419,530,7407,17783,1302,3528,19496,2042,3943,20684,2042,7959,22116,2600,9324,22647,1809,-1850,20072,1704,-4118,18267,2736,1176,16920,3626,-5677,14345,6802,-4558,12859,8282,3109,11812,8477,-4017,8292,4663,-8933,5384,4360,965,5697,5518,6802,7661,5416,3422,6442,3954,3950,8086,138,7509,10124,838,2849,14803,139,1205,15823,1476,7936,19044,1910,8489,21039,2117,3176
12165,8210,3896,12372,7947,-5383,7750,5914,-8440,6389,2848,2289,4280,6292,5161,8804,5023,2380,6476,4723,5701,7919,467,7781,10789,521,1414,14510,748,1662,16526,1058,9398,18699,2198,7106,21510,1904,2549,21953,2359,6484,21736,2288,5606,20749,1018,-1712,18867,2118,-8016,16666,3853,-2643,14935,6087,1850,12929,7729,-3450,11671,9439,-6037,9194,4879,-195,5788,6163,-1674,7299,3448,-1981,4606,5749,8577,8042,4275,7617,8173,2633,477,9963,380,4606,13452,-57,7240,15962,489,3379,18755,1984,4162,20437,2194,6813,21497,3235,9639,22353,1586,2065,20456,2009,-4355,19411,2149,988,17538,2788,-4528,14902,4685,-7029,12985,6471,2815,11985,9994,-694,11362,5953,-9649,5208,4881,-2187,6097,3824,5811,7225,6067,2750,7204,4934,3657,6921,1990,8235,9119,1233,3800,13631,-73,-87,14620,1040,6740,18071,1515,9399,20243,2169,2861,21421,2693,4540,22087,2159,8203,21153,1876,1694,19898,909,-6521,17538,2380,-5721,15771,5119,974,14065,6055,-1350,11614,9527,-5222,11897,6538,-2286,5849,5826,-759,7497,3874,-3841,4996,5863,4051,7513,5581,10399
[row took 87959us]
21204,2386,5918,21774,2156,9477,21344,1677,210,19690,1244,-7424,17303,2552,-3673,15886,5202,91,14159,5957,-2878,11202,9797,-4115,12268,6210,-1742,5328,6851,-2685,8391,4446,-3117,5031,5573,6053,6469,4303,8931,8073,2250,1728,8076,2144,3693,12957,12,7279,14120,616,3628,17742,867,3365,19385,2299,6887,21507,2824,8046,22137,1753,4877,21358,1676,-2265,19673,1614,1656,18428,1549,-2710,15988,4443,-8971,14456,6375,1111,12196,9873,2149,12449,6877,-9479,6544,6261,-4826,7216,4763,5254,6363,7073,2680,7393,3769,2061,4573,2082,8173,9100,1121,5625,12036,1461,461,14031,409,6004,15893,425,9376,20021,2422,2697,21050,3427,2072,22385,2126,9085,21076,1976,6560,20944,674,-5036,18281,2694,-6763,16855,3781,-184,14337,5559,-1339,12889,8916,-4435,12688,7960,-1877,7384,5423,-2185,7127,4773,-4974,5447,5979,1896,7104,5007,10232,5914,2174,4380,7486,1889,2221,11393,1259,5682,12918,1464,5297,16954,55,3384,18963,2837,5414,20452,3024,8368,22601,1758,5685,21384,2665,-858,21494,805,1389,18184,2102,658,17400,1686,-7583,14532,5591,-3825
7029,2681,1639,7606,2765,4469,12115,705,7798,13675,1259,4393,17232,51,3249,18876,2668,5125,21692,3792,7544,22899,2413,5607,21588,2422,388,20401,767,2352,18578,1623,-1258,17005,2692,-9653,14302,5331,-1528,12149,8356,3841,12991,7932,-7155,8287,5915,-7614,5875,4350,3204,5997,5504,2657,7380,6513,600,7043,4255,8637,6405,1096,6637,10057,-861,152,13444,1626,5197,17327,1298,9040,18233,2073,4200,20789,2451,1565,22484,3222,7726,21850,3528,8428,21971,-305,-2621,17420,1438,-6180,18090,2299,-732,15055,6086,-2133,13322,7661,-4780,12044,7443,-1655,8576,6447,-1082,8031,4620,-6190,5096,5397,20,6940,5453,8794,6399,6122,4769,8453,1384,2460,7779,822,7121,13892,-217,4798,15037,254,2267,17522,1851,5703,21243,2985,8011,21778,3048,7226,22653,2179,929,21417,1295,691,19377,1691,2545,18313,1728,-7383,14797,4957,-6186,13878,7165,3562,13053,9294,-2894,10084,6789,-9244,6285,3758,-484,5762,5104,4081,7584,5837,293,5979,6059,4965,7159,2274,9020,7941,1306,2061,12944,29,2031,14210,-315,8581,16531,811,6479,21297,2319,1777
12976,8694,4204,13537,9089,-6021,8615,6501,-8320,5713,3738,2154,5313,5846,3604,7436,6119,612,5993,4604,7440,6804,1011,7679,8879,-59,761,13517,-42,3419,15168,-347,8642,17962,1655,5999,21849,2448,1292,21946,2678,7139,22422,2169,8925,21734,478,-1789,19407,1945,-6883,17931,2742,-1764,15616,6258,-1292,13931,8509,-4078,13071,9128,-2894,8474,6492,-796,6911,4727,-5199,5454,5584,-1179,6583,6133,8615,5973,5570,6122,7216,363,2275,7290,179,6353,13761,-475,5326,14821,111,1664,17581,1374,5372,21401,2341,7854,22149,2663,8313,22430,1564,1723,21767,687,-1623,19694,1939,2034,19047,2297,-6002,15457,6307,-6936,13842,7745,3541,13426,10076,-1969,10282,7169,-10282,5761,4568,-1177,4967,5303,5615,7524,6186,1277,5723,5569,4382,6279,830,9070,7226,198,2462,13559,-842,988,14021,170,7831,17445,1359,8268,21639,1713,1753,21511,3002,4904,22796,1727,8987,22086,872,2412,20185,656,-6605,18160,2594,-5297,16352,6934,463,15215,7621,-3052,11948,10603,-4460,11918,6385,-1343,4639,6535,-3248,7364,3662,-2522,4322,7590,6359,7827,5615,8548
22427,1998,6430,22892,1781,5384,21108,1180,-1826,19246,1904,-6758,16917,4760,-2367,15230,6961,1443,13400,9900,-4746,12252,8582,-6509,7331,5403,916,6101,5917,-2884,5435,6216,-644,6401,3800,10645,3600,3017,5646,8961,-713,828,8832,906,5330,13888,176,6511,17082,1194,4651,19577,2312,3958,20786,1552,7085,22645,2880,8569,23365,1575,-585,20965,953,-2563,18841,1951,1895,17863,3934,-5691,14726,6982,-5428,13843,9470,2917,11988,9104,-3569,8832,6117,-8702,6132,4847,-954,3291,4951,6094,6878,4653,3644,5720,4111,3890,7201,278,8248,8835,-313,3989,13881,-430,287,16201,1944,8023,19963,2356,8869,20993,1850,2514,22602,2637,3411,23417,1986,6838,21278,1788,1274,19823,1477,-6978,16922,3738,-4364,15073,6091,1721,14010,8334,-1720,11789,10272,-8272,9541,4508,-1596,4091,6614,-190,7790,4727,-3096,4094,4690,7380,4533,2343,9644,8155,1230,1258,8845,933,3843,13663,176,7127,15331,1903,5036,20600,1660,2966,20258,2999,5788,22787,2627,9097,23005,2115,3571,21954,1433,-4478,19039,1489,851,17813,3098,-1890,14988,5071,-7087,13957,8283,687
8072,365,1021,10123,-559,5165,14537,1230,7251,17351,2121,4449,20451,2050,2835,20819,2335,6850,22484,2186,11180,22868,1802,-1153,20666,2062,-5967,18816,2940,1680,17182,4009,-4390,14038,6324,-5703,12951,8057,2304,11619,8582,-2296,8585,5075,-9417,4992,4589,-1118,5119,4772,7144,7197,5876,4504,6701,3767,2935,7055,138,7350,9569,401,3342,14952,-55,397,15708,1716,7311,19207,924,9596,20768,2280,4079,22786,2467,4225,22449,1882,4315,20682,2225,771,20084,1861,-5884,16945,4622,-5425,15183,6013,2599,13311,8021,-2085,10804,8782,-8773,10175,5039,-1609,4508,6352,1866,7623,3995,-1569,4353,6195,5172,8096,3659,9492,6833,1899,1583,9556,-1367,2194,12556,28,7740,16531,2005,5363,19056,1334,3487,19488,1960,4949,22469,2675,10045,22672,2389,5275,21773,1863,-5726,19144,1894,-894,17905,3902,-1485,15836,5344,-7146,13407,7030,156,10911,8941,940,11865,5833,-8179,4712,6404,-5359,7038,3082,5713,4651,6848,6189,8225,3301,2346,5511,2777,6583,9562,-715,5677,12419,209,-12,15705,1145,4074,18331,2388,9690,19855,2387,5666,22219,1661,4270
12088,8611,-349,9341,5357,-9101,5711,5327,-3204,6237,5195,6633,7581,6796,4971,6592,3180,2122,6299,893,6787,10161,1472,5105,14623,988,826,14700,1050,6477,18268,869,8735,20674,3011,3448,22105,3177,3656,21867,1862,6837,20685,1901,3658,19863,1079,-5470,17169,3041,-8123,15423,5125,-19,14114,6519,521,11110,8781,-5978,11514,5263,-2839,4696,5599,76,8717,4383,-3714,4219,5924,3639,7676,4380,9893,7263,3894,3787,10047,428,2207,11076,36,6261,15535,1313,5615,18460,2121,2414,19751,2546,4875,21314,2255,10787,22062,1496,7312,21795,1820,-5660,19601,998,-2146,17488,2148,-105,16000,4040,-6470,13901,6554,-714,11234,8385,3004,12290,7058,-7786,7027,5966,-8554,6460,4135,3635,4725,6685,6872,8201,5053,3134,6485,4448,5755,9852,926,6627,11109,247,837,15051,68,2757,16987,1508,9702,19915,2364,7122,21471,1868,3214,21656,1808,5526,21752,2132,4148,20347,1003,-2848,17774,2255,-7684,16158,4064,-1182,14454,6667,2498,12077,7758,-5113,11468,7892,-6525,8127,5145,-333,6195,5392,-1819,6570,4889,-558,5921,5653,10459,7592,3905,5723
21721,1288,6036,22008,3200,4272,20113,1142,-4763,17530,2040,-7115,15015,3984,32,14261,5285,839,10811,6977,-6415,10328,5725,-3382,7393,4374,63,6594,5162,-3526,6445,4904,944,6375,6423,10342,9149,5098,3942,9678,3015,938,11374,237,6811,14497,1379,6231,17903,929,2850,19737,2519,4359,20975,2694,10780,22413,2391,9597,21927,2092,-4264,20195,1477,-4775,17854,2473,-620,16077,2354,-5956,13015,4001,-2447,10280,4971,4168,10740,5752,-4651,7616,5177,-8887,6704,3459,1349,4842,6623,4650,9502,6150,1603,7888,7256,4987,9728,3363,7522,11690,2104,2355,14740,520,1439,16336,1051,9347,19467,2466,7523,21842,2314,5712,21872,2294,6004,21262,1671,4320,20735,1231,-3778,18290,1871,-8972,15696,1816,-1477,12709,3527,3129,11430,3869,-3242,9433,6061,-6709,8867,3496,-206,5203,5781,-1194,8496,5307,-3447,6463,7779,7099,9138,6833,8051,10915,5262,118,11293,3723,3787,15419,996,8835,15618,970,5147,19512,907,2831,20250,2895,9367,22013,2630,11553,21574,937,-434,19548,1007,-6897,18660,2082,-1595,16120,1952,-2691,12677,1573,-4076,10364,2556,2816
10608,4911,398,12309,1932,6113,13724,1149,8903,17025,1116,3447,18611,2258,5237,19945,2058,9829,20711,1102,7176,20391,541,-2971,19163,339,-4791,16931,1032,942,15121,754,-3679,12995,3173,-3101,11471,3958,3435,10893,6286,-3582,9867,5617,-9501,7656,6939,-1443,8044,7661,4380,9293,7723,2115,8807,7025,4716,10116,4733,8050,10779,3038,3178,15031,637,2829,14732,1142,8768,18377,1989,9050,20004,2256,3438,20950,1572,3166,20146,498,6638,19666,403,-1147,18011,-120,-7625,15421,1299,-2288,13895,3203,2425,12757,3794,-2664,10093,6815,-5593,11102,4709,-808,6849,7004,-3232,9665,7351,-5087,7981,8311,6835,8240,6695,9676,9336,4101,-10,10394,4000,4540,14243,1327,8842,14657,795,4306,17151,859,3236,20268,2363,7522,20887,3016,10367,20855,-683,2381,19108,382,-5725,19005,301,-421,16507,1568,-1407,14231,2434,-6094,12587,4643,2180,10940,7448,1515,11928,5635,-9322,7265,6264,-6602,7885,5817,3860,7828,9827,3454,10333,7546,3904,7389,4614,6515,9796,2015,5275,13452,1261,1834,14209,1726,6048,17358,-462,9642,18811,2356,5783,21619,2442,1927
11442,9179,-1548,11025,5855,-10603,6312,5646,-3664,6829,5603,5205,7836,7972,2549,8167,5846,4472,7905,3708,8696,10352,1670,3050,12530,519,271,15406,507,8484,17925,1716,8517,20526,1941,4545,21048,2695,4642,21560,746,6953,20464,1112,272,19413,404,-7937,16988,2557,-3597,15045,4309,2761,13357,4886,-2066,10888,7944,-6663,10596,5613,-1452,7634,6224,-2435,7028,5339,-4373,6820,7274,5077,7192,7025,10055,10160,3404,1595,7850,2103,2784,13185,-312,7906,14083,1390,5107,18197,585,2467,19701,2689,6908,21206,2867,11060,22042,677,3724,20496,1613,-4596,19638,1005,-283,17789,2184,-1702,15082,3268,-6618,13231,4998,265,11321,7414,1573,11491,5892,-7498,7615,5960,-6986,6131,4540,3473,7002,7401,4291,7989,6980,1693,8509,4430,7478,8548,2273,6278,12479,471,519,14287,655,5636,16894,806,8731,19664,2639,5863,21636,2759,4442,21368,1068,6149,21421,2052,4475,20424,398,-4477,17761,1786,-7830,15503,2854,348,13628,5093,606,11478,6283,-6135,11118,5919,-2852,7234,5818,-264,7429,5010,-4464,6022,6766,217,7435,7212,9911,9175,6434,4313
21260,1018,2733,21299,1824,72,19072,1478,-7613,16346,2159,-5087,13835,4035,3546,12040,5258,-1583,10706,6012,-7978,8414,4551,-1508,6155,6095,-19,7261,6378,-2796,7166,8235,4329,8226,7222,9235,9338,3448,2346,9540,2006,2057,14536,-250,8367,14308,1074,6593,19951,806,1860,20510,2716,7652,21863,1479,12915,21707,380,1738,21291,1349,-7717,19160,1988,-2258,16885,2450,-869,14038,3254,-4758,11935,5124,-279,11122,6735,479,8910,6085,-7189,7073,6144,-6729,5791,5992,4568,7801,8245,6742,8332,6823,1599,7865,3518,6155,9259,1284,6399,14720,-213,1210,14465,582,4945,18917,1034,9142,20629,2652,8743,22528,1109,5358,21048,978,1144,21766,1521,696,19321,1326,-4275,16965,2064,-6922,14111,4158,1812,12772,6166,1351,11889,7483,-8754,8681,5781,-4642,5920,5530,928,7184,6389,-869,7404,8145,2146,7464,6567,9528,8020,3006,4610,9385,735,123,13462,-155,6997,14550,608,8436,18857,1132,2526,20580,2937,5211,22444,1077,12101,21238,1096,4984,22226,311,-6994,18715,2268,-4325,17737,2719,558,14796,4169,-3057,12416,5994,-2878,12081,7167,-328
12110,832,1394,15569,637,9783,17074,1541,8533,21429,1209,2924,21777,1884,6635,22151,1275,7120,22124,1507,-1739,20201,1611,-7134,18367,2711,-609,15444,5218,1085,14651,6255,-4570,10646,9972,-5119,11990,6388,-711,5204,5408,-4161,6641,4489,-3087,4934,7643,8158,7680,6055,8141,6455,2272,226,7913,-196,4377,12076,35,7370,15495,756,4195,17782,1016,4392,20241,1285,7677,21981,2436,9509,22918,725,2621,21757,1949,-4236,20625,1928,1212,18607,2467,-2752,15541,5129,-7184,14477,6576,2608,11504,9661,3,11372,6040,-10600,5238,6307,-4867,6373,5115,5307,6066,7753,4043,7256,3856,3009,3710,2001,6859,9680,263,4664,12739,554,-228,14309,781,7135,17115,489,10557,20773,1676,2916,21716,2200,4475,23016,1046,7367,21315,2124,1583,21555,591,-6067,17857,3234,-4290,16747,5416,671,15057,6919,-1204,11483,9645,-6087,11454,5965,-3040,4729,6746,-1132,8548,4910,-3904,3282,6644,4361,6820,4214,10606,6355,3060,1834,8161,593,1868,11797,-1382,7688,13208,1892,5257,19364,147,3783,19426,2599,5813,22334,1211,9757,22385,1537,6193,22641,1249,-4230
5099,5929,870,5754,3098,414,4302,5533,9152,6739,2701,6498,6342,46,5,10548,-1027,3266,14361,1419,7969,17337,1650,6236,19684,1165,3294,21102,1377,6542,23258,2918,9717,23051,1700,-800,21075,1633,-5935,19399,2247,1653,17595,5207,-2543,15419,7305,-5429,12261,9172,1001,11522,7582,-2452,8256,4987,-8611,5388,6328,-2618,4976,4659,8142,5412,5051,6867,6203,2534,1071,6573,497,6308,10125,-621,4690,14388,402,904,16425,1920,8108,19781,2136,8855,21174,2046,4459,22662,1408,4687,22857,2051,2220,21495,2613,852,19998,1674,-5173,17038,4667,-6048,15488,7075,2865,13481,8287,-709,11115,8486,-9693,9182,5221,-3881,4160,6283,1945,6729,3412,104,3646,5601,5874,7028,2968,8971,6760,1665,1025,10224,-767,83,12725,264,7344,16384,2105,8567,19744,1023,4110,20487,1862,4144,22700,2193,9566,23046,2011,3454,22047,1936,-6981,19541,2074,-978,17822,4359,818,15949,6271,-5883,13021,8766,-1869,11883,8431,126,9251,5164,-6890,4763,6247,-5627,6331,4089,5826,4194,6848,8610,7348,2437,1672,5773,1897,4059,9704,-448,6562,13409,418,1864
18274,2967,-46,16750,5773,-1316,14344,6535,-4401,10681,8023,-1067,11748,6038,-2017,6175,6373,-6996,6997,4354,-2531,3888,5053,8358,6574,4739,6601,7485,2390,1032,6446,853,5749,12361,184,5813,15304,1487,1783,17191,1686,6089,19630,1303,8958,21828,2650,6237,23027,2518,3870,22544,1993,339,20434,2717,666,19312,2198,-5344,15669,3942,-5718,14652,6165,3403,12677,8774,-505,11284,7045,-10234,6623,4339,-3658,5204,5156,3805,6573,6249,718,6603,4656,5194,5014,1919,8749,8805,1099,1840,11994,2029,647,13891,481,7973,16063,1440,8651,20637,1333,2592,21267,3193,3751,22730,2302,10825,22317,2391,4123,21751,2054,-6548,18804,2554,-3738,16696,4253,-705,14961,4730,-4158,11372,7362,-2623,11478,6462,38,7169,4529,-4355,6218,5407,-6410,6030,4799,4371,4798,5428,10006,7688,3287,631,7908,2939,4323,10771,967,6877,14532,1710,2134,16925,1664,4040,19496,1511,7996,20730,2779,8466,23304,1261,7122,22684,2302,-588,21287,2296,-452,19485,1954,-2543,16482,2986,-8874,14517,4256,171,11675,6149,3973,10037,6241,-7979,8327,4619,-7138,4808,4934,2872
18384,1144,4846,20212,917,10562,20930,2719,10127,22939,1198,-118,19667,1225,-4870,18796,620,-1863,16130,208,-2985,13043,1411,-4597,10607,711,4140,9041,3063,-639,9762,4781,-9605,7683,6313,-3467,6750,6810,3099,9528,9142,-1059,8907,9769,3987,10710,6495,9532,10104,4945,2412,14805,2523,1115,14947,1823,8908,17213,977,9502,21081,1513,7198,20806,1866,3692,20878,87,6204,20522,1756,167,19259,631,-8938,16143,163,-2629,12904,898,3584,12014,610,-1975,8951,4222,-6305,10523,5454,-18,8486,6704,-2333,7994,7286,-6184,7918,7535,959,8577,9600,10020,11257,7076,3064,10559,5795,1950,12564,2229,9009,14970,2311,6399,17782,149,3015,19322,707,8597,19813,1528,11255,21951,496,2739,19888,1750,-5157,19860,883,-2739,16531,1155,-456,14294,-119,-5296,11572,1442,132,9627,3742,2649,11185,5537,-6692,7937,7393,-6323,8999,6082,1997,7084,8996,-150,9933,7741,635,9275,8018,8831,10009,5292,6701,13042,1936,2189,13659,1287,5418,17255,232,8964,18881,1943,7820,20910,1429,3685,20678,1009,5568,20477,1209,3748,20023,664,-7026,16827,1142,-5697
8130,7407,1621,7339,6070,2709,9065,4118,8748,9749,4634,5668,14874,496,1120,13217,1269,6731,18445,257,8441,19732,2169,5696,21821,1354,4669,20616,922,7040,20889,1693,786,19869,1087,-8224,16467,2006,-5307,14613,2564,2231,12498,3150,-708,9632,6050,-6178,11268,5641,-777,6591,6670,-1324,8649,6421,-5458,6995,7522,2077,7879,6865,9660,9490,5129,3710,9849,4262,1999,12713,873,7843,14042,1859,6317,19198,537,1922,19057,2136,6332,21086,851,13261,21319,857,5267,21253,1429,-6641,19643,1170,-3357,16938,1741,-1137,15078,1594,-5833,12193,3335,413,9943,4979,2607,11180,5779,-6501,7167,6793,-7317,7815,5721,2558,6895,9154,3442,9688,6352,1154,7711,7024,6606,10960,3300,7530,12262,2897,1049,15275,436,4593,16572,514,9403,19541,1181,6923,21496,1564,6191,21373,846,5561,20688,1676,1938,20360,534,-6504,16976,1821,-7856,15181,1310,1058,12197,3057,2394,10061,3902,-5677,10616,6209,-4491,7747,5600,-20,7304,7183,-3152,8462,8315,-1619,7820,7611,9334,8410,5923,5258,10867,4071,272,12082,3207,6083,15168,1186,8812,16464,-462,3579
14418,3220,3160,10808,3906,-677,9219,6108,-6881,10796,5699,-1914,6299,7836,357,9614,5779,-3915,5585,8756,1290,9942,6552,11641,9407,6479,3180,12060,2375,1810,12366,702,9418,15815,355,6376,18894,757,1774,20390,1491,8011,21132,1426,11207,20939,-39,3107,20624,1352,-9039,19084,1618,-3946,15873,2125,1653,13614,975,-3916,10905,4528,-2477,11141,7857,1825,10659,6328,-5353,6527,6424,-7202,7391,5707,2125,7217,9526,5885,10192,5561,2877,7523,5853,5660,12223,1504,7640,12165,1921,2796,16386,-68,4123,17819,859,7856,20131,1705,10272,21734,1390,4421,20548,1167,809,21018,1238,754,18815,785,-4345,16359,1863,-6555,14456,2330,1274,11569,4956,1905,11338,6453,-6922,9299,6879,-5174,7912,5384,1235,6935,6967,-1653,8240,7663,-617,7539,7346,10301,9383,4282,6363,9892,2564,-184,13745,816,6698,14563,445,8640,18017,633,3343,20490,2519,5377,21734,1714,9556,20562,1491,6085,21630,505,-5443,18692,1494,-5238,17189,1144,1037,13886,2473,-2802,12224,4423,-4742,11508,6799,836,9902,6828,-1994,8413,5965,-7983,6212,5954,-862,7220,7741,7544
21500,2397,8060,21323,1070,7745,22463,963,-499,19971,1446,-8706,17857,1045,-3771,14384,3453,1382,13508,4285,-3017,10476,7707,-4412,10720,6018,49,6873,6302,-3941,6656,5354,-5001,6217,7316,5270,7456,8536,8469,9880,4779,1844,7452,2934,4546,13216,-250,7331,14002,206,3792,17818,61,3177,20601,1751,8450,21505,2341,12200,22389,348,3357,21373,1624,-5182,20710,1261,-560,17901,1622,-3411,14535,2548,-7033,12801,4857,1782,11190,8274,1282,10781,6497,-7978,6524,5377,-6169,5299,5015,4310,7572,7861,3122,7641,7905,784,7811,5190,8585,9206,2825,5812,13353,280,560,14011,-660,6563,17352,-406,8482,20602,2002,5530,22414,2237,6793,21505,858,6212,22414,1346,1340,20196,1224,-7207,17831,1626,-6944,14678,3381,1493,13125,5338,-267,11070,7907,-6318,10055,5655,-1397,6298,5942,-1473,6852,5322,-4470,6176,7764,2103,7118,7775,9746,9310,4807,4148,8418,2321,2109,12870,-555,7366,14129,-97,6112,18104,233,2042,20813,2254,6429,21722,2385,13715,22303,556,5409,22043,1389,-6805,20275,1374,-3079,17760,2184,-1089,14793,2537,-6061,12643,5397,-607
10737,737,963,11004,-963,3766,15515,-1054,8655,17713,2299,5019,22804,2080,3195,20722,1908,10115,22866,736,7725,22221,1071,-3922,20459,1196,-8151,16903,2350,-381,15692,4575,-914,13417,7708,-4331,11807,9357,-1259,9906,5974,-2668,5236,6047,-6825,6807,5622,-734,5034,7666,9481,7415,3703,6607,6152,3741,735,10005,231,5474,11545,911,6257,16923,-919,2505,17311,1960,6196,21366,1289,9357,22342,1720,8727,22344,794,-556,22219,945,-2227,20234,2265,1044,17948,1651,-5262,14685,5645,-5518,14167,8184,2648,11891,10727,-2497,10180,5804,-9859,3890,3935,-1274,5950,5444,5476,6850,7224,1960,6327,6383,4094,6887,2407,8068,8972,33,2948,13037,-698,1950,15389,488,8415,18330,1102,7752,21168,1270,2748,22144,2153,7275,23222,1247,6965,21868,1213,-1105,20572,1066,-8331,17354,2980,-2967,15421,6716,1031,14147,7274,-3310,10904,10014,-5141,10269,4449,-1268,4206,6253,-3950,6872,6190,-2727,6576,6507,9376,4519,4575,7447,7737,1430,199,8353,1179,4823,13084,-927,6606,16322,-17,4226,18165,1467,4809,21575,1806,7524,22020,2983,9905,23641,347,805
3765,4667,2430,6371,4825,-462,4264,6690,3350,6869,4039,10816,6112,2945,3492,11365,-1110,624,11795,-397,4996,16293,91,7893,19627,1855,4009,21179,3218,4705,22808,1990,11251,22856,1072,5308,22144,705,-7257,19926,1715,-4811,17854,4669,918,15763,6828,-4099,12814,7675,-2585,11248,8436,-728,10012,6068,-5898,4571,6470,-6689,5422,666,4300,2088,7611,10192,10447,4765,2794,5114,4040,2446,10471,-3140,7524,11578,436,2869,17757,973,2184,18776,2148,9789,20903,1833,7817,23304,1924,5828,23135,2127,946,22041,697,473,19382,1459,-1567,17841,3848,-8619,15640,7755,-1602,13493,9362,3637,11226,7890,-6337,8118,4225,-8619,4651,4098,2497,6083,5588,2766,5020,5934,1068,6666,4559,8515,7263,3167,6114,10469,-1546,1167,11568,-597,3954,17116,540,8342,18800,3071,5634,22161,2076,2745,21649,2167,9547,23652,1746,7921,22191,1498,-4927,19719,1937,-7981,17729,4143,-451,15755,6940,-999,13387,7660,-4492,9933,7940,-1343,9800,4265,-3007,4348,4207,-5739,5386,4011,539,4289,6451,10065,8289,5655,5334,7504,2979,397,9104,-923,6174,12555,123,5003
16796,3365,-6364,15020,5243,2901,12807,5623,-78,9354,7358,-5970,10048,3655,-3034,4834,4418,-1389,6788,4422,-2619,5956,7571,4994,8774,8131,9353,8544,4659,1543,10318,927,1834,11916,-401,7425,16368,408,5538,18389,1727,3321,20714,2536,6857,21734,2975,12948,23011,1338,4489,21386,1726,-7306,19971,961,-2925,16935,2866,-2134,15094,4239,-6456,12348,5457,605,9829,6507,2590,10243,3477,-7738,5075,5595,-6836,7023,3938,4900,5751,8344,4046,9341,6590,1259,7696,5521,6648,10003,1158,6906,13122,486,830,15435,887,4519,17934,876,9957,19961,2858,5678,22631,2465,5937,22102,1950,6557,21714,1917,1557,20118,1001,-7322,16625,2152,-9032,14838,3500,2132,13365,5644,2363,10414,6480,-6079,10009,4021,-4184,4965,4358,-78,7448,5398,-2560,6584,8923,1032,9002,6451,10271,6796,5162,4167,11233,1685,122,12526,1719,6351,14494,677,7966,18101,68,4335,20133,2817,3561,21886,2749,12198,22352,1962,8563,21587,942,-5478,20137,1055,-4973,17028,2223,-1087,15571,3121,-6519,12568,5041,-1588,10206,6207,3830,10686,4727,-4609,6329,4676,-8441,6885,5287,970
[row took 88394us]
20302,2368,1921,20237,2719,8055,22102,1653,12158,21439,472,1597,20312,1113,-9082,18370,1484,-3651,15986,3658,-347,14112,3917,-4192,10811,5294,-17,10375,6469,873,9640,4303,-7699,4901,5767,-4985,7246,5143,4488,7013,9727,7318,10434,6563,2072,8163,4210,5233,10935,-54,7238,14073,558,1196,16594,1164,4688,19286,2069,9057,20203,2656,8861,22387,1382,5639,21345,955,634,20610,1107,-1029,18581,863,-5677,16298,2924,-7123,13877,4820,1482,11081,5244,2819,11188,4861,-7521,7826,4457,-4961,6206,5483,2195,7635,7356,-1647,7856,8787,1396,8665,7134,10275,8983,4219,4772,11027,795,352,13143,157,6921,15533,191,7823,19243,1961,2975,21262,4155,5759,21981,81,12708,20985,1940,4543,21562,-247,-8050,17846,2110,-5920,16660,2279,35,14397,3798,-2403,10924,5338,-2429,10303,6001,972,10158,4965,-4302,5718,5700,-7543,7370,5336,1764,6299,9685,8275,10920,7098,3523,8396,5690,2801,10321,49,7743,12948,742,3551,16745,105,3013,18202,1919,7440,20189,2614,9595,22178,1540,8430,21393,1197,35,21095,654,-1718,18853,1081,-3429,16596,1904,-8185
9141,9179,8344,10449,6570,2108,8799,3298,3971,12826,-357,8125,14894,1578,3837,17769,1221,3925,19668,2121,7871,20653,2331,11737,22660,-16,3954,19874,685,-3420,19836,727,-2179,17358,1710,-4355,14898,2916,-6785,12686,3475,2907,10221,5562,2313,10960,4897,-8161,7141,5539,-5604,6907,6724,3435,8662,7948,187,7460,8273,1494,9867,5877,9758,9277,4615,5353,13439,655,150,13250,721,6786,17364,626,9018,19669,2090,4452,21336,2261,6535,21368,59,8726,20435,621,2055,20145,-62,-9151,17264,2078,-6406,15524,3275,2160,13140,3528,-386,10079,4805,-5152,10914,5256,-784,7893,5625,-1893,7508,6843,-5396,7733,7362,170,7751,9121,8994,9892,6545,4444,9515,4205,2153,11758,-18,7857,13424,387,5704,17428,804,2506,19675,2536,5808,20219,2159,12186,21765,89,7185,20775,1139,-3400,20169,559,-3020,17647,1603,-2231,15668,2203,-6881,13172,4233,-545,10734,5227,4736,11493,5424,-5982,8075,6117,-8503,7315,6544,1797,7148,8126,2819,8989,7101,460,8013,7156,7614,10036,3389,8140,10887,1153,1178,14389,154,3710,16065,990,9407,19218,2441,5737
12482,5146,991,10523,6632,1087,10518,4552,-7841,6192,6850,-5159,7212,6274,4411,7328,9194,3650,9349,7713,2617,8357,3648,7347,7593,363,5655,14469,-471,1564,14464,2318,5910,19383,572,8262,18318,2269,5552,22884,1257,5663,21104,2442,5854,21677,378,2366,18472,120,-6636,17419,1831,-7508,15849,5249,1783,13117,5033,-519,8699,5156,-6035,11812,5286,-1759,6319,7514,-950,8463,6259,-3964,5043,7628,1779,9188,6800,10154,8342,5531,3551,9946,920,2654,10760,37,7826,16023,1001,5585,17937,1814,1444,20300,2231,5221,21065,1266,13577,21492,-199,7207,21121,955,-6851,20039,1498,-4244,17535,3216,-674,15329,2809,-5573,12184,4868,-1551,11030,6912,3010,11365,5643,-5175,6476,6677,-8161,6995,5967,1774,6385,9070,5353,9408,5712,2278,6771,5081,6154,10231,832,7923,11208,1081,1180,15865,493,3114,17346,1195,8590,19621,2241,6943,21834,897,7391,21353,960,5187,21527,1057,1794,19836,1597,-4593,18162,2859,-8938,15710,3901,302,12768,5546,2574,11149,5587,-6223,10107,5287,-4923,7340,5445,330,6655,6769,-2061,7775,7435,-660,6907,7531,9227
22270,285,4618,21062,1163,-214,21634,1514,364,18626,2188,-6389,16041,3325,-6702,13925,4844,3194,11664,6494,44,11161,5878,-8700,7566,4573,-2918,5223,6544,1650,8188,7367,-1282,6769,9057,3381,8562,5355,9495,7942,2181,3966,10781,-165,938,13972,-70,8013,15738,924,6772,20741,2006,1972,20709,2510,7898,22159,684,12264,21656,710,1473,21487,1047,-7831,18478,2324,-4185,16334,3728,109,14517,4107,-3634,10711,6522,-2845,11658,5517,117,7116,6436,-4411,7442,5593,-6526,5718,7244,3658,7604,8274,8712,8580,6071,1858,7745,1934,5132,9778,-464,7384,14723,251,2611,16171,1154,2803,19681,2229,7820,20985,2094,11128,22670,544,6250,21400,992,-1617,21584,1299,230,18701,2173,-3508,16769,2976,-8651,14078,4734,920,11638,6875,2585,11626,5884,-7658,7081,5545,-5879,5901,5192,2286,6610,7872,1276,7971,8036,666,7399,6041,8850,7972,2141,6619,10464,-59,289,13951,336,5771,15903,676,8327,19954,2502,3121,21475,2011,6422,21879,291,11123,21675,975,4017,22097,282,-5859,18484,2632,-7632,16721,3420,-211,14589,4772,-873,11404,6489,-4733
9885,-1015,2329,14815,1057,1764,17061,1958,7316,19509,1212,8414,21132,566,7351,22221,1362,5478,23407,2094,2180,20785,1147,-317,19315,276,-7914,15472,3918,-4446,15394,6619,2344,11881,6601,-3080,10836,7000,-7694,7876,5106,-297,5365,7460,-209,7362,6364,-1982,5383,6893,6669,6285,4678,7700,9102,1929,2705,10336,480,3494,13957,-863,7589,15610,1415,4731,21641,1689,1899,20694,2323,10009,22562,247,12679,22049,192,-668,21524,1652,-7786,19453,2681,-1368,16423,3879,-2377,14273,5475,-5100,11858,7158,803,11705,6903,-674,7417,5948,-8673,5618,6500,-3978,5807,7087,6700,7210,7917,5963,7481,2420,2651,5829,1612,6937,11106,-118,4406,14308,1501,1006,16825,1179,5555,19985,1455,8889,20836,1108,9085,22875,264,5281,21897,1340,-349,21634,2005,-19,19787,2583,-5799,16415,3647,-6057,14438,5830,3221,12134,7324,-1068,11626,8207,-9200,8213,5179,-3142,3427,6017,2238,7698,5827,-978,5411,8451,5640,7992,3707,8594,6847,971,3042,10210,-1005,1057,14172,1011,7543,16836,2324,7282,20341,778,2581,20611,1152,7006,22784,619,12368,22310,1701,852
5777,5176,1940,4859,6981,5257,6989,6500,2176,7105,4242,6954,5563,-703,6698,9361,-1518,85,14265,1311,3516,17465,2600,9569,19225,1320,6179,21230,743,3447,22226,1111,8352,23097,2471,4847,21728,691,-3258,19428,2484,-7362,17234,4693,-899,15381,7191,918,12563,7142,-4932,11728,8098,-4226,8017,5760,-1521,5766,5902,-4025,5627,5482,-535,4758,6575,10942,7012,3302,7001,6820,823,617,10013,-774,4882,13574,915,5616,16769,1038,2669,19664,2234,5336,21318,2186,9976,22411,1246,10577,22753,355,-2052,21243,1207,-4721,19884,3541,506,18387,4308,-4750,14628,7075,-4839,12528,6276,3905,11577,8177,-4137,9767,7137,-10852,4843,5282,-718,3350,3105,6919,6913,6452,3777,7453,5300,4436,6423,250,7709,8230,-1193,2415,14837,361,629,16488,3377,8086,19521,1788,8278,20738,697,4488,22202,1354,6862,23305,2008,4945,21951,1663,-1160,19870,1978,-7462,17076,4206,-4074,15160,7435,2802,13618,6738,-2796,10474,8274,-6783,9406,3779,-1805,4077,6794,-989,7535,4911,-2706,3965,6744,8141,7747,3562,9345,6789,1860,421,9321,-1009,3706,13074,346,7424
17827,4294,-9419,15519,3621,681,12025,4981,3744,9648,5648,-7007,9516,4161,-4913,5349,5410,1103,7842,6807,-2513,6390,6854,1113,7024,5981,9186,8302,4295,5629,10057,927,802,12373,319,4085,15324,1940,8068,19101,2026,3884,19941,2487,3198,21819,-74,13748,21759,1887,9867,22363,1485,-6568,19759,2441,-6887,17708,3852,-1398,16200,3584,-3637,11839,4925,-1903,9592,4842,1544,10627,5406,-3515,6493,5001,-7551,5819,5554,-87,6219,7438,7861,9370,7012,4177,7894,4707,919,9852,963,8138,11742,1533,3857,16498,1134,1131,17081,2046,8407,20137,1946,8431,21896,1088,8324,22012,1707,4383,21165,1426,93,19740,2449,-2691,18464,2818,-8796,15753,4290,-3828,12601,4559,4278,9434,3294,-2741,10038,4951,-7664,7655,5397,-335,6401,6936,1576,7275,5690,-3012,6938,6808,6480,9112,5323,8297,9922,2675,2147,12074,1341,2568,14649,1297,8063,17205,2086,5749,20132,1509,1801,20884,1433,9965,21680,1694,12973,21880,1205,-1927,19876,2099,-9342,18442,2781,-2948,15565,3410,-894,12965,3440,-3102,10609,4843,326,10605,4944,-299,7330,5555,-7837,6784,6577,-3891
18541,1776,3650,19736,1789,3359,21132,747,11492,21307,1696,7683,21013,1010,-5962,19169,2108,-6603,17429,3045,703,15279,3528,-2048,12260,4626,-3831,10351,6123,335,11181,6258,-3055,7327,6132,-7428,7045,6070,-1113,6666,8107,8647,8995,6357,5528,7943,4007,1759,9142,374,7528,11954,1320,4514,15826,933,1670,17354,1829,6958,19461,1892,8962,21546,1206,7313,21298,1345,2645,21086,1166,493,19498,2608,-694,18530,2234,-7163,14881,4277,-4012,13196,4472,3915,10640,5292,-2401,11142,6178,-8799,8212,5388,-1819,5997,7342,2065,8125,6263,-956,6892,7282,6908,8919,3959,8375,8835,1573,2223,11615,105,2212,14443,1563,8030,17436,2528,5797,20163,1526,1943,20151,1317,8681,21679,1344,11202,21237,1167,-1613,20139,1907,-8280,18364,2301,-1192,16049,4395,-424,13245,4056,-4824,10835,4182,-765,10947,5597,29,8996,6947,-6291,6484,6429,-5128,6655,7074,5577,7600,7908,7757,9700,4578,1373,7322,1370,6364,10706,372,6870,15273,1078,1152,16193,1899,3817,19563,2255,8992,20372,2194,8926,22251,-458,4680,20653,2502,620,21013,1740,715,18236,2571,-5277
6482,8220,7040,9945,7474,5576,9477,5394,959,9665,1902,7462,12401,1574,5689,16139,1710,1098,17781,2100,6196,19809,1843,10114,21025,939,10563,21473,547,1852,20414,1080,-2315,19475,2567,-2373,17636,1501,-7320,14104,2901,-3433,12516,2227,4844,9230,3966,-1993,10259,4401,-8203,7708,5674,-1034,6697,7667,2297,8895,7428,-2852,7863,8441,5101,10113,5902,9714,10357,3902,2142,12751,1717,1469,14995,1798,9198,16907,2076,7288,20630,1043,2959,20079,1171,8891,21583,734,10336,20303,804,-846,19356,1595,-10318,17627,1829,-2959,14873,2941,1151,12693,1351,-3350,8765,3455,-1599,10548,3863,442,7835,6448,-4853,8467,8067,-5791,8072,8312,3888,8554,8116,7372,9237,5743,938,10273,4116,5317,12441,3238,7685,15476,1525,2630,15884,1510,4500,19801,787,8562,20019,2249,11701,21659,-464,4106,19444,592,-2128,19968,1549,-1719,17943,1694,-5513,14775,2157,-6152,12921,1674,3224,9912,3238,1876,10529,3798,-7910,8492,6059,-4002,7557,7631,2147,9082,8661,-2077,9087,8167,845,8475,6837,9669,10489,4401,5938,12212,2748,74,13785,1065,6704,15550,2329,9108
14055,3666,-4919,13056,2359,2953,10514,4958,-651,11007,5088,-8105,8351,6093,-2121,7303,8689,1970,9137,8094,-2184,8803,8518,4590,8654,4009,9597,8308,2366,3987,13102,1522,615,14031,1586,7996,16634,1885,7432,19703,1674,2804,19793,1422,7759,21331,257,10127,20232,1001,7,20208,1429,-8515,17236,1615,-2959,15250,2732,1934,13924,2172,-3762,10288,5021,-3594,11204,4663,271,8724,6073,-3725,8086,8291,-6370,7879,7706,3753,8363,8836,8348,9194,6090,1558,9676,2595,4554,9083,854,7498,16182,718,3581,15311,2882,3997,20110,346,7159,18506,2193,10511,22722,-134,4451,19747,2400,-769,20919,558,944,17193,1488,-3964,16244,2153,-7525,14795,3378,840,10630,4696,1849,9784,4127,-6178,9891,6443,-5035,7746,7752,1284,8438,7506,-146,7319,8103,-115,9153,5910,9494,8692,4371,6226,11702,696,1138,12347,1310,5929,16689,1593,8248,18501,2104,2659,20528,1248,5766,20423,395,11223,20944,531,5277,20728,1158,-7513,18696,1924,-6952,16240,2867,1614,14397,2172,-1502,10920,3967,-4685,10462,5452,-52,10244,5792,-1558,7419,7516,-6456,7803,6982,-1047
=== CAPTURE END: speed3_imbalance ===
[loop] iteration 4

=== SpinDoctor Capture Menu ===
Speed:  1) Low  2) Medium  3) High
Class:  H) Healthy  I) Imbalance  O) Obstruction
Enter as two chars, e.g. "1H": X:7679 Y:5821 Z:-2652
Fault class: healthy (100.0%)
X:8552 Y:7714 Z:567
Fault class: healthy (100.0%)
X:8937 Y:2413 Z:9169
X:13728 Y:17 Z:681
Fault class: healthy (100.0%)
X:18815 Y:1826 Z:8745
X:21240 Y:1307 Z:5952
Fault class: healthy (100.0%)
DHT11: 39.0% RH, 29.3C
X:22819 Y:1397 Z:2518
Fault class: healthy (100.0%)
X:20056 Y:1276 Z:-4303
X:15921 Y:5688 Z:-1641
Fault class: healthy (100.0%)
X:12034 Y:7701 Z:-1951
Fault class: healthy (100.0%)
X:9685 Y:5349 Z:-5943
X:4546 Y:4969 Z:2362
Fault class: healthy (100.0%)
X:7904 Y:6656 Z:5095
X:9886 Y:6508 Z:6110
Fault class: healthy (100.0%)
X:12493 Y:1483 Z:3348
Fault class: healthy (100.0%)
X:14805 Y:700 Z:7454
X:20092 Y:3025 Z:5433
Fault class: healthy (100.0%)
X:20493 Y:2147 Z:9250
Fault class: healthy (100.0%)
X:20487 Y:-169 Z:-8023
X:16353 Y:536 Z:820
Fault class: healthy (100.0%)
X:13358 Y:1675 Z:-5060
X:9118 Y:4600 Z:1045
Fault class: healthy (100.0%)
X:8575 Y:6017 Z:-6791
Fault class: healthy (100.0%)
X:7078 Y:7399 Z:3521
X:8931 Y:7672 Z:3328
Fault class: healthy (100.0%)
X:8120 Y:868 Z:7045
Fault class: healthy (100.0%)
X:14038 Y:262 Z:3471
