X:15722 Y:1242 Z:3389
Fault class: obstruction (99.3%)
X:13650 Y:1642 Z:8292
Fault class: obstruction (100.0%)
X:14403 Y:1404 Z:896
DHT11: 39.0% RH, 29.3C
X:13039 Y:2374 Z:9124
Fault class: obstruction (98.5%)
X:12505 Y:3770 Z:960
X:12765 Y:4035 Z:6286
Fault class: obstruction (100.0%)
X:13705 Y:7311 Z:1048
Fault class: obstruction (100.0%)
X:12461 Y:9127 Z:5748
X:13225 Y:8837 Z:2795
Fault class: obstruction (100.0%)
X:12175 Y:7494 Z:4242
Fault class: obstruction (66.4%)
X:10893 Y:8086 Z:2416
X:11994 Y:6992 Z:-829
Fault class: obstruction (51.3%)
X:13602 Y:6664 Z:-585
X:12280 Y:7628 Z:-3988
Fault class: obstruction (64.0%)
X:13179 Y:9357 Z:-524
Fault class: obstruction (84.0%)
X:12657 Y:7475 Z:-6240
X:12261 Y:4800 Z:850
Fault class: obstruction (99.8%)
X:13561 Y:4629 Z:-5226
Fault class: obstruction (55.9%)
X:13570 Y:4098 Z:1370
X:14045 Y:2495 Z:-2648
Fault class: obstruction (99.4%)
X:13640 Y:581 Z:1413
X:14198 Y:-375 Z:-1837
Fault class: obstruction (99.9%)
X:14662 Y:-309 Z:-416
Fault class: obstruction (98.1%)
X:15346 Y:-1140 Z:-2095
X:15732 Y:-1135 Z:-3535
Fault class: healthy (98.4%)
X:15003 Y:-1107 Z:-1215
Fault class: healthy (86.0%)
X:14764 Y:-1529 Z:-3105
X:14931 Y:-2095 Z:3889
Fault class: obstruction (99.9%)
X:15932 Y:-890 Z:749
X:15528 Y:-918 Z:9128
Fault class: obstruction (99.6%)
X:16815 Y:-108 Z:3530
Fault class: healthy (99.6%)
X:16505 Y:138 Z:10004
X:16987 Y:837 Z:4138
Fault class: obstruction (99.2%)
X:15603 Y:-142 Z:9836
Fault class: obstruction (67.6%)
X:16559 Y:-141 Z:4358
DHT11: read failed
X:15918 Y:1019 Z:6960
Fault class: obstruction (98.0%)
X:15289 Y:568 Z:3354
X:15444 Y:1285 Z:5559
Fault class: healthy (100.0%)
X:15290 Y:2053 Z:3811
Fault class: healthy (99.9%)
X:14305 Y:1636 Z:3762
X:15594 Y:1870 Z:5407
Fault class: obstruction (95.2%)
X:13168 Y:1598 Z:3309
Fault class: healthy (100.0%)
X:12642 Y:2186 Z:8284
X:13165 Y:1962 Z:3091
Fault class: healthy (99.8%)
X:13399 Y:3584 Z:8468
X:13399 Y:4863 Z:1392
Fault class: obstruction (98.8%)
X:12442 Y:4809 Z:8104
Fault class: healthy (93.2%)
X:13189 Y:6217 Z:918
X:12712 Y:7209 Z:6004
Fault class: obstruction (89.1%)
X:13283 Y:7204 Z:1449
Fault class: healthy (100.0%)
X:12392 Y:9304 Z:5097
X:13401 Y:8945 Z:2142
Fault class: obstruction (60.9%)
X:12520 Y:8566 Z:3167
X:11838 Y:9388 Z:4013
Fault class: healthy (90.8%)
X:11632 Y:8255 Z:1346
Fault class: healthy (100.0%)
X:11278 Y:8864 Z:4243
X:11934 Y:8332 Z:-1022
Fault class: healthy (100.0%)
X:10237 Y:8228 Z:4479
Fault class: healthy (51.3%)
X:10977 Y:7812 Z:-1606
X:12468 Y:7815 Z:4647
Fault class: healthy (57.1%)
X:11396 Y:8342 Z:-2609
X:11981 Y:8257 Z:3648
Fault class: obstruction (60.7%)
X:12497 Y:8262 Z:-2464
Fault class: healthy (100.0%)
X:13345 Y:7822 Z:1456
X:14202 Y:7352 Z:-2238
Fault class: healthy (87.8%)
X:13365 Y:7488 Z:278
DHT11: 39.0% RH, 29.8C
Fault class: healthy (69.2%)
X:14496 Y:9337 Z:-1991
X:13177 Y:8382 Z:-2887
Fault class: healthy (75.7%)
X:12739 Y:8655 Z:-523
X:13032 Y:7922 Z:-4939
Fault class: obstruction (100.0%)
X:13961 Y:8428 Z:335
Fault class: healthy (90.3%)
X:13063 Y:7840 Z:-5235
X:13556 Y:7370 Z:275
Fault class: obstruction (66.9%)
X:13063 Y:7406 Z:-6758
Fault class: healthy (51.6%)
X:13269 Y:7450 Z:-282
X:13374 Y:7155 Z:-7360
Fault class: healthy (93.3%)
X:12651 Y:6139 Z:-1829
X:13422 Y:6510 Z:-6995
Fault class: obstruction (63.3%)
X:13130 Y:6402 Z:-3535
Fault class: healthy (100.0%)
X:13314 Y:6259 Z:-5896
X:12612 Y:6345 Z:-4696
Fault class: obstruction (89.4%)
X:12999 Y:5874 Z:-3776
Fault class: obstruction (99.9%)
X:12134 Y:6113 Z:-5345
X:12335 Y:6086 Z:-2599
2Fault class: healthy (95.3%)
X:12068 Y:5864 Z:-6935
X:12765 Y:5866 Z:-1600
Fault class: healthy (87.9%)
X:13079 Y:5273 Z:-7535
Fault class: healthy (99.1%)
X:13421 Y:5406 Z:-143
X:13549 Y:4142 Z:-5262
Fault class: healthy (90.4%)
X:13706 Y:3684 Z:1857
Fault class: obstruction (70.2%)
X:14271 Y:2951 Z:-3435
X:14035 Y:1920 Z:1664
Fault class: healthy (92.8%)
X:14534 Y:1679 Z:-1240
X:14109 Y:324 Z:758
Fault class: obstruction (98.8%)
X:14536 Y:-221 Z:-253
Fault class: obstruction (99.8%)
X:14049 Y:-412 Z:-1934
X:15053 Y:-1242 Z:-249
Fault class: healthy (59.2%)
DHT11: 39.0% RH, 29.6C
X:15537 Y:-1195 Z:-5138
Fault class: healthy (96.9%)
X:15711 Y:-1833 Z:164
X:15493 Y:-1819 Z:-4794
Fault class: healthy (58.6%)
X:15189 Y:-2227 Z:3815
X:15354 Y:-1607 Z:375
Fault class: obstruction (98.3%)
X:15204 Y:67 Z:7901
Fault class: obstruction (75.4%)
X:17192 Y:417 Z:3950
iX:17273 Y:201 Z:9205
[debug] got bytes: 0x32 ('2')  0x69 ('i')

Selected: Speed 2, imbalance. Set up the fan now.
Send 'S' when stable and ready to capture, 'X' to cancel and return to menu.
Fault class: obstruction (52.1%)
X:17300 Y:1422 Z:5773
Fault class: healthy (79.5%)
X:16498 Y:777 Z:7703
X:16302 Y:1481 Z:6598
Fault class: healthy (99.3%)
X:15262 Y:2841 Z:5067
X:15131 Y:4042 Z:5374
Fault class: obstruction (99.9%)
X:14291 Y:988 Z:1950
Fault class: obstruction (74.2%)
X:14870 Y:1340 Z:5547
X:14547 Y:1103 Z:1666
Fault class: obstruction (91.6%)
sX:13290 Y:1377 Z:8201

=== CAPTURE START: speed2_imbalance ===
15518,-2448,-1697,13449,-409,-3105,14277,1638,2172,14070,5031,808,13813,4781,-6480,12086,5954,-5499,13885,6909,798,12901,6624,481,11368,7150,765,12162,8947,5257,13683,11081,4862,14449,7445,363,11753,3787,3976,12587,320,9573,13915,1454,4403,15085,1842,512,15537,1460,7999,14719,676,8846,16218,-1877,-291,14460,-1592,-3782,15791,-1781,255,14344,-998,-534,13694,894,-1909,14247,2893,1342,13383,5634,-1100,13382,5711,-7077,12574,7713,-3744,13702,7081,1840,11842,7362,2964,12145,8979,2081,12761,9795,4339,13616,9228,5132,13356,4522,1075,12211,636,4913,12664,977,9830,15702,681,2798,14696,2816,2020,15969,-84,9188,14992,-392,5269,15614,-2174,-3748,15389,-1990,-3665,14182,-531,1165,14555,148,223,13923,3495,-2570,14029,5023,-689,13512,6075,-2562,11999,6733,-6187,14507,5357,-867,10547,8044,4410,13148,7868,2542,12005,9248,1237,13463,9272,5091,13842,6242,5128,12552,2406,2247,12623,164,5427,14276,1457,7741,15251,2506,4385,16010,465,4124,14962,-639,6634,15569,-1660,547,15525,-1230,-5561,15037,-1970,-1846,13842,177,3233,14651,2015,-640
14403,6592,1202,11427,7518,2945,12701,7007,862,11323,9590,4619,14141,9314,5678,13687,6665,708,12848,2504,3917,12526,701,9561,14677,681,4000,14804,2537,1432,16113,88,8244,14334,70,7742,15962,-2329,-1954,15181,-1107,-5386,15063,-1210,1391,14276,-441,292,13647,2127,-2345,14095,3539,69,13129,6112,-2112,13313,5843,-6110,13234,7123,-2985,12527,6739,2899,12059,7935,4167,12377,8880,686,12952,9270,3996,13535,7175,6484,13175,4050,1703,12799,812,4851,13633,1147,8227,14842,1772,3346,16141,1430,4272,14620,-75,7222,15708,-1616,3042,15434,-1815,-4287,15211,-1636,-3592,14014,-293,2140,14573,708,1354,13564,3646,-3977,13582,4837,-2050,12869,6853,-1174,13765,7143,-5337,12322,6807,-2021,11548,7562,6669,13060,9668,3696,13566,9104,53,12448,7564,5497,13094,4412,6209,13547,1886,2332,13211,966,5384,14710,1175,6819,15320,1734,5279,15965,85,4068,14841,-1185,3769,15236,-1718,478,15668,-1240,-4706,14204,-1091,-1893,13694,1045,2969,14444,2757,-350,13439,4972,-5971,12941,5678,-2551,13572,7482,-325,13243,6618,-3875,11872,6870,1114,11799,8345,7114
12907,1908,4116,13086,1529,8974,15346,1615,4051,15346,2118,2216,15524,-620,7434,14799,-843,5948,15879,-2241,-2908,15179,-1051,-4626,14328,-1107,1244,14361,600,1129,14174,3194,-3100,13841,3935,-1820,12399,5865,-1659,13559,6582,-4570,12990,7313,-3082,12158,7644,5190,12886,8710,3954,11966,9136,-555,13077,7570,4604,12879,5874,6625,13436,2606,2878,12846,1741,4628,14764,1495,6695,14917,2606,5318,16363,-122,4285,14485,-1082,4936,15748,-2371,2214,15224,-1438,-4284,14930,-1178,-3678,13809,1034,2858,14729,1958,880,13468,3670,-5013,12723,4445,-3331,12854,6587,-450,13567,6247,-3746,11830,7868,-167,12649,9186,6244,12924,10716,2916,13586,9056,-251,12123,3956,5591,11760,3301,7252,15063,1807,3776,13774,2157,3291,14409,1657,7078,15699,647,6914,15720,-242,2363,14745,-1805,1114,15734,-1505,528,14716,-1234,-2898,14581,-463,-1674,13948,2078,3010,14317,2926,-1736,12904,4773,-7133,12989,5666,-2168,13843,7179,627,12319,7012,-1783,12099,9180,2117,12512,10433,5880,13692,8826,2788,12067,5709,-285,12950,2799,7561,12826,3351,8931,14911,1697,1583,13707,1521,2896
15480,-1730,-2720,15171,-1127,-3827,14255,-182,1806,14082,1595,1734,14435,3346,-4745,13049,4306,-4208,12086,5964,-248,14257,6447,-3250,12109,8333,-1822,12091,8576,5746,12624,10861,3902,13855,9849,-229,12859,4921,4057,10685,3812,7431,15364,1370,4902,13086,3204,2455,15347,1209,6722,14829,912,7919,15543,-361,2468,15444,-2104,1876,15053,-1513,1099,15279,-1849,-2846,14485,-279,-2071,14127,1797,2290,14362,3087,-174,13158,4542,-6891,12542,5359,-3858,13656,6738,1161,12788,7382,-1605,11927,8322,-67,12449,9790,5996,13144,10011,3509,13916,6601,-440,11307,3818,6204,13135,2439,9179,14382,1828,2491,14151,1458,1865,14852,1628,8314,16173,349,7719,15332,-1562,361,14944,-1981,-1760,15420,-1162,1172,15157,-662,-1624,13974,515,-1980,13965,2114,2226,13613,4164,-2583,13225,5506,-7996,13423,6316,-1224,12499,7370,1729,12407,7898,274,12173,9587,1314,12812,9525,5755,13586,8204,3388,12207,4417,974,12721,2509,7777,13740,2422,8355,14629,940,837,14376,2128,3042,16505,584,9955,15202,-1300,5847,14788,-2087,-3927,15716,-2314,-1860,14767,-164,1645,14859,-152,-2059
13631,6834,1093,12597,7652,-993,11918,8740,-183,12383,9274,5727,12589,10367,4546,14306,6145,92,10933,4713,5222,13857,2674,9449,13973,1999,3489,14473,902,1199,15121,1323,7525,16312,228,8809,15267,-1901,1158,15230,-2023,-2666,15217,-861,782,15543,-972,-1550,13416,729,-2729,13960,1645,2181,13483,4545,-1723,12989,5899,-7591,13367,6861,-2498,12610,7764,2080,12081,8245,1264,12403,9464,930,12283,9682,5567,14008,7229,4391,11383,4936,927,13656,2140,7102,13537,2634,8767,14998,370,1689,14626,1839,2867,16477,-166,9069,15014,-1439,5898,15670,-2149,-4110,15046,-1112,-2481,15316,-321,2143,14188,299,-1631,13827,1607,-2587,13127,3457,-70,12910,5975,-3749,13837,6726,-5314,12510,7278,-884,11347,8648,4343,13196,9233,1962,12233,9683,737,13306,6980,6447,11943,5442,4735,13734,3552,2544,14055,2282,7182,13786,1198,6441,15369,1097,2663,16414,444,5061,15016,-1633,7134,15625,-2283,587,15295,-1384,-5114,15282,-756,-757,13708,701,2247,14429,853,-2058,12629,3176,-4257,12783,5572,-1958,14336,6921,-1822,12090,8129,-4305,12717,7962,1693,11312,9996,6102
13690,2567,5921,14179,2886,7773,15385,935,2328,15450,77,4173,14690,-1863,8198,15612,-2551,4067,15474,-1134,-4259,15451,-1075,-3226,14257,11,1711,14250,242,-611,13506,2458,-4539,13219,3519,-1043,11979,6494,-1554,14301,7574,-4924,12477,9404,-474,12324,9719,5598,13013,9179,1616,11896,7539,182,12714,5916,6395,13325,5643,7036,13622,2839,3211,13904,2162,4258,14923,1660,6825,15888,157,5479,14843,-1402,3533,15551,-2766,4036,14729,-1384,563,16166,-625,-4457,14518,-116,-1403,13628,363,2778,13772,1441,-2591,13219,4341,-6169,12540,6110,-1537,13932,7890,74,12745,9237,-2688,12606,8462,1823,11052,9059,5444,13876,7954,1622,12906,7199,1284,12338,4415,8218,13515,3118,7555,13991,2365,876,15199,1969,3900,15113,641,9703,15122,-1833,5687,15439,-2209,231,15300,-1044,-11,15865,-602,-843,14540,-762,-2628,13777,-98,-374,13392,1988,1948,13984,3316,-4563,12105,5840,-6867,13469,7517,521,13452,8771,1347,12409,9202,-392,12933,8327,2139,10835,8948,5448,14529,6564,2085,12221,6803,3098,13449,1891,9822,12820,2729,5996,15996,1116,-392,15116,1795,5350
16325,-1038,-3555,14167,-247,-1710,13473,615,2776,13964,2308,-1036,12988,5263,-7060,13140,6675,-2285,13897,8467,957,12840,7730,-2543,11495,8046,2006,12119,9259,6538,14053,8679,2385,12488,6876,654,12504,4136,7516,13163,2526,8179,14551,1334,1776,14272,1181,2774,15778,409,9397,14969,-141,6552,15775,-2546,-405,14425,-490,-1525,16418,-283,-158,14443,-230,-2536,13602,-183,-1276,13428,2658,2241,14131,4741,-4004,12848,5924,-7484,12637,6675,-410,13359,8462,1938,12518,8008,161,12056,8504,2604,11918,8695,5229,14077,7043,2565,12149,5847,2376,13685,1402,8660,12486,3214,6441,16619,1248,218,14567,1339,5350,15173,-905,9494,15693,-1883,2500,15494,-905,-4113,15624,-1330,-854,14375,-887,1081,14000,-160,-2119,13809,1403,-1523,13001,4446,205,13518,5388,-4277,12506,8160,-5233,14042,8087,423,11893,9159,4074,13034,8302,1158,11649,8496,2662,13191,8002,6597,13663,5727,3261,13208,2972,2684,12513,1258,8753,15445,1103,5308,15017,1905,1337,16105,-1406,7006,14190,-846,7334,16050,-1783,-902,15631,-616,-4844,14456,-974,-99,13895,-54,1325,14036,1831,-2926
13694,8992,2205,12648,8516,1333,12195,8341,638,10966,7609,6218,14510,7424,4353,13088,6343,759,13124,1962,7740,12506,1883,8117,15796,637,729,14877,1918,4083,15507,-356,9601,15006,-1557,4817,15464,-997,-3920,15730,-771,-2624,14515,-434,1728,14111,-293,-1740,14144,1586,-2164,13061,4517,1205,13847,5216,-4482,12241,8255,-6226,14564,7083,445,10514,8516,4593,13998,8476,1456,11934,8088,1490,11937,7084,5770,13414,5688,4132,13753,4504,2502,13180,885,7591,13874,1318,6227,15604,2081,2216,15814,348,5583,14796,-1066,7753,15280,-1990,-31,15887,-711,-5376,14904,-821,-487,14031,-373,1780,13980,1262,-2616,13746,3411,-2811,13116,4909,-1090,12695,6497,-3267,13763,7751,-4255,12712,7859,1986,11568,8751,6033,12442,8311,789,13017,8453,1854,12969,6535,7053,13314,4222,4409,13093,1940,2982,14546,1358,6663,14414,2051,6460,16804,-468,4579,14297,-670,4309,16042,-1980,2775,15193,-349,-2817,15591,-1172,-3727,13624,-842,1520,13968,925,2114,13808,3015,-4263,13153,4570,-5092,12481,7008,-409,14296,8334,-1916,12330,9028,-3196,12479,6642,5431,11444,9257,5635
12848,1002,6431,14578,1780,7080,15000,2423,2810,16149,-573,5297,14152,-952,7596,15882,-1897,619,15419,-619,-5056,15060,-1458,-1118,13829,-361,2553,14551,725,-1632,13128,3548,-3866,13255,4496,-1105,13327,7232,-2343,13362,7877,-4627,12680,7693,1220,11446,9153,5670,14006,8722,1208,11778,8517,1591,13656,5846,7024,12422,5158,4764,14730,2205,2689,12812,875,5661,14734,749,6677,15998,922,4747,15827,475,3979,14675,-2635,4953,14889,-1548,-1325,15628,-79,-5240,14611,-754,683,13636,708,2134,13986,2081,-3204,13340,5001,-4816,12781,6278,-1126,14025,7555,-1187,12538,8028,-3644,12356,6515,3761,11437,9400,6670,14290,8539,-131,12127,7954,2477,12979,4156,8271,13537,2294,4906,13658,1887,2073,14820,1257,5625,14876,1540,8709,15889,-473,4937,15457,-1262,141,14886,-1293,844,15805,-1558,-1553,14535,-584,-3898,14112,65,1407,13441,2395,1878,13670,3481,-5777,12603,5853,-5468,13495,7567,591,13409,7869,-748,11750,8887,34,12674,7450,4988,11139,9833,4502,15167,7357,942,12037,6304,3501,13539,2036,8973,12765,2161,5370,15625,961,161,14337,1865,6515
15917,-1132,-4833,14460,-862,-928,13750,1298,2586,14358,2573,-1663,13324,4561,-6191,12665,5800,-1692,13779,7233,-402,12524,7411,-3673,12107,7362,2444,11644,9306,6445,14023,9264,1201,12867,7904,1276,12490,4343,7396,13264,2343,6814,13703,1739,1562,14650,1362,4529,14879,1887,9127,16113,-469,5532,15173,-1128,707,15263,-1623,233,15771,-1305,-1219,14511,-968,-3348,13876,315,714,13810,2685,2613,13925,3433,-4432,12371,5674,-7225,13161,7386,118,13896,7663,-2,11979,8081,-638,12495,8023,4258,11550,10334,5589,14954,7521,1188,11747,6171,2138,13613,1528,9202,12630,1834,6255,15010,1170,33,15133,2203,5667,15632,800,9967,15390,-1350,3488,15269,-1601,-2708,15472,-1153,-537,14851,-1721,-289,13680,-121,-2919,14515,1882,904,13449,4637,822,13507,4656,-6871,12061,7078,-5484,14484,6907,1661,11926,8198,2341,12464,8040,735,11390,8604,3968,13739,9266,5191,13568,6697,1344,12756,3379,3862,12498,1412,9671,14997,1020,4142,14566,2610,890,16137,34,8282,14585,-87,8361,16139,-2513,-1441,14946,-1433,-4765,15011,-1569,761,14227,-501,254,14280,1859,-2490
[row took 89995us]
13547,7006,860,11047,7938,247,13246,9548,2864,12796,11427,6343,14023,7047,1764,10821,5155,309,14142,2098,9106,13172,3300,7753,15438,20,497,13232,1404,5346,16763,430,9982,15645,-147,3765,15335,-2689,-3230,14466,-2455,-937,15117,-1475,617,14305,1016,-2885,14442,1985,-157,13323,4344,1281,13462,4483,-6483,11596,6821,-5580,14902,6596,1231,10861,8935,3284,13977,9529,939,11355,8611,2263,12813,8827,5569,14033,6156,3306,13150,4305,2772,12796,-378,8953,13561,1053,5438,15903,3166,1130,16563,1076,7191,14536,-1207,8413,14926,-3290,-889,15604,-1228,-5361,15180,-713,113,14317,-787,1961,13387,1435,-2473,13622,3005,-1645,13426,5823,-1806,13065,6406,-5164,13439,7243,-3623,12184,7179,3374,12195,10398,5136,14218,8727,-313,10542,8731,2736,14071,5898,7325,13196,5853,2964,14088,631,3966,12524,214,7906,15019,2737,4735,17267,1789,3675,14347,-804,6161,15034,-3492,4068,15058,-1926,-3535,15501,-1128,-4125,14038,-365,1692,13907,1028,1561,13973,3625,-4518,13348,4920,-3750,12630,6546,-1218,13915,5922,-3553,11998,8142,-1582,12226,9264,6370,13133,11065,4668
13555,1112,8330,13795,783,5528,15024,1371,2998,16560,798,6016,15010,-1009,6973,15598,-2815,-1049,15082,-1994,-5385,15246,-1637,677,13706,370,2203,14479,1719,-2745,13191,4230,-3267,13009,6143,-2299,14006,6488,-3524,12135,7238,-3987,12287,7356,3643,11673,10477,5936,13940,9791,178,12104,9064,2271,12855,5181,7299,12925,3364,4446,14094,1225,3254,13654,539,6281,14708,1253,7133,16945,918,4226,15320,-784,3918,15348,-2012,2185,15234,-2753,-2465,14969,-1381,-3703,13860,-236,1664,14208,2118,1646,13603,3840,-4622,13004,5640,-5624,13519,7288,-174,13102,6770,-2326,11826,7847,-1437,11994,9067,6036,13107,10585,5328,13208,8593,-462,12401,5080,3837,12551,3479,8618,14540,1454,4471,13502,1166,1945,15140,717,6984,15581,1643,8581,16422,-773,3022,14640,-1823,-724,15391,-2363,-67,15006,-1286,-1688,14384,-145,-2642,13971,1409,2158,13473,3821,-88,13651,5177,-7882,12781,6752,-4114,13198,6649,1523,12256,7345,212,11991,9559,1112,12836,9960,5942,13126,9890,3948,13122,5311,265,12002,3593,6308,14216,2045,9249,13839,1062,2605,14592,1424,1891,16250,1254,8734
15093,-697,-3056,13653,827,721,13541,3433,1558,13840,4927,-6722,12645,6113,-6127,13252,6323,840,12285,7473,599,12265,9451,105,12483,10283,4824,12403,10841,5367,14099,5860,309,11127,4298,4460,14077,1509,9883,13406,1687,4154,15234,760,733,15391,1923,7510,16482,235,9067,15402,-2699,398,15037,-2856,-4497,15235,-1681,1086,15091,-604,-215,13645,935,-3015,13518,2350,820,13267,5207,-2005,13009,5898,-6859,13345,7741,-3738,12418,7157,3239,11207,9550,3755,13564,10354,32,11831,9603,4284,12913,6716,5326,13314,4445,2565,13388,1766,5373,13752,1414,8936,14833,1260,3136,16491,1769,3125,15523,414,8124,15656,-3164,5018,14736,-2920,-4436,15744,-2215,-3716,13952,-140,2283,14030,842,-964,14391,3534,-3551,13321,4951,-1164,12377,5986,-2991,13758,6316,-5681,12009,7366,-453,11201,8997,6565,13015,10598,2472,13416,10941,144,13511,4887,5803,10886,5198,5794,15307,1686,2816,12806,2472,5569,15034,1064,7165,16340,1685,5320,15380,549,3861,15657,-2859,3926,14608,-2860,-46,15673,-2071,-5064,14829,-540,-1001,13416,834,4017,14243,2406,-2662,12860,5074,-6608
13452,10181,3844,11813,9203,-399,12777,7433,4669,13305,6310,7028,13589,1004,3970,12060,781,3805,15115,1351,7130,15989,3286,5821,16018,-207,3793,14892,-2095,4618,15247,-2460,1316,15908,-2033,-4189,14414,-969,-2904,13849,592,2752,14245,2350,267,13645,4312,-6000,12485,5460,-4124,13266,6668,-365,13011,6871,-2982,11568,8986,1088,12689,10068,7020,12942,10476,3082,13807,8153,-199,11999,4117,5463,11913,1822,7712,14451,1783,3852,14543,2469,2783,15880,1503,8078,15056,-109,7671,15982,-1778,1164,15185,-1602,-946,15635,-2270,119,14433,-1793,-2270,13765,-26,-1178,14262,3135,1986,14012,4011,-2731,12580,5456,-7989,12661,6567,-1635,13899,7425,1815,11538,7598,-210,12101,9215,2285,12129,10907,6272,14454,8765,2276,12144,5653,1258,12936,709,8274,11936,2354,7948,16690,307,1584,14919,4735,3325,16454,-338,9920,14473,-2029,5014,15482,-3446,-3706,15680,-1804,-1309,14837,-824,1384,14180,92,-2775,13926,2511,-1594,13412,4217,967,13721,4481,-5611,11933,7200,-6636,13737,5933,1062,10435,9178,4564,15019,10406,1004,10787,9065,1566,12945,7874,5737,13355,6301,3260
15380,1384,7589,15355,-945,8252,15242,-2077,271,15162,-1959,-1803,15375,-651,511,14833,-311,-1967,14015,993,-2343,14084,3310,1801,14114,4472,-2602,12538,5459,-7647,12240,5327,-1636,13026,7838,2510,12975,8989,1363,12207,9815,1616,12051,8785,4506,13400,7174,3749,13043,4612,1702,12379,981,7050,12808,2539,8428,15868,1860,2168,15254,2587,3227,15263,-706,8627,15227,-2594,4013,15298,-2600,-3891,15616,-1037,-1768,15038,356,2012,14428,779,-1466,13871,2517,-3151,13670,3961,1,13162,5273,-3646,12561,6946,-5165,13292,6520,187,11140,10274,4181,14402,9450,2220,11421,9611,930,13553,6970,6061,12658,5620,4561,13333,1935,2215,12013,1158,8136,15320,1885,7408,15517,2323,1874,15907,-594,4426,14550,-1246,6962,15779,-2347,1046,15365,-727,-4902,15209,-799,-287,13957,1819,1973,14575,2290,-2500,13576,3618,-3733,12674,4865,-1604,13267,6250,-2716,12571,8022,-4149,13582,6853,2752,10849,10077,7011,13782,9353,-430,11720,7742,1111,13308,4542,7812,12543,2584,5085,12862,1726,2898,15330,1698,6202,14336,3547,6378,17044,90,4667,14098,-420,2646,15955,-2869,3016
14214,2274,-3101,13411,3436,-153,13122,5012,-3050,12564,5735,-5283,13143,8277,-1500,13081,9111,4324,12144,8441,3353,11550,8729,-72,13469,7904,5473,13435,5725,5816,12651,2302,1727,12609,1435,6720,15170,2674,7893,15389,2863,1940,16233,-330,4738,14019,-1295,6696,15818,-3041,2030,15276,-685,-4292,15501,-737,-2131,13826,1703,2366,14685,1554,-1263,13411,3650,-4878,13247,3996,-1547,12345,6037,-1724,13382,6437,-4264,12226,8445,1056,12232,9704,6409,13144,9208,1067,12412,8169,242,13300,5106,6940,12348,3588,6043,13295,1967,3005,14337,2353,5820,14779,2894,6798,16652,455,4070,14185,-723,3128,15809,-2926,3666,15020,-1100,-53,15766,-397,-4075,14546,557,-325,13859,2028,2828,14212,1998,-3424,12572,4051,-6036,12807,5926,-592,14055,7153,-606,12242,7859,-3066,12349,8384,3545,11900,10491,6045,14188,8484,841,12341,6031,1791,12385,2987,7991,12794,2154,6550,14330,2414,2169,14734,2109,4711,15453,2058,7871,15530,-467,4529,15468,-2162,899,14794,-1367,1065,16036,-1211,-996,14487,913,-3657,14437,1107,511,13808,2781,2109,13710,2983,-5409,12355,4968,-6690
12209,9643,1285,13110,8783,369,13027,6827,6048,12441,4360,5542,13415,1708,3271,12987,2429,5752,15178,2021,7631,15623,2499,3417,15891,-668,3187,14605,-1961,5879,15469,-2115,1611,15856,-800,-4909,14401,278,-1535,14297,1639,2544,14058,2333,-1041,13272,3814,-5174,13027,5206,-2414,13236,7358,-931,13157,6716,-3197,11954,8041,1623,11931,9152,6077,13887,9244,2970,12752,7809,-327,12325,3719,5960,12333,2672,7963,14126,1622,2889,14014,1971,4748,14893,2854,7099,16553,666,4574,14992,-836,2604,14907,-2263,2206,15495,-1251,-668,15190,33,-2976,14683,1178,-1602,13856,3012,2772,14080,2351,-2890,12649,4395,-6975,12612,6082,-599,13768,6797,399,12431,7327,-1752,12226,8524,3156,11739,10115,5869,14342,8161,1616,12016,5381,1022,12596,2226,8066,12654,2406,7692,14692,2310,1714,14775,2391,3787,15991,1599,8824,15247,-556,4448,15680,-2535,-633,14891,-1172,-84,15743,-669,136,14453,1073,-3111,14581,1506,-82,13474,3248,1788,13486,3235,-5092,12260,5717,-5772,13895,6935,481,12621,7533,1179,11975,9078,347,12340,9251,2943,13069,9460,6149,13169,5940,1231
15027,2617,7286,15924,2015,5680,15196,7,2814,15574,-2472,3155,14875,-1410,602,15815,-1604,-3225,14236,304,-1681,14282,2069,2733,14554,2563,-956,12833,3844,-7064,12875,4720,-2752,13183,6918,707,12923,6856,-2064,12335,8801,1438,11807,10145,5830,13898,9296,2702,13097,6966,-108,11626,3105,6695,12712,1998,8599,14318,2332,2571,14686,2343,3165,14888,2630,8041,16324,-378,5953,15047,-1496,1454,15067,-2416,322,15601,-1049,-223,14782,-556,-2554,14219,1477,-1217,14371,3592,2394,14069,3208,-2756,12432,4681,-7844,12788,6176,-887,13467,6826,1476,11511,8904,397,13899,9119,2199,10878,10233,5392,14279,6398,1858,12154,5108,1089,12866,1669,8687,12638,2086,8442,15010,1405,890,14774,3310,3206,16477,1152,9255,14901,-1130,5386,15174,-2451,-2246,15470,-1691,-947,14952,164,124,14876,741,-2524,14167,2620,-258,13754,3475,1252,13161,3812,-5544,12167,6247,-5890,14351,6078,224,10968,8187,3693,13408,9293,719,12034,10600,2362,13423,8492,5854,12979,3443,2057,11115,3429,2828,14397,1258,8739,12484,3019,6639,16003,2062,614,16511,2191,4947,14591,279,9517
13963,594,-2087,14048,2117,2692,14110,3905,-1014,13476,4484,-7743,12441,5229,-2985,13194,5526,1269,12099,7082,-773,12668,9819,2103,12556,10626,5734,13679,9149,2135,12329,5250,-402,12574,3357,7391,13414,1878,9516,13470,1424,2120,14972,1933,2135,15672,2529,8603,16005,-250,6679,15019,-1925,-508,15376,-2661,-1266,14967,-1054,494,14812,-813,-2392,13956,1936,-1444,14161,3572,2552,13619,4491,-4048,12455,5505,-7350,13541,6415,-1403,12855,7180,2907,11627,8765,1311,12891,9854,1904,12645,10547,5966,14014,7048,1894,12608,4121,1752,12149,-154,8336,12610,1565,7800,16400,1859,1464,14784,3506,3257,16224,-349,9798,14576,-1636,4610,15403,-2218,-5005,15566,-1427,-1279,14355,-1114,1826,14020,1215,-2454,14555,3449,-1104,13593,5486,-271,13362,5178,-5214,13238,6311,-5577,12691,5743,897,11042,8067,5014,13619,9464,897,12405,10532,1998,13727,7901,6334,12060,4735,2274,13261,2069,3395,13156,1394,8698,14033,818,5303,14851,2360,2503,16573,1572,5569,14914,-304,7696,15459,-2944,-640,15298,-2097,-5275,14847,-1146,551,14065,901,2112,14832,2361,-2656,13474,4270,-2613
11934,7841,1665,12501,10230,1202,12468,10486,5769,14003,7253,3620,11488,4364,532,13738,1642,7533,13041,2189,8709,15249,23,1558,14457,2798,3351,17001,1201,9267,15326,-1531,5395,15037,-2782,-4645,15348,-2470,-2298,14871,-136,2282,14233,693,-1590,14171,2400,-1825,13289,4456,86,13426,5507,-4606,13194,6843,-6280,12745,6154,-365,10790,8118,5438,13218,9860,2135,12658,10711,1081,13510,7760,6126,11526,4905,3309,13765,2609,2706,13638,1410,8313,13745,393,6411,14889,1754,2534,17057,1710,4968,15215,-592,7501,15232,-2873,93,15220,-2173,-5519,15187,-1345,-267,13849,1104,2402,14631,1881,-1856,13317,4280,-3815,12949,6054,-2314,13888,6326,-3252,12044,6465,-4516,12159,6793,3136,11528,10321,6825,14163,10115,585,12160,8973,1461,12652,4719,6684,12855,3257,5143,14120,1350,3473,13318,322,5983,14647,1957,6751,17217,1920,4248,15561,-110,3781,14873,-1953,2967,15722,-2991,-1879,14537,-566,-4072,14503,-234,688,13907,2568,2511,13894,3485,-3947,12844,5527,-6258,13326,6642,-717,13074,6207,-1885,11889,7343,-1601,11986,9419,5631,12951,11045,6077,13306,8981,-183
14116,1065,6966,16747,1797,4790,15701,1089,3846,15518,-2708,4362,14719,-2738,-91,15642,-1652,-5052,15216,-64,-706,13393,1384,4222,14386,1871,-2724,12639,5046,-6487,13345,5588,-1602,13017,7266,-761,13144,6366,-3375,10810,7732,2962,12231,10377,6199,14152,10232,1489,13077,8268,718,12158,3954,7556,13147,1807,7413,13794,1544,2074,15067,1359,4540,15078,2359,8638,16351,-341,5679,14966,-2087,1274,15054,-2541,242,15791,-1488,-1707,14719,-611,-3063,13843,640,422,13821,2982,2366,13981,3990,-4604,12445,5142,-7545,13019,6339,-257,13199,6787,744,11313,9168,238,13565,9794,3715,11608,10619,5051,14223,6536,296,11894,5821,2828,13746,1463,10147,12727,2109,6174,15387,534,479,14825,2523,5594,16382,519,9328,15219,-1808,2851,14926,-2977,-2946,15367,-1649,-365,15156,-1117,-103,13527,633,-2793,14208,1802,628,13426,5086,311,13522,5203,-7020,12158,7356,-5180,14195,7052,1735,11639,8715,3419,12557,8820,891,11608,10065,3530,14503,8867,5612,12489,5372,1522,13181,1700,4428,12660,687,9717,14482,1300,4539,15812,2874,843,15815,313,8131,14811,-1209,7905
13838,1156,-718,14000,4184,2203,13832,4268,-5040,12411,6117,-7610,13197,6559,-162,12374,6653,2792,11989,9689,1049,13334,8543,2532,10441,9958,5403,15279,6085,1969,11782,6336,1962,13929,557,9063,12202,1520,7070,15640,206,693,15603,3540,4812,16528,615,9443,14862,-2754,2969,14913,-2833,-4790,15794,-1723,-904,14736,-400,1150,13409,911,-2490,14232,2849,-288,13403,5881,-42,13779,5560,-6119,11867,6935,-5146,13627,6351,1476,11358,8526,4387,13064,8838,1891,11913,10097,2199,13972,8370,6005,13174,5015,2551,12635,1080,3192,12912,548,9490,14902,1058,5374,15498,2224,2152,16223,456,7223,14954,-537,5947,15577,-2877,-2284,15205,-1404,-5191,14707,-816,1063,13839,1126,1906,14248,2931,-2693,13893,4591,-2996,12882,5860,-2305,12842,5241,-4472,12782,6341,-3063,12198,7140,4831,12352,9925,5300,12967,9765,-1183,12711,8138,3276,12977,5020,7391,13216,2432,3529,13081,1222,4353,14653,1186,6398,14864,3018,5334,16786,1378,4483,14885,-695,4396,15284,-2099,2153,15523,-2501,-3709,14490,-1443,-3846,14017,-77,2752,14355,1840,1869,13587,4609,-5615,13579,5288,-3800
11849,9773,2624,13019,9206,842,12003,8432,5701,14011,4141,3265,12397,1920,2887,12779,703,8811,15133,1661,5660,15196,3203,1619,16555,575,6707,14566,-175,6010,15728,-2966,-538,15102,-1883,-4838,14842,-1055,-743,14372,1295,2315,14679,3155,-2433,13622,3985,-3483,12496,4732,-449,13107,6622,-4302,13421,7333,-4781,12269,7454,5165,12068,9515,5381,12531,9737,-1031,12781,7828,3887,12858,5251,6493,13253,2703,4046,12755,1122,4066,14251,640,6738,14551,2832,5706,17110,1349,4053,14586,-283,4871,15892,-2571,3661,15150,-1592,-3752,15329,-784,-4639,14273,227,2040,14165,2565,1978,14185,4101,-4363,13095,4997,-4670,12426,6508,-1226,13976,5486,-2876,11261,7489,-879,12739,8517,6842,12454,10632,4364,13054,7993,-1355,12314,5165,3339,12936,3806,8862,13824,885,4723,13250,1019,2317,14817,1958,6728,16300,3062,7077,15971,261,3369,14883,-2534,1182,15026,-1912,280,15823,-1356,-2443,14480,-119,-3095,13599,1791,2539,14304,3733,455,13495,4791,-7226,12195,4946,-3985,13224,5969,1061,12500,7251,-1399,12933,8773,1447,11037,9389,6037,13518,9972,3641,13921,7277,-365
14718,2753,5952,16531,1640,3546,14577,223,4669,15724,-2472,4400,14679,-1779,-1720,15792,-1245,-5043,14169,349,333,14167,2261,2926,14567,3375,-3339,13366,4524,-4862,12260,5480,-899,13781,5407,-1604,12344,7753,-3242,12092,7997,4108,12437,10829,6548,13732,9013,18,12592,6720,1993,12254,3299,8115,13020,977,4659,13342,2040,2696,15018,2122,6943,15270,2744,7416,16052,-306,3628,14995,-1608,1738,15254,-1704,846,15867,-1638,-1887,14461,-359,-3097,14050,1008,1900,14313,4006,1055,13604,4464,-5973,12762,4859,-4786,13025,6549,711,13630,6590,-1252,11513,8687,-125,12823,9400,5526,12383,10608,5175,14295,6511,-479,11061,3772,3744,13002,1876,9228,13808,1795,4431,14237,1150,1521,14644,2419,7147,16929,1867,8051,15207,-473,1925,14718,-3870,-530,15164,-812,147,16268,-387,-1907,13451,1354,-2258,14089,2222,1497,14052,4378,-96,13629,4813,-7409,12002,5785,-3232,13874,6387,1679,12307,7773,631,11688,8406,1574,12017,9703,4941,13910,9254,4021,13085,5059,857,12110,1691,5104,12204,1366,9800,15572,1276,3372,14439,3421,1218,16382,718,9180,14710,323,6708
14236,656,637,14115,2674,2699,14025,3417,-3921,13009,4602,-5850,12365,6579,80,14365,6258,-1736,11774,7871,-1631,12484,8414,5033,12115,11639,5531,14729,8280,303,11958,5712,2127,12611,1966,8602,12867,1520,6081,14353,1679,1497,14637,2383,5685,16013,1667,8544,15160,70,3555,15361,-2748,339,14649,-1341,219,15600,-1462,-1621,14313,472,-2903,14206,1858,1069,13993,3866,1511,13570,4330,-6543,12666,5477,-5111,13707,6559,1420,12649,7462,-63,12223,8566,613,12079,9204,4612,13358,10035,5112,13800,6192,232,11502,3212,3920,12594,941,9702,14091,2250,4506,14915,2551,683,15455,2009,7073,15192,250,8980,15654,-2374,1187,14540,-1945,-3018,15650,-1227,172,15016,-251,-880,13932,1658,-2749,14453,2856,1633,13399,4679,-808,13820,4597,-6872,11769,7201,-3201,14080,6900,1941,11795,8868,2386,13007,8994,1316,11789,9420,4349,13840,7430,4894,12376,4391,796,13015,1023,5691,12402,1600,9391,15193,1593,2814,15458,3616,2025,15796,248,8639,14811,-1416,6758,15301,-2417,-3000,15674,-1311,-3460,14669,141,1207,14702,132,-550,14155,3456,-2729,14107,3801,205
11391,8607,-458,13514,9442,4314,12083,10600,5608,13769,7299,13,12584,4139,2513,11545,1980,8843,13803,1147,6225,13898,2416,1944,15355,2645,4224,16005,1037,8171,15078,-716,4362,15211,-2076,-906,15429,-916,517,14982,-780,-845,14953,308,-3861,13844,2295,1024,14008,3872,771,13444,4506,-5863,12599,6538,-4760,14262,6535,549,11434,7599,1681,12948,8895,1051,12168,10138,4348,13347,8437,5550,11988,4326,-392,12527,2592,4097,13171,2744,10316,14534,2119,4945,13950,1546,193,15872,1535,6124,15344,684,9172,15902,-2661,1326,14586,-2264,-3412,15340,-581,57,15447,953,-1532,14274,2631,-3233,14292,2810,1558,13284,4810,-757,12988,4754,-6569,12412,7003,-3476,13343,7118,2734,11749,9933,3305,13616,8433,237,10577,8828,3994,14446,5546,5580,11823,4975,1801,13662,987,5310,11910,1633,9748,15764,1687,2471,15937,3885,1448,15754,-686,8500,14331,-2582,6453,15427,-2328,-3640,16039,3,-4065,15008,1279,1464,14514,625,136,13685,2565,-2943,13260,3783,-912,14053,5922,-2168,12443,6280,-5377,13153,6022,-1783,10804,9302,5855,14428,10130,3080,12252,8243,-696
13977,2674,6164,14473,1191,805,14638,1966,4874,16403,862,9033,15493,-1568,3401,14891,-2198,-2655,15315,-783,173,15486,399,104,14556,819,-3510,13793,1681,582,13398,3997,309,13982,5212,-6079,13117,6793,-4604,12953,6200,1007,11442,8951,2780,13530,9416,482,11952,9626,4331,13213,7263,5796,12296,3804,864,12232,3059,4264,14337,1997,9757,13404,1520,4584,15103,1890,365,16137,1415,6655,15413,-526,9065,15023,-2733,-454,15462,-1544,-4410,14967,696,1086,15397,538,-491,13841,2032,-3164,13848,2604,23,13030,5719,-1578,13869,5998,-5576,12250,6360,-3702,11857,7748,3699,13095,9531,4130,12492,9635,120,12420,7717,4688,12386,4950,5515,12537,3724,1625,14081,2342,5961,12980,1674,8400,14815,975,3199,15976,2241,2354,16366,-806,7387,14183,-1745,5061,16135,-2237,-3897,14927,289,-3368,15271,479,1707,13913,1397,-555,13954,2606,-3364,13316,4136,-1504,13236,6754,-1606,13169,6204,-4865,12183,7877,-1691,12272,9439,6375,13311,9796,3753,11936,8606,266,12999,4579,5136,11284,4133,6142,14627,2207,3335,12982,2044,5628,14561,711,6880,15173,2272,3884
15254,-133,420,15061,378,381,13779,1145,-3238,13773,2241,-548,12857,5350,-877,14097,6050,-4870,12229,7091,-4369,12534,7425,2367,12332,9870,4498,12967,9606,233,12200,8434,3965,12840,5250,6453,12239,3900,2304,14217,2589,4852,13245,1499,8512,14688,1020,3779,16019,2130,2249,16307,-328,6823,14288,-1749,6008,15963,-2713,-3140,14719,-113,-4093,15522,-57,1206,13517,1581,206,14269,2290,-3486,13086,4565,-2651,13041,6687,-1312,13473,6290,-4015,12036,7842,-2620,12456,8640,5462,12532,9880,4517,12658,8364,-44,12913,5572,4586,11552,4599,6941,14639,2877,3541,13348,2182,4232,14508,704,6534,14809,2160,5438,17221,77,3936,14142,-1936,4172,15601,-2030,1127,15334,-947,-3411,15650,-47,-3025,13524,1190,1659,14396,1543,220,12824,4382,-5532,13096,5141,-2755,13371,7924,-325,13061,7131,-3130,11500,8761,1263,12386,9668,6328,13667,9961,2868,12496,5915,-98,11867,3947,5877,12652,3855,9238,15342,1783,2929,13491,822,2789,15132,1559,7429,16143,440,7012,15378,-957,1991,15319,-2364,235,15301,-844,-254,14991,-559,-3198,14406,1238,-2429,14077,2432,2802
12216,8358,-2212,12708,7593,5571,11138,9941,4150,13858,8479,364,12993,7110,3322,12115,4154,7713,13981,1313,5066,13000,1716,2941,14889,1321,6173,15444,2595,6605,16218,-313,3735,14802,-1792,3942,15115,-1513,1259,16036,-992,-4007,14586,-305,-3217,13777,729,1682,13907,2734,1418,13925,4069,-5320,12683,5216,-4524,12967,7031,134,13215,7089,-2015,12381,8863,409,12297,8502,5706,12072,9581,4209,13683,7066,51,12348,5249,4553,12481,1473,9782,13466,1742,3615,15081,1800,1451,15436,2739,7117,15610,-415,8195,14928,-1458,2107,15610,-1971,-1117,15396,-594,-33,14970,-1230,-2608,13933,349,-2345,13884,2533,2277,14255,3719,-704,12728,5498,-7250,12846,6952,-2728,13858,7251,1196,11542,8493,449,13332,9320,1901,11952,10681,5906,14102,6909,3391,10928,4650,63,13565,2151,7182,13134,3177,9622,15051,-110,2101,13506,1836,1745,16842,458,8613,15000,184,7538,15886,-2303,-2101,14899,-1277,-2624,15419,-57,906,14713,553,-2593,13719,1860,-1733,13660,3456,1950,13507,5331,-2869,12919,7114,-6868,13975,6558,-1604,11474,8075,2894,12795,8040,2740,11711,9386,2047
13654,2186,5342,14656,2243,554,14825,2057,5740,15663,1038,8632,15221,-353,3045,15620,-1724,217,15356,-782,257,15324,-844,-2476,14216,-70,-3076,13909,1037,2110,14017,3424,659,13570,4810,-5657,12456,6777,-4272,13857,7519,459,13115,8176,-850,11892,7805,1681,11815,8587,6193,13444,9087,4281,13571,6000,351,11926,3675,4372,12887,1572,9455,14310,1742,4716,14936,1613,466,15131,1014,6796,15349,-301,9047,15442,-1347,806,15232,-1003,-2031,15354,-78,-384,14985,-220,-2571,13882,1263,-2425,14238,2878,2301,13666,4646,-853,12978,5347,-6976,11889,5801,-3108,13646,8035,1871,13502,7985,1349,11160,8433,1919,12173,7860,4589,13332,7902,4414,13113,4866,1214,12486,1608,6148,12593,1933,9363,15682,930,2190,14703,2669,1533,15741,-181,9060,14848,-982,5581,15479,-1567,-3170,15821,-619,-2762,14921,394,872,14327,-268,-989,13715,2208,-2570,13646,3992,1041,13789,5807,-1951,12706,7951,-6510,13610,6085,-1341,11798,9241,3657,13581,8199,2953,11291,8151,1803,12820,7471,5635,13262,5895,4313,13730,3410,1131,11930,631,7730,14377,1127,8532,15016,2217,1231
[row took 89636us]
15566,-614,282,15555,-445,-2104,14578,108,-3808,14084,754,1563,13628,3327,1671,13658,4210,-5460,12670,6241,-4487,13589,7306,651,13098,7172,-1105,12088,8191,-8,11588,7393,6145,12916,9233,5444,14057,6797,-11,11741,4149,3305,12882,1459,9584,14229,2028,4783,14739,1831,786,15004,1526,6562,15627,36,9097,15481,-980,1827,15357,-728,-2760,15680,-4,-315,14631,-812,-1154,13754,525,-2649,14266,2411,2222,13821,4472,-43,13174,4920,-7051,12073,6619,-3593,14167,8415,1297,13679,7680,602,10721,6385,2421,11678,7933,4878,14074,9156,4472,13702,5989,1058,12155,2063,4878,12407,1413,9711,15512,1251,2985,14476,2771,581,16173,-97,9232,14014,41,7211,16311,-1752,-2139,15062,-386,-3167,15117,-457,173,14338,-225,-1184,13790,1936,-1945,14012,3701,961,13493,5314,-1520,13051,6010,-6213,13009,6988,-2811,13095,8060,3013,12312,7465,2940,11597,8095,1389,13225,8500,5317,13591,7089,4710,12757,3427,1032,12610,763,6548,13456,1794,8706,15392,1645,1714,15428,1911,3027,14801,-142,8358,15279,-941,4491,15382,-635,-4307,15560,-577,-3209,14397,446,1671
13657,5716,-4913,12701,6977,-263,14264,6739,-1703,12163,7022,-2460,11590,6150,6055,11975,9799,6311,14357,7958,14,12294,6003,2598,12951,2463,7543,12922,1559,5735,14381,914,2294,14299,1814,4909,15523,1632,8883,15399,575,3621,15468,-1192,-337,15113,-507,331,15713,-601,-2502,14644,513,-3676,14090,1150,2123,13245,3600,1658,14125,4058,-5120,12770,6343,-4827,13581,6877,-125,13043,6705,-225,12232,7319,923,11512,7590,4951,12781,9506,5152,14070,7157,552,12049,4139,2831,13087,1461,9481,13609,1766,4916,14855,1863,658,14998,2150,6274,15345,923,8639,15391,-1041,2397,15013,-1065,-2068,15697,-522,-828,14945,-883,-1171,13701,518,-2629,13962,2298,1867,13925,4816,747,13657,5559,-6612,12374,7461,-4393,14340,6737,1293,12116,7178,1673,12274,6942,1635,11426,8557,5413,14015,8999,4641,13501,5916,158,12374,2144,4637,12665,956,10039,14656,1050,3583,14736,2477,610,15871,778,8252,14531,160,8348,15626,-1811,-1241,15255,-568,-4422,15170,1,751,14965,101,-1194,13699,2045,-1916,14044,3353,1941,13277,5357,-1753,13298,5604,-6624,12947,6879,-2998
13542,8985,1205,12694,7827,730,12716,4790,6791,13227,3141,5453,13632,929,2828,13154,536,5753,14802,2342,6588,16401,1330,4922,15023,-101,3415,14927,-1145,2695,15753,-747,-2030,14934,127,-4956,14407,-198,507,13756,2353,3277,14399,3415,-2786,13236,5289,-5370,12991,6536,-909,14069,6461,-1487,12314,6799,-2540,12147,6361,4412,11288,9398,6588,14795,8078,678,12241,6640,1385,12571,3008,7895,13213,2085,5691,14002,1780,1868,14166,1339,5080,14919,1801,8275,15616,368,4754,15410,-820,1180,15076,-715,85,15612,-946,-2052,14758,-334,-3707,14217,966,1213,13973,3207,2850,13864,4022,-4660,12930,6096,-5884,13142,7363,332,13588,6706,-725,11977,7280,-686,12513,7040,5369,11758,9553,5548,14285,7299,141,11848,5734,2586,13630,1788,9042,12945,1861,5596,14434,1036,735,14650,1883,5623,15571,774,9335,15212,-446,3293,15257,-872,-1364,15864,-267,-761,15004,-877,-1592,13949,546,-2873,14549,2272,1828,13740,4375,1779,13403,4719,-6069,12466,6972,-5220,14611,7228,709,12267,7002,940,12319,7473,1431,11876,7991,4718,12818,8230,5083,13448,5736,330
14351,1603,6399,16319,3074,3041,15589,1024,4767,14528,-1956,6477,14997,-1301,465,16131,-56,-5533,14990,-224,-1783,13480,450,3483,14564,2063,-1249,13369,4184,-4057,13760,5300,-1050,12579,6774,-2253,13714,6298,-4614,12050,7133,1798,12270,8999,7261,14025,8928,1168,11502,6993,664,12412,4604,6402,13940,4546,5654,14057,1562,2748,12839,-57,5833,13995,3106,6626,17634,2150,4127,14227,108,3875,14782,-2826,4334,15101,-627,-1429,15811,-6,-4897,14351,-62,-685,13646,1770,3065,14743,3414,-2287,13487,4694,-5218,12929,5676,-1253,13384,6111,-1374,12729,7061,-3335,11928,7938,4317,12730,9844,7323,13839,8452,-10,12127,5659,388,12351,3907,7602,14141,2476,6641,12930,2124,2110,14801,1116,5255,14343,2617,7926,16217,143,4022,14905,-1171,2164,15034,-1282,1360,15461,-1340,-1633,14863,5,-4001,14331,877,686,14148,3048,2810,13795,3888,-4263,12870,5045,-5586,13319,7039,-145,13651,6707,-1226,11569,7891,-730,13096,8640,5228,12705,10146,6397,13658,7722,-164,12549,4356,1910,11834,1553,8493,13572,1074,6013,14306,2742,1532,14802,2223,5559,15455,155,8756
15046,-406,-2170,14892,461,2444,14102,1439,-1254,13692,3302,-3111,13564,4445,-1140,13106,6752,-2273,13487,6150,-5177,12420,6824,-526,11444,8441,6779,13537,9893,2696,12392,9430,562,13257,4884,5641,11332,4078,4769,14725,1997,3031,13264,1715,6692,14116,1217,6607,15425,2531,3522,16770,1219,3894,14395,-1185,5753,15801,-2548,287,14608,-446,-4764,15879,-692,-1231,13151,2386,2514,14788,2138,-1363,13265,4438,-5079,12818,5560,-2035,13837,5913,-1372,12296,6456,-3851,12153,7104,2533,11956,9968,7196,13995,9549,1288,12823,7105,446,11797,3516,6449,13095,3160,6140,14495,2063,3018,13463,1116,4852,14385,2421,7593,16995,1629,4593,15371,-599,2660,14722,-1920,1791,15420,-2122,-843,15141,-135,-3713,14263,315,-45,13910,2608,2587,13771,3314,-3459,13201,4982,-6386,13248,6336,-498,13105,6254,-581,11985,7032,-1538,12148,9037,4064,13142,10835,6486,13562,8574,791,11872,4526,1330,12514,2721,8593,14292,2214,6535,13495,1192,1560,14538,1195,4863,15751,2609,8448,16591,-165,4529,14318,-1686,-334,15508,-2434,-348,14916,-268,-594,15394,-146,-3177,13381,1614,488
14297,6327,-4789,11920,7810,106,11867,8786,7890,13009,10851,2714,13775,9791,-58,12585,3763,5541,10489,2508,5982,15217,833,3664,13849,3453,5521,14761,2244,6912,15385,1023,5101,15585,171,2908,15686,-1548,4111,15195,-2211,-66,14214,-1626,-4331,15354,-141,-1614,13742,3626,2637,15028,2934,-1884,12451,4439,-5742,13075,5280,-1853,13774,6567,-994,12153,6617,-2392,11902,8468,3253,12180,10752,6662,14089,9306,1635,12410,6640,-252,13400,3254,7406,11697,1234,7446,13536,1062,2262,15433,2145,4554,15187,3901,7543,16418,-1090,5237,14195,-1829,1480,15290,-2601,-283,15692,-469,-852,14643,-511,-2954,14299,988,-333,13963,3887,2768,13941,4179,-3948,12505,5706,-7042,13136,6835,-19,14124,6912,735,10536,7757,-230,13015,8847,4027,12523,11533,6131,14728,7590,1014,11113,4029,1710,13085,28,9059,12828,2118,7346,15460,1348,603,14835,2874,4457,15818,659,9967,14827,-1580,4061,15705,-1675,-3561,15715,-1258,-897,14399,-966,204,14038,822,-3450,14846,3462,479,13606,4812,1107,13349,3798,-6004,11726,6385,-5861,14792,6286,830,10731,8618,3821,14049,8959,1069
13192,2930,8351,14497,1477,3713,13417,432,3395,14419,2616,7239,16828,1159,6292,14983,-5,2361,15205,-3022,883,14745,-1511,-501,15386,-691,-3785,14387,1176,-1929,13710,2922,3458,14198,3894,-1720,13170,5865,-7085,13178,6354,-2031,13783,6354,334,11665,6751,-951,12379,8554,4101,12279,10841,6611,14454,8606,1798,11795,4942,201,12812,1075,7360,12021,1986,8650,15196,53,2565,14195,4760,2057,16827,1397,9135,14375,-277,6038,15509,-2978,-2261,15248,-1384,-876,15315,-707,176,14579,27,-3244,14195,2206,-369,13945,4657,1600,13683,4135,-4615,12632,6179,-6470,13509,6281,-462,12078,7429,3097,13446,9385,1736,11638,8563,2137,12053,9405,6022,14352,6232,2135,12410,4375,1270,12715,-178,9276,12475,1444,7531,15558,1254,226,15796,3482,4070,15792,609,10050,14883,-2496,3464,14962,-1834,-5071,15751,-1173,-1433,14754,185,803,13895,1479,-2323,14098,3100,-31,13458,5676,549,14280,5841,-5661,12167,6874,-5608,13262,6579,1148,12054,8468,5149,12738,8567,2662,11784,9150,2014,13892,7482,5685,12771,4311,2060,12655,691,3088,12542,974,9888,14926,1420,5525
15087,-2321,-348,15626,-939,-570,15082,-826,-2938,13785,470,-1128,14053,2760,2537,14161,4149,-1191,13182,5584,-7003,12480,7070,-2464,14129,6032,1265,11282,8270,-644,13297,8923,2982,11939,10200,6787,14059,8057,2555,12574,4927,218,13042,2028,6462,12104,1312,8975,15005,494,2862,14436,2549,2109,15963,1355,8722,15101,121,6480,15729,-1852,-1132,14610,-1610,-2148,14939,-517,50,14857,755,-2804,14253,2429,-1066,13690,4165,2535,13687,4602,-3680,13089,5954,-7085,12398,6829,-1071,13861,6994,2470,11350,7243,2805,12740,9545,2849,12881,8641,4386,13051,6622,2981,12995,2831,1428,12255,819,7999,13549,1621,8273,15033,2603,-96,15556,2453,4498,15040,1069,9771,15742,-1788,2649,14874,-1912,-4020,15524,-1560,-2126,14692,269,345,14703,1845,-1478,13885,3431,-1497,13121,4010,989,13481,5064,-3497,12980,7547,-6870,13900,6707,767,11138,8023,6097,13251,9084,1001,12611,9604,2207,12770,6959,6747,12687,3894,1986,13003,2092,3112,13175,1529,8707,13959,1248,6214,15407,2452,1803,15854,1000,5405,14933,-228,8080,15605,-2362,-154,15225,-698,-6417,15144,-353,-389
12966,4786,-6799,12668,6085,-3355,14453,6812,856,12347,7478,75,12093,8189,2073,11886,9849,6321,14546,9385,3689,13160,5584,-378,12153,1499,5772,12288,1357,9230,14977,1309,2793,14562,2920,1754,15789,1474,8375,14991,839,7288,15764,-1780,-306,14608,-1765,-2141,14965,-948,-84,14915,-366,-2305,13782,1798,-1220,14017,3441,2273,13738,5226,-2421,13557,5854,-7323,12880,6760,-1980,13138,7187,2101,12373,7170,2169,11917,8497,2991,12849,9442,5229,13784,7941,3284,12753,3958,388,12358,398,6791,12955,2003,8978,15730,1865,1252,14769,3061,3489,15288,128,9994,14896,-1225,4370,15430,-2161,-4019,15290,-1698,-2552,14671,-120,180,14337,891,-1245,14127,3029,-1092,13873,4848,943,13791,5425,-3392,11332,6337,-5886,15528,5375,-300,10550,8880,3684,13127,8192,1988,11885,9329,2518,13685,9396,5457,13758,5398,3617,12477,1821,1372,12162,218,7923,14850,1600,7320,14776,3111,2168,16031,244,5431,14314,-228,7968,15846,-1818,55,15370,-747,-5809,14969,-1000,-1142,14232,646,2451,14422,2358,-1285,13432,4262,-2718,13392,5119,-433,13915,6313,-3979,12884,6083,-5292
14340,10118,4891,13870,7769,-699,11982,3325,4307,12465,337,9442,14018,1057,3545,14825,2139,1819,15133,2304,8069,15152,957,8087,15758,-1184,1260,14740,-1078,-2592,15595,-1188,-613,14637,-935,-1688,13694,647,-2044,14011,3122,3042,13925,4545,-1213,13276,5174,-7789,12374,6563,-3126,14244,6880,1754,12350,6988,1165,11956,7702,2463,11780,9636,5484,14585,9051,3924,12714,6100,27,13160,1147,5848,11571,1153,8991,15801,513,2112,13893,3819,2771,16520,531,9522,14241,427,6284,16040,-2149,-2997,14909,-1364,-3168,14858,-1413,528,14468,-562,-1029,14145,2266,-1569,13904,4583,1535,13781,5689,-2577,12840,6383,-6470,13636,6527,-2338,12296,7593,3223,12239,7285,3051,11960,9390,2135,13734,9326,5758,13567,7386,3725,12817,3022,536,12390,-317,6998,13502,961,8096,15140,2214,2123,15739,1722,4838,14559,900,8440,15833,-1405,3072,15188,-918,-5093,15628,-1971,-2801,13978,-313,2151,14511,984,-954,13943,4230,-1995,13776,5733,-219,13645,6040,-3492,12528,6858,-5769,13656,5479,-528,10955,7398,5739,13297,7523,3012,12220,9390,1127,13513,8056,6196,13169,5164,3664
14615,2348,7020,15756,1066,9448,15305,60,2597,15332,-1032,-1736,15404,-966,-1093,14533,-1945,-2027,13642,36,-2190,14507,2699,2456,14030,5036,979,13251,5203,-7286,12438,6603,-4818,14512,6795,584,12125,6650,1210,12586,7405,2044,11390,8374,5153,13620,8940,4624,13754,6835,137,12756,3788,4292,12723,816,9753,13978,452,2987,14551,2506,983,15856,1674,9036,14656,907,8402,15814,-1598,-609,14992,-1561,-3787,15112,-961,-742,14899,-1173,-1244,13714,1638,-1199,13782,3445,2142,13797,5292,-1574,13352,5974,-7074,12875,7009,-3842,13447,5986,2542,10937,7686,3461,13292,9886,1539,13606,9869,5457,12261,6120,4594,12809,5004,-277,13931,2251,6176,12571,654,9138,14509,272,2079,15197,2338,3922,15846,1136,8643,14840,-749,5207,15743,-1529,-4286,15036,-1604,-3559,14652,-1257,1266,13875,-85,-177,14273,3302,-2521,13720,5427,453,13779,6201,-2474,12643,7138,-6711,14024,5881,-2041,10681,7082,5605,13997,8899,3745,12194,9582,1190,12226,8104,5243,13222,5594,4360,13977,2814,1547,12545,433,6435,13734,25,7343,14889,2258,3728,16206,1734,4967,15199,486,7132
13946,28,-2601,14272,1828,2452,13743,5101,1289,13449,5423,-6601,12544,6761,-5402,14069,6616,216,12225,6178,1229,11593,8394,1658,12719,9428,5705,13410,10709,5113,14084,6191,79,12232,2453,3579,12310,343,9156,14795,1410,4534,14981,2198,864,15598,499,8388,14385,982,8920,16502,-1451,-642,14723,-939,-4832,15082,-2281,211,14105,-1189,-337,14129,1509,-1783,14078,4022,1286,13235,6112,-1571,13522,6453,-6782,13493,6669,-4019,12646,5357,2693,11080,7011,3262,12973,9532,1221,13107,10333,5791,13915,8079,4671,12148,4390,470,13642,1644,6220,13131,1064,7810,14751,67,2661,14329,2532,4409,16838,713,8476,14580,-435,5201,15725,-2228,-5054,14642,-1591,-4282,14938,-1395,2358,13715,428,-14,13933,2811,-2094,13611,4996,-157,13459,6923,-3218,13896,6619,-6064,12460,6202,-2310,11432,6962,5670,13200,9230,4090,12699,10621,690,13640,8300,5607,12022,5874,4618,14033,2337,2292,12955,562,5895,13880,7,6659,14420,1230,5011,16726,1861,4699,15137,-103,5935,15488,-1491,557,15026,-1918,-5450,15307,-2193,-2014,13109,630,3171,14880,1670,-139,13195,5253,-4166
11789,7417,3633,12429,8841,1363,12477,10136,4230,14050,8682,5735,12071,5662,1041,13741,1992,4884,13097,1199,8626,14688,-182,3541,14414,2201,3309,17016,804,7845,14832,248,6296,16023,-2350,-2860,14499,-1854,-4803,15222,-2038,1408,13653,1,775,14073,2013,-2893,13278,4724,-668,13412,6483,-2081,13675,6933,-5559,12517,6777,-3568,11976,6543,4713,12100,9070,4755,13380,9736,603,12835,8946,5052,12571,6225,5309,13883,3307,2182,13607,1224,5231,13553,44,7069,14467,1146,5166,17098,1428,4518,14727,-31,5981,15811,-1665,1553,15072,-2210,-4844,15079,-2030,-2978,13203,-170,2525,14396,1046,375,13238,4796,-4217,13781,5924,-2951,13222,7829,-1151,13090,6458,-4859,12334,6795,-473,11326,8521,7646,13578,10253,3635,12815,9460,218,12839,5801,5651,12790,4270,6812,14685,1165,2611,12895,166,3646,14594,759,7723,16307,1703,7230,15803,352,3287,15104,-1368,1420,15385,-2170,-1200,15302,-1582,-4393,13807,-1106,-1261,13678,1368,3568,13831,3814,-1140,13524,5949,-6934,13032,7038,-2301,13366,7182,-574,12803,6584,-2598,11380,8001,3468,12416,9897,7509,13581,9856,2069
15343,170,6425,14461,1986,6408,16685,-340,5273,14502,-866,3693,15423,-2088,840,15395,-1670,-4439,14501,-1404,-3793,13602,161,2814,14162,1838,1454,13319,4827,-5367,13024,5693,-3955,13242,7892,-703,13630,6704,-3461,11701,7893,669,12335,8419,6595,12452,9268,3315,13547,8116,178,13075,6402,5608,13369,3019,8583,13241,1327,2842,14799,785,1527,14652,2277,8127,16217,-138,8788,14753,-731,1576,15439,-2593,-248,15281,-1024,-1329,15196,-2139,-3804,13372,-703,-1217,13477,1589,3562,14048,4506,-1105,13163,6125,-7558,12789,7434,-2809,13968,8556,521,13045,7028,91,11054,7525,2575,11637,9976,6360,15411,9716,2775,12129,7383,561,14027,2118,7616,12173,1740,8472,14973,262,1102,15094,1929,2962,15227,115,10613,15237,-1117,6042,15338,-1360,-2896,15726,-1201,-3254,14686,-1625,432,14005,-1055,-2330,13749,1395,-601,13571,4386,2474,13721,5511,-4305,12548,7419,-7196,14351,7580,-1243,11992,7879,3348,12958,7674,1708,10962,8633,2573,12988,9393,6512,14292,8293,3053,13252,3856,2242,12205,-141,8354,13774,811,6165,15663,2396,788,15961,583,6297,14289,-619,9121
13216,-50,-2111,13820,1777,2848,13960,4580,-215,13117,5771,-7636,12504,7030,-3312,13905,7694,1327,12770,7810,-69,12022,8598,2462,11934,9065,5979,13873,8824,3763,13178,5975,931,13048,2378,6145,12304,1759,8888,15648,547,2009,13861,1908,2709,16456,-69,10082,14840,170,5816,15809,-1975,-3016,14892,-1482,-2818,14889,-753,633,14456,-335,-1472,13634,1334,-1519,13554,3982,1171,14031,5571,-3641,12420,5974,-6604,13113,6599,-1159,12809,8355,3292,12745,8146,2228,11841,8718,1015,12427,8333,5471,13970,6845,5036,12881,4722,1782,13406,718,7215,13283,2261,6409,15797,1843,1361,15672,717,5991,14634,-680,8235,15605,-2086,1831,15307,-1130,-5206,15534,-1894,-2639,13699,-409,2061,14117,399,-721,13662,3600,-2830,13684,5198,-148,13050,6831,-2692,13288,7478,-6184,13076,8011,58,11693,8624,6797,12826,8864,2202,12663,8877,922,13421,7151,7051,13325,4550,4275,13305,1501,2643,13012,761,7198,15150,1731,5650,15744,1068,4165,14883,-504,5500,15059,-1124,4684,15559,-1415,-990,15201,-887,-5655,14334,-949,-786,13869,1264,3104,14376,2996,-2307,13745,4945,-4650
12381,7910,2676,12581,9112,-130,12679,9164,5424,13124,6599,6016,12549,4421,677,13437,2058,6657,13456,2098,7855,14754,946,1802,15467,1327,4251,15164,-36,9180,15431,-1082,4789,15291,-1501,-4082,15387,-617,-3923,14724,-364,1727,14176,396,-136,13753,2156,-2724,13645,3678,482,13032,5751,-3330,13150,6761,-5827,13520,7463,-1087,11524,8042,5222,13975,8741,2650,11668,8396,-62,13011,6753,5898,12606,6102,5659,13933,3115,2025,12595,1301,5990,14538,2097,6625,15584,2211,3633,15377,598,4958,14874,-1950,6613,15013,-1733,1157,16018,-1073,-5083,14907,-1156,-2155,13451,78,2566,14433,1081,-1578,13506,3953,-3583,13298,4345,-1047,12206,6740,-2035,13952,7263,-4411,12819,7978,249,11636,8988,6641,13075,8635,2138,12763,9042,635,13655,6209,6965,12693,3950,5716,13235,1605,2266,14387,1521,5166,14530,2334,7220,16354,-458,5731,14369,-788,3836,15789,-2168,2658,15155,-667,-1601,15600,-872,-4690,13697,-627,251,13777,1133,3183,13837,3263,-2666,13398,3991,-5631,12317,6012,-996,13623,7832,-979,13501,9353,-3985,12995,7389,3838,11184,9078,7171,14190,8288,44
13844,2244,8214,15225,2451,2992,15536,704,4376,14204,-1158,8136,15629,-1414,3333,15456,-725,-3209,15919,-1158,-3486,13846,-273,1240,14487,112,250,13672,3222,-3888,13621,3255,-184,12583,6499,-1192,14152,7079,-5454,12711,7729,-1626,12192,7980,4543,12964,8820,2392,12442,8725,1243,13344,6643,6405,12209,5527,5051,14188,3095,2243,13063,2055,5030,14260,574,6678,14573,1089,5130,16401,1034,4146,14457,-1211,6439,15283,-2125,1628,15255,144,-5995,16234,-157,-1756,13329,548,2797,14083,550,-1336,12870,3933,-3409,14152,4627,-1627,12320,7095,-1294,13938,7231,-4294,12888,8310,-1026,11531,7470,7011,12781,8141,2806,12784,8384,38,13068,6505,7976,12783,3818,5541,13409,1501,1360,14461,1563,4772,14339,2591,7601,16213,-20,6550,14422,-240,2664,15797,-1405,1699,15243,-881,68,15484,-1108,-4718,13987,-612,-1202,13911,1121,3306,13527,2585,-2996,13449,3556,-5289,12276,6706,-259,14421,7604,-1091,12290,8685,-3058,13089,6815,3025,10704,9259,5581,14436,8207,2312,12642,7699,2176,12702,3861,6911,13123,2982,6708,14523,2317,583,14796,1614,3949,15093,971,10159
15766,-935,-4500,14163,-296,1271,14413,-272,290,13455,2697,-3076,13784,4133,-1005,13165,6945,-1145,13258,7148,-4779,13313,7482,-3215,12484,7805,4226,12578,7747,4251,11957,7867,274,12952,7202,5602,13000,6568,6385,14004,3687,1901,12827,1991,4070,14644,1206,6792,14583,1623,5702,15918,-429,5278,14486,-828,4981,15546,-1332,1462,15593,-699,-4866,15144,-781,-3476,13880,175,3052,14265,790,-31,13056,3581,-4160,13633,4781,-1502,12684,7897,-539,14021,7363,-4747,12387,7664,-1369,12176,7980,6664,13011,8212,3492,12649,7998,249,13081,6260,6889,12963,5089,6625,14352,2212,1754,13692,1414,3161,14332,1563,8261,15913,-373,7488,14553,-261,2798,15594,-1248,1745,15009,-334,-259,15794,-1128,-4692,13841,-890,-1164,13660,632,3506,13829,2535,-1460,13515,4488,-5848,12489,6590,-1682,13777,7746,-87,12877,7563,-3322,12782,7059,1517,11066,8884,6791,14405,8085,2239,12303,8166,1374,13387,4411,7579,12902,3856,6855,14855,1597,409,13668,1396,3427,15134,-74,10422,14905,-534,6626,15835,-1304,-166,14881,-976,-294,15692,-989,-1264,14703,-801,-3657,13967,-198,-57
13649,7293,-4899,13190,8253,-3242,12384,7621,4794,13008,9591,4338,12869,8218,49,12000,6918,4254,12795,5475,6967,14249,3852,3228,13300,2546,3656,14090,643,6702,14423,974,6011,16017,-154,4358,15206,-788,4877,14914,-1671,2236,15393,-1205,-4381,14973,-418,-4067,13971,763,2528,14231,1426,710,13549,3246,-4296,13135,4401,-2509,12126,6994,-391,14460,7251,-3863,12301,8711,-1288,12571,8877,6242,13236,8873,3210,12027,6916,94,12828,5367,6581,13471,4902,7704,14147,1641,2171,13313,1769,2910,15145,2033,7165,15804,633,7611,14839,-1102,2917,14899,-2257,1648,15031,-456,-384,15859,-675,-4239,14137,-454,-1392,13783,572,3429,13283,2515,-1440,13840,4653,-6312,12889,6453,-1849,13743,7772,642,12858,7191,-2987,12175,8919,2002,12918,9947,6371,14017,8405,2674,11060,5295,1235,13566,4095,6674,13265,3628,7910,14375,816,1226,14048,1859,2541,15437,1578,9673,15745,-394,7037,14438,-1994,274,15135,-1929,-801,15510,-314,-887,15088,-820,-3257,13710,303,-649,13448,2540,2930,14362,3913,-3356,12599,6167,-7066,13383,6475,-823,13372,7946,1169,11854,8486,69
11817,4672,6771,14444,2587,3084,13367,1838,3984,14473,371,6451,14357,1833,6274,17125,525,4689,14505,-1022,3562,15544,-1759,598,15103,-1483,-3862,15479,-1171,-3208,13202,977,2515,14403,2115,981,13292,4797,-5872,13299,6152,-3567,13609,7018,-58,12460,7054,-3420,12156,7288,547,11483,9176,7223,13690,9809,3587,13309,7591,-198,11753,4596,5525,13365,3355,8026,14418,1718,2583,13707,807,2238,14643,1434,8363,16765,888,8385,15291,-770,1488,15088,-1871,-1001,15288,-1272,-571,15655,-1188,-2961,13541,-177,-1494,13659,1540,3278,13543,4117,-1779,13460,5930,-7648,13313,6770,-1763,12652,7727,469,12820,7126,-560,11402,9015,2356,12989,9539,6814,13578,8717,3124,12397,5236,768,12851,3011,7517,13934,2452,7734,14628,498,816,14211,1409,3631,16265,807,10557,15361,-544,6178,15263,-1377,-3207,15445,-1763,-2478,14985,-793,812,14442,-975,-2443,13611,1003,-677,13100,3833,1899,14022,5364,-4821,12758,7012,-6541,13407,6616,-618,12025,7858,2961,12462,8328,1620,12459,9474,2399,12802,9344,6748,13495,5780,2674,12200,4419,2080,14540,1400,8447,13136,1525,5487
[row took 90159us]
15369,-2046,-2833,14856,-953,8,15574,-1787,-2311,13134,28,-1897,13484,1688,2767,13846,4820,-1900,13409,6519,-7652,13383,7225,-2320,12743,8002,1181,12383,7957,1050,11833,9523,1813,12685,9607,6205,13880,7859,3987,11661,5289,1065,13743,2544,7333,13294,2397,7723,15233,311,714,14596,1756,4229,16635,-504,10530,14752,-1264,4996,15653,-1974,-4799,15345,-1481,-2702,14816,-1020,1657,14306,-452,-1837,13133,1534,-1563,13534,3831,577,13208,6208,-4341,12913,8187,-5679,14215,7726,-1266,10595,8144,5237,13211,9018,1971,12864,10532,1007,12517,6263,7124,11489,5802,3992,14832,3803,2474,14056,2719,7288,14051,161,5656,14658,635,3548,16666,-73,6522,14997,-439,6251,15653,-2905,-111,14812,-1663,-5940,15229,-1690,-1053,13805,480,2486,14251,1331,-2628,12678,4102,-3103,13250,5856,-1044,13144,7376,-3640,13103,8069,-4872,12454,7577,3121,11544,9866,6070,13835,9234,571,12743,7995,2502,11607,4843,7914,14302,3727,4071,13733,3084,2691,15650,756,5288,14107,1899,7518,16080,-904,6295,15577,-1270,2865,14588,-1367,1308,16160,-2289,-2698,13959,-1200,-4589,14533,-1500,1742
14375,8210,-5495,12665,8185,495,11505,8460,6404,12817,8320,2253,11854,8973,1210,13614,7677,6588,13175,5097,6106,13476,1617,2895,13953,671,4373,14639,2395,6936,16417,-434,6339,14219,-865,3929,15861,-1821,3004,15296,-983,-1249,15566,-2105,-5019,13806,-1957,-896,13587,930,3057,13933,3239,-2205,13580,5087,-5437,12245,7219,-1114,14429,7992,-1522,12457,8289,-3479,11938,8196,4117,12220,10476,6708,13986,8835,1250,11782,6427,1636,13485,4601,7962,13876,3672,7066,14246,962,810,14065,-391,4536,15541,838,10412,15455,-704,5475,15835,-1355,-545,14913,-1776,-779,15706,-1527,-1525,14142,-986,-3564,13753,17,746,12892,3233,2624,14353,4818,-4807,12231,7581,-6900,13868,7925,152,13369,7833,104,11319,7644,19,12433,8124,5431,12463,10335,5733,13623,7161,1184,12623,5503,3729,12988,1627,9178,14253,846,5067,15302,2536,396,15967,243,7809,13992,-421,9307,16334,-2481,178,15099,-751,-3781,15746,-1615,-28,14134,-2055,-573,13721,-32,-3004,13909,2912,440,13134,4736,-121,13074,5932,-6735,12339,8374,-4623,13750,7175,2427,11571,8997,3553,13782,8150,600
12546,1719,7368,15494,256,632,14325,964,3728,15508,-694,11400,14901,-760,4966,15994,-1041,-2841,15222,-1199,-1668,14590,-1729,-842,13851,-923,-2961,14111,947,483,13365,4795,2060,14117,5278,-5145,11807,7664,-7246,14058,6647,352,13038,8722,2142,11724,7748,1424,11932,7804,3672,12425,9613,5207,14705,7471,2929,12952,5328,2824,12548,762,8217,14371,988,5299,15022,1766,1660,16088,-411,7662,13992,-610,7978,16544,-2663,-422,14926,-743,-4836,15685,-1732,-1201,13603,-1332,1120,13763,250,-2673,13590,3549,-670,13488,6025,421,12880,7271,-5012,13196,7944,-4537,13343,8242,1275,11708,9054,4899,12529,8383,1603,12564,8850,3800,13620,8136,7222,14289,5290,2467,12359,1225,3213,13766,19,7972,14901,1186,4892,16275,312,5176,14396,-804,6384,16014,-1428,3310,14969,-1168,-3539,15336,-1697,-5001,13687,-842,1230,14172,470,2230,13433,3330,-3478,13416,4711,-2931,12545,7548,-1544,13734,7927,-4327,12838,8206,-2451,12642,6461,6524,11972,9991,5150,13250,7830,-1001,11958,7919,5086,14140,4858,8234,13610,2355,2641,13495,730,2381,14614,1695,6662,15842,566,8499
14804,-2097,-88,13521,-742,2226,13875,1309,-2108,13469,4124,-2208,12962,6176,-995,13336,7390,-4070,13193,9433,-4798,13855,8148,2146,10464,8013,6562,12696,7801,1121,12973,9255,2315,13798,7659,8252,13237,3384,3476,12506,698,2397,14868,645,6645,14824,2216,6235,16287,-469,5847,14093,-1015,3919,15829,-1443,2112,15375,-1274,-2781,15083,-1583,-5056,13675,-943,1048,14022,1554,2548,13572,4107,-4301,13687,5176,-4290,12006,7690,-571,14726,6963,-3348,11741,8162,-2261,12317,7584,6296,12119,9648,5416,13534,8639,11,13279,6571,3867,12733,4605,8206,13764,1608,4062,13961,1742,1112,15026,1264,6699,15633,441,10062,15023,-706,3142,15516,-2168,-171,14806,-724,-184,15932,-1801,-3568,13726,-853,-2708,13530,135,3094,13679,3171,860,13582,5038,-6453,12609,7077,-4359,13729,8798,506,13444,7766,-1385,11329,7966,1686,12239,8534,6684,13552,9991,4091,13618,7539,510,12485,4575,5608,12784,1451,8996,14457,816,2574,14829,1475,1250,15520,485,9842,14871,-281,8233,16069,-1786,-1177,14790,-1409,-2650,15474,-1607,-292,14390,-1117,-2541,13590,27,-1604,13285,3090,2619
11758,8617,-1036,12257,7523,5719,11287,10437,4984,15263,8747,1308,12302,7332,3110,13556,2376,8344,12403,1462,5316,15339,644,95,14521,1821,6979,15829,328,10276,15056,-1014,3157,15590,-1916,-1487,15206,-910,-1178,15282,-2048,-2269,13354,-488,-2259,13985,724,2144,13482,4576,1211,13528,5548,-6677,12622,7996,-5490,14317,7772,678,12594,8005,1531,12011,7625,700,11291,8531,5790,13750,9542,5381,13874,7480,195,12981,3328,4933,12332,993,9269,14733,671,2769,14878,2362,1651,16014,251,9129,14491,-282,8448,15685,-2173,-1029,15094,-1561,-5006,15004,-1204,415,14465,-1279,-1054,13395,1099,-2280,13826,3290,1738,13664,5985,-2005,12792,6593,-7349,13413,7522,-2707,12739,7665,2946,12045,8282,3391,12329,8312,1733,12452,9333,4687,13702,7795,5383,13306,5262,1452,13187,838,5551,13101,1266,8084,15382,1051,2530,15631,1336,5127,15046,-755,8536,15442,-1980,2953,15339,-2017,-5442,15453,-2025,-3536,13988,-563,1759,14241,353,404,13340,3611,-2891,13810,5214,-832,12761,7152,-2425,13726,7602,-6224,12745,7335,-1156,11218,8272,6846,13091,9088,3324,12830,9310,804
14884,842,3588,14898,1977,2061,15866,-324,8743,14806,-374,7805,15915,-2294,-2200,15172,-1277,-5423,14853,-1454,235,14085,-475,604,13808,1855,-2240,13642,3672,116,13095,5968,-1875,13094,6951,-6107,13518,7459,-3741,12366,7976,3668,12344,8671,4696,12208,8905,826,12780,8792,4493,13560,6840,6416,13216,3987,1969,13036,1178,4774,14156,1119,7450,14921,1668,3875,16253,317,5184,14683,-620,7174,15831,-1793,2746,15368,-1413,-5408,14895,-1767,-4077,13789,-492,2136,14307,1047,1197,13451,3929,-3498,13344,4892,-2754,12592,7567,-2147,14486,7053,-4688,11885,7913,-582,12279,8341,7105,12496,9163,3265,12632,8811,175,13428,6711,5484,12901,4959,7156,13824,1292,3194,13498,1095,2882,14611,1938,7014,16273,757,7641,14806,-141,3913,15834,-2421,2656,14671,-1461,-889,15857,-1842,-5594,14169,-655,-2002,13731,1060,4065,13684,2732,-293,13429,4796,-6600,12716,6574,-2819,14094,7460,-699,12171,7423,-2542,12055,9055,3078,12287,10129,7235,13672,9500,2272,13535,6849,632,12065,3577,6914,12644,1429,7284,14410,1632,2179,14710,2273,3052,15963,411,9586,14784,-347,7229
13524,129,2444,14108,1784,1582,13704,4249,-4995,12992,5260,-4310,12894,6680,-751,13227,6833,-3104,12034,8763,-117,12746,10264,6683,13416,9753,4451,12445,6755,-1015,11855,5134,4666,14103,3812,9180,13207,2165,3109,14663,1539,1835,14459,1913,8369,16253,397,8034,15170,-1089,2196,15315,-2606,177,14895,-1374,-694,15545,-1780,-2988,13848,257,-2079,14092,1242,3028,13768,3586,-753,12815,4748,-7810,12699,6586,-3058,13799,8061,944,12111,8076,-270,12408,9876,1911,12450,9763,6741,13661,9201,3073,13355,5773,240,11840,2104,6847,12767,1721,8606,15520,2520,1873,14949,2452,2095,15552,-621,10065,14603,-1221,7639,16046,-1935,-2403,15432,-1264,-3018,14489,-1768,1026,14323,-618,-2493,14396,1725,-1373,13500,3961,2096,13324,4864,-4313,12953,6635,-7264,13361,7120,-757,11998,7672,3592,12495,8962,1381,12566,10123,2110,12696,9186,6504,13397,5581,2449,12075,4252,1929,14349,1725,8572,13246,2117,6411,15225,1023,1409,15555,1427,5871,15626,-419,9457,15371,-2932,1950,15325,-1902,-6407,15048,-1356,-937,14720,-115,2187,14021,947,-2378,13439,2904,-1630,13053,5147,-1073
12466,10203,1306,12489,9946,5773,13734,7235,4517,11637,4678,705,14210,1861,6847,12800,2243,8502,15516,185,1729,14727,2225,3532,16776,-7,9778,14899,-1815,5428,15500,-2814,-5151,15127,-2061,-3197,15165,-578,2049,13869,528,-1291,13957,2077,-2279,13060,4396,-104,13218,6514,-3917,13596,6979,-5864,12300,7170,-1023,11178,8843,5661,13264,10195,2942,12430,9831,1185,13319,6990,6213,11796,5177,4508,14461,2464,2672,13194,1450,6652,14307,584,6474,15310,1734,3839,17041,497,5492,14729,-1281,6064,15900,-2975,-471,14812,-1483,-5628,15558,-1633,-994,13156,1308,2495,14504,1447,-1192,12923,4648,-4831,12781,6398,-2563,14181,6652,-2345,11755,7500,-3865,12213,7699,2934,11452,10866,7231,13884,9536,1488,12580,7889,1108,12351,4388,7238,13649,2967,6151,14026,1317,2367,14290,494,4617,14647,2624,8055,17901,199,6277,14336,-1074,2185,15652,-2888,275,14925,-1927,-1934,15421,-1324,-3885,13539,141,213,13747,2120,3126,13487,4026,-4447,12780,6190,-7122,13732,6429,-472,12284,7379,-126,12139,8548,-778,12133,10310,4939,12749,10728,6615,14152,7519,463,11262,4907,2899
17000,-639,7666,15190,-1226,2069,14668,-3235,-843,16090,-1840,-1101,14334,-702,-3227,14904,-179,-545,12971,3375,3397,14381,3164,-3420,12133,6204,-8048,13179,6670,-1137,13995,7695,1081,10709,8330,-434,12612,9297,3573,12274,11440,6340,14485,8257,1502,11742,5446,1160,13443,1141,8825,12598,2019,7972,15543,868,622,15048,2755,3841,16206,71,10847,14864,-1985,5092,15686,-2678,-4185,15732,-1961,-1962,14405,-1070,881,14434,76,-3137,13889,2780,-234,13565,4219,1219,12879,5029,-6175,12356,6988,-6681,14234,6778,743,10300,9715,4686,14592,9706,1159,10500,9779,2994,13867,7284,5789,12826,6440,1999,13810,2137,3473,11902,719,9189,15019,1438,5509,15572,3361,1449,16603,116,6713,14329,-1430,8381,15766,-3756,-1248,15464,-1515,-6370,14838,-1473,679,14051,-228,1753,13761,2700,-3120,14206,4156,-1665,12495,6376,-1833,13359,6140,-5961,12343,7382,-3469,12500,8178,5594,11635,9915,5107,12662,10210,148,13626,8623,3296,12248,6259,6211,14228,1773,3888,12217,826,4405,14321,521,7319,15601,3632,4889,17010,567,4660,14702,-1765,6023,15025,-3262,2370,15989,-2093,-5144
12534,4855,-1461,13354,6592,-4774,12982,6581,-5076,11843,7076,3408,12378,10414,6902,12797,9732,597,12328,9484,1727,13658,6158,6414,13200,4265,4202,13118,77,3584,12842,309,7307,15460,2376,5573,17086,2431,4457,15088,-437,5317,15399,-3248,4013,14900,-2503,-3507,15427,-1841,-5146,14398,-506,953,13402,2093,3451,14225,3468,-3126,12854,5996,-5596,13038,6935,-1616,13952,6326,-2635,11564,7474,-2399,12076,8505,6589,12218,11461,6669,14168,9336,-403,12900,6454,2144,12520,3006,8182,12987,469,5353,13640,907,2638,14733,1298,6271,16283,2590,8250,16070,477,4252,15257,-2985,815,14573,-2479,-815,15544,-2302,-2384,14159,268,-3074,14141,1576,2051,13935,4182,1514,13709,5317,-7196,12270,5584,-5943,13449,6380,1055,12748,6784,106,11275,8830,1097,12708,9800,5702,13211,11221,4200,13897,6059,-27,11758,3099,4440,12902,595,9721,13972,1649,3927,15407,2603,490,15324,2312,7845,15805,348,9240,15677,-2369,456,14873,-2772,-4018,15338,-2337,-147,14554,-1050,-1312,13935,1731,-2079,14135,3616,2341,13368,5508,-1449,13242,5659,-7692,12780,6892,-3831,12826,7327,2708
13473,5628,2222,12793,2204,8044,12291,693,6997,15059,819,1390,14697,2985,4333,16201,1641,10297,15136,41,3776,15688,-2666,-1578,14924,-2356,-378,15031,-2027,-1905,14281,461,-3673,14284,2511,1503,13527,4512,1336,13001,4000,-5522,12215,6855,-5857,14647,6666,66,11000,8162,2799,13429,8350,1371,11566,10614,3680,13729,8959,6132,12847,5907,787,12774,3193,3342,12957,952,10194,13822,445,4860,14655,2046,519,16276,1920,7276,15495,1165,9302,16128,-2767,564,14384,-2112,-5290,15309,-1704,-380,14536,-845,203,13667,2038,-2514,14248,3323,1186,13022,6255,-1235,13564,6212,-7819,13271,6821,-4028,12001,5999,4012,11726,9114,4798,13591,9511,791,11377,9144,3828,13512,6510,4881,13552,5203,1882,13350,696,5315,12264,258,8933,15274,1751,3528,16331,3364,2814,15635,362,8212,14870,-2665,5183,15389,-2901,-4995,15334,-1854,-3940,14372,-689,1472,13927,967,351,14045,3882,-2990,13425,5426,-1663,12889,6280,-2232,13543,5985,-5338,12153,7003,-1579,11697,8505,6423,12260,9895,4447,13439,10084,76,13660,7982,4604,12371,4399,6140,13384,234,2932,12914,1172,5463
16145,-2868,-358,14858,-1968,-5298,15122,-1767,-491,14485,74,515,13892,2268,-1857,14274,3961,-819,13189,6295,-984,12885,5814,-5857,13472,5730,-3677,11928,7255,2514,11781,9021,4467,13266,9219,1404,12328,9991,3280,13957,7318,6200,12884,3776,2654,12376,-29,4067,13504,681,7938,15176,2707,4711,16447,1576,4021,14767,-540,7076,15512,-1723,3753,15689,-2037,-4605,15232,-1606,-4418,14126,-530,1693,14325,1487,2113,13619,4056,-3600,13017,5108,-3149,13435,7398,-1637,13669,6206,-4731,11654,6857,-1820,12065,8117,6616,13242,11203,4887,13256,9130,-246,12788,6564,4087,12269,4362,7109,14375,1152,3708,12424,431,3781,14751,191,6546,14908,3145,6234,17854,1754,3464,13942,-1883,4872,15249,-2441,411,15118,-1290,-4940,15038,-774,-2579,13709,1133,2374,14380,2807,773,13245,5414,-5672,13219,5725,-4043,13087,7292,-332,13360,6253,-3110,11250,7093,1477,12025,9163,8265,13608,10162,2523,12802,8443,-287,12927,3850,6017,12320,1762,7665,13786,678,2964,14603,1650,2695,15236,2881,8421,16351,411,8115,15033,-690,331,15457,-2797,-824,15470,-1697,-485,14842,-1636,-3960
12848,7342,-1117,14444,6854,-4174,11970,6987,-2770,11370,7443,6516,12536,10561,5839,14071,9084,80,12324,7625,2934,12944,3811,7628,13302,1602,4392,13546,752,3107,14793,1043,5733,15142,2160,7556,16203,397,4275,14960,-1437,2643,15108,-1819,435,15585,-1868,-3974,14404,-990,-3435,13786,821,2120,14062,3385,1945,13601,5237,-5879,13066,6573,-4880,13500,7564,-3,12962,6705,-2422,11596,7505,1080,11990,8321,6734,13038,10396,4558,13967,8043,-152,12057,4965,4230,13023,1602,9089,13791,1074,3740,14330,1135,1398,15016,2077,7598,15923,472,8992,15238,-1090,1647,14854,-2154,-1764,15773,-1280,-1040,14804,-1412,-2814,13685,543,-2248,13932,2741,3542,13966,4838,-611,13316,6319,-7578,12744,7494,-3773,13758,7100,1121,11875,7420,1029,12421,8214,2776,11600,9681,6279,14476,8637,3701,12491,6531,-107,13552,1522,6840,12108,1153,9173,15089,140,1590,14970,2649,2477,15852,549,9766,14998,-979,6497,15365,-1772,-3496,15706,-1501,-3403,14461,-1083,800,14211,-466,-1900,14270,2603,-1070,13761,4588,1717,13333,5672,-3769,12705,7118,-7128,13950,6486,-1718,11501,7904,4232
11709,4849,3616,13021,1647,8555,13508,1578,5364,15149,1141,981,15458,1433,6562,14610,332,9544,16300,-1780,1938,14341,-574,-2855,16326,-1808,92,13780,-984,-2145,14308,-347,-2445,13937,2945,2265,13603,4622,-567,13092,5923,-6855,13058,7614,-4307,13967,6779,1204,10920,7855,2410,13320,9307,1342,12643,10437,6156,13147,7498,4267,12132,5167,266,13446,2262,6168,13215,2608,9275,14965,-584,2355,13936,1978,2205,16478,589,8829,15485,274,7396,15129,-2571,-2692,15119,-2394,-4238,14661,-663,514,14721,179,-1384,14004,2221,-1674,13680,3963,1491,13299,5717,-2812,12414,6959,-6570,14016,6958,-2763,11299,8907,4338,13756,8793,3762,11246,8704,1159,13097,7913,5635,13527,6950,5422,13583,3299,1169,12228,312,6879,13702,1382,7487,16084,2462,2192,16077,964,4894,14543,-1570,7867,14844,-2148,2378,16156,-1385,-5880,15021,-761,-3072,13877,-567,2690,14094,1061,-402,13370,3945,-3539,14108,5987,-1157,12681,8045,-2565,13747,6350,-5236,11884,7514,190,12226,9500,7790,13608,8622,2246,11072,8064,587,13884,6065,6603,13170,5671,5856,13993,452,2456,12484,-102,5449
15429,-2284,-3040,15580,-1503,-5141,15017,-879,1172,13687,-295,-333,14027,1690,-2532,13542,4139,115,13147,7063,-1965,14136,7060,-5802,12257,7304,-3709,11948,7422,4320,12290,9504,4791,13141,9495,653,12655,7810,5004,12553,6000,5824,13743,3904,2409,13737,1687,5591,13268,67,6974,14609,995,3864,17129,904,4467,14464,-621,6815,15406,-1957,2136,15550,-1458,-4862,15420,-1122,-3249,13544,-315,1932,14312,915,291,13373,3828,-3947,13037,6125,-2475,13966,7701,-1430,12620,7328,-4914,12334,7712,-597,11773,8721,7513,13515,9471,3863,12550,8295,291,12673,5515,6042,12516,4759,7107,14982,1649,2921,12655,428,3510,15018,496,6788,16080,1269,6909,15795,-331,3460,14729,-1524,2055,15566,-1493,-660,15484,-1116,-4183,13917,-1226,-2100,13419,911,3160,13927,3003,-1213,12990,6383,-6707,13856,7354,-1662,12974,7846,-658,12884,7260,-2673,11554,8333,2901,12298,9240,7706,13136,8743,2629,12761,6134,960,12596,4328,7473,14322,2964,7353,13735,703,1085,14750,221,2967,15236,1316,10094,16324,-717,7077,14608,-1173,-1209,15677,-1875,-1701,15093,-669,-453,14702,-1321,-3642
13617,8166,479,12966,8252,-3197,11798,8277,-602,12201,8245,6753,12342,9365,4624,13965,6960,602,11687,6213,6349,14505,4237,8405,13984,1800,2781,14433,-151,1392,14806,817,7702,16773,-732,9224,14643,-1585,1199,15302,-1765,-1704,15344,-176,13,15599,-1765,-2932,12868,-616,-2881,13212,1138,2721,13830,4605,-1795,13045,7115,-6644,13629,7739,-1867,12728,8515,1040,12397,7801,-293,11809,8941,1476,12278,9349,6888,14214,7590,4311,11572,6301,1509,14601,3339,7748,13114,2515,8024,15207,-693,423,14508,1261,3242,16727,-1178,10848,14420,-1394,5128,15538,-1483,-4645,15643,-1052,-1988,14841,-778,1175,13763,-1370,-3127,13188,1140,-1458,13233,3983,1083,13295,6692,-3573,13551,9292,-5964,14118,8379,-1059,10423,8619,4585,13524,8832,1564,12562,8484,1998,11928,7152,7085,13469,5895,5004,13326,5196,2463,14445,1432,7434,13515,328,5953,15834,101,1776,15912,-218,6569,15022,-1188,7240,15193,-2597,24,15697,-1054,-5634,14797,-947,-1362,13896,-306,981,13684,1019,-2658,13208,3848,-2793,12538,7100,-238,14355,7856,-3200,12296,9320,-5098,12563,7540,2902,11410,9272,5846
13109,1690,5761,13454,445,7809,15876,775,2424,15591,-98,4605,14905,-1607,7955,14931,-1641,2396,16066,-491,-5808,15326,-1336,-2634,13224,-996,1546,13920,66,-1533,13514,3972,-3235,13265,5978,-644,13055,8536,-1828,13728,8144,-5545,12649,8025,-126,11685,8081,6355,12346,7725,2864,11894,7849,1848,13876,7329,6705,13328,5123,6395,13745,1518,2452,13639,412,4232,15318,1779,6386,16098,-296,6602,14622,-1160,4282,15419,-1784,2766,15774,-852,-1687,15382,-921,-5307,14146,-1511,-1554,13074,792,3208,14181,2847,-2186,12789,6201,-5290,13202,7914,-524,13849,8118,-1958,12211,7714,-3271,12335,8226,3962,11905,9939,7187,14222,7695,2041,11249,6090,834,13550,4435,8385,14344,3896,7672,14058,956,927,14256,-805,3938,15333,400,9639,15810,-346,5481,15789,-1204,-293,14801,-1199,-1234,15581,-1367,-1156,14379,-677,-4063,13601,99,-349,13089,3029,2828,13673,5341,-4247,12851,8396,-6217,14318,7982,-184,12373,7632,-117,11412,7433,513,12295,8242,5554,12734,9864,6191,13734,6893,1579,12179,4947,3301,13269,1315,9117,13979,857,6202,15456,2467,-777,15900,166,6693
14853,-1904,-4365,13379,-536,-1333,13720,1647,3831,13975,4446,-1529,13219,6512,-6599,12643,7733,-2171,14130,7664,-481,12311,7510,-950,11769,8187,4335,11842,9791,6850,14186,9211,2142,13456,6601,809,12856,2188,7598,12388,1340,8675,15544,356,1524,14652,1538,2442,15434,232,10232,15214,-568,5786,15618,-1073,-2387,15331,-1586,-2194,14447,-1494,-578,14240,-865,-3394,13853,1437,79,13572,5023,2232,14064,5689,-4220,12040,6804,-6866,13463,6716,-939,13618,8376,2000,11279,7814,2513,12249,7787,3330,12386,9723,5556,14843,7378,2822,13014,4404,1775,12008,-125,8551,13964,411,6898,15199,2375,516,16359,530,6638,14160,144,8635,15952,-2591,349,15085,-698,-5471,15532,-1756,-1212,13815,-1167,975,13720,672,-2126,14010,3922,-1110,13563,6787,413,13575,7442,-4794,12582,6886,-5141,12889,7359,891,12102,8299,5943,12361,8472,2203,12285,8775,2723,13848,8216,6781,14247,5227,2496,12428,956,2823,13067,-501,8846,14891,1201,4951,16190,1444,3674,15091,-156,6706,15319,-1264,4928,15030,-1460,-3131,15692,-1576,-5630,14016,-899,125,14104,1136,2379,13862,3396,-2408
12010,7548,2395,12656,7266,2891,10668,8735,3019,13745,9371,6183,13799,8211,2952,13236,3972,787,12170,83,7844,13546,975,8012,15524,1357,1003,15510,1446,4951,14970,172,9506,15718,-1543,2883,15838,-448,-6314,15460,-1858,-2323,13472,-1209,1812,13965,328,-1322,14053,3600,-1354,13139,5976,187,13745,6299,-4333,12517,7781,-6265,14075,7452,-288,11480,7164,6216,11972,7603,3579,12367,9401,1351,13886,9347,6571,13835,4831,3925,12453,703,1795,12979,-195,7878,15206,1656,5516,15562,2143,3350,15482,142,6413,14808,-440,5205,15820,-1709,-1208,15438,-1532,-5965,14006,-2055,-1483,13671,874,2945,14510,3045,-1514,13406,5414,-3869,12959,6481,-977,13650,7433,-3909,12970,6730,-4773,12090,6347,4163,11431,8678,7905,13503,9171,924,12982,9125,1719,13437,5267,7034,13291,2464,4506,12943,592,2889,14616,381,5436,14632,2527,6925,16605,503,5447,14486,-101,3410,15480,-1640,2181,15605,-1573,-3302,14710,-1568,-5482,13656,-543,1258,13857,2436,3497,13724,4669,-3849,13455,6411,-4848,12740,8054,-1118,14587,6623,-3040,11408,6756,-1207,11621,6630,7414,12026,10455,6030
12081,-127,7383,14763,1092,7393,15276,2518,2526,16053,756,6169,14358,-107,6302,15945,-2136,707,15636,-1565,-5330,14676,-1810,-3309,13696,799,2436,14736,2341,-137,13140,4415,-3993,12952,5393,-435,13229,7387,-2782,13659,6719,-5929,12536,6604,2380,10583,7992,7226,13073,9602,1541,13642,9710,2136,13504,5865,5580,12686,2522,5093,13002,796,3106,14251,852,5309,14854,2141,6937,16014,1133,4966,15284,-49,3838,15185,-1516,4176,15502,-1197,-2593,14931,-1363,-5526,14281,-426,-255,13721,2031,3367,14184,3586,-2036,12694,5845,-5127,13201,7161,-2085,14212,6762,-2068,12219,6872,-2348,12019,6111,4814,11142,9756,7156,14906,9291,1521,13198,7963,349,12657,2809,7832,12421,929,6578,14061,876,2072,14897,1654,4410,14892,2507,8065,16034,528,5163,14774,-890,2027,15468,-1511,-402,15250,-1650,-2118,14774,-941,-4425,13787,914,361,13743,3695,3536,13611,4402,-4665,12946,5937,-6040,13618,7158,-477,13360,6931,-665,11541,7161,521,12215,7820,5733,12500,10961,5967,14663,7795,343,11760,5177,1958,13338,485,9003,12635,1460,6052,15140,1198,413,14880,2530,5928
[row took 89995us]
15727,-1289,-5577,14606,-1038,-2937,13551,1265,2988,14827,2936,-219,13370,4923,-4567,13152,5365,-1994,13320,6914,-2131,12759,6137,-4042,12308,7031,2038,11219,8905,7565,14211,9593,2961,12726,8908,-363,12881,3916,5855,12475,2166,7095,13840,1187,2950,13975,1127,4363,14566,2325,7206,16465,949,5579,15146,202,3061,15234,-1840,1829,15345,-1468,-1295,14984,-1460,-4639,14271,168,-1206,13909,2979,3452,14142,3717,-2024,12899,5369,-6351,12851,6766,-1693,13790,6955,-672,12236,7299,-1337,12478,7377,4068,10834,10353,6950,15277,8377,1796,12185,6561,365,13052,1284,7722,11948,1634,7562,15016,988,1469,14544,2360,3629,15422,1896,8760,15626,198,5614,15424,-1569,329,15234,-1268,-1111,15255,-1745,-1245,14152,-239,-3923,14321,1639,-230,13973,4476,2933,13487,4525,-4049,12552,6272,-6664,14296,6792,-887,12090,7408,1723,12601,8388,1647,12205,8194,3628,11624,9098,6268,14469,6036,1189,12307,4745,1318,13056,595,9699,12826,1514,6873,15366,1578,-543,15287,2699,4759,15733,789,10204,14987,-1758,3804,15274,-1910,-3597,15323,-988,-1720,14967,-341,-1288,14256,1651,-2854
13066,7453,-832,12711,5773,-3325,11461,8652,1504,13135,9392,7588,12920,8264,3040,12244,6161,-454,12912,4552,5502,13318,3417,8006,13702,-27,3559,13117,1061,3513,15906,3431,6561,16733,1196,5836,14240,-1409,2805,15066,-2361,1607,15822,364,-826,15285,141,-4172,14311,680,-2749,13596,2466,3156,14356,3610,-1103,12532,5165,-6345,13234,6178,-2028,13241,6729,-69,11452,8313,-706,13721,8869,3365,11694,9518,7116,13900,5907,1506,10936,5479,210,14602,2448,8024,12481,2573,8531,14284,1054,1807,14740,2401,2410,15713,1919,7845,15739,-919,6537,14698,-1443,-241,15531,-1120,-1200,15227,-114,-322,14687,161,-4384,14149,1435,-1010,13579,3455,2660,13351,4044,-3308,12716,6352,-6354,13907,6987,-1313,12118,7847,2513,12510,8386,1113,12182,9593,3549,13111,9385,6606,13470,3961,1482,10734,3362,1280,14700,1529,9189,12500,3250,7671,16112,1033,-51,14742,1903,3772,15801,331,9389,14780,-2026,4124,15321,-1210,-4091,15503,-632,-1263,15118,428,94,13965,1058,-3366,14119,2067,-596,12755,4945,941,14119,6218,-4526,13237,6916,-5696,12422,6312,1075,11672,8586,4618
11037,3724,4879,13894,3132,8299,14056,1686,3534,13960,706,2515,14851,2067,7088,16618,742,6612,14909,-887,1923,15458,-1628,173,15358,187,276,15737,88,-3344,13931,776,-3095,13707,1794,2331,13582,3955,-1323,13338,5873,-6126,13379,6561,-2427,12708,7055,620,11904,7841,35,12202,9035,2107,12351,8991,7199,13906,6820,3499,11384,3962,136,13249,2950,7224,14027,2652,8707,14166,686,1822,14618,1834,1922,16369,1497,8357,15706,-632,6786,14955,-1590,-1688,15542,-986,-1843,15160,470,642,14946,211,-3677,13664,1148,-1820,13099,3095,2118,13739,5474,-2872,13479,7131,-6546,12858,6253,-1559,11055,8057,3473,13607,8566,1771,11976,9525,2566,12910,7370,6870,12195,4936,2559,13022,4016,1554,14554,2118,8678,12646,1462,7325,15410,632,706,15764,2232,3791,16001,-137,9181,14782,-2002,3416,15563,-1136,-5117,15248,-255,-1241,15051,213,575,13794,1254,-3190,13620,2338,-1461,12927,5278,474,14085,6367,-3943,12559,6840,-5746,12293,7037,1002,12036,8997,5785,13160,9301,1687,12134,8296,2712,13062,5309,6344,12327,4246,3019,14497,2671,3535,12918,1269,7995
15426,-1965,32,14870,-1524,-2588,15078,-240,-321,15276,626,-3330,13952,2008,-2500,13393,2365,2697,13214,4980,-1220,13136,6755,-6921,13887,7526,-3687,11769,7225,3166,12329,8489,2805,12612,10604,1699,13642,6696,6766,10450,4569,3596,14357,4073,77,13632,3561,7354,13159,592,9490,14464,559,1200,15790,2619,2098,16540,400,8759,14251,-1909,5507,15405,-1694,-4021,15246,-90,-3364,15203,476,1084,14224,832,-1795,13671,1926,-2444,13172,4644,798,13453,7060,-2771,13737,7347,-5835,12165,6905,-1564,11553,7848,6177,13415,9063,4003,12424,8811,723,12800,6191,6115,12150,4540,4135,14344,2468,2231,12900,2061,7890,14598,663,6676,15165,2102,1666,16355,267,4831,14591,-488,7117,15666,-2575,1538,15393,-731,-6051,14945,-387,-2494,14213,1337,1648,14270,2007,-1813,12881,3813,-2980,13028,5652,-544,13956,7383,-3311,12644,7245,-5320,11990,8157,3367,12506,9070,7321,12930,8055,1524,12167,6641,1331,12861,4932,6237,13461,3391,5690,13289,1958,3140,14131,597,5908,14659,2331,6023,16574,-94,3961,14564,-719,4049,15552,-1377,3761,16130,-303,-2538,14728,-457,-4873
13738,6639,-1447,13139,7253,-6598,12891,6615,-3629,12103,7465,4830,12844,8030,5304,12252,8346,769,12641,7270,4675,12912,5293,5218,13451,3217,1254,12416,1505,7480,14933,1462,8528,15263,2976,624,15747,175,4086,14402,-925,7144,15549,-1513,3105,15702,84,-4170,15404,-837,-3725,13945,470,1184,14870,1463,-537,13089,3592,-3548,13120,3822,-288,13277,8162,-2095,13816,7253,-5657,11900,7322,36,12322,7973,7245,12641,8581,3218,12319,7868,714,13481,5597,5606,12392,5106,5266,14397,1890,3132,12846,910,6159,14848,686,6062,15537,2165,3507,16104,99,4151,14600,-1145,5761,15204,-977,-17,15818,-412,-5908,14407,-240,-2459,13793,902,2749,13747,2049,-811,13348,5057,-4329,13606,7024,-1280,13256,7701,-1911,12971,7257,-4749,12546,7371,2905,11343,8636,9232,13727,7816,1759,12456,6975,77,12812,3875,6793,13367,2873,6303,13838,1494,3160,13689,610,4393,14852,2213,7010,16762,908,5425,14829,-192,2331,14951,-1794,1911,15480,-677,-1674,15318,-154,-5160,14025,482,-963,13782,2313,3108,14128,3801,-2996,12754,5854,-5729,12594,6648,-625,14131,7438,-801
12558,7805,3776,13851,6577,5457,13420,3892,1039,12331,209,5693,13809,1009,9258,15158,1578,2793,15593,1296,2729,14887,-265,7279,15630,-372,5299,15354,-558,-4110,15094,-530,-5079,14321,248,849,14582,1406,537,13578,3242,-2535,13136,4445,-497,13515,7080,-2081,13060,7363,-5819,12572,7358,-1956,13344,5310,7112,10815,9019,5374,13969,7159,-713,11485,8023,4242,14420,3915,6488,13220,2642,2139,13000,850,5720,14581,1321,6760,14741,2104,3808,16130,482,4656,14532,162,4949,15712,-1073,1913,15492,-755,-5515,14653,-853,-4435,13839,1208,2815,14785,1870,522,12699,4289,-4334,13398,5128,-687,13198,8782,-2468,14169,7144,-4952,12043,6651,1616,11541,7593,7802,13446,9242,2775,12695,7313,992,12613,4598,4936,13056,4182,6610,14478,1908,3454,12986,-57,4291,14278,716,6451,15763,1307,5588,15647,1017,2965,15390,-1191,4205,14922,-431,-1210,15391,-208,-5973,14803,-29,-2058,13459,1885,3325,14082,2959,-554,13379,6119,-4755,13341,7484,-2345,14052,6978,-1850,12096,6194,-2890,12095,6894,4467,12364,8855,7893,12969,7560,1559,12598,5965,-471,12949,4431,6584
15108,2336,551,15320,243,7716,14560,872,7987,16014,-1277,-667,15282,-576,-5610,14677,-653,-876,14584,68,397,13791,2289,-1881,13670,4129,399,13718,6734,-68,13508,6661,-6482,12869,6894,-4742,13031,6131,3354,11663,6543,6462,12378,7953,1658,13197,8460,2959,13533,7134,5865,13146,3472,1102,12745,784,4434,13505,1011,9348,15029,1698,3120,15234,2023,3004,15170,344,7451,15254,-380,4812,15576,-896,-3518,15313,-925,-5441,14267,188,202,14297,588,1665,13495,3238,-2740,13675,4822,-863,13395,6969,-1001,12650,6104,-5100,13963,5733,-2988,11267,7095,4798,12915,8305,5907,12867,8357,755,12815,8402,3546,13303,5461,6473,13975,2252,1897,12153,779,5230,14569,645,7695,14745,2328,4310,15949,490,3803,14605,-88,5854,15551,-533,1922,15966,-860,-4797,14488,-945,-4173,13772,266,2106,14241,2146,872,12985,4409,-3807,13875,5541,-1508,13782,7669,-1505,13279,6043,-4978,11725,6779,-608,12341,7566,7756,13533,9667,4343,13023,8144,93,12665,5322,4571,12466,4266,6252,14942,1055,2962,12173,84,4322,14503,136,7020,15273,2654,5293,16526,1976,2462
14418,-296,-522,14326,65,-3897,13694,1898,1118,13481,4251,2120,13784,5138,-4781,12523,7198,-6120,14752,6621,-355,11892,7454,2045,12540,6191,2502,11450,8219,4224,13694,8636,5950,13580,6273,1473,12728,3677,1559,12879,253,8967,13579,1202,5860,15106,1770,-154,15574,1730,6818,14747,1428,9112,16143,-1179,1443,14797,-374,-4517,15297,-1246,-1077,14508,-623,-243,13830,811,-2372,13913,2754,-96,13089,6153,941,14353,5725,-4908,12303,7448,-5737,13528,6252,1123,12102,7416,4948,12191,7837,2260,12797,8018,3757,12978,8528,5682,14031,4422,1282,12831,1781,2898,12704,803,9328,14896,1108,4434,15145,2797,1199,15722,355,7737,14401,326,7481,15541,-1399,-1137,15643,-702,-5897,14328,-314,-620,14461,31,645,13728,2589,-2109,13849,4162,-366,13427,6240,-894,13052,6512,-5080,13661,6236,-4580,12295,6790,3536,12188,7224,6134,12479,8301,780,13204,8052,3485,13371,6535,5859,13441,3814,1685,13009,1276,4495,13465,905,8184,14589,1885,3562,15862,1455,3565,14470,656,6894,15625,-1014,4871,15161,-706,-3720,15139,-762,-5425,14456,-18,718,14197,1354,1374
13187,6895,-1976,13858,7162,-296,11945,6784,-946,13146,7129,3597,11308,8786,6825,14044,7026,2625,12591,6222,22,13228,2841,6685,12838,2039,8474,14281,643,1073,14420,2272,2526,15463,1759,9541,15230,363,6253,15448,-921,-44,15167,-748,-1328,15069,-281,-1547,15006,13,-3878,14046,1057,-586,13126,2993,3222,13927,3980,-2829,12762,6470,-6160,13894,6880,-1204,12947,6502,951,11252,7468,615,13022,8784,3664,12991,9689,6643,14012,4388,2396,10616,4981,453,14909,1895,7792,12273,2793,7748,15525,705,-59,14898,1557,4262,14964,1114,10048,15651,-1177,4401,15298,-321,-3280,15309,-864,-1265,15005,-200,-839,14009,247,-2895,14468,1731,-595,12635,4489,1798,13966,5093,-3725,12472,7693,-5912,14569,6255,-579,11106,7451,3331,13405,8233,1417,12547,8812,3661,12554,7438,5981,12541,4709,1478,13573,3406,2880,13353,2064,8933,13856,635,5487,14406,1574,281,15725,1468,5846,15551,974,9603,15299,-1774,1774,15020,-1094,-5183,14953,-192,-1371,14989,549,-282,14007,1673,-2743,13641,2964,432,13354,5000,594,12990,5459,-4899,13010,7397,-5008,13486,7049,1054
13988,6309,158,10087,3330,4149,13764,2724,7601,14419,2795,3715,14060,1899,2327,14203,1049,7512,15612,703,6672,15576,-117,2565,15329,-1028,2237,14844,-701,-464,15363,-552,-4150,14458,914,-3045,14051,2006,2498,13682,3068,-251,12938,4819,-5655,13912,6272,-1971,12786,7334,367,13157,6679,-2697,11776,7867,1573,12950,8701,7827,12941,8634,3328,13362,4657,-323,11571,3498,6385,14288,2910,7846,13636,1804,2129,14445,965,2620,14953,1821,8089,16100,368,7067,14960,-900,559,15155,-933,-946,15361,248,-13,15382,-358,-3700,13659,313,-2076,13263,2135,2888,13679,4151,-2150,13378,5852,-5731,13392,6601,-1433,13046,7408,189,12339,7422,-121,12339,8512,2442,12704,9157,7405,13996,6961,3246,11465,4131,402,13314,2640,7517,13867,2457,7464,14324,760,743,14472,1922,3203,15965,816,9834,15069,-741,5766,15224,-1038,-2662,15464,-610,-1753,15133,149,78,14661,-284,-3553,13594,1156,-867,13337,3370,1871,13671,5162,-3482,12908,7108,-5620,13827,6557,-1132,11708,8440,2705,13297,7750,1281,11906,9042,2878,13060,7965,7311,13187,4760,2379,11987,4261,1568
15064,1654,7162,16439,-287,3793,14464,-1074,2628,15540,-1148,695,15289,-192,-3556,15190,-337,-3909,13283,950,1679,13684,2511,843,13536,4671,-5203,12980,6262,-2855,13226,7296,210,13320,7405,-2742,11572,8301,-211,12826,8132,6889,12340,9645,5365,14181,5368,45,11054,4163,5240,14054,2816,8330,13994,2034,2634,14422,1348,1551,15100,1383,7857,15930,491,8303,15335,-1259,1513,15046,-1182,-1412,15325,-144,73,15594,-701,-3220,13473,232,-2745,13485,1472,2374,13508,4138,-1139,13239,5507,-6033,13046,6801,-1876,13088,7770,576,12559,7877,-356,12062,8694,1428,12706,8919,6937,13703,7643,4452,12061,4480,573,13031,3206,6920,14141,2719,8129,14324,1387,1374,14780,1793,2112,15918,114,9808,14903,-1332,7091,15224,-1386,-2912,15548,-1030,-2898,14783,196,665,14531,-489,-2836,13577,911,-1785,13272,3192,1727,13322,5357,-3056,13256,6823,-5552,13248,7001,-1539,11965,8244,2925,12995,8527,1320,12305,9373,1635,13154,8131,7022,12644,5423,3858,12687,4618,1883,14773,1998,7579,12881,1928,6465,15504,889,1102,15531,848,5474,15005,-770,9158,15538,-2393,2145
13947,1151,1618,13394,3530,1359,13390,4074,-5504,12256,7000,-4217,14489,7889,923,12419,8507,-345,12983,8863,448,11873,8304,5399,13292,8057,5339,12909,5987,760,13305,3958,5396,12368,2670,9108,15299,1173,2646,13763,2344,765,16243,-592,8404,13884,-87,8785,16468,-2245,-193,14388,-262,-3632,15530,-1453,344,14499,-33,-2255,13981,676,-2905,13502,2483,1925,12953,4476,-864,13396,6508,-5552,13760,9091,-3198,13591,8277,1966,11798,8049,2076,11961,8487,1499,13460,8501,6064,13011,6928,5192,12905,4208,1269,13564,1795,5710,13040,1740,8314,15430,1244,1840,15229,1477,2864,14669,-627,9599,14969,-1744,5438,15582,-604,-4301,15732,-655,-3765,14178,-154,921,14013,-284,-1487,13911,2326,-2440,13472,4302,544,13082,5930,-2288,13144,7835,-5729,13683,7409,-1548,11763,8388,4742,13472,7753,2810,11437,7964,1633,13010,7210,6287,13517,5965,4963,13286,2600,2271,12929,1461,5417,14726,2039,6389,15765,2314,3579,15189,-744,5664,14309,-1415,6787,15890,-1295,616,15742,-440,-5562,14700,-1091,-2800,13775,131,2092,14237,1004,-1015,13149,3544,-3613,12697,5231,-506
11744,7888,2585,12052,8147,5205,13462,8429,5428,13567,5466,1577,12753,2932,3190,12997,2021,9585,14937,728,4421,14107,1713,209,16147,-491,8933,14181,304,8014,15884,-2106,-1439,14860,-657,-4271,15006,-43,-293,14638,-176,-1121,13552,1062,-2473,13589,2875,380,13614,5786,-805,13022,6285,-5474,12790,7852,-3575,13688,8288,2594,12294,8339,4122,12344,7900,905,12565,7490,4715,13184,6545,6470,13217,4370,1628,13375,1985,4992,13589,2010,7654,15288,1600,1986,15141,732,4365,14852,-927,8147,15278,-1215,4401,15617,-870,-4251,15352,-681,-4894,14181,-455,980,13818,265,448,13640,2478,-3294,13406,4925,-34,13292,7212,-710,13562,7223,-6034,12663,8586,-2810,13086,7903,6618,12156,8773,4781,12930,7574,304,12912,7197,5652,13111,4863,5968,13835,1981,2084,12907,1703,5556,15172,1217,6401,14723,1493,4107,15635,-982,5239,14471,-782,5077,15552,-581,1339,15532,-635,-5362,14403,-831,-3774,13805,815,2381,14388,1526,-114,13088,4418,-4514,13502,5068,-1168,12143,7004,-888,13656,7109,-4955,13735,8102,429,10946,8624,8114,13528,7317,2329,12113,8247,334
14119,457,4044,14618,1234,488,15620,-119,8147,14353,-66,8896,15907,-2115,-485,15014,-272,-5891,15138,-204,-793,14384,-296,576,13581,1334,-2803,13654,2855,318,13139,6112,-208,13386,7142,-5748,13822,7815,-4616,13029,7189,2871,11956,8753,5237,13354,7993,696,11312,7609,3662,13581,5614,6418,13464,5292,2298,13735,1541,3959,12803,1116,7746,15023,1934,3705,15636,1589,3685,14807,-826,7206,14931,-1487,4852,15649,-914,-3750,15464,-304,-4988,14377,-757,708,13806,254,833,13762,2826,-3305,13507,4279,-1262,12692,6765,-510,14083,7343,-4618,12601,8137,-3534,12665,7443,5357,11898,8372,5728,13269,8353,274,13197,7584,4562,12715,5458,6721,13984,2119,2568,12957,1936,4336,14969,839,6439,14576,1428,5436,15857,-873,5268,14544,-917,4431,15286,-491,614,16125,-606,-4651,14402,-950,-3697,13250,95,2483,14435,1851,1004,12986,4567,-4756,13183,4972,-2201,12521,7939,-371,14487,8271,-4624,13266,7974,-908,10636,7045,8299,12975,8784,3756,13690,8618,18,13377,5735,6310,12336,2864,6772,13618,1046,2446,14679,1297,2784,14562,2081,7023,15844,-270,8426
15101,-1263,-1418,14052,-468,1155,14179,1163,-2528,12946,3254,-1602,13122,5502,756,13928,7263,-4413,13356,7556,-5338,12930,7109,2400,11959,8752,4793,13448,8911,1152,12574,8221,4130,13067,6171,6194,12981,4700,2487,14406,2149,3492,12632,300,7101,14447,344,5003,15470,2157,3341,16265,408,6189,13905,-1823,6424,15353,-1250,-3305,15575,46,-5762,14387,-423,1110,13709,-40,857,13385,2344,-2614,13796,4829,-1904,12895,7067,-847,13772,7165,-3840,13057,8372,-4385,13277,6413,4690,11098,8207,7482,13463,8094,-386,12644,8352,3916,13534,5276,7468,13725,2376,2002,12749,1164,4150,14820,740,6646,14361,2527,5674,16533,-319,5446,14052,-138,3106,15610,-1436,1834,15422,-1380,-3621,14615,-1150,-5374,13811,125,1733,14065,2272,1612,13409,3846,-4673,13022,5479,-2321,13039,8190,-261,14251,7173,-4263,12330,7630,-42,11419,7119,6762,12370,9614,4470,14425,8724,867,12538,6060,3745,13190,3196,7766,13629,1728,3989,14366,750,1766,14459,1639,7102,15707,7,8447,14710,-208,3001,15472,-1752,1077,15159,-137,-1150,15172,-1425,-3971,13996,-497,-2738,13622,1379,2830
13743,7106,-5642,12865,6846,1160,11424,7966,6366,12966,8441,1747,13039,8814,2341,13334,7426,6949,13673,4505,3459,13225,1592,2718,13762,216,6653,14284,1674,5545,16099,542,5074,14492,28,5324,15408,-1046,3729,15354,-1028,-2229,15277,-1197,-5597,14195,-1275,122,13694,599,2570,13606,2797,-3043,13593,4869,-3249,12896,7283,-324,14213,7565,-3430,12639,7669,-4199,12312,6998,4873,12005,9342,6900,13846,8520,541,12524,7838,3142,13214,4644,7675,13777,2371,3807,13323,730,2206,14350,530,5456,14867,1838,8031,16029,141,5102,14590,-513,2603,15316,-1024,1130,15654,-1555,-3440,14152,-1473,-4879,13528,-326,1520,13970,2922,2331,13963,4634,-4502,12719,6297,-4346,13060,7888,-134,13935,7159,-2470,12653,7283,-656,11602,7182,6715,12347,9365,5355,14219,8217,-50,12583,6103,3794,13277,2743,8538,13485,1530,3767,14585,953,846,14571,1463,7290,15497,414,10067,15090,-214,2608,15492,-1331,-1313,15309,-804,-777,14840,-1820,-3404,13708,-579,-3072,13959,1605,2718,13952,4076,993,13279,5454,-6476,12401,7414,-3894,14324,7796,280,12697,7826,-189,12407,7275,1884
13847,4296,5296,13689,1827,2435,13772,-670,5647,13880,1725,6663,16764,628,5440,15150,643,3977,15073,-1737,3012,15314,-2075,-2039,14845,-1043,-5778,14371,-566,-828,13676,1604,3475,13694,3674,-2582,13292,5123,-5333,12058,6690,-282,14612,7176,-2411,12338,8120,-3182,12330,7803,5427,11667,9352,6553,14112,8251,725,12719,7977,2677,13832,3807,7813,12670,1129,5566,14175,956,1071,15169,1336,4599,14948,1572,10062,15600,-1066,4998,14763,-1276,168,15364,-1103,-744,15306,-1372,-2793,14272,-1167,-3810,13664,18,1763,12958,3417,2235,14095,4849,-5160,12898,7816,-5606,13883,7518,521,12846,6823,-748,11833,9009,540,13669,8009,6008,11236,9328,5469,14561,7071,699,13114,6273,3625,13788,571,9042,12064,42,4491,15640,1230,-181,15158,2529,7511,15650,-157,9907,14146,-1727,1709,15593,-1520,-3514,15502,-516,-684,14683,-1687,-1851,13349,253,-3145,13830,2730,2225,14171,5499,63,13022,6078,-6686,12584,7154,-4625,14089,6976,1386,11151,8386,2839,13828,8450,2246,11638,8980,5030,13379,7435,4151,13395,6300,1313,13534,2448,5433,12293,1324,9094,15335,-165,2362
15529,-2038,-1006,14945,-1214,-1152,14967,-1849,-4213,13128,98,-60,13382,3206,3148,14051,5435,-4821,12785,7324,-6225,14024,6481,-622,12390,7647,217,12156,7402,336,11930,9508,4659,12993,10687,6772,14460,7147,1375,11430,5281,2387,14621,1247,9020,12711,1390,5211,15034,-61,-11,14760,2016,6884,16517,542,10645,14974,-1404,1846,15321,-2069,-4702,15127,-1346,-617,15012,-1993,-361,13217,116,-3216,13610,2077,998,13332,5936,205,13747,6731,-5847,13205,7626,-5057,12985,6789,670,11312,7779,3921,12844,9285,1443,12551,9967,4841,13662,8056,6196,12547,5223,1124,13936,2661,4107,13540,827,8829,14515,-336,3380,14619,1957,2798,17252,182,8746,13785,-127,6770,16157,-3025,-3264,14586,-1006,-5559,15172,-1931,989,13281,119,275,13898,2159,-2536,13601,4770,-1025,12813,7336,-1879,14314,6299,-5474,12016,7129,-3570,12049,6973,5011,12285,9458,5569,13357,9976,317,13161,8317,4616,12556,6063,6242,14125,3131,2644,13861,954,4643,13847,-68,6425,14297,1667,5275,17680,818,5470,13996,-489,5226,15933,-2623,1010,14712,-1827,-4796,15524,-2452,-3581,12827,121,2033
12429,7524,-5331,12624,6548,2622,11167,9498,6334,14050,10000,1364,12146,9840,3085,13363,6446,6570,13174,4245,3708,14537,1078,3804,12911,-92,6534,14551,1062,5262,17122,1423,5218,14987,-252,5661,15332,-2080,3121,15343,-3154,-3675,14872,-1925,-4933,13837,-1084,443,14150,1584,1946,13322,4005,-3166,13273,5505,-4036,12421,7949,-1033,14635,6915,-3999,11270,8262,-1645,12584,7978,7079,11724,10526,4688,14312,9313,261,12328,7189,4362,13945,4083,7965,13099,534,4606,14123,-152,1674,14584,1592,6230,16749,1266,9545,15190,-155,3529,15278,-2920,504,15105,-1790,-855,15398,-2089,-4193,13649,-944,-3147,13339,1314,2570,14008,4199,990,13208,5935,-6356,12223,6508,-4885,14057,7457,-109,12141,7457,-331,12196,9273,1737,12428,10067,6689,13429,10057,4228,14057,6616,399,12516,3122,5589,12490,1047,8916,15404,951,3035,14727,2668,941,16357,-80,9385,14462,16,8340,15898,-2724,-1372,14883,-1352,-3769,14673,-2333,406,14361,-1774,-2315,13248,1358,-2033,14171,3535,1983,12816,6020,-2740,13155,7061,-6635,13822,7572,-1909,11986,7653,1888,12035,7663,2822,12565,10181,2646
13258,1036,3902,15656,2227,-80,15882,1581,8061,14633,-667,10147,15441,-3110,1071,14781,-1913,-4263,15466,-1845,-774,14496,-1636,-1839,13144,776,-3142,14188,3108,1884,13410,5457,58,12897,6048,-6883,13221,7728,-4350,13216,7144,2136,11374,9423,3168,13614,10872,1523,13068,9390,5972,12127,6932,4369,14112,4734,1470,13188,2799,6108,13535,412,8224,14065,-180,3130,16086,1410,3685,15231,36,8504,15778,-1601,4879,14757,-2548,-4804,15253,-2231,-3741,14125,-205,1433,14487,-27,-626,12903,3176,-2952,13738,4912,-416,12806,7499,-2454,13932,6869,-5424,12470,7208,-2258,11468,8587,5878,13449,9668,4406,12596,10206,496,13194,7124,6164,12723,4767,6640,13545,1179,1853,13367,344,5370,15194,2990,6429,16185,1541,5100,14923,-544,5317,15044,-2283,3978,15430,-1830,196,15469,-1828,-5142,14162,-1761,-3065,13565,1172,2594,14327,3105,-851,12928,4471,-5036,12649,5959,-2266,13993,7837,-1644,12757,6796,-3616,11628,8232,3232,13084,9736,7078,12817,9708,1858,13569,7798,714,12817,5875,6908,13873,2602,7379,13316,371,2062,14254,337,3222,15391,2521,8611,16418,433,6896
[row took 90594us]
13860,-401,1398,13907,1712,2039,13706,4590,-4057,13614,5154,-2823,11698,6479,-1418,14075,5481,-4547,12603,8743,-1866,12141,8031,7903,12528,9721,4277,13216,9067,-875,13847,7272,5476,12913,4089,7434,12715,245,2880,14186,944,2934,14874,2830,7913,16339,893,8074,14465,-628,2191,15571,-2425,835,15163,-1049,195,15517,-2144,-4360,13348,-1618,-2492,13444,815,2772,14132,3734,-537,13448,5306,-5973,12227,6244,-2335,13510,6773,587,13037,8125,-3274,12345,9334,1810,12322,9898,7481,13787,9671,3433,13329,7397,773,13758,4154,6443,12094,1421,7652,14692,-9,1961,14317,2027,2580,16344,1335,10452,14771,-195,7509,15615,-2053,-889,14544,-2089,-2069,15115,-1688,-702,14418,-1388,-3096,13500,753,-962,13627,3524,3151,13666,5112,-3095,12901,6370,-7978,12765,7083,-1131,13580,8473,1534,12636,6856,1592,12074,9940,3892,13113,9134,4622,13077,8659,3046,14187,4416,2175,12564,1517,7556,13372,1105,7027,15283,1523,415,15292,1631,5400,14906,-227,10302,15399,-2110,2363,14819,-2111,-3785,15316,-2125,-2027,14255,-852,-575,14165,609,-2507,13599,3000,-1315,13509,4384,1168
11022,8351,2189,12377,8912,6855,14142,10304,3565,13698,7360,1228,12872,2170,5793,11657,860,8491,15760,446,2525,14150,3170,1638,16342,9,10011,13879,118,7234,16316,-2276,-1887,14616,-1475,-2343,15174,-1395,-8,14063,-1002,-2610,13764,1411,-1903,13743,4168,1678,13903,5026,-2239,12326,5960,-7086,13503,6123,-1885,12392,8065,2637,12765,7927,2131,12016,9143,1768,13183,9663,5807,14401,7854,4316,12727,4384,1281,12794,466,7108,13447,2120,7319,15723,1861,1225,15455,1491,5177,14611,-365,9157,15541,-2254,3140,14894,-1839,-4733,15418,-1994,-3019,14271,-549,1272,13789,284,-1050,13724,2935,-2433,13373,5002,618,13146,6200,-3440,13085,7043,-5998,13180,7677,-588,12060,8894,5855,13250,9044,2747,12460,9883,1210,13651,8226,6826,13437,5279,4482,13209,1193,2047,12828,717,7232,15068,1334,5938,15498,1859,3350,15437,-439,6114,14627,-1139,5417,15398,-2158,-451,15409,-1373,-5781,14594,-1079,-2073,13469,885,2566,14107,2114,-1526,13451,4879,-4190,12395,5525,-99,14034,6748,-2924,12747,8059,-6059,13380,7132,3487,10950,9617,7697,13934,9110,504,12526,8987,2548
15495,1548,2411,15702,1206,4398,14700,-658,8544,15507,-2006,4780,15188,-1115,-5276,15344,-1667,-4078,14067,-259,1791,13932,230,-182,13631,2892,-2856,13354,4847,-316,13268,7095,-2462,14014,7265,-5934,12802,7441,-1142,11502,7710,5456,12918,9007,3304,13069,9149,1556,13213,7655,5569,12771,5182,5832,13861,1385,2262,12868,1468,5067,15178,1135,6850,15180,1613,4582,15316,137,4930,15157,-1423,5714,15007,-1724,-240,15456,-1543,-5594,14813,-999,-2102,13627,897,2179,14235,1574,-441,12774,4558,-4949,13444,5714,-1539,13424,7663,-1184,13208,6869,-4489,12173,7419,1297,11778,9317,7695,13721,9256,2269,12992,8514,1066,12722,4894,7167,13298,2969,6195,13509,1501,1682,14661,991,4239,14171,2339,8360,16643,-302,6441,14611,-626,2257,15536,-2236,1001,15114,-1388,-1631,15104,-1434,-4881,13799,-26,-389,13675,2148,3257,13886,3651,-2955,12828,5633,-5679,12937,7445,-390,14003,7473,-1354,12224,7919,-1838,12197,8046,4208,11824,10914,7037,14773,8371,1816,12336,6295,1533,13101,1824,8466,12890,1904,6545,15215,1005,170,14410,1961,5249,15874,290,10416,15034,-531,4164
13914,766,2725,14113,2318,277,13506,4272,-5248,12645,5583,-2510,13196,7646,-477,13326,6908,-3694,12326,8449,203,12107,9002,6854,13105,9430,3884,13265,8222,113,12857,4940,6095,13014,2639,8033,13843,1401,2278,14461,1197,2701,14647,2192,8177,16274,145,7254,14854,-551,2385,15355,-2215,693,15220,-1268,-1427,14838,-1751,-3927,13825,115,-1631,13854,2466,3226,14209,3935,-1321,12528,5359,-7260,12906,6333,-1789,13809,7315,105,12107,7983,-723,13482,8960,3136,11207,9456,6242,14057,7690,2516,12904,6282,829,13273,3095,7709,12726,1707,8030,14788,807,652,14546,2601,3205,16165,946,10153,14672,-556,6354,15593,-2474,-1750,14752,-1627,-1677,15196,-1078,-1141,14438,-116,-3363,13834,1261,-119,13450,3651,2488,13533,4765,-4234,12608,6784,-6316,14253,6674,-994,11625,7747,2457,12737,9129,1476,12592,10696,3021,13725,8864,6327,11546,4784,2640,13620,4553,1449,13827,2132,8910,13213,1156,6577,14876,1283,478,15654,1007,5919,15525,236,9815,14821,-2409,1544,15480,-1511,-4957,14947,-1427,-1106,14687,-775,566,13539,1098,-2378,14145,3010,-972,13042,5665,354
12904,9841,2305,12340,9561,6684,13403,7918,2684,12208,5868,379,13950,3209,7269,12445,1946,8925,14996,775,1496,14343,2138,2234,15882,827,9091,14953,-371,7420,15799,-2245,-1272,14742,-1648,-2532,15142,-1208,-170,14474,-479,-2847,14115,1275,-1317,13623,3569,2540,13065,5064,-3140,12967,6433,-6786,13705,7345,-1917,12407,7735,2934,12056,8746,1910,12518,10111,2437,13665,9699,6446,12697,4826,3294,12166,4135,1165,14582,1279,7980,12637,2533,7095,15768,502,1141,15107,1629,5166,15570,-345,9534,14975,-1981,3204,15575,-1752,-5604,14865,-1452,-2189,14317,-584,1144,14052,1224,-1888,14204,2854,-1585,12566,5457,83,13718,6300,-4040,13600,6972,-5670,12516,6669,512,11375,8647,5482,13586,9622,1869,12396,9489,2392,13531,6311,6522,11987,5060,3372,14436,2287,3215,13233,1366,6877,14297,761,5751,15394,1459,3710,16217,662,5707,14664,-1378,6075,15365,-2393,-1649,15082,-954,-5582,15290,-1561,-246,13003,1132,1876,14486,1744,-2075,13040,4725,-3350,13140,6642,-1091,14291,6686,-3192,11947,7542,-4671,12445,7485,3762,11923,10279,7010,13753,9434,1041,12732,7443,2609
14775,815,2627,16161,1509,5058,15488,-349,8494,15159,-2414,2596,15602,-2338,-5647,14780,-1305,-2678,14398,-256,1854,14056,1050,-1209,13596,3302,-2596,12978,5369,-1025,13540,7006,-2615,13017,6830,-5423,12472,7286,-366,11421,9117,6531,13835,9745,2784,12085,9633,1206,13464,5699,6391,11948,4996,5243,14915,2137,2784,13045,983,5540,14665,486,6773,15747,1212,5254,16286,125,4578,14825,-1570,3904,15724,-2549,-1270,14664,-761,-5157,14880,-1121,-1178,13314,1496,2879,13842,2269,-1668,13121,5197,-5406,13016,6636,-1629,13510,6799,-1569,12598,7377,-3827,12134,8294,3243,12138,10156,7085,13338,9550,1636,13235,6738,1594,12051,4455,7942,14151,2708,6282,13600,1239,1368,14503,329,4710,15060,1883,8757,16906,188,5709,14756,-1421,928,15370,-2245,-291,15105,-1524,-1372,14914,-1161,-4011,13451,-88,121,13399,2747,2836,13881,4671,-4827,12705,6615,-5976,13640,6778,-177,12661,8090,-306,12240,8295,-559,11862,9428,4687,12581,10624,6489,14680,6854,1275,11004,4971,3189,14278,1934,9030,13204,2059,5082,15357,263,347,14798,1824,6670,16198,458,10389,15250,-2192,2273
13107,2859,3218,14059,3119,-2312,12250,6006,-7028,13086,7383,-998,14553,7868,170,11214,7780,-1854,12454,8752,3423,12489,11102,6920,14654,8988,2605,12022,5406,1404,13003,1517,8125,12866,2324,7724,15771,590,693,13943,1946,3976,16348,172,10752,14939,-668,5252,15385,-2815,-2708,15124,-1770,-1976,15086,-747,-492,14120,-265,-2809,13606,1647,-688,13458,4242,2034,13569,4964,-4601,12214,7343,-6757,14370,6825,-81,11001,8725,3321,13779,9062,1004,11465,8756,3059,12610,8161,6102,13599,6328,2536,13433,4146,3091,12764,1297,8487,14765,1067,5373,14685,2428,1861,16652,-47,6625,14196,-538,8404,15727,-3492,194,15102,-1538,-5379,15394,-1322,-1015,14095,-623,1233,13340,1343,-2654,14040,3697,-1042,13178,6084,-238,12874,6367,-4672,13218,8028,-5017,13278,7839,2442,11244,8798,5334,12392,9536,822,13678,9287,3635,12974,6945,6777,13390,3264,3270,13112,1274,3765,13795,1105,7332,15278,2032,5369,15990,304,4371,14712,-1074,5834,15435,-2034,3831,15331,-1531,-3957,15460,-1057,-4978,13721,-383,1383,13880,1243,1704,13737,3634,-3496,13410,4652,-3264,12129,7047,-1170
10670,8579,1333,13327,6943,6543,13018,6310,4100,14202,3870,2414,12742,983,8126,14219,656,5640,15509,1881,2205,16327,684,5928,14653,-783,7308,15092,-2779,346,15428,-1275,-5990,15106,-993,-1664,13832,-128,2059,13811,1493,-1628,13474,4344,-2589,13490,6305,-474,13058,7424,-3429,13034,6974,-5119,13015,8026,1854,11718,8952,7419,12955,8832,1263,12681,8271,1563,13575,5856,7651,13348,3840,4347,12851,1333,2885,14236,254,6681,14294,2200,6096,17401,547,5278,14100,-21,4222,15370,-2779,2814,14947,-1340,-2514,15755,-729,-5602,14004,-213,346,13462,1661,3211,14079,3355,-3440,13439,5658,-5042,12204,6468,-543,14250,6531,-2299,12032,7704,-2812,12445,7423,5397,11751,10138,5614,14302,8374,-157,12447,6527,3433,12554,3518,8518,13388,2182,5405,14629,2060,853,14487,1349,5237,15260,511,9345,15251,13,4331,15893,-1591,353,15078,-973,73,15357,-1813,-3257,14119,-617,-4021,13765,509,2576,13701,3105,2050,13516,4997,-5359,12754,6562,-4311,13641,7806,-22,13509,7869,-1826,11664,7975,1025,12150,8958,6667,13370,9669,4747,13728,7445,566,12385,4112,4127
16133,1011,5333,14559,-48,4214,15709,-1601,3392,14777,-1354,-98,15911,-1275,-6001,14003,-591,-1694,14060,1546,3430,14050,2818,-2183,13159,4073,-4401,12584,5999,-77,14179,8096,-2426,12800,7851,-3928,12465,7219,3498,11696,10143,5843,14186,7911,1918,11640,7072,2462,13491,3937,6629,13343,3703,6818,14086,1339,1848,13939,281,3843,14781,1710,8638,16398,112,5648,14907,-913,2168,14684,-1473,1321,15822,-738,-3001,14943,-45,-5022,14140,189,779,13183,2500,3518,14093,3944,-3476,12875,6352,-6001,13317,7202,-806,13499,6871,-1188,11532,7492,-805,13412,8126,5116,11996,9640,5821,13865,6336,396,11509,5607,2435,14068,2954,9284,12830,2440,5843,15146,1063,-14,14145,1985,5487,15784,866,9573,15109,-774,4075,15161,-1493,-1738,15589,-1177,-554,15059,-963,-1710,14245,-43,-3983,13842,1413,1220,13667,3826,2035,13489,4656,-5405,12390,6927,-4726,14168,7325,274,12417,8132,188,12704,7795,1039,10876,8415,5292,14118,9208,5747,13701,7116,839,12443,3586,3725,12432,1183,9612,14562,1550,4445,14841,2000,201,15589,2,8031,14392,-232,9288,16201,-2158,-36
13592,1508,3584,14072,2162,-704,12880,4718,-5237,12998,5277,-258,13633,8347,-1747,12926,7373,-5253,12510,6600,2899,11071,8914,7762,14742,8393,2432,12208,8364,1198,13285,3838,6447,12675,2930,6628,14462,1698,1720,14512,1497,3920,14777,1274,9645,15452,-87,5759,15655,-423,243,14979,-895,918,15590,-1249,-1237,14536,-1288,-4715,13927,-114,-411,13421,2847,2713,13567,3959,-2530,13067,6221,-5425,13832,7141,-743,13296,7801,-432,12348,7277,-1903,12188,8173,3130,12630,9646,7997,14271,7645,2195,11601,5304,1459,13711,2859,7942,13393,2523,6027,14510,352,607,14030,1378,5129,16041,1011,9581,15121,-342,4940,14643,-2337,-1389,15507,-160,-1624,15912,-507,-965,13551,-247,-3216,13514,740,-468,13775,4202,2893,14079,5438,-4452,12350,6753,-5148,13489,7372,75,13686,8476,112,11728,6110,997,11454,7790,4591,13428,9036,5700,13833,7570,2869,12483,3767,1868,12717,878,8282,14064,1709,5956,15297,2138,55,15336,512,7781,14357,397,9183,16189,-1451,110,15138,-568,-3929,15515,-1047,-1115,14433,-350,-595,14085,944,-2127,13510,2639,-438,13220,4582,795
11999,7448,999,12015,8307,6917,13640,9000,3695,12695,7522,611,12784,4291,6064,12949,3394,7756,14288,1652,2108,14168,1346,2236,14716,1467,8882,15643,115,7556,15353,-786,1256,14672,-1031,194,15826,-647,-1301,14819,-538,-4085,13837,-165,-1324,13803,2152,3273,13882,3786,-1257,13047,5631,-6728,12710,6671,-1232,14089,7584,-18,12882,7026,-1731,11606,7504,2876,11672,8771,6497,14385,8510,3044,12912,6533,1030,12892,2763,7155,12539,2675,7571,15553,1394,736,13971,2220,3338,15672,-100,10535,14497,-420,5943,15869,-1568,-1813,15205,-717,-1696,14939,-811,-808,14486,-497,-3040,13993,898,-547,13387,3411,2805,13827,4480,-3043,12715,6884,-6126,13801,7651,-858,13026,8278,1129,12246,7569,703,12167,7931,3265,12409,9104,6352,14150,6737,2947,12125,5171,1641,13636,764,8332,12810,1748,6097,15625,1990,444,15458,975,5956,14322,-8,9710,15557,-2192,2776,15390,-304,-4195,15701,-1101,-1714,14246,-825,191,13857,578,-2489,14321,2787,-516,13354,4950,1461,13354,5195,-4320,12436,7513,-5564,13993,6870,300,11938,8338,3355,12859,7542,1758,11700,8204,3138
14607,1918,3795,14183,2587,2079,15224,1206,7196,14419,-119,8387,15667,-784,2193,14826,-210,587,16103,-949,12,14425,-909,-4178,14436,-396,-2273,13989,2120,2697,13764,3376,-332,12945,5216,-5722,13105,6955,-2418,14221,7539,-214,12321,6646,-1353,11911,8444,1731,12697,9304,6900,13599,8258,4016,11910,5409,-614,13295,3335,6612,13159,3630,8675,14899,1172,1478,13313,1458,2568,15828,700,9187,15052,788,7054,15868,-1516,67,14722,-1425,-1802,15526,-1020,-577,14597,-57,-3479,14313,927,-1892,13305,2853,3513,14149,4314,-1930,12225,5894,-6729,13196,7292,-1424,13779,7949,556,11923,8477,894,13089,7453,2729,11172,8496,5858,14530,6982,3944,12815,6035,925,13245,1344,7159,11657,2511,7935,16744,1254,470,14297,2827,4166,15954,-943,10106,13903,-1382,4761,16035,-1663,-3708,15342,-315,-2838,14934,-490,427,13955,-33,-1743,14002,2153,-1344,13183,4090,1704,13858,5693,-3374,12159,7795,-6128,14700,6440,-443,11008,8457,3497,13785,8022,1519,11333,8351,2138,13262,7807,6798,13699,6335,3638,13173,3743,1623,12776,-284,7791,13533,2061,6123,16259,2557,2369
15423,-1349,-5,15182,-634,-2834,14414,-50,-3307,13972,1486,2334,13503,3618,748,13576,5046,-6126,12974,6620,-3090,13570,6603,144,12913,6841,-1300,11760,8499,1105,12904,9484,6558,12922,10031,5032,13921,5383,-92,11296,3617,5263,14117,1876,8982,13328,1146,2430,14451,1137,2034,15382,2068,8527,15880,909,8251,15361,-1814,77,14832,-1415,-2686,15502,-743,29,14912,-822,-2252,13547,635,-2053,13575,2565,2557,13715,5123,-1723,13466,6115,-6469,13259,6539,-2560,12718,6937,1466,12012,7739,1599,12466,9591,1420,12850,9822,6403,13805,7305,4386,11612,4115,624,13505,1867,6881,13201,2062,7976,15066,715,1158,14687,2853,3718,16442,623,9443,14695,-1049,5778,15380,-2137,-4083,15243,-1596,-2784,14790,-769,1099,14136,-146,-1883,13731,2212,-1954,13610,4428,1172,13549,6443,-3006,13559,7138,-6024,13093,6412,-1649,11174,7742,4599,13259,8685,2425,12354,10302,1713,13595,7636,6688,11950,5183,3440,13481,3326,1857,13918,1375,7559,13323,802,6182,15057,1740,2506,16461,1717,5584,14797,-490,8281,15381,-2651,1174,15194,-1543,-6182,15409,-1355,-1916,13872,503,1904
12771,6634,-4153,13171,6402,971,11777,7778,1936,12817,9834,1016,12874,10788,5337,13914,8873,5429,12157,4409,281,12858,2498,5413,13890,1351,9554,13840,110,2941,14434,2232,1362,16818,1995,8493,15120,-523,8402,14934,-2842,-2222,15256,-2362,-4473,14946,-1013,949,14157,53,-1023,14136,2186,-2399,13580,4299,979,13480,6105,-2169,13539,6185,-6527,12822,5973,-3341,11685,7041,4357,12765,9736,3806,12957,10759,895,13148,8720,5821,12642,5205,4366,12848,3013,1471,14056,1279,6931,12788,938,7252,14964,1435,2956,16208,3090,4324,15996,-323,8071,14375,-2269,3179,15746,-3259,-5250,14650,-1381,-3020,14444,204,2028,14360,1692,-1098,13399,3993,-2828,13544,4758,-791,12554,7042,-2706,14367,6749,-5718,12063,7196,167,11598,8366,7836,12603,9709,2092,13357,9807,642,12982,6475,6270,12867,4072,5096,13213,419,3197,13411,923,5821,14450,2419,6498,16586,2153,5291,14866,75,4481,15431,-2576,4618,15034,-2265,-721,15575,-2050,-6053,14223,-427,-2089,14181,2522,3162,14588,4159,-840,13324,4711,-4732,12344,5325,-2172,13689,6449,-2126,12502,6449,-3385,11390,8551,3837
13958,2264,2193,12413,529,5696,13315,558,8717,15429,3352,3555,16787,2284,3064,14863,-852,7396,14797,-2846,4736,15666,-1866,-4862,15135,-886,-4601,13946,216,1837,14292,1759,796,14292,4151,-3451,13284,4597,-2289,12122,5842,-1837,13876,5849,-4920,12514,7475,-860,11952,8443,6525,12264,9638,3420,13037,9085,389,13435,7045,4467,12509,3617,6945,13080,457,3895,13252,1424,4308,15194,3247,6076,15906,2777,5345,15477,-587,4873,14813,-2265,4145,15530,-1728,-210,15567,-2069,-4681,14217,-564,-2984,13862,1911,2829,14576,3110,403,12975,4737,-5779,12790,5553,-2428,13820,6943,-867,12696,6519,-3240,11266,8816,2218,12859,10170,7224,14250,10668,2986,12869,6467,-797,11779,3036,5804,13121,2640,8835,14461,1290,3650,13197,687,3602,15510,2502,6196,16228,1018,6473,15451,-577,2796,14935,-2790,804,15337,-1691,-496,14837,-363,-4328,14556,1502,-2916,13469,3437,3610,13952,3479,-1126,12782,6125,-6759,13510,6817,-2082,13501,6179,-206,11087,7290,-601,12893,9068,4011,12150,11147,7108,14201,7284,2261,11451,4775,112,13081,381,7739,12529,1911,9364,15465,2199,1444
15165,-2170,3507,15865,-1812,-3607,14528,-336,-5027,14412,627,1471,14205,2325,2344,13589,4066,-4159,13306,4990,-3237,12445,6976,-420,14341,5404,-4064,11281,7588,-1125,12552,8040,7788,12644,10612,4623,13640,8617,-785,12856,5325,3540,12354,2680,7836,13434,683,4912,13577,1562,3532,14842,2536,5994,15897,2448,6611,15629,-234,3360,15039,-1938,2434,15313,-1044,835,15379,-1580,-3657,14143,364,-3837,14264,2259,2401,14033,3710,691,13422,4099,-5621,12537,4792,-3439,12507,6018,569,13727,6788,-2665,11519,8590,1550,12441,9206,6771,13113,9380,2849,13326,7145,-68,12758,3850,5323,12239,1458,8714,13743,854,4051,14524,2362,1968,15719,2974,7495,15693,365,7717,15112,-1760,453,15398,-1815,-978,15802,-697,-121,14275,-1854,-2587,13676,1073,-2216,14563,3605,2126,13821,4639,-557,12878,5407,-6864,12347,7166,-2234,14511,6020,1785,11009,8916,-476,13368,9107,2575,12035,9797,6570,13959,7702,2905,12709,4709,949,13312,1549,6480,12244,1427,9195,14801,328,2954,14780,3395,1612,16342,1138,8937,14571,-444,6782,15801,-1960,-2294,15065,-1294,-2254,14531,-423,553
13244,4609,-4023,12260,5955,-105,14033,5382,-3053,12249,8014,-2588,12623,7889,5862,11196,10382,5790,14520,8551,155,12809,6264,2221,12231,2675,7876,13005,785,5315,13902,2032,3039,15059,2245,6123,15313,2847,6689,15857,45,3819,15148,-1879,2530,15096,-1106,632,15697,-1747,-2708,13907,-326,-3342,14035,1481,1381,14390,3881,1555,13460,4181,-5295,12756,4457,-4398,12429,6716,752,14349,7259,-2487,12140,7869,63,11726,8433,6841,13056,10227,3934,13744,7527,-82,12592,4141,4503,12395,916,8597,13276,981,4424,14692,2362,1479,15374,3548,6716,15895,996,8700,14850,-1324,1443,15188,-2409,-947,15355,-1176,362,14743,-1230,-2644,13899,975,-2593,14313,3454,2001,14141,4384,-381,12958,4495,-6501,12214,6286,-3227,14387,6578,1369,12263,7587,436,12217,8395,1455,12081,9876,5739,14369,9305,3975,13198,5039,50,12159,1369,5938,12313,1364,9549,14673,1578,3205,14628,3030,1028,15903,1481,8135,14896,260,7788,15510,-2159,-654,14772,-1759,-2652,15267,-672,323,14730,277,-2038,14142,2190,-2040,14022,3861,2113,13507,5076,-1660,13326,5776,-7159,13033,6632,-2231
14302,8996,-167,12205,8567,1722,13328,3686,7423,12650,1856,4075,12915,540,3312,14611,1141,6230,14568,3515,7034,17100,590,5023,14156,170,2180,15840,-1982,1666,15506,-1572,-2186,14713,-894,-5034,14502,442,1502,13756,3434,2783,14148,3889,-4284,12725,5163,-4590,12774,6394,-183,13803,5504,-2496,11313,8077,-863,12920,6851,5771,11090,10929,4550,15472,8344,1118,12452,6006,2138,12693,2118,8086,12860,955,5667,14294,1497,1519,14909,2213,6260,15869,1957,7961,15144,294,3371,15583,-2343,990,14730,-841,-422,15439,-1838,-2484,14166,253,-2794,14157,1570,1991,14029,4558,1477,13465,5307,-5386,13034,6484,-5532,13704,6889,371,12740,6475,-198,12082,6518,958,11053,8538,5681,14244,10431,5486,14137,8037,-517,12120,3699,3602,12354,332,9702,13894,870,4886,14542,1697,1047,15071,2286,6398,15546,949,8860,15351,-993,1769,14963,-1477,-2873,15619,-1018,-343,14939,-609,-1385,14047,1234,-2961,13864,3226,3018,13733,4860,-332,13621,5192,-7220,12186,6844,-3833,14304,6636,1638,11905,6874,1333,12150,7396,2259,11819,9454,5290,14407,9274,4535,13034,5466,310
14194,2723,6912,17026,1340,4705,14558,816,3645,15702,-1874,3702,15170,-868,-1523,15502,-647,-5245,14249,-431,-28,13812,2305,3341,14407,3389,-2500,13067,5296,-4672,13042,5872,-1134,13678,6464,-2320,12533,6850,-3083,12251,6311,3993,10785,9711,6754,15063,8255,1058,11899,7823,1381,13092,2820,7782,12601,2196,5875,14063,1477,1890,14546,1342,5016,14831,2438,8291,16152,259,4760,15008,-552,1696,15428,-1354,751,15478,-1598,-2167,14569,-903,-4055,14164,797,1086,14055,3599,2781,13884,4371,-4328,12962,5715,-5669,12711,7388,-149,13923,6496,-1101,11853,7615,-733,12505,6749,5206,11248,9955,5688,14973,7921,462,12228,6005,2610,13131,1721,9111,12775,1342,5601,14658,1350,824,14970,2310,5679,15701,642,9417,14901,-344,3502,15741,-1959,-1268,15217,-406,-849,15120,-1607,-1667,13972,536,-2981,14409,2746,1962,14293,4682,1448,13093,5142,-6116,12300,6076,-5126,14227,6723,357,12170,7157,1283,12848,7596,1591,11383,8636,4400,13234,8645,5240,13559,6617,507,12740,3750,4052,12568,942,10222,13698,733,3895,14885,2197,207,15863,1819,7703,14829,462,8843
14564,-639,-612,13862,1450,3925,14015,2723,-1855,13399,4949,-5190,13724,6231,-1740,12751,6780,-1290,12945,6112,-3960,12028,7882,2922,12450,9162,7081,13426,8730,983,12557,7726,1285,13456,4839,7160,12899,2443,6183,12951,-310,2207,13918,1341,4690,15561,3711,7820,16697,943,5174,13849,-1219,2579,15431,-2282,1454,15512,-593,-1900,15115,-901,-4048,13746,-9,511,13846,2962,3129,14710,4288,-3649,12592,5507,-6356,13063,5808,-710,13463,6639,-743,12231,7606,-1093,13096,8258,5108,11568,9968,5844,14258,7751,-230,11814,6221,2010,13771,2586,8841,12365,1854,6710,14727,1181,835,14602,1968,4666,15413,1530,9059,15303,-625,4813,15201,-1742,-565,15235,-1445,-646,15214,-1352,-1605,14167,235,-3380,14540,1583,1809,13755,4635,2081,13642,4684,-5804,12611,5953,-5844,13604,6832,32,13121,6745,1265,11219,8561,967,12968,9278,4579,12946,10958,5389,14390,5967,283,11253,2775,3111,12432,255,10087,14101,2184,5511,15423,2121,-42,14822,1269,6471,15150,286,9520,15602,-1513,1373,15043,-1123,-4052,15206,-1541,-24,14617,-718,36,14306,1657,-2582,14381,3447,944
[row took 89896us]
12183,5883,-3523,11698,7253,3116,11910,10222,7566,14003,10193,1859,13310,7196,100,11832,3566,6372,13303,2524,7192,14129,847,2891,13685,279,4071,14488,2573,8066,17436,1329,5691,14298,-312,1665,15623,-2734,687,14711,-1260,-946,15923,-833,-3659,13599,898,-321,13816,3136,3303,14161,4439,-3532,12927,6159,-6841,13508,5667,-1164,12377,5863,-173,12058,7101,-344,12449,9167,4032,12805,11149,6712,14350,8196,1014,11307,4598,1028,13000,2012,9021,13664,1693,7246,13885,191,1139,14315,1507,4287,16428,2428,9026,15965,-198,4677,14604,-1859,-2165,15444,-2141,-828,15096,-474,251,14777,145,-2973,13846,1915,615,13524,4500,1414,14021,6010,-5771,12942,6515,-6008,13183,5655,-40,11791,7292,2800,12849,8848,1371,12161,10563,4017,13357,9580,6045,12987,4994,881,11879,2898,3191,13859,874,9813,12847,748,5322,14987,982,634,15977,2814,6148,16132,812,9239,14921,-2065,717,15357,-2479,-5119,14702,-806,412,15268,-282,652,13900,1948,-2835,13968,3529,255,13522,6347,-1152,13739,6257,-6259,12777,6073,-4966,12349,6075,3025,11540,8675,5241,12983,9757,703
12133,1172,8585,14910,-98,1609,14541,2431,2866,16767,1672,9417,15061,-445,5802,15211,-2675,-1960,15222,-1997,-1706,14945,-618,-36,14620,-56,-2650,13741,2270,-559,13809,4475,1835,13584,5179,-4629,12264,5926,-7256,13964,6286,-885,11509,7344,3817,12690,9167,1167,12565,10685,2361,13666,8287,6903,11538,5478,1826,13992,3875,1744,13184,1624,9577,13301,1208,6414,15649,1549,260,15488,2154,5943,15917,99,9134,14551,-2791,1577,15287,-2077,-5737,15221,-1265,-875,14364,-619,2423,13851,1117,-2267,14178,3712,-1857,13187,6169,-157,13485,6173,-5238,12777,6673,-4681,12926,6890,1622,11503,8541,5537,13002,9684,1768,12964,10044,1917,13440,7764,6712,12844,3903,3277,13124,974,3747,13216,951,8789,15043,966,4646,15472,2605,2708,15760,-545,6855,14216,-1797,5564,15678,-2683,-2708,15515,-1269,-4946,14095,-785,731,14164,1011,1812,14321,4208,-3153,13910,5131,-3350,12157,5854,-1157,13566,5850,-4699,12452,7338,-2758,12476,8361,6031,12130,9573,4871,13160,9380,-178,13231,8103,3198,12819,4895,7188,13096,651,4716,12696,1085,3445,15243,1166,5881,14819,3143,6940
15138,-1406,-1205,14536,384,1647,13924,1415,-1141,14097,3660,-2280,13174,6022,-923,13533,5977,-3959,13058,6378,-5492,12632,6623,784,11438,8541,6370,13528,9383,1699,12162,9734,1035,13537,7013,7252,12542,3736,4235,13017,897,2617,13109,186,8481,15247,3351,4466,16873,2428,3404,14766,-410,5891,14914,-2419,4663,15146,-1978,-1073,15675,-1232,-4699,14204,-1011,-683,14124,1796,2622,14551,3502,-2745,12967,4617,-4431,12894,5883,-1106,14014,6669,-3124,12080,6728,-3292,12402,7732,5189,12611,10295,5527,13363,9280,-243,12893,7617,2448,12487,5115,7756,13735,1717,5276,12660,1017,3266,14358,48,5500,15154,3761,6142,17207,604,4898,13995,-1263,3257,14986,-2382,1999,16029,-1652,-3200,14237,-735,-3998,13773,116,1388,14124,3352,2416,14237,4615,-4741,13212,5667,-5580,12311,7240,-166,14329,5778,-1700,11657,8744,-768,13459,8701,6084,11385,10289,5211,14313,7980,-176,12283,5362,3503,13086,1751,9420,12445,1013,5025,14734,985,1166,14500,2873,5826,16596,1611,8817,14880,-222,3025,14983,-3149,-350,15318,-1473,-319,14939,-1105,-2118,14208,49,-2775,14034,2388,2079
13546,4729,-4430,11629,8087,1663,12729,9260,7369,12927,9680,1627,12472,8993,424,13841,5453,6748,13088,3553,5199,12265,-288,3332,13816,-226,6903,14781,2704,5972,16881,1900,4257,15097,364,4006,15214,-2200,4002,14844,-1540,-1630,15442,-1334,-4992,14184,439,-147,14207,2757,3052,14355,4081,-2554,12950,5424,-5625,13152,6027,-1510,13048,6493,-1517,12870,6317,-3164,11753,6332,5559,12059,10988,6590,14301,8290,-810,12050,7708,2312,13414,2562,8022,12290,1287,5771,14072,382,2254,14318,2190,4031,15632,2649,8991,15853,792,5136,15224,-1527,-20,14846,-1911,1086,15714,-1971,-2291,14302,-98,-3956,14458,1292,1930,13937,4444,1877,13888,3871,-4969,12292,5156,-4990,13518,7062,-582,13629,6933,-53,11916,7656,822,12100,8675,4021,12926,11434,4785,13880,6482,1529,11476,4087,2586,13481,1938,9976,13781,1819,5681,13635,406,284,14876,1643,5645,16160,1830,9227,15426,-220,3019,14982,-2353,-1850,15080,-1216,-1131,15201,-714,-959,14165,1010,-2462,14113,2314,1590,13690,5093,793,14164,5454,-7050,12043,6923,-5347,14253,5391,1261,10898,7104,2439,13853,8849,1672
12022,2880,6133,13323,548,3379,13676,1067,5098,14815,2648,6359,16352,1530,5354,14613,223,3137,15310,-2392,3115,15055,-1525,-824,15310,-1190,-4691,14375,-170,-316,13938,2276,3744,14393,3804,-2831,13125,5658,-6190,13102,5936,-1385,13634,6635,-952,12629,6253,-2632,11474,7148,4394,12235,10568,6633,14644,9749,765,12782,7249,968,12222,2486,7392,12432,964,7163,14223,642,2556,14205,1582,3910,15327,2468,8256,15820,880,5204,15267,-1329,290,14804,-1794,435,15542,-1599,-1127,14628,10,-3779,14037,1145,850,13895,4246,2481,14230,5038,-4785,12566,4613,-5549,12765,6353,-261,13729,7054,-1085,12352,7136,401,11755,8369,4943,12841,10583,5278,14059,8492,1288,12222,4394,1727,12376,464,8604,12874,1423,7196,14994,1272,886,14789,2535,4746,15752,1370,9420,15462,-71,2625,15167,-1711,-2076,15419,-1928,-31,14747,-1403,-512,14080,873,-2580,14837,2774,585,13333,5531,450,13996,5086,-5870,12695,6412,-5250,13328,5321,1349,11848,6893,2604,12814,8613,367,12336,10111,4224,13482,9574,5828,13219,4799,220,11836,2826,3887,13662,1145,9500,13242,876,4585
14635,-1653,3959,15183,-1957,-355,15182,-1257,-3916,14815,-20,-1887,14160,2306,3042,14482,3163,-927,12990,5054,-6670,13313,5409,-2015,13380,7010,-257,13021,5955,-2980,11222,6984,2855,12154,9248,6929,14341,10216,1596,13354,7961,118,11745,3280,6444,12720,1604,7702,13738,1291,2791,14373,1574,3579,14589,2711,8269,16374,296,5561,14894,-509,880,15335,-2131,512,15191,-1083,-369,15084,-1015,-3115,13982,1175,-200,14108,3457,2696,14235,4332,-3424,13031,5317,-6765,12533,6625,-584,14069,6545,161,11983,7380,-334,12505,7572,3353,11696,11179,6103,15091,8427,1583,11999,5615,755,12614,725,8271,12278,1624,8188,14858,819,1212,14778,2302,3565,15634,1428,9150,15361,181,4497,15059,-1481,-1394,15214,-1272,-685,15003,-892,183,14370,380,-2657,14478,2058,-187,13887,4554,1648,13873,4759,-5498,12392,5844,-5928,14068,6267,564,12546,7042,1841,11896,7539,931,11848,8471,2932,13595,10065,6035,13957,6997,1734,11990,2930,2034,12094,361,9095,13916,1883,6506,15209,2300,-159,15116,2209,5750,15123,715,9626,15553,-1625,1851,14907,-1627,-4171,15271,-1395,-294
13667,4750,-5570,12877,4619,-3194,12624,6544,-78,13703,5839,-3241,11900,8253,1362,13336,8737,6186,12310,9606,2293,13330,7449,353,12691,4639,5119,12410,2960,8273,13551,564,3711,13611,1475,2321,15095,2677,7235,16030,1562,6508,14852,232,2216,15318,-2294,2103,14862,-1006,10,15279,-1202,-4202,14299,704,-1073,14427,2349,3381,14112,3599,-1844,13209,4862,-6958,12837,5463,-1796,13784,6792,193,12606,6497,-1329,12044,8643,2798,12362,10025,6095,13869,9151,2258,12891,6458,207,12390,2031,6736,11792,1632,8183,14735,1359,3077,14488,3248,2208,15660,1578,8239,14974,-202,6534,15259,-1689,135,15067,-965,-190,15352,-1460,341,14606,-431,-3331,14207,1480,-760,14467,4124,2183,14321,4302,-3460,12272,5487,-6540,13327,6605,-916,13553,6696,1538,11348,7843,808,13003,9008,2386,12708,10328,6246,13685,6707,1496,11610,4115,866,12906,1858,9066,13409,2565,7845,14917,605,459,13990,2098,4033,16155,797,9375,15153,-402,4572,15187,-2530,-2917,14893,-1480,-1006,15203,-224,282,14708,1523,-2854,14670,2557,-382,13371,4489,1531,13737,4321,-5247,11687,5887,-5463
12865,10368,3736,14051,8758,-181,11954,4133,4038,11570,2897,7800,14646,1866,4965,13246,2549,2423,15186,1198,6467,14789,1722,6744,16110,-162,2420,14567,-1614,3021,15265,-1694,1001,15032,-844,-3257,14634,80,-2194,14355,2111,2082,14289,3317,-189,13432,4594,-6447,12772,5269,-3324,13760,6466,1154,13118,6738,-1810,11553,8424,425,12793,9336,6338,13117,10007,3307,13981,6247,-621,10994,3301,6424,13068,2401,8903,14206,1571,2892,13796,1540,1990,14727,2364,7298,16423,979,6962,14883,-1290,1182,14705,-2015,-422,15537,-889,1146,15392,-207,-2201,13907,824,-2119,14105,2561,2659,13964,4366,-2383,13396,5490,-7461,13126,6089,-1314,12807,6979,1188,12667,7245,139,12300,9140,1726,12700,9735,6011,13734,8287,3133,12130,4469,455,12413,2422,7770,13603,2401,8683,13647,860,1211,14552,1833,2409,16154,1297,8998,15247,-408,6374,14950,-2159,-1993,15515,-1402,-1751,15204,218,1208,15028,162,-2337,13853,1712,-1217,13687,3719,1508,13869,5137,-4619,12915,5935,-6092,13144,6012,-615,12476,7426,3189,12498,8446,1161,12244,9550,1178,12963,9432,6330,13372,5639,3067
14918,399,5869,15367,2110,7133,16674,-306,3561,14103,-1706,2001,15547,-1569,1003,15408,-229,-2275,15124,-309,-3308,13399,965,1815,13855,2843,559,13888,5032,-6529,12845,6061,-3750,13200,6575,970,13172,7060,-1443,11917,8645,276,12422,8619,5637,12561,9657,4633,13826,5900,-156,11409,4060,5541,13698,3187,9360,13685,1815,3385,14534,715,1239,14928,1745,6954,16393,159,8160,14641,-1636,1363,15152,-2139,-1690,15276,77,757,15737,-246,-1975,13721,710,-2563,13749,1773,2125,13970,4591,-1735,13418,5823,-6885,12904,6902,-2087,13095,7154,1489,12092,8305,907,12418,9111,1042,12450,9373,5906,13688,7796,4116,11986,4029,958,12664,2936,7499,14061,2195,8870,13958,490,1487,14557,1823,1561,16602,572,8850,14620,-926,6912,15243,-1768,-2563,15523,-972,-2512,15174,368,1542,14571,180,-2119,13871,1461,-2003,13604,3650,790,13448,5695,-3387,13367,6649,-5724,13053,6428,-1329,11519,8313,3810,13331,8797,1770,12072,9742,945,13147,7913,6554,12204,4922,4227,12561,3578,2349,14295,1662,7735,13008,1576,6448,15145,1183,1262,16129,1398,4248,15220,-165,8647
14299,605,-3032,13976,1315,1254,13636,3877,209,13557,4639,-6245,12209,6686,-4131,14200,7257,1496,11892,7990,765,13092,9546,481,12226,8269,4399,12800,7832,4644,12399,5287,1080,13512,4023,5783,12572,2942,9290,15074,600,2876,13686,2178,642,16701,-248,7922,14274,139,8324,15836,-3009,-295,14749,-1410,-3184,15462,-112,393,14977,-49,-1396,13523,1175,-2273,13985,2897,990,13510,5714,-1320,13166,6445,-5914,13260,7770,-2894,13192,8399,2471,12305,8190,2859,11826,8254,739,13082,8575,5203,13530,6666,5461,12440,4037,1451,13409,1139,6320,12577,2049,8705,16303,1361,1940,14893,1750,2390,15250,-992,8714,14583,-1315,5583,15723,-1004,-3894,15419,-499,-3389,14326,171,1371,14467,787,-920,13960,2843,-3059,13520,4107,-207,12996,5772,-2110,13248,7142,-5384,13312,6971,-1308,11742,8235,5296,13410,8022,2165,11683,8385,812,13064,7184,6241,13014,5457,5383,13066,2060,2868,13016,1786,6047,14619,2168,6390,15589,2507,2803,15503,-343,4574,14323,-1402,6874,15436,-1715,1183,15772,-789,-5150,14690,-309,-2130,14382,831,2444,14219,1527,-980,13394,3633,-4596
12011,7789,1950,12393,8323,1395,12161,9017,3886,13558,8826,5059,13273,4721,1225,12308,2505,4011,12749,1606,10224,14460,1377,5076,14668,2127,-219,16049,956,6984,14868,429,8480,15592,-2499,-558,14694,-1271,-3648,15029,-84,654,15050,616,-479,14129,1997,-2710,13952,3044,-140,13525,5656,-1735,13281,4929,-5575,11989,6351,-2723,13401,7067,2530,12454,8521,3782,12576,8411,88,12439,8754,3127,13293,7057,6384,13054,3647,2134,12446,1045,5282,13065,1841,8946,15726,2138,2086,15170,2493,2023,15533,-585,8099,14540,-871,5325,15798,-1733,-2924,15205,-693,-4137,14619,-20,1282,14541,741,820,13762,3028,-3409,13745,4140,-1063,13240,6300,-988,13210,6481,-5566,13090,6838,-2276,12129,8030,5528,12929,8832,4224,12514,9003,-118,12842,7399,4541,12947,4767,6169,13153,1803,2597,12524,969,5965,14408,1449,7542,15388,2733,2509,16050,753,3677,14136,-637,6739,15667,-1586,2907,15476,-548,-4145,14818,-476,-3490,14140,1146,2011,14489,1856,166,13741,4142,-4577,13570,4630,-2223,12553,6308,-999,13538,5280,-4258,12024,6969,-131,12482,8415,7263,12685,9424,2163
12884,1803,9776,13279,1458,6643,14163,1116,412,15565,2031,4054,15322,748,9163,15199,-1463,4221,15049,-1136,-2835,15799,376,-1135,15175,619,156,14319,1380,-3076,14178,1775,308,13325,4243,1215,14062,4710,-5972,12011,6941,-5189,14309,6025,1194,11136,7838,3317,13945,8603,931,12126,8619,2864,12472,6547,5187,12062,4224,1735,13427,3460,3866,13142,1651,9592,13690,1768,4674,15220,2866,-39,15800,1596,6236,14990,-157,8992,15260,-2395,250,15378,-907,-4272,15108,18,354,15096,325,-96,13982,1897,-2820,14062,2902,-221,13355,4770,-475,13133,5351,-5027,12591,7416,-3879,13558,7164,2553,11864,8513,3956,12164,7846,510,12612,8322,3933,13583,6710,5924,12716,3720,1613,12401,1623,4792,13979,2117,9204,14806,2146,3831,15623,1578,1084,15029,-649,7476,14912,-1068,6786,15596,-1237,-2994,15514,103,-4546,14661,680,1665,14456,900,460,14000,2783,-3228,13499,3801,-1120,13062,5435,-1323,12749,5851,-4693,13118,7629,-2938,13690,8116,4374,11672,7755,4718,12270,8168,-688,13429,7536,4254,13197,5295,7118,12704,2057,2112,12555,1213,5053,14644,2180,7612
15154,-743,548,15130,-839,1020,15679,99,-506,14936,406,-3565,14212,1020,-595,13770,3243,2202,14004,3470,-2988,12783,5592,-6195,13575,6330,-355,13438,7676,896,12221,7952,-964,12420,8099,2712,12151,8723,6929,14162,6224,1522,11168,3714,1606,12748,2858,8345,14169,2630,6545,13938,1630,1096,14623,1656,3649,15693,1607,8571,15572,-365,4996,14285,-2721,-720,15024,137,-423,16361,794,-563,14230,1270,-3095,14147,462,-713,13652,3558,2160,14075,4823,-4390,12533,5933,-5028,12941,7110,415,13921,8563,849,12022,6733,879,11266,7275,3617,13295,8195,5253,13280,6518,2741,12453,3286,1719,12440,1611,8497,14053,2362,7323,15217,2326,-401,15082,1386,5175,15035,-44,9967,15278,-1245,1584,15462,-647,-3081,15662,-114,-701,15026,868,-464,14409,1231,-2296,13709,2244,-438,13474,3569,575,13116,4581,-4431,12374,7473,-5168,14604,7152,1499,12037,7823,3675,12211,7048,-324,11769,7931,3585,13818,7864,6541,13039,4928,1489,12527,2690,3614,13137,2339,8982,14811,2436,4660,15262,2124,823,15194,-569,6329,14397,-422,8555,15844,-2039,-124,15007,480,-5240
14008,2258,-103,13587,3795,-5158,13200,5037,-2207,12675,7341,522,13874,6640,-3687,12247,7492,-253,12114,7394,6888,13067,8614,2576,13000,6958,410,12029,4067,6124,12782,3921,7558,14118,2593,2746,13794,1922,3282,14339,1748,6774,16091,82,6276,14575,2,2487,15504,-1711,2300,15064,323,17,15789,-165,-4038,14342,545,-1624,14113,1460,2809,14129,2464,-1227,12852,4649,-5899,13152,6324,-1166,14040,8267,340,13159,7533,-2898,11945,7263,1997,11917,8552,6661,14109,8067,2407,12442,5802,796,11788,2998,6924,13374,2994,8035,14347,1936,1864,14166,1663,2410,14783,1179,8191,15573,-289,6056,15235,-751,1183,15174,-246,625,15678,395,-870,15070,163,-3683,14118,737,-1034,13871,2821,2886,14210,3396,-2386,12620,5305,-6615,12979,7069,-865,14014,7626,895,12608,7428,-1189,12021,6601,2978,11663,8057,6171,14075,6993,1960,12227,4974,1393,12708,2513,7925,13195,3271,7696,14901,1680,679,14267,1451,2780,15354,330,9214,15073,15,5810,15700,-794,-1198,15376,19,-879,15309,213,-336,14655,101,-3309,14159,846,-249,13587,3045,2483,13576,3975,-3793
12511,7207,4134,12611,8445,4684,12571,7178,108,11780,6116,3893,12215,4906,6371,14320,4019,2684,13266,3415,4658,14087,1014,7865,14049,1739,3351,16346,993,2594,15053,232,6806,15139,-1736,5208,15116,-595,-3730,15636,291,-4480,14780,956,916,14341,1006,722,13883,2616,-3322,13234,4288,-2015,12367,6122,-174,14021,7227,-3762,12583,7920,-2955,12055,7807,5511,13165,8160,4535,12421,6383,-845,11910,5776,5405,13464,5730,7297,14583,3161,2420,12179,1503,5156,14628,1348,6049,15396,1999,4464,16128,-331,4194,13880,-1666,4781,15244,-611,1861,16224,708,-4561,15432,580,-3482,13538,458,2994,14140,1455,-19,13421,3517,-4887,13509,5424,-1796,12637,7789,-243,13616,6593,-3167,12172,7863,-741,12792,8355,6037,13424,8231,3386,11668,5852,252,12647,4701,5659,13294,4818,7936,14416,1441,2871,12503,1210,3314,15452,2092,6542,15713,1676,5781,15029,-817,3020,14640,-1787,3083,15618,518,-341,15753,836,-3663,14510,124,-2604,13622,708,3059,14180,2788,-949,13335,4605,-6168,13097,5686,-1429,13539,7592,190,13459,7461,-2656,11707,8359,1873,12737,8176,6877
12732,3604,3156,14166,2089,9212,13299,1279,4756,14950,1656,485,15925,1150,5912,14874,-103,8780,15393,-2142,564,15220,-195,-5123,15513,310,303,14717,463,781,14184,909,-2977,13514,2803,-1159,13217,5800,-457,14003,6360,-4326,12724,7123,-4454,12674,6734,2502,11900,8254,4935,12980,8357,141,12306,7709,3459,12662,5563,6684,12452,4303,2225,14384,3022,4557,13095,1463,8222,14230,890,3744,15647,1996,2225,16476,-78,6446,13851,-791,6410,15880,-2180,-2453,15027,819,-4495,15838,-265,991,13376,1021,836,14002,1997,-3324,13635,4174,-2032,13017,6937,-544,14009,6137,-4154,12305,7525,-3429,12471,7325,4485,12306,9084,5148,12835,8557,-42,12858,6146,4097,11840,4664,6683,14009,3290,3167,13643,2313,4889,13615,243,6929,14544,1605,4163,16866,1348,3285,14758,-378,5460,15251,-1439,3058,15140,-458,-3477,15771,281,-3416,13971,742,1638,14254,1112,659,13457,3675,-4679,13402,5220,-2916,13775,6731,-40,12745,6764,-3556,12736,7246,-1531,11685,7948,6370,13433,8959,4450,12634,7657,-184,12191,4293,4776,11895,4315,7614,15371,2320,3530,12535,1797,3436
14987,-1962,3621,15214,-1325,-5161,15246,276,-1032,15842,398,1348,13544,1279,-2616,14060,2147,-1134,13360,5193,20,13895,6134,-4243,12978,6654,-5358,12752,6268,626,11393,8311,5177,13299,8773,1104,11977,8979,2185,13407,6071,6606,11707,4619,2722,13984,2641,3371,13069,1577,8775,13894,539,5112,15497,2074,1188,16452,1081,5808,14549,-482,7642,15555,-2095,-729,15530,-176,-5271,15674,-63,689,13800,794,1235,14359,1454,-3208,13199,3754,-1923,13375,5720,-666,13208,6975,-4174,13108,7310,-4667,12132,7255,3854,11763,8883,6260,13388,8169,-399,11603,7870,2664,13479,4824,7809,12898,3845,3423,13354,1596,3896,13924,574,7515,14364,2776,4256,17085,842,3553,14882,-157,5718,15143,-1967,3944,15268,-968,-3110,15460,-65,-4890,14644,600,1111,14229,1627,2389,13926,3088,-4153,13074,4540,-4360,12362,6435,-213,14207,6659,-3364,12200,7814,-1826,11895,7806,6202,12116,10143,4488,14103,8793,-673,12464,4434,4077,11337,3245,7926,14091,2102,4068,13846,2542,3610,14476,1380,5017,15860,1159,6892,15514,481,4074,15324,-1938,2245,14723,-866,878,15742,-1162,-2862
13613,4573,602,13557,6088,-3310,12867,7747,-6266,13767,6912,-110,11272,8423,5336,13653,7696,2022,11329,7849,1613,12792,7179,6241,13451,5232,3810,12679,2490,2928,13126,892,7800,14021,1918,5968,15977,2265,916,15399,-92,5531,14509,-1053,8099,15525,-1864,603,15843,-86,-5494,15162,195,-1476,14686,675,1876,13720,1743,-1648,13780,3645,-3015,13266,5802,-313,13448,7132,-3196,12994,7119,-5510,12452,7358,2709,12180,9314,6911,13874,8640,741,11332,6712,1570,12128,4044,6223,13375,4383,5231,14198,2900,3488,13337,-43,6814,13689,1489,5088,16728,1173,3225,15460,391,5025,15004,-1830,4962,14999,-874,-1936,15883,567,-4894,15011,1064,-590,13569,1264,2583,13840,2329,-2742,13395,5065,-4324,13425,6902,-326,13669,6945,-2737,12165,7118,-3851,12226,6998,5316,11675,9655,6476,14102,7598,49,11588,5836,2480,12606,3389,7718,13430,3069,5090,13753,1641,3501,14454,906,5265,15849,3254,5695,16048,147,4953,14279,-1895,2015,14937,-983,1592,16357,199,-1738,15143,411,-4273,14004,673,717,13904,2356,1966,13321,3590,-4995,13136,5301,-4664,13112,7915,343
12210,7945,660,13042,7637,4968,13253,6200,4658,12946,3271,1710,12660,662,7408,13675,1781,8353,15464,1697,715,15097,992,3418,14713,-787,8623,15241,-1195,3813,15571,45,-4523,15404,-42,-3073,14371,753,1573,14535,471,-596,13628,3548,-2971,14264,4193,-396,12807,5853,-2486,12288,5713,-5657,13406,8237,-283,13181,8703,6426,12034,7842,2584,12157,7157,-162,12736,6908,6465,13713,4939,4968,12802,2303,1970,12565,749,7033,14699,2415,6357,15737,2342,2818,15275,-403,4873,14578,-1433,4996,15503,-979,678,16080,555,-4659,14821,-372,-1081,13612,401,2962,14359,1524,-2352,13770,4132,-4402,13184,5695,-528,13050,7429,-1338,13160,6845,-4301,12973,8822,1349,11947,8486,7218,12702,7806,1167,12352,7183,1465,13185,5265,7648,13580,4041,4494,12928,1735,2531,14006,356,6509,14306,2148,5856,16601,12,4729,14160,-35,3827,15724,-1916,3797,14879,-101,-1454,15877,28,-4770,14412,910,-228,13968,2172,2727,14045,2735,-2847,12876,4600,-5090,13118,6271,-725,13378,7947,-1321,13390,7807,-3160,12313,6150,4886,11597,9684,6629,14396,6608,-961,11120,7059,2611
15233,1189,2316,14723,2198,1097,15538,-392,9178,14545,-181,7113,15901,-1117,-2965,15567,38,-4116,14727,-269,1417,14321,-435,-391,13945,1771,-2159,13729,3843,894,13434,5433,-2387,13185,5852,-6315,12494,8093,-2173,14345,8268,3005,11527,6430,3588,11310,7463,1329,13642,8583,4357,13651,8289,5821,13193,2904,1323,11993,499,5791,13838,1315,8667,15581,2249,1206,15149,1364,4239,14585,-389,8464,15320,-868,3010,15780,-403,-4113,15337,-978,-3100,13784,0,1364,14661,516,185,13443,3740,-3060,14246,4426,-699,12761,6367,-2029,13109,6667,-6065,13378,7267,-1141,12459,7599,6177,12508,7489,3116,11990,8361,263,13647,8000,6105,13231,5141,4981,13285,2360,1853,12470,881,6848,14623,1334,6437,15067,2095,2469,15745,53,5131,13907,139,6158,15974,-1567,1373,15433,-150,-5456,14971,-845,-2290,13752,481,3179,14260,1374,-618,13600,4419,-3959,13809,5900,-820,13003,7571,-2648,13888,6987,-5027,12631,6989,1342,11521,7207,7862,12902,8712,2190,13276,8470,8,13243,6286,6755,12645,3536,5248,13263,989,2714,13717,473,6137,14599,1976,5805,15520,1072,5017
[row took 89091us]
15835,-444,197,15179,-685,-1203,13951,687,-2103,13930,2509,1329,14240,4517,-463,13143,5115,-6205,12073,6784,-4642,14544,7166,1682,12298,7091,2785,11566,7637,112,11497,8677,4764,14386,8820,5654,13160,5609,273,12450,1426,4812,12300,1380,9381,14893,1424,3040,15184,2666,1113,15390,498,8061,14763,-61,8127,15707,-1824,-1281,15399,-512,-5079,14918,-183,1065,14755,-166,454,13733,1622,-2196,13953,3571,701,13555,6023,-1811,13210,6506,-6852,13498,6941,-2898,12750,6759,3528,11972,7029,3513,12061,7929,632,13113,8404,4553,13454,7380,5112,13216,4103,1360,12696,997,5513,13339,1413,8978,14997,1585,2103,15388,2316,2340,15173,389,8969,14637,-1017,5472,15319,-1307,-4281,15584,-733,-4028,14576,553,1701,14399,295,-126,13614,2670,-1776,13843,4181,-982,13438,5918,-2299,12886,6149,-5655,13493,6502,-1976,12257,7957,5303,13050,8185,4209,11931,8778,-361,13606,7392,5182,12477,5940,5502,13918,2511,1600,12025,1371,6587,14353,1022,7500,14806,2526,2372,16111,708,4886,14310,-114,6530,15520,-1936,1803,15274,-631,-4830,15245,-906,-2612,13913,647,2786
12937,5735,-6396,13382,6924,-158,13270,7145,453,12275,7110,204,11788,7617,4607,12545,9303,5580,13943,7437,421,12110,4331,2250,12695,1323,9309,13169,1994,5978,14797,1638,230,14835,1778,5074,15390,491,10145,15357,-953,3225,15080,-1303,-3079,15823,-713,-666,14976,-441,-698,14159,725,-2681,14304,2304,1705,13859,4563,833,13768,4633,-6445,11778,6855,-5358,14704,6431,1118,12177,8262,2513,12787,7538,884,11063,8599,3948,13986,8609,5214,13203,5793,986,12354,2585,3891,12547,1142,10021,14461,1444,4452,14738,2484,-482,15501,798,6975,14741,363,9308,15766,-2063,89,15175,-486,-4673,15155,-197,372,15093,19,-33,13854,2061,-2425,14315,3090,1050,13220,5302,-1102,13377,4858,-6350,13295,7103,-4341,13197,7477,2924,12210,8094,4061,12575,7961,97,12024,8208,4267,13741,6775,5699,12565,4107,888,12651,1305,5539,13075,2015,9442,14884,1846,2324,15325,2528,1312,15321,371,8139,14848,-1023,6828,15123,-1558,-2956,15551,-972,-4377,14893,403,977,14518,767,582,14048,2285,-2700,13769,3880,-750,13464,5549,-1854,12815,6582,-5614,13419,6582,-2776
14244,6770,990,10873,5354,716,13961,2957,8209,13003,2295,7415,13108,476,1864,14478,2423,3422,15888,3383,7907,15929,-185,5351,14102,-2692,846,14808,-1663,-190,16149,78,-590,14945,686,-3597,14070,1232,-202,13628,3512,2997,14856,4190,-4727,12453,5409,-6426,13216,5701,-194,13215,7043,1091,11818,9386,372,13371,9169,4043,12018,9984,5100,14064,4893,342,10975,4373,2357,13875,1238,9770,12116,2696,7095,15682,1241,-30,14015,2744,3989,16148,522,9350,14840,-1148,3977,15409,-1976,-2839,15138,-863,-287,15281,262,-84,14522,1480,-3234,14603,1944,957,13360,4262,682,13577,4023,-6194,12051,6616,-5159,14591,6154,1128,11203,8365,3187,13321,9116,594,12173,9683,3435,13722,8574,5175,12877,3896,1322,11369,1555,3912,13258,722,9398,13721,3217,5181,15879,3110,-243,15576,801,6252,14590,-358,9402,15639,-2650,60,14885,-570,-4803,15446,-692,1109,14807,516,388,14278,2551,-2786,14317,3058,-370,12908,4994,-1433,13639,4947,-5676,13040,6407,-3742,12591,6689,3367,12184,8732,4037,12729,9823,-177,12889,8782,3665,13259,5986,5630,11682,3146,1704
14930,2205,7336,16832,842,6271,14718,-1192,1491,15136,-2260,52,14966,-570,200,15857,85,-2899,13748,1162,-1125,13942,2346,2752,13968,4013,-3483,13170,5369,-7440,13465,5602,-643,12547,7000,1201,12647,7935,-293,12258,9958,2599,12760,10095,6217,13875,7385,1547,11565,3873,1275,12454,1786,9022,13835,2129,7295,13729,1640,541,14679,2424,3419,16256,1789,9249,15465,-1187,5498,14793,-2394,-2584,15297,-1595,-677,15416,300,1003,14778,1065,-2674,13976,1461,-484,13268,3818,1331,14229,4375,-5726,12495,6204,-5703,13194,6042,442,12269,8010,3278,12684,9695,721,12659,9903,2325,12922,8970,6001,13167,4311,1812,11380,2805,3393,13809,1733,9180,13071,2238,5580,15246,1851,322,15918,2024,5440,15625,8,9749,15061,-3005,1402,14957,-1953,-5136,15213,-387,418,15315,786,1292,14030,1690,-2741,13696,2764,-1031,13573,4945,-1416,13263,5493,-5479,13016,6131,-4024,12776,6466,2472,11540,9375,4933,13465,9912,-425,12208,9998,2649,13710,5583,6538,11341,3487,2664,13784,2002,4726,13445,1840,7925,14406,1795,4007,15928,2211,2637,15787,544,6578,14934,-2099,6161
14098,2358,-1539,14027,3941,1883,14002,4077,-3445,12152,5079,-7358,13289,5839,-1249,12693,7498,3187,12432,9818,1461,13086,11110,999,13115,10192,5861,13138,5117,2837,11589,3128,1586,13017,606,8099,12697,2175,8635,15655,1762,605,15376,2911,3203,15101,273,9829,15627,-2980,3949,14094,-2045,-4891,16028,-1457,-1009,14681,1056,2068,14663,1041,-1673,14297,3478,-2099,13311,4562,34,13691,5024,-4790,12171,6726,-5105,14532,5699,951,10329,9346,4794,14083,9453,1465,12376,11057,1111,13869,7422,5938,11269,3450,3791,13065,536,2984,12513,1810,8971,15011,2006,5669,14812,3010,1458,16316,816,5947,14626,-734,7367,15320,-3318,-237,15151,-1278,-5270,15408,-417,484,14340,1400,2131,14253,2696,-2935,13992,4045,-3232,13160,4660,-1293,12840,5418,-4095,13041,6391,-3616,12615,7872,4147,12351,10481,5319,12757,9121,-514,12643,7974,2143,12569,4986,6774,13036,2132,4679,12558,1319,3757,14224,2034,6345,14811,3902,5854,16799,1110,3785,14265,-1468,4846,15346,-2968,3800,15377,-1842,-2877,15450,-1071,-3914,14184,717,1421,14492,2400,1976,14426,4126,-4182,13451,4581,-4807
13096,9099,2523,12052,10481,463,13743,9184,5225,12685,4945,4709,12377,1854,1666,12077,637,8030,14648,2109,8226,15356,4496,43,16174,1103,4674,13972,-924,8286,15326,-3366,2074,15263,-1181,-4082,15631,-953,-1101,14145,1035,1524,14932,2398,-1377,14196,3950,-3432,13158,3420,-1077,12889,5170,-3370,12964,6555,-4970,12962,6458,1840,11771,10010,6186,13981,9672,219,12001,9280,647,13802,5701,6603,11811,3893,4453,13271,1133,3529,12704,1394,7317,14705,2083,5707,15730,3334,2649,15708,636,4887,14692,-2106,6006,14933,-2698,-284,15673,-833,-5087,14929,-252,74,13971,1754,2860,14610,2782,-2553,13578,4457,-4470,13333,4943,-1369,12813,5968,-1882,12748,6208,-4038,12667,8117,3554,12569,10652,6771,13805,9730,-320,12634,7786,1351,12478,3463,7411,12628,1627,5367,12822,1560,3253,14497,1383,6430,13971,3307,6415,17238,976,4141,14425,-437,3011,15009,-2917,2840,15243,-1754,-1390,15413,104,-3985,14406,1471,1067,14369,2829,2254,14146,3521,-4503,13562,4502,-6157,12054,5447,-265,13986,5636,-571,12138,7287,-1897,12545,8762,5163,12433,11404,4546,14538,9019,-710
13071,1440,8923,15174,2006,2040,15798,2808,2844,15405,-2,8527,14879,-2102,4214,14932,-1915,-4060,15383,-1558,-2162,14488,753,2322,14701,2066,-717,14191,3834,-3084,13388,3933,-1274,13210,4733,-3348,12590,5069,-4807,12725,7000,-143,13758,7308,5789,11649,10456,2518,13579,9202,-1705,12257,7581,5403,13228,3435,6204,12437,1434,2413,12484,659,6467,15071,2857,6225,15050,3861,2813,16263,900,5162,14049,-887,5244,15602,-2657,1420,14995,-1341,-3939,15009,-944,-1995,13974,1750,3464,15173,2744,-1414,13562,3968,-5194,13068,3249,-980,12659,5939,-1914,13810,6235,-4340,13031,7630,2838,11396,9252,5950,13248,10461,-355,13966,9349,837,12309,3923,6579,11892,2059,5982,13491,1762,3739,13989,2156,5390,14129,2339,6045,15948,1788,3751,15113,277,4160,15297,-2311,5117,14316,-1917,-738,15589,-1117,-4703,14719,959,-137,14195,2688,2955,14617,3105,-2682,13261,4539,-5218,13291,5446,-1686,13547,5967,-1216,12672,6094,-2938,11954,8321,4351,12787,10170,5708,13517,9161,-741,13122,6237,1140,11933,3726,7654,13144,1659,6784,12957,1065,2792,14164,1553,4491,14657,4048,6836
14766,-1552,-3478,15032,179,1216,15459,869,-599,13928,2740,-2326,14317,3178,499,13408,5017,-1579,13347,4990,-6393,12660,5749,-2817,12980,7023,3318,12364,8450,3639,12570,9449,344,12952,9183,4002,13392,6484,5423,12493,2718,1163,12014,48,5913,13229,1934,9520,15251,2355,1898,15332,3232,1925,15461,104,8319,14660,-1197,5251,15455,-2019,-3443,15480,-1157,-3102,14792,1055,1706,15009,1702,-284,13946,3407,-2884,13876,3560,-1020,13017,4086,-1507,12566,5305,-5415,13233,6512,-2601,12829,8126,6040,12610,9014,2992,12612,9533,-772,13097,8015,5785,13010,4434,5388,12351,1192,1849,12330,1045,6737,14618,2318,7523,15092,3588,2209,16414,1036,3751,14148,-33,6362,15741,-2515,2952,15060,-1241,-4218,15041,-939,-2125,14424,1461,2463,14789,2699,-974,13510,3863,-4349,13345,4091,-1425,13449,6179,-1782,13321,5308,-4246,11922,6777,731,12203,9226,5865,13960,10496,1646,12588,8831,463,13055,4391,5881,11530,3783,5705,14379,1278,2963,12590,1457,5896,14281,1363,6481,15463,3095,3373,16802,1647,3436,13717,-2227,6123,14953,-3239,725,15266,104,-5114,16157,662,-663
13844,3638,-6273,11963,5875,-4406,14375,6110,1225,12317,7461,1516,12440,8358,820,12085,9065,3849,13495,9009,5246,13198,4777,629,11781,2278,3784,12241,1006,10000,14161,2101,4983,14931,3056,-260,15813,1522,6447,14596,640,8459,15888,-2117,529,14941,-1023,-3081,15249,-113,1066,15473,620,-457,14004,2450,-2754,14522,2227,632,13103,4567,-1031,13697,4585,-5968,12417,6830,-3526,13585,6271,2378,11939,8622,3151,12878,9023,274,12481,8822,4343,13184,6912,5316,12576,3317,1168,12144,1192,5076,13242,2076,9706,14953,1909,2982,14816,3245,492,15857,215,7725,14659,-286,7479,15454,-2378,-1833,15298,-997,-3640,14819,1006,1317,15276,1059,-485,13778,3149,-3196,13951,2970,267,13287,5045,-2312,12771,5540,-5070,13715,6022,-2252,11913,7948,3733,13099,8635,3544,11933,9261,-116,13206,7350,4780,12793,5064,5531,12708,2729,1651,12629,1368,6114,13745,2567,8626,15263,2549,1962,15618,1706,2529,14693,-200,7818,15407,-2033,4544,15175,-968,-3920,15568,-520,-2939,14653,1589,2032,14716,1864,-477,14153,2800,-3368,12998,3822,-1138,13468,5658,-1687,13212,6164,-4881
11369,9199,5004,13851,6220,1504,12221,4879,1504,12394,2914,8205,13284,2283,7431,14089,2088,583,14665,2413,3763,15667,1204,8738,14811,-512,4791,15543,-2176,454,14890,-676,43,15507,108,-1602,15350,1263,-3506,14293,1923,968,13684,2649,2054,13636,3422,-5221,12544,5820,-5450,14167,6503,291,12471,7372,1071,12211,8853,224,12844,9195,3976,12753,9103,5357,13575,4201,798,10661,3575,2949,13452,1762,8914,13306,3004,6600,15279,2169,22,15318,1749,4245,14415,514,9447,15946,-2081,3005,14466,-36,-2400,16204,-605,623,14735,1028,-979,14825,932,-2975,14392,2160,550,13292,3673,126,13560,4040,-5603,12285,6994,-4417,14461,6426,1123,10983,8394,2988,13688,8932,300,12229,8848,4113,12784,6583,5168,12042,3788,657,12786,2748,4784,13187,2940,9835,14395,1595,3995,14176,2388,179,16122,646,6581,14930,153,8810,15645,-2494,165,14934,-1037,-3960,15311,765,577,15550,1217,-632,14146,2234,-3025,13824,1883,1067,13164,4051,-1454,12541,4902,-6068,13422,7256,-3076,13162,8236,2809,12092,9121,3542,13142,8123,439,11708,7329,3868,13311,5272,5912
13967,1225,3505,14311,1594,7226,16171,125,4925,14900,-361,2706,15427,-1504,3022,14861,-449,-914,15772,20,-4122,14244,1291,-978,14260,2026,2730,13923,2871,-2403,13041,4736,-6370,13664,6201,-1061,12606,7578,-43,13292,7086,-2255,11720,8646,3333,12910,8963,6973,13093,7689,979,12582,4441,963,11896,3141,8222,13956,2962,6825,13588,1693,1530,14416,1066,3900,15105,2018,7953,16267,-201,5238,14499,-1031,370,15561,-1166,98,15256,647,-295,15472,358,-3564,13900,561,-105,13292,2520,2402,14155,4057,-4774,13062,6230,-5785,13571,6545,-236,13096,7593,461,12063,7897,200,12441,8275,3918,12239,9126,6481,14227,6009,941,10999,4191,1870,13533,2762,9133,13653,2494,6220,14196,963,312,14708,1605,4432,15935,1001,9578,15243,-1270,4058,14940,-1354,-2698,15567,-224,-576,15724,327,-383,14162,651,-3340,13783,898,1115,13509,3943,775,13950,5243,-6042,12781,6634,-5088,13251,6791,745,12152,7703,2671,12750,8480,778,12053,8880,3677,12943,8170,5919,12965,4559,976,11933,4027,3915,14312,1769,9594,12941,1467,4252,14974,1262,282,15979,1064,6649
15261,-154,-4339,14970,-421,-1679,13419,1292,3147,13730,2681,-1091,13522,5277,-6585,13176,6656,-2200,13399,6893,-512,12914,7129,-2418,11591,7981,2817,12465,9069,7292,13224,9252,2255,13242,5710,150,11659,3980,7326,14197,2797,7545,13457,1352,2049,14367,242,3096,14742,2146,8212,16895,148,6571,14656,-710,783,15341,-1775,-803,15164,-145,-517,15597,-442,-3261,13418,173,-625,13180,2418,3072,14097,4688,-3661,13370,6686,-6773,13469,6574,-1088,12677,7428,600,12152,7404,336,12110,8868,3458,12751,9948,6660,14304,7177,1589,11135,4576,1486,13818,2202,8695,13152,2184,7039,14724,-7,474,14221,1938,3783,16469,981,10085,15290,-1081,4831,14808,-1404,-3868,15717,-1050,-1422,15293,14,464,14149,49,-3027,13654,1254,615,13437,4608,1065,14139,5805,-5759,12760,7011,-5958,13384,6143,119,11565,7638,3593,12950,8560,1412,12155,9643,3111,13453,8401,6289,12343,4957,1527,12810,3656,3262,14120,1614,9275,13248,772,4695,14788,1497,852,16292,1310,6809,15071,137,8914,15533,-2401,-556,15120,-1308,-5582,15367,-731,340,14568,-256,1263,13900,1123,-2421
14249,7338,1231,12233,7887,317,12890,8766,2331,11404,9161,5562,14473,8173,2392,12154,6621,600,13539,2294,7850,11475,2396,8811,15785,274,1085,13903,2768,2034,16085,82,9828,14518,-776,6840,15578,-2093,-2131,15379,-674,-2816,15450,-639,172,14037,-782,-1709,13866,1009,-1087,13561,4317,2450,14425,5058,-3630,12271,6891,-7680,13675,7077,-1223,13222,8365,3676,12010,8115,2178,11647,8612,1887,13469,9845,6096,13694,6659,2465,12310,3668,1924,12957,291,8885,13285,1264,7605,14805,1965,-5,16144,1435,4473,14629,-187,10325,15133,-2538,3151,15301,-726,-5724,15715,-624,-2018,14335,-130,1431,13882,870,-1880,14259,3322,-738,13798,4870,124,13032,5430,-5431,12825,7649,-5844,13890,6884,1268,10873,8558,5884,13618,7782,1323,11326,9051,1718,13719,7507,6254,13257,4832,3429,12401,1830,3572,13353,834,7879,14646,2466,4687,16143,2123,2424,14972,-529,6710,14762,-1456,6278,15844,-1794,-1627,15676,-697,-5109,14770,-930,-383,13776,426,2261,14476,2935,-2459,13782,4087,-2827,12410,5667,-685,13599,6852,-4274,12882,7990,-4383,12250,8062,4849,12861,9623,6242
12924,1751,6327,12683,2188,9460,15599,1079,1733,14310,2034,1529,16092,15,10081,14509,-544,6059,15426,-2371,-2891,15030,-968,-2698,15037,-36,364,14411,273,-1659,13882,1830,-1552,13642,3862,858,13922,5813,-3411,12621,5440,-6083,13070,6742,-1111,13204,8349,3532,12552,8445,2696,12113,8606,679,13345,8371,5054,13263,5760,4872,12643,3095,1639,12929,1114,7645,13664,2899,6910,15703,1939,461,14940,870,5321,14727,-1039,8765,15437,-1855,2503,15437,-923,-5374,15134,-893,-2802,14365,395,1979,14318,832,-262,13622,3080,-2533,13592,4513,32,13402,6492,-3575,13111,7345,-6216,13293,8129,638,12281,8511,7076,12673,8903,2335,12533,8331,311,13409,7064,6253,12911,4070,4524,12865,1252,3259,12725,1246,7658,15170,1822,5370,15346,1922,2229,15281,-1049,5889,14275,-737,6050,15852,-1183,170,15470,-280,-5684,14426,-305,-1955,14381,1280,2645,14421,2694,-1446,13647,3822,-3859,12946,5184,-889,12807,6100,-2867,13206,7286,-4582,13911,7968,2918,10699,9021,7504,13601,7538,-29,12062,8124,1278,13817,4868,7512,12351,2964,4936,12807,1232,2999,14462,1633,6017
16028,-1921,-111,14527,-634,-3895,15441,261,-213,15198,770,-1517,13885,1730,-2418,13719,1957,2257,13036,4973,-1479,13469,6040,-7295,13155,7117,-3050,12864,6633,3182,12009,8524,3125,13161,8284,708,11585,7344,4790,13187,5296,4694,13008,5260,1375,13775,2084,6367,12218,2265,8613,15661,1806,1336,15471,2970,2432,15462,-579,9006,14363,-2189,5826,15599,-1394,-4160,15773,-107,-3394,14772,464,840,14280,215,-935,13624,2366,-2232,13468,3606,472,13118,5303,-2169,12995,6679,-5737,13409,7312,-1961,11904,8621,4824,13116,8049,3238,11780,8808,989,13785,7451,5530,12824,5421,4828,13266,2224,2172,12781,1913,7005,14625,2164,7104,15177,2062,1839,15660,-151,4669,14395,-783,7710,15709,-1790,1778,15594,-57,-5699,14973,-560,-2228,13795,813,2267,14366,1338,-780,13607,3674,-3158,13288,4208,-1271,12818,5943,-2416,12963,7585,-4958,13963,8113,169,11241,7727,7158,12850,8023,2228,13233,8393,54,13098,6700,6987,12902,3251,5332,12851,1557,2310,14088,1630,5962,14815,2992,5699,15888,986,4832,14328,-334,4371,15443,-1772,3792,15098,-677,54,15862,-641,-5372
13582,3627,575,13294,5178,-6016,13371,6677,-4732,13359,7085,1630,12185,7920,1938,12976,8564,79,12533,9005,5331,13395,7355,5667,12392,3990,650,12334,3269,4937,14048,2102,8612,13723,1375,3022,14410,1763,1355,16029,1357,7500,15042,192,8444,15040,-3370,-320,14895,-207,-4731,16190,95,364,14070,639,-119,13834,670,-3061,13641,2973,1727,13705,5462,-1640,13377,5333,-5804,12030,7445,-2769,14306,8391,2002,12119,7504,3542,11826,7892,1448,12989,7791,3819,12784,7783,6560,13703,3315,1100,12044,1704,4705,13788,1718,9212,15325,2407,1704,15311,2048,3590,15012,-919,8996,14759,-1192,3731,15825,-1557,-3217,15515,-820,-3936,14276,615,554,14916,789,666,13232,3228,-3017,13880,2645,-1043,12146,5434,-1111,13375,6589,-5886,13521,7634,-1563,11683,7595,5794,12973,8825,2105,12641,9041,802,13496,7111,5694,12324,4449,5200,13459,2607,2838,13289,2389,5195,14647,2564,6225,15276,2125,4577,15647,-255,4317,14340,-1468,6459,15403,-2094,1503,15233,-440,-5455,14969,-590,-2351,13836,937,2938,14165,1385,-403,13677,3424,-4141,13014,5030,-1696,13219,7342,-1524
12025,7882,3686,12999,8937,5740,14025,6088,1304,11791,3882,2695,12744,1487,9529,13861,2954,5450,15319,2221,-494,14675,1366,6255,14705,-331,10238,15536,-2003,1994,14815,-812,-3730,15765,-484,-768,14737,339,-710,14387,982,-2628,13998,2189,1313,13301,3911,662,13654,4447,-5821,12159,7298,-4658,14634,7299,1090,11976,8914,2736,13030,8458,1450,12017,8183,3561,13294,7349,5952,12812,4510,1772,12857,2804,3808,12934,1580,9308,14250,2274,3598,15398,2805,740,15502,-130,7964,14325,-1194,8060,15558,-2217,-1328,15313,-224,-4362,15315,-121,283,14428,327,281,14024,2181,-2477,13922,2987,158,13087,4557,-1276,13087,5594,-5493,13581,7191,-3602,12740,8180,3300,12612,8647,3991,12281,8785,416,12904,7217,4084,12636,5922,6136,13032,3657,1986,12839,2297,5030,13723,2126,7683,14768,2324,3153,16019,703,3541,14145,-649,7642,15677,-2153,4470,15082,-881,-3477,15602,-585,-4120,14224,978,1462,14601,986,732,13728,2661,-3281,13363,3565,-1516,12870,5857,-1293,13610,6684,-4675,12920,7624,-2198,12410,8905,5459,13120,9533,3439,12948,8116,183,12434,5913,5300
15031,1358,62,13415,1449,4313,15917,85,9569,15315,-698,4889,15115,-1908,-1789,15006,-944,-827,15433,575,-521,14820,1293,-3422,14281,994,-76,12870,3225,2487,14237,2980,-5107,11257,6173,-5397,14477,7289,726,12814,9333,1163,12702,9073,514,12964,7771,2575,11751,8009,5753,13945,4606,3291,12057,5310,2753,13863,1442,8773,12770,3146,5232,15759,2298,-420,15427,742,6623,14791,-1325,9732,14694,-2659,1666,15608,-542,-4260,15378,954,-965,15355,121,603,13351,402,-1968,13776,1042,-713,13167,3905,144,13633,5909,-5378,12643,7943,-3991,14294,7878,1784,11640,9499,3191,13792,8281,240,11256,7061,3054,12867,5720,6942,13184,5421,3008,13700,3605,3331,12397,1471,8038,14476,1998,3855,16200,2824,1781,15044,-804,7596,14020,-2825,7567,14939,-2041,-1550,16177,784,-4904,15135,1062,185,14179,80,946,13961,1491,-3055,13862,2970,-1231,13028,4910,-832,13152,6042,-4544,12693,8258,-3473,13631,8554,3929,12204,9904,4317,13359,7191,-39,11539,6279,3083,12220,4826,6790,14543,4481,3715,12914,3254,4177,14250,1770,6948,14596,2461,4344,16049,-212,3181
15910,1023,382,14974,410,-3000,13721,-96,-1171,13241,1846,1908,13840,3518,-4154,12507,5715,-5911,13573,7177,-65,13370,9474,1881,12908,8612,-125,11938,8599,1255,12524,7897,6278,13725,5778,3225,11153,4128,2663,13833,3150,8404,13623,3492,6222,14932,1742,-200,14938,1296,4100,15372,-810,10254,15037,-2892,4329,14716,-866,-4147,15841,284,-734,15493,587,973,13774,183,-2899,13693,525,-1078,13189,3351,265,13418,5093,-4526,13279,7182,-4510,13264,8371,589,12380,9455,3420,13135,8782,132,12256,8068,2137,13012,6732,6871,12454,4087,3383,12696,4447,3442,14673,2635,8237,13048,2635,5003,15776,1168,392,15527,-402,6339,14362,-2050,9158,15149,-2524,197,15499,130,-5043,15617,747,-5,14355,672,1085,14284,544,-3054,13405,2074,-2183,12851,4621,-608,13680,5996,-3509,12671,8376,-4040,13301,8753,2612,12170,9791,4384,13452,8053,-433,11749,7259,3125,13031,4402,7570,12004,4665,3798,14774,3458,3595,13165,2446,6640,14656,1838,4633,16190,129,3596,14784,-1906,5993,14521,-2110,4588,15835,-1082,-2363,15313,1262,-4135,15017,295,1274,13866,741,1126
13159,7494,-510,12782,9385,3038,13398,9814,635,12481,9010,470,12444,7561,6445,13178,4751,4126,11523,4136,2789,14509,2988,7906,12937,3274,6857,15648,1046,605,15293,1337,3449,15323,-1461,9802,14890,-3040,4020,14883,-617,-4967,16031,593,-1072,15000,966,2018,13907,-260,-2631,13264,1187,-2880,13597,3261,-138,12393,5497,-3314,13660,8151,-4829,13728,9496,807,11632,9943,5480,13350,8560,-90,12044,7535,991,12960,5336,7509,12413,4601,5337,13213,3689,2670,13822,2761,7051,14641,2546,5551,16090,1371,1930,14802,-1355,6123,14566,-2780,6947,15317,-1727,-136,15890,-86,-4984,14382,287,-612,14469,1121,1547,14496,1693,-2892,13081,2652,-4052,11987,4344,-812,13744,6219,-1984,12987,9879,-3733,13146,9042,3518,11628,10238,4876,14241,8745,-345,12912,4943,2766,9548,3476,8048,14914,3210,4699,13402,5533,3288,15507,1301,5469,14146,2396,5708,16101,-1070,4578,15056,-2622,3902,14046,-1942,2987,16181,-519,-2032,15186,1438,-4058,14503,86,1178,13815,1414,994,13433,2233,-4694,12860,4078,-4924,12307,7209,1121,14991,7537,-670,11693,9502,-2594,12886,8754,4050
[row took 90204us]
12631,3028,3218,13383,2766,6450,14436,2959,6367,15575,3158,1799,15944,-382,4339,13856,-2471,7743,15285,-2767,2439,15704,-70,-4796,15214,514,-1631,14581,1215,1894,13883,807,-1332,13429,2052,-4509,12917,3451,-1484,12851,6240,-1191,13444,7743,-4103,13144,9299,884,12412,10683,5948,13771,9085,587,12115,6827,945,11545,3453,6874,13247,4031,6333,14109,4571,3199,14047,2138,5650,13339,1994,5862,17091,221,3568,14172,-649,4638,15538,-3363,4942,14544,-1169,-230,16160,311,-4188,14879,1384,-1316,13992,1605,2240,13867,1364,-2562,12997,3543,-5862,12683,5635,-418,13963,6577,-55,12494,8529,-3765,12915,9472,2798,12114,10360,5957,14053,7561,859,11658,5028,1918,12381,2700,8382,12870,3304,6331,13966,2483,2363,15053,3716,4014,15816,2369,7489,15119,-1315,4975,14607,-3499,1190,14697,-1159,1536,16258,213,-167,14839,972,-3558,14067,1028,-99,14338,2410,1336,13420,2282,-4935,12550,3617,-5955,13077,6925,675,13524,7537,976,12002,10021,-287,13680,9566,2423,12006,9011,5143,14242,5079,1263,10633,3710,2632,13493,2818,10202,13501,4107,5863,15103,2502,-168
15114,-2534,4254,15449,-272,-3536,15211,247,-3028,14066,1464,1666,14691,1425,-733,13841,2948,-4708,13632,3174,-1723,12299,5444,-1051,13192,5011,-3424,12692,9537,-640,13812,9838,5952,12282,9554,1657,12795,6480,-980,12313,4869,6544,12865,3665,6864,13107,2718,2539,13477,2783,4465,14502,3884,7127,16378,2043,4538,14352,-1224,3453,14698,-3586,4029,14989,-1492,1422,16259,674,-4156,14772,603,-1340,13728,1559,2768,14556,1908,-2367,13729,3083,-5556,12433,4152,-1032,12874,7060,607,13700,7195,-2958,12091,10657,567,13647,10080,5751,13048,8644,1525,12545,5390,791,11997,3431,7596,13449,3276,7164,13550,3084,1971,14135,1917,4523,14551,2679,7005,16683,-262,5043,14022,-1373,2983,15173,-2737,2796,14955,-23,-430,15696,876,-3636,14276,1607,-1205,13960,2559,2131,14172,2198,-2720,12868,3499,-6608,12104,4965,-561,13369,7180,1152,13827,8787,-2243,12296,8412,3654,12695,10127,4821,13548,6585,-390,12021,4267,2620,12747,2273,8884,12458,3392,6464,15267,2959,1003,14105,4045,3648,16195,1361,9300,14136,-843,4646,15485,-3379,-654,14267,-1036,1579,16335,-23,-1093
13687,3097,-987,13022,4512,-1630,12900,4683,-4704,12737,8213,-2362,14587,8904,3629,11697,8470,4283,12519,8592,-441,13454,7536,4039,13070,5570,6830,12642,1588,2098,12040,1086,4810,14656,2638,7962,15019,3698,3102,16107,987,3598,13619,-822,6398,15564,-2217,3780,15159,-596,-2917,15444,-356,-3841,14057,1194,1913,14734,1589,672,13815,3236,-4719,13679,3166,-1895,12474,5287,-826,13689,5933,-4288,12717,8438,-1462,13006,8621,6340,12548,9361,3434,12932,8299,-554,13130,5766,5203,12037,3472,6393,13412,1433,2784,12980,2496,4821,14870,2757,7068,15217,2716,4239,15507,157,3194,14209,-1493,5504,15288,-1804,2391,15561,-312,-4237,15275,154,-2706,13856,1503,3068,14552,1990,-936,13591,3526,-5096,13448,4511,-1792,12359,6831,-537,14139,6745,-3876,12277,8461,429,12371,8235,7740,12895,9307,2392,12975,7124,-473,12768,4055,6060,12156,2888,6431,13629,1843,2787,14030,2602,4771,14649,2829,6797,15735,905,5352,14481,-331,3056,15678,-2709,3339,14707,-451,343,15829,-49,-4857,14584,1739,-1913,14239,2305,3073,14162,2660,-1489,12725,3739,-5779,13127,3904,-582
12018,8391,-467,12307,8765,2959,14120,8485,6353,13205,4459,1145,12203,1391,3758,12632,2407,9017,15186,2923,4527,14918,3301,697,15410,240,6501,14238,-196,8839,15719,-2487,606,14743,-700,-5242,14966,-93,318,15021,685,874,13946,2065,-2788,13961,2493,-419,13093,4624,-1006,13279,5250,-5391,13296,7116,-3402,13490,7147,2984,11953,8300,3907,13117,8603,253,12936,8620,3660,13576,6765,5694,12581,3425,1932,12557,1268,4403,13436,2456,8997,14884,2334,3775,15004,2542,1273,15064,-213,7641,14623,-1364,7063,15307,-1961,-2635,15077,-324,-4810,15110,888,1178,14626,1299,347,13647,2374,-2398,13476,2807,-1404,13364,4865,-1169,13139,5734,-4915,13738,7265,-2883,12596,8525,4302,12994,9062,4766,12455,8936,-268,13069,6998,4074,12255,4722,6442,13627,2475,2202,12077,1816,4720,14308,1729,7833,14454,3077,3553,16437,1151,3352,14142,-583,6442,15241,-1946,3868,15485,-1091,-3375,15120,-6,-3708,14264,1266,1879,14826,1524,775,13561,3247,-4533,13719,3760,-1767,12532,6227,-448,14258,6220,-4585,12271,7639,-1853,12388,8214,6602,12839,9572,3879,13480,8125,-58
12645,2942,6880,15365,2158,520,14381,2553,4203,15476,382,9547,14764,-445,5004,15630,-1600,-1644,15071,-517,-805,15210,-323,-150,14281,685,-2769,14343,1568,-124,13704,3386,1832,13726,3301,-4990,12032,5426,-6034,13882,6793,729,13108,8515,1887,12867,8344,186,12062,8164,2806,12762,8870,5800,14268,5536,1913,11908,3735,2519,12746,1166,8752,13737,2840,5884,15336,2564,-329,14995,1981,5099,14872,356,10248,15153,-1843,3153,14893,-1138,-3671,15304,-683,-785,14841,-63,35,13965,1032,-2812,14294,2446,78,13554,4285,558,13438,4163,-5636,12103,6530,-4660,14531,7338,1199,12114,8745,3909,13634,7824,570,11270,8295,2704,13649,7286,6182,13189,5183,1531,12984,2952,3086,12698,1860,9559,14352,2065,4517,14916,2851,138,15579,505,7338,14087,-647,9027,15541,-2495,156,15138,-922,-5019,14871,-18,-733,15083,677,573,14109,2163,-2154,13694,2962,-453,13385,4346,-633,13013,5271,-5283,13238,7168,-4140,13452,7137,3049,11448,8997,4872,13807,10004,-145,13703,7771,3529,10993,4643,6070,14085,3681,1683,12709,3549,4803,13503,691,8506,14022,1941,3842
14739,-2264,1837,15730,-257,-918,15255,401,-3372,14236,1115,-1468,14035,2091,3064,14212,3647,-2063,13161,4185,-6953,12519,5222,-1476,13469,6827,703,12858,7796,-1226,12598,8727,2755,11956,9102,5822,14322,7917,1950,12053,5270,797,12933,1805,7329,12301,2267,8430,14976,2191,1011,14319,3066,2924,15115,1700,8896,15321,-476,5944,15134,-1316,343,15468,-1681,-831,14876,-48,-787,15264,95,-2841,14144,1980,-394,13838,3033,2670,14038,3168,-4241,11913,4793,-6757,13500,5868,-687,13376,7524,1885,11515,8187,601,13276,9129,2671,12219,10424,5844,15003,6428,1790,11424,3611,1463,12233,324,8337,13409,3095,7457,16109,2600,347,14245,2289,3679,15104,-60,10009,15258,-1205,4665,15316,-1150,-3181,15506,-1349,-1063,14445,-172,377,14619,1167,-2592,14638,2203,-378,13079,3949,975,13661,4185,-5296,12983,6051,-5659,12993,6196,824,12021,7611,3433,13080,9016,655,12803,9729,2895,13090,8856,6065,13503,4049,1425,11578,2965,2976,14217,1515,8932,13006,2003,5176,14918,1798,1201,15953,1757,5718,15046,665,8978,15363,-2585,1223,14846,-1155,-5401,15229,-530,322
13556,4682,-6397,13013,5617,-3151,13679,6404,336,12770,6973,-2213,12105,8329,1291,12149,9661,6830,13430,9503,3759,13607,6158,-459,11404,3120,5664,13254,2844,8177,14321,2026,2584,14174,1384,2522,14496,2312,8427,16416,913,7093,14925,-1199,1325,15052,-2250,-604,15026,-841,-61,15525,-490,-2798,13903,656,-1518,13724,2148,2690,14051,4013,-2457,13339,5385,-7249,12872,6090,-1639,12817,7369,1098,12570,7800,242,12256,9087,2334,12751,9891,6504,13998,8168,2804,11938,4369,321,12628,2548,7694,13899,2363,8035,14063,911,1087,14462,1900,3299,16100,944,9691,15127,-1023,6275,15210,-2030,-2569,15314,-1441,-2076,15341,-13,610,14532,406,-2548,13917,1519,-987,13294,3749,1576,13665,5031,-4501,12888,6075,-6181,13086,6130,-680,11880,7893,3337,13151,8994,1370,12446,10003,1978,13257,9007,6550,13197,4845,2594,11776,3436,2020,14527,1218,8508,12716,2062,6025,15222,1206,1351,15706,1683,5595,15383,46,9037,15247,-2250,1830,15118,-1574,-5504,15073,-599,-641,14793,445,1785,14114,1053,-2320,13272,2470,-1769,13189,4688,-878,13634,5818,-4436,13021,6784,-4857
13592,8957,3851,12878,5625,318,12957,2041,5870,11634,1857,8637,15500,1259,3483,14460,3344,456,16425,98,8407,13879,160,8893,16071,-2623,-744,14484,-508,-3399,15660,-1422,526,14402,-516,-1966,13923,1128,-2000,13994,3524,1833,13349,4749,-2497,12823,6387,-6826,13722,7242,-1557,12828,8058,1980,12063,7369,2393,12213,9465,2566,13490,10098,5007,13664,7028,4338,11841,3699,1100,13514,1307,6624,13420,2654,8968,15530,417,1142,14518,1891,3726,15673,-175,10065,15128,-1723,4113,15159,-2135,-4572,15359,-1298,-3136,14568,338,959,14320,568,-1195,13667,2925,-2328,13514,4462,280,13197,5433,-3244,12442,7233,-6423,13830,7073,-187,11371,9610,5863,14030,8437,2068,11040,8662,979,14041,7151,6161,12860,5851,4352,13480,1852,2579,12473,1553,7049,15188,1185,6128,15029,2145,3174,15856,-683,5508,14546,-1158,6584,15580,-2082,185,15522,-337,-6202,14936,-936,-1290,13547,495,2701,13988,1713,-1750,13585,4552,-3867,13041,5721,-964,13350,6940,-2737,13120,7862,-4691,12842,7907,2816,11713,8689,6974,13237,9006,1426,13493,8551,1171,12210,4914,7229,13482,2237,5331
15287,-777,9204,14530,-1106,5665,15912,-1635,-3046,15304,-818,-3257,14351,-690,575,14252,138,-758,13998,2500,-2613,13243,3254,-272,13270,5376,-2344,13402,7546,-6200,13082,7000,-1896,12046,7999,5555,13776,8993,3365,11344,8738,263,13466,7738,5780,12770,6340,5080,14020,3605,1546,12813,1072,6772,13927,1134,6872,15069,2002,2393,16362,1143,5082,14283,-531,7371,15133,-2504,2880,15382,-1254,-5737,14926,-1007,-3313,14007,42,2420,13989,1020,-314,13587,3897,-3597,13557,5437,-1148,13035,7070,-2351,13427,6906,-5240,12836,8139,45,12056,8315,7805,12631,9210,3169,13367,8797,-219,13383,6433,6329,12681,3693,5727,13337,1166,2282,13664,1162,5867,14264,1596,6790,16005,1028,5345,15035,231,3882,15288,-1754,3554,14880,-1491,-563,15489,-731,-5173,14318,-251,-1587,13702,1342,3619,13935,2889,-1989,13681,5132,-6054,12752,5852,-1261,13263,7114,-1165,13104,7147,-3533,12494,7642,3717,11838,9496,7098,14087,8971,672,12751,7299,1324,12374,3306,7529,13339,2237,6414,13805,2181,1582,14920,1161,3636,14131,1804,9004,16141,-208,5816,15047,-597,1002,15152,-1513,758
13717,2970,-2532,13304,4712,-1427,13514,6326,-2112,13121,5960,-5374,12119,8046,-2059,14643,5854,5217,10289,9186,5133,14024,8404,-567,12437,8782,4194,14327,5476,6924,12966,2547,1960,12538,900,4321,15233,1356,7152,14490,2417,4821,15910,302,5246,14198,-657,4876,15623,-1135,1535,15324,-1437,-4213,14624,-1369,-4330,13605,485,2791,14920,1281,726,12548,4296,-4892,13668,3616,-1484,12216,7876,-1092,14780,7197,-5322,12705,7772,678,11195,7834,7178,13512,9938,2269,13993,9389,824,12724,5409,6221,12311,3709,6513,14546,2275,3081,13838,647,3269,13467,1124,7101,15907,272,7094,14804,1062,3213,15872,-1600,3198,14508,-1021,-620,15476,-1050,-5766,14370,-623,-1508,13378,1168,4096,13837,2708,-1067,13567,5395,-5969,12911,6834,-2462,14189,7222,-887,12889,6855,-2788,11898,7875,3540,12969,9299,7168,13071,8788,1461,13476,6456,430,12530,4828,7314,13512,2212,7398,13519,1199,1331,14445,861,3169,14711,1822,9150,15523,510,6581,15259,-965,907,14858,-1331,-134,15341,-900,-1275,14885,-1339,-4459,13400,36,-331,13677,2544,3344,14156,4404,-3114,12858,6115,-6843
11140,7531,6050,12646,8187,283,13369,9028,4209,13877,6953,7004,13382,2748,2041,12285,750,3766,15059,583,6846,14578,2096,5322,16120,-118,5514,13813,-497,4717,15606,-1150,2038,15497,-1192,-4010,14759,-1441,-5005,13591,-136,1950,14149,1118,1724,13383,4516,-4564,13305,4897,-1629,12845,6884,-617,13848,7551,-5889,12858,7529,-1210,11835,6336,7630,12338,9054,4265,13894,9108,29,13357,7881,5360,12955,4085,6915,13496,1111,2553,14060,1019,2946,14466,1393,7840,15537,237,8138,14494,62,2448,15707,-1133,1177,15122,-431,547,15486,-1646,-4733,13516,-1196,-2593,13730,793,3832,13616,3497,-660,13484,4829,-5882,12820,6447,-2150,13854,7851,-265,13678,7269,-3020,12002,7226,1284,11986,8978,7137,14006,9710,3956,13634,7436,462,12425,4611,6417,13576,3016,7166,13840,610,1278,14143,-93,2850,14156,1413,9537,16783,971,7462,14034,-878,975,14972,-1714,-807,15155,-211,-1287,15194,-1132,-3310,13374,-1014,-941,13250,2360,3239,14416,4640,-1966,13191,6615,-7335,12821,6464,-1144,14107,8737,507,13562,6938,-1411,10533,6638,4594,12370,9299,6205,14765,9630,2309
14651,60,6417,14063,2026,6362,16517,262,5503,14064,-495,4155,15512,-1068,1899,15518,-1240,-3528,14851,-1577,-5040,13409,-965,2046,14143,1054,2322,13454,4241,-4359,13661,5415,-3473,12271,7835,-109,14785,7031,-4375,12341,7546,-1779,11821,6722,6710,12217,10019,5130,14744,9124,108,12880,7505,4528,12883,3890,7690,13486,979,3232,13890,768,1786,14612,1103,6735,15536,718,9207,14574,455,3172,15516,-1514,1149,15024,-764,143,15383,-1765,-4327,13775,-1248,-2821,13504,639,3140,14096,3820,809,13852,5321,-6413,12534,6435,-3728,13627,7350,319,13560,7029,-2424,12031,6910,1545,11669,7750,6769,13907,10076,3669,14079,8450,374,12501,5026,5355,12994,1777,8393,13881,1054,2200,14441,1215,1424,14900,1344,9536,15055,428,8375,15542,-998,165,14643,-954,-1389,15772,-1291,-710,14200,-1741,-3249,13470,-604,-1525,13659,2927,3178,14299,4587,-1279,12909,6028,-7181,12540,7122,-2476,14574,8122,1040,13040,6946,331,11483,7682,2890,12052,9622,6055,14955,9523,3408,12962,6844,713,13173,1569,6822,12107,860,8194,15238,511,604,14652,2020,3354,15052,455,10793
14686,-1603,-5423,13476,-413,1686,14288,1728,2885,13691,4517,-4447,13246,5121,-4881,12390,7109,-256,14575,6497,-3132,12252,7231,-1163,12145,7907,6673,12532,10684,5201,14828,9266,-41,12242,5711,3267,12299,3026,7387,14186,1544,5109,14123,1306,1481,14671,840,6238,14330,1210,9034,15989,-68,3448,14677,-539,11,15739,-1605,663,14407,-1937,-2852,14311,-1483,-3526,13826,1187,1995,13760,4157,883,13792,5055,-6003,12641,6553,-4161,14066,7310,523,13053,6551,-1078,11240,8350,1514,13409,9081,6793,13157,10319,4124,13314,6534,-920,12912,4377,5070,13216,2161,9401,14037,70,2972,13360,563,1566,15654,1643,8400,15256,1795,8183,15779,-1183,592,14424,-1642,-2242,15506,-2017,280,14249,-1105,-2718,13957,402,-2661,13861,3265,2782,14125,5063,-1063,12373,5219,-7386,12677,6634,-2629,14405,7575,1309,12046,8426,1944,13175,7380,2244,10792,9651,4541,15430,8436,4917,12760,7117,1093,13588,856,5051,11250,707,9490,16117,801,1215,14933,3064,2685,15557,487,10355,14295,-1214,5892,15460,-1624,-3297,15670,-1349,-3606,14479,-908,588,13601,-1495,-678,13604,1839,-2093
12908,6794,-1518,11940,6594,-713,12393,8804,6371,13362,11093,6135,14715,7839,-408,11078,5753,2658,14213,2307,8848,13335,1466,4887,13961,-340,1028,14033,1305,6474,16370,1884,9349,15392,-317,3165,14535,-1463,-2220,15460,-1747,-257,15000,-1707,-1395,13504,-757,-3275,13958,1034,1951,13496,5304,719,13913,5796,-6707,12756,7254,-4440,13858,6975,475,12877,6594,1102,11820,8340,1557,12934,9955,5639,13826,10381,5505,13204,6034,240,12456,3508,4446,13806,1064,9249,13553,-256,2864,14195,1101,1144,16065,1689,9340,15128,857,8668,15339,-2092,-1466,15023,-1918,-4487,15000,-1402,509,14320,-1360,-1165,13549,1116,-2282,13641,3911,1629,13669,6273,-2264,13339,6641,-6819,13631,6487,-3387,12542,6681,3202,11783,8186,3597,12795,9991,944,13178,10183,5842,13545,6980,4878,12400,4287,767,14210,1090,6566,12568,715,7295,14920,-88,2468,15046,2138,4744,16090,188,8457,14799,-1340,3810,15522,-2367,-5156,15012,-1736,-3453,14002,-958,2055,14141,234,-480,13579,3342,-2629,13462,5480,-853,13362,7557,-2865,14102,7247,-5940,12853,6847,-1201,11045,7743,6825,13369,9667,3362
13926,806,9461,13549,-226,3778,14373,1251,1070,16570,1736,8682,14895,774,8425,15504,-2521,-1213,14974,-2234,-5217,14881,-1956,396,14016,-1257,10,13674,1316,-2654,13669,3986,247,13199,6843,-1557,13622,6936,-6000,13455,6944,-4485,12522,6404,3457,11525,8597,4826,13250,10252,797,13052,10186,4821,13356,7347,5546,13251,3813,1754,13860,1229,5453,12922,-169,7286,14560,350,3732,16267,2283,4698,15582,128,7208,14779,-1295,3707,15587,-3188,-5068,14344,-1893,-3998,13948,-1521,1864,14119,948,624,13556,4270,-3200,13684,6074,-2499,12987,7649,-2189,13831,6045,-5155,12189,6457,-1430,11337,8079,7279,13570,10550,4125,13031,10388,16,13703,7094,5033,12398,4875,6763,14636,1172,3109,12374,-24,3822,14737,171,6550,15442,1858,7106,16461,1008,4013,14914,-1673,2852,15243,-2524,-536,14830,-2439,-4444,14141,-1836,-2757,13342,1430,2717,14140,2909,502,13081,6238,-6158,13151,6769,-3211,14203,8155,-789,12467,6649,-2776,11731,7085,3188,11637,9759,6723,14512,10327,2420,13790,9314,836,12812,4376,6700,13064,1291,7925,13679,-334,2363,14522,628,2326,15188,2304,9573
14284,-2399,-4576,13433,-630,2127,14243,2588,1989,13972,5491,-4491,13287,6077,-3615,12609,7581,-1292,14369,6461,-3572,12042,7217,-424,11707,7102,7439,12129,11384,4319,15572,10153,-217,12473,6740,4242,13209,1709,8242,13022,429,3965,14381,370,2320,14613,1746,6922,15663,938,8535,15177,419,2948,15349,-1862,543,15144,-1817,-1503,14942,-2427,-3459,13490,-678,-2413,13737,1829,3133,14186,4575,229,13331,5898,-7183,12712,6454,-4022,14283,6748,28,12162,6920,-334,12926,8174,2349,11307,9458,6452,13930,10247,3719,13917,8245,115,12705,2776,6327,12356,-87,9162,14279,38,1671,15012,2811,1765,15793,1467,9692,14802,-102,7507,15507,-2107,-1020,15077,-2070,-2865,14780,-1849,-12,14397,-1590,-3110,13314,1402,-1117,13944,4071,2348,13976,5786,-3079,12716,6744,-7396,14048,7078,-2162,12246,6564,2769,11681,8798,2190,13468,10072,2511,12535,9906,6154,13089,7010,2482,13850,5113,1377,13578,1374,8129,12940,-353,7837,14115,-164,702,15993,2421,4587,15538,1247,9765,15432,-1850,3583,14544,-2235,-5618,15336,-2807,-1606,14017,-437,606,14015,551,-1871,13653,3800,-1355
13048,6258,-215,11091,8253,1789,12627,9129,5757,13979,11090,4142,14134,6864,117,11903,2492,4457,12464,65,9468,14149,1336,3661,15131,2384,142,14949,1740,8693,15247,588,8526,15672,-1514,-173,14980,-1998,-3484,14916,-2032,-124,14451,-1374,-1910,13636,1676,-1920,14169,3657,1986,13647,6033,-1145,13452,6148,-6985,12875,6680,-3534,13328,7304,2227,12356,7262,3430,12195,9657,2624,13157,10022,4869,13911,8964,4246,13523,4356,156,12168,-162,6012,12622,65,9730,15464,1178,2154,15107,2874,2671,15488,424,9706,14731,-778,5203,15692,-1651,-4075,15085,-2172,-3480,13884,-943,525,14452,657,-911,14135,3757,-1633,13949,5419,-43,13413,5637,-2979,12363,4983,-6154,13026,6553,-1621,13493,7821,5257,11552,8824,4058,12580,8916,-112,13102,9588,5533,14281,5946,5132,13121,2013,1139,11575,-471,6963,14505,918,7032,15335,3458,3184,16556,969,5549,13983,-613,5965,15528,-2498,832,15511,-1473,-5105,14950,-2206,-2536,13286,508,2690,14702,1953,-776,13436,5442,-4045,13643,5432,-877,12577,7477,-2341,13830,5180,-4624,11872,7777,898,12418,8951,7395,13109,10112,2058
12747,504,9596,13894,822,3885,14752,3118,909,15899,1781,7722,14691,-35,8461,15084,-2442,-455,15352,-2303,-4189,14451,-1054,182,14743,-894,-888,13762,2193,-2718,14262,3688,733,13325,5531,-1287,13041,5614,-5983,13415,6928,-3470,13047,7390,3042,12082,8637,3930,12212,9133,1232,13328,9951,4424,14010,7699,4982,13071,3296,1212,11874,-213,5720,13626,1028,8782,15074,2060,2747,15731,1987,3180,14649,-9,8460,15232,-1552,5104,15622,-1484,-4557,15232,-1303,-4136,14084,-854,1735,13998,1129,404,14391,3752,-3012,13262,5040,-839,13221,5689,-2363,13030,6183,-5549,13219,7895,-1924,13276,7190,5974,11570,8610,4741,13058,9208,-607,13472,8827,4954,13632,4643,6215,12601,239,1911,12172,140,5649,15197,1996,6633,15386,3393,4158,15955,699,5020,14204,-765,5073,15515,-1677,1557,15545,-1510,-4393,14479,-1613,-3745,13217,1270,2739,15181,2308,12,13126,5091,-4944,13478,4236,-1781,12441,6714,-1353,14341,6063,-4453,12208,7226,1141,11566,8601,7769,13601,9913,2471,13304,9358,-329,13517,5051,5842,12253,2608,6491,13366,923,3106,14045,1231,4470,14581,3067,6837
14733,-1340,-5158,15404,-405,-498,14899,439,407,13818,1183,-3578,13893,3093,571,13277,5686,-201,13841,5013,-5742,12125,6543,-3816,14186,7450,1480,12038,7636,4537,12277,8457,1565,12744,9351,2767,13603,8392,6804,13486,3638,1462,12087,607,3522,13203,743,9747,14866,2371,3482,15755,2539,2474,15016,230,8014,14900,-818,4894,15726,-1794,-2179,15263,-1464,-4469,14278,-568,-66,14509,1101,1093,13847,3151,-3275,13380,3651,-1972,12620,5296,-437,13415,6567,-5226,13346,7339,-3070,12246,6687,5756,12239,9542,3373,13415,9342,733,13144,8678,4865,12875,4367,5511,13232,1996,2880,12975,1311,4561,14326,1696,6726,15139,2532,4860,16100,869,4041,14467,-617,6091,15183,-1733,2944,15399,-1480,-4948,14508,-1056,-3741,13983,670,2254,14333,1811,606,13666,4129,-4356,13233,4984,-2560,12792,7658,-1261,14339,6237,-3907,12425,6792,-272,11526,7040,6712,12794,9951,3612,14269,9422,-17,12967,6034,4582,12457,3128,7281,13712,795,3211,13392,1502,3742,14685,2144,6706,15618,1630,6030,14895,740,3782,15194,-2086,3880,14819,-1227,-381,15311,-1528,-4490,14626,221,-3049
14056,4765,-4982,12106,7149,-5321,14460,5974,1010,11269,8291,4058,13504,8563,1766,12083,9910,2625,13820,8027,6295,12818,4399,2115,13192,1436,3038,12646,248,8892,14198,1615,4854,15504,3319,1363,15814,1242,6725,14397,-375,8009,15436,-2128,-853,15416,-1136,-5228,14608,-873,-266,14181,368,1030,14336,3128,-2577,14133,4122,-1251,12818,5120,-765,13122,5636,-4925,13461,6237,-4065,12632,6819,3499,11770,8300,5578,13068,9643,604,13223,8925,2763,13297,5595,6466,12813,2735,2635,12891,1041,4368,13807,1354,7240,14614,2655,4850,16260,1617,3473,14496,462,6144,15751,-1589,4423,15102,-1721,-3072,14907,-1711,-4793,14039,127,967,14583,1893,1794,13884,3744,-3650,13051,4326,-2857,12778,6167,-947,14004,6210,-3957,12400,6749,-2139,12162,7156,5812,12371,9928,4890,14249,9496,-277,12825,7350,3776,12475,3710,7126,13628,1286,3556,13167,1563,3862,14746,1334,6327,14713,2585,5758,16227,675,4027,14765,-866,4389,14854,-1499,1449,15519,-1961,-4180,14187,-764,-3923,13851,1292,2174,14364,3286,1061,13684,4598,-5027,13090,4654,-3410,12757,6923,-381,13876,5924,-3202
[row took 90769us]
13956,8746,5934,13447,5776,3074,12643,2438,1650,12692,-521,8840,13453,2166,6335,15758,2918,515,15653,1718,5834,14613,-294,9084,15058,-2269,1771,15442,-1057,-5652,14997,-1031,-1504,14323,256,1706,14196,1946,-2086,13606,3381,-2002,13062,5104,111,13708,6302,-4631,13275,6961,-4688,13175,6024,2190,11353,9057,5696,14151,8706,592,11421,9086,2033,14166,5972,6832,12843,5105,3101,13916,289,3004,11781,45,7895,14591,2645,4946,16941,3484,2963,14832,811,5962,14259,-2461,6626,15298,-2046,-1685,15475,-470,-5982,14631,-568,-245,13686,1487,2182,14748,3044,-2500,13708,4550,-3034,12559,5387,-1090,13637,5420,-3737,12570,6738,-3568,12050,7525,4973,13308,9805,6230,13217,9014,-867,12679,7380,2101,12524,5304,7530,14218,2264,4416,12270,737,3584,14316,1053,6151,14845,3571,6013,16626,1143,3656,14252,-992,4708,15259,-1783,3301,15404,-1672,-3475,14821,-1187,-5011,13653,414,1463,14641,2665,2003,13970,4317,-4309,12692,4336,-4037,12602,6399,-602,14113,6290,-3151,12217,7581,-799,12359,8714,6472,12931,11063,4929,14642,9313,-210,11850,4238,3056,11699,2214,7610
15863,2604,4175,15667,469,9017,14838,-1913,3322,15419,-1992,-5287,14665,-997,-1811,14638,-268,1485,14269,1264,-2314,13462,3219,-1919,13231,5200,104,13700,6968,-3682,13524,6442,-5916,12535,6130,693,11224,8593,6540,14152,9893,1958,12381,9997,1941,13446,5591,6223,11970,4123,3115,14540,1944,3182,13029,868,7708,13949,376,5704,15200,2408,2670,16909,1091,5108,14002,-486,6880,15785,-2732,-774,14482,-797,-5753,15466,-877,-819,13471,2005,1626,14281,2408,-1800,13138,4549,-3584,13248,6540,-1231,14410,6132,-3214,11911,6352,-4117,12192,6898,3935,12022,10276,7009,14067,9578,891,12681,7351,1888,12256,4163,6442,13593,3027,4847,13878,1164,3201,13525,181,5998,14254,2375,6694,17413,1803,4111,14591,-174,3703,15089,-1690,2624,15403,-2333,-2250,14984,-572,-4641,13970,154,334,14054,2397,2195,13514,3860,-3742,13348,5188,-4761,13332,6960,-450,13087,6078,-2263,11813,7200,-1490,12225,9046,5569,13440,11091,6461,13923,8493,337,11660,4804,2300,12860,2982,8308,14534,1624,5214,13041,569,1668,14524,1037,6033,15781,2763,8042,16468,109,3903,14391,-1360,354
14679,1613,-1470,12786,4205,-3006,13387,5032,-1744,13032,7396,-2413,13874,6886,-4966,11851,7385,2159,12346,9125,7710,13634,9739,1344,12638,8501,706,13017,5480,6891,12730,3272,5878,14281,943,2617,13333,773,5410,14933,2358,6281,16607,1502,5856,14640,-264,4004,15294,-2498,3299,15221,-2085,-1424,14818,-1487,-5691,13928,-180,-1225,14000,2503,3055,14057,3989,-2455,12876,4854,-5292,12432,5843,-1456,14117,6874,-1812,12220,7281,-1712,12285,8672,4610,12279,11012,6454,14631,8778,1169,12527,6244,1043,12876,2298,7707,12480,1386,6357,14636,1575,2493,14772,2249,3938,15983,1295,8741,14834,-250,5486,15577,-2003,109,14541,-888,-367,15561,-2109,-1286,14043,-238,-3821,14158,887,285,13735,4142,2155,13507,4517,-4690,12787,6432,-5715,13811,7255,410,13356,6834,162,10923,7556,270,13068,9716,5200,13933,11175,5669,13537,6459,1102,11554,3439,2886,13759,1257,8795,13782,2330,6149,14681,644,247,14684,2133,6031,15710,749,10482,15361,-1708,2085,14578,-2469,-3691,15277,-1865,-844,14731,-181,-955,13969,1270,-3334,13891,2696,887,13349,5244,559,13517,4839,-6184
12603,11310,6814,14504,9700,2394,12557,5970,-433,12162,3287,6757,13843,2355,8650,13817,2017,2087,14579,342,2842,14594,2564,8765,16015,-202,6513,15333,-1115,832,14500,-2555,-76,15128,-1810,-430,14859,-255,-4094,14117,1164,-1417,13194,3239,3013,13930,4060,-3211,13096,5976,-7012,13072,6718,-453,13602,6604,558,11825,7616,-242,12753,9065,3898,12732,10862,6089,14098,7432,1868,12058,4728,1622,13058,573,8311,12543,2164,7512,16374,2322,80,14685,2781,4497,15078,-197,10245,15103,-1818,3551,15079,-1567,-2826,15546,-1807,-551,14233,-855,-556,14167,479,-3342,14162,2619,-520,12973,4061,1143,13736,3874,-4844,12265,7394,-5534,14464,6466,301,10990,8613,4228,14541,8992,932,11122,9484,2456,13630,8184,6452,13527,5618,2041,12985,3546,2460,13168,391,9731,13718,1745,5011,15251,2438,373,16228,1244,6713,14039,-301,8785,15489,-2845,1114,15007,-1645,-5064,14651,-656,-925,14490,-94,605,13639,2246,-2868,13936,3399,-499,13123,5670,-174,13670,5737,-5223,12607,6549,-4272,13399,7609,2425,12562,9095,5106,12674,9036,1311,12745,8742,2894,13955,6899,6466
13883,2696,3001,16383,1791,9146,14300,14,6337,15724,-2428,-1008,14599,-1070,-731,16126,-775,-38,14188,-320,-2683,13867,591,-1601,13583,3364,2404,14084,4129,-2459,12804,5592,-6573,12536,6910,-607,14250,6712,1528,11796,9129,-747,13248,9173,3060,12415,9844,6235,14033,7274,2912,12708,4663,1614,13332,1289,7137,12179,1889,7746,15464,60,1460,14196,2965,3202,16160,387,9955,14348,-547,5333,15503,-1643,-3095,15168,-1528,-1510,14508,-57,209,14366,535,-3069,14081,2452,-945,13151,4244,1707,13978,4660,-4630,12785,6049,-6038,12803,7063,486,14101,7607,3141,11198,7996,2302,13374,9200,2004,12691,8569,4947,13838,5812,3424,12487,2849,2332,12851,631,7786,14406,2179,6068,14808,3368,923,16095,795,6371,13538,-62,8138,16315,-2669,973,14465,-1124,-3807,15334,-1759,-1758,14012,564,722,14711,1944,-2329,13488,3517,-2094,13220,3574,642,12886,5545,-3367,13494,7986,-5609,13467,7884,2005,11549,8366,5569,12999,8903,-22,13741,9654,2584,13123,6524,6843,12411,2970,2997,13192,2067,3930,14039,2190,7579,14195,1703,4923,15674,1033,2684,14685,392,5907
14427,-625,-3568,13853,1022,-2442,14386,3003,1933,13867,3960,-978,12804,4121,-6237,12301,6214,-2289,14658,7186,1257,12399,7893,-209,12213,8542,1567,12359,9242,6380,14481,8570,3734,12990,4921,188,12330,1504,6381,12613,2610,8810,15618,1818,1965,14118,3084,2080,15877,168,8659,14335,-270,6667,15602,-1869,-1065,14690,-1168,-1596,15088,-73,296,14700,177,-2596,13902,1610,-2131,13543,3261,1997,13760,4116,-2276,12837,5522,-6286,13215,6745,-1068,13059,8202,2042,12792,7917,1352,12344,8605,2392,13058,9370,5688,13800,6961,4220,12617,3575,1160,12405,468,6963,13248,2655,8098,15813,2051,946,14843,2317,3891,14630,-232,9381,15240,-2014,3776,15006,-1265,-3206,15763,-1478,-1683,14084,860,81,14537,962,-2354,13669,2875,-2001,13584,3686,921,13012,3903,-1922,12523,6307,-5505,13763,7742,-1761,13241,8837,4755,12350,8334,1754,12436,9264,1436,13523,8265,7134,13607,4546,3587,12042,1610,1821,12779,1092,7906,15005,2560,6549,15104,2617,2149,15780,-119,4740,14041,-308,6868,15921,-2089,1582,15086,-845,-4349,14659,-984,-1414,14089,1136,1510,14662,2619,-2984
14028,7217,1013,13146,7060,-418,12327,7281,548,11483,8930,5509,14663,9672,5154,13558,7130,-594,12080,2258,4536,12071,939,9512,14705,1590,3788,14549,2387,1365,14629,2380,6812,15319,655,7999,15213,-999,1993,14672,-1560,-1581,15346,-612,-140,14979,-289,-2149,14105,1538,-3384,13922,2901,2612,13749,4054,-1001,13507,4736,-6700,12497,6509,-2538,14312,7144,1675,12374,7179,621,12361,7498,1835,11819,9325,5217,14505,8683,4408,12832,5501,375,12685,1317,5547,12092,1523,9570,15095,1578,2359,14348,3367,1011,16067,773,8874,14005,201,7196,15917,-2240,-1383,14980,-1185,-2642,15044,-456,364,14733,197,-2341,14110,2453,-2001,13934,3639,1756,13548,5187,-1830,12876,5797,-6206,13435,6418,-2107,12532,7369,2721,12526,7449,2357,11948,9409,1617,14022,9095,6029,13298,7298,3851,12875,2867,861,12233,332,7104,13414,1907,8656,15389,1802,1140,15067,2196,3298,15085,341,8973,15238,-1439,4708,15007,-1038,-4107,15565,-995,-2915,14424,690,1266,14528,995,-1981,13835,3312,-1877,13538,4325,508,13481,5251,-3237,12578,6286,-5230,13792,5971,-724,11539,8291,4659
12557,6240,2667,13092,1930,8718,12770,1186,5113,14387,1862,1067,14647,2455,5975,15528,1227,8539,14578,268,3729,15913,-1823,732,14552,-720,137,15285,-1885,-2450,14000,120,-3441,14194,1875,1567,13933,4246,1512,13476,4471,-5516,12615,5591,-4646,13740,6952,530,13240,6497,-327,11871,8447,929,13297,8597,5051,12391,9631,4982,14204,6487,445,12429,4522,3526,13030,901,9692,13185,945,4274,14709,1862,303,15100,2694,7279,15284,1254,8678,15302,-1352,2020,14787,-1630,-1533,15279,-1130,-295,14772,-748,-2497,14044,1200,-2550,13927,2935,1674,13919,4572,35,13155,4762,-6402,12425,6430,-3201,14379,5954,1310,11478,7291,1603,13387,9147,1369,12811,10611,5066,13716,8284,4916,12819,4128,589,12276,2078,4631,13177,984,9288,14394,1844,3310,14703,3198,1098,15417,694,8566,15069,145,7704,15386,-1776,-1542,15396,-1369,-2829,14207,-564,301,15182,-596,-1187,13416,2974,-2486,14352,3673,637,13268,5165,-1422,13166,5496,-5819,13577,6427,-2558,12480,6517,3408,12200,8651,2828,13262,10034,690,13061,9293,5418,12755,5601,4085,13084,3475,1715,12963,1080,6581
15966,422,4231,14833,-1338,2127,15145,-2182,1771,14842,-1851,-1701,14684,-526,-4562,14218,1030,514,13927,3454,2683,14170,3731,-4174,12420,5085,-5657,13477,6146,-52,13708,6720,-828,11703,8164,-565,13406,9484,4700,12574,11182,5967,14510,7996,396,12249,4371,1935,11923,587,8681,13676,1013,6336,14535,2915,945,15033,2463,5220,15068,961,9039,14981,-800,3813,15125,-1566,-561,15100,-1257,-123,14634,-1482,-1352,14150,512,-3296,14587,2951,553,13957,4658,1080,13384,4491,-5660,12775,5813,-4930,13633,6472,1040,13089,6850,1239,11974,8217,235,12859,9867,4939,13124,10366,5396,14363,4859,-105,10838,2571,4231,13620,1185,9486,13375,2291,4027,15032,1749,911,14977,2473,6998,15479,846,8745,15185,-1889,1306,14868,-1790,-3806,15145,-1030,773,14899,-115,-1026,14097,1371,-3220,13880,2870,1409,13412,4912,-776,14030,5567,-6010,12865,6403,-3087,13002,6053,1806,11669,8132,2928,13274,9705,461,12923,10198,4885,13723,7344,5702,12157,3364,825,12903,1964,5542,13530,1776,8959,14207,857,2695,14715,2740,1811,16423,731,8193,14347,-994,7511,15246,-2488,-2656
13759,2393,2433,13766,3478,-3515,12864,5064,-6345,13219,6075,-92,13062,7623,83,12678,8405,-1175,12265,9566,3293,13131,10255,6696,14061,7585,1378,11884,4256,1680,12602,2363,9068,14403,2261,6472,13610,1495,641,14951,1624,4137,15810,1596,9302,15435,-1737,5100,14459,-1863,-1484,15507,-1653,-347,14885,141,-323,14696,267,-3994,13876,1829,11,13398,3805,1532,13572,4496,-5708,12612,6045,-5076,13420,6450,594,12364,8012,2029,12724,8886,310,12805,9942,3721,13176,9341,6416,13552,4427,1078,11339,3302,3668,14622,1702,9301,12734,2457,4799,15392,1316,551,15580,2011,6301,15275,-425,9392,15039,-2855,1158,15109,-1750,-4514,14983,-125,505,15048,157,-141,13781,1668,-3451,13742,2212,-74,12758,4987,-710,13871,5292,-5170,12740,6766,-3908,12987,7318,2424,12072,9512,3860,13406,10328,176,12566,9382,4499,13390,5561,6260,11829,3649,1870,14240,2318,4924,13064,2044,8705,14531,588,3711,15439,2476,1573,16144,-111,7201,14343,-1771,7027,15516,-2739,-2936,14712,-284,-4166,15460,-19,1281,13325,1558,-408,14360,2146,-3439,13023,3964,-1542,13119,6204,-1395
12804,9568,2916,13875,10484,5632,13324,5920,3068,11469,2990,2251,13739,1310,8366,13927,3176,7213,15255,1325,-14,15269,1394,5110,15337,-448,10187,15069,-2328,2438,15092,-2004,-4089,15367,-1191,-1047,14678,16,443,13623,1390,-2953,14020,2475,-1646,13041,4352,358,13190,4588,-4679,12569,7392,-5016,13684,6947,1594,11385,9885,4798,14236,9224,-92,11500,8587,2545,13415,6435,6641,13447,5079,3066,13328,2428,3859,12886,1815,7804,14929,1915,5000,15637,2433,2369,15664,-583,5997,14511,-1604,6877,15209,-3057,-505,15251,-797,-5313,14877,-409,-356,13664,902,1461,14057,1905,-3279,13186,3827,-2220,12887,5617,-855,13259,6621,-3653,13179,7825,-3748,12653,8049,4033,12296,9460,5422,13423,9531,63,13650,7823,3075,12262,4580,7310,13710,2639,3980,13457,1955,3529,13981,1369,6805,14918,2619,5550,16444,19,4191,14075,-1402,4710,15211,-2186,3033,15510,-975,-3258,14878,-480,-4510,13529,638,1403,14342,1755,1204,13535,3614,-4505,13227,3987,-3716,12237,6997,-194,14478,6653,-2833,12283,8886,-1035,12881,8524,5668,12406,9647,4214,13249,7833,518,12971,5914,4060
15603,1603,776,15927,662,5375,14112,-1611,8569,15376,-2788,2351,15369,-525,-5364,15129,-406,-2050,14036,434,1171,14125,1209,-2184,13509,3384,-2305,13190,4888,287,13054,6351,-2889,13140,7182,-5003,13139,8338,809,11988,9193,6145,13101,8527,1626,12581,8187,1198,13536,5836,7265,12988,4362,4487,13465,1663,2810,13602,1605,7345,14201,1765,5725,16465,657,3855,14213,-520,4726,15400,-2079,4303,14911,-823,-753,15823,-221,-5000,14269,384,-568,13858,1416,2378,14106,2100,-3215,13196,3883,-4528,12563,5328,-432,13468,6669,-1936,12717,7931,-3844,13232,8040,3636,12031,9869,5588,14046,7901,-170,12190,6184,3059,12556,4007,8278,13836,3144,5057,13555,3309,2053,15175,1329,4507,14166,1978,7493,16165,-752,4805,14439,-1269,2340,15305,-1171,2137,15539,-1041,-2344,14541,-396,-4744,13805,66,1272,13823,1536,1650,13431,3193,-4575,13034,5457,-4133,12856,7950,947,14534,7743,-2112,12299,8846,-1657,12841,8377,5786,12463,9408,5121,13412,7255,483,13016,4943,3811,12699,3522,8578,13914,1930,5234,14156,1778,1101,14814,1622,5076,15610,-111,9307,14326,-1327,3714
13914,556,1186,14768,891,-1060,12921,3052,-3843,13422,2810,422,12471,6800,-846,14045,8119,-5743,12924,8466,-316,12194,7859,5784,12948,8474,1326,13498,8757,1723,12772,6159,7114,12217,4050,5076,14167,2654,3070,13511,2446,5459,14274,999,5918,15402,129,4474,14648,-123,4675,15681,-1221,5566,14863,-510,273,15775,-552,-5608,14466,-39,-1715,13716,1040,2881,14177,1478,-1983,12941,3594,-3938,13041,5677,-579,13843,7630,-1936,13038,7724,-4618,12691,7779,2300,12693,8854,6529,13245,7568,1217,12161,6418,1703,12716,4882,7422,13967,4024,5817,13338,2516,1853,14589,1172,4502,14228,2376,7376,16301,-43,4971,14331,-906,3084,15156,-1138,3029,15646,-898,-1280,14770,-32,-5238,14224,-639,-432,13469,1594,2221,14073,2661,-3015,13093,4482,-4830,12485,6913,565,14653,7363,-921,12515,8560,-3816,12531,7455,3775,11388,8992,6739,14486,7819,1217,12771,6556,2285,12877,3825,8372,13307,2635,5675,14680,2037,816,14307,1630,4760,15442,60,9469,14530,-1035,4977,15557,-1857,-17,14957,145,-136,15764,-486,-1696,14201,-435,-3625,13438,316,853,13733,2967,2125
13624,8654,-3655,13572,8216,4873,11636,7454,3602,12645,7639,803,12953,8171,5980,13928,6102,5692,12832,3144,1723,12573,1429,5707,14808,1382,7024,14984,1671,3272,15735,-593,4523,13875,-737,6123,15922,-1002,2548,15650,-125,-4091,14758,-811,-3806,13709,483,1826,14762,1022,-739,12582,3573,-3971,13284,4512,25,13967,7736,-840,13552,7766,-5230,12741,7799,-882,11990,8088,5817,13628,8284,3396,12316,7511,1553,13030,4955,6478,12257,5050,5457,15357,2449,2084,12511,1399,4802,14536,801,6597,15692,1258,5064,15683,386,3918,14054,-2240,5259,15017,-406,-53,15878,797,-5693,14981,-182,-1766,13163,342,2224,14077,1530,-1536,13411,4645,-4229,13188,5916,-654,13084,7659,-401,13562,8037,-4823,13068,6946,1112,10968,7382,7931,13510,7859,1599,12573,7554,1740,13460,4927,7665,13257,3610,5339,13510,2060,1926,14591,1368,3825,14808,1670,8125,15591,-776,6926,14489,-858,1096,15427,-959,1336,15826,-183,-927,14943,-486,-5468,13718,-42,-471,13923,1662,2840,13308,2670,-3217,12696,4720,-4724,12999,7281,328,14236,8455,-1069,12975,7738,-1999,11271,7410,2781
13649,4295,1783,12944,1861,4644,13681,1871,8293,15068,1383,2369,15482,673,3522,14469,-856,7928,15154,-1432,4719,15245,-449,-3150,15748,-308,-4660,14135,206,1011,13971,387,-171,13669,2662,-3316,13631,3768,-750,12713,6648,-634,13582,7135,-4455,13086,7671,-2981,12443,7988,4382,12889,7951,3989,12477,7924,472,12918,6640,5841,12955,5788,6673,14041,3005,2121,12843,2279,4550,14675,1156,6589,14727,1515,4703,15618,-661,4693,14362,-1144,5188,15471,-795,1595,15741,-50,-4577,14701,-321,-3575,13757,405,2501,14611,1082,-276,12991,3372,-4310,13077,4817,-1301,12875,8041,-86,14391,7449,-4631,12262,8289,-1052,12351,7875,6647,13118,8646,3023,12855,7152,662,12535,4869,6879,13042,4551,6832,14636,2165,2190,13361,1396,3250,14500,1506,6569,16127,237,6722,14541,-344,3422,15113,-1666,2915,15157,-18,-78,15693,-344,-4941,14104,-328,-2302,13496,1271,2943,14118,2553,-1309,13174,4680,-5422,12853,6406,-1162,13958,7842,63,13032,7660,-3333,12495,6889,1542,11365,8613,6759,14550,7703,2489,12240,6989,854,12818,3920,7626,13159,3521,7192,14490,2066,1282
14205,-736,7483,15989,-1374,-1796,15037,256,-5122,15190,-325,-18,13863,96,533,14270,1364,-3249,13249,3751,-403,13061,6026,-171,13429,7081,-5068,13358,7766,-4101,12703,7238,3836,12492,8908,5010,13062,7928,513,11814,7155,3979,13007,5273,6432,13897,4365,2647,13623,2109,4478,13471,546,7504,14344,1715,3655,16427,945,4012,14759,67,6602,15217,-1295,3981,15296,-865,-3899,15263,-369,-4625,14132,361,891,14173,633,1104,13354,3194,-3493,13570,4182,-2105,12040,6452,-488,14180,7269,-4205,12744,7953,-2798,12057,7587,6269,12865,8064,4503,13005,7492,-316,12569,6639,5495,13658,5273,7217,13850,2631,2550,12892,1900,4144,15066,1184,6040,15013,1283,5791,15633,-439,4763,14667,-1277,3846,15217,-719,852,15587,-559,-4904,14499,-423,-3328,13491,295,2995,13864,1621,-93,13089,4133,-5155,13552,6678,-2252,12917,8321,363,13665,6468,-3534,11795,7830,-338,12777,8226,6914,13345,8443,3576,12592,7500,494,13597,5652,6263,13088,3864,7540,13775,565,2383,13932,1247,2710,14950,1752,7239,16022,67,7610,14062,-1091,2633,15344,-1370,677,15571,351,-1253
13734,3345,-858,12995,6385,-578,14214,6946,-4315,12753,7701,-4765,13001,6952,2393,11821,7947,5773,13097,8540,714,12650,8299,3545,13006,5984,6751,12790,4658,2518,14762,2273,4177,12719,849,7157,14578,601,4263,16009,1268,4327,15153,-263,6608,14825,-1180,4328,15436,-716,-3385,15609,-123,-5015,14119,-576,922,13815,136,1537,13490,2669,-3226,13402,4732,-2786,13206,7072,-612,13480,6775,-3910,12732,7716,-3439,12637,7426,5363,12192,9060,5216,13259,8348,335,12919,6633,4515,12238,5174,7508,15047,2940,3211,12759,1723,3233,14721,-288,5859,14130,1654,6548,17199,318,4558,14336,-875,3411,15445,-1188,982,15256,-609,-3709,15103,-898,-3619,13386,-223,2158,13456,1383,737,13712,4241,-5275,13078,6486,-2958,13610,7991,160,13285,7772,-3352,12323,7787,-427,11900,7869,6821,13143,9173,4868,13766,7203,323,11639,5045,5379,13653,3983,7951,14534,1905,3114,13666,221,1808,14400,1135,6644,16751,531,8805,14650,-480,2817,15035,-1641,-199,15357,-269,-452,15489,-785,-3409,13671,-735,-2968,13155,1202,2903,14216,3882,-699,13252,6178,-6562,13125,7179,-2200
13280,8591,763,12860,7512,3015,12542,5277,7728,14120,4191,4044,13954,1699,3255,13816,-221,5885,14166,1828,5507,17769,137,5480,13817,-632,4406,15487,-1947,1749,15131,-630,-3140,15546,-690,-4526,13419,-593,729,13394,1352,2092,13936,3993,-4539,12760,6153,-4250,13592,7231,258,13000,7560,-2725,12539,8126,-1856,11970,8185,5959,12858,9421,5791,13733,7741,296,11895,5282,4059,13261,4514,8790,14697,1990,4289,13300,755,1246,14983,653,5583,16167,984,9608,15296,-675,3653,14932,-1937,-981,15321,-422,-490,15617,-811,-2177,13893,-852,-3258,13200,214,1817,13619,3116,247,13035,5300,-6063,12665,7663,-3926,14346,8609,528,12260,7998,404,12476,7726,1302,11392,8290,4718,13949,8804,5044,12750,7063,1383,13297,4084,5484,13394,2191,9527,14592,925,2060,14500,1626,537,16306,151,9729,14467,-309,8262,15938,-2684,-863,14722,-1296,-3460,15232,-784,-537,14664,-1046,-2176,13208,1005,-2365,13732,2705,1829,13089,5435,-1511,12758,6547,-7066,13612,8392,-2794,12791,8106,3353,11991,8441,2417,12905,9873,637,13355,6804,6520,11172,6319,4592,15155,5056,840
15482,-448,10519,15078,-879,4639,15189,-1569,-1553,15343,-603,-1737,14960,-1456,-1804,13682,82,-3909,14065,1190,1579,13431,4108,1934,13257,5237,-6720,12616,7773,-5224,14368,8068,1190,12360,7979,1420,12701,7925,925,11085,7976,5113,13392,8560,5431,13800,7170,1023,12670,3358,4819,13123,1470,9755,14507,966,3285,15283,2481,-483,15545,-567,9169,14245,-965,9170,15821,-2204,-1392,15393,-469,-4681,14979,-841,7,14170,-1079,-1355,13628,992,-2399,13926,3401,949,12829,5686,-786,13155,7088,-6429,13662,8952,-3903,13017,7841,3516,12050,9046,4070,13536,7818,809,11284,7995,4825,13618,6337,5736,13636,5717,1903,14048,2513,5919,13058,92,8643,14733,-44,1578,15560,1519,3679,15782,-447,9090,14562,-1773,4412,15396,-1436,-5029,15419,-649,-3998,14462,127,514,13774,-300,116,13015,2908,-2846,13680,5191,-833,13185,7550,-1878,13745,7242,-5568,12262,7598,-1983,12412,7807,6463,12630,8373,4360,12583,8437,194,12962,6984,6168,13057,5860,6278,13665,1684,2575,13798,1853,5010,15202,1701,5519,15302,669,5805,15206,-1062,4711,14819,-1531,3838,15468,-655,298
13794,2767,101,13029,6325,786,13641,6720,-5767,12699,8643,-5493,13790,8205,1998,12182,7910,5321,12257,8309,1573,12852,7950,3710,13304,8531,6587,14190,4911,1773,13059,2203,4227,13118,143,9230,14918,418,2922,15438,1087,2957,15396,-937,8230,14599,-1165,5089,15222,-977,-3017,15625,-689,-5325,13920,-284,-161,14009,-41,1144,13343,2763,-2978,13940,5024,-1517,12792,6839,-705,12812,6325,-4986,12996,8855,-3608,14088,7186,5516,10876,8234,5433,12872,7094,-564,12727,8929,4968,14310,5870,7481,13584,2815,2294,12574,1006,4047,14707,452,6467,14951,1835,5723,16235,-458,5057,13930,-1008,3690,15674,-1158,1304,15988,-594,-4698,14464,-1412,-4021,13197,-272,2330,14000,1417,657,13572,4828,-4779,13122,5997,-1848,12644,8758,-234,14445,6595,-4112,11966,8709,-973,12301,7905,8039,12808,8925,3953,13008,8360,308,13582,5762,6133,13293,4205,7163,13908,1243,2561,13898,-172,2603,14274,813,7306,16442,-393,8921,14621,158,2436,15262,-1723,312,15388,-190,-1606,15255,-652,-4251,13673,-382,-1914,13088,1228,3862,13926,3118,-778,13120,6103,-7023,13316,6906,-2891
[row took 90253us]
12343,8578,1294,13351,8746,2820,13545,6571,7191,13467,3410,3375,12942,1593,3724,14329,123,6821,14381,1476,4879,16348,-392,4927,14363,-44,5538,15700,-1237,2377,15703,-198,-4149,14860,-985,-4460,13518,-1171,1524,13638,862,2091,13744,3442,-3687,12763,5410,-3708,12859,7587,-355,14282,8423,-3893,13156,8625,-3011,11786,6175,7059,11566,8911,5784,14603,8313,-387,12852,7881,5108,12934,3733,7632,13325,1147,3274,14012,928,2562,14957,1272,5206,15081,1005,9012,15326,-233,4079,15229,-1341,1017,14930,-249,478,15850,-1593,-4275,13733,-1037,-4284,13683,518,3050,13958,3495,839,13592,5278,-5803,12652,6423,-3364,13561,8464,-86,13650,7375,-2436,11704,7134,1325,11844,7666,7141,13677,9632,4148,13869,7938,108,12212,4564,5219,13244,2212,8706,14025,1558,3002,14887,489,607,14365,1156,8518,15972,-503,9033,14892,-679,754,14994,-1201,-1918,15934,-234,-1309,14747,-799,-3280,13329,-616,-1551,13054,2139,3354,14256,4766,-729,13230,6774,-7167,12701,7793,-2915,14013,8305,841,13005,7170,433,11577,6966,3611,11912,8896,5934,14273,8896,3704,13491,6119,982
14438,1712,7446,16652,-743,6053,14077,-352,1716,15622,-1086,1464,15685,-833,-2881,14671,-855,-5499,13829,-612,1293,13335,2285,2618,13898,3436,-4729,12395,6070,-3826,13465,7844,130,14057,7977,-3019,12716,7145,-625,11260,7415,5129,12515,9493,5467,14594,8554,1577,12387,5785,3207,13480,2627,8863,13474,2229,4339,14545,733,119,14708,989,6275,15432,340,10138,15179,-389,3446,15050,-1531,-824,15403,-282,-1442,15060,-1276,-2859,13719,-408,-2975,13483,519,2647,13764,3857,1002,13096,5808,-6239,12994,8102,-4438,14364,8204,441,13182,7425,144,12005,6540,1226,11039,8069,6505,14639,9411,5169,13633,7513,99,12550,3458,5130,12946,1937,9296,14657,753,2814,14448,1366,414,15114,345,8923,15043,-39,9239,15206,-1332,-227,15087,-946,-4256,14984,-368,-96,14956,-912,-2645,13589,418,-2267,13337,2506,2893,13408,5449,-1494,13258,6600,-6727,13393,8205,-2893,13546,7941,1505,12271,7487,2461,11873,7426,2607,12615,8821,5309,13854,8374,5031,13465,5699,792,13167,1530,5920,12730,1310,9202,15380,-199,934,14517,1982,3269,16157,-854,9998,14268,-669,4448
13884,-341,1223,13270,3757,2643,14189,4472,-4536,12568,6720,-5618,13397,7538,-122,13415,7518,-667,12360,7452,-43,11653,7199,5572,12767,9287,5792,14055,7911,793,12811,5312,3321,13203,2101,9276,13859,1577,4493,14534,963,-137,15053,760,7018,15248,161,10504,15219,-1245,1948,15134,-1199,-3289,15476,-610,-1005,14795,-1217,-1808,13642,-300,-3032,13510,1883,2166,13580,4572,588,13213,5628,-6330,12358,7659,-4645,14228,7864,1073,12730,8463,1750,12625,7157,1640,11083,8534,5120,14537,8374,5708,13052,6825,1068,13295,2954,4529,13082,1550,9595,14977,345,2693,14715,1196,631,15612,-234,9520,14698,-233,8003,15753,-1490,-2166,15217,-651,-4804,14726,-1007,255,13913,-940,-1038,13460,1491,-2436,13962,3845,1070,12937,6290,-1268,13340,7027,-6012,13614,8085,-3939,12887,7918,3886,12730,7559,4032,11317,8075,950,13126,7748,5943,13433,7395,5357,13751,4308,1180,13121,1663,5997,13708,1028,7679,15122,848,1881,15304,816,5095,15024,-713,8083,15184,-1235,3340,15278,-983,-5276,15212,-1014,-4532,13957,-47,1572,14157,0,352,13089,3395,-3375,13465,4714,-486
13162,7860,664,11349,7501,4460,13224,8355,6631,13919,7333,2133,13287,4817,2850,13175,592,9065,13601,1420,4566,15935,1007,76,14944,703,7783,14885,-1768,9627,14982,-1721,69,15846,-598,-5876,14987,-32,-575,14156,-1143,-262,13656,453,-2715,13477,2901,229,13182,5916,-27,13603,6664,-5695,12528,8228,-4517,13995,7299,2421,11484,9339,3965,13520,7319,1263,10924,8007,3938,13894,6867,6537,14297,5857,2707,13003,2463,4192,13529,798,8006,14925,693,2899,15369,1043,3242,15463,-1145,8264,14297,-1070,5247,15975,-1567,-4303,14903,-489,-5222,14503,-657,520,13740,-121,1057,13634,2581,-3029,13215,4564,-1549,12762,6956,-706,14011,7826,-5589,13026,8474,-2781,11697,7902,6084,12924,9496,4367,14179,8358,778,11308,6142,4873,13101,4886,6618,14439,3811,3603,13502,2283,3944,14923,-462,5873,14012,979,5550,17009,-734,4793,14036,-501,4862,15359,-2073,698,15214,-621,-5422,14791,-1024,-3296,13605,239,2070,13666,1399,266,13300,4468,-5117,12834,6612,-2179,13789,7669,-255,13333,7904,-3871,12238,8123,-128,12188,8629,7685,13015,8966,3796,13676,6841,189
14731,-371,4013,15902,1090,3950,15791,-782,6992,14622,-963,4357,15367,-1502,-3461,15562,-583,-4836,13873,-863,706,13708,-188,789,13169,2739,-3463,13386,5311,-3038,13479,7744,-366,13037,7854,-3725,12841,7962,-3396,12011,7920,5530,12747,8979,5687,12962,8401,452,12611,6662,4589,12882,5443,7955,15052,2832,3267,12750,1281,2840,15203,-503,5522,14647,1516,7713,16780,-890,5053,14041,-1053,1783,15644,-1512,6,15519,-829,-3530,14487,-1348,-3760,13237,-382,1796,13324,2302,641,13458,5325,-5847,13156,6963,-2765,12925,8308,321,13655,8053,-2886,11722,8588,473,12314,8159,6991,12670,9727,4714,13952,6523,654,11998,5552,6404,14534,3288,8294,13640,1305,2584,14667,-348,980,14962,636,8698,16312,-911,9363,14970,-1396,-131,15263,-1167,-2821,15594,-211,-95,14800,-1347,-2875,13264,-1025,-2382,12682,1926,2523,13861,5200,-2160,13104,7300,-6402,13262,7764,-2023,12830,8275,1442,12678,8149,563,12121,8531,1664,12290,9222,6892,13927,7113,4519,12164,6012,1691,14774,2865,7534,12753,1934,7214,15553,-966,363,14551,1072,4179,16473,-850,10404,14750,-1219,4238
13297,1095,1672,13449,4624,333,12752,6712,-6475,13275,8747,-3914,13712,8632,1372,11763,7919,1519,12532,8705,703,13115,8504,6072,12283,6388,6095,13276,6859,884,14389,4513,5767,13633,2985,9131,14873,-868,1393,14414,571,2164,16416,-1159,10069,14482,-715,6787,15631,-1805,-3571,15077,-1108,-4894,14786,-828,963,14032,-1426,-1310,13332,1142,-3237,12893,4050,1127,13050,7315,-1633,13631,8436,-5292,12986,8306,-2582,12382,8045,3336,12620,8832,3855,12852,8473,923,12365,8183,6600,13681,6466,7100,14141,4687,1239,13428,1568,6132,14415,-702,6783,14543,503,2958,16685,-707,6190,14295,-942,6182,15282,-2396,793,15593,-377,-5783,15066,-1240,-2983,12988,-809,2134,13447,210,-1380,13275,4401,-4185,13029,6765,-608,13524,8177,-1939,13084,8606,-4928,12764,8664,1307,11919,9291,6780,13196,6959,2163,11768,7929,1679,14163,6431,8035,13431,5228,6803,14351,1815,1306,14229,-197,3511,14488,719,8023,16625,-1102,6941,14457,-1242,2252,15397,-1853,1373,15477,-789,-2341,15201,-1436,-5048,13287,-1842,-549,12711,1099,2604,14114,3779,-3264,12407,7379,-5331,13848,8696,-256
12803,8507,764,13734,6833,6995,13040,4729,7731,13521,1237,2559,15219,1060,1992,15129,1612,6851,15726,-1427,8239,14257,-1277,2919,15842,-1438,1028,15308,-515,-386,14905,-2198,-5033,13300,-1732,-2950,13479,969,3071,13721,3364,-1298,12729,5654,-6074,12954,8922,-1843,14321,9563,-519,12331,7655,-1728,12330,7973,3139,11775,7879,6794,13430,8232,2815,13568,7670,1540,13612,5789,7694,13499,2450,7898,14275,-309,466,14829,13,2346,15304,248,10766,15292,-841,6187,15300,-1720,-1177,15064,-1082,-2235,14964,-1276,-1276,14210,-1838,-4312,12835,-76,-614,13385,3897,3221,13517,6392,-3362,13144,8419,-6532,13601,8370,-600,13423,8953,423,12173,7208,1363,11441,7696,4767,13409,9330,6468,13994,7874,3037,13592,5370,2115,13080,1455,8165,13998,354,6465,14786,-163,266,15701,-411,7247,14628,112,9220,15814,-2086,552,14872,-806,-5421,15165,-1194,-1575,14162,-1066,-17,13246,-212,-2146,13517,2729,-895,13437,6544,5,13255,7056,-4710,13069,8723,-5161,13574,7995,1100,12052,8342,4795,12314,6731,1487,12266,8570,3263,13481,8421,7680,14420,5777,3465,13084,2217,3244
14214,-783,4709,15480,-1415,-4428,15435,-1560,-2915,14266,-1036,-58,13771,-1036,-2441,13180,1535,-650,13360,4752,1380,13500,7422,-3983,13220,8432,-6409,13255,8816,-693,13838,6813,3655,10594,7513,3347,12937,8164,1743,12492,9460,6524,15488,6650,4943,12712,3820,1665,13031,-248,7054,14711,887,5461,15256,1034,2354,15768,-875,7587,13616,-26,6290,16545,-1992,-214,14778,-1036,-5885,14614,-2377,-2788,13435,-426,1597,13927,1539,-1231,13412,4161,-2856,12518,6741,800,14114,8753,-3791,13741,8845,-6126,13133,6892,3007,10830,7484,6659,13597,8967,951,13055,9383,3371,13560,6050,7265,13329,4501,4526,14142,1770,3088,13689,-472,5377,14474,-176,5619,15821,90,6552,15096,114,4550,15384,-1119,2496,15237,-1496,-4001,14814,-1368,-6134,14188,-1295,399,12851,1047,3865,14084,3379,-2992,12812,7642,-4431,14041,8714,-1226,13785,7481,-3496,11904,7019,-1996,12805,7233,6745,12166,9159,6390,13021,7864,-40,13028,7534,2891,14263,5224,9103,13331,1324,4977,13570,-498,753,14632,12,5580,15255,1278,9520,15613,33,4096,14839,-1416,77,15619,-1330,-1122,15223,-2094,-3094
13295,7466,-886,13527,8965,-3551,13600,6879,-5522,12197,6460,2679,11307,7586,8866,13384,9056,2227,13080,9775,1310,14062,6397,7049,13374,3236,5243,13386,137,2366,14224,-396,4069,14706,1400,8068,16265,173,7078,14541,-68,1874,15504,-1532,978,15572,-1726,-2804,14382,-1432,-5826,13751,-1199,-330,12918,2273,4589,14447,4457,-2919,12546,6411,-4965,13217,8072,-1564,14471,7764,-3696,12522,6949,-935,11170,6434,6114,12015,9822,6722,14438,9631,1566,13547,7407,1910,13141,3133,7910,12914,1097,6229,14552,-105,407,14754,368,5701,15409,348,10637,15170,-273,2750,15517,-1324,-1984,15551,-1297,-876,14682,-2106,-1953,13658,-1119,-3806,13643,1170,1593,13487,4520,1822,13347,7176,-4820,13912,8187,-5622,13302,7818,-219,12667,6926,851,12185,7559,736,12237,9185,5994,13537,9127,7060,13158,6938,607,13483,4724,3409,13731,1092,8767,13052,-886,3760,14925,-102,942,15712,1691,8642,15435,965,9114,14870,-2766,-344,15234,-682,-5823,15521,-1234,-383,13744,-1222,-260,13156,331,-2910,14215,3617,2218,13161,7648,-898,14060,6867,-6405,12365,7953,-4332,13924,7602,1351
13061,8114,1232,13870,2524,7825,11882,1167,6877,15255,-627,135,14300,1624,4827,16106,406,11507,14743,-337,3938,15635,-1312,-3195,15895,-1132,-1875,14628,-1601,-971,13511,-1203,-3167,13658,830,1101,13630,5012,2256,13793,6344,-4643,12364,8234,-6284,14437,7102,-1290,12414,7700,2058,11997,6364,1755,11046,8519,4718,14237,9950,6623,14303,7999,1764,12875,4213,2424,12793,353,9008,14261,92,4720,15006,916,821,15876,-44,8510,14434,829,8418,16110,-2060,-516,14981,-971,-5754,15153,-1925,-832,13901,-1474,631,13316,931,-2679,13940,3868,562,13274,7330,-549,13652,6913,-5566,13164,7495,-5434,13073,6758,1747,11762,7338,5231,11901,7729,1600,13154,9028,4313,13814,8997,6775,13954,5513,1754,13164,1296,3708,13180,-87,7792,14944,279,3927,15584,1062,4832,14974,-44,7315,15264,-1161,3860,15235,-1213,-4467,15544,-1808,-5445,13681,-1470,991,13689,-208,1781,13589,3428,-2772,13618,6244,-1404,13386,8340,-1164,13808,7617,-5909,12792,7257,-3473,12134,6661,6391,12219,8767,5919,13201,9043,315,13280,8650,5049,13383,5930,7041,14129,1743,2437,12567,-363,3621
15656,-1896,1181,15014,-1052,-5869,15186,-1559,-2019,14320,-869,804,13817,725,-1879,13660,3725,-582,13363,6274,651,13516,7413,-5123,13556,7237,-6269,12945,6428,1627,11189,8114,6053,12931,10103,1598,13754,7454,4107,11078,7330,6004,15542,4455,2107,12359,3439,3509,13387,-1402,7495,14141,615,4993,16053,1646,4033,15803,690,6601,14864,-1019,5046,15203,-2167,-3260,15544,-1344,-5895,14204,-1388,431,13845,322,1858,13465,3361,-2742,13775,5712,-2042,13054,7610,-786,13989,6624,-5245,12159,6820,-3983,11734,7346,5885,13117,9797,6616,13099,8368,304,12036,7248,2843,13483,5316,7422,14136,3227,3585,13501,239,3254,13535,-314,6473,15311,1495,7214,16289,1663,4234,15489,-1340,3647,14268,-1609,879,16201,-2398,-4341,14121,-639,-4748,13927,19,2323,13710,2597,2442,13711,5305,-5148,12824,5778,-4073,12758,7785,-390,13801,6888,-3920,11877,7857,361,12559,7412,7577,11956,9525,4108,14049,8344,274,13244,6516,4947,13174,2267,8234,12929,695,3542,14865,518,1358,14572,2033,7621,16437,399,9068,14578,-522,2200,15367,-2093,-827,15309,-1090,-1612,15084,-1915,-3536
13093,7353,-1250,13947,6624,-3937,12467,7022,-4281,12278,7618,4536,12466,10029,7358,13244,9216,892,12981,7449,2020,12495,4898,7274,14016,2557,4538,13175,442,2618,14321,-551,6075,13969,2017,7461,17595,1048,4509,14504,-669,2852,15048,-1787,707,15204,-1453,-3120,15265,-1482,-4128,13222,131,1595,13932,2003,2472,13504,5405,-4909,13619,6634,-4767,13683,7379,-338,12777,6952,-2891,12119,7260,-424,12090,8721,6966,12847,10166,6071,14385,7402,-9,11203,5197,3688,13678,2487,8522,13809,1360,4047,14066,156,1084,14345,1464,7125,16675,1898,9335,15451,-634,2784,14519,-1640,-2040,15544,-1603,-422,15370,-1440,-2489,13604,-433,-2960,13787,1353,2855,13655,5010,-273,13613,6108,-7357,12898,6612,-3625,12792,7087,457,12846,6609,772,11614,8840,1870,12908,9487,6287,13561,9433,4758,12559,5654,79,13096,3414,5615,13642,1972,9123,14430,-121,1649,14179,1653,2004,16548,1053,10316,15124,-475,7451,15133,-2375,-3019,15428,-1933,-4032,15014,-1100,710,14172,-1095,-1622,13609,814,-1633,13196,4173,1336,13691,6488,-2735,13312,7487,-6742,13078,6653,-2697,11715,7461,3730
11110,5248,3752,14749,1774,9244,12990,1362,4190,14763,117,201,15126,1705,7551,16218,464,10436,15090,-2009,1120,15002,-2165,-4245,15062,-929,-309,15325,-1641,-1100,13241,57,-3049,13446,1737,1862,13369,5726,-797,13862,6992,-6610,13274,7809,-4156,12828,7367,1442,11804,8253,3109,12777,9277,1092,12188,9750,5548,13952,7371,5790,12226,5364,1170,14337,2708,5543,12928,1176,8508,14871,-195,2172,15139,1658,3225,16478,-34,9605,14513,-1424,5723,15739,-2682,-4503,14796,-1060,-4499,15322,-1412,1390,13177,101,-427,13740,2004,-2505,13287,4991,-730,13117,7559,-2291,14134,6969,-5702,12107,7592,-2439,11956,7750,5672,12726,9582,3737,12510,9437,785,13523,7328,5831,12100,6169,5813,14991,3094,2637,13005,1142,5163,14290,-421,6261,14725,1333,5062,17249,167,5416,14141,-1325,5231,15724,-2478,118,15102,-1340,-5206,15319,-1820,-2796,12917,620,2107,14175,810,326,12604,5080,-5069,13313,6214,-1949,14030,8578,-1563,12791,7951,-5097,11904,7869,2552,12421,9160,7505,13178,9309,1606,12950,7574,1230,12211,5736,7512,14527,3820,6847,13685,1330,2500,14191,-779,3102
15845,-1277,-5058,14603,-1288,-4916,13580,-962,2149,13736,1036,1177,13753,4164,-4138,13155,6116,-2373,12737,8577,-1382,14217,8000,-4639,12632,7867,-719,11581,7280,7305,12339,9726,4383,14137,8894,150,12487,6587,5008,13390,3868,8219,13797,1361,3086,13570,578,2729,15348,850,6722,15464,281,7953,15179,-160,3403,15362,-1846,1724,15378,-645,-1832,15203,-1860,-4352,13702,-911,-2617,13509,1178,3354,14329,3321,-37,12611,6268,-6841,12899,7117,-3019,14088,8070,-399,12475,7535,-1406,12781,7646,2704,10976,8428,6910,13615,8714,3324,13710,8351,506,13031,4236,7490,12738,1276,8580,14293,280,605,14858,1989,1751,15737,382,10753,14615,-597,7277,15935,-1971,-1231,15150,-721,-2456,15300,-1364,-897,14248,-1682,-3716,13216,290,-623,13630,3034,3007,13466,5498,-3254,12779,7550,-7211,14291,8177,-1585,12314,7766,1962,12071,8101,1554,12297,9954,3305,13536,8561,6872,11960,6701,1968,14086,5226,2028,13559,3171,9056,13454,423,6558,14430,-902,299,15769,315,5983,15211,591,9848,16205,-1913,2090,14406,-1335,-5807,15716,-1682,-1202,14299,-563,479,13606,-127,-2707
13965,8271,813,13085,7497,82,11560,7529,2515,11468,8532,5954,14390,9315,4070,13611,7307,866,13063,2807,6319,12322,1878,9062,15875,158,1060,14224,1523,1728,15674,-696,10815,14579,-229,6422,16123,-1543,-3017,15271,-1081,-3357,14713,-1262,-184,13767,-1250,-2064,13565,876,-1127,13328,4308,2262,13806,6678,-2078,12763,7698,-7154,13579,8455,-2753,13479,8371,3139,11745,7426,3611,11893,7958,2747,13365,9125,5981,14287,8020,4308,13552,4450,863,12356,122,7931,13856,72,7969,15363,790,274,15485,118,5841,14430,-520,8942,15681,-1185,1777,15520,-373,-5505,15011,-1508,-2799,13606,-496,769,13976,413,-1024,13564,3950,-2080,13664,6045,288,12835,6722,-3555,12888,7194,-6123,13956,8608,-291,11712,7943,6947,12552,6890,2582,11987,8364,1362,13912,8537,7342,13889,5237,4197,13029,1951,1696,13404,-393,6967,14390,1711,5816,16401,571,4922,14637,-318,4893,15312,-1411,3727,15533,-944,-1679,15564,-922,-5704,14190,-1838,-841,13153,279,2710,13834,2479,-2551,13358,5811,-3651,13116,7882,113,13918,7475,-2679,12493,8222,-4820,13008,7514,4112,11352,9378,7478
13483,1719,6346,12989,586,7529,15251,266,1788,15204,757,4609,14994,-786,8503,15051,-1303,3500,15834,-600,-5665,14991,-586,-3450,14235,-1057,1043,13630,-335,-1079,13542,2932,-2500,13360,5369,311,13143,7590,-2099,13913,7881,-5709,12706,8011,-1773,12002,7959,5923,12375,7485,3888,12626,8555,1272,13538,7733,6790,13258,5973,5444,13888,2062,1882,13260,955,5519,14540,621,6045,15682,51,5387,15014,-371,5526,15319,-1088,3959,15375,-100,-1504,15938,-716,-5460,13883,-2035,-1391,12989,-421,3101,14157,1842,-1570,13084,5171,-4548,13156,6913,-618,13526,9237,-1843,13752,9392,-5100,13225,6497,2481,10100,6912,8345,13439,7742,1509,13028,9339,2168,14422,5835,8210,12743,3054,5014,13620,727,1603,14899,528,3607,14598,1037,8814,15803,-1148,7093,14149,-540,964,15836,-665,1088,15799,-731,-2107,14293,-1573,-5860,13363,-941,155,13513,2591,3276,14132,4262,-3651,12480,6676,-4830,13157,8408,-268,14589,8313,-1905,12520,7451,-1704,11787,6312,5540,11535,9136,6566,14672,8312,1452,12763,6935,2567,13638,3270,8526,13121,2017,5839,15102,171,-406,14390,531,5236
15730,669,-6367,15502,-1335,-2771,12729,-762,2232,13622,831,-230,13554,5191,-3999,13212,6827,-1335,13314,8370,-1101,13786,8113,-5363,13135,6953,-38,10890,6591,8665,12727,8279,2613,13301,8665,1279,13763,6476,7681,13100,3876,5694,13283,1130,1962,14578,379,2967,14718,1523,7965,15964,-302,8236,14183,-261,1580,15588,-1266,893,15815,-751,-1165,14858,-1457,-5963,13480,-1273,-1380,13412,1268,3839,13777,3361,-2347,12883,5969,-5040,13030,7868,-626,14070,8774,-1639,13290,7040,-1901,10833,7175,3221,11737,8798,6656,14811,9005,3149,12855,7584,1307,13787,3747,7895,12851,3007,6996,14909,178,-140,14511,287,3760,15011,-88,10927,15444,-917,5516,14899,-1214,-1314,15559,-649,-2091,14857,-839,-1647,14262,-1088,-3500,13111,-95,773,13506,3546,2906,13478,5925,-4147,13022,8910,-6348,14780,8438,-931,12648,8452,946,12456,6202,652,11043,7485,4727,13592,9067,7014,14151,7778,1250,12926,5420,2817,13197,1134,9195,13504,649,5275,14982,385,-480,15102,515,6969,15076,138,10240,14916,-1268,1723,15267,-627,-5302,15088,-207,-990,14925,-1035,-916,13189,64,-3003
14227,8680,-959,13078,7362,-3376,11749,6959,2972,11613,7910,7846,13840,7732,3215,12816,7189,812,13103,4538,6655,13597,3035,7916,14150,737,1643,14398,879,1849,14886,1039,8732,15773,-498,7680,14812,-978,854,15315,-682,-1117,15661,-551,-1770,14491,-1076,-4549,13754,102,-1462,13399,2722,4001,13835,4752,-2149,13010,7243,-6484,13781,8080,-2079,12845,8207,326,12857,7044,124,11348,7150,4559,12582,8035,6992,13453,7911,2051,13445,5827,995,13199,2986,8392,13450,1792,7686,14499,84,-192,14935,711,3764,15536,58,11061,15071,-1192,4293,15040,-993,-3799,15812,-625,-2086,14699,-193,-663,14052,-154,-3587,13445,1522,491,13189,4520,2114,13990,6005,-4102,12462,8617,-6337,14143,7384,-624,12113,9007,2983,13270,7068,2025,10683,7774,4093,13718,7666,6566,13296,6418,2289,13414,3554,2478,13019,1808,9416,14362,434,5257,15086,891,-222,15367,-176,6931,14958,-306,9176,15385,-1402,-152,15611,-55,-6121,14858,-435,-796,14158,-253,92,13731,1336,-2705,13649,3455,-189,12858,6293,603,13725,7161,-5072,13154,8147,-5919,13030,7902,2933,12570,8060,5593
13854,2337,6572,11697,2596,8893,16263,340,944,14082,2257,1810,16421,-385,10538,14173,-838,6606,15453,-1979,-2255,15599,-501,-3209,14903,147,-300,14401,-857,-2682,13112,789,-1074,13084,3462,2215,14302,6231,-3143,12497,8362,-6487,14307,6588,-665,11150,8486,2228,13852,7843,1697,11520,7514,2928,12786,7968,6775,14149,6911,3220,13218,5204,1303,13593,-67,8374,12224,1561,7230,16544,1184,46,14983,1717,4945,15345,-1532,10270,14434,-1892,2819,15886,-285,-6385,15351,41,-1755,14314,-438,516,13653,585,-2561,13659,2731,-906,13086,5404,857,13525,6595,-4409,12947,7635,-6031,13742,7346,1314,11235,9153,5734,13681,7536,2298,11164,7755,2121,13684,6234,6146,13653,5784,3653,13504,2647,3116,13009,801,8327,14439,1090,4804,15622,1524,1452,15564,-189,6619,14524,-1023,7424,15505,-1628,-2089,15424,-236,-6155,14750,-488,-821,13730,278,1584,13922,2001,-2107,13234,4293,-2522,13024,6862,71,14076,7408,-4915,12813,8058,-4276,12062,7311,4802,12118,9602,6715,13840,9095,1211,12782,5669,2842,10789,4773,6212,15824,3025,4660,12940,3352,3480,14884,-379,5925
15560,-1784,-5167,15221,-665,-2540,14681,-717,1028,13764,-165,-2514,13412,1999,-1703,13100,5121,810,13936,7289,-2888,13309,7514,-6260,12692,7001,-725,11582,8350,5369,13268,8866,2358,12136,9044,2518,13432,6605,6735,12080,5518,3383,14902,3464,2491,13390,1218,7984,13787,-257,6018,14958,1404,1737,17096,159,5838,14024,-687,7390,15722,-2495,-422,15014,-75,-6289,15478,-1271,-917,13270,714,1261,13871,1412,-1908,13282,4477,-2924,13049,7001,-680,14131,7213,-3491,12636,7685,-5158,12509,7592,2985,11835,9121,7357,13297,8574,1619,12629,7337,2163,12403,4842,7076,13963,3919,4475,13997,1562,3305,13438,-563,5939,14137,1593,5582,17523,812,5064,14445,-196,4178,15162,-1624,2216,15526,-1062,-2649,15297,-545,-4876,13846,-621,-180,13356,1638,2307,13794,3807,-3523,13020,6363,-4062,13759,7298,-469,13151,7447,-2956,11971,7987,-2005,12220,8123,5948,12692,9866,7174,13878,7418,867,11386,5002,2736,13497,3951,8093,14508,2338,5195,13351,89,1764,14600,421,5064,16046,1818,8679,16240,-296,4291,14293,-1522,-312,15541,-1136,-417,15393,-694,-2324,14197,-615,-4151
[row took 90688us]
14268,8475,-2562,12379,7519,-4221,11614,7603,3479,11848,10250,7489,14688,8104,1722,11402,6798,977,12678,3560,7611,13772,4604,6497,14866,1754,2562,13570,-153,4648,14732,1632,6879,17266,406,5476,15123,-862,2593,14477,-2441,1452,15640,-1802,-2251,14730,-410,-5068,14058,278,-1087,13064,2489,2716,13674,3866,-3219,12494,6713,-5242,14054,7835,-1073,12749,7842,-811,11528,8427,-685,12777,8780,4839,12628,9871,7231,13837,5650,1227,11085,4920,1911,14119,3013,7977,14090,3688,6972,15301,604,982,14567,761,3873,15104,-64,10313,16541,-1920,3632,13751,-1317,-2811,16206,-1586,-901,14017,-161,-1439,14663,-157,-3916,13597,1956,997,12966,4218,1166,13484,6261,-5517,13017,8870,-4826,13801,7197,937,11264,7738,1795,12631,8529,1835,12965,9267,4644,13101,7929,5691,12114,4688,1629,14092,3541,3995,13725,2708,10269,14447,-106,4203,14315,886,-203,16374,473,8325,15300,-281,8334,15108,-2718,-1465,15143,-749,-5281,15366,-262,-177,13986,640,-922,13561,1044,-3084,13299,3266,460,12534,5772,-327,13778,7109,-6520,12798,7581,-3840,12181,7994,4605,13370,9200,3871
14164,2984,9514,14090,2320,7695,14502,-72,-284,14264,870,4194,16413,250,10263,15055,-857,3669,15390,-1733,-3716,14826,-319,-1095,15508,-560,-436,13670,590,-3958,13313,1324,-131,12867,4840,1761,14142,6200,-4724,13059,8324,-5714,13265,7254,220,11907,7995,3139,12875,7963,2605,11987,8917,3775,13045,7859,6605,13196,4801,2183,12912,2647,2789,13421,1190,10053,15006,2695,4326,15509,1727,175,15456,-786,7916,14315,-771,7312,15983,-2134,-1020,15205,-485,-4777,14798,-1101,-801,13791,760,-202,14313,2060,-2788,13043,3303,-954,12656,5811,-160,14091,7640,-5455,12531,7827,-4260,12352,7501,4481,13053,9258,5473,12160,7875,454,12619,7173,4192,13037,5905,6471,13893,4418,2474,13416,1756,5171,13573,883,7545,15281,1367,3296,16215,835,4007,14735,-994,6479,15111,-1885,3934,15550,-792,-4361,15069,-668,-5106,13702,243,1061,14340,1007,1215,13324,3605,-3422,13282,5436,-1846,12886,7900,-1074,13893,6430,-4739,12236,7938,-1984,12443,7847,7422,12341,9692,5258,13657,7942,-502,12970,6033,4648,12691,4026,7539,13950,1720,3702,13692,1065,3859,14246,1124,6291
15023,-245,-5205,15638,-776,-1128,14067,300,907,13881,801,-2504,13303,2822,-1405,13242,5169,763,13618,7015,-3989,12759,6808,-4655,13136,8729,499,12899,9205,5439,12284,8567,2126,12573,7587,2522,13004,7043,7251,13920,4166,2925,12968,2211,2626,13647,1079,8402,14305,1299,5071,15755,1623,2229,15340,-597,6902,14576,-977,6399,15263,-1662,-2066,15425,-696,-5762,14317,-11,-515,14297,1430,1415,13794,2596,-2386,13239,3522,-2101,12918,6418,-1023,13455,7068,-4191,13027,8351,-3593,13709,6684,4633,10615,9240,6745,13936,7465,-498,11736,7710,2831,14272,4142,7873,12910,3139,3435,13108,1346,3374,14933,1929,6293,14698,2978,5520,16290,-423,4951,13870,-1237,3732,15678,-1686,2742,15217,-770,-3315,15019,-768,-5567,13756,972,1391,14658,2202,1665,13261,3279,-4398,12475,4212,-2260,13133,8078,-323,14340,7626,-3789,12276,8121,-484,12250,7653,5996,12666,9991,4457,14239,7107,899,11553,4517,3744,13053,3266,8012,14515,3146,4742,13605,1641,2066,14349,536,6151,15401,857,7424,15568,-135,3344,15086,-1773,2767,14755,-492,-273,15718,-323,-4236,14315,900,-3791
13025,5866,-3344,13281,7374,-6380,13447,7643,504,11965,8360,5933,12920,7658,2134,12471,8338,2110,13571,7203,6594,12830,4389,2921,13378,2146,2688,12967,1803,8290,14884,1830,5447,15343,2126,2031,15513,-397,5588,14286,-499,7130,15670,-1683,-31,15332,-93,-5959,14949,-588,-1319,13537,980,1939,14086,1704,-2274,13455,3882,-2120,13345,5842,194,13327,6999,-4166,13200,7329,-5111,12993,7331,3302,11678,8581,7355,13192,8402,988,12798,7846,2109,13166,5426,6932,13432,3045,3497,12698,1793,3404,14430,1107,7043,14295,2713,5233,16453,275,4182,14079,-299,4568,15455,-1563,4016,15340,-977,-2419,15100,-230,-5900,14241,629,171,14277,1697,2407,13381,2850,-3239,12816,3899,-2786,13023,6535,235,14242,7730,-4716,12808,7907,-3110,11860,6856,6156,12028,9684,6028,14297,7851,476,12367,6598,3207,12590,3442,7269,13738,2376,4341,13820,1754,2914,14578,1452,6231,14999,1501,7217,15490,133,3058,15225,-1196,2460,15096,-882,1932,15463,-1164,-3438,14519,-379,-4638,14092,941,1677,13458,3383,1166,13550,3738,-4426,12866,5683,-3475,13777,7326,46,13833,7234,-2260
13956,8079,5741,13238,6101,3406,13210,2677,1547,12667,1145,7940,14010,1511,7190,14843,2101,1225,15613,706,4792,14414,76,8893,15287,-1492,2512,15486,-614,-5823,14931,-331,-2085,14491,690,1006,14190,1093,-1440,13344,3033,-1502,13167,4735,114,13384,6660,-3389,13746,7280,-5775,13008,7131,490,11714,8049,6380,13146,7797,2701,12460,8492,1469,13254,6255,6576,12720,5069,3428,13926,1808,2487,12563,1418,7804,14725,1222,5588,15381,1922,2880,15299,109,5361,14816,-627,6258,15401,-1453,-491,15458,-231,-5775,14814,-467,-1408,13831,1087,2374,13983,2173,-2233,13430,4323,-2629,13241,6168,333,13637,7640,-3917,13240,6727,-5195,12225,7373,3695,12411,8219,7152,13149,8655,1601,12636,7515,2089,12876,4414,6523,13365,2958,3883,13398,1816,3242,14146,880,6470,14041,2605,6190,16760,276,3829,14355,465,4263,15388,-1406,4108,15347,-1026,-2819,14828,-245,-5654,14441,206,523,14003,2122,1912,13807,3365,-2749,13036,4895,-3876,12770,7078,-200,14530,6636,-3098,12163,7117,-3060,12097,6337,5906,11603,9421,6250,14704,7774,551,12418,6270,2564,12610,3617,7398
14336,2404,1882,15460,283,9269,14819,-401,6545,15406,-1130,-2963,15407,-829,-3166,14400,-128,235,14320,458,-2322,14175,2689,-1342,13580,4076,2058,13455,5183,-2583,12807,6921,-6863,14269,7070,-2086,12008,7806,4820,13357,7330,2778,11428,8545,1531,13560,7612,6311,13167,5922,3096,13188,3225,1105,12833,1333,8376,13659,1533,7445,14874,1965,629,15561,1613,4371,14701,429,9010,15454,-1515,3775,15127,-772,-5347,15049,-789,-2961,14571,539,1015,14428,1233,-1545,13540,3259,-1608,13434,4576,951,13327,6523,-3594,13758,7127,-6270,13088,6573,493,10913,7769,6776,13637,9673,2107,14371,8052,1814,10237,5327,5895,13859,3691,2836,13333,4145,3206,13933,212,7727,13085,1468,6074,15816,2071,2316,15817,1364,4495,14375,-447,7516,15454,-2173,592,15153,47,-5970,15502,-760,-1561,13476,1314,1717,14294,2181,-2148,13598,4407,-1887,13029,5772,106,13633,6154,-4066,12702,6521,-5381,12339,6678,3579,12812,9874,7466,13491,8536,1306,11803,6984,1234,12619,4433,6139,14002,3684,4051,13476,2061,3493,13347,291,7444,14216,2403,5864,16639,1791,2643,15153,490,4923
15212,-815,-2795,13976,1633,-2413,13945,2819,3038,13548,4547,-1175,13087,4997,-6446,13139,6947,-3403,13886,7045,1767,11194,7414,2014,13328,9137,2081,12807,10294,6043,14320,6753,3489,10588,3915,-439,14089,1216,6728,12540,3032,9717,15857,831,1527,13599,1987,1984,15697,856,8518,15103,-180,7137,15123,-1828,-1908,14859,-1828,-3520,14891,57,62,14678,678,-1965,14157,2325,-2023,13222,4059,1952,13959,5952,-2541,13582,6986,-6773,13101,5754,-1740,11589,7160,4005,13344,8373,2430,12646,9846,2090,13080,8482,5857,12941,4466,2782,12071,3248,1504,14321,976,7987,12526,1463,7146,14700,1020,1950,15863,2342,3594,15472,931,8734,15083,-1776,4006,15205,-972,-5435,15152,-431,-1956,14661,621,1410,14425,1185,-2108,13589,3138,-1610,13405,5110,388,13772,6603,-3558,13509,6322,-5970,12631,6013,67,11345,7682,6446,13638,9022,2242,12320,9177,1761,13522,5849,6371,11638,4214,2794,14431,2320,2922,12892,1572,7856,13679,763,5940,15199,2485,2276,16506,1972,4693,14545,-322,7814,15320,-2009,461,15257,-717,-6049,15314,-642,-1248,13544,1012,1882,14368,1621,-2078
13205,6704,172,12631,6637,395,11749,8628,1624,13375,9067,6624,13106,9273,4658,13090,4107,-496,11975,3495,5357,14605,1823,9272,13164,915,3016,14481,1371,1366,15829,2309,7564,15853,506,8354,14980,-1741,167,15158,-1623,-2944,14914,-268,23,15077,-535,-2617,13501,1177,-2569,13458,2967,2465,13780,5764,-1351,13393,6515,-6687,13316,6385,-3437,12306,6777,2560,12367,7964,2808,12708,9438,1945,12710,9419,6266,13659,5838,3487,11681,4248,371,14555,1701,7158,12331,1806,8655,15031,23,1880,15114,2540,2393,16131,910,8816,14920,-1258,6012,15066,-1737,-4270,15074,-989,-3038,15274,2,1006,13963,637,-2118,13758,2319,-1882,13126,5056,814,13893,6720,-2837,13569,6686,-6362,12617,5983,-1226,11233,7679,5588,13499,9152,3127,12502,10020,1569,13732,6775,6116,11509,4701,3224,14260,2448,2360,13208,1120,7740,13557,250,6659,14953,1686,1890,16447,2299,4342,15097,-225,8156,15196,-1888,1566,15309,-1048,-6269,15179,-766,-1680,13657,978,1733,14441,1385,-1632,13121,4316,-2490,13522,5882,-706,13977,6893,-3241,12523,6377,-5659,12218,6672,1939,11479,9195,7612
12774,2382,4267,12947,1934,9687,14998,552,3832,13580,1920,453,16165,909,8665,14954,1068,8283,15546,-2377,-651,14772,-1594,-4200,15169,-452,-481,14614,-64,-1359,14051,1647,-2462,13688,3570,1542,13399,4983,-890,12952,6037,-6975,13531,7037,-3535,12470,7208,3470,12665,8976,3246,12419,7989,1294,12173,8116,5591,13742,6781,4372,13513,4527,905,12615,857,6526,12956,1543,8196,15441,1507,2371,15415,2313,2813,15137,195,8464,15040,-1538,6090,15290,-1645,-4463,15378,-1479,-4530,14027,-187,1256,14233,322,-760,13836,3369,-2348,13504,5511,600,13418,6718,-2760,13469,7165,-6382,13227,6867,-1432,11308,7450,6510,13070,8464,4146,12776,9243,612,13734,7870,5175,12217,4671,4584,14238,1644,2013,12790,584,7079,13759,1209,7253,15635,2029,2793,15541,1117,4353,14956,-669,7049,15069,-1320,1528,15769,-800,-6195,14751,-707,-2855,13656,818,2286,14315,2095,-753,13594,4835,-3318,13416,5515,-756,12934,7361,-2879,13565,6275,-5314,12483,6897,2074,11958,7951,7506,12867,8746,2604,12551,8663,874,13791,5644,5584,12489,2496,5742,13263,755,2917,13700,1324,5281
15479,-1740,1129,14917,-1246,-4368,14962,-673,-819,14735,-777,-1063,13554,1577,-2754,13946,3308,1598,13550,5852,-100,13779,6052,-6740,12498,6882,-4067,13344,7226,2176,12882,7192,3832,11508,8320,2678,13212,8672,3938,13519,8450,4875,13754,3880,1042,12278,949,4779,12895,1225,9732,15174,1154,2975,15010,2631,1947,15486,498,8830,14889,-384,5572,15302,-1771,-2999,15337,-1553,-4354,14077,-296,242,14522,496,70,13882,3003,-2288,13799,4560,-502,13440,6146,-1684,12763,5806,-5756,12970,6729,-2614,13022,7408,4912,12150,7958,4580,12503,8742,208,13552,8685,4644,13658,5999,5192,12997,2269,1463,12505,194,6246,14165,1728,7410,15109,2553,3022,15744,895,4460,14203,-356,6733,15585,-1244,2880,15627,-820,-5192,14728,-1050,-4230,13844,90,2451,14318,1290,541,13448,4459,-3500,14096,5298,-353,12919,7011,-2102,13664,5959,-5825,12638,7472,-560,12527,7423,7942,12717,9147,3946,13243,8758,-450,13430,6732,5627,13160,4049,5449,13203,660,2417,12642,200,6167,14645,1655,6541,15507,2393,4192,15361,857,4261,14983,-934,5088,14975,-808,603,15423,-1247,-5981
13411,4617,1562,13720,4190,-4538,12342,7112,-5618,14842,7050,-171,12168,7455,2498,12020,6509,1465,11699,8902,4229,14597,10168,5745,13622,5963,182,11668,2535,2745,13139,934,9979,14015,1526,5246,14478,1232,8,15020,1581,6761,15209,1409,9137,16012,-1076,1885,14512,-1099,-4175,15120,-1059,-1120,15039,-104,-667,14012,1686,-2507,13976,2942,1406,13091,5659,649,14262,5591,-6767,12245,7180,-4901,14173,5205,1932,10486,7368,3985,14429,8149,1522,11665,9006,3626,13825,7090,4896,12852,5239,844,13388,1917,4298,12302,821,9835,14908,953,3331,14793,3293,982,15799,1047,8067,14394,-18,7909,15696,-1623,-2034,15540,-1086,-4833,14518,-270,-70,14367,-343,5,13783,2737,-2168,14065,4144,445,13701,5742,-1071,12733,5969,-6068,13577,6361,-3524,12709,7146,3721,12425,7351,4652,11717,8914,1108,13952,9189,4298,13814,7345,4930,13145,2595,1288,12002,152,5787,13781,1194,8490,15003,2149,2662,15644,1804,3472,14676,478,8149,15435,-794,4373,15376,-564,-4965,15105,-1406,-4304,13760,-635,1981,14059,801,819,14121,3777,-2792,13344,4985,-915,13523,5665,-2202
11278,6323,5284,12095,9957,7022,15074,9270,965,13050,6793,918,12216,1824,6640,12430,1098,6821,14454,1317,2292,14390,1952,4503,14851,1812,8944,15280,1077,4217,15898,-711,584,14583,-920,662,15363,-1969,-1950,14429,-189,-4330,14261,1293,1066,13685,4537,2548,13618,4941,-3926,13569,5604,-5770,13546,6204,-370,13514,5991,89,11535,6917,-369,12744,8744,4734,13100,10507,6929,14657,7049,157,10977,4005,1412,13546,1559,8417,13259,1652,5961,14128,360,1082,13858,2268,5594,16376,2563,8732,15627,925,3344,14489,-2881,-895,14885,-537,-674,15924,-691,-1448,13683,643,-2940,13920,1375,578,13906,5273,2001,14489,5302,-5193,12339,6030,-5015,13530,6181,702,13349,7611,476,11476,6506,1940,12377,8456,5244,13615,10340,4704,14049,6617,1221,11963,2420,2009,12408,-156,9152,14004,1164,5950,14763,2635,-357,15230,1961,7557,14863,1534,9320,15894,-1189,202,14776,-1200,-3126,15186,-1300,-808,14955,-318,-1486,14002,1782,-1802,13852,3458,872,13658,4943,38,13492,4473,-5637,12183,6643,-4618,14220,6323,2022,11866,6799,3453,12235,8185,173,12671,9306,4916
13362,732,2582,13170,1352,6061,14717,1848,6548,15159,2205,4082,15344,724,4129,14896,-805,5331,14869,-1166,580,15420,-1039,-5826,14385,279,-2204,14272,1885,3010,14157,3186,-799,13539,4528,-4517,13501,5404,-1860,13115,6586,-1095,13490,5454,-3944,12205,6572,1905,12217,8416,7562,13854,9424,1496,12902,8360,416,12763,3652,6127,12461,2271,5941,13475,1076,2844,13733,1781,4963,14426,3226,6916,16251,1342,4918,14454,998,3103,15494,-1567,3232,15121,-1305,-1149,14920,-1116,-5252,14374,244,-704,14097,2775,3300,14341,3381,-2158,12933,4879,-5216,13202,6127,-1063,14088,6701,-896,12584,6348,-2803,11838,6955,4237,12190,10250,6950,14974,9232,804,12651,6597,981,11862,2144,6798,13206,1746,6633,14111,1397,2061,14009,1637,4415,14675,2683,8235,15960,861,4568,15013,-634,1923,14973,-1548,1353,15120,-1085,-2105,14742,-74,-4358,14112,1019,526,13952,3946,2723,14394,4003,-3406,12924,5318,-5832,12978,6202,-535,13744,6180,-43,12308,7026,-979,12239,7536,4556,12273,10165,6153,14655,8033,342,12237,5013,1482,12714,515,8357,12669,1558,6508,14414,1829,966
14266,-518,7015,15739,-2176,-2765,14716,-671,-4058,14892,235,793,14461,831,-527,14102,2820,-2632,13604,4023,325,13516,5217,-1679,12959,5865,-5893,13685,6228,-2767,11754,7315,5466,13788,9125,3939,12650,8998,-114,12338,7168,4632,12611,4922,4793,13884,3066,1885,12956,1244,6542,13007,1181,8256,14910,2277,1827,15944,2733,2618,15229,457,8232,14672,-1993,4750,15335,-1521,-4682,14956,-495,-3515,14573,1086,1340,14263,1927,-471,14173,3310,-2613,13351,4275,-718,12726,4887,-2103,13515,6604,-5191,13402,7031,-1267,11559,8127,6719,13495,8935,3424,13213,8733,-483,12751,6108,5539,12546,4085,5201,13880,1693,2232,12012,1805,6988,15043,1815,6645,15126,2884,2333,15796,678,4394,14272,-735,6618,15083,-2018,1812,15233,-403,-5580,15038,332,-2456,14430,1610,2776,14079,1829,-944,13078,3507,-4164,13840,5426,-989,13223,7134,-1742,13783,5830,-4014,11788,6902,835,12388,8879,6807,14081,9802,2140,12583,7556,574,12602,3766,6080,12713,3467,5789,14153,985,2602,12216,1625,5808,15155,2782,6565,16173,2254,3668,14641,-538,4003,14584,-2169,4621,15274,-845,-986
13870,1235,1429,13470,3811,384,14128,4685,-6026,12499,6578,-4086,13519,6319,900,12155,7668,2004,12838,9000,833,12670,8932,4666,13263,8083,5321,12911,3903,-25,11756,3020,4421,14329,2149,9905,13126,1745,3979,14803,1732,219,15530,2124,6152,15567,103,9091,14945,-2286,866,15033,-1120,-3406,15290,500,605,15360,644,-1538,13686,1786,-3223,13712,2335,1585,13379,4883,-1201,13632,5336,-5998,13118,6103,-3502,12484,6861,2726,12606,8467,3063,12839,9685,455,12988,8661,5290,13204,5770,4895,11814,3191,503,13685,2255,6143,13285,2278,9151,14400,897,2515,14934,2765,1227,16167,741,7804,14570,-1364,7107,14956,-1794,-3050,15386,-347,-3379,15285,933,1815,14220,899,-1357,13783,1799,-2761,13610,3206,108,13333,5539,-2231,13722,5784,-5342,12753,6393,-2105,11780,8065,4876,13626,9469,2921,12508,9596,646,13230,6587,5670,12024,3980,4628,13042,2926,1831,14176,2154,6669,12992,1663,7618,14704,1542,2190,16097,2209,2948,15498,-256,8062,14751,-2181,3923,15167,-1466,-4937,15081,228,-2220,14821,963,1947,13854,1407,-1456,13667,2533,-3309,13074,4543,-1170
12203,8547,-242,12608,9246,4367,12714,9714,6140,14027,5458,196,11010,3127,3109,13429,2493,9456,14113,2348,5443,14180,1358,769,14735,2134,4906,16130,1037,8492,15016,-1670,3591,14649,-1857,-2192,15492,-343,374,15464,578,-995,14146,725,-3873,13615,1360,1028,13461,3859,308,13897,5018,-6162,12866,6677,-4135,13536,6738,1272,11876,8456,2178,12965,9085,624,12554,9414,4886,13229,7470,5283,12560,3329,414,11999,2994,5015,14652,2197,9625,13095,1640,3931,15050,1960,113,15967,1425,6619,15018,-322,9104,15393,-2752,-418,14956,-997,-3982,15141,614,1049,15556,677,-1320,13315,1530,-3073,13788,2213,863,13087,5025,-1893,12842,5833,-5211,13749,7599,-3439,12537,8176,3420,12608,7886,4134,12003,8849,-626,13538,8006,5185,12375,6020,5946,13442,3375,645,12721,1750,6301,14004,2122,9093,14437,1986,2036,16303,1831,2053,15009,-244,8326,14920,-1964,5657,15206,-1407,-3774,15319,-761,-3900,14266,823,1165,14445,1429,-990,14215,3286,-3197,13189,3004,-101,12290,5357,-1937,13679,6850,-5681,13632,7580,-1073,10980,8541,6188,13500,9533,2491,14233,9786,25
13815,2458,6630,14242,2478,816,15236,2097,4265,14869,1143,8688,15576,-1467,4491,14693,-1350,-1133,15541,-778,-583,14863,94,-1185,14456,1116,-3831,14298,2103,497,13775,3456,1354,13393,3977,-5388,12169,6505,-5202,14451,6936,937,12256,8000,2307,12972,8030,505,11721,8534,3920,13049,8033,5879,13467,5656,450,12299,2567,3664,12779,1566,10200,14022,1983,4974,15007,2859,-386,15760,1337,5863,14719,-190,9560,15458,-2565,1261,14872,-805,-4211,15512,8,394,15173,682,-1027,13783,1967,-2949,13872,2165,1070,12839,4102,-263,13364,5242,-5968,13424,7243,-4473,13262,7287,2702,11834,9279,3946,13680,10037,460,12612,7903,4675,11736,4845,4954,13507,3576,995,13007,3453,5453,13913,1428,9853,13318,909,3217,16170,2291,200,15404,1065,8059,15046,-1065,7601,14745,-2231,-2640,15382,-347,-3862,15212,1309,844,14621,1352,-996,13549,1929,-2403,13466,3067,-510,13383,5495,-1680,13183,5722,-5028,12879,6817,-3267,12756,8166,4666,12778,8843,4793,12549,8995,-90,13121,6784,4800,12177,4370,5894,12946,1929,1636,12592,2207,6168,15533,2233,8713,14839,4699,1249
14908,-1098,769,15479,-101,-1458,14856,735,-3956,14070,1214,334,13590,2355,2382,13805,3001,-3586,12886,5435,-5829,13030,7045,-108,14071,8032,17,12505,8187,-483,12379,8884,5005,12979,8836,5200,13488,6448,785,12441,3846,2268,12702,2348,8366,13192,1660,7350,14529,1791,981,14777,2554,3148,15591,656,9330,14525,-945,4416,15154,-1713,-974,15082,-44,-32,15192,350,-1586,14527,1273,-3903,14117,1940,663,13624,3410,1527,13872,3538,-4998,11930,5148,-5108,13275,6137,1440,14215,9307,170,12056,8426,1169,12704,7902,4220,12470,8059,4549,13660,5129,1745,12894,3604,3066,12359,1869,8597,13712,1514,6354,14475,2793,-144,15861,1758,5770,14721,182,9346,15022,-2609,826,14961,-363,-3309,15933,450,452,14704,596,-562,13887,1058,-2896,14006,1834,387,13446,3907,-185,13523,4823,-5482,12023,6511,-3360,14052,7715,1791,13528,9712,1645,12246,8894,1784,12355,7255,3887,12971,6887,5654,13298,4136,1842,12897,2369,3397,12622,2032,9052,14979,1092,4587,14510,3163,-95,16261,10,7837,13816,-76,8359,15841,-2257,-1136,14706,-219,-3841,14938,531,581
13077,3726,-4589,13431,4201,-1114,12978,7352,-597,13715,7134,-4357,12635,8257,877,12147,8466,7353,13445,8374,2545,12720,7400,316,12876,3915,6200,12623,3169,6261,14007,2052,2578,13805,2128,4990,14338,2493,6489,16132,-53,4812,14205,63,3484,15523,-1732,3270,15102,-121,-954,15417,-52,-4524,14429,483,-778,13554,2327,2642,14352,2501,-2306,12681,4195,-5478,13175,4968,-600,13212,7899,-511,13939,8510,-3720,12716,7178,3401,11235,8647,7299,14545,7637,724,12206,6955,1583,13416,2503,7355,12152,2180,5799,14314,1787,2376,14436,2374,3997,14890,2030,7814,15225,-185,5389,14897,-1074,1046,14930,-603,1933,15567,-178,-1313,14596,622,-4822,14068,1312,263,14257,2827,2314,13830,2845,-3501,12579,4118,-5167,12827,6692,-165,14540,7408,-191,12454,7938,-1674,12263,7886,4240,12664,9394,6321,14009,7133,1117,12507,4057,1768,12274,2301,8181,13438,2589,6359,14387,2375,1123,14494,2106,4047,15177,1068,8334,14928,102,4308,15325,-1575,616,14526,-207,486,15568,-269,-1569,14849,934,-3912,13926,1188,438,13607,2794,1993,13603,3543,-4243,12803,5487,-5218
12174,7577,3836,12190,7917,781,13437,7640,4656,12923,6886,6572,13280,2855,616,12310,910,5254,13836,2001,8739,15242,2761,1795,15583,1517,4009,14223,-365,7915,15392,-1302,3372,15488,-604,-3114,15260,-751,-3599,14262,976,1179,14749,1044,225,13201,2920,-3836,13665,2429,-674,12457,5453,-865,13595,6964,-5552,13534,8016,-1097,11793,7628,5288,13193,8431,2246,12657,8599,1347,13424,6439,5743,12483,4223,5035,13420,2679,2335,13174,2429,5096,14635,2439,6783,15012,1840,3919,15270,103,3978,14730,-881,7056,15142,-1084,1854,15297,-318,-5231,14822,-487,-2342,14039,1180,2445,14324,1047,-897,13260,3429,-3833,13266,4686,-900,13060,7556,-1388,14303,7038,-4575,12600,7353,74,11990,7364,6290,13173,8494,2851,13239,8019,787,13178,5351,6017,12561,4267,5339,14180,1918,2297,13144,2040,5605,14595,1719,6448,15256,1202,4115,14635,155,4678,15084,-1297,5236,14959,-668,-381,15467,228,-5596,14966,644,-2025,13800,1641,2894,13931,1574,-608,13000,3420,-4863,13407,5082,-748,13519,7038,-1455,13620,6863,-4331,12491,7142,1818,12258,8662,7630,13657,8356,1330
[row took 89717us]
13881,1899,9073,13494,3065,3856,15577,1814,-525,14285,774,7641,14557,-320,9620,15484,-1128,1540,15165,-74,-2815,15376,76,-706,14582,-400,-1783,13996,997,-2530,14064,1947,1901,13385,3655,394,13139,4397,-6275,12512,7379,-3932,14470,7481,1488,12685,8069,1496,12437,7441,1242,12095,7671,4795,13358,7645,5024,13330,5286,1291,12905,3156,4691,12967,2726,9218,14956,1467,2364,14206,2227,665,15650,-472,9075,14214,-261,8095,15710,-1363,-1333,15243,-641,-3712,14544,422,-190,14876,-286,-1321,13737,1803,-2120,13794,2454,1461,13370,4316,-1084,12864,6092,-5997,13594,7595,-2959,13090,8741,2466,13164,8138,2812,12213,7759,1346,12403,7421,5019,13628,6030,5396,12856,5092,1346,13674,1970,5696,12934,2536,8515,15289,954,1200,14831,1355,2946,14874,-814,9209,14884,-1138,5331,15311,-414,-3897,15330,-9,-3674,14485,592,771,14354,679,-677,13744,2178,-2160,13363,3398,110,13142,5302,-1647,13190,7303,-5626,13714,7831,-2108,12501,8131,5051,13404,7803,2441,12090,7523,898,12561,6296,6259,13199,5047,5042,13367,3725,1794,13312,2287,6263,14289,1943,6273
15207,-1518,1034,14716,-643,295,15457,-185,-2632,15034,881,-3800,14075,784,1210,13046,1691,2106,13464,2825,-4606,13099,6512,-5176,13590,7960,1357,13700,7327,-552,11711,7990,-1809,12988,7909,4805,12727,8816,5747,13532,5607,1233,12224,4822,3609,13655,3231,8844,13121,2758,4150,15340,1715,148,14128,2123,6087,15889,-514,9998,13792,-1389,3536,15541,-1607,-2140,15327,583,-678,15236,-87,-1729,14021,914,-3468,14010,568,1951,13109,3085,1077,13222,4059,-6087,13041,6721,-3914,13714,7584,1212,12918,8369,639,12981,9029,389,12797,7807,5002,12408,7435,4790,12907,4696,1114,13169,4195,5018,13162,3275,9433,14588,2063,3214,14138,1830,-368,15508,32,7730,14505,-190,9764,15555,-2011,528,14827,-639,-3730,15059,116,-210,15000,109,-1764,13956,1300,-2567,13524,1625,2013,13020,3919,-1017,13049,5447,-5787,13502,8014,-3507,14001,8354,2242,11464,8322,2570,13490,9071,605,12891,8886,5397,13641,4335,5582,10646,4714,619,15258,2748,5906,12298,4543,8914,16063,65,1531,13428,1436,2143,16158,-960,8856,14157,-836,6994,15646,-1734,-3028,14738,-204,-4465
13441,2393,-3685,12936,4932,-5654,13621,6633,381,12936,8386,-1023,13315,8189,-2372,12008,8692,3492,12925,8709,6643,13518,7307,1337,12200,5080,2511,12899,4357,8733,14650,3194,5267,13256,1725,899,14946,767,4267,15152,1049,9218,15701,-1635,5384,14405,-1248,-451,15523,-504,-227,15497,276,-1099,14760,-268,-3904,13441,-226,634,13041,2335,1654,13931,4361,-5415,12650,6292,-4678,13500,7343,700,13414,8524,151,12436,8369,-367,12328,8485,4245,12547,9007,6166,14274,5398,1190,11046,4898,4009,14634,2661,9128,13181,2707,3868,15184,1321,41,15076,1155,6673,15191,-781,10343,15210,-2310,1639,14947,-770,-3886,15534,121,319,14916,-429,-991,13706,0,-3247,13375,768,1192,13099,4022,-461,13548,5561,-5806,13237,7660,-3603,13484,8348,1421,12342,8581,2260,12590,8964,243,12701,8428,4917,13462,6966,6193,12249,4630,1520,13483,3652,5046,14035,2486,8741,14345,835,2585,14774,1604,1385,16095,-745,8991,14163,-1224,7833,15470,-2068,-2812,15092,-354,-4464,15123,-97,1276,14088,-197,-551,13574,1161,-3006,13437,2682,-126,12936,6092,-1991,14007,6815,-5211
11516,9952,5961,14805,7261,2386,12123,6240,1785,13391,2040,8551,13091,2420,7102,15200,701,-67,14526,1351,4315,15331,-381,10619,15049,-1029,4273,15653,-1535,-2184,15304,-998,-1676,14546,-604,-1497,14381,710,-3716,14067,1657,866,13110,3417,2436,12999,4719,-5700,12555,7881,-6246,14962,8266,401,11445,8393,2943,12992,8723,1084,12699,9539,4003,13561,6001,6473,10837,5273,1026,14829,3912,3148,12646,3783,10191,15283,63,4563,14115,1458,-839,15694,64,7698,15367,-140,9472,14892,-1870,-454,15256,-890,-5554,14615,-490,-19,14839,-458,101,14015,1350,-3168,13151,2560,559,12984,5689,-893,13805,7112,-5361,13605,7706,-3677,12340,7665,1794,12068,7906,4960,12885,9466,1195,13462,8228,3827,12055,6108,6858,13640,3998,2013,13712,3095,4253,13935,1439,8808,14099,593,2649,15930,980,3712,15272,-1011,8035,14451,-1807,4159,15505,-1847,-3942,15421,-298,-5063,14305,174,1137,14071,402,890,13353,2536,-3407,13489,3920,-1691,12405,7186,-1626,14232,7254,-5272,12295,8546,-1390,12489,8606,5791,12683,8635,3500,12342,7261,567,13163,6841,4852,13524,5830,6936
15798,813,5737,15024,197,10256,15317,-2669,1967,14501,-706,-5470,15698,-376,-894,14784,828,-437,13643,572,-2586,13404,1933,420,13162,5426,63,14211,6438,-4964,13049,7931,-5592,13166,7715,938,12206,8715,5415,12684,8229,2183,12200,7836,3090,12994,6744,6821,13335,4710,1738,12651,1551,3805,13890,2253,8966,15102,2249,3516,15635,809,2686,14413,-1136,7176,14991,-1093,5543,15806,-873,-2057,15355,-621,-4909,14040,-346,0,14788,757,1086,14015,2399,-3148,12727,2899,-1966,12728,6213,-686,14546,8205,-4797,12462,8229,-3140,12161,7463,5097,12781,9021,5358,13040,7852,439,12221,6973,3933,12835,4888,6853,13843,3679,2762,13529,1977,4397,14322,846,6356,14456,1699,4806,16335,-235,4716,14506,-975,5325,15226,-1379,2679,15753,-931,-4503,14499,-372,-4778,14044,468,1656,14125,1532,1405,13282,3460,-3897,13409,5070,-2726,12845,8512,-772,14377,7183,-4096,11870,8430,-945,12758,7566,7755,12411,8889,4521,13271,7285,-434,12859,5261,4575,12650,3989,7651,14047,1741,3693,13840,1463,3105,14488,1756,6517,16231,467,7906,14616,-189,2723,15247,-2228,1461
14159,673,-2070,13369,2603,-1393,13103,5203,128,13558,7198,-3966,12976,7762,-4639,13302,8704,1015,12718,8992,5595,12647,7989,1737,12466,7256,2306,13332,7001,7155,13754,4760,2948,13081,2181,2835,13585,1473,7869,14372,1588,4438,15774,412,3651,14481,-1219,6999,14972,-1110,5269,15300,-717,-1986,15351,-323,-5573,14313,-52,-497,14222,1242,2032,13815,2265,-2571,12992,3408,-2685,12920,6036,-969,13454,7282,-3941,13010,8858,-3125,14300,6823,4334,10590,9220,6558,14072,6903,-745,11415,7782,2880,14607,4292,8256,12580,3565,3408,13200,1580,2963,14824,1993,6085,14845,2386,5811,15877,-993,5371,13721,-1326,3239,15877,-1198,2382,15241,-426,-2907,14749,-607,-5365,13805,464,1553,14369,1551,1844,13065,2810,-4794,12882,3928,-2809,12919,8462,-75,14925,8345,-3445,12392,8826,-609,12352,7822,5714,12792,9572,3914,13315,6144,1407,12125,4686,4143,12752,4717,8139,14935,3234,4374,13297,1670,1292,14507,166,5826,15261,729,8561,15303,-695,3549,15098,-1907,2029,14553,-68,-287,15814,-196,-4336,14423,695,-3205,13620,577,2820,13557,2284,689,13419,4705,-6159
12653,8477,5693,12755,7244,1522,11892,7708,1836,13845,6768,6894,12951,5281,3271,13666,2554,2863,12955,2252,7663,15140,1715,4820,15586,1140,3077,14798,-1413,6185,14556,-1245,5675,15548,-1032,-547,15584,190,-5537,14598,-207,-840,13540,178,2348,13814,1190,-2652,13385,3385,-3128,12976,6038,-121,13461,7473,-3305,13205,8581,-4568,13722,8039,3407,11664,8531,6627,13189,7547,497,12526,7280,2630,13415,5532,7447,13531,3631,3806,13029,2192,3282,14582,1121,6183,14621,2022,5388,16024,-882,5236,13900,-979,3855,15476,-1251,2966,15387,-136,-2624,14893,2,-5448,14184,332,487,13975,934,2392,13296,2582,-3977,13115,3406,-3330,12356,7524,-285,14738,8244,-3532,12795,8825,-2244,12133,7312,5942,12553,8513,5678,13572,7451,-72,12667,5949,4070,12529,4142,7906,13863,2759,4170,14289,2284,1848,14608,1548,5741,15240,380,8362,14816,-867,3570,15293,-1649,1063,14815,-318,1181,15673,-928,-3278,14222,-108,-3935,14151,255,2263,13127,2912,416,13475,3499,-5463,12944,6378,-3236,13637,8379,1039,13909,8607,-1639,11932,8261,-433,12571,7938,6169,12614,8936,5312
12991,1979,6991,14940,1322,5358,15482,1353,3116,14855,-691,6308,14656,-1299,6261,15279,-1175,-743,15638,-139,-5761,14800,-328,-1101,13652,407,1765,13700,852,-1526,13003,3285,-3679,13305,5701,-761,13603,7710,-2727,13457,8196,-4405,12857,7576,2427,11778,8511,6795,13297,7428,714,12743,7276,2017,12668,5747,7787,14208,4600,4327,13183,2736,2561,14687,854,5655,14037,1761,6139,16266,-665,5591,14293,-1119,3675,15258,-1485,2443,15236,-483,-2284,15099,-355,-5118,14106,-244,585,13861,483,2653,13106,2724,-4000,13297,4840,-4355,12924,8002,628,14487,7913,-2707,12486,8038,-2817,12213,7290,5193,12264,9298,5779,14296,7696,691,12288,6349,3394,13121,4023,8324,13681,2864,4687,14136,1801,1272,14580,1082,5031,15004,207,9445,15212,-919,4356,15011,-1667,614,15092,-188,136,15602,-701,-3320,14249,-40,-3550,13734,-26,1864,13174,2664,1846,13883,3732,-5844,12606,6875,-4737,14035,8175,1039,13596,8257,-1455,12139,7733,190,12085,7134,5695,12916,8982,4748,14080,6656,774,11938,5206,4560,13427,2772,9303,14059,2306,3563,14739,1276,-109,14674,649,7527
15787,-16,-6135,14402,-638,-1910,13780,-167,2289,13806,1464,-1179,13674,3877,-3821,12756,6325,-453,14027,8315,-2880,13059,8389,-5071,12896,7892,3220,12058,7744,6432,12880,7213,1556,12372,6933,1980,13384,5710,7031,13495,4634,5397,13906,2128,2629,13833,586,4311,14601,1297,6539,16173,-681,6330,14237,-444,3706,15640,-1158,2197,15320,-234,-2667,15136,-275,-5823,14356,-629,260,13171,881,3505,13774,2351,-3372,12578,5808,-5002,13515,7937,-118,14004,7976,-2379,12406,7633,-2240,12701,7225,5020,11767,9417,6190,14419,7549,1046,11711,5545,2943,12874,4028,7481,14632,3543,6058,14330,1828,1090,14711,-33,3932,13581,-465,9839,16599,-1052,4875,14358,114,-38,16276,-458,-480,14184,-141,-2489,15183,-1110,-3950,13296,451,1562,13155,2088,2034,13421,4521,-4941,13214,7477,-5021,14340,8556,-46,12810,7566,-458,11895,8056,251,12860,8290,5571,12781,8665,6037,12622,5664,-131,12931,4895,4123,13907,4012,10022,13968,1710,3805,13941,-501,-187,14954,383,6968,15654,431,9897,15500,-1068,1786,14475,-899,-3436,15813,-558,-459,14625,-213,-1943,14204,83,-3832
13847,9026,-2784,13170,7574,-4020,11444,7009,3365,11917,8966,7646,14224,8827,2196,12678,6439,1013,11479,4483,6357,15179,3707,7298,13513,2866,2150,14992,-1043,3298,12829,617,8338,17539,-704,5828,14280,814,2184,15865,-1169,844,14963,-597,-2715,14958,-862,-4263,14011,128,-402,13415,1626,3402,13314,4006,-3073,13117,6857,-6251,14122,7984,-1114,13159,7834,-666,12106,6786,-1598,12214,7383,5082,12379,9408,7149,14454,7311,594,11228,6275,2335,14421,3510,8768,13420,2011,5878,14068,-597,311,14194,768,4513,16455,629,10589,14924,-92,4264,14895,-921,-3090,15746,-214,-1077,15192,-844,-721,13852,-1267,-3734,13028,-58,1668,13385,4149,1542,14106,6495,-5759,13107,8376,-5421,13623,7620,-189,12520,7322,1528,12225,7423,1504,12196,8454,5168,13148,8861,6471,13067,6173,908,12887,4911,3412,14419,1966,9480,13188,151,3953,14963,-106,-224,15474,893,8178,15329,53,9728,15215,-1150,-564,15427,-595,-5371,15073,-894,-48,14514,-1377,-787,13383,74,-2570,13337,2546,1405,13155,7244,-1099,14477,7461,-6357,12969,8268,-4853,12712,6573,2731,11818,7249,4197
14397,3449,8024,13425,2083,6996,14041,-1239,817,14018,237,3889,16372,831,10613,15372,-78,4904,14740,-964,-2835,15621,-650,-2035,15071,-989,-429,14082,-1196,-3613,13017,221,768,13472,4501,2218,14175,7239,-4931,13340,8618,-6554,13581,7199,-774,11863,7114,2335,12575,7222,1670,12098,8715,4678,13007,8831,6916,13249,6624,1021,13356,4921,2939,14036,1234,9368,12756,-250,4582,15089,-14,443,16072,1032,7572,14985,653,9336,15441,-1646,-467,15280,-422,-5979,15339,-1344,-173,14050,-1280,198,13481,-25,-2682,13455,3110,311,13176,7572,-330,14550,7744,-5942,12578,8207,-5229,12566,6263,2341,11655,7727,5278,12760,8743,1686,12711,8545,4757,13100,7666,5942,13613,5146,1983,14311,2416,4451,12670,-456,7886,14605,-644,3797,15920,1568,3405,15832,-294,7760,14677,-718,4247,15686,-1677,-4637,15334,-757,-4791,14141,-1331,1203,13648,-240,735,13467,2949,-2854,13223,6199,-2221,13734,8484,-1391,13393,7648,-5204,12415,7071,-2659,11758,6840,6633,12862,9084,5508,13019,8761,420,13010,7504,4490,12811,5872,7077,14996,2472,3184,12444,-99,3943,14726,-1172,5950
15000,-1126,-6202,14910,-1425,-1320,13799,-75,1657,13939,1284,-1550,13336,4527,-2280,12970,6817,-445,14163,7602,-5323,12984,7751,-5122,12616,7127,4022,12337,8634,6293,12543,7891,668,12200,8428,3182,14215,7155,6698,13539,4010,3714,13104,831,3621,13644,-165,6499,14755,1200,5315,15790,793,4863,14920,-858,5386,14883,-952,3113,16003,-1508,-4376,14573,-1513,-5372,13791,-1133,1319,13721,1082,2842,13675,4531,-3426,13755,6234,-3939,13116,9039,-1488,14345,7306,-3872,11952,7290,-1690,12261,6566,7188,11850,10435,6332,14636,9148,-169,12472,7129,2797,13155,3058,8443,13559,1125,4405,13582,292,2426,14672,72,6364,14819,1168,7877,16020,118,3675,14875,-1003,1560,15457,-1124,-1026,15099,-1858,-3743,13985,-625,-3355,13922,664,3027,13706,4107,1364,13590,6096,-6436,13097,7480,-4460,13886,8117,-472,12801,6570,-1269,12212,7571,2405,11578,7785,7076,12808,9267,4522,14219,8196,-454,12546,4184,5102,12722,600,9442,13657,394,2826,14964,1324,670,15125,1352,8792,15013,-291,9061,15746,-970,151,15293,-989,-3103,15255,-1127,-724,14842,-1414,-3345,13649,589,-1095
14045,7229,-2984,12227,7036,-3152,12195,6396,6803,11564,9822,7317,14615,8214,-475,12884,7393,2245,13069,3662,7767,13300,1730,5051,13856,557,2611,14416,165,5195,14885,2330,8076,16381,342,4723,14576,-999,907,14916,-1391,103,15453,-1412,-3227,14085,-472,-4345,14100,145,2486,13339,3678,2205,13996,5241,-6006,12888,6157,-5196,12982,8142,-302,14342,6695,-1626,11446,7237,1158,12249,7078,6989,12889,10262,4438,14409,8185,-26,12524,5072,3393,12930,1795,8754,13573,1064,5171,14524,998,533,14800,1653,6479,15566,440,9536,15129,-996,1660,14828,-1402,-2214,15571,-947,-1132,14660,-1166,-2433,13664,44,-2181,13664,2270,2918,13921,5479,243,13557,6363,-6807,12620,7380,-4761,14077,7961,879,13205,6999,1613,11224,7902,3513,12454,8780,5615,13869,9841,3920,13773,5708,367,12597,1843,5027,12292,873,9839,14766,-433,3434,14368,1766,404,15725,709,9271,14615,536,7250,15598,-1457,-2250,14940,-1131,-3790,14823,-507,-172,14552,-89,-1469,13818,2003,-1131,13896,4265,1415,13754,6157,-2491,12882,5538,-6758,12553,6554,-2564,14184,8564,2806,11796,7341,3991
12495,2316,7308,13442,1954,6345,14248,922,1978,13799,191,4920,14812,1953,8328,16160,1022,4488,15457,-796,1630,14269,-1358,-126,15413,-1675,-3237,14520,87,-3786,14216,979,2013,13416,3754,2956,14000,5054,-5076,13306,6480,-6344,13512,6973,-541,13289,5737,-393,10958,7725,1310,13724,8067,6383,11976,9950,4483,14313,6213,-596,12026,5216,2991,13558,1554,9229,12880,1034,5540,14648,496,783,14343,2445,5495,16006,1664,9299,15080,-390,3023,14764,-1214,-2330,15720,-1269,-649,14843,-846,-2288,14041,87,-2834,13743,2526,2476,13987,4921,755,13819,5106,-6735,12168,7259,-4837,14541,6347,772,12030,7758,1639,12518,6886,2413,10822,9456,5893,15130,9562,4380,13479,6507,-417,12309,1539,4439,12138,756,9951,15004,748,4004,14434,2354,443,15533,924,8089,14915,848,8886,16043,-1595,-1207,14985,-922,-4835,14831,-1210,435,14505,-891,-775,13701,1907,-1931,14022,4061,1825,13198,6002,-1911,13712,5523,-7260,12321,7336,-3074,14061,7927,2447,12093,6255,3895,11153,7813,2498,13407,9460,4266,14039,9060,4687,13457,3331,595,11994,-234,5406,13181,1044,9498
14747,343,2014,15352,-1321,1786,15349,-1601,-2141,14504,-963,-5041,14159,94,970,13753,3486,3247,13796,4264,-3982,13115,5806,-5611,13685,6689,-841,13689,6528,-1416,11987,6898,-1116,12358,7581,5454,12828,10426,6890,14369,7929,308,11975,4891,1449,13002,2672,7884,13862,1620,5458,13248,557,1644,14435,841,5631,15341,2954,8782,16526,1281,3884,14164,-2410,685,14896,-1016,-744,15780,-1005,-2467,13989,265,-3050,14067,593,1378,13790,4397,2240,13896,5233,-5460,12932,5866,-5423,12984,6800,560,14004,7199,-622,11587,6268,1527,11888,8007,6460,13737,10379,4142,13895,8110,591,12255,3626,2748,12597,573,8470,13597,918,5752,14702,1465,204,14862,2224,7055,15470,1073,9964,15437,-587,420,14929,-1580,-2940,15433,-1373,-617,14725,-1052,-2067,13947,1032,-1721,13821,3063,1919,13681,4648,-332,13181,4985,-6196,12424,6872,-4826,14573,6941,1617,12363,6952,3175,11699,7775,813,12152,9798,4747,14567,9912,5362,13439,5357,-228,12459,877,4699,12302,1100,9664,15137,767,3013,14739,2721,1513,15560,505,8445,14603,585,7988,15729,-1615,-1778,15065,-978,-5287
14426,3232,-1430,13202,5135,-5632,13233,5973,-1853,13903,6719,-1557,12584,6593,-3588,12202,6136,4284,11365,8869,7090,14785,9200,1018,12999,8426,1077,12479,3525,6533,13053,1721,5933,13733,1576,2474,14480,927,4596,14101,2802,7923,16376,410,5626,14699,33,2198,15005,-1356,978,15430,-1699,-2557,14375,-893,-4545,14352,472,940,14006,3493,3548,14034,3809,-3376,12877,5251,-6372,12697,6980,-867,14555,6925,-1045,12213,6982,-951,12043,6861,5770,12077,10519,5852,15068,8663,317,12284,5828,1560,13067,1800,7991,12963,1442,6383,14202,800,1072,14332,2112,4908,15447,1650,9469,15239,534,4321,15259,-1485,-378,14995,-976,-995,15017,-1316,-1964,14393,-423,-3245,14064,1847,1780,14050,4294,2113,13547,4458,-5531,12598,5932,-6134,14075,6819,39,13121,7357,898,12271,6897,1018,11575,8561,5208,13869,10018,5343,13875,7454,127,12084,3594,2861,12668,471,9476,13715,1222,5103,14562,1688,204,15005,1898,6638,15212,1220,9822,15627,-1069,2006,14707,-1186,-3763,15374,-1239,-764,14785,-899,-1156,13823,1376,-2420,14371,2845,2106,13344,5105,-9,13744,4736,-6879
12260,9413,8149,13770,9353,1893,12173,8026,-352,12910,4524,5674,13211,4017,5744,14018,1915,2883,13140,312,6037,13892,2211,6632,16711,1806,4370,15223,1038,4113,14984,-2330,4238,14687,-1721,-1082,15452,-990,-5562,14467,229,-1440,14073,2227,3502,14085,3299,-1167,13290,4405,-5607,12186,4783,-1642,14106,7135,-1324,13329,6998,-3285,11421,7433,3916,12379,9606,6991,14954,9504,846,12648,7199,857,12203,2793,6957,13363,1909,6456,13521,2129,2534,14807,1191,4476,13989,2864,7859,16707,219,5466,14485,-299,1828,14991,-2296,734,14899,-1277,-2404,15101,-339,-3838,14147,970,1121,13602,2734,2749,13654,3330,-3988,13305,5937,-6438,13106,7048,-370,14042,6551,309,11940,7534,-1129,12841,8189,4720,12253,10634,5787,14921,7225,758,11614,5727,1811,13524,1588,8433,12681,1108,6166,14111,1431,734,15022,2883,5274,15502,2120,9610,14961,-1144,4645,14783,-2206,-1133,15253,-1040,-1632,15290,-883,-1306,13955,959,-3194,14804,1597,1563,13432,4623,1997,14380,3939,-5946,11790,6043,-5702,13907,6408,518,13255,7236,1643,12078,9290,1185,12942,8549,4687,12229,9455,4300
12693,1728,5974,14243,656,6358,14875,2866,4372,16985,1464,4132,14163,-1004,5636,15288,-2581,380,15011,-1156,-5035,15380,-752,-1961,13316,1595,2962,14574,2065,-749,13390,4702,-5118,13304,5256,-2220,13533,6198,-1547,12599,6442,-4098,12316,7401,2226,11795,9608,7320,14246,9704,1877,12956,7820,440,12219,3417,5825,12880,3372,6245,14686,1724,3166,12980,732,4718,14520,1839,6691,16628,2081,5516,15424,-173,3311,14338,-1760,2062,15543,-2258,-1205,14714,75,-4371,14654,-103,-667,13556,2458,3352,14211,3306,-2461,13122,5377,-6414,13169,6295,-1377,13633,6302,-662,12565,7155,-1733,12015,8235,3966,12904,10700,6838,13953,8953,1285,12333,5202,641,12168,2912,7827,14414,2025,6842,13299,1022,2026,14248,393,4042,14826,3019,8335,17141,376,5372,13982,-1043,596,15326,-2076,-618,14867,-338,-986,15533,-225,-3478,13375,1061,252,13567,3185,2658,14167,4723,-4760,13022,5657,-6170,13555,6118,-504,13065,7308,683,11930,8096,587,12510,9121,4227,12676,10412,6353,14532,6195,652,10847,3799,2151,13982,1574,9118,13174,2012,6138,14757,325,453,14362,2783,4854
14481,-1116,-4552,15634,-1136,-2188,12904,1664,2865,14617,1807,-73,13129,4766,-5764,13148,5287,-2935,13671,6093,-954,12676,6593,-3517,12168,7524,1518,11769,10056,7355,14083,10180,2853,13535,7544,-71,11623,3626,5942,13153,3060,7093,14481,1603,2876,13512,625,3683,14575,2338,7160,16961,1488,6521,15070,-172,2629,14863,-2617,762,15226,-1885,-935,15105,-717,-3550,14001,-386,-1163,13556,2594,2570,14169,3380,-1873,12818,5459,-6763,12890,6581,-2166,14061,7648,71,12109,7775,-4,12417,7566,3463,11252,10716,5766,15663,8777,2427,11890,6533,766,13508,1216,7394,11972,1856,8203,15391,385,1439,14316,2911,2711,16091,1287,9963,14890,-279,6325,15325,-2061,-1336,14998,-1797,-1884,14703,-1346,-950,14601,190,-3665,14246,2368,244,13478,4175,2911,13580,4114,-4934,12071,5818,-7262,14374,7031,-533,12319,7355,2853,11881,8692,1502,13021,10120,3040,13448,9794,5762,13203,4074,1775,12288,3818,1783,13633,1706,9172,13442,2112,7239,14858,1296,-795,15364,2052,5143,15686,742,10721,14662,-2013,2380,15288,-1924,-5527,14479,-1136,-1094,15070,-583,796,13832,1938,-2587
13605,7005,-151,13098,6783,-1482,12479,8099,2297,11660,8957,6265,13787,9512,3290,13353,7238,-245,12619,3076,6064,12128,1015,9014,14273,1366,2081,14661,2726,1697,15444,2726,8459,15240,-433,7911,15001,-1433,856,15268,-1599,-1607,15403,-1200,-631,14467,-777,-3616,14098,812,-948,13709,3224,3325,13879,3910,-2757,12552,5325,-7351,13731,6852,-1826,13521,7186,1190,11206,8278,1245,13550,9153,2770,12779,10803,6161,13896,6465,1705,11337,4693,312,13661,2109,8491,13506,2531,8548,14680,-219,863,14140,2457,2615,16428,508,10199,14665,-336,5986,15309,-2729,-3347,14955,-1238,-1834,14990,-155,115,14628,821,-3402,13589,2237,53,13537,4111,1794,13742,5259,-4591,12714,6697,-6318,14116,6230,-726,11641,8019,3158,12966,7682,2832,11854,10064,2467,13655,8614,5820,13190,5221,2807,12620,2211,1465,12299,145,9617,14879,2484,6463,15185,3437,-367,15991,600,6380,14080,180,8592,15945,-2511,629,14818,-673,-4558,15222,-1333,-1264,14328,456,743,14440,2410,-1857,13956,3265,-1832,12730,4064,-208,13389,5516,-4844,13456,7836,-5494,12965,6643,2792,11350,8313,5967
[row took 90246us]
12528,3150,4762,12869,1417,8305,13780,192,3924,14106,1093,1868,14911,2887,7666,16201,1337,8252,14817,-364,1164,15159,-2093,-1185,14846,-1228,-770,14770,-895,-3447,13978,944,-1385,13896,3346,3183,14063,4454,-1477,13131,5108,-7693,12174,4712,-2618,13731,7015,1748,13990,7183,-417,10511,8622,3798,13209,8813,5259,13547,9788,2313,13707,5615,1215,12671,1408,6018,11749,1616,8028,15670,443,2237,13638,3826,2198,16709,737,10387,14088,446,6141,16129,-2557,-2825,14776,-1281,-2506,15196,-1429,-123,14218,10,-2058,13974,1906,-520,13481,4479,1886,14099,5190,-3068,12732,6793,-7005,13017,5476,-731,12844,8000,2393,12929,8046,2237,12314,9843,2814,13266,9858,5390,14125,6797,3198,12781,3503,1122,12513,-188,7359,13305,980,8230,14846,1195,773,15351,2028,4455,15210,722,10110,15399,-1018,3263,15081,-1302,-5375,15024,-1472,-2127,14373,42,1046,14493,1708,-1132,14082,3493,-924,13203,4742,66,13646,5417,-5129,12705,5934,-5954,13019,7058,1138,13695,6277,4971,10559,8847,2738,13969,8979,675,12264,8805,5591,14580,4035,3771,11978,1789,2053,12836,129,7790
15196,190,3571,15382,-1426,947,15254,-953,-761,14780,-1256,-3220,14345,-550,-2636,13730,2066,2976,14294,4146,860,12903,4800,-6254,13410,5384,-4286,13112,7664,689,14313,7414,-2140,11477,6729,1798,11940,8397,7324,13918,10082,3193,13562,7610,-110,12851,3065,4650,12109,681,8347,14056,752,4059,14311,2367,1009,15272,2678,7881,15210,705,8748,15022,-869,267,15063,-1700,-1237,15357,-721,-493,14748,-887,-3336,13715,1352,-1595,14294,3286,2818,13861,4656,-1129,13179,4742,-6723,12648,6373,-3131,14294,6928,1450,12526,7174,779,12187,7981,2585,12395,10265,6185,14535,8890,3323,12973,5010,-199,12310,615,6043,12190,1627,9358,15291,1036,2327,14265,3314,1527,15919,829,9162,14401,685,6893,15767,-1928,-1632,14839,-1311,-2830,14814,-420,-97,14787,21,-1934,13919,2131,-1063,13796,3744,2149,13667,4882,-2685,13038,5638,-7057,13281,6560,-1757,13083,7552,2802,12199,7039,2687,12194,8923,2482,13422,9657,5136,13651,7092,3598,12636,2883,533,12055,-8,7159,13671,1730,8552,15328,2197,721,15134,2556,4295,15052,535,9553,15275,-1229,3392,15303,-1416,-4407
14061,3171,2682,13738,3760,-4872,12653,4166,-4100,12694,6420,-255,14638,6563,-2867,12456,7139,-373,11395,7551,5518,12673,11037,4401,14822,9368,819,12626,5492,2271,12483,1906,8042,13235,1389,4899,13794,2066,2029,15100,1720,6597,14703,2065,7508,15823,179,3115,14788,-1393,2177,15049,-963,-728,14969,-1451,-2794,14452,283,-2882,14005,1401,2346,13960,3643,1187,13340,4742,-6084,13141,6000,-4571,14073,7477,409,13569,6600,-803,11596,6961,983,11747,8381,6098,14450,10657,4735,13784,7703,-571,11965,2771,4003,12000,714,9214,14470,1243,3935,14187,2136,1397,14495,2576,6882,15580,1113,8376,15119,-390,2329,14981,-1784,-1447,15259,-1245,-808,14906,-525,-2290,14471,1293,-2630,13697,3089,3373,14026,3507,-796,13118,4663,-7457,12786,6214,-3203,14383,7085,1460,12386,7002,527,12178,7597,2602,11868,9784,5647,14601,9294,3550,12923,5513,-279,12517,1119,5447,11709,1097,9424,15254,1388,2657,14423,3339,1208,15995,1304,9144,14485,486,7183,15797,-1816,-1687,15037,-1460,-2622,14946,-839,392,14800,-78,-2257,14009,2194,-1079,13830,3751,1814,13746,4879,-2654
12337,7009,4100,11813,9484,6334,14764,9290,648,12066,7993,1470,12756,3326,6999,12978,1830,4153,13193,1734,3366,14221,1050,6859,14273,3330,5823,16684,865,3761,14563,318,4448,15155,-1715,2774,15322,-1583,-2829,14600,-381,-4388,14571,590,1040,13932,3260,2482,14163,3509,-3928,13063,4680,-4538,12640,6429,-602,14521,6192,-2404,12068,7448,-1697,12564,7060,6039,11708,10880,5480,15000,8388,-275,12178,5870,2511,12493,2046,7756,13270,1145,4663,13824,2172,3362,14673,2080,5876,14914,2570,6417,15710,464,3794,15201,-1361,2625,14530,-964,489,15478,-1779,-3092,14253,457,-3622,14541,2122,1913,14375,3568,1760,13289,4098,-5640,13047,4852,-4445,13656,7084,-146,13425,6257,-1067,11767,8413,1154,13180,8338,5644,12224,9750,4365,14159,6603,-148,12067,4270,3232,12893,1554,9405,13381,1153,4714,14083,1848,1233,14891,3139,6463,15886,1310,7847,14718,-544,2628,15123,-2159,-236,15255,-1402,-669,14910,-522,-2907,14995,1101,-2462,13757,3167,2758,14233,3555,-338,13111,4799,-6840,12730,6226,-3411,14135,6188,798,11388,7337,652,13323,8862,2078,12255,10663,5810
14100,926,2458,11685,1027,8039,15328,2516,5790,15867,3217,2440,15578,314,5615,13935,-2016,6228,15224,-2227,-1167,15536,-348,-5643,14728,-78,-345,14046,1721,2267,14247,2595,-2007,13795,4334,-3821,12787,5357,-1051,13515,6130,-3009,12779,6995,-3674,12795,7807,4417,12175,9315,6118,13319,8751,-458,13110,7438,2284,12606,4142,6791,13230,1722,4480,12621,1519,3830,14739,1513,6239,14466,3466,5272,16356,862,3836,14128,-532,4991,15345,-1807,3879,15494,-1293,-3666,14553,-92,-4924,14568,1138,985,14228,3027,2594,14311,3373,-3602,12518,4138,-4378,12661,5994,-1002,14386,6225,-2543,12014,7553,-1557,12565,8079,6428,12666,11167,5269,14670,7980,-614,11243,4192,1821,12520,2499,8105,14405,2379,5738,13124,2583,2825,14768,974,5921,14677,2848,6047,16594,539,3462,14701,-1127,3273,14651,-1841,751,15262,-1071,-3149,14834,497,-3390,14233,2168,882,14104,2840,1943,13248,4039,-5070,12920,5015,-4930,13915,6129,565,13160,6649,-1094,11720,8093,-86,12898,9557,6626,13052,10346,4834,14333,5731,-1188,10548,3316,3980,13395,2237,8867,14220,2009,4465,13646,1268,2076
15211,-2675,1368,14803,-1184,-5943,15100,-655,-945,14298,973,1839,14195,1648,-1761,13320,3222,-2987,12854,5269,-1462,14101,5851,-3214,12617,6177,-4917,12359,6833,2135,11796,9450,6912,14310,9877,1131,12499,8694,1421,12816,4213,6152,12314,3960,4105,14914,1953,3511,12762,1357,6667,14437,1665,5758,15993,2439,3553,16210,120,4924,14106,-1831,4723,15568,-2845,-1889,14534,-231,-4872,15267,-383,154,13376,2424,2235,14176,2188,-2630,12908,4912,-4756,13441,6127,-1197,13796,5928,-2353,12164,7027,-2968,12281,8044,4886,12760,11071,6493,13912,9377,348,12667,6043,1792,12137,3199,7243,14087,2606,5285,13359,1310,3123,14044,305,5722,14532,2948,6397,17690,848,4437,14010,-905,3048,15258,-2294,1183,14852,-1014,-2254,15344,138,-4005,13673,1094,885,13740,2575,2175,13881,4114,-4913,13037,5204,-5477,13412,5968,32,13184,6708,-1367,11929,8228,-467,12586,9431,5652,12950,10941,5702,14367,6948,-148,11039,3710,2980,12844,2303,8997,14313,1632,4977,13663,1202,1398,14510,2261,5782,16366,2295,8181,15471,-308,3289,14734,-2111,-1049,14996,-1597,222,15299,-714,-1451
12794,5103,-1834,14152,6882,-1982,12888,6267,-4939,11640,6973,2809,12622,10292,7398,14088,10514,506,12515,8068,1214,12708,4161,6849,12620,2752,5241,13470,1075,2792,14348,1173,5881,14227,3778,6119,17253,530,5106,14381,238,4013,15361,-3017,2893,15048,-1520,-1747,14668,-1815,-4888,14517,156,-80,14064,3289,3037,14278,3019,-2602,12537,4537,-6867,12658,5973,-981,14045,7242,43,12327,6767,-2759,11810,8450,4733,12623,11492,6244,14944,9460,-323,12344,5004,2186,11846,2509,8391,13921,1902,6440,13916,1947,1668,14907,1637,4196,14995,2266,9224,16099,-121,5185,14765,-2368,286,14939,-2382,-377,15252,-1267,-2096,14667,17,-3259,13832,1750,1157,14072,3769,1859,13410,3836,-4938,12369,5605,-6571,13739,6806,-103,12992,6998,1379,12065,9805,646,13648,8527,4229,11289,10078,4958,14809,5717,192,12278,5185,3022,13218,560,10001,12997,1934,5569,15159,1536,308,15076,2866,5400,15722,-65,9724,14582,-2002,3119,15284,-1824,-3525,15345,-551,-1070,14813,-763,-473,13407,970,-3229,14639,2608,1087,13695,5192,948,13495,4509,-7124,12221,6617,-4843,13984,6502,2254
12056,7082,731,13204,3804,6493,12836,2970,6870,13448,1256,3108,14764,2203,3225,15317,3588,7623,16324,-151,6762,13951,-1515,1412,15283,-2268,652,15518,-448,-554,14919,-856,-4346,13716,48,-530,14232,2878,2931,13916,3500,-3597,12591,3737,-6536,12384,6168,-1065,14571,7933,70,11833,8333,-384,13084,8099,3818,11469,10051,5466,14737,7733,1066,12111,5838,1563,13354,2790,7967,12774,2009,7712,14615,1464,592,14691,2411,3395,16222,1261,10178,14680,-1027,5537,15112,-2520,-1424,15007,-1213,-930,15392,-831,-1153,14098,-44,-3541,13910,1311,621,13579,3770,2241,13614,4402,-4920,12762,5866,-6159,13207,7379,385,13776,8011,1148,11865,8621,1138,12559,9087,4384,13372,9305,5042,13720,6155,1299,12529,3432,2584,12678,1270,9049,13944,1739,6921,14567,1628,-200,15336,1185,5889,15247,354,10016,15302,-1772,1498,14634,-1475,-3873,15301,-683,-729,14702,395,-399,14256,1202,-2245,13652,2441,146,13508,4423,-81,13514,4872,-6326,12107,5889,-4556,13762,7389,2072,13271,8567,3461,12379,8648,1225,12313,8495,2578,13559,8156,5692,13452,4613,2010,12397,2049,3608
16061,-321,7273,14194,-212,2947,15591,-1784,1670,14825,-401,-769,15094,-496,-4242,14149,792,-1658,13824,2583,3511,14112,2871,-1502,12995,4196,-6653,12876,5259,-2340,12931,7593,691,14020,7342,-2255,11702,7062,3572,12588,9690,6537,14132,7867,-44,12125,6676,1271,13295,2501,7773,12283,2523,7037,14825,1411,1820,14360,3283,2504,15635,2031,9326,14689,-486,6391,15215,-1855,-1073,14732,-1500,525,15601,-898,-864,14431,-338,-4027,14241,983,37,13582,3462,1997,14206,2554,-3438,11839,4948,-5727,13773,7065,-1012,13844,8587,1327,12681,8183,607,12105,8203,2535,12558,10362,5486,15103,7392,2189,11579,4256,1148,12965,826,8838,13085,3199,7558,15410,1439,35,14164,1737,3688,15561,-165,10353,14642,-956,4784,15299,-1817,-2631,15097,-716,-1869,15001,330,-360,14307,1114,-2547,14106,1790,208,13297,3848,1978,13946,4310,-5696,12261,6515,-6220,14579,6458,893,11942,7726,3125,13522,8939,1022,12397,8786,2573,12619,7801,5367,13322,4359,1742,12705,3677,2962,13323,1136,9386,13398,2262,5410,15247,2657,-76,15283,1692,6122,14716,-250,9316,15100,-2290,1150
13793,1162,3040,14324,1931,104,13364,3625,-5180,13107,4557,-2421,12784,6976,-394,13868,6895,-3466,12582,7795,469,12113,8504,7457,13370,9472,2667,12918,7519,62,12851,4158,5697,12383,2705,6893,13579,1708,3080,14440,2108,3676,14894,3012,6814,16003,245,6887,14115,24,2042,15802,-2352,1686,14747,-304,71,15620,-733,-4134,14041,975,-1880,14073,1790,3211,13876,2787,-1429,13127,4059,-6484,12484,4385,-1183,13786,8005,-122,13247,7948,-3145,11954,7574,3386,11566,9464,6428,15093,8337,1815,12224,6724,1213,12868,2080,6187,12016,2718,7674,15305,1891,2258,14366,2666,2696,15094,1266,9255,15244,-376,5905,15538,-1298,-595,14828,-1105,124,15724,-990,-329,14298,-115,-3361,14345,796,-444,13524,3619,1795,13945,3310,-3043,12471,5197,-6371,13771,6175,-811,13433,7789,1659,12070,8156,-646,12766,8462,2143,12605,9775,6824,14575,6659,2021,11357,3602,1273,12964,2295,7994,13930,2462,6712,14434,1443,950,14343,2095,3973,16188,1280,9520,14804,-219,5062,14927,-3427,-2108,14654,435,-1555,16189,-192,76,13573,998,-2414,13993,728,-845,13688,4004,2055
12809,7291,-2415,12157,8112,5451,13121,9892,4425,13450,8872,-689,12691,5768,4637,11813,3786,6965,13968,1479,2835,12601,2716,4467,15065,1901,6661,14635,3131,5372,16334,-123,3659,14261,-1342,3782,15212,-1524,1922,15593,-680,-3354,14783,129,-3298,14145,1425,2493,14395,1997,312,13490,3379,-5367,13050,3911,-2966,12694,7013,302,14405,6494,-3303,11827,8432,-158,12587,8497,6404,12930,10247,3299,13534,7338,139,12088,3578,5038,12221,2482,7265,14109,2021,3462,13994,2646,3307,14959,2592,6781,15935,838,6610,14711,-90,2484,15358,-2538,2258,14740,-1013,220,15244,-633,-3663,14477,833,-1926,14108,2397,2342,14412,2987,-778,13022,4168,-6730,12549,5016,-2519,14117,6878,1367,13061,7197,-1987,11736,7916,1631,12050,9291,5818,14552,9234,2853,13077,5919,75,11661,2295,5941,12869,1913,8371,14645,2670,2846,14587,2328,2348,14571,2329,8150,15763,-136,6902,15126,-1437,595,14689,-1410,-509,15602,-731,-271,14673,574,-2822,14596,1369,-1204,13873,3357,2905,14054,2939,-2531,12536,4277,-7475,12592,5983,-1011,14261,7371,1600,12274,8035,-171,12660,8213,2590
12804,3013,2596,12877,1596,4581,13904,1888,7816,14696,3073,4244,16074,1718,2993,14552,-258,6046,15221,-1689,5330,15248,-1304,-2816,15074,-394,-4579,14805,646,992,14422,2009,1988,14009,2540,-3517,13215,3273,-2799,12615,4915,-917,13955,5778,-3873,12506,7419,-2713,12101,8229,5871,13245,10549,4364,14339,9173,-403,11460,5263,3616,11757,3417,6625,14459,3108,4116,13425,2140,3857,13882,1090,6796,14737,3082,5393,16978,957,3183,14067,-614,4520,15367,-2145,2622,15076,-607,-3221,15120,-193,-3289,14054,1105,1862,14184,1942,745,13755,3420,-4943,13134,4310,-3550,12652,6220,-230,13836,6582,-3275,12198,8306,-212,12682,9281,6801,13101,9750,3468,12903,7097,-648,11948,4041,4496,13034,3325,7777,13996,2238,3562,13632,1686,3300,14423,2466,6680,16230,1672,6649,15128,428,2925,15143,-2710,2268,14788,-1296,387,15408,-848,-3422,14607,750,-2945,14038,2242,2877,14409,2961,52,13385,4165,-6951,11859,4137,-2934,13617,7521,809,13789,7350,-1964,11249,8106,2081,12139,9226,5770,14612,9731,2995,13253,6142,-132,11735,2436,5620,12797,2110,8914,14481,2790,2936
14251,-279,8070,15559,-3523,-347,14683,-781,-5970,15210,-56,186,14364,1416,1834,14158,2486,-2806,13628,3375,-2066,12791,5523,-1416,14167,5576,-4463,12365,6457,-3619,12397,7311,3645,12550,9807,5572,13750,9724,192,12462,7799,2643,12615,4176,6097,12612,2832,3261,14087,1703,4371,13264,824,7375,14267,2310,5123,16545,2392,2878,15575,302,5220,14540,-1653,4363,15308,-2062,-3073,14713,-22,-3789,14939,-333,1591,13631,2290,1325,14346,2616,-3877,13053,4688,-4047,13315,6229,-783,14061,5868,-3286,11960,7461,-2219,12276,7489,6108,12713,10955,5186,13539,9158,-391,12593,5410,3602,11559,3423,6927,14872,1902,3767,12971,2214,4035,14338,317,6642,14561,3164,5894,17560,984,3413,14051,-1077,3673,15214,-2338,1187,15039,-1109,-3208,15591,-241,-3193,13397,1461,2155,14533,2202,897,13460,4582,-6097,13219,5349,-4021,13454,6382,45,12559,6665,-2216,11971,7685,558,12117,9808,6480,13820,10512,4229,13695,6896,-638,11166,3147,4451,12926,2569,8395,14606,1755,3782,13687,866,2404,14325,2276,7009,16927,1762,7491,15394,-337,2239,14592,-2160,-495,15381,-1369,-35
13127,4365,-3558,13374,5714,-1738,13870,6210,-3753,12195,6583,-3926,12150,6984,3833,11925,10114,6427,14231,9875,369,12654,8033,2080,12234,3963,6504,13152,2953,4218,14407,1828,3733,13561,311,6656,14357,2079,6059,17185,1853,3855,15229,-192,4538,14695,-1844,2805,15357,-2611,-2716,14821,-299,-4079,14465,-50,1063,13800,2191,2036,13654,3450,-4163,13078,5270,-5415,13420,6584,-532,13080,6272,-2232,11964,7310,-1595,12095,8480,6008,13385,11057,5714,13714,8748,-201,11954,4837,2959,12416,3174,8038,14868,1732,4809,12986,1029,2496,14772,933,6202,15315,2852,7884,16913,567,3551,14476,-1762,818,15126,-2034,-156,14916,-859,-2132,15058,-461,-2934,13198,1349,2101,13872,3003,804,13686,4991,-6943,12940,5770,-4761,13326,6787,590,12972,7079,-293,11578,8506,1168,12662,9819,5948,13217,10659,4606,13945,5519,-424,11116,3251,4862,14274,1910,9319,13434,1566,3614,14571,974,1408,15016,2600,7354,16721,516,8777,14740,-1890,810,15023,-2326,-3626,15333,-510,403,15342,-860,-917,13127,603,-2781,14095,2735,1460,13554,5074,-932,13242,5457,-7699,12889,7751,-3598
14180,7906,768,12425,6372,1467,13356,3135,7946,12624,2237,6666,14578,1327,1542,14623,1523,4756,15515,2325,8948,15895,-401,4827,14829,-2418,527,15118,-1609,-758,15716,-1415,-2160,14141,-400,-3122,13596,965,1267,14024,3723,2294,13286,4869,-5792,12861,6261,-6279,13659,7741,417,13299,6797,658,10913,7690,487,12418,9056,5058,13909,11116,5787,14350,7237,-92,11503,3322,2995,13262,619,9661,13637,1467,5720,15193,1499,636,14770,1730,6389,15589,296,9293,15267,-1453,1974,15067,-1135,-3893,15637,-831,-902,14634,-1110,-225,13632,856,-3031,14199,2679,1480,13506,5116,-46,13257,4715,-7256,12496,7463,-4637,14027,6550,2193,11675,7886,2766,12885,8396,807,11672,9504,4974,13889,8698,5440,13493,5226,843,12025,911,5069,12941,1290,9482,15074,1531,3181,15317,3126,1092,15698,13,8585,14762,-196,7226,15720,-2348,-2802,15171,-1314,-4640,14724,-918,901,14325,-304,-254,13643,2323,-2185,13880,3860,-386,12962,5983,-2010,13413,7173,-6120,13486,7064,-3327,11141,7515,5503,14024,9587,4300,12315,9599,200,12339,7499,4938,12906,5849,5409,13916,3836,1603
16180,1418,10322,15463,153,3567,14929,-1883,-2763,15425,-1536,-1280,14742,-1093,-727,14112,-46,-2697,13946,1698,791,13515,4578,915,13640,5315,-5995,12264,6237,-5732,13499,6863,722,12736,7604,2387,11828,7842,1806,12095,8865,3573,13703,9792,5508,13986,6360,1767,12450,3293,2106,12677,400,9524,14388,1191,5428,15209,2405,-70,15649,830,7989,14841,-7,8495,15490,-2065,-490,15348,-811,-5222,15084,-1463,-671,14098,-902,584,13591,1429,-1740,14109,3707,-318,13146,5971,2,13727,6174,-5993,12554,7564,-5122,13385,7462,2420,11960,7893,5583,12561,8822,1415,12691,8982,3500,13715,7656,6217,13413,3776,1417,12916,1176,3855,13393,194,9562,14501,870,3678,15801,1999,2769,15687,167,7660,14589,-462,5021,15510,-1585,-3362,15142,-1052,-5272,14226,-315,695,14358,543,1724,13601,3383,-2819,14041,4803,-2334,12711,5833,-1203,12913,5442,-5037,12725,7656,-3053,13641,7272,5729,10987,8934,5206,13235,8178,-694,12771,8585,4612,13911,5201,6845,13203,1875,2031,12721,1271,4178,15020,1117,6936,14921,2782,5616,16404,211,5069,14185,-497,3791,15623,-1594,1250
14092,1914,-8,13238,4793,2015,13881,5412,-5503,12381,7921,-6905,14682,6206,175,10724,7141,4302,13944,7571,2070,11374,8835,2671,13010,7800,5665,13092,5748,2073,13618,3783,1884,12853,798,9361,13913,1054,5924,15138,1908,551,15728,1478,6444,14937,79,8915,15415,-1727,422,15661,-1088,-5855,14950,-895,-1079,14309,-764,1089,13776,1463,-2003,13975,3472,-853,13100,5407,-339,13437,6197,-5205,13149,7385,-4985,12862,6512,1884,11376,7737,5642,12593,8526,1862,12983,9327,2739,13592,7496,5922,13267,4195,2157,12876,1335,3794,13782,854,8629,14558,1219,4789,16011,1315,3352,15062,-32,6521,15129,-982,4882,15700,-893,-3527,15720,-777,-5231,13726,-1058,1155,13772,389,2175,14097,3166,-2636,13208,4537,-2875,13160,6310,-1479,13282,7404,-4255,13342,8115,-3759,13123,6463,4926,10572,8313,6797,13724,8495,-195,12778,8883,3640,13981,4894,7221,12729,1637,2436,12838,744,4095,15109,698,6646,14960,2675,5912,16296,418,5085,14419,-228,2754,15575,-950,1744,15593,-1111,-3540,14194,-1516,-4584,13415,143,2326,14543,2568,1848,13462,4523,-5244,12973,4816,-3532
13302,8175,1437,12126,9955,3094,13491,7964,7207,12537,5394,2090,13243,3622,1270,13630,1395,7915,13148,360,6615,15067,324,1958,15494,2610,5196,15471,831,8620,15026,-2840,2351,15203,116,-6799,16173,-806,-1314,13548,248,2170,14120,237,-2424,13605,3658,-845,13631,5785,-649,13727,6358,-4365,12206,7046,-4874,13645,7054,127,11643,7230,6129,12351,7981,2721,12811,8659,1163,12835,8060,7418,13814,4408,2891,13121,1371,2224,13138,222,8144,14680,1735,4978,15879,2043,4127,15499,319,6201,15000,-675,3720,15777,-1236,-1515,15657,-1240,-5577,14183,-920,-801,14105,683,3278,13491,2903,-2647,13609,3654,-3948,12477,6120,98,13949,7563,-3946,12729,7422,-4054,12098,5787,4650,11439,9200,5405,14224,9472,1176,12689,8537,3180,12879,4183,6382,13752,2809,4381,13500,2091,2700,14468,409,5746,14600,1650,7636,16470,41,4489,14802,-180,3270,15464,-1009,1764,15300,-1345,-4049,14471,-726,-4012,14037,-467,2268,13515,2058,2191,13598,3657,-4593,12825,5861,-4662,13400,8344,-581,14097,6928,-2444,12068,6453,-953,11735,6225,5619,12343,10189,5626,14822,8886,361
13979,844,7094,15244,1399,1387,15480,855,5939,14667,556,8177,15822,-1576,1286,15086,-169,-6001,15354,-1600,-2386,13867,-237,2027,14171,770,-849,13545,3358,-1998,12986,5547,-207,13884,7179,-3898,13235,7884,-5831,12741,6567,534,11565,7484,6738,13216,8450,2610,12571,8791,1302,13091,7176,6911,13103,5022,3640,14179,1725,2656,12765,29,6876,14366,884,5607,15998,1458,4142,15586,800,5505,14916,-847,4925,15368,-802,-1645,15622,-1036,-6033,14141,-1492,-746,13597,835,3273,14294,2693,-1968,13193,4952,-3643,13102,6618,-1088,13980,8065,-3579,12538,6804,-4105,12112,5942,3838,11296,8701,7344,14275,8446,1158,11815,8177,1988,13668,4385,7047,13352,3283,4496,13835,1287,2601,13808,219,5486,14781,1456,7692,16579,564,5194,14638,254,2596,15636,-865,1160,15554,-1302,-3086,14457,-959,-4659,13919,-399,1570,13684,2275,2957,13565,3791,-4227,12963,5759,-5380,13046,7996,-516,13995,6804,-2010,12051,6876,-1325,12037,6310,5992,11437,9682,5764,14873,8250,388,12381,7006,2889,13605,3514,8516,13194,1815,4825,14507,179,795,14659,1195,6249,15704,687,9662
14755,-1259,-2620,13836,-264,2395,13977,1280,-439,13439,4174,-2689,13024,5475,-1486,13156,7554,-2666,13721,7532,-5837,12516,6812,572,11296,6971,7529,12888,8978,2372,13456,8946,903,13176,6934,6934,13230,4357,4711,13437,2309,2559,14130,-204,6075,14116,904,6013,16166,468,5463,15062,1333,4295,15435,-1165,3024,14932,-883,-1899,15533,-1392,-5826,14235,-1089,-37,13398,537,3992,13321,2155,-2487,13163,6199,-5923,14078,8057,-1003,13643,7901,-982,12509,5894,-4148,11551,6332,3784,12100,9415,7267,14503,8587,1170,11967,8561,2245,14117,4479,7584,13210,2667,5082,14234,355,1615,13979,406,4935,14520,1748,9317,16629,87,5641,14523,-825,813,15447,-903,-1003,15477,-1239,-2716,14230,-1079,-3710,14169,-429,2060,13417,3223,3222,14186,4602,-5335,12710,6470,-6284,12816,7621,122,13933,6699,-519,11444,7742,-504,12953,6888,5916,11138,9877,4909,15273,7480,446,12156,6890,3158,13780,2564,9508,13540,1361,5277,14424,-146,-329,14529,1024,6662,15998,554,10313,14998,-192,2192,15878,-1170,-3148,14942,-338,-1103,15176,-2154,-1354,13254,-302,-2173,14039,1371,2399
[row took 90510us]
12003,7217,-4154,12224,5866,2378,11116,9047,7589,14089,9416,1825,12875,8567,1202,12747,5737,6916,14309,3781,6292,13905,635,2006,13470,-808,4276,14449,1174,8738,17564,773,6177,14375,45,1040,15453,-883,-347,15659,-1391,-1179,14718,-1815,-3586,13211,-1397,234,13052,1763,3137,14022,4572,-4049,13024,6748,-6468,13776,7838,-343,12829,7693,-697,12449,6269,-1420,11615,7939,4644,12745,10474,6998,14330,8650,1285,11312,6644,2011,14713,3163,8727,13373,1499,5870,13999,-1035,462,14277,500,5607,16869,1326,10216,14898,111,3870,15350,-947,-3604,15469,-707,-1051,15170,-1886,-53,13399,-1469,-3219,13345,578,1048,13781,4849,1381,13724,6266,-6405,12719,7804,-5567,13642,7331,560,12610,6757,1742,11747,7389,1087,12223,9106,4779,13198,9643,6465,13199,6513,920,13404,4470,3765,13852,1364,9169,13549,-53,3487,14787,246,1516,16333,1309,8400,15081,443,8239,15788,-1679,-1732,15176,-1050,-5153,15277,-1696,866,13793,-1626,393,13774,354,-2809,13410,3288,179,13065,6467,-1145,13733,7411,-6105,13027,7968,-3947,12711,6508,2894,11407,7795,4186,12942,9004,1011
12569,1529,6153,15142,-1042,-68,14743,1541,5874,16787,78,10489,14950,-1638,2381,15105,-910,-5656,15788,-1168,-736,14545,-1720,1547,13044,-1152,-3191,13343,1981,-657,13563,5176,1098,13196,6192,-6023,12859,8849,-5801,13969,7963,1128,11696,7247,4495,12176,7397,768,11841,9426,3029,13547,9273,7366,14574,6912,2872,13346,2648,3370,12840,417,8345,14444,146,4145,16118,1183,3106,15839,-24,7447,14847,-652,5581,15534,-2102,-1950,15244,-1516,-5712,14274,-1707,183,13596,-671,1679,13691,2473,-3121,13767,4148,-2157,12026,6517,-843,14057,7395,-5091,12953,8471,-4060,11823,6886,5312,12126,9861,4691,14614,9553,-111,10661,6983,5086,14045,6046,6572,14333,4550,3825,14114,1766,4093,13191,-787,5783,14847,534,6148,17303,189,4974,14620,-18,3454,15384,-1847,1311,14639,-1667,-4419,15318,-1945,-3519,12926,-322,2601,14226,925,894,12928,4582,-5303,13143,6249,-3690,13013,9226,470,14250,6837,-3320,11486,7459,-1291,12008,8476,7636,12908,10647,3842,13964,8287,-200,12217,5295,6619,13863,4129,8465,13808,1578,2950,14785,-644,1689,13772,717,7755,16723,78,9306
14023,-1052,412,13362,525,2838,13594,3102,-3720,13396,5331,-4621,12344,8119,-587,14381,7492,-3197,11976,7432,-2495,12068,7949,5937,13053,10510,5560,12942,7930,-123,11829,6420,2963,14236,5610,9074,14168,3332,5241,13544,-372,1538,13877,-438,5843,16109,1186,8352,16130,649,4090,15171,-1901,718,14512,-1176,-400,15803,-1904,-2564,14225,-327,-3808,13521,-178,2097,13229,3271,1796,13738,5143,-6418,12884,7372,-4872,13415,8363,728,13205,6549,-1889,10932,7590,938,12735,8664,7184,12976,10168,4237,13428,6821,531,12888,4875,5110,12609,2067,9300,15606,1021,2987,14262,1741,653,15798,169,9082,15039,178,8232,15758,-1550,-685,15068,-1078,-3140,15398,-1191,258,14332,-1499,-1965,13489,319,-2154,13527,3145,1913,13669,4314,-1750,12266,6432,-7700,13630,8259,-3067,12991,7265,2930,11657,8032,2379,13411,7749,1101,10535,9498,5540,15336,7195,4584,12309,7297,974,14370,1813,7250,12445,1163,8729,15815,-404,486,14798,2176,3731,16444,-219,9766,14469,-701,4372,15727,-1724,-4591,15114,-1540,-3411,14472,-1443,1067,13317,-441,-1069,13790,2268,-1579,13513,4967,577
11073,7201,1492,12253,8037,5758,12953,9879,4081,13915,8043,1540,12948,4042,4451,12599,1496,8609,14767,897,3840,14284,1531,427,15897,266,8665,14804,594,8650,15989,-1622,-1004,14871,-1060,-3586,15555,-1734,-68,14393,-1335,-1389,13486,357,-2411,13435,2756,1673,13858,5580,-891,13192,6889,-6263,12105,7193,-3020,13694,8599,1016,13213,8124,2464,11203,8455,2235,12500,8345,5061,13269,9006,5576,14445,5122,1235,12798,1485,4828,13226,600,8894,15056,495,2244,15195,1359,3328,15785,-421,9654,14657,-212,4790,15635,-1360,-4209,15259,-1701,-3947,14166,-602,785,14169,412,-2,13733,3065,-2071,13321,4460,-224,13305,6697,-2867,13055,7444,-6187,12702,7493,-1406,13706,5948,5018,10479,8442,4314,13658,8470,-27,12112,8891,5160,14861,5537,6199,12730,3193,2001,13033,297,5796,14901,1017,6692,14892,2222,3435,16284,235,5953,14083,-109,4725,16049,-1705,732,14983,-963,-4723,14997,-1895,-3298,13272,580,2702,14721,1522,-343,13053,4000,-4407,12811,4562,-847,13291,8188,-2140,14105,7908,-5351,12427,6678,1648,11087,7924,6837,13405,9552,1721,13102,8680,1653
15404,398,3649,14876,2200,1522,15992,-262,9065,14310,316,6139,16191,-1584,-2683,15058,-1066,-4054,14438,-1757,121,13644,-758,19,13849,2183,-2271,13793,4306,-235,13198,6003,-1192,13190,6625,-6164,13047,7783,-3779,13128,6930,3745,11429,7490,4684,12503,8664,767,13225,9444,4838,14047,7340,6011,13211,3390,1575,12824,793,5468,14361,495,7454,14792,1543,3089,16095,537,5021,14514,385,6249,15637,-1089,2696,15237,-886,-4144,15209,-1810,-4323,13518,-805,2120,14172,317,868,13401,3974,-3832,13593,5418,-1187,13116,7934,-1734,13773,7552,-5481,12379,6927,-1522,11774,6286,6904,12543,8922,4543,13403,9292,121,13134,7828,5751,13147,5008,6162,14029,1339,2274,13164,227,4888,14519,654,6533,15474,1207,6197,15535,893,4258,15271,-832,2583,15068,-902,190,15654,-1752,-5291,14087,-1051,-2923,13443,940,3603,13937,2662,-99,12929,4919,-4960,13349,5220,-1863,13116,8718,-2202,13853,6770,-4036,12341,5580,1968,10568,8519,8174,14406,9393,2525,12817,9513,315,13581,4594,6837,12678,2764,6749,13778,726,2164,14494,303,3736,14617,1537,8790,16233,530,6642
14061,-1021,1268,13575,-444,1817,13441,2527,-2948,13721,4950,-1478,13081,7340,-1120,13945,8022,-5703,12869,7125,-3174,12151,5919,4756,12012,7847,4833,13177,9247,964,13172,8980,4649,13443,6127,6611,13845,2666,2562,12860,1081,3996,14811,-184,6491,14543,1648,5994,16169,585,4908,14739,-148,4639,15229,-973,1156,15480,-1522,-5083,14703,-1457,-3787,13365,-172,2376,14275,1274,1790,13130,4442,-4677,13641,5403,-3045,12634,8087,-1124,14246,6971,-3997,12000,6390,-742,11383,7011,7361,12897,9619,3846,13857,9350,112,12721,6444,5827,13188,4274,7144,13853,1343,2410,14346,335,2486,13836,1256,8228,16279,394,8122,14917,376,2136,15625,-1530,476,15045,-857,-748,15359,-1706,-4416,13685,-1050,-1471,13545,1056,3903,13858,3403,-945,13144,5751,-6440,13040,7161,-2109,13833,8570,-456,13070,6615,-2595,11183,6409,2587,11530,9366,7086,15135,9560,3351,12904,8115,616,13048,3515,6706,12859,2036,7994,15045,275,1412,14259,589,2504,15066,529,10312,15261,724,6536,15820,-794,-1088,14716,-487,-1558,15491,-1419,-1299,14060,-1125,-2892,13578,193,-578,13475,3576,3248
12257,7190,-2844,12381,6418,5760,11574,8865,5533,14200,8716,191,12639,8176,4237,13372,5152,7608,14141,2331,3277,13701,627,2829,14397,152,6118,14860,894,7884,16105,439,4378,14984,-996,1590,14995,-650,189,15861,-2159,-3963,13705,-998,-3371,13590,53,2824,13973,3065,1170,13511,5115,-5776,12818,6140,-3393,13421,8306,-501,13576,6656,-3025,11993,7641,1260,12573,7653,6547,12235,9300,3718,13541,7739,716,13200,5983,5356,13539,2997,8752,13683,394,2390,13902,324,1091,15250,1234,8853,15840,606,8664,15215,-445,511,15100,-1012,-1222,15552,-793,-687,14828,-1572,-3751,13413,-537,-1230,13508,1777,3261,14043,4189,-1268,12764,6394,-7144,13338,7677,-2395,13732,7505,192,11886,6753,-72,12521,8383,2647,12422,10327,6540,14763,6873,4077,10257,6300,290,15023,2519,6341,12505,3290,8975,15866,-599,658,13896,871,2757,15087,784,10319,16283,-263,5995,15072,-259,-3354,15626,-1916,-2141,14391,-996,93,14158,-1270,-2296,14185,1289,-1395,12922,4540,1941,13823,5988,-3319,12982,8016,-6647,14101,7325,-1402,11812,6314,3256,11862,8070,1944,13180,8876,2818
13577,1779,3958,14589,494,517,14185,1113,7284,16067,467,9339,15144,-147,1954,15392,-1395,-1289,15058,-1189,-515,15220,-1819,-2861,13537,-260,-2565,14087,1379,2950,13588,4264,-47,13056,5068,-6867,12681,7408,-3603,14073,7944,548,12186,6650,-67,12005,8765,1685,12685,9945,6250,14337,9044,4437,11699,5447,-177,13562,3041,5693,13335,2924,10079,15240,939,1320,14031,-25,1989,15069,261,9620,15946,212,6716,15358,-1097,-1830,14846,-2027,-3506,14967,-683,383,14380,-872,-1373,13894,1219,-2530,13487,3308,2043,13432,5944,-2186,13381,7237,-7417,13515,7175,-1810,12533,7008,2928,11946,7552,1502,12520,9183,1931,12717,9272,6558,13771,6472,3686,12231,4679,1301,14469,1580,7465,13032,1349,7039,15215,-460,1535,14733,1884,4989,16241,-125,8860,15094,-1337,2688,15226,-1253,-6135,15338,-1082,-1785,14162,-624,2143,14154,-73,-1928,13160,3101,-1762,13436,5215,-459,13245,7146,-3455,13556,7449,-5466,12880,6706,-573,11086,7890,5820,13467,8687,2129,12147,9657,1865,13776,6879,7111,12240,5392,3765,14677,2475,2589,12902,893,6884,14630,-30,5484,14994,1488,4331
15075,-799,1313,14150,-1187,-1187,13497,930,-2793,13415,2879,1020,12805,6082,-1957,13782,6685,-6006,13183,7432,-3087,11859,7656,3226,12802,8450,2903,12217,10208,1046,13522,8520,6307,12239,6551,5092,13436,4000,1465,14225,1922,6472,13133,755,7428,15168,121,2605,15896,1585,4633,15732,-401,7989,15205,-1706,2702,15137,-1594,-5405,15416,-1439,-2787,13585,-640,2167,14185,248,-1006,13083,3384,-3179,13141,5314,-1400,13659,7265,-2271,12971,7643,-5219,12600,7199,-735,11381,8364,6405,13575,9518,2927,12497,9065,1058,12952,5888,6412,12334,4983,5599,15377,2267,2737,12770,1063,5434,15055,59,6543,15358,1353,5547,16626,1,4039,14716,-1503,2859,15094,-2077,-829,15349,-1151,-4539,14348,-1315,-1270,13401,1002,2310,13677,2630,-1889,13171,5308,-5850,12977,6832,-1283,13661,7682,-842,12624,7587,-3804,11724,7863,3030,12489,9786,7242,13418,9460,1750,12984,6451,1544,12452,4640,7750,14403,3003,6323,13625,1270,1783,15052,-388,4134,14474,1802,9327,17001,-457,6097,14609,-935,-744,15497,-2238,-1035,15101,-861,-538,14877,-1393,-3531,13297,-174,-3,13059,2926,2358
11423,7739,-265,12191,9425,8036,13998,10658,2408,13221,8062,131,12139,3898,7109,13226,3639,7672,14558,1677,2932,14788,330,2639,13785,1392,8248,16761,-183,8264,15016,-329,572,15205,-2251,-603,15470,-1568,-929,14593,-1014,-3602,13757,-50,-1191,13449,2482,3213,13931,3484,-2312,12333,5380,-7585,12972,6933,-1852,13842,7520,644,11598,8651,-141,13619,8628,2812,11228,9756,5711,14378,7066,2530,12424,6446,1310,13604,2462,8579,12844,2865,7471,15978,584,140,13893,2149,4778,16207,-351,10225,14964,-1274,4336,15532,-2091,-3673,15215,-1724,-1614,14850,-1255,381,13670,-624,-2587,13831,1272,-838,13250,4165,1594,13271,4843,-5186,12441,7874,-5919,14543,8072,286,11812,8642,3231,12618,8306,1258,12086,9696,2897,13766,9264,6318,13072,5484,2631,13008,3290,2791,13673,821,8855,13967,1990,5426,15954,1172,1768,15374,-312,7125,14891,-854,7470,15613,-2388,-473,15249,-1349,-5952,14673,-1605,-28,13750,-407,1377,13989,1799,-2872,13914,3887,-1478,12569,5662,-805,13289,6701,-5169,13510,8233,-4069,12567,7495,3067,11898,8774,5003,12868,8867,742,12206,8673,3379
16350,702,356,14600,2257,4188,15961,-384,9604,15164,-1504,3661,15235,-1406,-4612,15502,-1736,-2012,14020,-675,955,13779,52,-2268,13848,2553,-1497,13187,4911,749,13321,5330,-4202,12633,7903,-5804,13428,7171,-61,12244,8545,4465,12479,8515,2821,12546,9006,1495,13269,8330,6286,13854,5126,4062,12801,2013,2078,12923,1593,8112,15461,1254,6041,15147,2456,2879,16026,-625,6325,14417,-668,5323,15368,-2245,-336,15562,-1253,-5323,14169,-1143,-922,13875,-76,2215,13928,1937,-2205,13443,4309,-3597,13005,5388,-1339,12590,6653,-3216,13408,7027,-4229,12717,7702,3023,11772,8806,6590,13208,8834,-21,12785,8986,1931,14008,5781,7755,12879,3558,3907,13088,948,3476,14752,1704,5625,14707,2652,6554,16713,-354,5976,14048,-1120,2246,15472,-2192,2124,15466,-1598,-2250,14900,-1144,-5175,13571,-809,1450,13579,1594,2621,13883,3841,-4361,12800,4998,-4234,12313,7085,175,14767,8027,-3127,12384,8639,-2479,12118,7705,6486,12264,10217,5347,14180,8637,297,12996,6250,3891,13094,3317,7844,13206,1388,4783,14386,833,2079,14769,1421,5599,15748,466,9649,15088,-299,3285
13546,845,2276,14830,2015,-1182,13078,4227,-3894,12829,4199,-197,13127,6787,-2381,14164,8212,-5861,12581,7272,2269,11194,8236,7009,13282,9823,663,13707,8775,2036,12569,5456,6524,12853,3006,4513,13749,1894,3588,14076,895,5750,14223,1465,6238,16000,878,5549,15320,498,3525,15512,-1668,3631,14690,-1439,-1948,15379,-1039,-5478,14152,-129,66,13841,1790,3396,13680,3335,-2674,13521,4866,-5034,12547,6214,-1407,14371,6770,-2272,12281,7046,-2694,12291,7845,5306,12375,10094,5821,13326,8604,29,13059,6189,2150,12797,3884,7900,13486,1552,5611,13533,1643,2219,15176,1333,4887,14600,2598,8282,16152,-127,4830,14792,-1283,949,15226,-1600,396,15561,-1521,-2014,14348,-672,-4179,13932,503,1160,13678,3387,2248,14070,3972,-5208,12261,5431,-5877,13306,6861,869,13635,7287,-962,12354,8330,-445,11850,8111,6217,12514,10759,5008,14782,7978,-58,12026,4803,3308,12696,783,9068,13574,1750,4898,15097,1891,722,14789,1937,6649,15588,181,9955,15605,-1228,2081,15235,-1610,-3270,15589,-1090,-849,14498,-1633,-1057,13651,143,-2459,14256,2465,2274,13487,4918,34
12733,7171,2811,10834,8635,7309,14291,9207,1081,12840,9225,1048,13503,4265,6853,12088,2914,5472,13863,1542,2492,14861,1539,5112,14138,2234,8253,16223,-171,5264,14449,-200,1405,15690,-1707,2078,15139,-1379,-1005,14867,-1220,-5070,13882,-174,302,14261,2438,2857,13202,3657,-3561,12911,4448,-5384,13473,6452,-297,13691,7843,-946,12723,7482,-2285,11930,8185,3566,12983,10181,6828,14003,8710,1280,12333,5055,1656,12616,3107,7827,14165,2396,5449,13687,1104,1289,14358,670,5630,14916,2169,9221,16810,581,4071,14103,-2739,648,14937,-739,-564,16002,-749,-1878,13951,226,-3034,13958,51,468,13475,3773,2251,14266,4305,-5132,12298,5874,-5757,13212,6811,1005,13905,8185,-652,12056,7237,314,11953,8168,5531,12936,10025,4564,13792,7296,1528,12053,4081,2874,13100,1136,8272,13769,2127,5650,15024,1972,117,15182,1784,7240,15165,452,9743,15556,-1419,334,15038,-1444,-2693,15574,-1098,-294,14788,-922,-1552,13857,678,-2356,13713,2519,723,13558,3868,-61,12597,4398,-5599,12581,7027,-4495,14373,7976,1887,12390,7759,2937,11819,8448,-315,12250,9533,4619
14243,1616,2143,14264,1281,4352,14348,2325,8088,16330,-285,5993,14711,-310,1982,15075,-1835,1621,15458,-1218,-1282,14809,-552,-4455,14067,336,-79,13875,2619,2568,13943,3338,-2785,13004,4998,-6991,12433,5990,-556,14196,7012,-144,12542,7623,-1698,12244,7394,3703,11370,10063,5480,15230,8550,1558,12541,6095,1691,12601,1976,8005,12610,2168,6473,15305,1872,399,14469,2356,4766,15306,1037,10294,14998,-274,4574,15712,-1936,-927,14779,-1033,-795,15263,-1620,-1235,14196,-43,-3009,14260,1172,587,13403,3751,2189,13925,3411,-5235,12080,5740,-6008,13826,7514,529,13651,8140,894,11870,8098,492,12341,8255,4020,12958,10377,5255,14455,6274,1378,11475,4033,2815,13526,886,9163,13566,2057,5391,15159,2065,-206,15051,1341,6659,14758,366,9573,15618,-1705,2358,15012,-902,-3449,15313,-1220,-881,14403,-971,-590,14133,935,-2971,14286,3096,848,13417,4273,596,12902,4652,-6261,12476,6919,-4853,14312,7144,1730,12126,8316,2829,12730,8022,1013,11804,9169,3863,13931,8097,5469,13174,5271,1525,12724,1736,4097,12694,1666,9156,15108,1246,3828,14702,2754,1532
14869,-1615,-535,15091,-915,-4257,14020,416,-1106,14322,2516,2526,13773,3186,-2349,12882,4607,-6035,12531,5960,-1320,14163,6929,-182,12139,7218,-1562,12311,8689,3361,12756,10269,6460,13915,8152,1544,11787,4968,329,13132,2969,8157,13641,3274,7254,14908,941,1214,13497,1857,4155,15837,1394,9293,15601,628,5087,15490,-2321,-322,14432,-1729,-875,15297,-1261,-616,14734,253,-3821,14451,1263,-464,13322,3750,3007,14051,3407,-4448,11316,4940,-6503,13930,6670,244,13518,8305,949,11807,8068,380,12479,9022,3193,13059,10492,5784,14420,6245,2018,11739,4280,1989,13592,848,8859,12644,3019,6294,15958,1438,-42,14423,2037,5766,16033,-167,9884,14687,-1723,2613,15019,-2396,-3898,15035,-652,-1220,15530,-153,157,13860,938,-2251,13669,1770,-411,13126,4122,485,13500,5048,-5383,12617,7671,-4983,14526,7160,1835,11436,8271,2733,13163,8730,246,12387,9586,3667,13562,7855,6601,12931,4716,1883,12919,2432,3166,13054,248,8412,13897,2133,4446,15884,2683,2107,15701,1078,7139,14322,-1623,7962,15089,-2608,-1074,15516,-740,-5389,15020,-145,536,14024,511,487
13236,5658,-993,13045,7866,477,13326,7688,-1594,11748,9071,1945,12873,9786,6739,13625,8680,2818,12508,4738,841,12139,2597,7580,14129,2565,7214,13844,1451,1068,14461,1507,3317,15728,1724,9279,15865,-120,6657,14863,-1896,-1291,14957,-1422,-1217,15406,-598,226,14661,-33,-3147,13893,675,-1031,13109,3214,1966,14092,4078,-4543,12452,5690,-6172,13503,6399,-279,13062,8044,2220,12114,8643,507,12465,9131,2283,12706,9608,6372,14199,5628,2352,11180,3851,2020,14096,2042,8512,13476,2488,6084,15239,1531,298,15181,1853,5496,15802,378,10230,15123,-2291,2748,14967,-1829,-4869,15114,-684,-654,15275,-407,768,13796,874,-2971,13544,1942,-804,13422,3966,-31,12899,5493,-5092,13512,6411,-4685,13030,7233,1251,11478,8728,4215,13612,9272,334,12206,10077,2714,14052,6705,7018,11569,4597,2311,13985,2860,3629,13654,2039,8368,14056,1043,4407,15315,1664,2175,16212,488,7028,14600,-1372,7583,15429,-2570,-1802,15055,-795,-5507,15338,-680,696,13629,854,1133,14167,1633,-3184,13154,3361,-1953,12719,5426,-1163,14127,5641,-4102,12105,7851,-3735,12925,7926,3777
11046,4157,1538,13963,2166,7902,13435,2850,7536,15261,423,692,14639,2196,3219,16448,-34,10231,14893,-2223,5248,14635,-1667,-4589,15755,-1081,-1814,14831,372,1234,14120,310,-3065,13623,1671,-1379,13271,3845,560,13432,5219,-4385,13257,6835,-5450,13293,7030,214,11427,8971,4182,13410,9494,833,12290,9802,2005,13606,6898,6816,11637,4456,3222,13641,3009,2933,13943,2291,7984,14160,1121,5326,14929,2277,2048,16685,307,6193,14445,-1135,7853,15298,-2654,-652,15508,-1146,-5516,14767,-523,277,13936,195,1060,14153,1537,-3150,13279,2977,-1789,12669,4732,-1495,13192,6622,-3285,13656,8479,-4385,12715,8351,3122,11612,8731,5786,12972,9072,-451,13198,8183,3155,11993,5617,7511,14045,3353,3719,13279,2722,3466,14678,1050,6518,14192,2754,5662,17356,-608,5121,13829,-883,4476,15879,-2897,3104,14943,-1437,-2856,14965,-1130,-4955,14323,97,743,14095,2225,1722,13846,3258,-4357,12574,3810,-3835,11755,5962,-566,14411,7236,-2726,12140,9106,-1286,12776,8596,5534,12455,11263,3909,14351,8622,-79,11923,3908,4518,12131,3048,7969,14515,2694,4674,14635,2929,2371
15386,-2103,447,15702,-977,-5919,14352,-334,-1332,13944,942,2367,14254,2163,-1981,13672,3632,-3673,12739,4481,-1196,12896,6089,-3081,13407,7559,-4189,13136,7920,2843,11857,9578,5471,13575,9014,633,12083,8268,2143,13378,5126,6945,12475,2343,5821,13427,1829,2444,14669,1865,5093,15011,3779,6633,16411,-397,5313,13774,-1317,3871,15803,-2076,2557,15422,-1060,-2133,14821,-926,-4425,14228,-110,75,13674,2121,2952,14158,2783,-3910,12872,3705,-5497,12327,6206,-442,14372,7166,-1618,11964,9007,-2080,13212,9364,5185,12531,10797,5258,13697,7623,-109,11406,4733,2422,13236,3698,8894,14092,2855,5792,13899,1595,1419,14239,1087,5224,16010,1697,8407,15484,-400,4569,15092,-2669,809,14373,-1556,-4,15765,-1443,-1552,14561,828,-4219,13860,1049,1057,13527,3106,1876,13623,3892,-6236,12635,5894,-4934,13600,7404,1031,13248,7456,-915,11710,8350,629,12421,9664,5368,13327,10065,4544,13092,5254,842,12076,3634,3945,12562,1314,9575,14934,2927,4356,15115,3303,-256,15409,1125,7862,14559,-699,8932,15459,-2543,446,14780,-1501,-2549,15721,-753,336,14402,-199,-1788
12651,5126,-661,13405,7172,-1465,13248,8499,-4200,12811,8485,3405,11888,10247,6822,14188,8023,842,12057,6777,1749,12973,3178,7299,13293,2606,5525,13124,1474,2437,14543,1067,5218,14885,3173,7497,16783,-171,5364,14204,-1011,1996,15136,-1930,1722,15321,-695,-1479,14943,225,-4401,14197,655,329,13879,2787,2440,14162,2962,-3950,12786,4820,-6433,11835,5085,116,14196,6917,115,13121,8773,-2098,11672,8168,5260,12142,8946,4764,13741,7371,-82,12632,5645,3339,13224,2470,8212,12547,2990,5245,15532,1846,1229,13823,3272,5345,16425,342,10012,14587,-999,3391,15467,-2863,-1659,14961,-630,-90,15698,-746,-1272,14147,773,-3115,14094,971,1118,13080,3100,1414,13648,3558,-5796,12172,6126,-5013,13320,6396,2091,13255,9196,-327,12830,9231,465,12423,9251,4648,13154,8785,4802,13473,5828,1477,12798,4066,3905,12986,2046,8746,14346,1716,5207,14202,1723,16,15574,712,7068,15050,-333,9834,15446,-2003,847,14450,-1208,-3777,15483,-313,135,14804,565,-1026,13973,1587,-2764,13778,2240,1131,13242,3711,-250,13301,4792,-6860,12313,6582,-3691,13596,8608,2634
12955,7343,203,12538,4443,6660,12767,3094,6819,13770,2398,2398,14295,1926,4301,14594,2433,7351,16231,-340,5703,14551,-809,2696,15398,-1952,1751,15423,-262,-1251,15396,-286,-3756,13924,7,-121,13934,2006,2688,14045,2915,-2871,12788,3936,-6328,12427,5543,-782,13849,8032,30,13549,8821,-3002,11817,7667,3753,11863,9266,6160,14244,7978,897,12473,6347,2390,13212,2592,7635,12382,2217,6259,15152,1699,1368,14194,3036,3721,16131,1145,10054,14503,-813,4944,15179,-2510,-784,14800,-801,608,15979,-264,-1302,14190,400,-3697,13945,1151,358,13770,3309,1918,14109,3011,-4492,11769,5024,-6033,13436,6656,314,13936,8237,881,12234,8260,-232,12448,8303,3613,12469,9522,5500,14345,6344,1252,11788,4373,2507,13059,1844,9178,13638,3051,6035,15179,1924,-82,14585,2056,5035,15444,38,9871,15033,-1424,3155,14859,-1732,-2397,15367,-332,-396,15257,136,-833,14065,784,-2986,13977,1489,421,13430,3638,1244,13570,4053,-5445,12192,6414,-4893,14053,7757,1189,13339,8393,1765,11841,8273,1123,12435,8580,3868,13560,8613,5443,13387,5285,1842,12575,2506,3090
[row took 89199us]
15840,1595,5933,14739,-640,3597,15067,-2298,2520,14982,-1167,1184,15871,-264,-4108,14417,289,-2146,14228,1786,3185,14177,2304,-1886,13294,2532,-6111,11988,3960,-1046,13629,6730,-184,13243,8792,-2916,12828,7588,1892,11141,10180,4508,14821,8428,2568,12559,7218,1222,12099,2897,6408,12679,3219,7641,14678,3285,1560,14430,2381,3327,14559,2174,8453,16066,-738,5792,14767,-1325,2137,14875,-2073,1406,15388,-285,-1213,15199,238,-3215,14243,781,-411,13582,2069,2427,13925,2340,-2959,12766,4422,-6890,12787,6265,-630,14274,8094,857,12890,8473,-1343,12450,7762,2078,11644,9518,5668,15004,7625,2248,12109,5417,1147,12494,1933,8303,12868,2851,6961,14956,2513,722,14612,2549,3492,15238,730,9591,14607,-1075,5579,15118,-2193,-522,14923,-675,-828,15460,122,-313,14875,1045,-3230,14208,1453,-279,13420,2525,2387,13693,2510,-5068,12119,5116,-6080,13884,6899,838,13856,8512,1268,12088,8256,-453,12432,8260,2884,12483,9377,5459,14371,5887,2039,11391,4360,2699,13150,1489,8803,13284,3394,6011,15693,2366,-116,14696,1987,5140,14980,-718,10006,14931,-2138,2787
13829,884,2295,14636,1295,-445,13517,3057,-4826,13361,3107,-1772,12097,6252,-203,14269,6951,-3388,12721,8749,-1150,12193,8707,4835,13037,8992,3132,12956,7163,127,12048,4338,6152,12739,3834,7405,13831,3272,2401,14029,2659,3660,14318,2410,6741,15955,464,5608,14568,-527,3669,15397,-2264,3588,14872,-409,829,15894,-3,-3757,14558,618,-2094,14113,1345,2359,14316,1562,-1172,12837,3174,-6188,12502,4674,-1638,13639,7097,966,13222,8210,-3111,12782,8298,328,11890,9075,5578,13783,8086,2665,12946,6139,856,11721,3722,7054,13171,3433,7604,14504,3438,1776,14547,2334,2875,14458,1901,7641,15895,-1115,6817,14537,-1234,1870,15138,-1818,1066,15381,59,-519,15237,129,-3391,14164,903,-1392,13973,1864,2341,13801,2640,-2557,12917,3899,-6535,12289,5971,-150,14104,7964,1002,12622,8947,-1681,13178,8313,1603,11623,8748,4932,13911,6646,2819,12323,5326,1656,12795,3302,8148,13311,3333,7691,14819,2431,576,14501,1994,2485,15510,259,9588,14487,-1249,5973,15541,-1902,-577,14806,-316,-567,15565,449,-470,14988,1069,-3550,14038,1028,-347,13166,2121,2128
13225,7725,-2496,11931,8474,3394,13309,9487,3267,13266,8005,-182,12045,5808,5226,12592,4289,7571,13943,3453,2685,12672,2661,3428,15244,1980,7251,14746,2430,5160,16176,-310,3365,13901,-2231,5025,15158,-1608,2492,15824,-84,-3637,14924,1093,-2969,14058,1303,2123,14364,768,90,13320,2860,-5289,13283,3150,-2729,12316,6123,524,13487,7134,-2750,13223,9272,-682,12623,9529,4629,13102,8300,2314,12482,6842,328,12496,4327,6330,12773,4106,8174,13904,2879,2826,14302,3229,2509,14813,2165,6690,15432,366,6248,14580,-1042,3235,15243,-2360,3080,15090,-555,255,15464,-186,-3896,14586,769,-1885,14226,1377,2564,14066,1751,-1096,13176,3105,-6911,11859,4559,-1704,14094,7359,1153,13597,8980,-2021,12004,9312,732,12530,9006,5222,13097,8685,2609,14121,5234,1043,10419,3077,6974,13550,2286,8203,14252,4563,2096,15919,2976,1746,14265,777,8314,15213,-1338,7047,15193,-1862,960,14946,-1127,294,15061,-620,-127,15091,37,-2868,14023,1426,-1592,14391,1892,1652,13206,2853,-2694,12840,4052,-6818,13308,5899,-35,12991,8776,2410,13494,8548,-1427,11707,9423,846
13158,3958,3208,14809,3010,3490,13455,1960,6879,14931,1656,4527,16180,526,3806,15083,-1887,5992,14586,-1862,3554,15586,-1015,-3172,15433,746,-3623,14317,610,1404,14071,941,330,13313,2628,-4902,13211,3920,-3325,12917,6016,464,12860,7344,-2403,13226,8600,-2179,12048,9028,4861,13327,8664,3787,12631,7746,-92,12823,4214,5352,11825,4699,8231,15581,3230,3229,12873,3118,3346,15195,886,6191,14892,1250,6413,16279,-1437,3815,14189,-2037,2432,15495,-1047,664,15345,902,-2985,15287,424,-2725,13350,810,1954,13597,1462,-666,13499,3442,-6435,12204,4989,-2215,13244,6854,1615,13626,8847,-1975,12456,9300,-742,12567,8801,5325,12635,9089,3750,13903,5628,645,11073,4013,7304,13688,3670,8440,14426,2716,2066,14468,1566,1965,15007,1320,7502,16102,-718,7676,14812,-1910,1281,15051,-1407,-976,15461,500,714,15604,-16,-2362,13566,190,-2494,13361,882,1885,13740,2975,-2615,12833,4797,-6695,13213,6242,-431,13178,9195,1810,13203,9200,-946,11958,9513,407,12562,8478,6110,13624,6886,3691,11712,4140,1998,12951,3185,8152,14228,3431,7162,14440,1863,816
15333,-753,1534,15829,-877,-2728,13876,108,-3762,14486,553,788,13962,2260,1253,13201,2510,-5381,11909,4288,-4471,13466,7389,954,13963,8672,-1503,12160,9483,-758,12431,8678,4842,13144,9050,4333,13380,6720,94,12818,4162,5710,11772,2684,8861,14318,2677,3587,15330,2771,1648,14842,2395,4980,15610,-2007,8956,14539,-1338,3220,15697,-2226,-987,15168,819,370,14829,-1075,-1947,14158,371,-3667,14265,1649,1598,13240,2914,-39,12574,3764,-6989,12784,7421,-1757,14233,8710,2028,12558,8868,-1376,12560,8675,995,12574,9649,5228,13653,7774,4317,11888,4004,2004,12600,2980,6105,13778,3995,9115,15137,1979,2451,14241,1250,384,15509,-307,9467,14895,-1008,7805,15285,-2836,-1337,15155,-946,-2914,15241,710,567,14813,91,-2132,13603,1201,-2964,13676,2452,1107,13230,4015,-1943,12267,5965,-6346,14110,7816,-1502,12508,9618,3561,13399,9500,841,11948,8169,521,12121,6589,6253,12879,5672,4500,13469,4599,2157,12872,2664,7269,14110,2956,7154,15357,1670,1499,15550,680,3539,14786,-1592,8693,15080,-2845,4616,15362,-715,-4771,15655,-110,-2269,14573,811,1532
12175,6278,-4094,14012,7544,1401,12822,8591,-498,12570,9120,108,12215,8747,4560,13417,8360,4935,12256,4382,1701,12495,3264,4681,12621,3008,9281,15884,2884,4136,14538,4079,-281,16018,-15,7627,14047,-1000,8350,15670,-3127,327,14941,-718,-2400,15805,268,1034,14679,54,-1575,14152,1137,-3506,13759,2039,192,12902,2816,-935,12697,4422,-5755,12972,7825,-2847,13165,8568,2836,12475,9671,1935,13419,8887,-456,11395,7525,4529,13580,5918,6097,12327,4977,1660,13746,3383,5814,13382,3415,8938,15704,1851,1688,14637,2327,1991,16052,-1726,8589,13902,-1803,6506,15686,-2458,-2186,15308,-208,-3652,14683,474,954,14374,258,-1066,13632,1879,-3445,13512,2602,81,12717,4774,-1441,12919,6017,-4784,12882,8431,-1972,13729,9683,3612,12535,9276,2864,12443,8360,117,13175,6662,5444,12746,5134,6303,13314,3260,2080,13038,2721,5867,15087,2648,7574,14632,2029,2928,16046,-924,4321,13892,-1582,6177,15295,-2701,2552,15336,-492,-3774,15092,79,-2699,14040,1387,1933,14502,1002,-1182,13197,2614,-5025,13465,3392,-1269,12004,5931,-809,13944,6602,-3720,12468,9351,-216
13481,4857,2710,12769,4333,4125,13052,2693,8403,14717,2769,4702,14602,1905,312,15270,66,6701,14650,-996,9803,15429,-2615,1566,14599,-857,-4011,15401,368,297,15034,1093,-332,14193,1284,-3282,13753,1618,-203,13007,3613,-187,13222,4496,-5617,12186,6758,-2969,13517,9310,2490,14453,8185,1824,10760,9259,560,13697,6887,2669,11645,7310,6229,14366,3247,3421,11844,3328,4221,13729,2178,7949,15444,3155,3420,15212,2767,1730,15295,-1423,7885,13856,-1803,5735,16134,-2155,-1339,15030,262,-3122,15092,238,-21,14219,920,173,14405,1836,-4151,13331,2106,-1517,12283,3386,388,13007,6256,-4165,13771,9173,-3184,13539,8896,3938,11861,9117,2395,12662,8331,-509,13339,7293,5839,12562,5037,6413,12968,2965,2465,13198,3198,4751,14952,2914,6674,14602,2059,3796,15657,-537,3884,14181,-1435,6471,15616,-1692,4170,15292,-316,-3798,15344,159,-3649,14159,825,1963,14281,565,-17,13568,2200,-4672,13307,3113,-1317,12356,6099,-676,14044,6984,-4047,13229,8883,-1309,12301,9578,5441,13340,8705,2097,11986,7162,208,12989,4426,6141,12153,4813,7108,14356,2712,2566
15293,-1311,9986,14360,-1775,3813,15506,-1566,-2789,15274,356,-361,15268,515,-117,13969,414,-3352,13887,1119,-860,13475,2954,851,13126,4237,-4429,12424,6711,-4064,14059,8658,1024,13618,9456,1636,12208,8204,495,11800,8024,2796,13552,7384,6809,13003,5154,3097,12794,2938,2692,12879,2562,8804,15187,2612,5344,14926,2698,-489,15485,-990,7080,13634,-886,8682,16136,-2841,484,14808,258,-4005,15531,35,-447,14490,1191,-341,14275,1261,-3137,13409,1870,-1083,12716,3633,854,13400,4445,-4003,12449,8873,-4825,14529,8705,2057,12114,8793,3656,12565,7957,-38,12497,7335,3817,12956,6726,7175,12974,3453,2513,12772,2352,3692,13940,2646,8078,15129,2661,4017,15512,1135,2393,14654,-1333,6505,14876,-1345,5492,15761,-1235,-1594,15404,92,-3902,14517,303,354,14514,915,569,13700,2625,-4482,13267,2025,-1822,11942,5370,663,14411,6386,-3676,12660,8969,-2821,12934,8841,3337,12831,9299,3097,12578,8009,676,12932,5570,5584,11867,4065,6704,13744,3532,2303,13811,3185,3948,14182,1641,7026,14875,2061,4501,16294,529,3332,14313,-1226,5929,14842,-3235,4079
13945,1059,-1050,13324,2409,2142,13545,3151,-4123,12088,5888,-5525,14116,7250,791,13089,8911,1280,12493,8021,-225,11925,7765,2660,12664,8475,5793,13864,5870,3444,12077,4172,2392,12978,1686,7974,13808,3655,6272,15757,2541,-201,15027,1201,5283,14630,-966,9748,15359,-2181,2499,15290,-593,-3588,15712,-209,-460,14548,171,-29,14153,758,-2972,13769,1758,-1469,13136,3290,522,12794,4522,-3504,12761,7188,-4158,14016,8023,523,12509,9292,2834,12959,8052,448,11802,8360,2845,13578,7250,7152,13036,4865,3214,12743,2660,2666,13229,2526,8265,15354,2432,4678,15023,2120,1384,15581,-1466,7095,14125,-647,7365,16193,-2234,-285,14876,287,-4515,15278,-242,-557,14140,820,1206,14097,1411,-3728,13387,2486,-1551,12719,4475,-261,13043,5783,-3504,13649,7757,-3640,12940,8412,1817,12443,8944,4142,12661,8056,126,12674,7078,3905,12916,5506,7563,13089,3825,3029,13239,2499,3244,14361,2318,6800,14544,2745,4780,16276,-191,3783,13722,-901,5802,15734,-2075,4267,14979,-285,-2138,15804,-412,-4432,14231,488,1020,14428,922,862,13669,2248,-4405,13231,2781,-2472
12610,8635,-306,12940,7914,1144,11562,8461,5892,14057,5891,4171,12066,5245,1480,13274,2508,7890,13497,3184,7789,15091,1449,-160,14565,1745,2631,15575,-519,10301,14461,-1294,5779,15556,-1323,-2823,15093,5,-1723,15214,507,-13,14677,700,-2865,13879,1123,-1545,13070,2781,1277,13327,4104,-3352,12468,7036,-5023,14592,7663,-130,11827,8421,2759,13240,8558,271,12304,9796,1562,14018,5881,7143,10064,3949,3962,14491,4177,1828,13609,3614,8207,13935,1968,5876,14955,1509,252,15120,569,5227,15524,-640,9549,15060,-1950,1949,15380,-395,-4630,15195,102,-1018,14887,188,1003,13890,846,-2959,13843,2023,-2356,13031,4274,546,13061,5632,-3181,13392,8135,-4531,13626,7484,1164,10942,9273,4387,14191,8100,238,11587,7888,2638,12894,4720,6913,12578,5095,3610,14040,3753,3108,13978,2154,7679,13809,1383,4975,15923,1105,2015,15364,102,6107,15001,-1623,6977,14941,-1343,-1285,16005,-336,-5398,14507,861,-126,14402,831,923,14123,1678,-2768,13124,3209,-2762,12127,4133,-517,13201,6847,-2480,13622,8039,-4379,12396,8442,3049,12260,8666,5582,13258,8258,-321
13828,3786,8867,15978,2595,1104,14092,1362,1286,15247,-1198,9886,14837,-976,7425,15429,-1105,-2102,15556,-850,-2513,14587,390,580,14859,223,-2418,14446,1958,-2786,13231,2471,1828,13090,4410,-2529,12959,6299,-6386,13204,7477,-508,12766,8364,3037,12732,8578,396,12567,8589,1669,12432,8053,6584,13716,4910,3600,11609,4204,2161,14749,2359,7570,12990,2749,6715,15531,962,1018,15196,1114,4281,15170,-904,9513,15156,-2366,3115,15182,-354,-5474,15797,-31,-969,14381,744,1516,14519,179,-2658,13164,1809,-2361,13327,3586,69,12954,5994,-2998,13470,7459,-4547,13332,7952,41,11644,9391,4557,13728,8383,814,11663,8566,2257,13536,5465,7625,11668,4839,4115,14681,3069,2508,13209,2216,6887,14450,1369,5191,15709,1215,3027,15817,-33,5823,14743,-1762,6406,15186,-1398,-835,15563,2,-4920,15290,-534,12,13699,710,1594,14017,1234,-3408,13281,2975,-3701,12356,5702,-359,14396,6031,-2197,11935,8644,-4016,13057,7973,2729,11518,9720,5120,13571,8227,587,12399,6673,3245,12142,4564,7835,13604,4005,4077,14545,2836,2396,13865,1232,5836,14613,1673,6580
15842,-612,-2768,14787,243,1576,14209,-126,-2190,13547,1279,-2635,13115,3768,239,13075,6053,-2751,13787,7636,-5325,12846,7706,-1043,11606,8281,4248,13037,8781,1780,12089,8912,1318,13482,6275,6818,11561,5348,4457,14410,3556,2345,13614,2477,7108,14237,702,6181,15261,1651,2462,16447,514,5306,14563,-1197,7093,15291,-1992,656,15499,-531,-5501,15411,-480,-962,13698,274,1777,14030,325,-2082,12950,3260,-3923,12821,5266,-1104,14220,7205,-1525,12233,8409,-4722,12784,7716,1117,11268,9684,6052,14007,8408,1775,12311,7688,1870,12271,4565,7352,13073,4843,5096,15306,2798,2899,13427,925,5621,14706,1337,5971,16853,278,5159,14867,-1122,3908,14882,-1739,2451,15739,-1301,-1326,15287,263,-4299,14348,-700,-387,13402,812,2007,13432,2804,-3565,13172,4769,-5502,13137,6776,-111,12965,7920,-801,12809,8171,-2953,11848,8768,3551,12794,9135,6293,13090,8114,1214,12060,5279,2556,12919,4210,8634,14618,2859,5466,13363,1577,1183,15073,404,4792,15358,1412,9100,16153,-1421,4751,14987,-1614,-908,15445,-976,-118,15913,-161,-395,14330,-647,-3482,13605,20,-558
13064,8420,-3613,12632,8750,1285,11912,9247,5312,13624,8208,2443,12209,6718,1216,12602,5104,6983,13443,3996,7730,14284,3261,1685,14770,1158,2819,14229,2039,8099,16827,-1362,6782,14315,-1087,1915,15354,-2208,1309,15377,-518,-1108,15212,-918,-3944,13678,-546,-1175,13362,1286,2354,13755,2713,-2786,12383,5274,-6462,13280,7687,138,13883,9286,375,12375,8207,-1960,12126,8271,2386,12205,9689,6315,14700,7762,2333,11528,5313,1857,13538,2443,8605,13285,3515,7017,15536,2110,609,14538,1163,3755,15238,-810,10067,15170,-1584,5155,15445,-1442,-1785,15482,-621,-1667,15089,-554,-93,14279,-5,-3754,13868,1074,-587,13386,3071,2236,13178,4165,-4954,12249,7250,-5943,14572,8133,727,11915,8640,2055,13064,8114,-175,11673,8388,3277,12509,8304,6779,13862,6403,2091,12317,3990,3403,13465,1704,9337,14466,2319,5052,15407,2223,-167,15753,-378,6762,14158,-915,9143,15996,-2781,805,14996,-480,-4859,15387,-348,-166,14726,-248,-106,13428,743,-3197,13836,1579,-862,12499,4522,2,12941,5971,-4917,13653,8679,-4247,13078,8415,2290,12054,9722,4015,13561,9060,135
12764,3068,8353,15660,1249,1639,14363,2180,2178,16013,-300,10018,14684,-1152,5527,15272,-2626,-2259,15002,-685,-1094,15471,-6,168,14063,360,-3062,13902,570,-1450,13065,3315,1316,13995,4205,-3799,11987,5857,-5971,13413,7251,-63,13261,9134,2342,12662,8670,894,11707,8208,1795,12900,8568,6123,14084,6317,3741,12457,4351,1555,12818,818,8157,13811,2680,6877,15858,2392,145,15537,606,5689,14484,-1173,8879,15597,-2687,1777,15221,-569,-4566,15574,-452,-1287,14196,229,1005,13968,583,-2487,13594,2286,-2245,12914,4287,860,13273,5433,-3429,12735,8328,-5402,14030,9363,558,12240,9416,5180,12862,8473,1367,12133,7837,2550,13229,6739,7431,13225,4196,3051,13253,1840,2462,13226,1786,8338,14837,1949,5321,15985,1733,1983,15146,-744,6903,14752,-1552,5982,15213,-1445,-1099,15529,-181,-5065,14612,297,-639,14157,818,1520,13891,2051,-3002,13451,3704,-3315,12870,5328,-370,12733,5280,-3197,12621,8578,-3808,14332,8296,3897,10850,9483,5838,13289,6872,-689,11995,7695,3336,13813,5008,7978,12909,2648,3215,13077,2782,2567,15546,2413,6666,14639,2820,7207
15236,-1015,-2762,14630,508,991,14604,137,-1713,13556,1268,-2053,13106,2899,1274,13544,5042,-3571,12713,7250,-6149,13970,7520,-367,11576,8722,4434,14143,8694,1313,11822,8547,1124,12787,6593,6161,12863,5467,4160,13681,3719,2076,13170,1830,7529,14310,2531,6668,15466,2257,1649,15366,376,5358,14506,-1677,8006,15279,-2332,1943,15586,-871,-5308,14926,-71,-1796,14334,253,1584,14091,1316,-2284,13776,2633,-2781,13023,3874,-99,12403,5910,-2967,13712,7658,-4475,13109,8448,786,12075,9067,5430,12540,8168,1789,12654,8218,1450,13443,6438,6786,12852,4448,4429,13154,1914,2774,14132,2433,6705,14816,2390,6056,15945,24,4144,14207,-1070,4758,15641,-2114,4208,15082,-386,-1409,15926,-235,-4693,14113,-365,302,13704,787,2300,13934,2116,-3330,12910,3792,-4167,12600,5148,-85,13365,7739,-1996,13635,9486,-4227,13601,7780,3231,10749,8864,6411,13814,7895,479,12467,7813,3472,13751,3984,8121,12297,2126,3872,13683,2127,2477,15380,1897,5479,14703,2153,7195,15716,-1042,5096,14294,-1485,1767,15433,-1048,2391,15796,-614,-1946,14475,-74,-4946,14029,511,990
13937,6832,-5527,13074,7639,-1613,12090,8317,3530,13052,8705,1221,12329,8987,1681,13291,7161,7141,12593,5090,4304,13082,3974,1182,14338,2416,6288,13756,1591,6961,15217,1130,2785,15737,1178,4745,14800,-347,7632,15321,-3235,3289,14986,632,-5920,16245,-216,-2296,13469,732,2491,14045,-130,-2068,13037,2757,-2685,13561,4516,-755,12797,5997,-2010,12945,6992,-4237,13327,8403,-1058,12509,7696,5686,12476,8145,2496,12724,8162,548,12864,7030,7895,13357,4663,5091,13649,1846,1554,13377,1952,6091,14807,2571,6098,16187,888,4841,14422,-324,4757,15540,-1961,3365,14943,-903,387,15906,-860,-5101,14206,-379,-1937,14019,1121,3000,13725,1851,-2762,13041,2920,-4716,12123,5092,526,14099,7656,-1758,12690,9049,-4165,12906,6630,2714,10913,9964,4856,14813,8522,2115,12394,7958,2474,12609,3662,6937,13045,3413,6133,14476,3022,1485,14771,1217,4431,14354,1433,8244,16058,-973,4965,14900,-1008,2485,15049,-1044,1796,15550,-1020,-2150,14694,-51,-4151,14309,121,467,13510,1937,2058,13599,2974,-3821,12539,5273,-5113,13461,7811,396,14084,8263,-1137,12479,7759,-2016
13165,6101,5816,13298,4101,1374,13293,2007,5452,14195,2004,7509,14951,2122,2737,15891,148,4894,14241,-529,7303,15866,-1793,2821,15163,-189,-4426,15479,-659,-3565,14235,329,1836,14450,763,-360,13077,2741,-3647,13312,3598,-473,12699,6663,-1298,13793,7370,-4716,12531,7840,-1768,12167,7896,5568,13110,8800,3154,12733,8015,540,12646,5888,6711,12796,4903,5901,14522,2731,1946,13196,1633,5289,14422,1656,6126,15703,1221,4949,15354,69,4549,15001,-1710,4490,15048,-623,612,15958,-602,-5131,14398,-415,-2370,13699,839,2538,14242,1806,-1045,13083,3668,-4847,12543,5085,-1044,13864,7526,-1135,12935,7739,-4099,12660,7348,1124,11343,8786,6319,14036,8663,2668,12659,7291,859,12238,4311,7243,13391,3527,6437,14297,3019,1778,14621,1090,4010,14163,1887,7845,16402,-615,6228,14707,-349,2433,15329,-1430,1152,15441,-873,-1198,14954,-771,-4310,14123,-17,-848,13860,1714,2782,13617,2826,-2772,12724,4623,-5956,12812,7137,-291,14151,8122,-268,12371,8139,-2476,12726,7629,3000,11184,9288,6382,14822,7352,2113,11908,6299,1872,13302,2969,8136,12945,2965,6619
15192,153,6957,15228,-2043,4612,15044,-1337,-3984,15420,-613,-4423,14234,842,756,14623,982,58,13250,2790,-3077,13180,3630,-1556,12185,6232,-646,14231,7514,-4238,12313,7749,-3038,11865,7759,5811,12857,8893,4181,13303,8040,-91,12467,5560,5643,12908,4903,6611,14249,2986,2458,13673,2737,4814,14765,948,6433,14857,1359,5754,16246,-482,4321,14858,-1069,3623,15197,-1464,859,15309,-646,-5057,15020,21,-2812,13903,823,3177,13523,1023,-472,12504,3231,-5750,13591,6389,-2103,13545,8280,751,13184,6528,-3173,11484,7640,-655,12779,9140,6387,13952,8932,3184,12239,6723,914,12658,4633,6710,13450,3936,7412,13954,2141,1878,14517,1218,3056,14472,2061,7578,16641,-634,7435,14126,-490,2355,15649,-2066,396,15103,-333,-1525,15197,-602,-3784,14241,209,-1435,13654,1451,3177,13476,2841,-2040,12698,5049,-6789,13603,6918,-1102,13194,7801,499,12323,7714,-1488,12759,8994,2270,12703,8935,6740,13033,7107,1587,12053,5638,1317,13938,3118,8477,12667,3684,7648,15230,877,526,13972,1574,2592,16091,373,9982,15047,-219,6498,15423,-1490,-1297,15227,-1256,-1566
13155,3181,-4027,13080,5003,-3138,13730,7258,-470,13045,7562,-3756,12418,7804,-1926,11856,8084,6152,13241,9167,4672,12624,8275,225,12333,5099,4865,12528,4891,7368,15661,2164,3281,12745,1482,2842,14969,317,6452,15660,1584,7564,16251,-133,3858,14884,-1540,1645,15211,-1014,43,15603,-328,-3835,14659,-850,-2799,13282,231,2575,13218,2388,-160,13424,4702,-6163,13094,6819,-2450,13340,7820,358,13025,7629,-2725,11783,7959,983,12419,8468,6794,12894,9091,4180,13638,5698,152,11854,4522,6098,14377,3256,8313,13693,1777,2299,14669,530,1934,14981,1683,8638,16608,-196,8327,14834,-1220,244,14914,-1163,-1868,15713,-436,-72,15066,-994,-3277,13305,-153,-1928,13177,1702,2797,13627,4392,-2493,13208,6288,-6784,13379,7240,-1275,12682,7968,1229,12591,7366,372,11908,8689,1893,12568,9253,6856,14121,7125,3295,11578,5448,729,14361,2902,7807,13130,2789,7663,15227,253,616,14609,1735,3927,16417,-257,10370,14613,-1851,4613,15188,-1388,-4580,15836,-1130,-2085,14841,-356,977,13995,-447,-2935,13444,1186,-1067,13167,4104,1304,13381,5851,-4114,13235,8090,-5593
12445,9936,4753,13905,5674,-23,11578,4615,5429,14398,2691,9134,13711,1428,3187,14895,580,882,15028,1608,8507,16424,-719,9276,14923,-1905,-602,15244,-1594,-3682,15720,-110,550,14888,-1058,-1745,13136,149,-3050,13536,2313,2190,13440,4549,-1033,12610,6175,-7107,13657,8323,-2925,12920,8329,1999,12091,8345,2365,12731,8090,839,11492,8911,5297,13805,6579,5278,12685,5756,1156,14214,2132,6744,12757,2497,8954,15735,8,1140,14912,1825,3626,16168,-328,9362,14905,-1449,4595,15497,-2255,-4107,15178,-1068,-3399,14465,-119,763,13899,-16,-1383,13818,2330,-2491,13261,3573,811,12549,6052,-3056,13486,7831,-6479,13454,7861,-833,10799,8321,5911,13537,9593,1730,13229,9383,1234,11788,4621,7326,12437,5599,3316,14740,4281,2459,13938,2482,7640,13987,579,5978,15315,928,3097,16559,-427,5670,14465,-924,6048,15783,-2681,115,14980,-871,-6278,15260,-1109,-1233,13633,628,2623,14305,1303,-2198,12757,3949,-3968,12588,5852,-934,13778,8144,-1555,12797,7274,-4626,12169,7765,1379,11907,9852,7349,13989,9784,856,12597,8084,1381,12221,3867,7985,13401,3530,5689
[row took 90008us]
14480,-1714,7897,15604,-2165,3575,15291,-1194,-4752,15479,-1436,-3642,13795,160,1366,14261,128,106,13408,3089,-3515,13283,4037,-1083,12307,6872,-1544,13923,7925,-5424,12842,8078,-1194,11586,8771,6281,13617,9999,2689,12505,7967,316,11935,5402,5822,13699,5272,6181,14128,3742,3299,13687,1013,5303,13920,183,6362,16096,883,5101,15713,83,4534,15458,-2009,4116,14394,-1399,-188,16069,-1063,-4984,14492,132,-2495,13670,609,2809,13535,1745,-689,13173,4462,-5623,12920,6271,-1763,13736,8113,-333,12978,7300,-4617,11814,7462,2061,12049,9259,7514,13897,8618,1617,11688,7098,1547,13606,4334,7170,12428,3391,6968,15062,1302,2383,14535,2677,2778,15557,1734,8686,15637,-739,6692,14700,-1295,386,15533,-1509,617,15563,-666,-1000,14580,-1390,-4359,13697,-303,-759,13661,2765,2724,13725,2935,-3426,12035,4901,-6297,13367,7717,-557,14284,8909,-156,11215,7793,-597,13085,7749,4063,11602,9908,5576,14207,7069,1270,11877,6046,2346,13917,3146,8669,13532,2749,7242,14986,675,-43,14592,1582,4220,16065,115,10727,15120,-1033,4089,15339,-2135,-2747,15029,-1282,-829
13720,4414,-5426,12892,5273,-2679,12323,6786,-28,13817,7376,-3844,12967,8210,161,11178,8119,7711,13257,7981,2245,12263,8020,224,13801,4756,6506,12354,3417,7295,14183,2074,2081,14828,1947,2819,14513,1875,8669,15919,-390,7503,14821,-1016,692,15645,-1636,142,15330,-602,-372,15339,-1306,-3932,13599,169,-1749,13836,1328,3062,13589,3283,-1685,12564,5126,-6404,13039,7288,-342,13704,7784,441,12823,8780,-3102,12362,8700,2989,12100,9227,6780,13870,7643,2657,12501,6112,1731,13720,2714,6962,12592,2830,7505,15720,677,1455,13702,1555,2758,15971,-469,10286,14782,-197,6246,16108,-1279,-1773,14384,-791,-1477,15531,-660,-657,14286,163,-3292,13937,1053,-471,13196,3272,2454,13571,4400,-4028,13217,6590,-6798,12414,8061,-63,14030,8121,1468,11971,6373,1280,12095,8820,3647,12898,7931,4909,12812,7136,2670,13545,3874,2603,12916,1952,8159,13759,1816,6540,15200,2040,284,15650,1214,5693,14482,-115,9385,15794,-1883,1240,14888,-992,-3359,15848,-1354,-1008,14202,-34,-595,14400,642,-2741,13442,2690,-1301,13324,3779,1096,12766,5122,-3505,12936,8442,-5782
13503,9362,3194,13080,7803,785,13730,3830,5997,12250,2058,7774,14594,1012,2641,14544,1664,1368,15411,1421,9179,15285,65,8310,15064,-1050,-648,14991,-1180,-535,15716,-892,-681,14283,-1106,-3963,13728,74,-1500,13639,3141,2850,14293,4082,-1626,12409,5501,-6765,12838,7174,-2130,14061,7853,1165,12609,7195,-272,11787,7328,2775,12044,9091,6288,14480,8527,3277,13075,5751,578,12777,2131,7310,12775,2415,8426,15726,799,613,14181,1921,3034,15861,-330,10792,14605,-270,4830,15698,-1617,-3004,15122,-777,-2200,15029,-556,-441,14013,-752,-2251,13371,1532,-801,13747,3768,2108,13224,5751,-3186,13262,7410,-6365,13531,7958,-960,13143,7826,2551,11867,6980,2228,11794,8693,2760,13585,9179,6304,13929,7254,3378,12910,3356,1490,12644,574,8204,14105,973,6851,15407,1224,381,15261,599,6490,14688,218,8498,15650,-1529,1004,14974,-285,-4902,15540,-1381,-2158,14062,105,651,14031,893,-1644,13448,3336,-1369,13323,4437,1256,13310,6296,-4610,12879,8071,-6371,13697,7453,1243,11977,7179,5208,12082,7608,2124,12426,8935,2719,13692,7991,6692,13367,4489,3165
14880,734,9532,15677,-33,7617,15336,-993,21,14961,-695,-2859,15448,-638,-758,14552,-673,-2196,13591,2,-1631,13264,2342,2806,13606,4803,-1401,13174,6622,-6976,13560,8368,-2661,13498,7483,1817,12255,6661,635,11726,7296,1785,12580,8964,6942,14094,8547,3910,13052,5343,512,12662,1567,7137,13246,1761,8020,15439,625,861,14605,1944,3526,15453,-28,9843,14706,-488,5645,15720,-1017,-3860,15390,-1057,-3086,14586,-451,532,14108,-205,-2749,13633,1797,-737,13509,3715,1558,13353,5710,-3406,12950,7319,-5984,13839,7382,-1206,12239,7902,2944,12565,7058,2996,11581,8370,2063,13358,8215,6241,13235,6777,4216,13545,3887,1003,12806,855,7497,14307,957,6843,15124,2069,1211,16001,510,6512,14354,-58,7870,15894,-2067,758,15011,-114,-5384,15471,-1634,-2268,13495,-87,1425,14287,748,-1190,13337,3580,-2455,13076,5546,352,13627,7125,-3053,13496,7801,-6064,12507,7093,768,11880,7362,6070,12642,8762,1935,13051,8566,2440,13091,7096,6902,13281,4284,3443,13598,1936,2529,13485,932,7011,14638,1323,5483,15926,1012,4705,15000,-8,5242,15066,-1202,4590
13610,792,-2128,13918,2653,2430,13435,4773,-1177,12582,5595,-6910,13054,7502,-2986,13373,8170,2212,12773,7907,1693,11868,7637,1781,12091,8302,5495,14055,7564,4722,13094,5753,788,13357,2124,6312,12846,2184,8428,15552,976,1212,15109,1738,3801,15228,-720,9688,14771,-1460,4974,15634,-1307,-4191,15457,-1122,-3433,14096,-576,624,14223,-171,-1200,13883,2529,-1877,13534,4065,728,12845,5612,-2186,13121,7409,-6107,13566,7962,-1673,12264,8549,4778,13278,8151,2111,11509,8303,1151,13318,7313,6790,13156,6051,4381,13385,3429,1809,13158,1565,6921,14514,1226,5949,14964,1444,3095,15890,-502,6076,14223,-742,6885,15844,-1769,1004,15245,-251,-5913,14977,-777,-2707,13854,613,2448,14103,1088,-941,13409,3321,-3412,12743,5036,-450,13213,6924,-2436,13472,7986,-5698,13119,7494,1311,11732,8928,6517,13507,9843,1377,13933,6882,1993,10244,4843,6680,14609,3430,5134,13310,3667,2751,14197,624,4723,14069,1682,6999,16379,477,5074,14865,353,3958,15713,-1457,3787,14648,-1199,-1296,15694,-1078,-5416,14191,-402,-671,13939,1090,2523,13539,2688,-2627,13234,4554,-4216
12683,8623,2623,12278,8269,456,12152,7707,5286,13304,6638,5929,13975,4579,1634,12842,1727,5841,13757,1710,7288,15169,1809,2240,15705,919,4452,14652,-844,8537,15175,-1904,3966,15682,-988,-5167,15114,-891,-4221,14203,-172,1471,14245,626,60,13719,2693,-2670,13034,4167,-689,12706,5971,-1996,13770,8173,-5988,13291,8184,-842,11087,8410,6281,13427,9946,2403,13799,7978,1040,11353,5707,5961,13468,4201,5678,13901,3741,2986,13488,1835,5087,14736,666,6243,15192,1081,4580,16221,-25,4832,14865,-1260,5639,14828,-1785,120,15586,-1121,-6084,14557,-362,-2265,13986,1060,2509,14031,2019,-862,13007,4242,-4538,12532,6108,-1551,14103,7247,-1620,12960,8005,-4118,12289,7422,1542,11843,9265,7378,13539,8759,2001,13128,6837,1043,12032,4388,7377,13578,3975,5967,14353,2034,2028,14065,462,4241,13905,1700,7720,17531,170,6286,14398,-561,2489,15158,-1725,730,15307,-784,-1413,15445,-659,-4338,13631,-419,-549,13408,1590,2955,13907,3232,-3452,12619,5767,-5908,13794,6650,-5,12899,8468,-1148,12871,7701,-1931,11800,8430,4019,12664,9620,6956,13993,7670,1460
14767,205,6428,14907,1321,5414,16928,109,4995,14410,-1185,4370,15554,-1567,156,15304,-557,-4947,15148,-1389,-2672,12924,653,2218,14197,751,-374,12714,4781,-5053,13021,5989,-1697,13662,7878,-647,12754,8068,-4067,12245,7595,474,11604,9307,7168,13619,8964,3291,13190,7369,1131,12077,4909,6970,14152,4161,6934,14117,1879,2266,14132,0,3091,14309,1024,7913,17198,-79,7613,14874,-931,1793,14903,-1498,-271,15367,-757,-1129,15373,-1068,-3992,13475,-482,-1522,13363,1086,3183,13644,4150,-2739,12955,6393,-6417,13743,7236,-734,12561,8513,-125,12660,7371,-1410,11597,8916,2840,12832,9512,7261,14006,7618,2571,11212,5601,1809,14330,3143,8272,13429,2592,6879,14746,17,54,14729,1082,4181,16609,217,11117,15211,-1365,4659,14774,-1373,-3873,15693,-956,-1498,15224,-735,55,13654,-600,-3685,13439,347,-178,12970,4151,1427,13499,5698,-4911,13021,8124,-5128,13486,7570,-4,11513,8404,2374,12873,8585,463,12131,8940,3753,13340,7886,7300,12197,5633,2430,13937,4360,3157,14000,2066,8966,13863,604,4420,15355,935,820,16601,281,7510,14730,-705,8847
13497,893,-1588,13305,2646,2544,12929,4251,-2723,12860,7634,-6471,13940,7838,-679,12379,8455,1033,12555,7919,955,12383,9385,2764,13070,9400,5993,13462,5644,4440,11888,4823,1882,14576,2214,8369,13642,2398,7316,15240,-163,-247,14803,319,5575,15667,-99,9813,15664,-1846,2395,14888,-1274,-5359,15265,-1416,-2249,14407,-412,774,13967,258,-2166,13356,2341,-1739,12959,4577,603,12953,6659,-4089,13875,8665,-5938,12682,8136,1121,11775,9234,4781,13145,8212,1132,11429,7817,2859,13314,6844,6942,13762,6012,3809,13414,2533,3435,13554,1369,6822,14737,1251,4934,16145,548,3955,14914,-1042,6221,15318,-2074,5456,15262,-1293,-2226,15641,-1365,-5921,14395,-1120,-490,13676,494,1912,13824,2246,-2591,12848,4725,-3310,12686,7731,-470,14659,8751,-2901,12202,8418,-4223,11823,7435,4059,11781,9385,6381,13999,8421,819,12373,7034,2998,12739,4352,7953,14238,2821,4826,13705,2327,2331,15472,241,5556,14127,673,7894,16214,-1056,5117,15179,-976,2252,15080,-814,347,15753,-1230,-3742,14540,-385,-4186,13745,-9,1311,13406,2362,2143,13616,4229,-4941,12379,6466,-4799
13600,8370,1554,12226,8270,1756,13360,5466,7126,13459,5542,5545,14210,2209,3232,14075,486,4381,14447,1228,6338,16508,-337,6299,14630,-436,3803,15461,-1742,2587,15322,-914,-1885,15135,-1044,-5883,14095,-1010,-738,13355,1264,3399,13746,2502,-2266,12521,5085,-4758,13071,7598,-424,14199,8118,-1916,12504,8225,-3975,12268,7454,4887,11916,9840,6900,14143,7921,717,12569,6919,2800,13237,3997,8415,13368,2200,6161,14645,799,1503,14213,869,3859,15589,939,9538,15785,-127,5117,14927,-1825,-224,14783,-882,77,15542,-1263,-2566,14243,-641,-4534,13499,190,1219,13442,3033,2280,13851,4877,-5178,12593,6486,-5540,13588,8144,554,13289,8412,-756,12590,7755,239,11779,7789,5845,12532,9176,5154,14177,7147,997,12581,5196,3514,12945,1830,9345,13725,1391,5062,15276,1500,-595,15417,909,6927,15004,-254,10109,15254,-1900,1024,15194,-1182,-3596,15488,-644,-877,14883,-1238,-1790,13375,361,-3059,14082,2025,1680,13175,5670,988,13654,6389,-5478,12610,8255,-4593,13633,8729,640,12977,7570,2547,11500,8188,2429,12243,7887,5005,13540,8480,5705,13805,5306,1172
15610,2198,9326,15741,-245,6555,14768,-1087,-355,15191,-1505,589,15874,-1091,-1948,14163,-415,-5491,14143,363,21,13280,3453,3226,13779,3587,-3161,12102,5824,-5395,13787,8446,-1361,13557,8111,-69,11804,6874,12,11820,7682,4004,13222,9588,7021,14385,7736,1590,12026,4407,1216,13126,2043,9019,13934,2622,6491,14870,892,303,14760,1042,5265,15403,337,10049,15435,-338,3799,15382,-1028,-3169,15495,-845,-1955,14665,-376,-991,13850,170,-3367,13773,1298,1407,13230,4378,2112,13505,5500,-5990,12524,7657,-6301,14359,6635,439,11000,7903,2926,14077,8090,1723,11507,8476,4085,12903,7348,5633,13307,6046,1400,13450,3785,3272,13044,1240,9529,14388,1333,4330,14972,2217,338,15593,675,7647,14833,-403,8817,15402,-2036,-573,15578,-1142,-5063,14797,-513,-627,14573,-892,-378,13592,1426,-2747,13801,2878,386,12964,5573,-410,13315,6517,-5433,13298,7988,-4340,12686,7819,2282,12315,8493,4728,11891,8303,1906,13068,8444,4261,13460,7087,5691,13437,3838,1737,12654,1203,4599,14124,1311,8360,14880,1733,3406,16054,537,3578,14575,-266,7798,15555,-1561,4434
14089,821,-615,13134,3521,3013,13843,3517,-2627,12184,5886,-7075,13608,7319,-1403,13399,8495,1515,12165,7074,582,11949,7917,3932,12703,9727,6108,14405,7483,2190,12257,4255,1648,12876,936,8103,13751,2357,6888,15577,1743,438,15103,1217,5233,14782,-51,9798,15620,-1148,2203,15448,-1079,-3632,15220,-1083,-1209,14465,-754,-536,14131,611,-2618,13692,2466,-616,12942,3848,1304,13149,5678,-4086,13714,7389,-5565,13170,7411,509,11906,8524,3457,13225,8609,450,12097,9255,4160,13849,6972,7003,12114,4794,1444,13585,2779,2823,13328,1891,8265,14335,613,4757,15264,1739,1619,15976,1157,6832,14249,-199,8196,15471,-3152,23,15101,702,-6358,16164,-816,-174,13330,447,835,14076,818,-3216,13445,3760,-376,13372,5931,-843,13357,6069,-4341,12502,7854,-4073,13881,7713,1796,11149,7508,5830,12511,7956,960,13006,8229,2836,13152,6979,7650,13266,3267,2174,12729,1338,3630,14677,1138,7779,14807,3095,4084,16200,702,4760,14259,-517,5777,15614,-1641,3191,15641,-1044,-2508,15213,-937,-5492,14162,44,75,14588,1226,2006,13121,3382,-4072,13414,3194,-2063
12186,7371,971,11872,8227,2855,13260,9034,6837,13702,6875,2937,12506,3943,1030,12955,1498,7838,14126,2510,7585,15591,1353,432,14810,1285,4558,15180,-260,9986,15340,-1411,3293,15162,-968,-4281,15274,-904,-2086,14515,119,300,14200,629,-2989,13607,2683,-710,13202,4064,1050,12963,5445,-4191,13031,7176,-5089,13651,7028,-67,11659,8293,3844,13245,7436,1813,11607,8589,2400,13805,7473,6981,13101,5349,2887,13175,2490,2283,13303,1984,8165,15108,2151,5479,15081,2059,2062,15461,-502,6740,14618,-828,6944,15619,-1821,-450,15400,-330,-5504,14745,-769,-1127,14184,545,1605,14154,1636,-2554,13295,3138,-1873,12569,5011,-103,13480,6422,-3384,13365,7914,-4976,12782,7961,2193,12200,8902,5896,13008,8718,781,12689,7799,3021,12870,5392,7586,13198,3695,3206,13639,1952,3082,13808,952,6731,14878,2466,5376,16453,571,4363,14362,-178,4967,15430,-2026,4441,15278,-849,-2560,15357,-602,-5365,13844,-249,237,14145,1397,1769,13915,3222,-3442,13020,4135,-3035,12326,6445,-228,14505,7229,-3346,12655,8253,-3114,12127,7298,4798,11781,9592,5925,14150,7807,512
13528,2614,7645,15143,1245,780,15069,1348,4227,15897,-172,9661,14467,-1435,4087,16225,-1738,-4654,14527,-626,-2569,15194,-298,730,13889,1205,-1844,14238,2178,-2359,12928,4502,606,13123,5502,-2841,13163,7587,-5846,13554,7048,-179,10769,8717,5373,13995,8933,1680,12152,8652,1651,12855,5582,6192,12729,4586,3992,13569,3183,2572,13944,1976,7263,13937,1294,6195,15683,1697,2631,15541,630,5489,15349,-1288,7173,14956,-1812,200,15810,-860,-5805,14561,406,-1838,14419,1008,1545,14239,1757,-1555,12989,3535,-3008,12371,4104,-862,12966,6678,-2500,13815,7575,-5209,12107,8191,2363,12187,8669,6677,13344,8980,967,13066,7644,1804,12478,4425,7469,13349,3283,4469,13393,2844,2800,15188,1526,6032,13698,2636,6038,17279,-239,4952,14294,249,4034,15337,-2432,3442,15038,-1655,-2201,15160,-231,-5751,14791,321,741,13500,1427,2588,13307,1978,-3931,12759,4436,-4626,13072,7466,211,14361,7451,-1493,11971,7719,-3219,12159,8081,4395,12741,10607,5990,14419,7788,941,11626,5244,3285,13215,3220,8222,14133,2761,4317,13784,2530,1367,14797,1295,5741,14796,1661,8701
15086,-474,-1965,14432,599,1979,14310,800,-1639,13143,2605,-3180,13058,4013,-1214,13517,6245,-2151,12703,7439,-4706,12885,7875,-107,11535,9521,6112,14008,9040,1846,11845,8900,1152,13568,4304,7119,11349,4361,5234,15378,2240,2332,13007,2290,5851,14644,1506,5887,16063,1549,4350,15893,65,5356,14719,-2323,4906,15414,-2000,-748,15096,-242,-5198,15362,-362,-1259,13245,1665,2383,14220,1695,-2053,12836,4159,-5385,12813,5395,-1253,13597,6293,-1095,12551,8352,-3581,12548,8345,3119,11792,10122,6238,13494,8556,884,13005,5919,1808,11645,3801,7881,14152,3288,5737,14014,2759,1754,14659,1349,4583,14737,2396,8045,17165,-303,5948,14429,-1980,1668,15134,-2170,633,15232,-743,-1547,15613,-138,-4252,13507,388,308,13497,1683,2334,13468,3280,-4993,12378,5108,-5588,13472,6537,699,13185,8759,-638,12517,8977,-1139,12184,9090,4179,12586,9918,6124,14366,6660,852,11094,4200,3274,13393,2942,9163,14571,2739,5229,14307,1519,586,14780,1520,4812,16181,504,10057,15248,-2082,4156,14562,-1904,-2474,15564,-832,-354,15396,41,-1297,14261,428,-4142,13659,960,1162
13005,8791,-2905,12386,9532,1674,12379,9943,6544,13245,8784,1983,13170,5434,1069,11514,3684,8259,14265,3319,7075,14182,2652,1459,14860,1314,3428,15072,1842,8426,16818,-885,6987,14672,-2652,502,14995,-2115,-778,15276,-583,-508,15322,-164,-3634,13358,290,-844,13278,1912,2394,13505,3666,-4887,12309,5628,-6610,13537,6351,523,12636,8957,1277,12613,9069,-549,12180,9765,2757,12762,9642,6221,14259,6189,1644,11052,4243,3334,14217,2333,9116,13925,3204,5704,15323,1479,53,15109,1831,5419,16282,-741,10436,15182,-3449,3011,14510,-1675,-4429,15971,-1086,-220,14840,-375,418,13636,221,-4496,13719,1220,-170,12847,3924,619,13058,4455,-6001,12628,8371,-4111,14078,8897,1458,11633,9268,3692,12686,8812,-243,12464,9283,3183,13107,7449,7207,13142,4363,2450,12725,2374,3907,14149,2460,8898,14927,2424,4146,15997,1526,2373,15529,-1347,7536,14714,-2038,6188,15547,-2705,-1739,15203,-1195,-5241,14317,-294,241,14480,389,718,13728,2566,-3966,13445,2960,-1725,11931,5093,-764,13730,6266,-5021,12926,9348,-2847,12192,8840,5337,12296,10359,3709,14110,10221,-718
13849,2772,6146,16540,1788,1571,15187,-489,6183,15006,-1678,8425,15421,-2626,1252,15456,-916,-5932,14994,-761,-1205,14128,203,1617,13910,808,-2472,13529,2797,-2291,12967,4595,-520,12485,6267,-4423,13616,8284,-4716,13047,8492,2546,11937,9554,4879,12892,8398,467,11390,7870,2767,13753,5961,6946,12722,3861,4705,13509,1838,3369,14381,2337,6050,15151,3167,5700,16489,-21,4477,14206,-1533,5218,15786,-2534,4003,14987,-1353,-2376,15384,-1057,-4800,14420,-173,21,13843,789,2121,13600,2407,-4062,13174,3700,-4232,11885,6625,-100,14231,7229,-2852,12194,9345,-2691,12749,8981,5261,12334,10651,4953,13636,7841,86,11480,5061,3222,13017,4307,8393,14419,3913,5101,14292,2547,1852,14523,864,5838,15549,742,8582,15624,-903,4438,15848,-2880,1366,14149,-1334,410,16232,-1494,-2613,14290,827,-3982,14141,240,1744,12934,2229,1321,13340,3586,-6237,12390,5937,-4308,13667,7594,1209,13080,8142,-1761,11756,8899,216,12384,9332,5738,13182,9366,4139,12924,5896,902,12654,4091,5525,12423,2346,9359,15846,2707,3098,14846,3984,808,15987,52,8838,14419,-1509,7906
13884,-329,275,13516,1594,2425,13998,2666,-4037,12769,4492,-4701,12426,6061,242,14321,8871,-1568,12972,9675,-2944,12290,8639,4853,11844,10023,5836,14181,7755,819,12494,6387,2938,13190,3059,8175,13153,2478,5385,14671,1404,1495,14572,1613,5101,15644,549,9916,15165,-1389,4570,15240,-2759,-759,14455,-989,21,15814,-875,-1997,14279,755,-3868,14019,842,1378,13314,3194,1302,13757,4181,-5880,12200,5157,-5396,12911,6493,1546,14003,9342,-90,12407,8589,250,11887,8865,4655,12958,8765,4172,13543,6579,1595,12582,3570,4580,12768,1664,8488,14763,2957,3926,14809,2926,1463,15849,654,8182,14553,-753,8137,15883,-2931,-355,14699,-1288,-3109,15829,-1259,213,14323,-18,-905,14006,877,-3280,13452,1957,733,13509,3874,-667,12525,5305,-5866,12343,6687,-2051,13738,9005,1403,13337,9889,1611,11950,9606,1070,12631,8256,4397,13406,7508,6232,13459,4624,1969,12636,1513,4579,13248,2507,8621,16066,1642,2639,14858,2170,2982,15623,-2151,9288,14414,-1267,5507,15829,-1924,-3518,15162,-1195,-3890,14238,-80,814,14576,662,-170,13796,2767,-2867,13251,3309,-621
12853,9118,-258,11605,8626,4295,12845,9916,5832,14188,7122,968,12188,4019,2486,12297,748,9264,14146,2706,6217,15573,2337,276,15031,1756,5811,15435,-594,10048,15443,-2307,2423,14997,-1261,-4298,15746,-1027,-569,14351,-738,339,13830,600,-3066,14086,2388,632,13029,4436,296,13144,4001,-6425,12052,7099,-4377,14337,9084,1430,13180,8797,2587,11365,8237,1686,12243,8962,3650,13986,8802,5966,13473,4913,1980,12181,879,3379,12738,1425,9252,15830,1794,4152,15054,3399,1426,16232,-992,8360,13989,-803,6473,16103,-2617,-1633,15126,-1152,-4367,14541,-640,-3,14314,692,95,14200,3127,-2928,13772,3497,-739,12704,4661,-1208,12456,5541,-5415,13385,7139,-3310,12475,8359,4341,12551,8967,4630,12370,9040,-218,13107,8271,4306,13539,5398,6038,12956,2601,2159,13013,1613,5183,14802,2212,7332,15181,3228,4302,16435,430,4626,14116,-653,5616,15935,-2429,3005,15040,-1001,-3957,15257,-1097,-4018,13773,202,2308,14055,1294,671,13687,3165,-4550,13048,3935,-2232,12206,6165,-1168,14139,6838,-4291,12414,8236,-985,12069,8438,6933,12815,10108,3525,13606,8791,-329
14679,1894,6231,14899,3220,826,15814,341,7289,13925,-86,7364,16264,-3137,-269,14489,-1155,-4335,15216,-1683,-755,14290,242,559,14339,1773,-2408,13682,3280,-2083,12959,4146,80,12692,5226,-4607,13794,8050,-4877,13483,7752,3299,11150,9126,4546,13038,9813,-46,13219,9549,4354,13333,6436,5961,12474,2900,2443,12789,1193,4104,14078,2080,7042,15099,2361,5141,15776,1335,4404,14794,-723,5854,15289,-2063,5146,15183,-1738,-3751,15164,-1591,-5090,14248,-79,1590,14268,1030,2017,13825,3234,-3661,13324,4285,-2943,12673,6614,-1246,14549,7631,-4165,13034,8244,-2175,11860,7229,5417,11779,9342,4769,13975,9154,557,12959,7616,3481,12441,3638,7051,13169,1363,3611,13381,1604,3314,15047,1415,6581,14477,2490,6690,16104,-323,4609,14596,-1160,3808,15328,-1645,641,15643,-1605,-4458,14630,-165,-3529,14401,1120,1983,14019,2882,1905,13418,3789,-5633,12963,4868,-4024,12914,7340,-109,14080,6846,-2765,11357,7331,140,12025,8316,7171,13142,10317,3499,13703,8276,-352,12138,4225,5030,12481,2144,8078,13671,1440,2913,14635,1892,2267,14615,2463,7998,16167,154,8513
14259,-1129,-588,13938,200,2097,14194,2484,-1680,13363,3800,-2622,12531,5269,-1518,13254,6598,-4037,13149,7563,-4213,12744,7549,3567,11586,8910,6411,13402,8880,516,12372,8420,1996,13221,5264,7502,13123,3107,3866,13356,1494,3246,14350,994,6376,14920,2343,6055,16646,509,5077,14530,-269,4460,15716,-1918,2558,15246,-1376,-3078,15001,-1421,-5017,13979,-100,841,14134,2032,2419,13727,3642,-3747,12775,4832,-4472,12569,6986,-586,14168,7219,-2791,12044,8216,-1986,12366,7449,5937,11397,10130,5499,14545,8222,151,12307,6307,3236,13034,3119,8108,13714,1648,4427,13980,1683,2001,15105,1212,5901,15255,1485,8728,15778,-90,4036,15537,-1926,1086,14765,-717,-571,15665,-1719,-3399,13844,-70,-3478,14003,1120,2307,13963,3658,1616,13013,4621,-6086,12619,5768,-4591,13806,7977,375,12881,7147,-1083,12296,8181,1458,12257,8249,5699,12701,9002,4542,13649,6751,-64,12720,4570,4500,13209,1927,9774,13951,1195,3521,14738,1134,322,15062,2154,8264,15916,232,9152,15357,-1232,879,14912,-1758,-2496,15329,-790,-880,15016,-817,-2934,13857,965,-1879,13564,2288,2990
[row took 90419us]
12185,6435,-3304,11754,7573,3758,12393,10454,6476,14334,8538,924,12255,7668,2255,13464,3954,7891,13250,2064,4988,13428,1374,1934,15094,1245,5097,14692,2653,8541,16530,-649,5876,14505,-1392,1474,15132,-1633,-88,15634,-1683,-3320,14160,-271,-4166,14328,112,1700,13472,2969,3353,13887,3737,-5137,12193,5738,-6323,13173,7197,-153,13793,7112,-309,11872,8574,-199,12467,8466,5358,12171,10234,5175,14592,7100,262,11884,5336,3116,13369,1277,9594,13110,2401,5235,15258,1050,107,14489,2051,5856,15841,118,10325,15218,-851,3092,15450,-2119,-2270,14948,-1091,-1455,15139,-1477,-1963,13861,670,-2947,14235,1809,2518,13571,4538,843,12726,4744,-7100,12860,7529,-5082,14328,7373,1098,11368,7737,2269,12791,9196,1430,12645,10368,5576,13904,7397,4819,11137,4817,-416,14296,2615,5054,12551,3022,9950,15808,44,3223,13724,1743,791,16195,1042,8525,15148,398,8817,15596,-2637,-1306,14694,-1718,-5267,14985,-735,303,14363,-156,-856,14325,2127,-2913,13393,3265,1894,12804,5687,-1867,13918,6094,-7275,13134,6524,-2852,12039,7288,3875,12644,8959,3421,12840,10047,1337
13809,1766,6104,14571,616,216,14664,1955,5212,16754,1751,10882,15521,-919,4152,15086,-2036,-3727,15171,-1821,-1165,15231,-1242,-374,13940,49,-3153,13962,1204,1256,12967,4825,799,13621,5528,-6926,12998,6640,-5559,12740,6704,1035,11884,7416,3054,12330,9064,1208,12523,10249,3949,13578,9234,5809,12572,5214,921,12818,3305,4006,14211,1256,9448,13848,828,3851,14950,1859,1350,16804,1021,8716,15006,-320,8302,15704,-2870,-1953,15111,-2035,-5676,14943,-1383,437,14457,-540,502,13610,1674,-2512,13327,3403,-299,12667,6362,-1948,14155,6345,-6030,12271,7510,-3854,11935,7332,4064,12290,9611,4869,12951,10262,249,12913,8896,4641,12517,5853,5729,13291,3397,2412,14251,1310,5160,13424,402,6899,14964,1262,4579,16977,1889,5028,15415,-74,6674,15259,-1900,2462,15341,-2489,-5070,14911,-1374,-3796,13970,-476,2255,14077,999,925,13065,3811,-3885,13277,5509,-3570,13555,6989,-1870,12779,7065,-4258,12407,7167,-680,11468,8611,7422,13483,9954,3834,12791,9328,-289,12940,5491,5289,12463,4286,7236,15247,1734,3050,12821,978,3737,15120,938,6605,15791,1992,7308
13922,-812,288,13984,837,2066,14309,3398,-3060,13143,4859,-3052,12127,5848,-1391,14071,6924,-4742,12359,7863,-2827,11608,7720,6089,12105,11160,5047,15045,10413,-318,11652,5772,3973,12362,4328,6482,14430,2716,4272,14197,2224,3866,14023,147,5715,14769,1476,7199,17256,45,4671,14599,-1272,2814,15345,-2833,509,14941,-2183,-4422,14975,-683,-3499,13610,801,2736,14076,2471,1265,12780,4856,-5659,13042,5574,-4548,13014,8433,151,13702,6441,-2362,10949,8369,316,12607,10123,7462,14057,11448,3613,13397,7516,-453,11621,2998,5564,13289,2171,9252,14603,1329,3975,14359,1183,1145,14662,1616,7832,16396,378,9409,15394,-1299,619,14720,-2939,-2106,15394,-1690,-1124,14717,-576,-2705,14018,498,-1700,13327,2550,3003,14039,4323,-1835,12430,5617,-8182,13204,6774,-3304,13354,7174,2303,11456,8949,2057,13472,9148,1577,11193,9714,5308,14210,7478,3489,12997,6172,835,12970,1464,7323,12512,2022,8636,16010,696,1402,14901,3158,3504,16330,-103,9690,14719,-1728,5376,15477,-2961,-4166,15318,-2191,-3384,14562,-889,961,14227,-517,-1451,13602,2550,-1392,13589,4531,604
11710,8399,2091,12337,10046,5504,13680,9731,4600,13471,6021,679,12604,2760,4375,12280,475,10056,15832,2431,3231,15270,3125,1263,15632,68,9133,14694,-464,7765,16298,-2820,-1558,14675,-1855,-3769,14974,-1590,151,14374,-602,-1143,14050,2266,-2207,13675,3448,807,12963,4670,-2188,12676,6008,-7266,13935,7905,-3150,11686,7728,4192,12608,8314,3922,12124,9780,820,12920,9494,4615,13672,7029,5345,13129,4092,1058,12996,634,6410,13372,1333,8507,15904,1611,2254,15354,2184,4712,15937,-653,7929,15004,-1715,3140,15687,-2490,-5159,14850,-2035,-3512,14111,-617,1907,14163,1155,357,13564,3658,-3058,13475,4878,-1502,12795,6240,-2736,13321,6807,-5451,12758,7738,-681,11915,8792,7140,12773,10137,3548,13074,9795,-537,13341,7350,6219,13041,3699,6098,12900,660,2143,13535,1049,5781,14784,2074,7090,16288,2084,5509,15738,164,4607,15065,-2326,3399,14864,-2589,-630,15438,-1767,-5426,14277,-847,-1796,13544,1572,3909,14254,3023,-1136,13650,5259,-6477,12320,5201,-2779,13196,6886,-1228,12927,7127,-3118,12141,7291,3615,11464,10000,7375,14207,9923,340,13220,8616,437
14767,2890,3511,16248,802,5053,14604,-918,7329,15499,-1937,3215,15156,-2309,-4377,14573,-1826,-4655,13863,66,1671,14572,2006,1686,13631,4343,-3755,13582,4297,-2903,12466,6336,-2391,13291,6765,-4323,12904,7629,-831,11896,7039,7690,12801,10537,3931,13670,9058,-1988,12721,7146,5142,13161,2826,7525,12845,1126,2833,13863,1268,4098,14889,3341,6906,16061,2206,6668,14967,-167,3523,15098,-2669,2480,15032,-2160,849,15601,-1693,-4887,14180,-507,-3047,13950,1987,3545,14372,3475,-653,13466,3705,-6068,11626,4403,-2111,13939,7011,-822,13260,8132,-2563,12619,8089,2760,11193,9827,6336,14348,10432,1936,13815,8241,346,12119,3062,6153,12378,1290,8365,14128,1708,2531,14887,1898,2827,14722,2306,8631,16122,3,7119,15137,-889,1260,15184,-2328,-317,14966,-1527,-1682,14937,-893,-3724,13825,601,-116,13645,2872,3935,14308,4128,-3029,12723,5348,-8267,13168,6111,-1739,13610,7346,1233,11459,8378,565,13572,9231,3537,11890,10398,5496,14087,7285,991,12400,5039,1384,12682,1288,8693,12884,1622,7714,15348,1655,482,14735,2967,3777,15655,996,9780,15198,-1379,5300
13685,876,3102,14211,2654,1111,13715,4205,-6028,12603,4819,-3843,12754,7057,-42,14151,6910,-2845,11634,8350,511,12354,9228,7307,13333,10841,3230,13547,8014,-380,12554,3989,5189,12415,1615,8121,13595,1441,3505,14740,1918,2424,14761,2925,7340,16120,420,8528,14936,-860,1549,15311,-3043,-23,14988,-1463,-485,15070,-1146,-3646,14114,1050,-2094,14131,2891,3430,13943,3938,-1104,12937,3482,-7270,11898,5547,-3259,14257,7631,1011,12726,8018,18,11496,8527,2371,12367,9842,5772,14329,9707,2181,13090,5379,645,12215,1234,6948,11984,2130,8775,16242,1560,1935,14131,3364,2366,16058,772,9593,14808,-186,6220,15954,-2658,-1735,14629,-2027,-1792,15010,-1199,-1,14618,102,-2753,14333,2154,-927,13155,3995,1662,13343,4221,-3560,13160,5610,-6719,13597,6688,-1071,12198,7740,3315,12711,9002,930,12655,10443,2011,13337,9475,6419,13561,5300,2390,11620,3118,1485,13901,1215,8144,12928,2199,7183,15166,1035,1405,15098,2959,4344,16751,869,9805,14349,-3334,4068,14654,-2550,-5601,15451,-819,-2176,15309,581,1685,13903,948,-2185,13774,2765,-1056,13434,5061,-81
11559,7957,1382,11793,9482,5958,14026,10432,3453,13804,6811,-224,11782,2518,5089,12125,983,9274,14445,2083,3620,14928,2955,1104,15406,2362,7973,15359,18,8715,15475,-2166,299,14899,-2406,-2471,15433,-1343,102,14848,-691,-2321,13912,1582,-1859,14078,2882,2631,13678,4367,-1927,12957,4706,-7289,12821,7233,-2651,14018,7586,2156,11662,8334,1699,12386,8795,1742,12340,10425,5538,14429,7976,3543,12392,4016,574,12019,144,6783,13076,2383,9160,15961,1766,1804,14624,3276,2494,15929,-328,9800,14704,-800,6002,15608,-2644,-3577,15227,-1757,-3160,14396,-161,1000,14869,628,-1490,13926,3254,-1734,13874,3948,1015,13073,5204,-4240,12623,5825,-5867,13730,6517,-916,11590,8325,4620,13183,8205,2294,11429,9826,666,13987,8298,5818,13274,5601,4064,12576,1780,1911,12675,884,7514,14515,2607,7061,15334,3266,1973,16083,808,5571,14372,-478,7841,15667,-3037,1339,15040,-1492,-5819,15007,-1335,-1819,14544,715,2299,14099,2523,-1128,14107,3357,-2834,12774,4584,-1389,12956,5444,-3236,13438,7054,-4778,12723,7687,1197,11744,9300,6898,13225,9769,1271,12947,8935,425
14695,1784,3327,14880,3217,101,16115,1180,8548,14702,-357,8831,15724,-2934,-964,14725,-1799,-4013,15097,-425,118,15088,211,-1356,13841,2624,-1684,14059,2812,1387,13242,4427,-2351,12694,5124,-6860,13600,6789,-2751,12138,7756,3888,12663,9058,3272,12273,11195,283,14308,8769,4934,11258,4289,4682,12906,2956,1012,13623,2269,6772,13382,2290,8756,14943,1736,1761,15736,2439,3333,16045,29,8849,14574,-2135,4564,15703,-2424,-4619,14809,-1269,-3056,14788,330,1643,14131,1347,-476,14292,3002,-3047,13184,4161,-1005,12781,5227,-2551,13332,6279,-5577,13218,6885,-310,10912,9576,6532,14248,10112,2141,12251,9558,111,12735,5375,5172,12186,4183,5429,13730,2064,3161,13460,1904,6458,14151,1578,6958,15805,2728,2765,16246,987,4522,15280,-1927,6875,14616,-2827,342,15833,-2003,-5276,14348,91,-2001,14473,1313,2012,14376,2787,-460,13606,4098,-4474,12226,3824,-2308,13002,6782,-1619,13854,7179,-4235,11517,8396,2518,12168,9422,7152,13739,10106,1021,13347,7891,444,12176,3337,6725,12548,2214,6216,13581,2326,3210,14995,1894,5099,14286,3075,6867,17261,204,5509
15068,-32,1210,14318,1665,-126,14561,2861,-2949,13083,3724,-413,12724,5472,-2272,13833,5733,-5724,12225,6574,-1758,11852,8728,5020,13516,10856,3518,13024,10007,73,12796,6754,4547,12114,4018,5291,13393,2416,3211,13391,2005,6167,13842,1031,7294,14747,2481,3435,17026,1427,3581,14978,-1338,6668,14827,-2960,1834,15712,-2001,-4625,14853,145,-2123,14265,1167,2292,14449,2171,-214,13538,3584,-4527,12874,4807,-3202,13821,5877,-995,12619,6865,-3972,12265,8064,399,11897,9992,6997,14002,10065,2490,12555,8128,-316,12343,3402,6072,11646,3324,6898,15133,1602,3224,12946,1600,4645,14683,2166,6416,16746,2166,5527,16142,-102,3886,14178,-2790,2606,15697,-2530,-526,14864,150,-3722,15367,31,-1845,13404,2334,3130,14198,2621,-1811,13246,4687,-7408,12846,5404,-1904,12916,6259,447,12366,7819,-1924,12222,9576,2927,12643,10617,6262,13146,8926,1309,13038,4697,590,11502,2419,8146,13825,2655,7710,14142,2048,2006,14532,2063,3162,15875,2881,8430,16757,-472,6454,14200,-2450,-199,15572,-3288,-1138,14760,-134,123,15764,-127,-3306,13377,1462,-567,13679,2674,2582
12092,8634,25,12226,10571,6334,13537,10387,3518,13171,7380,-687,11916,3595,5210,12335,3420,8431,15144,2136,3793,13152,1643,3297,15139,1938,6323,16701,1948,7104,15960,-1443,3017,14032,-3217,820,15520,-2561,-178,15157,-209,-2816,14587,376,-2684,13484,2125,2741,14046,3030,-1190,13000,4766,-7969,12922,5670,-2250,12729,7517,1379,12437,8406,-617,12352,10468,1782,12754,10420,6420,13310,8539,2468,12561,3970,351,11823,2425,7818,14131,2357,8708,13816,1436,2287,14866,2085,1832,16534,1912,8974,15896,-986,7472,14524,-3087,-2044,15439,-2655,-2157,14945,50,1023,15137,432,-3020,13684,1706,-1211,13426,3180,1937,13486,4823,-4957,12952,5901,-6664,12974,6288,-277,11559,8258,3569,13314,10086,925,12359,10511,1808,12857,8671,6054,12955,4344,2518,11665,3310,2625,14574,1644,8960,12728,2230,6994,15590,1313,393,16198,2334,4703,15962,-365,9966,14929,-3724,2053,15157,-2336,-5985,15240,-689,6,14820,444,957,13784,1694,-3164,13969,2275,-832,12585,4869,-1181,13112,5359,-4814,13442,7796,-4848,12200,8142,2203,12337,9841,6285,12591,9689,-315,12556,8488,1927
15805,1002,1760,15068,3452,1871,16727,-471,9282,14459,-2548,6277,15062,-3509,-3686,15635,-1678,-2860,14848,314,1275,14362,724,-2162,13845,2758,-1867,13534,4064,415,12775,5397,-3828,13050,6766,-5733,13280,7285,-427,11024,9697,4982,13948,9449,2047,11935,10293,878,13942,6916,5638,12018,4509,4504,13403,1383,2772,13109,1485,7824,13967,2523,7062,16631,2277,1912,15297,542,5028,15455,-2444,7180,14472,-2704,686,16027,-1291,-5867,14848,74,-813,14166,1316,2012,14231,2449,-1989,13672,3679,-3837,12600,4787,-1777,13227,6050,-2707,12614,7239,-3999,12691,8205,3116,12249,10079,5547,13088,9225,770,12323,7718,1568,13116,4694,6658,12348,1668,6644,13265,1862,2967,14685,2180,5705,15456,3731,5971,16530,528,4364,14868,-1626,4164,14866,-2971,3137,15467,-2113,-2184,15040,-387,-4249,14554,876,-325,13718,2540,2627,14037,2637,-3722,12767,4536,-6227,12818,6061,-296,13761,6377,-1200,11146,8900,-1290,13709,10219,5102,12425,11529,5455,13811,6865,-436,10673,4183,1759,13404,2436,9341,13527,3346,6656,14508,1516,2102,14288,1824,4346,16268,1672,7957,15992,-936,4888
14183,1808,2207,14638,2447,-888,13585,3878,-5436,13119,4357,-2754,12409,5908,-861,13321,6258,-3328,12121,8257,1568,12254,10365,6980,13442,9539,557,12805,8047,-330,12708,3906,6652,12328,2477,6980,13213,1239,3603,14302,2127,4615,15134,4073,6290,17091,887,5711,14569,-1408,2492,14927,-3802,2068,15600,-1718,-678,15283,-455,-3990,14145,463,-728,13975,2889,2869,14537,3495,-3028,12651,4687,-6192,12228,5421,-663,14024,6821,-317,11899,8544,-1836,12885,9672,4386,12290,10999,5596,14024,8100,668,12345,5038,1296,12966,1693,8160,12497,2232,7491,14717,963,2551,14431,2209,3484,15981,2323,8372,16039,-507,5556,14498,-2776,-397,15039,-2206,-412,15332,-109,-519,14873,1175,-3641,14014,1982,35,13782,3805,2162,14028,3804,-5717,11819,4874,-6556,12724,4476,1525,13385,8301,900,12605,8963,361,12379,9516,3382,12432,9474,4027,14095,5926,1830,12095,3517,3587,12390,700,9007,14008,2813,6128,15081,3068,-79,15761,2365,5639,15266,484,9534,15361,-2944,1490,14769,-2186,-3719,15517,-1660,274,14871,-85,33,14065,1869,-3297,14344,2390,223,13038,4391,-272
12162,9005,2315,13128,9753,6432,12431,9116,1236,13058,5682,-313,12032,3520,6455,12754,1987,8492,13571,1705,3265,14321,2703,2864,15584,3746,6679,16405,1031,6376,14668,-1809,2025,14906,-2966,996,15586,-1548,-74,15181,40,-4026,14244,1337,-1651,14108,3269,3023,14279,3228,-2725,12799,4266,-7128,12358,5560,-693,13524,6912,1011,12316,9047,-741,12801,9228,3107,10968,10398,5657,15093,7224,1447,11861,4977,325,12649,337,8435,11978,2598,8670,15596,2347,1732,14887,3204,2705,15849,1033,8705,15457,-1363,5890,15123,-2591,-1574,15320,-1173,-1392,15350,-136,607,14612,1088,-2901,14071,2258,-684,13754,3875,1911,13465,3653,-5153,12521,4864,-6189,12644,6957,836,13732,8459,1868,11893,8771,1204,12348,8720,2693,12757,9152,5036,13604,5321,2361,12420,2358,2224,11998,396,9203,14156,2578,7212,15340,3188,-261,16107,2419,4999,14987,219,9161,15443,-2853,1687,14904,-1791,-3665,15563,-944,-95,14706,1099,199,14356,2267,-2777,14152,2900,-949,13266,3764,-335,13127,3920,-5061,12078,6050,-4454,13308,7067,1929,12247,9369,4456,13271,9295,421,11661,8896,2043
14565,2363,3167,13611,2173,3165,15126,2807,6878,16667,1368,6083,14640,-1128,1985,14636,-4458,2101,14892,430,7,16481,449,-3192,13775,1886,-1976,14165,2234,1647,14172,2883,-1372,13041,4392,-7034,12301,4790,-639,13644,6978,1515,12707,8567,-1298,12247,8920,2227,12131,9941,4913,14171,7256,2310,11987,4457,1461,12437,1624,6926,12146,2689,8792,15274,2345,2449,14580,3828,1672,16114,1567,9161,14794,-863,5824,15350,-3170,-1535,14846,-1344,-367,15888,73,354,14959,1516,-2957,14469,2151,-1291,13557,3204,1279,13689,2488,-3680,11581,4638,-5931,13808,6111,-190,12423,8800,3590,13071,8647,251,11754,9973,66,13657,8576,6179,13192,5991,2779,11818,2337,1943,12246,1429,9372,14299,3608,6939,15399,3119,669,15438,2715,3367,15689,-395,9363,14832,-2564,4340,14982,-2275,-4085,15579,-685,-1269,14934,1191,1617,14399,1575,-2920,13773,2314,-1266,13499,3311,198,13294,4277,-5005,12288,6846,-4685,14055,6392,1694,11225,9369,4274,13966,8870,-461,11608,9501,2048,13842,6832,6049,12523,3914,2762,12309,1524,3729,13248,2057,8780,14452,3144,5765,15871,3373,343
14851,-1043,721,15604,-847,-2397,14308,1446,-2643,14337,2472,2038,14398,2779,-239,13136,3274,-7034,12226,5022,-3166,13906,7194,1677,13265,7757,-1223,12048,9220,1380,12461,9707,5057,13708,9452,3127,13211,4718,32,11040,1745,5804,12875,2000,9588,14624,2267,3059,14149,3276,1142,15779,2647,7819,15448,458,7138,15111,-2217,1113,14876,-2310,-538,15249,-533,411,15040,-34,-2419,14217,2189,-2649,14456,3336,2193,14040,3510,-1786,12692,4469,-7237,12592,6036,-1663,13713,6999,2618,12358,8293,682,12470,8770,1145,11896,9101,5125,14143,7064,2904,12387,4299,621,12316,883,7414,12493,2855,8931,15294,2440,1844,15205,3526,1956,15710,763,9021,14781,-1201,6739,15444,-2545,-2447,15341,-1144,-2088,15170,339,1088,14873,1183,-2394,14354,2762,-1656,13792,3255,1608,13470,3525,-3649,11974,5016,-6274,13542,6009,-348,12042,8224,3480,13172,8761,1442,11989,9263,891,13067,8123,5498,13161,5507,3280,12697,3423,1825,12629,993,8423,13461,2621,7850,15624,2883,635,15844,2608,3585,15144,-349,9299,14853,-2550,3643,15412,-1567,-4816,15503,-612,-1316,14661,846,1514
11903,3417,-4912,12489,6038,979,14034,7235,-1734,11957,8769,-187,12512,8759,4879,12789,10502,3933,14343,6820,-42,11451,3833,3784,12464,1929,9582,13626,3181,5124,14863,2663,1158,14620,2547,5946,16022,437,8214,15188,-813,2436,14773,-3109,96,14880,-1195,-28,15763,363,-2407,14750,2120,-2053,13811,1606,1795,13202,2201,-371,13460,3939,-7047,12527,6700,-3187,13998,7126,2301,12624,7674,173,12137,9672,-74,12825,9765,4775,13826,8425,4283,12081,4055,448,12377,2023,6094,12945,2208,9566,14074,2381,2815,15057,2613,922,15202,1996,7545,15666,-617,8349,14904,-2214,112,15047,-2076,-2707,15034,293,658,15389,852,-1845,14227,2442,-2666,13690,2229,2202,13926,3765,-2497,12308,4933,-6897,13048,6357,-1305,13698,7498,2894,12188,9514,1627,12791,8790,-70,11706,8787,4785,14282,5234,4493,11514,3892,1149,13261,728,7487,12249,3743,9020,16601,2274,875,14457,3679,1891,16131,-730,9369,14223,-1562,6366,15856,-2397,-3352,14990,-724,-2819,15073,482,1083,14502,1486,-1859,14581,2456,-1967,13575,3346,681,13017,3658,-3204,12111,6065,-5845,14108,6998,-689
13348,7320,-250,11999,3765,3132,11995,3124,9113,14885,2288,4945,13180,2618,1470,15198,1860,5829,15901,2229,7928,15978,-928,3474,14416,-2497,252,15288,-1855,471,15188,52,-1491,15089,740,-3335,13705,1421,1534,13371,2842,689,13734,4316,-6614,12594,5767,-4033,13035,6555,1280,13143,8175,169,12223,9886,328,12845,9251,4923,12483,9097,4774,13853,4537,-115,11052,3091,5139,13961,2421,9599,13629,2235,4258,14866,1987,912,15421,2431,6484,16071,-19,8888,14559,-2432,1401,15156,-2231,-2775,15104,246,606,15666,324,-1845,13801,1598,-3035,13753,2049,1772,13705,4148,-1446,13097,5046,-6643,12701,5949,-2763,12913,7022,2467,12399,9103,2118,12948,9788,312,12145,9218,4975,13718,6283,4393,11829,3556,890,13084,2258,6860,13657,2450,9039,14494,1484,2277,15099,2905,1442,16453,526,8589,14725,-1727,6925,15321,-2892,-3313,15290,-979,-3179,15481,839,1781,14381,1160,-1685,14046,1717,-2568,13264,3093,382,13154,5185,-2888,13244,6029,-5519,12794,6823,-1500,11770,8858,4721,13459,10121,2289,12356,9641,476,13225,6678,5641,11761,4121,4543,12915,2865,2603
16488,959,9223,15248,-1958,3644,14776,-2547,-2246,15410,-900,-104,15672,299,-813,14052,1052,-3512,13778,807,1118,13095,4010,-73,13774,4201,-5835,12232,6935,-4314,14141,7466,868,11987,8493,2708,12496,8805,372,11741,9435,3797,14178,8330,6086,12241,4943,781,12988,1612,4396,12733,2309,10124,14954,1884,4511,15122,2971,-20,16276,695,7624,14904,-873,8815,15379,-3054,-600,15042,-1223,-4673,15134,-23,512,14677,346,-804,13745,2498,-3523,14330,3089,909,12666,4439,-1127,12474,4838,-6540,13280,7652,-3371,12611,7989,4492,12525,9759,3485,13005,10449,-348,13191,7355,5055,11144,4142,5166,13790,3025,1200,13216,3458,6616,14302,2229,9084,14597,1774,2304,15691,1678,2147,16060,-562,7996,14317,-2066,5199,15795,-2863,-4494,14713,-75,-4055,15110,527,2199,13806,1878,-819,14514,2823,-3734,12924,4074,-331,12549,6231,-1786,13996,6024,-4639,11837,8005,-1485,12642,9396,6193,12911,10665,3866,13368,9023,-1095,12916,4784,5515,11107,3283,6681,14387,1757,3169,13149,2472,5883,14936,1759,6674,15308,2121,3840,16124,221,4130,15141,-2049,4814,14581,-2374,1011
13778,2279,-229,12863,3833,-769,13099,5068,-5417,13050,7377,-4133,13202,7467,2415,11583,10285,4405,14064,10004,59,11986,8539,3258,12357,4889,5818,13361,4202,2352,13309,3304,4472,14073,1871,9077,13722,1274,4080,16158,2096,1211,15500,307,8016,15179,-2340,6954,14696,-2977,-2933,15380,-1190,-4786,14867,1351,466,14690,1310,446,13448,2417,-2444,13355,3464,-1831,12977,5831,-1692,13441,6128,-4444,12534,7190,-3272,12356,8341,5148,13036,9788,5174,12951,9230,-988,12528,6566,4445,12520,4070,6903,13405,2237,2537,12843,1578,5681,15291,2943,6707,15230,3271,4024,16313,7,4300,14326,-1551,4825,15458,-2104,2479,15435,-930,-3335,14850,-463,-3939,14005,1296,1897,14733,2539,87,13151,3147,-5048,12692,3058,-2304,12548,7254,-705,14401,7568,-3934,12063,7985,489,12130,8583,6585,12919,9910,3010,13705,7960,-163,11984,4180,5365,12761,2969,7288,13682,2265,3506,14130,2226,3689,14522,2757,7065,16538,1178,5712,14814,-217,3223,15246,-2825,3153,14777,-1036,-29,15764,-1003,-4341,14300,424,-2338,13779,2160,2905,14333,2529,-754,12808,4271,-6163,13063,5433,-2071
11756,8417,734,12444,7693,1978,13128,7598,6727,13956,3526,2842,12013,1837,3488,13504,2251,8248,15149,2969,4496,15688,2301,2240,15243,-991,7099,14543,-1619,5276,15913,-2124,-1901,15525,-685,-4665,14402,127,380,14518,1283,1164,13936,2373,-2889,13320,3153,-2147,12727,5509,-523,13054,6260,-3613,13025,7479,-3501,13273,9804,3563,12628,9361,5684,12411,8230,-620,12797,6848,3989,12975,4903,7197,13617,2088,2385,12295,1902,4251,15221,1689,7681,14605,3138,4026,16585,-174,4073,13943,-465,5917,15708,-1803,3453,15132,-879,-3636,14802,-326,-4287,14237,1490,1346,14720,2437,1022,13479,3344,-4257,13086,3653,-2953,12637,5936,-1017,13143,6785,-3190,13185,7830,-1292,12159,7613,7034,12832,9908,3639,13638,7050,-1726,12050,5631,5175,12879,3008,7833,13385,2067,2948,13781,2390,3942,14824,3570,6262,15885,2066,5925,14673,-521,3594,15097,-2640,2594,14904,-1149,1615,16032,-773,-4131,14202,634,-3417,14339,1866,2978,14226,3133,-549,13420,2834,-5703,12052,4405,-1609,13800,7605,-268,13341,8246,-2665,12407,8213,1592,11631,9295,5943,14370,8926,3128,13165,7282,-55
[row took 90883us]
=== CAPTURE END: speed2_imbalance ===
[loop] iteration 3

=== SpinDoctor Capture Menu ===
Speed:  1) Low  2) Medium  3) High
Class:  H) Healthy  I) Imbalance  O) Obstruction
Enter as two chars, e.g. "1H": Fault class: healthy (100.0%)
X:12887 Y:7221 Z:-4761
X:12277 Y:6088 Z:-964
Fault class: healthy (74.3%)
X:12957 Y:4936 Z:-6172
Fault class: obstruction (100.0%)
X:13711 Y:3305 Z:1520
X:14174 Y:2247 Z:-2727
Fault class: obstruction (91.3%)
X:14409 Y:1946 Z:2125
X:15111 Y:-134 Z:-3172
Fault class: obstruction (100.0%)
X:15202 Y:-610 Z:-1143
Fault class: healthy (87.5%)
X:15286 Y:-2660 Z:-1899
X:14530 Y:-1594 Z:4098
Fault class: healthy (78.9%)
X:16417 Y:205 Z:6635
Fault class: healthy (97.3%)
X:15422 Y:2685 Z:5196
X:14589 Y:2020 Z:3922
Fault class: healthy (87.6%)
X:13632 Y:1300 Z:2797
X:12827 Y:2676 Z:6682
Fault class: healthy (79.9%)
X:12883 Y:2328 Z:4222
Fault class: obstruction (89.1%)
X:11914 Y:2418 Z:8906
X:12587 Y:2792 Z:1882
Fault class: obstruction (97.5%)
DHT11: 39.0% RH, 29.4C
X:11585 Y:4007 Z:7263
Fault class: healthy (100.0%)
X:14765 Y:7028 Z:-299
X:12516 Y:8994 Z:4742
Fault class: obstruction (95.1%)
X:12212 Y:7893 Z:894
X:13109 Y:6755 Z:5521
Fault class: obstruction (99.9%)
X:12869 Y:6861 Z:-560
Fault class: obstruction (67.6%)
X:12441 Y:7060 Z:-335
X:13198 Y:4863 Z:-3757
Fault class: obstruction (85.4%)
X:13197 Y:2561 Z:-3206
Fault class: obstruction (100.0%)
X:14156 Y:3243 Z:-177
X:13899 Y:2148 Z:-1427
Fault class: obstruction (99.9%)
X:14831 Y:1141 Z:1031
X:15487 Y:177 Z:-5251
Fault class: obstruction (99.7%)
X:15187 Y:-1374 Z:2045
Fault class: healthy (99.2%)
X:15472 Y:-480 Z:1652
X:15876 Y:883 Z:9937
