8235,12775,-6632,19580,-4836,-4036,8601,13658,8400,19243,-443,6904,12966,2500,1297,12923,984,-2079,14186,2156,2742,14543,6812,-3980,11786,4683,460,13220,-269,7434,15625,5631,-377,13363,2859,-2211,13999,3556,-472,10358,3707,1826,17191,1056,5307,12524,5342,2114,15362,1543,-281,11888,7056,836,16036,8515,-3593,11712,595,6126,9829,2483,3068,14634,-590,3148,18471,1387,6966,8171,13607,-5112,19601,-4042,-2444,8972,13220,5066,18736,-1028,6133,13370,3339,5356,13102,1116,-3729,13772,1142,349,14541,7085,-1066,12022,5224,825,14023,-749,4721,14727,5582,105,13914,3229,711,13768,3733,-2104,10799,2972,-347,16428,1283,7183,12354,6074,3603,16015,448,-3442,12168,7576,995,15377,8734,-240,11229,979,3970,10988,1612,1299,14127,-763,6176,17918,1904,7263,8566,13092,-8297,19762,-3570,-1310,8981,13748,7756,18588,-889,4302,12824,2740,3128,13061,1646,-1101,14198,1627,1176,14461,6169,-4222,11819,5418,1237,13895,3,7659,15791,4990,-2006,12644,2921,-1248,13989,4225,1019,10830,2807,846,16894,669,4396,12229,5520,3631,15700,1733,-87,12018,7092,-1557
11380,4087,505,16052,485,6801,12954,5333,1809,15369,1673,-751,11768,6867,2363,15579,8739,-5210,12015,555,6846,10307,2982,2863,15139,-965,2782,17555,1308,8337,7883,12926,-4579,20153,-2728,-4096,8303,13143,4454,19384,-1131,5972,12011,3330,5857,13414,913,-4070,13637,1885,1084,14354,5739,-459,11280,6247,-496,14983,-499,4853,15349,4553,1419,12673,3645,-915,14496,3745,-1033,11163,3490,-2966,15490,1529,8716,13700,3777,5189,13934,3472,-4318,12760,5313,1037,15540,8729,407,10596,2720,3987,12895,749,1673,12633,1040,6141,19368,1399,8356,8385,11503,-7117,19917,-3012,-3432,7341,14211,5413,21573,-1272,6092,10269,2832,3653,14195,260,-2802,13077,3647,3865,14776,4338,-3848,10190,6459,-759,16973,25,8778,14753,5505,-290,12252,1752,-3626,14373,5254,1781,12469,2972,-3451,13993,966,6737,14147,3883,5624,14634,3770,-1549,12003,4947,136,15148,8015,-3617,11262,2516,7698,12507,1495,3496,13500,254,1767,18804,2256,8701,8489,12058,-2775,19286,-2277,-5291,8352,12077,1538,20751,-330,8807,10005,2711,3474,13540,-380,-4770,13505,3287,2820,15048,4393,1595
20202,1423,7284,10969,2583,4995,13733,-290,-5237,11505,3242,53,17274,4724,4396,9574,7574,-3010,18796,-2408,3923,12231,6713,3092,14609,3266,769,13161,3684,-2812,13814,3025,-612,10866,2495,5280,15764,11,5091,11252,6988,-1445,15405,826,47,14044,11991,-756,12143,3992,2683,14714,-259,5737,10929,2604,4380,18518,956,4905,11528,8752,-890,17234,2437,-4749,8315,9124,3681,21771,1672,6532,8969,2096,2534,14376,-1425,-3287,11115,4928,2175,18505,3076,1648,8638,9236,-4502,19317,-3425,7022,11905,7334,743,12543,2647,-254,15938,2797,-1083,11484,4310,233,12583,1641,3979,16017,955,2527,10977,6931,1180,14051,490,562,14544,11079,-4176,12868,4806,4014,14855,278,7178,11574,859,1194,15855,694,4200,13543,8968,2053,16540,4122,-6295,8681,6393,2878,20490,3449,8412,10101,1939,4293,13853,-1285,-4969,11569,3693,470,18192,4774,4296,10248,8471,-3896,18057,-3642,3710,11483,7123,2488,14453,3097,2005,13733,2750,-4051,12200,3395,-311,12198,3627,8898,16996,-732,792,9250,6597,-1794,14440,515,3189,15382,11650,-1902,13222,5103,16,15485,-120,7111
7611,7001,-4252,16105,-1247,-398,13599,13262,2735,16025,4396,-297,14307,1386,3105,11509,983,4593,13144,2112,7439,16777,3298,377,10600,10148,-6717,15242,98,4806,15055,8545,3586,12613,-553,3576,14115,1626,1919,12314,3542,-707,17295,2465,-396,13087,8384,-585,16069,-254,3348,9514,4105,3694,14772,3451,-3534,14647,2832,1919,11004,3813,-4142,11718,2534,2634,19872,943,8941,7846,7715,-714,16267,-817,-679,13478,10131,-1633,15740,6946,3146,14078,547,6037,11300,1264,2216,12716,1444,6281,17167,2211,1995,9872,12847,-6449,17064,-2652,2498,12491,10373,4894,14585,-487,5270,14356,1549,530,11831,2904,-3976,16978,2168,3171,13879,8493,1467,15299,1241,-464,9438,3181,6167,15499,3470,-2511,14462,2929,-246,11857,3618,-3761,11434,4104,4805,19672,977,7418,8289,5662,-483,15256,-1005,132,13747,11350,-3543,16474,6923,2256,13525,-668,6551,10333,2239,2865,13065,781,7105,17582,680,-972,8470,14589,-5236,20087,-3294,4150,10731,12426,2849,16324,-3114,5253,12579,3113,3441,14657,3375,-6157,15215,1864,1088,13246,7127,2477,14193,3218,1314,10456,1191,4508
13853,1332,-3796,12960,4158,38,15419,2497,2192,9423,8496,-861,19708,-2377,6188,13146,6687,1163,13133,3110,-3357,14264,3271,1270,12448,4313,-2125,12734,916,5425,15357,1271,6549,11898,7207,-1597,14179,1178,-1827,13915,9947,-895,11301,4623,6467,16374,-45,4362,11435,1938,1936,16560,1229,6665,13118,9018,-1583,16614,3528,-5715,9115,6981,4846,20927,2738,9183,9583,2197,1631,13905,-481,-4929,11259,4587,991,17888,2680,4612,9476,8554,-4576,19610,-3198,5601,11118,7018,2099,14066,3309,-1590,14428,2590,-3515,11479,4944,2940,12529,2615,7318,17122,-1941,1954,9063,8533,-1561,16308,-220,1088,13904,12059,-4286,12746,4432,3447,15991,557,9389,12139,2159,571,13203,134,3080,16299,6287,1842,13492,8081,-5281,11339,2470,3390,18578,4918,5573,10626,1738,7026,15264,490,-3011,10728,5058,-2791,18283,1983,3897,11567,8074,-159,17836,-2219,3571,9806,5116,883,14223,4947,1386,14546,2205,-3331,11526,4071,-4387,11442,2641,8358,18929,-976,8163,7703,8043,-3694,17164,-1591,-546,13160,12871,1127,15171,6018,-207,15307,10,5000,11154,1840,5606,12683,1443,6898
13417,4013,124,14635,9280,-1012,11268,2303,5877,13159,1251,2933,13370,695,6885,17794,2608,4935,11285,10513,-5328,17739,-1084,-2161,7982,10582,3599,21149,1090,6483,10064,2045,2309,13778,993,-4095,12360,3899,1455,15558,2247,1636,10391,7944,-919,19456,-2332,6541,13112,7168,838,12746,3793,-4367,14423,2658,1725,12271,4360,62,12937,781,4902,16148,-142,4417,9741,7950,-931,15057,647,-2378,14995,11131,-1902,11292,4349,5378,16409,282,7361,11857,1647,-550,14461,1008,5233,14880,8001,599,15735,5243,-5766,9152,4386,4680,19780,3568,8495,10857,2676,4271,14446,-22,-5689,10966,4867,-775,17885,2227,4775,10807,8308,-2404,18384,-3761,4556,10507,7496,1816,14826,4246,-654,13648,2184,-4616,11565,3304,862,12016,2935,9181,18022,-1189,4666,8497,7893,-3825,16027,-12,1281,14733,12031,-1878,13532,5037,1939,16255,-8,8573,11712,1922,2481,11826,1747,4072,18252,3079,-486,10089,10834,-4990,14342,-849,4884,16452,7905,3280,12435,498,6360,14192,2238,-141,12283,3730,-2915,16956,1534,1678,13573,7734,2145,15894,-263,1845,9445,3633,2834,14898,4918,-1956
13120,3552,-354,14578,2576,3104,10250,8739,-339,19305,-2580,5170,13617,7090,243,12722,4079,-1983,14359,2089,594,11716,4556,-1658,13461,441,6725,16106,1034,5916,10620,6569,-3038,14174,1044,-2832,14387,11727,1277,12270,3640,3708,16038,342,5957,11232,1656,1664,15012,1932,5731,15409,8035,-1184,15728,4014,-6149,8215,6179,7402,20343,3119,6642,10555,1736,2960,14045,533,-3968,11292,4991,-263,17415,2189,3782,10891,8133,-3642,18908,-3557,7146,11244,7683,170,13331,4114,-1903,14760,1496,-2507,10830,4123,1840,13299,1970,7387,17321,-1066,3679,8513,8245,-1454,16050,-18,-9,14321,12954,-3976,14951,3866,4371,14002,1140,8911,12168,462,-432,12248,1609,3561,18234,5406,2271,11747,8563,-6117,11253,1193,2964,18212,5848,6375,11259,1834,6210,15366,358,-2948,10427,4612,-2180,18364,1947,3758,12318,7885,246,16879,-1541,1133,10065,5027,4147,14130,5841,-1015,15492,2023,-2912,10544,3228,-3630,11795,1942,7790,18789,346,7936,8068,8066,-4250,16769,-780,-11,13802,11979,138,16046,6836,946,14175,-984,4925,10395,2076,7014,13459,888,5382,17221,1958,-2041
15816,8850,-1675,11708,812,5489,10912,1086,2182,13909,567,5642,18377,2435,6085,8406,12719,-6923,20504,-3603,-566,7480,13117,5844,19979,-910,4927,10739,1501,3240,14075,2449,-2509,14058,3386,2381,14340,2897,-1495,9782,6824,-140,18419,-1071,6677,13576,7786,-446,13523,2414,-4114,14043,4084,3658,12181,3623,-4256,13722,-552,7266,14698,3888,6313,13834,5373,-2476,12059,3843,-1007,14935,8992,-1466,11781,1981,7431,12920,1303,3112,12947,1034,2041,18116,2041,7323,9636,11511,-2700,19002,-2174,-4591,7926,11553,2872,20348,623,9422,10292,1946,2207,13986,743,-5831,13503,4053,2685,15050,3484,3379,9455,7056,-4237,19648,-2136,5888,12551,8348,4489,13689,2102,-5649,14045,3058,-607,12356,4578,710,13709,676,6550,14914,2518,3715,12780,5098,-2288,12360,3368,1617,15004,9557,-2868,12111,1617,4733,12858,2581,6813,13645,728,3348,16762,2162,3640,12292,10007,-1362,17384,719,-1692,7478,9912,1334,20867,699,6170,10659,2261,5244,13484,779,-4996,12892,2689,-652,15963,3645,4127,9429,7681,-1831,19783,-2587,4814,12313,7510,2018,13966,3135,-1243,13768,3089,-1643
10024,8312,-2816,18418,-2793,6335,11767,7165,362,14363,2605,-107,13967,3393,43,12457,4191,-505,12261,1739,3650,16181,831,4093,10406,6456,832,13697,504,-1231,14992,11713,-1954,13431,4464,4035,14382,532,5905,11242,948,1904,16532,397,4461,13530,9948,2072,16526,2919,-7543,7734,7451,3522,20457,3089,8743,10447,1714,3175,13451,-758,-4994,11631,3325,1325,17942,4742,4116,10078,8241,-4857,18122,-3573,4054,11573,8196,4287,15116,2293,-27,13414,2939,-3271,12295,3802,1121,12676,2325,5765,15777,693,854,10532,5872,114,13405,1250,2570,15411,11740,-2827,13347,4173,1067,14110,772,7327,11483,959,4272,16419,553,2256,14606,9282,777,15314,3902,-3549,8830,6394,2312,19932,4730,6031,11750,1100,4957,11189,213,-3082,12278,951,-691,18222,5448,2720,9507,9647,-1898,18747,-4304,4054,11022,7127,1007,14513,2500,1205,14486,3913,-1116,11955,3333,-1487,12477,1430,4838,15738,2621,4362,11602,5174,-758,13301,1075,-309,14006,12225,-438,14036,4067,3011,14622,808,4669,10912,964,3068,17126,1023,5850,12969,9055,407,16850,1864,-6761,7859,9720,4034
11031,1314,1550,18240,584,6298,11423,11285,1563,18457,326,-6063,7673,10580,655,20748,1364,9349,9974,2137,2651,13330,-1433,-5477,11977,2326,3947,17444,5045,3084,9282,8847,-5613,18545,-3675,3819,12221,7995,5385,13324,1551,-1630,15220,3850,-3310,11843,4395,24,13816,1042,5165,13774,3369,4025,13643,3377,-1839,12565,4195,4060,15278,9681,-3302,11356,3290,1415,14523,1216,7075,11797,724,3647,19216,1024,5516,10752,10603,-1518,18019,-203,-2686,7150,11387,1120,22219,674,5335,10080,2035,4852,12284,247,-3218,12993,1828,2859,16727,4854,456,9316,8167,-3134,18845,-2479,5382,13251,6615,1715,12444,2257,-507,15313,3683,68,11923,4261,-3748,13419,553,3551,14209,3085,7973,13145,4305,-1572,12886,3086,335,14941,9751,-1862,11201,4247,4231,15053,807,4247,11344,1054,1878,18357,1647,8185,10560,10521,676,18683,-1008,-7305,7802,11755,2520,21284,1002,8317,10343,1848,1439,12715,-599,-4179,12650,2765,6240,16491,4642,1076,9639,7842,-5979,17962,-1970,6069,13963,6861,4700,12382,2266,-2924,15553,3394,-1641,11492,5145,55,14171,613,4326,14586,2779,4614
12812,1165,-967,14654,4065,-3655,12719,3910,-1440,13228,2360,6133,14692,2006,4357,12579,3787,-1897,13841,4008,2586,14294,9663,-2920,11528,3206,2035,14678,1648,6425,12261,606,4347,17011,2075,4763,12225,8892,-1318,17107,1628,-3453,8596,9867,2841,20288,588,4922,10499,1647,3746,12512,741,-2489,13185,2287,1300,16745,4935,1674,9700,7498,-3223,18550,-1945,5529,13015,7106,1190,13523,2081,250,14114,3969,-652,12136,3971,-1293,12984,1863,3680,15720,1441,5685,11202,5284,72,13132,1633,-1295,14678,10821,-1805,13370,4065,4885,13824,100,5748,11569,846,1979,17497,2610,5466,12590,8503,1701,16850,2397,-7569,9475,8191,3625,20566,2332,8589,9508,2329,1665,13494,-654,-4373,12499,3346,3223,17491,4792,3153,9432,7383,-5234,18205,-2513,5041,13064,7397,3924,13179,2305,-1248,14826,3101,-3771,11242,4302,2406,13814,1248,4842,15132,1545,1139,11652,5012,1351,13233,2900,1256,14260,9479,-3481,13808,4420,3767,14515,2292,6608,12523,412,3533,14938,947,2702,14293,8445,273,16212,4016,-2741,9072,7614,1728,20042,1481,6060,10407,2632,6125,13361,-493,-5169
14318,5927,-4916,10224,5523,4804,19784,4279,4753,10747,803,5463,12631,685,-701,12996,2765,-2030,17290,4846,1647,10974,7691,-1188,17977,-2865,5369,10526,6343,-1059,14448,2890,1749,13901,3769,-231,12413,3003,-3058,11249,3520,7238,18334,-633,4374,8370,7244,-172,14969,-108,-1085,15414,11270,-501,13284,6771,1803,16502,-341,4872,9951,1549,1811,15398,879,5531,15165,7135,3356,14237,6190,-8527,10610,3599,3351,18430,5186,8678,10690,1881,4194,13856,-471,-2085,12391,3762,462,17719,4281,1327,11150,7202,-2508,17127,-2443,3701,11061,6395,2218,14770,3371,890,13942,2629,-3675,11519,3830,-2514,12607,3347,9417,17945,-310,2699,8274,5874,-537,14536,1273,1530,16566,10615,-1832,13067,6392,-488,15732,550,6265,11170,1065,3418,13521,1699,3426,16752,3967,3388,11505,9499,-5001,13256,1110,1849,16568,6598,4219,11736,727,7094,13993,138,183,11978,3541,-2895,18005,3834,1508,12120,8392,39,16837,-1897,2064,10066,5057,1115,14472,3547,2473,13801,3143,-1307,12482,3009,-6344,10668,3075,8377,20027,364,7931,7557,7656,-3466,16664,-1094,-519,13743,12190,2339
11545,3986,2531,18585,923,7329,9672,4946,4051,14083,190,-3175,14516,9985,-5007,16864,8026,4597,11626,450,5480,10270,471,-107,12913,1466,7432,19167,831,4715,7719,14083,-8686,20468,-3871,495,9014,13394,8809,19034,-1749,4458,10950,2308,366,15105,2063,-1681,14418,3488,3261,13542,4797,-4377,12382,5277,2083,13332,-249,7178,16504,5375,-1694,12054,3656,-2575,14570,3569,-545,11472,4054,2108,15415,-200,6379,13891,4232,2927,13702,3689,-513,13112,5365,-846,15134,9704,-4409,12296,834,9193,10428,1386,1797,14590,-55,3573,17648,1803,6483,8889,13377,-3990,20306,-2946,-2900,8114,12160,3180,19653,-19,8820,10225,2041,3098,14880,967,-5507,14056,4586,2828,14048,3208,1238,9528,6387,-739,18681,-1341,4768,13696,8084,2651,13726,2917,-4194,13341,2960,349,13345,3817,-2882,13040,1033,9352,15077,1835,4938,12018,5090,-3729,13940,3921,1015,15023,9673,-1817,10802,3129,4416,14204,-298,5085,11452,2449,5714,19189,1618,4351,11031,10059,-4675,17074,339,-504,8278,9988,1994,21786,1006,6243,9505,2042,4476,13898,384,-4687,12123,4317,-313,16573,1535,2922
11283,12326,3697,15293,-2149,3178,13311,2563,2555,14031,4556,-5412,15224,1162,1520,13881,6024,1604,13642,3845,2283,10797,1037,5619,15417,5459,-6005,14798,2621,2343,12083,4431,-1560,12155,2879,3389,17852,246,6621,10527,5886,2295,14968,1078,-2540,13217,8611,-5022,16503,7914,3564,11665,582,8212,10587,1055,486,12898,993,2916,19664,1120,5581,7088,14297,-6439,20889,-4026,-1143,9019,12737,9676,18985,-326,5760,10443,1629,-88,15353,2064,-3486,13601,3631,3113,14249,3949,-295,11002,5838,-557,15965,-1177,6962,15034,7684,-752,12708,2260,-4132,14141,4034,714,12093,3426,243,14481,561,8739,13617,2489,2736,13853,5321,-2598,13636,5869,1126,14738,8130,-3755,11349,1419,7878,12237,2120,4714,14344,621,4285,17815,2216,3421,10236,10463,-3069,18435,-1201,-1164,8115,10591,1099,21420,755,6680,9108,2308,4599,14554,375,-6001,11850,4572,-369,16129,1908,5461,9915,8427,-1279,19586,-2621,3429,12670,7494,1389,13002,4362,-1378,14475,1601,-499,12154,4062,-1306,12638,2288,8707,16511,-566,3782,8934,8069,-4302,16321,16,-1379,14007,12221,1357,11585,3192,2583
15386,1468,9794,13415,4134,4679,13688,3298,-5455,13374,5981,912,15223,8100,-886,11640,1550,7555,11607,1199,861,13549,1238,6224,18915,3207,5602,9776,11531,-7086,18527,-3415,-204,7429,11380,4540,22040,415,6066,9177,2376,617,14667,1145,-2648,12712,4524,1911,15263,1875,1374,9825,8060,346,19385,-2100,5560,12835,7076,298,13415,3996,-5544,14491,2481,3100,12158,3885,230,12190,1735,5122,17226,-543,3815,9424,8328,-2844,15063,981,-1275,15204,10368,-1992,11102,4568,6325,16138,-480,7252,11967,2219,-1050,14287,1323,4481,14965,8797,735,15991,4652,-4570,8761,3960,4641,19283,3778,7509,11123,2862,4396,14455,434,-6064,11842,5178,-150,17571,1822,4746,11349,7892,-3053,18073,-2778,4585,10504,6248,1480,14939,5380,-664,13845,1465,-3981,11349,3586,1249,12116,3421,7250,18643,-1232,5593,7732,8669,-2724,16528,-158,-823,14951,10935,774,13271,6144,55,16071,-1625,8512,11196,2754,2993,11883,2116,4774,18841,2571,-1767,9049,12262,-4813,15632,-2977,6638,15064,9350,1751,13515,366,6311,14086,2148,187,12398,4117,-5260,16835,945,2889,14061,8202,4057
20019,2125,4978,10852,2749,5360,14316,873,-4262,11032,4179,-3570,17289,1752,5161,10832,9464,-1099,19325,-3670,4078,10233,5968,-887,13386,5570,734,15410,1839,-2285,10761,3886,-1101,13246,1972,8067,17470,-597,7354,8338,9072,-4287,15961,-1548,-3076,14327,12701,2430,13840,4876,1601,16007,-557,6872,10639,2180,1133,13345,2212,6370,18050,4005,-1225,10510,9830,-7410,12924,-128,8054,16766,7062,4689,12530,137,3508,15075,1895,-2004,11330,5407,288,17479,1042,1282,13264,7669,402,15913,-369,4441,10258,4317,3992,13632,5099,-5582,15731,1816,-169,10059,4508,-985,13332,2177,4094,18312,409,6771,7680,7935,413,17279,-619,-1359,13591,11308,-4769,16419,6847,5424,12634,-1137,7264,11460,1727,2831,12784,1636,4239,18742,1791,2780,6951,13946,-6595,17767,-4159,1269,13709,10796,6975,14279,-118,5326,13934,1684,860,13087,4417,-7677,15464,1133,4241,14017,6657,2533,13434,3717,-2370,12638,-359,7215,13705,6633,-1764,14914,2335,-1207,12281,3517,-3016,11494,3715,6110,18199,503,6436,10672,6213,-406,15992,228,-1032,12170,9289,-2734,16487,8464,768,12105,-1286,6456
15641,381,3137,10584,6677,-2713,14744,988,106,13767,12074,-90,13336,2543,2583,14440,1133,7750,12542,1189,2771,14503,1666,2938,15999,8169,-1521,14932,4943,-4413,7969,5546,6832,20545,3133,4784,10870,1405,4622,13207,1551,-2423,12405,3592,-2509,16914,3594,2833,11202,7642,-835,18445,-2712,6971,11202,6507,-1099,14412,3695,-388,13228,2632,-1355,12159,3552,-747,12355,2956,6993,17235,-742,5378,8603,8278,-1665,16084,-291,-2190,14116,12087,-1739,13733,4774,4258,15245,-372,6436,11256,1610,1297,14261,1004,5620,16389,7324,1159,13253,7153,-8321,10480,2869,4568,18909,5208,8065,10968,990,4121,14634,580,-2482,11412,4605,-116,17899,3724,1428,11885,6876,-1733,16756,-2009,3756,10593,6162,3771,15302,4123,-343,13412,1807,-4350,11383,4564,-1403,12352,2608,8359,18549,42,5231,7967,6700,-2363,16055,-12,1906,14310,12515,-2134,15552,4730,-642,13831,766,8306,12181,928,2417,12877,1659,3977,17815,4814,1920,10369,10096,-4609,12950,213,3189,16590,6314,3300,12029,743,7221,14684,1697,-425,11789,3339,-3200,16894,2563,1623,13630,8601,1877,15773,-1121,385
13969,1843,2997,13245,3159,-4853,15387,1786,213,14767,7683,3420,13352,2888,1813,11080,1597,4714,15066,4068,-4120,14245,2569,2250,11423,3636,-2539,12392,3606,654,19170,1668,8720,8120,6646,2248,16272,-2529,-2715,13086,12332,-4449,18080,6961,4415,10955,402,5867,10710,527,885,14398,1190,8954,17279,1373,2311,7066,12464,-8112,18788,-3026,1695,12301,12689,7164,15972,-1658,5418,13235,2595,-2097,13187,2400,-1849,15457,2538,3001,14447,6978,-2135,13148,3977,1652,10984,1294,7775,15388,4133,-2701,13521,2273,-1622,12946,3862,-1369,11612,4069,4725,18453,1264,4569,9988,5674,2205,15484,-502,922,12852,9615,-5047,17263,7822,855,12073,930,6682,9654,1154,3113,13399,230,5607,18269,1428,2402,7586,14163,-4760,19488,-3559,388,10583,11948,4850,16373,-1012,6676,14107,3041,1696,13417,1445,-4391,15080,1794,1806,13986,7743,-784,13383,4446,1609,11604,-449,4558,14763,4970,-171,13877,2876,777,13325,3598,-4481,11159,3804,3526,18150,1576,6520,10624,5677,1861,15410,-267,-1453,13035,9585,-1561,16900,7665,994,11311,-110,3321,10041,1720,2606,14185,825,7347
12122,5339,563,16128,8440,-723,10364,1993,6110,12655,413,1171,14177,1238,4566,17896,2048,9489,8634,11519,-6234,19114,-2878,-4955,8750,12708,6060,20373,-505,7231,11174,1895,1542,13135,837,-2605,13668,4141,4082,14905,4071,-2049,10287,7010,-1572,17140,-584,7349,14626,5631,1712,12158,2563,-5474,15358,3643,1368,11291,4649,-1381,14713,311,5791,14593,2936,5198,13366,5440,-889,12704,3770,595,14882,8507,-4022,10956,2502,7335,12779,1935,4895,13653,769,2757,18537,1677,6660,9632,11887,-2525,18769,-1445,-3195,7511,11213,64,21848,-331,8566,9765,3745,5515,14869,-1093,-6824,11707,3924,2216,16155,3710,2885,9692,8225,-3106,18168,-2161,5060,13787,5971,3705,11721,2912,-2566,15501,3424,-2796,11938,4319,-1494,13169,1499,6836,15499,2233,4497,12414,5607,-2419,13637,2045,1413,13267,10394,-1443,12845,2290,2993,14141,1974,6139,13263,1108,3166,15505,1277,5985,12743,9228,-1592,17622,2252,-4124,7870,9373,3520,20444,645,5449,10834,2024,3743,12801,1006,-3311,12617,2655,407,16136,3761,2688,10497,9070,-2596,19086,-1844,5984,12530,5172,1387,12384,2818,-1228
16590,2165,163,14096,8447,-212,15513,-162,2090,9984,3794,5229,13932,3821,-3283,15236,2636,428,10604,3646,-2691,12628,2117,2714,18143,862,7591,8681,7252,-583,16529,75,-747,13117,10485,-2070,16993,6072,4326,12721,345,5217,12038,1345,2725,12056,1405,5900,17879,2662,421,9372,12834,-5109,17144,-2825,3188,12839,9537,4399,14200,511,5920,15102,1244,-252,11382,3088,-5229,16557,1438,3532,14095,8808,2229,14924,1085,-690,9404,2322,5437,14636,4317,-2436,14997,2705,348,11882,3042,-3691,11760,3840,4205,18302,902,8354,9431,6930,-1681,16086,-731,-838,13514,11452,-1762,16885,6991,2313,12438,-1300,6154,10146,2528,3822,14598,911,6514,16180,961,-425,8088,13513,-6146,18868,-2700,4053,12190,11131,4953,14781,-1792,3654,13416,2813,3303,14142,3271,-4827,14948,1706,-109,14820,6621,2793,13167,4409,2247,12627,423,4390,12860,5575,-3968,15944,2035,4167,11850,4996,-3763,11866,2433,621,18075,1201,9239,9831,6814,2706,15955,-897,-2979,12208,10642,-3972,17698,5954,5041,11539,1134,5488,10925,281,95,12476,1622,7823,18424,945,4392,8422,14241,-8968
10616,1857,6916,14281,86,3543,12130,2348,2162,19187,1874,6619,9738,11413,-1991,18428,-1514,-4808,7984,10494,3112,21915,875,9502,9422,2217,1421,13614,-643,-6082,13110,4325,2653,16184,4296,3361,9328,7771,-4168,18887,-2575,6151,13509,6816,3769,12733,3001,-3850,14130,2277,-2072,12431,4188,2041,13602,1603,5561,14750,870,2878,11350,6561,-1313,14716,2768,1301,15031,9324,-2474,10368,3178,4657,15349,520,7525,12360,2466,2255,16826,983,3454,12619,9162,-354,16645,3414,-2898,9005,6904,2511,20531,1707,6418,9893,2137,5273,14180,284,-4315,11496,4166,-2002,17632,2872,5159,9427,9164,-2290,19667,-3416,4830,11537,6793,-455,12523,3359,1553,15240,2606,-2243,11694,3956,-1627,13005,2855,7634,16278,303,5010,9662,7072,-2720,15661,107,-1273,14105,12644,-64,12849,2827,3054,15329,-6,5590,12032,1773,1603,14835,2104,5632,15353,6771,505,13884,6420,-6923,10738,3326,6513,19124,4563,5790,10745,912,3189,14312,1020,-2120,11826,5155,268,17824,3210,1283,11059,7435,-1976,18081,-2053,6495,9939,5627,185,13873,3799,-1210,14968,2092,-1863,11236,4654,-1341
10461,4676,1325,16503,25,8059,15163,6730,-2593,12668,2364,-5139,14159,3046,3625,12227,4352,-1143,14425,845,7354,14792,2696,5166,12443,5365,-2104,13258,4440,-1174,15567,9048,-3130,11785,1625,8831,11620,639,4660,13178,1519,2588,19139,2851,5537,10135,12300,-2911,18509,-2386,-2906,7485,10054,1638,21354,-64,9306,9929,2651,3752,14570,127,-7777,12099,5163,2395,16092,2372,3625,9562,8411,-1532,19436,-3112,3769,13198,7368,3420,12495,3453,-3019,14539,3065,-1975,12781,4565,-293,12686,1539,7835,15555,396,3467,11180,6799,-3513,14977,2196,743,13937,10143,-554,11125,1666,1890,15583,677,7768,13166,2292,1838,14879,2184,4392,14667,7721,-2241,15028,4867,-2464,9572,5039,6339,19942,3154,4045,10932,1190,4776,13297,2246,-3469,12352,4589,-2307,17138,2165,3764,10957,8557,-357,19008,-2662,5846,10743,5612,-1169,13219,4079,-970,14421,1992,-1197,11722,3842,-805,12079,2249,6740,17300,-771,7114,8662,9371,-2694,16736,-707,-1823,13894,11420,-181,13347,5179,4344,16201,-641,6717,11536,2594,-357,12736,1976,6435,17481,4395,1022,11163,10440,-7936,14667,-1302,6462
13590,1677,2217,13601,1664,2779,17271,3079,6205,11422,9970,-2492,17758,-114,-4064,8022,8760,4112,21237,1900,8089,9421,1666,788,14343,365,-5291,11757,4935,1460,16625,1809,3689,9815,8502,-2495,20101,-2495,5297,11621,7559,1421,12879,3564,-2832,14620,1402,-1776,11802,4415,2235,13132,2895,7342,16646,-1287,2161,8399,8668,-1748,16935,683,-780,14405,11169,-755,11973,3475,2105,16171,-152,10516,12628,2476,-1495,12154,1830,2542,17365,5931,2144,13420,8113,-3595,10867,1532,5252,17411,4807,3560,12388,1533,7837,14175,1258,-4836,11841,4303,-2423,17145,1974,5044,12633,7936,417,17275,-895,2880,10069,4545,842,14540,5419,-323,13978,1796,-1666,11462,2738,-2443,11775,3269,6418,19275,166,7242,8196,8323,-1710,16907,-524,-2643,13220,11031,1156,15185,5682,3756,14435,-1770,4438,11162,2720,4335,11913,2159,5926,18768,1390,-1471,7942,13358,-6628,18366,-4409,6998,12637,11273,4107,15342,-1364,1952,13147,2757,3736,14317,4292,-6361,15114,1608,1352,14168,5588,3238,13445,4221,1762,11360,887,6216,14687,4559,-6586,14902,2991,2721,12414,3641,-2683,11575,3051,3270
16709,69,5605,9800,3617,-103,14424,5556,-3762,14719,2320,1553,11331,3094,-205,11728,2248,1726,19242,490,7901,8255,9224,1210,16617,-949,-4217,13007,10287,-1748,16069,6740,6086,13721,-1048,6054,11017,1794,372,11810,2299,6616,19339,1948,1714,8325,13990,-7370,17822,-5600,3353,12090,12123,7876,16112,-554,2393,13380,1940,1080,13133,3501,-4865,15339,1381,3618,14401,6118,439,13254,4130,-214,11899,100,8153,14673,6305,-4916,15096,2750,57,12623,3320,-2097,11220,2784,5574,17103,1653,5861,12700,5442,-78,14505,2191,396,12698,6778,-3409,15930,8505,-816,12484,-460,8599,9260,1875,3662,14620,71,142,18349,2115,4258,8195,14469,-2620,20283,-4394,-574,9009,11008,4988,18784,497,6950,10524,2047,2455,14601,1613,-6408,14089,3752,2171,14141,3064,4230,10765,7498,-812,17047,-2266,2780,14664,7635,1523,12846,3894,-4136,14417,1519,1853,11396,4271,-1594,13911,967,8356,15920,1684,4851,11217,6926,-6603,14479,2284,2860,13916,9797,-736,11836,1841,6158,14692,786,2961,12790,2073,4855,15178,2794,3402,14402,8759,-2978,16692,2706,-1212,7869,6900,4966
10529,1548,2579,14396,1709,4008,18337,1915,3010,7693,13522,-5734,20931,-4119,1930,9012,11937,7781,17940,-179,3710,11316,1244,1465,14305,2923,-2661,14589,2955,1001,14236,3472,690,10164,6859,1399,17492,-1741,5486,13677,8332,-2291,14241,1940,-3818,13947,3857,5108,11789,2968,-4130,13863,593,7614,15270,4025,5483,13338,5365,-4277,12257,4104,934,14979,8268,-1863,11945,1338,9289,12456,1471,793,13487,1045,3114,17612,2699,5547,10575,11058,-1595,18810,-1989,-4150,7478,10317,3711,20947,1753,9086,10025,1345,-144,13329,884,-4933,13547,4098,2506,15802,3438,3519,9945,7343,-3181,19536,-2332,5345,11785,8473,3462,14584,2841,-4461,13539,2286,-1178,12135,3871,2634,13154,1379,5147,15913,944,2326,10368,6468,-1592,13725,2068,144,15564,10571,-880,12264,2163,2979,14163,1582,9114,13379,1136,412,13804,1793,2759,16279,8289,72,14925,5257,-2008,8296,4865,4065,20177,3222,4914,11542,2061,6498,12889,1003,-4253,12471,3258,-3001,17050,3203,5044,11403,7946,145,18255,-2549,3391,10903,6857,-545,14871,4241,1267,12879,1595,-3055,11731,2649,-774,12642,3020,7664
11985,94,3791,13925,5645,-3588,14553,2763,2362,13181,2845,-2148,11076,3242,2033,18311,1108,6888,10026,6987,2403,16074,-525,-3783,12833,10418,-2988,16730,7462,4453,11598,-784,5777,10375,1730,-7,14200,1247,7256,17672,1560,3282,7256,13658,-7830,20588,-3640,1422,10117,12179,9105,16674,-1211,3406,12758,1902,-1009,13931,3695,-544,15202,1373,1729,13941,5766,-2332,12034,4868,2212,14050,-74,6741,14136,6503,-2630,14278,1735,-1734,13085,4949,297,11844,2896,3404,16644,936,4181,11934,6047,2594,15542,884,200,11521,8558,-2638,16896,7214,-1015,11642,202,8067,10162,1254,1648,14037,265,2269,18364,2203,5715,7528,13705,-3862,20567,-4344,-1434,8624,12242,5830,18482,23,7449,12052,2105,1348,13674,2615,-5023,14654,2316,2933,14391,5260,-194,11417,5515,-76,15399,-1557,4784,13478,7624,1100,14534,2195,-1971,13826,3716,-1355,11110,2901,542,15944,1009,9076,13532,4869,1615,14187,2141,-2772,11421,6521,1486,16579,8592,-944,11765,429,4558,11039,1334,2314,13699,886,4623,18135,2862,4602,9180,12189,-5479,19857,-3033,245,8266,12206,5570,19206,-395,5787
18248,3090,6712,11401,10386,-2739,17627,-1473,-3445,7595,10427,3348,21323,1079,6678,10276,2058,1565,13040,97,-3347,13022,3128,3085,16261,4024,972,9699,7504,-2893,18586,-1929,7225,13495,6774,848,12835,2768,-3335,14445,3132,-100,11790,4293,1045,13586,1034,3480,15045,2226,3842,12357,6690,709,13446,2311,-131,14966,8983,-2937,11455,2670,5723,14001,1847,6464,13406,1502,846,16727,1506,4720,11557,10080,1735,17821,757,-4324,7961,7965,1078,20666,1823,7506,10207,2313,3478,13212,-306,-5943,12404,3184,1106,17135,4668,5317,9970,7951,-3803,18907,-2722,3989,12367,7866,3316,13768,2626,-408,14117,2694,-3503,12184,3683,770,13173,2180,6441,15756,1065,2710,11336,6575,-2176,13740,983,2010,13910,10593,-926,12740,3165,1791,15388,695,7289,11582,2103,3174,15793,990,3118,14329,8921,-61,16322,3975,-3284,9181,6515,5367,19267,2897,3895,11436,1198,3472,12578,1343,-1478,13202,2864,-1098,16820,4046,1934,10320,8723,-1459,18746,-2774,5714,11497,6561,-372,13494,2606,-28,14737,3126,-171,11809,3462,-324,12587,1866,5059,15954,623,3767,10373,7480,-584
15294,2687,-231,10723,4519,-3744,12010,1692,4042,18343,1581,7725,9017,8012,-676,16407,-960,-199,13095,10791,-1429,16223,5725,2493,14081,340,5924,11638,2352,1905,12443,621,5218,17255,2896,3818,10916,12122,-7698,15042,-1457,2874,13371,8218,5707,13661,439,4461,15203,1546,1095,11633,3194,-4935,16487,1786,4464,14192,8861,1674,15526,778,-2063,9542,3192,6277,14791,3574,-1160,14945,3381,-683,12115,3499,-3631,11258,3695,4941,18897,886,7300,8809,6691,-1331,16754,-449,-444,12327,10649,-1227,16584,6326,2599,13661,-256,5177,10195,2905,3961,13344,866,6158,16873,484,-613,9058,13717,-5171,19272,-3150,4913,11455,11769,2967,15695,-2283,4093,13247,3588,3689,14310,2684,-5961,14510,2277,1239,14564,6402,2561,13550,4120,1008,10613,923,4654,15741,4080,-4728,13781,2966,3724,12586,3935,-3727,11584,3295,2108,18361,1054,7819,10223,6022,1897,15397,-120,-2743,12803,9727,-3766,16941,6992,4108,11387,306,5234,9986,1126,988,13695,1485,5261,18524,1621,5057,8296,13829,-7682,20232,-3743,172,9172,11781,10048,18360,-991,3224,12447,2038,-228,13704,2830,-1381
15385,4791,-6841,9104,3903,6891,19519,4240,7847,10969,1643,2191,13668,1053,-3395,12152,4149,-270,17449,2362,3478,11170,8291,-1960,18535,-2445,5510,11087,6515,1453,13700,3646,-1008,14260,1862,-4137,11456,4935,1845,12760,2524,8563,16876,-1479,2379,8718,8953,-914,17166,-19,1043,13923,11821,-3781,12871,4735,2161,16021,183,9186,11823,2346,1755,13270,329,2816,16009,5733,2035,12659,8849,-5147,12964,341,2732,16894,6264,5164,11354,425,7242,15071,2003,-2920,11380,4626,-2882,17959,2657,3270,11940,8655,783,17342,-2336,1569,8672,5399,2072,14747,4334,886,15398,2836,-1823,10678,3659,-5070,11760,1880,5937,19189,764,8893,8348,8059,-2914,16572,-1703,-1404,12366,12795,937,16980,4458,1475,13697,-554,4421,11209,1896,4626,12002,2674,6833,18248,1814,-1146,8538,13291,-6568,18450,-3521,6847,12704,11257,3281,14623,-1496,3428,13790,2723,3384,13673,3755,-5822,15072,2234,1948,14983,6301,1850,13741,3035,2432,10344,928,4958,14630,4863,-5555,15242,3177,2573,12313,3691,-1419,11536,3145,2267,18358,863,6363,9887,6594,2813,15378,120,-2736,13316,9288,-4706
11208,4509,952,12658,2442,5720,16979,-906,5205,9135,8697,-1014,16464,-172,-1806,14153,11785,-1756,13056,3961,4411,15829,510,8135,12063,2025,-2464,12556,2137,5534,17101,5449,1990,12361,8661,-6478,12543,-362,4856,16568,6689,6468,12519,758,5138,14594,1455,-4569,11342,4871,-210,17791,2029,3815,12559,7779,-424,16730,-1562,2208,9078,5026,4150,15095,4364,-2371,14594,2912,-2397,11152,3488,-1257,11395,3327,6297,19624,311,6105,8589,8157,-1934,16693,-353,245,12398,10639,-2157,15916,5867,2761,13871,-1006,6657,11135,2671,3934,11859,1741,4688,18460,1258,-170,8230,14093,-4553,18845,-4645,4550,11721,11656,3237,15941,-2054,4421,12732,3584,3787,14660,3745,-7424,14644,1831,2383,14449,6036,3048,13514,4812,-267,10672,218,4932,14875,4974,-2822,14836,3697,2139,13183,3628,-4115,11509,2755,3097,16986,1919,9033,11986,4802,1073,13725,1420,-2603,13760,7640,-2640,16493,8003,2168,11588,-26,6217,10149,695,626,13204,2116,4442,20004,2509,4946,8426,13737,-6626,19810,-4358,1537,8082,12231,6743,20572,-857,4853,9240,2165,1208,15767,2070,-3757,13289,4926,3379
20250,-4874,5248,10400,12113,8026,16854,-2496,-102,12059,2831,3611,15055,4086,-4982,14743,1906,2622,13944,4711,-193,12448,5271,1470,13031,-217,8027,14758,5357,-6316,13981,2336,1546,13833,4263,-1131,11188,3040,1938,15562,928,7569,14023,5175,2838,13756,4536,-1334,13099,5230,-2894,15187,7299,-227,11756,1584,8940,11628,965,2326,13210,1029,1505,19590,2822,5743,8764,13264,-3639,19526,-3941,-2648,7831,10095,5554,20785,994,8005,9592,2246,221,14785,1116,-5508,12675,4967,3046,15059,2004,4757,10216,7876,-2084,18904,-2256,3589,12929,7561,3270,13521,3042,-6531,14112,2104,1133,12636,4635,2010,12939,2134,6543,16347,-382,579,9431,8410,-3218,15741,1498,2380,14272,9238,-2450,11130,2995,6024,15829,1076,5692,13171,2359,1181,13218,2177,1873,16027,6450,797,14469,7130,-1076,10288,2841,4208,18638,3525,4287,11421,1914,5627,14403,1841,-4191,11280,4845,-3233,17449,1264,5808,11757,8693,-983,18713,-1745,4430,9537,5191,-596,13965,5376,42,14461,1617,-966,11523,3781,-2578,12107,2593,6665,18547,136,9181,7796,8924,-3407,17471,-1710,-3721,12904,12236,3591
11317,3357,-2205,13118,3155,7906,17957,-545,7740,7628,7986,-5148,17326,-129,-2070,14029,12030,3086,13387,3945,1379,16014,-1104,7109,12011,2964,1734,11129,2980,5059,19200,2007,-1967,8770,12237,-6457,16404,-3108,9880,13988,9068,2085,13881,-948,4527,13332,3333,-814,13726,4537,-2822,15797,1202,2212,14072,5604,2518,14742,3290,4631,10426,1732,1873,14237,4793,-5870,15424,2885,1188,12244,3761,533,11472,2797,2799,18289,648,6699,9742,6922,1029,16290,1099,-2537,12777,8164,-4992,15829,7770,6077,12583,-1130,6154,10662,2195,544,12596,1103,2432,19937,1553,5551,7277,14424,-5122,20337,-4765,-485,9453,12105,10281,18516,-974,3419,10610,1993,882,14792,3232,-6545,14281,3097,5397,14476,3558,1056,10642,6140,-2626,16373,-1216,8316,14284,7881,-2125,13461,2467,-4125,14321,3034,1821,12012,4294,1412,14102,925,6914,15137,1976,2510,11966,6955,-2101,13959,3694,1260,14213,7828,-3737,11549,1147,8537,13045,2565,5293,14516,909,2864,15834,3146,2323,12810,9513,-1740,17060,1055,-217,8069,6868,447,20863,2781,8576,10481,2711,2237,13946,886,-4121,11628,4194,-2850
18530,-1933,-1267,7755,8877,1765,19831,1486,8471,10379,2716,2564,14872,716,-5570,12067,4295,-541,15562,2377,6405,10562,8652,-145,18804,-3291,1433,12876,7569,2518,13229,4114,-2995,14169,1159,-687,11250,3903,-271,13859,2436,9599,16624,-657,3928,8602,7930,-6511,16240,178,926,13798,12211,737,13285,2793,2830,15720,369,7303,12203,2517,962,12456,2100,3350,17966,5296,-748,12555,8659,-2662,10536,1483,8331,18128,4804,1790,12448,466,5702,13865,3140,-3096,12237,3946,-1287,16652,1589,2286,13107,7796,265,17166,-917,5718,9523,4219,-714,14224,5485,-2224,14737,1978,1064,11371,2913,-1328,12763,2477,2859,18615,410,8843,7570,8973,625,16518,-1031,-6202,14055,11016,291,15921,6589,4977,13010,-1817,5905,10810,2529,814,13348,2159,7223,18798,2150,494,7541,13211,-8301,17281,-4906,4947,13658,11329,8060,15094,-826,1485,13628,1941,70,12947,4454,-4065,15812,1195,4053,13650,5880,492,14006,3841,143,11537,1224,7971,15172,5490,-5197,14315,2619,-1308,12623,4389,-631,11937,2546,5775,16468,880,5289,11911,6116,-847,15668,1714,1308,12373,7604,-4311
11533,3504,658,12319,3083,4497,18631,191,5255,7575,7971,-337,16924,-84,-366,14016,10778,-2197,15181,6261,3694,13609,-1529,6960,12162,2638,3544,12549,2033,3478,18339,1675,1335,7479,13188,-5049,17207,-3465,3050,14659,10099,5241,13311,134,4830,14414,1568,2060,12627,4226,-7937,15980,1099,3975,14244,7207,4027,13833,2670,-1572,11912,1078,5892,13805,6119,-2495,15116,2716,734,12019,2850,-3937,12030,3144,5202,18622,1448,8140,9249,6155,-1524,16898,-616,-1508,11872,10940,-2718,17410,6559,3502,10912,-1337,4910,10878,2093,3008,13429,2150,4999,18607,596,1748,6708,14209,-6152,21247,-3935,3705,10301,12055,7188,16290,-1439,2673,12627,2216,2247,14323,3859,-3020,14756,1243,606,14237,4583,124,11238,6308,2650,15055,-1695,5151,14045,7399,-3461,13959,2162,-1128,14121,3827,2172,11202,3303,-142,15802,433,6936,13368,5469,4845,14562,3063,-3793,12437,6099,-573,15809,7947,-971,11457,921,9352,11288,954,-649,13916,1141,4120,18361,3119,7140,8613,12266,-5458,20424,-3765,-3285,7986,12164,6740,19714,261,8205,10457,926,-1177,14196,2149,-3270,14254,4184,3900
9494,3033,3697,19141,4441,7296,10963,892,5131,14393,358,-3658,11526,4299,-807,17919,4116,2929,11832,6765,-1255,16984,-1899,2809,11138,6580,2955,14990,4259,1369,12725,1119,-4630,11955,3259,-1732,12216,3640,9316,18149,-33,4262,7657,7865,-3210,17350,-28,2190,13528,12056,-36,14736,4347,-770,14817,-450,6327,11537,2451,3226,13737,1086,3563,16810,4864,515,11224,9824,-2865,12909,429,4757,16873,6512,3028,11935,-583,5125,14166,2487,397,12211,3512,-2351,17020,2946,516,13270,7939,1631,15897,-901,2668,11072,4448,1816,14457,4108,-44,13150,2505,-42,12195,2592,-4726,11629,2708,4847,18857,1421,9445,7961,7881,-2204,16953,-655,-2303,13671,11330,2185,15401,5979,2196,14310,-903,4209,11405,2311,2398,13912,1801,6623,16509,3337,89,9469,9815,-6080,16893,368,6021,13799,8967,4395,12804,-1391,3310,14289,1297,88,12741,4582,-1218,16996,2258,2148,13612,8024,-633,15099,-529,2785,10610,5041,4694,15020,3927,-3493,13801,1640,-584,11436,3241,-1421,12378,3124,3227,18334,1255,7154,8701,7566,-1147,16314,-429,46,13764,10315,-1331,15904,6615,2227
17712,1238,5256,10062,5857,285,15695,-959,874,13111,10329,-2881,16345,6744,1156,12463,-185,5955,9592,1911,2615,14117,-30,6738,17217,1874,807,9142,13935,-4873,18474,-2220,3452,12237,10370,3817,15302,-549,4647,14343,2751,2547,13226,1830,-3009,14565,1720,115,14648,6732,-64,13036,5597,2393,12217,-373,4487,14973,4618,-1550,13370,2991,1607,13501,2909,-2199,10777,3110,1399,18140,1401,6218,11216,6144,3201,15176,676,-2022,13239,8906,-2147,16889,7587,2778,10907,331,3572,10468,1245,1116,13515,1522,6241,18626,1524,4693,7868,13281,-7023,20464,-3749,618,8604,12836,8892,18728,-1654,3727,13017,2323,-148,13079,1780,-487,14566,2548,1580,14014,5588,-3958,12384,5247,1716,13358,681,6956,15548,4763,-1814,12678,2452,-1143,14504,3957,92,11197,3528,1935,16656,1505,4486,12700,5303,2884,14419,2672,644,12375,6598,-1519,16531,8020,-1849,11765,460,6722,10215,1935,2206,14239,-22,3005,18702,1471,6575,7335,14059,-4354,20259,-3778,-2517,8148,11902,6189,19132,-510,7211,12421,2293,2773,13442,1623,-4333,14235,2985,2400,14172,5609,-424,11353,6064,-1044
10088,2394,5560,13889,41,-5580,11720,4155,-826,17254,3556,4851,9411,8898,-1764,19548,-3010,3684,12514,6355,886,12384,3271,326,14338,1769,-2075,12420,3962,-891,13167,3245,6598,15727,-5,4929,9960,7287,-3486,15885,-39,-88,14050,11973,-50,11907,3412,2887,16017,1,5744,12008,2134,2066,14546,2139,5197,15307,6965,-264,14542,6177,-5990,10380,3632,6549,18499,3932,4694,11075,520,3295,13480,1873,-1674,12951,4146,424,17289,3613,-113,11181,6825,-590,17971,-1705,6767,11623,6083,-930,13299,2733,63,14206,2457,-2648,11242,4432,35,13096,3064,6053,17703,-349,4372,8022,8006,622,16925,-396,-1104,12725,11116,-1150,16083,3792,2727,13425,2150,6401,13826,-19,583,11010,2274,4765,18560,5534,2488,12059,9828,-5115,12984,-467,3464,15101,5707,5880,11821,1097,5995,15568,1141,-3631,11812,4150,-297,17047,2801,1943,12232,8040,-903,16957,-1050,2256,11053,4642,3952,13789,4027,268,13935,1740,-3427,11874,3632,-3541,12473,3147,7506,17592,554,6927,8451,7498,-3354,16867,-314,1016,14335,11739,64,14954,4877,-94,13919,-339,5835,11845,2969,4844
14517,638,-2213,12921,8359,253,16992,7043,-526,10123,721,4871,10724,1455,2733,14227,1847,4770,18947,2253,4919,8214,12585,-6326,20338,-3595,727,8195,12241,6616,19590,-942,4481,11210,1572,2983,13743,2471,-3181,14603,4588,1686,14826,3583,-1069,9451,6821,1924,17627,-2124,6301,14043,6675,-1774,13105,2306,-2897,14553,3652,2936,11525,4270,-4362,14356,961,7826,15038,3576,6907,12844,4506,-2937,12678,3734,-1430,15738,8665,-578,10528,2518,6372,13556,-226,3260,12911,2894,2440,17995,2690,6517,10613,11220,-2455,17961,-2089,-4367,9209,9811,4009,19918,955,9130,10399,1393,422,13029,497,-4745,14040,4904,2104,15194,3738,2622,10122,6782,-2370,18221,-2283,5284,14701,6505,4217,12079,3410,-5343,14650,1794,-1811,11713,5997,2845,14405,1908,3831,15013,334,3532,11205,6712,-405,13853,2719,-441,15472,8851,-2300,10265,1415,5056,15053,1290,6937,13522,2835,1747,15900,2042,3468,13080,7946,-73,16429,3608,-2651,8955,6074,2637,20494,2081,6384,10178,1894,5182,13427,350,-5068,12123,4669,-1810,17726,3950,4624,10219,8722,-1155,18912,-3567,4093,12292,6229,404
15169,3462,-6179,14044,2073,709,14667,5870,2754,12928,4932,1040,11655,-545,4287,15094,4884,-3408,14215,3005,2790,13636,4191,-3872,11400,3324,3613,17086,2357,7959,12159,4456,2654,13653,1293,-3389,13676,8045,-3311,16490,7465,2993,11600,85,6457,9766,857,-164,13790,2058,5481,19487,2826,4917,8566,13270,-7189,19735,-4630,64,7839,12081,8698,20321,-1778,4484,9919,2097,350,15241,2305,-2725,13698,5337,3138,14621,3473,-1174,10425,6045,603,16329,-1571,7454,15395,5975,-1872,12136,2887,-4739,14835,4367,3386,12140,4240,-2955,13431,122,7483,15753,3198,5010,12572,5600,-1617,12459,2815,-433,14733,8694,-3163,12699,1108,8872,11890,2113,3503,14191,857,2156,16519,3268,4830,12240,11127,-742,17872,-477,-3815,7720,8172,1822,19443,1404,9997,11003,1643,2022,13856,1185,-6608,12935,4788,1121,15771,3393,4772,10125,7343,-2050,19179,-2812,4189,12933,7071,3550,13686,2950,-3509,13125,1697,-2141,13109,4602,1883,12655,3375,7193,16386,-843,2655,8747,7852,-2204,16246,347,172,14844,11490,-1495,11421,2865,2708,15924,-212,8724,11892,3193,1475,15477,2391,3177
12907,7042,292,16210,6163,-661,11078,1077,6656,11157,1575,2243,13110,2154,4010,19478,2273,3006,8914,12720,-5122,19535,-3768,2047,7798,10553,5115,20180,-1006,5310,10428,2618,2070,15036,2934,-4435,13477,4962,1794,14930,2651,1788,9817,7664,2092,17844,-2291,4238,14284,6562,-1104,12788,2899,-3393,14407,4115,3242,12296,4028,-3452,13631,996,8068,14717,2399,6614,11625,5816,-5729,14130,2150,-53,14692,8619,333,11239,2310,6874,14469,836,3382,12707,2772,2838,17271,2794,5636,12029,9833,-2537,16851,556,-3620,8652,7425,5203,21011,2372,7581,10013,1839,1183,13860,1059,-4949,11588,5659,1370,17635,2542,3674,9904,7911,-2573,19547,-3165,6297,11407,6165,356,12647,3145,-2445,15015,2519,-2208,12064,4946,2264,12812,2557,6206,16262,-1652,3350,8757,8768,-586,16899,59,-1756,14252,11120,-1048,12237,2998,2481,15946,1114,10139,13091,3002,-2203,12440,2140,3648,16469,5376,2466,13011,8124,-5499,12008,455,5565,17187,4795,4296,11854,1334,7046,14271,1771,-5377,12157,5074,-2419,17855,2382,5893,12134,7595,209,16974,-1858,2313,9531,4844,1875,14493,4273,-803
12129,4386,74,16049,2617,5408,9954,8274,-1044,19452,-3131,3016,12646,7170,2688,13068,3747,-2132,13842,1899,-1664,12564,3614,647,12733,3459,8324,16537,-571,2949,8954,7851,-4151,16096,194,-405,14589,11577,1086,11743,2756,1940,16298,9,8007,12464,3239,1090,13612,2248,3179,15842,5893,-869,13410,7311,-2820,11079,2422,7654,18374,4494,2195,11935,1178,5650,13352,2485,-3085,12374,4115,-1403,16977,2354,3004,12314,7556,-256,18184,-1568,6083,9508,5034,-1985,14364,3962,-1071,13812,2763,-391,12155,3756,-867,11687,1876,4509,18673,287,7338,8255,8762,-648,16336,-854,-3325,13929,11224,747,14940,5325,3860,14804,-472,5756,11661,1990,1378,12624,2912,5966,17849,3392,366,10355,11383,-7423,15082,-3425,6517,14528,8414,6145,12892,507,2622,15739,2001,-949,12004,4986,-3047,16392,1494,3460,13710,7062,791,14833,1051,1775,10471,3256,6564,14596,3798,-4876,15148,3308,-966,11825,3420,-353,12064,3562,4739,18175,716,5676,10278,6424,-964,15856,772,383,12902,9216,-5025,16117,6778,3998,12689,-883,7161,10329,2477,3461,12660,1626,2483,18904,929,2408
14993,11130,-1679,12535,3048,3130,15366,1331,9068,12313,1899,133,14294,1511,3079,15649,7959,579,15082,5377,-3303,9487,3871,5137,19009,2904,4528,11310,2774,5707,13878,858,-3828,11716,3623,-3059,17291,2781,4917,11261,8640,17,18753,-3373,3694,10313,6336,-475,13835,3888,814,14455,2855,-3289,11572,3184,-732,12569,2594,9259,17461,26,4087,8780,8337,-3959,16426,-692,-165,13440,12539,625,14752,3847,2860,15057,456,5753,11257,1719,2245,13524,1859,4327,17113,5202,-290,11786,8294,-5519,12153,1158,6965,17248,5739,5574,11728,351,2337,15004,2226,-984,11700,4596,-207,16770,2081,440,12948,7243,236,16700,-566,5010,10915,4878,2483,12662,4369,-2968,15306,1852,-591,10983,4595,-1744,13103,1484,4872,17597,802,7678,8310,8121,-1152,17296,-261,-1406,13621,11205,-2013,15761,5475,3620,13276,-360,5935,11733,2088,2681,13547,1225,4926,16987,3439,1997,9637,11293,-5979,15576,-2103,2841,14763,8727,6470,13514,127,5103,14072,2418,-1181,12441,3206,-4213,16328,2591,3774,14481,7634,1134,14450,443,-628,10743,2961,6201,14183,4986,-1700,14749,2931,-1994
14331,6672,2170,12800,4205,-323,12729,-329,5219,13738,5832,-970,14170,2511,-283,13466,3372,-2192,11177,3353,2200,17791,1867,7692,11172,5998,406,15566,-1004,-1979,11483,10441,-853,17415,6598,3403,11573,24,3080,11550,2085,1937,12904,1166,8106,17284,1212,306,8273,13104,-5630,20098,-2929,3217,9970,12084,5527,16440,-1893,4566,14089,2885,337,13118,2706,-1627,14995,1364,617,14594,6026,-1194,12199,5273,2880,13197,52,5755,13749,4977,-3865,13659,2058,212,13896,4408,918,11804,3488,146,17359,1000,5833,10634,6332,4402,16046,-94,-1760,11987,9338,-4092,16808,7093,3087,11578,-159,6140,11272,2155,393,13759,677,6037,16921,1814,4453,8185,12618,-5750,19520,-2852,-1034,10526,11824,7273,16801,-899,6507,13712,2490,-1988,13133,2074,-2648,15013,2210,3071,14392,6961,-217,12768,3821,-505,12908,683,6072,13968,5346,420,13523,1988,-1449,13941,3331,-2025,11176,4249,3183,18180,1389,5394,10110,6361,1535,16352,-1698,192,11306,11093,-1487,17312,6288,1018,11779,-76,4280,10997,2582,3464,14105,445,7069,16303,1792,129,8297,12839,-3917,19076,-2279,1537
11515,2757,3546,15175,334,7696,13286,3222,1326,12051,9066,-6119,15643,1778,4582,14319,8160,2841,11551,-481,4779,15966,1662,-41,11792,2880,781,17414,1667,635,12399,9785,-3202,17320,-313,3939,9553,5452,3776,13955,1548,-694,13762,1472,839,12364,5373,-3803,12479,2514,3187,17485,793,6578,8259,8469,-1077,16798,-1624,1821,13837,11377,77,15580,5029,-770,14122,1707,5407,10764,2893,2584,15889,-931,3112,13779,5453,5796,12315,6753,-5328,12332,3854,1834,17281,6678,3952,10997,396,6099,15199,488,-951,10414,2985,-1943,19189,2943,3515,11022,10819,-2809,18003,-3169,2766,10630,7789,1996,13841,1134,3677,13542,910,-2693,11512,4547,-4384,13186,3353,8580,17771,1568,4104,8034,6713,-3461,16435,-1677,1883,13088,13948,1805,15851,2597,-974,14533,2117,4809,10557,2139,5450,16493,396,2038,13613,7434,3653,14356,5172,-6021,11094,5189,4740,18715,5272,3020,10164,-527,3635,13342,1329,1370,12276,1727,-361,18366,4007,1026,10265,9510,-3437,18295,-3196,6352,12195,8013,-699,12989,1238,732,14254,2084,1191,12108,5211,-2173,13021,1126,4273,15545,2434,2710
11699,-165,-2219,15315,4311,-1216,10951,5322,75,16186,-480,5097,12279,6678,3589,15657,1444,-1319,10730,6108,4141,16775,8391,-5215,11235,1264,3991,11137,3023,5013,13271,-348,2336,19501,1417,7297,8655,13202,-4051,20164,-4428,-1374,7726,13624,3408,19211,-1498,5550,13242,3143,5377,13129,1426,-3676,13081,497,2309,14915,7767,-2424,11230,6251,-955,14147,-793,6307,15942,5759,-709,12361,1858,1953,14926,3993,-589,10468,3965,-1719,17392,934,6529,12018,6945,3697,15627,442,-1984,11497,6636,193,16008,7857,896,10987,504,3851,11245,2202,1050,12687,781,5220,19121,1229,7045,8706,13768,-6852,21020,-4935,-545,7629,15195,7459,19636,-3143,3723,13128,3489,541,13172,1931,-477,14260,494,2632,14081,8581,-3467,12966,3812,-574,11694,1665,9014,16148,3710,-2803,12299,1246,-245,13699,4743,627,11531,4227,338,17630,438,4516,11238,6893,1667,15825,134,1207,12397,8617,-1846,16207,7291,57,11705,-593,6246,10882,4037,934,13162,-587,5605,18704,1105,4936,6917,14247,-4945,20649,-4353,-1406,8818,13261,5783,17855,-1898,5277,14228,3766,1822,12355,1473,-2636
18128,-1711,4175,11882,11163,3020,14614,-2489,4295,15886,4351,2748,12019,1776,-2973,15350,1068,962,14166,9562,1109,15175,1333,662,9354,3340,4655,14346,2286,-2926,14823,2545,2698,12277,4472,-2784,12585,2299,-1550,18068,2371,9654,8852,7445,2091,16837,-2205,-2874,12681,11302,-1233,16682,4565,5644,12801,2170,1837,11019,2446,1424,13641,-930,9708,15893,4066,804,9942,10876,-6922,18375,-2469,3177,11218,11382,4450,15565,-1450,5666,14822,3519,-2002,12025,1097,-214,16109,1758,2855,14129,10295,-2783,15735,-151,1243,8508,5072,7339,14869,1149,-3043,14237,2207,863,12462,5358,-3012,12158,2182,1394,17799,2039,8088,9235,7759,-1132,16488,-2263,2390,13168,12118,-1127,16426,4221,-296,13344,1141,6055,10577,3398,3518,15408,-1052,5143,14432,4304,2547,9935,9754,-5265,15825,-363,2824,13834,9355,2301,14147,-1018,6672,13699,3611,1662,12300,1305,-2795,17200,2095,757,13677,10380,1123,15604,-324,27,10446,3756,4393,13127,4149,-64,15213,1181,3198,11815,4873,-7026,11139,800,1850,18951,3347,11429,8777,7578,-3643,16970,-2683,-160,11500,12701,2990,17616,3911,-284
18525,688,8515,7305,7248,-1147,16324,-32,-2275,14465,11112,1482,14596,4153,732,15316,1596,4799,10271,2304,1538,15995,-2,5480,13881,6263,4734,12744,6576,-7921,13603,2097,3654,15912,7202,6249,11852,-3,4374,14510,1377,-1504,11636,2013,-432,18126,4382,1893,12008,9060,-2959,17139,-2918,3929,10133,6808,3694,13911,1455,648,14068,2757,-2706,12180,4294,-3258,11537,2450,8551,18261,1199,3874,8692,6791,-2609,16779,-43,3060,13511,11202,-252,14217,4487,-1152,16081,1518,7092,10692,2174,2954,15039,-97,3720,14371,5562,2167,12253,7922,-4356,14246,2467,4549,15506,6565,1832,12304,-714,6925,13745,2329,513,11917,2248,-3409,18384,3403,1750,11515,9895,-665,17920,-3136,3969,8966,7409,535,14448,949,1496,14923,3431,-4,10872,4455,-5655,11979,945,6548,18328,2788,7661,9164,6275,-3075,15386,-421,-611,13726,12102,1789,15358,3531,545,14644,2254,4609,11392,941,1568,14541,1387,6664,14920,5381,2086,12249,7446,-7304,14358,2226,5446,15627,7002,5264,12065,-191,3280,14551,1908,-484,11808,2774,-29,17770,3755,1260,12055,8724,-3211,17380,-2095,5547
13955,1625,-513,11860,2581,-3170,17250,3340,2821,13434,7531,1085,15155,1883,1347,10791,3790,5480,14170,2062,-2433,13615,2869,36,12605,2895,-3017,11764,4207,3631,19189,1575,7313,9104,6026,-1041,15973,177,1243,13091,10589,-2467,16284,5231,2008,13171,246,7427,10883,1676,2416,13658,2007,6795,15951,1747,-1153,9699,12753,-4540,18939,-2204,4203,11665,10493,1764,15324,-1723,5904,13526,2794,1873,13321,2201,-5402,15597,3322,1130,14221,6852,3133,13928,2629,1265,9301,2561,3606,16066,1899,-2282,13850,4082,2285,12461,3067,-4005,12303,3780,1048,18792,1855,8970,9381,5807,1565,14878,-473,-2718,13721,10889,-2635,17044,4917,4763,11385,724,4125,11108,457,349,13379,3166,9460,17601,1160,1357,8116,13115,-7730,20049,-3295,3515,9863,11628,7294,17098,-1687,2785,13178,2647,-516,13700,2640,-722,15020,2866,1265,14245,5787,-1905,13455,4752,3237,11345,874,6579,15062,2879,-3560,13618,3190,-169,13561,4207,-1071,11581,4049,3405,17363,1309,4318,12100,5413,2605,14092,2173,1471,12901,7300,-5340,16242,6765,2157,12254,964,7047,10404,1030,775,12923,1622,4748
13590,3159,2070,14406,7999,-3749,11014,1215,6198,13676,2567,5988,14257,2432,1855,16825,1616,4145,11524,10204,-870,17548,1074,-2299,8293,8442,1139,21028,533,7604,9664,2686,4712,14207,-89,-6429,11729,4688,-346,16675,2705,5755,9649,9156,-2726,19861,-2243,3416,12996,6099,2462,11776,3564,-758,14858,1582,-2078,12413,4894,-261,13193,2698,6503,15414,-399,4368,10166,8201,-3784,16207,412,834,13716,10707,504,11036,2968,4022,16220,-541,5084,12179,4063,2758,15198,1943,4272,14935,7762,-1045,15012,4835,-4043,9983,4240,6410,18971,3391,5401,11208,415,2114,13081,1883,-1754,12752,4011,-719,17151,3566,1898,11106,7954,-19,18521,-1876,6029,11751,5735,-1264,13070,2793,-642,13915,2150,-1710,11958,4574,510,12985,3194,6110,16883,-1284,4089,8788,9185,-117,16447,90,-1714,14810,10271,-1513,11925,4625,3628,16267,-942,7570,11862,2887,-797,14242,1504,4563,15579,6538,3242,13173,8375,-6579,12525,605,3723,17019,5424,7433,11162,444,4911,15381,708,-4434,11103,5918,-598,18329,2686,2775,11596,8206,-491,17409,-2215,3113,9989,5789,3237,14130,2688,386
15231,2315,2632,13788,5715,783,12429,5466,355,14018,-1260,5430,14297,5919,-1145,13952,1929,-1658,13919,4226,-1760,10988,3697,3465,16619,1720,7667,13105,4449,947,13758,2300,-1901,12382,7273,230,16591,6976,-790,10827,618,5407,10841,1470,3385,13919,1391,4101,19021,2803,3858,9112,12817,-5241,19296,-3474,837,7947,11140,5520,19995,-907,5507,11878,2144,3167,12928,1975,-3618,13981,3565,922,15038,4359,-521,10096,7216,2072,17335,-2048,5759,14137,6790,-1687,13830,2919,-2965,13547,3733,3188,11671,3070,-4707,14588,1281,8259,14831,4218,7116,12825,3991,-3859,12073,3786,-1359,16211,8858,-457,10976,1513,6567,12949,727,3283,13392,1624,2616,17625,3089,6631,10872,11621,-3824,18440,-1856,-4103,8634,10322,4952,19452,-73,8469,10625,1825,1396,13620,612,-5177,13483,4986,2467,15764,3042,1514,9632,8364,-2327,19445,-1958,6528,13940,6598,3685,11293,2243,-6054,15242,1738,185,11530,5971,1707,14403,398,4402,14586,1514,4463,11960,7043,-1790,13197,2304,1064,15208,9458,-3232,11750,2113,6035,13947,1321,7590,13196,1891,777,15759,2073,3473,13687,9896,516
14379,4501,-334,14566,-403,6297,11314,2779,3375,14156,1355,3075,17001,4877,361,10327,10170,-2421,13578,-98,3752,15715,5790,4035,12649,-597,5571,13736,2434,431,12573,3561,-3568,17042,2863,644,13382,8889,1574,16046,-641,1995,10874,4246,2473,13628,3508,432,13622,1973,-53,12141,3898,-5817,12181,2726,5576,18390,1406,9326,7671,8068,-2868,17501,-1521,-1721,13180,12167,1385,15892,4626,2552,13567,-819,3539,11624,2199,2988,13978,2267,6381,16405,3881,-475,10050,10454,-5875,15300,-529,5255,14445,7901,6399,12788,-1095,1954,14339,1582,426,11990,4408,-606,17356,2955,93,13691,8236,-287,15070,-16,2551,11097,4111,5310,14405,3673,-3272,13540,1153,-220,11826,4159,-2120,12471,2906,3784,18398,1249,7102,7830,7304,-1388,17185,-368,1138,13776,11276,-1944,15690,5302,1762,12970,-346,7341,12354,2005,1938,13735,1623,4225,16460,3828,1427,9501,10631,-4500,15060,-519,2642,14909,7649,4904,12940,-186,6072,14139,1332,-305,11855,3437,-3513,17551,2956,1742,13936,9181,2104,15129,-437,144,10781,3764,4460,14176,3812,-209,13743,1518,-1154,11507,3177,-4972
16055,-377,3910,11376,4427,1753,13407,2757,649,13163,1261,654,12291,4214,-5986,12345,2752,4893,18157,1553,9335,7416,7800,-3138,17569,-1617,-517,13099,12613,712,15885,4016,2102,13729,1260,3338,11219,1887,2441,15176,784,6954,15349,6106,1664,11707,7372,-5952,12370,2629,3438,16815,6481,6127,11768,-439,3392,13870,1183,-323,11682,3088,-1039,17863,3818,819,12353,8852,-3045,17028,-1963,5254,10998,6776,3950,13746,1460,-373,13934,711,-2051,11053,5687,-2397,13626,2641,6464,17234,1362,4758,7697,6596,-2554,16423,-874,2526,14765,12514,-1373,14704,2538,-238,13046,2971,7420,12911,1246,2527,14550,336,2872,15382,7526,3073,12783,6409,-3500,10514,3554,768,18263,4737,4528,11563,288,7866,13249,819,-1659,12241,2315,-3305,18182,4759,2742,11063,9166,-1412,17631,-2092,3914,12513,6254,443,12769,2094,3424,14100,1168,-1889,11828,4860,-4532,13029,3100,8175,16636,1441,4872,8636,6720,-2795,15449,-1002,308,14485,13126,1761,14878,2355,607,13286,1326,4880,11886,2095,3832,16411,665,4650,14469,8150,1246,14423,4364,-5940,9277,6076,3590,19274,3909,5431
20729,2236,10269,8414,13204,-3403,20152,-4771,-4027,7661,13501,3239,20216,-396,8468,12231,1635,2060,12404,711,-3558,13522,1754,4695,15837,7441,-2420,10337,6274,-2944,15361,-1608,6466,14991,7095,2585,12887,-31,-1396,14359,3956,-1704,10849,5042,996,17100,890,5350,12084,6996,2608,16133,185,-939,9969,6701,2996,17224,7263,-3484,10273,247,4009,11479,3185,3557,13592,1111,4046,19268,1428,6295,8361,13337,-4684,20011,-4524,135,9129,13800,3434,17805,-1563,4399,14693,2064,4840,11862,2775,-2328,14277,145,842,14465,8337,-1853,12181,5489,-103,13962,-501,7139,14713,4970,-2814,13021,959,2270,14232,4138,191,10910,4832,-2752,17877,1189,6204,10543,7420,4971,16654,-1732,-2634,11951,7908,-1340,16271,7804,2383,10197,194,3761,11837,2055,1156,14297,1317,5981,16816,2130,5757,9251,13092,-4776,19140,-4597,-2729,10935,13194,7978,16188,-1170,4469,15984,1943,-1245,10996,2600,831,15587,537,1313,13625,9568,-901,14146,2370,-1677,10938,1623,8299,15311,3628,-2167,13410,1080,-421,13143,4439,153,11263,4343,557,18814,1663,6252,10235,7621,406,16336,-2523,1632
11031,6267,-6599,12301,1862,6936,17687,2105,7876,8780,7587,-4150,16597,-2675,1526,12972,13654,1646,16572,3745,-1729,14528,1912,4456,10795,2750,3997,15097,-896,4738,14967,6365,4246,12154,6940,-7790,12938,3130,4908,16279,6735,3423,11735,-1081,3434,13675,2251,2373,12006,2500,-1839,18028,2875,1186,11756,11144,-2017,17775,-2673,4613,10783,6458,1855,12648,1103,771,15479,1538,-427,11416,6724,-2756,12765,1501,5216,16768,1548,4468,8402,7380,336,16493,-1193,-311,14267,12051,-1053,13612,4095,2068,15783,1975,5617,10162,2708,1421,17210,-1350,4452,12838,8689,5700,14474,4972,-7679,11044,4319,1610,18243,5711,7022,10642,-458,5526,14151,1346,-2958,11237,2565,-1112,19074,4126,4245,10071,10273,-3559,18456,-4830,3395,10657,9254,3204,13732,310,1615,14709,1800,-3046,11529,5744,-2870,12795,2637,8988,16673,1804,2209,9334,5724,-2475,15811,-842,2989,13816,13123,-446,14310,1902,-824,15081,2661,6958,11398,1758,3343,15865,88,2623,14336,8464,2575,13995,5228,-4802,11298,4428,3638,17351,4382,3873,11314,-899,5155,13374,3183,146,12648,1534,-2476,17624,4179,1165
19988,2538,7056,9991,499,1879,13199,2112,-1814,12479,1976,2575,17161,4549,924,9758,8784,-3372,18954,-2581,5506,12622,7574,1721,12214,312,-1390,15305,3456,-336,11838,5632,-152,13563,700,3352,13800,2859,4306,11883,5263,944,14361,1637,1431,14494,11143,-2796,13045,2437,3688,13278,2301,6925,11638,1262,149,19494,1005,5953,10605,11329,2120,18304,-78,-5608,7754,9986,-124,21434,356,8674,8987,2197,4136,13726,-501,-5863,11683,3011,2916,17737,5136,4043,9002,8637,-4948,18657,-3526,3143,13266,7906,3653,11746,1839,343,16051,3067,-2944,11683,5535,-1307,14046,1552,5641,14173,2763,3744,12157,4367,-2103,13931,2043,3618,14400,10129,-1130,11838,2620,992,14635,1785,6190,11373,1327,3189,18405,1949,5650,11864,9664,-1335,17133,1136,-2647,8181,9575,2449,20961,1388,5283,10928,643,3663,12004,1026,-2686,13260,1691,2149,16751,6076,882,9484,8333,-2486,18974,-2519,5827,12771,7304,988,13132,953,-1010,14255,4795,688,12567,4490,-1751,12875,1049,2738,15207,2996,7012,12015,4597,-549,12820,2036,-133,15128,9585,-1033,11714,3372,3431,15160,1354,5757
11923,5205,1386,14043,2619,774,14936,8947,-4019,11880,3236,4664,13662,2219,6346,12015,856,1306,18232,1489,5123,11512,9770,1749,17817,892,-3907,8164,9899,-345,20712,257,8100,10318,3037,4726,13736,-613,-6704,11900,3169,3137,16861,5518,3312,9335,7826,-4371,18582,-2152,4260,13401,6088,3067,12160,2299,337,15148,2941,-2466,12050,4021,-1131,12722,2729,5569,15573,1285,4191,11009,5543,-2088,15003,1665,2253,14174,10438,-963,12141,4018,1820,14571,446,5380,11174,1527,4294,18168,1988,4888,12438,8930,-863,16862,2701,-3780,8477,8767,3018,20794,1250,5644,10249,1893,3295,12929,48,-2121,12410,3079,1089,17084,4681,1372,9786,8026,-2610,19342,-1449,5800,12150,6012,201,12220,1537,-83,15046,4205,-161,12462,4346,-1379,12364,2587,4369,15441,598,4023,10983,5552,1329,14860,2343,-1362,15279,10000,-2199,11725,4892,5043,14880,-495,4961,11218,1841,1432,17361,1964,5382,12855,8381,2171,16407,4580,-7390,9976,6216,3009,19234,2606,8795,10334,1905,3646,13656,-856,-4588,11224,4498,1405,18570,4792,3496,10059,8177,-4582,18629,-3642,4800,11049,7301,2543
11618,3655,-2134,17154,3040,2550,13033,8584,14,16600,-995,1384,9901,3897,3598,13792,3036,1157,14779,3152,-2756,11723,3332,-5062,11358,3266,7944,18753,1217,7554,8822,7501,-2846,16587,-920,-13,12854,11190,1472,15892,5817,-120,14851,-198,4360,10894,1996,6093,13148,1881,5652,16522,2257,-1656,10382,12468,-5269,17064,-1744,6079,12905,9042,2460,13818,-1115,4159,13997,2232,3285,12861,2788,-4081,15956,3097,153,14541,7727,2011,15021,1781,2330,9474,2344,3247,14361,2855,-3135,14457,3911,2135,12314,3099,-3293,11189,3904,858,19592,802,9109,8655,7778,822,16256,-637,-2908,12949,9563,-1938,15979,7184,4525,14085,-215,5445,10804,1752,1463,12766,1494,7131,16648,1567,1536,9830,13203,-7209,18503,-3113,2840,11360,11114,5793,15555,-1102,4316,14121,1607,-311,12822,3831,-3464,16382,2448,3072,13652,7051,805,14137,2763,458,9886,2509,6448,15939,3043,-3912,13759,3112,-117,12317,3801,-1897,12094,4487,4318,18454,549,5620,9902,6026,706,15132,-293,894,13112,10312,-3987,16708,6392,2010,12370,135,7181,10212,1572,2108,13297,1610,5450,18170,547,2211
15229,8829,-2421,10632,2187,4327,14233,1230,7024,13315,2527,3443,16666,1721,2706,12744,9412,-1637,16300,2106,-1516,8981,8014,2063,20706,1370,6218,10557,2024,4880,13115,680,-4561,12333,4163,-1924,16547,2519,4484,9601,8913,-1250,19958,-2882,4268,12861,6758,1432,12396,3157,-1202,13954,2265,-954,12319,4524,-860,13480,1693,5970,15144,959,5415,10793,6459,-3267,14901,1319,-1191,14685,11589,69,11725,2707,5423,15469,458,4781,12996,2277,1992,14732,2203,5577,14868,6827,-743,14651,5355,-6011,10076,4594,6944,19550,3864,6258,10756,1243,1751,13971,1548,-2169,11767,4453,442,17385,2815,2472,10899,7371,-1895,18629,-2411,6379,11456,6563,-177,12908,3298,-1256,14506,1988,-2286,11551,4971,980,13296,2698,6824,16638,-1139,2515,8621,8336,-47,16861,244,397,14359,10963,-3281,12735,4842,3322,15673,138,8238,12293,2289,-36,13018,1276,3646,16061,5624,3012,12552,8339,-5314,12946,568,2789,16742,6012,6353,11763,842,5825,14751,1323,-3258,11711,4297,-1830,17701,3016,3034,12354,7594,443,16793,-1365,1832,10528,4794,3103,13926,4224,579,14112,2558,-3470
13758,5342,1653,12253,5583,612,14059,-1228,4567,15234,5965,-1297,13279,3134,-328,14429,4265,-2453,11436,3800,2049,15846,714,9349,12575,4051,2103,14388,1532,-3460,12695,7568,365,16383,7576,-63,10762,1366,4675,11912,645,2844,13826,1888,4825,17767,2693,5478,9581,12088,-6501,19602,-3154,194,8886,12013,6191,18811,-229,5390,11895,1658,1722,13070,2758,-2167,14667,4079,1094,14573,2796,-1008,9755,6667,2063,17656,-1592,6300,14709,6557,-958,12596,3201,-4540,14768,3620,3447,11203,4192,-2555,14070,191,6301,15407,3146,6515,12607,4922,-2259,11604,3549,-2549,16248,8961,-588,11486,2313,7699,13341,1376,2688,13033,1715,3137,17518,2743,5538,10494,9794,-2181,18156,-1338,-2764,9411,10877,1162,19536,1045,10045,10396,872,2158,13252,985,-7164,14036,4513,3692,15905,3094,2511,8934,6995,-3060,19851,-2164,5511,13391,7868,4339,12693,2747,-5546,14483,2306,-525,11804,4808,1259,14035,1172,5926,14982,1802,2701,11820,5456,-1374,12401,2528,1457,16662,9732,-2634,11164,2807,4082,14253,1624,7464,12944,2464,3627,16210,1091,2019,13049,9548,-634,17102,1101,-1219
14492,841,5919,11934,2585,3403,14623,-111,3799,15565,6634,324,13861,6506,-3677,10100,4089,3776,18693,5314,4489,11835,317,5145,12796,1908,125,12984,2972,-1948,17108,3763,311,10997,7088,-515,17189,-1821,5140,12233,6477,-441,13495,3005,1321,13469,2763,-419,12662,4568,-3407,12125,2797,7172,17444,-733,5068,7776,7627,-1043,16388,-862,-229,15153,12307,-608,13446,4526,2443,14425,860,5180,11802,2659,687,14880,-296,5403,14769,7409,2350,14375,6014,-5799,10099,3741,1658,18234,5372,8259,11374,1004,4977,13925,549,-2691,12078,3538,26,17774,3849,1710,10985,7415,-2309,17260,-2488,3077,11723,7314,2918,14168,3255,1549,13590,1975,-3669,12192,4327,-1748,12178,3471,9236,17540,-773,2508,7645,7057,-2228,16361,-436,3315,15372,12235,-879,13530,4282,-752,14053,1546,6862,12351,1873,2847,14135,-276,2876,15864,6289,1583,12948,7291,-2597,10782,3281,1116,17951,5590,4571,12117,813,7671,13268,1980,-317,12261,2585,-3154,17421,3843,1575,11114,7988,408,17495,-2390,3116,11599,6545,-330,13887,2596,3509,13778,2524,-1596,12060,4236,-4911,12121,2365,8783
11926,7715,-549,13774,1799,398,13915,3030,542,12194,4659,-2206,12626,1787,5439,16541,268,3330,8744,6678,11,14873,-147,740,15515,12499,-1415,13585,3681,3557,13913,1823,5727,11397,1445,749,16530,-428,5293,13463,9169,3089,16231,2844,-6259,7916,7341,245,20270,4025,9639,11071,1505,3826,12955,-14,-4370,11767,2285,2247,17892,4892,3285,9995,7648,-4214,18120,-3120,2953,12649,8400,3554,14030,1936,777,13769,2894,-2705,11950,4309,-563,13089,1746,6649,15489,1284,1184,10143,5490,-779,14109,980,4283,15611,12066,-1275,13486,3106,237,13390,2264,7171,12313,1248,2900,16920,-31,3567,12046,8483,1607,17737,2891,-2607,8518,9568,-918,20277,1952,6578,10649,1150,4897,12118,1235,-3405,13153,1641,2628,17089,3870,1093,8736,8968,-1991,19753,-2955,3549,11990,7875,1046,12943,1278,733,15375,3932,905,11879,4515,-3182,12835,346,3795,14815,3062,5854,12806,3966,-1601,12562,1999,1623,15177,11168,-54,12889,3558,2331,14199,1812,4760,11243,1275,1380,18083,723,7734,11054,9482,1018,18583,-854,-6229,7274,12283,1588,21451,1935,8728,9843,1369,610
9248,12624,-256,19321,-4230,-4370,8454,13715,567,19859,620,7395,12867,2385,3709,11117,710,-3123,14464,806,3119,14676,6363,-716,10537,6192,-2606,16748,-728,5570,14310,6867,2360,12654,990,-127,15090,4563,-1249,11377,3134,-2652,14528,1149,8153,13958,5511,3254,14986,1448,-3278,11386,6826,4126,17049,7866,-3576,9978,2559,3606,12099,1730,3909,12844,811,3638,20049,1012,8040,8089,11662,-5296,20018,-4020,-1698,7307,14633,4347,21004,-1232,3557,11957,2593,5776,12569,1438,-2390,13990,1182,2059,14898,5563,-2807,10224,6036,-6,16019,-13,6548,15129,6122,-1354,12641,1454,276,14427,4884,1526,11390,3101,-3475,15461,736,6022,13403,6312,5303,15001,1778,-2025,11066,5592,24,16793,8583,-1630,10631,1824,6798,12153,1935,496,13577,191,3381,18239,922,10035,7860,12228,-3428,20379,-4022,-6976,8572,14476,5787,19445,-403,7016,12964,2417,2463,12432,1203,-3218,14370,1521,4013,13963,6104,-2154,11052,5864,-2600,15380,591,6993,15256,5813,1775,12326,1365,-1151,14875,4178,-995,11010,3702,220,16010,373,6929,13180,5484,1147,14992,1061,-494,11560,7086,2477
11142,3030,-3323,15774,2022,9428,13579,3828,2872,13696,2615,-3696,13080,6607,3323,16343,7758,-1578,9966,1931,3393,12195,1629,3031,13814,1007,5242,18691,2249,6739,9122,10539,-5730,18924,-1815,-2742,9153,13114,5108,19800,-25,4159,11759,1648,4562,12413,840,-1104,14220,2372,1352,14357,4333,-2543,10442,5864,-154,17239,800,6361,14454,6414,-177,13125,1467,-1511,14325,4557,1698,11746,2629,-3934,13457,1452,5941,15363,4218,6172,13803,3784,-1142,12174,5361,-1255,14739,7465,-420,11510,2622,8053,13079,1973,51,13696,283,4183,17905,2350,8546,9604,10573,-3081,18677,-2108,-4688,8590,12715,2300,21111,-15,8046,10973,2469,2548,11678,397,-4025,14684,2335,4213,15235,4726,-54,9798,6517,-3693,18024,524,6847,14377,6658,3124,12429,1532,-2966,15343,3199,-651,11262,4159,-2000,13796,752,6786,15304,3532,3303,13424,4542,-1000,12218,5289,1938,14666,6949,-2703,11450,2194,4913,12832,2751,3930,13718,370,4402,17591,2169,5790,10864,10217,-2183,18148,-632,-1245,7859,11179,-336,21269,515,4780,11548,3678,6135,12100,-804,-4694,13169,2288,2247,16090,4035,1322
20898,2749,4000,10553,1549,3147,12385,359,-1689,13106,2689,451,16789,4263,1841,10325,7687,-1975,18977,-1647,6186,11881,6422,-770,13338,2736,802,14155,3455,-283,12185,3107,-502,12186,3076,4431,17229,-335,3759,9498,7723,329,14581,780,-1197,15349,10740,-933,11960,5594,3570,16404,-961,5958,10978,2636,798,15796,1101,4971,13959,7519,3200,16052,5651,-7472,9738,4700,4552,18790,3847,7562,10461,1946,2742,13477,-465,-3185,12833,3864,817,17239,3893,1795,10557,7306,-2771,17879,-2231,4787,11833,7272,1402,14059,2405,1542,13796,2787,-4559,11915,3732,-231,13247,3305,8967,16479,-210,1295,10028,6047,-395,14378,3092,996,16073,10005,-1345,12155,4367,5,15633,879,6943,12383,1900,2527,13412,1271,2944,15742,4463,3399,13147,8896,-4718,12356,2239,3328,17253,5120,3934,10882,698,6332,14326,810,-711,12555,4041,-2492,17271,3280,1307,11883,7609,-50,17259,-1982,3486,10426,5824,406,13862,3823,3171,13851,2817,-1394,12275,3249,-5483,11177,2610,8446,18717,504,6321,8475,7836,-2572,16967,-736,-441,13545,11635,1963,14170,5420,590,15595,-139,3490
11059,5029,3813,13971,1570,-3078,13851,8570,-3968,16596,7422,4502,11814,-29,5244,10371,1473,-142,13496,1644,5922,18720,1771,5872,8361,13484,-7705,20212,-3937,305,8457,12815,9181,19262,-1819,3464,10991,2231,-170,14512,2381,-2284,15010,3970,4127,13725,4529,-3025,11410,4907,933,14064,-82,7124,16358,5312,-2276,11905,2379,-2653,14844,4293,642,11753,3852,1048,14958,190,6603,14086,5164,2414,14020,3009,-424,12330,6347,-30,15371,8116,-3687,12482,175,8110,10175,2071,2674,15156,390,1580,17019,2603,6353,9639,12734,-3051,20142,-2877,-2367,7926,11215,3297,19612,-580,8370,10240,1473,2967,14318,1874,-6160,14657,4081,1647,13755,3692,2783,10447,7015,-366,17897,-1246,4299,14190,7004,2492,12732,2816,-3518,14607,2333,-19,12140,4729,-1922,13758,1206,8694,15306,1719,5199,10937,6451,-4081,14712,2532,929,15065,9198,-508,10731,1975,4163,14364,356,5341,11915,3238,4432,18680,1883,3802,11690,9837,-3616,16730,1051,-1003,9070,8866,3331,21063,694,5774,9949,1733,3684,13073,598,-4136,12961,4851,-326,16799,2071,2364,9048,8728,-1499,20080,-2649,6259
14117,2929,2300,13725,4412,-4511,15686,2196,2365,13867,6290,1112,14240,2209,2426,9557,2529,5091,15711,3598,-5721,14624,3565,2223,12323,3842,-1596,11837,3026,2499,17925,952,6206,10629,6045,2185,15108,759,-1514,12553,9385,-4945,16866,6679,4600,12192,284,7651,10751,1481,162,12663,1735,4350,19250,983,4421,8071,14313,-6185,20279,-3641,1036,9472,11890,8286,17525,-366,4227,12324,2069,67,14548,2508,-3315,14505,2497,2658,13741,4631,320,12452,5135,-343,13723,-634,6165,15597,6490,-1680,13033,2777,-1930,14564,4227,-1726,11028,3567,4221,15766,1106,7141,13555,3161,1113,13431,4283,-1562,13146,6613,363,16048,6967,-2024,11317,1114,6313,10872,2097,3471,14513,1177,3628,18285,2084,3880,9263,11627,-4064,19457,-2584,-799,8060,11177,4184,20057,-238,5793,10367,2062,3862,14496,1597,-5080,13029,4754,1074,14802,2140,2539,10104,7853,-264,18526,-1679,4212,14247,6968,620,12312,3502,-2476,14450,2547,1640,12342,4351,-3500,13688,501,7656,14918,1785,5673,11217,6262,-4619,14707,2298,-56,14539,9584,1005,10883,1852,4623,14879,1004,3900,12897,2347,3480
15480,-216,-2786,12864,9867,-3348,16868,7405,4824,12120,-1065,5315,10035,2071,961,13068,2060,5858,18546,896,3248,8174,14094,-7511,20373,-4643,3668,10026,12616,8127,17187,-1281,3032,12499,2579,162,14465,3421,-2722,14333,2084,2383,14273,4835,-1384,12123,5733,2151,13745,-611,5998,14891,6049,-3526,13415,2564,-1670,14595,3921,617,10842,3660,3283,15529,620,4719,13808,4366,3169,13620,4585,-1707,13346,5839,-866,15433,7231,-2011,11692,1514,9209,10743,1323,1872,13733,893,2518,19151,1836,5523,8519,13827,-3956,20041,-4040,-2136,7955,11046,4277,20176,452,7841,10766,2018,1580,13887,2173,-4940,14175,3463,2789,14165,3630,2208,10698,6851,-1251,18336,-1842,5183,13106,7564,1586,13779,2708,-3880,14089,3088,182,12379,4021,-926,13440,1295,8096,15439,1605,3819,11460,6083,-4009,14198,3279,1511,14701,8771,-775,10454,1981,3721,14823,1127,6009,13055,2508,3943,16665,2100,3018,12721,9230,-1796,16427,2209,-850,8852,7097,3270,20608,2399,4948,10855,1911,4445,12545,1257,-3932,12420,3208,-1532,16724,3157,3799,10680,8781,-1297,19200,-3094,5736,11983,6427,-1353
14145,3756,-4671,14834,1897,278,14789,6188,2710,12872,4433,2280,12185,-579,4391,14664,5768,-4860,15188,2705,1325,12354,3099,-257,11352,2847,2330,17801,1626,5090,11239,6785,3770,15126,593,-2854,12240,8223,-3695,16963,7500,3076,11265,702,7917,10731,816,-59,13899,1261,3996,18333,2448,5226,8174,13630,-6835,19825,-4353,167,9965,11552,9253,17521,-294,5380,12541,2313,-1962,13125,2604,-2035,15375,2396,3085,13588,5209,-1052,12021,5452,1132,13504,-323,6058,15427,6095,-916,13483,2808,-3974,14710,3519,314,10751,4068,2920,15795,730,6533,14220,4814,1944,14047,3649,-1507,11737,6035,365,16122,7660,-2937,11923,387,7779,10348,2080,3224,14972,643,2304,17433,2773,4995,9365,12730,-3034,19874,-2983,-1215,8387,11367,3451,18867,-460,7968,10836,1626,3021,14561,2215,-5636,14117,3485,1461,14393,4218,1574,10333,6495,41,18031,-1106,4115,13405,7364,1508,14014,2275,-2463,13762,3794,226,12149,3421,-3472,14020,496,9206,14443,4333,5239,13787,4179,-4480,11891,4637,989,15262,8738,-103,11833,563,4295,12474,1536,3656,13680,1635,4166,17439,2966,5581
14942,11965,865,12828,2741,3018,14054,303,5322,11988,2067,1889,15878,1464,5256,14375,8546,862,15936,3934,-6279,8283,6101,4201,20094,3528,8361,10891,786,2431,12896,64,-5063,12437,3753,2715,17725,4795,1712,9846,7306,-3609,18158,-2340,6480,12765,7887,1199,13447,2025,-435,13914,2056,-2357,11940,4659,1152,13040,2033,6096,16256,1153,1088,10345,6528,464,13680,1059,1694,16204,11438,-1900,13097,2722,1551,13366,1567,8189,12362,1611,1193,15540,592,2356,14782,8934,3027,15240,4835,-4236,8423,5593,1307,19767,3026,7033,11278,1288,6312,12779,450,-4341,12269,2789,-1036,17731,5083,3567,10471,8472,-1326,18133,-2438,3136,12586,6972,959,13006,2330,2864,14216,1959,-2314,11986,4288,-3087,12575,2485,8475,16419,1064,2946,9485,6888,-2216,15457,-221,1848,14194,13089,1078,14338,1831,590,13347,1544,4985,12220,1370,2905,15476,1285,4636,14779,8500,28,15190,4280,-4825,8555,6838,4342,19971,3266,6349,11096,252,3785,12540,1197,-2138,12957,2863,1029,17334,4515,555,10004,7727,-2065,18048,-1685,5333,13296,7081,733,12623,1871,-117,14153,1982,283
9569,8786,-5292,18812,-2610,4753,12946,6572,4675,11908,1074,-2251,15997,3674,-1367,12034,5945,-744,13421,-66,4575,13840,3538,3175,13967,4028,169,11828,3708,4173,15742,8940,-3321,12027,2221,1817,13207,2633,6325,12846,1004,2961,18000,1011,4837,10914,10685,1275,18465,-746,-3389,8191,11917,-739,19616,267,7021,11367,1831,3324,12654,117,-3140,13266,2498,2608,16011,4468,194,9348,8150,-1374,18176,-2101,3578,14390,6614,2982,12069,2255,-648,15614,2701,42,10680,4981,-3756,14779,848,5654,13666,4745,7533,13783,3197,-3461,12252,3043,1989,15758,9437,-1069,10972,3117,2956,13831,1224,2512,11472,1539,4881,20068,1865,7909,9770,11446,-3950,18894,-3444,-3068,7700,13764,2256,21324,-549,7780,11488,1791,1214,12137,294,-1908,13747,2224,4898,15402,5372,-4078,9928,6710,-1693,17021,-92,7244,14807,6246,1780,12013,697,-2667,15372,4558,1015,11035,4302,-1720,14916,167,4627,14100,5711,5445,14315,3036,-884,11441,4299,2219,16308,8270,-5609,11354,1647,5780,11609,3192,3633,13617,311,1932,19217,1253,7691,8786,13038,-2064,19718,-4666,-2898,7568,13965,1542
14384,-242,7793,15901,686,2182,9059,12399,-3928,19467,-1912,-756,11209,12214,5646,15185,-1803,3024,15576,2950,2837,12318,2791,-240,15705,503,-7,13717,9264,683,13589,3073,599,11234,2226,4662,15166,2500,-2513,13286,1968,3786,13113,4558,-1906,11560,3317,-2533,18822,1514,8433,9662,7635,2864,16191,-3058,-1586,12406,11302,-900,16328,5587,3756,12604,1565,3479,10968,2725,348,14027,-905,9209,15642,3022,3031,10349,11583,-6234,18883,-3133,-217,10768,13529,5590,16113,-2435,5552,14548,3117,-874,12009,1832,-614,16872,1412,2959,12817,9934,-2100,15278,266,-859,9068,4576,7267,15709,1218,-1791,13096,1867,759,12857,4841,-3558,11727,3647,1220,18828,1500,7609,9350,7385,-956,16193,-2244,2235,13069,12527,-646,16601,4711,-157,12962,1035,4307,11001,3600,3851,13585,-1172,7300,15819,1929,803,9525,12065,-4689,18547,-2101,2339,11610,11743,1680,14766,-1574,6065,14628,3432,2439,12758,1159,-2816,16745,1828,1432,13097,10380,748,15532,-90,-223,9251,4584,4402,15504,1380,-628,13719,3096,3886,12239,4868,-6216,11588,2035,230,19153,2592,10063,8867,7516,-621
14580,2449,3859,12378,4259,-4015,11704,2096,-618,18541,2177,9960,8424,8034,-335,16915,-2180,-55,13534,11914,-1666,15773,4142,3018,12968,2064,4678,11967,1889,1328,14022,111,7257,14468,3384,3870,11567,9540,-7247,16911,-614,2404,12975,10086,3659,13883,-119,6034,15108,2160,-1475,11309,1318,-622,17312,2583,2565,13026,9861,-1861,16357,-1089,1190,8887,6630,5476,15295,1242,-731,13752,2338,301,12040,3744,-5370,11905,2542,3858,19175,2075,8749,8098,7522,-3833,16218,-2292,2649,12801,12420,701,17030,3668,-1458,13915,2714,5045,11174,1767,5211,13906,-182,5583,14816,3694,1240,11420,10153,-5252,15970,625,5527,13959,8720,-126,12992,-501,5432,14539,3059,2483,12489,935,-1902,16796,2046,43,12902,9706,-450,16950,-451,3259,9554,5658,2156,13989,1330,-235,14120,3224,3794,12322,4125,-6567,11328,1663,2759,18786,2548,9775,9108,7445,-2207,16211,-1061,-362,13198,11310,1665,15520,4922,1152,14579,1937,2810,11623,1793,3155,14768,531,7055,13405,3854,2734,12598,8355,-7768,15665,1364,5090,14179,9314,2869,12857,-1142,3920,13991,1734,-563,11818,2382,696
16005,-64,2183,13643,9485,3580,13649,192,5727,14833,1283,-973,11480,1155,-878,17082,4007,2152,13911,8792,-1324,15839,-313,1546,9815,5093,4564,14466,2133,19,14061,3280,225,12318,2696,-5037,10371,2811,4647,19892,2019,7531,8882,7067,-3364,16493,-1281,2583,12240,11561,195,16307,4748,80,13600,1409,5129,11870,1828,4605,13919,506,7213,14158,1890,-774,11334,10861,-5016,17250,376,5533,13377,10117,-312,14050,-927,5473,13635,2596,2180,12712,1133,-2408,16826,2982,25,13281,8583,1069,15813,225,2736,9094,5168,2721,15236,852,-1342,14265,4228,3127,11443,3206,-5089,11717,2541,178,19383,1950,9988,9003,6909,-576,15562,-1168,-1479,13437,10893,-439,15846,5562,3674,13519,1232,3753,11415,1806,1995,14174,730,8947,14887,2412,1405,10789,10956,-7923,17876,-858,4064,11830,11258,3704,15129,-959,4628,13778,1961,-593,12669,1717,-684,16672,3425,2414,13533,7778,-1845,14884,1317,1848,9645,4905,6274,15285,1453,-2708,13665,3090,979,12321,3440,-2365,11796,3305,1805,18905,1768,6418,9736,6274,130,15115,37,1834,13288,10326,-2911,16166,5806,1854
17489,1385,6855,12172,3968,590,13451,2260,-367,12785,7730,-377,17457,7139,-1640,10125,2009,5308,12014,129,3554,12350,1935,4400,19098,864,3050,9107,13052,-3573,19853,-2639,-83,7998,12903,4320,20322,-1462,6187,11040,2324,4211,14257,577,-3665,13939,4256,666,14699,3415,-1843,10216,6627,2323,15330,-310,3903,15925,5014,-357,11561,3707,423,15264,2764,-1368,11198,4263,-2973,15795,1186,9390,12745,3596,5060,13479,3423,-3991,13723,5505,-180,16162,8146,517,9717,1578,4326,12786,31,1255,13330,2620,6198,19125,1586,7074,8796,11943,-5449,19315,-3266,-4131,7419,13409,5806,22101,-39,7196,10068,1493,1641,13372,767,-2022,14180,4338,3684,14731,2923,-3174,9748,6853,-116,17275,155,7062,15261,5302,1010,11657,3117,-3833,15392,2838,1360,11607,4586,-2443,14143,194,6800,14702,3031,5213,12562,5977,-823,13276,3216,699,15469,8882,-4027,11290,2636,6787,12519,1632,5289,13863,1631,1842,18258,886,6284,9949,11484,-1374,18224,-563,-4302,8477,10581,1294,21370,1051,8235,9816,2592,4666,13372,-1091,-5500,12720,3818,1702,15945,3241,3355,9673,8132,-3389
11450,-25,6990,14440,1184,-2069,12159,4429,-3189,17764,1997,2895,11883,8192,854,17092,-1287,2131,10239,5164,1842,13797,3966,1575,14574,2327,-2186,11945,3577,-4389,11463,2169,6651,18569,659,8514,9055,7703,-2780,17364,-309,-2026,13038,11940,2840,14888,5210,559,14631,-1137,4120,11341,2473,4856,13070,1412,6002,16811,2441,-854,10101,11614,-6135,16695,-1668,6244,13359,9376,3917,13714,-797,3100,14501,2164,1916,12972,3637,-3234,15777,1569,681,14344,6958,1146,14590,1558,2946,10788,3740,4371,14142,3583,-4126,14769,3250,1449,11955,3743,-1493,11916,2690,1108,18419,293,7952,9155,6916,1506,16197,170,-2076,13010,10630,-3192,16177,5888,4311,12968,22,7428,11101,1584,673,12648,891,5624,17796,1307,2338,9051,13441,-6402,19120,-3167,2498,10974,11797,5864,16074,-910,5187,13495,2120,-204,13502,3516,-4043,15640,1326,3379,13435,6049,1642,13685,3145,-751,11150,2134,5558,15973,4681,-2155,13279,3082,-373,13574,2698,-2862,11189,4191,5667,17884,731,5778,11369,4638,-214,14358,1572,-308,13015,9736,-2569,16821,6665,1151,11543,-28,6593,10064,2125,2781
10456,7485,-2852,15284,2087,1338,14731,10543,-1101,10899,3400,3632,16298,605,6864,12527,2553,2390,14862,645,3507,14290,7226,-1189,15303,5624,-2548,10042,5362,5483,19808,3695,3831,10632,1985,4557,13040,1106,-1564,12272,2887,-2220,17048,2767,2993,11124,8314,-349,18839,-2680,5693,11338,6983,-2320,13774,4139,455,13788,2778,-697,11571,2258,-985,12173,2324,6677,17772,-63,5141,9106,8555,-1823,16159,-236,-1555,13938,12023,-1106,13541,5188,4028,15945,-300,6663,11062,1494,0,13820,520,5039,15963,6157,2013,13775,7625,-7176,11333,2601,5501,17924,5322,6445,10750,937,3074,15515,857,-2862,11869,4761,812,17199,1548,1744,11692,7335,-1395,17415,-594,4466,10737,6284,2510,14050,3656,-1000,14384,2002,-3308,11743,4566,-1004,12561,1423,7147,16883,-452,5298,9362,7850,-1352,16235,1212,789,14600,9960,-1178,14116,6581,-92,15156,-581,7560,11191,2094,3962,13187,367,3238,16596,3251,1734,10771,11972,-4353,15561,-1041,3174,14961,8417,3879,12386,668,5704,15151,1301,1035,12246,3428,-5185,16636,1493,3021,13379,8130,2111,15522,32,-166,10119,3844,4283
14594,2334,-3339,14042,1649,814,14084,4845,807,11682,6098,1372,14842,5,3765,14421,6320,-689,13889,3278,63,14409,2810,-590,10379,3149,-642,16488,325,8394,13168,5652,2583,14361,2328,-3228,12073,6947,33,16567,8733,1155,11079,728,4913,11086,984,579,13893,265,4877,17682,1912,6019,8946,12456,-6426,20399,-2890,-589,7990,13399,6924,19779,-1093,5689,11136,1814,653,14003,1904,-1610,14339,3112,2582,14424,3704,-3103,9986,6028,1666,16493,659,5749,14640,6978,56,13396,2044,-3931,13937,3096,2974,11417,3558,-981,15236,93,5893,14136,4429,4603,13788,4542,-1772,11718,5130,-643,16254,9124,-2287,12006,871,8335,10793,1221,1986,13612,138,1453,18616,1593,7333,8477,12986,-3250,19959,-3095,-3454,7997,13009,3676,20145,171,9201,10960,1858,3050,13961,1158,-5731,13705,2117,3194,14556,4797,-22,10561,6090,-937,17058,-195,3935,14199,7513,3516,13529,2144,-2714,13761,2371,-1490,11165,3411,-459,15158,614,8210,14536,4259,3646,13524,4422,-3670,11850,4921,2547,15876,9218,-2209,11706,888,5103,11194,1314,3634,13832,724,4354,17815,2125,5113
15254,9940,-590,11646,1229,4981,11827,1193,1413,13372,54,4616,18157,2104,8495,9595,11818,-6069,19426,-2730,-3565,7748,14103,5727,20479,-532,5650,11033,1950,2806,13855,914,-1556,13482,2087,2606,14799,4858,-3966,9744,5990,137,16449,992,7232,14859,6706,352,13257,1371,-2647,13773,3376,1187,11230,3170,-589,15175,345,4646,14344,5424,4690,14638,3599,-1313,11221,5630,456,16020,9412,-3272,11964,749,7612,10368,2086,2511,14080,-841,1317,18448,1710,8603,8574,13035,-3339,20097,-2956,-4192,7926,13703,3758,19630,-461,7841,11613,2391,4700,14109,582,-5325,13667,1127,2159,14233,6434,-960,11203,5372,-695,15124,714,4548,14589,6114,2440,13793,2260,-386,13943,2997,-2554,10668,2817,1006,16377,1280,6676,13365,5880,2638,14972,1597,-3123,11320,7193,1760,16348,8658,-782,11175,589,3928,11253,1689,2064,13795,-117,5707,18024,1235,5083,8561,13039,-5176,20460,-2572,-833,8219,14335,5777,18669,-1223,3867,12518,2134,4849,13895,1517,-1862,13960,470,478,14168,5824,-3432,10847,5762,2046,15065,1560,6450,14830,5126,-2475,13342,1405,1381,13656,3922,89
15571,1477,-403,9913,4984,6820,14988,2745,-1434,13451,1484,1569,12684,3421,-3155,11209,3062,918,19180,1784,7175,9310,7872,-486,16143,-1368,2448,13493,11856,-574,16154,5886,-935,14175,446,5528,10053,2820,3134,13989,-1758,6195,14968,2771,2416,10413,11358,-4917,17668,-838,1425,12480,11287,1658,14011,-465,6518,14988,2001,2408,12079,624,-2222,16642,1040,813,13097,10996,-246,16749,193,-273,9339,5427,4187,15103,2758,425,13751,2155,3449,11898,3380,-7165,11710,1533,1116,18807,2644,10816,8049,8465,-2564,16836,-2782,-534,13145,13520,2736,16923,3568,1141,12757,1854,1456,10864,2112,3819,15649,-803,7653,13860,3922,2162,11864,8635,-7303,14943,2645,5104,15359,9267,2786,11516,-88,3362,15486,800,1351,12074,2243,373,17192,1279,574,12185,10648,-4069,17356,-385,4392,10025,6633,4129,14037,1988,-1263,14515,529,1844,10957,4692,-4016,12242,1185,3627,17855,1708,6152,9005,8057,-1437,16479,-402,2484,14728,11099,-766,14223,5755,-784,15715,2055,5765,10977,1626,3211,13992,-1283,3397,14163,5561,5608,13144,7993,-5550,13895,2871,1414,16005,8476,2584
14775,-453,4020,14929,8514,2593,14999,5822,-5795,10155,6354,2806,18481,3689,4626,11087,297,5446,12432,1123,183,12682,100,-2046,17141,4655,2783,11026,10289,-1999,18489,-2370,2781,11739,7414,512,12622,1271,3530,15951,2813,-590,11009,4062,-3562,13053,1250,6312,15483,2565,4077,10807,6425,-777,14970,694,-335,14727,11476,1395,12561,3933,2353,15481,1044,3940,10434,1022,1852,17273,113,6026,12601,8685,2170,16372,4105,-6864,10057,7604,3137,19732,3500,7700,10216,490,2731,13372,-341,-2920,11605,2244,1561,18284,4348,2482,9692,9870,-4798,18977,-2439,4994,11716,8738,1804,12565,460,418,15539,1708,-1459,10762,4674,-573,13755,1353,6451,14984,2352,616,11255,6142,493,14825,1279,2776,14856,11435,-2592,12849,3166,1514,15002,2300,7702,11745,178,924,15698,165,2980,13789,9567,3479,16388,4452,-4623,9621,7069,1001,18863,2757,6374,10855,1168,5464,12672,68,-2621,12740,868,-1641,17463,5748,3608,10585,8814,-2047,17974,-1928,2160,12501,7486,1526,13296,1415,3290,14499,2290,-2707,10998,3690,-2840,13791,2288,7611,15924,2271,3206,10311,6392,-1784
15140,2701,1136,11980,3713,-2284,11971,1661,3935,15956,2411,5061,10882,6412,-433,15219,980,869,14960,10967,-198,11717,4176,2848,15010,364,4489,10548,1647,1629,18822,0,6946,10825,10094,1617,18866,1687,-6401,8590,9992,1531,20954,1853,9212,9607,1936,1946,13117,-2017,-4744,11061,3242,5599,18629,4497,1686,9075,9368,-6188,18995,-2574,4664,12521,7842,2075,11482,1348,-238,16746,2256,-1322,10866,4336,-5,12988,1212,4822,15203,2301,999,11915,5828,287,13835,2171,4040,15385,9984,-3485,11977,4332,1862,14688,1759,7110,11979,304,1534,16317,994,3948,13328,8507,2270,16508,4409,-3742,9089,7544,738,19993,2529,6779,11029,2169,4705,12007,-1209,-2899,11940,1153,-299,17724,6054,3092,10502,8580,-2279,18561,-2047,2849,12010,7108,1236,13397,1785,2695,14516,3501,-1311,12164,2991,-2768,12142,2652,6083,16461,2077,3844,11004,5431,-1734,14123,1523,1572,14006,11484,560,13337,3811,1196,15024,574,4599,11233,658,3174,16076,1697,5378,13971,7832,650,15932,4137,-6641,9325,8018,5010,19988,2208,6202,10216,1590,1657,12340,-173,-771,13325,2201,2062
11440,4765,3345,18223,4735,7978,10740,1062,3676,13985,-400,-2208,11432,3805,687,18057,4215,1875,10725,8356,-3012,18136,-2184,4291,10495,7628,2075,13974,1461,1387,14480,2183,-3611,11338,3504,-1460,12669,2813,9387,16764,865,1110,9930,6325,21,15286,1541,2428,15109,10729,-2108,13536,5127,318,14773,946,7190,11849,370,1765,13595,1588,3479,16239,5443,2710,12824,9375,-4306,13084,2731,2071,16510,5490,4558,11429,612,7503,14259,-254,-489,11401,3408,-3005,17692,2864,2500,11929,8383,-791,17602,-994,1965,9443,6003,1096,14259,2785,3168,14617,2396,-1891,11548,3340,-6288,11953,3376,8628,17966,737,7431,9028,6610,-2356,16487,693,-1242,14053,11918,2238,14232,5464,197,15309,-177,2714,11175,1117,4612,13875,1856,6706,15644,3338,262,11882,10319,-6896,15055,886,5183,14797,8303,4181,12259,-998,4196,13913,1159,802,12426,3494,-635,17347,2919,177,12849,8187,-1300,16139,-127,3703,9570,4979,3339,14819,3154,-2012,15217,3087,808,10655,3049,-3891,12463,2009,2864,18073,1988,7720,9744,7004,532,15425,489,-679,14211,10149,-2243,15817,7465,3232
16426,94,5111,12937,5241,2346,13981,3098,861,12804,7225,-2587,16241,8324,-1378,11909,1085,7874,9902,697,2488,13767,-106,2569,19306,1946,6042,8376,13972,-3740,20282,-2203,-2536,8022,12036,5032,20382,-476,7959,10683,1072,2674,13583,622,-5260,13922,3690,2449,14605,3854,989,10641,7200,-591,16616,-741,4538,14724,6615,2486,12519,2712,-3553,14642,2052,-267,11245,4272,-1579,14914,1337,8663,14897,2380,4174,11487,6246,-3916,14001,4207,1334,15860,9387,-831,10728,1376,3840,12615,390,5063,12824,1585,4775,18645,1549,3924,10965,10335,-4451,17195,624,-1228,8836,10546,2714,21130,828,6373,10000,782,4094,13221,572,-3764,13171,3882,-108,15656,2521,1470,9246,8963,-66,19661,-1263,5571,14206,6967,1061,11739,3182,-3043,14349,1943,1089,12428,4675,-1037,13397,421,4322,14923,1494,6942,11121,7533,-2350,14937,1533,-1499,15342,10686,-1029,10705,3393,6352,15413,-384,5518,11768,1601,1440,16589,783,6104,12974,9653,-980,16284,4283,-6187,9768,6899,4825,20637,3933,8536,10120,1132,2527,13535,-786,-3567,11025,4383,-82,18348,2375,3697,9925,9213,-3649
16673,-1268,4616,12579,1866,138,14453,2954,-4028,14626,1727,2182,13502,5597,569,12878,4982,-115,12869,813,6381,16171,6062,-1926,12722,2372,-1765,14424,2601,-1922,10942,3657,5430,16504,553,6243,13036,3732,756,13497,3950,-1192,13371,7904,-1095,15769,7438,-1286,11683,464,7797,9858,1332,3019,14555,191,3871,18661,2387,3170,9015,13005,-3753,20149,-1939,-1252,8438,11618,5040,19582,-512,6538,10686,1682,3275,14578,1093,-4372,13127,3721,866,14357,3096,2500,10504,7446,404,17824,-1165,4799,14483,7412,116,12998,3255,-2554,13974,2148,1335,11843,3432,-3702,13972,1167,9220,15394,2281,5818,11285,6192,-4748,14592,3557,-74,15015,10407,543,11008,1656,4987,13785,66,4244,13176,1044,4758,16613,2723,4103,12813,9528,-3158,16635,2321,-2559,8747,8455,4267,20750,2027,6978,10545,1225,1988,12861,682,-3040,12342,3647,-129,16269,2790,2261,10815,8689,-1592,19506,-1310,6032,12428,6555,614,12782,3765,-3102,13930,1792,251,11862,3512,853,13292,1838,5100,16243,-692,3723,8916,9079,-557,16178,1077,-2314,15061,11406,-1391,11505,3751,4648,16421,106,8395
13631,4424,4199,14007,4103,-2289,13163,6249,-1154,15251,8044,-1894,12338,954,9262,10212,832,2378,14031,-101,2361,18672,2823,6201,9006,14036,-4416,19888,-2980,-3224,9070,11433,5550,18983,493,8478,11254,896,1190,13081,1201,-4225,14233,3109,1970,14225,3773,1703,11077,7165,-1066,18024,-1609,5062,13543,7504,2571,13051,2566,-4574,14642,2419,372,11215,4118,-590,13917,112,8331,15769,2706,3611,12466,5993,-3583,12580,4349,1435,15325,9184,-1588,12369,1907,4034,13562,1700,6436,12545,242,3832,15752,1436,3422,14154,10620,-2502,16404,3102,-975,9121,7094,3141,19253,1165,4150,11178,1755,5426,12735,1358,-4077,12775,2415,-850,16354,2545,3717,10123,9631,-1851,20348,-2351,4976,11427,7003,77,13385,2913,-1147,14063,2910,-514,12408,3184,366,12487,1559,5287,16214,1118,5010,10494,7666,-1397,14678,1049,-2915,15012,12045,1216,12118,3234,3772,15920,-570,6715,11195,1309,472,14694,1518,5164,15630,7643,39,15121,6325,-6849,10191,5059,7720,18822,3628,5950,10683,1416,2528,14532,423,-2301,11937,4428,-87,16661,1572,2329,11574,8151,-1712,17840,-1203,6061
13838,1497,-817,12903,3469,-2930,15353,545,3081,13849,7032,-213,13725,3913,286,12223,1634,6711,13948,5353,-2896,14422,1657,-1128,13330,2854,-499,10956,3830,3787,18240,719,4634,10681,6478,1488,16083,99,-1052,12394,10501,-2052,15914,7438,788,12457,-1070,6679,10529,1995,2806,13650,-289,5054,17511,1031,2021,7918,14657,-4489,21003,-2732,582,9306,12100,4989,17133,-1304,6191,12636,1686,1991,13848,2658,-4063,15012,671,1154,13637,7026,774,12665,5530,1047,13817,362,4177,13595,5228,-1121,14221,1930,1222,13837,3541,-3894,10995,2916,2285,17225,1149,8221,11557,6807,1999,15705,-272,-3271,11754,10182,-28,17146,7309,1849,10778,-90,3523,11417,806,2079,13618,395,6196,17563,1493,3697,8427,13560,-6592,21078,-2359,403,8055,13368,8150,18487,-1769,4624,12328,1216,1299,13266,2440,-1086,14790,1723,625,14347,5300,-3393,10991,6195,2677,15034,415,6647,14097,6255,-2352,13781,1313,-728,14121,3812,106,11263,3114,973,16117,863,5502,12936,5610,3753,14580,1938,-1135,11735,7481,-1734,16712,8888,-639,11441,-126,7059,10973,1336,1502,13790,-134,2758
10606,9064,565,17100,8083,-2624,11164,-114,6114,10390,1557,3021,14095,-282,3221,18075,1300,4572,8132,13881,-2927,20557,-2479,-2605,8476,13542,4872,18548,-1459,7297,12074,1987,5106,14108,1025,-3510,14151,850,-620,14354,7000,-546,11442,6033,583,14294,751,4132,14478,5483,288,13774,2140,1804,14016,2437,-2821,10535,3221,332,17188,1690,7510,12173,6334,3100,15820,635,-3206,11743,8402,200,16353,8855,1573,11159,-684,3483,11276,1559,1335,14274,-277,6070,15669,1353,5407,11083,13114,-5542,19732,-679,-3490,9420,12426,8475,16062,-1466,5993,15774,1697,526,11875,1541,1071,14547,292,8,13933,7441,-2926,12981,6321,653,12725,1824,6277,14975,3425,-1044,13038,1255,-174,13721,3836,-428,11544,3448,1000,17056,642,3804,11302,6927,3619,16127,456,209,12373,9662,-2267,16472,7564,575,11170,-187,5997,10846,2148,1907,14468,-934,4406,16588,359,5327,7924,14072,-3981,19654,-920,-3633,11413,12714,6164,15258,-1744,7437,14947,1308,919,11719,1875,-2107,15769,-55,1437,13040,8912,110,14583,4432,-2083,12084,2246,5568,14829,4112,1314,12652,1430,335
13250,11252,-16,16517,959,1792,9664,5072,3715,14149,2392,-743,14198,1347,4117,11508,3306,-6208,11578,1389,889,18894,2690,10164,8958,8476,-1613,16612,-1690,184,13517,12465,1052,15728,5749,899,14903,380,3037,9497,2060,3330,15588,-1045,6734,13441,4699,4212,12756,9333,-8183,16007,1305,3628,13693,10579,4291,12751,-1504,4592,14842,566,41,11469,2012,245,18390,1985,1094,11649,11030,-4264,18057,-1061,3208,9203,7066,4948,14211,841,333,13977,717,-96,11689,4521,-4572,12252,2210,4751,17529,1521,6017,9030,8205,-3122,16505,10,3267,14315,11517,109,13891,5102,-2121,15886,1522,5984,10750,1576,5010,14196,-2234,2442,14304,5516,4032,13296,9256,-4688,14230,3373,2607,15635,7352,1792,11229,-717,7243,14424,635,1514,11593,1809,-3124,18512,2529,1736,11209,11140,-2541,18082,-1774,4210,10326,7567,875,13517,1251,3081,14642,1255,562,11451,4435,-6657,12319,1379,6909,17520,2545,7378,8672,7200,-4128,16888,-1193,776,13751,13710,2221,14420,3321,-538,14916,1607,4354,10732,833,3961,15688,-692,4195,13580,7178,3624,14434,7078,-7397,12732,4998,4026
10914,1242,160,16053,-656,5364,13210,9052,3151,16484,5593,-7198,10443,6265,1773,18138,4334,8958,10834,136,4637,12824,-127,-2836,12825,1326,615,17938,5053,1679,10307,8652,-3066,18195,-1589,3719,12402,8764,1916,13501,553,2343,14250,2192,-3594,11142,4153,-1555,13725,1490,8463,15834,2187,1131,10256,6028,-1437,14633,2716,3281,14956,11291,-37,13845,1897,-444,12835,3151,6301,14037,-616,3303,13858,950,3587,15351,7353,1626,14944,6963,-3052,10956,6016,1082,18222,3482,5748,10713,885,6787,12918,248,-1160,13025,577,-1579,17348,4890,1694,10143,9686,-1192,18643,-1319,3400,12396,7223,-413,12554,1516,3761,14796,2075,-965,11459,3545,-4410,13251,1630,7234,16346,1786,4260,9739,6978,-2176,15253,1703,-132,14395,11083,2571,13480,3738,1639,14787,519,3136,11049,712,2199,16007,680,6338,14184,8451,665,15776,5019,-5713,10027,7069,2655,19484,3906,8435,10897,746,2923,12359,-433,-2549,12259,1026,2887,17999,4815,293,9814,9272,-4363,18942,-1047,5900,12278,7683,536,12053,544,706,15415,2143,-1030,11270,4744,-901,13488,1388,5686,15517,1553,1874
12967,315,1220,14565,2689,-2910,11598,3233,-550,12900,2115,6558,15976,1949,1146,11492,6015,-706,13593,2803,4022,15700,11019,-1544,12200,3366,-14,15128,1254,7549,11828,718,2692,15524,484,3232,13722,8029,1091,16530,5356,-4002,9179,7759,2345,19745,2188,6134,10397,923,5004,12156,-427,-1537,13065,1949,-517,17733,4721,1023,9801,9041,-1716,18749,-1499,3948,12422,6842,180,12712,1536,2128,14849,2713,-105,11512,3602,-3304,13093,2235,5884,15845,2091,3487,10725,6648,-686,14848,1984,570,15866,10799,395,10929,4168,2561,15741,-464,4220,10959,1294,1902,16503,494,5871,12789,7715,600,16683,5501,-6711,9636,7757,3364,19871,3143,8847,10013,790,2393,13140,-1572,-2719,12121,2734,2648,18015,5078,432,9956,8727,-3954,18373,-1193,5867,12945,7075,1544,12314,1573,341,14726,2132,-1289,11623,4191,-631,13013,2208,6313,15665,1132,238,10276,7024,1424,15374,2051,3101,16039,10487,-3127,11239,3938,2668,14836,459,7204,11520,649,906,16420,-98,3549,12908,8832,2580,17046,5682,-4662,8810,7672,439,20464,2302,8254,9580,2133,6805,14153,-2004,-3487
13169,10222,-3905,14095,2373,1895,15708,6561,3715,11914,-818,7273,13060,296,867,12849,3285,-3227,18190,3430,322,11739,9107,218,17276,-444,3263,9916,5518,642,13714,2095,2643,15255,3028,-83,11213,2703,-7456,11661,1860,6246,18464,1743,9021,9274,7637,-2110,15706,-51,-923,14784,11335,1225,14539,6313,2087,14208,-933,2442,11093,1011,3825,13939,1004,7566,16341,2930,211,11063,12055,-6736,15124,564,3300,14523,8759,5677,13183,-493,3583,14416,365,969,11559,3183,-960,17265,2118,214,12381,8743,-1424,16836,1066,3769,10321,5435,3433,13925,1575,-937,14043,2206,635,11901,3466,-4218,11772,2461,4596,18855,704,6488,9012,7636,-425,16626,828,435,13990,10843,-2033,14616,6312,2700,13934,-529,6083,11902,1070,3965,12901,988,4750,15833,1887,620,11104,13402,-4950,17842,-799,2404,12444,10537,2466,13841,-625,7427,14480,-85,1495,11773,2389,-5498,17197,2025,2640,12809,8697,1788,15621,1253,-569,9457,4365,4145,14994,3206,-291,14527,2903,1099,12368,2033,-5098,11244,3742,2325,19309,982,9129,8894,7156,-730,15581,-309,-1888,13667,11760,-93
10207,3466,-415,16253,1035,9171,13553,4113,3312,12376,3729,-3811,13322,6164,20,16831,9168,704,10758,1577,4692,12190,-561,2299,12593,1398,5835,19335,1465,5498,9704,12962,-5289,19256,-2161,-2927,7060,13362,5554,22167,-281,7029,9974,262,2606,13164,402,-2641,13980,4159,1094,14848,2939,-2008,10069,8003,648,18367,117,6567,14981,5997,1304,10746,2499,-3546,15772,2430,1849,11216,4527,-2549,13837,-311,5861,15216,2288,5764,11502,8001,-1465,13874,3424,-1239,16370,9203,-2200,10085,2261,7216,14105,587,4203,12795,1309,2965,17587,576,4673,10728,11147,-454,18195,1184,-4644,8072,10097,978,21712,1343,9812,9460,1651,3578,13341,-1667,-6527,12375,4456,1583,16829,2835,3659,9414,9068,-3702,20231,-1352,3935,13256,7400,4281,11744,2484,-1407,14774,1325,-2927,11870,4346,935,12921,1362,6312,15358,562,1783,10763,7741,-2074,15256,2828,2088,15609,10902,-1519,10527,2468,3454,15274,-79,7327,12847,2061,2534,14155,379,2325,15395,8009,-867,15402,5981,-2243,9153,5993,4314,19792,3710,4907,11507,921,5514,12365,569,-1903,12526,3044,-2968,17091,2970,2853
9555,12700,4932,16581,-1797,3751,13271,1616,2930,13534,2635,-2974,14734,755,-1031,13676,5902,1061,12522,6546,2614,13459,192,4343,14383,5306,-3879,13871,2863,1793,15075,3434,-1358,9923,2266,1950,16727,676,6726,12962,6145,3236,14205,2193,-3738,12532,8222,-2392,16480,7654,2111,11043,1384,7343,11249,-94,393,13076,-119,4456,18695,2634,5231,9686,14091,-5102,19782,-3184,-3464,7412,12293,7968,20177,-387,7215,11732,587,-456,12505,1634,-2094,14988,3280,2309,13638,3636,-1136,11075,7556,-47,18028,541,6603,13823,6545,762,12593,1971,-4582,15189,3185,1795,11223,3659,-1668,13845,-595,7013,15075,3852,3918,12791,5390,-908,12567,5671,-317,15947,8099,-2763,11008,1256,7028,12604,1356,5283,13873,-16,3382,17394,1984,3075,11446,11763,-667,17923,-23,-2067,7495,10499,-75,22167,913,8579,10347,2293,4447,11962,-681,-6273,13344,3065,137,16059,4093,3434,10062,8321,-1394,19419,-1430,3733,13769,6802,2511,12393,4094,-1465,14274,787,-657,11386,2962,-1001,12943,1574,5884,16360,767,3305,9912,8282,-2675,15057,1450,167,15854,11466,427,10837,2944,3240
18430,1394,8392,9027,7604,1030,16667,-578,-3359,13542,12599,-592,16070,5568,4544,11218,-1013,3723,11737,1781,2628,13748,806,6595,17056,1049,1519,8089,14937,-7970,20553,-2527,4737,10640,12159,6560,15951,-2472,2828,12805,1584,1548,13732,3195,-1853,15107,986,149,13951,5880,-169,13003,5679,2665,13596,1343,5555,13711,5332,-3995,14065,1535,857,14185,3318,-747,11074,3207,3318,16704,1048,4041,12267,6420,3425,15084,1940,-1651,12346,9330,-3424,16143,7332,2309,11349,-568,7778,10946,535,747,13272,162,3536,18339,1849,4845,7899,14372,-5041,21740,-2967,-1917,8044,12489,8429,18647,-592,6740,11873,512,393,13715,1885,-3772,14530,2385,2558,14136,5725,-82,11682,6379,-741,15602,36,5859,14033,6705,937,13669,1919,-2218,14959,2677,-2425,10057,3365,2409,16049,985,7930,14240,5203,380,13453,2431,-1523,11320,7570,1242,16932,8302,-1633,11827,-412,5575,10543,768,2719,14102,80,4520,17969,2512,2993,9603,13545,-3165,20410,-1970,-872,7650,12800,4527,19733,-555,6739,11217,453,3917,13036,1570,-3610,14554,3217,-524,14877,4462,292,9775,7229,1636
10684,508,2962,11714,242,-3295,13767,2323,2316,16316,4300,517,8964,7700,-2279,19177,-188,6773,14123,7246,611,12388,2073,-1238,13906,1638,371,11911,3976,-384,12831,852,2484,16308,2080,4756,10927,7383,383,13572,2490,-1436,15845,10804,-527,12382,2223,4298,12926,744,5757,12642,595,1925,16894,1443,4937,12469,10233,1921,17630,2673,-6413,7710,8781,1909,20817,2694,8986,10434,752,2626,12643,-1051,-6126,12512,2718,3805,17165,4769,2584,9244,7852,-4782,18995,-1779,5327,13208,8430,3485,13299,1818,-647,13536,1760,-2762,12129,3720,537,13015,1942,5628,16098,1917,1424,10826,6382,-187,13540,2647,2527,16015,11370,-1319,12691,1956,1475,12588,973,7519,12730,122,3434,16429,1257,2302,13423,10111,1334,16838,3195,-3124,7452,8641,1642,20479,2266,5785,11208,694,4495,12238,45,-3647,13027,1879,982,16730,4655,2040,9158,8652,-1781,19017,-1208,4214,13652,7394,1040,12546,2028,686,13902,1762,161,11936,4004,-2613,13108,1531,4828,16171,1987,5213,10676,6885,-1787,14227,1842,468,15175,11646,919,12484,2348,3036,13520,155,4486,12005,461,2705
13092,2408,535,15220,9919,-1613,12006,2890,3300,13898,1007,5729,12044,967,1686,17771,451,5290,10591,11238,3377,19484,1419,-6876,8204,11508,661,19397,1033,8963,10345,242,2379,12751,-1248,-5218,13322,2680,4951,16600,5082,1290,9173,8594,-5035,18600,-1219,4288,14045,7787,5203,12120,1375,-1077,15201,1280,-1651,11410,5002,-1572,13416,1711,5515,15473,1665,4396,12508,5806,-2648,13498,4470,3254,15592,9005,211,10313,3133,-463,14740,194,6649,11301,2051,5035,18951,642,3899,10935,10911,-98,18393,1335,-3048,7979,11213,1065,20696,642,6633,11306,163,3432,10897,-321,-2527,14316,1808,2547,15879,5206,-1615,9334,8226,-2039,18761,-490,5684,13994,6807,1664,12074,1175,464,14798,2756,1395,11609,3789,-5245,13577,1077,4774,14839,4734,6914,13657,4690,-1525,12314,4505,917,16205,8754,-900,10293,2554,3922,13926,359,3419,12317,236,3205,18893,1979,7033,9883,11111,-597,18798,-1075,-5460,7672,12555,1451,21790,575,8435,10437,825,650,11307,-1066,-3097,14586,2818,5801,16072,5477,-1470,9543,7116,-3992,18303,216,6073,14546,7054,3702,11847,1209,-2067
15316,5804,-394,10119,7468,-2870,17936,356,5250,14829,6816,3534,11786,1358,134,15169,3092,-1771,11520,3194,-3015,14016,1060,7560,14652,4427,3870,13203,3719,-2614,12348,5888,3090,16352,7702,-1253,10186,2251,2686,12913,823,5010,12475,830,5192,19961,2253,4914,9616,11892,-2862,18873,-1395,-2150,7372,13642,1902,22338,-1003,4644,10112,1927,4681,12200,-1045,-2596,13897,2879,1869,16051,4509,-1283,9188,8218,-1092,17976,497,6348,15309,5502,514,10213,2140,-311,16130,2400,844,11235,3897,-4581,13577,-148,5224,14708,4378,6016,13461,5635,-1808,12408,4436,-251,16463,8657,-590,10787,2029,5729,13734,1506,2351,12536,-463,4378,18212,2609,6590,9537,10911,-1775,19152,3,-4902,7333,11854,1997,22070,838,7991,9781,1993,1811,12377,-2501,-4322,13023,3291,4942,16836,4604,235,9134,7620,-4994,18496,-180,6352,14576,6425,4367,11071,2245,-1831,15972,2106,-1292,11125,4304,-327,13867,587,5093,15054,2956,2228,12147,6405,-153,13028,4499,2265,16548,8395,-2070,10293,2506,3601,13662,1460,6453,13136,578,3512,17480,1212,3053,11024,9942,947,18470,1732,-2411
14620,-222,4966,12756,1555,3483,12802,1074,3505,16100,5873,1143,13510,9556,-2979,12272,2667,3835,17279,5799,3344,11724,-296,5341,12641,608,-216,13184,2243,-1534,17236,3606,-369,11347,8687,-147,17983,-24,5133,11124,5892,-1053,12799,2511,2114,14083,2639,-476,12291,2810,-5198,12228,2399,6326,17869,768,7366,8474,9101,-2315,16153,871,-1456,16148,10243,2846,12544,5850,772,15229,-1118,3665,11064,1493,3802,13608,727,3847,15787,4391,2948,13131,11830,-6108,14602,-5,3539,14486,8311,6471,12110,-375,3505,14767,429,-935,12122,3206,686,17542,2427,-119,11964,9058,-1694,17139,467,4027,10282,5788,3234,13342,2080,570,14397,1813,-1722,11805,3463,-3083,11473,2018,6638,19059,1760,4223,9179,8487,-1057,16813,-42,1841,13539,11064,-1541,14341,5103,1181,14374,-580,5903,12129,1866,4445,12480,737,3695,15692,2540,744,11922,13366,-4382,17045,-1138,3554,12999,10344,1450,13627,-1172,6652,14169,459,1657,12102,2496,-5420,17274,2045,2426,12758,9073,2330,16106,1158,265,9225,4277,2457,14825,3365,382,14902,2297,1102,11810,2211,-4758,11158,3028,2512
17254,-501,3913,15296,5992,655,12335,3454,-1148,15077,1641,472,10849,3879,-3784,14568,1215,8928,15208,3312,5363,11016,6458,-3336,13844,3554,-1115,16856,9056,1641,9807,1345,4723,13667,-82,2945,12173,1801,5074,18991,2015,5096,10681,11256,-3458,17850,-300,-3543,7586,11397,4226,22622,645,7133,9289,1109,1985,12546,-584,-3438,13360,5169,1995,16730,2661,43,8826,8768,-1384,19744,-849,7054,14523,6846,1106,10227,2985,-3364,16208,566,557,11093,5221,297,13618,722,3533,15947,805,3604,9369,9105,369,15686,1412,-939,16226,10691,-2097,10256,2464,6343,15264,145,6798,12341,2040,-1170,15168,671,4496,13812,9265,1411,16276,5148,-4885,9225,5815,3233,20432,3271,8046,10249,1514,4647,13434,-613,-4616,11778,4237,-1451,18224,2754,5100,9909,9115,-2152,19388,-1951,3401,11748,7561,1651,12601,2798,895,14018,731,-4410,10982,3574,-35,12757,2801,9557,18080,39,3158,8232,8742,-3973,17607,748,2238,14970,12733,-859,12108,3289,1034,14847,-925,7498,13018,2135,2969,12447,1421,3588,16268,4100,-439,11710,11300,-3426,14858,279,4932,15576,7404,2891
12351,1732,5049,17595,1834,1756,11991,10408,-2758,17565,1802,-204,7756,8993,2635,21619,1375,5389,9307,766,4298,13153,-51,-3402,12601,4709,-1379,17112,1791,2246,9134,9664,-287,20501,-1702,5002,12226,7244,-942,11374,3681,-208,15580,804,188,11131,3221,-2222,12710,2504,5753,18310,33,6549,8132,9367,-2927,16800,1129,-3362,15685,12016,2479,10357,2568,2250,16556,-1495,6974,12234,2032,-246,12102,2028,5086,17363,5053,1106,12589,10687,-6633,13106,1104,6563,16550,6969,5544,12040,-948,4618,13867,934,-3436,11901,4558,-659,17801,1370,3065,11323,8260,-2412,18362,383,5734,9979,5945,2170,13448,3480,-2286,14962,1023,-1660,11047,4084,741,12181,1041,4349,18887,943,4558,8443,9484,1277,17509,828,-683,13645,11599,-2822,14085,4196,4660,13648,-798,7021,12699,1162,1335,10112,1288,4718,19449,1408,1366,9021,15632,-5328,18602,-3387,2884,11968,11946,5686,15624,-1431,4271,12603,762,2290,13444,3252,-6555,15837,1254,2980,12917,6734,2865,14736,4895,-2102,11878,2354,6458,13695,4363,-2084,14107,2366,812,13819,2451,-4202,11181,2729,5975,17812,2294,6934
10148,4116,2406,13485,4378,-738,15143,1584,-2238,12129,2905,-81,11176,2634,3889,19125,806,5863,9398,7901,-800,16797,1033,-1558,12593,11058,-516,15345,4784,4220,12641,-1816,4586,11320,3043,2962,12479,335,3602,18441,1080,1531,9043,15379,-4610,19149,-2955,3408,11484,11532,6297,16413,-995,2362,11990,1158,4935,13975,3437,-6711,14727,1096,1164,13536,4693,2596,12009,7511,-624,16102,513,6270,12752,5961,-3542,14081,2226,1527,14942,2962,-1313,11015,2163,-1061,14778,1537,9299,14602,4237,4524,13024,5176,-4369,13850,6172,-834,15052,7192,1977,10958,459,5433,12543,1268,2842,13720,567,3999,17078,3292,4607,11558,11294,-4278,18245,-437,-1377,7108,10115,4475,21937,1308,7100,9136,1024,484,13717,865,-3260,13452,4256,1855,15251,1175,1446,10003,8608,72,19997,-255,3848,13096,7115,1227,11421,3378,-4058,15277,31,2497,10533,4116,-379,13632,2155,5346,17475,-161,3496,7497,10039,-2984,17523,1602,-47,15390,10809,-1015,10521,2384,5757,16107,-206,7110,13325,2246,-1954,11191,1637,3395,17252,4975,2858,14247,10506,-4203,11360,1043,4716,17043,5956,5062
13330,1424,-480,12271,1280,3315,16112,7431,2110,15694,7195,-4136,8916,3285,4117,19595,4777,7416,11375,1882,4461,13561,88,-5358,11858,3554,-838,17206,1946,5014,11893,8393,-2851,18105,-968,4217,10258,6499,2154,14142,5035,-908,14817,1088,-3008,10781,2021,188,11670,2061,6848,19414,327,4331,7575,9272,-1529,17721,299,-1185,14575,12124,563,13307,4013,826,14703,-1175,8043,12138,2871,2723,11153,964,4986,18506,1500,-2049,9808,14487,-4287,16373,-2406,6355,14577,9870,1974,14001,-524,5001,13782,1482,2213,13675,4185,-5849,15369,223,2321,13047,5877,2854,15248,5324,1321,12106,2036,3937,13216,4592,-3271,14691,2921,1824,13480,2263,-2846,11270,2880,2976,17175,2233,8075,11705,5068,-505,14512,2572,-3093,14029,8253,-2133,15396,7850,5043,11198,-756,3841,11401,1096,3015,13465,784,2938,17753,1242,4369,9354,14581,-5082,20260,-3633,271,8651,12868,7796,18947,-23,3405,11322,479,2510,12570,2555,-3446,15190,2680,1544,13836,2779,628,11058,7891,-578,18148,-48,6907,13860,7050,-1954,12636,3151,-2532,15538,2267,3685,10740,3119,-1916,13206,638,4722
13853,1998,6860,13380,5569,-4932,14733,2213,1545,13176,3535,-1674,11798,1385,2921,16392,1592,5212,12442,5995,2105,15463,2021,-1054,11704,8605,-4272,16345,7546,2327,11141,-184,7495,11361,1072,1561,13260,88,2010,18219,1662,5598,7969,14589,-4011,21525,-3757,-2344,7709,12790,7121,19639,578,7359,10518,786,-178,13706,1631,-4481,14815,2866,2985,14113,3670,1547,10529,6543,-1513,17473,157,4905,13690,7841,1870,13701,2413,-4199,14960,2216,1359,10331,2765,-139,14366,606,7046,15824,3694,3156,12318,5326,-3070,11446,5892,2492,16540,8338,-2511,12240,717,7083,11508,2180,2979,14488,-362,4926,16120,2393,1690,12280,11095,-1046,18805,566,-466,6527,10006,1090,20817,1650,6435,10742,1502,4524,13039,304,-4173,13566,2972,-661,15290,2523,2442,9400,7996,665,20184,-662,2639,13105,7362,1640,12974,3532,-704,14227,1343,130,11654,3276,-1703,12826,1453,6304,17044,1262,4899,9354,7867,-3476,14382,1506,-1771,16076,12118,2992,12500,1942,2473,14265,1095,5937,13074,276,1770,13110,1753,5310,16398,8115,-1631,15511,5357,-4141,7969,6495,6092,20492,3399,5555
12540,-223,7570,16880,863,1692,8996,14533,-7983,20106,-1914,2864,10741,12552,6682,15817,-1525,4435,13290,1187,-88,13585,2554,-1420,14952,1239,1223,14055,6541,-813,13567,4362,1959,12792,2832,5959,13851,5462,-2496,14406,2030,-859,13089,2473,-167,11060,2934,2400,18031,1178,4045,11366,6166,2903,14447,327,-535,13561,11741,-2726,15649,6306,1427,11970,-1320,7978,10979,1750,2306,12693,-1135,4058,17697,993,3700,8590,13927,-5476,21127,-698,-493,9180,12731,6875,17371,-607,5994,12673,772,1313,14065,1653,-3774,13623,1993,818,15113,6075,749,12359,6258,1296,14457,914,4188,13701,6555,575,14431,2255,-907,13994,1327,-3264,9828,2635,3013,17872,1304,7866,13002,5767,928,12316,532,-3097,13774,11494,400,16299,7425,503,11953,-971,5391,10262,1062,2806,13677,-1528,5702,17165,1245,4210,9994,12402,-7104,20601,629,-1297,8144,13804,9691,18812,-979,4533,12215,-409,2410,13801,1885,-1618,12856,3765,-1207,16707,4150,-2370,9445,7224,2834,17068,1502,7475,14344,7236,-1405,13760,1863,-2417,13665,1601,519,10447,2706,-1456,16948,459,7322,12798,4942,5077
11561,2372,-1153,14836,1337,-567,11115,4395,-30,13174,771,3234,15998,867,3262,10462,7350,1802,14499,3147,-264,17203,10118,-3421,9872,3744,4552,14944,502,6814,13660,662,1890,14648,548,3997,13257,9221,2050,17128,4638,-5716,8578,7634,1339,21357,3077,8300,9878,1336,4395,12394,-1377,-4218,13439,3433,1117,17133,4642,2933,9791,8165,-2720,19010,-1854,4172,12964,7591,976,12290,1668,2103,14118,1712,-4044,11699,3023,-1178,12678,2532,8465,17339,406,2658,9117,7061,-2884,15056,2721,1880,16363,12140,-185,12260,3124,172,14072,-5,7821,12981,643,2982,13696,833,3398,15725,7773,396,15210,7631,-4021,9862,5495,3508,19063,3135,5141,10610,567,4935,13055,-112,948,13487,3358,-2351,17025,3415,-108,10453,8347,830,18417,-1055,4743,12110,6147,-563,12016,2714,1871,15070,2042,-1222,11276,3150,-3759,12177,2160,7024,17737,577,5401,8539,8621,-1518,17014,991,-561,15896,11592,-124,11244,5655,1991,16573,-1397,6052,10839,1525,835,13968,-153,5526,14856,6134,2929,13919,9685,-7086,13334,2491,2340,16479,7015,8211,11158,-1322,4423,14141,-426,-1856
8833,15586,-6551,20537,-2387,1270,9819,12120,6369,16362,-1256,5537,13340,552,411,12884,2528,-2672,16284,1819,1463,12613,6922,839,14133,4595,715,12382,2848,4581,15573,3698,-640,12639,2664,-395,14191,2426,-3260,10687,2996,5248,17945,830,5370,11917,5998,931,14563,1238,-1287,12431,10832,-1105,16445,5926,709,11530,494,5769,10909,915,3735,12635,185,3858,19032,615,2869,8786,14733,-5612,20943,-2023,1813,7655,13305,6050,19724,-2283,4505,10948,1387,3734,13573,1101,-4562,14765,3485,595,13876,4227,114,11805,7024,2217,15158,1051,4363,15541,5782,-1570,11947,2989,-21,15362,1021,-523,10549,3021,-1412,16084,1696,9036,14051,3990,4282,11851,4278,-4590,14446,6927,-759,16215,9385,1050,10441,458,5679,11320,-1236,2288,14060,836,5337,17683,2184,6014,11009,11829,-4888,18042,-843,-4312,8712,12820,5701,21266,473,7793,10307,-866,373,11070,978,-2259,16138,3629,1157,14236,3819,-904,10303,6666,683,18439,1226,5884,14149,6708,2101,12600,2947,-4171,15027,1231,1255,10936,4423,-29,12851,-233,4785,16966,1540,4460,10785,7310,223,15006,3580,-2706
10404,2524,-2531,12800,1824,3346,19315,103,6450,9369,7535,1715,15127,572,-36,14327,11582,-4427,14397,6765,3151,13304,-788,5885,11914,1054,3816,11677,-320,3720,18045,1395,2385,10116,17027,-5789,20051,-2510,1929,9951,13401,4724,17316,-2521,6806,11932,745,2210,13309,1724,-5527,15481,1722,901,12631,7413,1598,14835,3765,-122,12897,1833,3907,13290,6203,-974,14112,2459,1291,13601,1470,-3944,12056,1842,3793,16278,1296,8082,12415,4931,94,13138,1920,-4057,13694,10969,-163,16346,6921,1956,10789,626,5471,11397,342,3115,14422,-824,4687,16911,3187,2341,10892,13549,-5231,19932,-857,-111,7313,12984,7083,20780,-517,4324,10237,246,3436,13088,492,-2536,14509,4010,-1861,14603,3092,2224,11178,6984,2400,17886,-454,4442,12036,8230,-1404,14381,2650,-2749,15477,897,4775,11322,2584,-3743,11092,-605,6666,15667,2196,6736,13022,6123,-4560,12797,6985,-3336,17580,8524,3103,8216,3468,6377,16593,-1604,3025,13550,839,3932,13028,3812,2548,16282,9078,-1341,15612,4785,-4067,8759,8441,5881,20933,2849,8893,10427,580,-691,12272,-2446,-2771,12294,5055,1548
18469,-329,-467,8609,12719,6474,20775,-206,7748,8338,1282,-1685,15402,-1188,-3497,13259,5075,2348,14536,393,2207,10856,6175,330,15876,-201,3257,16115,10072,557,13291,4425,-5551,14178,-1711,5625,10081,3089,630,11156,-49,4803,18105,217,1856,9904,10429,-5434,15662,4780,1554,16582,10437,347,10249,2597,8878,17404,-414,5899,12003,1403,-3098,11755,2582,1097,18949,7716,1619,12592,8587,119,11428,3259,5054,17430,5195,5141,11650,830,3211,14365,-2110,-5162,10281,4959,-1891,18696,-1531,6454,9812,9056,-335,18147,-2429,1565,13837,8222,-742,11255,7767,292,15724,-1030,-1030,7229,3506,1835,16356,-437,5774,18175,687,6494,7433,8970,-3157,16773,2155,-7051,16275,15205,3685,13444,3736,5049,13699,-3175,5336,9783,2145,2353,14181,347,4039,17618,3727,-2790,8801,12764,-5224,18605,-2496,9643,13078,12597,3844,15673,-2835,2403,10265,1788,2409,15150,2008,-5249,14135,1876,1522,13882,4716,2543,14406,4624,3289,13791,2268,2807,11470,8740,-6211,16756,2827,2855,13591,1660,1071,13330,-192,-325,12469,-765,9931,11256,7000,765,17471,3391,-6583,12691,10577,-1645
14578,-256,2379,9912,2302,552,11540,1162,7777,18842,89,2714,9379,10954,-6751,15461,2602,-914,15225,9909,4226,10841,2358,6647,16936,-407,3763,10663,2057,577,13860,2980,2923,17739,7420,-3258,12555,7188,562,10470,3202,6973,19485,5898,5533,12030,879,680,12835,1029,-2674,12165,2702,-1263,17243,24,3442,11954,8303,1210,17435,-579,3321,13295,6380,63,10292,6595,-4500,15652,379,3562,9229,3164,2226,14653,12,2692,19496,-346,5990,6071,11431,-982,18079,-21,-7009,15065,13561,746,13302,3780,8698,13621,-1585,5975,11396,2210,-1125,12576,88,2972,18838,3432,2856,8869,13772,-7453,19068,-3538,7290,11196,13067,7140,17396,-1526,2319,9972,1715,-1088,14964,1895,-4626,13938,1960,4939,13519,3447,1640,13659,5707,-491,11936,2246,5435,15764,7487,-3776,14669,3034,-1853,14899,1271,3108,11056,1923,2930,12440,977,6908,16506,1852,-107,11755,8692,-2685,13501,5241,-2360,15352,7136,2584,11433,2016,7910,14833,924,4236,11744,747,384,15637,3209,1353,14935,9758,-1002,14933,2767,-386,8760,6083,4357,21448,4163,6319,9515,2182,4083,14297,-1321,-6240
19686,3141,1496,7887,12847,-4509,17876,-2947,6301,12996,12004,5649,15918,-1403,3253,10795,1410,-1496,15072,2931,-3871,15070,812,5658,12310,3986,799,15395,5058,1731,12353,2494,2508,12328,7797,-4009,16827,2191,-662,13287,2317,1935,12935,1268,3825,13135,1276,7763,12946,4249,-2024,15100,4964,-4597,12463,8971,967,15323,5472,1278,11333,475,8983,13842,2574,2731,13680,-592,1164,13774,4255,904,15240,9833,-1000,15654,1461,1778,8822,8528,3890,21509,3167,5246,8631,1668,3396,14771,-531,-5108,11648,4119,-370,16165,474,5618,11760,9190,1927,17025,-1227,1627,15426,8643,-2821,11741,5941,448,14892,-2323,505,6644,2801,-6,14772,1432,7477,21075,-81,5880,4944,10739,-8270,18423,-48,-1984,15436,13995,5569,12045,3090,3708,15078,-2617,5261,10768,3172,1410,12762,2426,3635,19974,2723,-3008,7232,12883,-2991,18143,-2484,10073,13861,11790,1737,15041,-1553,1772,11124,1948,2075,15158,2683,-3751,14300,196,2574,13512,4291,2171,14903,6485,3351,12750,1021,1872,10984,8172,-7334,17864,1983,3608,12646,2636,2447,13639,80,383,12737,1450,8174,12901,5279,758
14296,8673,-3466,12021,4623,20,14743,-535,1581,7703,2802,-1810,14576,1961,9337,20973,-1490,5894,4929,11056,-9001,18182,357,-1655,15532,13055,5503,11584,3618,3541,15380,-2119,5726,11234,3569,1398,12900,911,4278,19205,3371,-3605,8675,12732,-3237,15826,-1815,9848,15397,9790,2316,13639,-818,1979,12604,1849,1010,14928,3646,-2164,14298,-584,1674,13012,4613,3011,15750,6128,3069,13302,1358,1830,10002,7655,-7243,17997,2470,2777,13009,3066,1935,13211,368,1632,12568,751,6829,12548,5909,205,16406,4549,-5079,13222,7030,-714,13584,6829,4009,12055,1971,7249,13939,359,2823,12947,295,310,14581,3638,3338,14075,10944,-2090,15824,-600,532,9302,10281,5535,22090,3074,6511,8970,1131,-427,13248,-385,-3660,12998,4369,1835,15548,555,3853,11204,8382,-973,17033,-936,3955,15788,9003,-2390,12174,3844,-3721,14199,-203,3087,7317,3315,2486,15117,1175,5619,20311,-1591,3242,5845,10946,-5788,16308,2009,-170,16454,11711,2998,12150,3215,3541,14386,-723,9508,12589,2341,-1223,10722,1860,1081,21209,3588,-1322,8794,12943,-561,14639,-1721,5276,15341,8901,4304
11578,1637,-387,13871,706,-1155,18568,3236,4675,7309,14294,-4694,20199,-4155,3266,10509,13062,7946,18522,-106,4982,9161,875,-708,15202,1163,-6717,13603,2524,4121,14352,3421,3809,12733,5715,-2265,15939,863,4988,11190,10581,-1447,16819,1127,-3481,13963,858,3932,11816,1951,1224,11400,88,7371,15539,3645,127,14558,6543,-3026,12389,6859,-126,14677,7403,2018,11466,672,6121,14531,2008,5497,14157,-1422,221,10808,5608,221,18987,8470,-631,14795,4043,1113,7073,6302,4000,21469,4035,6211,11021,1939,4065,12486,-386,-6102,12524,3361,-1716,17182,991,4621,10697,7112,3622,16030,-695,543,15806,8376,-1297,13220,6256,-578,13053,-1489,1363,8390,1856,-695,13311,1023,6588,21354,-380,7391,4766,11081,-7780,17129,107,-2578,15531,14426,4894,14310,3316,4768,13839,-2921,5608,11092,3539,1156,12639,1440,4609,20254,3467,-2545,7064,13330,-5982,16732,-2064,11722,14815,10421,1401,14397,-1289,2774,11922,1741,-714,14023,3102,-3241,14937,-401,2956,13545,5308,2977,14980,4477,4832,15223,3471,555,8396,7680,-6407,17527,433,1715,10755,3571,3216,15247,-273,1810
14799,4899,3516,14414,2308,2764,8962,8271,-6410,17430,322,3185,11686,3348,505,14745,-29,2208,14044,607,7645,10076,7726,-45,17329,2454,-5127,13147,9860,-2892,15628,7047,7003,10019,-702,6684,11987,426,1455,15547,23,769,15475,4622,3361,9959,12634,-3472,20399,-3080,-1306,8046,13105,9653,20166,276,4917,8886,886,-251,14564,312,-4531,13737,3790,3903,14647,1525,2456,11353,5881,-670,16316,823,4165,13711,10640,-384,16234,2401,-5731,12766,115,5510,11917,2631,1818,10536,-545,4513,17170,1999,1112,13064,7791,-3751,12922,6003,1025,14459,8913,-539,12065,1173,9445,15356,1306,4724,13881,282,-2616,10038,3103,2192,19241,8792,2386,14371,5682,-1871,9095,5022,4314,19500,3568,7246,11742,3151,2480,13237,-1127,-4520,11262,3435,-2157,17560,445,7063,11612,8824,-826,16352,-2065,2037,14380,7769,-889,12885,6102,766,14977,-1083,-736,8380,3090,286,13119,560,7115,19849,-735,5549,6904,10919,-6068,17919,907,-2728,14294,13884,5317,13891,3665,2651,15616,-2669,6755,9959,3690,1393,12974,199,4886,18801,3363,-3758,9440,13505,-3763,15954,-676,8899
16939,-1840,8086,10538,3643,1912,12841,779,1101,18858,4468,-2465,9978,11792,-1690,14615,-85,8702,16284,8147,1731,12753,-334,4910,13199,1663,-1124,13754,2528,-3270,15072,232,2401,13852,7615,4153,15399,1562,3254,13670,4906,-1588,10758,5993,-4326,16373,1570,3345,8863,2809,661,14703,125,2631,19145,195,7366,6816,9320,-1286,17684,156,-5349,14022,13814,-1343,16159,4711,9630,11904,-1536,4060,9713,1667,132,13836,167,2650,18783,3125,2523,8039,13676,-6066,20381,-3824,4869,9810,14587,10308,18467,-2254,872,10387,1270,1190,14398,1946,-5553,13623,1581,4074,14516,3306,-312,13265,5497,-222,14371,1987,6816,13953,8239,-5280,13920,1817,-873,13783,2252,3454,13779,2218,662,11914,193,6245,14285,3319,2204,14049,7125,-2632,14224,7018,-1333,15025,6847,1098,10088,1183,8968,14789,1510,2624,13596,-367,2685,15394,3256,2120,12285,10745,-2257,18059,483,-55,7889,9719,2944,21624,2299,7861,8611,1575,365,14597,-1386,-4965,11235,4977,1003,17321,791,5601,10444,8118,327,17062,-1559,2062,14833,10506,-84,13388,4414,-1947,15025,-1381,1333,9582,3045,196
10007,7658,366,17203,-1622,2063,14985,10252,-1037,12263,5921,-1781,15187,-2369,943,7772,3386,1128,13327,347,7438,20270,-1504,4496,6227,11206,-7473,18468,1263,-1378,14936,13637,4118,12333,3225,3081,16473,-2648,8496,9983,4179,993,12332,402,2015,19276,3395,-2717,8130,12954,-3018,17431,-2078,9450,14521,11114,799,14672,-1067,4745,12297,1971,-663,14326,3178,-5254,14772,-1105,4705,13123,5871,4885,15935,3127,2170,13775,3576,-18,9088,8038,-4246,18023,1805,1669,11227,2171,564,14636,-47,4173,13265,1469,8031,10417,6582,-3198,17301,3331,-6241,12642,10001,1338,16295,4941,7743,8992,1144,3600,13829,295,2945,13320,757,3624,16371,4502,-1161,11453,11001,-1303,18454,-1715,2219,8445,11771,6930,20877,1898,1698,9578,554,1431,12966,1018,-3456,13732,2513,2620,14947,1016,3784,11993,7191,221,16041,-66,4577,14619,10704,-4974,15462,2811,-2191,12681,-346,6561,10019,2405,-538,11214,1605,5141,20017,-808,3980,8598,10632,-6937,14778,3172,-882,14587,9675,3206,10969,3150,7718,17718,-600,3381,11601,2572,-2037,11272,2320,2907,20456,4841,569,10575,10106,-838
12915,4379,5299,15492,-2292,5325,10126,2820,-579,12001,1253,5868,20276,2903,-347,8050,13543,-7261,18382,-3250,9923,12033,13334,3305,16974,-2042,2837,11015,1085,-106,14273,2248,-3170,15120,435,4523,13026,4799,-386,15174,5255,3642,12979,2234,2956,11139,7928,-5643,17335,1339,663,12773,2751,3896,12956,306,1028,13046,1206,5880,12851,6171,1702,15853,4323,-4253,12900,8053,-1917,15690,6886,3650,10832,1299,8044,13261,1284,2622,13966,-524,359,14882,3657,2945,12588,11200,367,17614,-689,-2380,8449,10381,4904,21698,2678,6597,8897,758,1051,12911,-907,-5897,13645,3790,2328,15931,1105,5120,10708,8014,-1010,16598,-514,2829,16279,10013,-1025,13136,3641,-1104,13436,-983,-99,8588,2916,908,14171,3125,7947,20573,-2789,3793,6074,10382,-7148,15872,2652,-113,16673,11424,3123,10047,3086,3115,17188,-2011,7298,11226,4252,1567,12300,-215,1570,18183,3621,-1409,10821,12450,-1309,15408,-941,7165,14551,9345,1178,14419,-361,5560,12348,1823,-168,13777,2657,-5813,15923,158,5476,13027,7109,3297,16389,2544,1929,12584,3714,36,9798,7222,-2891,17059,1729,1474
12947,3490,3036,15039,1418,5555,11166,7812,-3365,16367,-96,4015,14670,9963,-459,13563,2923,-2228,14583,-938,2082,10108,2939,1474,11671,2515,7318,18958,-1710,896,8479,10385,-4994,17079,3313,-173,15066,11388,2169,10395,1596,5516,16718,-1246,6639,11703,3656,-1268,12903,1375,2008,17890,5755,-1321,12424,9853,453,12104,944,6516,17125,7851,2998,13237,-1017,5013,12658,2247,-2350,12896,2613,-5206,16947,-348,4966,12125,8232,2504,17251,-140,1772,10859,5555,190,12454,7709,-4686,16552,987,4957,9271,2030,-1159,15977,376,4084,16321,1561,5963,7983,8086,-704,17059,1352,-4720,15550,12085,-1255,14821,6052,8435,10977,-2586,5196,11291,1980,586,14775,-575,2321,16460,3532,1802,9478,13226,-4900,19199,-2961,4290,10264,12767,7257,18829,521,2580,9110,709,1894,14910,1773,-5990,14389,2724,2098,13437,1854,4742,12900,7075,-850,15547,648,5216,15300,8749,-3383,13195,3445,-3196,14643,-551,6334,9521,2964,192,11732,463,4214,19250,263,4246,9065,10405,-4883,15827,2700,-1787,15415,10607,1940,11340,2371,8510,15436,-54,6052,12242,1868,-3722,12063,2165,3351
16023,2814,-4543,13879,10142,-1070,15011,6360,7954,11695,47,5567,13003,676,886,11500,166,2003,17870,2232,1641,10781,12967,-2868,17549,-2631,1057,9827,12938,6977,20870,1005,3514,8090,1817,1853,14695,213,-5318,13058,3569,3340,14939,-384,3669,10813,9024,-1869,17627,-53,4902,15846,9891,-2316,12072,3641,-3625,14713,-1028,5738,8458,3044,1010,12119,1098,4578,20528,-1126,4294,6966,10140,-6033,17184,2478,293,15944,11570,1035,10994,3195,6394,15266,-804,7428,12388,2508,-1675,11025,1742,2275,19898,3611,923,10897,11940,-2648,14158,-1610,5802,14829,11151,4273,15590,-66,5086,11596,1675,-3197,14202,2177,-3749,16019,-66,7710,11849,5615,-207,17003,2608,887,10234,4413,2263,12695,7436,-3977,16486,2488,-371,12767,2149,2742,13000,-37,4590,14458,1154,5886,11991,4520,-3584,14641,4756,-2640,13434,9611,-7,15299,5720,3010,11223,944,7528,13925,1869,3779,12981,-390,653,15123,2929,-426,13092,10838,1447,16767,-217,83,9837,10493,2428,20549,3081,6366,8712,1707,3492,14098,-765,-7069,12376,3486,2055,15417,-631,5936,10730,8648,-218,18113,-697,74
18111,-649,3191,8343,1291,-1934,15731,1741,-4225,14249,2138,4747,13274,2335,3786,13009,6391,-2632,14571,1363,5429,13805,10127,-3856,15833,2197,-2614,13871,358,5599,11091,1872,1698,11544,1474,6877,16706,1297,-1858,11077,7725,-2943,13571,6059,-1266,15570,8325,3521,11555,1532,7245,15744,2286,5672,12695,-700,-3738,10546,4281,2364,19776,5943,-117,12401,6849,1724,9626,3461,4308,20480,7383,4264,11819,1451,5594,12853,460,-7144,12594,2361,-2011,16198,-17,7722,12384,8113,763,17498,-468,378,12425,6509,1838,11124,7933,-4040,16472,408,2507,8777,1455,1375,15563,1097,5532,18060,899,4041,7171,8133,-1803,17634,816,-6180,14460,13677,1283,13475,4435,7892,11843,-335,4536,13221,2034,3128,11988,-557,-689,17891,2889,-35,10095,13046,-2286,18188,-2519,5121,10750,11994,5446,18853,676,3975,8731,1467,1237,15089,1111,-5803,13709,2536,516,14317,708,6855,10784,8720,-2015,18080,-621,5746,13474,9764,-4679,14420,3949,-638,14034,-897,4473,8794,1877,-142,11918,1904,6659,20303,-445,3490,7492,9698,-7180,15843,2626,-1985,16152,11385,4899,10818,2793,5599
12239,569,3024,12661,2055,9292,14439,4172,-3032,14367,4547,-5686,11887,8869,3172,14641,5197,2671,11178,2136,4154,16432,804,4269,9708,888,5051,16649,1901,-2086,13507,11230,-352,16037,333,1432,9060,9736,3831,21807,4123,4204,9752,898,2806,12171,561,-3125,13551,1920,1214,15168,94,2232,11104,9955,1722,18623,-716,2053,14217,8238,-3431,11587,4511,-933,14267,119,3731,7627,2055,-1645,15785,1035,5705,20323,-767,8872,3903,10504,-9391,18015,1113,-1137,16173,12852,4354,12462,4205,5140,13373,-1525,4564,12683,2931,1044,11491,1570,4792,20736,2253,-1106,8155,12902,-5923,16046,-1828,8610,14594,11415,3915,15546,-928,2771,10825,1233,-530,14973,3536,-1864,14591,-521,3702,12798,3693,325,14960,6179,3241,12633,2220,2630,11290,8669,-5264,18842,1301,608,12444,3112,3138,12705,79,1055,12063,1729,7786,13957,4783,-89,14933,4674,-3880,12551,7978,-1719,14633,7833,2772,11196,805,8994,14588,806,1578,12153,-392,392,14811,3585,3918,13455,11432,-1128,17275,-1188,-1209,8331,10208,4419,21403,4643,7295,8953,66,1570,13768,-198,-6120,13079,3518,2796
11612,9791,-2801,10831,1514,6445,17972,7673,6159,14038,1225,2717,12427,667,-4435,12276,3055,215,17398,-221,3475,11964,6640,-90,16310,725,2203,14483,6349,2823,9355,8355,-5855,16507,-715,2605,9333,2585,2790,16221,445,3848,16567,125,3302,5658,8863,875,17922,354,-3299,15486,13998,-2756,15416,5321,6746,9728,-1665,7585,12641,1939,488,14106,-414,358,16789,3095,3399,8090,14335,-4736,20655,-3577,3765,10789,13545,6648,17504,424,4825,10239,482,988,14230,1152,-6953,13885,875,2966,14483,3334,4245,12773,5641,-2540,14771,1197,3689,12448,11202,60,17370,1636,-2172,13694,915,2569,11318,1639,689,10495,496,9104,17287,2964,-99,12769,7118,-3930,12499,7288,-603,14768,8021,3439,11611,1540,4205,15335,1107,5131,12734,-880,3444,12295,3907,246,17532,8604,-3017,15347,3059,1381,7303,8192,4703,21441,4213,3760,10946,1582,4244,12236,-421,-3143,12406,2763,-1922,16728,833,2708,10272,7571,4539,16843,-336,708,17141,9581,-1727,11481,5312,-1503,12949,-633,2151,8878,1472,-439,14649,1028,6345,20415,-1085,8162,4294,10503,-8757,16905,1039,-2884
13393,-1134,809,8312,1641,-359,14260,769,7361,20156,-1436,6329,5372,10750,-7862,17102,1200,-2934,15989,14251,5274,13337,3869,3703,15221,-2223,6407,10401,3262,-63,12501,-3,3898,19461,4765,-1226,10598,11627,-4650,13469,1084,7720,17001,7145,5276,12529,1523,3216,14195,1080,-2698,11998,2615,-1588,16616,-1013,3756,12661,7548,816,16572,545,3180,12721,6119,20,10391,5982,-4481,16881,1890,2267,9278,3344,2838,15229,-486,1606,17696,-757,5041,6678,10218,337,18715,-256,-3496,12946,13922,-2965,16269,4964,8685,11330,77,6242,11357,1408,135,14318,-969,2207,16871,2310,3252,8375,14051,-4364,19807,-2019,759,12218,12517,9620,15811,95,1694,12418,655,970,13069,1978,-4860,13539,123,4232,14284,3934,1286,14105,5429,-2433,13397,2244,6145,13235,8505,-2300,15191,2380,-944,14561,1755,343,12093,2321,4243,12171,744,5999,14337,3416,937,15803,4538,-2835,11560,10004,-2321,16703,5967,2774,9936,2684,6599,14012,-154,4323,12896,1058,1759,17183,1958,1851,11651,11252,-2247,17763,-60,796,8048,11413,2106,20925,1358,8612,10579,2245,2525,12801,-947,-4894
10534,13609,-2390,19234,-2421,1207,8631,13437,6133,20297,717,4789,9759,2099,3055,14072,-643,-6024,12749,2272,1012,15311,1748,4354,10963,6889,-1439,14343,140,2362,17681,8833,-495,12699,4815,-102,14553,-612,2506,10422,2613,-1367,12253,571,7024,17117,1139,3585,10639,8588,-5882,14811,4701,226,15896,10018,3183,10477,2976,6649,16559,-374,1141,11210,1005,4632,15174,1357,1916,14714,8465,-3431,15125,4100,108,9220,7339,5258,21087,4510,5162,10276,1095,2019,12769,89,-1319,12266,2618,-271,17189,622,1389,10805,8761,568,18404,-991,5458,14007,8123,-2091,10377,6003,-1803,15765,483,1761,9119,2550,131,13942,-32,5073,18704,-1326,6046,6061,11282,-3685,19094,850,-4010,15354,13514,1866,11665,4034,5232,15401,-1571,7795,10880,1776,-329,12761,170,3749,17341,4256,85,11645,11932,-6548,15750,-1013,6443,14181,11511,5219,13987,-746,5707,14065,1292,-3342,12522,2694,-3295,15824,587,5005,12588,6786,583,16919,1480,2072,8477,6209,2318,13647,5426,-3069,16666,2005,-1139,11140,2082,1037,13264,1378,5491,16170,-54,4339,10181,6552,-2040,16811,1982,-1026
17503,2346,-1623,12311,2348,1546,12693,1193,5531,13603,1325,4790,13659,5232,-1484,15390,3285,-1245,11160,8942,-2718,15943,6121,4163,11000,1360,7299,13254,559,2814,10918,609,1194,19360,1085,1829,9194,13671,101,19809,-2903,-2313,8249,12878,6019,21182,1943,7063,9821,1368,1861,12873,527,-6804,14427,1399,2436,14347,2707,4928,11279,7558,-3314,16078,536,3916,16416,9213,268,12964,3263,-1096,12992,-203,1025,10349,2565,854,13341,1236,6003,18884,-499,951,7498,10185,-3694,14490,3487,1797,16361,9199,1752,10701,2774,4579,16128,921,3560,11553,1874,2833,14712,938,2023,15718,7008,-1256,14005,6173,-227,9902,5121,5179,20140,6215,3357,11184,1288,2991,12775,720,-432,13068,1695,-1395,16710,687,2271,11582,8852,-635,18779,-675,4717,10622,6284,-1546,12001,6067,14,15632,824,1956,10140,2185,-1910,14103,653,3621,17526,435,7870,6247,10038,-819,19049,818,-6659,14822,13390,2802,13980,4149,6899,12481,-1424,2793,12782,968,1026,11083,1545,8143,19154,995,-1890,8609,14100,-7481,18745,-2702,7452,12524,13350,4438,15372,-996,3984,12817,1297,478
20302,16,457,7265,15117,-7478,19456,-3428,4720,12427,13458,7088,15398,-1904,1913,12329,1243,1856,14787,4092,-2366,13584,-42,2136,13086,3949,-1473,14345,6861,1463,14446,1656,6856,13881,6551,-5746,14195,2288,1981,13907,3132,285,12065,1207,484,14159,1096,7189,14536,4001,1992,13125,5900,-1801,13517,6512,-2721,14870,7264,713,11593,1231,8489,12718,1186,2941,12808,-173,1722,18267,1285,5275,9080,12653,-2348,19774,-1997,-2531,7465,11980,2064,21968,1865,9356,8463,1666,1794,13959,79,-5981,13870,2528,3703,13838,1520,2414,11368,8857,-447,19097,-555,2359,13139,8773,2398,13557,4592,-3063,14008,-885,401,10297,2513,941,12926,2211,8101,17788,-1061,1460,7337,9888,-5530,18882,2592,3776,15459,11281,-1832,9332,2582,4113,16578,17,8669,13119,1924,295,10818,537,1285,18030,3251,1385,12561,11551,-2070,12778,1503,5506,17040,7949,1258,12108,-195,8331,13932,2183,-2651,12855,2976,-5611,16834,116,6392,11599,8304,-627,18311,579,2509,8393,5854,603,14510,5114,-430,16200,2331,455,9803,2063,-281,13120,954,2506,18588,1432,6284,8947,6658,1448
14205,5807,-1353,15724,3124,-856,12448,2310,-1800,12203,949,4606,15552,1489,7780,13623,4820,-1945,13855,3102,-3258,14142,8330,1034,12951,9184,895,13922,-1512,6115,11019,2080,5057,14669,-255,2653,16092,1091,1351,9128,14205,-1997,20072,-3236,-621,7968,13315,4491,20752,534,4694,7569,462,4358,14404,2275,-4436,16366,1521,557,10783,2297,3599,13829,7940,620,17809,559,4105,13680,7035,-2797,12098,5322,-482,16019,-149,2548,9495,2402,-1824,12999,1294,6674,17961,7,5565,8139,10091,-6351,17209,1968,-3,15941,12222,941,9685,2460,6736,16513,-780,5073,12932,1843,185,10198,1125,4177,18293,3490,-271,13644,10209,-3515,11619,1749,4722,16979,7153,6370,11739,601,3944,15912,976,-2928,11793,4785,-1596,16305,31,3619,13049,7287,-1986,16759,1594,4857,9470,6151,1866,15372,6152,-4202,16529,1243,1344,8520,3193,1015,14280,-41,3316,18104,832,3583,8948,7172,2593,15112,1434,-3225,16144,10728,-2684,12532,5516,4347,13251,-741,8330,11173,1232,1273,10708,39,1011,21568,-804,4651,6547,17596,-5288,20060,-4849,-388,10353,14663,8093,19906,-508,6675
10199,-337,1608,14125,3613,4830,16972,9840,-2345,14872,4042,-2785,10484,6597,6931,19659,7479,5285,10544,315,1977,13747,-2156,-3555,11727,4690,444,18024,-2405,3786,8338,9888,-488,19219,-3268,2711,13473,10034,795,10210,6358,-2639,15123,-1826,732,7247,3327,2660,16912,-1865,4618,17857,-91,3739,6252,11446,-3614,19383,1665,-2932,14950,15218,1087,13017,2504,6740,13743,-214,5919,12702,1459,15,11682,573,1984,19758,2272,1719,8031,13375,-4712,17240,-3112,7862,14110,14150,2618,16304,-798,3622,9538,675,1425,14022,849,-6866,12864,380,6114,15262,1826,2171,13021,6808,-1604,10352,1835,2400,16378,10057,-1765,16099,4440,-105,15059,-1341,2118,8941,3062,1967,13539,178,7868,16852,1927,-757,10940,9467,-5349,13982,5425,1358,15359,8539,4661,11438,1957,5199,15723,463,2897,10326,535,2011,14463,2426,930,17458,8168,-1943,13248,2732,2254,10454,5856,5490,18264,7900,1727,13111,1064,4057,12272,-166,-2639,13428,1925,-807,15499,-1971,4298,10605,10308,838,19104,-2045,2773,11295,9610,-3426,11773,7431,695,14475,-551,3378,8928,1383,-40,16853,-499,3434
8554,9671,-5561,15900,-1319,5516,16072,10146,-1119,13101,3229,-311,12924,-2057,2105,8170,3292,1356,15163,1670,5538,18370,-414,616,6739,8894,-5081,16206,2129,2480,15740,12337,2415,12281,1760,3525,15125,1350,6617,12473,1600,-585,11688,2425,2648,19516,4715,-1315,11598,8998,749,10850,649,5297,17335,9801,1457,14610,92,5107,11835,2954,-590,14620,-35,-4794,13299,368,7342,14862,6492,-1238,16286,2198,3141,9543,3378,-138,12142,8667,-3449,18064,2192,3648,12034,1161,787,13042,812,3161,15853,1232,5285,9728,7180,-523,16319,680,-5508,12980,12040,1495,14815,6464,5547,12110,494,6168,13290,678,1958,11781,-506,2836,17012,2950,208,12235,12170,-951,16714,-2808,-454,9299,12476,6159,21063,2163,3390,8946,1977,1671,14075,-10,-3281,12919,2380,2427,15308,638,2193,10909,10086,-801,18279,-2346,5220,14695,9803,-3736,11420,5151,-1887,13648,-905,5430,8777,1708,-439,13941,1914,4190,20717,-2280,6119,3895,12792,-8526,19377,-325,1330,14382,12683,1531,11521,3029,6336,14737,-564,6501,12212,1866,-829,12226,1612,3025,19237,3895,-303,10592,12456,-3556
13263,8364,1980,13365,1145,5519,13778,2177,2686,12284,-388,3307,13917,2305,4349,14411,9954,-3261,16806,1277,-622,9184,8194,5429,20330,4025,4666,9689,362,1388,13553,2042,-2205,14378,3533,2070,13206,-219,779,12828,8695,1354,19112,454,3832,11673,7072,-1414,11760,4927,-2931,16535,-406,3031,7654,3744,-74,15096,781,3059,18990,-17,7844,5553,10060,-3938,18648,343,-2366,14739,12225,415,12634,4171,6063,13996,-1201,6455,12738,1779,-1287,9742,2297,5847,22039,428,2005,6959,14413,-7163,16537,-3862,5809,13726,12123,4122,16291,-298,5325,10810,1772,-1952,15335,3635,-3365,14361,343,5398,13273,3924,180,14003,7013,-103,14174,962,5568,12499,7619,-3701,16259,2185,-1520,13105,2415,2040,11473,1812,2305,14785,1296,7747,14735,3405,-670,12979,5610,-2761,12680,6172,-195,15070,8648,-364,13048,-219,8235,11685,2806,3895,13302,-1560,1823,15552,2946,1912,12277,11605,-901,17920,-310,488,7680,9779,1492,22193,3677,7036,8667,409,4425,13704,1438,-6824,13989,2306,799,14199,1849,5742,11654,8019,-1022,19583,-517,2448,11590,8610,132,14136,4058,-941
13076,2704,-2043,16580,1591,4948,11520,7348,-510,17975,240,961,11370,6358,4392,14106,6192,-2447,14273,266,-990,10464,1953,-597,12230,1785,6538,19280,486,6124,6590,9055,-4376,18306,407,-1175,14688,13534,1278,13945,4342,2377,13098,-1967,7460,12797,2111,3142,10517,786,4401,20216,1212,-2058,7425,14789,-6167,17253,-2903,9031,13337,11416,273,15651,-1228,7297,11744,2643,1097,14869,2990,-6784,14378,-81,2835,13982,5171,2534,14347,6570,2789,12703,1315,2425,12135,5786,-2585,15953,2757,514,13686,3094,-1075,10670,624,2687,16521,1287,8335,12188,6271,-536,15059,3063,-4282,13460,8443,-2124,15311,8631,4421,11347,-1552,5885,11023,1452,2904,14340,-426,3198,17337,1955,3444,8450,14317,-4785,21223,-3366,-1558,7427,13518,9319,20348,571,3240,9561,83,3506,13781,2408,-4698,15092,2796,2973,13758,1535,719,9583,7821,-747,18533,759,7473,15566,9170,-2088,12559,2007,-4435,13116,1110,4250,10697,2994,355,13443,-186,3374,18806,1039,4362,8245,8317,-3595,14040,3242,674,14723,11565,-1856,13458,868,9710,13013,1735,3137,13117,-466,399,13752,1429,3598
13992,10858,-1102,15782,7133,3120,9609,1947,9732,14872,881,1671,15324,-2386,892,11402,4723,1607,14216,11043,-998,18649,4284,-762,9351,10801,5567,19828,2014,7416,9098,672,-1740,14464,-2270,-2956,12074,3355,1168,15761,-477,5255,10689,5416,-134,16474,-384,1296,15431,14196,-687,15578,4222,-3786,12570,-1466,4338,7667,-750,3386,13045,-2204,7782,16615,1409,-224,13010,7705,-7549,12929,9091,-1606,18972,12593,4498,9557,3305,5807,18023,-1330,9197,12606,461,-2257,8540,2399,-2248,20364,4737,-993,10994,14757,2328,15213,3705,9135,16753,6178,1582,11416,-1399,5516,14066,-1603,-4909,11150,4118,-2919,17667,-1824,5483,12087,5391,3309,15219,-2409,2613,15423,9216,-4314,10942,12291,-3872,15252,-225,4262,6647,106,3801,16700,-5649,3602,16530,1682,6797,10501,8800,-5160,14828,4071,-8785,16407,16179,2807,15760,4926,12272,11264,-1562,4422,10938,-420,-566,13139,218,93,18212,4768,-1136,7940,15732,-3124,20323,56,8413,13057,12856,11035,15820,-2167,-1860,9760,-2597,-1698,13685,3027,-4807,15424,771,4119,12639,771,2363,13137,946,1878,13522,3863,4263,14995,15553,-9775
12539,-334,-7131,12301,3198,1393,16460,-30,7573,10388,7738,4616,18154,-2951,2283,15407,8876,-7181,10743,8096,-2969,14520,1468,3019,12075,693,3894,11975,524,9054,19348,-315,3510,7230,13966,-10444,19261,1337,-3630,14119,12252,4016,10419,2534,11033,17160,-2232,7078,12033,2739,11,12192,2376,-524,17371,4973,-5185,11855,10757,-579,14229,-2773,9939,13939,8074,6560,13517,-733,2888,14189,2382,-5428,11978,3355,-3878,16441,-488,5266,12897,6509,2931,16790,2595,5042,9037,4837,671,15711,5932,-7427,15760,2476,385,11045,4475,1163,13453,261,6842,16202,1200,4943,11377,7642,-1096,15983,4569,-3686,13204,8001,-3148,15785,6667,3999,11378,-2404,10344,10935,1056,2646,11801,1191,633,21239,1132,2204,5865,14938,-4323,19719,-5831,-422,9571,12108,7400,19900,1302,6910,9062,1769,2307,14344,1413,-7966,13805,3123,3068,14981,1543,5391,10867,9004,-4371,19141,-203,7218,13365,9594,-255,11873,3572,-3158,15508,-790,625,11287,3741,1594,12594,1022,7636,16858,231,-266,8844,10339,-3367,17069,2074,3106,13923,9416,-1167,10970,1217,4071,16195,1307,8230,13198,1815,-802
7865,8245,221,16605,2056,-1946,16827,10080,-1947,11981,5081,5378,13641,-615,5697,13582,2437,2366,8893,1691,1299,22305,-794,3133,6610,16283,-4275,19417,-4842,3395,10921,13454,5488,17556,-820,4910,11077,2103,2022,14731,1552,-7431,13893,1259,4452,13799,4073,1270,13171,7796,-1614,15576,-766,4510,12300,7462,-464,14623,1889,-1155,15013,2782,-114,10660,3030,665,14464,1329,9133,14107,2835,973,13181,6144,-3021,15036,5863,426,14281,7927,-85,10838,631,6528,13228,2854,4203,14082,-786,4368,14818,2484,1821,13454,9293,-2880,17418,2727,12,8124,7457,4087,21332,3988,4338,10079,618,5492,12621,1875,-3887,13587,2574,-1987,15785,1261,4540,11378,8922,484,19487,-701,3528,10523,6993,-1058,13935,4879,-202,14801,813,1067,9919,2958,-2368,12743,1609,5602,19050,-241,8864,6612,9641,-5474,18618,-9,-2269,14532,12969,2326,11450,4004,4128,15719,-1181,4606,12989,1518,2447,10003,2308,6992,20246,1100,-1842,9159,14282,-7580,17180,-3060,8640,12853,12286,2029,15329,-2285,4402,12365,2807,118,14618,3565,-2808,15208,735,4080,11871,4627,-1470,16107,5574,3581
20169,-459,2763,9026,1227,3754,14800,2757,-4816,14142,2675,1664,14401,1435,2594,10411,9104,-1296,19445,-953,7623,12192,7909,-4071,13851,3064,-1623,14326,1773,3649,11510,2567,-1173,12186,1013,5824,17152,909,3623,9252,9623,-3657,17269,1726,-781,14113,10049,886,10061,2003,7427,16586,842,4661,12583,1241,-1563,12462,1769,5626,16516,6504,-867,15793,7824,-3082,10035,2293,4842,18261,6798,7038,11258,552,3948,14747,1832,-4409,12139,3915,-1133,16677,-42,4388,11150,8463,-1894,19265,214,3183,8869,5937,3777,14976,4928,-5293,15393,603,1582,9828,3422,933,12439,1401,4218,18673,586,3860,9187,8197,513,16398,1685,-2387,14400,10750,-2619,13764,5197,5164,13937,-1597,8497,11885,2923,274,10274,957,1456,21994,503,3896,6693,16038,-5175,19618,-4719,3521,10300,13199,5843,18663,-2013,5843,9818,2499,1546,15135,2459,-8163,14203,2039,4806,13917,3068,2102,11987,7803,-2040,16146,-356,5641,12945,7883,-1194,13936,1675,-1771,14441,3166,724,11944,2234,1237,14050,1476,8618,14463,2486,639,12040,7131,-3125,15187,5031,837,14516,7939,137,10757,1014,6135
13405,1311,6714,18553,-1003,5123,7205,10171,-5538,18389,1344,177,15032,11253,825,10915,4089,2686,16004,-842,8256,13181,2430,1767,9600,1925,3261,20359,1064,-914,9165,14211,-3931,16864,-3335,6372,12800,10683,530,15315,-1113,6998,12546,3067,-298,14924,3509,-5824,14826,309,5447,12179,5091,2041,16005,5014,574,11387,1933,3242,13953,5650,-3062,15718,2741,599,12638,3428,-1999,12043,1536,3346,15760,1689,8720,12164,4988,-1027,14188,3748,-5159,14319,7954,1790,15118,6225,1858,11476,242,5344,11392,1997,3821,13397,287,3938,17795,2164,1808,10594,12189,-3537,18389,-1242,968,8390,10654,4081,21738,1538,3928,8369,1613,4305,14748,1608,-4260,12820,3640,550,14965,-131,3939,10181,9755,-878,20482,-1292,5617,11599,7800,-2958,12972,3648,-1012,15101,1073,2784,9965,2688,-2600,13391,2213,7094,18052,-213,5930,7484,9519,-5817,17878,874,-696,14310,10936,2320,10965,3917,3799,16902,-405,6307,12919,2148,411,9726,2550,4923,19689,2716,-1252,11520,11857,-4252,14126,-1933,7098,14240,9369,3349,14663,-141,3703,13202,2843,-1286,13683,3170,-1971,15085,228,4351
19731,-4361,4106,9830,12825,6837,18990,-670,2223,9676,1740,3123,14985,3465,-5596,14053,2107,2751,13913,1523,2008,11039,8924,-906,19084,-704,6299,12293,7722,-3411,13361,2370,-2159,14868,2931,4855,11609,2720,-1190,12803,744,5730,15882,1786,3214,11015,8255,-3281,16135,2587,-876,13451,8794,776,10797,1288,7977,15806,2429,3649,13556,199,-1353,10710,2537,5241,17820,7987,-200,16034,5630,-3279,8523,2797,5470,18501,5706,6345,12699,1400,3361,13019,2792,-5383,13794,2362,56,14595,774,4973,13021,7559,-2192,17868,1025,3026,9629,5453,3374,14931,5352,-4673,14757,571,1268,10013,3326,1653,13073,1994,3273,18899,136,4880,7975,8169,-322,16942,1545,-1715,14916,10561,-2595,13030,4865,5550,14390,-1314,7522,12455,3505,501,9841,1011,1655,21579,223,3598,6871,15415,-4443,19285,-4608,3797,10769,12445,5061,17766,-909,4826,10388,2376,1979,15363,2816,-8248,14290,1520,5123,13380,3279,2364,12561,7673,-1990,16374,-501,4677,12751,7908,-820,14110,2168,-1560,14478,2127,645,11593,3152,627,14225,1941,8739,14949,1253,1426,11070,7906,-4334,16041,4487,1454
13989,1294,-475,10334,3011,525,13190,2775,7193,19042,-341,4284,7451,8880,-5642,17042,1562,1312,14852,10935,1118,11638,3004,1483,16006,324,8752,13785,1650,2031,8552,2064,3057,20619,2199,-1755,10184,13173,-2257,14824,-2782,5955,14087,9326,437,14912,548,6514,13015,2700,55,14242,3016,-5141,14862,258,5358,13436,6355,1975,15688,4336,1044,11427,1095,3000,13047,6760,-4130,16632,2490,1793,11921,2820,-1803,10981,1334,4440,17819,2518,7644,11846,5665,-2033,14624,2785,-3817,13155,7861,1264,16118,7079,2483,11607,-419,5287,11295,1432,3198,12554,948,3059,18532,1463,1837,9762,14188,-3729,18399,-3304,1247,10531,11842,5415,19147,945,3224,9956,649,3764,13394,2657,-3576,14525,2355,634,14171,1138,3705,10813,9758,-2023,20214,-1347,7008,11138,7764,-3247,13840,2754,-2089,14594,1596,4354,11314,3696,-1743,13060,2019,5897,17414,-45,4461,9063,8709,-4300,16375,1585,-1012,14132,10173,1652,10531,3252,4776,17263,576,6445,12443,1620,-1226,11247,2186,4506,18094,5723,307,14885,8215,-3087,9499,1919,4252,17855,5886,6497,12429,523,3728,13142,1804,-2699
20052,2897,-1926,10124,12261,-5673,13417,-570,8895,16032,8109,3014,13757,-874,4360,12824,2564,-1824,13579,3202,-1575,15962,1554,3590,13359,6331,-907,15426,3365,4476,11834,3454,2973,13009,5534,-4820,15560,1675,-17,11551,3075,2399,12790,2080,2091,17767,1371,4207,9271,6649,2012,16357,1480,-2308,13510,9969,-4178,16047,7209,5778,11410,-1929,7410,11984,1693,896,12286,921,1995,19293,797,3995,7234,15448,-4061,20764,-4051,-403,9870,12737,8576,17993,-413,4948,10660,607,2689,14627,3105,-7850,14207,2154,3656,14133,4408,1976,11514,6477,-3165,16722,-158,7640,12667,7938,-998,14321,1636,-1896,14461,2899,-791,10873,2734,1276,14413,898,8442,15729,3614,1630,12438,5641,-2208,12924,5731,1760,15223,8356,-2593,12424,-361,6813,11577,2997,4563,14210,-857,4615,15750,3311,1488,12927,11522,-2670,18451,218,520,6272,9468,707,21150,1995,7064,10616,907,3925,12597,1092,-4566,13615,2701,-1520,15498,2662,4378,9649,8076,887,19649,-1081,1782,12995,7479,1070,13206,3852,-998,13883,1070,611,11247,2819,-1921,13157,2034,7486,17521,506,5363,8172,8334,-6008
13818,2672,-147,14808,2923,650,11060,2674,-2375,14126,879,9473,15563,4475,4817,12963,5493,-5774,13043,5423,1582,15038,8952,-176,12144,-258,7515,11551,1541,503,14486,-86,6460,16199,3085,3908,11566,11174,-4717,19074,-1144,-1803,6393,11538,4652,21290,856,6500,10296,293,1070,12897,1568,-2958,13904,3323,1316,15276,2720,1055,9466,7465,-1057,19854,117,6093,13867,7591,1897,12498,2909,-4483,14381,902,2204,11497,4023,-25,12898,570,3732,17201,831,3153,9214,8150,-1034,14731,2117,-1092,15383,11394,-1055,12392,1482,5751,13453,972,7415,13437,625,-1176,13674,1582,3874,15793,9091,673,15967,5464,-3810,8106,5711,3748,20124,3966,7575,11487,1240,5720,12548,21,-6193,12583,3126,-916,17180,3564,4987,10975,7406,-2268,18525,-1246,3649,12019,7635,931,13552,3788,790,13343,409,-4257,11463,2846,1302,12846,2746,8014,17727,-117,3528,7833,8325,-4050,17281,1000,1098,14576,13487,638,14084,2611,1083,13162,411,8339,13611,731,1021,12029,1728,3799,18189,4768,-1370,11033,10315,-3682,12875,1573,5905,17284,6795,2874,12625,-670,6093,12593,2010,-59
9737,13929,-5690,20579,-641,861,9023,14346,9460,19040,-1204,3984,11969,496,1941,12937,1146,-1527,14885,2577,-1239,14213,4672,-1795,12749,5097,3555,13365,-87,4839,13694,10118,-3588,15848,2289,446,14275,2383,1709,9781,217,-543,13866,-2479,6357,12951,6115,5521,16329,2569,-5521,11138,10266,-1660,16673,8365,1547,11310,1688,7607,12577,-599,2702,14795,-755,2519,15705,4836,5468,12187,11912,-3721,17346,126,-3747,10242,13505,6528,20434,1178,8513,8869,-636,-472,12960,-2228,-3130,13980,4872,2553,16028,1319,-300,10096,5314,-666,15046,-769,4905,16591,11425,2072,14229,4239,-4861,15233,-939,2230,7662,2938,562,13683,-3891,4854,15499,4111,2267,14922,7781,-1954,10564,7509,-1276,16640,10064,2211,12297,1701,5314,15247,425,6169,12122,-458,2065,13406,2499,-1424,16381,10024,970,15624,4931,-92,11411,9023,4258,17897,3390,6063,10769,1034,3170,12180,-4306,-3839,12491,3383,-2794,17902,1092,4815,9434,8062,601,15895,-2870,1610,17529,11681,-437,13386,7536,788,14629,-3036,-230,5447,2244,1727,16137,-2691,6686,16493,2071,2639,10357,8864,-5843,14945,4981,-1621
12923,-1665,7492,13515,-3830,744,9749,-1252,6721,16707,3516,-882,12517,10297,-11066,15538,9658,3265,14934,7984,6946,10088,379,9106,16347,-495,-665,12261,-1215,283,13057,6568,-3,15772,10380,-3027,15097,7700,4895,10393,5995,10086,20654,2642,929,8903,29,-1593,13951,-799,-2571,11826,4059,-461,18187,-1323,4771,10565,4020,3348,13991,-2096,3791,16452,12209,-6913,14247,10419,-1667,14701,-2211,5790,4063,-1482,3512,15039,-4473,6086,19199,2254,3572,9270,12762,-8470,15880,4450,-7786,15216,15042,9062,15161,1530,8872,13849,-1767,8578,12338,-545,-5127,10208,4294,-110,20620,4882,-1140,8345,15780,-2880,19030,-1305,13978,12828,9278,4819,13666,-3259,-970,12607,-548,-5881,13587,5640,-2597,15712,-1967,7932,10929,1637,3252,16095,310,3667,13552,6440,-297,13004,12910,-10210,14989,2266,1339,10491,718,7621,15242,-4809,7403,12932,1651,4444,13779,6879,-6431,14538,8441,-7075,14784,10547,-256,14990,5874,9312,11623,-944,11188,12233,45,2691,14647,-327,-7101,14295,6682,-2179,12174,11814,2342,17576,685,4933,10420,9126,8338,19785,1058,3303,8088,-548,-2412,13840,-85,-8574
20205,4795,-1514,9029,11579,866,14730,-2852,10051,15159,9114,5552,14105,-8,320,12985,1503,-5130,13733,3583,-3048,14775,-491,8448,13016,4983,4200,16911,2394,1701,9000,3974,-137,13935,8923,-7319,16807,2683,1167,13142,2756,3015,11295,-869,8681,14720,1818,3791,13803,6415,-4772,15007,6393,-4370,11961,6852,393,14953,5914,4652,13193,5,10522,12701,954,2999,10845,1726,-1686,18416,2915,-1824,10751,12331,957,17602,-2921,3399,8725,10214,3625,21273,1643,5618,8275,2908,1425,15587,121,-7838,11484,4038,1300,16405,-295,7583,10967,9686,1154,17739,-2308,1059,14423,9684,-3450,11493,5236,-711,14666,-945,1082,9984,2479,397,14241,2366,8092,18617,-373,5036,6241,11527,-9958,19202,-383,482,13409,11931,4513,12072,2554,2787,15730,-1486,8013,12061,3488,1523,10318,2495,2086,20600,1188,-2548,7835,12868,-3097,16945,-3491,10356,13817,11870,328,14978,-382,3666,11773,3094,1739,15595,2370,-5788,13657,715,4792,14862,3877,2416,13901,6802,2145,10647,403,2581,13718,9898,-6605,17921,1988,3989,13493,1598,1757,10212,939,-1006,14766,756,9724,12918,5207,843
9821,6939,-1091,12224,9879,-3762,16851,345,2841,9799,1610,1756,14153,-337,7994,17170,916,1141,9316,9039,-2616,17826,2072,-6397,12516,12662,2330,13462,3959,8554,14177,-1672,5813,11731,2260,2908,11881,-90,-2515,19415,3431,-1772,8676,13849,-753,18648,-3238,6513,10482,12360,4992,18930,-867,4230,7872,2658,-232,16363,578,-6423,12164,3632,846,16259,192,8785,9843,10261,-473,16783,-2735,3642,15981,9481,-4993,12675,5679,-1455,11822,-1714,4293,10344,2020,405,14405,2249,8204,18377,-767,3572,6302,12417,-10529,19501,289,535,14664,12386,4759,10811,1841,5146,15231,-1195,7705,12235,2606,-981,11944,3492,3407,19818,3113,-5995,9723,12120,-594,14638,-2891,9998,15280,10818,2903,13951,-1800,2112,12195,3217,-793,15067,2687,-5168,13539,49,6383,14622,4648,130,14901,5402,4873,7641,2121,1040,16144,8330,-7733,18246,1586,4079,10940,3517,1086,11946,173,1577,15334,1102,7318,12156,5256,1248,15476,5017,-6362,11455,7926,-1143,15619,5635,3177,12568,1402,10955,13699,1059,-1051,11741,181,3099,15174,3783,1526,14093,9420,-2013,15021,1232,-635,10650,7721,6405
13362,1182,6963,13961,1173,1595,11753,-1178,3064,14407,5052,-2533,15461,9940,-996,15303,2551,4115,9710,8407,6459,20588,3314,3304,8885,1494,103,16105,423,-3866,10807,3348,-291,16122,-1981,4767,11483,9941,3278,18711,-2297,3497,13328,8795,-5828,10192,8565,-2179,14094,-1246,4711,8708,1103,2032,15230,-1077,3317,19513,-1061,7141,5958,12058,-5466,18872,205,-6691,15304,13769,3958,11450,4628,9484,14790,-1500,5203,10308,1926,-1011,13504,649,-1246,19604,4021,2590,7118,14345,-4457,20153,-3429,8389,11373,14332,8601,17791,-1515,-635,8007,1654,-1781,15968,355,-4841,12059,2668,5301,15890,-803,3420,11916,7497,-429,13292,-547,4272,17620,11721,-6718,15538,4908,-2041,10160,-803,8830,9909,-908,885,12844,-12,5431,18299,1030,698,10265,11447,-8175,14791,3696,166,15722,10500,4148,12032,3504,8227,16347,-455,7476,11222,715,-5701,9986,2941,1294,22065,3480,-1247,8160,13593,1227,15677,-1545,9173,15580,10812,2051,13931,-1355,2299,12848,1363,-4060,13859,3153,-2277,14163,-1362,9266,13887,4043,583,16346,1797,1399,7268,4975,16,15464,11484,-7129,17611,2750,2574
15762,2147,-3858,13231,1045,4774,14819,-1284,7909,10904,7118,-598,14387,-982,-19,18843,13461,-7446,13438,6476,1294,10333,-2112,9483,8661,-813,-478,15059,397,6519,18072,1518,2302,10735,10402,-12840,13954,2748,239,17382,11769,9864,11030,4304,5863,17279,-2050,7472,8499,2433,-7187,12773,2662,2224,21952,2408,-2030,5347,12945,8,17193,-1557,12935,16105,12385,3786,14490,72,-4695,11237,112,736,14101,2873,-4477,14275,-967,8217,14923,1887,3148,12586,4864,650,8171,1727,-256,19543,11082,-8778,14522,5946,3647,10869,-1494,8835,10236,913,1052,14672,379,5255,16587,1257,-2187,11694,11315,-7069,12307,2287,-1111,17185,9274,7242,10893,5698,11915,18503,-2434,3110,9087,2944,-7125,12547,1784,1052,20370,3956,-394,8711,10560,2190,13625,-1113,10755,15607,10431,2427,14807,937,1125,13954,377,-5804,11908,3548,-1254,15232,-2029,9409,14740,5397,161,15578,1881,2489,4716,3740,-47,17586,11432,-9736,17740,3243,5197,10005,1291,5260,11388,-1009,4195,14004,688,4583,16010,3187,-4074,13943,8878,-4593,9759,3385,1044,16465,8501,4091,13406,4025,12163,15677,599,677
11757,-1816,5266,17148,-1963,4078,8678,11032,-7098,20089,-91,-3464,11295,14198,1791,14973,5884,8807,14871,-633,7244,9723,3247,1664,14557,-1954,-4197,14706,3765,1160,11807,11983,197,17479,352,6746,13508,10259,3258,15793,4081,3175,10792,1035,452,14514,858,-3480,11911,1073,-578,15748,-2332,7865,10694,9559,1708,18372,-3544,1463,14438,8907,-7240,8739,13010,-712,15195,-3182,6948,10557,1811,2401,14999,-809,3759,17569,-1809,6004,7003,11251,-7979,18458,-575,-5940,13980,14548,4955,13089,6336,10225,15233,-849,4840,9943,2306,239,14878,-1040,-3540,15719,2977,2367,9017,13147,-1756,17741,-1296,6939,13892,11726,6066,16077,2416,503,9957,695,-308,14879,1286,-2904,12839,2052,1845,16878,-2870,7244,8877,9116,715,16815,-3766,608,17129,10598,-7394,9315,11937,-1572,12983,-1435,9188,10519,-321,4365,15360,-465,1642,19546,-2259,5160,7021,12257,-8153,15738,-908,-6708,15929,14307,5599,12308,6823,11827,15999,-1686,4974,8792,1888,-2586,15392,-124,-3629,17835,2720,3825,7171,14360,-3065,17238,-2991,7467,13203,13123,8950,17745,1666,-1512,8921,1075,-2180,14759,845,-2340
13141,1870,-4708,21364,3569,4883,5168,14104,515,17414,-2253,9631,14077,11791,5855,16893,2968,-535,9894,-930,-3027,12614,1153,-7978,14720,319,8938,17165,409,9359,10980,4766,-4501,10719,108,378,19750,12414,-4774,11855,8660,362,8361,-2173,7118,9260,-1683,4380,15055,1518,5296,20217,-294,-2040,9401,12348,-11076,14798,651,2436,15193,12670,6251,14746,5542,9254,13641,-1407,9161,9239,476,-8908,13253,1485,-3590,21964,3553,2527,5360,13450,2263,16797,-2541,10896,14111,11163,2891,17270,2613,485,9967,506,-2418,12678,900,-8741,13785,67,9583,17387,1822,9092,11893,5483,-3577,10231,-15,-1032,19437,12466,-5753,13393,7217,2753,8093,-246,5700,10276,-2427,3618,13505,2052,7309,20558,-734,-3074,8591,12155,-11739,14906,483,3249,14310,12597,6836,15343,4103,8907,13556,-465,7926,9593,801,-7934,12416,1524,-1067,22423,3255,-220,5901,12943,2788,15758,-2564,11994,14512,12067,619,17858,1862,599,10453,1847,-1074,12913,683,-8315,12985,-472,9489,17799,2487,7571,12172,5656,-2070,9307,576,-1674,18978,11713,-6839,15050,5349,4913,7864,732,4719,11261,-2756,2170
12467,-1148,6667,17258,5612,765,15797,4336,2899,7665,3107,222,16979,10274,-7942,18761,-384,3970,8191,5122,4155,12388,-1352,3180,14180,216,4815,14799,5435,-1064,15977,5998,-4926,10368,5318,-847,15126,8520,2856,14565,1560,11981,11973,3087,1336,12004,-2508,-2082,13698,2492,2933,15675,8811,-1097,15680,3978,-904,10518,4128,8157,16954,7958,3961,13266,1718,2035,14210,2419,-5598,11168,-145,1098,13594,-719,6064,15565,8178,601,17933,1198,1625,8230,5751,-884,15229,9591,-4781,18100,-1876,4162,8968,4940,3298,12260,-630,4833,15629,-529,2021,12086,8123,-2592,17995,2962,-2101,10635,7886,-2035,14990,7788,4580,14414,-339,12527,10499,3154,1326,12453,-1064,-1685,17501,1427,593,10399,12254,915,18687,311,547,11026,7779,2892,17179,6047,6479,11064,1016,3464,14509,2133,-6510,11103,541,1081,14819,-496,5461,13063,9386,-130,19649,-996,1293,10254,7520,-1682,12734,9029,90,16909,-2948,2682,10572,4211,1979,11585,1282,4189,18358,-2055,3157,7841,10456,-3694,20146,-199,-1079,11259,12100,-1147,14321,5561,6801,14166,-975,8041,10029,3518,1370,12841,846,-3676
14756,2082,-368,12602,7340,-4513,11132,3727,-1609,16037,8918,2967,11669,3678,11400,15822,1757,-40,12265,-799,-1581,11894,3366,3036,19058,6592,-664,12732,5859,-1691,10300,2048,9590,17087,8203,2655,13369,1456,3506,13709,2790,-6706,13115,2199,1093,13429,-1090,4899,15178,7417,827,18727,-477,2657,4902,4929,1761,15285,10877,-8037,19552,204,3669,8724,3496,4292,9932,-1268,4108,17014,-967,4297,12082,6989,-1073,17230,3312,-6323,9569,8812,-900,14792,6569,6047,13143,1457,10901,13684,1674,1960,11169,-829,-822,14846,3370,-1560,15947,10899,1163,15896,1916,-49,11693,7164,7525,17297,6294,5259,11203,1024,-839,13799,1214,-4926,11548,1442,2577,14534,-765,4551,13469,9232,1471,21505,-3843,3057,5598,7559,-3812,9979,12104,-4793,18663,-2311,4359,9001,3052,6408,11483,-1911,4956,17504,-2639,620,8380,11358,-2226,20285,-558,-4240,11467,14339,-1823,13578,5147,10181,15126,-159,8669,9792,2607,1346,12631,-1605,-5920,18027,4592,1763,9947,12601,1537,17845,-1440,5074,13744,11975,2869,17321,2067,6727,8460,1700,-1627,15758,378,-6825,11324,2331,3102,16166,-887,8925
5984,13533,2459,16128,-2394,15333,13499,11552,1524,16924,366,-4147,10757,1318,-1160,13275,1490,-5565,13690,933,10230,17974,290,5809,11727,3334,-479,6769,39,-981,21757,12263,-10293,10982,10602,5221,8805,-1001,9181,8372,-3981,1150,16678,-1186,7140,19037,2209,-2116,9984,12384,-13510,13295,356,2570,15402,12986,8472,14651,2693,12575,13449,745,3382,11949,1001,-9860,11997,1696,112,20530,4989,52,9326,12075,2302,15265,-812,15407,13518,10454,1600,16099,930,-4491,11415,543,-3161,12206,2105,-4336,13861,269,10372,17937,-694,6263,11753,4874,-2163,9568,58,778,20983,11869,-12170,9371,9954,4478,8039,-1634,10723,8583,-3002,1795,17432,-1006,5414,19010,2106,-1026,9036,13274,-13970,15809,-822,1915,14804,12806,8751,13993,4482,12293,13284,-303,4457,10126,629,-11512,13735,475,-617,20103,6251,2787,8935,12243,358,16401,-2169,15132,12347,11957,4511,18015,910,-5988,9877,688,-3352,12256,1003,-4908,13740,1941,11287,18647,-787,6383,10749,5734,-3854,13264,-1800,3006,17471,11076,-10126,9398,11953,448,10756,-1818,12845,8390,-1538,4255,16958,-969,1721,18661,590,318
9944,10340,-200,19998,-5707,-950,4281,9780,-3818,13800,12067,-5904,19255,580,6972,11097,3896,7761,8040,-5346,4186,14926,-1577,3233,14688,9157,-7883,18318,3227,-4747,7204,9175,1154,16719,6257,8886,15522,3493,13230,14108,3238,-401,10619,-2486,-11040,12729,1627,2085,16916,9050,1762,13691,6885,5427,12768,3763,8012,15596,7450,1727,13305,2490,1202,17128,1389,-7958,9835,1041,-1022,14546,-3522,13262,12643,7189,-565,17853,-767,-461,2972,4854,-3354,18944,11562,-5150,17558,5050,5758,9794,1686,5886,7299,-3308,5523,16255,-420,4225,17709,3465,-9733,11900,8690,-3972,9712,2159,1383,17198,11062,4987,16848,4223,13740,12800,2897,3387,10393,-1731,-8586,12091,-189,560,20402,6727,-418,9452,10905,5120,14265,-895,9746,13916,11569,-1048,17719,2485,3284,13354,1110,-4314,9901,-230,-6592,13245,-1302,13061,18280,4798,5033,12063,3296,-3714,10033,-383,984,19829,11477,-7418,12321,8578,3346,9293,748,5951,11179,-2581,3898,15252,-66,7159,19157,835,-5341,7301,11918,-10980,16763,-853,6682,14469,13525,2469,14574,3823,11818,12895,2119,6772,10842,580,-9314,14036,-1888,-2616
13706,2241,6126,17170,2578,-6202,11486,8874,-6184,12522,2720,2847,16062,9894,5405,13272,4142,9222,15078,1841,3300,11212,-1070,-4418,11755,718,119,19806,4867,156,9904,11055,3205,15639,-2230,10634,10811,12164,-1234,19883,921,3101,11897,4308,-2324,11642,-2227,-7362,11082,454,7861,20396,4468,7581,11134,7629,-3274,14043,-1102,2606,15938,8817,-5311,12787,6944,3334,12011,1718,3261,14326,-696,-134,10603,470,8801,19249,-311,-2536,8303,11764,-9300,19388,-225,4604,10623,12651,3346,14104,2833,8169,14606,1211,7706,11139,1366,-5620,11469,-515,-1247,20514,3239,916,9880,12310,-823,16200,-1973,9510,10564,12009,2928,19673,1243,1406,9511,4792,3948,15026,-962,-9060,11128,1516,4588,20178,-1131,8341,8020,11845,-1642,19333,-3573,277,10500,9635,-4394,13133,7123,-908,16099,-682,7043,11803,3867,-1673,11633,-2287,7315,16930,772,2852,10388,8546,-6616,18661,1509,-1970,9726,12705,4242,15740,3243,5775,13192,1544,7905,12402,2472,-2247,13233,-1290,-1331,16750,2594,2139,12126,9304,-1275,14593,3344,6268,12986,6413,6933,15923,5276,-681,11327,2328,3230,16983,2335,-5303
12205,551,-5326,9423,2445,3486,23483,744,3636,6666,14581,-3936,18082,-3092,6542,9567,11727,3545,18624,-945,678,10520,4173,6828,16707,1964,-7689,10258,1320,2930,18732,-1735,5057,8830,13839,-384,20006,-1535,5050,11816,9519,-5016,12128,2435,-1792,14197,-246,8005,12470,4969,-4060,13887,-1297,4000,15463,670,4908,9884,11143,-3652,18479,691,688,11217,10743,3023,13677,2933,3259,13977,649,7262,12387,2510,-1894,11802,-164,1075,19343,1362,4290,8979,11483,-3118,16913,966,6616,11792,8651,2527,16947,2582,607,10462,2522,2141,18492,3967,-2136,9857,-94,-245,16512,-2013,5133,10842,13161,354,21006,431,2703,8710,6833,-1646,11850,3467,-3272,15703,-172,7013,14664,5946,716,11842,-2360,-1250,13948,618,6533,12073,9763,-3303,18405,2814,-1195,9762,8208,1692,14120,4224,3989,14145,1331,7094,14451,3691,-1157,12113,-2093,43,14684,2313,5099,13940,9177,-2321,14772,6085,1763,12847,3883,7095,14823,5309,1409,12156,1294,903,19123,4408,-1892,9691,15,-310,13774,-1874,5097,13905,9577,-541,18462,3469,4360,7966,4906,-605,13382,5100,-6170,17321,-143,7670
12597,4482,-1023,14371,1247,-4776,10997,752,6154,19146,1497,3828,9077,11877,-3612,17329,-1604,7525,13449,10296,-5040,14204,-231,-1500,12018,1020,6857,13725,3509,-2804,13189,837,4142,16182,-159,3219,8969,12971,-5296,18534,573,5882,11450,9821,-966,13796,2078,4900,13950,845,8501,13979,910,-7424,8874,2803,3225,22463,533,5829,6938,16044,-3926,19033,-4650,5176,10049,11757,6363,16930,-361,-134,11497,3226,1692,16310,1573,-7031,10907,1852,5977,18269,81,4800,8823,12777,-4176,19025,-2225,7050,12636,10942,-3192,13111,665,-2650,12202,-283,6519,13950,3991,-2560,13862,1582,3917,15668,-1388,2870,8821,13002,-4768,18970,716,5785,11193,10136,-347,13110,2308,2687,14649,152,11030,13661,1530,-6743,9130,2924,-95,22257,-777,7064,6610,15695,-1951,19517,-3797,2931,10066,11642,5346,16836,772,1523,11478,2559,3717,17034,2268,-7300,10920,2346,4007,17855,-692,5970,8731,12501,-3554,19702,-2954,5492,11313,11417,-2702,13540,911,-1868,12018,-764,5633,14361,3183,-811,13308,2599,3143,16263,-1704,2287,8803,12413,-4617,18564,121,5018,11523,11078,156,13526,2931,1367
12230,-907,6050,13827,2206,-1785,12923,2321,2954,16819,-961,6040,9146,11639,-6603,17857,129,393,11457,10594,3905,14081,4364,2499,15310,-877,7039,11173,1351,-1078,10424,3464,-872,23030,-1092,5218,6486,14968,-4320,17168,-3627,6397,12901,11405,5943,16009,1357,-1111,11949,2339,3565,15154,2607,-2616,12056,1852,-59,17727,-1267,5632,8599,12325,-924,18775,-2099,4173,12485,9220,-4592,13903,3515,-642,11723,-113,7297,13938,2367,-3131,13894,2348,2766,16157,-805,6752,9292,10334,-5954,17006,1075,-857,12617,9497,4717,12883,5342,2604,16083,-1039,7765,11025,1363,-2909,10836,3832,876,22963,-1014,5507,6358,14462,-5884,16512,-3636,7093,13058,11709,8416,16433,1260,-2881,12154,2581,3256,14566,2003,-4048,12651,1898,1959,18140,-42,4701,8869,11172,-1921,17184,-1775,5315,12718,8929,-4510,14738,2956,-660,11256,1506,7374,14189,1280,-3037,13663,2326,3400,16323,-665,4362,9910,10745,-4695,16081,1681,284,12685,9176,3256,13721,4774,4674,14808,-163,8206,12443,246,-5789,10029,4603,4831,22369,-508,2515,6575,13245,-3316,16046,-2747,6624,12840,11891,4123,17121,147,518
10550,3278,2943,13136,-962,1936,17897,1813,-1335,10637,9582,564,17834,1449,1838,11767,7841,1990,15583,4908,5146,12251,1685,2130,14940,3194,-2527,11780,-82,-992,13944,143,4079,13598,8711,2141,19150,411,818,11357,6793,-2047,12820,7006,1351,15133,-1514,2878,9585,4384,-855,14330,596,3054,16606,23,6740,8677,8313,-5593,18668,907,-761,13537,10886,904,12689,5494,6270,14336,-737,3928,10587,2841,1222,11611,1967,-159,21803,-906,4269,5777,12367,-5602,18622,-2318,6708,14711,11671,4240,14185,1936,2849,11255,2710,2588,15771,3167,-4237,12653,553,1270,15194,443,4446,10111,8342,-1537,16919,-377,4246,14945,7665,-4607,13055,5325,2532,13579,812,3385,12386,3760,-3031,13763,954,6478,15562,-121,3758,9909,7470,-6195,14751,2309,1330,14484,9304,3669,13072,4488,4917,16018,2571,5280,12254,428,-1177,10415,3409,6635,21096,1291,-2367,8367,9544,-3096,11809,-879,5264,17116,9152,4775,13975,1569,2667,13507,4989,-495,15640,2478,-2511,13227,-702,5967,15621,3802,-2308,13987,4301,3275,8619,2766,1016,15911,6349,-3334,15713,2876,2891,11058,5755,1621
13725,-450,6022,15101,7853,313,17117,-534,1585,7831,4955,-763,15925,6384,-3022,15651,1832,5780,8861,3305,-1032,14853,2341,4302,17320,980,4222,8024,6747,-1366,17985,-66,-3817,13066,9956,-524,13630,6733,7239,12747,-475,5433,12348,2332,509,10160,2486,2726,21514,729,2340,6479,13095,-3318,19531,-5617,2057,10844,12815,5093,18603,1491,3887,8673,1373,1645,15518,3685,-4496,13283,3030,1873,14218,1110,4018,10865,8526,-2223,19215,-2092,7293,12414,7718,-4936,13491,4325,-1393,14212,-327,5282,9021,4657,-638,14041,3103,5302,18844,-909,4117,6484,8808,-5025,15992,736,180,15438,10489,-147,12648,2333,5940,13958,1147,7621,12804,1952,-1986,10211,4081,4930,20718,3391,-327,10071,9241,-2977,11899,-2080,4308,17578,9177,5546,13832,-79,3712,11916,3359,-2835,15211,4010,-3568,14461,1229,7371,13789,6138,-1945,15976,2188,2324,8980,2563,3507,15576,5793,-5582,15859,2155,939,11072,2688,518,12554,2612,6732,17136,1727,3826,10683,6193,-1627,15525,1825,-457,13816,8282,-417,13821,7022,-396,12540,-1319,10321,12858,2416,2426,11584,1551,1732,17107,1845,2202
17976,1170,-121,14633,11223,-501,11986,2183,5079,14699,-2221,8511,13977,857,-61,9433,4049,3536,19796,3515,463,9993,13428,-5270,15744,-3161,6657,14162,10160,3512,14184,-1532,5482,13228,832,-3888,14565,4873,-2342,14000,730,6272,13052,6314,-196,15334,5560,1417,10903,2523,5021,16083,8169,-5291,16732,438,-1188,11115,1741,1042,10984,429,5028,16936,1143,6513,11909,6533,-1510,14176,4539,-2752,13140,7507,-856,14863,7406,2346,13104,-1655,7026,11497,622,5619,12214,317,-292,18055,1882,1468,10492,15502,307,17710,-2339,-693,10179,12447,3499,21089,2032,6089,9275,650,3257,13630,-350,-5952,14333,2488,855,13913,2826,5680,12107,9735,-932,16369,-1681,3263,16011,8535,-167,10531,8145,-2469,11770,-3004,-284,8992,-682,2157,16130,1300,6066,18504,-2212,6931,4010,11081,-10014,19666,211,635,15320,16270,3543,12168,2888,3000,13853,-2736,7027,11686,534,3031,13421,108,-535,17734,5996,-2290,11149,14001,-1163,14473,1518,9156,15517,11654,1574,15193,-2426,4704,12671,674,-452,13725,2073,-5759,14562,508,4064,13649,4801,3252,17182,1897,4134,7032,1326,-405
10193,2791,-462,15420,-2359,-12067,10119,4290,430,17905,-1409,8530,11214,6378,7710,19170,-3916,50,5396,9032,-4982,10581,13322,-4787,19872,1554,1904,10410,1361,5629,11004,-4710,10638,17093,656,662,12598,9936,-5761,18199,4696,-9461,9181,13018,2731,14016,3398,12291,14328,-819,8773,12979,723,3362,10047,1123,-7203,19379,1820,-4292,10056,13527,-9,18447,-2394,10352,10299,11396,8108,18036,29,3794,9097,3526,-2925,15881,-234,-9259,12299,2747,527,16563,-1165,11777,9274,8830,3209,19447,-1776,893,13805,9815,-6572,7600,8844,-2848,13367,-1361,3388,13645,477,4072,12694,840,9303,17392,-1298,2825,6812,12411,-12177,22077,-263,-1868,11004,14992,5506,12834,341,8606,14292,493,7954,13705,745,-588,10336,3200,1055,19484,2348,-7361,9710,10687,-860,14988,-1600,12345,14011,11432,4495,16046,848,1016,12480,3092,-679,13868,1398,-5992,14005,-1312,4458,15469,3488,2799,13594,6274,4293,9814,2303,1243,17065,7673,-7951,15487,3293,3776,10451,3830,2432,14220,-1056,937,13733,1736,8709,15137,4055,238,13417,7797,-6284,11057,4429,-1628,16324,7062,5537,11164,3016,8783
13653,77,2345,14960,1907,9082,12185,3989,-2891,15614,2312,-2072,8138,6908,917,16531,8468,817,14456,3230,6507,14532,1546,1999,6606,-920,6469,19463,-8,699,12572,9226,-2337,16961,-56,234,8211,9856,200,21740,5236,8723,9181,2509,2955,14535,2021,-2803,11898,1811,548,15501,-330,-95,13940,11307,239,19555,-1055,4480,8077,8574,-1114,16110,5271,-4,15531,754,3583,7263,1839,-3082,14268,912,1607,19455,665,7467,7899,8743,-704,19188,-2030,-3022,12450,9558,153,10385,9117,4899,14307,-764,4188,12698,872,1932,10481,1863,3020,21900,-1252,3267,5474,14747,-4462,20973,-6021,-847,11926,16073,8135,16736,1103,4868,9952,1772,2135,15466,2585,-2707,12386,820,869,14820,3522,-2,13354,9087,-1371,16701,-1433,7837,12210,8522,-2990,15360,4971,-40,13243,-1283,3791,9212,2200,-2670,13852,2752,4600,18074,-125,5411,8863,8034,-3608,14792,99,446,18214,8963,-1118,10700,8438,3993,13632,-1003,8571,8646,1051,198,14061,1470,6345,21666,1225,-283,6190,12144,-6277,15291,-3735,2809,16967,13295,4449,13337,481,7589,12780,1793,-1566,15102,3961,-1472
22620,31,-2823,5541,15072,-6585,18340,-4745,5129,14520,14513,2238,14936,-1477,6976,11506,2267,3073,15680,3737,-5393,12691,254,1673,14108,6259,-742,15324,7152,2399,11184,166,6479,16137,5231,-3554,14910,5130,951,12835,-565,802,10827,2494,-3019,14846,1675,9635,14100,2381,1010,11748,7620,-2538,12683,1971,-1079,18853,8357,1715,11482,5378,4508,15856,170,5604,8541,224,830,14226,2857,4721,19825,4232,-219,9630,9163,-2893,11374,-399,2746,19732,9539,5535,11366,824,5893,14341,1510,-3606,13975,4644,-162,14301,-739,2402,13006,9316,-3786,18632,1462,5657,5918,4317,3167,17839,5326,-4691,16411,3263,3155,10537,1395,-1201,12599,1538,1720,16529,1256,6217,10286,4837,2620,15871,3463,-3220,10939,6918,-2093,15671,6807,871,14138,2554,9722,14288,202,-829,7678,606,5423,18859,2215,2675,13599,10308,-1927,15695,1413,-3466,9820,7521,3333,20921,4520,8467,8164,1191,2403,16302,789,-5798,10986,4279,2871,15946,-878,2338,12698,12930,-2049,20715,-2739,4494,6766,7407,3328,15642,4432,-4340,15896,-301,1746,8192,2801,1436,14366,1774,2216,17780,668,4555
17112,5497,5087,8049,6527,4478,19964,5323,-5251,13436,4413,1541,12147,-2633,-1868,14043,2673,1790,15119,980,9197,10984,1057,606,15061,3123,-3053,8232,3117,-94,13972,15678,-489,14232,5950,6901,17939,-2405,3655,8372,-7341,6182,9025,2544,1200,14095,4998,-2324,14613,9025,-5604,10875,5763,6347,18608,9806,7277,11911,1598,6362,16037,-1867,-3159,10627,1282,-5245,14207,2075,-808,15987,12617,456,16850,5002,8880,9302,5829,6051,16994,6235,-6628,15635,-1259,-1032,7338,229,-2144,14871,455,2392,17915,588,9868,10042,3183,3020,15336,226,-6577,8881,6781,-2641,13764,16205,518,12379,2987,9069,13969,-2357,5845,12431,-8476,7941,9971,4632,-2459,10138,8930,-4933,17450,6590,-7044,12083,10082,8220,18600,6331,12285,8780,601,2882,17904,-2468,-4296,9587,1172,-5771,12688,3713,-1296,16500,12267,2334,16868,3348,10931,10638,5940,5013,14900,6443,-8305,17055,-3803,-2128,5405,2106,-1308,15187,-14,5617,18172,-389,8319,10326,5079,1413,15755,213,-2535,11447,8982,-7873,13037,16663,5010,13095,-597,8651,10609,-1056,6454,14670,-7483,5236,12052,4673,-1859,8095,11991,-5110
17310,193,-2286,13341,9654,-2167,12108,8643,2375,14969,-1620,8268,12427,1969,6102,12041,1809,1406,20170,-69,332,6965,15400,-3913,18704,-2834,-1281,12265,11717,5440,16621,2079,9335,10325,1019,4703,17765,2027,-5893,11076,2771,-4212,15831,74,4817,10417,11011,-267,17868,-2447,6287,11841,8847,-774,13800,4284,-1130,12277,-1871,856,12349,1641,-2424,13275,3753,5245,19475,-1227,8611,7351,11685,-5201,18655,-527,-894,12166,11097,804,12762,5218,1926,14779,-1325,6775,12701,2267,2940,10858,4088,1625,22214,-702,3112,5841,15154,-4886,18825,-4540,2365,12042,12478,4993,16463,902,4177,9762,1392,5129,16701,2157,-5053,12141,2660,-1100,17085,-205,5554,9080,11485,-2065,18279,-2525,4941,12707,9630,-2880,14166,4362,951,11290,-1767,4440,12596,1371,-4315,13988,3300,4844,18451,160,6757,8295,11827,-5619,18083,-633,451,12913,10763,3232,11678,5998,2443,14783,-2308,5818,12282,1428,-963,10716,3918,2571,22683,-564,3935,5280,14511,-5313,18629,-4828,5536,12164,13175,5381,16618,1055,572,10484,1692,4612,15747,1828,-5170,12000,1010,1474,17440,1478,4812,9832,11526,-3068
12629,-183,3091,14388,14851,7735,17386,2323,7122,13333,-2473,-1322,10392,1555,-6247,15453,276,2969,16391,9240,-1213,14043,8044,3360,12745,6056,9609,17253,8290,-4786,15038,-18,-2753,9044,-998,-542,15834,1281,2387,11958,173,8188,12774,-2199,839,14425,3671,-2992,8207,4482,1123,15137,17304,-4815,13731,7125,7670,15792,-1844,9562,10255,-10517,3907,3215,3791,-478,15765,1964,-1140,13022,13929,-7433,12656,3284,4198,15669,12533,10611,15683,1771,8438,14774,-3616,-2385,9500,1096,-9142,13858,2463,392,18231,10115,1323,13528,7792,6973,12196,3917,8105,16335,9711,-5132,16949,-1511,-5368,7224,-333,-2081,15153,-111,4821,13940,-958,10837,12088,-385,1044,15647,2080,-4919,7769,7147,-1012,16457,17722,-4854,11810,6237,8829,14633,-2020,11228,12540,-10967,4663,4006,4939,-2449,13658,4021,-4720,14034,12963,-5730,13177,4686,6192,15368,10755,11350,13689,1359,8921,15644,-3166,-3401,9689,1187,-11809,12669,2099,261,17874,10162,3404,14649,6197,9529,11729,3659,6053,15912,10178,-5593,17392,-1757,-5967,7144,749,-2270,15156,-602,5440,14995,-682,12449,11882,1608,2006,15571,1634,-7306
13097,5878,4105,14442,7894,-8259,15276,-1931,-2158,10329,-1300,-915,12482,917,3630,17544,-4241,10942,10865,3223,2504,15306,-584,-7835,11080,9503,-5617,18218,21091,3661,10943,1078,9760,9151,-2032,7658,15847,-12274,6209,6780,5645,-4415,10253,9163,-6460,15918,7889,-6586,14552,9384,11271,15821,7212,13050,10381,1802,4057,15880,-2387,-5783,13294,-1222,-8807,10189,3845,-811,17319,8215,4656,13857,6067,11227,13447,6019,5334,13705,8460,-9393,15548,-2988,-3747,8651,438,107,14511,374,5349,16606,-2576,9891,11112,3218,2131,16298,862,-6630,8788,8503,-7980,14380,19313,3815,16842,-175,12054,10661,1392,5851,14179,-11155,5464,5673,6291,-3627,10598,7947,-5853,15453,8387,-6569,14990,6303,10576,13736,8696,13533,11943,1041,4866,16010,-853,-6812,12205,-121,-7909,12212,1726,358,15872,7906,2813,14941,3165,9440,11951,7218,6923,14885,8196,-8175,15228,-2077,-3411,8527,1106,-792,15322,-312,5566,16354,-47,9578,12118,3809,579,15281,1982,-4486,10296,7363,-6974,15393,17002,1839,14625,1787,11599,12311,976,6293,14136,-8626,4900,8305,3469,-2002,10806,7074,-3821,15325,6666,-7712
14026,10988,-2255,13490,6908,3226,13277,-399,6892,11831,1749,5362,11958,1977,1374,20689,307,2710,7769,14020,-4927,17326,-928,558,13285,10212,1876,15832,2768,8002,9962,382,6531,15380,3069,-4499,13096,2032,-3554,15400,-1419,3311,10008,9931,510,18705,-1903,3541,13543,7893,-1234,11832,5945,535,13330,-1695,3573,10926,3419,-3968,14169,1553,4516,18700,-895,8735,7219,10804,-5969,18673,1323,-1218,13810,12561,1703,13468,4973,4473,13315,-1681,4857,11721,982,552,11354,3830,2144,22587,-550,3954,5587,13359,-5799,17697,-3652,4944,13497,11906,4921,15650,1657,2153,9838,726,4001,15429,2984,-5308,13232,964,2336,16675,-299,4604,9269,9670,-1992,17462,-123,3056,14712,9039,-4203,13348,4997,1485,12002,-808,6262,12636,2590,-3225,13946,1814,5480,18258,-994,5119,8178,10448,-7720,17012,1802,620,13449,11076,3370,12668,4465,5130,14183,-1123,7466,12755,97,-4747,10109,3638,6993,21662,680,-1445,9449,12015,-3248,13311,-1542,5014,15179,10478,3816,14145,2044,2713,13411,2356,1159,15238,2562,-4357,12413,-343,7508,17639,2408,284,11383,8634,-1751,12988,1635,3887
17530,2861,6406,9427,1242,4113,14299,3376,-5568,13096,945,275,14317,556,7249,12376,9235,-3244,19339,-1071,4138,13005,8244,-5138,12369,6569,1374,14861,-2058,3153,8225,3824,-2052,14212,366,6693,17630,-778,6846,8000,9863,-10050,18211,1207,1924,14596,11822,2592,12771,4297,5542,14147,-1665,5353,11104,2223,-1660,9862,3680,4631,23703,598,341,6676,12895,-6017,15802,-3070,7987,16320,11129,3603,14603,1955,2430,12161,1522,2764,14531,3566,-6436,12647,-1061,5359,15418,2623,2505,12140,8592,-186,14805,-439,4353,15364,7506,-5724,13775,4817,1594,13019,1010,4617,12699,3158,-1949,13162,1230,8744,15639,1034,550,10992,7921,-5784,14371,2058,293,14572,9874,2370,11982,3694,5864,16676,1116,5357,12334,1131,-442,10543,3252,2711,19017,3250,-154,11262,7812,-1010,10850,-591,6064,18270,9639,1717,12942,941,4353,13486,3269,-2425,15133,3991,-946,14130,-790,5651,14263,6063,-2656,16244,2441,4332,7187,3925,539,16903,5742,-6559,16361,3126,5271,10499,4541,-670,14673,983,3884,15123,760,5873,12107,5064,-685,14969,3242,-2540,12223,6010,-1608,13143,7407,2014
13371,1432,1107,13009,3589,1270,13011,2199,10356,15067,851,-3266,10922,7800,-4205,14710,2218,1893,14830,8300,1730,11294,2602,5875,16625,1503,3512,11648,2223,1156,12382,2677,1448,17092,5937,9,12943,6017,1084,9935,1111,4483,19944,7839,1813,11686,1051,5668,14156,3074,-5428,14142,5025,-332,14723,-1688,5293,12644,8208,767,18169,-321,3468,6706,4763,-791,16862,5695,-5547,16499,1976,4961,10074,3440,-2652,13319,1713,6859,17267,2009,7085,10644,6206,-2502,15714,1943,-4740,12880,7410,-77,14214,7094,3624,13177,-2,8496,12761,2846,307,11469,773,3864,18013,3243,1423,12122,11021,-3430,15604,-1022,2272,10928,8257,5851,18815,2521,2102,8965,424,1279,15148,4018,-4501,13412,3853,3095,14412,-1065,3822,12317,10064,460,20533,-1133,3789,10535,6542,-2813,12189,5106,-3947,15944,-1494,3800,8317,5528,2554,14852,1879,1178,19225,-231,7653,6371,10935,-2895,19239,-515,-4895,13618,10111,934,13120,3922,8090,11904,-30,3187,13721,2229,1600,9686,3449,149,22476,-95,5057,6082,15722,-4315,20418,-6976,2422,10810,13155,7783,17325,-509,4537,8920,1384,-3442
9059,3482,-227,23224,101,1366,6837,15687,-2193,19164,-5200,3255,10587,12858,4606,18864,-1668,2764,7668,2707,2838,16779,2291,-5598,12146,4904,1307,15240,-136,5509,11102,10712,-818,20122,-2617,4588,12511,7548,-4794,11806,4612,-64,14490,-2432,3092,9230,4824,-2808,14429,1541,7772,17012,1251,6227,8126,9539,-8416,19141,132,1802,13717,10459,1408,11365,3438,4331,16265,-863,5758,11769,2359,-440,9210,3779,7229,21728,1764,-3847,7989,13642,-3938,16803,-3887,9140,14466,11132,1471,14322,-1429,3097,12459,2513,538,15369,4700,-4147,13374,217,6846,13660,4771,-1420,14743,6504,3496,11460,668,3507,15878,5535,-8077,14810,3445,1379,13565,2032,3880,12619,3408,-1294,14393,1441,8163,13016,3469,691,12973,7061,-2145,13756,3358,-1499,14196,6424,1595,11916,2838,8280,17085,1804,1591,11371,853,-124,12692,3325,2988,16359,8160,2055,13381,4150,-3097,10092,3460,4924,20674,5232,6158,9742,1463,1531,15007,1540,-7113,13864,4549,3009,13338,-836,4390,13034,8828,-989,18603,-289,2262,8910,6700,3493,15380,4085,-5719,15430,1145,1460,9448,2687,1730,15116,3751,4816
12518,9991,799,19463,-671,4140,7287,7173,-1121,15253,4010,-2977,15169,1152,4329,10085,2074,-581,13101,2532,2196,19632,19,5567,7142,9646,551,18983,608,-4294,12431,10579,644,13423,4119,5902,13437,885,4724,13059,367,648,9249,3056,501,23072,408,4859,6365,15568,-3574,19361,-5780,1150,10437,13752,7648,18843,-1787,2475,7949,2844,981,16985,1656,-4551,11879,3803,3409,15450,-221,3325,10803,10691,-2526,19533,-1610,6360,12252,8599,-3642,13111,3098,-2040,13566,-1201,4511,10698,4294,-332,14048,3200,4879,16720,-1491,4060,7982,10134,-5044,19280,2540,982,14134,9900,7,11348,2766,5265,15114,-256,7589,12554,1778,-1913,10775,3596,5503,20235,1792,-1249,9036,12260,-2963,15416,-3097,5468,14859,10767,2060,13729,-1163,6519,12879,3163,-2525,16026,3649,-4072,13430,662,7165,13514,4946,-579,15582,5184,1727,9081,2390,2822,16813,5207,-3956,14615,3100,557,12865,2497,232,13454,3091,2558,15071,298,7707,12123,5107,-1850,14378,4379,-573,11829,6138,547,13456,6713,-1495,14545,809,8679,14155,3072,2469,11808,-615,2116,14707,2959,1726,14782,9696,512
11857,6934,-2864,13660,6582,3964,13893,2059,8901,14115,1338,1499,9640,790,2194,19501,1950,2678,10358,12009,-1169,17321,-2077,-1013,9482,10190,3125,20509,2445,8706,8232,2445,-1148,16084,912,-3329,11434,3821,2193,15865,-1055,2460,11259,10947,36,20819,-2080,3389,9392,8313,-1841,13890,3704,-2577,14352,-251,2332,9253,3444,1211,13839,2704,4124,19825,-1500,4992,5059,11517,-5185,20776,-120,495,13183,11251,892,12183,3274,3234,13569,541,8882,13511,1056,-1838,8858,4146,3274,22827,-1100,2355,6015,15237,-3543,19179,-5437,3564,12167,12982,4274,16059,-1777,3867,9951,3572,1104,17277,2488,-6558,11954,1805,7879,15075,2208,759,13312,8628,-1268,13778,-644,4078,14154,7680,-3460,15671,2698,509,12344,2709,1062,13886,2397,1072,12467,2147,8863,14809,1170,-2518,11307,7727,-2789,14397,3627,2512,13381,7959,-746,13457,1502,6653,15164,3215,4174,11615,-121,258,13349,3295,1695,17374,7111,1066,12658,5274,-200,10218,2454,3594,19547,6103,2096,11585,1859,6725,14159,2759,-5975,12972,2827,-17,14732,-384,4963,13783,9319,1155,17929,-954,1653,7211,5633,-877
9642,1341,2088,14929,2029,-6598,12584,3397,3588,14341,-186,5089,12820,9627,-2015,20059,-1067,2454,9468,7178,115,13598,4921,-2652,15213,-569,588,8639,3618,1653,14164,3054,4261,19573,-812,6077,6012,9263,-5451,19571,841,-888,14607,10964,1979,11223,3600,2992,13823,-975,6865,12978,3067,2119,9954,3391,-400,22197,-311,3540,6403,14817,-3179,19325,-4920,3882,12083,12923,4534,17110,-1755,3886,8370,2865,668,17086,2486,-6739,12885,3050,5745,14472,2532,4039,12078,8546,-1199,16768,-1888,3604,12882,8036,-3207,15868,3063,-38,12093,1090,2369,12716,2087,-284,13042,4231,9441,16385,19,-373,9023,7518,-5051,16083,2660,439,13866,10073,2666,13148,1060,4907,14679,2247,5677,12917,326,-75,11518,4820,2128,18951,5104,-606,11325,7007,-268,10886,945,6076,19250,7532,1291,13046,108,6353,12260,3597,-5518,15370,2656,-1546,13248,919,5531,14605,7410,1057,16773,1117,3001,8599,3483,606,14211,5695,-4536,17398,2106,3214,9302,2921,-150,14075,2020,4945,18060,2196,5075,9447,6573,844,15868,1420,-5715,14823,8741,-1909,12175,6528,7331,13601,-544,4770
15103,3364,7884,18933,-795,7843,5525,9215,-10568,19923,1231,2167,14613,10909,3410,10797,2950,1217,15226,-1180,6623,13039,2915,3098,10293,2873,3320,20772,1976,-1587,8926,12917,-2691,15072,-2320,7291,15800,9055,1026,13421,-443,3365,12513,2565,1386,16400,4516,-3431,12797,455,3802,13762,4251,1460,14788,6464,3341,11872,218,179,13324,5956,-4553,16807,2951,2517,11993,3550,469,13264,1186,49,15394,2807,9925,11492,4339,925,14667,3113,-5983,13316,7762,-747,13970,6057,3263,13167,1007,7046,13385,1599,1271,11837,1671,3898,17959,2994,3247,11875,11665,-2277,15742,-2317,-266,9481,9912,4442,21902,1410,6373,8350,1337,-647,13562,2658,-3073,14714,3512,4003,13491,903,509,12773,8032,1684,19226,-4,3616,11373,6579,-2700,12767,4461,-2924,15589,-421,2943,7781,4105,255,15115,1928,5408,18888,344,5865,6407,10119,-6290,18760,926,1351,15087,9568,-157,10359,4352,3840,15696,-741,8112,13230,2506,394,9938,2612,2675,20069,2706,934,10046,11803,-3612,14405,-2356,4921,14792,8616,2655,13437,305,5978,14007,2077,-3326,15537,5512,-1787,13604,-211,4959
19355,-5462,355,10387,12504,8895,18403,-712,3921,9769,1428,-358,14810,3427,-4504,14163,3070,3408,13973,2733,1843,11587,6375,-2386,17099,689,7253,13050,6718,-1909,14273,2339,-3040,14728,2395,3300,11449,3515,432,12868,1182,5175,16977,2279,2170,10812,7076,-795,13742,3612,-760,14664,8057,-291,13225,641,6449,12437,3622,4553,13921,-549,1414,14306,3851,3078,15506,9226,-91,15606,1831,-1326,8032,6115,817,20383,2853,7675,10885,2063,4621,12632,2052,-5548,14500,3394,-122,15530,2603,4031,11768,7218,2061,18220,-392,6,12546,5945,2446,12612,5433,-1562,14382,-354,-730,9421,3434,-1033,14320,2179,7564,17969,1226,6628,6864,8332,-6971,18541,-130,94,14853,12345,1815,12861,3285,2183,13458,-470,6087,14221,2176,4475,9928,3163,3376,19789,1922,-2350,8933,12601,-4096,15888,-2097,8469,14874,8121,-450,13752,-429,7233,13396,3414,-829,15245,4178,-4335,13971,1043,2993,14051,5738,2539,15037,3988,4344,11303,2069,-1096,12039,4246,-1749,16814,2522,153,11641,4054,-134,13409,1959,2174,16737,2116,7426,10668,6465,398,15981,630,-3344,12283,9068,-2467
11026,3743,-991,13361,1408,3031,17928,1472,7927,8402,8845,211,18062,-859,-4354,12777,11600,-708,15177,5074,6240,12427,-1240,4255,12200,1810,1548,12218,2259,7490,18119,1535,-355,8734,14051,-5638,19328,-3535,4110,12006,11532,5377,15717,-2030,2741,12451,1716,1032,14673,4418,-2920,14022,1143,2308,14036,5226,406,13399,4608,1788,12895,2559,6291,13256,4565,-5318,15411,2012,1117,12589,4067,-1164,13389,2472,4350,15477,2017,4238,13031,4608,1381,14529,3180,-73,12636,7887,-3938,15145,6639,1817,11977,-343,7957,11663,1851,1717,12843,372,1602,19328,2377,5905,9124,14472,-4159,18722,-3102,-2322,9668,9893,7797,17651,1139,6641,12711,1195,931,12819,2928,-5080,14627,1691,1868,13964,4614,3410,11872,6956,-1733,16067,-307,4072,14617,5845,1425,13027,2995,-3046,14926,3014,49,11748,3292,-289,13362,1339,8248,15170,2718,2576,12107,5731,-3520,13330,5393,1709,15632,7360,-526,10918,1752,5417,14222,1583,3134,13185,1395,5745,16715,1728,2592,12081,11113,-2116,18319,514,-409,8371,9377,1179,19058,323,6461,10980,1782,1241,12708,2066,-898,13998,2940,450
17630,-2320,3865,14015,9685,4350,13431,-157,2402,15018,1322,3846,13755,4291,-2287,14180,364,-919,13173,6163,1425,14575,4964,3136,11785,1540,1915,13714,3538,-3515,14943,3150,3478,13092,3839,-2114,12357,2761,2184,16609,1659,5119,12022,6159,3430,15260,1386,-2819,12555,8410,-2042,14796,6079,4134,13401,255,5353,10640,1916,17,12368,381,4334,20731,2238,5358,7821,13399,-6164,20319,-3633,471,8934,12763,9421,18923,-740,3803,11099,1602,-566,14057,2206,-1484,13628,2675,2246,13995,4021,-719,12733,6388,523,14309,1033,5355,15987,4891,-314,12167,3236,-4169,15701,2436,2180,10823,4258,1119,14812,1475,5753,14361,2439,2688,12080,5141,-2240,13423,6238,-333,16017,6989,-1641,11409,1481,8045,11861,2085,3030,14276,750,4224,18073,2101,3238,10577,12585,-1477,18546,-2236,-2370,7900,10683,1230,19990,-225,8974,10513,1783,2864,13501,1525,-4998,13405,3456,1052,14529,2743,2930,11292,8498,-846,18896,-719,3361,13814,5688,1518,12251,4267,-389,15357,1172,-905,11234,4241,-1304,12811,1001,7458,16590,1586,3267,10143,7416,-2128,15008,3114,-512,16322,9773,2051
12818,1974,4709,17092,2476,7459,12161,5129,-13,14507,1611,-3000,12367,9410,-358,15899,6040,2422,11970,-209,4498,11223,1686,2452,12275,1235,4099,19950,2451,2810,8924,13262,-6036,19374,-3883,2436,9312,11681,7201,18368,-463,3381,11075,1253,1218,13984,3859,-2086,14475,2124,-607,13311,2813,1727,12140,6719,2189,16315,244,4110,14748,6278,-1607,13515,3509,-3285,14936,2050,4525,11286,3702,-2440,12826,1342,5713,16793,1869,5760,11479,7961,-4006,12355,3599,-1120,16666,6699,2572,10266,2824,6627,15500,490,1566,11361,1655,4591,18347,2155,2968,11570,10589,143,16896,-34,-2794,8460,8523,2331,20944,2651,8675,9867,1892,-2275,12609,1401,-1474,14674,2939,3469,14983,2223,886,10970,7360,-471,19019,-763,3510,12633,7105,228,12973,3649,-1634,14845,1232,-251,10040,4129,1751,14150,1270,5828,16729,933,1651,9009,7644,-1576,14071,2865,502,18145,9224,655,9920,2898,-176,16324,1834,9575,12908,1839,331,12826,1654,1170,15791,5714,2382,13550,7597,-3888,11324,2440,6066,18301,4892,3490,11550,1798,6414,13844,1641,-3041,13323,3511,-2367,16464,1512,3389
7857,10961,915,20356,841,7602,10300,2444,2656,12891,642,-3223,13811,3117,-720,15211,2891,3831,10677,8396,582,18710,-1637,942,13790,6605,1894,12889,4869,-1092,14911,702,1835,10569,3682,-2874,12821,1976,7602,16883,473,3408,9501,8027,-4496,15589,2063,625,15240,10382,1417,10885,2630,3196,16163,887,5553,13219,2178,2391,13310,1639,3019,15743,7410,-648,14412,4679,-2892,9983,5486,6531,19405,2842,4325,11121,1781,2873,12720,1752,-2645,14092,3448,982,15889,1835,1705,12014,7534,-1468,18672,-274,6579,10735,5913,-2841,13342,3820,-825,14545,1474,-16,10212,4214,1090,13554,776,3867,17799,-38,4867,7559,9783,-1451,18226,117,-1628,14617,11486,326,12171,3671,3758,15656,110,7222,12745,2045,-1015,10629,1275,6269,17531,3307,1174,11817,10936,-6131,14841,-878,4596,15529,8447,4784,12588,110,4546,15009,1237,-1454,13312,4606,-3313,15142,1204,3868,13541,7289,1178,16105,1312,968,9717,4526,4281,13677,3721,-1616,15967,2575,-1376,11247,3128,-1144,12436,2194,5866,18162,1116,4386,9942,6949,-1257,16921,1397,673,11939,10110,-3040,14922,5359,3816
14043,1493,4806,17717,-719,5117,7882,9046,-1131,17914,1072,-2233,14637,11908,682,12323,4055,2022,15334,-862,7280,12075,2531,2097,10984,2193,5505,18709,726,-971,9482,13605,-4471,17536,-2648,4969,14002,11267,1463,14226,-1231,6339,12641,2354,1544,15145,4188,-5130,14914,579,2217,12590,5624,3142,15308,3037,1497,10161,2860,2454,14873,4371,-2040,15572,4152,1466,12056,2933,-4437,12993,1698,5047,16013,2628,7364,12470,5011,-1222,14713,1480,-2373,12952,9039,-815,14849,6609,2921,12355,21,4763,11422,1540,3333,12953,987,2431,18761,2007,4303,9718,13470,-5040,19137,-4404,1304,9220,12527,7358,19553,233,2869,9506,1100,2883,14017,3142,-4144,15011,2277,946,13095,3063,2932,12794,6353,-486,15438,921,4311,16472,5377,-1385,11548,5869,-1276,15907,336,3013,10302,3788,-467,13194,487,4181,16946,1143,5910,9660,8863,-3508,15475,2494,-1384,15231,8267,1539,10989,2962,7382,14755,1489,1432,12304,1346,3086,16442,2510,4086,12808,8612,-833,16432,1868,-2565,9024,6842,2010,20307,3419,8300,9937,2449,966,13872,257,-3245,12654,4765,1731,17401,884,2515
8157,9488,1731,21304,2003,8977,9380,2376,-1551,13934,713,-2236,13145,4467,2680,15493,705,1422,10483,8801,712,19462,-1327,2267,12886,7521,898,12135,3884,-3291,15531,648,1939,9718,3804,596,13477,1574,6606,17279,223,1941,7889,8686,-3459,17515,1953,2209,15680,11140,-1958,11134,2412,4560,15575,1552,8047,13798,1440,-698,11212,2065,1815,16772,5100,2777,13402,8621,-2995,11696,1310,4938,17538,5320,3652,11876,2299,7042,14655,1363,-4818,12399,3819,-2700,16737,771,6148,12424,8065,-949,17457,-719,2164,9210,4690,169,13690,5846,915,16407,1997,-2178,10348,3417,222,12867,1466,5051,17952,1280,5106,8947,8275,-678,17553,-163,-3423,13047,11517,1066,14091,4776,3975,14112,-617,4374,12039,2326,2438,10387,1778,6477,19079,483,-1749,8731,13974,-4167,19101,-3556,5596,12593,12008,3198,15516,-1488,1746,12051,2198,4106,15283,3720,-4196,13378,1000,1384,13787,4226,1589,13312,6127,2141,12637,1412,4245,14655,5042,-5642,14807,3710,3714,13530,3014,-1871,11321,1675,1347,15865,2098,8276,13705,4381,1416,13517,3695,-2975,12650,6614,-3006,15680,6575,3765
12513,1239,2612,16872,2667,7752,11639,5544,535,14820,806,-2714,12740,9418,-2594,15927,7161,4491,12199,652,5309,10952,825,2276,12186,963,2507,20420,2061,4786,8925,13153,-4907,18806,-4946,-458,8814,13419,8359,20494,758,4583,9638,1609,694,13479,2302,-3724,14139,2111,2555,14425,2661,1254,11153,6943,-1858,17195,135,6856,14654,6857,-1585,13274,4401,-2981,14852,1460,2683,10866,3581,1094,12970,972,3827,16834,598,2981,9687,8421,-837,14913,3177,-764,15398,8574,-1419,11129,2873,8073,14529,2193,3505,13671,377,1775,14810,2205,3099,14108,9109,417,15865,1724,-920,8712,6693,230,20371,3292,7483,10501,3391,2229,13420,911,-2988,13786,3192,579,15316,1940,3293,12117,7421,501,18688,-1136,2144,11810,7000,972,12951,5225,-994,14752,619,-1144,9868,3295,-280,13538,2455,7727,18636,-536,4419,6516,8390,-4513,18403,681,147,15292,12073,1538,11419,3946,1423,16257,-382,7207,12458,2532,3349,10408,1153,2736,18159,3151,-992,11019,11268,-3126,14779,-1493,6165,15496,8309,971,13140,1242,6830,14425,2788,-214,13820,2981,-4795,14672,590,2666
9923,4288,5394,19257,3906,2752,11262,2835,5524,13501,1152,-2031,13989,3269,-1520,15603,1398,2242,12635,8349,18,18144,-718,3843,10379,4683,-1254,12931,5584,1149,15694,1954,-1349,10326,3516,-971,12596,731,6014,18561,280,6184,7609,9682,-2091,18042,-333,-3023,14544,11317,2229,12899,5237,2819,15190,-423,5060,11989,2110,2615,11259,1642,6878,17798,2230,-1631,10767,11556,-5675,15414,-1208,5221,15186,9365,4528,12535,167,2545,15021,1483,1198,13558,5061,-2297,15059,-115,1427,12828,6479,1426,16233,2186,2413,10727,4412,3687,12657,3572,-3555,16737,2322,496,10306,4388,-358,14757,1587,2498,16115,1853,4604,10317,6509,2558,16469,585,-846,13265,10519,-4992,15290,6167,5270,11699,-25,5557,11945,1889,3014,12172,393,2724,19299,1073,3453,7924,14788,-4403,20215,-4056,664,10916,12335,6381,17320,-54,5253,11581,1329,1539,13469,2703,-4684,14369,835,3949,13941,5352,662,12844,5146,-1436,14105,1196,4821,13940,7006,-833,15431,3328,-682,13905,2158,-1591,11237,2274,3582,15117,1997,6337,14850,4088,1220,13107,2565,-2569,11808,7995,1191,15862,7076,-1052
13908,1415,8365,17793,432,3659,7718,7869,-4492,18422,385,1818,14327,12927,-604,13748,3833,2620,14025,826,5924,12701,1127,3561,12017,656,3462,17047,4439,-871,12022,9035,-3540,12797,2335,4804,17195,6532,4493,12179,1219,4038,14716,2088,839,13015,2645,-3109,15725,1408,367,13444,7172,1892,15967,-135,2560,11924,5560,1894,12102,4561,-1202,15010,2482,758,10320,3771,-4173,13457,276,5542,18141,587,7956,7555,8069,-1373,18607,-165,-2326,13407,12263,-1088,14839,6535,3909,13254,-615,3980,12297,2260,4098,12545,-236,5745,16428,3007,1454,11361,11573,-6135,16724,-630,2937,13418,9606,5624,13717,-48,4904,14910,1921,354,12616,3309,-3751,15549,1092,2146,13541,6858,-136,15463,266,1133,11051,5597,5256,13383,4073,-2175,15367,2634,63,10960,4008,-1953,14188,1526,3569,17107,1134,6024,9407,6579,591,16677,141,792,14096,12365,-3521,15004,5635,2912,12229,267,6110,12325,1619,3852,12643,886,4495,16829,810,106,9226,13300,-3399,19213,-1785,2508,12145,10621,1388,15218,212,7063,13673,1905,2082,13202,2771,-4093,15035,-13,1027,13931,7208,2860
16465,462,3564,14918,2130,2290,11718,2097,-1050,14336,-488,-664,14106,6297,214,12999,6008,1024,12921,1155,2643,14724,4242,177,14165,4092,1114,14056,2822,-1139,11190,2750,189,16665,860,5973,11451,5626,3983,14942,1224,-3748,13020,9204,-991,16335,8089,3217,11292,1041,4024,11836,1040,1020,12891,-618,5203,18335,1262,6501,8883,13630,-7313,19891,-2479,-1373,9252,13038,9723,17931,-904,4476,13714,1752,-511,12753,2105,396,13643,834,2278,13904,5052,-3753,13132,5907,617,14540,2530,6151,14626,4628,-916,13030,2813,-1532,14988,3140,701,11953,3462,2634,15193,1187,3005,12597,3830,4657,14301,1826,-1762,13500,9858,-2596,15802,6936,1259,11337,1760,5652,10889,332,3282,12927,439,1925,19380,793,6552,8338,13323,-3737,20076,-2925,-3750,9031,13874,7262,18912,-985,7679,11931,2096,2067,13241,940,-4071,14260,1323,1710,14079,5839,-1197,12370,5183,351,14022,1400,3677,15639,5830,264,13522,3987,1122,14133,1979,-2852,10790,2588,1743,16173,2042,7461,13112,4144,1546,13426,1658,-2422,13190,8717,165,16577,7875,505,10869,1081,4311,11163,544,2306
14490,1915,-3330,12743,7798,-572,16590,7936,673,10426,2427,5192,12361,693,1225,12935,-25,4241,18647,1386,8660,9735,12515,-4973,19531,-3055,-4798,7954,13869,6239,20082,-323,6516,11329,2384,2797,12982,927,-1872,14042,2259,2418,13987,3866,-3312,11558,5712,455,16020,2329,5252,16326,4395,470,11243,4196,-1635,16168,2415,760,10610,3427,339,14660,797,4750,14355,3011,3525,12867,4725,-280,12782,6376,-791,16260,7717,-2003,10899,2235,7077,12246,902,3660,12864,1437,1314,20081,465,7311,8170,12675,-2271,19843,-3038,-4424,8049,13892,2352,20955,-101,7712,10282,2740,5602,13323,-1099,-5145,13417,2602,1379,15052,4033,701,10934,6270,-1239,15967,1180,3060,16492,5175,2427,11305,5130,442,16088,1246,-2478,10481,3556,-1219,14128,1248,7718,14712,2858,3913,12737,4799,-3215,13829,5809,620,15656,8426,504,10600,2238,3291,13308,771,3768,12839,1093,4499,18601,1160,6211,10010,10880,-3110,18512,-1516,-3224,8144,12945,2586,20588,560,5403,11247,2061,4859,11898,8,-1914,14254,2218,587,14648,3427,-427,10620,7284,-420,18136,1444,4867,15451,5397,560
14117,2535,2437,16384,2140,355,10394,7350,-1172,18324,495,5519,14501,7024,-1189,10849,3891,1033,15044,12,-1674,9632,4769,1233,14636,822,4479,16260,307,2219,9284,8393,-649,15226,2086,924,17054,10098,-596,10242,6362,677,17542,-314,8203,11108,2352,1129,14834,-1592,2543,13447,6828,4924,15248,6634,-6380,11255,4661,1668,18487,6094,7710,10973,1853,3214,13709,-865,-677,12648,2727,-452,17172,2629,1425,11218,7715,-515,18015,-919,1709,12216,7228,1106,12425,3957,3946,14614,1649,-4265,10926,3368,-2487,12637,2703,9847,18495,-574,3101,7897,7357,-3800,16939,1501,1810,15061,11959,922,11797,5054,42,16405,-420,5669,11304,2128,3692,13450,-307,4223,15812,4543,1611,13104,9129,-5374,12977,2953,4561,16938,6892,3701,11537,924,5024,13938,1440,1594,13074,2515,-2904,16572,1144,-29,12297,8475,618,17569,-101,3124,10923,6124,472,12539,3608,1977,15289,2379,168,10511,3733,-4400,13007,1103,6628,17885,135,6596,8121,8071,-1963,18075,453,-915,14784,11501,115,12023,6740,2636,15807,-829,4415,11617,1942,2384,13280,116,5500,15177,3408,3253
15162,6977,4008,12997,1428,5752,10740,1059,247,12066,-140,4941,19606,932,5027,8483,13418,-6038,20019,-2503,-366,9813,13053,7724,17862,85,3562,12193,1147,312,13190,1369,-1453,14520,1518,2974,13755,5059,-1086,12777,5672,-213,13460,1581,4802,15469,5696,-199,13793,3040,-1308,14317,2488,-1072,10859,3018,3806,16128,926,5596,13184,4566,-155,13447,2515,-444,12401,8786,-734,16862,6954,492,11757,1837,5801,11227,416,3093,12127,284,3730,20150,485,4115,8705,13558,-4589,19772,-2629,-611,8290,13984,5818,19954,-872,4867,10340,2144,4194,13732,586,-4118,13938,2908,146,14353,3418,945,11381,7164,733,15592,1198,4165,16676,5661,-151,11591,4936,-215,15792,830,242,10413,3798,-2296,14827,524,7661,14381,2747,5109,11600,5379,-3197,13951,4996,-2276,16152,9199,2549,10940,2072,4111,13224,198,2689,12417,1433,4283,19033,1863,6855,10149,11098,-2892,18045,-1590,-5474,8469,12918,4128,20935,447,7966,9862,1883,1656,12978,-92,-2665,13866,3617,1598,15351,2100,-224,10077,7889,-1733,18866,434,5960,14637,6206,1178,11470,3745,-1856,15030,1051,578
12645,7236,904,16316,526,1038,9754,5562,3295,13486,2831,-813,16584,3255,451,10483,3889,-1764,13872,1439,3732,16305,1004,5438,11346,6249,2111,15718,2431,-1476,13737,9572,-2968,13661,6497,4251,13891,-124,5345,11505,1900,3331,11809,375,3288,18582,251,1406,8841,15042,-3394,20260,-2431,2502,11029,12118,3414,15878,-693,6125,12513,1659,1461,14197,2682,-3172,14560,991,1590,12427,5507,996,14326,3617,1020,11910,2146,1875,15709,5526,-388,13729,3623,789,14300,2461,-3198,11966,2846,4017,16083,1763,6536,12195,4405,892,13592,1584,-3405,13406,9363,406,15315,6123,2161,12871,1483,4255,10849,1451,2068,12327,416,5918,20049,1340,2337,8609,13356,-5756,20423,-2517,1068,7737,12314,7619,19263,-1054,3065,10990,2331,2389,14405,2602,-1935,13610,2037,-56,13624,2362,487,11762,7679,1891,16607,582,4617,15073,6017,-1515,12696,3795,-1601,15472,3208,3122,11092,3106,-2924,13440,-156,7251,14629,3145,5426,12557,5174,-2884,13390,5967,-2916,16256,7533,1497,10743,2614,7296,13710,466,1630,12918,1237,4485,18353,2413,5958,10336,10972,-1591,17582,-711,-5348
13803,-953,4541,12267,2261,2186,11402,940,6170,18057,620,1608,9718,14474,-5023,19023,-2454,1794,12128,12323,5414,15293,-1243,3887,12781,1310,414,14354,3185,-1612,14560,575,2349,12573,5539,-864,14971,3995,1013,11893,3951,4349,14774,3607,-2464,14298,3076,813,13465,3263,-2313,12507,2504,4939,15982,833,4056,11956,4745,875,14970,2950,-267,12842,9330,-746,14524,5830,411,12811,689,6468,11334,2545,2473,12992,-327,2441,18597,1653,3335,9711,13258,-3176,19007,-2371,-79,10019,11195,5304,17810,916,5950,11494,1725,2167,13809,1836,-3766,13860,1353,215,13360,3405,2834,12189,6938,533,16503,883,2800,14694,6507,946,13552,4122,-1549,15392,1951,668,10786,2457,-1207,13275,1699,7617,15894,1568,3876,11239,6627,-4651,14252,5368,495,15410,7396,1419,11128,1937,5692,13692,1152,2295,13269,1870,5597,17679,1677,3953,11234,9864,-2989,17302,-8,-1034,8578,10270,2391,20629,1770,5854,9903,1099,1274,12711,1164,-948,13939,2844,1252,15235,1317,13,10835,8833,-172,19960,236,5075,13231,6835,-1555,11720,4098,-481,15019,772,2049,10650,3719,-1099
13306,6148,1832,14087,1692,4593,14008,5803,-4494,14861,2440,1892,13904,3672,345,12001,1473,583,14526,1559,5473,13931,5008,3800,13866,3333,-2472,12736,7816,-1409,14938,5993,1714,12354,1932,7698,11832,1404,-170,12542,50,3462,19832,2441,6069,9267,12798,-4000,18684,-3193,-2891,7928,11716,5644,20348,732,7858,10300,2112,-637,13423,849,-2239,13990,2531,642,14208,3115,1577,11541,7707,-620,17928,-108,3991,14410,7112,2788,12920,3715,-3939,15030,1047,1443,10979,3325,-464,12842,705,6594,15992,1756,1489,11359,7609,-1607,13607,4392,896,16603,7715,-1564,10543,2419,5206,14736,1526,5870,13671,1376,3709,15108,890,1159,13133,10022,657,17076,1999,-1155,9484,8475,642,19002,1366,6524,11032,2614,2794,12558,657,-2084,14073,2489,18,15298,2136,2242,11380,8795,-46,19899,-447,3148,11816,6344,-1518,12422,4184,1704,14802,92,-601,10470,4107,-778,13601,1976,5548,16979,378,5454,8102,8435,-3244,16879,1311,-704,15660,11273,2417,11394,3412,1438,16121,356,6164,12373,1621,324,12288,1324,5654,16854,5671,-421,13241,7708,-5514,11787,4311,7489
11538,824,-930,13899,120,6700,18428,2298,4196,8556,13004,-6636,20693,-2835,95,8319,13984,8296,19649,-892,4095,9917,811,230,14260,1644,-724,14121,2445,479,14089,3457,-1095,11410,6940,1109,16365,1795,5768,15132,6397,-128,13158,3349,-3677,15640,1224,3728,10009,3138,-2172,13845,1026,5491,16242,3275,4529,11993,6094,-975,12048,5531,-2189,16686,7771,-810,11714,2309,7882,12590,300,2206,13391,629,3210,17979,1861,5876,10807,12222,-337,18558,-1652,-5044,8023,11694,1437,20248,754,10080,9865,1432,1832,13148,106,-4906,14130,2832,1976,15069,3582,2055,10916,7359,-2891,18559,179,3957,13681,6685,3229,13396,4257,-512,14806,59,-2608,10129,3967,1075,13374,1098,5296,16557,2006,2166,10422,7514,-44,13912,3075,649,16443,9872,779,11841,2220,1536,14215,847,6805,12590,394,2950,15746,1954,2627,14048,9184,-251,16270,3156,-902,8949,9023,1634,19879,1815,4485,10962,1784,4919,11983,-150,-2005,13923,2763,454,15902,2734,471,10734,8522,575,19340,-92,3841,13283,6505,-1350,12334,3792,1911,14294,279,-379,10357,3840,-705,13536,1182,3272
11817,5364,2485,12281,3702,-1168,15269,1240,2220,10434,3151,-4438,13740,1191,3702,18175,1831,7237,8152,8881,212,18079,743,-1469,13866,11743,-1478,14564,5151,4608,12446,-1092,4317,12430,1237,2496,12509,844,5137,16448,2981,1907,11181,12591,-5593,17265,-129,1917,12973,9524,5180,13961,-856,5920,14147,281,-266,12679,2484,-2876,15863,1608,2324,13757,8466,-301,15418,1859,157,11119,5669,5150,13583,3716,-178,14869,1117,-224,11129,2535,-3117,13425,2126,4045,17496,2229,5325,9341,7715,-491,16800,285,1296,13878,12215,-1984,14769,4757,2729,12479,-1048,4524,11755,976,4209,12811,1064,5694,16889,1755,-1725,9435,13791,-2305,19076,-265,3052,12441,10759,1367,14871,-1188,6584,13206,1132,2687,13569,1877,-3690,14931,729,-201,14049,8444,2634,15350,3816,1189,11100,4109,2295,13152,2888,378,14980,1655,2084,12085,2485,-3328,12807,2116,175,18016,2486,7719,9527,7466,1256,16442,454,-2564,13114,11245,-403,15701,5903,5263,12174,-421,2056,11374,509,1131,13100,1040,9528,17193,1823,-656,9180,13624,-5955,19705,-625,3678,11275,11986,3736,15694,-1590,3719
18617,3724,4693,10006,13936,-6300,19674,1660,-2129,10288,12972,9928,17493,-2462,5834,11828,9,-1243,14531,27,-1192,13364,2942,1366,14645,6272,-2710,12622,5888,1706,13749,5768,5816,14815,3599,-1307,12163,1444,0,14412,368,-1905,11287,2569,3419,16421,476,4799,11772,4833,945,15258,2559,134,13890,12595,-2142,15556,6807,945,10777,-1689,7027,9916,806,3190,14729,-2828,2985,18279,4323,3262,10001,14272,-5166,19442,1667,-1528,10411,12544,8260,17698,-2265,6627,11592,-459,2600,13975,616,-4125,13719,2523,-1276,14691,5958,-583,11727,6239,2372,15327,4115,4336,14218,4679,-112,12696,2058,696,15073,-410,-1738,10294,1674,-934,15486,1430,8573,13360,4841,3052,14169,4206,-4018,14271,9722,-615,13990,7963,1186,11084,-464,6008,11676,127,2682,15357,-1460,4240,15432,4520,5342,13017,12870,-5745,17761,2424,-3960,11609,11789,9089,16787,-1606,7745,12266,-1589,309,12815,1929,-1025,14362,2461,-1766,13779,4630,-2708,10980,6082,2972,17326,4325,6179,14489,4623,-511,11973,1733,-2459,15140,1457,1965,11168,2151,-1816,14291,24,6546,14672,4324,4201,13620,6072,-1106
15875,-5307,-214,7069,3639,1587,15108,-2064,7269,17352,2311,-318,8072,10667,-3114,18539,5217,715,15684,12544,-98,13604,2299,4991,13004,-1456,8262,14040,-1293,-908,8807,3546,942,19592,6016,900,12384,14317,-768,14291,649,4034,15852,4099,4831,10492,-320,4054,16432,-637,-1964,11201,4485,-4399,17447,-1788,5236,8637,5908,3590,19890,916,-601,11524,12638,-681,13859,4827,1462,13789,-2206,898,7276,818,-1334,15375,-2951,6935,18693,4523,4670,8401,9149,-5585,17904,5218,-2870,14440,13800,4036,15562,2532,6829,10578,-2980,3854,13298,-732,1040,9955,4879,1621,20785,2903,175,8135,17528,-1250,20542,-2480,7775,11571,9319,2402,13939,-3877,565,12376,806,2178,14076,3124,-2374,14279,-1738,1467,11421,2814,2478,16500,3880,3547,13088,12781,-1471,15938,5887,-7180,10448,-166,8842,11027,-980,88,16325,-3637,2910,13878,5834,4833,14662,5451,-2433,13326,9106,-5688,15597,9731,1108,14529,5020,7920,10473,-1694,7577,12921,-1477,-2863,12031,3353,-238,19690,5783,4463,8434,14817,-2315,20037,-2276,2585,9661,9664,6404,18086,-1271,4290,9310,-228,-4024,13912,1191,-1540
10386,14912,4083,19027,-2823,4475,8497,7203,4432,18943,-994,-26,9482,283,-3820,13820,352,-1457,12217,-1195,9046,15797,-4078,3104,8682,5352,32,22449,12541,-2532,12945,15906,-8013,10711,3144,3825,14574,-10913,12781,11253,-2918,1228,11235,4156,1678,22039,3342,-4805,5012,17379,-8583,22631,3079,6726,12156,11222,5754,11308,-3418,11646,13959,-588,159,14670,1968,-9466,9143,8166,1145,20712,5945,6146,11993,12338,5928,13041,-3026,4865,14764,5073,-1462,12281,-624,-664,14483,1937,-4273,13672,152,2158,15806,-4002,12205,8499,1744,185,19009,6856,-3007,11451,19759,-7246,18265,6278,-1438,11003,-6317,10923,6952,-3623,3504,16980,-3843,4690,16405,8303,-3752,12672,7947,-8369,13428,9960,42,16669,8002,6613,15019,2762,9162,10420,-1375,5561,12935,-186,-5833,10996,6048,-2743,19411,5416,2541,9137,14088,9281,19143,-2209,4572,9866,8550,-1463,18492,-110,-51,9211,237,-141,14808,-1590,-970,11329,-1040,6886,15792,-4000,5560,8527,6712,-1802,24215,12175,-4446,10598,16788,-8950,11328,2473,10412,13948,-12773,9970,10231,-2770,-2096,12488,3656,3402,21631,5477,-3145,5755,13807,-11619
10285,17799,-7202,10972,936,7691,15008,-12068,12201,10362,-693,-270,11940,3161,-320,20162,4547,-3570,6989,14402,-8467,21701,2552,7979,12235,11023,8018,13985,-467,5284,12647,-576,1676,12486,434,-11015,8071,9103,4259,24220,1968,9526,5550,15132,3573,18281,-3630,4500,14060,9022,-3791,13119,-1578,-1961,10571,-135,2450,15974,-821,-1002,12220,-2551,10631,14195,-698,1188,10456,9111,-6330,21254,16542,-344,14874,11111,-5287,9107,-2978,11206,8043,-7746,8374,20282,-2845,-3557,10730,7399,3214,17976,220,-9530,6648,15681,-3218,21751,3131,11107,11664,9547,5704,12407,-930,5076,14673,653,-1063,12730,2534,-7639,9648,8034,5692,20848,4506,4847,10527,11489,7474,13103,-402,774,17543,6098,-5575,11401,-1037,2924,14212,-918,2837,13519,-1432,1335,13629,-3860,8377,13062,2403,-3597,13279,6425,-1856,14756,19840,-4281,18277,8246,-2721,10684,-4566,14398,5396,-5766,3833,21193,-1856,-3954,12485,9406,3223,15793,-249,-8188,9833,14096,-209,19725,5137,9426,12230,7103,4103,12227,212,4694,15046,-965,-6870,11458,4274,-2909,12025,6821,8888,18364,7333,4251,13228,8412,5694,10997,1505,1056
13835,7033,6781,12979,606,6705,11127,-369,-7796,12521,349,-5800,11713,7522,12431,17292,9119,4106,14129,8040,3770,12130,245,1128,16180,4964,-4261,12873,-1158,1544,14617,1569,1166,11293,-2143,5808,12195,-4040,7059,14508,6455,-6378,17511,4642,219,14826,17401,-2623,13534,9147,-3817,14494,-7351,13723,4002,-263,6893,20643,-4353,-5779,11264,7171,1204,17290,3538,-5800,10906,11573,1975,17978,4506,4659,13588,7462,5090,13280,73,9020,12102,601,-8052,13014,833,-5680,10237,6615,10784,17335,8255,6164,13558,9550,2228,13122,57,754,15730,5339,-3488,12817,-517,2643,14508,1261,-684,11660,-2104,6383,11707,-3518,7750,15636,5652,-6913,16313,4643,-1321,13729,15810,-1707,13786,9427,-4199,14842,-4970,12864,6034,-1462,6613,20319,-2542,-4072,10379,6265,676,17736,2825,-7750,10097,12740,3233,17603,4053,6254,13631,7639,2898,12215,835,8907,13618,640,-5694,13994,495,-6591,8707,5633,9501,18855,6540,6609,12687,11414,2501,13881,-1164,761,15421,5365,-4999,11863,-132,4057,14865,1599,-8,12263,-296,4376,11568,-3647,9941,15847,4424,-5878,14414,5026,-3481,15046,15214,-616
12915,6765,-4836,12803,374,-1540,13220,-1369,6023,13359,-164,-657,12156,-3019,7652,17726,-1751,1101,7815,7253,-7518,23624,11538,90,10812,19113,-6070,12330,-738,13267,10995,-9798,12056,16546,-1414,-8327,10867,2656,-458,20203,2500,-800,5919,13406,-9204,20496,3055,12385,11953,12967,6254,15691,-1145,3550,9786,-126,214,13795,728,-11143,10985,7890,6312,21798,2614,9454,6734,14292,4729,18516,-1695,1748,11505,8362,-6862,15167,-811,-168,9926,-1073,8791,16429,-158,-307,11631,-1499,5484,18573,-5222,2643,5536,10281,-6502,22517,6651,-1090,14481,21294,-6076,12001,2699,9721,13171,-11847,14165,8697,1544,-7586,15444,450,-664,18454,5214,-734,8321,10033,-6854,18106,4555,7297,13682,11773,9380,16282,744,2875,9727,-321,989,14697,-63,-10655,9714,6272,5361,19802,1863,10123,7735,12672,3012,18733,1061,4971,11190,8064,-8785,16312,-65,-1998,9647,-556,6679,17076,2454,3301,11689,-2023,3993,15960,-5466,4293,8569,10943,-6815,21503,3833,-1382,15486,20411,-1298,11181,5332,2584,13360,-9390,16945,7504,1442,-4788,17677,-3352,-4887,14944,6634,1583,12325,6438,-5968,15024,6859,3858
20929,10211,3642,12207,18082,-8101,14985,-1253,13980,9667,-7381,12925,16277,-2640,-11960,9908,2970,501,20915,3343,-561,6909,13011,-7929,17846,3549,11773,13335,10735,6021,14780,1488,5531,12483,-706,-2777,12046,-1140,-12658,9562,6553,8775,23273,3448,12499,6280,15567,-1996,18390,-2864,3988,11709,8097,-1981,15293,-354,-4807,11624,237,7904,14383,1413,1428,12340,-3191,7449,18875,-3398,552,4966,10809,-8618,21779,5437,2544,15301,19529,-6220,12524,1313,7044,12187,-8823,18027,9654,1605,-8689,15788,128,-4660,17721,4640,1686,8674,10167,-4507,16205,3970,5858,15839,10291,8748,13644,3066,3669,13438,-1038,2108,10966,-317,-12394,11208,3986,3635,19776,2637,12709,7158,15010,1668,19582,-1151,2874,10829,8722,-3827,15712,-8,-2931,11109,408,4035,16528,3171,3381,11938,-3053,6144,15336,-4018,2341,8797,10455,-7546,21950,3935,1003,14719,18215,-1900,10698,5325,-666,14724,-8554,17363,7186,1231,-1517,16027,-3172,-5519,16501,4149,1411,11812,8557,-5668,15417,5500,2996,15044,9193,8006,13677,5557,5171,13197,-224,4638,12432,368,-10579,10826,786,-454,16413,5738,11980,10879,13000,1703
10017,13082,1811,16763,4687,9362,11247,9855,3339,16898,-1147,8376,11642,150,-4693,12509,-950,-12343,9503,8830,11609,21830,6457,9027,9009,12556,1669,14466,-2288,4315,14629,5865,-8267,13357,-30,1267,13367,-201,3141,13265,-1335,1772,10966,-3519,11075,18234,1663,-3361,10439,6489,-7545,18762,15878,3216,12252,13222,-5613,13133,-1340,10769,11361,-8022,11520,17331,-1933,-8516,9835,4474,852,19104,3064,-5555,8980,13279,-2675,16961,3930,13737,11911,10467,2942,16624,-1101,5717,10902,258,-2331,13416,-1104,-12119,9092,9164,8604,23641,4525,11904,6426,14343,1160,16665,-2817,4413,13916,6638,-7571,13409,122,-400,12879,-687,4103,13590,-289,1190,11803,-3198,9520,17700,335,-67,9149,6657,-9674,22233,14693,2721,11018,14588,-4978,12563,-668,11259,10533,-9444,11528,17819,-2764,-8155,9820,3821,-408,19218,2910,-3739,8619,13201,-6336,17309,4974,14756,11850,10536,5539,16696,35,3600,10805,-562,-1062,12895,-759,-12620,9649,9651,7449,24034,3942,11681,5436,15034,2694,18036,-3079,4483,12663,6935,-6694,14463,64,-1771,11749,-842,4910,13828,-1339,121,11873,-3095,9283,17049,-521,1219
6793,13094,4561,16348,-1044,3675,13697,6610,-7654,15421,-1010,-3372,9138,-2269,8613,14709,-3290,3693,11889,-4211,5564,14652,-3628,-1457,8972,6634,-5329,23086,18383,-937,7055,21511,-11918,11920,-1114,19991,5334,-12653,17066,19185,-8061,-10963,11343,4034,-4171,19103,5283,-4205,7397,14845,-4120,17141,6335,10614,15492,7669,8059,15755,4132,8080,9645,-1509,-8452,10154,1224,-11381,13979,10346,9025,20832,5989,12314,7734,11974,4829,15532,315,1021,13874,6973,-7697,15071,-1821,-4452,8287,-2996,8950,15915,-4296,6574,11372,-4176,5776,15157,-4900,-4902,10593,5904,-5051,21799,17702,-1030,5035,24685,-8747,13763,-569,17234,9467,-13032,17659,16194,-5824,-10405,13234,1794,-5983,15842,6946,-4172,9331,12034,-1151,16366,8541,9176,17139,6849,7136,14221,4434,7359,9153,-1404,-7502,13271,-46,-13072,12815,9256,9754,18372,5859,13565,9234,11632,3944,15692,1393,2223,12746,5818,-8687,14744,-601,-4390,8885,-3112,8216,16763,-3557,7663,11459,-4358,5989,17611,-6064,-4096,9944,8329,-6833,18283,11597,943,7509,27619,-4132,17903,2343,6416,14116,-12058,22246,8282,-4206,-8857,15407,-2587,-9578,13755,9574,-2179
12770,-3725,-6596,6762,10300,-5977,22173,16479,4494,-670,26230,-1661,18377,-4526,7526,1013,-7207,17536,22287,-8247,-11419,12784,1669,-6018,12314,4343,-197,13120,8258,-1203,18392,11259,10823,15548,7180,2164,12695,2898,1573,10693,1667,-633,13982,-830,-10816,11851,6968,7520,12877,8184,14883,17744,7155,2857,10606,9506,-3057,14011,2163,-3846,16286,745,-3187,10542,-4599,10354,14693,-4392,5854,12805,-4271,83,16194,-2551,-1515,12586,2231,-7794,5830,11813,2407,20217,21514,6902,9519,15320,-3868,11709,-8896,14250,2228,-6103,2508,16775,-2815,-14933,17425,6056,3750,13848,5686,-2601,11298,8837,10612,16208,8387,3391,17536,4575,-2571,12259,3981,4648,14487,-4640,-6932,8481,3058,-4329,14152,5141,17490,15708,10428,6705,13621,7197,-244,14012,6095,-3701,10079,4401,-6591,17195,-2438,5441,12571,-3134,10899,14623,-1689,700,12745,-4176,2568,12419,1795,-5133,14828,6288,-10700,12838,7964,13932,17090,21178,1088,12813,3821,-49,11637,-5227,10655,9137,-2775,-7800,16477,1000,-10940,12301,8082,7503,20927,2027,3331,6730,10697,6784,19286,5355,1722,13751,4520,-3971,13094,639,4830,12227,-3343,-9259
11694,-32,8481,11045,1623,-1554,14845,2089,1510,13870,1956,7081,17767,2977,-5827,11702,8713,597,16763,4041,5165,13447,8837,-3620,14368,3268,9891,14553,4378,-482,12564,5693,-4027,14433,-181,9682,12071,5280,-1780,13305,4467,3558,15857,1572,6849,8916,2897,-6164,17465,2491,880,12375,4207,5834,16037,3000,-3833,10973,349,6876,14135,838,5181,12497,4771,-5686,16905,3968,4080,10482,6778,-7004,16154,5087,3965,15147,3160,7331,11475,6577,-4947,13841,994,5042,10677,5320,2398,18913,244,-5833,10585,6384,3279,16388,3043,3978,14940,4329,244,10334,2695,7324,14813,3019,-445,12476,2075,-1302,10236,3134,6514,21811,817,211,4994,12124,1829,21583,-3983,4543,8819,12491,-6504,17425,2162,7837,12892,6163,1281,14640,2521,-3609,12766,1221,10470,17090,1323,-1847,12579,6800,-1562,16911,-702,-243,11790,7254,-3607,12693,3319,5619,14904,920,5076,12440,6392,-5044,13926,-617,7013,12127,3008,370,11784,3405,-6392,16297,3816,7325,11349,8250,-1480,16774,3342,494,13232,4194,7140,13592,4819,-1380,14231,-127,2316,10264,4702,4902,17655,1497,-676,12166,7129,4328
11232,6336,-399,13810,2867,4236,13585,8443,-3009,14343,4199,7312,15322,3249,5216,12034,-112,-3332,10005,1879,653,21941,1165,5773,6236,11347,-135,18326,-3700,1758,9603,10750,420,19104,2562,5765,11822,5057,3361,15075,2365,-8654,11625,850,8329,16630,269,3965,10843,7753,-4150,18245,-638,2799,11761,9274,-1789,13341,3880,636,14808,690,5870,12458,6007,-3342,14077,-2135,5813,13452,1895,890,11040,5651,-4747,17213,3218,4356,11673,8743,-1388,15454,3556,3637,12631,3586,8707,12360,3474,-2685,13443,-2171,-1291,14162,3574,5897,15355,5182,1509,13400,6219,-1128,13765,2734,4288,15026,7010,2014,12287,3098,5051,16056,4262,-5417,12082,-146,1459,13112,789,9521,14888,5572,-4265,16376,3707,-87,9537,4583,1186,15028,6200,-3278,15474,2088,5501,12533,4164,279,13147,-118,473,12607,1355,6534,17150,3137,-5526,13089,7188,-202,12493,4148,6187,13563,7025,-2523,13586,4242,8455,15623,3770,3977,13073,-1777,-6303,8885,4052,7994,22401,1401,332,7495,12200,863,17816,-3719,4591,10070,12007,-92,18313,1318,5136,13424,4679,-1235,12594,-239,-4251,11642,918,8672
8170,3622,6455,22312,2083,-89,8610,12660,1935,17409,-3118,5173,10668,11471,-1604,17483,112,5845,13452,4492,-2153,12823,-138,-6389,11672,623,8154,18918,3505,3376,10707,9090,-4084,14704,-52,5015,15013,10053,-4922,14392,1122,3672,12690,795,1802,11942,2021,-356,13275,304,6982,18047,1181,-997,8405,9757,-5764,16764,1351,6481,12979,10540,-2069,14594,1876,4714,14074,1972,8421,11566,859,-4360,10280,1466,-112,22800,1992,5682,7269,13360,-1296,17917,-3321,4691,10046,12119,-149,19212,-29,4176,9372,3934,5637,16604,1337,-8859,11705,898,5100,17141,-354,6298,9469,11297,-2932,19447,-1157,3691,12140,10216,-3872,12633,2357,-856,13508,-923,5369,12333,5172,-3185,14863,-739,7570,14864,505,1583,9257,9754,-5023,19246,1640,2786,11136,10883,1737,14404,2600,1216,13589,1739,9117,12529,2729,-1371,12744,-1058,470,16794,2482,3535,11688,9603,-288,15259,3412,4999,12912,6394,557,16453,3648,1881,10284,2244,4870,18968,2558,-5904,10010,910,-1574,14993,-1122,8322,12184,10922,-330,19549,913,61,9378,7796,1205,13003,3845,-3853,15246,-369,6027,14348,4805,-1297
15188,1129,-7549,12543,1164,4451,17794,1338,5637,8641,11873,-1226,18647,-2447,3549,13370,10753,-5650,13423,251,1094,12325,-397,6256,12245,3633,-5456,16148,1466,5872,14934,1002,4944,8381,11256,-5951,18445,-708,2903,12235,11909,2257,13918,832,2922,13049,830,7650,13352,996,-3994,10296,2377,531,21757,1299,4602,7464,14429,-2745,18215,-2998,4660,10427,11233,3636,17631,-756,1297,10122,3366,5338,18517,2695,-4799,10703,1698,963,16186,-1813,5833,9833,12863,-870,20498,-1079,3313,11188,8611,-5235,12291,2622,-566,13202,-1236,6734,13897,4691,-1326,13930,86,2925,15137,1092,5568,9708,10711,-6039,19286,539,72,10916,10273,2735,13927,3701,4304,14074,-270,5710,13269,1512,561,10281,1627,861,19971,1751,2427,10007,11936,-2056,16520,63,5098,11347,8002,1219,16932,2595,1728,11252,1547,2082,18149,3023,-1981,9781,1529,455,15882,-1516,4507,11875,12409,1238,19925,-281,2406,9392,7505,-3137,12719,3611,-3107,14481,-987,5831,14365,4438,1274,11967,303,514,15284,461,6032,11105,10711,-2881,18254,1167,-3092,9915,8435,2154,14673,5121,4970,14729,-164,6064
12340,4892,2717,13644,1273,1492,13906,48,3645,12032,6391,-1990,16472,6019,494,11601,5816,177,14418,5328,1168,13689,1208,9820,13683,2612,859,13239,-590,-4702,12628,2662,4485,16367,8157,2532,13229,7658,-1637,14245,144,7038,13516,6561,881,13552,1714,4217,16137,3224,-4363,12938,1166,-34,11062,-442,7862,16580,6692,-2442,14900,5924,1747,11159,2958,1638,14203,6726,-5534,15890,-619,3626,12687,3733,3171,14031,2293,2130,13029,-88,3973,12850,4547,-3562,15094,7798,554,13339,4611,1215,13097,6266,-339,14157,782,9521,13696,3010,2285,14070,-892,-4567,11675,3051,2590,16977,6574,3300,11764,9055,-1100,14520,-752,6311,13953,7341,1002,13886,1681,5147,15761,3157,-4923,12617,1706,-1060,11843,-278,8376,16097,6801,-605,15400,5405,-37,10255,2447,1147,14810,7407,-4508,16235,-455,3167,11964,3190,2429,13826,2382,3923,13413,-64,4246,12801,4471,-4489,15208,7491,-702,13025,4819,2280,13542,6776,-923,14098,373,9441,12985,3675,3442,15089,-1233,-4247,11171,3378,2083,17032,5675,2116,11902,9425,856,14705,-601,5506,13683,7102,825,13682,1553,4871
11874,2848,612,13898,-767,1012,15248,3055,3186,13232,8274,-2219,15184,4693,2043,12137,4114,6180,16146,5308,1283,11666,2629,1509,16150,3348,-1461,12015,-882,-609,12196,-3,4171,15722,8684,1508,17998,2704,2814,9715,4529,-3038,13321,6765,-3493,16424,288,6160,11399,3502,582,12824,41,1673,16188,329,4432,10953,9055,-2105,17302,2665,-1752,11889,7474,-178,13629,6545,6438,14836,937,7336,10843,1548,-90,13142,109,664,17853,2097,3098,10928,10573,-1169,16723,1392,1954,13193,6866,3128,15244,3857,4339,11022,1871,-781,15370,3325,-1533,13169,302,2436,13351,-380,2277,13103,9307,589,19184,2010,3366,10868,5785,-2528,12603,5761,-2632,14971,-740,5106,12008,4386,2168,13744,1266,764,16826,-1431,4602,9198,9795,-1709,17449,2172,-1905,13273,7831,-34,12399,6781,6150,15410,-263,6448,9473,1869,-280,13496,1225,-970,20183,1277,6185,8093,13027,-2477,17064,-2097,230,14139,9504,5662,15357,2614,4704,11685,1852,373,14467,2964,-2986,13186,1313,1667,15583,45,4439,10442,9667,-1220,18294,-669,2720,12871,7889,-2236,12164,4790,-2335,14616,-695,4036
13199,177,-13,13147,81,3081,15855,7441,2533,17561,807,383,9644,6530,181,13593,6452,-2581,15171,-336,5379,8633,4701,-1927,15615,720,3484,17296,350,5018,9311,7429,-1272,18164,1105,-4139,13055,10565,2751,13142,5748,4481,12864,-524,5202,10549,2124,1952,12524,1506,1007,21472,1211,2479,7818,11617,-2815,18479,-2614,1733,13327,11467,5363,15647,2479,3891,9539,1482,991,15381,3589,-1857,12776,752,572,14129,304,3668,11632,8054,-784,19032,-321,4376,13458,8096,-5452,12890,5268,1423,13549,-517,3572,9875,4540,-1070,13864,1211,4089,16630,-716,5822,9072,8013,-6742,17736,1937,1121,14573,10152,-25,12737,4656,7344,15141,970,6229,10874,1254,-2404,10761,2937,6540,20944,1180,-60,8679,10020,-5621,14140,-1809,5628,16816,10665,2987,14379,1234,4752,12843,3692,-435,14762,3411,-3779,13087,-539,7313,14896,3557,-2080,14241,4721,1695,10057,2341,1848,16504,6905,-3616,15189,3433,1193,12374,3995,3021,14496,2167,293,13813,725,7023,12437,2954,-1227,14816,4146,-1110,11052,6197,-974,14631,7219,-111,13972,2867,9410,14359,3233,1742,11772,-253,2887
6629,8732,-880,18790,-1315,-4925,13801,11175,-2171,13011,4748,8743,12460,-112,5001,12961,2356,246,10349,1835,2897,21846,1307,4167,6546,14055,-7356,19946,-6433,3406,11323,12780,7401,17762,-890,4237,8464,2424,-2404,15823,4189,-3743,13157,2988,4753,14479,2218,2854,12028,7121,-2041,17762,-1199,7084,12612,7101,-4742,14806,3520,-2508,14206,1484,3474,11102,4083,1616,12211,1669,6960,16821,1401,265,10863,7211,-1632,15105,2558,-2126,14425,8561,776,13351,1054,7594,13652,3324,5266,12792,166,-2103,12013,4054,5641,17744,7584,-855,13560,4339,-2463,9476,2478,3135,20679,5401,6626,10473,1887,4605,14635,2409,-7580,13281,4369,353,14374,354,8656,13009,7663,-2572,17687,-1626,1272,9886,5630,3462,15163,6116,-4104,15195,532,776,7892,3139,286,15278,2834,6904,18423,1236,4204,7017,8899,-2118,18202,-726,-3084,14747,11859,2,12877,3584,4761,13182,-1030,6359,13358,2729,827,9824,2438,3832,20904,1311,506,7399,15318,-3788,19431,-5592,5943,11788,11443,3583,16864,-2161,3684,9842,2772,996,16126,4178,-7056,12982,1765,5402,13813,3821,3309,12550,7568,158
21474,-552,7028,8974,1385,2566,13834,1297,-6897,14499,3149,1041,13878,2535,6047,11446,8198,-2018,18993,-223,3784,12282,7528,-154,14361,3193,-1329,14456,848,257,10571,2486,-254,12804,2963,7042,17213,1060,2295,9325,7848,-3537,16093,3117,1171,15079,9216,1035,10648,1682,3272,16845,832,5973,13251,856,264,11945,2371,3251,16487,5985,-657,13575,7727,-497,10709,3207,4993,18131,4724,3588,11886,973,3335,13355,2401,-1812,15107,3018,-2195,14935,998,2648,12291,7763,-70,17602,1565,3949,10601,4975,1741,13764,5227,-4289,15047,1905,3210,10799,1542,-613,13240,1425,1287,18869,778,6877,7258,9391,1954,16199,831,-6401,15502,9471,1579,12128,5835,3613,15291,-752,5950,11994,1153,1688,11101,1233,4292,18632,2021,2682,11130,13895,-6818,16337,-2501,3680,12418,11011,6118,15767,-312,3381,13509,1829,654,15339,3463,-1367,12541,626,1194,13865,3617,-109,13669,7042,884,14327,1398,6132,12061,4928,-4066,15241,2729,41,14750,4199,819,11950,1244,527,14656,1625,6886,13834,3937,1118,13629,5281,-143,12749,6399,-3698,14961,6603,1351,12431,2264,6943
13694,1435,5991,14654,3725,2772,13525,4475,-1519,12832,6502,-2122,15989,6819,4,10825,2271,7820,12671,1611,3533,13284,-70,1624,17561,3736,4015,10556,10651,-508,18228,-1786,-2653,7461,8798,601,21540,2734,9114,9256,2507,2461,13462,457,-4910,12883,3987,1863,16044,1238,2712,11586,8239,1463,18880,-1764,-58,12645,7784,1712,12369,4978,-1580,15789,-557,-543,8613,4503,340,13616,2221,8009,18750,-4,2974,7128,9041,-5967,18852,1159,3201,15058,10471,-299,9478,3389,2401,17384,-410,7764,12624,3476,2141,10853,1391,1435,18169,3120,322,12042,11103,-1739,13425,-1254,5711,16209,7081,210,12069,599,7236,14653,3078,-1853,13991,4282,-4905,15349,466,6002,12620,7692,1049,17269,626,3242,8778,3949,-2346,14913,4711,-1162,15477,2476,1475,10802,2647,-1443,13055,2368,4458,18603,2714,5816,9646,6532,-837,16292,135,-3097,11852,9598,-859,16501,5679,5462,12446,-178,4948,10968,1649,840,11114,1807,3849,20809,2047,2087,8488,14065,-3824,18634,-5124,1386,11263,12320,7863,18356,-635,862,9787,953,2380,14170,4213,-3480,14299,1800,1698,13547,3478,3482
8199,10880,5193,21351,237,4442,9582,1408,3475,13198,1444,-4904,13708,3486,606,14387,1996,3713,11653,9388,577,19004,-60,3628,13636,6080,-1699,12269,4155,-1589,14865,-1181,2585,10119,3858,-1840,13465,2835,6030,17211,560,5319,7896,9984,-4663,18244,1557,284,15360,9888,112,9271,2474,6763,17179,-1023,4048,11947,2423,-1124,13193,2599,5066,16432,5940,43,13783,8899,-2936,11802,1681,6022,17200,5531,5137,11719,-137,2895,14235,1475,-3975,13423,4223,-1323,16483,1622,4731,11969,7982,-2705,17422,339,5173,9326,5399,1232,14477,4690,-2932,16192,1319,278,9477,3165,1255,13555,1406,2803,18599,1697,3145,9200,8257,3440,16156,1301,-3218,13292,9429,-2035,14176,4893,4640,14234,-291,6680,11494,1279,337,10230,1140,2623,21095,1889,3193,8278,15756,-4119,18925,-3969,2233,10996,11907,6435,17496,-1210,3789,10835,866,1360,14610,2476,-5843,14181,2489,3005,14678,4425,3457,11919,7089,-3540,15799,242,7728,13115,6847,-2900,14313,2348,-380,14611,1613,30,11839,2825,386,13730,2319,8676,15057,2618,462,12053,6366,-1988,14057,5003,111,15157,6395,-63
9969,4578,1411,13888,2630,5074,17371,-451,1262,8068,9121,-2561,17258,2012,2358,15276,9208,-1767,10140,2452,6035,15887,1426,6669,13391,1209,-1860,11949,2830,2179,17729,5405,1910,13401,7983,-445,11283,1669,1668,17177,5457,4915,12247,1182,5884,13696,2956,-2928,13769,3323,-4469,15737,1400,6258,12928,7576,-350,17495,194,1180,9702,4228,1663,13333,5539,-471,15644,1109,1195,9948,3621,-1287,13615,2134,4284,19115,1944,5241,8192,7277,247,17618,258,-3999,12900,11205,1817,14195,4483,3787,13679,-619,4400,12072,1800,1844,10035,2579,4369,21526,1119,653,7951,14352,-5809,18980,-4298,5945,11735,12286,4322,16274,-1830,2468,10586,1785,3800,15220,3716,-4692,13578,2506,1337,14294,3353,2061,12361,7172,-660,15673,91,5718,14088,5953,-4800,13305,3251,2137,15367,2353,1313,11693,3572,-2037,13384,2140,7154,14801,1057,4051,12020,8093,-3457,14899,3533,-3014,15027,6598,3434,10437,2089,5206,14900,1319,2524,11996,1813,3003,16306,3600,4984,13213,8714,-2809,16251,1212,-2794,9100,6674,3890,20935,3546,7238,9336,1276,1594,13683,1318,-3780,13161,5498,2061
10686,12313,-2315,15034,-2480,7110,14281,7443,2161,13645,-995,3727,13809,3806,-1021,14882,4854,-2237,14911,718,3764,12657,5928,194,16152,3586,5016,9987,2841,-390,14098,3989,-4052,15826,2366,1904,11545,3844,319,13209,1632,3213,17292,2353,5099,10295,7253,1159,15762,1831,-3287,12221,7809,-1479,15889,5561,4393,12805,195,7721,11593,849,727,11012,1578,849,20858,2822,4725,8794,14670,-2684,18253,-4957,-1566,9515,12115,7508,20409,-456,5499,8918,1681,-718,14347,1406,-5022,13552,3906,2937,14716,2568,4724,11880,8673,-3945,18546,-651,6661,12999,6388,-1742,12200,3088,-2860,15597,-195,2360,10387,4679,1627,13160,3068,5117,17591,-240,881,7708,10513,-1527,17804,1507,879,14891,8445,-791,10136,1807,5650,16303,934,7182,13214,1989,-2581,11904,3278,2367,17293,5627,2445,13035,8930,-498,11685,584,1754,17683,4908,5707,11847,992,4974,14384,2246,-4455,13368,4275,-3988,15951,1419,7422,12634,8174,872,17235,594,-5,9631,4814,2668,14337,4809,-2631,15706,987,1237,10090,2682,-950,13432,2366,5601,18923,1744,5174,8087,7924,-538,17119,358,-3245
15478,2158,-2110,14535,2920,1619,12541,2844,1657,14009,1817,7738,13740,2573,52,13244,6593,-2413,13353,5684,386,14691,5289,-162,11797,1104,6851,13879,2854,3684,13113,547,2295,15919,3648,1526,13566,9682,-463,15641,952,202,8867,6916,2135,21061,2668,5559,9837,1779,4218,13485,1459,-5055,13590,3688,-461,14940,1197,4442,12559,8379,1806,18885,-181,1240,11167,6382,-896,13296,4827,-7,14582,-613,-445,8820,3135,-1637,14331,3183,7257,19409,303,6402,6016,9248,-6751,19488,347,-657,13991,11578,3053,11393,2643,3378,15598,-1168,4439,12693,2894,2782,10524,3953,4712,20137,1070,-2699,8603,12336,-3115,16787,-2581,7697,13618,10074,1404,14498,-1284,3555,12427,3164,1393,15949,4259,-3169,14228,992,2283,13304,4168,525,14213,6092,5054,12259,923,639,13362,5579,-4042,16128,2979,2262,12886,3335,114,12761,1621,888,15947,2733,7241,11811,5212,1344,14406,3014,-3556,12481,6601,-992,15228,6226,2512,12393,1318,8153,12149,1529,508,12651,1067,2254,18779,3963,3715,10934,10842,-1205,16317,-2870,-1272,9455,10206,4550,21463,2423,6912,9019,1607,121
11745,3189,3770,18598,5438,462,12963,6952,-1789,10398,1325,4906,17763,4789,4330,12101,1283,2252,13699,3727,-1939,15034,3706,-1333,13871,1215,3738,14262,6768,380,16420,1690,2527,9871,3125,1971,14279,4494,-4948,15355,1650,3592,10036,4109,1051,14659,2378,1064,18335,1551,5385,8169,7768,2303,16571,396,-4121,14125,8628,-1286,13480,5519,6020,14168,-159,5135,11437,2383,1176,10943,1105,1880,20044,3071,4593,9520,14540,-4743,17536,-5655,1755,11612,10801,6973,17173,-190,4102,11654,1049,-655,13821,3897,-3729,13772,2344,3178,14217,4233,2676,12236,7045,-2359,17251,-817,6532,12045,6125,-2245,14200,2606,-2508,15436,2513,2550,10774,4239,533,13200,1143,6722,16075,3535,151,12495,6011,-342,12981,3834,-1410,14605,6567,-120,13249,1375,5554,13461,3438,4798,13307,-88,1269,13790,4319,2631,14673,9030,934,16495,1989,-646,8608,5685,124,20394,1820,7236,9565,2698,4130,14221,2099,-5561,13851,4580,64,15646,1309,4242,11980,8497,2453,18944,-890,-512,10380,5648,2040,14341,4116,-1846,14501,705,-333,9296,2958,-821,13027,2802,7198,19847,1172,6023
10960,4980,2831,13413,5171,-952,14764,157,-1795,9455,2958,211,14322,2462,5113,18336,1714,4629,7580,8475,-564,18138,-530,-3165,13539,11880,847,14178,4114,3169,13139,-1468,5116,12518,1878,2929,11558,2550,5232,18881,1665,-1127,8542,14298,-3701,18600,-3407,5616,13004,10633,1400,15195,-1958,4585,12140,2381,3039,15321,4035,-4826,13737,1152,692,13707,5220,2771,13556,5769,2181,13326,950,2918,12802,4564,-3594,15404,2768,2420,14184,3263,-3068,12168,1875,1394,15732,2812,8812,12854,5807,846,14199,1932,-3459,12252,7871,-1278,15469,6084,2451,12123,288,5573,11470,1561,2510,13963,1057,3221,18170,3539,4255,10180,12425,-4568,18511,-3734,-885,8473,11309,6378,20391,506,6601,9321,912,603,13432,2466,-4023,15213,3908,1451,13991,2297,1645,10481,6827,348,18819,304,4349,14113,7076,873,13023,3409,-4147,14810,480,3453,10709,4123,-621,12701,2064,3973,17535,971,3660,9291,7590,-1122,14513,2625,-245,15847,9064,-1679,11660,1512,7317,13956,2109,4486,14107,906,-466,13344,3370,3470,16019,8242,1505,15041,3962,-2776,9047,4863,2983,18897,3228,6858
13896,1515,2473,18622,3094,5497,9606,12262,-1975,19014,-3692,-3585,8390,10717,3515,19840,784,9442,10073,1788,5,13270,2340,-4385,14821,3366,368,14253,3216,4754,11016,6414,-1382,17988,-1191,2433,13942,6711,3625,13412,3714,-3767,15225,1098,672,10396,4690,-251,12940,1571,7482,16408,2117,804,10955,5863,-1888,13224,3568,1289,16351,8383,-493,11858,2024,4092,14171,1761,5877,13477,1732,3294,14646,2874,1043,14765,8521,-142,15460,2522,99,9086,6400,1605,19336,1791,4160,11346,1951,5157,12262,2188,-3151,14323,3664,-189,15795,2891,1746,10995,7435,1614,19278,-1356,3046,12119,6175,-2752,12823,3836,2036,14364,1047,-912,10048,4298,-825,13903,2300,5066,17802,848,6906,7882,8303,-3901,17142,-149,-1640,14955,11873,2188,13095,2098,2743,14599,1241,5591,13035,1464,-568,11449,3157,6897,18030,5152,-1071,11631,7860,-5694,13393,1878,8669,16177,4538,3892,12019,1045,1580,14522,1709,-1073,14052,5575,-1051,16252,1840,2379,12119,7291,-301,16757,-946,3970,10761,5726,2783,13555,3644,-3657,14910,1048,-1684,10008,4473,2416,13566,1461,3343,18724,1514,4748
13691,6341,327,13020,2625,-4412,15801,2420,3172,10872,3800,-1531,12712,380,6214,15902,3403,3013,12757,5699,82,12055,4418,-1340,15814,6647,-974,11057,2764,5169,14723,1658,6533,13690,1993,1367,15860,1709,2732,12414,11154,2294,17289,-297,-2682,8657,8521,1171,19497,1210,6685,11154,2694,2629,12071,806,-3639,14341,3256,942,15394,3300,2605,11605,7835,-331,18963,-1135,3143,12324,5892,-625,12829,4408,839,15214,902,-1781,10906,4108,836,12748,2715,5915,17190,-311,2280,8521,8484,-1839,16608,1637,670,16031,10331,1061,9918,2821,1355,16975,131,6955,11938,3022,120,14399,1044,3598,14057,6763,-261,14815,5797,-3180,10418,4507,6710,19318,4115,2809,10848,866,5081,13122,2175,-2491,14385,3744,-1466,16401,2082,1689,11687,7607,189,18283,-869,5063,10732,5741,-1119,12685,3921,142,15209,1576,-1343,9948,4096,-958,13099,1558,5033,18898,633,6122,7758,8592,-2131,17079,450,-2078,15019,10671,187,11673,5138,4319,16395,-452,4797,11913,2007,2951,11285,1606,4992,17518,3359,420,11860,11203,-4861,14881,-1496,3094,15272,8454,6487,12432,-109,2810
16165,2591,4513,12211,9308,-543,17086,1254,-3095,8545,6936,3841,20436,1954,6941,9908,2188,1271,13698,511,-3886,12649,5322,2479,17095,2215,1836,10746,8458,-1491,19468,-1979,5426,11591,6394,-1279,12051,4313,-1177,15895,-764,-655,9434,5289,1016,13678,2242,4867,18016,370,3830,7535,9658,-1814,18375,90,-181,14823,10508,-120,11175,3022,1607,16348,-118,8930,12658,2823,-99,10925,1724,3128,17633,4365,896,12040,10325,-3910,13632,-501,4797,15482,6022,2930,12683,848,6770,15079,2135,-2943,13871,4622,-4134,14577,1527,4127,13721,7468,2821,15688,1203,698,11287,3214,1931,13164,4340,-77,15547,1929,-1990,10538,3385,-865,14077,2781,4369,17578,2320,5753,9099,7571,-781,17258,-152,-1206,12675,10733,-1133,15702,3950,6317,11916,-1419,2989,10968,2787,1240,11984,1840,6192,19634,2417,-44,8787,13825,-3778,18807,-3851,3908,11721,11320,5740,16101,-863,1241,13202,1500,4081,13762,3947,-4783,13193,614,2552,14258,5485,645,13870,6591,533,13631,764,5255,13387,4571,-5388,14276,2728,2865,14800,3061,-836,12067,2601,-174,13895,2447,7697,14484,5008,3254
14951,3039,-2692,15652,3841,1851,11502,2285,-2043,12519,1764,2514,18150,2223,5656,10700,7622,601,15274,725,-1788,12122,8461,-2496,15870,5918,5498,12728,565,4392,10792,1383,1054,11991,587,2266,20191,2266,4658,8964,14586,-4652,19143,-4383,632,9784,12630,9335,18846,-336,2386,10432,1288,906,13570,2317,-4031,13828,2512,3624,15279,3678,513,10942,6728,-2069,16540,250,7886,14235,6635,-3021,13188,3169,-1482,15051,1707,2506,11713,3591,165,12682,1820,4501,16262,1954,3614,11653,7734,-547,14469,3421,-673,14583,6890,-821,10755,2386,6858,14472,1996,3766,13749,678,1926,15644,2892,3165,12931,9958,54,16737,1263,-1132,8669,7173,-123,20290,2250,8369,9922,1947,1500,13200,1126,-3226,14501,3226,-229,14932,2574,3054,11787,7981,1704,18081,-825,535,12452,7028,1401,13313,4604,-1444,14765,293,-945,9421,3053,-765,13813,3476,7863,19017,-1814,5132,6519,9824,-6278,18064,1320,-794,15283,11027,4034,9984,2607,224,17622,-1094,6812,11798,3918,3331,12012,1008,1500,16920,3719,374,12055,10536,-3951,13618,39,7565,16085,6538,1927,12423,339,5774
11071,2290,1035,17788,3317,346,11827,11407,-1328,13715,-1038,6694,15610,6898,255,12388,50,7419,14533,3051,-2582,14313,3960,-4777,15160,879,5346,12998,7312,1466,16740,1677,3194,9401,3727,-2141,14051,4394,-78,15787,2555,792,11274,2754,-1138,13232,2450,3465,17579,1857,5698,9747,6930,987,16173,2109,-4739,12951,9192,53,14876,4803,6165,13362,-498,3370,11278,1728,1276,10958,2089,3693,20645,1166,2127,8225,14455,-4391,19407,-4846,1709,10602,13029,8825,18587,-1280,403,9601,1202,2145,14875,3138,-4131,13706,3348,1905,14454,2734,1834,11281,7551,-1270,17079,10,7531,14215,6370,-4590,12672,2677,487,15357,1741,2329,11853,3687,-1140,12212,1366,4508,16379,2636,3904,11508,7896,-852,14504,2581,-2242,14354,7480,1783,11758,1509,6313,14958,1866,1632,12595,739,1070,14100,3888,6217,15602,9044,-739,15569,2520,-2709,8494,5324,2463,20004,3570,7177,10321,1685,2075,14149,691,-3381,13566,4253,1291,15389,1987,2657,13077,8401,223,16877,-765,1005,11647,6050,2679,12712,5219,-1497,16619,-645,-473,7636,3649,408,14246,979,6150,18490,1229,3647
9438,4062,919,13730,4631,-2506,16143,1683,799,10581,4007,2152,14037,1484,2977,17267,1944,1583,9858,7123,2774,16663,2167,-2516,12327,8659,-1120,14686,4680,5148,13603,298,6418,12108,1337,-434,9820,1318,1117,21482,1394,3852,8225,15152,-2435,18801,-4687,139,10710,12201,6945,18200,-413,4147,9682,1958,560,15096,2217,-6034,13437,2710,3841,14262,3091,4806,12048,7927,-5258,17291,200,6970,13460,6931,-1562,13311,2743,-325,15176,984,592,11406,3519,1413,12894,1930,6582,15725,898,-385,10481,8720,-1563,15741,3386,1512,14988,7621,783,10588,1798,3907,15683,1850,5196,12721,1461,527,14234,3186,3058,15370,6977,-81,14546,4754,189,9571,4101,2132,19632,4382,4157,11027,2209,4693,13718,1731,-2981,13196,3001,-2548,16187,915,4778,12741,8860,1175,17869,-406,107,9627,5571,2340,13917,5353,-1489,15302,618,2283,9764,3036,-1819,13609,1378,3584,18940,1606,6749,8121,8972,-1788,17740,161,-4465,13631,11503,2210,13204,3310,4746,14210,-1000,3223,12438,2473,580,10238,2848,5672,21337,559,1880,7573,13701,-6896,18846,-3933,7514,11809,12161,4137
14027,2018,2536,12244,1837,4072,17457,2625,1494,12032,9343,-1530,16249,-74,1700,9574,8532,2382,20813,3052,4018,9469,1627,3454,13643,2191,-2836,13831,3561,544,14540,1082,2862,12141,8651,1661,19207,-1008,2811,11081,7214,-3277,13876,4290,551,14459,235,1826,8525,2690,-2076,14233,2508,5906,19479,1025,6602,6509,9381,-6082,18446,-182,-273,14538,11006,3033,11135,3759,3713,16245,-1192,4320,12281,2985,1369,10225,3707,5189,20418,1628,-1434,8827,11670,-3342,16350,-2714,6840,14139,10370,2419,14504,-123,2737,12798,2441,-156,15159,4462,-899,14003,333,3169,13579,4486,-854,14638,5858,3914,11772,1240,1298,13268,5387,-4405,16036,2714,1551,13004,3942,903,13287,1071,1925,15120,2710,5461,12403,5019,483,14232,4001,-2110,12785,6152,-704,15056,5685,1274,12045,2323,8275,13389,1809,1309,11919,912,1071,18336,2691,3588,10875,11893,13,16919,-3121,-1419,9418,9871,3127,21140,2569,7309,9209,1958,415,13605,2011,-4174,14393,3020,3208,13626,1698,3024,12216,7838,-1356,19351,-853,3567,11173,8207,-1351,14385,3000,-916,14375,365,628,8870,3567,1032
13827,6936,-1001,15998,1305,2066,10153,4327,3404,14681,5152,-4875,15285,1620,2313,10045,3379,1949,14722,1846,1913,17367,1535,3057,8643,7833,2582,16836,939,-2032,14462,9574,-2798,13371,4966,5317,12996,-530,6070,12839,1954,657,10814,1145,1170,20161,1560,4721,8768,14751,-2933,17611,-3543,576,12564,11047,5560,16030,10,5335,12394,1014,-374,13636,3796,-5073,13646,1198,3880,14368,3673,3763,12564,7971,-3631,16809,-178,5598,12093,6709,-546,14701,2347,-1892,15038,1820,1240,10999,3459,504,13738,1715,7392,14781,2791,92,12280,6925,-1458,14439,4608,554,15010,6136,998,10488,2369,3233,15439,2533,5045,12879,1140,3244,14377,2973,2130,15132,8378,-713,15432,2017,-372,9384,6622,2374,19438,3099,4600,10705,1865,3731,12805,2060,-1927,14917,2982,-1158,14678,1556,2648,12330,8359,2578,18540,-304,406,10649,6655,929,14805,4741,-1168,14165,440,1006,8878,2569,-1881,14356,1922,4995,19320,1636,8394,6281,8980,-5996,17888,-197,-1383,14832,12301,2142,13072,2758,3555,13842,-262,4275,13241,1795,2775,9783,2984,5194,20535,1327,-584,8646,12748,-6083
13836,3562,2459,13390,-593,4432,13178,1847,2993,10714,2759,6357,18946,1611,-2501,9363,12532,-5006,16658,-1853,7202,14381,9819,1230,14187,-695,5124,13289,2156,920,14850,4222,-3084,14422,939,1246,14038,4999,1375,14351,4699,3469,11832,2219,2414,12537,4629,-3613,16088,2568,1573,12315,3414,-1277,13225,1313,2133,16637,2218,6124,10869,6573,1147,15771,978,-1388,12222,8937,-3319,15957,6553,3586,11526,638,6278,11917,1536,1012,12965,443,2418,18661,2151,4793,8935,13312,-3512,19693,-4065,-1777,9721,12243,9057,19058,834,4536,9972,948,-133,13479,2428,-4307,14757,2764,3478,14025,3192,1718,11164,5888,-2829,16999,568,6501,14287,7140,437,13707,3318,-3712,15018,1502,2125,10985,3520,319,13089,1420,4786,16243,3131,2461,12233,5652,-659,12369,4996,484,16050,7018,-1445,11771,1478,7096,12896,2627,2858,14068,215,2701,15654,2889,3059,13192,9826,392,16941,254,197,8033,8349,-1874,20265,2442,7211,10245,2276,3091,13072,1492,-2993,14402,2690,151,15062,2592,3171,11193,7660,1371,18863,-740,899,13121,6457,234,12611,5438,497,14755,-149,-629
13920,4463,2725,12393,6291,-142,15450,514,2579,14242,6090,250,14074,3190,-1367,15080,2048,778,10805,2674,-970,14543,2031,8452,14480,4399,2154,13262,3790,-4442,12269,6775,1749,15772,6535,936,11871,976,6105,12387,1263,545,14137,1290,5385,17498,3451,4278,11183,10744,-4099,17838,-1278,304,8858,9749,4000,18386,1857,3203,12005,-453,3851,12090,2892,-2261,14654,2430,-631,14248,2567,2169,10946,8063,333,19831,-15,4311,12742,6999,-394,12937,3036,-2577,15394,958,4116,10874,3520,-2413,12510,1775,3922,16433,2294,4872,11186,7431,-748,13235,2658,-2566,17044,8696,1437,10532,2868,4197,15695,57,6050,12201,1978,821,15119,905,3568,12580,9691,2103,17862,2662,-4932,9090,7552,3711,19419,2054,7486,10001,2412,1094,13392,-157,-3105,13715,3838,3374,16948,2582,1237,10143,8071,-1748,19023,-397,4132,12264,6686,-503,12953,3612,754,14754,-608,-3489,9794,4636,3635,14162,3186,4134,17510,-376,3572,8431,7696,-1754,15549,2671,-197,17375,9642,1974,9808,3969,518,16981,-101,7573,11917,2798,520,13271,952,3437,15567,5712,1574,13469,8122,-4208
12508,1152,5756,10571,1674,2512,12603,391,3513,20207,1569,2574,8501,13720,-4717,19890,-2890,2209,8814,12453,6043,18866,-1038,3590,10765,1922,2581,13879,2067,-3405,13977,2180,557,14134,3562,1455,11959,7317,1346,15877,550,2794,15416,5253,-488,12305,4091,-1095,15859,1473,1384,10612,3531,-2627,14625,1812,7570,14253,3477,4931,12336,4520,-4134,13557,5956,-1080,16459,7338,1982,9865,2213,5617,13794,-122,1156,13185,1269,5713,17995,2745,4758,11395,11510,-2515,17893,-1325,-3402,7719,10885,4013,20513,285,7075,10654,794,1177,12244,1671,-2325,14065,3740,1273,15077,2396,366,10973,8004,-910,19559,520,5890,13608,5682,-315,11632,3803,-1824,15979,1007,1142,10795,4675,268,12864,829,3601,16307,566,2851,9597,9136,1534,15396,2384,-1902,16712,9014,-7,9513,2800,4187,15813,129,7221,12147,2090,-669,15754,1520,3482,12748,9158,2054,16968,3729,-4108,8994,6248,3051,20381,2635,6257,10228,2223,4518,13683,-993,-5153,12422,5115,694,18166,2364,3309,10501,9143,-1218,19293,-1518,3310,11233,6848,599,12000,3195,1045,15572,-155,-4299,9730,4348,944
11819,7400,-970,17394,188,1600,13730,6817,3940,13074,3694,-3214,15823,-277,1080,10015,4190,270,13017,1981,6620,17350,1410,834,10163,8211,-2452,14470,3855,1522,14758,8442,331,12289,769,5993,13543,1008,2970,14373,1506,2648,13881,2983,2475,15316,7869,-601,14021,4532,407,10558,5759,3228,19101,3282,4013,10890,1342,4325,12740,1400,-3150,14269,2772,236,16568,2107,2906,11036,9061,-557,19037,-632,4175,10606,6438,-2311,13841,4277,1029,14767,0,290,9500,3766,-1703,13652,1500,5702,18751,996,6333,7158,9528,-3331,17659,215,-2852,15198,11391,3780,11563,4043,2033,16277,-1200,5275,11732,2227,1503,11394,2143,6078,17963,3132,-692,11328,11343,-6654,14857,-519,6874,15450,8875,3989,12933,-890,3441,14094,1688,-663,13924,3863,-2306,15234,1344,2322,13550,7028,333,15875,2566,3511,10062,4859,2442,14507,3461,-3205,15575,1813,569,10845,3683,-85,14040,2098,2816,18220,1483,4675,8392,7899,1084,16246,775,-1150,13021,9912,-3331,15008,5136,5254,13143,-472,5836,10618,1560,1895,11558,277,1402,20384,2213,4701,8293,15615,-3830,19347,-4069,244
13834,-1538,7436,12537,556,-610,10188,317,4254,19363,1817,2869,9634,14399,-3809,18490,-2094,309,12155,11899,7478,15573,-620,3926,12990,-1297,568,13292,4018,-5151,13142,1367,3324,14652,5059,1176,11415,7655,-1761,18441,2829,8351,13775,7741,-5306,14441,1103,433,11893,715,-433,12895,2346,1697,14969,436,7207,14121,1838,244,9700,5630,-1354,15222,8774,-1318,16189,6477,317,11737,1010,6783,11317,-246,5657,13343,-1184,701,16476,2881,3260,13370,11726,-2752,16528,3825,490,10067,10164,1292,20456,1163,7851,10074,326,3641,12486,1045,-4365,14943,3236,-1484,13962,2544,1762,11669,7203,5054,20469,-163,1464,12040,12807,-963,11620,3372,-3320,11563,-4325,4039,11906,-22,-3880,13222,-896,11059,15844,863,5314,8098,7320,-10227,19536,5848,1200,17148,12029,3124,7388,3893,3358,17147,-2882,6724,14201,328,2512,7510,4996,1226,20999,5179,-3229,10657,18632,-2148,17564,-26,10531,14048,7597,1722,13512,-5438,4232,12568,2452,-1359,14446,4897,-4429,16743,-1223,2803,13798,1793,2884,7972,-684,6153,9764,12915,-2690,14283,7614,-6281,16087,-511,4259,9409,-1871,3195
14292,-4888,8827,12992,5987,2525,18150,739,-4880,12371,14729,-8576,11296,7593,1619,19055,-4239,8494,6720,-145,3693,13163,418,2438,18835,4212,2539,11001,12018,-14442,17514,4137,1060,12365,10967,9970,14097,-592,9370,13777,-2024,4213,11212,1210,-6500,9763,5869,-2497,22937,721,2655,5420,13692,2429,18902,-2817,12755,15157,9864,2485,14177,-2443,-5606,7905,1674,-3279,18223,4575,-644,14395,491,8322,11858,1935,6278,11782,4622,596,18589,5163,-3774,16799,11269,-10036,12332,4135,5073,8043,-1681,9807,18708,-2612,216,12722,998,7884,12651,4483,-4945,11477,9679,-8364,16273,6040,1479,15632,3853,9202,8712,3205,9988,17931,77,198,11964,-237,-7154,10210,6106,2068,18744,6337,1623,12471,9013,4349,12200,2987,8953,18620,6199,596,12004,-815,-1184,14259,1279,-7381,11997,3973,3622,15564,-2811,7873,15788,4541,1497,9990,-1078,1106,9495,15216,-2765,14836,8787,-8043,18145,-2303,6335,6553,-2805,8881,14666,-3198,2634,15023,2636,1785,14197,7259,-5821,13816,7800,-5167,14838,9518,2587,11587,3926,10222,15968,660,8063,11598,72,86,10633,952,-7170,19011,4823,2616
11303,10070,-6468,16531,8698,7984,16448,2463,8929,9369,3195,6362,17023,-318,-3814,13405,348,-7018,10620,5289,3193,17440,6442,5077,13222,8862,7243,12297,3541,8208,15671,3853,-6808,11232,-613,-1249,16427,1255,-3839,11094,4158,4341,14059,-4914,8558,13968,5254,1699,13736,2739,-2802,14555,10693,-4626,16098,11387,-5012,18069,-2692,11473,1047,-398,4906,17262,-2633,249,18048,2046,2186,11920,9072,-6692,13240,6591,-7780,14304,9966,8535,16596,1565,9758,10847,2068,8496,13210,707,-6102,14301,-221,-4144,13578,4302,2201,14142,8845,3178,16192,6411,7761,13372,6718,5938,15016,2446,-3867,9154,-747,-3738,18178,1023,-2225,9759,3319,6202,13516,-4812,7598,14118,6035,21,14868,3203,-1484,15389,11009,-5514,13693,10463,-3973,19103,-5243,10181,1593,1500,6698,15440,-2035,40,18693,1142,1478,11835,10781,-6975,15113,4839,-4167,13009,10792,6554,17102,2001,11204,11510,845,7782,10422,859,-5060,14577,418,-5748,16585,3607,2882,11052,10975,4218,16961,4144,7400,16204,7854,2661,13674,2042,1289,9092,-1180,-4260,17369,1777,-2162,12032,2683,6791,12145,-3236,5822,13592,6495,-467
17905,-2261,8161,14570,12506,4252,15370,827,-448,10851,863,1906,15891,2483,-7624,13234,1716,4664,16462,408,8565,11309,7156,-2668,13294,-404,538,15083,12245,-5365,13751,4634,952,14115,-2471,6559,11413,1872,621,12315,1712,4656,16826,-846,2297,11848,9809,-11151,16012,2748,2359,10926,11365,5389,13965,2381,5341,16321,-516,7834,10937,1930,-5057,10373,4312,784,22643,-211,890,5626,14256,-1186,17333,-1219,10004,14493,11550,2375,14654,-906,-573,10559,1206,1540,16339,2961,-5780,13502,1619,4627,17436,63,6538,11041,6464,-1125,14512,267,49,13971,13743,-5428,13012,3460,3338,12058,-2027,7041,16335,-50,-2494,10904,1471,6209,14410,771,824,14168,9147,-10613,16154,5018,2837,11248,9927,6777,12262,2117,6863,17234,-591,5151,12031,136,-6512,8901,5684,4309,21707,447,-771,7435,14352,-85,16517,-683,11583,14339,10885,-788,14710,-1073,-264,10693,852,219,15054,3397,-3772,14100,695,6214,17008,-202,4061,10124,4321,-1685,17051,3169,1921,14720,15035,-7965,12695,1072,4669,6852,-1061,8808,20889,-2975,-4018,10137,1634,7718,13315,2200,-2480,14440,9354,-9359
13849,5919,-1573,15775,14514,-5129,14120,838,2065,8188,66,11915,18436,-718,2216,10848,1019,2617,12890,4662,-8699,15143,9525,-3582,16962,6207,6168,12220,7329,4618,11676,2001,8277,16545,1218,3646,13932,-831,-9507,7645,3458,695,17213,5081,4039,13970,9380,5814,11753,1372,5454,16001,7159,-276,13417,1460,-1362,14108,798,-3416,12143,2856,406,12705,-1211,11978,16219,3845,369,15528,4196,-2351,12387,4063,-3825,14282,13425,-3495,15569,455,2425,10794,1356,9502,15915,651,2901,12267,-961,3661,12078,6099,-7483,16539,6676,-4140,13677,6328,5806,11569,7998,3186,15436,98,8662,13607,3925,4207,15308,-2796,-8923,6840,4732,981,18562,3701,3187,11150,9760,5212,13552,988,5917,15583,8235,322,13989,881,670,13455,2241,-4201,13173,1732,-1146,12481,-930,11220,16511,5274,2066,15260,3348,-1273,11395,2452,-4381,13012,12723,-3059,17912,-123,2903,10291,2928,5127,15802,-180,4227,12125,663,4831,12694,5304,-5613,16417,5807,-4736,12448,5655,4203,12216,7785,3166,15573,228,7881,13605,4028,3915,13842,-2357,-5477,9693,3611,1044,18294,4732,884,11461,7846,4393
13999,9804,538,13216,7200,7706,13129,-1543,7336,10376,2487,-593,13849,859,-979,18713,2325,4814,8269,11335,-2750,18020,-1440,1481,13251,11315,4489,16253,3332,5803,9690,303,130,14946,2619,-2974,13079,2424,1872,15622,-458,3147,10733,7867,504,16156,-295,3201,17243,9684,-3733,12908,7764,-1265,13593,-3534,4988,6480,4127,1144,15599,59,2210,18640,-819,4513,8240,10417,-2651,16494,533,-3331,14667,10989,913,13954,6035,6671,12896,-871,7139,10089,1065,-1571,12458,2876,-1723,22273,1037,6381,5351,13680,-3570,18743,-2512,2026,14407,12699,8076,15271,1829,3022,10090,0,-797,14683,2682,-5037,13489,2358,3781,16388,423,5927,11061,5835,-3595,12966,-253,2563,16846,12180,-1761,14382,5647,-2125,14683,-3119,5263,8026,2398,2088,12582,300,3511,17369,564,3158,11760,8882,-7961,14546,3913,1509,13723,10025,2407,14850,3460,5447,13869,817,9958,11680,-653,-4444,9279,5263,1099,23773,720,1049,5531,13306,-885,16104,-1267,5465,16027,10477,3650,14091,1092,2404,11320,199,549,14872,3181,-6487,14123,518,7897,16023,2666,2986,12923,3463,-723,11985,1253,243
13986,2808,-3231,10020,-3158,-912,14912,3146,-914,12077,1833,3234,13352,-3377,6678,14141,2669,1168,13183,2199,-376,17793,13978,-8386,13143,11447,-2591,18588,-6726,11685,-21,268,6590,13094,-1946,-852,19871,1761,2242,10720,11522,-8498,15756,3553,-3536,14336,13041,5810,16714,3027,11810,12869,229,4776,9218,109,-4188,11829,3208,-7115,21575,2267,6750,7061,13935,2801,17697,-237,5879,17033,10734,3490,13647,614,847,8407,-1761,-6067,17011,2753,323,12763,2712,5705,13488,-3801,7748,12830,3831,-3686,13985,2100,719,18028,15391,-8118,9108,9897,-157,18225,-6508,10841,6291,491,6254,11871,-1350,-590,18156,1151,2619,11345,9822,-11987,14713,5608,-411,14775,11383,7197,13761,3741,9108,16869,-1804,6894,7359,1621,-6898,11678,2663,-4227,22323,3150,6990,6037,13392,854,17956,104,7356,16580,11502,4982,14385,-634,-2150,8050,-700,-4669,17639,3090,-2506,14215,2043,9688,12918,-3419,6485,12101,2294,-4095,14839,3838,-680,18454,16751,-5332,8791,7746,-1521,11982,-6150,12819,14493,-2057,4053,10256,232,2576,16534,1627,-2956,11846,10344,-11506,17472,6119,3693,12682,9458,7861
8866,6333,5701,4655,-7476,14443,17377,-4593,-1662,11433,2398,1193,18498,3146,-3236,10597,12103,-12740,18954,4894,7123,13022,9472,12061,11562,3737,5711,17295,-1143,1755,8731,468,-11740,11379,2870,307,20781,3122,7318,7795,16045,5431,19453,175,9879,12221,9747,-4060,14574,-2228,-5600,9321,441,4050,17117,2890,-108,12648,-122,7369,16174,-6689,6905,10640,4746,-5794,13781,5648,-3609,22279,17359,-7389,6220,10553,5442,13616,-9101,16315,10856,-1403,709,13285,-992,-2708,17979,2999,-875,10773,11622,-11128,18651,4411,4595,11395,11789,10707,15119,1267,7181,13073,1478,3288,11550,394,-11623,11302,1677,-1331,18530,2523,7892,10297,12861,6064,19006,4609,9981,11951,8456,-3816,16023,-280,-7427,8633,-89,2137,19022,2382,1648,10578,1028,5795,14358,-7391,8381,11069,6117,-3942,14199,3352,-5579,21510,12884,-3354,7813,14929,-1183,20072,-7916,16587,2140,1433,3585,18752,-5919,-5115,12795,4329,1823,14473,8955,-9459,16549,5344,-823,10576,11475,10771,18717,2681,8214,11130,3105,4778,14410,778,-8171,12501,-1711,-8388,10384,2896,9643,16940,8526,6624,14909,11374,6166,14653,4564,4357
15013,8982,10582,13017,6911,8029,11033,1797,5700,16196,2217,-5813,15712,-3302,-9434,6983,4864,10231,20000,1617,1542,8966,12495,8123,18660,2198,8065,12219,10452,-9256,15336,-2035,-459,12522,2806,479,13737,1337,2243,13582,108,10238,17340,1048,-1184,9996,5560,-3143,12528,2090,-3220,18434,13876,-6155,15227,3775,11557,11415,791,7241,7780,-2088,-718,16145,-381,2046,18263,2985,-6468,10571,8972,-3306,12625,3639,2472,15830,11509,11063,16594,49,6097,11397,4390,238,13064,-842,-7477,11275,1214,461,19245,1540,5239,8149,9206,2857,16663,3851,11844,13201,10444,-3144,18114,1013,-4526,9151,1577,1560,16822,1778,-1665,11454,1325,6298,14542,-120,6656,12017,6585,-2737,19351,-123,128,10237,7997,-7500,10584,8706,1291,16338,1195,11404,12534,2827,135,15789,-2551,3110,11489,1767,841,12409,5270,-8405,16758,4222,249,12699,10138,4663,14323,5250,9845,11174,2301,5293,14465,1240,-4738,16264,-2806,-3485,9008,5746,4022,19142,2030,1072,8333,12291,7022,19122,501,8207,11729,10036,-6426,14134,-928,1848,14540,2817,-2240,13363,966,-1071,13273,1330,10498,15879,2651,2195
20799,2679,3406,8181,12572,5575,17369,3413,8544,12924,11836,-3791,16847,-2336,-1019,10288,937,558,17043,2083,-2364,12983,780,9654,13609,-2251,2731,10469,5550,-1087,14334,1354,-478,20090,14154,-8369,12355,8401,2809,14691,-4161,12510,4151,1189,-1671,19990,-4729,3137,12686,3947,-58,12278,5727,-9409,13224,6450,2944,15703,14043,5732,19560,-595,8648,6695,3022,5177,14820,71,-9734,15151,10,-2970,10184,3442,5962,15544,5767,3205,13012,13400,9856,18375,4279,3155,12232,4640,-6399,11417,-3616,1232,15414,2925,-1644,12999,2098,3383,11626,-2105,10399,16013,2146,-567,16416,3417,-1964,11217,7974,-5128,15507,13440,-5060,12927,2570,11531,12386,-3240,6530,14969,-3711,-3039,9307,1327,5310,19366,3572,-7854,12091,10098,-5252,16917,7187,9435,9913,9495,5404,13995,130,8027,17312,2321,-2511,13489,-1916,-10541,7061,2384,4453,21248,4356,4525,9030,13639,8435,19138,4038,8379,9384,9860,-8445,18614,-4041,-2543,9027,2178,3668,18926,2040,-2977,11537,818,10706,14389,-4206,5445,9998,6123,-4052,14263,2352,-2896,20321,13789,-7848,11279,9164,5018,15929,-5116,13870,2953,2101,-2227
8676,3666,539,17301,1718,943,13385,2896,14729,16223,-651,-2195,11191,5400,-4625,13681,1660,-3085,18952,12110,-5758,11183,5893,11090,13722,-2824,5909,6686,2471,-624,20183,-1681,4216,13594,2999,-6084,10419,5253,-6443,14000,5893,7633,14602,11960,5124,17514,1145,4568,11414,1900,4916,13462,426,-8307,12896,-49,-2199,11444,5704,6816,16064,3171,5665,11233,11737,8690,17109,2502,-1990,13856,6628,-4539,13537,-2275,2940,12905,2497,-4514,12388,2550,6114,12038,1327,12667,16869,1214,-2446,14801,2499,-6567,10830,7098,-4559,17935,11539,-740,14140,2793,9712,12964,-2099,5670,8458,365,2325,12574,936,1231,19660,2711,-8729,12299,8723,-2479,13865,5215,9186,12214,8677,2674,14321,1092,8117,14895,3533,-704,13721,-1005,-10005,9520,3421,4409,20629,2349,5032,7355,10051,8287,19355,3140,5848,10047,9054,-5863,18630,1135,-1081,8915,1366,2241,17910,1405,-3967,12560,2433,10976,13714,-157,7254,10652,3854,-8198,18321,312,-350,12951,10190,-5760,10756,8807,2271,14559,-432,9512,11872,1726,3625,16777,-582,3634,9600,1718,-4039,12412,2486,-9796,15107,6381,5610,16879,9737,4185
15792,3438,40,18034,11640,-4236,9999,11715,2493,16154,-3125,11348,4786,1916,4653,21648,-6257,-2100,8162,4373,-3207,15290,2018,-7261,12209,9462,4941,17686,9935,4838,17322,3820,8717,7201,4952,5428,15954,-669,-10233,13212,-542,-5916,8279,3913,8702,22069,2217,7808,7176,16520,4984,22275,1060,3469,9089,10685,-6787,17258,-4138,637,9869,2695,-390,15101,2004,6282,13125,-997,10434,17217,-3195,-4722,12014,4759,-3864,9777,6765,-1926,23015,13575,-4760,7283,10155,8198,18582,-6031,11878,5694,569,-1621,18224,-5679,-2755,13330,3611,-3624,12490,5348,-4228,13748,8507,6942,12488,11519,6750,19106,281,6393,11083,5071,1988,15119,-848,-13815,13135,-1114,1051,7230,6023,11771,19657,3250,1761,11514,16133,8677,17489,3196,-778,11205,4651,-8809,12958,-3176,1252,15439,2828,3788,12940,1016,6942,9900,-3349,5511,17441,-2064,-3597,14612,6527,-4893,14616,9443,-2043,16439,16947,-1819,11078,2896,13359,9645,-5014,8412,16453,-4258,-3408,11589,755,-3994,17148,2664,-7354,12905,8449,3262,15956,8927,8611,13030,8390,3784,12746,2991,8296,16135,1236,-5803,13161,987,-14799,13902,-386,9767
3156,-2152,-3688,14703,-3795,-4990,11458,5690,803,19554,2911,-2372,9399,10248,7690,16258,8624,5957,17917,4089,-1891,10889,3255,2610,12896,176,-7005,12978,1976,-638,13024,1819,13912,16368,5799,4021,8875,13298,4588,20376,3523,1365,9215,6351,-15933,14326,-3,8151,11126,850,8785,18927,995,-1069,12294,-2383,10906,10659,-3329,-4151,11528,4280,-11135,17542,5864,4410,15702,11304,1855,8997,13651,5722,18706,-4786,6907,2991,-320,-2600,19656,-3518,-4212,9303,6324,-1982,19161,2911,-18,9479,9912,10982,18237,8638,3121,16745,4253,-4186,10773,2309,4361,12580,256,-6341,13576,1809,-2455,13665,349,15888,13757,3232,4162,8570,11569,1825,20828,4828,-148,9684,8138,-13680,12839,1551,8925,9871,311,8001,19389,1485,-938,12533,-1073,11067,9804,-3068,-4937,11099,2843,-12757,20328,5773,5558,11696,11055,4893,10172,12539,3422,17959,-3514,5386,6986,226,-1175,16468,-2110,-4401,9914,5501,-2359,18638,2161,634,8863,8746,12519,19148,8236,1180,14636,6535,-5300,11865,901,6178,11521,2051,-6199,16485,2367,-2153,14476,-1974,14399,8818,2947,4454,12660,7279,-1120,19405,9096,1738
14172,2276,-4671,12684,7426,4691,15375,8984,6270,14898,5291,-3705,7305,8807,1478,13356,223,2665,15008,-48,503,13969,-3253,5998,3777,774,4635,16708,-1547,-5135,12516,9968,5029,15443,4248,-2098,9834,9217,952,16662,-842,10778,12985,-18,-2163,10418,2802,-2760,14416,3771,3956,17367,4979,-1125,11280,9525,1340,12724,7155,4991,19277,12995,-4090,13526,1655,2199,8174,-1137,-899,10698,2273,2818,19302,-2582,5268,11183,-3507,-2123,9926,1812,2687,13864,5666,-607,13749,10514,-3428,13191,1968,5835,9974,2355,10838,16700,-2917,-6172,11397,-1080,2662,9113,8897,4715,24434,3474,-4315,6218,17577,5762,14195,1005,4776,13292,17561,171,21690,-5042,4200,6364,2149,-5310,8605,4184,63,14296,-1730,9326,12950,-2231,1038,10956,2448,-185,15931,6172,-553,13963,8846,-6138,11345,-1277,5214,9592,-1831,1919,15410,210,4521,15712,-180,1727,12801,6099,-6277,15733,8800,1845,16188,11666,5700,14492,7256,-2649,12913,10726,8335,13704,1443,6301,16880,159,-8510,11872,1674,1384,7138,2594,8900,16085,-3559,-864,8631,7690,2774,15746,-209,2606,8485,10442,-2296,17948,-5271,3136
11155,8767,-925,14933,-816,7648,8922,1773,4482,14741,-3095,-5184,11477,-2193,4978,11220,4974,104,18086,4705,912,11731,14985,6322,14708,4915,878,13587,12860,-2565,17384,-340,7300,15639,3905,-2375,11638,4664,-1487,12309,-795,5269,11357,137,3977,13995,2149,-2741,12511,6132,-2898,16113,6691,2328,12573,-3382,5135,7588,-471,-2661,13147,-3324,6188,12602,2271,1529,18535,2155,-7129,10952,10531,2942,16643,6831,3601,17865,11608,-814,13930,8296,8153,11304,2750,3128,15362,4549,-4729,17391,1095,3250,11007,1231,2838,10301,3184,4294,14748,4285,2089,12069,3971,552,11827,3802,1396,12214,-1895,4413,13391,-2423,-3984,12328,-1659,1532,11264,3379,8191,15368,2530,-5901,16038,6175,1428,12183,9532,222,14155,17256,277,17081,970,2860,11991,2449,1589,14182,2723,4015,13662,1556,-63,15638,79,-1181,11588,4645,578,15043,4783,1704,11589,7731,878,12104,-136,7421,12067,312,2175,12655,-4125,-3684,11595,811,5099,18448,1822,-316,9294,11247,3435,18335,7803,4373,16432,10609,-1708,12856,8926,4060,9376,912,1992,18971,3058,-4358,16218,3737,5748,12605,-2415,6183
16873,-63,183,9832,2873,8500,13505,-1185,-3383,10390,8109,2139,18756,4700,4084,10380,8515,1327,13166,-4353,2652,11393,-1639,-1262,12971,-1726,547,11197,3716,4064,18292,4320,-1421,13231,9996,3108,13388,8711,3055,20122,16478,-6946,16109,2231,3357,11053,-2712,4324,9375,3102,-486,18563,-337,4296,13683,-740,-7,11357,2700,-777,13234,4968,-750,10518,10853,-463,16302,-517,10441,7786,515,2860,14813,-4766,-5895,11656,-1109,5503,14187,5185,-159,13876,8583,-306,15268,13528,6757,17933,8159,4707,13610,10883,-1800,13618,-2878,2885,17766,2695,-2948,13707,3970,1104,10866,-1561,6427,9075,874,-1330,16412,3008,5009,12558,7636,-6046,13645,5572,-491,13232,-4022,4800,8017,-1963,308,12768,-4809,3114,10634,4535,465,21149,4562,-1415,11006,11833,-1827,14417,8338,2026,20671,13165,3230,15972,5334,9368,13506,1150,395,9026,2509,-3880,17235,1873,6028,16825,711,81,8766,4912,3575,13914,2342,4087,12309,8376,-1625,15525,-1135,2861,6919,-1418,740,15845,-2513,-2380,13683,-73,5622,12654,2086,2086,12643,6716,-1633,17557,7664,4055,15724,10508,-3068,11340,15064,-2794
14964,7042,465,13395,10828,-283,14909,1660,5392,17983,2769,-2744,12434,5328,260,11283,-2716,6589,11805,1071,2208,15742,3213,-4220,14779,6204,-468,12644,5729,3448,11811,-3056,1966,8537,-1030,574,13404,-3901,4694,10526,3653,-114,20564,2564,-5724,10949,11369,2185,14817,7667,6450,20425,13483,-4560,15946,7948,8022,12625,2741,6386,10457,2377,-6032,18666,-735,4603,13248,815,2308,11068,2020,5125,12953,4282,-1908,13105,5490,2753,13152,3244,1872,8136,-2817,3868,15017,-3357,-3767,13036,-782,1256,11150,4218,7706,15080,4255,-8963,17556,8407,6575,13627,11432,436,14583,16061,-3944,16557,-164,4265,12266,1946,1930,15642,3314,2491,10018,654,1501,15543,-2520,448,10984,4174,-2012,16138,5560,-43,10063,7632,1468,11414,-2076,10194,11096,-70,837,12530,-4171,-2639,11906,293,5704,18557,4086,-3391,10788,12994,2471,18496,8796,9237,19457,12831,-4516,13591,7074,6188,7939,1762,1195,18787,3689,-5676,18077,3715,6150,11581,-4656,3906,4931,436,-1353,17357,2712,1339,12623,9307,-1627,10711,3292,-1739,12600,-5331,5794,9020,-286,1109,14853,-6010,1772,8638,6907,2687
16753,-2735,-5243,14217,882,6238,13750,2050,-481,12886,9016,2215,18837,10314,3827,13991,11118,-5725,8409,13342,-1133,17065,-1868,7770,15354,3234,-2239,14399,914,3048,8618,2406,5890,13581,-2905,-6287,9714,4060,-443,16561,7958,2289,12418,4943,2925,8343,-4251,8457,10445,-2033,-2535,12565,-3536,403,12116,2304,3881,19865,3916,-4092,8739,16317,6480,17473,7556,9073,20858,13370,-8658,14376,4414,7303,7865,2680,819,19517,4247,-5078,17608,4106,6220,11452,-3728,3959,7450,2067,1143,18500,2144,-322,10724,6911,-6817,9253,2244,5598,14173,-5508,3798,9122,-2047,-2437,12132,-4232,5881,10845,6834,908,20579,4287,-5901,11416,9644,4941,10990,11708,330,19059,12251,3108,16334,5502,7681,13249,1945,-1251,10034,4024,-1245,15073,-357,4376,16349,975,1791,8565,6221,5042,16217,1689,1111,11318,6391,-2671,15171,-2271,6882,6236,-785,471,16984,-2583,-5184,14560,926,7364,10169,1987,1811,14403,5206,-4254,19103,10600,6801,12189,10100,-3069,10149,15371,-2106,19083,-1029,3462,14616,1677,1815,11334,4991,4372,11930,248,-646,13841,-779,156,9945,2373,820,16433,7080,-1256
11123,1068,750,15219,1037,-271,12990,7274,-2845,12090,7252,-973,13824,-4514,7412,6934,-1126,-721,12986,-4341,1072,14074,2392,5820,17092,3259,-8697,11160,9626,2224,16790,10697,6108,19448,10700,-2169,12988,10977,7789,11852,4027,1752,15190,2455,-3805,18007,-3249,5691,5271,2698,3633,18342,-2929,-1812,9563,11538,7667,15432,-1413,-1234,6531,7899,-2189,16497,-4470,9098,11556,-2031,-2666,9542,-1426,-1071,13136,1742,3740,18448,4211,-587,12015,11779,2256,14593,8851,1468,20602,17000,-4880,14962,3581,6178,7958,1277,-763,11973,4895,1378,20642,-563,5538,10293,-1535,-2521,11238,-1067,1149,11748,7112,1332,15602,7203,-1980,11622,125,5655,8468,487,8219,15915,-4015,-6331,10080,-4251,2453,7265,5311,3851,25383,3240,-4214,7204,19323,8986,14286,3927,1764,17428,17180,-758,20455,-773,5859,6044,2903,-3178,10577,7275,-3457,19274,-1058,10470,11870,-4227,162,8439,2821,-891,18372,6012,-455,12424,7589,-3292,8464,-1747,4121,11929,-3571,1472,13758,-1435,3753,14664,-3572,4063,8411,6821,-5442,18499,4659,-2394,16083,13333,8084,13331,8356,-2380,13718,13978,3754,16553,4527,9037
15136,8702,259,21268,15562,-2173,14255,3219,4822,7888,1487,61,7595,6715,175,22113,-660,7287,10280,-1859,-3831,7609,-2180,1246,13322,7292,3179,17521,5781,-3296,10102,1591,5689,8765,1109,6298,16889,-3062,-4757,7746,-4081,3576,8637,6299,234,25733,2925,-531,4680,18659,9313,16047,1309,-1700,18401,18249,-1570,21407,320,9319,2408,4517,-2642,10245,5481,-5200,19999,-51,10324,13101,-5256,1124,7212,1402,-1611,16876,5222,968,13551,7472,-4972,8636,1466,5085,12788,-3820,2972,11590,-748,1166,14522,-4367,2660,8632,7571,-5140,19776,2888,-134,14670,11958,6712,14349,9585,-2859,17644,13617,4615,17158,7172,8878,15573,520,-6639,5969,3564,1134,17313,-4097,7521,14306,238,1426,9135,978,3061,14186,6617,969,14141,5474,-4214,12582,779,7257,5125,-1180,2641,16789,-2378,-5369,15395,220,7146,10403,3289,-1298,15045,5452,-4801,21079,13881,9479,12648,9244,-132,14075,14476,-4441,20288,2366,6673,14703,366,-337,4248,4442,173,15634,-3423,2974,12043,-1808,1294,11145,-1569,1262,12691,10083,-4412,11981,6499,2135,12741,-3543,11259,7228,2995,-2120,17801,-4779,-3708
8612,5881,-5953,13357,-4080,8214,8090,-2986,1069,12985,-1104,2388,15626,1768,2023,11697,6106,-6399,16540,6535,1286,16946,14368,6398,17782,6765,-1045,15478,12673,6022,15431,7650,3837,19945,931,-6487,6786,2158,6100,12236,-2815,4340,16894,-1282,3050,8535,2705,4348,15353,3993,-1931,9027,6623,-5052,16278,-3770,9052,5963,219,-1595,14579,-824,259,15839,823,7034,9927,3900,-8076,17027,6985,2557,20331,15407,7851,14760,8237,-4072,15336,12443,-699,19220,3192,6181,15910,2515,-3521,8304,4413,2230,12864,-4203,5890,11946,-3104,-745,12264,-763,917,14226,7141,-2196,6851,7385,-56,14665,-3669,9813,8963,2151,-1082,15292,-4461,352,12192,-238,5908,9558,7779,-5200,20445,3619,2679,13726,21709,8513,20311,1527,-297,11580,15937,-642,20703,981,6001,13922,4672,-5671,10128,5529,2494,14222,-5762,6863,12259,-3731,594,13969,2055,3927,14251,6217,-6863,8360,6815,-3462,12002,-2391,10081,10035,-3064,-1096,13039,-1362,1587,14730,1192,4289,11614,5065,-8029,17736,5204,1028,15855,14924,8681,16791,7670,-909,16699,12281,2130,16902,7888,5078,17317,1697,-4122,7343,1766,2685
19464,12750,-2583,15095,5415,3494,11478,1802,-3733,8605,5077,4082,21234,-3096,5566,8092,-2480,-2550,11842,-6884,3344,10209,10194,-1942,16661,4646,-4147,10448,2376,8364,10729,-1266,7724,11658,-2384,-4389,10620,-1416,3510,15968,5228,35,14564,8416,-3124,12747,13869,9578,21723,9722,2870,16759,8566,-3052,15950,7947,7443,9553,5031,-5897,16506,4345,729,17564,-1188,9695,9033,-8085,-767,9792,-3689,2727,13981,9182,-783,15212,2714,-8318,7305,6467,2509,16295,-7124,9908,5438,-614,-694,13866,-563,2728,16750,4774,-5587,11017,9459,-3883,17173,6783,8861,19463,13689,3834,17149,7656,-1322,15758,11190,6712,14150,8199,-5129,15059,20,-896,15241,-2548,10362,7097,-2691,846,19046,-6934,5433,5259,11587,1605,17708,-1428,-8146,4779,7438,4598,18172,-4651,7302,7415,-451,-91,12859,1404,344,17061,1792,-1017,10239,6629,-2924,17775,9816,5211,23170,14055,6481,14445,9059,-4558,13710,12699,1335,19254,2829,-428,14477,4392,-737,13239,7,7250,11010,-6924,4384,8581,-6137,-1918,12171,2504,920,15866,8535,-4805,5435,4360,2126,12724,-3405,10628,9923,1295,-930,13957,-4692,289
14636,3549,-8368,6371,6346,3798,16174,-8787,7322,3673,-1552,-848,15014,-697,5083,18090,6635,-6149,7684,8846,-4515,19278,6211,6690,20669,15804,7115,15882,6798,810,17651,11115,1359,15240,11459,-2289,17795,-1108,656,11501,429,7066,10579,-7313,4024,12520,-4344,5448,8299,4451,-505,15821,4540,-8333,6889,3044,2520,14081,-3077,10599,7900,-1376,-1485,13783,1813,425,17325,3314,473,9247,6836,-6272,19238,7530,5221,21883,15148,7145,13780,8126,699,18572,14554,-3735,20695,4664,799,10875,2521,1779,9300,1910,3753,16461,-8083,3633,4427,-5560,3395,12681,-3319,-723,14412,12218,-7744,7516,2682,1437,12808,-2543,11364,9794,1228,2464,15912,-3408,-4240,10684,2917,5515,12872,7403,-8247,20323,9225,4220,15735,18257,12110,16498,4369,-80,19970,12216,-1514,17883,7944,1302,12522,3980,-2243,8169,4372,7214,19903,-10908,2046,4173,-5818,3960,14102,-2529,4244,14287,12168,-11384,10439,3697,-2949,9828,1567,9491,14286,-6402,4636,9718,-2213,-47,12579,3731,-1041,18057,5311,-5476,11141,10712,-1449,18056,10388,10227,17702,10458,3484,18157,9331,499,16708,12400,-242,14961,6560,-3990
18710,12076,8222,22919,8575,6077,16247,12588,-2484,12405,10806,-4664,15925,4092,-3809,12097,4033,8639,17980,-2151,6861,8011,-8519,1767,8617,-6911,-289,12430,5421,-2830,15037,7317,-7333,6902,2263,4733,12096,-3503,14148,7000,-2739,-800,14338,-1806,-2238,16861,6668,-3365,8217,10882,-1064,20694,7264,7853,18547,16440,6199,17865,5656,3942,16441,15644,-1839,20987,5250,-4573,13892,3820,567,11639,2046,10125,12906,-12921,3245,5192,-6807,1917,15156,4309,-2,16802,9328,-9557,3899,3462,-2946,11882,-7666,10890,8925,-923,5792,16034,-2738,-1958,13369,6729,-2734,12707,7773,-5846,18840,8533,4639,18237,12137,8840,15408,8760,1843,21102,12744,640,17159,12401,-4084,13738,220,-1712,6627,786,10142,20443,-8461,6091,1772,-4158,3915,15339,-3653,1168,12417,15321,-8768,12311,-2077,816,8027,611,6575,13307,-3972,9387,13495,-838,-3653,14714,6106,-4001,14838,3914,-4061,12988,8875,1968,18984,12758,11037,18845,7964,2667,20503,13012,-562,12759,9662,-4666,12053,2510,-4727,10314,3342,8392,19717,-3538,8029,6808,-7050,-683,10454,-5806,1416,11933,8968,-4345,14975,5663,-6552,9380,1785,7491
8615,-9876,2785,9539,-4717,-714,14160,9912,-4276,13199,5700,-6203,8335,3750,2821,14215,-8811,8556,4926,-2167,2401,13485,373,461,19168,5889,-8440,6292,10565,-2290,21090,6744,9704,20653,13207,5619,16115,8590,587,16453,14083,2205,18398,9795,-5005,14896,-769,458,12161,-990,9831,11704,-8152,5075,9618,-5336,3433,10236,5282,-2945,14808,7791,-5190,5843,232,1698,14166,-3890,11057,8745,-1609,463,14396,1173,-1838,15954,4627,-626,11144,6753,-6771,18721,10334,8840,21603,12497,7851,12843,9133,-2207,21234,14484,-3598,19273,4681,-562,10279,1719,-366,8453,1637,8133,16846,-7859,5046,2734,-5559,2032,14188,-2773,-4272,14311,13284,-6270,8167,1878,2520,13201,-3397,8989,10701,474,5300,14194,-3733,-1447,10711,4502,-208,15957,7323,-7788,15447,9558,5192,15741,15269,13904,19379,6069,389,17289,10678,-3177,17128,8676,2907,11251,5053,-6156,12941,4067,5021,17969,-6980,9979,6867,-7713,2797,12124,-3368,1016,14650,11711,-9801,11144,3339,-3059,9707,1813,6020,15080,-8307,6211,7219,-2104,2462,11655,4387,-363,21327,5800,-7538,6412,10438,-2114,18994,6723,11263,21430,12388,5861
11895,5102,-2370,19242,3780,-4256,8399,8482,-732,18692,10020,6322,23884,11516,9628,16206,10873,-2617,12994,12506,-6205,20414,3433,-370,12085,5002,4269,15113,-1036,5319,11115,-10024,4733,4513,-5485,947,14200,2875,-4807,14920,10215,-5332,4790,-379,4220,10333,-4049,10681,11963,42,1500,14500,-817,-2904,14824,5116,736,7792,10101,-6213,22151,7134,8071,15913,18833,12042,18768,3891,-1443,16671,13901,-476,20744,5025,-1577,11942,4743,-570,9273,3061,5983,16540,-12115,5804,3044,-6005,3829,15992,282,-1920,15869,13279,-10105,6566,1110,178,10465,-3579,9015,13929,-3643,5085,12235,-1519,-800,12467,7803,-2667,17887,6285,-7079,13179,9665,1588,17671,9728,11776,17643,9730,3391,19653,9388,-639,15013,12352,-2307,14506,4572,-3024,9370,92,8957,18093,-7343,5641,3363,-3877,1899,18386,-6673,6374,6751,16631,-9030,15259,-4393,-5561,4326,4138,13341,18167,-5945,5922,9349,418,-1395,11460,6929,-2642,19565,3180,-4275,7548,8464,998,20335,10182,7497,23914,11481,6926,15792,10170,-4288,12507,11177,-4588,19986,4094,-933,12325,4772,6090,15939,-1652,5303,9437,-10646,3691,5483,-5438,76
18746,6415,-3797,9991,4963,1219,10631,2569,8466,16940,-11184,3220,3240,-7548,4291,14018,-338,130,16384,13044,-12526,7865,187,466,8929,-1684,9635,14629,-5650,6750,11254,-353,-1357,12657,7912,-5720,19324,5960,-3653,10327,9547,1181,18137,7993,9243,19706,11500,6363,16042,10110,-943,16834,11458,-5227,13637,8884,-2271,14801,-1001,8812,15805,-3405,8584,6452,-8761,2796,13592,-5070,2500,6431,11067,-6331,16957,751,-5757,4707,1660,5412,18124,-4699,13199,4436,554,-1640,15149,2486,-4360,16796,7845,-3289,9648,6333,-1607,19590,10105,7876,24261,10990,6882,11854,10489,725,20108,13348,-7201,19681,4932,-3208,9822,3477,6236,9608,715,7076,15235,-11415,2279,1574,-4783,2734,16510,-3417,-4354,11566,14031,-7880,7543,-1547,4657,12980,-2144,10343,9804,-226,5550,15496,-718,-5300,13910,8283,-2481,15007,4467,-2231,12475,10373,3913,21375,11851,11830,19744,10157,4904,15658,9057,-4564,16110,10976,-3740,11052,6503,-746,16121,2506,10291,17181,-7957,7116,3754,-9826,-585,12398,-4139,534,14775,11442,-7624,11416,2083,-4793,7145,2834,8093,16043,-7821,8548,5981,-627,520,13619,3938,-6380
7350,10581,-7788,14229,-1071,-1343,5823,843,8402,18785,-4302,7955,4300,3127,-808,16941,5769,-6568,17677,6564,-1830,8254,5637,1081,20723,10224,6664,24770,11780,8953,10220,10293,-1889,21777,13377,-10285,19287,6295,-1177,9430,1380,8533,9628,213,6799,14291,-11936,2418,1755,-5171,1139,17769,-2710,-5243,9781,11122,-7299,8512,-793,6530,14270,-1677,10007,9159,1113,3622,13409,-113,-5068,16245,8320,-1564,15446,4245,-4512,8898,10524,6757,22481,9668,11189,20716,13960,4583,12735,6890,-4007,16976,12326,-6063,13925,6430,3697,18918,1527,6888,14984,-4427,5923,4818,-13920,3967,9286,-2369,-1830,17005,7691,-8505,10302,4059,-2374,5771,1277,6965,17408,-7998,7931,3884,1727,-74,16833,3547,-6176,17842,8326,-2032,9179,6709,-1652,18083,8365,7542,23645,14355,10894,14089,9879,-1568,20817,10450,-6043,15745,11240,-3884,12624,222,8341,9266,176,9499,17761,-12432,1064,-3357,-2101,5048,23171,-4622,-2922,6449,17148,-9226,11393,-8800,7299,6654,2755,9308,17373,-4065,4041,11668,4276,-5246,15578,10827,-4669,16251,1380,-1244,7798,8268,4351,23039,9662,9517,21918,13365,5203,13813,10083,-7162
17539,2598,-490,15253,5439,-5191,5550,6539,-190,24919,7728,12225,14037,18801,5451,16861,2561,-1448,18585,17102,-2682,20899,3484,-856,5902,2517,4169,15324,2478,5359,15696,-9117,3162,2309,-5788,3342,16846,77,-6223,13824,10204,-4074,8209,-2265,3661,10841,1473,2859,16032,-5010,7498,8008,4700,-2176,18196,5230,-4668,15208,3583,-2015,9198,9524,2510,22196,7185,8736,17298,12688,2474,13529,8263,-1522,18653,11769,-1530,13402,6252,-601,16359,-1342,5274,13965,1534,7256,7882,-9528,2886,10140,-1292,479,13041,3085,-3167,13207,4458,-11,7781,-1394,4908,15370,-2173,5580,4897,2388,1539,19909,3673,-4353,16003,7881,-2079,9645,2333,617,19119,9510,5983,21325,12216,5529,13781,6471,1566,20622,13685,-5450,15764,5575,-2043,7026,1402,2837,14127,2539,5267,19150,-3759,4403,2696,-7582,2058,13615,-1774,-4320,12159,7420,-2099,13021,1250,968,11816,2623,5697,12336,-2644,5707,6751,2314,-613,19902,3238,-2021,15445,6327,-4156,4733,7830,7461,24607,5543,6748,15338,16378,2257,14563,2552,1734,17520,18007,-5081,18829,1202,2152,11386,3373,3554,14695,1463,5093,11382,-9017,6481
14415,6094,-437,21560,12345,-1409,14219,8956,-3781,9845,-871,3107,13122,1510,10846,16338,-5676,-45,99,-2296,5237,22893,-4396,-1149,6079,13465,-5771,12974,-7004,4482,8977,6206,4182,17095,-4300,6393,9525,3952,-985,17580,8107,-6266,16026,2332,1368,7940,7087,3931,23829,9416,4510,17781,10292,3009,12703,8478,-922,17376,11899,-5886,16635,2492,534,13469,2276,6204,15624,1701,4801,7735,-11455,720,5603,-536,-118,21275,-454,-1916,8504,7915,-1800,6751,139,2681,16862,-1653,9072,7367,3277,596,17548,-590,-3251,13241,7948,-659,11722,4292,-109,18704,7681,7301,16128,15877,5583,17328,2824,2381,16492,15110,-2149,19620,7193,-2374,5356,2745,2728,17209,1192,6253,16324,-5367,3694,4389,-7535,960,14165,-7,-239,15338,7391,-4721,9032,-499,-1631,10366,5569,5696,18353,-5638,4890,3086,976,1184,18110,4218,-5247,17702,6586,-2997,7626,8308,4256,21954,5696,5192,16499,13818,3560,13974,7699,2773,22208,10898,-4893,12639,8554,65,14360,-2224,5320,13059,1416,7913,12675,-9394,398,3370,-913,1464,17798,-298,722,11361,9607,-6335,7943,-3875,5955,13205,786,7489
18642,-8005,275,2610,-4575,4642,16783,-3546,-3980,8431,10459,-6893,12406,-236,5335,14021,2663,7598,10116,-1363,5049,11141,1746,-3484,17959,5739,-845,15696,4100,-1624,5751,9385,3184,21630,7727,7803,17944,14496,4490,12524,4791,468,19079,13844,-6481,14998,3887,3773,15831,2109,4531,14214,-551,3704,7968,-12164,3259,8651,-1249,873,17759,3745,-5426,9257,5441,-3171,8242,2543,4058,16552,-4438,6607,5178,-157,2003,16815,2889,-3207,18063,8328,-3130,9097,5220,-1294,18802,8678,5080,21965,11559,8178,13659,8473,2756,19246,10405,-3668,16319,10905,-3376,10127,1997,3408,12158,-940,8166,16269,-6425,961,622,-4608,4829,22308,-2796,1073,5928,12648,-8805,13771,-5742,3386,7975,5911,9182,18963,-5067,3942,7023,3044,-2036,17513,8003,-4589,15923,3137,-1830,7382,6768,3507,23344,10245,6011,20704,11776,6728,10330,8058,-2820,20001,13021,-9563,18190,3546,4519,11418,2580,4110,12818,163,3851,11090,-11170,4772,4872,-2476,1297,18970,-3355,-7004,7075,10124,-4184,9069,-730,7498,16381,-1023,7915,6665,1720,409,16786,874,-1688,15651,9221,-3105,12956,2854,33,13797,9500,6245
10596,2935,3969,15600,-6135,5809,7013,2043,954,18093,6360,-5552,16134,4893,-4108,8191,10239,2975,23267,6012,8213,17176,14790,4343,13074,7160,-434,21850,12122,-5011,12597,8292,1147,16476,-1218,4665,12371,902,6435,9982,-12446,4102,6546,-1244,1296,14512,1299,-4895,11763,7107,-2319,7996,-2050,7828,13519,-2446,5229,6619,1498,2377,19777,4717,-3818,16636,8957,-4741,9777,1563,-351,18410,10082,6363,21849,11717,7587,15294,8315,2933,18204,12706,-7603,14991,8292,-2682,9973,1739,3852,14746,2772,4416,19114,-5476,5789,560,-8728,3461,14150,-2966,-5629,13542,6468,-5011,11106,2407,2640,10247,1730,6858,12161,-1799,4347,8795,1325,1638,17573,4149,-1969,15515,3662,-7259,3891,9793,6217,25690,6106,10029,14719,18980,3685,15926,2841,1587,20113,16694,-5369,18421,4268,-614,10552,3403,4544,13388,2093,3807,14543,-12902,7603,2944,-5921,863,16963,987,-7817,11716,9613,-4438,8166,-298,4658,12793,-857,3352,11440,-3594,6678,12757,3821,-377,18255,7016,-7616,12896,3283,-2733,13243,10925,5652,22368,8770,8463,15808,11984,3578,14378,9699,-3531,18219,11241,-1471,10633,6398,-1676
7199,8040,8508,23292,8714,4390,20875,13556,5731,11366,9802,-827,21343,13562,-8534,17324,3019,1663,10014,3480,3959,12706,411,7255,14024,-11513,5014,3328,-3506,-2105,19204,-3674,-5209,5700,10581,-3235,10108,-974,5409,15595,-1955,7801,6413,1510,3763,16352,665,-2035,16061,7848,-6353,13061,2994,1073,12961,11746,7446,19891,12016,8408,18675,8848,3472,14225,11777,-2793,19333,10055,-4184,9396,5043,97,18390,1815,7075,14807,-5585,8178,2915,-10695,105,13437,-1906,-1582,17048,6764,-6320,7505,2595,-871,10021,3445,4073,16509,-6608,6602,3624,-331,4396,17765,4133,-7047,17098,6097,-7395,6259,8467,4850,22967,6602,6607,19090,15830,4788,14706,7711,2601,21959,12215,-3702,14369,9933,-4379,13798,-692,5266,10021,2206,9821,17081,-11417,4358,-1069,-2342,2885,21430,-3399,-4470,6947,12430,-5708,10379,-5816,5141,10859,1401,4991,11698,-1593,8357,15338,2700,-1407,17209,9684,-9731,13282,1166,1591,12016,8955,3510,22428,10473,5821,18708,10948,6029,13908,11884,-3820,15986,10665,-5998,13753,2497,-1215,15500,3821,9758,16756,-1639,5549,5308,-12569,1336,7867,-2117,-1597,18246,2021,-4951
15971,4467,135,15712,3190,3906,13685,-556,6979,8905,-12035,3252,8451,-2877,590,18226,4045,-4338,8239,5871,-5731,9908,2684,3334,15255,-5608,8998,4468,-1638,2861,15125,804,-3859,17856,6927,-3418,8863,7141,-1951,19674,8797,5327,21279,12654,7238,13926,8446,3080,19718,12270,-2297,17934,11815,-5387,10694,-7,3941,9405,986,9821,18532,-7806,404,1043,-4226,6594,19721,-2653,-39,8681,12203,-9479,12498,-4538,4161,7942,3948,6630,15909,-4237,7401,10656,537,-2959,17276,7847,-5561,14849,3313,155,10077,6729,2219,20192,10904,5592,21451,9198,6531,11883,11434,-2798,13130,13382,-7427,15502,2101,-659,14224,3778,8752,16341,-496,4853,6541,-10020,1704,8861,-3296,868,17024,1702,-5539,9697,7382,-4329,8145,1559,7127,15854,-3656,10123,4469,70,1272,15366,-1480,-4231,16118,7298,-3095,8818,7706,364,22815,6472,7588,14848,18394,6454,18694,3191,2904,19241,17691,-1102,20605,5661,-5714,7126,3322,4147,13185,2532,6210,17763,-8812,3434,4871,-8165,4379,11856,2012,-3645,17659,7601,-6726,6115,2348,306,10656,-1237,5847,13891,-3933,7945,11465,-725,-3013,15373,6421,-4978
13988,4657,-7528,6299,1030,2708,15484,-3478,11506,5909,-886,2105,16126,168,-3581,16464,6279,-832,10624,6136,-2752,19068,8152,3978,20097,12458,6125,13388,8782,5010,21420,14296,-5785,13355,7223,-5360,7155,1823,2866,9807,2890,7608,21459,-5849,835,3914,-6482,4954,11348,-2621,-1398,13581,8284,-8598,9949,3847,2639,13225,-395,8425,10740,-1187,7726,12719,-3356,-2413,12559,4039,-2804,16592,5052,-2225,11263,8990,3172,19350,11154,7898,20206,10045,6675,12506,9062,-1240,18644,13021,-3348,13662,5039,-2377,17227,3447,4189,14460,-1238,9908,9364,-10498,1011,7737,-2314,2400,18040,5628,-5088,10255,5456,-7352,9733,4043,4344,15358,-7375,8292,3618,-2901,2814,14736,-78,-2732,18031,5945,-6805,7267,9051,402,19208,6873,5297,21103,13607,5767,12809,8472,4584,21102,12005,-1255,16909,11927,-4956,15999,-446,2443,8071,2695,8873,16591,-8741,1941,4994,-3549,4860,14811,1578,1784,12879,8439,-9104,7572,-386,2336,12993,-1787,8649,9291,-1507,4667,14715,-184,-4042,16061,5332,-1639,12427,5258,-629,16324,7623,1820,19535,12681,7077,16407,7549,4424,19346,14045,-3390,12161,8163,-3946
7577,9737,2420,19241,8341,10221,19586,14061,3601,13517,5149,2160,16897,13692,-2814,14955,5132,-1236,18056,3912,-383,13338,867,9722,9419,-10098,3135,9625,-4306,220,16449,6233,-1871,13113,5431,-7583,6401,5548,2511,15769,-7254,9014,3804,-1647,2726,15664,-2087,-1924,16431,5942,-6230,8356,9642,-2555,19731,6055,7806,19511,14470,3747,14152,6532,3355,20978,12569,3462,17303,11020,-6244,15496,-1055,121,6238,3590,9599,18917,-9160,2176,4737,-2431,4200,14403,-483,2315,13083,10765,-8346,8936,-1142,3206,10978,-1162,6078,10081,-1930,6413,15485,224,-1982,16013,6167,-3860,12250,3887,-1842,15961,7713,3130,19361,13181,6651,17599,7381,2366,19278,14013,-1702,13694,7723,-1965,8807,2164,-3191,10744,2885,7726,21235,-3754,3475,5049,-6805,2085,10913,-3832,192,14021,8776,-6648,13020,4653,-413,11436,1179,7813,12488,-1804,6302,8182,-3852,975,13162,1498,-948,18706,6516,-6737,9368,9806,3187,19363,9579,11044,19265,12386,2477,14551,5346,3689,15513,14687,-2334,16898,4753,-3711,15636,3643,622,14973,812,9383,8824,-10369,4576,9133,-4735,-216,15998,5449,-3043,13201,6259,-5994
6723,1751,7887,19543,-7263,4523,3493,-2686,5329,15556,-2397,-381,12098,12511,-7826,10777,-2945,5257,8968,1313,3706,12494,-3002,6234,14343,237,770,15401,6219,-6636,13635,2682,-2791,14082,8379,3752,20228,13171,8580,17913,6158,1191,16263,11963,-2503,13948,10219,-597,10194,3175,-3427,12674,2973,5871,20283,-2331,6290,4384,-6181,2380,12054,-5579,-600,13030,7901,-5700,14809,4637,-1950,9426,3170,6686,12211,-3342,5658,8945,-1931,903,12101,-363,2495,18800,4912,-7501,5231,10278,1043,22386,7299,9973,17852,16596,3700,13694,2471,3233,17990,16498,-2116,18645,4929,-1043,15232,3517,223,10956,3827,5762,12876,-11508,5478,7321,-6135,2270,14752,4011,-3665,14073,7614,-6058,5643,4355,994,14888,-6191,6755,6338,-2130,5369,16202,-1526,1312,14754,7501,-5147,11017,6912,-6799,19595,8500,7419,18842,12482,7836,15347,6752,558,20231,12009,1645,17878,11905,-2051,10231,2141,-3571,7892,-410,7541,20713,-6664,5196,1434,-3133,8368,19171,-5534,-2190,8449,15282,-9126,14966,-3795,3897,6165,4832,4508,16630,-6049,5513,10154,572,4013,15679,6155,-6025,16234,3152,-3228,9687,8158,2291
13746,-3702,6180,7879,-1506,7147,14913,-150,-1162,16318,6362,-4207,12059,5537,-4159,14803,8692,6375,17210,14201,11041,21536,7277,2898,13944,10082,-1987,18124,11180,-719,8408,6446,-3090,19343,1619,4594,15422,-3341,10137,4831,-9902,2884,11620,-2403,-1525,16515,7748,-7716,10409,3365,-1893,8107,3841,3794,17396,-9095,5670,2644,-244,5830,16438,2065,-3965,18133,7030,-9346,6770,9011,2490,20369,5867,8687,20347,14637,4854,12957,6867,2335,19448,13479,-1414,18112,9330,-3339,15475,687,1022,9352,1875,8703,14834,-9197,4758,5355,-3087,3349,15020,1101,-2319,12376,9366,-5445,8483,-2758,4961,11378,-2168,4205,8265,-1372,6529,17391,2330,-1537,16853,7779,-6548,10887,2643,-301,16572,8123,3689,19967,12398,8111,17849,7308,2762,17292,13425,-3870,13820,8202,-1678,9209,3534,-2091,13708,3237,6507,20706,-3596,4954,1668,-6914,4170,12817,-3839,-1954,12968,7683,-7843,13940,2967,874,9358,3306,6984,13950,-3775,4960,7578,-1326,2402,14601,948,-1263,16879,6434,-7664,7356,9045,5861,22162,5985,8195,17728,15669,3438,12882,3645,3106,19118,17290,-4366,18193,4813,422,15410,3846,-441
19920,5855,7539,19799,13433,3759,12785,8468,1965,20821,12002,-3812,12136,9808,-2709,19340,-2142,3741,11793,2879,10074,9984,-11576,4788,9181,-3188,1093,12891,3446,-4885,13097,6454,-2634,6788,-312,2955,15297,-3316,9227,5186,625,3839,18138,2190,-3186,16678,7395,-5217,9903,4234,-22,19586,9552,5636,20690,12594,6219,14152,7350,3206,21019,13753,-5371,14062,6907,-4214,7826,2663,922,11924,2652,7178,21227,-6349,4453,1303,-7827,4950,12964,-3724,-5504,12167,9435,-5863,13727,2313,2303,10058,1948,6334,11962,-3503,7079,9412,-113,1851,16825,3289,-4388,15909,6514,-5175,6617,9659,6184,22769,6208,8022,18430,16016,3047,12825,4488,3598,19378,15669,-6202,16044,5104,412,17010,2826,956,11790,2522,9172,10222,-12860,5517,8952,-4610,-550,15358,3619,-4882,10685,6881,-4304,7648,2402,784,15713,-5879,7677,4391,-1686,5453,16921,915,-109,17369,8570,-8366,9841,6730,-2804,18691,8050,7700,20212,11370,6911,15483,8151,1662,19327,11599,1254,17781,11024,-5004,9396,3380,-1961,11597,184,10800,18468,-5495,3660,833,-4649,4921,21174,-4454,-289,6816,13134,-7186,14829,-4578,2256
14975,3373,8611,19138,-2570,5916,2838,-10515,314,10315,-1856,-1946,17180,3585,-4025,10750,5463,-3200,8820,1559,8417,13884,-3158,7276,6828,243,1687,16376,710,-3994,14975,6231,-5885,6507,8819,3828,24552,6845,8857,13764,18511,3473,17064,2306,5413,19796,16585,-4424,19042,5419,-3368,6607,2256,3715,14118,3142,7516,17508,-8931,2048,4743,-7469,3324,11017,660,-3772,15035,7748,-6884,10263,1295,2311,10897,1177,4248,12567,-6242,9469,10420,1677,-1947,18007,6859,-7588,14336,5204,632,11972,9915,2343,20500,5849,6308,16629,12488,6488,13607,10488,-802,21937,8989,-5185,7982,9276,-1361,20207,-2133,7905,12599,1619,7101,7189,-9527,3170,13353,-3206,1707,10953,5334,-4732,13202,2468,-2554,7312,2206,3891,17555,-4289,8749,2919,663,4313,18390,2929,-6547,16312,7613,-1670,9563,4545,21,21167,9040,4108,21070,12071,6792,11706,6734,2698,22005,13870,-5904,16958,6706,-4416,6874,2270,3562,12568,3869,7684,20288,-6575,323,2623,-6113,4750,14364,-3091,-2246,9161,7408,-7958,12759,2144,2406,13625,987,8108,9309,-2388,7519,10348,-178,-2012,18624,4758,-2187,15003,5725,-2845
8078,2452,-2741,9443,4688,7304,18237,-6763,4853,2576,14,2036,17724,3757,-4206,16812,6353,-5577,7829,6359,2113,20414,7440,5289,19376,13733,6701,14073,8108,3028,22122,10591,-5779,13847,10150,-911,14153,-60,4863,11435,2732,6341,15905,-9322,4581,963,-2369,3912,19795,-2489,-3811,8851,11519,-7798,10743,-4496,6742,10938,2028,6816,11183,-2396,5367,15990,2852,-1428,17410,8724,-6421,13249,1225,-87,11972,7902,527,21219,10876,8651,18098,8982,6366,14394,10932,-5729,15309,11057,-4813,13343,2591,981,15605,3703,6898,17531,-1194,3415,4102,-10318,2582,10050,-1688,1008,17340,1388,-8224,10202,6376,-2457,8269,2543,9983,15196,-3618,6274,6095,1348,580,17414,581,-810,13985,6941,-3190,7870,5889,-2110,24046,6443,9556,11998,18824,6640,18867,1049,2036,18520,17084,-4549,20252,5546,-896,5705,3708,4676,16934,2593,3748,15835,-7678,2024,4077,-7482,6673,13009,1056,-5374,15650,7558,-7092,9495,436,3535,10372,2755,5139,15802,-6758,6434,7183,2958,-1652,18890,5103,-3625,14711,4507,-1592,9361,8563,105,21421,5702,7628,16911,13849,5938,13191,8175,-1460,21529,10622,-3899
16093,3440,-6290,6820,5089,3214,23234,9952,5149,21219,13017,8789,9908,6261,-1607,22730,14511,-8075,17221,4667,1740,8560,2129,3857,11317,2620,3956,17487,-8459,5331,3452,-4488,1574,16179,-2436,-5978,8254,8358,-6148,10603,1428,8163,16124,-909,5377,7427,429,3900,13476,628,306,17838,7175,-3050,14309,1296,-4116,8092,10939,4337,19637,9255,11853,19557,12217,2848,11532,6913,-2065,19573,13020,-2661,12880,4859,2269,18744,2576,1578,13447,-954,6713,6287,-11492,4216,10653,-2288,-1105,17821,4061,-7621,8341,5297,-569,9324,2882,4592,16442,-5719,4540,4325,-406,4369,17291,3471,-2901,16894,6292,-4617,8323,5245,-2018,20330,9125,7193,21088,12744,7503,13468,7781,-542,20971,10428,-1417,14435,11411,-2257,11070,670,1515,11535,2343,8338,18289,-8189,2668,-1473,-3224,6470,22629,-3924,-3268,6105,12674,-6750,12991,-4863,7052,9905,3767,3906,14844,-4314,3891,10369,2641,1344,18015,8332,-5731,14445,1500,-2279,8353,7315,4735,22692,9687,5584,20261,11333,4542,10714,9053,-3410,18290,13132,-5517,17494,2192,2415,13275,4567,3002,13947,1083,6179,9110,-10978,4295,7155,-2700,-1461
20067,17638,-3040,19851,4098,-3714,8854,2770,4248,13591,4183,6332,15558,-9266,4880,5069,-5961,881,14630,1383,-4175,13218,8379,-4139,8846,-113,1788,12377,-387,3094,11477,-3181,7825,12326,2565,-709,18252,6516,-7515,12948,3287,-1492,12462,9297,5354,21068,7665,6820,16674,10854,2188,14684,9133,-600,17444,11814,-1303,9776,5154,-3026,16712,-209,8128,16222,-628,9178,4573,-5992,-404,16233,-3363,1478,9427,8089,-3782,14520,-1137,-1285,7069,4507,5364,18626,-5159,5902,3686,1912,5086,17445,4316,-6704,16477,4129,-5937,7452,4852,4430,22205,9386,4650,21148,12595,4995,10423,6157,1766,21410,15340,-5797,18750,3849,-1620,7861,2763,3061,11541,3602,7469,17552,-7072,3489,4398,-5832,-222,15721,-2259,-3250,8515,8821,-4769,10590,984,3640,14943,243,5748,9353,85,7297,13033,-589,-1702,16244,6555,-4402,14894,2120,-1428,9969,9834,5985,20284,9449,6963,18296,9751,4622,11942,8775,-1642,19342,13019,-1734,12749,4481,-1273,17572,2136,3808,14407,-580,8762,7520,-9763,1268,9740,-936,-1157,19093,3743,-4490,6902,4217,-1758,11039,3867,2856,16851,-5501,5618,3017,-808,4836
16206,-3690,3729,10066,11048,-5451,15150,-2190,-2598,5591,5858,8644,19597,-5945,4961,5261,697,3236,15422,3892,-6513,16297,4090,-3030,9289,6619,5082,19491,9250,2880,23293,9519,6401,8397,9008,-578,15659,15093,-5474,18963,2574,-1106,11571,4248,3280,11690,2672,6854,13900,-8155,2678,5868,-3653,574,16365,-67,-2549,10767,8180,-5013,7017,1510,2635,15410,-2565,9578,6236,1267,3871,17151,-3046,-1378,13531,6576,-2240,11548,6085,-4293,20656,5495,8965,14267,17459,5990,19170,706,1700,16776,16839,1362,20207,7477,-1866,4762,4737,-2271,15152,2224,6526,18261,-3858,3324,7205,-7928,4806,9821,1901,-784,18806,6120,-6737,6974,3213,-950,10800,1094,5152,17374,-4871,6160,7288,-499,2102,14721,3740,-5233,18713,5153,-2929,9089,7631,1667,17848,7563,7029,19076,10468,3147,13186,8410,2032,18072,12848,-2066,10744,7202,-3466,17672,-707,5446,14191,1634,8924,9674,-6075,436,13252,-3512,3596,10355,8576,-2481,15189,-323,-4153,5749,5267,5174,19067,-4773,7850,4416,-502,3266,15196,1270,-5192,16269,4347,-4853,9876,6308,1010,19372,8355,6461,21251,11536,4338,9880,7748,1930
11769,4417,-1144,14057,6619,-5644,18571,6625,6414,14571,16422,9362,18553,1780,180,16386,13815,-493,18772,8810,3610,7193,4707,-6117,14085,2680,4628,18381,-3254,6131,8875,-7905,3385,9387,-168,623,17367,6965,-7329,9869,4774,-595,10452,2889,4020,16931,-6683,5695,6266,-1906,3729,13524,3157,-3179,20213,5116,-6242,7160,9423,1292,17131,5986,8806,20045,12205,2205,14288,6664,1882,17316,12669,732,12113,8920,-4451,17903,-1448,2507,13133,1538,9617,9702,-5146,2483,14089,-4506,4075,10397,8753,-2481,14967,574,-5556,5125,5393,4651,18349,-4650,7239,6175,-1664,3392,13668,1310,-1721,16462,4257,-6417,10252,6007,-459,17573,9102,6867,23089,11460,5357,11390,7605,318,17666,15435,-2491,20201,3215,-1133,11588,4107,-472,8953,3224,6555,16726,-7156,4226,4859,-4590,2291,13953,-724,-3909,14127,8639,-4176,5207,3492,2252,14075,-3198,7323,10958,1428,4118,14805,-4001,965,11569,3770,-1313,12377,8112,-7804,20640,5358,9388,13097,19027,10086,18025,-45,-3689,18541,15464,2334,19611,6638,3500,7487,4932,-6368,10857,3763,3473,20303,-4769,7698,6527,-6640,5046,11234,142,-1824
11324,3888,-2932,8140,840,5022,21362,-4660,4473,3466,-79,6849,18054,-5613,1774,8295,13858,-8581,16219,-2974,2016,6353,5297,6648,16317,-4666,2488,11232,-940,2321,14375,5741,-471,15716,2000,-4868,11357,6028,-841,18528,11793,8591,19458,8456,3990,17112,8920,-3194,12856,10850,-588,13402,3836,-1097,13309,4147,3712,17836,75,3814,9661,-6400,4669,9164,-3849,968,12769,4602,-5226,15776,6130,-4741,8475,4448,6690,12256,-4328,8204,6324,-2254,-1952,15218,-1010,2813,18069,6626,-350,6872,7856,-4553,19406,6100,7842,18446,17303,6853,16378,2144,2774,14341,15228,-2726,19687,5385,-191,15509,3883,1119,12886,3741,4219,11705,-10254,2314,8132,-3566,5911,15621,3687,-1722,14455,5544,-9902,4990,5322,3313,14669,-5534,6915,7828,-1720,2355,15470,-1897,1113,13710,6682,-2057,11728,7207,-6361,19041,5658,5445,17932,14304,6364,14566,6082,971,20019,12156,1412,17713,10839,-769,14185,1059,642,6330,1324,5112,19398,-6530,3010,4266,-1543,5707,15399,-2690,3586,12478,12202,-10695,11774,-2432,4738,8504,1911,6338,12251,-3058,5029,15403,551,-2279,14939,5817,-1357,13291,3266,-1973
13197,2134,8615,11186,-1286,4023,10199,-3726,-1382,12926,2431,1538,17393,4869,-2414,10870,7435,411,15141,9884,8498,20375,9523,3742,13728,6627,1614,16217,12099,-2066,11877,5521,-2147,18406,4342,3524,15243,1072,7225,8875,-7682,966,9903,-2162,4409,16988,6192,-3781,13571,4019,-7582,7768,5814,3464,16793,-6935,7866,3255,-1187,1370,15299,-1132,375,17416,5668,-4037,7700,7476,-1168,17611,4848,3635,20182,14524,4616,12760,5621,4889,19763,11540,-128,16926,10346,-3272,17235,-38,1689,7415,4225,5836,15571,-6673,1974,9272,-1450,6468,13417,1756,952,13502,6308,-8295,7858,1229,1998,15009,-599,7455,7335,-598,3728,15685,-931,-946,15065,4479,-343,12281,4426,-2471,16809,6523,2312,19731,14198,3974,13763,5426,3321,20743,13511,-2202,15984,4804,-2000,6340,3994,172,9854,3146,5841,22050,-3443,450,5595,-4319,4821,12057,-2661,211,12043,9042,-6390,13159,3562,694,13394,1448,7100,11838,-601,5967,10913,-2740,-899,13151,2522,53,16465,4623,-1268,11582,7270,689,16424,10327,7035,19323,9149,3961,13375,5952,2121,16289,12437,-2414,12841,4299,-2831,17169,4445,4294
21013,14794,2986,12810,4432,2908,16392,13512,1545,17422,8574,-3415,17569,426,356,9494,1824,8750,12464,-5142,2432,12519,-2017,3456,11621,5090,-185,14885,3820,-3987,6305,2464,389,16515,-2294,7773,6322,557,3274,15026,-463,-809,15233,3757,-1913,11203,3925,-3176,17439,6981,5469,20689,14427,3018,12433,5993,1198,20676,14308,-1226,18533,4143,-1456,8508,2219,1143,6859,4578,4404,21514,-5847,4268,4967,-2569,2747,12821,-3333,-2435,12128,10883,-3214,10668,2698,540,14418,620,5539,10780,484,5446,14063,-3837,-588,10862,2782,56,15500,5767,-2824,16438,6808,3905,13632,14856,8438,19902,4259,1879,15138,10184,-2032,16944,9666,3328,7479,6017,-4259,17510,1682,3787,16849,-1090,7165,8122,-7094,461,9431,-633,1026,16971,7412,-4450,13172,3323,-2761,8006,6396,4227,18309,-8703,4860,2868,96,3494,16184,-209,-831,18164,5642,-6444,7527,7241,944,17649,5859,6724,20318,14914,2332,12845,3987,2076,17277,12908,1862,15597,9376,-3834,18281,-982,991,10261,2909,8776,11433,-5562,3200,12697,-2467,3299,11312,5566,-1795,15193,2792,-3194,5904,2879,2231,17351,-2776,7007
4705,-3975,4141,12726,-3404,-4471,12942,11197,-4721,10202,3281,2929,14232,124,5919,10712,-2,4433,13896,-2721,347,12064,3677,-194,15412,5387,-3886,14767,7339,3759,15232,13956,10109,20037,5536,1772,14996,9578,-2348,17806,10907,3010,7603,6249,-3506,17413,493,2471,16183,-1739,8345,7892,-7672,3099,10167,-1677,-373,16662,7302,-5708,12932,4142,-2675,8163,6272,4063,17786,-8167,3563,3077,-1268,4908,14398,538,207,19333,6301,-8832,7324,8423,440,18305,5479,7719,20048,14697,3543,13183,5254,1645,19237,13788,1940,16356,9197,-2434,17658,-1252,-789,9148,2398,7424,13410,-7748,4878,8758,-2261,4928,12610,2633,-2990,14381,6852,-4886,6818,1148,4373,14986,-1979,4688,6967,-1071,3811,15530,507,350,16528,6029,-1755,11757,4153,-4013,17376,8150,4418,20241,13863,6996,14466,6254,828,21215,14274,-3159,15087,6054,-1195,7638,1873,408,8429,3486,3136,21734,-6160,3536,3125,-4835,5690,12484,-3961,-3004,12312,10194,-7304,13166,3626,4328,13017,1485,6667,10778,-1204,3709,11766,-3162,886,13383,4048,465,17205,4704,-6820,9704,9354,3866,18629,9676,11671,20606,11212,1760
13981,-455,901,15440,7760,-6452,12932,5612,-4197,16562,9076,4023,19184,9185,9811,15588,9971,2668,18947,10722,-1030,18095,12145,369,8810,4727,-3414,11982,-1261,6321,18899,-4433,6185,2353,-5261,4509,19585,-4883,1815,7008,12763,-8351,16402,-1682,747,6017,5503,8167,17892,-6643,3563,6393,-570,4698,14958,4663,-5322,17106,4697,-6850,8769,7359,4051,19822,9984,5066,23608,10847,7842,9488,9420,-2299,17587,14122,-4876,19111,3922,1333,13033,3233,402,10304,2411,5383,14480,-10356,6282,4348,-4599,627,16307,-2245,-5801,9875,11585,-3770,8111,746,3523,14123,-2994,8739,6729,-763,2442,16190,-893,1144,15673,7340,-2895,11489,6242,-5476,18400,7172,8239,14903,15395,9868,20264,5172,2107,16906,14242,-2933,19460,8397,745,4965,5852,-2788,16924,2100,4919,17438,-5900,6682,4629,-9502,4681,11809,-793,-1485,16741,8427,-9078,9081,3210,2,9789,2934,5884,16614,-7435,4409,5026,-663,5231,15438,4125,-4161,18804,5377,-8289,7505,8705,2636,18955,6679,8018,21342,13364,4911,12019,8718,1769,20927,12222,-3467,14149,10195,-739,18899,-750,823,10625,2427,9594,11754,-11644,4735
9922,9468,-1988,18185,13878,-6957,18759,3286,1342,13185,3631,1691,10730,2132,7148,12714,-11082,5990,5662,-4936,-2114,16178,-1263,-5418,9116,10808,-2207,8658,707,3875,15288,-3247,8169,5987,136,3227,16445,-59,-657,15812,7121,-4939,11541,4444,-2351,16342,8029,7800,16313,14246,9513,20463,6799,2887,16458,13156,-3210,18066,8370,-754,5627,5467,-2184,19110,2356,5949,16261,-5208,7847,4062,-10172,2638,12209,-367,-2444,18113,8013,-6204,8282,2680,-1652,9373,3581,5624,17501,-7860,5007,3419,12,5067,16398,3536,-5456,17886,5073,-8596,7150,8476,4325,19959,6105,7722,20386,14380,3777,13794,9167,3037,21108,11736,-3083,14024,9463,-2172,17872,-629,1898,10277,3529,10140,13990,-11309,4248,3206,-2670,1101,18134,-374,-2806,10604,11652,-5167,8751,-3852,6500,11731,-926,5193,9014,-1279,6210,17082,2257,-2069,17572,8595,-9059,10943,1755,200,15915,8845,4644,20336,11116,7822,16649,8583,4682,18214,13104,-6053,13627,8905,-2611,9551,2422,-960,14722,3307,7189,19824,-3681,7199,2586,-9444,1014,11553,-2234,-3925,15311,5775,-2950,11702,5417,-1972,9416,1258,7591,13005,-3917,7274
4535,-11745,1823,10719,-3218,-2572,17286,6716,-5068,9031,5177,-1987,8992,3506,4312,16393,-7461,6975,3722,-683,4377,16303,2695,-6861,18001,6660,-5407,7278,7930,1695,19854,6888,7229,21752,15201,5096,14180,8631,2872,20900,11129,-2561,15348,10818,-5989,14994,-567,5201,7616,3305,9880,18504,-12843,3115,-2279,-2415,3957,21848,-3941,-3423,7150,15551,-7032,11784,-5922,6347,9196,1552,3998,13560,-3378,9094,14069,1977,-2383,17024,9929,-8925,14226,1363,517,10705,8379,3956,21134,10332,6031,20319,11654,5976,14762,10314,-3694,13808,11415,-5668,14273,2703,-2395,15709,4394,9874,16840,-2349,6022,3266,-12462,1110,9133,-2262,-1031,18223,2915,-5729,9623,7176,-3189,7039,598,6704,15144,-4012,9844,6552,1721,2314,16034,361,-5515,16151,5985,-2703,6761,8416,-970,23282,6217,9889,15795,19258,6593,18114,4115,1570,19102,15678,-1092,19806,5910,-6573,8997,3386,5903,11217,4177,7212,18324,-12586,2393,1735,-8349,3554,14343,829,-4007,16276,10619,-6842,8251,566,2083,10132,144,4813,14174,-5755,10129,9554,540,-2496,16870,6687,-8499,15927,5705,-639,9875,9612,3378,21533,6543,7133
17621,-5772,6660,9161,1063,-2019,15900,8143,-7026,16078,2925,-2217,8486,7357,5376,20870,9712,4461,23532,13234,7524,11642,9632,-1877,15131,13145,-10871,18035,2825,1274,14500,4866,6552,13530,725,6802,8875,-12644,2079,5172,-3155,176,19160,388,-4881,8992,8872,-3712,5910,-439,2918,16061,-4158,13161,6187,1169,869,16624,-932,-4259,15056,7955,-2317,10929,6323,-1448,19170,7078,6468,17671,16201,10134,18079,6242,2291,17872,14134,-2817,19585,7894,-4670,7509,4266,2207,14327,3785,7593,18186,-8652,3866,3912,-8892,2860,12841,1196,407,17936,8057,-9507,6948,1147,-818,9566,1060,7825,16729,-6172,7513,7042,-1246,-628,14377,5653,-5169,18647,5263,-3865,7815,9217,2626,19157,6243,5861,20064,13736,6858,12581,9752,1751,21181,10905,-7897,11569,10249,-393,19147,-1564,5956,12874,2911,8452,10375,-12073,2600,6875,-2302,3568,14539,4264,-5039,13350,6903,-5055,5816,-1497,4590,15360,-3996,12053,5125,-529,530,17313,2072,-4704,17205,7739,-2833,10359,5124,494,18828,7905,3257,21301,11895,8182,12120,10335,4206,23481,13369,-7276,13022,7260,-6094,8060,653,4964,9284,3814,7467
16762,17831,6435,16766,4147,3923,18663,16243,-4791,19887,4232,-4121,10601,4286,4680,12025,3007,6413,15948,-10304,3985,4083,-6134,3670,14618,3300,-4684,17273,8630,-6742,4673,1560,727,11257,-4666,7589,11750,-2834,5918,14097,-909,-2519,14220,8333,-5187,14564,5149,-2157,15953,8451,2481,18633,10357,8643,16044,9222,4739,18515,10422,-1817,17063,11917,-2066,10321,3805,-1822,10844,-112,8751,18451,-3829,3670,4212,-4422,2843,18849,-3637,5353,7564,13695,-9209,15774,-3074,-2224,5453,3805,10749,18324,-5684,5335,7502,-850,350,14282,5033,-4673,17009,4028,-2624,9542,7288,3124,18439,9398,3318,24650,10075,8403,10153,9798,-1836,12222,13663,-7225,18191,2626,92,13534,4917,5318,14045,1347,4720,11127,-9120,3079,6017,-3216,1784,15740,1740,-4819,13123,7633,-5412,5105,1942,4035,14527,-4375,10945,6803,52,2158,16189,-2700,-2872,14401,6636,-1136,9995,7970,-2956,22086,5960,7300,15212,17748,7411,18216,2457,2531,18676,15749,321,19811,6093,-4621,7336,3977,1395,12724,3434,6421,18141,-6625,2921,6249,-7531,5457,11888,2331,-1389,17837,8367,-8074,6095,2127,-264,10750,-815,5573
5945,-2891,1746,16719,-5030,5692,9111,13063,-6232,17265,-2020,-3680,4684,5871,8530,18435,-5466,6053,7604,-1702,1472,14279,3017,-3204,16246,4224,-2499,10229,5907,932,16557,10374,4500,24376,9348,5389,11677,8820,-305,12981,12995,-3385,17444,3279,-2610,14534,3833,2962,13223,3006,6396,12726,-7638,2961,6746,-3097,671,14231,2800,-1632,15086,6934,-5385,5361,3239,2782,13876,-3416,9710,7706,-600,2483,15532,-4064,-273,14366,5215,-3294,9216,9065,-1156,19996,4610,6729,16404,18980,5481,16432,811,3405,17037,16339,726,21057,3731,-3655,9969,4576,-1252,10282,4892,6408,17933,-6044,5957,9269,-6338,1277,11072,3703,569,16192,7437,-6164,7134,2922,-2683,11519,-3041,6730,13027,-4054,6481,11982,-693,103,13925,3735,-2941,13978,7046,-5581,17587,6712,3375,15429,11857,8155,15159,5685,201,19821,11112,2842,16737,10889,373,9813,3412,-5836,9246,642,7972,21557,-1884,4653,5312,-1686,5089,14638,-3857,1492,10596,12868,-6305,16456,-1600,-11,6407,3873,5232,15837,-5840,5388,10965,272,2049,15752,3958,-2379,13583,3519,-4634,12769,5460,1950,18003,11783,6106,19355,7452,2343
12429,197,4172,14511,7036,-6101,18226,4922,1139,10647,15201,10706,19940,3452,1936,16750,9442,-2091,14439,9094,4894,9938,3737,-4524,16699,4006,2343,17902,686,3597,9222,-5013,3464,9092,536,3673,18168,5530,-4958,11995,5143,-1910,9850,4070,3586,17343,-6851,2929,4249,358,2240,16429,-233,2221,15177,5059,-3969,12000,5794,-3698,14093,7579,9245,20048,10957,1711,14040,7024,-815,16237,9532,5247,12802,7934,-1829,17358,-229,-1127,14041,1125,6215,7910,-731,1795,17232,-2997,9167,9175,9322,-5377,17616,-2034,-3572,4524,8240,8064,20296,-5141,2713,5996,136,-659,14427,496,3043,15038,3481,-1299,12312,3911,-3684,14881,9828,4308,23239,10727,5843,13596,7495,-3334,12114,11782,99,17978,2016,1111,14861,4107,265,13058,3307,3682,11505,-4136,1817,10473,-2429,3944,13183,2407,-634,15768,6175,-6275,6214,4995,5348,13646,-3227,7772,9101,1007,-4430,15381,-2990,5289,14268,2998,2097,7820,6847,-4643,18221,3998,3272,17848,19941,8023,15641,1054,1157,14023,13472,431,20865,3012,443,13870,4242,-329,10172,6715,1968,14590,-6579,2655,10372,-2950,4186,15032,3932,3218
17448,-337,1623,13521,819,6808,9011,-3438,-1436,17344,-4553,9119,6309,9578,919,17981,-1174,-8761,4324,6948,3800,19618,-3877,8154,5772,235,115,14648,247,-68,16096,3257,-2587,10576,6314,-273,17389,9503,3540,22982,12454,3481,12860,8160,1113,14710,12141,148,20389,2112,-2466,13360,3150,1177,10011,3267,4270,13888,-7948,1011,7864,-3419,2313,13215,790,654,15772,8159,-4933,3530,4370,1728,15446,-3912,8750,8801,2913,1887,16740,-4614,-92,11726,4266,502,9861,8098,-4368,21692,6004,7222,14557,19962,4319,17912,674,1009,15322,14391,6232,20675,3914,-3353,10720,3222,-1794,9883,6033,4706,17693,-7566,4228,6764,-5773,2428,12804,1318,1535,16916,8995,-4547,7724,3747,-4160,11355,-1400,5681,13847,-3220,5303,11644,-684,369,13417,3554,-595,15949,5446,-5202,14958,8686,2480,16954,11242,7033,15220,8781,-264,18494,7868,5363,16716,9879,1358,10855,5429,-8394,11092,39,9352,18291,-4137,3084,5220,-2013,3535,17148,-4724,3835,9234,13792,-5435,16367,-2634,57,5687,5824,4591,17043,-4316,3739,10957,-698,3810,13976,3930,-3122,15109,2544,-3261,12016,6996,872
10512,-1782,2449,11123,-3829,2041,11820,1495,1232,17158,5869,-5282,12914,8008,905,13470,12103,11276,21769,8819,1533,14809,6454,-619,15706,11351,3903,10603,6408,-3489,18636,2562,-1552,14351,832,9439,8801,-7453,3358,9522,-2429,1027,15860,5750,-4088,13870,4334,-5026,6880,7184,3322,17789,-9312,5185,2218,-1032,2611,16682,-840,2697,17290,6038,-6646,7828,7837,-2798,18233,6254,7567,20707,15215,3916,13171,4906,2351,18752,11700,2561,15943,10468,-2357,18313,-759,-1548,8375,3230,6304,13412,-6391,4362,11613,-2734,5649,10685,3326,-2624,15504,4315,-4629,6333,3413,3303,16354,-2464,6524,6677,-974,997,14860,259,2617,15502,3583,-1549,11392,5388,-6151,18149,8577,5738,20380,14348,5302,12215,5199,715,21169,14511,-2422,18614,4585,-26,7618,2788,1830,8211,3143,1284,21107,-4924,4542,4625,-4080,5698,12507,-3576,-3186,12628,9946,-6351,10571,3630,3659,14164,-1419,5978,10238,805,2365,13946,-3289,820,11625,3888,2941,15090,5553,-6199,16079,7371,2117,13440,15864,10679,20574,4340,3850,15173,9418,-2905,16598,9578,3221,8128,5125,-3497,17111,3063,2870,16979,-2053,3648
13486,6954,1640,17968,10946,1294,11518,8653,-2857,17966,-953,4254,13890,1103,3169,7879,-3921,2375,16029,-3373,9983,9176,9090,-5670,17045,-1546,-6194,4980,7996,9068,20129,-5798,4219,4467,-1261,1438,14254,886,-572,16137,4829,-2346,10761,5100,-737,16832,9439,2158,22834,12602,7248,11070,6496,1073,16277,13027,-3596,19573,3796,-430,12632,3876,1980,8465,4352,2123,15256,-7781,2087,8113,-2501,5399,14059,-676,-1366,12451,7243,-7501,5590,4720,5002,16024,-2232,8411,7458,459,319,16433,-5052,1415,12648,5036,500,11149,7266,-5957,21209,4912,6571,13416,19931,6213,18690,111,1954,17495,14462,2526,19872,5940,-1861,6351,4939,538,13436,3813,1994,19252,-4507,2512,7755,-6891,6998,9671,1141,508,16683,7176,-8002,10054,3597,-1405,10120,2675,5748,16950,-6229,4170,7370,-765,389,15823,2665,-938,16338,6221,-3639,12792,7308,-1211,15922,8046,8377,18033,10492,3771,15060,8005,1555,17892,10409,-610,9395,7383,-2668,15899,-553,5648,16966,-282,2690,5982,-3882,3339,16933,-4152,8612,8765,10731,-7566,17679,-1898,-4647,4835,8336,9548,20619,-5561,3838,5164,-1302,2217
15098,1158,-2179,14063,7772,-5865,5454,3857,3239,14569,-2691,9317,6677,-419,1718,15893,-3719,-97,14999,5538,-1071,8794,8768,-2360,21909,4709,6720,14137,20228,3146,18594,104,4746,17077,15732,2631,20627,4490,-5376,8333,4001,1869,10922,4994,4542,19094,-6684,3986,7309,-6701,4123,11361,1554,-494,16401,8795,-6624,7704,3226,-1751,11060,-486,5894,14586,-4097,6085,11259,-293,143,14475,4205,-3358,14788,5885,-2716,15151,6827,822,16734,11353,6808,17257,6943,4514,15424,9572,1509,18785,10288,-598,8972,6654,-4217,12604,-274,7079,19148,-2450,3279,4314,-2549,3655,18194,-5016,5857,8031,13137,-7116,18181,-2899,-2454,4256,7120,7531,19602,-5342,4374,7746,84,2789,14210,2566,-2369,15631,2911,-2350,10416,6228,1243,18196,11184,2403,22877,10561,5050,11201,7004,815,14494,11974,-3274,17151,4095,-1352,15457,3307,3141,11989,3524,4430,11580,-8830,1952,7949,-3324,2737,15113,2076,-2249,14315,7224,-5014,5064,4005,2920,15549,-3258,9245,6036,390,2308,16467,-3889,-626,14554,5278,-1826,8770,8318,-1747,22093,4691,7561,14364,20301,2531,17930,-379,4452,16914,15540,2516
14754,5332,-3490,15285,7532,2442,17221,9642,7037,15400,8405,1513,17790,8796,3231,17288,10945,1057,8263,5614,-5644,11320,-405,6258,19893,-2020,4134,4673,-2032,4006,17367,-4501,4154,8499,12479,-6423,18102,-2679,-221,5609,7077,6100,18343,-4517,2013,8634,-1136,5661,14243,3271,-2794,15861,2576,-3973,9949,6117,2493,18078,10678,3024,23052,10857,5084,10953,6571,-475,13606,12897,-2350,16542,3564,-720,15239,3333,1083,12717,3025,5244,11014,-8669,3674,8157,-3144,1047,15594,2123,-2499,13881,7726,-3591,5800,4260,2953,14804,-3097,8333,6557,564,2557,15922,-3404,674,14920,4941,-3420,8283,8224,-1647,22001,4935,8575,14680,20811,2801,17800,-944,2534,16942,15568,3670,21113,4253,-4290,7503,4121,-161,11394,4071,4654,18539,-5540,6234,8872,-6892,2248,9809,3129,-1638,16765,6768,-4178,7197,3126,-1525,11733,-31,3666,14507,-4246,6655,11352,-141,2191,14602,4116,-4583,14871,5785,-4942,15569,7919,3301,17181,10103,7701,15603,8055,936,17683,8681,2912,17111,10577,1774,7621,5035,-6225,12101,-650,5747,19865,-1023,3801,4430,-1916,6099,16140,-4971,2782,9303,12147,-7187
15702,3916,1487,15695,1517,5823,9335,-6197,3313,9329,-3776,1531,14564,4488,-3885,15084,5737,-3893,7428,4293,4867,13020,-2543,6499,8300,-1618,983,13356,-1167,3972,18197,3709,-3161,6088,8675,-2348,19107,4916,6555,17815,19254,5172,14230,435,2601,16470,13757,-99,20134,4746,355,13673,3632,-1754,9919,5759,3338,14785,-7915,3914,10176,-4577,4558,13893,4616,-1273,13603,4765,-6834,6294,4005,2125,14177,-2305,3374,10149,-2224,3906,13840,-374,3580,14345,3632,-2987,12301,6420,-6713,18625,5572,5913,17121,14060,5129,14099,5921,-373,20256,9810,3608,17481,10185,935,9988,2009,-2051,6342,2480,4104,22808,-3734,4066,4313,-441,5700,15861,-2282,2377,10246,10766,-6912,13587,-2146,3257,9232,3244,4884,14233,-3027,2771,13098,396,2013,16151,3890,-1993,12614,3283,-3210,14880,4842,-358,17537,13362,8655,17659,7006,1607,18438,9845,-1153,11827,8604,-1229,8326,2923,-521,12613,4024,3342,20069,219,769,8204,-4387,4887,9272,-3791,3084,13823,6352,-8013,15970,5463,-781,10531,2995,9834,11554,-1757,2848,9574,-2179,-646,13097,815,4668,17966,3770,-4265,8806,7037,-2344
17406,-6351,2381,5943,1309,925,16086,-766,1829,14766,5282,-2169,12677,4823,-3108,14950,9184,6010,19540,10213,2311,14579,6914,3111,15297,10455,2017,12449,5583,-3301,15553,1438,3853,16614,519,3813,8129,-881,1531,15243,-3329,8884,10078,9401,-4501,17017,-1375,-3879,5652,7733,6956,19546,-4836,3508,6511,-172,99,15012,742,704,14261,3694,420,12881,3113,-2369,15135,10391,3043,22995,9862,4711,13394,8348,-516,11617,11229,-339,15581,1392,-1026,15058,5457,2598,15534,2922,5053,10312,-3906,-2371,9516,-2736,6203,13562,3596,-1108,15712,4781,-5928,7643,5684,3541,14012,-1925,8048,8052,-929,-1719,14473,-3071,3914,15858,4148,-1356,9744,5989,-1271,15613,5717,5254,19038,16042,3814,15932,3653,3006,13873,12813,2656,19726,1800,-1404,15223,5386,-1506,12130,5420,5618,11821,-4834,1293,11228,-2777,2243,16236,4526,4102,13533,4393,-7955,8957,4988,-709,14000,-3122,5364,7486,-1741,2008,14063,-2042,2242,14970,2835,-525,11297,5887,-3123,16565,5053,2213,18991,13632,2295,12797,6797,2728,16048,10782,6947,18136,6843,-1658,17470,2064,-2903,6958,3669,6838,14564,-1388,722
20341,1550,5453,10055,2935,-1936,7934,4552,-811,16060,105,4491,12595,-1024,1023,11656,-1318,3185,12884,7139,-4799,11906,6618,1876,12522,-1806,8716,10012,1836,-1881,15236,-2913,-363,12453,-950,8131,9833,6197,-3894,20522,1922,78,11609,18660,8651,18832,1915,-52,14437,14317,-1081,21480,-312,7343,9089,5459,-5660,12525,5756,1397,14881,-417,4446,15026,-3135,448,11404,4004,6004,14707,3393,-5720,11235,5795,-1791,10964,812,7253,12446,-3756,-2407,10969,587,1576,16278,-877,6863,11034,4736,-5974,16018,4172,-988,16154,11512,6118,13764,8142,-394,17420,9587,3886,17833,5765,4069,15550,3131,-1977,7177,2717,2194,14082,1803,2065,18557,-988,2794,8370,5080,8680,14903,1522,-4257,10974,7240,-3883,16472,-1518,10958,5946,391,-2878,16196,-1038,-2550,15455,1081,9339,11208,1904,-3239,13647,5705,-2806,21128,9992,6288,10909,8017,-1784,13329,12873,-677,20460,1645,3135,14150,2440,-254,7302,4517,3964,12612,607,1274,14984,-695,-997,11884,554,6736,13091,6455,-4499,11583,6919,-1472,12911,-1699,11078,9147,706,-2891,14664,-1807,-360,14503,-541,6601,10857,5494,-2549
9536,354,-1573,11592,-3951,3197,9899,5521,674,21427,2389,-5087,10566,10454,7535,13380,7845,-1491,20601,10569,781,15504,4645,7435,10318,1916,-418,11316,5396,-1333,18096,751,5352,13917,407,1219,7182,5573,4605,17071,2619,1100,15175,6063,-4335,11047,1904,8041,9682,-1615,1298,16148,372,-4022,14262,-2116,5068,8299,5198,5207,18168,2572,-7694,16565,7536,4166,9288,7683,2287,13721,13889,-2720,20279,2311,3813,12239,-30,886,5700,4844,3845,17425,760,-1179,13445,1346,-1404,10680,1709,3895,13650,6622,1342,15102,5722,-2165,11216,-717,9762,8763,2510,-1526,18291,-1017,-3158,13276,-2014,6414,8282,4696,173,15958,4534,2403,16090,12719,5294,13022,5423,-2298,12779,11884,-535,18307,-786,9605,14494,3521,-6472,7793,5658,4676,11313,-1187,2784,16170,365,-1133,13676,3345,1284,10760,5529,-1111,16485,6644,-1203,13415,-1944,5706,6186,145,941,13795,-1879,-272,16126,1483,2591,14560,2480,-4581,10263,8258,4826,19896,9497,1699,16824,8521,-3239,11610,6760,8704,13308,3704,2060,19000,2908,-5852,12798,847,8023,5144,5154,4926,19962,-1736,-3668,11222,8119,6100
9526,2164,1477,13493,-1654,-3445,11356,4161,3823,15809,8176,-2727,12432,4672,5774,10952,-871,6569,11296,330,-2487,11832,-2134,1413,11220,3816,3682,22879,707,-1999,3426,15940,6963,18959,1933,3844,18293,14032,-7784,15837,2798,9925,4557,3054,-1050,19127,4361,-3367,17063,4563,7320,10362,-4724,2752,6335,3619,-2859,22257,2133,1843,9570,8073,-2446,8539,3311,1384,17740,-3886,5141,10317,1527,-89,11567,-3862,2385,10079,5358,-1880,21180,2588,-715,9333,9715,3563,14442,9326,-1599,20347,8945,4137,13551,4195,7992,11416,2173,-2980,12239,4638,-2217,15867,1849,8835,16849,553,-1158,4771,7032,3714,17736,49,3309,13354,7823,-4437,15002,2338,4657,8633,-1143,1723,14981,-1271,-1824,16140,-793,7164,10098,4386,869,14653,2954,-5947,17795,6557,6430,8219,7437,-3033,9568,13009,-2056,20897,2047,6928,13749,632,317,6421,3496,1285,12323,1912,-1856,17505,2000,3829,9431,1956,1753,14384,6937,-2479,14022,6993,878,12181,-1899,11455,9800,1891,-6988,16749,-856,-612,12252,29,9085,14027,1857,-2077,10221,9220,818,19455,7705,8527,13028,9556,-3254,12306,8252,-316
18906,10313,5298,13221,8542,-2767,13401,6844,5323,14453,4168,4845,17837,2768,-6414,9305,1437,4544,6509,2827,5327,21761,-2158,2258,8667,8476,1505,13930,-543,-87,11402,10614,384,17699,-4392,4945,5963,-672,-510,13708,1128,176,16256,2145,7326,14847,1694,-5870,11280,8671,-423,18140,6958,5310,17421,11229,-3443,7671,7249,1883,12060,2131,1574,15561,3089,3236,16430,2075,552,10351,497,297,10919,-330,838,12734,4397,3401,14408,7006,-5382,13116,3052,8606,10324,-74,5107,12996,-1250,-7195,9954,-3056,3744,9321,6076,4353,26508,-364,-447,2358,17241,4240,16373,759,2729,19623,16554,-851,18277,87,4537,4516,3550,1498,16925,6923,-2474,17936,2283,5264,11972,-3439,-280,6319,4665,1371,21442,1739,959,12185,6987,-2593,6303,2924,1434,17053,-2930,5152,11838,1001,-51,13462,-4275,2968,8883,6917,883,19293,1864,-2723,11736,9295,3632,13542,9620,-2987,18240,9826,7434,15615,3145,5705,12186,1527,-5057,10308,2998,1836,12315,4715,4623,22037,-1305,-1035,2679,10573,5972,17280,-2388,3111,12515,9854,-5090,15886,-958,6992,6869,-730,800,16157,1579,-2239
10969,-665,12244,9713,2410,-3018,18042,-127,-2426,12454,-2332,5182,8882,5085,-121,17578,5201,2937,15182,11089,5781,11772,4878,-1279,13307,12306,-767,17956,273,7743,15368,2855,-5819,8673,5186,3171,11111,-2043,4665,14604,248,-862,14491,3268,-1058,11880,6616,499,14859,5251,-264,13005,-1756,3798,8105,629,1564,13900,-1250,2243,14357,1659,1227,16279,2239,-5743,9943,8924,6144,19280,8189,1641,16417,9226,-3710,10955,7607,10599,12801,3500,1392,19335,2687,-5736,12719,319,7460,5051,3657,4070,17012,-1386,-2816,12987,7669,4915,13149,528,845,9654,8680,-900,17351,-4458,6344,9056,692,-1317,12339,-484,2299,12619,3975,2768,18758,1190,-3072,10201,10142,1812,13404,6287,3311,20194,12454,-6097,11599,5085,6728,8519,1594,1045,12011,4731,-12,18683,-506,3297,11071,1745,479,8730,645,2027,12475,4888,-1257,17150,6256,-879,11745,2852,7500,9720,1227,4009,16169,-1910,-6899,9557,-2981,7764,8115,6809,4089,25928,-545,-5674,4848,16627,7310,12384,1606,4344,18509,16872,-5696,21436,-1667,6309,5291,3963,2021,9435,5529,-3848,17062,1061,7479,15207,-1781,-236
15661,5729,-2794,16986,1100,8383,11289,878,539,7014,4625,2371,18027,2243,3723,13869,6469,-3219,12521,3014,3922,9898,-2263,3591,14982,-443,-3324,14152,-1068,4944,9554,4365,2315,16873,1690,-6449,15896,8094,5912,7887,7725,-291,14610,12040,-1307,19656,3390,4060,12842,199,473,4054,5399,2197,16730,150,-221,14613,2424,-122,10132,1090,4175,13799,6550,-1929,15177,6276,-521,11281,-1001,12045,9697,3051,-6335,18181,-1093,-1308,12268,-1614,8764,8451,3794,-1040,17524,5259,381,15958,11851,7098,10337,5413,-457,13981,11853,-4106,19437,-802,10175,12814,4435,-3191,9157,5043,1153,10879,-989,3409,16673,-886,1445,12798,3202,-197,12462,6048,-3731,15423,6998,1296,13139,-632,5728,6882,-1289,805,13827,-989,-906,15864,1607,4587,15480,2160,-4962,8365,8304,2556,20976,8015,3754,15487,10160,-939,12485,6463,6711,13407,4210,836,20078,2441,-3494,10004,866,7729,5245,3675,2592,20367,-2761,-1856,10871,9250,7349,13174,337,-1690,11201,10348,-3810,17587,-5205,8898,6268,154,-30,13534,162,-829,14231,3378,6521,17667,1011,-3841,9348,9858,-62,16167,5391,3171
13216,4422,-5284,11257,10006,3600,20268,11537,8112,15554,8548,-2437,12698,10151,1305,13080,1212,5995,18541,3581,-4748,8502,3898,1050,8608,-4614,6558,10778,-243,-2229,19494,2268,3203,9888,6753,-3289,10067,5278,-674,16938,-3478,6422,6766,-1390,-341,11919,-2676,2767,14332,4435,948,18606,3490,-4404,8998,9517,3282,19207,11154,2733,20631,10276,-884,12956,8062,10323,9684,5445,-3639,18220,1335,-1567,15243,-235,7705,5080,690,890,15753,-2661,-479,11713,7800,6879,15558,294,-3075,6508,7867,-2121,16997,-4707,10350,10321,-719,-2982,12429,-548,795,11548,2966,3083,18551,3184,-3704,12114,12461,3986,15448,9181,1737,21742,13513,-2679,10956,4585,4490,6997,744,-250,10189,5825,-1297,21354,732,6105,7974,-2879,-351,6019,-2920,-1,14236,6427,715,18387,6647,-988,9728,1576,4786,8077,806,4482,16544,-2811,-2366,9281,-3843,4689,8015,6276,-1510,25970,2780,-710,3856,18625,9553,16911,2586,-1924,20940,15773,-680,19152,778,9650,2586,4876,-1442,12639,6395,-7039,19255,927,9399,10965,-5704,2098,5223,2234,-1483,18877,3282,1578,13777,6802,-4014,7243,1400,3006
7610,5751,5315,14475,398,-3518,9186,9508,-921,19048,-5087,8036,4184,170,-434,15235,514,-2652,15550,911,6718,12649,1556,-4380,12285,9189,-31,23638,11278,6901,14703,10384,-5276,8385,10981,2160,12721,2048,4123,17681,2950,-377,10936,3126,2142,7398,-1168,2608,12955,-3905,-836,12823,2968,161,16014,6215,-278,7922,6270,2367,11856,-1591,7463,11875,-1756,-2842,10540,-2083,3697,13973,1589,1592,16194,4356,-5270,7581,11163,8325,23462,11502,5305,17702,8978,-5372,12389,8999,8518,9337,4028,1294,20491,3184,-7763,11222,4595,6909,8929,-5141,5135,10529,-57,-2975,19371,2007,1651,10261,6515,-1365,9716,4580,-708,16120,-4315,6091,6604,-1569,-831,13398,-2514,4679,13233,4542,-1664,17419,3259,-5604,10636,8804,6265,18571,11703,2052,20079,10124,-1248,14583,8366,9350,9381,6439,-1207,16361,1972,-3272,16937,-462,6660,4509,1448,2857,16320,-3504,2152,9943,7762,1325,17738,250,-2217,5658,7171,2558,15863,-4674,5457,11718,-1465,-2709,12505,911,3663,11328,1404,3242,17607,3105,-7518,13348,11978,6266,17244,9698,4492,21164,13216,-6644,12039,6073,5679,7981,1632,1557
16092,2786,-2677,19366,14753,5002,19573,1738,5023,6898,4221,-5880,10040,7340,1841,18494,-757,6413,14554,-4436,-1186,6493,2696,2078,16563,3425,599,12160,7699,-5580,10332,-330,4872,11230,-3815,4724,10823,-160,-865,16782,-2610,3365,9315,5544,-4539,18438,5744,484,14126,11846,4589,13518,7467,-671,18968,11384,4716,19064,8283,5269,12694,221,-4454,4386,5271,1953,15338,-217,6210,17804,-436,790,6795,1879,5531,13236,3804,-690,14207,6827,-3900,14239,-1837,7523,4837,-1130,767,15684,206,-2159,17161,-1030,7513,8743,3123,-4397,15706,5462,-1505,20914,12165,7540,10928,7763,-1433,12496,14464,-2744,20936,2724,6369,13465,2186,-1034,5087,4104,-596,12125,-97,4173,15001,-1816,963,11228,-723,2693,12017,7847,-3864,11812,6477,2065,13694,-3592,8755,7582,1766,-3827,15403,-1962,1138,14695,-712,8596,9029,3899,-5260,17227,5862,868,17665,16289,8312,15411,5753,-1013,12730,11545,-402,18852,1342,6959,15807,5325,-3648,9015,5896,2269,11428,-3234,2897,16323,-934,851,13910,2229,4738,10435,4936,-6381,12457,5778,-1518,14206,-1975,7832,7472,-2898,-3329,12014,-581,3359
8064,3767,1336,11529,-3558,4646,15009,134,-2165,13046,-1971,1455,9615,3544,3570,18088,3684,-5478,14806,11063,5993,10173,7979,326,18376,15951,-4272,18376,2227,7761,6663,1062,516,5926,5475,-2432,19970,727,4513,12750,-1499,1411,8104,-433,-1033,13340,5811,-1470,15022,7882,1463,11734,-1067,7673,7738,2802,680,17923,-4575,-2062,11152,-2342,7779,7890,5868,-1260,22053,2555,-3662,9280,18080,10288,14680,3191,309,16536,16142,-3410,21663,-2207,10194,5782,5115,-5496,8848,6334,-1114,15367,-345,7572,15369,-2249,-758,10428,2898,2254,14381,4493,-1238,13778,6509,-3298,10313,-77,6226,9909,-3766,525,11878,-530,-1032,17433,-648,7131,10272,4000,-6695,13958,6399,-1316,20296,10997,7119,11466,8126,468,13744,10652,3023,16556,5166,5255,18697,2050,-4162,6360,3382,2111,8243,1051,1651,21519,-1600,5397,7338,7021,3700,14541,-681,-2134,10338,10309,283,19319,-5125,6519,2685,675,583,16205,-918,-5176,14785,2018,8799,14769,884,-2296,10703,9679,-2299,21372,7514,6002,13681,11394,-2589,6735,10504,533,11744,992,3684,17059,3253,714,13427,3072,2011,9953,1408,1548
17008,4765,-6419,11137,4883,2693,10777,-1382,5592,10657,1469,-2166,17995,1488,1635,9957,6833,-2287,12526,5315,1265,16152,-3674,3771,6434,-244,-73,12688,-4021,3407,13366,5300,1715,18914,1196,-5420,8197,10378,3751,16016,7891,2386,19734,11343,-1314,12494,6671,9275,9910,3088,-979,16690,4581,-1295,16927,-27,4112,9364,1905,496,12715,2199,3385,14386,5063,5739,13567,3536,-2689,10581,4743,-37,13101,-2669,8087,12509,-1348,-5307,12651,-1296,-549,11213,4047,7754,16947,2609,-3835,13324,8276,494,8586,8414,2818,15646,15482,-1462,18478,1419,3183,9573,1184,861,7893,4371,1178,17813,2536,3778,15603,-1052,-3301,8429,2948,1841,14921,4490,874,14158,8302,408,10555,-275,7239,11142,734,1793,15684,-1314,-2431,12859,-3424,3358,9677,5150,-1463,16013,6212,4278,14600,11458,7489,10525,6727,-4048,14050,11784,763,16207,895,10352,16671,1469,-8342,7398,6257,220,11416,-908,7154,13901,1193,1108,14449,1829,-4014,11989,6806,1964,14078,5513,1159,13822,-3118,1966,7415,-145,54,13617,-2400,5703,13632,2321,1459,16963,1679,-7873,10152,10489,5152,16983,8455,2684
18065,927,-2472,10990,7314,1191,10492,8061,-1445,17416,13168,-771,17620,2021,5110,9725,2223,2175,9027,3973,1044,17309,2062,1205,15797,2436,-2090,10836,3614,3588,12860,4570,-2339,15455,7383,2841,12425,-1223,10710,8530,2151,-3724,17790,-653,-4446,11460,-385,8932,12356,1087,-1035,14311,7035,1408,16113,8575,7208,11711,8298,814,13307,8919,-2307,16686,820,3910,15932,2614,32,12008,4780,884,10534,680,3817,13882,2037,245,14475,2772,-153,12086,7131,-2818,15029,4490,2356,14146,-1973,5289,7378,1071,-2336,13893,-2969,4290,11205,3884,-70,20596,548,-2787,7785,11525,2452,15820,4924,1362,18407,11397,565,12180,5411,7767,11537,2056,1095,15627,4060,-3442,16231,1049,5776,11223,2597,-206,8584,5380,2785,17964,1976,5422,10211,5965,-3007,14021,3085,2113,12203,-658,4222,13875,-680,-1880,12599,-1857,795,10685,4954,6527,16608,2615,-3943,13530,6355,2455,8769,8464,-2908,14485,12572,1577,19556,38,4476,10456,2197,-2188,9333,3092,3768,13780,3267,1429,17888,1153,-1068,10013,4348,519,11813,5367,1615,17025,6252,1662,10485,254,7215,12610,473,-808
10048,2856,3719,17440,-2527,4762,10213,3425,-1255,14639,-4416,3574,8271,5103,634,18214,1377,-5342,11480,9234,5813,12432,8486,-1508,19797,7018,3597,13454,3217,8676,12099,888,-4010,11086,2928,-2198,13407,4658,6041,21425,-581,3108,3826,10966,-205,19169,-1805,2784,11147,11453,2668,15957,-1889,2631,8995,1146,-1024,15447,1058,-494,14348,203,6641,14787,2510,-3894,12481,6994,1287,16958,2987,3357,9745,9097,-5509,7709,7927,3420,16892,1123,5197,16740,2298,-940,11030,1508,2096,9367,3144,983,13280,1892,-1878,14125,4666,2271,13759,6888,-1087,14009,4545,6061,10893,552,5353,12686,9,-5329,12449,-1706,2017,8893,5487,5786,23304,-1030,-188,4909,14010,930,17600,781,6345,17300,13309,-819,15568,-250,2204,8849,3185,-84,16778,5704,1204,15347,1984,5024,14959,-313,-2414,9601,6700,3777,19120,1589,-338,12402,7858,-6767,9041,3063,7901,15635,-2245,2606,11772,3530,-2547,16389,-3639,5965,8947,3900,-1127,15199,3838,-3120,14506,7744,3695,11506,8409,1041,15267,6779,5740,16985,2035,4304,12503,2351,-4907,12145,1300,1832,8762,6569,6329,20212,-1871,-1474
14764,2703,2558,19451,1682,-3218,7622,7152,1925,13631,2792,1919,15111,7079,-650,12502,1451,8316,12479,1380,126,13209,285,-3722,12924,525,7059,16974,2779,-16,9328,8286,2145,17962,3082,6455,11613,9623,-4228,15259,6682,3401,11559,2082,3361,19494,863,-5227,10536,3766,6840,12470,857,4889,10482,4231,-4696,18343,1701,3279,9517,8014,-4036,14727,4560,1392,15840,-1930,4323,8377,2999,-884,14561,-3116,3206,9137,5307,1968,20851,437,-4369,9437,10809,3860,14358,5663,1245,19354,8512,1514,13475,3894,5447,11643,1641,2220,11870,2729,-2671,15512,2591,2792,18310,1053,3712,4021,9270,2890,19600,-1418,842,11216,11078,-1914,15929,346,8056,9478,553,-776,15771,519,-4415,14989,249,8985,12315,3140,-688,13655,5769,-1669,16413,3383,3758,8841,9129,-1858,10283,9813,-1888,18135,-268,6084,13843,1507,58,11604,1740,3008,11112,2766,-1018,13841,944,-1016,13385,3685,2536,13447,8473,-2754,15232,4539,4667,10108,1003,8410,12285,-152,-3040,13986,-2010,-1595,8890,5044,4078,23888,557,3512,4822,14744,-26,18210,-668,3060,17213,16105,1944,17319,1,2851
15641,10955,-2910,13028,7227,10058,11977,1842,607,17153,2513,-2930,14161,1055,4580,9194,3876,1622,11279,953,2340,15085,4645,4053,12376,5021,1002,12402,4673,193,12958,-2056,3284,12288,-328,-1199,12404,-1832,476,10699,5252,5831,17585,2703,-3054,12263,7244,2267,8683,8790,-1072,18280,12128,-711,16478,2312,5665,9013,600,-896,8799,3577,1431,14743,2742,4051,17874,-85,-1737,6481,4600,977,13658,2818,-416,15216,8727,2596,12126,261,7039,10809,208,-1085,13755,-688,-1784,12858,-746,7535,15318,3522,-2445,11815,8441,1333,16972,7787,8073,11110,9795,-3301,17117,7051,1925,13416,1679,5444,17591,1622,-4909,8968,5117,2721,11747,400,4888,12043,2736,-1550,17217,998,1491,7599,6971,-3911,16321,5550,1142,15747,-2348,4771,6225,647,-2326,13695,-4119,4382,10726,4966,2689,21042,-724,-4198,8233,11753,958,17835,7300,2025,18908,9179,3413,10589,4562,5494,13850,1635,433,14448,6265,-826,16602,2968,2126,14399,1789,1273,5725,7909,4905,20882,-1547,4243,8421,8914,-5615,15285,748,6666,10407,186,1710,15955,-635,-4866,12555,-344,7853,12039,1316,2374
13564,-3972,731,6994,6993,6669,24010,-756,-1646,5249,16169,882,18043,-497,6286,16230,15003,1546,17684,-1292,1661,7779,3721,-2242,15554,4281,1540,15058,3345,5623,16322,-579,-2602,8064,5912,4947,18248,1393,227,14622,7402,-7397,6340,3962,6430,14593,-2458,1498,13339,2134,517,15105,-3556,5735,11162,2696,-3239,12359,7250,-211,17931,5189,1943,11048,10253,-416,17146,5399,7786,14670,3676,4773,13780,1410,-5087,12395,2131,1119,9393,7721,5974,19922,-1741,-1928,7845,9984,4368,13141,656,4301,16350,9236,-1688,13681,-1616,2253,9818,565,-1029,11753,-1032,3940,14012,2136,2506,18519,874,-1085,8966,8126,2441,15659,3176,-2426,17331,9997,-4756,8654,5353,9564,11526,1158,-83,15505,3955,-182,16250,1735,3712,13215,3652,-2723,8818,6788,270,17053,1612,2613,12919,8574,-1039,13723,2920,9622,12740,976,295,13420,408,-4453,13678,-1783,4505,9484,4632,3826,17253,-340,-164,10854,8847,4005,10128,5069,2714,18060,11049,-3131,15382,76,5100,13407,1602,828,9363,2850,493,14006,2575,2217,16364,3980,1011,13326,4389,176,12732,5722,-2641,18435,5539,1913
19593,-2823,2746,10088,9514,-4212,13568,1883,7765,12484,425,-1674,15774,593,-3785,13827,-808,8433,11959,644,1753,13152,5388,-2003,16759,1707,39,7054,10104,-1985,12145,8121,2881,19854,1183,3266,12635,4093,-644,10821,1422,4428,10413,4905,-591,17107,1615,-2961,12404,5849,3982,13004,6947,-78,16345,3456,2737,11101,1686,7026,12590,751,-1359,12565,-99,-2042,10169,2012,3769,22712,-823,4564,4005,13150,986,18204,-1906,825,15579,15317,396,16217,2606,5551,7819,2562,-195,17261,2037,-1549,15006,3677,7136,15816,-25,-1890,7891,6930,-274,19099,-58,1440,12522,8749,-1515,10086,3413,3492,16743,-2507,2312,10632,5177,-2097,16600,-4214,5420,7861,5456,-1926,15841,1991,-1390,13598,8086,5157,10579,8884,-1380,18440,7676,1518,13318,3465,8539,14948,-13,-3048,9554,1764,496,10379,3602,5581,19203,-2084,1942,7735,9052,-1187,17905,1126,2054,12808,11082,3416,15054,-1997,4656,9050,814,-3082,13744,1181,855,13895,3168,5461,17418,3105,-4919,10645,8270,3355,16955,4020,5277,14393,10180,-6868,8193,6424,2947,12723,-526,1038,16946,4112,1613,14995,1024,3739
15704,2303,-1311,14255,712,3675,11595,5843,560,15949,5354,-2872,15756,5010,5769,8166,6353,-2895,14234,9735,-512,18431,-103,5307,11317,348,-1708,9065,-693,677,11086,1963,3951,17020,-1282,1427,10834,4274,-1762,12378,5794,-960,15078,6698,4974,11387,2522,5040,14207,1988,-481,12315,1049,2330,12531,3205,2012,21774,2952,-380,8109,14204,1839,19565,762,6964,14997,12314,-4259,14768,1877,6383,10908,2175,1534,17420,2322,-3162,14473,2187,2442,12361,-1909,1514,8965,5036,3934,19017,-1874,-1458,7874,8064,-2783,9921,5845,2924,17737,-1484,4176,12204,2700,-2708,14371,-1716,5897,9783,4840,2175,14778,3378,-6043,16832,8040,2001,12305,10972,954,17489,4132,5536,12272,2648,4972,14118,2134,-1715,12860,2583,-562,9742,5704,3566,21093,-1307,1179,5860,11446,4115,15237,-2845,4360,16554,9600,-1975,14484,343,2401,9964,411,-287,11848,609,1411,15847,993,5523,18092,2261,-1058,9820,7066,999,16598,2620,-1625,15321,10620,-5245,12680,4695,10145,13651,-123,-768,12806,5508,-2523,17003,-125,8197,12684,5174,-5429,11812,6764,357,16960,2648,5437,11350,7405,2196
17446,1552,-1357,14040,10668,-986,12315,4591,1035,14308,-753,5287,12567,5249,-2070,16585,-722,4224,11936,5895,-277,12064,5256,-4424,16096,4914,7473,12200,7713,-435,14948,4253,1119,14035,11,8722,14325,1284,-3783,12136,987,373,12084,1780,6250,12118,2277,1240,14182,4845,1314,13164,4934,320,15138,7718,3630,14208,526,3842,11807,2820,-5242,14363,-34,2253,11632,5558,7161,19041,4650,-2767,12562,5705,-1787,11833,4858,5603,19430,9705,-5009,16829,787,4763,7979,-195,1196,9876,1156,-154,16724,2988,3712,17094,593,-1651,8792,4837,1978,13695,1733,188,14216,9129,-1793,13217,3963,8587,12123,948,2462,11367,-860,-3090,14741,3403,4441,19781,3181,2909,6811,11868,411,19612,-451,2256,12027,13343,2723,18097,2112,3623,10365,1629,2665,17002,1357,-6994,13180,3777,5133,14623,1111,2996,8522,5161,-2167,18761,-2231,5202,10253,8602,-2066,9729,6549,-2999,16657,-2800,4955,12086,3735,827,15564,-1348,4192,9759,2119,1560,10871,4282,-3904,18182,5011,2549,13410,11275,-2534,15838,4958,6009,13025,2083,7728,12513,2124,-1654,14657,607,-2631,9215,7624,4776
16248,2862,4588,19048,2522,-2270,8392,7731,-13,13871,3013,1694,15254,10774,1445,14941,3052,7542,13873,532,2873,10301,110,-5906,13413,2723,2800,19787,3286,6001,6577,8979,-771,17114,-2090,3119,13430,12923,2709,17730,1488,1268,9177,410,2489,15555,193,-4825,12923,3840,7988,17653,260,2053,7290,8234,-3813,19902,-1413,4754,13564,11292,-4044,10024,6549,-807,14379,-2951,8402,11499,4547,-3005,17331,-1382,2525,12244,2960,2649,9547,6510,-4092,18421,1791,2451,13158,11812,-655,15216,2366,6349,11241,636,6797,12009,2401,-4081,15733,-871,-1761,11800,6035,7533,15060,4130,-433,13276,5412,1057,14262,4919,5898,13946,9881,611,14063,-1311,2223,14928,701,-3095,11924,2056,3337,14457,239,6168,13343,5869,-2672,17138,2025,218,9817,6407,838,15073,7698,-4884,16559,-652,6530,10428,3483,2904,13368,-1609,-3515,11972,4812,6421,19094,3611,-2242,10985,8392,-1927,12356,4611,3871,16935,9052,-949,15217,2616,9210,13195,758,1410,10565,-1232,-5893,13208,4080,8468,20253,1201,581,7115,9087,-1225,16354,-2114,5399,13272,13254,2464,16624,-240,2751,10379,1383,-996
14511,-1145,3394,8433,-2614,-6098,10563,2388,7405,23297,2303,2999,5161,11826,-3071,15642,-2577,4643,16461,16087,3322,19211,173,4168,7986,1969,-889,11490,505,-3367,15772,3554,4969,20143,1982,-9,6206,7709,-66,17139,-921,4214,17126,11938,-4072,11400,2776,782,12664,-2913,4928,9609,2469,-908,16520,-1788,4339,15848,2889,717,7572,9490,-3440,18725,387,4634,15168,13476,-3973,14664,3846,6832,9971,1160,7190,12165,1131,-3287,16076,-11,2567,16249,2783,3332,6839,8545,-2184,16967,-193,3247,13937,11225,1558,16803,3013,6487,8900,-13,1109,14789,1214,-6659,14446,-846,3680,12222,3351,3849,13902,7349,-2556,17487,959,5955,13277,10324,696,10186,9554,-6503,14128,-1376,5125,11381,1327,1088,17256,-139,1788,14754,335,4817,8768,5911,-3064,16457,1049,1388,12735,10346,-1521,14056,4097,1876,10130,2366,10495,15756,937,-159,14914,-3620,-4218,7758,4414,6885,17463,5635,-1934,14496,11816,-135,13746,3133,7405,13604,12511,-1236,15914,-1488,6314,17281,1668,-1474,9824,2524,-3467,13215,-944,8563,16077,3150,-2525,13946,2635,255,8008,5465,3721,17048,9453,-6519
15463,15948,-283,19941,-1865,6610,11459,1898,-1114,11070,1839,-7149,15377,1364,6292,17490,1529,-750,8579,3380,3122,11099,4,4123,17736,8566,-5853,10756,2022,1102,10919,-2281,599,9501,188,2357,16317,-737,6100,17659,3524,-1572,8418,11510,-895,19263,3471,1754,16392,14270,-4430,15510,4335,9002,13063,1896,8065,12917,2124,-4607,13626,685,1107,15519,4210,2758,8033,6930,-2031,16928,-153,6991,11122,8466,177,15698,2479,5677,9202,-1756,1113,15318,-367,-7545,12624,123,5094,14052,1502,5193,11434,5969,-4862,20161,662,8348,9675,12286,-3743,14541,8481,-3500,17555,479,6081,11246,4356,-448,14662,-535,4865,10282,6154,2515,17626,3930,-2696,13125,5109,392,10686,6260,-439,15878,3838,960,10555,1870,11644,14519,-703,-849,13647,-3351,-4898,9204,4196,8337,21368,69,-1088,7176,11649,685,16904,-636,7172,14781,15785,-2875,18181,813,5704,11372,3200,-1859,10912,1460,-3211,16437,2473,8239,18086,4283,-2861,10911,6014,1840,13217,2382,3081,17886,8729,-7100,11831,1760,5407,12182,-1656,2381,11992,-940,60,14925,28,4426,15723,3146,-2434,8211,8048,1602
16212,5515,-6790,18805,6662,6952,9080,7828,-2216,14000,13864,-5671,18172,58,6773,11948,1060,2947,12563,2194,1318,12949,3060,1185,15653,824,2180,13080,2260,-3346,11483,5205,663,11978,7019,1151,10286,1808,11696,15210,-1166,-2707,12410,-3657,-4007,8092,3190,9589,22935,2981,-586,7467,15395,-1106,19007,1384,7923,17244,15215,-139,18359,1066,2256,8229,2534,-530,15214,4558,-1464,17128,2514,6345,15324,-1163,-978,6387,4881,3647,16614,-21,577,14191,10038,-5817,11424,1621,1757,11613,-2927,6313,11715,-218,-1363,14712,-3638,4411,12483,4808,987,11256,8067,-5276,18161,6696,3183,15274,10971,-262,15694,8646,7518,11349,3481,4087,15642,1117,-4885,15846,342,2651,9680,4841,4245,12384,479,-1059,11704,5755,4238,16323,3415,4501,12572,5683,706,11023,-2537,837,13598,-846,-2541,10818,-2438,2125,11412,3767,6445,18213,4672,-3946,16363,7252,4032,9034,7050,566,16744,15935,-7357,17827,1731,5690,11773,1725,3078,11309,684,-162,13912,1431,3837,17662,914,1375,11591,4428,-4381,12843,3079,2293,10478,8543,175,13204,-53,11198,14008,654,-634,11091,-4345,-4128
7738,89,-2001,13024,-6081,3562,8356,5383,4925,20449,1159,-4266,9995,11537,-3108,13827,7411,3768,20078,11267,3452,13757,4158,6771,14439,2585,327,10186,2712,-2270,13450,2972,3927,19946,280,-1349,6053,10483,3160,19500,-3161,7761,7683,12428,-1642,17923,-4076,1835,8085,2782,1234,14350,-3542,-3377,13165,818,7369,16592,1172,-747,10947,8249,1573,14119,4212,705,19458,11281,-5202,10298,11962,2652,15224,-1771,4911,8885,3417,-101,20365,-1462,2761,12070,3631,3514,9312,3486,-5955,13283,1364,1031,13520,11287,2478,19332,637,5110,6157,2515,5035,12981,-2711,-2328,15072,-3880,3040,7678,5224,2255,18576,2678,-2979,10711,14945,7596,15822,3865,3522,16006,13565,-3554,17565,-2374,6452,14562,4172,-3630,9381,4598,-58,11315,-1324,3462,14662,1295,5430,16085,3073,-1741,10576,6447,-2378,14890,6210,-2024,13842,-133,8332,8054,-1222,-939,12723,-3851,1787,11639,3171,5009,20402,2034,-6249,7692,13196,-153,16639,4768,3416,18271,11636,2521,14461,6214,5776,11448,2211,2334,12855,2035,-3414,17457,884,2478,13798,1050,2468,6984,5005,5588,16973,1086,2056,10684,10568,-1590
12765,1190,2192,11759,8757,1179,16114,488,6775,12642,1933,2947,11073,-2183,-5175,12025,-1446,4103,17332,2553,1829,9635,8968,3982,17586,5997,4517,14418,9817,-1426,14772,7964,2019,10016,1266,865,21142,1619,-2259,11800,3429,5003,10643,303,6250,8371,4004,-5613,19523,-434,3941,10305,10373,-5406,14083,4159,4148,14864,-2413,2886,8948,172,-30,14939,-3078,5012,7572,5446,-860,18711,2332,-4727,12022,9619,3871,13569,8657,1025,18734,9453,3247,14715,3028,7026,13372,2007,-687,10238,954,-3529,11999,3017,4125,20380,-1358,4327,5053,11614,819,20158,-2959,3217,9037,12952,616,17424,-2907,4429,7762,918,-1606,13747,-2200,-1319,14472,2821,9299,16724,2503,-3744,10628,9067,-102,16428,4005,2701,17032,10940,-2100,10195,9230,736,13926,-2205,1904,10976,4244,2611,19763,-724,1800,11828,2098,1287,7847,2870,-2715,13568,1440,2973,13824,11322,-1347,18076,1017,5035,6797,2611,6557,13248,-2936,-2181,14062,-3380,1014,9158,6719,4196,18651,3314,-910,10536,14462,3513,15681,3225,3040,16453,13347,1837,17784,-2066,3351,14216,2452,-6645,8530,4754,3376,12171,675,3770
12094,2457,1519,9396,6053,5269,16275,-942,-515,10467,8113,4309,14784,1955,2893,14590,7510,1085,13285,-3561,1423,10869,350,-2763,11127,-768,3946,13278,2353,3761,17300,1920,-905,11715,6651,-593,11941,6447,184,19682,11442,-3254,14625,3738,7449,9528,2112,2498,10031,2121,-1298,16779,3202,3708,17833,2032,-2668,8619,7448,2108,13026,1682,-611,13709,9062,2088,14533,761,9677,11915,1037,-1474,12024,-1070,-4790,13740,-105,8135,15319,2306,-130,11263,6777,2187,15924,4613,4637,15847,9816,1150,13190,8664,-68,11902,-406,329,17216,4258,1566,16652,1675,3455,10433,1219,2967,8905,3030,-2912,18795,1789,4673,11525,9601,-6994,13880,3377,3606,14089,-893,5438,10599,1283,-1454,14762,-3516,2205,7748,5826,1980,19016,1534,-2362,12545,9510,893,12437,7774,972,18362,10841,4351,13088,3070,5807,15756,461,-2987,10412,1350,1865,10520,2394,4169,19429,-3681,1969,7265,10058,-1176,19239,460,6188,9685,13382,-1032,16805,-2576,3498,9359,195,1434,12451,-388,-1199,15368,2115,5172,16480,3467,-4155,10928,9514,4251,16250,5431,2610,18428,10665,-4156,9565,8212,1722
18444,14852,-3774,17009,-110,3758,7449,2963,1513,13977,3513,-1668,16667,1208,5856,15077,-1757,-886,7237,4406,3635,16702,1200,-4347,14099,9772,-575,11046,2163,5033,10136,-2227,1933,13518,-1283,-1675,15517,-1682,6363,12910,4177,-2346,10847,7709,-4450,18796,7729,5395,13059,12128,1659,14844,6577,3608,13693,2038,3545,17063,2960,-1207,12832,1404,807,8141,3796,1816,12595,-894,2531,13276,6549,5958,13689,3798,-832,13841,4197,2206,11401,-1517,2997,13295,-1661,-3193,11334,-918,1904,11968,3376,5073,18103,4739,-1117,15139,6392,-1587,10592,6396,1910,18472,17543,-2918,17277,2995,5285,10934,454,110,13780,-957,3213,12443,3365,2066,17353,-933,-731,11731,5510,-2400,14206,4096,3789,10699,8533,-488,11316,174,7920,15866,-380,953,9037,-1798,-2372,13419,40,4961,18042,3070,-714,9473,12986,5437,18322,5405,4185,17312,12481,-3509,14240,5778,3862,7820,1763,1434,19691,3436,-1924,16244,842,2557,9640,-2467,5697,5235,2744,-1636,19592,-452,-593,11669,12467,-2925,12830,3102,4725,12180,-3583,2458,10894,-1003,627,15519,-2073,4422,8027,5375,-2018,15502,4281,-5287
12963,6528,983,13234,8348,-3876,16795,8079,4619,19532,14362,1581,13950,14660,-4069,15882,-3778,4111,8702,1621,4159,20305,-479,-180,10679,-771,3768,8101,-1370,-1434,13752,376,1079,10530,12318,-4070,20084,274,6072,4812,2887,7470,12922,-6247,-1899,11743,-5296,75,8032,6938,3917,21061,4530,-1544,10669,20050,1179,16632,4859,6758,17990,19014,418,18171,-2266,5605,13441,3422,-5540,12650,3274,-59,12577,-369,4133,13676,-3260,4137,13278,1234,-233,13455,4075,2280,11317,9808,-6120,12634,-1853,3167,8048,-3510,1823,10365,-6030,4750,15054,1922,4073,17251,5371,-8205,12451,12080,3277,14462,10697,-99,21856,11752,1381,16893,13493,8214,13266,1731,4173,12207,-109,-3480,18161,-74,-1010,11098,-2567,6313,8080,842,3036,14724,2007,-1141,12526,9498,4351,14726,1766,2572,7049,-2207,-795,12083,-5397,-988,14963,-2934,3217,9278,7683,2857,16995,4565,-5447,16125,11369,8024,14997,12034,-572,18345,18643,-2810,16710,151,529,9791,-550,3135,16016,993,742,12314,1087,2305,14701,-3055,4192,10871,397,-4000,14156,6643,-564,12920,7226,1622,8573,1264,8669,10421,-4916,3047
11771,-3242,4054,8211,-3972,1363,11987,-5994,2986,9826,4309,1179,20773,5045,-1572,12169,12563,-3730,14453,8449,3594,22268,15598,3129,17151,7358,8458,11409,2757,-2675,12075,-94,219,17597,3814,2303,16891,-4795,3582,5657,4635,3780,16705,-77,1072,9293,11842,1732,16723,-1275,831,7299,-3028,2558,11971,-2206,-1718,16089,-2567,1542,11317,4878,1864,13318,6949,-400,17681,9193,4882,16448,12870,-3179,14322,17003,-1001,16357,-2017,3425,9290,864,2111,20070,519,817,9820,1895,5670,11379,-2810,-981,12838,1049,-2670,13112,10160,-1189,16603,3588,7279,5479,2469,4051,13914,-5662,792,10491,-5776,-153,6511,3351,761,23077,3541,-682,8089,21300,945,19150,6048,9415,19976,16629,-1179,18267,-469,4938,9994,3649,-121,13436,4600,-4445,16806,44,3915,14777,-4157,2157,9699,2765,5872,14827,1996,-4215,11253,10134,-3129,12338,157,3834,8820,-3634,1554,10305,-4566,-230,15338,-3675,7471,12970,6626,-3228,13618,9352,-3521,16618,11256,958,16598,10096,3943,19017,13961,4501,12692,2388,3688,14532,1109,84,16550,604,-689,9178,455,3138,12353,-2907,1823,12697,5886,3459
9427,-2341,-4048,13165,1004,894,10799,11754,-2232,19624,890,4744,4045,3115,6375,13830,-5750,725,10913,-6484,-521,6577,4461,1749,23818,4275,0,7419,21862,1950,16990,5472,4340,20012,16560,2430,19069,-221,6034,9716,3484,-4295,12047,3954,-3286,16242,838,6909,15492,-4058,1257,8257,2300,3130,14881,1624,-1304,11672,11298,-3609,12976,-1022,2937,7970,-3529,-1001,10958,-3755,4573,16149,-2753,6005,11026,6311,-6422,15461,7617,1727,14467,12548,0,16933,9795,37,18170,13990,7443,12465,3775,4743,13783,-15,-850,18631,-36,-2626,8253,1966,5710,13558,-3083,1706,11660,5638,2531,13659,4386,506,12506,5066,4806,9962,-1897,1341,12670,-6172,-2466,10081,-729,1765,12031,3533,1790,18522,4140,1989,12222,10252,-1583,14161,11326,4609,23783,17607,-4541,13853,6369,1001,12003,-2501,2765,11127,3045,4719,17933,444,1800,15133,-3292,-387,8359,2359,2144,14481,2071,-3346,9362,11595,-675,15082,-1001,9427,8385,248,4911,11814,-3802,-5778,15323,-4933,2618,9671,6615,1603,16752,7976,53,14928,16411,5110,14728,8232,3760,14255,12645,882,13396,-790,2052,20656,2690,-3574
16872,3856,6159,15040,3492,-3616,10388,1196,1246,9166,1891,1525,18915,-5238,4610,7003,8974,1763,17334,-1057,3536,9583,10833,482,16170,-2926,1897,7427,-2543,2298,11853,-1465,-1255,16129,-661,3250,13975,4014,-1381,12703,9144,1705,18218,8920,2852,14627,11894,-3288,10533,14108,2922,14510,-1217,2563,12738,2739,147,19659,486,2555,8889,735,3567,8913,-1841,-2247,13013,1204,-580,12735,10494,1552,16678,2076,3738,5645,2084,4941,12508,-5802,458,12578,-6038,-15,5528,5108,3029,24853,2334,-2818,5018,22645,4188,17040,3357,5698,19364,15837,-419,19973,-385,4240,7317,6179,227,11140,4644,-4925,15761,-382,4856,14370,-2338,3524,8906,2415,3344,13944,2163,-3294,14836,7847,-3824,9419,2253,4022,10540,-4677,1744,11428,-2800,1927,15313,-4356,5988,10469,6702,-4767,15878,7643,-5538,17093,11115,5596,9358,9715,3604,17307,12141,3651,13524,5247,5289,17948,1441,-3250,11894,613,6,5707,3009,2308,18343,-5589,5026,8134,8449,3339,15328,972,1119,10525,9169,-1765,15097,-3111,3474,9158,-4228,1301,9479,-527,-189,15071,1267,4267,16496,4418,-2329,11188,11194,2276
7158,7153,7191,21453,1550,-5957,7950,19792,4614,12132,5992,6189,20436,14931,107,18282,-1254,1060,10132,3772,-793,9177,7039,1689,14025,124,2534,14980,-3962,278,8724,3078,5802,15330,3326,-3393,14640,8528,-4414,10723,-1659,4912,8247,-2106,1971,13735,-2983,1128,14697,-2136,3254,11983,4520,-4657,14629,7840,1882,16270,11752,284,12746,8451,1110,13830,13658,9716,13364,3512,287,17182,547,-3414,14525,1233,2703,6323,2925,4845,15469,-4611,224,10798,6652,3528,13021,2695,3364,11070,7299,-3205,13459,-2595,3068,11762,-4109,3425,8640,-489,1274,12950,1845,858,18260,3526,-418,10813,11687,1812,13695,8953,-490,21008,14493,-3160,12099,7663,5943,9740,691,-106,10891,3108,900,20206,-217,4028,12244,-1193,-186,8279,588,1973,12497,925,-2131,12080,11300,-151,16730,615,7219,6527,1671,4535,13846,-5512,-3329,13349,-3924,4544,7217,6116,3886,21869,3024,-5645,7800,20320,7820,11807,4795,4394,19092,13594,-2849,18902,-1114,4904,10863,4703,-1191,6447,6571,-1736,13239,-1502,3779,14827,-2273,5396,11206,2024,1787,12205,4877,-5488,16329,7228,-1148,10449,-339,6019
13573,2341,1186,10112,8036,-454,14408,-1919,3152,11610,-5363,536,8444,297,2708,13814,1311,2196,17397,4047,-3390,10605,11858,2020,14305,9794,2368,19445,14049,-2943,10860,7229,2862,8579,1228,640,13123,2705,3427,19383,-182,241,11835,-2573,326,6857,1047,4015,14128,919,-1547,11865,11278,-2307,16771,309,7450,5953,1845,6574,14128,-6170,-5211,12141,-4195,2603,5981,6830,7179,23785,1842,-6591,6805,20971,4693,12878,5500,7304,19446,14935,-1309,19652,-1683,1747,7933,4280,137,6986,6850,-493,14974,-1030,4518,15290,-4307,330,7709,3407,6125,15594,2951,-4157,15083,8751,-4614,10631,-1507,6232,7233,-1578,1648,14817,-3428,1374,13960,-3357,3157,12096,6044,-4499,14980,8860,-705,17099,12079,3482,10747,7807,1667,14742,13879,7619,13994,4103,2311,17682,369,-5086,12101,615,2262,6865,1900,6572,17391,-4530,339,9886,6128,3075,12777,2407,3362,10955,8724,-5361,15242,-2367,3781,10127,-4154,4275,8154,-616,371,14806,1058,1803,17153,4441,-2207,11442,13299,3685,15361,9199,426,18376,12603,-2854,10148,8926,6698,9452,1159,-2262,14240,2453,735,18684,-574,3165
2553,4675,-4680,16991,5235,-328,13946,3691,2691,8898,-5495,3554,4524,638,-126,20720,-470,2343,12185,10001,-3260,7403,1962,1135,13030,-3239,4840,11960,-3555,1180,12174,-5665,2604,7260,6684,-2051,21398,5179,-3251,11882,13196,3824,9886,9652,-2256,20413,11418,9403,18388,6894,4875,10976,2618,-4771,7109,2641,-359,12763,1260,5888,18771,-5345,2143,3612,8060,4802,17409,-2825,800,9976,11874,-3202,18664,-2489,4457,2487,-199,164,15702,-2492,1657,18027,-1307,4653,7624,3742,-1348,15414,5046,-2159,18137,12327,3993,7753,9117,-2887,9156,16333,1992,20676,2162,3932,14330,831,746,8709,400,515,7909,784,1606,15914,-3032,4562,10148,417,-3114,13590,7146,-742,13641,7126,4102,9423,-147,6320,11096,-2197,-1385,11537,-3151,510,12631,-209,8075,18292,4032,-6355,8931,15337,3114,20704,10555,10642,13720,12071,-5305,15618,6886,3289,8799,3920,1641,20047,2410,-2483,8029,2835,3600,7367,-4283,4713,7441,-1336,-53,21026,-270,1577,8953,9128,-6056,9692,4441,2073,14440,-2746,5029,9322,-4506,-371,10505,-4825,4548,10662,6601,-3273,22104,4734,-3208,8392,12907,3786
14095,1891,3603,17498,4704,-4769,10614,13440,1536,16556,10934,5255,19879,13702,-2986,11534,7234,3058,7722,2009,-498,13567,3438,2284,19478,8,1723,9169,-3712,641,7032,-1562,5030,14023,2452,-2341,13419,9730,-2736,14655,1921,5936,5569,1814,6886,14933,-7660,-4310,9961,-5618,2326,5868,7268,3420,27310,3530,-4043,4456,23069,4858,17081,3451,5841,20951,16332,777,20506,-352,2750,2636,4860,637,9215,7917,-4400,17248,-729,5367,11393,-6354,2490,4148,1799,3474,18943,1560,-1662,13593,9846,-5647,8090,228,3703,10304,-3040,3897,12983,-4950,3096,14790,-5235,2284,7292,8493,-1386,20010,4975,-4930,13939,14163,1655,11309,9752,3484,19479,12457,7831,16308,7427,3234,16140,1069,-7294,6261,3353,3538,11145,-228,2546,20772,-6171,3580,4648,6568,7408,14813,-335,1190,11558,10931,-8922,17042,-3052,7824,4125,-2336,3916,13489,-1202,-2692,20319,-2710,5711,7577,4785,-1824,14304,7974,-2306,21358,13751,3170,8135,9415,412,10623,15587,1029,18609,2131,2562,17397,1075,-684,6515,1847,2230,8344,-477,2255,16396,-6017,3299,10052,364,-117,12870,8386,-2743,12151,7457,1747
4843,1984,2942,18202,3311,331,13032,9772,-7927,9231,-452,3706,9225,-2861,5334,12391,-5321,2592,15450,-4791,1357,7948,8841,-2075,19434,6193,-3611,14657,15119,1658,13144,8310,3250,20471,12711,8656,17861,7076,2879,13753,1222,-7560,4181,3146,4628,11926,254,1986,20631,-6225,2681,4506,6046,8245,13770,211,1216,12800,11544,-9937,16276,-2954,8493,3092,-2620,4593,14022,-993,-3986,20803,-3084,6401,5943,5208,-2455,15851,7321,-3250,21578,15146,5472,9565,7960,258,11475,16170,-32,18944,2132,2005,16271,703,-490,5838,3300,1688,9314,110,2082,16605,-6988,3870,9289,817,1228,13620,7515,-3648,10692,8755,513,10702,-2936,7217,11017,-2366,815,10467,-914,1660,16848,-5174,3529,9439,7369,-5915,14750,12453,4196,19742,16569,7181,14146,7096,-1231,14014,10435,4534,14085,2861,4328,18349,3282,-8207,6099,4510,1720,6848,-4894,7263,12872,-4388,2817,17619,1420,-858,9520,7413,-2452,10220,7429,-1795,14947,-3484,3756,7927,-5788,2534,9448,-2945,6479,15765,1510,-632,15766,6688,-8551,12658,10943,2975,19459,14304,3225,18290,9029,969,17331,9220,11069,7209,8194,-3148
9061,7143,3087,13957,17306,-2288,20241,2330,3380,11890,922,-2050,4615,3329,3501,12885,487,91,16094,-5972,4063,8767,619,1421,11324,6288,-2531,11988,8988,1498,13388,-3215,4217,7114,-17,1264,13132,-3223,2211,16237,-4530,2516,8808,6705,-3912,17089,11318,3472,18634,16413,5569,13451,7571,400,16031,10030,3686,17788,1800,5948,14419,4193,-7959,4416,6386,-93,7432,-3186,6607,16813,-3546,3447,13670,1067,-35,8439,5067,-2403,13109,8342,-2343,15470,-2949,2497,5744,-4510,3249,9906,-2903,5460,17959,-444,1214,13585,5927,-7899,12880,10459,1711,21327,14060,2597,14433,7933,605,14732,9871,10603,10706,7840,-459,20074,734,-3062,8727,501,2434,3585,2490,3965,17192,-4261,4228,13154,5150,5037,10784,993,-4193,9187,9284,-853,16338,-4236,6111,9494,-5707,-2758,8705,717,4712,14674,18,5358,15930,4951,-6609,12366,11513,-623,18275,12099,5687,19059,12363,-1324,10160,8987,1817,5757,995,496,12948,3653,2695,19810,2301,-113,7888,-2149,516,6424,-2133,5116,16863,2145,181,13315,8227,-4272,11796,2249,6232,7358,2938,5409,17601,-7925,-3404,5527,-4748,3072
17180,-4107,2918,7972,-3192,1851,10971,-6054,4322,10587,5675,-1467,20665,3929,-3958,9392,12551,1257,13134,9874,2144,21198,11164,4790,15852,6957,7417,9186,4111,-2046,12811,2290,-1342,16376,2123,3192,15102,-3893,1340,4912,7135,7298,18103,-1392,1121,11240,10255,-4733,15463,1204,4930,5664,-1353,4289,15387,-3874,-4701,14704,-2816,5608,8661,4793,4654,16389,4096,-7491,14251,11437,3680,6482,8987,1253,12278,17147,-425,19843,-446,-20,11864,1906,2666,7058,2535,3649,12170,2222,-3095,16176,-4068,4428,8670,3446,1199,14309,5138,-526,12387,9773,-1017,13145,-1502,9466,8564,257,-178,12832,-4370,-806,13452,-2779,4176,14724,5149,-907,11067,12538,1288,19357,10843,4594,13216,10136,-7,14790,9127,5437,13780,400,2333,18269,3069,-8553,7338,5694,8306,8129,-1419,2893,10291,-1942,182,18620,1068,1175,9103,7629,-952,10686,6592,-2497,16934,-4695,1359,6811,-1189,4613,11531,-6462,3911,10848,4818,-2957,21421,2983,-1543,8057,12609,1793,15262,9150,-808,20232,10419,3837,14719,8944,11452,8914,2753,-4303,13774,3226,-2582,17144,1166,3692,12112,-1395,3866,6276,5225,2716
12209,4992,-144,14682,-654,-2045,12462,2568,1920,12375,8061,998,15993,4579,3409,8407,2027,4934,13594,-2491,-1181,10356,-2313,338,10498,-98,1635,21404,1196,3535,6669,17647,2230,19597,2922,3246,15757,14783,-618,15628,2632,3441,7357,2817,2329,18971,3814,-2215,14979,2819,2691,13512,-1888,2625,6333,3978,1816,20088,-288,-3274,11043,10124,-241,8644,4665,5835,15004,-4169,-287,11745,-1110,627,13912,-4392,5200,10013,4276,-2108,15644,5127,-5208,13904,9532,4898,10239,10833,2683,20126,7961,3320,16238,2425,5347,11788,2850,-2121,10741,2632,-2646,11464,4423,4563,19752,-2552,3786,5265,11416,3265,17398,-1130,2962,11500,9872,-1620,15879,-2841,1983,7697,-735,2296,13660,-1848,-458,14404,1293,5628,16572,2748,-1824,10966,8130,-787,15953,4848,1239,18020,12611,-3561,10736,10149,7085,12944,-1121,-922,10536,1694,1919,19378,1561,3306,14275,1112,-3298,9539,5262,1483,13536,451,2036,11350,10896,1149,18807,71,3116,7377,4313,5470,13132,-3713,-2604,13980,-3638,-46,9403,3996,5697,17435,3375,790,10918,15317,3223,12011,5792,924,17820,12185,-62,17242,-1104,4027
20123,8683,8806,15790,3324,3084,12724,1813,-3236,7670,783,-1484,12238,3423,5320,19306,-1280,4439,6224,9782,505,16251,-247,2847,13561,11238,1130,15029,-2124,2215,8520,-1756,-444,12454,-1464,2552,15166,1800,6278,16744,4117,-6901,11526,8468,2380,15813,4710,4354,17117,11518,-5258,10889,10515,3904,13103,-960,1503,9676,790,1103,19103,358,1356,15319,1026,-21,7529,4418,2981,12952,-299,-2166,12326,11859,1241,18957,810,5384,6884,3211,6004,12850,-4035,-3588,14706,-4287,690,8285,6986,5286,18097,3256,-4407,10616,15753,5734,13814,5473,4411,18528,12079,-90,16657,-2901,2088,13440,3650,-1576,9409,5321,938,11854,-251,694,15765,-225,4750,13663,2912,223,8819,6419,-1195,19406,7390,-3327,12226,914,7319,4916,-1812,539,10586,-4610,2707,16062,1076,1098,17422,3442,-3007,8882,10051,718,16078,6956,-20,18260,12157,1860,14738,3655,12303,12238,2572,-1583,14893,3873,-6095,17058,2272,5637,11267,4544,917,10323,4251,4570,17392,3128,5245,8150,7102,2149,12538,6596,-4054,11198,-3721,1395,16073,-2458,2216,12522,-930,4191,11069,-1190,3153,7132,2084,-5119
7290,2189,2264,14307,-4735,812,10131,6143,6551,13228,2735,1022,11831,5458,-70,11723,-503,3094,13826,-3685,-1967,9735,-1242,-507,11806,3971,3051,20339,6308,3361,13051,12565,-102,11980,11229,96,22170,15543,-2232,14106,6274,3292,11845,-3450,1286,7883,2590,2411,18184,-1237,4011,14869,-3853,-1303,5541,1744,-1521,14105,772,1179,10254,10929,497,15665,-929,6311,7857,966,4984,13269,-3050,-3834,15499,-4117,1607,8885,7489,381,19571,8400,1388,12730,19095,6093,13262,7370,2123,15231,11792,-1389,17293,-859,5909,16996,2877,-4462,7477,4301,-475,7879,-2757,6218,13100,-2893,4116,14092,732,-2510,11181,6279,-2180,13463,6109,1618,12546,-3448,1605,7450,-3206,701,12693,-3420,7217,12467,3451,-1111,19037,5258,-6507,11859,13364,2126,16008,9999,4050,19776,11797,-574,16126,10631,9890,10468,3229,1038,13202,1855,-3729,19109,-268,1282,10553,-1932,4060,7553,2359,6195,16715,631,512,9454,7699,317,14148,478,2691,7008,-1304,832,13946,-5942,-1660,13118,-1029,2441,9374,5447,4986,17841,4317,-5760,14631,12027,3058,11363,11315,2510,18350,18784,-2122,18123,815,980
15169,14384,-3178,15894,4349,3905,7354,3466,-492,21239,3815,-1903,11216,4353,3069,8856,-4220,2452,5739,817,2570,20230,-907,2136,9843,10079,-6723,9716,3532,1754,13501,-3450,5394,8921,-4456,-256,13256,-6302,2991,8092,7509,2372,21505,3769,-5334,10146,13443,-581,10066,8912,2951,21432,12423,5947,16409,7375,4763,12825,1907,-3713,9086,2725,653,14339,1526,2718,18464,-4299,2973,4795,8523,5787,17593,-1654,1608,10045,11797,-3557,16068,-2940,4832,6658,-1434,3114,13635,-2914,-2226,16601,-2869,3394,9426,4891,-7,15426,6709,198,16638,11186,2793,8883,8493,-2841,10659,17621,1233,18578,-738,3087,13902,740,-495,12210,1743,2406,10367,2097,2533,13164,-3533,838,11755,998,-2135,12980,9039,1276,14796,5692,2309,7215,-129,6133,12157,-4175,609,10464,-3150,746,12578,-36,2745,19273,4511,-2745,8527,18221,4556,19361,7413,7374,15998,12938,-4877,13833,4643,7634,8175,3402,-1459,20672,4195,-3347,12148,3230,3094,8427,-3919,4711,6032,-1034,2620,20184,358,-1451,10085,10256,-4267,9982,3668,4134,12790,-4537,464,9025,-4110,2613,13361,-4981,3724,8979,7324,595
14081,-3303,-889,16431,-2082,5041,8223,6726,-784,16840,4777,-4920,14852,13914,7227,8249,8909,-881,13062,16488,-1473,20015,704,3592,12734,1109,214,9493,2499,950,11147,459,1545,16711,-4163,4542,8832,945,-568,13481,5831,-773,12648,9264,-638,11393,-1124,9926,8812,-1516,-1926,13604,-4113,-1245,13684,-1702,6127,13635,6408,-3155,13907,13149,-323,17924,14229,9645,11369,8549,405,14552,8643,273,14174,2366,5307,18623,2866,-6406,5200,5101,2442,8113,-4077,4485,9874,-3018,3712,17825,-96,78,9307,9139,-4909,12236,6591,-507,13187,-3790,4824,7661,-4909,1618,10748,-5437,4112,12252,5689,1984,21448,3815,-8153,7926,14762,1972,16421,10092,4257,19411,10356,2029,15734,9667,8714,8469,4158,-3800,16876,2812,-1578,17277,-515,1369,5847,-1873,3884,10158,543,5329,17409,3143,5128,10684,5435,-3689,10357,3085,-1759,10650,-1304,8069,14320,-5946,-1634,9989,-1979,-297,9418,4050,4126,20167,5489,-2360,11603,13890,-539,9113,9561,1921,20689,16317,2174,16923,3013,2091,8460,1699,-1116,9245,3995,1601,19128,192,3982,12628,-4435,-1341,7737,907,2977,13767,3309,-1247
8033,-5126,3190,5255,969,4248,21876,579,715,11531,8873,-5850,6162,1596,1279,14442,-3116,4736,12565,-3149,1608,11037,-6516,3019,7379,7292,877,21240,4166,-5589,10844,12653,1536,10273,9747,-429,21304,10715,10570,16067,6270,3331,13047,2374,-4713,7853,4460,996,14359,2688,3877,18926,-3742,580,3545,7700,7625,16853,-2085,3885,11765,10656,-8488,16780,-1774,5913,4337,-488,1984,15197,-2951,-452,17330,-2619,5298,7557,4304,189,15055,5893,-3310,18004,12301,2512,7051,7585,-1099,8998,16025,1743,20635,279,3738,12223,2005,-1762,4328,2372,2986,7650,2695,-475,17437,-3690,3668,9267,1459,74,12032,6120,638,13409,8512,189,11526,-1677,7181,10582,-990,-1280,12155,-1881,832,13644,-2907,5838,13749,4286,-4419,11675,12863,3836,20843,11716,6658,12273,9596,-4349,16358,6477,4944,13069,3292,5600,18134,2305,-8632,4691,6270,4892,7838,-1182,5868,13533,-1775,282,17515,1146,174,7416,6964,-2811,12675,5340,1805,15934,-2986,1744,7035,-2626,823,9538,-3850,7555,13854,3402,-1517,20025,3242,-7420,7923,11530,4827,18017,9934,3671,18534,9186,-1276,12624,7609,11980
17750,7866,1609,14183,9219,-2970,5724,10908,7253,10271,1674,-2025,16522,2246,1789,14920,1581,1097,7245,1500,774,8721,229,1130,16134,2136,3029,13085,8782,-1508,14421,1747,5943,7313,2643,2830,15411,-4562,-4747,9323,-2483,3910,6569,3822,3633,26256,683,-792,3746,19256,5222,17302,3317,2158,19905,14344,-2258,16332,-153,5577,4581,3907,2127,14007,6986,-3242,15730,775,4250,11249,-3485,1569,5401,4218,1581,20676,1565,-2350,13251,8966,-1228,6183,2307,5479,14550,-2623,1053,13347,-1598,541,13171,-4610,5430,8658,6767,-2282,17440,4238,-6200,13015,10975,6422,8758,10806,763,20258,7723,5953,13873,4385,2372,14373,1193,-2852,6271,4172,-37,10299,2164,2525,21133,-3540,4303,3589,10838,6775,16715,-2539,-1593,11644,11820,-3001,18008,-3502,7171,3404,-309,-4,15712,-116,-1983,17418,-174,6514,10420,3636,-1037,13325,7750,-2856,19308,8161,1864,6542,7605,1775,6741,14446,1354,17546,-169,2126,16684,2143,441,8914,623,3597,8019,2543,-2120,12821,-2425,444,13275,2224,3531,12392,8976,-1953,15044,4356,3882,7812,1058,5814,13464,-2889,-1186,9835,-1830,733
15559,-2769,4030,9983,-2986,1354,10248,-5602,3128,9606,6474,-1668,23352,4205,-2129,8795,13544,752,11203,9453,696,20929,10452,6992,14843,8144,5929,12047,2422,-4599,11117,2675,-546,15697,646,6345,15053,-4409,578,5297,7383,6199,18058,-1998,3079,10437,10951,-6282,15408,-1095,3458,6644,-19,4652,14224,-3061,-1289,15760,-2879,3269,7713,5358,1568,16549,5623,-2772,15708,12817,2904,8528,7278,-1120,10912,17990,755,19583,-1056,2431,12362,1619,-320,10413,965,3290,10497,2059,-29,16015,-5670,3659,9827,1248,-1584,12721,8435,235,14562,6995,1332,8097,-382,7298,12064,-2166,-843,12440,-1332,27,14041,-2075,6216,13394,5962,-4110,13682,15702,2578,19155,11497,9184,10723,9092,-4108,12505,6320,4418,13141,3396,2094,20398,2659,-4802,7105,2445,4993,7375,-3363,2910,8971,-1900,2315,19195,1097,-1095,8689,8852,-3420,11193,5173,2497,13634,-3680,1558,8985,-3688,1557,10973,-4545,5179,10762,5815,-2167,22766,4882,-4295,8913,13619,2194,12201,10973,2328,21622,9794,5295,15595,9919,4539,10700,2194,-1083,12130,2135,-1972,16130,295,3757,13239,-4139,4696,4385,6331,5307
13220,796,2228,15315,-4996,4666,9265,1202,-131,13678,6181,-2992,13827,8819,1430,10000,-191,8733,9103,-2823,-1127,12266,-4740,-27,13439,393,5973,16409,5893,-3136,11831,16029,-1311,18332,11369,9719,12051,9977,574,15645,9466,2593,12360,802,1038,19894,4612,-3991,14917,902,4272,9639,-3687,2968,6824,-3701,3709,16839,213,1717,9625,10772,-6823,13095,4125,321,10637,-3029,3963,8911,-5777,2738,11788,-5508,1589,10959,6596,21,20852,6758,-4007,10916,14997,718,15440,9538,3271,22393,11815,6781,16565,8823,5168,9800,2897,-5193,13912,1555,739,16220,870,3003,14130,-7274,4938,5300,5320,2968,18129,-180,3625,8270,10217,-5184,15183,-444,1747,7724,-2713,6011,11874,-2989,-749,16882,-3684,2652,8431,7192,-528,17081,6831,-1529,16887,13420,3484,11599,9524,255,15132,18666,1227,19664,-879,229,9548,1725,-482,14093,115,1663,13271,1179,4633,14169,-4562,2094,10295,-529,-1215,12050,7961,-12,15558,6424,150,8021,1870,6006,11036,-5027,2754,10182,-4343,1031,13087,-243,2485,17668,6284,-3380,11633,17955,2933,18900,10682,7019,14363,10087,-1649,15988,8787,6472
15655,9824,165,22847,12322,6415,16445,8011,7620,11610,3198,-4969,12776,405,-137,14365,816,2597,17310,-6535,6646,6046,6663,2060,16758,-605,1135,8226,10907,-1269,16098,-1643,3485,7870,-4011,2062,11111,-1558,-889,18265,-3556,4798,9195,6836,-2813,15640,7776,-487,18233,12369,5535,11229,11161,-1600,14785,16258,-1456,18010,-648,2071,10437,1007,2036,15721,851,9,11981,675,4335,12634,-3794,3391,11129,-625,-2275,12004,9685,-2842,16425,4972,2673,7203,1198,8798,10896,-5800,89,9781,-5252,-953,10819,3184,4620,22057,4565,-2825,7369,21478,531,19151,6214,8843,18834,14306,-383,18156,5323,3844,8414,2390,-704,18355,5294,-3561,18489,1016,2702,12434,-6256,3637,6092,205,6660,18138,-576,-518,7943,11653,-7233,12987,864,310,9651,-2525,5591,9835,-6403,1573,13215,-5194,3246,8097,8308,2802,21067,6010,-7053,12429,16350,-601,14922,7862,2327,21086,14356,7742,17985,5580,4589,11669,3561,-4481,12240,-7,2464,12551,897,477,18514,-7137,5619,6735,7891,3809,15841,-203,1056,8551,10460,-1132,15450,-2172,2805,8426,-3994,4657,11703,-986,-2991,17439,-2725,1281
10464,-6640,974,10991,-6305,-2548,8877,4237,2188,24091,4052,1226,5516,22912,1657,17582,4418,4350,20248,14512,3309,17398,1485,6174,5862,4215,-5223,15509,6248,-3135,16080,1620,4667,13009,-4744,3418,6008,1633,3856,18158,-144,-1256,10911,10967,-4051,10840,841,441,9962,-3709,2460,10883,-3611,5253,15437,-5742,5783,8059,7051,-4599,18901,6719,-6148,14163,14096,4011,10407,8992,1710,18486,11025,6524,14710,5833,7718,17342,1069,-5690,9581,2196,-2097,7422,3205,3725,19801,-5756,6082,6914,8705,2814,16352,-1183,2322,9196,11039,590,16475,-3793,359,7580,-4106,-299,9965,529,1522,16857,-1378,6207,13325,5745,-4501,13800,9066,419,17846,10832,3445,15275,11086,-2149,9996,12771,2029,12847,-1205,2126,14407,1856,2601,17865,2227,522,11358,-496,912,8335,-109,1943,14522,-547,649,10023,10843,-2301,16954,1893,6204,7255,538,6802,11251,-5734,-4114,12031,-4279,-1237,7120,5897,7869,23154,2499,-3853,7815,19966,3037,12978,7272,6381,21723,12163,1813,15398,2331,1212,9298,1728,-1742,12042,7604,-40,16010,351,4036,13936,-3989,761,6572,3558,5106,18076,1114,-2293
15667,-2604,2939,11654,6258,4096,10948,1714,935,11250,6156,-2159,14537,-952,4407,11966,-4457,1152,7131,-2951,-895,11715,2586,3723,19174,5249,1137,10640,11460,-1856,11858,8549,-314,20512,14580,863,13099,5746,3113,7121,548,-608,11651,2359,3211,18313,2216,2454,14403,-2117,-3070,6222,3134,3592,13971,-144,-178,11783,11202,-1081,16069,344,5831,7739,1835,5936,13188,-5262,-3748,14159,-5075,3019,7556,6311,2117,20531,5274,-1262,9773,18657,5174,10768,5841,2188,19122,12221,1710,18370,-843,4259,10708,2744,-3906,5463,6903,-1327,11231,-25,4989,15307,-2555,5123,11153,1173,137,11824,6137,-2953,16729,7396,40,11412,-1733,2575,7108,-3204,1040,13224,-2535,5042,13801,-78,3320,16421,4457,-8794,11894,11774,3017,17616,9354,1988,12714,9781,-539,15367,10316,9757,10632,4446,1480,17474,843,-5021,15470,1169,1415,6605,1853,4081,14049,-1795,5138,13878,4623,2011,11076,3562,1960,11253,5322,-94,12635,-1485,2301,12811,-5933,-518,8827,-1261,390,10496,4158,4725,18916,4309,-2372,10498,10948,-793,11051,9952,1906,20788,16791,-448,15287,3694,1957,6751,1601,3251
18647,12365,-2408,18054,416,4573,14197,2603,-1911,6340,5386,-2437,9895,-2909,3313,14199,-3445,8698,12600,913,-1306,11920,6762,-4247,14140,7153,-863,11754,-1581,4913,7961,-4357,-519,11932,-3004,4641,15037,113,4503,14141,6812,-7510,14193,11013,-542,17436,12292,4011,14832,9600,2019,16455,12538,7418,10536,3384,862,16726,691,-3031,16004,-414,2180,4567,-130,3325,12737,-2476,4447,14478,4288,3741,8912,4303,-120,11708,4139,-1862,11570,-581,5620,12787,-6680,1401,8659,-1133,-3510,10850,3838,4920,19368,5524,-228,10504,13287,-1482,12420,11003,1437,22380,16094,1149,15421,5766,2026,9875,-143,-1154,11172,3240,4101,18985,-875,2092,13079,-3851,-373,6928,1114,2549,14223,502,314,9866,10700,-2081,15080,980,4193,8332,1818,9101,13483,-6678,-5539,12944,-6693,3709,6597,9600,2555,24558,5912,-3767,7561,22739,5678,9094,3365,4638,19657,14561,133,20017,361,3946,10840,2837,-3954,3768,5507,-967,12306,-2875,6914,15204,-4538,3603,10497,953,888,12382,5247,-2817,14636,9341,-3981,10632,-1225,3895,8639,-5098,1978,11718,-2797,5250,15611,-3138,419,11687,8695,-6996
11750,-73,-3097,20563,-2862,1537,7411,7704,-498,16632,11318,-1876,20998,13924,4184,9844,9563,2335,13940,14182,105,18044,2790,611,17301,295,138,8742,1268,246,9275,-1421,6188,14963,-5065,2316,10664,-1433,-2228,10288,8219,-2423,13540,6500,1137,8450,90,7032,10443,-6117,3503,9663,-3844,-306,13406,-650,4136,17150,9138,-7946,9590,18829,4036,20548,10949,9786,13283,9642,-3338,17522,9050,8282,8890,6295,-861,19928,1487,-9023,10134,2114,3489,8804,-5479,10861,8174,-4020,1102,18524,-1191,-759,8688,10079,-3582,12008,4835,-3370,11123,-1660,2856,8396,-9099,5277,8696,-5430,7489,12382,6384,-4141,21977,8290,-7820,9564,15226,4483,16049,11117,4637,21625,10451,981,20742,10547,10251,8463,7850,-3172,15663,210,-5598,18707,-2276,4545,6207,-5129,4556,10345,-722,7223,16611,2609,1439,11093,6432,-4045,9463,4250,-725,9978,-2928,9719,13645,-6613,-3022,11333,-1871,1002,8722,5800,3795,20762,7329,-7535,12817,16033,3323,11383,10320,5029,24212,13541,-515,17786,6831,-763,9861,2381,1299,8726,3317,2464,21385,-1825,1272,10982,-6454,3728,5763,-1423,5901,13473,2631,-6131
12834,-3904,10200,16132,-9501,3574,8939,559,3995,11044,3318,-5368,11569,10724,-6653,11330,155,2307,10381,-8861,6276,6643,-4689,6043,19332,-2074,888,9352,11689,-7647,18360,9820,-2034,18714,16548,5216,14168,8500,4494,24153,9439,7481,10783,13489,-376,21785,639,-6255,5136,197,3421,11175,-3231,4681,19430,-6832,7389,8063,974,5531,8244,3369,-5765,13274,9770,-5909,14964,-1429,10274,6024,-7739,846,9110,-116,1085,21758,-3519,5441,7357,10697,-9426,17361,10970,-1172,23070,16398,9774,11361,8203,685,22163,12792,-1630,16345,6507,181,18211,1490,72,8859,4018,630,12638,-4540,5283,13356,-8552,6701,11678,-1692,-507,10220,5470,-8504,8134,9885,256,12914,-162,9476,9849,-6439,2155,7869,-4109,2929,18287,-2958,2220,9524,13118,-6652,17267,10599,-164,19782,20210,9075,15169,5064,6509,21627,10411,-246,14311,6554,1054,19639,5917,-6745,9835,3912,2605,10423,-6350,6908,14318,-10701,6381,12082,1413,5295,10767,6048,-10639,11392,9238,-7435,8846,-1035,8301,10739,-9965,5262,8075,-2834,2953,18773,-633,3001,8947,11477,-7698,18992,10693,-5021,19496,15947,7131,13682,9646,7702
6439,9829,-6994,21114,9845,-2060,16325,17804,7253,14524,6942,1317,23750,12026,4456,18645,6820,-90,10859,4007,-7317,8278,4745,3472,20098,-1706,4717,10977,-11363,7100,5518,-3445,2040,12875,5181,-6196,10128,11319,-3459,15972,-985,4366,6224,-1820,8384,10397,-7400,2809,16260,-4977,1544,7611,11372,-9091,23055,8734,813,7690,23080,10130,24642,1769,2239,14412,11636,4914,22803,6821,5874,6484,7370,-11992,13907,6490,-2099,20782,-2352,10774,8622,-10834,7431,4352,-3828,2353,18381,2199,-4217,8873,13871,-9909,13512,402,1111,9029,-5369,8688,9079,-8347,6241,14127,-2041,3191,11679,7454,-8780,18485,10610,-7960,12080,14652,9011,22730,9035,4737,15737,10077,5965,23258,9514,7366,6443,10336,-11855,13876,341,-1153,20136,-739,7166,6216,-6111,8616,10311,-7556,4463,13314,6810,-3117,13639,5642,-7053,8612,4070,2991,10650,-3768,7751,12859,-7691,3552,13017,1666,2762,11943,2243,-5732,15202,9649,-8360,15383,17307,7327,24585,8867,8000,13388,9982,677,18030,9554,2880,9993,5982,-7801,15058,5138,575,19253,942,4147,8080,-7066,4569,7512,-8838,9415,13872,2459,-8259,14253,9094,-7078
17485,-7560,5973,11617,-11329,6159,8000,1765,7052,16174,2894,-9325,7283,12396,-11310,12404,-3322,8699,10202,-5954,8476,9069,-5286,2682,17187,-1958,1030,9204,11587,-9897,21172,9059,-1645,12066,15364,4845,18600,7171,6222,20784,11414,8828,21508,10141,-2437,8145,5571,-9383,7208,2053,6050,20758,-2469,3720,9326,-9036,7187,7854,-2023,11174,14244,7087,-8473,12423,6981,-8317,10731,-238,6622,7805,-4076,7671,13424,-4127,2696,17419,-1438,835,7324,7770,-5778,19895,8927,-4272,14869,17302,7072,18798,7068,3574,20446,11604,4281,18089,7941,-2064,9052,3971,-7675,9299,4752,6255,21387,-1179,4298,9067,-9409,4634,6289,-5488,5391,14046,5529,-6765,11688,10855,-6948,15794,268,6138,6240,-441,7790,11579,-8796,5493,13094,-2596,-213,10715,8798,-5008,19396,8750,-3655,8547,19737,7915,25288,4631,4965,11948,10975,5560,22650,7736,5634,7911,7408,-12749,16912,6936,-1345,19256,-1980,9202,7056,-8633,4447,6277,-6794,6275,17865,3151,-2504,10712,11737,-9276,11922,3184,-1488,10098,-5105,9183,7903,-8892,7065,13292,-2189,-233,14138,5998,-5808,14189,11358,-5966,13885,11861,6096,24077,11843,2663
21426,-2653,1632,6777,10581,-10695,18843,9521,849,20965,15784,7115,11172,8496,5849,23040,12096,-188,18253,6918,-1224,14022,4147,-4351,7796,3449,4029,14061,-3936,2107,12297,-10159,8808,9993,-1019,2487,12756,5264,-10692,6899,11353,-1387,15464,-2991,8517,7110,-2087,5960,11468,-6042,859,17188,-3258,3035,6325,11866,-5144,22802,7849,-1843,11553,23434,7319,19614,2504,5790,20299,9908,5179,18491,8651,-1201,12028,4145,-7384,8905,8609,2506,19253,-7057,4123,11423,-9673,7323,7066,757,6056,17109,2035,-8737,7439,12541,-9297,13227,-1524,7430,10392,-5479,5118,8787,-5387,4425,16263,-2059,2684,10977,8480,-8245,17999,10581,-4990,13193,15482,5945,19272,7024,6910,19337,10953,6181,21671,10250,-483,8627,6142,-8066,10265,1011,4137,19500,-815,3009,11446,-9123,7978,6227,-1390,12773,14913,5568,-8844,11776,7391,-8005,11556,1187,8077,8442,-3529,5227,12135,-4579,629,16292,-2745,3533,8392,8438,-4202,20098,8664,-6717,14360,17170,7459,17100,6744,4614,21786,11717,2696,17924,8940,-1799,9860,2302,-5834,7908,4885,4883,21859,-814,3413,9901,-8898,4546,5932,-4276,6696,14525,3781,-6525
20294,-1029,7965,9263,-7813,6236,5002,-4509,4334,18772,589,-966,8663,12842,-9523,14422,2332,-602,8804,-2911,4692,10305,-8982,7180,11862,-3311,5103,12629,5402,-5797,16017,11117,-8480,14472,14729,7122,21118,8998,1479,15914,9946,6253,21942,9997,8928,7918,7838,-9217,15215,1051,-1561,19652,-290,5398,7226,-6420,5906,8913,-4137,6792,14834,4747,-2008,13049,6622,-4743,9194,3631,2871,10447,-2584,5645,12091,-6219,1798,13879,-2154,3804,9386,5534,-2929,19237,8264,-8650,13504,17805,8547,18053,7211,4150,21586,12835,737,19010,9029,1075,8668,1659,-4528,10101,3960,2530,22746,575,3619,10005,-7571,4388,5690,-4482,5651,14118,2490,-6126,12419,11081,-7251,16321,2073,7759,4383,1439,6219,14634,-9556,2866,9865,-5806,3333,9136,9039,-4633,23761,7741,-4582,8374,21831,7739,21749,4038,4368,18397,11178,4948,20951,7912,5020,7377,4438,-7532,15367,8485,-2492,21335,-1402,4909,9589,-8243,6090,4366,-3538,6187,18870,605,-1595,9071,12746,-12601,13546,1614,2805,8201,-3106,6593,11011,-9005,4795,12251,-3647,4075,11194,6690,-3835,18013,10600,-7965,13694,15644,4388,20031,7737,3518
