14949,3899,5258,14744,4250,2347,14295,2660,-1866,13884,2579,2247,14307,3817,3823,15082,3378,-1736,13401,2910,-1538,13191,3136,3906,13809,3676,1466,13857,3750,-3054,12932,4467,1135,13488,4221,3261,13270,3263,6,13102,3425,1064,12979,4661,4552,13712,3502,2627,13679,4163,-1203,14099,3963,3810,13150,4173,6455,14801,2327,-393,13785,3742,297,14658,4029,5306,14560,3655,1872,14792,3155,-1636,13824,4494,2179,15028,1700,4012,12595,4207,-3691,15821,2357,-1332,11961,5101,5817,14091,2343,-621,12425,3799,-1712,14041,3814,2398,12755,4623,3111,13222,2973,-819,13067,4030,1246,13767,4450,5944,13899,3380,2188,12761,4294,-1503,15104,3605,4825,13276,4683,5108,15187,2180,-548,13702,4111,1699,15060,4024,4369,14393,3713,316,14277,3508,-2240,14661,2936,2242,13937,3821,3460,13615,2017,-2445,13000,2882,-774,13594,4591,4462,13987,4234,-35,12236,2793,-2024,13032,2858,3204,13902,5142,3326,13127,3347,-1035,12851,3309,2051,13676,4803,6064,14479,4587,2168,13618,3655,-787,14017,3088,4619,14169,4680,4785,15503,3600,-329,13618,2990,1203,14339,2880,4593
13110,3035,-1862,13323,3684,4089,13773,4063,1192,13399,3831,-2710,13017,3394,2013,12961,4427,4248,13493,3672,101,12937,3677,400,13605,4415,5581,13881,4106,3226,13593,4301,-1458,14650,3341,3656,13326,4671,5990,15122,2702,116,13806,3434,411,14537,3576,3957,14528,3470,1692,14366,3600,-2486,14167,2685,1467,13756,3678,4015,14190,2788,-2250,13423,3456,-1345,13125,4049,3584,13776,4149,773,13153,3451,-2012,13160,3946,2577,13283,4189,4441,13291,3143,-782,13048,3870,821,13888,4700,5990,13829,4236,2797,13998,3157,-592,13868,3461,3511,14252,4425,4755,14879,2794,653,13817,3343,-305,14760,3781,4022,14640,3728,1181,14447,2732,-3250,13203,2613,2763,14031,3818,3562,13927,3588,-1748,13380,3465,-1199,12843,4193,3190,13871,3362,1183,12691,4207,-1353,13532,3533,3459,12873,4549,4195,13764,2828,-390,13094,4484,1527,14139,4523,5955,13908,3771,2615,13922,2872,-623,13968,3976,3332,14949,3786,5322,14211,3250,-588,14597,2787,-353,14327,4697,3679,15184,3071,540,13383,2880,-2806,13738,2469,2540,13458,3841,3776,14186,3399,-2553,12912,3859,-1360
13559,3427,300,13496,3936,158,13874,4459,5580,13725,4820,3681,14325,3256,-673,13728,3742,2087,14206,3829,5406,15009,3088,1387,14183,3882,-1050,14466,3524,3736,14083,3373,1710,14720,2826,-3482,13560,2928,1528,13605,3700,3740,14313,3410,-1417,13067,3875,-1828,12853,3521,3439,13480,3945,2219,13344,3922,-1601,13162,4286,2193,12935,4503,4581,13918,2942,748,13261,4568,633,14263,4290,5811,13617,4231,3644,14490,2820,-1238,13726,3604,2933,14559,3793,5714,14906,3152,34,14172,3099,-1449,13796,3677,3345,14901,3381,1519,14064,4101,-2603,13605,2585,1890,12624,2973,3975,14061,3229,-2184,13716,5185,-2419,13210,4682,3998,13311,2706,2817,12600,3794,-1693,13716,3990,3011,12935,3836,5196,13531,3024,-231,13769,4539,990,14291,4873,5806,14132,3181,2566,13610,2883,-981,14701,3771,3459,14878,4474,4909,14280,2149,-970,13890,2984,-2006,14751,4402,3868,14507,3591,1707,13333,2534,-3166,13516,2813,2135,13521,4518,3284,13979,3434,-2432,12882,4706,-1292,12986,3290,6076,13798,3665,2099,11696,3030,-2892,13747,3593,4971,13721,5154,4781,14935,3178,136
14224,3132,5505,14330,2959,966,14967,3556,-1665,14061,3971,2794,13960,2989,2250,14050,2918,-2745,13693,3534,983,13281,3763,4526,13264,2821,-1058,13279,3710,-2425,13424,4280,3273,13183,4415,3050,13316,3325,-750,13235,4029,2621,13140,4675,5319,14220,3267,1075,13530,3931,-383,14203,3632,5371,13923,4834,4620,15295,3571,-1497,13799,3085,1716,13976,3732,4880,15127,2925,-41,14170,3310,-2022,13633,2619,3069,13963,3537,1527,14479,3863,-3086,13623,2920,1352,12310,3642,3737,14007,3659,-1076,13385,4570,-1441,12949,4118,3753,12870,3574,3517,13489,3994,-957,13348,4411,2723,13343,4227,5712,14204,3401,416,13814,3466,295,14168,3989,5743,14354,3851,3696,14774,2860,-1103,13834,3475,1752,14878,3977,4378,14767,3117,-755,13783,2496,-1942,13667,3470,3691,14483,4317,1446,13956,3716,-2928,12867,2917,1270,12892,4458,3623,14036,3405,-688,12588,3864,-693,12982,3392,4643,13253,4313,2764,13797,4036,-859,13507,3689,3656,13233,3914,5171,14463,2921,470,13883,4197,766,14624,4197,5036,14490,3451,3210,14488,3357,-1649,14687,3581,1426,14547,4142,3551
12710,2879,-721,12645,3999,3497,13986,3593,640,12614,3637,-1090,12869,3050,3629,13038,4483,3693,14277,4003,-684,13276,4359,2002,13763,4105,6177,14125,3613,2080,14424,3901,-547,14349,3856,3974,14410,3773,4317,14816,3061,-1093,14447,3421,449,14358,3974,3971,14605,2275,-38,13366,2818,-2501,13794,3469,2737,13703,4088,3100,13411,3130,-2782,12937,3499,-270,13214,4425,4151,13452,3486,529,12780,3375,-238,13166,3993,4294,13527,4844,3901,14833,3805,-998,11999,4626,2684,15490,2561,7473,12204,4227,50,16583,3113,-707,13619,5282,5341,14972,2164,2552,13600,2797,-813,15245,3493,735,14084,4265,2890,14112,1846,-100,12817,3190,-2537,14438,4261,3593,13422,4483,2345,13022,2504,-3763,12503,3114,1308,13589,5154,3673,13667,3213,1105,12146,3806,-95,14383,4907,3866,13387,5016,4804,14110,2477,-138,12875,3430,1599,14568,4184,7211,15173,3519,762,14018,3393,-2276,14505,3532,5107,14928,3960,3340,14629,3039,-2695,13731,2418,823,13470,3761,3704,14519,3139,-1345,13223,3836,-1709,13368,3253,3453,13199,4052,2086,13772,3612,-2460,11764,4461,1609
14131,3757,39,14142,3430,1618,13635,3976,6596,15195,3586,1808,14720,4207,-2006,14430,2457,2806,14044,3424,3757,14906,3861,-1251,14502,3082,136,13128,3374,4142,13909,2658,-43,13606,3576,-2550,13529,3486,2131,13029,5233,1881,13760,2947,-994,12158,3130,1150,13011,3737,4674,13728,4603,1591,13462,4141,-485,13637,3569,4705,13278,5111,4841,14973,2367,141,13380,3418,765,14786,3807,5044,14930,4355,2482,14100,3179,-993,14401,3073,3191,14415,4132,3060,14790,2641,-2819,13551,2724,-1168,13505,4151,3756,14214,3330,461,12776,3472,-2307,13213,3676,2454,13315,3841,2610,12557,2501,-945,12535,3848,922,14002,5699,5582,13745,3096,2395,12950,3499,-556,14124,4135,4476,14155,4243,4743,14166,3074,-255,14693,4464,1989,15068,5001,5454,14473,2770,-108,13937,2159,-1601,14191,3608,2692,14683,3835,3184,13787,2973,-2650,13282,2675,-240,13768,4496,4251,13656,3451,-600,12790,3215,-2300,13179,3697,2824,13061,4183,3152,12941,2856,-531,13361,4420,1728,13671,5045,5413,14062,2846,1664,12866,4160,-331,15092,3461,5534,13569,4916,4629,15174,2640,-1544
15188,4249,3234,14612,3382,-2593,12644,2347,-1079,13409,4020,4561,14342,4294,997,12565,3242,-2693,12756,2747,1740,12912,4700,3588,13678,4198,-716,13174,4299,1133,13478,3466,5530,13315,3070,2734,13702,3940,-724,14760,4192,3682,13784,4903,5782,14910,2530,8,13456,3402,577,15285,3756,4284,14490,3216,1279,13771,3150,-2330,14469,3017,2210,14094,4442,4213,13931,2752,-2275,13189,2894,-911,13402,4231,3821,13880,4397,-81,13050,3186,-1879,12497,3115,3341,13166,4067,4095,13762,3833,-510,13171,3864,1111,13405,4498,5751,13984,3688,3188,14086,3768,-1000,14353,3498,3832,13646,4120,4810,14956,3123,-544,14347,3766,1041,14618,3959,4698,14263,3031,633,14479,2008,-2447,13587,3230,2072,14432,3957,2731,13579,3492,-1658,13235,2932,-807,12899,4943,3287,14333,3438,684,11848,3412,-1245,12871,3225,3877,13876,5592,3750,13786,3427,-867,12681,3079,1911,13862,4329,5873,14732,4345,1965,13868,3164,-114,14454,4038,3600,14263,3798,4720,14762,2836,-560,14343,3329,44,14255,4017,4332,14596,2939,-48,13674,3222,-3124,13993,3367,3131,13670,4413,2939
13410,4022,1303,12931,4844,4578,13762,2584,989,12205,3564,805,14281,3903,5733,13616,4972,2831,14501,2952,-986,13395,3537,3917,14800,4344,5416,15326,3783,283,13887,2728,-819,14037,3205,3487,15113,4036,2300,14660,3684,-2581,13535,2518,1078,13258,3516,4028,14100,3162,-1543,13213,3928,-1972,12843,4492,3902,13521,3100,1645,12415,3455,-1594,13589,3555,2762,13091,4377,4852,13505,2586,473,13402,4357,665,14349,5236,5912,14101,3962,3318,13843,2736,-1203,14485,3575,3644,14582,4669,5123,14578,2834,-696,13908,3132,-1006,14924,4213,3672,14713,3307,1401,13534,2467,-2707,13291,2542,2287,13413,4477,4053,13830,3200,-2242,12699,3657,-1639,13392,3724,3598,13254,3693,1929,12751,3878,-712,13934,3870,3526,12745,4633,4655,14246,2805,16,13138,4969,839,14815,4064,6579,13576,3852,3058,14610,2675,-1791,14166,3902,3367,14681,3557,4225,14156,2818,-1016,14267,3398,-287,14778,4402,3532,13985,3030,350,13307,2113,-2847,13557,3142,2726,13394,4283,3571,13660,4099,-2486,13351,3616,-536,12626,4683,4011,13806,3428,1636,12790,3864,-548,13602,3649,4319
13713,3088,-1357,14713,3453,1988,14516,4377,6076,14451,2308,601,13891,3064,-1558,14903,3667,2961,14375,3864,2369,14061,2778,-3326,13274,2412,1166,13249,4031,4684,13896,3924,-1584,13263,4242,-1891,13071,3333,3554,13078,4267,2887,13117,3718,-1019,13495,3290,3012,12736,4112,5284,14329,3085,398,13267,5072,-343,14751,3462,5831,13115,4157,4418,15091,2715,-1199,14081,3654,2498,14603,3698,4151,14592,2939,-574,14367,3651,-1499,14371,3874,3730,14560,3428,1993,13319,2562,-3152,13296,2980,1878,13264,4797,3685,14178,3794,-1327,12450,3355,-1690,12934,3795,3860,13647,3991,3169,12832,3451,-960,13280,3569,3821,13349,4514,5922,14275,4049,-35,14019,3892,198,13822,3776,6304,14328,3618,3276,15024,3597,-968,14217,3262,2414,14410,3792,3659,14847,3687,-947,14665,3393,-1341,13650,3920,3843,13873,2712,1307,13069,2688,-2881,13479,3099,1325,12988,4868,3374,13570,2902,-1204,12390,3857,-315,13579,4153,4813,13162,3943,2083,13213,2927,-892,13779,4006,3813,13851,5660,5349,14627,3751,309,13721,3107,537,14176,4228,5141,14985,3722,3302,14187,3224,-1443
13925,3358,2828,13731,2433,-2739,13420,3030,944,13104,4407,3368,13869,3917,-1030,12754,3391,-1280,13147,3583,3405,13237,4021,3364,13097,2966,-519,13147,3581,2451,13637,5040,4990,14386,4596,1665,13866,3632,403,13616,3056,4753,14269,3600,4656,15268,3349,-1184,14101,3282,793,14232,3451,4838,14639,3708,-58,14916,3564,-2594,13340,2989,3828,13345,2443,2341,13768,3263,-2661,13628,3473,996,12901,4848,3125,13842,3117,-703,12730,3789,-614,13343,3768,4305,13094,3902,3299,13439,3013,-498,13488,3900,2823,13556,5682,5329,14866,3666,1498,13512,3215,298,14168,3125,4442,14635,3809,4289,14716,3190,-1991,14325,3133,953,14233,4504,4264,15096,3075,-734,13598,2997,-1787,13778,2764,3366,13413,3230,1740,13765,3264,-3018,13181,4346,728,13262,4887,4004,13448,3323,-170,12603,3085,-139,13026,3846,4166,13429,4217,3349,13794,3409,-279,13473,4186,2927,13703,4733,5848,15223,3328,1021,13323,3382,-269,14573,3034,5687,14304,3553,3720,15066,3196,-2625,14276,4039,955,14653,3962,3826,13937,2848,-739,13804,2775,-1150,13193,3649,3692,13786,3281,1253
13042,3421,2913,13005,4550,3672,14062,2712,187,12817,4413,2312,14252,4543,5009,14161,4074,2325,14099,2996,67,13838,3253,3998,14641,3301,5481,14758,3007,-1108,14485,3575,-1308,14293,4712,3994,14973,2947,840,13451,2874,-2563,13371,2341,3183,13577,3719,2652,14249,3793,-3530,12840,4140,-134,12826,4098,4661,13840,3020,349,12425,3432,-374,13354,3324,3724,13129,4199,2426,13762,3950,1156,13955,4551,2652,13707,4725,4897,15000,2944,2741,13560,3068,-1221,14278,3192,3779,14754,3815,5265,14716,3201,-2265,14337,3835,-867,14560,4092,4538,13888,2380,-395,13126,2441,-1910,13691,3472,4231,14124,4177,1594,13234,3881,-3549,13397,3292,767,12522,4528,4588,13970,3067,1316,12398,3700,-251,13416,3474,4223,13679,4582,3644,14248,4552,-273,13664,3775,2789,13928,4137,6221,14784,3040,1336,14065,3349,-612,14281,2774,4079,14265,3745,3254,15265,4007,-2174,14263,3392,260,13421,3022,3968,14307,2591,-935,13524,3353,-1947,12963,2907,3635,13323,4390,1571,14118,4666,-2806,12945,3860,1429,12288,3323,4600,13738,2870,641,13314,4251,467,13718,4287,4967
14397,2901,-1085,14028,2793,3372,14179,4031,3804,15415,3514,-1481,14249,3500,-991,13391,2884,3617,14322,2447,544,13666,3133,-2811,13498,2951,2777,12823,4611,2979,14211,4372,-2168,12976,3707,-443,12494,3363,4369,13392,2919,1855,13321,3851,-349,13513,4491,4407,13378,4788,4082,14391,4057,-110,14007,3857,2072,13895,3605,6230,14377,2591,2461,14584,3008,-1576,14321,3549,2674,14720,4394,3621,15051,3422,-2004,13552,2541,-731,13438,3166,4336,14106,3018,216,13718,3432,-2532,13053,3880,2618,13529,5011,2423,13506,3661,-1779,12739,3130,936,12480,2968,4845,13484,3391,1437,13634,4387,236,13782,4498,4408,13277,4916,4094,14953,3130,495,13855,3457,1630,14099,3158,5355,14688,2676,1704,14509,3715,-2232,14652,4349,3159,14836,4115,3172,14251,2364,-2490,13639,2062,-137,13289,3683,3887,14056,3325,-244,13035,3854,-2261,13198,4525,2938,13401,4550,2536,13113,2975,-1363,12652,2294,2224,12656,4073,5040,14279,4144,1453,13799,4846,-85,13800,4138,4679,13705,3974,4728,14934,3118,-219,13965,3135,2166,14396,3238,5254,14721,3715,163,15123,4164,-2050
14016,4239,1325,13196,4273,-3811,13228,3613,2244,12813,4106,3657,13117,2796,-890,12624,3683,1376,14011,4121,5334,13366,4250,2274,13380,4066,-847,14235,4371,3938,14058,4385,6377,14327,2600,351,13632,2746,180,15016,4210,4850,14879,4141,1439,14315,3283,-2163,14547,3574,1607,14267,3781,3337,13977,1945,-1915,12664,2275,-1113,13781,3874,4661,13748,4966,106,13264,3697,-2803,12566,2538,2343,12916,4272,3451,13903,3813,-69,12875,3589,1771,13123,4240,4981,14253,4932,2261,13981,4651,-375,14424,2683,4043,13537,3634,5763,15061,2961,-366,14378,3173,200,14124,3474,4698,15080,4009,601,14797,3921,-2785,13475,2348,3162,13350,2309,2990,13848,3343,-2511,13877,4001,-383,12983,4194,3677,13347,3910,84,13163,3793,-1656,13293,3543,3841,11882,3760,3633,14931,1503,548,11923,4956,1128,14968,5424,4372,13771,4771,3654,14497,3455,-1289,13809,2916,4861,14296,3164,5080,14321,2892,-1447,14784,4018,491,14677,4354,4342,14671,2678,-430,13739,2032,-2647,13975,2744,1641,13277,3759,3339,13907,3277,-1160,13047,4011,-801,12969,4830,3501,13961,3018,-62
13464,3922,4554,13839,4534,4212,14643,3449,-737,13867,3456,2466,14093,3373,5809,14815,3225,-654,14505,3689,-583,14464,3984,4633,14349,3455,1152,13911,2630,-2869,13756,2165,1138,13219,4020,3525,14320,3716,-1263,12836,4484,-1772,13209,3609,4513,13388,4134,2057,13340,4176,-2251,13460,3331,3466,12409,3985,4445,13709,2975,501,13557,5521,1085,14875,4730,5756,13379,2894,3105,13851,2565,-1065,14684,3481,3790,14775,4450,4785,14627,3030,-1237,14263,3166,-980,14722,4402,2983,14316,2959,1192,13137,2045,-2401,13332,2631,1965,13731,4679,3357,13659,4393,-2373,12981,3887,-1007,12960,3697,4076,13322,3419,1526,12977,3563,-633,13506,3111,4113,13117,4754,3595,14010,4114,532,14246,5092,1393,14144,3177,5680,13534,2806,3743,14736,3075,-1006,14838,3836,2148,14448,4293,4118,14726,3078,-1933,14084,3272,-473,14020,3080,4595,13909,2460,369,13325,3063,-2931,13887,3276,2547,12928,4827,2786,13869,3167,-1823,12532,3586,1018,13195,3670,3890,13512,4093,777,13199,3180,865,13388,4135,4095,13685,5044,4147,14875,4713,907,13675,2780,1030,13112,2971,4957
13671,3397,-1864,13848,2525,2612,13972,3257,2053,14007,2953,-2542,13199,3152,726,12395,3862,3886,14096,4330,-978,13169,4619,-1506,12672,3138,4501,13327,3477,3324,13337,3795,-1859,13921,4424,2982,13431,4698,5806,14297,3902,624,14045,3979,339,14089,3756,5254,14195,3499,3649,14459,3144,-1297,14147,3358,1835,14476,3785,4534,14612,3599,-1458,14231,2582,-2168,13321,3217,3853,13831,3044,1745,13819,3440,-2672,13448,3820,1007,12863,4746,3023,13908,3754,-426,12856,3868,-605,13272,3030,5120,12534,3886,2508,14135,3715,-1010,13420,4896,3837,13754,4941,5229,14136,3315,696,13826,3164,514,14295,3788,5264,14769,3181,3598,14142,3241,-1725,14544,2815,1609,14247,4579,3266,15231,2757,-1653,13229,2950,-1252,13398,2758,4071,13764,3614,1080,13607,3936,-3155,13260,4228,1219,13169,4429,3642,13330,3139,-218,13011,3756,233,13177,3809,5204,13440,3164,2849,13095,3944,-1101,14397,4710,3802,13882,4518,5864,14201,2417,-194,13824,3283,799,14943,4094,5194,14606,3515,2156,14310,2740,-2210,14305,4012,1230,15113,4237,3509,13865,2520,-1655,13024,1941,-1098
13299,3311,-722,12711,3382,-644,13511,3904,4662,13107,3966,4018,13273,3260,-64,13705,5096,1788,14661,5670,5505,14164,2961,2117,13387,2321,-171,14427,3014,4521,14697,4118,3540,14782,3157,-2286,13737,3363,818,14780,4626,4199,14592,3483,-583,13205,2346,-2307,12886,2255,3261,13663,3905,2345,14147,4402,-3207,12943,4868,209,13132,4160,4106,13494,3114,1284,12939,3417,-193,13078,3533,4333,12987,3596,4226,13976,4448,-1750,14513,4689,2385,13697,4164,6862,14281,2611,594,14020,3379,-387,14430,3745,4966,14628,3972,2892,15091,3645,-2544,14007,3793,1066,13834,2194,4331,13592,3468,-2941,14335,2916,-582,13591,3308,4014,12624,4132,1159,13742,3750,-1194,13122,4006,368,12737,4464,4228,13575,2965,693,12886,3516,-118,13677,4216,5717,13980,4571,3283,13370,4547,-1054,14729,3129,3287,13166,4379,6065,15288,2284,807,13928,3537,-315,14674,3602,3566,14798,4049,1803,14520,3830,-2611,14307,2366,1169,13395,3488,3975,13847,2087,-1230,13209,3211,-1594,13301,4990,3386,13502,4238,1636,12606,2890,-2376,13180,3661,1847,13745,4509,4798,12998,2934,-95
13964,3626,5752,14406,2942,2321,14134,3347,-1300,14706,3438,3354,14193,4073,3904,14725,3479,-1936,14756,2882,-437,13222,3746,4014,14240,2057,24,13099,3402,-2717,14080,3551,3135,13059,5201,1903,13864,2966,-1633,12331,3538,766,13260,4052,4452,13139,3423,1432,13037,3617,-527,13944,4685,4845,13554,5058,4475,14221,3316,-348,13918,2929,1972,13938,4024,5718,14977,3448,1945,14039,3341,-1198,14475,3277,3298,14427,3977,3259,14971,2966,-3120,13351,2752,15,13752,3354,4312,13847,3681,-533,13685,3669,-2143,12992,4139,2497,13474,4290,2188,13052,3237,-1551,13043,3367,1692,13019,4286,4589,13821,3102,938,13142,4369,95,14116,4316,4643,13424,4647,4491,14592,2701,-169,13590,3776,1777,14604,4163,5710,14510,3066,985,14434,3676,-2115,14578,4041,3507,14692,3568,2099,13503,2183,-2413,13780,2569,915,13595,4447,4114,14149,3371,-254,12652,3894,-2907,13483,3803,2981,13460,4109,2967,13052,3418,-1317,12942,3417,2300,13074,4628,5545,13971,3280,753,13242,4624,83,14273,4246,5920,13973,3910,3984,14064,2725,-1072,14343,3298,2694,14551,4223,5043
13473,3047,-772,13461,3514,4185,13945,3330,477,13475,3288,-3044,13069,4103,2222,13410,4647,2913,13595,3082,-644,12422,3037,1282,13082,4177,3387,14017,4206,2538,13572,3853,735,13564,4522,3080,13807,4483,5720,15037,2763,212,13145,3393,-268,14792,3169,6111,14500,4044,2013,14906,3191,-2467,13943,3911,2242,14560,3636,2735,13926,2286,-1917,13500,2517,-451,13796,4509,3736,14280,3396,-150,11986,3155,-2511,13693,3557,2814,13365,5209,3256,13173,3372,-919,12827,3299,1191,13389,4707,5563,14062,3846,2067,13491,4293,-215,13931,3619,4483,14032,3710,4802,14192,2673,-382,14178,3568,919,15150,4500,5458,14555,2803,1192,13555,2960,-2917,14757,3540,2623,14481,4356,3431,13541,2207,-2737,12880,2317,166,13526,4783,3930,14518,4971,-843,13047,4151,-1980,12477,2993,3416,13254,4002,3393,13419,3486,-533,13037,3410,2051,13171,4431,5569,14352,4436,1390,13916,4201,-806,13926,3118,4461,13255,3188,5065,15064,3467,-254,14944,4273,1139,14355,3415,4265,13689,2184,-449,15008,3823,-2788,14489,4463,3681,13652,3013,2564,13047,2481,-2954,14041,3937,297
13532,3178,-285,13109,3866,1118,13476,3807,5049,13411,4166,2888,14168,3993,-232,13825,3560,3217,14046,3761,5965,14821,2634,549,14066,2888,-777,14304,3905,4473,15314,3782,1946,14397,4057,-2879,14017,2625,2121,13464,3741,3739,14395,3287,-2102,13368,3128,-753,12697,3593,3740,13754,4307,474,13580,4076,-1855,12645,3021,2882,12505,3590,3876,13847,3714,254,13326,4229,1850,13422,3786,5081,13635,3936,2639,14644,4021,-512,14187,3899,3382,14209,3564,5548,14800,2852,-427,14396,3561,-481,14564,3999,4493,14729,3522,506,14142,2997,-3065,13643,2827,2230,13436,3683,2980,13912,2912,-2176,12985,3309,-741,12739,4553,3712,13942,3868,869,12644,3774,-1597,13077,2891,3772,12775,4248,4203,14333,3551,-228,13530,4420,1890,13796,4273,4925,14150,4081,2799,14742,3772,180,14172,3634,3521,14296,3271,4653,14685,3046,-1542,14497,3475,-493,14285,3888,4120,14298,2836,436,13820,2967,-2783,13393,3418,2736,13488,3614,3219,13409,3002,-2478,12873,3935,-385,13612,4725,3961,13323,4061,752,13010,2987,-219,13060,3915,4074,13616,4509,4220,14323,3467,-209
14108,3228,5029,15034,2795,-69,14596,3617,-1526,14212,3519,3374,13919,3287,1652,14114,3395,-2892,13654,3405,1826,13120,3181,3948,13113,2689,-1970,13005,4017,-1695,13533,4856,3644,13020,3938,2286,13002,3087,-490,13159,3986,3331,13588,4491,5245,14147,3068,338,13406,3820,-117,14653,4218,6177,14422,4470,3752,14798,3090,-1870,13915,2825,2546,14418,3892,4465,15175,3113,-1001,13904,3186,-1424,13667,3422,3725,14429,3336,896,13320,3368,-2974,13507,2390,1893,12522,4303,3378,14007,3828,-1373,12861,4332,-540,12713,3906,4585,13204,3498,2623,13535,3989,-920,13746,3862,3995,12758,4225,4819,15368,3527,1611,13701,4082,951,13800,4386,3116,14840,2972,4811,14659,3753,-1811,14676,2481,2865,13617,3803,4292,15445,2363,-3147,13384,4297,-1496,14088,3341,4337,13423,3231,1023,13664,2697,-2451,12709,4224,744,13120,3546,3971,13405,3622,-1175,12967,4662,-702,13122,4081,5984,13770,3521,1764,13314,4184,-656,13994,3797,5717,13390,4193,4324,14594,3251,-909,14458,4125,2012,14356,4169,4708,14712,2310,2123,14207,2944,-1421,14502,3582,1151,14465,4054,3486
12621,3058,29,13055,4696,4266,13991,3684,216,11874,4071,-386,14040,4733,4616,13446,3817,4143,13088,2470,-1024,13431,4096,2643,15049,4648,7094,14226,4211,809,14551,3449,-873,14553,3359,4696,14411,3242,2724,14956,3185,-1914,14265,3304,393,13436,3681,4451,14452,2564,-1151,13373,3826,-1994,13328,3305,4493,12822,3285,1333,13494,4010,-3575,13607,4314,1162,12415,4006,5104,13228,2055,910,12880,4793,-337,14837,5090,5489,13381,4277,3895,13258,2720,-1616,14255,3531,3376,14135,4687,6357,14871,3539,-118,14014,3250,-197,14310,3229,4564,14798,3606,2291,14613,3416,-2748,13661,2369,1253,13844,3836,2913,13981,3275,-1713,13608,3084,-1392,12945,3536,3629,13460,3949,1536,12971,3721,-2148,13206,4068,1921,12929,4097,5168,13227,3225,293,13201,3818,693,13995,4924,5928,14096,4140,3093,13372,2869,-690,14585,3350,3287,15055,5945,5314,15333,2587,-106,13095,1980,-694,14641,3178,3906,15105,4691,1526,14285,3087,-3112,13250,2293,1656,13489,4040,3802,14478,3976,-1916,12540,2874,-1300,12881,3838,3355,14220,5017,1292,12311,3380,-993,12661,2821,2711
14181,2949,-1078,13224,3021,1907,15009,4478,5996,15290,3820,1946,14211,2591,-1810,13876,3224,1712,15037,4133,2408,14465,3263,-1990,13372,2760,163,12955,3339,4704,14065,2992,-515,13108,4103,-3385,13052,3900,2791,12913,3471,3539,13133,3344,-1335,13606,4786,1911,13357,4292,5050,13194,2596,1010,13103,4132,163,15191,4987,5694,13728,4813,4857,14398,2539,-1693,13827,3098,2035,14987,4009,5128,14912,3218,392,13993,2984,-1165,14321,3718,2949,14409,3996,2158,14125,3114,-2942,13325,2485,1066,12848,3578,4388,13857,3551,-1248,13003,3935,-2466,12681,3235,4207,13326,4317,2875,13535,4250,-1128,13574,3997,3046,12805,4118,5752,13976,3079,1154,13959,4176,-530,14672,4099,5568,13412,4148,3826,14848,2918,-1244,14543,3608,2330,14435,3759,4692,14474,2917,-839,14325,2837,-1633,13651,3470,3733,14273,3324,1418,13477,3018,-2888,13655,2569,1052,12810,5058,3214,14120,3456,-1127,12141,3769,-452,13069,3703,4333,13589,4583,2958,13770,3940,-1349,13241,3312,3058,13264,4103,5961,14517,4420,448,14275,3647,457,14114,4342,5147,14420,3273,3231,14377,2561,-787
13638,3392,3348,13478,2175,-2714,13698,3371,405,13001,4533,4155,13730,3472,-408,12512,3624,-1681,13748,4135,2796,12870,4532,3357,13579,2818,75,12622,3634,2057,13897,4397,5906,13846,4705,1724,14602,3462,-775,13325,3640,5240,14834,3526,4658,14945,3783,-1313,14123,2676,718,14035,3618,4220,15010,3958,767,14812,3682,-2177,13481,3042,2186,13599,3029,2925,13541,3216,-2448,13507,3628,-260,12869,4476,4172,13748,3111,-39,12622,3663,-1124,13332,4151,3599,13370,4235,4041,13174,2744,-427,13259,4168,2027,14130,5258,6279,14571,3891,1628,13520,3085,-594,14606,3678,4749,14861,4508,4178,14537,2600,-1333,13813,2757,545,14624,4530,4029,15262,3470,-337,13349,2860,-2089,13045,2227,3454,13647,4065,2927,13864,3538,-3048,12753,3599,15,13086,4186,3805,13602,3182,544,12566,4108,-287,14048,3987,4716,13091,4080,3827,13673,3173,-1038,13707,4966,2520,14531,4697,6843,13894,3304,1077,13959,2924,-656,14722,4003,4840,14597,3825,2931,14328,2557,-1955,13907,3427,1138,14924,4452,3369,14229,3159,-1145,12765,1805,-1897,13382,3564,3716,13788,4425,2125
13878,3880,2661,12901,4198,4622,13410,2533,472,13603,4844,1450,14657,5196,6168,14050,3564,2844,13637,3019,-1377,14701,3296,3920,14529,4253,4834,14837,2651,-1219,13858,3297,-392,14836,4379,3882,14622,3503,1036,13634,2739,-3169,13134,2341,2653,13282,3845,3350,13660,3790,-2585,13221,3806,-424,12687,3783,3890,13559,3694,1126,12840,4277,-716,13728,3200,4496,12605,3957,4716,14392,3281,-510,13768,5468,1080,14524,4021,6273,13495,3750,2494,14763,3024,-1190,14517,3436,3830,14424,3583,3211,14480,2740,-1536,14428,3700,-320,14219,4419,4229,14351,2655,287,12806,2277,-2871,13561,2753,3046,13252,5194,2217,13979,3681,-2281,12654,3434,120,12806,4432,4729,14023,3681,1647,12649,3766,-907,13700,3476,4876,13321,4630,5019,14278,4124,-911,14224,3786,1647,13611,4151,6196,14842,3111,1539,14434,3430,-431,14342,3143,3545,14109,3507,3142,14675,3709,-2101,14461,3203,-304,13603,4141,3771,14038,2391,-216,13029,2927,-2365,13444,3767,2702,13400,4615,2611,13254,3349,-1955,12953,3860,984,13351,4810,4913,13575,3334,867,12800,3051,-296,13776,4049,5021
14701,3237,-1403,14346,3164,2604,14529,3642,4593,14564,3228,-763,14660,3542,-2135,13541,3770,4067,14158,2849,1432,13534,3326,-3027,13896,3187,1786,12711,4345,2587,13819,2979,-1517,12592,3720,-192,13314,4023,4388,13404,3953,2528,13147,3219,-1099,13435,3550,3770,13271,4639,4916,14446,3907,676,14091,3468,1063,13708,4259,5113,14867,3787,3122,14767,3640,-1359,14057,2793,2343,13914,3265,4570,15024,3468,-2047,14232,3365,-1414,13185,3424,4212,13913,2922,775,13858,3656,-2215,13325,3464,1898,12680,4013,2724,13433,3029,-1097,13046,4078,313,13396,4292,4804,13386,3975,1961,13511,3437,-309,13645,3915,3906,13651,5029,4915,14606,3295,918,13540,3464,724,14332,4036,5047,15134,3638,2624,14294,2903,-2177,13825,2644,2330,14310,4084,3580,15048,3084,-1958,13446,3515,-1112,13469,3468,3877,13817,2960,739,13322,3245,-2951,13059,3880,2007,13221,4497,3127,13728,3256,-574,12711,4003,613,13222,4939,4562,13922,3783,2922,13522,3382,-296,13411,3362,4126,13614,4444,5285,15125,3262,-360,13772,3946,685,14455,3873,5632,14482,3129,2347,14373,3112,-2190
13440,3327,1598,14032,3508,-2999,13501,3321,560,11996,3793,4385,14021,2003,848,12053,4751,-1245,14243,4744,3309,13238,4729,3986,13674,2835,-177,13503,3359,3326,13584,4578,5737,14826,3118,755,13368,4282,-455,14961,3999,5459,14891,3600,4113,14564,2257,-2458,13526,2844,315,14522,3654,4447,14342,3238,-661,13814,3079,-1835,13301,3594,3755,14192,3757,834,13562,3479,-3544,12348,3169,2013,13082,4194,4317,13892,3622,-311,12834,4295,122,13503,4326,3643,13494,4113,3423,13928,3399,659,13687,3402,3043,13692,4109,5560,14950,3310,28,13802,4133,-868,15044,3924,5461,14304,3295,3928,14240,2483,-2973,14028,2732,624,14022,3556,3879,14433,3261,-1885,13710,3884,-579,13442,4263,4070,13742,3182,176,13480,3497,-3170,12219,4261,2662,13981,2914,5820,12423,3863,-1384,13748,4339,-9,13669,4908,6114,13901,3386,3063,13117,3322,-707,14472,3016,3879,13450,5292,5182,15470,3896,-449,13777,4149,1004,14987,2733,5209,13386,1843,1326,14627,3026,-3801,14573,4125,1834,13906,4111,4126,13599,2644,-2395,13446,3700,-1018,13924,4060,3446,12915,3258,974
13541,4540,4959,13611,3509,4601,13648,2951,-1119,13759,3348,1617,14145,4675,6615,14921,3951,1544,14470,3728,-770,13965,3266,3947,14769,3192,3082,14879,3096,-2255,13967,2618,274,13410,3845,4180,14742,3705,-692,13541,3699,-2281,12946,2379,3054,12699,3717,1916,14059,3661,-2184,12798,4051,1400,12465,3981,4702,13584,3678,646,13617,4351,71,13583,3337,5262,13105,3940,3828,14476,3818,-674,14485,4151,2708,13992,4633,5709,15135,2745,1116,13952,3527,-787,14575,3007,3617,14388,3463,2457,14675,2756,-2767,13724,2997,881,13858,4538,3969,14352,3433,-852,12854,2833,-1748,12480,3195,2924,13790,3694,2020,13217,3840,-1638,12967,3752,1907,12694,4787,4829,14279,4019,825,13444,3946,465,13575,3210,5279,13469,3920,3935,15067,3762,-659,14008,4456,2408,14480,4014,4982,14582,2976,406,14559,2800,-790,14192,3596,3253,14445,2780,1889,13859,3076,-2720,13789,3791,734,13859,4608,4035,13590,2605,-1413,12591,2597,-2237,13001,4262,3740,13801,4657,2103,12906,3682,-981,12961,3635,2931,13316,5105,5043,14463,3281,744,12987,3520,-31,13801,3398,5615
14393,2550,-1298,14566,3164,1181,14253,3285,3145,13990,2707,-2099,13561,3535,-158,13829,4860,4914,13956,3577,-398,12622,2692,-3251,12528,3043,2574,12952,5164,3326,14133,1622,2198,12222,4798,-184,13054,4705,3285,14169,3630,3832,13883,4935,-1188,14368,2709,5743,12801,3967,6102,15554,3177,-1898,14882,5314,836,14254,3590,5786,14053,1146,1321,14681,3001,-2469,15295,4257,1491,13120,3194,2958,13494,2398,-2891,14015,4240,489,12929,4144,4912,13092,1944,-1149,12534,3015,-2360,13610,4814,2978,13417,4940,3402,12859,2905,-123,13190,4275,2303,14238,5232,5595,14202,3505,1856,13109,2365,-596,13992,3404,5159,15052,4942,4990,15469,3905,-1982,13537,2706,323,14212,3412,4908,15425,3883,270,14096,2895,-1537,12726,2011,3451,13786,3614,1245,14585,4529,-2850,13497,3611,255,12147,3235,3928,13933,3187,280,12791,4443,-760,13356,2368,4126,12119,4059,2476,14534,4253,-388,13881,5588,3044,13940,3834,5992,13322,2861,1051,14875,3333,-808,13942,4715,5246,14710,3644,4315,14270,2983,-726,14715,2955,888,14373,3698,2611,14478,1918,-1092,13419,3059,-1944
13776,3969,1071,12508,3711,-1492,12988,3604,3349,13306,4996,4417,14034,3504,514,12924,2844,840,13363,3444,5809,14562,4047,3515,14477,3895,-1594,14254,4053,3280,14681,4578,5075,14965,3746,-525,14178,2415,238,13937,3257,3836,14575,2851,327,14009,3340,-2716,13599,3406,2057,13647,4344,3616,13496,2963,-2171,12280,2313,-1014,13026,2876,4560,13931,4936,752,13571,4965,-1368,12946,3545,3937,12258,3770,4812,14839,3251,640,13477,4831,1453,14008,3373,5756,13960,3681,2248,14835,4709,-963,15152,4239,3877,13907,3326,3961,14285,1256,-1429,14124,3268,-604,14577,3808,3538,13957,3113,868,13394,2910,-2938,13883,3896,2746,13235,4273,2972,13419,2751,-2990,12543,2872,327,13340,4384,4568,13595,4505,489,13212,3748,-82,13508,4025,4630,13785,4547,3994,14195,3740,658,13449,2610,1789,13653,3512,5370,15118,3928,2382,14710,4372,-1679,14106,3077,3023,14212,2689,4256,14485,2919,-1792,14342,2611,-555,13350,3874,4165,14536,3667,-669,13559,4347,-2625,13548,3094,3459,12653,3509,2112,13474,2404,-1267,12822,3716,1501,13811,5284,3044,13612,4415,1310
14252,3774,5815,14392,4068,2875,14040,3163,-1519,14666,3001,2999,14387,4145,4779,14868,2901,-567,14149,2587,-2186,13446,3646,3288,14542,3971,1801,13846,4499,-2977,13570,2735,1286,11972,3684,3334,14068,3324,-992,12895,4344,-758,12775,3355,5530,13345,3956,2776,13391,4243,-2324,14071,4163,3948,13067,4170,5881,14285,2648,153,13725,3321,1045,14749,4427,5020,14473,4375,2830,14516,3556,-1028,14314,3063,2215,14465,3929,4237,14808,2629,-1787,13409,2869,-1807,13914,3378,3909,13830,3957,1196,13751,3223,-2553,13186,3474,1199,12629,4039,3748,13543,3172,-843,12757,3688,284,13166,3792,4775,13319,4409,2165,14051,3944,3,13725,3930,3949,13244,4030,5109,14788,2973,549,13917,4305,235,14772,4304,5327,14601,3707,3219,14742,2243,-2161,13886,3008,1753,14568,3270,3219,14033,3186,-1910,13824,3003,-771,13421,3754,4130,13765,3641,475,13204,3131,-2795,13087,3706,1624,12865,4084,3772,13651,3595,-344,12795,4602,507,13903,4101,5635,13088,3802,2421,13963,3454,-804,13921,4177,4498,13721,3731,5353,14366,2971,-519,14385,4009,541,14956,4415,4857
13569,2809,-2882,13287,2936,3479,13853,4192,2812,13387,3096,-2452,12792,3471,185,13459,4144,3689,13238,3712,-79,12848,3979,-389,14045,4391,5391,13152,4435,3961,13667,2758,-1002,13262,3990,2323,14269,4061,6446,14336,3154,1349,13966,3592,-317,15018,4229,4444,14432,4060,2715,14453,2624,-1669,14058,2902,1465,14563,4317,3883,14615,2844,-1459,13071,3103,-2450,13157,3489,4063,13922,3823,2282,13211,3681,-3051,13328,3953,251,12579,4144,4287,13486,3049,1213,12874,4171,-185,13902,4263,5339,13196,3547,3849,13820,3775,-2353,13904,3705,3389,14152,4367,6780,14664,3287,172,14467,3844,-42,14529,3980,4327,14933,3029,2564,14085,3861,-2465,14565,1921,2529,12951,3787,3337,14803,3070,-3374,12781,4277,-582,13968,2875,3831,12609,3689,1693,13769,3179,-1337,12785,4321,896,12875,4286,4432,13331,3328,45,13429,3859,330,13912,4216,6440,13648,4130,3138,13983,3417,-1165,14047,3562,3530,14279,4585,5393,15186,3431,366,13843,3200,-165,14494,3375,3787,14435,3978,1213,14787,3036,-2721,13598,2793,1461,13575,3230,4118,13685,3174,-1671,13500,3718,-1730
13928,3929,1342,12874,3623,-832,13448,3835,4715,13538,4442,4450,14030,3645,-684,13950,2999,2057,13668,4229,6022,15049,3584,1309,14501,4031,-694,14429,3597,3406,14301,3438,3246,14623,3359,-2308,14127,2528,-383,13453,3335,4611,13951,2744,-710,13925,4135,-2211,13381,4223,2939,13173,3964,2281,12978,2777,-2069,13284,3638,1106,13064,4395,5497,13426,2972,786,12793,4498,-162,14421,4519,5563,13475,5001,3786,14419,2357,-718,13471,3219,2476,14618,4423,5365,15278,3946,1488,13780,3680,-993,14536,2965,3753,14333,3785,2482,14823,2446,-3161,13293,2567,825,13578,3725,3818,14271,3925,-496,13238,4010,-2107,12877,3949,2873,13486,3533,2121,13032,3385,-1615,12992,3336,2330,12827,4734,4781,14203,3390,776,13284,4691,50,13894,4106,5461,13614,3724,4081,14539,2440,-751,14041,3680,2429,14359,4165,5391,14767,3348,-117,14664,3705,-1411,14415,4140,3405,14256,2605,2410,13403,2120,-2331,13846,2979,740,13677,4863,4051,14092,3576,-1376,12757,3840,-2178,13220,3931,3840,13489,3667,2527,12543,3177,-1158,13336,3474,2851,13438,4810,5338,13834,3827,294
14396,3527,5412,14567,3475,2439,14544,3877,-2088,14729,4069,2259,14335,3533,3544,14312,1789,-2257,13387,2753,-177,13699,3664,4287,13971,3992,-270,13255,4330,-2693,13592,4190,2378,12902,4320,2952,13397,2033,-567,12508,2910,1503,12986,4210,4501,14243,3957,2189,13350,4892,-676,14233,4399,4614,13394,4153,5487,14599,2030,-932,13343,3162,1540,14813,3733,5517,14898,4509,634,15000,3890,-2032,14077,3686,2570,14389,2708,2405,13780,2310,-2000,13658,2764,130,13494,4832,3985,14039,3773,-383,12497,3674,-2533,13256,3775,2768,13547,3903,3382,12763,2977,-770,12946,3158,2063,13598,4895,5301,14109,4649,1081,13893,4498,191,13838,3685,5695,13846,2956,4614,14233,2435,-842,14400,3684,1271,15131,5285,4852,14659,3334,710,13762,3252,-2029,14593,2980,3093,14407,3618,2807,13302,1871,-3127,12768,2457,596,13590,5769,3968,14746,5193,-912,12631,3724,-1639,12347,2075,3437,13295,3436,3315,13272,3023,-348,13186,3637,2722,13569,5533,5432,15041,5198,632,13606,3867,-257,13658,2281,5210,13416,2536,4807,15333,3966,-967,14899,4814,1130,14300,3907,4044
12547,1996,-2123,13755,4714,4143,14281,5787,1352,13412,4580,-2835,12610,3120,1949,12758,3182,3729,13488,2137,97,12572,3423,1071,13442,4923,5045,14551,5344,2355,14079,4414,-910,13641,2785,4099,13832,3195,6451,14966,2846,150,14352,3682,-441,14154,4721,3697,15450,3974,1189,14517,3839,-2202,13574,1476,3054,13076,2257,3327,14181,3196,-2813,13809,4029,-609,12853,4959,4087,13899,4397,716,13507,3771,-2413,12485,2508,2929,12592,2681,4530,13795,3674,-271,13605,5343,1675,13837,5050,5770,13778,4393,1923,14318,3119,-532,13957,2779,4367,13688,2972,5238,14924,3077,-1209,14306,4752,-189,15034,4857,4443,14608,3232,634,13815,1623,-2564,13443,1751,2529,13638,3813,2467,14332,3873,-2381,12874,4397,-408,13163,5173,3621,13930,3699,736,12473,2700,-1539,12749,2048,4225,12867,4263,4261,14264,4836,-988,13756,5213,1825,13484,4527,6052,14242,2929,1992,14189,2723,-166,13953,2939,4497,14412,3602,4159,14937,4317,-1563,14744,4297,437,14406,4194,4137,14347,1646,68,13466,1983,-2231,13316,3443,2893,14117,4600,2809,13411,4208,-2764,13214,4328,-61
14491,4726,-61,13863,5209,809,13772,4198,5705,13735,3081,3489,14614,2763,-634,14051,3224,3281,14506,4134,5017,14816,4251,-615,14859,4188,-635,14292,4034,3613,14130,1644,1116,13378,1728,-2702,13526,3111,1639,13879,4973,3727,13752,3965,-1727,13121,4168,-1555,13269,4042,3666,13277,3001,1698,12534,2412,-440,13118,3406,3367,13443,5649,4607,14963,4439,29,13132,4539,488,13825,3420,6206,14316,3448,3558,14300,2967,-926,14186,2858,2811,14178,4624,3837,15736,3669,-1101,14240,3421,-695,13573,2026,3611,14143,1947,851,13568,3847,-2924,14043,3755,2337,12608,4923,3289,14238,4129,-1973,12896,4175,-728,12922,2793,4240,12598,2396,2244,13397,3688,-649,13666,5425,3746,13705,5557,5377,14525,3651,464,12625,2422,689,14389,2859,6118,14485,3807,2735,15129,3541,-1838,13985,4050,3255,14506,3691,4206,14986,3695,-2502,14638,2751,-731,13388,2628,4731,13396,2265,-12,13836,4277,-3044,14079,5724,1989,12901,4492,3202,12678,1447,-1415,12562,3681,-722,13522,4031,5760,13398,2997,1838,12697,4587,-1447,14705,5455,5623,13587,5025,5049,13917,1477,-987
15002,4259,4877,14389,3186,-1451,14119,1223,-1280,13440,2433,2914,13893,3394,755,13727,4162,-1797,13628,4626,764,12770,5059,3471,13833,3217,-780,12054,2994,-937,13142,3119,5638,13286,4372,2945,13162,4049,-891,13737,4127,3736,14179,5053,5212,14558,3131,697,13488,2194,613,14502,3820,5280,15119,4236,3142,14571,3948,-2048,14543,3672,1797,14957,4647,3043,13966,2092,-928,12969,1397,-1136,13588,3695,3919,13955,4187,1954,13195,4072,-3999,13166,4887,355,13398,4284,4799,12900,1801,338,11830,2243,768,13875,3838,5021,14272,5394,2064,13832,4973,-1514,13691,4106,4266,14050,4145,6557,14562,2577,234,13712,2994,233,14446,3818,4551,14908,4234,2114,14897,4271,-2018,14337,3535,1843,14055,2422,3749,13862,1701,-3037,13329,2682,-1175,13344,4218,4717,13695,4352,760,13134,4094,-2806,13216,3408,1734,12655,3760,3567,13574,2351,676,12641,4273,997,13857,4901,5807,14087,4843,2489,13798,4337,-1657,14060,3016,5242,13663,3202,6114,14952,3311,-1198,14496,3653,776,14564,3834,3952,14765,3377,1205,14425,3486,-1933,13979,2242,2255,13390,2725,3066
13117,3331,1573,12745,3142,4270,13054,2811,86,13199,4066,888,13783,4365,5327,13777,4666,3639,14054,4571,-1364,14417,3321,2948,12870,3103,6607,14899,2126,852,14165,4838,-400,15275,4406,3866,14454,3827,1662,14220,3035,-2612,14605,2340,1735,13372,3291,3794,13920,2034,-1527,13011,4200,-1813,13979,4740,3342,13324,4806,1501,12992,2444,-2247,12404,2902,2567,13512,4505,4385,13633,3633,-294,12822,3943,785,13893,5031,5939,14195,4963,3589,14361,2944,-1095,13347,2617,3062,14340,3568,5813,14894,3884,154,14541,4186,-401,14669,4205,4160,14323,3784,1302,14583,2092,-2661,13222,2255,2237,13700,3354,3684,13994,3902,-1819,13175,4277,-1738,13230,4879,2938,13794,3543,1871,12171,2188,-834,12965,2950,2714,13491,5224,4588,14007,3644,-305,13062,4653,710,14158,4542,6741,14316,3689,3177,13724,2467,-1517,14040,3218,3482,14663,4779,4850,15103,4111,-587,14392,3684,-128,14108,3951,3354,14894,1806,1110,13005,2182,-2685,13730,2378,2311,13368,4964,3880,14224,3982,-2624,13031,4520,-1744,13214,3576,4141,12969,2581,1746,12241,2811,-453,14186,4563,3922
13956,1722,-203,13202,2768,2202,14827,4456,5548,15068,4381,634,14455,3364,-1562,14089,3787,3564,15015,3546,2195,14352,2644,-2668,13111,2091,1062,13253,3762,4122,14404,4398,-480,13217,4155,-2327,13139,3665,2799,13289,2861,2641,12805,3110,-1963,13246,3663,2484,13066,4513,5662,13785,3672,777,13344,4953,24,14774,4592,5772,13269,3490,4202,14209,1697,-876,14119,3735,2503,15316,5171,4825,14755,3837,-545,13812,2766,-676,14520,3593,3892,14409,3322,1929,13897,2279,-2918,12957,2535,605,13633,4845,4134,14156,4399,-1435,13038,3788,-1728,12548,2997,3629,13296,2901,2327,12891,3728,-1082,13624,4042,3110,12993,4923,5576,14361,3597,208,13562,4832,-127,14574,3183,6331,13021,3293,3651,15049,2936,-1299,14257,4598,3085,14852,4420,4223,14546,3082,-881,14382,2969,-1250,14031,2981,3731,14029,2482,1807,13304,2836,-2949,13859,4055,1883,13156,5080,3335,13827,3420,-2128,12640,2902,-1091,12870,3631,4528,13710,3631,2954,12951,3648,-1202,13452,4495,3451,13837,5325,5671,14274,3758,-4,13498,3117,503,13800,3066,6321,14417,3739,2743,14785,4114,-1467
14330,2946,3559,13747,2496,-2802,13085,2862,-130,13839,4759,4810,13847,4615,-1051,13116,3045,-2536,12483,2567,3719,13480,4514,2579,13676,3751,-755,12644,3991,2437,13326,4360,5692,14314,4186,1558,13752,3918,-461,14063,2625,5196,13473,4016,4451,15397,3692,-876,14320,3877,2105,14140,3688,5007,14561,2728,-19,14631,3537,-2112,13849,2892,3182,13820,3238,2176,13687,3432,-3185,14027,3732,1761,13060,5154,3874,13876,3211,-1504,12258,3178,-1282,13313,3360,3720,13501,4075,3577,12803,3195,-885,13457,3948,2551,13658,4974,5732,14558,3802,380,13412,2955,321,13900,3426,5963,14668,4567,3526,15107,3895,-1676,13991,3679,1448,14331,3531,4523,14785,3312,-418,14365,2393,-2020,13186,3289,4066,14045,2965,1192,13542,3904,-2354,13574,3674,1463,12981,4715,2910,13655,2407,-1018,12428,3240,-870,13472,3888,5047,13292,4273,3282,13283,3658,-1107,13903,4481,3770,13646,5046,5982,14543,3138,271,13509,2707,517,14303,4029,5320,15075,4324,3053,14423,3438,-1642,14066,2756,2289,14253,3986,3989,14996,3095,-1541,13400,2992,-1111,13643,3053,3706,13567,3545,1185
13435,3996,3520,13109,4152,4041,12975,2914,-726,13385,3703,2075,13672,4705,5947,14140,3749,1316,13868,3410,47,14115,3418,4833,14091,4415,4227,15265,2877,-696,13757,3251,854,14387,3573,4465,14698,3980,50,14586,3156,-3008,13339,3097,2960,13845,3106,2814,13698,3492,-2255,13461,3479,170,12936,4529,3359,13751,2942,-390,12492,3600,-1257,13539,3781,4234,13083,4060,3623,13281,2945,-786,13498,4365,2680,13963,5166,5447,14432,3699,1782,13669,2741,236,14143,3928,4225,14972,4065,4119,14697,3396,-1658,14094,2539,859,14173,4331,4703,15450,3321,-643,13475,3008,-1717,13290,2735,3311,13648,3522,2209,14073,3445,-2308,13065,3756,-44,12824,4293,3647,13590,3485,219,12911,3782,-131,13290,4068,4197,13327,4003,3957,13734,2903,-553,13507,4281,2018,13875,5165,6446,14736,3038,1269,13240,3572,-645,14759,3307,5049,14584,3819,3427,14690,2618,-2427,13981,3708,911,14523,4077,4193,14346,2900,-1078,13781,3191,-1955,13376,2955,3537,13564,3302,1628,13209,3744,-3140,13467,4353,991,12915,4618,4132,13513,2690,196,12674,3698,-63,13693,4355,4920
13524,2201,-1211,13416,2888,3911,14922,4214,5314,15121,3414,-833,13979,2722,-603,13805,3713,3866,15294,3556,340,14061,3755,-2225,13416,2518,2642,13276,3511,2597,14116,3467,-2357,14167,4556,-1016,11415,5155,4667,15210,1688,2724,10696,4582,-3310,14741,3402,3844,12992,4127,5559,13426,3409,-1407,13255,3880,2507,14474,4719,6450,13963,3331,1207,14512,3318,-456,14065,3669,5171,14778,3380,4255,14851,3175,-2191,14133,4000,-894,14487,3963,4533,14182,2785,399,13511,2589,-2466,13474,3038,3067,13912,4139,1949,13602,3839,-2941,12692,4299,413,13246,4325,4331,13274,2640,1319,12524,2955,-848,13592,3869,3815,13606,4584,4652,14260,4014,-530,13601,4370,2107,14103,4578,6454,14482,2890,939,13966,3053,-711,14697,3519,4752,14599,3977,3245,14741,2861,-3071,14010,3426,-35,13960,3611,4694,14046,2548,-100,13200,2844,-1649,13614,3546,2886,13313,4366,1435,13748,3754,-2642,12805,3938,1174,12967,3893,5488,13520,3319,756,13009,3419,-342,13366,4024,5202,13907,4717,3811,14355,4119,-584,13691,3751,2835,13994,4109,5589,14920,2693,1325,13817,3014,-517
13713,3018,454,14059,3253,-3146,13587,3181,2616,12547,3811,3491,14078,3423,-1985,13025,4911,-631,13377,3936,4129,12790,3465,2107,13331,3490,-550,13706,4077,4419,13330,4587,4787,14377,3312,-833,13509,4086,1205,14457,4230,6516,14666,3651,2367,14282,3216,-1226,14109,3110,3305,14449,3787,3318,14812,3409,-1848,14055,2256,-718,13142,3834,3753,14846,3273,155,13602,3465,-2535,12949,3026,2565,13055,4453,2797,14078,3956,-1838,12655,3744,76,12747,3524,5063,13408,3793,1645,13759,4128,-474,13484,3862,4875,13403,4112,4301,14378,3585,-427,14076,3988,2062,14243,3684,5795,14465,2594,1726,14546,2947,-1476,14472,3505,2776,14652,4544,2742,14979,2781,-1923,13163,3249,145,13824,3863,3923,14035,3146,22,12874,3082,-2829,13069,3575,2522,13595,5054,2940,13463,3681,-1385,12730,3165,1595,12549,3895,5044,14131,3417,1386,13406,4194,-54,13797,3547,4949,13324,4501,4526,15228,3677,-433,14121,3713,1387,14097,3369,5350,14861,2741,1187,14615,3742,-1798,14493,4117,3056,14633,3085,2422,13703,3111,-2658,13979,2913,357,13268,3763,4384,13446,2568,-842
13210,3554,5921,12723,3282,2932,13621,4603,-1293,14558,3370,4722,12850,3996,4888,14225,3150,-1120,15107,4849,1425,14912,4381,5816,14276,2730,1534,13891,3122,-2074,15337,3490,2124,14028,4228,3295,13756,2345,-1979,13618,2926,-889,13753,4390,3516,13897,3491,776,12436,3287,-2620,13032,3267,2109,12741,5292,4448,14181,2110,1556,12457,4878,-1273,13092,4004,4205,14345,4025,4352,13690,4506,-1695,14401,2795,5266,13316,4141,6038,15422,3851,-1619,14611,5099,831,14241,2977,6085,13962,1654,1604,14805,3412,-3025,14697,3499,714,13253,3429,2573,13782,2809,-1905,13603,4117,357,13249,3650,4373,12977,2445,139,12828,3357,-2883,13798,5113,1594,13525,4736,5394,12679,2756,-245,13289,4027,1254,14336,5255,6287,14149,3938,1263,13069,2592,-276,14205,3507,5521,14962,5124,4772,15294,3283,-1586,13156,1989,-131,14476,3476,4010,15294,4265,1244,13878,2667,-1740,12831,1996,2529,14184,4104,2541,14591,4297,-2426,13015,3110,-502,12344,3425,3957,14329,3931,734,13127,3492,-715,12243,3458,3043,13152,4429,3719,14045,4346,789,13653,4547,1603,13544,3264,6554
13509,2846,-312,14664,2832,4622,14615,3548,1980,14149,2877,-3541,13534,3167,778,13695,4460,4585,14413,4087,-1441,12674,2737,-1712,12507,3093,3201,14233,4397,900,12414,3375,-810,12721,3121,3132,13626,5833,4448,14553,4261,1034,12659,3185,-410,13444,2896,5959,14142,4107,4321,14952,3919,-1836,14059,4258,3079,14606,4365,4535,14836,3294,-865,13952,2608,456,13894,2888,4203,14359,3232,936,14262,3801,-3550,13788,3218,1386,13004,4310,4198,14137,2770,-1881,12197,3192,-1203,12906,2951,4594,13748,4247,1025,13423,5426,-1329,13652,4557,3826,12584,4175,5245,14056,2624,548,13594,4217,545,14044,3400,6211,13753,3599,2586,14806,4239,-1161,14930,4621,4173,14495,3853,3786,14190,1532,-1359,13931,2745,-402,14615,4123,3250,14258,3532,949,13362,2960,-3067,13592,3698,2170,13547,4409,3420,13384,2888,-2214,12735,2980,-603,13300,4560,4321,13431,4432,1410,13271,3710,-639,13443,3714,4467,13487,4384,4703,13862,3111,-445,13520,2921,1442,14011,4423,6167,15128,4397,2458,14547,4321,-1473,14569,3312,2830,14233,3460,3633,14388,2170,-1365,13919,2276,-380
13788,3417,-1538,12785,2847,-1193,12333,3422,4218,13384,4348,2600,14205,4898,-1059,13380,4851,2114,13317,3705,5945,13415,2942,1764,14199,3480,-547,14159,3749,5652,14338,4268,2882,14210,3590,-1410,14594,3542,3114,14434,4153,4549,14669,2535,-302,13896,2460,-2315,13478,3363,2804,14357,3913,2396,14018,4203,-2941,13496,3055,1020,12493,3857,3371,13897,3035,-1067,12712,4051,-668,13033,3662,5195,13289,4445,2587,13423,4203,-2092,13834,4154,3783,13347,3936,6134,14119,2771,421,13671,3461,571,14676,4786,4944,14669,4729,2903,14352,3056,-698,14248,2746,2151,14234,3717,4158,14964,3068,-2033,13592,2958,-2062,13821,3769,4330,14174,4131,1508,13715,3389,-2679,13038,3188,858,12614,3990,3277,13470,3454,-663,12975,3615,58,13012,3963,5024,13225,4358,2091,14185,4095,-727,13522,3775,4137,13409,3722,5623,14353,3038,207,14158,4179,228,14704,4948,5305,14588,3889,2908,14528,2667,-1716,14125,2691,1909,14234,3567,3358,14428,3091,-1881,13731,3469,-1049,13554,3664,4427,13713,3550,441,13261,3040,-3055,13113,3516,1596,12843,3835,3863,13589,3113,-137
13833,4297,6202,14226,3187,1698,13760,3045,-651,14465,4486,4273,14992,4498,3811,14496,3564,-1467,14054,2431,1053,14049,3592,4491,15253,3071,-530,13622,3393,-2589,13309,2668,3456,13510,3933,2525,14074,3465,-2788,12844,3664,294,13331,3856,3581,12989,3003,-104,12846,3941,-509,13813,4681,4571,13306,4317,3764,13555,3256,-621,13716,4059,2462,14072,4347,6015,14200,2948,1373,13788,3705,-273,14869,4213,4883,14522,4474,2950,14738,2594,-2283,13684,2501,1743,14461,3681,4005,14418,3360,-1380,13390,3107,-2066,13095,3208,3700,13973,3959,1889,13840,3810,-3161,13256,3749,773,12379,3459,3975,13747,3349,639,13289,4846,-87,13730,4385,4775,12842,3684,3890,14084,3672,-1700,14139,3497,3278,13519,3985,6392,14459,3456,-195,14530,4327,-163,14193,4337,4969,14792,2888,2485,14550,3002,-2118,13718,2909,1701,13990,2404,4455,13434,4532,-3570,15074,3441,-964,13191,4051,4282,13082,3206,469,13274,3123,-1193,13025,3875,1480,12957,4807,3955,13645,3871,70,13162,4276,61,13708,4028,6235,13638,3707,3327,13504,3429,-1465,14302,2936,3893,13421,4852,5269
13966,2382,-207,14437,3561,3863,14441,3810,-10,13711,3476,-2650,13179,3606,3465,14038,4002,2210,13318,3237,-3218,12619,2504,829,12498,4201,4060,14233,3967,992,12686,4765,-257,13958,3910,4157,12930,4182,4169,14214,2924,-9,13639,3565,1879,14071,3714,5493,14735,3798,1212,14365,4005,-934,14681,3640,4344,14213,3455,3447,14704,2555,-1913,14381,2901,-143,13353,4192,3825,14539,2891,-333,13134,3770,-2513,13981,3493,3408,12931,4321,1442,13467,2463,-1638,12478,3643,1188,13393,4559,4389,13306,3756,915,13093,3907,-410,14037,4255,5415,13362,4246,4222,13964,2746,-593,13883,3540,2253,14333,4884,5139,15051,4262,1486,14320,3593,-492,14332,3023,3699,14198,2765,3038,14734,3035,-3604,13537,3130,469,13905,4182,4419,13945,3743,-1213,13644,3332,-1677,12782,3503,2607,13427,3505,1711,12966,3463,-1515,13464,3977,1898,13028,5044,4733,13905,3374,270,13215,4100,466,13913,3634,5288,13380,4038,3909,14373,3311,-299,14141,4310,2144,14487,4864,5464,14688,2583,924,14251,2968,-1712,14307,2911,3723,14481,3368,2117,13967,2764,-2734,13934,3143,1561
13589,2683,-1512,12584,3557,102,13079,4739,4835,13767,4358,1818,13305,4496,-1211,14089,3627,5410,13029,4176,5462,14480,2520,-731,13712,3548,1154,14504,4675,5529,14780,4250,2261,14616,3270,-569,14145,2789,2646,14253,3170,3112,14647,2759,-2415,13601,3187,-188,13739,4016,4610,14007,3894,70,13617,3647,-2984,13042,3312,1940,12943,3868,2817,13431,2924,-843,12765,3641,1771,13126,4574,4206,13849,4144,1215,13659,3923,199,13742,3531,4290,13363,3819,5347,14580,2708,-77,13768,4252,389,14552,4663,5599,14916,3786,1895,14650,2915,-1822,13754,2799,2804,14632,3138,2134,13889,3252,-2471,14064,3136,493,13343,5075,3744,14739,3254,-345,12061,2683,-2566,13009,2428,2676,13160,4514,3067,13688,3831,-799,12853,4203,1505,13318,5047,4783,14016,3958,1441,13638,3792,663,13611,3534,5436,14182,3237,4493,14018,3383,-1354,14572,4042,1250,15055,4947,5405,14716,3059,1076,13616,2157,-1641,13904,2294,2910,14473,4204,2372,14702,3683,-2887,13104,3081,903,13194,3979,3890,14071,3723,-1432,13240,3866,-1748,12547,2736,3873,13250,3435,2818,13245,4431,-1354
13831,4384,6125,14654,3319,-838,14169,4339,751,14498,4024,6147,14626,3330,2335,14830,2302,-2202,13727,3279,708,13814,2383,3924,14371,3055,-1651,13960,4492,-1277,13416,4255,4342,13349,3013,-127,13343,3453,-3026,12830,3510,2618,12995,4008,4205,13406,3368,-110,13290,4703,69,13524,4670,4943,13720,3580,2946,13615,3409,-399,13833,2895,4514,13917,4440,5314,15214,3777,-914,14142,3984,559,14344,3677,5063,15019,2870,2082,14206,3344,-2556,13958,2304,1729,13622,3587,3468,14549,4249,-2295,13694,3892,-4,12526,3363,4136,13621,2877,-461,13307,3994,-2353,13207,3421,3264,12297,3891,4159,13959,4114,-370,13617,4768,1474,13427,3785,5893,13484,3121,2146,14006,3457,-847,14161,4098,4552,14272,4714,4558,15069,3473,-780,13939,3484,745,14625,3336,4661,14495,3165,539,14387,2520,-2928,13320,2886,2523,14083,4258,2384,14289,3628,-2438,12847,2786,-122,12531,3467,3501,14116,3804,398,12966,4007,-1444,12777,3355,3655,13047,4842,4170,14442,4213,-1118,13105,3992,2158,13252,3480,6290,14413,3347,1595,14258,4267,38,14432,3897,4151,14107,3781,4069
13364,2654,1686,13813,4373,3439,14343,3617,-1521,12653,2791,-1608,12619,3288,3312,13793,4063,1793,13218,3604,-1966,12672,3150,2983,12662,4857,5193,14520,4320,40,13324,4191,1079,13557,3388,5838,13871,3599,2813,14696,3837,-463,14323,4190,3482,14306,3985,4932,14904,2873,-308,14493,3188,-448,14397,3716,3758,14470,2358,1205,13551,2838,-2653,13921,3713,1877,13760,4834,3615,13552,2653,-2222,12390,2950,-1568,13256,4337,3980,13576,3937,1458,12743,3242,-785,13072,3744,3719,13281,5388,4755,14692,3635,-49,12865,3846,822,13887,3249,6043,14477,4001,3133,14922,4025,-1225,14078,3667,3253,14432,3682,4146,14918,2973,-870,14335,3309,-518,13886,2816,3645,13964,2891,569,14072,4046,-3013,13810,3705,2711,12937,3492,3184,13547,2949,-2480,12944,3964,-343,13033,3876,4527,12882,3696,1595,13496,4203,-705,13665,5080,4504,13498,4178,4630,13858,3325,562,14220,2635,1753,12707,4373,4280,15682,3378,3033,14525,5429,-1122,15033,2762,3108,12948,2975,4856,15532,2711,-2488,14129,3801,-1181,13422,2425,5057,13593,3195,-984,14602,4670,-2517,13572,4424,2332
12885,2977,-141,13294,4270,3394,13257,5974,4308,15505,2677,1823,12864,3362,-379,14820,2513,4808,13677,5440,4754,15640,3383,-1639,13978,3701,1968,14421,3293,4720,15028,2694,-1614,13766,2063,-1355,13378,3411,2611,14246,4507,883,14058,4428,-1843,12764,2715,672,12211,3045,3196,13853,2738,-600,12604,4022,102,13180,4526,4562,13562,5166,2453,13424,3465,-282,13590,3426,3761,13604,4149,6060,14868,2698,598,13634,3728,351,15017,5149,4756,14954,4286,2884,14418,2395,-1613,14173,2866,1607,14678,4214,3383,13830,2441,-646,13310,2536,-1676,13655,4457,4308,14354,4257,1719,12762,2923,-4162,12768,3134,1079,13037,4374,4107,13726,2512,779,11993,3907,692,14365,5244,4492,13982,5251,3174,13998,3208,-1072,12786,3098,3823,14330,3386,6561,14616,4119,-386,14483,4540,-437,14250,4406,5284,14446,2574,2550,14644,3361,-1942,14572,2909,1750,13387,2761,3389,14218,2774,-3105,13936,4325,-1017,13489,4233,4911,13044,2845,249,13117,3117,-2821,12982,3714,2042,12945,4142,4072,13335,3723,367,13357,5269,885,13630,4480,6397,13786,3983,2341,13553,2920,-1573
14128,3235,2977,14746,2398,-1865,14435,2881,794,13227,2946,3931,14197,2976,-1249,13752,4624,-2027,13837,3724,4209,12504,3599,1852,13556,2487,-3182,12781,3433,1978,13304,4457,4592,13477,4142,122,13314,4528,594,13852,4380,5563,13428,3804,4465,14216,3455,-1438,13742,2299,2565,13382,4052,6111,15687,4123,464,14507,4444,-103,14228,2938,3825,14338,3049,1788,14814,2986,-2316,13935,2675,1183,13326,3610,3587,14026,3331,-1207,13780,4116,-2059,12924,3921,3061,13162,3376,1730,12444,2518,-1322,13227,3795,2535,13199,5833,4129,14304,3505,347,12648,4179,344,14266,3574,6236,13388,4260,4042,14776,2661,-1550,13337,3760,2881,14731,4516,5459,15232,4358,248,14549,3141,-302,13870,2932,3916,14639,2713,1406,14091,3183,-2791,14018,3173,1499,13255,4608,3990,14278,3624,-1539,12779,3817,-1975,12701,3636,3435,13293,2040,2730,12330,3898,-1867,13968,4599,3074,13434,5158,5531,13485,3188,-398,13539,3960,862,14271,4443,6609,14244,3626,2692,13533,3059,-1344,14537,4333,3400,15364,5187,4649,14636,2739,-274,13837,2566,-1284,14307,2587,3847,13775,3194,1691
13164,3399,2459,12919,3343,2742,13325,2754,-440,12920,4342,1193,13686,5187,4744,13721,3739,1900,13217,3841,-585,14131,3808,5114,13662,3491,5426,14078,2656,-1167,14187,4294,1450,15087,5332,5506,14694,2922,470,13860,2008,-1699,14268,2851,2724,14710,3217,2679,13752,2990,-2788,13568,3375,749,13744,4940,4651,13768,3498,-1020,12687,2903,-2318,12964,2815,3066,13641,4282,2663,13084,3825,-909,13390,4638,2550,13318,5019,5693,14013,2814,1734,12917,3917,-401,14583,2687,5493,13176,4110,4522,15546,3563,-2063,14499,4884,2123,14518,3817,5063,14292,2070,82,14334,2690,-1203,14200,3187,3390,14294,3468,1611,13482,3793,-3402,14013,3731,1349,12894,4902,3791,13856,2632,-1268,12055,2646,-1455,13092,3470,4009,13508,4438,3146,13232,4014,-1388,13287,4484,2940,13570,4604,6536,14095,3087,740,13685,2712,-531,13829,3457,5777,15070,4956,3386,14952,4745,-1450,14208,3162,2694,14273,3453,4097,14856,2914,-889,14191,2600,-1402,13301,3253,3692,14004,3882,1589,13956,4399,-2663,13426,3131,1128,12363,3770,3029,13854,2172,-945,12341,3626,-97,13514,4279,5087
13208,2999,-1048,14375,2990,4519,13678,4810,4298,15472,4070,-557,14420,3698,1500,14441,3784,4157,14758,2819,306,14429,2603,-2480,13638,2925,2522,13993,3690,3297,13929,3828,-2379,13512,3440,-545,12884,4090,3693,13558,2093,131,11951,2370,-1199,13733,4234,3551,13619,5426,3328,13340,3538,-1356,13323,4075,2600,13556,4832,6690,14588,2616,2088,13307,2367,-385,14093,4044,3650,15157,6096,4079,15224,3935,-186,13516,1975,937,13880,2695,4983,15103,2696,-290,13845,3178,-3090,13633,3421,3187,13803,4218,3086,14185,3780,-2316,13235,3245,181,12604,3352,3100,13210,2216,-237,12939,3917,-102,13643,4825,4240,13248,4955,3645,13809,3458,-530,13443,3931,1906,13879,3708,6252,13931,2445,2440,13841,3642,-720,15101,4949,4013,14851,4854,3595,14531,2497,-2041,13637,2289,1404,14365,3176,4635,14474,2783,-463,13970,3423,-2578,13464,3739,3207,13889,4560,2452,13774,3726,-2701,13009,3015,263,12464,3591,3652,13777,2920,795,12565,4534,-551,13857,4880,4664,13317,4427,4796,13614,2980,-1090,13526,3242,2788,14045,3929,6222,14209,3191,586,14604,4320,-83
14675,2432,619,13351,2924,-2519,14400,3513,2350,13769,5267,3255,14106,3505,-1965,12662,2973,-1345,12915,3454,3886,13576,3533,1520,13065,3620,-878,13158,4220,3408,13395,4894,4658,13675,3375,-230,13313,3290,1640,13685,3618,6392,14310,3061,2342,14024,3970,-1099,14864,4085,3865,14381,4855,4052,15255,2635,-739,13769,2803,-3,14241,2790,3373,14051,3135,209,14251,3555,-3027,13586,4007,3364,13773,4374,3334,13420,3099,-3252,12956,2617,-399,12483,3563,4141,13814,3252,1091,12548,4519,-310,14055,4361,3902,12925,4508,4191,14266,2815,-14,13335,3534,2031,14234,3380,6265,14025,3963,1944,14957,4188,-1480,14594,4515,4175,14553,3280,3868,14227,2010,-1629,14199,2225,149,13843,3932,4212,14674,3094,-457,13315,4030,-2624,13740,4015,3636,13279,4056,2112,13263,2420,-2614,12513,2519,840,12856,4128,4562,14081,3793,1212,12937,4829,-754,14119,4291,5152,13131,4238,4594,14059,2981,-919,13746,3092,2446,13776,4119,6022,14885,3772,718,14853,4456,-959,14630,3482,3989,14109,2701,2839,14361,2593,-2421,14316,2834,773,13779,4386,3861,14143,3457,-900
12044,2774,4605,13640,3530,2084,13274,4774,-1299,13769,4528,3892,12950,4524,5375,14299,3335,-312,13457,3358,809,14358,2983,5834,13314,3077,2435,15136,4264,-1286,15054,5329,3477,14466,3644,4023,13725,1512,-1438,14345,2992,-1008,14528,4181,4305,13731,3132,399,13294,2998,-3558,13932,4249,2172,13737,4540,3159,13570,2429,-1499,10883,3637,416,15109,3025,6107,12030,4418,-693,13842,3467,-854,13642,4936,5379,14262,5340,4856,13042,2593,739,14263,1916,672,12991,5118,5229,16843,4384,2991,13462,4468,-480,14740,1534,3368,13725,3471,2823,15433,2608,-3211,13509,2856,113,13561,3248,4507,13749,3500,268,14037,4335,-2742,13675,3992,1552,12181,3165,3187,13097,2746,-1138,13518,4080,549,13191,4070,5437,12902,3695,298,14225,4367,-585,13995,4641,5826,13492,3647,4665,13938,2381,22,13808,3461,1370,14929,4777,4593,15038,3721,1720,14140,2837,-1222,14266,2915,2860,14241,3192,3098,14334,2612,-2388,13625,3650,-163,13750,4464,4715,14040,3693,-272,13150,3369,-3288,13426,3064,2266,12558,4202,3529,14249,1918,165,11660,4371,536,13749,5309,4804
13868,3534,748,14399,3479,5405,14546,3917,2439,14799,3830,-1587,14538,3353,2718,14392,3930,3848,14701,2170,-1528,13235,2687,-1348,13801,4091,3420,14489,4691,1500,13107,3470,-2854,12705,2748,1241,13180,4288,3794,13720,3432,-867,12255,3217,341,13000,3859,5722,13959,5033,2903,13921,4270,-1381,13329,2845,3656,13348,3769,5686,15230,3407,398,13960,4330,664,14603,4022,5209,14642,3783,1753,14799,3597,-2160,14454,3299,2112,13963,3308,3640,14245,2475,-1506,13598,3319,-1404,13446,4361,3903,13772,3068,685,12656,3104,-2998,13152,3186,2405,13208,4097,3729,12791,3129,-550,13072,3511,1134,13593,5285,5723,14174,4228,2661,13464,3665,-1151,13839,3203,4205,14321,4257,5819,14957,3455,-236,14105,3700,956,14461,4070,4514,14769,3703,1231,14585,3351,-1970,13695,2077,2254,13375,2778,3450,14429,3384,-2369,13801,3966,-697,12772,3414,4087,13405,2980,-42,13285,3695,-2266,13400,3354,3079,12301,3864,3894,13693,3857,-720,13775,5359,1657,13776,4990,6248,13709,3166,1918,13619,3058,-980,14452,3321,4602,13911,4364,4439,14914,3344,-692,14164,3777,902
13670,2220,-2259,14544,4971,-2166,13860,4973,3117,12691,3220,1500,12398,1844,-1135,13132,3347,761,13110,5171,4298,13867,3598,1215,12617,4926,-1203,14642,4882,6171,13392,3878,4873,13591,2166,-2062,13669,2690,3197,14753,4669,5448,15190,4545,-485,14159,4008,760,14486,3444,4314,14900,3271,1074,14105,2631,-2742,13243,1873,1355,13565,3930,4373,14517,4037,-1054,13204,4156,-2249,12911,3297,3329,13415,3498,1438,13410,4755,-2553,11794,2268,5688,14031,4449,4651,13418,4234,-2750,13574,4480,1640,13891,4806,5702,15024,3153,4363,12556,3168,172,14697,2308,1862,14677,6309,4850,15641,4039,-166,13286,1776,745,14077,2448,4533,15307,3869,-692,13983,3030,-3791,12919,2045,1942,13986,4324,3943,14071,4621,-759,12996,3344,-1722,12124,3073,3103,13676,3732,1009,13133,4434,-1485,13035,3287,4300,12928,4305,5332,14457,4450,-721,14071,4282,964,13191,3078,6404,14138,2407,3198,14421,4066,-727,14833,4392,3167,14518,3974,3457,14240,2340,-1074,14561,3597,-142,14964,4229,4627,13362,2238,1431,12843,2716,-3516,14460,3872,2307,13640,5414,3276,13530,2967,-2569
13831,5193,6096,13179,3452,836,13227,3493,-553,14490,3966,5915,13813,3772,4339,14835,3574,-1276,14460,4142,2432,14592,4211,4096,14690,2833,-113,14183,3202,-447,14511,3298,3490,13821,3228,1626,13803,2805,-3365,13843,3283,988,13410,5179,4014,13734,2816,-1020,12547,3777,-2058,13339,3635,3490,12915,3186,3174,12616,3234,-950,14239,4780,2890,13532,5628,6242,13806,2856,-105,13010,3371,131,14937,3485,6116,14255,4483,3174,14582,3214,-1232,13963,4053,2236,15009,4164,4304,14558,3248,-36,14061,2033,-1472,13379,3095,3530,14374,3084,1151,13380,3347,-3293,13592,3746,1761,13133,4778,3640,13515,2165,-560,12432,3778,-668,13824,4631,3534,13590,4697,2547,12837,2977,-837,13302,4360,4165,13918,5162,6406,14341,3604,-513,13308,1912,63,13795,3712,5947,15287,4546,3119,14953,4099,-934,13847,2731,1960,14118,3537,3274,15186,3186,-1067,13810,2490,-1340,13137,2901,4002,14015,3380,1222,13936,4615,-3477,13487,4146,1773,12801,4500,3550,13282,2360,-1162,12687,3863,89,13137,4168,4803,13499,3339,2548,13057,4291,-641,14730,4577,3778,13546,5345,5185
14561,3886,1446,14471,3834,4782,14284,3136,-920,14485,2420,-2081,13391,2899,3618,13963,3013,2051,13676,3442,-2583,13536,3845,390,13217,5457,3311,13876,2942,-222,12061,3162,-700,13178,3057,4410,13859,5080,2872,13505,3608,-1194,13281,3734,2614,13596,5026,6121,14868,3876,1479,13575,2934,-96,14320,3593,4441,14419,3861,3644,14484,3537,-1210,14352,3419,1921,14336,4351,4224,14783,2489,-1416,13324,2468,-2626,13445,3166,3894,14310,4098,2241,13716,4271,-3057,12919,3210,817,12903,4399,3607,14098,3165,-214,12141,2791,457,13143,4170,4112,14066,4548,2971,13537,4449,-1102,13811,3834,3016,13379,4703,6417,14919,2845,788,13310,3460,-175,14597,3772,5037,14485,4322,3027,14885,3112,-1650,13832,3559,1616,14593,3622,3448,14153,2343,-1182,13550,2493,-1744,13658,3709,3806,14006,4097,1946,13533,3774,-3629,13195,3972,1070,12916,4587,4439,13694,2583,-121,12397,3212,533,13367,4503,4687,14159,4749,3013,13568,4069,-996,13863,3626,3468,13561,4097,6598,14810,2358,240,13573,3641,-269,14938,4044,5194,14502,4120,2473,14458,3305,-2391,14182,3040,1699
14381,4301,-2536,13018,4022,-589,13072,4126,3609,13589,3065,647,12737,3261,-497,13395,3965,4030,13500,4585,3759,13690,3844,-909,13690,4561,2208,13988,4962,6682,14297,2521,1592,13109,2636,-579,14584,3493,4069,14647,4834,3673,14675,3383,-1381,13574,2947,1026,14710,3792,4008,14793,2733,-745,13275,2166,-2493,13199,2679,3375,14174,5089,2820,14013,4230,-2919,13107,3678,213,12988,3913,3873,13483,3123,152,12801,3656,-40,13794,4355,4988,13426,4757,3437,13593,3572,-1015,13523,4253,2481,14048,3803,6711,13963,2305,1142,13685,2892,-439,14916,4474,4597,14906,4745,2522,14413,3292,-1952,13985,2801,1462,14431,3915,3684,14437,2481,-836,13190,2466,-2161,13186,3922,3690,14499,4367,1923,13346,4429,-3276,13235,3840,538,12725,3478,4586,13093,2684,1086,13020,3652,-292,13790,4633,4721,13308,4050,3628,13860,4053,-1779,13895,3298,3545,13823,3521,6247,14332,2800,-119,14477,4166,85,14584,4884,4799,14777,3830,2499,14628,3256,-2499,13686,3284,947,14509,1422,5090,12692,3906,-2806,15242,3019,-1767,12726,4984,5138,13481,3379,332,12893,3426,-1511
13298,4755,5068,13632,3474,-632,13471,3557,1548,14217,4554,6310,14348,2736,2002,13457,3267,-683,14850,4345,3993,14862,4986,3940,14614,3073,-1023,13814,3046,272,14416,3395,4102,14134,2745,136,13678,2751,-3374,13384,3223,3158,14019,4376,3018,13484,4058,-2918,12998,3204,221,12715,3385,4309,13901,3264,502,12828,4342,-421,13934,4185,4201,13213,4554,4184,14046,3448,-1024,13747,4485,2014,14232,3540,6601,13732,3213,1202,14422,3499,-647,14675,4372,4451,14689,4308,2799,14282,2462,-1950,13874,2551,518,13991,3146,3811,14357,2651,-431,13405,3441,-2501,13727,4420,3641,13607,4576,2050,13664,3399,-2617,12849,2902,727,12932,3976,4467,13580,3357,1255,12981,3802,-282,13888,4926,4744,13566,4611,4231,13967,3356,-1023,13881,3281,2488,13697,3740,6508,14584,3238,625,14235,3814,-358,14569,3771,3983,14262,3593,2684,14456,3095,-2175,14295,2488,532,13429,3482,4480,14482,3053,-1373,13460,3995,-2037,13631,3656,3608,13339,4289,1164,13574,2810,-1954,12793,3660,1387,13086,4061,4813,13467,3496,244,13123,4401,-459,14262,4638,5973,13344,4354,3731
14593,4214,3740,14667,4399,4319,14564,2600,-1172,13965,3028,-262,14218,3254,4280,14082,2913,-59,14067,3686,-3244,13644,3458,2638,13292,3924,3148,13609,3135,-2240,13109,3772,-283,12863,4150,4176,13694,3385,1465,12802,4104,-1024,13893,4406,4077,13142,4269,5231,14219,2823,-799,13135,3490,1416,14450,3953,6343,14217,3962,2195,14558,4080,-826,14350,3853,3666,14338,3629,4054,14670,2756,-1868,14061,2728,-125,13609,3423,4469,14524,3131,-442,13789,3856,-2368,13581,3699,2935,13400,3917,2484,13528,3183,-2187,12887,3728,167,12968,4341,4717,13794,3714,1305,12924,4229,-624,13928,4014,5026,13305,4144,4357,14117,3157,-1286,13728,3369,2269,13792,4357,6039,14688,3706,1344,14463,3822,-492,14532,4243,3233,14415,3322,3072,14250,2465,-2470,14209,2477,127,13378,3802,4573,14579,3153,-1173,13791,4423,-2852,13760,3460,3243,12331,3093,2649,13550,2752,-1884,13200,4500,1016,13202,4912,4945,13293,3272,296,13099,3914,-126,14144,4321,5847,13658,4686,4156,13970,2631,-605,13618,2960,1787,13934,4376,5655,15257,3679,1846,14435,4023,-1132,14491,3124,3639
13867,3621,-2281,13614,3802,2654,13576,4197,2563,13725,3090,-2194,12643,3174,-670,12860,3913,4993,13806,4125,2724,12921,4695,-1585,13542,3783,3683,13336,4441,5255,14393,3092,-527,13157,3364,1501,14136,3794,6158,14744,4244,2068,14522,4254,-648,14134,3019,3565,14291,3158,3924,14921,2860,-1602,14095,2876,-1373,13318,3374,4060,14688,3807,276,13972,4626,-2706,13129,2863,2789,12724,3125,2666,13752,3362,-2311,12948,3844,261,12629,4097,5100,13915,3963,1354,13592,4725,-843,13672,3990,4816,13123,3236,4771,13862,3002,-550,14229,3885,1627,14323,4725,5734,14757,3653,1594,14481,3428,-1473,14301,3429,3473,14540,3384,3714,14316,2578,-2507,13588,2659,134,13679,4327,3874,14547,4150,-596,13282,3234,-2148,12788,2558,2710,13248,4038,2796,13828,3464,-1672,12607,3881,1042,12961,4093,5318,13840,4747,1225,13836,4508,-534,13592,2878,5466,12841,3562,4091,15080,3390,-699,13924,4820,2152,14289,4239,5377,14696,3055,1144,14275,3342,-1041,14511,2919,3449,14080,3239,1918,14224,2515,-2969,13749,3177,483,13480,5011,4232,14546,2901,-412,12300,2769,-2480
13336,4360,2336,13765,4369,-859,13529,3433,4310,12899,3367,5197,14414,3065,-367,14378,4492,1200,14376,4594,5510,14599,3594,2303,14587,3219,-1586,14218,3138,2959,14402,3342,3456,14375,2289,-2421,13612,3009,-938,13778,4754,3840,14579,4069,691,12841,2849,-2560,12749,2516,2235,13022,4424,3114,13936,3690,-1498,12522,3845,663,13036,4207,5505,13754,4621,2215,14263,3840,-508,13068,3004,4334,13275,3791,5042,15339,4012,-49,14104,4575,1265,14280,3880,5391,14457,2953,1167,14786,3132,-1614,14406,2987,2826,13923,3136,2885,14173,2892,-1991,13939,4118,-406,13631,4680,4132,13674,2607,-40,12619,2811,-2818,13224,3508,2700,13431,4480,3177,13158,3732,-665,13110,3983,1566,13325,5088,5743,14275,3502,1946,13052,3331,-983,13635,3248,4454,14420,4651,5022,15075,3984,-744,13955,3649,1646,14285,3611,4782,14825,2864,908,14469,3082,-1685,13815,2763,2501,13696,3295,2442,14441,3733,-2830,13751,3647,140,12779,3213,4003,13418,2732,-395,13224,3864,-1832,13231,4304,3303,12814,4266,3444,13528,3812,-992,13430,4707,2370,14258,4329,6129,11845,3357,1029
14308,3454,4969,14181,2324,2369,14420,2800,-1989,14625,3555,1734,13444,3903,3172,14003,2544,-2127,13732,3660,-966,13470,4081,3832,13494,2926,1063,12921,2636,-2510,12704,4192,2206,13845,5484,4588,13568,2839,-76,12373,3522,117,13578,5213,5613,14845,4055,3811,13011,3491,-2168,14299,2671,4135,14017,5429,5845,15410,3806,-684,13867,3491,1003,14172,2604,5156,14449,2836,398,14816,2532,-3404,13284,2995,1926,13917,3847,2900,14320,3775,-1372,13485,3311,-448,12680,3609,3305,13672,3065,477,12740,4032,-2362,13386,4506,3771,13322,5185,4315,13868,3979,-795,13138,3334,2523,13388,3423,6132,14073,3564,1955,14343,3888,-137,13958,3768,3908,14608,4813,3708,14869,2857,-439,13811,1754,750,13997,3685,4596,15124,3426,284,13580,3461,-2799,13684,3057,2436,13584,4421,3314,14012,3330,-1824,13328,3534,-1075,12741,4094,3211,13384,2977,1313,12991,3472,-501,13363,4838,3672,13554,5403,4428,14068,2867,-722,12760,3441,1227,13611,3429,6685,14437,3337,2039,14119,3938,-1083,14672,4375,4300,14445,4510,3883,14808,2140,-1028,13845,3201,875,14658,3958,3767
13177,3456,-1578,12836,3439,3784,13523,3183,1125,12636,4030,-1261,13700,4041,2845,13242,5342,4704,14044,3519,249,13202,3097,661,13758,3920,5634,14060,3272,3371,13754,3151,-852,14594,4161,3048,14984,5276,4807,14477,3484,-381,13970,1899,-420,13757,3075,4233,14816,2884,668,14014,3665,-3297,13712,3717,1870,13925,4497,3664,13410,2899,-1592,12545,2576,-617,12884,3633,4580,13767,4124,992,12935,4246,-1653,13806,4938,4035,13157,4621,5283,14043,2117,234,13068,3867,1023,14742,4174,5225,13588,4024,2788,14597,3423,-467,14583,4716,4024,14750,3776,4089,14338,1507,-1989,13873,2244,-1310,14451,3780,4288,14252,3580,813,13539,3471,-2877,14052,3851,2684,13152,4154,2540,13255,2135,-2085,12193,3012,32,13648,4727,4412,13870,4587,1218,13012,3934,-955,13438,3898,3973,13522,4068,5414,13610,2997,556,13902,3213,1162,14093,5024,6025,15319,3726,1490,13815,4007,-1321,14598,2885,3772,14239,3076,4196,14596,2998,-1735,14316,2876,-847,13565,4511,4285,14309,3377,-2,13676,3949,-2073,13227,3046,2852,13027,3174,1958,12923,2336,-2151,13065,3746,1455
13939,2941,879,12774,2870,-515,14360,3638,5959,14180,4753,3829,14953,3830,-1600,14007,3675,2940,14476,3273,4882,14414,2009,-971,13823,2570,-1700,14286,3808,3554,14540,4058,1226,13709,3780,-2861,13607,3651,1354,13143,3592,3811,13415,2638,-1252,12655,3307,-1090,13405,4828,4353,13989,4519,2439,12838,3935,-1457,13623,3858,4005,13388,3844,5967,14141,2997,-207,13490,3044,693,13923,4363,5373,14724,4549,2850,15009,4119,-1047,14181,3133,2237,14144,2496,4144,14512,2628,-1783,14452,3276,-1389,13595,4053,4452,13976,3461,917,13771,3762,-2646,13105,3032,1849,12837,3652,2943,13370,2461,-816,13087,4298,-13,13370,4963,4087,13768,4245,2797,12766,3938,-444,13843,3066,4409,13075,4383,5873,15196,2750,-652,13146,3953,766,15192,4530,5577,14865,4686,2040,14326,2691,-1219,13734,1905,2708,14203,3524,3761,15120,3108,-2066,13664,3663,-1382,13465,3948,4135,14061,3724,1159,13413,3575,-2993,13032,2701,1923,12621,3212,2958,13337,2879,-661,13028,5041,362,13854,4945,5318,13308,3727,2678,13446,3217,-1136,13792,3727,4650,13841,4021,5381,14455,3149,-448
14161,2832,5643,13829,1453,-579,13411,4001,-4822,15224,4509,4455,14073,4042,2308,13026,2210,-3500,12786,2907,2649,13678,4260,3224,13461,3073,-946,12148,4098,-531,14004,4746,3885,13664,4773,3980,13316,2883,-664,13129,3219,2890,13776,4384,5449,14928,3181,278,13063,3960,694,14949,4229,6083,14932,4629,2744,14726,2794,-2690,13565,2208,1591,14273,3617,3713,15028,3152,-619,13912,3674,-1857,13174,3107,3431,13614,3835,1642,13642,3544,-3106,12970,2950,1697,12600,3228,4248,13770,3982,-1120,13249,4932,-530,13470,4079,5066,13001,3495,3277,13615,3546,-198,14019,3701,4362,13683,4103,5073,14416,3711,-754,14694,4502,874,14734,4226,5475,14197,2512,2835,13943,2028,-2068,14372,3188,1408,14457,4018,3586,14419,3499,-2155,13055,3122,-861,13292,3974,4980,14198,3532,213,13085,3183,-3164,12621,2687,2338,13107,4325,3667,13659,4235,-148,13277,4179,956,13450,4144,5585,13516,3299,2400,13539,3836,-627,14326,3502,4217,13595,4554,5578,15143,3604,-811,14088,4061,392,14605,3441,4614,14076,2321,1580,14210,3465,-1793,14737,2982,2146,13751,4404,3338
13495,3126,909,12848,4438,4101,13808,3524,-444,12837,4384,-129,13828,4372,5062,13338,4124,3692,13856,3136,-980,13296,3792,2594,14182,4168,5836,14313,3878,959,14543,3860,-245,14203,3808,4784,14460,2972,3108,14224,2779,-2387,14535,2998,993,13774,3723,3806,14115,2547,-1477,13681,3801,-1613,13844,4051,4041,13345,3622,1208,13238,3073,-2749,13026,3831,1692,13607,5156,4355,13551,3526,208,12475,3966,235,13880,4046,5493,13536,3928,3697,13629,3044,-1115,14131,3471,3378,13800,4496,5727,14920,3303,157,13955,3720,536,14652,3368,4238,14132,3173,2193,14649,3077,-2810,14242,3078,997,13766,3955,4074,14287,2927,-1778,13335,3847,-1137,13336,3778,3498,13533,3730,733,13016,2806,-2001,13179,4060,2153,13234,4585,4580,13346,3408,-275,12912,3581,547,13740,3986,6204,13746,3855,2591,13946,3351,-675,13880,3391,4123,14191,4606,4741,15270,4004,118,14223,3399,82,13976,2769,4143,14387,2778,1988,15017,3743,-3363,13761,3431,2241,13347,3414,3741,14034,3237,-2106,13741,3734,-588,12885,4016,3443,13259,2797,775,12812,3691,-1853,13405,4191,3580
14269,3234,-246,13570,3456,2502,13726,3608,5827,14877,3618,1298,14684,4309,-823,14855,3529,3935,13573,2675,3060,14200,2414,-2701,14507,3977,739,14176,4932,4341,13719,2291,-1256,12689,2742,-1752,13925,3829,3020,13806,5398,1079,13342,2972,-1529,12090,2338,2282,13168,4907,4014,14304,4079,750,12831,3634,106,13618,4110,5051,13909,4666,4361,14635,3288,-906,13123,2631,2309,14014,4112,5268,15619,4305,634,14571,4261,-430,13634,2377,3893,14162,2513,1996,15210,4139,-3086,14065,3149,1478,12833,3238,3438,14126,2913,-1447,13859,4447,-1777,13231,4060,2922,12742,2581,3459,13170,2939,-1792,12822,4823,994,13486,4917,5542,13901,3465,547,13079,3654,506,13988,3924,6551,13954,3751,2884,14339,3587,-1368,14057,4489,3684,14714,4272,5686,14704,2672,289,14115,2478,-1630,13868,3367,3126,14828,3286,2047,13798,3188,-2957,13426,2935,1763,13545,4436,3561,14755,3575,-2399,12643,3775,-1525,12319,3221,4374,14005,3562,1902,12901,4023,-840,13424,3932,2157,13021,4804,4292,14106,3472,1225,13510,3903,999,13799,3773,6076,14355,3207,3275,13805,3577,-2072
14312,3179,2765,14158,2595,-2482,13782,3289,114,13620,4819,3932,14232,2984,-602,12389,2901,-2588,12974,3337,2911,13684,4787,2684,13301,3997,-1192,12805,3696,1971,12910,4968,5382,14695,3986,1387,13207,3580,-355,13466,2805,4987,13835,4049,4695,15067,3918,-777,14154,4108,1753,14229,3946,4955,14950,3057,674,14517,3333,-1063,13954,2924,3126,13946,2691,1954,14183,3295,-3226,13912,4269,488,13515,4254,4431,12994,2731,-620,13068,3221,-1979,13192,4371,3135,13533,4073,2736,12940,3319,-700,13069,4354,2796,13725,4633,5744,14097,3035,613,13189,3167,-638,14144,3785,5828,14266,4763,4378,14976,3975,-1166,13785,3599,2213,14277,3558,4307,14983,2575,-414,14115,2832,-1779,13668,2607,3377,13871,3947,1682,14738,4296,-2958,13476,3248,1431,12190,3143,3813,13793,2877,-1205,13107,4406,-1492,13186,3609,4050,12629,3873,2912,13676,4237,-865,13811,4548,3600,13010,4014,5585,14171,2852,253,13767,4144,399,14585,4179,5794,14405,3981,3296,14544,3351,-1530,14490,3164,2078,14381,3741,4170,14926,2659,-897,13805,2260,-1169,13260,3866,3561,14701,4312,945
12812,3382,3401,12865,4038,4202,13634,4205,-513,14102,4296,1944,11803,4019,6022,16103,2920,2821,12350,4142,-1406,15188,3116,3796,13717,5351,5767,16020,3744,-1564,13564,2973,1150,13919,2480,5052,14993,3577,-1477,14568,3588,-1812,12754,2430,3597,13750,3411,2191,14623,3973,-2237,13245,4384,-1749,11846,3156,4307,13418,1825,1493,12669,4765,-1999,14319,4642,4337,12362,4510,3819,14091,3269,-1633,13331,5112,3159,14293,3741,7635,13514,2847,427,14363,3553,-981,14870,4689,4429,14738,3993,3586,14493,2596,-643,14087,3179,343,14387,3911,3887,14557,2651,-682,13299,2896,-2691,13386,3248,4472,14117,4083,2080,13131,3595,-3485,12628,3138,698,12989,3849,4205,13697,3445,449,12913,4776,147,14050,4730,4653,13012,4241,3748,13717,2766,-617,13884,4144,2386,14428,4275,6703,14069,3214,1189,14155,3702,-1187,15084,4507,4776,14502,3355,3083,13904,1920,-2212,14261,2867,752,14360,4089,3791,14071,2602,-1817,13119,3148,-1863,14001,3961,4134,13401,4660,1326,13256,2888,-2589,12319,3116,1042,13244,5155,4153,14096,4049,1266,12398,3515,145,13638,3819,5271
14616,3677,-1862,13867,3888,3518,14707,3448,4213,14753,3191,-1365,14297,2710,-258,13513,3114,3915,14398,2960,-916,13497,4093,-2958,13704,3115,3426,12846,4071,2962,13691,2731,-2181,12404,3873,-479,12942,4109,4525,13701,3390,2547,12988,4603,-1019,13830,4063,5410,13529,5026,5096,13926,2535,-1099,14284,3440,1903,14766,5651,5737,14821,3604,1183,13736,2996,-884,14547,2916,3563,14653,3854,3170,14586,2698,-2016,13353,2302,-646,13549,3682,4071,14121,3874,389,13735,3885,-3012,12829,3206,2605,13284,3952,1983,13484,3950,-1841,13021,3717,2072,12582,3485,5386,13721,4476,864,14146,4861,47,13259,3424,4649,13180,3441,4645,14847,3285,-303,13959,4380,1343,14447,4051,5182,14548,3376,719,14564,3045,-848,13913,3525,4021,14478,2970,2558,14392,3228,-2734,14017,2895,-275,13229,4304,3881,14146,3086,-274,12965,3878,-2478,12978,2791,3802,13237,4154,2803,13610,4568,-2207,13310,4513,2194,12773,4573,5351,13578,3062,1355,13357,4339,181,14556,3665,5039,13200,3295,4020,14270,2706,-933,14584,4289,2739,15110,4952,5051,14747,2591,-236,13780,2297,-1171
14411,4118,638,13141,3488,-3239,12997,3197,1519,12677,3014,3947,13361,3266,17,13227,4697,235,13717,5034,5341,13354,3612,2082,13685,3536,-1203,13698,3830,5269,14226,3794,5322,13924,3249,-1289,14335,3462,1459,14846,5247,4929,14821,3867,1868,14307,2398,-1492,13669,2818,1940,14485,2829,3310,14239,3469,-2683,13601,3334,-610,13329,4419,4716,13628,3506,-325,13257,3182,-2847,12660,2669,2933,13075,3572,3410,13093,3594,-95,13922,5292,1476,13606,5358,4955,13997,2607,2369,12776,4106,-1017,15012,2955,5200,13259,4899,5262,15370,3273,-2042,13815,4260,1936,14828,4180,5063,14932,2827,862,13669,2804,-1653,14020,1681,1867,13621,3623,2503,14576,3877,-2550,13910,4362,128,12513,4008,3958,13497,2391,-295,12879,3608,-1862,13121,3612,4007,13541,4383,3701,13275,4000,-1705,13710,4974,1688,13883,4881,6511,13641,2865,1833,13441,2657,-661,14241,3704,5157,14510,4842,3660,14839,4001,-1111,13934,3151,2246,14509,3152,4406,14433,3063,-266,14591,2062,-2890,13006,3270,3030,14182,3813,2549,14146,4513,-2559,13328,3701,451,13011,3878,3106,13431,3115,-319
13531,4880,5801,14170,3991,2950,13216,3571,-1009,14365,2270,4038,13061,4562,5545,16030,3577,-369,14026,4349,357,14556,3329,4425,14507,3069,1365,14651,3330,-2252,13797,2581,2404,13666,3411,3448,13919,3477,-2045,13887,4021,-780,12827,3812,3586,13446,2597,303,12454,3231,-1830,13580,3405,3473,13042,4868,4237,13874,3441,-1135,12901,4850,1394,14157,4299,6990,13702,3547,2591,14116,2275,-1322,13570,3700,3866,14849,4627,4373,15111,4236,-279,14023,3567,543,14191,2957,4709,14247,3055,538,14857,2603,-3301,13227,2885,2643,13332,3446,3268,14352,3922,-2331,13319,3798,-319,12745,3893,3316,13785,2414,288,12578,3377,-931,13476,4052,3480,13498,5363,4128,13760,4017,-474,13443,4125,1443,13640,4428,6568,14352,3101,2132,13543,2855,-584,14333,3922,4385,14938,5037,4047,14888,3806,-1502,14036,2470,400,13736,3339,4525,15083,2671,293,13477,3389,-2702,13334,2597,2621,13377,3955,3144,14325,3844,-2776,13189,4151,-470,13169,3792,3544,12950,2894,1030,13353,3530,138,13012,4911,3617,13762,4320,3824,13461,3887,-613,13692,4078,1763,13646,3670,6937
13805,3282,-443,14148,3370,4298,14562,3657,2276,14465,2389,-2796,13180,2513,1743,13196,3089,2895,14470,4072,-1700,13477,4001,-1096,12854,3938,3611,13311,2766,1363,12932,3399,-1747,13347,3730,3442,12889,5082,4644,14109,3448,374,13214,4353,1016,14141,3979,6145,14031,3486,2642,13864,2674,-829,14113,3928,3667,14966,4870,4830,14652,3638,-469,14456,2279,-287,13798,3642,3705,14986,2497,1138,13532,3330,-2732,13578,2867,1917,13523,4525,3741,14270,3668,-2320,12933,3297,-1312,12469,3357,4313,13702,3109,1441,13026,3950,-1134,13554,4651,3697,13512,4748,4584,13640,3284,-696,13353,3868,1604,14196,3846,6385,14079,2848,2258,14193,3784,-1335,14571,4060,3828,14527,4987,4160,14820,2625,-1334,13616,2722,142,14451,2900,4162,14098,2762,-24,13490,3395,-3044,14003,3842,2814,13814,5059,3343,13457,3157,-3017,12769,2816,233,12645,3705,4061,13964,3359,1351,12337,4280,-528,14111,4388,4324,13397,5149,4874,14141,3263,-756,13326,3036,1400,14142,3440,6503,14245,3706,1763,14554,4150,-713,14342,4349,4111,14873,3699,3082,14419,2889,-1727,14292,2242,-72
14255,3796,-966,12957,3341,-1957,12643,3148,3909,13279,3075,2051,13017,3574,-1085,13161,4610,2865,13723,5178,5319,13868,3171,478,13029,3256,106,13954,3583,6180,14307,3181,3691,13929,3706,-1356,14656,4534,3027,14937,5395,4621,15192,2558,-969,13705,2655,-861,14053,2636,4304,14214,2900,1039,13969,3957,-3354,13777,3791,2028,13337,4423,3164,13770,2543,-1857,12607,3002,-990,12751,3365,4014,13408,3627,2211,13058,3945,-867,13674,4872,3225,13545,4835,5902,14252,3068,75,13180,3051,442,14285,3350,6042,13948,4367,2965,15211,4306,-1083,14128,4518,3433,14715,3661,4215,14568,2492,-1618,13812,2426,-681,13648,2854,4475,14101,3210,583,13977,3923,-2709,13566,4103,2084,13142,3730,2722,13446,2500,-1623,12791,3314,-16,13006,3989,4724,13764,4006,1653,13015,4860,-1432,14085,5074,4483,13631,4258,5543,13925,2453,-494,13413,2546,1287,13946,4113,5557,14662,3964,1898,14654,4402,-689,14488,4192,2827,14415,2987,3425,14044,1830,-2046,14064,1978,-771,13233,4002,4507,14657,3722,-103,13952,4919,-3285,13497,3427,2530,12175,2822,3086,13593,2453,-1523
13989,4981,5891,14214,3747,1747,12958,2318,313,13835,2803,6044,14145,4142,3046,15183,4210,-2829,14108,4566,2827,14942,3652,5336,14089,1912,-650,13617,1789,-1386,14123,3517,3525,14317,4238,1282,13789,4013,-2315,13638,3926,1183,13479,4385,2850,14040,2297,-1461,11193,3761,-722,14323,2686,6466,12908,4721,1850,13536,3811,-2349,13196,4880,4250,14197,5185,5852,14372,2042,1101,12442,2047,116,14045,3842,4781,15712,5793,3087,14474,4847,-498,14569,2672,3220,14273,2261,4212,13936,1521,-2456,14507,3293,-1945,14116,4933,4523,13921,3319,1301,13133,3814,-3167,13977,3560,1259,12715,3583,3643,13060,2148,-1081,12525,3952,-143,13606,4552,5440,13342,4605,1641,13775,4198,-1689,13721,3795,5178,13537,3842,5444,13903,2400,-181,14028,3756,1034,14959,5093,4996,14889,4398,2515,14327,2792,-1618,14085,2914,2415,14548,3304,3991,14233,2474,-1836,13423,2817,-1008,13515,4440,4066,14570,4811,804,13236,3179,-2758,12580,2055,1887,12774,3468,3146,14179,3450,-669,12565,4207,1039,13305,4917,5175,14162,5171,2341,13916,3992,-780,13375,2452,4414,12966,3341,5300
14524,3271,1386,14236,3215,4316,14182,1873,-846,13689,2669,-1986,13796,4225,3213,14427,4891,2154,13521,3271,-2803,12610,2482,500,12735,3556,3980,13942,3218,-427,12498,3928,-240,13265,4229,4673,13619,5586,3381,14506,4049,-702,13010,3003,3153,13163,2850,5927,15005,3203,954,14209,5030,-302,14748,4491,4551,14257,4174,2852,15147,2803,-1618,14072,2457,1878,13498,2363,3790,14370,2334,-1447,13847,4116,-2056,13784,5037,3810,13817,3537,1735,12835,2464,-2716,12905,2443,1530,13022,4486,3599,13503,3755,142,12958,4320,524,13470,5277,5345,14060,4611,3477,13805,2878,-1079,13097,2269,3265,13937,3613,6319,15025,4402,398,14556,4457,243,14079,4053,4470,14851,3113,1966,14765,2788,-1956,13620,1700,1890,13244,3111,3582,14772,4106,-1975,14321,4698,-1437,12844,3640,3701,13211,2650,1106,13190,2936,-2505,12955,3476,2077,12632,4178,4218,13620,4050,-449,13577,5516,1041,13932,4223,6358,13170,2728,2998,13660,2425,-1281,14494,3728,3594,14103,5181,5174,15300,3965,-243,14073,4224,384,14658,3829,4578,14735,2461,1393,13793,1722,-2852,13625,2272,2341
13217,2116,-2705,12683,3653,161,13086,5327,4394,13844,4287,1869,12953,4403,-61,14091,4230,4628,13536,4165,4227,13851,2180,-842,13463,2571,2625,14197,5359,6572,16019,4926,533,14107,3569,-1598,14070,2098,3445,14401,3038,3451,15087,3305,-1759,12971,2350,1272,13486,3862,3433,14811,4475,-1620,13859,4683,-1622,12913,2872,3048,12584,2515,2386,13039,3126,-1860,13326,3975,2050,13112,5022,4996,13673,3809,403,13429,4849,488,14123,4037,5564,13219,2745,4197,14188,1957,-1354,13969,4175,2231,15335,5779,5490,14797,4046,739,14011,2511,-819,14300,3143,3579,14698,2753,2066,13671,2310,-3042,13826,3698,622,14037,5342,4043,14162,3382,-1051,12582,2470,-2345,12506,2573,3405,13433,3665,2615,13189,3606,-1417,12787,4865,2227,13881,5865,5512,13776,2819,1194,12956,2787,211,13826,2973,6308,14386,4173,3530,14481,4487,-1691,14964,5013,3116,14536,4322,5290,14692,1983,-293,14082,2829,-938,14394,3354,3475,13509,2763,1923,13870,2987,-3004,14125,4251,1507,13595,4648,3977,13383,1962,-2499,12432,3069,-1996,13017,4254,4569,13914,3913,2873,12606,3634,-832
13653,3450,4390,13966,3496,-1362,14675,4700,2318,15144,5436,5713,14544,3052,440,14113,1533,-1328,13602,2697,2668,14645,3360,2085,14033,3454,-2681,13839,3321,90,13404,4690,4267,14184,3857,-1028,12661,2633,-2086,12514,2766,3550,13632,4589,2882,13402,4557,-1207,13513,4336,2076,12980,4601,5296,14264,2974,1482,13222,3778,-706,13974,1999,5899,13177,4426,4144,15661,4304,-1196,14504,5100,1773,14461,3872,4582,14538,2283,429,13766,2028,-1294,14123,2332,3062,13726,4274,1505,14804,4075,-2861,13601,4391,1137,13015,3830,4310,13340,2245,-867,12551,2396,-1472,13121,4054,4075,13510,4918,2556,13135,4295,-1049,13469,3949,3619,13655,4507,6161,14104,2529,1004,13725,2797,-1121,13537,3542,5594,14824,5468,4070,15311,5023,-654,14196,2766,1963,13988,3024,3193,14592,2214,-875,14142,2680,-1412,13369,3574,3804,14304,4128,1554,13921,4428,-3283,13575,2748,598,12153,3291,3586,13655,1922,-246,12368,3645,-61,13653,4831,4253,13741,5256,1726,13315,3964,-1049,13689,3831,4031,13455,3771,7134,14219,2860,117,13921,3728,-632,14449,4739,4758,14642,4489,3393
13794,2657,2501,14014,3974,2949,14343,4175,-2988,13616,3630,-204,12763,3372,3905,13606,2522,-214,12626,3306,-1303,13411,4178,3360,13598,4780,3906,13113,4076,-1298,13642,4844,1524,13866,4257,7545,13634,2878,1806,13554,2395,-1363,13934,4265,4671,14892,5308,4331,14995,4260,-373,14102,2939,1301,14136,2835,4319,14407,2350,-163,14357,2485,-2564,13450,3730,3079,14184,3951,2995,13859,4051,-3003,13454,3491,-253,12725,3729,3930,13693,2451,-73,12683,3905,-848,13829,4921,3998,13216,5180,3444,13527,3324,-654,13397,3597,2542,13504,3908,6266,14179,2345,1359,13462,3333,-840,14588,4587,4343,14940,5356,4271,14608,2937,-1332,13887,2059,917,14071,3049,4064,15112,2624,-800,13311,3792,-2087,14227,3667,3670,13746,4793,2583,13678,3100,-2848,12701,2693,55,12999,3274,4278,13604,3198,123,12686,4874,-1090,14152,4829,4906,13128,4624,4250,13345,2574,-763,13265,3295,2960,14377,3741,6147,14151,3142,579,14112,4194,-502,14957,5281,4994,14731,4010,3152,14162,2023,-1630,13850,2371,1836,14697,3670,3781,14172,3500,-1332,13820,3523,-2507,13507,4173,3843
12639,4005,-826,13510,4051,3749,13278,5457,3914,13642,3433,-816,13233,3231,1372,13418,3395,6174,14285,2815,2499,13820,3773,-739,14682,4498,3492,14410,5537,4312,15072,3114,-420,14145,2478,624,13219,3522,4167,15716,810,1368,12251,4975,-4435,16077,3420,1532,12120,5542,5113,14277,1687,-3140,12023,2678,544,13891,3543,4196,13202,3527,-122,12777,4301,-1280,13919,5177,3759,13587,4869,5288,13429,2810,-439,13141,3000,1182,14111,4000,6224,14070,3636,1664,14087,4024,-712,14825,4857,5108,14923,4106,3330,14259,2590,-2744,14044,2055,832,14254,3365,4243,14223,3286,340,13754,3523,-2527,13636,3714,2378,13897,4071,2347,13202,3079,-2431,12594,2044,558,12893,4189,4435,14340,4422,147,12598,4883,-1291,13638,4242,4884,13251,4329,5491,13957,2864,-687,13592,2868,2009,13718,3728,5709,14571,4499,689,15097,4873,224,14309,3889,4890,13961,2513,3144,14420,1933,-1814,14518,2834,21,13726,4143,4035,14651,3691,-753,13534,3981,-1977,13644,3677,3826,13115,3697,1587,13278,2008,-2671,12161,2844,1206,13653,4819,4636,13956,4922,565,13117,4316,-597
14065,3407,2659,13961,4286,-1240,14811,4595,3921,14562,4335,4342,14636,2214,-970,13744,2076,-11,14141,3429,3887,14465,3516,645,14205,4087,-3394,13605,4088,2129,13686,4103,3563,13440,2575,-2293,12916,2616,-313,12875,3787,4055,13853,3992,750,12940,5009,-1145,14002,4392,3932,12826,4455,4994,14443,2091,-50,12518,2908,1460,14186,3288,5467,14145,4695,2124,15272,4852,-1154,14181,4475,3847,14301,3396,4077,14466,2308,-1495,14164,2496,-168,13873,3391,4170,14196,3352,-237,13986,4489,-2705,13909,3853,3066,12932,3081,2528,13197,1802,-2195,12930,3007,304,13254,5307,4484,14107,4262,936,12662,4520,-940,13883,4185,5130,13536,4118,5076,13777,2092,-532,13374,2958,1416,14103,4950,5896,15201,4947,1901,14325,4122,-647,14065,3029,3572,14320,2787,3683,14427,2255,-2374,14161,2504,-339,13520,4285,4492,14714,3686,-702,13513,4131,-2343,13287,2806,3028,12907,3304,1614,13637,2383,-1692,12704,4387,926,13584,5397,4731,13787,4401,987,13027,4118,-1019,13980,3473,6023,13080,3471,4705,14081,2323,-1296,13710,3657,2206,14477,5394,5417,15101,4490,1248
13951,2752,3369,14060,3764,935,14643,4417,-2730,13737,4547,1900,13597,3568,3218,12689,1668,-1774,12743,2495,-665,13189,4901,4402,14166,4851,1691,12866,4867,-1299,14016,4244,4018,12882,4477,5074,14411,2263,445,12998,3148,1704,14382,3654,5216,13842,4321,2304,15075,4045,-1102,14662,4321,3119,14686,2873,4647,13373,1216,-1479,14020,2274,-1366,14266,5603,4280,15172,4705,638,12839,3167,-2749,13332,2526,2362,13532,4110,2040,13825,2980,-1777,12205,2619,977,12955,4494,4185,14264,5185,1078,13174,4371,-930,13434,3425,4799,13426,3781,5564,14398,2800,-346,13737,2985,671,13386,4132,4913,15025,4736,2022,15271,4745,-623,14139,2962,3399,13322,1571,3670,14503,2152,-2858,14456,4090,-523,13985,4582,4732,13938,3473,-391,13666,3636,-2841,14011,3439,2281,12166,3029,2812,13539,1521,-110,12476,4186,674,13765,5876,3775,13790,4858,1464,13567,3566,-265,13363,3189,5286,13474,3380,5295,14557,2926,-954,13625,4434,1311,14692,5159,6060,14918,3938,1579,14549,2609,-1201,13625,1995,2829,13977,2761,2596,14842,3225,-2450,13882,3713,528,13269,4411,4197
13197,3983,-622,13048,4476,4593,13519,4831,2401,13907,5088,-1200,13599,3684,3868,12801,2770,5980,13869,2432,-177,14040,4158,291,14549,5421,5685,14667,4709,2914,14387,3401,-1245,14174,2603,2613,14301,2598,3884,14465,2252,-2239,13827,2839,-1183,13769,4715,4162,14557,4817,956,13857,3317,-2590,12491,1939,1441,12718,3390,3179,14093,3714,-1287,12799,4426,209,13053,4263,5256,13523,5155,1866,14171,4019,-997,13032,2943,4771,12894,3069,5459,14919,3267,58,14374,4929,882,14489,4566,4933,14523,3547,2222,14481,2861,-1190,14257,2334,3284,13922,3232,3315,14689,2567,-2525,13830,3989,-1019,13797,5227,4083,14304,3595,955,12686,2475,-2813,12806,2433,1896,13334,4338,3093,13690,3972,-1039,12945,4138,1025,13080,4956,5511,14015,4103,2235,13576,2925,-841,13187,2462,4052,13672,3913,5018,15218,4641,-237,14279,4835,1148,14238,4237,5142,14708,2575,1176,14345,2445,-1481,13929,2513,2643,14232,3221,2451,14413,3767,-2711,13972,4378,-452,13448,4282,4510,13215,2181,272,13003,2312,-2632,12712,3797,2610,13688,4362,3242,13199,4154,-811,13320,4548,1635
15264,4038,779,14269,4632,322,14416,4141,4955,14614,3379,2789,14856,2854,-1991,14099,3243,1569,14161,3331,3721,14228,2862,-1096,13751,3859,-1664,13701,4160,3830,13426,2811,1431,12763,2386,-3101,12894,3729,1497,13427,4743,3925,13209,3809,40,13006,3926,571,13574,4671,5558,14045,4048,3278,12815,3617,-1736,15212,2853,4968,13074,4757,5539,15284,3413,-1891,14035,4930,2354,15021,3855,4021,13801,2059,1930,14060,2953,-1255,15287,3411,446,13059,4025,3911,13754,1891,-1501,13748,3899,-2090,14049,4247,4670,13105,3521,-476,12347,1949,-1896,13259,3867,2632,13582,5834,3288,13491,3568,565,13123,3949,95,13719,4548,5889,13709,3581,4135,13548,2966,-1776,14155,3691,3353,14592,4971,6161,14996,3948,-1352,14279,3273,474,14348,3270,5626,14342,2790,718,14109,2455,-2917,14190,3202,2167,13561,4092,2962,14006,2643,-1593,13445,3952,-1025,13254,4412,3820,13066,3028,1242,12569,3541,-2026,13951,3847,3550,13217,5738,4278,13915,2665,-588,12848,4009,1595,14137,4086,6132,14101,4286,2064,13873,2804,-319,13647,3925,3909,15090,4927,4501,15319,3447,-311
13983,4036,3998,13836,2783,-1194,13132,2417,-1364,13178,3745,2847,13469,4884,995,13489,3703,-1998,12835,3546,2200,12999,4348,5284,13654,3842,176,13600,3907,268,13551,3354,5859,13139,4174,2819,14778,3418,-426,14109,4177,3205,14375,4294,4526,14902,3131,657,13863,2532,-215,14306,3428,3809,14740,4069,1841,14351,3083,-2876,13720,3154,885,13504,4125,3635,13887,2509,-1107,12788,2930,-1348,13187,4609,3258,14065,4190,1724,12398,3577,-1331,13032,3712,2881,13636,5075,5489,13517,2411,694,12830,2839,534,13763,5046,5718,14913,4266,3686,14263,4386,-1259,14508,3483,3431,14163,3996,4380,14723,2485,-447,14077,2654,-277,14084,4163,3971,14849,3798,985,14161,3446,-3462,13705,3169,1843,13135,3848,3735,13239,2066,-1547,13127,4014,-1422,13773,5337,2937,13214,3803,1861,11920,2460,-572,13805,4341,3468,13666,5435,5736,14076,1953,-419,11714,3370,-342,15492,4522,6216,14470,5905,3494,14912,2739,-1264,13212,2992,2945,14748,3329,4490,14760,2936,-740,14083,3537,-671,14230,3627,4062,14264,3479,653,13822,3677,-3361,13394,2847,2624,12764,3495,3726
14017,4823,1753,13138,4237,5238,13140,1930,1148,12774,3070,1126,14932,4887,5034,14255,5125,3671,14260,2983,-1232,13543,3456,2490,15233,3820,5828,14662,3000,731,13814,2130,-1862,14207,3962,2834,14937,4583,2066,14262,3472,-2421,13088,2616,1517,13052,3623,4205,13813,3048,-1748,12961,4038,-2397,12909,3191,4447,13349,4393,2856,13418,4410,-1450,13632,3605,3076,12373,3550,5045,14142,2213,600,13523,4910,147,14790,4187,5954,13761,4700,3641,14729,3236,-1785,14379,3499,2550,14381,3734,4708,14502,2463,-243,13876,3130,-1921,14386,3731,3713,14357,3634,1504,13707,3173,-3088,13255,2448,1962,12810,3915,3146,13834,3673,-1936,12746,3514,-671,12856,4326,4399,13556,4298,2744,13845,4228,-738,13116,4033,3083,13557,3253,6148,13640,4049,157,14880,3954,109,13746,4611,6442,14910,3789,2213,14303,3326,-952,13957,2369,3554,14384,3386,3869,14612,3554,-1112,14353,3147,-1827,13388,3787,3400,14415,3721,1573,13714,3697,-2862,12664,1916,1836,12597,4220,3366,14485,4095,-1620,12844,4752,-220,13064,3475,5243,13242,4007,1819,13887,3874,-947,13676,3607,4119
15145,2837,-1043,14018,3863,1824,14197,3158,4810,14326,2525,48,14321,3643,-2200,14407,3726,3092,14097,3636,2530,13864,2904,-3197,13624,3355,867,12978,4297,3849,14035,3417,-1102,12603,3834,-1667,13580,3850,3862,13140,4242,3012,13074,2953,-1208,13134,3477,3245,13437,4314,5196,13957,3567,1062,13988,4170,79,14107,4027,5244,14689,3738,4009,14128,3595,-1322,14318,2052,1746,14031,4032,4772,15086,3556,-413,14780,3616,-2138,13561,3644,3512,13801,2905,2024,13556,3562,-2395,13476,2857,1505,12664,4373,3211,14126,3097,-1197,12658,4052,-524,13252,3702,4500,13184,4189,2629,13431,3189,-467,13363,3870,3141,13707,4566,5692,14309,4035,812,14015,3349,149,13837,3881,4993,14920,3823,3299,14744,3152,-1519,13996,2749,1878,14249,3773,4367,15302,3909,-1487,13885,3617,-2200,13305,2545,3612,13356,3236,1982,13859,3104,-2727,12993,3647,1619,13407,4278,3355,13215,3616,-1517,13014,4037,-10,13522,4226,5023,13401,3705,3216,13222,3256,-784,13982,4039,3445,13806,5161,5357,14549,3103,615,13432,3519,655,14755,3962,5394,14914,3762,2728,14088,2811,-2424
13841,3067,2969,13595,2946,-2319,13724,3299,433,13030,4654,3410,13836,3318,-604,12428,3746,-1239,13568,3840,4087,13054,4121,3663,13536,2747,-744,13446,3954,2481,13547,5078,5243,14408,3953,1621,13868,3112,172,13823,3620,4438,14860,3702,4195,14582,3431,-1610,14088,2533,685,13890,4071,4978,15219,3466,-186,14175,3445,-2470,13571,3192,2681,13495,3005,2391,13690,3345,-2134,13430,3648,696,12958,4698,3167,13869,3109,-540,12701,3582,-383,13209,3842,3874,13410,4151,3842,13504,3228,15,13117,3737,2535,13872,5033,5663,15044,3602,824,13249,3235,-108,14460,3505,5035,14836,4044,3936,14678,3206,-1815,13790,2810,1044,14347,4059,4042,15130,3293,-455,13676,3390,-2165,13207,2655,3168,13622,3465,2390,13846,3817,-3376,13158,3944,1144,12757,3994,4286,13415,3128,-393,12867,4078,-257,13816,4031,4840,13240,3462,3220,13471,3289,-1005,13915,4657,3144,14356,4703,5698,14118,3095,682,14039,3528,91,14604,4042,5121,14724,3607,2769,14156,2908,-2511,14182,3319,1298,14651,4105,3997,14118,2898,-1523,13240,2667,-1535,13235,3581,3984,14268,3509,1439
13484,3615,3765,13031,4566,3602,13873,3104,-475,13122,4233,2064,13950,4696,5576,14124,3556,2263,13822,2702,-445,13991,3948,3894,14903,4266,4786,14675,3530,-1277,14053,2769,314,14125,3973,4380,15094,2835,-19,13438,3034,-2243,13311,2798,2803,13907,3923,2723,14064,3694,-2143,13058,4017,-401,12810,4005,4098,13801,3093,597,12611,3715,-742,13323,3976,4120,13537,4354,4331,13814,3049,-512,13198,4110,1977,14081,4735,6205,14473,3120,1616,13562,3180,-458,14562,3683,4606,14659,4246,3748,14874,2820,-2067,13965,3435,176,14329,3435,4481,14291,2564,-577,13884,3465,-2656,13625,3517,3492,13511,3690,2292,13509,3687,-2728,13438,3891,637,12622,4068,4006,13515,2618,573,12585,3935,-180,13988,4186,4520,13185,4348,3989,14094,3496,-399,13435,3776,2636,14235,3991,5876,14206,3009,1148,14280,3548,-508,14545,3947,4500,14775,3491,3222,14560,3584,-2908,14357,3084,1064,13732,3659,4628,14385,2644,-1074,13536,3389,-1455,13169,3863,3369,13662,3665,1056,13451,3692,-2902,13118,3659,1520,12681,3998,4854,13572,2841,297,12978,3977,89,13749,4500,5248
13742,3040,-684,14387,3533,4443,14968,4276,4328,14868,3242,-1478,13847,3384,-840,14361,3982,4013,14696,2574,1015,13312,2399,-2975,13206,2950,2552,13882,4474,2806,14043,4430,-2649,12794,3783,-106,12701,3626,4319,13542,2646,1231,12924,3297,-721,13406,4044,3681,13531,4674,4598,14281,4541,-422,13787,4101,1718,13766,3757,6518,14334,2968,1670,14424,3430,-718,14299,4052,3994,14638,4017,3583,14565,3104,-2271,14153,2942,-165,13963,2945,4650,14131,2424,-217,13337,3360,-2277,13686,3697,3015,13322,4833,2188,14381,3852,-2603,12039,4433,531,13604,2133,5918,12700,3118,62,13347,3984,-652,13699,4831,5672,13807,5043,3976,14135,3740,-717,13757,3113,2093,13416,3803,6102,15051,2682,1639,13705,3709,-354,14864,3592,3645,14624,4050,2461,14769,3270,-3076,13962,2615,479,13638,3217,4973,13852,2736,-759,13595,3437,-2685,13360,4328,2955,13557,4529,1945,13185,4002,-2344,13074,3378,1949,12667,3331,5119,13244,3265,25,13556,4246,229,13872,4765,5581,13761,4399,3826,14084,3039,-676,13911,3090,2345,14336,3613,5541,14770,3186,1034,14175,3879,-893
14366,2957,275,14149,3649,-3204,12876,3738,2430,13326,4528,3189,14043,4236,-1754,12598,3629,-240,12451,2649,4610,13003,3121,2187,13805,4061,-398,13635,4752,4318,13400,4510,4667,14220,3359,-521,13995,3607,1397,14161,3398,6429,14477,2958,2515,14579,3982,-1622,14810,4327,2936,14491,4399,3368,14871,2534,-2282,13413,1880,-206,13402,3260,4176,14272,3741,-106,13312,3844,-2539,12910,3744,2573,13413,4592,3007,13578,3429,-1792,12475,2302,695,12436,3125,5419,13930,4230,1282,14153,5157,-339,13737,4268,4936,13213,4123,4505,14923,3273,-261,14034,3536,1626,13858,3468,5597,14876,3340,1228,14943,4195,-1919,14449,4158,3092,14365,3103,2644,13969,1853,-2149,13529,2398,386,13470,4002,4033,13904,3444,-459,13028,3867,-2978,13231,4245,2839,13403,4391,2971,13221,2782,-1022,12444,2672,2365,12919,4615,5241,14481,4619,1166,13953,4682,-247,13601,3723,5080,13674,3711,4919,15054,3143,-711,13817,3130,1882,14101,3563,5141,14976,3620,361,14768,4219,-1402,14278,3284,2938,13602,2351,2174,13984,2715,-2712,13865,3477,656,13013,4331,4154,13646,3480,-1035
13821,4957,4433,13734,4581,2,13157,4061,597,14352,5278,3556,14759,3628,7874,13099,2419,-215,14081,2355,-954,14788,5274,5642,15164,4162,2012,13932,2925,-1743,14412,2357,2811,14080,3682,1805,14614,2140,-3401,12819,2855,64,13511,4279,4737,13996,4131,1182,12975,3964,-3294,13088,3285,1455,13077,4686,3228,13613,2872,407,12347,2890,2018,13415,5090,5357,14656,4831,1907,13982,3902,-1327,13305,2562,4992,13816,3331,6130,15319,3382,-134,14281,3815,313,14351,3560,3846,14659,3592,449,14824,3875,-2017,14051,2498,3718,12890,2393,3201,14224,2914,-2784,13785,4487,-546,13252,4719,3802,13452,3235,463,12851,3803,-2118,13634,3729,3446,12148,3157,4629,13720,1518,-472,12307,4935,926,15566,6141,6236,13994,4945,2495,13777,2471,-1827,13242,2709,5188,14826,3725,5322,14561,4335,-1329,14597,3645,1452,14163,4276,4047,15123,3050,-755,14109,2136,-2238,13158,1977,2197,13493,3140,2961,14155,3661,-1875,13297,4323,-664,12745,4771,3635,13793,3326,-33,12407,3232,-1016,13195,3432,4509,13230,4474,3086,13665,3418,-104,13202,4255,2520,14159,5248,5919
13783,4077,-693,15035,3963,4573,14338,4535,1995,14884,2052,-3424,12902,1572,1757,13434,2900,3343,14172,3734,-1789,13514,4551,-751,12857,4279,3772,13734,3290,977,12480,3091,-1590,13576,3397,2937,12998,4889,4839,13689,3103,282,13217,4710,740,14418,5307,6043,14152,3667,2992,13662,1936,-1087,13938,3104,4293,14863,4695,4964,14821,4051,-1358,14289,2716,-387,13971,4077,3939,15226,2762,856,13447,2322,-2417,13071,2116,2183,13819,4176,3264,14171,4505,-2422,13363,4658,-1232,12937,3712,4315,13146,3042,1373,13011,3064,-1131,13468,3719,3890,12746,4396,4345,14044,3531,-632,13892,5711,1064,14412,4044,6606,13245,2231,2665,13845,2322,-685,14916,4226,3924,14612,4841,3717,14749,2811,-1838,13973,3673,6,14916,3704,4392,13961,2155,275,13163,2365,-2473,13862,3704,2376,13619,5282,2900,13732,3816,-2211,13171,3089,-637,12582,3583,4556,13444,3439,1306,13163,2738,1063,13464,4889,3625,12772,4226,2790,13951,3810,727,14827,5913,748,14603,2600,7202,12174,2009,2629,14712,2802,-1736,15401,5707,4278,14690,4236,3803,14123,2515,-2321,14525,2283,62
13646,3293,-1242,13414,4550,-2203,13414,4391,3474,13258,3029,2194,12403,2235,-904,13433,3706,3312,13632,5593,5029,14072,4049,-8,13243,4483,9,14435,3633,6339,13738,3187,3722,14296,2474,-1138,14271,3959,2820,14735,4813,4279,14604,3250,-580,14141,3530,-1314,14596,3111,3422,13759,2420,1729,13445,2659,-3370,13888,3467,1814,13361,4845,3737,13812,3580,-2166,12716,3900,-986,13294,3836,4191,13248,2835,2593,12520,2780,-878,13589,4604,3033,14128,5144,5738,13718,4402,-138,13638,3114,387,13981,3417,6849,14155,3105,3167,14751,3519,-1293,14246,3894,3155,14726,3975,3834,14476,3572,-1776,14626,2675,-1196,13279,3294,4037,13899,2072,1158,13462,3303,-3069,13907,4541,2439,13437,5224,3354,13553,2846,-1948,12296,3046,-742,13291,3699,4796,13596,3391,2408,12968,3176,-591,13949,4595,4149,13632,5837,4355,14673,3489,-155,13139,2464,1847,13769,3065,6300,15017,3929,2125,14735,4262,-2252,14429,3202,2399,13914,4156,3915,15573,3080,-1970,13312,2448,-337,13186,1839,4216,13712,3218,-252,13996,4614,-2106,13359,4325,2567,13156,4282,2436,13166,2690,-1396
14113,5762,5447,14265,4876,825,13796,3269,-129,13516,2723,6002,13901,3381,4367,14984,3669,-1311,14189,3854,2062,14557,4091,3660,14567,3609,-805,14976,2827,-1605,13056,2953,3410,13671,1936,2363,13411,3252,-2769,14103,4239,1571,13425,5521,3093,13624,3730,-2091,13102,3273,-812,12807,2639,5453,13138,3013,2865,13257,3977,-1367,13916,5035,3151,13447,5625,4968,14416,3585,798,13555,2613,1374,13885,2385,5313,14108,3305,2645,15294,3896,-2025,14081,5549,2098,15637,3432,6207,13168,2306,-1888,14607,2222,-3384,12874,3986,4860,15089,2315,938,12204,3879,-2573,14391,4219,3393,13065,6142,2108,14170,2052,-1789,11477,2805,514,13463,3372,4640,13756,3968,3111,13148,3980,-1028,13754,4470,3253,13775,5401,5242,15030,2435,416,12645,2400,1682,14533,3165,5965,15003,4769,1580,15022,4086,-2823,13892,3477,2195,14422,4053,3957,15055,2416,-1053,13524,2446,-1619,12921,2558,3711,13747,3577,1083,13874,4855,-2840,13415,4719,2046,13057,3479,3463,12705,1492,-993,12548,2884,564,13827,4682,5014,13942,3831,2774,12689,4595,-1117,14524,5053,4403,14536,5085,5918
14104,3502,1252,14115,3745,4214,14858,3550,-389,14517,2683,-2238,12932,2503,3695,13870,2851,1952,13815,4388,-2778,13865,3816,1132,12513,5031,3363,14045,2658,-548,12581,3486,-802,13242,3459,4655,13083,3648,2944,13482,3693,-536,13801,4609,3269,13756,5427,5474,14535,3125,957,13531,2533,172,13953,3819,5405,15022,4024,3664,14350,3720,-1977,14175,3036,1519,14073,4436,3959,15457,2411,-1344,13004,2544,-1455,13758,2943,3510,13803,3960,1692,13798,4036,-2688,13268,4024,700,13171,4341,3901,13462,2596,-560,12569,3201,-122,13505,3973,4861,13698,4100,2853,13423,4217,-1062,13737,4498,3440,14000,4691,5859,14393,2609,509,13496,3189,393,14572,3676,4986,14649,3589,2625,14555,3436,-2347,14347,3813,1771,14691,3323,3732,13586,1899,-1288,13504,2623,-971,13969,4299,4015,14016,4428,1322,13134,3786,-3253,13223,3682,1334,13347,4074,4141,13247,2623,-103,12562,3357,672,13563,4561,4976,13818,4138,2490,13528,4297,-628,13977,3974,4466,13844,3661,5816,14053,2414,-304,14232,3248,164,14594,4228,4799,14877,3694,2158,14353,3697,-2021,14549,3212,1712
14081,3699,-2925,13186,3898,142,12964,4466,3727,13662,3319,418,12841,3095,-158,13110,3581,3983,12967,4578,2913,14540,3762,-144,13201,4546,2197,13801,3936,6322,14206,2847,1566,13734,3405,-1191,14232,4044,4879,14737,4035,4058,14829,3784,-1978,14304,3388,951,14205,3469,3379,14381,2200,-975,13513,3060,-1454,13817,3731,3348,14158,4900,1677,13484,3218,-2916,12419,2787,686,12983,4413,4178,14169,3262,621,12305,3974,-349,13471,3957,4472,13531,4664,3506,14148,4101,-986,13481,3745,3615,13697,3799,6373,14469,2741,256,13832,3609,-13,14970,4315,4534,14875,4596,3105,14463,2782,-1896,13388,2018,928,14217,3362,3681,14773,3765,-1152,13463,3113,-1537,12823,3454,3865,14087,4106,1111,13511,4368,-3085,13037,2990,1675,12692,3262,4483,13479,3098,49,13141,4339,-71,13827,4657,5314,13647,4374,3209,14052,4029,-1093,13817,3696,3582,13716,2977,5871,13876,2931,-13,14740,4442,3,14971,4819,4839,14158,2986,1619,14055,2023,-2709,14260,2931,1645,14008,3878,4150,14016,2572,-1916,13250,3860,-1650,13981,4540,3976,13722,4169,996,13242,2994,-2265
13770,4934,3757,14297,4189,-851,13350,3792,2500,13491,3828,6237,14745,3415,1911,14393,3754,-591,14179,3487,3524,14078,3832,3440,15333,3633,-1230,14038,3624,119,13736,2428,4143,13926,2150,-294,13899,3387,-2652,13534,4585,3648,13449,4106,2423,13579,3555,-2805,13084,3886,575,13286,3659,4352,12958,2877,886,13128,3944,-149,13830,5177,4714,13685,4769,4144,13853,3256,-880,13632,3050,2286,13897,4050,6263,15030,3190,883,13870,4028,-748,14233,3679,4169,14771,3801,2941,14669,3137,-2708,13915,1719,371,13131,3225,3920,14795,3588,-1185,13776,4438,-1686,13069,3506,3443,13390,3666,1397,13634,4031,-2387,13142,3608,1445,12050,3359,4946,13630,3427,888,13675,4921,-165,13684,4583,5383,13372,3757,3547,14076,3129,-1042,13954,3513,3562,14057,3630,5823,14697,3151,176,14253,3836,-643,14755,4470,3981,14758,3772,2451,14383,2388,-2492,13352,2054,1238,13717,3752,3652,14526,3875,-1697,13068,3945,-1512,12913,3986,3689,13641,4241,1791,13408,3613,-2022,12697,2676,2449,12426,3771,4994,14139,4058,253,13545,4969,687,13592,3687,5590,13470,3475,3192
14443,4068,3539,14687,4129,3380,14506,2703,-2173,13447,1885,-113,13456,3596,3958,14420,3723,-566,13581,3695,-2412,12805,3707,2671,13493,4236,2593,13376,3503,-1592,12631,3102,1123,12865,3517,5192,13794,4265,1087,13926,4743,-390,13421,3955,5072,13221,3946,4222,14911,3191,-353,13878,3904,2110,14208,4111,5379,14838,3101,1103,14389,3933,-1033,14713,3607,3130,14305,3397,2203,14278,2055,-2536,13610,2890,193,13452,4951,4236,14556,2900,-32,12401,3482,-2572,13124,3651,2929,13720,4534,2798,13005,3487,-1616,12964,3148,2338,12774,5153,5609,14648,4064,1006,13383,3963,-211,13649,3480,4570,13999,4093,5818,15039,2891,121,12756,4694,-1115,15775,2591,6852,14270,4325,220,15140,3433,-2392,13540,3926,4838,14784,2035,1759,13064,2944,-3513,14234,3315,1453,13340,4617,3753,13898,3072,-1159,12361,3636,-2375,13126,4035,3258,13428,3789,3411,12862,3297,-1357,13306,4494,2504,13749,4966,6006,13617,3101,576,13260,3468,-116,14328,3937,5541,14623,4052,3427,14477,3791,-1195,14301,3648,2295,14502,4108,5108,14949,2597,-148,13542,2777,-2220,14373,2797,3669
13144,3675,-2770,12989,4080,2251,13351,4174,3861,12851,3176,89,13362,4383,1488,13466,4589,5417,13737,2416,2065,12913,3877,-722,15059,3979,5806,13968,4745,5054,15170,3334,-2107,14088,3873,1301,14440,3398,5064,14712,2882,1032,14354,3600,-2222,13872,2690,3033,13903,3145,1888,13843,3776,-2792,13700,3373,1277,12765,4053,3644,13789,3683,-1362,12836,3455,-1550,12877,3724,3535,13345,4313,4284,13565,3930,-419,13370,4301,1736,13830,4078,6208,13716,3450,1072,13968,3099,-473,14266,4040,5582,14360,4446,3734,15419,3550,-1411,13512,3119,1782,14509,3078,4447,14520,3580,-437,14513,3104,-2029,13399,3563,2438,13814,3864,1899,13967,3218,-2357,13096,3034,765,12760,4078,3592,13690,2991,-561,12444,3692,-209,13360,4255,4300,13662,4784,3610,13409,3586,-415,13439,3474,2440,13524,4618,6369,14741,3748,973,13829,3370,164,14572,4735,4902,15058,4213,2743,14335,2437,-2048,13806,1859,2144,14188,4262,4096,15107,3245,-1039,13537,3167,-2548,13378,3363,3329,14121,4157,1708,13261,3183,-2787,13216,2763,1213,12624,4835,3097,13776,2810,672,12606,4200,-63
14687,4548,902,13255,2152,-53,14281,3406,4562,14436,5463,4501,15999,3701,-877,13028,2507,461,14434,2249,3616,14714,3480,-119,14315,3201,-3334,12743,2885,2472,13887,4034,3733,14079,3746,-2673,12670,3139,-432,12582,3637,4105,13820,3250,723,12672,4793,-1185,14212,4709,4030,13063,4041,4498,13481,2657,-484,13422,3648,2418,14540,4994,5712,14761,3872,2059,13981,3653,-1054,13845,3654,4598,15086,3604,3772,14430,2540,-1682,13720,2488,319,14451,4059,3748,14397,3464,96,13227,3049,-2174,13475,3432,3484,13954,4209,2524,13448,3469,-3270,12831,3404,186,13048,4170,4542,13657,3496,1182,13021,4206,19,13809,4341,4704,13208,4182,3949,13675,2785,-752,13844,4011,2085,14410,4434,6562,14447,3539,601,13633,3600,-817,15347,3808,4034,14235,3974,3458,14291,2118,-1773,14082,2149,711,13820,4060,3682,14764,3604,-1681,13294,3832,-1854,13441,3072,3327,13214,4090,1820,13336,3044,-1968,12402,3230,1573,12992,4959,4482,14653,4598,449,12344,4395,-179,13665,3194,5411,13593,3729,4798,14219,3920,-1687,13941,3087,2735,14291,4929,5638,14996,3650,471
14452,4248,4136,14337,3055,600,13276,3480,-2953,14115,3707,3351,13118,4295,2921,13634,2399,-2553,12290,3352,343,13783,4714,4135,13511,4326,1071,12933,3694,-69,13302,4295,4546,13709,3604,5305,13163,3258,-173,14474,2805,887,13684,4849,6204,15587,3725,1663,14209,4400,-1216,14321,2553,3866,14111,3115,3386,14801,3311,-1769,14329,3218,-507,13521,4168,3939,14172,3244,164,13514,3858,-2575,13266,3404,2330,12949,3423,2402,12850,2685,-1819,13139,3747,1265,13100,4977,4687,14016,3305,1070,12712,4015,-281,14057,3868,4840,13513,4273,4959,14445,2945,-950,13721,3845,1733,15080,5241,5482,14767,4041,1219,14272,2667,-729,13961,3031,3595,14629,3894,2890,14800,2769,-2752,13182,2863,18,13445,3540,4183,14028,3890,-309,13215,3114,-2291,12737,2932,2655,13402,3592,2346,13257,3431,-835,13161,4625,1567,13677,5181,5130,13689,3688,1609,13249,3837,-666,13951,3879,5599,13945,4307,4349,14408,3265,-805,14146,4237,2238,14723,4716,4914,14727,2952,488,13796,1808,-974,13694,2947,3321,15131,3617,2079,13831,3223,-2979,13389,2926,224,13330,4519,4356
13383,4840,624,13807,5219,4313,13323,3934,1983,13185,3715,0,13956,4333,4315,13467,4268,6220,14601,1969,-437,13267,4054,-169,15442,4801,5623,14595,4146,2276,14281,1932,-1443,13581,2540,3213,15005,3903,2961,14571,3408,-2275,13551,3027,-902,13122,3726,4337,14594,3755,708,13037,3794,-3044,12924,2918,1986,12801,3871,3318,13692,3641,-638,12680,4724,1200,13757,4438,5884,13582,3633,1915,13595,3339,-1428,13730,3666,4627,13781,3670,5309,14352,3491,-358,14540,3932,1006,14715,4861,4959,14785,3037,1236,13829,2847,-1468,14162,2871,2962,14137,3637,2778,14617,3136,-3187,13180,2872,-505,13412,4210,4697,13776,3610,-144,13361,3241,-2140,12472,3224,2740,13595,4148,3270,13098,4021,-998,13444,4185,1697,13407,4664,6636,13944,2774,1753,13221,3814,-1199,14719,3538,4954,13489,4726,4890,15118,3419,-825,14164,4494,1862,14660,3725,4667,14276,2150,371,14050,2789,-2238,14087,3275,2914,14343,4049,2623,13547,3195,-3140,13501,3148,603,13198,4296,3896,13794,2920,-505,12234,2992,-1404,13383,4200,3337,13943,4982,3382,13199,3739,-1258,13223,3984,2430
14470,3883,-8,14265,3928,175,14661,4188,4843,14622,2900,2439,14159,2819,-2437,14319,2689,1329,13750,3947,3559,14503,2947,-2157,13324,3643,-582,13631,3613,4263,13142,3335,-33,13036,2734,-2466,12692,3623,2242,13600,4592,4068,13472,4009,-237,13280,4347,1002,13694,4285,5985,13604,3723,2578,13754,3397,-786,14215,3165,4487,13666,4599,5083,15515,3626,-685,14111,4055,306,14609,2889,4355,13912,2511,2122,14774,3087,-2594,13817,3481,2388,13804,3534,3441,13870,3266,-2863,13833,3908,-277,13065,3999,3873,13350,2580,188,12609,3459,-1541,13605,4746,3069,13487,4955,4662,13300,3621,-857,13388,3962,1484,13439,3862,6834,13914,3266,1812,13845,3026,-743,13888,3814,4328,14523,4606,4033,15296,4104,-363,14184,2724,500,13753,3264,4371,14714,2684,686,14337,3134,-2748,13838,3686,2374,13842,4065,2846,13855,3315,-2650,13342,3075,-510,12494,4072,3832,13774,3164,702,12977,4057,-910,13311,4205,3625,12921,4881,3733,14037,3423,-352,13275,3483,2220,13493,3421,6036,14190,3176,1772,14278,4150,-705,14508,4539,4120,14507,4460,4727,14725,2814,-783
13552,4018,3972,13983,3242,-2078,13640,4186,-1728,14052,3897,3095,11733,3290,2410,13891,1925,47,12159,4609,816,13708,5439,3784,14251,3625,1003,12732,4216,458,13800,2817,6821,13562,3564,3357,14216,3134,-1621,14354,4543,3203,14445,4891,5797,15202,3134,602,14279,2825,-1002,14087,3322,3112,14496,2662,1443,14044,3352,-2744,13896,3234,2047,13415,4415,3834,14421,3445,-2259,13071,3547,-2120,11949,2955,4299,13635,3105,1875,12994,3922,-778,13519,4037,2534,12969,5012,3505,14093,3586,895,13529,3983,1788,13637,3452,5787,14267,3218,3295,14185,3822,-1770,14570,4167,2589,14878,4549,5457,14850,2542,-427,13713,2432,-1199,14049,3253,3720,14331,3152,842,13868,3429,-2795,13557,3955,3080,13703,4366,2717,13374,3154,-2828,12996,2280,-563,12128,3776,4392,14502,3780,2399,12837,5049,-944,13658,4200,3272,13398,4509,5326,14342,3547,59,13449,3174,1324,13653,3547,5961,14631,3987,1884,14931,4462,-1078,14047,3609,3807,14332,3189,4242,15025,2613,-1048,13909,3096,-1138,13477,2901,4005,14221,3204,290,14077,4490,-3001,13615,3235,2699,12551,3184,2491
13272,4566,2787,13471,4891,5786,14278,3238,1060,13131,3479,-486,14299,3302,5526,14001,4450,4189,15057,3605,-1270,13902,3681,2070,14469,3693,4480,15202,2912,-153,14017,2895,-1828,13527,2484,3353,14144,3845,1572,14449,4195,-3350,13200,3158,1200,12754,3373,3707,13917,3278,-1036,12782,3825,-931,12760,3723,4092,13162,4114,2680,13922,4677,-1170,13406,4544,3521,13229,3611,6159,13861,2716,329,14274,3459,282,14242,4315,5575,14635,3886,3072,14623,3573,-1623,14545,3541,2498,14469,3895,4529,14655,2336,-1483,13426,2138,-1491,13560,3837,3519,14577,4524,1012,13623,3718,-2613,12853,2710,1596,12648,4241,3374,13850,3328,-745,12478,3594,-59,12909,3573,4952,13583,4711,2747,14309,4044,-822,13352,3512,3967,12983,3735,5279,15122,3288,524,13897,4667,818,14807,3962,5070,14302,3571,2558,14841,3240,-1626,14471,3259,1888,13833,3301,3208,14427,1864,-1623,13587,3439,-1270,13915,4435,4017,13842,3403,1033,12780,2747,-3181,12819,3043,1823,13413,4692,3402,13293,3290,-470,12726,3546,968,13256,4968,5031,14228,4583,2747,13664,3951,-593,13399,3013,3741
14270,2330,-1835,14244,2847,769,14274,3837,3695,14073,2266,-661,13314,3030,-1761,14060,4066,3220,13685,4332,1573,13238,2874,-3119,12694,2745,662,13205,5485,4233,12406,2636,3135,14224,4039,-668,12945,5365,2008,14275,3932,5624,13171,4420,-830,14976,2828,3224,12397,4201,7136,15680,2070,-649,14007,5779,-795,15283,3973,5764,13782,2773,3543,14149,1648,-2341,14759,3254,-960,13870,3856,2921,13622,2350,-806,13398,4224,-1285,13607,4357,4182,13148,3159,1620,12846,2510,-3021,13258,4087,900,12962,5255,4991,13719,3186,1038,12721,4307,90,14670,4795,5536,13836,4425,3510,13886,1878,-841,13246,3110,3360,15010,4840,6192,15299,4212,175,13941,2927,-1714,14155,2589,3531,14476,3583,2736,15052,3556,-2294,13292,2495,1912,13033,3294,3357,14477,3629,-2071,13487,4750,-2039,13149,2819,3577,12630,3059,2407,13648,4155,-1568,13149,4462,2305,12852,3360,5568,13598,2786,266,12533,5941,-485,15535,4434,7268,13131,4152,2990,14843,1369,-2207,13400,4515,4243,15234,4288,5202,14577,4050,-141,14279,2545,52,14425,3479,2740,14735,2044,1045,13492,2649,-3648
13180,4580,2649,12823,1936,685,12661,3705,1534,14054,6020,5276,14297,4365,1423,13048,3267,-1197,13249,3406,5322,14596,4038,5884,14315,3692,-1079,14353,2945,944,14167,4432,4491,15243,3543,946,14346,3560,-764,13879,2737,2890,13924,3052,2627,14280,2676,-3529,13594,3342,-198,13338,4741,4391,13764,3442,-487,12857,3045,-1675,12809,3422,3398,13395,4433,2134,13274,3624,-649,13088,4391,2493,13508,5346,6000,13938,3523,2193,13691,3323,-1355,13953,2500,4969,13691,4021,4759,15246,3744,-989,14491,4405,1823,14737,4262,4061,14695,2553,10,14205,2737,-1676,13719,2969,2809,13789,3246,2312,13594,3486,-2952,13887,3841,241,13103,4941,4128,13565,2483,-768,12024,3118,-915,13396,3787,4176,13342,4817,2612,13367,3215,-301,13734,4342,2642,13793,5219,5638,14238,3276,1392,13646,2560,-394,13893,4035,5549,15160,4386,4480,14868,4205,-2111,14474,3459,1039,14091,4036,4212,14682,2013,-386,13443,2300,-1607,13680,3284,3296,13881,3981,1323,13659,3648,-2885,13195,3546,991,12569,3715,3987,13549,2168,504,12420,3688,-1095,13831,5274,3862,13782,4643,3686
14238,3751,3486,14593,4303,4546,14780,3186,-502,14214,2989,472,14395,4040,4392,14654,2878,274,13681,2594,-3309,13593,3036,2562,13937,4698,3292,13651,3091,-2582,12667,2707,-361,13006,4549,3745,13969,3166,587,12126,3197,-528,13631,4367,3236,13733,5382,4613,13860,3970,-386,13452,3505,1596,13525,4089,6352,14740,2877,2284,13635,3658,-939,14622,3580,4089,14435,4421,3997,15205,2681,-1251,13743,3382,47,14411,3287,4151,13936,2687,88,13859,3015,-3235,13707,3754,2989,13692,4140,2637,13717,3396,-3023,12860,3596,777,12973,4459,4277,13603,3016,846,12358,3564,-524,13681,4613,3940,13855,4671,5128,13703,3631,-520,13469,3294,1342,14020,3988,6672,14499,3335,1277,14339,4004,-651,14511,3951,4702,14684,3592,3306,14518,2888,-2629,14281,2542,69,13618,3892,4025,14312,2703,-705,13452,3683,-1940,13640,4164,3174,13351,4229,2243,13327,3025,-2604,12453,3258,759,13183,4547,4813,13681,3617,994,12805,3755,-102,13859,4240,5308,13611,4542,3945,14284,3177,-1003,13589,2886,2978,13953,3989,6036,15252,4011,663,14336,4186,-836,14577,3283,3525
13124,3317,-2910,13858,3411,2719,13005,4360,3126,13899,2797,-2057,12368,3914,-310,13532,4242,4341,13496,4496,1665,13295,3738,-640,13593,3812,4597,13395,4182,5101,13884,3387,-529,13979,3263,1326,13912,4770,6060,15291,3342,2247,14162,3761,-1357,14529,2638,2606,14089,3361,3446,14719,3079,-1748,14253,3444,-919,13621,4068,4178,13853,2850,545,13314,3021,-2825,13392,3527,2060,13239,4493,2181,13439,3330,-1336,12908,3670,1335,13124,4577,4997,13728,3588,1167,12944,3687,-555,13929,3705,4705,13566,4666,4878,14316,3211,-361,13934,3578,1172,14449,4316,5056,14979,3422,2152,14757,2966,-942,13185,3674,3137,15343,1763,3931,12870,4775,-4747,16432,2930,-706,12074,4761,5989,13835,1866,-1228,12133,3255,-1436,14300,3482,3152,12660,4563,2331,13381,3204,-1480,13033,4734,1083,13800,4393,5963,13348,3032,1947,13172,3407,-610,14435,4339,4949,13810,4603,4023,14317,3120,-694,14273,3769,2679,15016,4600,5342,14669,3231,-504,13968,2595,-1693,14241,3244,2634,14463,3800,3093,14270,3105,-2570,13204,2353,-504,12974,3853,4222,14096,3567,-497,12891,3617,-2023
13046,3145,2932,13445,2915,-1121,13808,4097,3895,14106,4555,5340,14385,3438,46,14211,4070,414,14630,4408,4803,14701,3269,2568,13886,2557,-1785,14109,2638,1601,14467,3857,3263,14386,3363,-2088,13537,3123,-1394,13110,3933,4330,14112,3280,1197,12921,3671,-3190,13117,3184,2291,12968,4804,3717,13719,3680,-315,12860,4256,1046,13738,4090,5739,13577,3381,2592,13430,3755,-1136,14497,3804,3775,13792,4843,5541,14893,3332,169,13990,3671,752,14414,3194,4656,14365,2352,1534,14130,2996,-2813,14410,3245,1976,14000,4424,3594,14233,3393,-2807,13303,3305,-675,13178,3406,4131,13449,3350,-58,13163,3344,-1707,13121,4270,2558,13362,4467,3800,13165,3403,-679,13313,4136,1241,13817,4184,5998,13593,3672,2497,13632,3459,-394,14362,3588,3803,14065,4921,4595,15067,2741,-187,13878,3145,436,14642,3304,4441,14739,3261,842,14377,3371,-3172,13535,2912,3030,13717,3963,3020,14281,3654,-2277,13297,3123,-226,12457,3615,3127,14016,2995,748,12937,4585,-1031,13396,4083,3369,12677,4475,3878,13935,3093,-333,13352,4072,2143,13711,3928,6281,13772,3475,1896
14463,3242,4157,14219,3307,2104,14534,3282,-2761,13919,3016,1535,13520,3973,3835,14155,2862,-1495,13390,3610,-1878,13161,3706,3009,13382,3997,1593,13290,3732,-1499,13074,3833,2636,13060,4433,4574,13497,3310,92,13335,3841,690,13805,4013,5599,13682,3978,3281,14227,3195,-759,13974,4187,2769,14314,4528,5401,15114,3089,520,14273,3042,-642,14051,3190,3736,14578,3479,800,14354,3086,-2997,13665,3040,1648,13501,4596,3265,14883,3603,-1514,12022,2795,-1277,12514,2529,3778,13557,4480,1560,13754,4437,-1241,13073,3797,2595,12660,4498,4809,14115,3432,673,13748,4212,927,13404,4007,6147,14287,3222,3070,13782,3693,-1041,14920,3976,3247,14842,4803,4858,14710,2618,-596,13389,2040,-938,14156,3512,3675,14855,4036,1456,14155,3502,-2801,12947,2508,1988,13359,3311,3483,13810,3587,-2367,13260,3897,-1136,12660,3857,4754,13773,3654,1451,12901,4378,-1522,13803,4394,4086,12759,4192,5200,14359,3318,-170,13410,4640,845,14594,3316,5811,12992,2984,2344,14886,3287,-902,15031,4992,3522,14695,3499,4225,13525,1242,-1575,14157,2752,-1333,14767,4775,4421
13135,3480,-2331,12710,4586,3380,13868,4484,3456,12750,3646,-983,13353,3778,2320,13260,4237,5273,14051,3459,954,13490,4009,268,14163,4121,5364,14248,4524,4302,14998,3023,-1142,13697,2919,1341,14269,3401,5128,15269,3163,388,13969,3728,-2068,13984,2921,3581,13921,3720,1692,14465,3793,-3134,13316,3133,1713,12329,3382,3641,13828,3294,-1267,13188,4694,-1346,13146,3934,3980,12895,3887,3354,13647,4126,-707,13599,4304,2944,13007,3557,5919,13998,3092,336,14332,4097,-156,14164,4698,5695,14473,3640,3716,14397,3262,-1475,14281,3082,2008,14581,3822,4244,14510,3086,-1566,13954,2944,-1644,13759,3944,3523,14082,3700,1266,13754,2952,-2649,12903,2433,976,12645,4066,3386,13931,3891,-653,12839,4574,-845,13002,3650,5117,13220,4355,3162,14115,3915,-1296,13295,3427,3971,13013,4214,5232,15081,3506,268,13915,4643,1077,14653,3883,5182,14448,3413,2565,14622,2973,-1517,14308,2975,2308,14130,3981,3572,14681,2395,-1454,13673,3010,-1573,13383,4079,3587,14179,3316,1458,12774,3086,-2720,12926,3442,1707,13279,4723,3629,13555,4088,-795,12977,3468,521
14780,3500,1892,14421,4242,-358,14536,3862,4067,14401,3743,4082,15062,2830,-1222,14192,3435,332,14171,3332,3877,14073,2312,-511,13688,3285,-2668,13805,4218,3472,13605,3786,2378,13007,2685,-2984,12741,3531,674,13363,4643,3994,13332,3537,332,12728,3720,-84,13575,4605,4762,13653,4578,4121,13973,2949,-885,13263,3433,1972,14347,4250,6409,14849,4015,1353,14296,3738,-717,14222,3398,4048,14630,3553,3026,14994,3134,-2312,13804,2490,508,13361,3349,4014,14899,3535,-1251,13572,4082,-2029,12974,3091,3581,13037,3681,1771,13707,3713,-2393,12831,3793,1270,12435,4003,4603,13568,3620,685,13616,4873,356,14321,4036,5496,11438,3982,3647,16459,2581,418,12311,4466,1724,15416,3124,5114,14361,5179,1685,15372,3275,-1352,12859,2857,4853,15076,3012,2202,15076,3812,-3634,13532,2548,1821,12497,3297,3393,14860,3669,-1415,13835,4213,-1734,12546,3357,1950,12580,2438,3174,13470,4211,-2118,13316,4682,2076,12668,4108,5578,13689,3236,-906,13820,5040,756,13935,4046,7238,13318,3450,2665,14575,3190,-1616,14636,4383,3707,14395,4668,4259,14587,2672,719
13611,4298,3475,14292,3544,596,12964,3429,-2663,12403,2999,1895,13204,3975,3211,13482,3379,-700,12389,4385,771,13816,5206,5446,13658,2810,1872,12947,3113,-239,14302,4100,5282,14466,4984,4667,14370,3696,-794,14569,3989,1491,14378,3691,5387,14673,2075,1060,14250,3156,-2042,14422,3254,1774,13632,3310,3235,13878,2538,-2547,13590,3730,512,13288,4253,5104,13499,2908,-1625,12893,3925,-3191,13187,3972,3784,13201,4013,3577,13161,3184,-170,13537,4920,1994,13922,5439,5075,14187,3332,1703,12687,3129,-126,14672,3200,5318,13931,4764,4986,15230,3596,-2152,13687,3460,874,14260,2863,5440,14913,3195,245,14425,3328,-1908,13618,2748,3283,14090,3732,966,14078,3912,-3206,13436,3338,1191,12793,3431,3780,13643,2968,-682,12872,4268,-1540,12871,3860,4188,13316,4796,3648,13564,4476,-893,13110,3619,3257,13375,4353,6145,13718,2360,1209,14639,3578,-888,14533,5115,4980,14728,3946,3710,14237,3009,-1791,14603,2367,2362,14573,3985,4601,14675,2717,-1423,13482,3054,-2478,13918,3942,3404,14238,4516,2311,13317,3794,-3202,12771,2245,1036,13047,4609,3104
13103,4071,1370,13907,4223,7148,14608,4092,1510,13391,2097,-1421,13797,3491,4432,15299,5384,5023,15191,3478,7,13598,2325,-591,14297,3538,2935,15204,2941,688,13484,3110,-2897,13402,2673,2701,13614,4485,3381,14211,3427,-3117,12647,3402,-545,12587,3140,4803,13538,3261,681,12884,4632,-1104,14149,4501,3696,12819,4227,3634,13598,2637,12,13344,4132,2441,14801,4441,6169,14307,3846,1609,13945,2883,-863,14511,3759,4402,14910,4353,4021,14900,2755,-1101,13737,2654,-56,14405,3670,3415,14486,3482,-70,13493,3014,-2291,13188,3399,3520,13730,4232,2410,13597,3773,-3222,12315,2373,795,12906,4180,4508,14081,4056,606,13064,4438,-137,13282,3844,4296,13544,3905,4397,13503,3699,-291,14590,3405,1895,13808,5125,5795,14811,2652,1446,13894,4355,-861,15193,3643,4188,14058,3209,3294,14316,2372,-2489,14402,2398,216,13730,4462,4093,14313,2998,-1007,13203,3658,-2101,13510,3429,2868,13428,4438,1703,13053,2600,-1916,12399,3238,1868,13001,4820,4619,14815,4665,410,12489,4012,-507,13770,3049,5267,13307,4709,4941,15036,3738,-1042,13530,3390,2589
14464,2736,-1309,14958,3591,-1193,13648,3910,4434,13825,2545,190,13386,3625,-2782,13737,3200,2932,12806,4525,2484,13731,2500,-1500,12761,4063,45,13231,4553,3868,13505,3793,2197,12702,3621,-263,13646,3673,4431,13595,4571,6092,14658,3654,-1102,13405,2902,994,14096,3990,5971,15254,3931,1863,14505,3504,-1005,14077,2483,2971,14419,4075,3302,15286,3750,-1583,13750,3134,-950,13124,3163,4082,14079,3237,547,13557,3753,-3286,13144,3461,2124,13159,3859,2957,13229,3006,-851,12748,3966,1025,13427,4561,4724,13683,3350,1998,12935,3530,-891,14081,4170,4694,14023,5166,5180,14641,2965,-584,13517,3679,1408,14862,4586,5384,14814,3415,1749,14306,2752,-1369,13985,3434,2577,14958,3804,2734,13999,2914,-2713,13406,2470,-211,13251,3866,4630,14224,3554,46,12685,3725,-2785,13477,3600,2563,13109,4320,3034,13083,3300,-814,13309,4489,1748,13405,4490,5519,13669,3069,1440,13128,4139,-714,14929,4474,5261,13687,4354,5297,14343,2730,-922,14041,3813,1546,14923,4030,4955,14434,2758,397,13936,2404,-1550,14416,3753,2867,14492,4146,1959,13575,2534,-2707
13032,3460,3718,13348,2942,-343,12979,4640,-296,13624,4302,5423,13255,2839,2980,13017,3792,-476,14264,4525,4404,14065,4574,5626,14339,2791,-632,14063,3612,1049,14889,3919,5048,14542,2979,2183,14167,2520,-1856,14439,4039,1269,14782,4541,4013,14454,3046,-1938,12661,2328,-1199,13125,3375,4633,14066,4027,177,13309,3872,-2842,12781,3083,2366,12951,4234,3732,13464,3747,-302,13272,3364,1337,12958,3748,5473,14102,3436,2329,13758,5196,-1064,14821,3915,4179,13291,4393,5683,15223,2747,-458,14206,3796,450,14499,3483,4392,14217,2502,1402,14172,3754,-2402,14782,3436,2369,13956,3787,3163,13353,2194,-2527,13289,2919,32,13214,4320,3944,13833,3805,-259,13027,3012,-2050,12897,4377,2649,13772,4441,4285,13171,3882,-505,13170,3721,1643,13517,4488,6820,14199,4057,2112,14105,3853,-1255,13797,3418,4520,14079,3885,4467,15214,3170,-537,13819,3034,919,14272,3048,4314,14444,3646,621,14935,3781,-2530,13588,3401,2585,13397,3186,2792,13865,2597,-2603,13416,3693,-677,13055,4498,3809,13744,3557,366,12796,4130,-940,13481,4114,3611,13058,4547,3962
14331,3398,3157,14079,4776,5362,15004,3296,512,14046,3159,283,14467,3099,4132,14352,3176,2100,14803,3493,-3589,13943,3318,1113,13842,3908,4076,14023,3154,-1186,13734,3308,-1204,12890,3897,3039,13585,3536,1080,12910,3616,-1769,13169,4062,2444,13280,4494,4648,13427,3210,-111,13111,3133,1145,13301,4044,5129,14223,3912,2960,14299,3370,301,13775,3914,2849,14628,4787,5499,15335,3397,-4,14080,2789,-1175,13814,2961,4332,14883,3591,1581,14448,3796,-2715,13755,2961,2014,13227,3895,3487,14375,3148,-1555,12916,3424,-1120,12713,3537,3351,13442,3488,1445,13070,3737,-993,13174,4090,2765,13106,4760,4289,14103,2818,1141,12898,3734,856,14015,4587,5559,14388,4259,3494,14045,3654,-1530,14272,3684,3294,14717,4073,5425,14779,2638,-1214,13938,2716,-890,14175,3743,3936,14682,3375,1253,14030,3505,-2923,13508,3108,2211,13154,3580,3155,13663,2669,-2710,12886,3759,-581,13243,4118,4199,13564,3852,1388,12808,4063,-982,13695,4553,3677,13240,4636,5032,14189,2853,427,13001,3737,1244,14299,4208,5707,14372,3898,2510,14613,3397,-1303,14067,3602,3620
14241,4052,-2135,13381,2329,806,13078,4081,3473,14536,3330,-1421,13519,3532,-2067,11360,4081,3913,15168,2890,4371,12114,4880,-2480,13509,3572,758,12992,4665,6589,14148,3963,1089,13385,3098,1331,13744,3824,4882,14012,3822,3517,15365,4412,-1588,13363,3879,3400,14930,2434,6265,14344,2105,-857,14481,3190,-2967,14224,3972,3353,14414,3568,2697,13702,3195,-2794,13423,3616,1647,13880,4345,2653,13416,2905,-2014,11982,2947,-144,13454,4587,3530,13742,4202,2750,12757,3391,-960,13504,3941,2232,13324,4395,5240,14555,3045,1684,12787,3630,880,14580,3470,5332,14231,4356,3091,15089,3212,-2106,14085,3599,2736,14809,3098,5156,14373,2742,-1493,14041,3319,-1664,14089,4083,3923,14100,3836,1454,13442,3400,-2338,13349,3132,1204,13270,3591,2641,13319,3393,-1187,13028,3494,1128,12871,3968,4357,13026,4173,785,13613,4428,227,13636,4101,4123,13795,3429,5911,13322,3341,101,14595,3126,-56,14100,5919,5106,15455,3659,3331,13851,3005,-486,14530,1843,2441,14232,3804,2888,14738,3044,-2111,13680,3515,-1195,13657,4070,4155,13955,3567,978,13623,2513,-3233
12804,4568,3677,14177,4159,-945,13381,3998,2430,13014,3414,6170,14200,3388,1217,14373,4448,-231,14329,4377,4949,14538,3606,3619,14493,2768,-1248,14385,2828,1423,14441,3771,3886,14793,2624,-911,13697,3079,-2327,13632,4162,3108,14166,4098,2506,13526,2803,-2354,12500,2538,159,13071,4303,3630,13927,4249,67,12782,4059,-508,12786,3726,4849,13373,4360,3775,14235,3308,-723,13008,3234,2676,13566,3993,5829,15115,3929,1445,14365,4325,182,14466,3345,4587,14169,3227,3318,15132,2678,-1709,14201,3418,785,14104,3687,3785,14391,2703,-739,13728,3894,-2168,13780,3859,3658,13316,3124,1890,12979,2740,-3024,13100,3872,1489,13276,4779,3898,13116,3086,-135,12911,3581,522,13521,4360,4871,13763,3563,3509,13432,3098,-600,13789,3705,2659,14302,5025,6031,15341,3800,778,13988,3810,-393,14263,3212,4408,14779,3076,2835,14674,3019,-2844,13928,2476,942,13658,3852,3935,14856,3859,-1521,13262,3538,-1446,12661,2791,3765,13201,3253,923,13707,3743,-2309,12827,4009,2314,12441,4055,4171,13690,4281,146,13658,4527,817,13529,3519,5779,13386,3290,3318
14308,2752,4521,14677,3554,3805,14435,3173,-2933,14179,2715,80,13403,4348,3727,14389,2810,-16,13245,3681,-2385,13282,3316,2618,12376,3595,3053,13272,2921,-1294,13207,4223,1031,13578,5577,4497,13755,3618,1560,12852,3672,-652,13917,3477,5556,13863,5061,4668,14575,2564,-676,13029,3480,2163,15381,4870,5474,15328,4719,1077,14015,1861,-662,13329,1978,2811,14864,4211,2139,15044,3289,-2623,13163,2896,-650,13163,3499,4297,14158,3416,281,13139,3606,-2574,12648,2834,2595,13029,3975,2495,13452,4235,-1770,13512,4773,2039,12949,4321,5850,13683,2717,1213,13769,3932,132,13892,4109,5123,13902,3722,4014,14135,4037,-422,15039,4109,2450,14457,3695,4783,14235,1616,644,14088,2402,-1979,14696,4721,3169,14454,3659,2939,13457,2719,-2899,13671,3267,388,13801,4564,3960,13319,2724,-959,12554,2845,-1937,12906,4656,3736,14509,4976,3113,11910,3642,-814,13795,2689,3112,12680,4303,4913,14927,3703,993,13254,4704,-204,14888,3472,5000,13237,4215,4602,15474,3316,-1144,13851,3766,2215,14687,2826,5261,14233,2610,-1301,14911,3087,-2453,13535,3815,3461
13286,4266,-3132,13088,4080,2709,12758,3600,5138,13430,3892,-822,13951,4890,1341,13367,3793,6233,13185,3001,1825,14110,4033,-826,14830,4495,4849,14096,4147,4264,14719,2876,-955,13970,3069,648,14601,3398,4744,14371,3444,1386,14703,2908,-2993,13490,3719,2376,14136,3575,2852,13759,3266,-2462,13195,3149,-150,12289,3625,3944,13850,3078,851,13263,4968,-1295,13817,4897,2804,12694,4495,4228,13306,2647,-685,13209,3735,2151,13941,4536,6766,14540,3339,1395,13617,3197,-713,14704,4073,4606,14674,4642,4442,14734,2589,-826,13674,1962,581,14183,4118,3767,15579,3458,-812,13533,3560,-2866,13385,2944,3290,13517,4133,3197,13876,3161,-2420,12765,3307,-365,12767,4304,3843,13623,3488,336,12793,4051,-761,13649,4150,4654,13270,3778,3901,13696,3004,-960,13624,4198,2086,14615,4833,5630,13677,2961,2659,13979,3109,106,14960,5097,4114,15031,4065,3376,14154,1993,-2514,13707,2965,443,14884,4261,4512,14172,3156,-496,13270,2890,-2715,13385,3664,2838,13983,3987,2862,13115,2584,-2396,12291,3238,635,13950,4858,4750,11810,4155,340,15239,2467,1282
13655,3597,3457,14595,2999,-2203,14401,3581,3614,14413,3944,4594,15111,2915,-1005,13853,3770,-182,14407,3626,3530,14171,3153,662,13692,3400,-3033,13487,3326,2351,13048,3475,3171,13355,3221,-2150,13272,4363,-204,13178,4582,4237,13330,2835,2195,12615,3656,-1198,14262,4252,3963,13214,4570,5571,13859,3415,-781,13874,4118,887,14429,4328,6318,14328,3551,2003,14138,3553,-787,14404,3067,4047,14346,3563,3542,14650,3355,-2252,14678,2937,-1084,13366,3347,4073,14071,2751,2,13475,3884,-2568,13522,3271,2721,13077,4312,2125,13510,3546,-1346,13301,4171,423,12732,3964,4725,13344,3008,1459,13035,4439,-1052,14225,3795,5543,12898,4599,4221,14634,3020,-782,13968,4095,2531,14212,4006,5609,14648,3558,1799,14590,3086,-618,14477,2929,2506,13989,3699,2507,15211,3206,-2273,13700,3575,-173,13569,3219,4469,13552,3226,-132,13708,3928,-2652,13314,3960,2651,12850,4168,2544,13304,3112,-1286,12965,3825,1598,13195,4160,4625,13846,3033,1595,12867,4151,-164,14220,4451,4834,13884,4715,4992,14433,2650,-375,13286,3078,1582,14898,4284,5360,14878,3545,960
13355,2525,3757,13379,3023,1162,13918,3558,-2675,13247,3810,1941,13264,4816,2978,13283,3575,-1376,12895,3483,339,13346,4033,4546,13424,3513,2717,13162,3321,-237,13782,4603,3573,13911,5336,5061,14495,2995,542,13421,2835,871,14645,3767,5391,14944,3867,2237,14510,3196,-2429,13800,3195,2510,14937,4280,3758,14655,3345,-1954,13476,2326,-1305,12998,3168,4056,14053,3393,827,13542,4192,-2893,13094,4429,1598,13073,4074,3259,13564,2977,27,12927,3810,826,13127,4144,4747,13339,3029,2992,13662,4404,-1309,14600,4200,4007,13365,4472,5685,14693,2347,-491,13932,4007,1135,14628,3914,5515,14738,3229,1636,14710,3372,-2587,13859,4354,2402,14551,2125,4181,12967,3908,-4028,15211,2465,-81,12598,4029,5028,13271,2728,-876,12765,4083,-1170,13931,4222,2583,12740,4589,2886,13365,2989,-555,13253,3736,1450,13369,4083,5927,13908,3336,1962,13250,4783,-1486,14935,3878,5278,13477,4490,5111,15107,2381,-897,13935,3445,1676,14737,4009,4122,14582,3514,209,14273,3634,-2297,14137,2917,2354,13967,3245,3145,13627,2229,-2417,13116,3123,-460,13199,4798,4160
12933,3805,785,13575,3437,4858,13254,3810,3136,13847,4433,-685,14698,4712,3001,13763,4165,6141,14732,2626,71,13810,3564,-34,14923,3596,4540,14039,3794,2107,14809,3297,-1985,14408,3591,1411,13739,3483,3468,13824,1920,-1474,13102,2847,-1456,13667,3903,4173,13597,4368,623,13306,3522,-2225,12829,4031,2122,13407,4136,4467,12931,3035,-50,13162,3473,791,13771,4647,5897,14078,4613,2759,13799,4239,-1028,14402,3333,3781,13649,4005,5386,14964,2591,333,13902,3066,196,14238,3568,4256,14850,3432,1281,14785,3704,-3435,13654,2624,2076,13606,3226,3612,13785,3026,-2229,13692,3303,-655,12766,4904,3453,14190,4031,665,12918,4226,-1836,13368,3316,3275,12552,4127,3880,13893,2593,-206,12996,4156,1798,13774,4424,4914,13744,4344,2525,14412,3376,-164,13845,3634,3467,14210,3687,5507,14764,2439,-532,14172,3575,-866,14643,4065,4216,14984,3550,400,13600,2895,-2412,13876,2548,2664,13451,4064,3052,14450,3276,-1687,12833,4126,-924,13068,4497,3835,13723,3894,1018,12709,3533,-1379,13065,3000,3830,12928,3821,4492,13619,3110,-557,13702,4278,2015
14961,2945,1225,14079,3785,-643,14990,3619,3199,14189,4387,1987,15075,2868,-2471,13370,3151,1449,13653,3574,3959,14069,2975,-1293,13114,3667,-2119,13232,4177,3232,13591,4305,1877,12988,3273,-1519,12709,2920,2899,12727,3876,4139,14015,2962,425,13317,4094,947,13778,4716,4973,14126,4322,3826,14604,3324,-698,13790,3894,2243,14607,3763,6166,14752,3454,33,14813,3455,-1419,14005,4321,3538,14993,2873,968,13543,2929,-2567,13751,2534,1622,13422,4253,3404,14213,2893,-1489,12017,3329,-1407,13211,3917,3982,13809,4157,1616,12698,3766,-1319,13294,3103,3068,13256,4495,4653,14210,3907,508,13833,4804,1101,13815,4681,6055,14343,3079,3220,13901,3002,-955,14598,3485,3240,14778,4323,4786,14613,2538,-1333,13594,2983,-1012,14448,3412,3854,14402,3743,1178,13828,2925,-2589,12917,2151,2192,13088,3812,3203,14497,4181,-2700,13626,4933,-937,12618,3274,4826,13374,3263,1260,13224,4519,-1109,14062,3825,4536,12407,4169,4935,14518,3475,-468,13721,5107,973,14376,2912,6189,12911,2677,1962,15077,3482,-987,14919,4580,3813,14041,3019,3685,13720,2031,-1857
13187,4192,3745,14149,3075,-1674,12909,3939,-2389,12721,4295,3537,13834,4146,3318,12581,3832,-1067,13375,3244,2510,13058,4599,5395,14577,3475,530,13474,4232,192,13805,3574,5691,14253,4092,3907,15053,3337,-1225,13889,2898,2353,13986,3615,4849,15345,3267,-27,14131,3663,-1806,13720,2517,3445,13851,3210,1599,14340,3859,-3125,13380,3526,1744,12548,3898,3610,13961,3785,-1422,13290,4419,-1184,13020,3408,4269,13005,3058,2926,13626,3814,-849,13383,4468,3323,13301,4228,5287,14297,3481,250,13846,3816,260,14084,3945,5884,14343,3479,3363,14465,3444,-1326,14183,3406,2623,14597,4069,3905,14930,3251,-1667,14057,2606,-1504,13334,3515,3540,14727,3466,1234,13560,3589,-2373,13103,2872,1552,12882,4307,3001,14003,3643,-1244,12794,3745,-574,12551,3576,4968,13511,3980,2675,13672,4395,-1119,13415,4115,4068,13379,4193,4820,14508,3124,288,14022,3688,1571,14267,3842,5169,14737,3058,2741,14530,3393,-1476,14385,3721,2060,14647,4121,3886,14532,2411,-1607,13377,2434,-1316,13523,3562,3892,14200,3782,764,13369,3838,-2994,12863,3995,2048,13265,4522,3546
13437,4396,2859,13568,4333,5656,14269,3367,1157,14023,3982,227,14393,3617,4911,14326,3619,3749,14659,3350,-1497,14673,3540,1102,14348,4451,3821,14916,2201,-458,13071,2684,-1710,13731,3444,2957,13903,4112,2138,13390,3294,-3082,12719,3491,284,13251,4304,4198,13596,3565,-42,12733,3248,-409,12755,3702,4787,13668,4816,3420,14295,4128,-923,13248,3881,2832,13598,3821,5888,15019,3587,1500,14316,3733,-76,14184,3444,4351,14383,3916,3061,15314,3455,-1791,14096,3604,1224,13999,2671,3733,13912,2333,-1236,13784,3437,-2101,13634,4088,3972,13243,3718,1669,13357,3528,-3133,12956,4142,1472,13299,4260,4097,12957,3027,292,12930,3538,776,13950,4848,5112,13075,4507,3159,15031,3370,57,12611,3231,2715,14286,3428,5209,15076,4194,1385,14941,4894,-688,13743,2965,4938,13769,1943,2963,15300,4084,-3711,14948,3685,1647,12449,2223,4344,13824,1907,-2584,14594,5050,-927,13789,5460,3039,12504,2792,912,12512,1924,-1377,13569,4849,1053,13421,4751,5001,12771,2323,638,13182,4571,-813,14507,5659,6610,13511,3804,3507,13492,2152,-2050,14042,3228,4947
14102,3071,-2662,14709,2148,6,13532,3601,4492,14274,2707,-2037,13343,4075,-1998,13664,4215,3951,13122,4727,1693,13447,2658,-1901,12339,3558,1042,13319,4087,4812,13389,4258,820,13299,4114,85,13379,3191,6146,13512,4388,3947,14768,3343,-855,13805,3256,2397,14009,4118,5398,15364,3957,817,14102,3544,-359,14497,2827,3480,14395,4019,1879,15186,3310,-2459,13192,2626,669,12946,3297,4281,14217,3395,-422,13525,4025,-2467,13126,4336,2229,13360,4132,2169,12907,3203,-931,12784,2760,2870,12650,4529,4947,14583,4079,261,13829,4349,-29,13133,4030,5036,13884,3609,4578,14649,3367,52,14114,4002,2077,14877,4025,4574,14189,3330,69,14735,2996,-670,14178,4667,3487,14763,3011,2372,13739,2655,-3211,13693,3039,67,13389,4306,4417,13340,2633,-797,12802,3766,-2002,13603,4330,3382,13133,3332,2343,12235,2950,-1102,13690,4894,3148,13717,5112,6050,13605,2680,654,12721,4120,-376,15213,3765,6591,14410,5327,3368,14855,2817,-1380,13412,3448,2454,14802,3968,4110,14940,3103,-29,13937,2768,-851,13848,3175,3179,14304,3240,1127,13715,3470,-2997
13881,4562,3298,11223,3859,-34,15623,2864,2227,12071,5956,3070,15266,1804,2070,11825,5076,488,16196,4513,3732,12431,4861,6654,15064,695,-1620,13108,5128,839,16408,4864,6510,13925,2561,746,13469,1325,-2709,14783,3521,2273,14630,4744,1359,13803,2574,-2165,12933,2501,1024,13358,4463,3798,14054,3179,-541,12537,3105,-2103,13215,4219,2845,11532,4524,4432,16136,3512,17,11777,4718,-65,14402,2922,5920,12856,4417,2792,15393,4386,-1593,13050,4467,6496,14917,2152,3919,13263,4098,-1776,15585,3101,2457,14021,3985,5251,14286,2195,-78,14365,3585,-2891,14007,3740,2763,13915,3398,2834,13567,2820,-2349,13524,3274,495,13238,4969,2894,13755,3265,-218,12468,3641,-857,13352,4021,4114,13411,4702,3482,13606,3108,-986,13016,3678,2807,13266,4050,5961,14764,4071,729,13898,3704,224,14062,3978,4618,14272,3602,3707,15016,3714,-1435,14309,3005,1632,13782,3658,4214,14929,2388,-958,13875,3423,-1542,13760,3731,2983,13913,3380,2000,13202,3303,-2759,13517,4029,557,13410,4659,3949,12717,2772,-521,12781,3752,-492,13629,4698,5353,13496,3962,3302
13687,3374,4187,14235,4175,4590,15377,3525,-345,13967,3050,53,13950,2853,4164,14766,3462,209,15010,3710,-2673,13445,3126,3061,13422,3215,2873,14049,3541,-2201,13238,3413,-144,12802,4215,3668,13901,2986,663,12914,4434,-1804,13666,4072,3591,13093,4288,4269,13101,2887,-451,13299,3160,2896,13634,4667,5828,14689,3448,1356,13668,3497,-279,14594,3988,4098,14902,4664,4236,14435,2775,-1095,13818,2082,273,14313,3960,4477,15313,3454,-277,13734,3721,-2945,13417,3278,3256,13697,3697,2985,13691,3389,-2928,13032,3233,43,12634,3604,3864,13475,2887,380,12750,4361,-664,14035,4594,4550,12979,3841,4118,13498,2558,-1055,13412,4422,2281,14791,4628,6514,14044,3865,1241,14435,3557,-274,14712,4495,4691,14395,3644,3020,14401,2130,-1786,14055,3149,1056,14930,4038,4099,14002,3259,-777,13394,2972,-2020,13404,3628,3578,13691,3602,2242,13029,2926,-3002,13119,3074,562,12816,4570,4417,14007,3790,640,13007,4591,-245,13687,4337,5549,13585,3730,4162,13342,3382,-1427,14394,3804,2591,13752,4530,6421,14903,3454,418,14141,4238,-240,14680,3653,4211
13703,3343,-2449,13683,2556,2102,13166,4203,3048,14235,3099,-2492,12594,3619,-615,12994,3189,4612,13743,4148,848,13115,4692,-1585,13519,4004,4065,12923,3931,4545,13924,2996,193,13430,4017,2279,14291,3781,6058,14073,3466,1001,14752,3978,-838,14601,4182,4349,14183,2926,4301,14215,2341,-1267,14348,3246,-631,14429,4129,4080,14344,3299,-313,13447,3083,-2640,13300,3620,3963,13824,3985,2407,13308,3147,-3086,12782,2747,463,12632,4582,4262,14196,3946,1296,12913,4126,-371,13681,3656,4648,13162,3923,3894,14004,3471,-673,14025,3451,2334,13767,4062,6534,14811,3879,1139,14613,4294,-1063,14481,3393,3553,14112,3107,3275,14418,2948,-1528,14681,2974,132,13606,4199,4067,14244,2699,-1305,13072,3683,-1966,13743,3336,3840,13207,4261,1753,13600,2584,-2299,12441,3883,611,13370,4486,5133,13532,3760,831,12986,3945,-222,14060,4038,6099,13230,4357,3867,14377,3152,-1317,13813,3349,3012,13961,4418,5543,15374,3695,866,13968,3564,-444,14312,3103,3493,14140,3353,2989,14933,3345,-2658,13687,3189,842,13491,3886,3657,13795,2916,-1359,13549,3277,-1729
13832,3661,1703,12510,4141,-1007,13996,3741,4485,13280,4144,5069,13821,3017,-499,13880,3576,1371,14141,4544,6389,14659,3514,1659,14379,3461,-983,14346,3308,3679,14377,3362,3677,14536,3170,-1854,14433,3286,-849,13653,3871,4237,14108,2869,-89,13554,3280,-2717,13503,3264,2830,13176,4276,2061,13679,2848,-1577,12700,4138,404,13456,4323,4752,13400,3771,1217,13152,3307,-715,14028,3361,5178,13134,4678,4092,14379,3555,-310,13868,3724,2353,14069,4402,5436,15017,3400,1866,14253,3433,-1116,14268,2616,3106,13975,3511,3323,15189,3404,-2832,13881,3459,445,13460,3441,4234,14010,2870,-704,13491,3566,-1777,13430,3631,2866,13125,3683,2266,13393,3317,-1523,13115,4454,1253,13306,4514,4916,13419,3374,824,13482,3066,703,13033,4299,4742,14180,4411,4039,14401,3725,-186,13652,3444,1507,14265,4015,5678,15205,3090,1101,14178,2685,-1902,13934,3307,3245,14621,3519,2539,14718,3204,-2438,13798,3534,393,13346,3788,3845,13943,2595,-923,13041,3394,-2235,13024,4051,2962,13378,4461,2553,13330,3227,-969,12881,3935,1670,12989,4789,4752,14346,2764,1534
13186,3323,5612,15137,3923,2402,15128,3499,-940,13452,2401,2412,13615,2806,3137,15327,3902,-1697,14437,4326,-371,13425,3543,3609,13715,2873,3,13928,3563,-2797,13705,3894,2086,12121,4160,4022,14154,2696,-652,12212,4658,-373,13614,4499,4602,13439,3473,2618,13144,2738,-566,13905,3315,5084,13273,5236,4644,15342,3291,-843,13015,4145,2085,14742,3465,5936,14789,2841,1811,14437,2716,-1680,14001,3659,1846,14665,4283,3176,14493,3680,-1719,13892,2903,-538,12963,3788,4146,14492,2799,-467,12980,3649,-3247,12449,3012,3474,13419,4284,3400,13486,3921,-1217,13160,3738,1069,12653,4066,4459,14066,2917,2041,13837,4016,430,13616,4071,4837,14203,4516,4349,14879,3875,-1241,13690,3395,1412,14589,3536,5900,14720,2918,1621,14291,3019,-2690,13960,3455,2253,14242,3557,2943,14356,3231,-2326,13402,3225,1002,13160,3533,3764,13649,2719,-1751,13411,3424,-1943,12562,3995,3831,13939,4310,3731,13141,4553,-1186,13564,3547,1507,12601,4109,5882,14530,3003,1401,13556,4249,23,14123,3827,5361,14124,4519,3858,14867,3405,-1278,13966,2731,2511,13874,2747,5247
13963,3837,-1402,13612,3954,4034,13437,2314,1124,12813,3264,-2961,13508,4478,2293,13298,5167,3565,13223,3784,-857,12948,3696,1140,13290,4165,6093,13784,2912,2633,13291,3361,-1349,13794,3790,3531,14341,5203,5501,15242,3853,-19,13732,3437,1203,14178,2810,4867,14545,2741,1081,14753,3624,-2462,14221,3540,2148,13713,4080,3319,14806,3965,-2413,13550,3464,-781,12541,2237,4127,13304,2917,280,13649,4216,-2287,13101,4438,2841,12526,4469,3730,13959,3397,-802,13126,3936,1937,13266,3159,6304,13561,3023,1683,13941,4368,-1317,14670,4730,4803,14169,5032,5204,14957,3012,-539,14047,2733,931,14128,3403,4557,14849,2973,563,14429,3308,-2529,13553,3643,2977,14374,4454,2737,13833,3261,-2802,12900,1680,60,12347,3153,3758,14225,3802,49,12999,4624,-1364,13159,4222,3815,13070,4674,3675,14085,3651,-653,13036,3575,2345,13594,3200,6100,13850,3847,1128,14594,4453,-419,14366,4633,4875,14308,3675,3969,14679,2270,-979,14059,2410,1337,14351,3814,4071,15074,2851,-790,13510,3437,-2289,13990,3994,3021,14099,3937,2623,13212,2247,-2465,12725,2116,-5
12859,2585,-765,13381,3560,172,13564,4416,7883,14127,3223,2900,13500,3667,-2370,14940,4788,4250,14562,4825,4596,14751,1365,-532,13413,2263,1036,14879,3827,3715,14736,3792,592,14264,3698,-3461,13543,4035,1859,13532,3130,4742,13794,2844,-2343,12942,3164,-1486,12464,3814,4626,13850,3770,978,13003,5262,-1684,14102,4791,4394,12926,3770,4510,13142,2432,-579,13143,3051,2048,14156,4395,5738,14378,4222,2873,14725,4463,-1026,14324,3797,3503,14135,3582,4661,14829,2141,-1198,13771,2995,87,14438,3953,3920,14418,3760,-578,14194,3845,-3389,13594,2872,3428,13079,3136,3628,13422,3086,-2657,12992,3439,-539,12703,4341,3986,13932,4609,495,13015,4812,-153,13473,3077,5131,12630,3625,4468,14501,2985,-772,13612,4289,1455,14059,4412,5903,14545,4590,2194,14919,3748,-491,14167,2684,4205,14024,2170,3761,14777,2867,-2676,14255,3791,52,13907,4500,4887,14414,3597,-648,13711,2852,-1781,13019,2355,2900,12992,3428,1399,13578,3422,-1588,13038,4503,835,13255,4997,4860,13445,3822,988,13004,2938,-754,13509,3037,5692,13447,4356,3779,14347,3759,-460
14214,2596,4509,14885,3148,-1057,14403,4019,-1375,14050,4556,3049,14586,3953,906,13827,3268,-2497,12879,1642,2305,12337,2898,3427,14415,4443,-2274,13487,5378,-1505,12156,3698,4928,13155,3550,2943,13823,4475,-1003,13727,3047,4426,12176,2805,4661,14178,3791,-679,14937,5226,1811,14397,5323,5931,14393,2523,2085,14235,2529,-1621,14469,2865,2792,14261,3701,4609,14259,3506,-1627,14404,3642,-777,14350,4906,3752,13592,2748,95,13112,1988,-2842,12781,2766,2533,13307,4813,3627,13642,3640,-570,12840,5199,-432,13909,4636,4771,13124,3158,2821,12990,2438,-574,13849,3506,4707,13866,5727,4816,14772,3756,-997,13517,4270,1663,14788,3923,6056,14808,2737,2423,13822,2077,-2016,14063,2284,2122,14476,4789,2723,15111,4079,-2652,13816,3203,65,12888,3250,4191,14031,2363,-237,12816,3465,-2871,13277,3484,3004,13360,4575,3117,13308,4951,-1969,13609,4256,1599,12724,3683,5377,13590,2571,1382,13546,3616,427,13930,4472,4396,13809,4522,4126,14835,3798,-85,14133,3574,1715,14591,3327,5339,14230,2367,1151,14461,2912,-2563,14214,3790,3246,14523,3996,3060
13593,3325,2363,13072,4593,3249,13046,3919,-1322,13397,5045,1193,14203,5406,4599,13071,2789,2503,12606,1710,621,13680,3825,3255,14380,5292,4845,14759,3699,627,14366,4327,-573,14543,3722,5698,14275,2612,3515,14250,2165,-1783,13955,3695,1852,14698,4051,2840,14260,3803,-2770,13966,3579,-975,13238,3690,4564,13181,2103,568,12953,2490,-2225,13334,4620,2267,13428,4884,3158,13071,3211,-330,13225,4609,107,14039,4164,5966,13306,2967,2734,13110,2805,-839,14432,4558,3710,14343,5658,4774,15079,3683,297,13312,3494,1130,14732,2728,5327,14233,2234,1142,14295,3017,-3144,14548,3581,2037,14008,4647,3537,14248,3469,-2264,13216,3055,-94,12916,2791,4008,13759,2807,-538,12807,3981,-1856,13614,4987,2969,13518,5018,4058,13058,3449,-831,13169,4026,1288,13598,3698,6800,13675,2764,2264,13384,3743,-1354,14851,4253,5063,14166,5319,4609,14964,2834,-1179,13790,2962,1717,14522,2682,4629,14098,2660,444,14583,3439,-2807,14098,4373,2599,13978,4047,3147,13461,2910,-2709,13594,2810,-267,12849,3928,3761,13704,3202,-71,12715,3938,-1208,13666,4792,3601
13282,3770,-711,14578,3483,3417,13603,5349,5101,15647,3482,9,13869,3893,158,14472,2819,4411,14125,2013,2227,14519,3385,-3279,14553,3477,1175,13711,4243,3810,13949,2969,-1817,13727,3616,-860,12642,3424,3878,13621,3228,308,12828,3568,-2214,13365,3814,2729,12957,5333,3883,13954,3501,-83,13016,3873,1450,13616,3713,5710,13457,3664,2864,14528,3205,-361,13707,4099,3804,14805,4395,5153,14795,3955,-712,14429,2828,-233,13961,2829,4465,14380,3065,1876,15099,3731,-3083,13683,3907,2040,13514,3636,3338,13583,2580,-1969,13064,3223,-802,13318,4258,2991,13753,3448,665,12707,3852,-569,13399,4188,3549,13074,4676,3897,13575,2753,-230,13333,3697,1403,13734,4294,5951,14261,3470,2331,14094,3640,-1074,14608,4200,3483,14184,4937,4756,15022,2630,-206,14231,2465,164,13384,4219,4351,15662,1074,1019,12133,5055,-5153,16321,3178,2790,12519,4896,4341,13330,1830,-3172,12354,2766,1277,13868,4341,3855,13146,3681,156,12852,4225,-1336,13960,4827,3898,13619,4082,5171,13306,2602,-433,12963,3687,1327,14659,4326,5865,14146,4095,1867,14329,3344,-339
14712,3030,1798,14425,3456,-2910,13946,3545,1189,13152,4433,3576,14503,3297,-1482,12878,3568,-1555,12815,3161,3427,13353,2904,2205,12950,4046,-1396,13608,4845,2191,13288,5352,4786,13823,2879,558,13134,3743,511,13927,3699,6137,14103,3263,3052,13853,3784,-1435,14834,4299,3332,14475,4942,4925,15016,2583,-628,13664,2267,-519,14178,2979,3745,14646,2989,960,13879,3882,-3323,13769,3691,1993,13519,4852,3733,13905,2753,-2175,12748,3034,-1000,12818,3122,4119,13624,3668,1485,12742,4200,-1012,13947,4524,3735,13350,5008,4686,14129,2754,97,12768,3476,1355,14462,3302,5855,13911,3891,2767,14785,3786,-1164,14246,4692,3626,14788,3905,4076,14429,2390,-1184,13942,2470,-677,14177,2998,4295,14066,3348,352,14031,3990,-3505,13669,4085,3116,13254,3629,2764,13334,2663,-2158,12900,2897,215,12953,4252,4033,13608,3794,1366,12712,4384,-943,14004,4543,4267,13373,4565,4782,14087,2465,156,13336,2927,1588,14151,4047,5578,15122,4366,1790,14270,4256,-786,14593,3149,3628,14246,3118,3483,14838,2589,-2191,14256,2318,-665,12932,3623,4557,14639,3626,-236
12674,3390,3932,13492,3885,2649,13374,4344,-1332,13551,5394,2555,13419,4857,5970,14100,2894,440,13040,2780,478,14244,3022,6023,13684,4410,3192,15259,4311,-1382,14129,4524,2919,14601,3512,4629,14606,2124,-1008,13837,2526,-1434,13960,3026,4176,14178,3939,1125,14031,4486,-3018,13763,3871,1876,12913,3656,3009,13581,2452,-1689,12630,3352,-212,13180,4020,4757,13639,4136,1875,12952,4522,-1519,14016,4483,4236,13347,4176,5781,14100,2272,-155,13393,2702,710,14124,4490,5703,14884,4721,2537,14637,4074,-955,14424,3770,2722,14376,2992,3811,14302,1984,-2110,13978,2178,-1223,13426,4200,4480,14803,4261,323,13894,4887,-3307,13306,2882,2156,12026,2544,3134,13459,2005,-1241,13098,4412,668,13583,5062,4589,13081,4320,1143,13534,3795,-325,13753,4193,4801,13769,4306,5328,14253,2010,464,12990,3189,468,14948,5143,5377,15328,5074,2617,14561,3247,-1781,13727,1609,2596,13723,2260,3538,15049,2889,-2486,14020,4393,159,13573,4477,3947,13780,3128,267,13288,3215,-2829,13238,3584,1686,13108,3671,3280,13380,2561,193,12793,4290,614,13386,5775,3601
14270,2605,-438,14117,5724,4716,15252,4541,3674,14149,3192,-766,14153,1796,1957,14238,3132,3223,14562,2324,-1274,13660,3361,-1624,13920,4395,3756,14010,4475,1545,13929,3006,-3227,12724,2505,905,12868,3880,3306,13660,4375,-458,13198,4335,643,12907,4797,4509,13731,4608,2287,13853,3228,-628,13334,2906,3825,13116,3514,5843,14960,3244,385,14161,4688,-8,14796,4326,4461,14329,3438,2719,14521,2628,-876,14313,2684,2502,13804,3223,2833,14506,2675,-2225,14063,4200,-1756,13622,5404,4072,14280,3603,2111,12664,2506,-2913,12640,2272,1665,13150,4237,3549,13744,3956,-748,12997,4449,833,13265,5023,5646,13785,3710,2616,13503,2784,-762,13492,2442,3407,13632,4310,5536,15280,4601,405,14387,4965,539,14182,3774,4700,14633,2398,1700,14518,2510,-2246,14115,2286,1802,13656,3907,3331,14802,4171,-2317,13907,4564,-800,13104,3168,4443,13156,2025,261,12885,3050,-2670,13282,3911,2397,12726,4806,3864,13786,3925,-199,13421,4781,1522,13533,4051,5873,13399,2705,2335,13734,3161,-963,14337,4059,4678,14408,5132,5445,15138,3670,-820,14053,3222,228
15114,4241,-1184,13567,4483,-1738,12986,2646,3765,12944,2549,1562,13455,3439,-2756,13107,3890,1687,12649,4755,4656,13668,4237,148,13720,4784,306,13415,3652,5835,13167,2727,3693,13818,3362,-1093,14633,4237,3051,14016,5406,5909,15142,3366,371,14064,3180,-523,14418,2999,4273,14456,3087,2095,14417,2785,-3121,13550,3179,1467,14215,4770,3530,14100,4074,-1654,13102,2580,-1471,12375,2626,3241,13555,3818,1713,13602,4245,-1609,12863,4127,2298,12738,4695,4640,14137,4120,238,13374,3972,718,13431,2651,5988,13492,3635,3167,15168,4286,-952,14370,4957,3207,14246,4410,4782,14785,2489,-6,14062,2729,104,14300,3052,3601,14407,2644,626,13983,3319,-3067,14146,4216,1573,13759,5048,4242,13771,2227,-1319,12184,2116,-1795,12716,3892,3545,14125,4500,1551,12961,4595,-1146,13091,4178,3667,13257,5384,5268,14501,2919,209,13007,3074,-10,13341,3378,6973,14980,3528,4360,13347,5521,-3962,15960,3417,4839,13489,4411,4719,15230,911,-2037,13568,3238,591,15279,3280,3446,12747,4009,381,14766,3248,-2561,13606,4697,1775,13949,3341,3580,12505,2386,-2747
13454,4549,5735,14076,3371,1252,13390,3079,-46,14116,3097,5005,14131,4245,3826,15118,4202,-1225,14132,3934,1603,14426,3466,5390,14680,2215,124,14187,2795,-2611,13906,3056,2951,14237,4209,1567,14264,4369,-3026,13436,3545,1568,12823,3290,3423,13446,2342,-1308,12731,3281,-849,12898,4281,3972,13689,4666,3164,13493,4921,-1622,13464,3960,3171,13007,3156,7101,13945,2593,754,14106,3819,-145,14288,4817,5400,14959,5063,2801,14782,3725,-1024,13883,2242,2834,14419,3252,4210,14609,3075,-1228,13893,2750,-1844,13753,3860,3156,14069,4388,1951,13646,2948,-2377,12986,2748,442,12982,4120,2766,13344,3241,-35,12710,3783,242,13470,4573,4509,13213,5311,2396,14235,3907,-1043,13283,3412,3792,13069,3287,5822,14564,2608,853,14048,4542,-100,14915,5520,4367,14898,4082,3130,13812,1954,-843,14292,1999,1965,14478,3671,3072,14230,2642,-1735,13827,3843,-2306,13790,5047,4178,13931,3853,2125,12775,2256,-2933,12773,2848,1027,13178,4244,3432,13480,2895,62,12445,5048,563,14577,5837,5465,13081,3755,3676,13272,2377,-1399,13078,2737,4592,14819,4331,6105
13486,1927,378,14405,3254,4797,14246,3271,-458,13928,3639,-2599,13478,4125,2995,13814,3826,2202,13298,3230,-2595,12788,2942,988,12764,3630,4971,13702,3843,-347,12964,4981,-632,13900,4718,4922,13160,3898,4251,13396,2630,371,14189,3422,1915,14075,4656,4742,14240,2744,1535,14150,4279,-273,15407,4176,5067,14204,3131,3248,14102,1793,-3630,14417,2565,-2,13754,4703,4327,14703,3634,-884,13186,3957,-1999,13608,3124,3011,13205,3750,1178,13075,2273,-1768,12273,3149,2360,13556,4968,3948,14045,4878,-318,12843,4145,-151,13547,3662,5285,13570,3196,5208,14040,3778,-575,14408,3382,2150,13710,5259,5314,15366,3620,344,14385,3632,-23,14182,2811,4745,14207,2679,2515,14755,3262,-3546,13727,3567,817,13818,4086,4439,13826,3176,-972,13572,3007,-1392,12897,3620,2714,13164,3284,981,12851,2485,-443,13049,5097,2163,13671,5784,4231,13666,3367,617,12836,3420,-169,14054,3599,6465,13816,4263,4053,14308,3137,-1549,13950,4984,2461,14681,4634,5278,15145,3300,-223,13768,2123,626,14106,2806,3688,14659,2663,668,13795,3628,-3067,14405,3615,1183
13566,3057,-1033,12807,4798,1237,13656,5176,4386,13692,3749,1181,13111,3265,243,13766,3260,4999,13658,4259,4296,14488,2982,-169,13539,4304,1307,15078,4962,5307,14800,3263,1469,13999,1938,-1547,13702,2444,3139,14952,3597,2187,14326,3584,-2750,13981,3094,397,13175,4290,4445,14183,2974,-319,12786,2927,-2424,13179,3128,3061,13465,4408,2517,13334,4556,-1954,13349,4925,2261,13265,4632,5411,13424,2323,1646,12906,3338,883,14793,3761,4424,13545,4148,3974,14431,3328,-980,14538,4713,1802,14972,4085,5513,14185,1594,282,13601,2259,-1403,14786,3753,3379,14551,4470,2055,14104,3510,-3631,13541,3449,1054,13304,4182,4031,13678,2707,-1633,12618,2794,-1353,12788,3710,3802,13837,4432,2216,12992,4333,-1167,13552,3963,2636,12958,4165,5964,14022,2401,1197,13310,4094,-445,14689,3448,5267,13770,5093,3425,15520,4206,-1336,14203,3497,3096,14122,3059,4798,14483,2410,-488,14582,2963,-1835,13552,3813,3348,14538,3558,1763,13676,3887,-2959,13700,2974,1744,12470,3438,3344,13635,2516,-1620,12501,4044,-607,13402,4287,4729,13512,5124,2485,13580,3873,-1725
13605,5430,4266,15503,3280,-331,14183,4051,1694,14593,3534,3992,14330,2257,602,13860,2947,-2201,14393,3147,2591,14291,4390,3237,13850,2998,-2886,13140,2836,-343,13093,3653,4315,13362,2791,-446,12513,2613,-1386,13662,4825,3261,13812,5567,3052,13154,3529,-1317,13115,3663,2684,13539,4108,7244,14161,3200,1475,13816,3006,-976,13936,4383,4215,14994,5496,4040,15207,3630,-153,13551,2030,1863,13952,2274,4400,14658,3304,-307,14759,3481,-2837,13568,4192,3284,13873,3596,2645,13923,2903,-2381,13331,2916,254,12508,3610,3014,13561,2778,-140,12893,4446,-321,13778,4905,4088,13086,4443,3241,13669,2830,-867,13331,3394,2591,13617,4357,5585,14500,3125,1554,13609,3682,286,14693,4526,4321,15007,4291,3705,14266,2581,-1819,13887,1888,1414,13841,3959,4453,15590,3020,-1019,13484,4080,-2509,13542,3025,3305,13620,3871,2355,13983,3319,-2456,12882,2909,580,12636,3742,3563,13895,3410,-211,12985,4743,-568,13729,4693,4581,13274,3672,4038,13308,2879,-450,13430,3454,3277,14362,4927,5226,14404,3379,530,13947,3910,-167,14673,4285,4917,14567,3217,3456
13785,2959,2403,13712,3891,2698,13883,3235,-2203,12876,2683,-817,12735,3888,3984,13752,3929,1025,13025,4501,-1188,13393,4289,3955,13242,3726,4858,13469,3069,-441,13577,3615,1896,14013,4779,6317,14535,3850,1409,13856,3909,-482,14603,3582,4233,14619,3777,4111,14810,2469,-974,13703,3218,-46,14678,3864,3774,14192,3190,-40,13896,2933,-2790,13510,3140,3282,13558,3826,2783,13413,3172,-3385,12993,3761,360,13077,4427,4568,13507,3662,368,12875,4073,-306,13766,3682,4721,12908,3634,3824,13955,3027,-681,13879,4435,2595,14340,4212,6151,13948,3593,855,14749,3387,-399,14570,3845,4602,14407,2967,3316,14077,2496,-2073,14657,3064,372,14119,4481,4002,14291,2882,-800,13193,3017,-1974,13502,3679,3913,13672,4115,1485,13225,3211,-2803,12948,3489,1463,12917,4624,4217,13816,3601,774,12823,3677,66,13608,3465,5204,13294,3567,3349,14219,3971,-561,14448,4066,3130,13697,4435,5627,14869,2759,600,14533,3787,-564,14523,3516,4006,13998,3091,2416,14604,3375,-2695,14290,3269,1111,13848,4178,3440,13919,2564,-1367,13168,3106,-1546,13379,3633,3141
13214,4314,-486,13585,3756,4989,12935,4104,4741,14667,3717,-1162,13940,4070,1275,13522,3084,6616,14206,3115,2094,15131,5046,-775,15190,4571,3163,13612,2804,2766,14156,1979,-1882,14810,3812,-19,14026,4481,4912,13727,2032,-522,13086,3376,-3309,14051,4034,2528,13805,4752,2682,12264,2441,-584,12932,2630,1177,12557,4486,2893,13991,4049,1714,13279,3721,300,13911,4232,4976,13406,5026,5565,15102,3096,-1640,12835,3857,1274,14716,3853,6931,14629,3759,1988,14770,3020,-799,14089,3250,2592,14348,3597,1430,14935,2905,-1605,13655,2698,914,13037,3189,4004,14167,3214,-284,13709,4614,-3443,13121,3807,2237,12430,3212,3607,13665,3002,-1563,12871,4146,2043,13056,4228,4071,13716,3419,156,13549,4796,1253,14499,4352,5734,13207,3582,4155,14766,2510,-902,13711,3862,1142,14701,3563,5535,14578,3048,1433,14749,3585,-1650,14162,4150,2953,14379,2594,2287,13545,2671,-2949,13843,3298,1558,13589,4345,4511,14027,2924,-2062,13162,4036,-2908,12845,4325,3446,13859,2939,4531,12452,2768,-1134,13210,3916,791,13380,5341,6075,14149,3383,748,13400,4126,181
14422,3453,1420,14881,3699,-1524,14365,4000,2741,14351,3384,3286,13954,2223,-1781,13560,3118,-1037,13646,4631,3955,13968,3371,288,12716,3501,-2890,13321,4189,2785,13443,4806,3297,13017,2792,-1006,12781,3247,1814,13183,4852,5784,14190,3885,1896,13384,3971,-840,13911,3058,4282,13879,4366,5304,15154,3415,-410,13919,3801,1110,14270,3870,4572,15181,3520,746,14625,3906,-2023,14172,2594,2790,13580,3005,2819,14480,3241,-2816,13704,3903,121,12694,3573,4094,13342,3129,-372,13399,4098,-1988,13167,3739,2990,12296,3511,3410,13604,3206,-189,13359,4696,2301,13506,4452,5920,13877,3335,1343,13765,3598,-863,14476,3777,5361,14123,3997,4809,15100,3209,-780,14065,3790,1292,14867,4246,4264,15101,3080,-16,13958,2459,-2064,13370,2575,3361,14212,3815,2362,14108,3921,-2838,12933,3213,269,12438,4076,3638,14245,3178,-233,12512,3850,-1234,12766,3015,4310,12950,4202,3501,13961,4275,-1127,13664,4356,2926,13357,4212,5880,14312,2873,955,14119,3792,30,14578,3666,5043,14439,3683,3484,14808,3321,-1538,14603,3655,1266,14562,4342,3604,14609,2061,-536
11886,3554,2729,13083,1978,2115,13051,3993,-1946,13589,4201,3000,12500,4772,4799,14374,3812,-959,13486,4818,2092,13876,3619,7536,13371,2822,1288,14812,3491,-1579,14775,4700,4498,14378,4064,3601,14608,2964,-185,14670,3684,7,14247,3962,3190,14219,2234,956,13475,2514,-2832,13539,3355,2852,13840,4903,3115,13432,3457,-2951,12356,3182,-367,12947,3624,5068,13924,3493,954,12587,4276,-825,13769,3959,4575,13340,5073,4033,13945,3745,-128,14114,4583,1733,13785,3503,6551,14025,2487,2054,14279,3515,-1020,15390,4766,3499,14216,3990,3823,14232,2012,-1326,14488,3156,-296,14189,3684,4051,14109,1963,-764,12788,2733,-3061,14213,4308,3445,13108,5252,2645,13255,2563,-2292,12505,3213,269,13110,5413,3706,14209,3259,2317,11857,3439,-491,14016,4443,4637,13884,5595,5199,14469,2911,-1288,13007,1904,2072,14216,3903,6600,15362,4012,1560,14739,3648,-629,13732,3329,3431,15144,3690,2652,14689,3492,-2287,13744,2037,786,13274,3802,4015,14133,3661,-230,13806,4167,-2349,12819,3822,2358,12999,3744,2725,13208,3186,-2170,12540,3288,1982,13052,3661,5529
14330,3215,384,14225,4195,5142,14633,3379,2743,14285,3813,-1762,14916,3631,3172,14577,4376,3824,14675,2929,-2331,13545,2551,-1295,13609,3497,4400,14347,4009,590,13140,3561,-3326,12978,3110,1994,13509,5111,2463,13664,3250,-1084,11592,1864,1954,12946,4299,4434,14745,5192,2457,13061,4105,-1007,13210,2999,3624,13989,4469,5998,15404,3705,-234,13753,3643,640,14265,3812,5265,14498,3977,1461,15123,3804,-1122,14221,4070,2879,14529,2940,2635,13455,1905,-2058,13600,2529,-1000,13537,4446,4280,14041,3774,722,12715,3508,-3025,13224,3674,2729,12889,3950,3764,13136,3211,-1145,13197,4287,1884,13650,4875,5593,13629,3812,1702,13043,4625,-588,15048,3670,4957,13226,3886,5469,14869,1941,-757,13920,4408,935,15122,4421,4650,14226,3417,785,14014,2546,-1213,14643,3010,2372,14112,3335,2257,13584,2475,-2795,13368,3455,-250,13723,5246,4717,13884,4055,-145,12473,2996,-2595,13204,3279,2870,13053,4436,3470,13419,3364,-178,12836,4146,2391,13770,4678,5483,14237,4546,1014,13914,3332,-998,13252,2125,5716,13920,3529,5302,15624,4272,-948,14559,4227,908
14397,2451,-2118,13007,3420,-937,13687,4515,3932,13907,5018,-190,13252,3188,-2248,12261,2122,2877,12717,3974,3618,14455,3982,446,12964,4753,667,13501,4549,4520,13778,4539,3949,14365,4209,-538,13879,1972,3887,13582,3625,5387,15021,2974,-1512,14216,4128,412,14632,4441,5397,14903,4121,1513,14483,2681,-2979,13204,1783,1298,13522,3355,3679,14423,3972,-2050,13554,4283,-642,12682,4494,3494,13866,3912,178,12697,3023,-1334,12834,2418,3727,13075,4287,3566,13997,3737,-376,13276,5142,1269,14168,4996,5630,13631,3799,3183,14286,1895,-1112,13340,3528,3820,14987,3986,5189,14456,4255,-1055,14572,3818,332,14431,4527,4485,14830,2723,-396,13642,1755,-2728,13235,2435,2700,13805,4244,2976,14384,4039,-1656,13221,4595,-1301,13021,4464,3604,13327,3169,1447,12593,2669,-1215,13119,3124,4016,12882,5125,3898,14491,3838,-190,13152,5288,1812,14327,3883,6599,13687,2723,2382,13842,2593,-1306,14573,3903,4141,14539,4664,4471,14933,3721,-1319,14222,3592,460,14217,3519,3760,14561,1776,-269,13240,2532,-2473,13610,3365,3008,13912,4990,2836,13843,4294,-2307
13477,5017,4454,14074,3617,441,13033,5054,767,14290,5205,5427,14025,3569,3703,13726,1469,-567,13681,2958,2947,14912,4502,4357,14881,4138,-1031,14088,3258,-601,14335,3791,4227,14924,3038,1326,13462,2052,-3291,12916,1737,1711,13887,4928,3863,14488,4783,-2018,13025,4447,-1208,13328,3603,3509,12937,3195,723,12907,2928,-437,13469,4147,3704,13223,4835,4100,13920,3478,746,13031,5058,426,14844,3750,6098,13489,2574,3611,14080,2001,-1666,14390,4220,3515,15100,5016,4360,14776,3637,-1528,13870,2970,-191,14657,3593,3836,14289,2598,643,13065,2095,-2665,13326,3838,2493,14117,5220,3279,13805,4408,-2913,12784,4031,-1084,12971,2705,4665,13037,2720,2419,13085,3432,-825,13627,4349,3534,13123,4767,4779,14250,4297,-789,13878,3659,1445,13779,3348,6706,14420,2545,2040,14456,4219,-1400,14681,4427,3665,14756,4776,3688,15052,3618,-2092,13640,2829,-296,13655,1382,4943,13312,3370,-1709,14637,3855,-1959,13480,3975,3721,12828,4488,1559,13543,3308,-876,12892,2917,31,12493,3702,4210,13833,3213,1746,13275,4186,-450,13837,4833,4798,13952,5325,5009
14413,4320,2990,14769,4696,4613,14540,3194,-624,14198,3114,-1312,13949,2945,3462,14238,2593,1147,13202,2452,-3124,13360,3290,2215,13698,5313,3444,13904,4264,-1888,12650,3187,-654,12851,3415,4025,13921,3681,2328,12930,3519,-808,13392,4006,3316,13642,5191,4745,14426,4382,178,13991,3452,1154,13506,2786,5945,14134,3175,2882,14833,3519,-1381,14200,4018,2259,14323,4128,3671,14681,3252,-1130,14299,2441,-1358,13229,2775,3856,14116,2502,1126,13419,4306,-3174,14100,4330,2222,13082,5406,2872,13979,2479,-1518,12357,3318,-117,13413,3361,4662,13384,3256,1904,12969,4170,-735,14232,4860,4267,13494,5480,4665,14464,2610,503,13189,2464,1245,13917,3478,5305,15228,3792,2736,14294,4214,-2055,14550,3537,2385,14278,4338,4060,15086,2765,-2204,13162,2236,-687,13495,3156,4052,14023,3653,220,13866,4339,-2775,13264,4331,2143,13318,4190,3045,13222,2622,-1047,12622,2916,827,13115,4299,4411,13967,3784,1960,13200,4779,-694,14343,4523,4474,13513,4408,5503,14441,2061,-694,13220,3059,1222,14854,3976,5861,14776,4267,1434,14707,4126,-2249,14225,3983,2591
13643,3519,-3175,13422,4263,807,13117,5150,3393,13961,3006,-439,12217,3008,-859,12955,2949,4380,13601,4004,3376,13469,4164,-1310,13912,4964,3494,13638,5501,5984,14754,2936,315,13315,2623,98,14193,2712,5628,14382,3930,3681,14956,4293,-1527,14557,4313,1344,14144,4550,3899,14889,1598,-1032,12843,1793,-1402,13649,2535,3967,13830,4122,1026,13920,4527,-3003,13528,4467,1044,12955,4838,3650,13662,2281,-316,12238,2514,387,13438,3536,4263,13528,4344,2251,13711,4741,-436,14126,5197,3352,13775,4505,5911,14306,1870,503,13148,2421,396,14130,3692,5609,15022,3954,2260,14796,4483,-2805,14272,3692,1722,14372,3265,3251,13838,1684,-1269,13611,2368,-653,13769,4760,3394,14589,4605,746,12709,4054,-3108,13240,3393,1936,13118,4459,3802,13395,2311,-421,12434,2865,835,13484,4444,4359,13937,5023,2161,13989,5026,193,13808,4052,4192,13734,3235,5734,13753,1418,59,14030,2971,-11,15187,4935,4891,15007,5007,1650,14439,3369,-2477,13468,2628,2028,14294,3317,3788,14616,2577,-1446,12848,2404,-903,13029,4024,3878,14526,5364,-745,14108,5296,-2695
13569,5070,3473,14463,5332,-493,13835,4493,3165,13442,3875,5898,14761,2200,740,13818,3343,127,14414,3763,5164,14456,4598,3144,15399,3671,-2015,14270,4105,877,14189,2718,3314,13617,1323,-429,13477,2656,-1055,13612,4069,3301,13774,4650,1622,13663,3871,-3417,13033,3894,334,12890,3722,4455,13263,2424,982,12816,3320,639,13549,4992,4430,14120,5026,2929,13922,4314,-849,13564,3468,3355,14009,3411,6491,14587,2373,1019,14082,3401,-856,14488,4498,3782,14988,4443,2711,14716,4051,-1985,14223,1825,1265,12786,2281,4048,14462,2472,-1806,13689,4233,-1983,13174,4656,4096,13759,4581,1271,13515,4237,-2600,12978,2779,1851,12104,2662,4328,13588,2682,386,13482,5223,625,13978,5510,5289,13659,4358,3402,13980,3244,-1220,14022,2584,3397,13539,3221,6239,14894,3142,-243,14510,4676,-453,14681,4702,4314,14795,3840,1664,14443,2146,-3082,13112,1593,1553,13612,3280,3826,14407,3926,-2122,13519,4576,-1000,13275,4435,3561,13699,3986,689,13025,2656,-1869,12468,2261,3136,12666,3659,4079,14013,4491,-333,13889,5567,1438,13790,4587,5367,13494,3568,2600
14864,4464,3433,14767,4084,2530,14560,2464,-2649,13362,1276,1043,13274,3444,4235,14647,4026,-932,13348,4477,-1747,13044,3739,2940,13252,3911,1987,13331,2727,-2292,12280,2405,1374,12592,3448,5422,14031,4582,751,13994,5676,293,13820,4535,5993,13359,3902,3882,14607,2647,-768,13817,3091,2862,14070,3770,5174,15112,3824,-196,14721,4462,-861,14542,4353,4138,14502,2982,1966,13828,1517,-2295,13313,2155,1450,13562,4684,3342,14275,4075,-1254,12928,3950,-2282,12865,3904,3038,13583,3330,2438,12686,2522,-1049,12574,2841,3045,13220,5175,4975,14566,5342,171,13769,4862,193,13561,3516,5802,13911,3040,3896,14684,2759,-831,13897,3363,2696,14478,4459,4514,15310,4050,-224,14528,4262,-926,14203,2975,3279,13563,1727,1947,13768,2288,-2847,13735,3566,1034,13330,4855,3656,13811,3927,-1988,13156,3884,-1302,12893,3699,4179,12974,3002,2241,13025,2862,-758,13168,4486,3145,13819,5703,4995,15170,4084,-15,11593,4535,1249,16466,1342,7575,11257,4504,940,16885,1992,-1007,13299,6018,4064,16003,3920,2856,13332,3206,435,15119,2235,-2101,12770,3268,3193
12907,3176,-1553,12724,2895,3478,13235,2970,3510,12841,3245,-288,13454,4408,1746,13725,5365,5780,14160,4589,1096,13594,3443,-448,14263,2773,5537,13628,2911,4882,15084,3399,-1669,14445,4642,1181,15197,4563,4907,14583,3175,-731,14215,1867,-1868,13366,2350,3217,14127,3460,1710,13845,3971,-2439,13465,4310,931,13149,4938,3374,13656,2832,-799,12081,2032,-1131,12494,2903,4292,13995,4211,3386,13505,5161,-1217,13446,4161,3691,13278,4913,6327,15002,3286,1142,13661,3029,646,13784,2608,4809,14665,4728,2754,15491,4405,-1239,14250,3579,2315,14456,3768,3934,15009,2773,-1175,13057,2062,-1197,13283,3093,3316,13908,4014,2504,13812,3912,-2482,13280,4095,-603,12918,4240,2806,13225,2076,114,12195,2480,992,13227,4425,4694,14140,5311,2519,13764,4881,-1195,13788,4614,3113,13593,3622,6775,14298,1935,758,13714,3182,-356,15007,4530,4619,14725,4930,2440,14853,3219,-1093,14055,3783,2016,14698,3209,3364,13710,1578,-1237,13142,2340,-2362,13482,4485,3693,14261,4419,1888,13051,3860,-3048,13031,3560,1245,12768,3725,3935,13089,2000,358,12704,4162,558
13654,2000,3215,13437,2287,-136,15278,4297,3204,14952,5183,4271,14604,3068,-2262,13822,3063,478,14944,3259,4929,14237,2371,-259,12959,2232,-2325,13660,3587,3363,14257,5009,2124,13485,4102,-3194,12709,2921,1233,12777,3028,4593,13429,3089,-122,12872,4152,420,13890,4193,4223,13162,4715,3299,13837,3896,1005,14605,4588,1614,13680,3684,5999,13890,1171,1990,13992,3359,-1262,15671,4805,4274,14637,4133,2935,14134,3046,-3240,14539,2631,974,13783,3606,4751,13963,1922,-1298,13116,3279,-1778,13939,4267,3108,13545,5068,892,13301,3247,-2006,12452,2392,2277,12961,3908,3642,13772,3403,322,12730,4081,741,13681,4634,4670,13928,4465,5036,14162,4087,-682,14233,2491,2287,13324,3791,6032,15011,2716,564,14652,4374,-556,14479,4285,4667,14562,3584,2174,14782,2868,-3220,13701,2852,1331,13370,3251,4070,13745,2711,-657,13603,4437,-1469,13436,5061,2866,13060,3593,1027,12645,1318,-851,12884,3768,2432,13444,4962,4084,13809,3009,364,12596,4371,379,14678,5108,5591,13902,4983,3742,14412,2381,-691,13221,3332,2873,14617,3775,5348,15287,4113,-573
13133,3139,4118,14158,2581,392,13455,4642,-2224,13717,4618,3023,13104,4391,1607,13292,2415,-2307,12524,3003,1662,13376,3879,4662,13625,3266,1254,12973,4443,429,14307,5199,3824,13746,5165,3452,14249,1658,1622,12983,2637,2270,14670,3626,4806,15187,4235,1095,14500,3519,-2450,14144,3737,3643,14619,3756,2972,14924,2420,-2553,12935,2106,856,13345,3114,3511,14155,4352,-490,13588,4227,-1712,12983,4191,3090,13618,2997,2207,12611,3026,-1750,13089,3194,2104,13126,4552,4431,13844,3279,1616,13107,4703,1850,14690,5227,4027,14019,3594,4660,13486,1507,-607,14204,2781,1679,14921,4908,5898,15065,3972,-622,13994,3434,-1751,14527,3650,4142,14669,3071,2142,13722,2291,-2708,13140,2241,1200,13363,4959,3698,14321,4575,-2229,13073,4016,-1532,12820,2538,3623,12959,2513,2077,12840,3217,-622,13632,4129,3016,13140,5084,4298,14297,3617,1617,13227,5401,241,15133,3144,5424,12856,3139,4517,15117,2326,-1920,14214,4555,2751,14990,4516,4938,14767,3790,-949,14269,3011,-1124,13964,2919,3740,13885,2369,1802,13352,2551,-2459,13578,4135,2148,13568,5115,3077
13600,4442,1368,13673,5286,6154,13813,3785,1150,12847,4565,-85,15201,3247,5255,13052,3277,3917,14583,1379,-33,14112,4540,1763,15368,5186,4390,14688,4111,161,14073,2734,-2147,14295,2440,2687,14074,3018,3381,13702,2494,-2581,13294,3566,158,13857,5396,4376,13793,4465,-1663,12807,1927,-1951,12293,2412,4053,13459,4097,2689,13295,3512,-524,12991,4237,2511,13887,5153,4470,14247,4484,2175,13709,3014,697,13824,2132,4990,13662,4088,3999,15840,4308,-1227,14125,4056,934,14469,3919,4934,14757,2853,252,14704,2712,-2374,13152,2816,3316,14011,2789,2400,13354,3737,-2831,14214,4089,1418,12959,5156,2862,13797,2187,-1108,11879,2160,-347,13062,3343,3957,13842,4301,2686,13130,3694,-133,13600,5094,2756,13954,5905,4964,14570,2937,2262,13020,1603,527,14000,3088,4363,15313,4649,3426,14825,4372,-2025,14233,3466,1446,14141,3692,5281,15254,2430,-1165,13275,2207,-1881,13656,2542,3559,13412,3929,1576,14248,4744,-2305,13354,4469,876,12932,3790,2737,13370,1607,-388,12300,3025,615,13517,4361,3546,13603,4678,3019,13374,4400,777,13919,4542,2989
15257,4204,-828,14103,4211,680,14508,3822,4120,14668,2727,119,13985,1539,-2203,13092,2158,2935,13961,4448,2504,14573,5157,-2111,13467,4303,-186,12364,3943,3468,13901,2032,449,12181,3422,-1051,13631,3407,4051,12768,4900,3520,14160,3910,-431,13371,5553,2126,14315,4233,6540,13608,2165,2480,13559,1699,-938,14320,3784,4460,15026,5062,3673,14998,3974,-1792,13988,3345,1163,14514,3758,4034,14593,1993,-205,13092,2220,-2054,13654,3314,2606,14080,5385,2839,13933,4394,-3166,12986,3442,-149,12655,3022,4276,13312,2081,652,12716,3190,-190,13559,4605,3596,13683,4726,3378,13649,4595,144,14024,3860,2614,13549,3304,6421,14109,1402,1627,14224,3537,-1172,14922,5369,3968,15214,4852,3479,14378,3264,-2015,14082,2667,874,14291,2729,4632,13705,1958,-488,13446,2910,-2545,13707,4813,3735,14182,4806,1556,13328,3477,-3489,12687,1937,1979,12278,3352,3782,14139,2776,383,12659,4796,764,14135,5010,3885,13380,5199,3928,14249,3748,134,13696,2935,2607,13349,2704,6105,14518,2504,578,14763,4920,-771,15026,4806,4699,14382,3555,2343,14271,2552,-2663
13294,4662,3201,14226,4921,-2875,13557,4424,-622,11726,1891,5405,13278,1607,1109,13046,4903,-1421,14405,5312,4652,13094,5373,4685,14459,4172,-800,13590,3782,1724,13887,2042,6730,12942,2138,1697,15093,4342,-1150,15453,6078,3888,14810,4029,3442,13253,1525,-2084,14454,2017,-264,14102,3884,4563,13978,2808,-235,13294,3744,-2975,13951,4899,3186,13922,5526,2282,13521,2171,-2254,11878,2873,17,12827,3031,6295,15066,4123,759,10988,3405,-2332,13867,4625,6349,14411,7232,4141,15642,2685,-276,11294,1960,3071,14476,1374,5294,15005,5943,865,15443,5048,-242,14238,3535,3649,13899,2325,3143,14998,3179,-3297,14244,2157,-188,12695,3103,4938,14246,3092,-648,13885,5547,-2151,14080,4991,2460,12334,2656,2269,12589,1719,-1514,12962,3592,1591,13727,3846,4599,12651,3788,184,14055,5032,752,14466,5771,4887,13644,3541,4132,13749,1494,865,13476,2522,2020,14854,4621,4993,15339,4376,102,14536,4032,-2002,14257,3495,3858,14130,2479,3057,13830,1346,-2507,13500,2706,873,13944,4795,3926,14116,4331,-1513,12988,4673,-2432,13595,2772,3658,12273,2763,2457
13788,4564,4948,13007,3224,5209,14321,1754,-91,13728,3028,1408,14433,4326,5140,14997,4489,1300,14837,4318,-1477,14517,3945,2888,14296,2449,2995,13682,801,-2155,13267,2567,-530,14098,5432,3918,14331,5200,386,13178,4380,-2836,12842,3034,2748,12822,2976,3322,12980,2311,-1040,12798,3392,1641,13138,5658,5220,14502,5205,1457,13537,4641,-59,13742,2326,5022,13217,2718,4988,15003,2506,-335,14023,4386,1160,14844,5445,4649,15351,4600,817,14599,3849,-1714,13980,1781,2876,13186,1156,3019,13944,2893,-3056,14260,4920,-136,13468,5398,4256,13406,3921,-475,13242,2870,-2040,12604,2449,2931,12614,2534,3204,13327,3406,-460,13332,5778,1895,13988,5952,5854,14150,4040,1549,13473,2746,-722,13947,2135,5530,13769,3456,5174,15350,4141,-1296,14525,5026,1155,14883,4918,4455,15187,2715,-256,13811,1556,-2031,12884,1043,3930,13841,3593,2176,14637,5084,-3046,13335,4527,806,12714,4681,3415,14002,2505,-748,12094,2180,-1035,12528,2176,4231,13395,4379,3023,14041,5699,-1040,13782,5787,3214,13564,4518,6003,14114,2072,1141,13617,2056,714,13860,3138,4988
14008,1750,-2393,12953,1313,3531,13479,3966,1988,15079,5573,-1986,13681,6061,-1728,12464,3642,3348,12766,1038,2073,12483,3124,-2397,13351,3622,4223,13205,4675,3970,13835,4662,-2177,13858,6483,2767,14247,3885,7453,13017,1034,2246,13667,1606,-1407,15074,4485,3515,14832,5725,3868,15368,4312,-627,13977,4088,823,14949,2635,3993,13778,1355,-736,13218,2094,-3111,13724,4148,3351,14222,6063,3670,13777,4560,-2793,12469,2826,-526,12484,2072,3861,13158,1740,1192,12667,4132,-358,14336,5268,4433,13633,5722,3551,13533,4060,-689,13858,3594,2608,13975,3147,7353,13849,2187,1540,14202,4048,-1252,15162,5604,3640,15427,5476,3229,14133,2448,-1297,14028,1677,206,13765,2192,4117,13929,1996,-716,13388,4026,-3064,13963,5145,4304,13609,5414,1837,13112,2623,-3106,12262,1992,1009,12421,3292,3866,14109,3293,1713,12746,4578,-352,14021,5838,4220,14105,6432,4831,14738,2668,-779,12469,1480,2758,13846,2706,6975,15476,4371,554,14678,5175,-1567,14598,3995,3990,14488,2968,2850,14668,2728,-2436,13258,375,1398,12641,3499,3764,14864,4429,-1249,14223,5617,-1248
13797,4361,1686,13472,5005,-860,13536,4766,4794,13835,5310,5205,14265,1750,846,13784,3190,788,14692,3688,5108,14717,3855,1755,14321,4504,-2046,14978,3904,4045,14425,3219,3928,14206,1506,-2883,13149,2060,-931,13867,4169,4174,14547,5077,314,13221,4424,-2761,13008,2956,2268,13496,4340,1813,13535,2512,-1264,11286,1710,2511,13410,4431,4513,14765,6170,1734,13559,5246,-870,13109,2712,4353,13309,3070,5778,15114,2714,-50,14262,4119,1033,14426,4525,4751,14493,4215,441,15160,4123,-804,14211,3393,3713,14177,1573,2650,13058,1734,-2594,14065,3355,-709,13692,5768,4251,14446,4118,73,12349,3524,-2533,13339,2618,3238,12642,2683,3042,12791,2847,-1184,13609,4758,2137,13961,6071,5479,13953,4056,1501,12927,4556,-786,14794,2644,5472,12799,3040,5436,15105,2454,-1378,14502,5476,1542,15140,5130,4663,14391,3208,-54,13785,1925,-1227,14477,2021,2872,13793,2820,2208,13582,2779,-3258,13405,4699,702,14136,5907,4251,13709,3757,-1328,12251,1912,-1688,12701,2553,3707,13219,3998,2761,13472,3737,-351,13256,4894,2471,13985,6156,5025,14742,4162,1238
15408,5717,5130,15037,4070,1768,13681,2531,-2951,14031,1083,2349,13691,2859,3658,13874,2820,-2813,13502,3995,-232,13700,5433,3673,14307,4626,-697,12636,2339,-1641,12207,1782,3619,12786,4017,3531,14676,4594,-60,12818,5103,944,13765,4645,5159,13881,4642,3196,14588,2646,-247,13071,2227,4343,14546,3570,4298,15005,4223,-1243,14370,4501,948,14848,4356,5215,14316,2949,534,14011,1439,-2959,13228,2028,2026,13965,4035,3106,14254,4770,-2034,13304,4398,-59,12803,4630,3682,13887,3115,-246,12251,2083,-666,12819,2251,4185,13544,4990,2762,14081,4404,-484,13341,5523,1793,14252,4667,5687,13725,2718,2889,13808,1758,254,14053,3803,4175,14892,4434,3706,14709,4622,-2256,14698,3567,1017,14073,3738,4671,14668,1058,-328,13101,2281,-2388,13681,3693,2542,14215,4921,2882,13940,4304,-2505,13165,4314,-514,12902,3310,4085,13088,1981,542,12492,2373,286,13142,4453,3290,13924,5675,3076,13704,4811,620,14009,4825,2130,13491,3105,7061,14298,1237,1901,13392,3270,-1454,15314,4408,4278,14579,5480,3539,15115,3589,-1780,14008,3039,802,14166,2641,4034
12858,3806,-1661,12883,3069,3566,12992,1856,1690,12478,2507,-495,13721,4743,3000,13696,5611,4411,13654,4174,274,13586,4916,872,14638,3509,6846,13358,2004,2979,13666,2205,-1732,15026,4739,3219,15096,5974,3973,15039,3646,-1183,13302,2737,299,14638,2559,3835,13944,2304,281,12910,1828,-3088,13596,4169,2798,14345,5868,3018,13558,4493,-2727,13091,2393,34,12094,2783,3911,13620,2319,964,13081,4453,-92,13834,5261,3813,13666,5508,4506,13432,4308,-2,14535,3251,968,13418,2561,7201,13961,2226,2126,14548,4414,-1898,15066,5334,3875,14840,4869,3322,14328,2009,-1416,14167,1636,28,13613,2868,3717,13917,2211,13,12992,4375,-2650,14403,4772,3428,13543,5727,1866,13618,3223,-3047,12630,1643,1006,12013,3011,5275,14398,3448,1165,12733,5604,-675,14120,4624,4582,13355,5205,4044,14631,2530,-49,13113,2335,3030,13852,2529,5607,14654,4121,445,15090,4953,-1519,15045,4715,3742,13769,3992,3870,15158,-307,-1349,12126,3198,-1594,15551,2791,3427,13110,5210,767,13991,3968,-2905,12859,4651,4459,13954,3850,1694,12522,1884,-2302,12277,1993,2135
14654,3450,-265,13431,2331,1085,13546,2584,6486,14571,3971,1699,15261,4681,-1614,14279,4102,3104,14308,3337,4021,14600,2620,-1325,14082,2001,-1374,13270,3357,3930,13956,3655,469,13929,4546,-2652,13475,4581,2326,13158,4142,2355,12944,1789,-1301,12387,2844,953,13669,4108,4686,13475,4419,1244,13224,4271,-813,13995,5070,4545,14050,4668,5480,14033,1952,74,13183,2063,1372,14538,4650,5019,15595,4667,1423,14395,4360,-1624,14038,2818,3365,14114,3614,3385,15043,2007,-2252,13033,2315,-515,13330,3812,3830,14428,4393,153,13607,4579,-2493,13008,3583,1952,13235,3125,2884,12838,2263,-370,12748,3596,1012,13327,5103,4619,14408,4280,2214,13072,4937,-847,14178,3620,5050,13483,3668,5349,14564,1778,-1026,13666,3981,1664,15024,4939,5207,14871,4359,857,14316,2891,-1603,14041,3192,2664,14529,2318,3123,13655,2519,-2738,13585,3475,-448,13590,4993,4638,14066,4043,-690,12885,3702,-2619,13207,2954,3321,12981,3052,2871,12912,2924,-969,13380,4587,1837,13891,5459,4933,13748,4138,1512,13121,3660,6,14323,2957,5173,13911,3656,4822,14472,3282,-1423
14410,2807,3819,13840,1980,-1351,13801,3494,-1351,13798,4531,3910,13824,4064,552,13227,3707,-3161,13169,3351,1779,12514,3429,4070,13401,2228,228,12576,4465,101,13928,5119,4630,13692,4633,3305,13849,3751,-769,13729,3014,4424,13866,3137,5756,14554,2792,-704,14391,4367,474,14660,4970,5470,14954,3473,1978,14357,3326,-2477,14093,2244,2114,13343,2664,3428,14263,3208,-2297,14061,4081,-290,13064,4962,4177,13815,3284,-249,13084,3266,-2686,12899,2808,2991,12756,3458,3828,13523,3483,-241,13198,4843,968,13942,4988,5590,13851,4107,2087,13566,2998,-492,13879,2576,4923,13788,3999,5092,15152,4031,-1207,14232,4365,762,14964,4390,4589,14589,3127,638,14070,2032,-2486,13424,2041,2565,13760,3676,2843,14586,3917,-2863,13658,5020,-493,12873,3844,4122,13003,2059,275,12726,3279,-2155,13433,3806,3757,13166,4201,3712,13074,3866,-1414,14028,5218,2567,13899,5656,6221,14344,2960,1844,13218,2258,-118,13768,2817,4261,14667,5046,4295,15496,4489,-954,14241,3368,511,13820,3118,4386,14550,1824,404,14050,2949,-2327,14013,3790,3201,13776,3819,2211
12709,3001,2750,12999,4210,5064,13785,4493,-699,13469,4952,539,13944,4392,6779,13783,3832,2990,14002,2535,-832,13704,3253,3610,14450,4732,4591,15257,3860,116,14024,3452,249,14428,3107,4381,14699,3177,1184,14234,2494,-3249,13316,2691,2301,13891,4621,3781,14531,4132,-1839,12994,3084,-1446,12554,2976,2883,13596,3439,862,13142,3657,-671,12771,3431,3654,13001,5083,4242,14556,4503,-393,13148,4540,863,13650,2950,6229,13736,3122,3222,14732,3442,-807,14310,4141,3180,14416,4334,4322,15087,3343,-932,14311,3750,405,14267,3338,4572,14210,1877,585,13507,2690,-3125,13762,3820,1728,13855,5096,3230,13769,3142,-1756,12697,3076,-547,12870,3912,4044,13790,3236,1089,12538,3633,-1020,13439,4258,3943,13555,5585,4906,14451,3769,-273,13143,3240,1013,13588,3148,6178,14616,3480,2603,14589,4478,-856,14413,4075,3792,14111,3938,3986,15010,2961,-1341,14153,2926,-524,13712,2457,3689,13965,2673,-29,14062,4425,-2812,13768,4285,3288,13102,3633,2837,13622,2691,-2749,12787,3738,-137,13273,3555,4218,12841,3575,1406,13493,4374,-417,13699,5080,4390
14961,3596,-1280,14261,3990,2311,14494,4320,4423,15205,3003,-683,14144,2680,-1211,13500,1917,3779,13988,3080,1460,14446,4719,-3272,13451,3986,1793,12722,3807,3528,13767,3119,-1677,12955,3621,-1022,12554,2763,4345,12920,3333,2350,13592,4579,-872,13789,5082,3941,13340,4384,5303,14082,2899,85,13842,3249,871,13977,3741,6002,14558,3470,2956,14754,3974,-1760,14392,3906,2640,14695,3946,3957,14757,2526,-1606,13701,1634,-799,13248,3429,4008,14838,4293,690,13711,4292,-2837,12833,3009,1712,12708,3906,2878,13931,2948,-1167,12289,3429,260,12740,3601,4810,13537,4937,2204,14124,5207,-990,13618,3766,4514,12968,3560,5370,14899,2419,-110,13910,3780,915,14662,4052,5133,14677,3902,2153,14867,3925,-1475,14429,3757,2452,14414,3195,3307,14049,1742,-1909,13420,2711,-973,13709,4658,3846,14007,4062,560,13184,3302,-3023,12561,3474,1967,13423,3794,3541,13042,3290,-811,12835,3246,1034,13037,4616,5223,14270,4708,2109,14018,3975,-636,13473,3067,4483,13897,3809,5338,13872,4442,-599,16241,2681,3336,12773,5174,3217,16229,2800,190,12659,4048,666
13840,3603,1899,12864,3288,-3507,13310,3248,1527,12660,4200,4069,13465,2124,766,12321,4391,-381,14343,4646,4920,13157,4889,3929,14312,3535,-1162,13394,3774,3382,14383,3966,6197,14281,2427,818,13910,3681,-750,15269,4592,4670,14806,3904,2801,14257,2339,-3371,14134,1740,1531,13620,3324,3807,14236,3194,-2188,13252,3904,-850,13480,4423,3610,13493,4008,590,12945,2875,-2295,12665,2635,2020,12937,4284,4352,13834,3960,283,13108,5015,586,13542,3610,6142,13444,4215,3252,14469,3113,-780,13934,3082,3988,13984,3748,4850,15449,4281,-772,14223,3511,426,14554,3432,4386,14285,3389,1442,14821,2361,-2375,13084,2794,1515,13907,4098,3351,14032,3655,-984,13292,3817,-1673,13204,4055,2913,13477,3323,1086,12671,2937,-1338,12936,3192,3988,13059,4957,4139,14025,4041,-558,13439,4655,1253,13737,4140,6004,13801,2465,3246,13869,2839,-869,14609,4068,3312,14903,5512,4713,14514,3399,-459,14408,2483,127,14331,4050,3583,15087,2455,1006,13287,2702,-2916,13829,3399,1767,13591,4720,3781,13698,3216,-2439,12755,3332,-1057,12786,3605,3728,13181,3195,1584
14170,3940,5589,13254,2684,4412,14160,2078,-788,14511,4653,2426,15347,5660,4791,14614,3775,93,14102,2652,-1318,14050,2877,3815,14551,2700,2283,13839,2928,-3505,13722,3467,887,13420,5202,4319,14184,3243,-1019,12383,3116,-1846,12800,2311,4136,13264,3095,2506,13094,4046,-1754,13645,5115,2945,13416,5026,5671,13975,3391,970,13409,3886,-42,14837,3647,5460,13165,3167,4212,14547,3089,-892,14877,5223,2823,15148,4629,4395,14315,1802,-1604,13652,1861,-1587,14151,2950,4129,14428,3312,1563,13408,3385,-3354,13614,4213,1612,13463,4967,3191,13308,2764,-1243,11977,2268,-437,13385,3662,4064,13877,5031,1720,13673,4154,-957,13033,4466,3280,13866,4616,6098,14069,3249,1254,13940,2485,144,13518,3997,5560,15084,3537,3180,14520,4423,-1837,14489,3419,2950,14398,2918,4021,14470,2706,-1690,14074,2322,-1126,13489,4060,4194,14215,3789,1253,13744,4316,-2610,13497,3895,1409,12699,3902,2488,13041,1333,-587,12415,3210,873,13946,5298,4094,14119,4771,2328,12683,3953,-1176,14000,3859,4199,13261,4587,6473,14864,1664,-103,13065,3811,112,14951,4212,5179
14254,2151,-2198,13529,3572,3036,14184,3966,2615,13746,4455,-3079,13748,4220,174,12683,3996,3754,13376,1841,-509,12357,3049,-469,13625,4247,4169,13286,4802,2958,13378,3954,-813,13618,4285,2901,13656,4119,6164,14186,2039,1438,13283,2619,179,14616,4461,4102,15313,5395,3311,14887,3889,-1437,14098,2448,1374,14045,3041,4195,15098,2206,-769,13331,3160,-2213,13616,3629,3398,13953,4919,2357,13699,3505,-2729,12572,2678,745,12816,2763,3664,13520,2766,-447,12710,4306,-595,13894,5087,4955,13315,4685,4031,13698,3504,-401,13578,3738,3118,13903,3495,6124,13917,2338,414,14406,4097,-305,15140,5342,4869,14769,4260,2465,14227,2158,-1808,14078,2275,1758,14557,3387,4406,14041,2736,-1269,13247,3287,-1966,13694,4882,3678,14369,4297,796,12697,2986,-2991,12729,2097,1924,12501,3873,4167,13819,3459,-32,12700,5043,147,14024,4926,5110,13766,4068,3922,13378,2999,-923,14268,2742,3063,13554,3862,5996,15396,3528,-357,14004,4992,368,14933,3867,5271,14266,3136,1908,14481,2323,-2417,14119,2514,1391,13581,3543,3479,14064,3448,-1387,13553,4577,-960
13483,3515,522,12566,4665,-816,14313,4387,4907,13050,4340,4896,13570,2300,-1169,13745,3495,2047,14125,4101,6055,14272,3331,1379,14159,3944,38,15000,4353,4502,14557,4120,1916,14660,2145,-2204,13883,2603,267,14158,3952,4125,14670,3220,16,13064,3337,-2485,13637,4053,3318,13463,4499,2216,13034,1931,-2823,12283,2363,1084,13673,4584,4356,13615,4136,179,12769,4053,417,13989,4289,5152,13376,4461,4108,13996,2830,139,13884,2870,2436,13932,4680,5546,15554,4430,309,14185,3924,-588,14423,2832,4200,14295,2690,3382,14711,2897,-2675,13837,2934,647,13844,3959,3858,13716,3407,-1263,13886,3727,-1203,13220,3742,3329,13041,3018,865,12640,2332,-1812,13120,4244,2268,13557,4973,4861,13390,3645,548,13455,4306,360,13835,4220,5635,13796,3902,3535,14104,2171,-638,13771,3565,3140,14732,4885,4969,15292,3868,-137,14152,2970,-1136,14092,2771,4306,14367,3159,2285,14381,2945,-2732,13859,3188,1336,13121,4087,3394,14211,3797,-1298,13184,3859,-1506,12848,3366,2880,13237,2889,1871,12873,3382,-811,13231,4221,1942,13198,5249,4652,14099,3317,1365
14414,4771,4995,15128,4072,1441,14224,3578,-942,14608,3028,3044,14365,3277,2983,14831,2521,-2555,13343,2632,337,13662,4359,4233,14470,4533,-148,13616,4030,-2495,12714,2798,2211,13057,3301,2441,13338,3026,-977,12759,3790,2129,13009,4807,4319,13946,4026,1254,13258,4184,8,13753,3097,5304,13315,3666,5073,14947,2415,-761,13629,4322,1205,15063,4989,5106,14792,4109,1132,14523,2936,-902,13928,2952,3440,14590,2674,2289,13834,2781,-3066,13949,3412,6,13350,5072,4349,14327,3554,-381,12679,3301,-2716,12998,2842,3008,13117,3146,2766,12921,2943,-672,13170,4637,1649,14002,5368,5376,13569,3757,1371,13556,3423,-677,13959,3780,5764,14078,3282,5072,14052,3550,-1300,14729,4383,2083,14892,5134,4837,14899,2484,-231,13759,2376,-1306,14137,2708,3578,13993,3293,2546,13986,3441,-2993,13638,4000,906,13431,4730,4128,13624,2742,-1507,12580,2530,-1661,12849,3221,3697,13669,4183,2613,13290,4376,-454,13569,4907,2299,13371,4764,6245,14129,2960,1073,13101,3243,-213,14323,2796,5854,13630,3950,3529,15224,4063,-1894,14723,4618,2577,14514,3654,4437
13332,3242,-872,12765,3856,3613,14330,3490,-417,13403,4136,-2276,12787,2665,3620,12704,3308,3082,13548,3772,-1210,13476,5477,1254,13486,4754,5984,13793,3407,2752,13650,3862,-1048,14534,2768,3947,12638,2768,4754,15066,3290,-963,14705,5608,1735,15207,4055,5270,13517,1383,178,13870,1809,-2814,14738,3703,2980,14209,4500,3204,13913,3346,-3022,13465,4245,-288,13658,4783,3684,13696,2193,34,12647,3085,-1646,11934,4035,4535,15558,4224,4116,10737,3561,-3563,14108,3411,2727,13924,6030,7305,15254,3510,1625,11648,2337,135,14666,1588,4006,13838,6647,4144,16816,4520,31,13190,3079,1853,14181,1898,4331,14803,3490,-1088,14918,3192,-2985,12877,3361,3978,14075,3318,2654,13905,4543,-2708,14037,3895,-719,11976,2750,3704,13089,2055,823,13074,4768,-1764,13864,4203,4593,11984,4121,3148,14391,3655,-1846,13581,4921,3859,13832,3808,6452,13510,2319,817,13988,3259,-191,14690,5005,4479,15097,4398,3421,14412,3398,-1232,14441,2960,1077,13994,3483,4177,14203,1616,-306,13324,3135,-2131,14340,4316,3703,13641,4606,2053,13465,3140,-3812,13372,2678,511
14393,4411,-680,13347,3915,1359,13275,3228,6153,14184,2790,2315,14081,3891,-287,14546,4297,4117,14392,4359,4089,14772,2789,-1107,14160,3058,321,14368,3240,4305,14152,2039,525,13489,3033,-2808,14184,4473,2182,14003,4865,3047,13468,3087,-2287,12688,2844,-526,13092,3800,4190,13590,3489,856,12919,3896,-951,13206,4260,3949,13424,5209,4508,14386,3422,-368,12857,3204,1650,13658,3135,6162,14655,3794,1967,14631,4453,-843,14378,4017,3928,14125,3731,3657,14999,2696,-1270,14309,2659,-43,13666,2722,3433,14344,3278,-431,14255,4879,-2653,13583,4156,3427,13063,3100,2686,13308,2373,-2943,12672,3226,352,13086,4061,4244,13197,4083,862,13256,4702,-83,13625,4902,5003,13561,3792,4496,13714,2409,-913,13372,2879,2172,14119,4520,6515,15317,4266,1280,14271,4338,-689,14397,3259,3594,14387,3480,3139,14914,2502,-1806,13560,1883,646,13468,4075,4065,15251,4142,-1331,13196,4170,-2476,13014,2459,3438,12785,3567,2215,13770,3011,-2022,12571,3792,1545,12907,4342,4597,13678,4590,487,13701,4723,175,13511,3690,5709,13279,3140,3962,14278,2945,-1036
15193,1705,2120,14143,2510,-2044,13947,2249,841,13186,3415,2711,14787,4284,-30,13339,4662,-1878,13885,3090,1447,12508,2764,3539,13212,2769,-2002,12639,4745,784,14018,4879,5223,13002,4501,321,13591,4229,28,13508,3790,5812,13666,2810,4969,13648,2245,-1315,14409,4355,930,15087,5670,5996,15251,3526,2291,13556,2413,-1711,14657,2518,2803,14411,3378,2705,14130,2134,-2967,13362,3695,379,14485,5315,4468,14071,4277,-685,12655,2810,-2661,12771,2303,2565,13459,4619,2520,11127,2899,1419,15229,3553,1739,12545,6495,1900,14759,2805,3006,11842,4149,-199,16277,3537,5008,12354,5023,7008,15181,248,-2313,12735,5673,762,17129,5879,6136,14053,3222,1045,13115,122,-1106,14858,3550,1285,14565,4635,1596,13754,2703,-2564,13115,3620,483,13717,4546,5277,13399,2734,-921,12359,1868,-2751,12785,3667,2806,14027,5234,2919,13211,4140,-364,13041,4440,2428,13837,4925,5697,14556,3145,1258,12733,2449,-220,14114,2959,5412,14625,5391,4592,15456,5092,-1558,14099,3211,734,14182,2679,4814,14667,2562,553,14032,2345,-1578,13069,2699,4140,14528,4072,1198
12544,3561,2343,13455,4532,4782,13633,4595,-502,13385,5188,852,13599,3948,6925,13550,2686,3179,13696,2462,-948,14945,4992,3942,14618,5179,4466,14563,3128,-1142,13922,3058,1070,14848,3320,4819,14513,2624,1021,13749,1810,-3186,13441,3489,1726,14622,5088,3733,14224,4671,-2380,12560,2198,-677,12751,3469,3357,14387,4078,-141,12769,3566,-700,12368,2654,4303,13298,5335,3694,14832,5296,-400,13172,4017,1730,12460,2340,5691,14282,2512,2735,14679,4390,-822,14788,3995,3789,14286,4570,3954,14673,3244,-1576,14550,3078,1168,14252,3821,4888,14691,1732,-328,13177,3043,-2805,14203,4181,2159,13929,5074,2721,13453,2969,-2014,12694,2775,-53,13021,3570,4369,13194,2669,646,12867,4555,-1165,14167,5382,4385,13117,4717,4692,13563,2794,-1159,13287,3548,2644,14184,3045,6756,13891,3117,532,14600,4255,18,15292,5637,4268,14547,4511,2776,14184,1460,-1069,13889,2255,646,14561,3533,3364,14035,3079,-963,13428,3524,-2873,13613,4610,3692,14091,4519,2549,12987,2442,-2964,12338,1934,988,12935,4070,4091,13914,4007,132,12960,4517,161,13557,4499,4871
14909,3791,-1877,14707,5153,3788,15064,5020,4088,14573,2651,-1199,13757,2270,-46,14022,2113,3783,14001,3035,514,13633,3692,-3122,13883,4353,2652,13565,4606,2902,13471,3034,-2666,12478,2055,-55,12476,3155,4597,13496,4004,1616,13818,5195,-555,13547,5321,3331,13634,4187,5405,13527,3287,364,14272,2495,875,13317,3442,6631,15356,3961,1123,14458,5398,-1540,14722,3686,4526,14042,3419,3502,14456,2211,-1521,14189,2016,-581,13146,3260,3378,14323,3449,80,13790,5000,-2401,13468,3844,2770,12786,3654,2561,13414,2508,-1894,12688,3354,743,13198,3981,5294,13554,4329,599,13351,5005,-847,14326,4818,5200,13315,3996,4807,13896,1797,-731,13743,2894,2025,14312,4855,5776,15122,4230,1144,14184,4068,-1032,14703,3197,3236,14021,3110,2869,14752,1532,-2474,13281,2707,20,13905,4423,4009,14294,4447,-477,13475,3864,-2270,13217,3670,2169,13015,3234,2913,13171,2755,-1285,12819,3566,1785,13035,4715,4541,13922,4579,469,13627,4655,575,13938,3329,5668,12839,3191,4380,14944,2204,-915,13695,4796,1889,15091,4836,5407,14456,3832,1340,14601,2825,-1626
13855,4233,1200,14119,4302,-2597,12796,3167,1401,12875,3072,2497,13237,2621,-1010,12760,3048,1564,13109,4765,4254,14252,4644,1835,13250,4662,-296,14126,3639,4375,12960,4385,5884,15145,1915,75,13006,3998,335,15391,4382,4750,14743,4680,1653,14657,2955,-1323,13912,2774,3040,14387,3133,3593,14418,2765,-2422,13496,2533,-1004,12981,4422,4377,14605,4029,345,12919,3742,-2964,13188,2842,2348,13004,3472,2883,13109,2805,-861,12995,4159,1512,13848,5379,5097,13829,4097,2243,13316,3655,-453,13922,3579,4370,13847,3500,5517,14264,2589,-612,14181,4023,806,15224,5262,5408,14753,3801,888,14091,2288,-1627,13941,2739,3193,14408,3660,2783,14195,2723,-2810,12921,3078,-151,13473,4330,4369,14422,3750,-675,12649,3911,-2570,13624,2401,3042,12420,3683,3553,14056,3465,-516,12705,5531,1146,13667,4663,5836,13792,3395,1648,13896,3690,-864,13959,3037,5487,13774,3301,4439,14618,3898,-1507,14748,4563,1667,14486,4694,5211,15117,2226,289,13258,3147,-1793,14368,846,3914,12949,4532,415,15728,3743,-2880,13193,4476,1533,12708,3847,3121,13364,3109,612
13941,4977,5578,13450,4180,3381,13506,3487,-1046,14207,3377,3800,13599,3288,5886,14345,3078,-617,14598,4419,846,14902,4899,5257,14591,2792,1093,14168,2520,-2338,14322,2267,2322,14076,3794,3437,13964,3402,-2515,13704,3879,-291,13659,4932,4188,13652,3750,-397,12559,1938,-1878,12431,2713,2862,13616,4507,3889,13528,4097,-570,13007,4574,1003,13782,4822,5852,14197,3885,2497,13408,2729,-565,13803,1802,4867,13746,4473,4420,16064,4405,-1591,14137,4662,1163,14459,3703,4583,14577,2484,794,14445,2380,-2067,13258,2571,2584,13672,3515,2801,14097,4170,-2808,13889,4736,-36,12947,4463,3339,13416,1989,-55,12139,2430,-939,13310,3454,3820,13401,4397,3503,13439,4115,-1168,13762,5112,2497,13834,4900,6554,14083,2555,1545,13561,1915,-227,13897,3810,4316,15263,5396,3782,15031,4758,-722,14268,3324,1007,14042,3286,4417,14777,2020,-329,13445,2190,-2496,13438,3293,2770,14077,4684,2367,14098,4561,-2521,13281,3623,27,12470,3150,3463,13524,1793,432,12582,3227,-135,13554,4580,3260,13830,5239,3358,13796,4695,-482,13749,4343,2345,13389,3701,6339
14175,4370,-25,14392,3664,3986,14431,2314,1324,14098,1317,-2207,13071,2445,2026,14088,4275,2949,13993,4426,-2043,13507,4131,-994,12591,4003,3619,13507,2145,1007,12550,2532,-1615,13191,3779,3321,13463,5348,4357,14023,4789,-360,13875,5158,2041,13846,4209,6307,13727,2367,2452,13766,2021,-1140,14354,3721,3900,14535,5246,4872,15240,4177,-857,14240,3536,211,14263,3158,3795,14182,1296,487,13125,2450,-1908,14026,3426,2695,13705,5552,3126,14429,4049,-2884,12769,3919,-1311,12812,3130,4199,13310,2399,1835,12784,2969,67,13266,4596,2947,13746,5592,4065,14248,4450,-308,13474,4098,1686,13359,2715,7072,14158,1571,2015,13890,3787,-1851,15039,4818,4079,14705,5490,4125,14938,3471,-1375,14008,2573,111,14326,2445,3467,13572,1968,97,13796,3469,-2698,14155,5385,2823,14087,5207,2693,12532,2275,-2598,12798,2428,33,13091,4049,4362,13573,2897,1497,12271,3665,-601,14108,5458,4200,13872,5910,4394,14469,3453,-621,12776,2672,2385,13905,2330,6775,14049,3368,1451,15214,4902,-999,15136,5457,3922,14714,3982,2548,13719,1824,-1976,14033,1159,1132
13672,3464,-2411,12987,2461,-1136,12079,2561,4388,13879,3141,2599,13153,4264,-912,13603,4985,2746,13397,5675,5448,14573,3716,-13,13257,2482,1036,13150,2531,6646,14466,3208,2381,14784,5127,-1478,14681,4151,3413,14084,4428,4206,15440,2656,-1125,14168,2184,-1322,12874,2184,4136,14327,3037,707,14403,5202,-2832,13803,4170,2683,12602,3748,2551,13637,2700,-2377,12688,3059,-92,12528,3460,4771,13407,3956,1738,13645,5105,-743,13783,5420,4251,13338,3877,5046,13943,2233,-319,13480,2808,1668,14375,3863,6070,14860,4365,1467,14950,4463,-1575,14425,4276,3141,14578,3689,3774,14771,1609,-1683,12959,1567,-41,13463,3855,3797,14935,4734,-533,13469,4766,-2430,12886,2954,2607,12693,3339,2850,13463,2306,-1551,12685,2967,693,12707,4311,5193,14172,4964,1443,13894,5699,-600,14008,3564,5640,12894,2999,4430,14512,2107,-686,14117,3825,1990,14473,4989,5162,15090,4328,1417,14613,4017,-1119,14376,3557,2878,14264,2173,2704,13520,1483,-2176,13591,2683,130,13870,5411,4059,14313,4149,-583,12957,3116,-2751,12751,2846,2930,13351,3254,2902,13113,3321,-1302
13171,3020,5333,14512,2256,189,13948,3818,841,14807,4347,4895,14612,4501,2313,15054,3450,-1751,14048,3373,1985,14192,2234,3597,13943,1341,-1662,13615,3172,-1274,13748,5492,3826,14427,4209,732,12671,3298,-2968,13119,2351,2170,12957,3851,3459,13478,3095,-608,12775,4064,852,13212,5897,5036,14487,5031,2663,13473,3472,-429,13116,2012,4241,13621,3131,5591,15115,3579,-242,14287,4324,499,14403,4483,4740,15245,3796,1377,14801,3257,-1680,13719,1571,2687,13283,2064,3114,14618,3899,-2707,14312,5061,-629,13036,4512,4142,13578,3177,-13,13127,3112,-2253,12673,2779,2860,12524,3469,3460,13658,3672,-665,13324,5731,1643,13948,5223,6037,13654,3017,2193,13218,2604,-993,14414,2548,4784,13762,4370,5191,15476,3830,-1204,14175,4889,1087,14855,4431,4559,14951,2781,140,13937,1809,-2003,13192,1720,3218,14144,4392,2372,14472,4875,-2811,13413,4038,-62,12347,3848,3774,13951,2191,136,12190,2898,-1488,12807,2905,3813,13225,4679,3714,14012,5345,-1008,13926,5158,2784,13377,3919,6607,14045,2516,1357,13389,3325,-719,16323,2941,6664,12797,5412,2636
12967,2267,2219,14162,4289,2560,14571,4604,-2390,13369,3775,-1293,12411,3527,3967,13844,2953,1820,12637,3379,-1811,13242,3608,3411,13258,5271,3929,14041,4282,64,13294,5171,1519,14196,4045,6346,13658,2934,2666,14106,1872,-1587,13759,3780,3750,15128,4845,5144,14608,4052,-345,14441,2962,-647,13930,3098,3348,14944,1755,431,13407,3006,-2905,13993,3455,2640,13593,5418,3316,14280,3912,-2682,12572,3428,-1144,12830,2964,4228,13282,2748,1703,12521,3797,-1063,14012,5964,3131,13686,5130,5184,12972,2322,66,13250,2831,1457,14537,3657,7296,14208,3224,1354,14466,3602,-1886,14617,5079,4041,15002,4021,4406,14601,2864,-1084,14009,2627,-133,13868,2752,3875,14114,2791,-268,13636,3831,-2952,13612,3918,3708,13768,4547,2113,13409,3268,-2975,12458,3076,281,12510,3140,4588,13838,2832,2274,12908,4906,-1034,14157,5147,3853,13486,5016,5168,13666,2659,-706,13448,2345,1737,14100,3742,7042,15051,4149,1013,14798,5041,-1527,14382,3803,4136,14419,3248,3212,14764,2969,-2222,14127,1577,387,13136,3283,3417,14474,3657,-881,13708,5005,-2263,13326,3544,3295
13058,3570,-473,13517,4393,3591,13583,4732,5053,14327,3455,-384,13345,2267,714,13295,3198,6794,15442,4672,2812,15188,4995,-1750,14294,3335,2238,13739,2947,3629,14855,2581,-951,14189,2772,-136,13498,3340,3575,14023,3600,-293,13997,4465,-2899,13472,3710,2227,12381,3543,3364,13379,1968,-520,12461,3885,234,13667,4829,4201,13667,4247,1905,13011,4052,-405,13965,3955,4824,13670,4291,5682,14808,2558,-1287,13105,3138,792,14620,4140,6168,15295,4870,2100,14892,3688,-1043,13856,2442,2010,14113,2933,2330,14635,2556,-1738,13693,3292,-737,13075,4257,4343,14184,3633,329,13117,3532,-3429,13062,2873,2631,12805,3136,3671,13039,3144,-1138,13581,4738,937,13638,5537,4889,13540,3358,1461,13374,3413,79,13942,3594,5346,13826,3882,5104,14252,3220,-843,14328,4107,1145,15047,5330,4801,14732,3070,1333,13809,1986,-1282,13959,2785,2759,14585,3356,2819,14202,3327,-3165,13385,3066,47,13328,4482,4950,14088,3552,-794,12937,3333,-2633,12485,2271,3510,13377,4168,2971,13822,4599,-994,13460,5135,2261,13141,4601,5433,13928,2936,1972,13157,3675,-726
14254,3702,2843,14717,2309,-1939,13823,2750,1638,14355,2993,3450,13848,3266,-2176,13977,3567,-922,13345,4460,3885,14044,3330,489,12947,3389,-2719,13179,3142,1926,12844,4149,4205,13608,3444,-463,12903,5022,632,14094,4735,5968,13478,3599,2405,13319,3324,-1214,14135,2991,4326,13677,3826,5552,14716,3502,-651,14233,4920,749,15038,4253,4536,14173,2513,1838,14113,2242,-2309,14424,2781,1923,13845,3809,3247,14069,3267,-2885,13513,4292,-370,13456,4202,4681,13453,3096,247,12851,2325,-2130,13174,3754,2688,13318,4849,3235,13514,3955,-495,12988,4477,2046,13839,4078,6368,13637,3513,2430,14088,2909,-1609,13727,3172,4530,14303,4589,4935,15029,4602,-637,14555,3536,955,13946,3077,4108,14600,2500,640,14616,3133,-2145,13597,3340,2662,13924,3741,2880,13929,4078,-2817,13785,3422,-407,12572,3821,3698,13734,2118,183,12403,3662,-1115,13493,4138,3965,13073,5092,3052,13772,3570,-690,13396,4189,2248,13747,3823,6469,13876,2989,1798,13817,2609,-779,14195,4393,4355,15205,5440,4001,14860,3548,-909,13862,2543,1182,14276,3584,4311,15093,2630,-264
12865,2617,3062,13063,3225,2270,13399,3047,-2252,12945,3806,2248,13140,5024,4436,14225,4031,-557,12863,4260,958,13894,3763,6192,13346,3897,3043,14703,3003,-720,13634,3846,3546,14619,4814,4928,15076,4176,-172,14254,3131,-34,14011,3205,3800,14462,2877,866,14378,2689,-2842,13825,3063,2136,13515,4117,3688,14114,3852,-2127,13255,3796,-939,12450,3389,3820,13496,2277,587,13092,3924,-1428,13710,4337,3111,12908,4995,4187,13747,3543,282,13333,4551,1445,13967,3756,6521,13926,2867,2529,13696,3097,-1407,14737,4496,4030,14882,5032,4459,14476,2776,-878,13837,2155,289,14235,3732,4071,15003,2764,778,13617,3574,-2828,13511,3539,2453,13680,4542,3499,13946,3660,-2767,13046,2733,-846,12392,3454,4031,13555,3212,1361,12978,4408,-424,13692,4468,3914,13229,4504,4894,13835,3050,-1061,13431,3698,1450,14029,3689,6588,14133,3024,1997,14344,4182,-940,14787,4460,4134,14610,4245,3207,14581,2516,-1614,13975,3040,686,14483,3368,4217,14293,2968,-422,13369,3387,-3001,13455,3421,3267,13667,4262,2559,13512,3068,-2813,12605,2644,466,12730,3985,4119
13357,3736,837,13507,3748,6100,14271,3269,3229,14185,3765,-1247,14250,3498,3343,14539,4533,4633,14994,3597,-801,14265,3297,-927,14194,3070,3509,14003,2252,1910,14059,3141,-3190,13683,3778,2034,13482,4838,3657,13700,3120,-2418,12887,3396,-934,12891,3740,3967,13668,3391,2091,12662,3834,-769,13628,4582,3243,13172,4977,5144,14080,2931,73,12964,3534,1109,14633,3105,6506,13963,3520,2458,14594,3536,-1379,14486,4407,3476,14810,4391,4225,14570,2708,-939,14001,2468,-936,13685,3283,3804,14808,3047,403,13513,4154,-3076,13652,4034,3024,13368,4302,2693,13307,2940,-2211,12633,2685,-365,12854,3881,4149,13923,3599,2190,12893,4240,-840,13857,4523,4062,13460,4534,5058,14311,3252,-769,13542,2955,1847,13643,3441,6730,14860,3989,1745,14971,4839,-1206,14680,4085,2846,14249,3218,3490,14455,2557,-1375,14292,2640,-339,13343,3528,4682,14186,3012,-293,13375,4492,-2786,13643,3644,3014,12802,3510,2323,13273,1932,-1689,12864,3619,513,13149,4732,5159,13789,3700,1653,13042,4976,-1239,14506,4269,5901,12927,4700,4935,14601,1685,-1148,13237,3052,2228
13759,1900,-594,13953,1927,-1341,13937,3874,4324,14621,3737,1158,13048,3103,-3454,13455,3425,1866,13639,5128,2660,14112,3216,-1291,11908,2015,535,13021,3463,3757,13957,4793,1956,13415,4653,-949,13609,4606,4010,13635,5215,6234,14670,3359,-234,13310,1717,253,13071,2413,5437,15211,4638,2708,15387,5422,-755,14371,3572,1992,13327,2515,3357,14804,2057,-1192,14129,3170,-745,13420,3470,4161,13695,3468,-66,14150,4866,-3469,14537,4546,1704,11690,3804,4002,13612,857,732,12277,4363,-1117,14029,4682,4086,13078,4307,2547,13722,4376,-1196,13916,4439,5423,13259,3713,5812,14207,1416,-1088,13476,3310,674,14905,5312,5935,15194,4807,2718,14844,3505,-1375,13817,3160,1409,14492,2754,3191,14313,2063,-1544,13425,2506,-556,13557,4250,4233,14520,5042,-180,13886,4382,-3572,12070,2456,2868,12609,3031,4071,13734,3188,-1148,13143,3927,1240,12520,4856,3807,14399,4359,1950,13916,4801,642,13744,2930,4399,13037,3037,5180,14738,2540,-278,14129,4451,393,15086,5094,5443,14884,3904,1493,14414,2687,-2431,13751,2146,2506,13891,2363,3022,14259,3164,-2094
13160,3677,3659,13448,3169,-343,12819,3571,185,12918,4747,4645,13912,5332,2929,14277,4008,-771,12960,2807,3460,13189,2896,5892,15153,3018,849,14129,4406,188,14542,4248,4480,14524,4010,2386,14998,3368,-1883,14091,2625,1586,13611,2079,3821,14182,2620,-1503,13982,4678,-1844,13970,5229,4246,13506,3885,1454,13186,2869,-2925,12594,2685,1687,13029,3042,3820,13075,3283,67,13313,4532,476,13743,5632,5504,14247,4239,3419,13514,3154,-1272,13520,2498,3816,13905,3808,6308,15171,3656,-387,14362,4725,-347,14633,4782,4489,15040,3573,1829,14283,2889,-2427,13696,1151,2286,13299,3321,3443,14885,3970,-2598,13505,4550,-1033,12908,3887,3902,13518,3112,601,13118,2721,-2120,12663,2794,2646,12696,4025,4168,13730,4633,-379,13658,5817,1156,14109,4648,6539,13514,3148,2616,13901,2424,-1141,14091,3130,4318,14284,4528,4886,15181,4103,-843,14364,4554,608,14614,3982,4414,14533,2446,742,13661,1201,-2152,13106,2331,2700,14227,4604,2622,14381,4635,-2523,12995,3868,-877,12650,3680,3646,13666,2784,1089,12757,3140,-1191,12969,3468,3798,13099,5278,3997
12991,3931,4212,14530,3181,6104,13383,4858,-2733,17299,3871,1228,13540,4766,4107,15170,1653,38,12217,1697,-480,14826,1215,501,12271,5933,2775,15684,3988,-257,12675,4777,-2999,13034,2420,3953,12542,3210,1794,13374,2783,-1654,13024,3826,3343,13126,5353,3493,14455,4124,468,13284,5376,1033,14728,2823,6917,12419,3384,3097,14614,1948,-1822,14758,4898,2919,14884,5266,5250,14682,3214,-398,14016,2549,-987,14579,3161,3349,14285,2487,938,13361,2455,-2321,13657,3816,2114,13861,5640,3344,14083,3785,-2367,12710,2793,-1505,12854,3662,3604,11780,2650,4349,14837,3425,-524,12557,5243,-166,13856,4856,5824,13667,3999,1608,14599,4703,46,13523,3243,8359,13918,1737,2406,13981,3718,-3304,15749,5824,4184,14636,4595,4990,13681,1108,-939,14478,2683,-2156,14339,3472,2643,13753,2406,1199,13113,3658,-2580,14190,4657,3088,13049,4693,3401,13393,2189,-3121,12147,2993,-735,13073,4504,4460,14081,3875,2567,12453,4056,-433,14374,4773,3910,13661,5558,4664,14549,2262,497,12747,2228,1677,14166,3727,6225,15430,4730,2127,14705,3946,-2856,14124,3153,2520
13677,4463,-2503,13635,3569,1166,12661,4131,3721,13879,2240,-1252,12118,3093,-1090,13128,3645,4609,13683,5047,2905,13476,4553,-584,13196,3887,3476,13821,4942,6106,14608,2231,1722,13964,3903,-1171,14147,3529,5177,14583,4092,3003,14846,4165,-1671,14528,3094,2504,14088,2979,4003,14422,1944,-1392,13506,2868,-1984,13832,3963,3810,14074,4893,1743,13401,3551,-3490,13014,3340,894,13408,4689,2938,13722,2638,-69,11577,2237,1187,13504,4666,4002,14657,6135,3495,13567,4197,-950,12779,2194,2511,13498,3678,6790,15340,3317,709,14149,3975,-351,14407,4310,4591,14734,4225,2045,14762,3489,-1277,14082,3147,2098,14379,2384,3893,13441,2242,-1591,14010,3407,-2303,13526,5187,3978,14108,3761,1571,12738,3157,-3085,13081,2705,2260,12487,3571,3889,13684,3528,-550,13232,5144,947,13712,5283,5330,13631,3712,3238,13049,3918,-902,14557,2354,3755,13003,3549,5870,15370,3009,-260,14526,5835,293,15094,4496,4689,13815,2815,1351,14198,2015,-1725,14752,2405,1765,13480,3478,2906,13897,2700,-2483,13486,4456,-1124,13947,5163,4360,13389,3692,567,12297,2225,-2431
13633,4083,4443,13509,3512,-493,14386,2610,2236,13219,4040,6428,15539,3620,200,13703,4962,-650,15183,3701,4630,14096,3464,2781,14490,2201,-2011,14012,1853,650,13517,3812,3760,14549,3521,-1188,13649,4228,-1686,13232,3570,3239,13430,3873,1213,13076,2744,-2318,12513,2909,2246,12708,4740,4643,14753,4551,332,12830,4742,-210,13830,3622,5431,13410,3864,4663,14655,2802,-1080,13401,3049,2865,14861,4925,4993,14956,4441,106,14266,3407,253,14092,3389,4341,14610,3210,2246,14466,2480,-3054,13242,2306,200,13751,4382,4197,14654,4302,-998,13295,3239,-1784,12169,2976,3361,13801,3400,1256,13229,3507,-1458,12707,3202,3301,13216,5169,3672,14340,4335,169,13415,4224,757,13746,3561,5544,13510,3524,3830,14533,2906,-759,13767,4714,2624,14912,4602,5137,14648,3464,-269,14478,2562,-764,13981,3050,3951,14593,2031,1377,13583,3047,-3120,14117,3733,1648,13515,4917,3753,13967,2808,-1513,12910,3777,-2175,13196,3656,3838,13277,3797,2184,12927,3119,-790,13000,4306,2258,13568,5739,4618,14170,3184,1044,12999,3553,796,13875,3043,6218,14516,3099,3245
14253,3224,3296,14812,3449,2857,13914,2765,-2386,13678,2665,293,13460,4643,4440,14414,3817,-651,12705,3234,-2715,12965,3301,2730,13391,3603,2907,12653,3222,-862,13307,4538,1907,13750,5251,5422,13427,3534,1025,13431,3291,-231,14200,3715,5772,13957,3332,4241,14061,3150,-1321,14600,4502,2044,15167,5380,4959,14878,3331,442,13738,2584,-858,14309,2689,3333,14305,3385,1424,13816,2793,-3638,13335,3156,1132,13529,4846,4536,13701,3348,-1182,12801,3247,-1725,13037,3349,3174,13525,3559,2261,12796,3948,-704,13906,4208,2835,13048,5431,5469,14182,2832,880,13271,3943,-514,14593,3369,5783,13630,4274,4527,14871,3484,-1230,14614,4380,2549,14413,4187,3934,14522,2106,-969,13816,2228,-957,14077,3378,3237,14292,3437,1807,13450,3201,-2861,13362,3508,1624,13466,4699,3692,13887,3421,-2064,12835,3399,-1307,12771,3144,4545,13463,4024,2858,13249,4441,-1467,13865,4068,3533,13015,4410,5510,14594,3154,332,13501,3325,1090,14073,3336,5234,14249,4147,2504,15149,3867,-1534,14141,3879,2668,14765,3926,4016,14570,2037,30,13355,1861,-1570,13332,4011,1735
12871,3134,-2131,12649,3364,2847,13605,4147,3802,13142,4016,-421,13371,4042,2050,13348,4650,6354,14365,3762,1580,13918,4029,-1183,14095,3085,5203,13677,3851,4672,15146,3687,-1103,14202,3896,1846,14351,3524,4260,14359,2632,5,14604,2898,-2219,13615,3692,2913,14228,3434,2515,13409,3359,-2671,13833,3456,479,13077,4950,3370,13724,2779,-325,12164,3057,-1200,13507,4009,4146,13451,5004,3462,13448,3324,-1354,13229,4107,2737,13991,4862,6200,13961,3516,1168,13681,2268,-239,13892,3743,4855,15116,4572,3623,14753,3716,-1145,14062,3083,1334,14330,3939,4257,15080,3092,-412,13575,2931,-2098,13626,2877,3269,13762,3306,1966,13667,4253,-2790,13705,3870,492,12580,4631,3465,13651,2410,-46,12425,3563,-228,13189,3964,4317,13497,4149,3149,13506,3567,-893,13841,4207,3085,13550,4555,6259,14793,2477,527,13444,3522,142,14727,4369,5103,14776,4387,3194,14623,3345,-1731,14024,3048,1613,14281,3546,3365,14423,2551,-1430,13786,2925,-2019,13280,3702,3808,13735,3746,2137,13496,3652,-3210,13188,3532,982,12997,3634,4008,13369,2638,-504,12739,4226,127
14306,2704,1878,13635,3006,-318,14356,4160,4112,14894,5044,4337,14614,3946,-913,14464,2886,324,14035,3717,3923,14775,2131,228,13428,2873,-2462,13963,3694,2842,13714,4142,3067,13620,3310,-2701,13069,3635,-770,12881,3740,3930,13373,2592,600,12636,3589,-682,13383,4710,3921,13591,5210,4194,13993,3813,-224,13424,3813,2109,13634,3766,6242,14636,2913,1467,13800,4028,-1018,14807,3908,4749,14043,4637,4046,15365,2681,-1716,13882,3319,140,14165,2645,4023,13899,2498,10,13960,3475,-2069,13689,3991,3352,13490,4167,1993,13493,3383,-3441,13111,3484,381,12720,4021,4616,13746,3044,1176,12642,4279,-376,13965,4696,4353,13307,4707,3972,14100,3386,-1120,13215,3263,2998,14039,3204,6371,14226,3290,508,14218,4013,-546,14856,4541,4440,14794,4158,2855,14524,2638,-1894,13790,2104,673,13730,3264,3772,14518,3157,-1432,13891,4348,-2410,13826,4812,3594,13209,3448,2252,13027,2066,-2218,12796,3468,1159,13297,4294,4414,13398,3209,276,12819,4332,-117,14037,5043,5845,13919,4924,3570,13836,2680,-881,13573,2489,3013,13632,3649,6044,15323,3948,917
14071,2648,4792,14125,2582,49,13431,3370,-2403,13594,4191,2901,13665,4699,1832,13519,3383,-2474,12930,2788,-6,12484,3629,5144,13924,3135,2078,12697,5105,-1391,13933,4727,4427,13773,4640,5236,14152,3099,-941,13353,2701,1990,13811,3665,5805,14854,3839,1221,14505,4702,-132,14423,3930,4222,14607,3462,3317,14536,2617,-2586,13837,1832,-543,13302,3254,4504,14560,3658,-153,13802,4471,-2273,13003,3551,2892,13205,3768,1701,13649,3570,-2274,12694,3251,1199,12630,3581,5342,13566,4229,1200,13778,5187,-509,13875,4274,4876,13252,3778,4263,14238,2739,-454,13859,3347,2782,14183,4164,5473,15145,3633,364,14273,4238,-1080,14760,4074,3694,14543,3348,2910,14226,2024,-2424,13521,2114,627,13550,4482,3411,14657,4244,-965,13016,4085,-1839,12829,3521,3067,13296,3421,2537,13204,2922,-1921,12747,2975,1851,12715,4608,5692,14314,4780,730,13660,5025,-47,13826,3236,5700,13383,3282,3625,14827,2921,-583,13918,3930,2780,14399,4694,4912,14901,3986,365,14727,3865,-994,14282,3228,3179,14119,1975,2255,13696,2382,-2744,13690,3430,744,13763,5048,4040
12724,2832,865,12759,4294,5000,14161,5136,1708,14193,4926,-401,13497,3713,4824,13345,3448,4762,15100,2979,-297,13924,3957,1411,14394,4319,5134,14850,3910,1495,14743,3607,-1682,14243,3085,2395,13983,2039,2706,13867,1989,-2312,13735,3358,-311,13332,5370,4482,14342,3615,-37,12863,3628,-2877,12915,3370,2508,13375,3704,2920,13031,2919,-468,12974,3842,1989,13449,5776,5315,14651,4364,1752,13136,3791,-494,13447,2524,4890,13959,3739,5454,15245,3401,-770,13964,3916,1147,14387,4209,4679,15229,3362,537,14433,3355,-1883,13955,1782,3225,13425,2976,2839,14711,3915,-3051,13730,4452,396,12691,4230,3786,14069,3127,-722,12701,3971,-1673,13198,2755,3625,12332,3543,3429,13584,3843,-833,13658,5491,2473,13661,4858,6123,13902,3161,1098,13445,2786,-492,14289,3110,5558,14355,3644,3784,14868,4146,-1445,14461,4530,1905,14835,4413,4402,14751,3059,-612,13934,1674,-1760,13015,2664,3654,14433,3981,1600,14157,4390,-3044,12924,3590,601,12758,3965,3517,13837,2834,-272,12487,3135,-990,12642,3074,4641,13028,4806,3481,14355,4960,-1130,13694,4470,3439
15418,4321,-1966,13923,3644,-720,14563,3629,4628,14576,3094,1343,13928,1974,-1536,13182,2588,2329,13948,3826,2422,14219,4395,-2818,13325,4304,-834,12721,4283,4093,13788,2382,650,12330,2538,-344,13344,3576,3280,13310,4857,3538,13769,4079,290,13657,5563,1406,14182,4116,6928,13912,2478,1675,13469,1562,-1014,13990,3178,4565,15247,5786,3591,15806,4680,-772,13589,3186,277,14265,2466,2936,14537,1998,188,13546,2411,-2541,13035,3266,3029,14036,5205,2861,14280,4637,-3205,12597,3709,-266,12543,2419,4256,13301,2336,1216,12559,4106,-530,14089,5323,3951,13119,4247,4434,13540,3610,-609,14017,4043,2650,14289,3705,7010,14034,2259,1012,14368,3892,-1306,14834,5287,4056,15145,4222,3686,14250,2647,-1704,14162,2371,-12,13631,2790,4020,14317,2190,-993,12831,3563,-2134,14217,4670,4155,13532,5690,1486,13481,3278,-3113,12093,2576,598,12616,2798,5161,13675,2942,1587,13162,4922,-542,14223,5313,4867,13865,5412,3967,13890,2896,-1127,13475,2042,3334,13787,3400,6755,15054,3577,186,14436,4865,-1365,14915,4213,3851,14603,3655,2984,14612,2720,-2321
13484,5707,3040,13389,2385,-2087,12134,2620,51,12949,3594,4581,13801,3940,1514,13087,3867,-185,13632,5176,4025,13919,5331,4813,14822,3376,-288,12868,1236,1517,13464,2429,6717,15566,4699,1939,15222,5652,-2068,14473,3842,2712,13599,3285,3397,15074,2086,-1634,13775,2192,418,13044,2558,3703,13771,3829,-775,14329,5540,-2422,13695,4764,2524,12403,3283,3209,13012,1246,-567,12403,2768,609,13466,4980,4124,14248,3875,1884,12721,4686,-418,14690,5031,5285,14049,4713,5316,14572,1824,-1439,12428,1973,2117,14834,4067,5709,15408,5784,892,15114,3855,-1332,13470,3242,2127,14610,2217,2050,14122,2321,-1875,13394,1953,19,12832,4421,4346,14789,4666,-263,13166,5026,-3544,12970,2658,3285,12517,2360,3039,13099,2697,-1114,13519,4453,2328,13480,5427,3887,14001,4143,1278,12821,5358,832,15238,3839,5370,13026,2825,5445,14436,1154,-1848,13767,4244,685,15397,5162,5368,15025,4233,786,14025,3015,-1046,14348,2487,2745,13750,2396,2158,13628,1981,-3040,13400,3843,845,13889,5912,4961,14155,4886,-1876,12505,2961,-2307,12498,1437,4516,13272,3579,2392
14402,3037,4199,12969,2841,6268,14640,1125,-20,14035,3775,-11,14987,5312,5066,15390,4819,1734,14306,3496,-2236,14021,2478,2107,14077,2181,3342,13468,1776,-2241,13389,3591,-631,14036,5751,4230,13862,4869,299,13131,3567,-2981,12783,2232,2661,12590,3148,3865,13581,2514,-241,12822,4708,1306,14051,5591,5188,14241,4992,2243,13806,3843,-969,13904,1504,4951,13078,2893,6013,15163,3289,-1143,14464,5423,84,15033,5183,4417,14548,3095,888,14345,2662,-2558,14052,1650,3001,13089,1891,3182,13399,3327,-3280,14631,4892,608,12975,6054,4089,14074,3040,-502,12001,2681,-1598,13438,2594,2962,12964,4157,3291,13791,3293,12,12825,5161,2428,14551,5642,5815,14007,4615,1735,14136,1612,-655,13058,2341,5483,14917,3444,4441,15070,5057,-2055,14593,4412,732,14345,3908,4409,14343,2580,386,14303,1798,-2090,13041,1791,2687,13465,3895,2493,14664,4957,-2879,13479,5122,189,12900,4306,3719,13378,1916,-443,12256,2195,-90,13313,3274,3983,13490,4667,2895,13801,4360,-397,13631,5652,2303,14277,4976,6577,14091,2099,1703,13084,1647,-262,14555,3604,4731
12249,2512,-3885,15627,1165,1319,12286,5270,4326,14498,3246,-3015,12691,4870,358,13973,4896,4642,13406,3091,-413,12080,1321,-1537,12785,3018,3267,13830,4904,4276,13847,4232,306,12982,5241,510,14701,5063,6456,14237,3568,2807,13406,1189,-830,13474,2563,4768,14999,5552,4347,15790,5280,-2375,14127,3596,190,14113,3326,3887,14851,1650,1219,13445,2070,-2066,13065,2061,1596,13567,5043,3298,14544,5212,-2309,13129,4454,-1225,12529,2496,4497,13331,1973,670,12692,3403,-984,13453,4004,4022,13345,5119,4167,14032,4768,-197,13711,5090,2336,14173,3485,6219,13862,1838,1888,13648,2652,-787,14822,4439,3940,15089,5168,3954,14737,3418,-1418,13970,3023,-66,14540,2924,4238,13904,1942,63,12912,2167,-2873,13513,4363,3522,14628,5669,2777,13538,4418,-3602,12670,2387,586,12427,2797,4288,13877,3077,1408,12663,3659,-154,13711,4768,3888,13920,5460,4199,14104,4599,-846,13351,2890,2035,13398,2276,7478,14485,2658,1051,14629,4428,-1669,14755,5003,3869,14622,4319,2995,14529,3136,-1694,14749,1870,268,12965,2434,4176,14073,1884,-1436,13249,4440,-2057
13440,2696,1500,12775,3366,-385,13467,4671,3500,13733,5524,4791,14114,4251,-254,13384,3604,696,13959,2561,6990,13665,2541,3146,14783,3461,-1386,14377,4918,3150,15151,4961,3417,14525,3644,-1579,14692,2438,-348,13162,2259,4574,13873,1640,659,13816,4173,-3246,14433,5426,2802,13062,5201,2794,13461,2869,-2246,12319,2769,-136,13130,3333,4620,13452,2928,2407,12661,3587,-911,13695,5117,4082,13755,5896,5433,14655,3325,-527,13276,2192,1167,13474,2768,6836,14878,3701,1602,14943,4884,-1370,14699,4677,3208,14388,4079,3385,14900,2961,-2152,13951,1142,-454,12772,2703,4434,14375,3206,-291,14125,5170,-2296,13198,4752,2459,13010,3974,1982,12957,1970,-1624,12528,2314,815,13039,3932,5219,13871,3613,1310,13038,5086,-905,14507,5621,5052,13964,5229,5099,14125,1414,-497,12744,1919,2009,14999,4300,5589,15376,5286,752,14586,4375,-1599,13933,3571,3927,14557,3397,2993,14632,1613,-2638,12504,1421,670,13276,3321,3725,14636,4933,-509,13850,5149,-2423,12823,3828,2452,12920,2891,2652,13196,2441,-1009,13116,3186,2382,12892,4740,4348,14384,4388,1104
13657,3178,6266,15641,4562,2785,14822,5157,-2288,14585,3871,1898,13896,3363,4058,14887,1648,-1556,13391,2692,-476,13892,3268,4076,13164,3361,104,13654,4264,-2718,14053,5348,1371,13209,4298,3551,12733,1066,-87,12408,2697,140,13562,4830,4209,13960,4253,2442,13172,4826,-665,14593,5144,4517,13813,4858,5496,14146,689,-662,12438,2224,1039,15518,4698,5741,15292,5572,1900,14680,3215,-2600,13458,3357,2083,14908,2626,3481,13782,2286,-1485,13567,2185,-304,13284,4605,3346,14283,4307,-231,13284,4866,-2989,13749,3149,3051,11980,4104,3497,13935,1021,1044,12446,4400,-92,13036,4419,3147,14579,4751,4156,13412,6290,-1176,15051,2323,5664,12169,3098,5677,14737,1148,-2262,14401,5505,1769,14969,5255,6566,14854,3160,369,13871,2999,-1789,14851,2711,1511,13363,2498,2497,13736,1905,-1460,13467,3970,56,13836,5583,4316,14125,4137,-925,13242,4256,-3453,12220,2294,4514,13049,2977,3691,13094,3157,-1164,13557,4399,2508,13484,5890,4120,14660,4178,1836,13153,4201,418,14333,1703,5481,12749,3216,4993,15349,3476,-1887,14801,4932,942,14610,4158,5019
13679,4218,-1375,13500,4752,4231,13694,4462,453,13620,4076,-2748,12993,2914,2324,12272,2868,3781,13411,2771,-74,13320,4866,1138,13527,5647,5274,14110,4341,2532,13581,3574,-706,13998,1996,4398,13182,3158,5613,15266,3241,-429,14609,4620,170,14530,4689,4413,15195,3902,1292,14633,2659,-2714,13014,1323,2592,13545,2830,3218,14548,4146,-2659,13606,4716,-229,12924,4880,4156,13730,3918,461,12630,2594,-2046,12374,1846,3282,12796,3272,3996,13885,4293,-556,13652,5525,1907,13772,4918,5899,13910,3512,1836,14156,2426,-449,13657,2706,4965,14485,4001,4830,15371,4506,-1586,14499,4675,-55,14584,4691,4306,14977,2395,373,13230,1049,-2157,13196,1779,3003,13842,4703,2294,14357,4422,-2457,12837,4127,-356,12924,4301,3668,13749,2664,388,12037,2245,-1116,12873,2584,4237,13236,5541,3805,14631,5373,-708,13753,5378,2474,13718,4079,6343,14383,2360,1753,13950,2644,-423,14188,3361,4409,14862,4423,3439,15184,4203,-1692,14433,4160,780,14258,3021,3997,13729,966,-151,13292,2266,-2231,13663,4317,3060,13965,4966,2560,13382,4203,-3082,13032,3875,56
14569,4923,8,13399,4857,1309,13760,3293,6401,14675,2807,2329,14383,2525,710,13599,2412,3659,13433,6052,635,17314,3905,1718,14222,4924,-1388,14602,1798,2793,12125,1246,3496,14418,1876,-4199,13305,5533,1815,14024,4702,3800,13380,3447,-3295,12879,3406,136,12611,3774,3744,13256,2221,2015,12604,3498,-526,14066,5954,3163,14102,5088,5287,13315,3264,468,14025,3265,853,14027,3394,6643,14255,2538,1959,14805,4822,-2251,15344,5291,4798,14332,4427,3311,14645,1661,-2584,13773,1952,55,13649,2747,3623,13988,2462,486,13203,4007,-2643,13897,4760,1840,13347,4896,3368,13426,2626,-2259,12336,3066,-344,11613,2650,7795,15253,3649,911,12378,5045,-2868,14551,4818,6120,13200,6138,4652,16187,2473,-575,11761,2425,3822,14647,2011,5031,14950,5519,553,15219,5239,-802,14035,2836,3511,14014,2453,2881,15389,2361,-3407,13027,2010,-84,12840,3175,3887,14200,4464,-70,13681,4628,-1657,12827,4129,2537,13298,3460,1976,12989,2696,-1637,12804,3450,1944,13435,4681,4959,13940,3969,1553,13464,5449,-614,14846,4529,5332,13314,3013,5597,13680,1277,-1451
14712,3610,2452,13997,933,-1193,12715,1778,-1488,13984,3803,4036,13911,5168,993,13598,4286,-3207,12691,3520,1610,13192,3134,3417,12732,1854,-270,12674,3702,1055,13913,5712,5366,14034,4498,2591,12907,4806,-873,14874,3409,5075,14257,4749,5822,14768,1799,-1677,12974,2727,792,15171,5076,5020,15766,5178,1728,14175,2781,-1337,13673,1039,1458,13585,2377,2517,14401,2926,-2073,13660,4087,-469,13272,4968,4687,13788,4535,93,13826,4508,-3932,12917,2675,2431,11221,1319,5109,13703,2892,230,13940,6621,1382,14359,5249,4928,12984,3978,1360,13826,2722,-116,14537,2912,5877,13888,3267,5111,14745,3067,-1927,13797,4324,-224,15428,5147,4988,14841,3863,2209,14281,2122,-2702,12870,1463,2207,13946,2771,2603,13859,4437,-3056,14070,4671,979,12781,5040,4222,14121,2891,-920,12303,2790,-1089,12906,2478,3643,12941,4022,3544,13935,3831,68,13305,5670,1714,14141,5608,6171,14001,2629,2447,13493,1490,-1150,14090,3416,5042,15104,4544,4357,14729,4631,-2450,14564,3701,1215,14434,4146,4617,14927,2260,-725,13244,1631,-2437,13242,2477,2905,13970,4577,2598
12978,3626,2077,13363,4933,4332,13748,3292,306,12999,5275,341,14731,5035,7003,13865,3328,3318,13501,1254,-1693,14112,3731,3545,14882,4926,4712,15056,4542,-929,14411,3615,449,14381,4144,3763,14668,1931,596,13265,1766,-2155,13381,2442,1664,13907,4954,3995,14173,4604,-2141,13234,4256,-2083,12637,3135,3957,12815,1827,1478,12337,2672,-345,14039,5028,3789,13757,5409,3768,13394,3400,-385,13226,5203,1526,15274,4032,6897,13282,2453,2886,14389,2277,-2052,14457,4491,3582,14810,5222,4539,15312,3412,-776,13611,3205,232,14633,2657,3091,13648,1930,27,13491,2587,-2812,13794,4399,3101,13701,5162,3691,13352,3742,-3133,12785,3269,-661,12952,3211,4334,13288,2302,1640,12711,3657,-510,14151,5088,3916,13615,5966,4464,14448,4003,-581,13158,2916,1695,13778,2537,7153,14141,2944,2334,14621,4294,-1815,14491,4758,3174,14834,4108,3585,14441,3213,-1734,14424,1903,-41,13068,2493,4509,13993,2284,-665,13697,4627,-2877,13778,4642,3609,13313,4955,1848,13653,2848,-2259,12572,2807,985,12396,3093,4727,13853,2862,1150,12926,4921,-679,14495,5747,5053
14907,3553,-1494,14350,4563,2873,15091,4923,3744,14600,3720,-1153,14495,2084,-994,13029,2233,4002,13851,1972,1464,13383,3947,-2953,14242,4507,2352,12856,5214,2789,14009,2605,-1962,11915,3156,-401,13227,2756,4819,13389,4039,2276,13630,3848,-829,13499,5329,3807,13776,5941,5534,14504,3060,342,13517,1883,626,13399,2929,6080,15281,4026,2112,14613,4826,-1927,14806,3733,3046,14166,4133,3875,15048,2545,-2074,13646,2062,-1255,12871,2232,4207,13904,3387,905,14238,5274,-2602,13532,4573,2028,13104,4170,2436,12915,2397,-1636,12463,2677,995,13236,4242,5008,14164,3890,1938,12933,4683,-484,14099,5238,4218,14012,4536,5524,14070,1489,-167,13010,2257,1451,15096,4173,5835,15092,5325,715,14874,3779,-1978,13757,3479,3404,14654,3195,3199,14636,2076,-2048,12865,1695,-743,12836,3528,4038,14582,4729,455,13687,5342,-3184,13410,4077,1955,12405,2630,3267,13182,1900,-290,13014,3182,1700,13311,4985,4488,13826,4449,1636,13863,5490,-947,14477,3608,5217,12957,3265,5344,14558,1695,-793,14017,3974,1314,14722,5199,4894,15326,4171,645,13993,4516,-1762
14276,4429,1911,13683,5090,-3166,13513,3738,658,12469,3018,3566,13077,1980,-295,12682,3414,697,13683,4835,5023,13790,4684,2977,13528,4979,-892,14332,4720,4303,14001,3824,5723,14033,1410,142,13650,3111,436,15051,4691,4672,14919,4639,2109,14628,3148,-2115,13993,3230,1965,14396,2820,3821,14023,1647,-2126,12556,2702,-1340,13848,4388,4550,14153,5517,128,13594,4071,-2818,12477,2560,2532,12741,3423,3574,13702,2705,-96,12865,4269,1094,13731,4907,4782,14005,4928,2756,13720,4850,-1074,14389,2355,4213,12878,3021,6304,14930,2068,-666,14132,4207,199,14878,5232,4392,14827,3780,1253,14030,3271,-2037,14345,1618,2048,13633,2346,3271,13485,2737,-2764,13993,4410,-215,13436,6082,4226,14215,4363,-256,12514,2814,-1973,12720,2643,2638,13213,3200,4106,13026,2720,-115,12938,4930,1375,14470,5785,5751,14121,5133,1940,13933,2209,-531,13303,2313,4907,14203,3165,5307,15433,3866,-1080,14018,4663,-78,15070,4258,4470,14363,3733,844,14780,2088,-2618,12986,2185,2706,13536,3136,2700,14145,4016,-2689,13464,4786,28,13086,5093,3867,13554,2869,-276
14213,4771,5716,13646,5264,3173,14436,2664,-915,13098,2610,3948,14252,3038,5509,15246,4332,-521,14362,4683,-416,14644,4042,4166,14327,3781,1863,15060,2299,-2588,13183,2258,1428,13398,3265,3304,14246,3371,-1757,13423,4713,-1131,13274,4666,3361,13469,3154,1348,12487,2338,-1934,12768,2954,3174,13283,4158,4553,13610,3968,-382,13692,5241,1354,13991,5250,5964,14169,3440,2677,13852,2176,-405,14025,2891,3909,14448,4313,5123,15192,4217,-775,14526,3959,-781,14270,4268,3981,14668,1942,1207,13257,1932,-2536,13557,2525,2251,13732,4310,3126,13893,3899,-2213,13143,4249,-1142,13105,4360,3655,13579,2955,1463,12554,2503,-152,13157,3787,2798,13445,5048,4257,14186,4095,238,13492,5216,930,14039,3711,6792,13957,2469,2420,14012,2616,-1377,14424,3939,4086,14842,5053,3959,15081,3404,-1570,13624,3248,-299,14674,2663,3689,13665,1985,656,13690,2696,-2643,14262,4511,2078,13747,5191,3009,12944,2954,-2046,12954,3565,-451,13282,4276,4274,13397,2832,1811,12403,2948,-733,13828,4841,4058,13871,5494,4395,14410,4234,-209,13244,3344,1981,13793,2664,6557
13978,3444,-1876,14329,2845,4317,13825,1927,1607,13453,2564,-2969,13844,4223,1857,13787,5624,3067,13587,3936,-1729,13233,3422,-1431,12319,2882,3989,13103,2488,3473,13077,3598,-1005,13637,4706,2512,13465,5497,5851,14438,4308,93,13620,3132,374,13879,2953,6454,14199,3272,3193,14874,4052,-1258,14273,4293,2718,14706,4592,4114,15053,3010,-1125,14000,2065,-1725,13167,1996,3880,14058,3251,1398,14164,4359,-2854,13316,3656,2205,12764,4476,2673,14196,3469,-2107,12448,2976,-226,12248,2652,5026,13759,3781,2318,13715,5273,-746,13785,4872,3796,13262,4888,4873,14580,2829,563,13486,2988,1549,14108,3088,5765,14870,3578,1874,14797,4405,-2274,14766,4334,2820,14397,4119,3619,14669,1726,-1286,13052,1571,-621,13376,3397,3428,14309,4168,372,13549,4514,-2665,12903,4042,1929,13190,3939,3498,13383,2484,-1106,12448,2613,599,13007,4009,5367,13843,5108,1881,14065,5406,-563,13810,4007,4878,13205,3418,4981,14937,2195,-262,13895,3526,1388,14318,4026,5089,14624,4253,1681,15114,4225,-1621,14317,3697,2237,14006,2062,2821,13645,1494,-2188,13786,2977,-696
13081,2092,-210,12570,2769,259,13058,4427,4952,14080,5188,3164,14109,4743,-612,13649,3615,3245,13478,3568,5698,14794,2657,1030,14248,3468,330,14284,3862,4287,14948,4457,2434,15413,3926,-2455,14009,2587,1348,13435,1975,3837,14475,2218,-1496,13602,4413,-1514,13448,4410,3920,13026,4424,899,13725,3982,-2827,12830,3370,1768,12261,2381,4318,13028,2424,561,13394,4543,410,13905,5591,5382,13888,4881,3090,14099,3680,-821,13934,2807,3932,13715,3366,6233,15221,2803,-298,14159,4419,-655,14981,4889,4288,15199,3974,1900,14268,2729,-2727,13311,1421,2044,13574,3184,3576,13989,3892,-2306,13610,4097,-846,12763,4707,3555,13908,3330,547,12603,2788,-1722,12513,2402,3013,12990,3947,4403,13840,4818,-304,13876,5695,1281,13960,4838,6241,13779,3278,2712,14057,2332,-942,13974,2824,4121,14465,3886,4525,15164,4087,-1074,14770,4581,303,14725,4574,3876,14424,2108,459,13077,1226,-2127,13457,2281,2292,13695,4548,2770,14184,4262,-2516,13001,4329,-1215,12919,4384,4112,13466,2668,1335,12239,2643,-749,13047,3466,4000,13487,5349,4052,14413,5082,-563
14573,4885,4755,15094,3316,-1274,13916,3547,-1722,14811,3689,3185,13929,2425,3043,13034,1512,-2292,13576,3088,339,13831,5437,3856,14085,4195,-1928,12811,3546,-1894,12704,3145,4729,13278,3038,2610,13120,3387,-1303,12366,4102,3042,14999,4381,6761,13033,4835,-919,14762,4540,-618,14167,4367,7390,14106,1868,4074,12755,2747,-1597,15979,4242,2711,14805,5859,4383,14757,2472,-2190,13530,1745,-958,14244,2367,4376,14042,2736,486,13378,3313,-3696,13500,4645,2366,13721,5518,3596,13196,3122,-1810,11848,2559,-773,13052,3254,4903,13719,4588,2039,13232,4447,-746,13284,3764,4352,13636,5464,5432,15626,3419,777,13165,2700,504,13802,2321,5463,15542,4648,2518,14504,4276,-2023,14535,2920,2632,14106,3876,3631,15506,2529,-2278,12554,2659,-553,13255,2515,4281,13507,3823,1071,14221,4857,-2784,13344,4566,528,12803,3687,3148,12931,2278,-81,12955,3054,1503,13043,4545,5105,14138,3905,2010,13633,5222,-1386,14181,4467,4593,13300,3667,6354,14439,1758,-410,13853,3650,1105,15290,4506,4698,14087,4013,1510,14771,3431,-1522,14594,4604,2288,14403,2545,3645
13020,3244,661,12648,3288,4328,13137,2888,-28,12792,3623,779,13414,4386,4873,13813,4126,2720,13526,5083,-899,15024,4390,3138,13064,2763,6857,14182,1454,930,14735,4687,-520,15371,4895,4207,14257,4287,1822,14321,2966,-2177,14653,2585,2082,13314,2895,3797,14059,1838,-1891,12967,3878,-2140,14154,4721,4173,13255,4945,1377,13120,2529,-2541,12401,2818,2435,13494,3550,3911,13415,3395,-282,13231,4035,1007,13767,5126,5718,14027,5018,3698,14645,3842,-1372,13660,2576,2825,13128,2491,6639,15386,3839,-50,14883,5191,0,14651,4037,3796,13898,2908,552,14939,2072,-2771,13244,2315,2186,13566,2447,3752,13450,3645,-2132,14099,4367,-1227,12824,5433,3116,13971,2627,1834,12034,3233,-1585,13549,3134,2695,12899,4944,3994,14066,2922,-248,12904,5197,1343,14525,5099,6712,14317,4360,2768,13918,2005,-1133,13629,2848,3760,14524,3971,5052,14952,3927,-870,14535,3492,-460,14200,4049,4006,15210,2491,653,13343,2539,-2521,13495,2469,2660,13742,4611,3553,14071,4293,-2359,13065,4739,-2021,12628,3333,4385,13523,2224,1979,12795,3977,-1562,13661,4234,3995
14836,1798,-1302,13709,4192,2592,15125,3947,5816,14205,3990,-94,14810,3283,-1492,14471,4000,3277,14465,2375,1717,13595,2091,-2714,13548,2947,1546,13415,4843,3947,14154,3989,-1364,12985,4604,-2178,13404,3546,3228,12846,3129,2944,12890,2778,-765,13314,3994,2819,13316,4840,5053,13955,3897,150,13630,5155,341,14425,3351,6736,13379,2560,3490,14439,2750,-1302,14880,4270,2524,14667,4696,4053,14479,2818,-509,14437,3305,-1377,14210,3376,3531,14015,2030,1454,13041,2629,-3289,13864,3939,2473,13443,5210,3807,13618,3714,-2157,12694,2874,-891,13225,3542,3690,13196,3508,1849,13351,3214,140,12901,4757,3648,14055,4907,5256,13855,4811,360,14384,2969,221,13219,2964,6689,14833,2930,3016,14712,4180,-1940,14450,3858,2593,14380,4050,3803,14967,3144,-1164,14280,2623,-992,13366,2673,3834,13813,2811,1075,13730,4254,-3112,13736,4448,1815,13097,4714,3124,13190,2439,-1802,12768,2858,670,13027,4247,4995,13725,3506,1606,12812,4266,-296,13997,5246,4047,14324,5171,5638,14099,2526,-246,13049,1844,544,14683,4196,6059,15226,3854,2301,14140,4116,-2091
14431,3251,1931,12632,3118,-3271,13706,4099,2289,13472,5529,3141,13985,2622,-1298,11554,2559,189,13670,3690,4115,14114,5071,3257,13139,3894,-1101,13162,4473,2607,14123,4905,6063,14727,2892,634,12892,2334,908,14443,3457,5651,15123,5100,2284,15038,4165,-2304,13891,2856,1441,14007,3457,3625,15163,1792,-267,13434,2788,-2270,13143,2745,3155,14010,4427,2156,13952,4900,-3218,13202,3835,1299,12488,3453,3980,13337,2131,-747,12742,3803,15,13477,4822,5023,13693,3920,2947,13050,4612,-476,14520,4051,4045,13579,3846,5922,14220,1822,-36,14085,3512,712,14935,4743,4785,14932,4305,2368,14484,2980,-2017,14043,3020,1503,14465,2826,3932,14305,2534,-1976,12724,2758,-1418,13531,4603,4833,14297,5117,759,13452,3490,-3396,12206,2639,1947,12797,3177,3768,13524,3152,527,12813,3872,962,13749,4896,4711,13935,4727,2964,14156,4203,-1074,13796,2579,3998,13195,3550,6537,15320,3297,-579,14431,4615,-385,14789,4473,4386,14629,3160,1582,14176,3258,-2217,14195,1951,2263,13664,3258,3323,13607,2775,-2733,13636,3903,109,13275,4950,3728,13865,3690,-48
13918,4898,4309,13598,5157,4242,14177,3685,-934,13395,2807,2318,14140,3196,6917,14371,3258,885,14585,4057,-1137,14775,5045,4093,14516,3844,2520,14622,2929,-2895,13894,1731,1605,13151,2557,4297,14157,2986,-1792,13941,4903,-1487,13634,4676,3412,13005,3971,1279,13449,2465,-1850,12530,3020,1808,13135,4014,4833,13660,3063,594,12698,5006,-179,14697,5229,5980,13657,5018,3881,13950,1764,-1118,13177,2402,3286,14509,4083,5718,15387,4209,-100,13955,4312,-614,14669,3672,4206,14455,3371,1916,14726,1776,-3131,13008,1899,1316,13629,3332,3685,14155,4592,-1602,13655,4569,-1644,12759,4177,3323,13665,2749,1434,12495,2887,-1481,13242,3322,2920,13113,4772,4303,13738,3741,-44,13559,5110,995,14285,4844,5781,13732,2776,3622,13645,1567,-665,14377,3652,3307,15052,5038,4964,14842,3943,-1213,14253,3115,-589,14242,3587,4146,14742,2242,1454,13249,2084,-2150,13588,2893,1701,13652,5174,3415,14486,4435,-2044,12716,3911,-1639,12947,3000,3972,12994,3104,2117,13101,2906,-383,13125,4374,2731,13585,5096,4396,14004,4295,615,13631,4188,1022,13755,3334,6634
14485,3415,-1887,13548,2628,3426,14601,2312,2636,13952,3179,-2042,13835,3236,566,12561,4277,3847,14516,4171,-1527,13251,4792,-2368,13361,2829,4074,12342,2962,3023,13184,2531,-994,13298,4797,1527,13440,5367,5075,14045,4492,1577,14007,4367,76,13930,3511,5523,13421,1555,4252,14041,2873,-1774,15110,4756,2397,15145,5532,5298,14546,2745,-1118,13588,2352,-1974,14493,2591,3770,13977,2872,2276,13756,3272,-2902,13644,4076,817,13429,5029,3202,13907,3789,-1489,13149,3182,-990,11095,3041,4866,15093,2466,4051,11779,4153,-3221,14042,3770,2567,13713,6200,7045,15289,5109,263,12756,2002,1519,13634,1366,5178,13593,4275,3035,17011,5269,-943,13471,4687,2923,14572,2404,4358,14501,2784,-1722,14956,2642,-2836,12611,2367,4276,13786,2483,2021,13836,4859,-2815,14428,5041,1249,12533,4149,2774,13073,1227,-353,12354,3804,-1010,13791,4276,4868,13078,3040,2723,13299,4138,-1519,14348,5924,3855,14425,5313,5192,13485,1698,1403,13364,1994,1151,14625,4571,5183,15708,4328,2071,14014,3793,-2863,14260,2932,1755,14631,3664,4734,14711,1712,-874,12371,1722,-1602
13573,2190,-14,12328,3009,-1288,13164,3410,4545,13236,5336,3628,14507,5114,-937,13646,4598,3057,13391,3764,6066,14282,2288,1246,13929,3355,-131,14636,3936,4663,14583,4519,3122,15079,3633,-1748,14376,3449,1129,14192,2984,3587,13977,1432,-119,13465,2609,-1681,13504,4664,3159,14225,4632,2156,13213,3847,-3292,13033,3164,654,12798,3575,4255,13096,2775,659,13046,3651,329,13304,5197,4527,13981,5240,3558,14162,4047,-563,13336,2801,2887,13680,3045,6242,14889,3064,862,14220,4274,-499,14562,4344,4342,14766,4168,2604,15044,3323,-2217,14102,1730,1267,12974,2114,3779,14483,2749,-1873,13809,4899,-1925,13489,4189,3793,13213,4101,1463,13565,3244,-2429,12594,2651,1771,12242,3326,4296,13765,3770,179,13557,5581,559,13927,5004,5697,13515,3838,3221,13861,2545,-1238,13871,2942,3767,14254,3749,6249,14930,3779,-165,14611,4406,-430,14941,4515,4166,14794,3179,1235,14217,1455,-2426,13020,1691,2292,13961,4118,3142,14340,4774,-1853,13309,3842,-1232,12568,4126,3330,13908,3094,1686,12650,3101,-1679,12707,2796,2915,12963,4403,4535,14129,4658,-305
14784,4040,2409,15104,5169,3601,15398,4300,-2060,14338,2971,3197,13979,2376,3567,13989,1541,-3394,13559,3199,-206,13339,5517,4562,14983,4244,-944,12700,3270,-2228,12032,2858,2455,13175,3263,2624,12949,3074,-97,12739,4151,1234,13639,5433,5058,14401,4197,1467,13167,4312,-299,14010,2834,6584,13394,3257,3909,15644,3264,-2112,14564,5508,2948,14876,4723,4384,14795,3109,332,14270,2422,-998,13989,2323,2296,13815,2839,1985,13995,2921,-2705,13319,4242,941,13606,5345,4194,13302,2801,-960,12294,1958,-2468,12357,2797,4391,14017,4420,3061,13545,4643,-943,13285,5034,3118,13551,5297,5474,14813,3907,1134,13527,2442,688,13184,2568,5776,14859,4208,3575,15435,5270,-1830,14625,3986,1681,13871,2954,4521,14790,2267,-1137,14390,1944,-1700,12885,2651,3966,13823,3224,659,13972,4666,-2464,13736,4649,1374,12591,3695,2869,13150,1977,-964,12808,3593,-695,13243,4549,5144,13426,4486,2736,13493,4628,-1414,14247,5290,4215,13658,4408,6125,14116,907,270,12976,2617,424,15642,4643,5110,14959,5021,2524,14357,2928,-1703,14058,2933,2158,14677,3558,3709
12752,3320,74,12893,3624,3481,13041,2340,814,12430,3500,-132,13899,5734,3861,13974,5088,4694,12872,3272,-506,13509,3761,2282,15108,3694,7729,14183,4100,-232,14166,2412,-893,14152,4662,4681,15719,5179,3016,14895,3151,-951,13323,1505,410,13821,2262,3516,14537,3154,-859,13671,4116,-2209,13746,4660,3564,13271,4277,2040,13709,3488,-3681,12974,3313,570,11462,2761,5047,13754,2221,1652,13350,6135,-196,14523,5686,4817,12770,4161,3456,13958,2220,-897,14057,2751,3283,13975,4152,6285,15260,3531,160,14322,4648,-1299,14794,4607,4469,14798,3352,3287,14108,2256,-2425,13607,1184,924,13575,3629,3234,14126,4276,-1942,13928,4534,-1227,12858,4327,3841,13446,2852,1519,12520,2437,-2173,12572,2734,2451,13509,4857,4829,14145,4272,261,12985,4650,410,14019,5180,5470,14208,3953,4423,13606,1614,-919,13408,2857,2567,15124,5223,5774,15452,5061,-657,14347,3448,-497,14043,2609,4550,14593,2624,807,13978,2386,-3037,13619,2070,1501,13164,4524,3620,14627,4120,-1184,13013,4756,-2166,12887,2908,3253,13287,2533,1927,12409,3451,-1437,13800,4131,3371
13881,2135,-1605,14016,3311,2040,14896,5005,5136,15237,4378,1031,14213,3110,-1150,13760,2774,2082,14764,1973,2987,13682,2837,-2594,13587,2820,-166,13077,4722,4757,14394,4496,-1371,13188,4197,-2904,12673,2378,3677,12498,2968,3007,13451,3512,-240,13755,5572,2020,13359,4929,4408,13741,3094,1749,13461,4655,-100,14910,2878,5871,12843,3632,4613,15244,2987,-2523,14285,4663,2236,14870,4784,5355,15142,2974,120,13539,2784,-1485,14107,1437,2658,13678,3374,1643,14264,3853,-2844,13757,4592,1439,12948,4700,3823,13596,3033,-1458,12661,3322,-1602,12715,3126,4263,13337,3461,3497,13248,4017,-1112,13604,5363,2708,13952,5384,5601,14169,3050,776,13383,2085,229,13715,3255,6069,14885,4463,3601,15112,4379,-2137,14114,3765,1990,14651,3740,4225,14591,2929,-1085,13916,1544,-1319,13049,2867,3598,14186,3835,1020,14073,4546,-2853,13379,3830,1208,12682,3960,3175,13549,2537,-354,12643,3113,-385,13145,3559,4864,13237,4171,2182,13852,4756,-993,13642,5399,4229,13859,4170,6337,13716,1709,111,13814,2720,228,14981,4728,5369,14816,4734,2813,14474,3574,-1401
13492,4341,2804,14441,4609,-2164,13063,3760,-735,12579,3682,3177,13606,2227,756,12198,2879,-210,13521,4202,3662,13831,5002,3968,13489,4095,-540,13923,4858,1958,14261,4809,6902,14102,2280,2087,13082,2779,-817,15298,3943,4093,14660,5356,3104,15008,3252,-1557,13384,2952,977,14751,3136,3905,14223,2669,-587,13255,1892,-2901,12973,3459,3339,14417,4996,2874,13482,4162,-3086,13151,2785,403,12482,3498,3795,13723,2665,-3,12820,4611,400,14157,5293,4665,13585,5102,4120,13299,4131,-589,14493,3391,2122,13314,3104,6935,14349,1992,831,14208,4222,-979,15101,4831,4400,14545,4075,2470,14309,2416,-1943,14490,1878,1436,13484,3457,3889,14225,1969,-1449,12827,3844,-2038,14280,4647,3621,13677,5361,1197,13257,3445,-2775,12937,2307,1746,12018,4016,5128,14449,3306,603,12646,5323,-749,13939,4114,5591,13415,4647,3854,14679,2762,-1378,13303,2291,3467,13824,3060,5827,14828,4230,-76,15146,4849,-70,14255,5540,4106,15376,1689,3319,12854,1929,-3514,14624,2005,-434,12962,4974,4878,14902,3316,-1960,12828,4302,-1156,13457,4434,4833,13624,3717,462
13961,4992,5070,13644,5184,5140,14735,2436,-1137,12986,1855,2316,14277,3461,6030,15449,4538,978,14451,4281,-901,14505,3343,3367,14345,3785,2777,15241,2176,-2243,12921,2551,33,13539,3243,3717,13994,4074,-89,13739,4739,-2713,13048,3976,2485,12824,3029,2642,13002,2067,-975,12803,3443,1754,13370,5140,4284,14386,3603,1181,12661,4942,-542,14724,4148,5437,13455,3954,5186,14433,1263,-1010,13626,3826,1940,15265,4978,5156,15022,4657,125,14060,3284,-1243,14107,3423,3070,14790,2260,2725,13158,2106,-2512,13607,2219,-155,13352,5092,4111,14426,4186,-608,12827,4229,-2795,12994,2939,3709,13006,2848,2931,12857,3025,-1072,13236,4162,2326,14012,5384,5228,13846,4770,961,13820,4524,180,14150,3362,5641,13503,2756,4284,14468,2857,-947,14561,4374,2130,14762,4670,4669,14582,2948,-109,14081,2687,-1839,14251,2114,3233,13784,2697,2088,13821,3260,-3669,13675,4129,2044,13461,5137,3942,13881,3541,-2240,12585,2927,-1029,13016,3433,3388,13469,4036,2790,12907,3756,-332,13531,4713,2684,13581,5281,5221,14368,3331,1086,13054,2597,600,14348,2857,5644
14054,2914,-2197,14328,2121,2901,13491,3117,2357,14062,3232,-2760,13619,4030,83,13356,4798,3654,13403,3367,-359,12835,2706,-1781,12864,3515,3261,13472,4357,4109,13331,3763,-502,13322,4732,1712,13808,4678,6400,13991,3611,1328,13864,2183,-713,13555,3322,5392,14734,4108,4424,15223,4461,-989,14097,3800,978,14425,3752,3916,14683,2478,86,14143,2201,-1704,13285,3011,2933,14041,3956,2292,13978,4265,-3015,13323,4237,66,12608,4219,3844,13651,2483,217,12407,3252,-546,13367,3537,4245,12965,4727,2844,14119,3886,-522,13704,4922,2785,13633,4213,6316,14185,1905,1395,13458,3212,-589,15020,4413,4894,14937,4694,3889,14668,3791,-2050,14514,2746,968,13842,3350,3458,14682,1747,-835,13216,2870,-1670,13789,4262,3201,14361,4930,1574,12921,3144,-2807,12515,1937,976,12895,4420,3722,14127,3106,714,12077,3859,-254,13555,4663,3931,14014,5074,3979,14296,4401,-670,13475,3296,3659,13663,3008,6506,13736,2322,255,14966,4284,-360,15142,5497,4497,14908,3987,2396,13908,2009,-1992,13674,1687,1459,14284,3796,4063,14806,3349,-1428,12873,3097,-1969
14082,2906,1818,12437,4377,-944,13633,4511,3770,13627,5092,5137,14175,3710,-231,13528,2579,1723,13664,3317,6015,14692,3606,1548,14926,4500,-478,14135,3952,4006,14558,3838,3646,15182,2960,-1881,14094,2204,-900,13044,2816,4205,14596,3652,32,13791,4356,-2410,13181,3144,2999,12637,3820,1732,14166,3260,-2554,12560,3677,1103,12542,3601,5131,13578,4102,1271,13662,4959,-244,13864,4135,4633,13146,3670,4034,14218,2784,-329,14168,3665,2478,14279,4497,5853,15330,3668,967,14405,3796,-1692,14398,3683,3475,14743,3263,3088,14201,1969,-2385,13155,2007,342,13797,4118,3581,14496,4116,-955,13190,3723,-1961,12529,3673,3177,13566,3815,2581,12971,3469,-1847,12855,2943,2023,12890,4726,5183,14383,4499,804,13621,4788,324,13787,3265,5591,13418,3458,3999,14910,3171,-655,14116,4015,2581,14381,3989,5057,14781,3391,361,14613,3457,-1254,14369,3206,2931,14134,2043,1982,13668,2878,-2731,13883,3988,834,13501,5037,4286,13469,3068,-1410,12920,2996,-2278,13180,3513,3295,13144,3851,2398,12977,3304,-613,13089,4515,2750,13468,5277,5157,14414,3803,897
14357,3730,4507,15079,3554,1251,14651,3355,-2530,13731,1617,2371,13546,3371,3038,15062,3927,-2645,13325,4260,-219,12574,3880,4011,13652,3305,-159,13062,3526,-2105,12595,2715,3060,12638,3908,3674,13974,4209,-438,13234,5239,2092,13599,4439,6229,14139,3166,2026,13785,2894,-828,13996,3208,4741,14623,4261,4831,15190,3968,-1136,14410,3905,696,14804,4077,4258,14893,2925,306,13789,1598,-2014,12965,3072,2989,14562,4429,2438,13926,4105,-2603,12641,3190,-402,12884,3534,3679,13551,3265,561,12538,3268,-999,12733,3651,4207,13287,4878,3919,14446,4304,-820,13347,4254,2535,13566,3652,6234,14338,2858,1468,14285,4024,-287,14957,4230,4526,14453,4218,3412,14859,3277,-1344,14648,3635,845,14254,3227,3830,13926,1441,-207,13457,2979,-2694,13924,4524,3101,13645,4052,2434,12839,3237,-3159,12799,3190,634,13098,3685,4117,12780,2882,455,13110,3722,25,13534,5057,4613,13737,5267,3986,14429,3770,-522,13682,3705,2186,14343,3241,7842,14036,2682,1893,13419,4456,-3841,16189,3951,6314,14239,4104,3008,14947,2509,-3776,13716,2558,2475,13844,2506,4043
12509,3901,-76,13005,3702,5188,13621,3506,1696,12715,3480,-1181,14051,4469,5076,13810,5914,5314,14534,3147,-410,13398,2883,1001,13972,3419,5867,15224,3527,1909,14002,3504,-774,14774,3398,2984,14444,4517,2748,15253,2459,-2258,13277,2698,-890,13640,3038,3963,13564,3311,423,13733,3881,-3104,13105,4249,2158,13055,4057,2941,13091,2421,-815,12210,4323,1021,13699,5242,4620,13948,3496,2286,12122,3123,-206,14612,4023,4931,14303,5064,5600,14699,2784,-1453,14022,4010,1208,14946,3883,6302,14305,2759,1426,14826,2966,-1824,14505,4302,1905,14195,2900,2796,14232,3104,-2777,13598,3505,589,12520,3180,5570,13750,2975,-1986,13260,4770,-3188,13258,4163,3257,12587,3557,3586,13068,2930,-10,13542,4607,1857,13636,4473,5344,13924,3212,1040,13309,4463,-733,14910,3409,6331,13507,4398,4785,15213,2980,-1729,14140,3771,1864,14546,3741,4538,14823,3103,147,14455,3713,-2007,13907,2814,3301,14008,3077,1592,13507,3054,-3265,13490,3163,1059,12894,4440,3985,13772,3294,-693,12415,3640,-1837,12891,3512,4378,13522,4606,3426,13445,3992,-1014,12777,3289,3794
15496,4333,-601,13758,2796,-488,13754,3092,4237,15080,3294,887,14258,2983,-2250,13340,2471,2306,13501,3542,2355,13960,3797,-2366,13553,3881,-442,12171,4225,3973,14011,2306,2077,12215,4094,-1659,14011,4822,2711,13333,4564,4685,13071,2896,-448,13674,4164,2271,14643,5083,6775,14328,3595,948,12924,2199,-697,14706,3973,4748,15289,4843,4462,14692,2573,-1187,13370,2377,-1033,15042,3316,3296,14216,3136,296,13676,3081,-2845,13487,3480,3687,13566,4232,2977,13612,3789,-3679,12671,2929,300,12478,3801,4494,13879,3872,420,12981,4748,-32,13540,4140,3796,13347,4080,4313,13246,3345,379,14568,3888,1853,13971,4159,6878,14502,3193,728,13820,3592,-949,15215,3393,4460,14585,4093,2952,14733,2652,-1773,14287,2924,275,13362,3976,3924,14629,3087,-413,13278,3973,-2218,13255,3280,3672,13281,4498,1176,13012,2808,-2365,12424,2597,2314,13270,4946,4245,13904,4059,480,12697,3610,104,13738,4321,5009,14033,4593,5007,14377,3041,-831,13725,2877,1829,14008,4612,5482,15447,3703,1018,14411,4195,-384,14478,3592,4115,14271,3509,1814,14814,1995,-2544
12626,4452,2631,13545,2632,-1166,12566,3817,742,13294,4137,4854,13584,3317,1717,13009,3922,-267,14015,4307,4085,13829,4820,4799,14261,2186,624,13183,3307,984,15088,4554,5380,15316,4024,1989,14201,3149,-2247,14019,3117,2712,14950,3931,3100,14445,2794,-2267,13445,2538,-723,13166,3937,4323,14232,3735,698,12968,3789,-2743,13181,3279,2575,13111,3616,2945,13063,3420,-1868,12841,4165,1793,13499,4561,5707,13729,3225,2097,12642,4245,-165,15172,4688,4601,13743,3998,5394,14309,2429,-1270,14179,3933,1615,15121,4529,5436,14656,3111,254,14221,2810,-1688,14484,3339,3193,14127,3745,2494,13981,2514,-2656,13332,3200,363,13274,4341,4088,13728,3679,-1110,12683,3125,-2222,12523,3402,3553,13492,4087,3291,13074,3724,-1015,13395,4109,2460,13675,4581,5913,14085,3861,1400,13743,3904,-527,14314,3124,5414,13909,4345,3959,15447,3658,-1242,13781,3494,2084,14739,3646,4224,14684,3581,-36,14768,2792,-2015,12930,3051,3154,13844,2903,2478,13683,3582,-2920,13679,3481,732,12655,4320,3171,13759,2995,-978,12377,3926,-351,13415,3536,4823,13111,4624,2627
13521,4042,4005,14453,4004,5210,15233,3340,-226,14007,3012,-212,14435,3293,3693,14541,3388,614,14541,3122,-2581,13809,3365,2249,13372,3249,3810,13522,2929,-2454,13405,3434,-1077,12631,4125,3914,13610,2664,547,12854,4173,-861,13934,4028,2883,12827,4665,3302,13568,3156,574,13433,4755,1950,14099,4531,6594,14066,3300,2521,13899,3083,-1817,14799,4089,4089,14940,4000,4492,14217,2708,-1128,14062,2628,673,14520,4171,3991,14699,3349,36,13911,3275,-2905,13208,2636,3062,13380,3781,3374,13878,3475,-3159,13025,3334,-222,12568,3972,4114,13787,3549,535,12635,5146,-474,14021,4076,4926,12831,4203,4767,14080,2623,-1042,13493,4180,1380,14129,3837,6212,14173,3541,1755,14596,3813,-579,14739,4003,4115,14355,3398,3365,14352,2672,-1758,14610,2803,318,13865,4259,4062,14646,3031,-910,13122,2755,-2636,13479,3524,3617,13665,4627,1868,13246,3510,-2427,12501,3034,760,13177,4597,4520,13726,3776,1112,12895,3385,-297,13245,3872,5169,13866,3854,4683,13915,4201,-1367,14464,3444,2314,13727,4396,6442,15276,3503,786,14345,3879,-49,14368,3334,3982
13801,3474,-2636,13186,3019,2491,12913,3667,2384,13793,3163,-1516,12469,4492,-264,13447,4753,4893,13560,3818,2337,13005,3479,-1095,13910,3668,4760,13207,4682,5191,14451,3079,-670,13743,3719,1564,14418,4273,5800,14954,3568,1946,14018,3093,-795,14594,2623,2718,14070,3854,3449,15045,3113,-2424,13576,3399,-1239,13712,3501,4057,13903,2986,674,13394,3419,-2717,13502,3418,2196,12963,4173,2796,13240,3298,-1592,13191,4410,1193,13471,4823,4687,13522,3105,1710,13067,3217,22,13789,4213,4126,13851,4678,4923,14463,2971,-84,13579,3985,1021,15194,4292,5723,14481,3411,1764,14665,2123,-1959,13665,3353,2837,15090,3662,2608,14065,3483,-2261,13711,2832,-131,13198,3669,4158,14120,3171,144,13055,3756,-2852,12966,3639,2704,12996,4827,3229,13759,3780,-962,12761,4317,1609,13107,4031,5716,13927,2523,1811,13105,3963,-621,14645,4082,4964,13863,4482,4935,14862,3173,-935,14223,3721,1634,14620,3635,5393,14642,2420,584,14159,3167,-2694,14440,3444,3035,14112,4136,2308,14278,3495,-3063,13059,2931,776,13029,3435,3953,13572,3044,-1187,12915,3665,-1628
13237,3152,2768,14099,4209,-1139,14621,4324,3697,12920,3710,5438,14848,3027,-73,14583,4607,974,15268,3686,4941,13561,1843,906,13990,1819,-3043,14515,4337,2508,14735,4928,3926,13841,2629,-2569,12800,2901,-1280,13799,3519,3427,13385,3242,876,12373,4003,-2241,13769,3449,4847,13507,5489,3111,12525,2179,-2846,12763,4019,3289,14270,5772,6321,15105,3042,3372,12171,3312,-1340,14493,2720,3126,15039,6136,5277,14917,3122,384,13736,1807,1209,14228,2725,4040,15130,3674,-914,14254,3558,-2616,13546,3236,3207,13631,3579,3126,14021,3554,-2078,13440,3085,-1698,11992,3040,4005,13686,3895,922,13617,5393,-1354,13493,3584,4086,11908,4320,3181,14803,3134,-295,13483,4402,2767,13718,3481,6086,13523,3002,1757,14393,4197,-991,15334,4839,3691,14416,3521,4668,14083,2249,-732,14429,2772,83,14141,4162,3649,14207,2635,-213,13841,3219,-2646,14051,3677,3312,13465,4106,2762,13425,2743,-3512,13089,2624,105,12067,4521,4779,14703,3960,1097,12638,4725,-857,13360,3863,4066,13222,4192,4387,14264,3003,-504,13406,3356,2494,13773,4081,5780,14846,4555,1207
13998,3190,3647,13895,3347,1173,14425,4262,-3050,13555,3604,1957,12774,2890,3933,13271,2392,-1691,12780,4016,-1083,13465,4190,4154,12866,4378,1897,13619,4025,-902,13399,4594,4468,13501,3901,5750,13974,2918,-340,13650,3699,528,14276,4612,6091,14980,4140,2782,14449,3355,-995,14113,2504,2724,14328,3229,3936,15039,2726,-1610,13832,2544,-804,13283,4239,4085,15152,4103,395,13277,3793,-2925,12849,1710,2033,12554,3538,2619,14012,3512,-1452,12826,4486,537,12866,4651,4883,13522,4349,1782,13728,4211,-501,13349,3127,4835,12977,3334,4785,14854,3270,-518,14185,4789,1492,14674,4593,5431,14553,2945,1914,14395,2804,-1049,14347,3124,3138,14510,3344,2731,14315,2499,-2543,13787,3453,-546,13935,4714,4043,13887,3260,320,12728,2175,-2733,12472,3395,2387,13691,4639,3276,13290,4263,-1073,12951,3907,1373,12927,4553,5399,14131,3635,1878,13351,3273,-398,13511,2777,4438,13951,4256,4840,15410,4434,-248,14317,4306,1125,14196,3662,5297,14754,2526,1582,14457,3047,-2075,14176,2541,2342,13718,3187,2107,14580,3816,-3121,13956,4252,466,12955,3455,4595
12361,4308,-1422,13901,4928,6489,13582,3298,4636,13855,2771,-2136,13417,3058,3833,14204,5002,5607,15820,4639,-895,14669,3952,1186,13645,3011,4350,15210,2366,1778,14433,3232,-2599,13912,2780,1261,13388,3789,3936,14661,3211,-2052,13063,3987,-1779,12840,2974,4077,12820,2903,1017,13374,4360,-3113,11335,3656,5528,15473,4524,4816,12466,3949,-3532,13534,3732,2646,13330,5063,6201,15940,3134,3034,12231,3976,1064,15360,2073,1791,13993,6918,4647,16211,2999,365,13085,2119,952,14521,2408,4399,15218,3745,-932,13510,3340,-4185,13691,2809,2342,13444,4660,4415,13809,2573,-1119,12071,2096,-1291,12863,3502,2703,13941,4849,507,13219,5049,-660,12875,3986,3948,13320,4459,5284,14041,3829,-299,14073,3014,1107,12876,3892,6395,15110,3245,2368,14548,5465,-768,15159,4275,3623,14015,2837,3279,14222,1462,-1155,14524,3068,-53,13948,3404,4641,13881,2629,947,14155,4237,-3904,13936,3778,2725,12799,3200,2696,13071,2511,-2932,13283,3625,761,12753,5326,4696,13879,3946,1241,12629,4188,-699,13793,4089,5124,13365,4587,4956,14313,3119,-998,13539,3188,1414
14597,2091,-977,13865,2306,-1745,13830,4373,3010,14907,4720,1817,13639,4143,-3066,12534,2195,1846,12696,3780,3124,14141,3420,-2137,12105,3907,-150,12669,3395,5649,13847,5090,2553,13794,5123,-825,13750,2475,4016,12193,3773,5154,15229,2362,397,13909,4728,620,15041,4518,5182,14876,3876,2144,14076,3272,-1924,14894,3163,3105,14429,4356,4436,14385,2210,-2091,13378,2684,-1292,13689,4409,3411,13948,3696,410,12895,2524,-2490,12536,2705,2296,13089,4015,3505,13215,3408,-391,13053,4972,170,13858,5221,5719,13056,3823,2908,13627,3006,-1172,13866,3855,4600,13973,3865,5180,14500,3506,-815,14424,4675,1768,15446,5144,5028,14509,3202,1249,14005,1762,-1370,14175,2435,1932,13989,3433,2859,14317,3002,-2620,13551,3249,-824,13043,4248,4592,13893,3512,-29,12649,2627,-2524,12655,3311,2806,13408,4878,3138,13524,4304,-422,13259,3933,1905,13420,4513,5619,14177,3566,1908,13785,3733,-1177,13658,2725,5139,13846,4257,5575,15699,4694,-570,14675,4009,641,13917,2981,4128,14164,1968,425,14829,2816,-2045,13463,3298,3325,13956,3402,2304,13979,3816,-2939
13356,5527,4021,14624,4824,-56,12334,4213,70,13830,3315,6209,13390,4143,4399,14726,2765,-1399,13312,3323,3291,14894,5039,4481,15160,3917,-55,13931,2900,881,14302,2981,4594,14614,3194,1625,14369,2641,-3651,13537,2988,741,14018,4785,3994,14389,4141,-1527,12786,2841,-1360,12060,3258,3833,13975,3558,1042,12706,3358,-868,13127,4220,2969,13511,5754,4100,14066,3889,290,12989,3686,753,13569,2904,6450,14091,3085,3106,14137,3478,-1234,14659,4841,3590,14888,4985,4493,15022,3262,-805,13854,2669,-186,14104,3056,3949,14506,2398,824,13948,3523,-3606,13672,4210,2115,13550,4431,3819,13774,2649,-2150,12859,3024,-1060,12356,4077,4112,14068,3174,1547,12439,4116,-675,13510,4453,3135,13750,4832,5501,13705,3296,320,13494,3009,706,13830,3839,6456,14688,3860,2380,14936,4817,-1130,14441,3988,4033,14434,3498,4310,14607,2129,-1878,13864,2582,-706,14125,3404,3963,14212,3163,22,13609,3877,-2282,13711,3975,2454,13037,3741,2728,13202,2339,-2276,12367,3241,-29,13252,4507,4873,13952,3955,1600,12888,4418,-760,13946,4320,4911,13514,4575,4831
14217,3308,2660,14121,3115,4263,14596,2056,-1120,14291,2993,-1933,13501,3659,3586,14169,2830,1722,13376,3772,-3096,13443,3037,1682,12746,3996,3030,13713,2655,-1795,12645,3879,-301,13271,4535,4490,13819,4796,2068,13312,4162,-482,13753,4198,3870,13558,4549,6052,14418,2961,545,13418,2825,264,14378,4415,5344,15249,4237,2447,14285,3750,-1984,14048,2246,2561,13845,3379,4331,15214,2777,-1526,13588,3059,-1379,13420,3406,3760,13864,3363,825,13738,3569,-3072,13170,4186,1440,13469,4142,3010,13152,3387,-95,13081,4069,1082,13144,5342,4671,13741,3557,2449,13083,3687,-958,13908,3580,3779,13465,3753,5991,14594,2200,-461,13696,4294,369,15029,4861,5408,14692,4207,2410,14865,2411,-1301,13274,3294,2482,15036,1229,3679,12948,4276,-4360,15737,3323,-892,12606,5240,5643,13805,2616,-275,12241,3402,-1238,13957,3280,2282,12411,4595,2660,13353,3257,-702,13184,4803,1331,13746,4523,6022,13544,2820,2050,12543,3727,-1489,15193,3228,5164,13365,4745,5235,15197,2803,-541,14132,4546,1767,15184,4283,4130,14433,3251,-74,14179,2802,-2021,14402,2812,2630
13261,3229,-2586,12544,3004,2160,13111,4444,3850,13820,4131,-66,13060,4256,208,13382,4302,5438,13547,3787,3664,13941,3517,-1494,14141,2774,3353,13475,4330,5851,15379,3647,-64,14277,4254,399,14611,3762,4079,14268,2971,1704,14446,2841,-2763,13780,2741,1464,13899,3709,3697,14105,3223,-2004,13601,3921,-1226,13135,4141,3689,13639,3506,842,12415,3022,-1640,13272,3689,2672,13177,4598,4210,13528,3280,-338,13010,4361,1401,14112,4513,5929,14181,3985,2766,13930,2608,-636,13744,3766,3645,14901,4903,4958,15172,3775,81,13784,2860,-321,14280,3149,3884,14648,3166,844,14274,2621,-2849,13551,3059,2051,13655,4327,3425,14144,3344,-1917,12737,3472,-1357,13009,3566,3613,13376,3150,1286,12799,3735,-1245,13495,4463,2912,13414,4958,4717,13531,3704,-232,13662,3992,1326,13745,4165,6775,14124,2691,2495,13671,3610,-1335,15023,3890,3846,14365,4516,4375,14916,3006,-1100,14259,3111,-97,14402,3172,3809,13857,2185,859,13868,2918,-3030,13905,4115,2739,13860,4605,3637,13144,3263,-2848,13097,3031,-703,12692,4210,4304,13785,3827,1448,12583,3700,-591
14204,3263,4046,14153,3160,-1427,14380,3309,2743,14340,4101,5149,14991,2997,-81,14422,3625,-1460,14121,2973,3364,13634,2840,1807,14338,3244,-3067,13616,3650,1482,13359,4247,3592,13716,3576,-1901,12990,4079,-1288,13048,4245,4084,13432,3563,2500,12712,3413,-1014,13554,4113,3444,13169,4408,5293,14257,3158,68,13074,3494,541,14449,3323,6014,14152,3899,2935,14712,3757,-910,14420,3892,2654,14719,4675,4012,14960,2733,-1046,14094,2535,-1978,13384,3281,3938,14609,2961,1006,13663,4429,-3581,13975,3732,1885,12097,3680,3734,13701,2480,-1212,12645,4364,-970,13324,4111,5005,13068,2962,1750,13028,3705,-706,13873,4385,4625,13764,5056,4627,14261,3272,84,13801,3086,1312,14001,3970,5746,15472,3933,3205,14559,4404,-1758,14723,3518,1695,13734,2914,3655,14454,2028,-1804,14014,3828,-687,14203,3732,4314,12782,2057,376,13135,3038,-3120,13910,5045,1685,13083,4352,3749,12982,2186,-613,12630,3773,-9,13605,4972,4360,13884,3625,2687,12949,4018,-547,14418,4484,4772,13954,5319,5317,14400,1869,-1061,13094,3238,1135,15368,4162,5928,14622,4092,1757
13752,3192,4160,13518,3777,2256,13557,3200,-3437,13116,2911,225,12393,4808,3729,14306,3942,65,12548,3899,239,12914,3850,4807,14111,4274,2869,13899,4392,-1156,13752,3512,3769,13157,4464,6250,15299,3174,667,14316,3579,149,14354,2851,3820,14370,3376,2545,15264,3781,-1407,14138,3817,1004,13545,2788,4144,14302,2466,-1420,13631,3251,-2166,12989,3722,4072,13503,3941,1050,13673,3984,-2676,12775,4086,2247,13049,3857,3994,13401,2971,-207,13078,4123,820,13746,4992,5523,13768,4044,3549,13871,3433,-1044,14155,3174,3290,13810,4190,5436,15059,3116,-30,13979,3836,311,14365,4153,4690,15115,3510,1891,14346,2903,-3086,13504,1820,1330,13677,3914,3219,14711,3244,-1970,13059,3465,-830,12863,3778,3575,13940,3974,961,13073,3871,-2321,12789,3554,2478,12843,4150,4978,13757,4134,34,13601,4402,1085,13371,3830,5682,13582,3407,2039,14550,3635,-473,14086,3992,4223,14327,3693,5360,15014,3078,-447,14491,3658,-630,14575,4069,3840,14529,2897,1071,13624,2368,-2562,13707,2913,2283,13829,3931,3096,13742,3394,-2412,13189,3628,-865,12763,4816,4260
13567,4737,379,13929,3651,5047,13826,4153,4008,14960,3717,-312,14197,3421,2326,13943,3593,5259,15084,3337,410,14820,3933,-1816,13989,3609,3005,14150,2423,2170,13844,2980,-2824,13634,3162,1205,12962,3624,4067,13345,2987,-1651,13205,3934,-1963,13267,4580,3572,13063,3913,2594,13317,3072,-509,12982,4143,3195,13553,4670,5192,14265,3767,515,13388,4221,-117,14535,3907,5911,14124,4111,4123,14935,2951,-1583,14016,3193,2091,14627,4169,4575,15189,3231,-975,14065,2947,-1637,13551,2858,3663,14437,3095,1107,13323,3312,-2995,13384,2831,1546,12845,4553,3311,13999,3923,-907,12732,3995,-808,12612,3862,4365,13379,3758,3072,13424,4243,-953,13699,4266,3967,13702,4529,5286,12976,3759,-372,16944,2664,3146,12417,4304,4240,14910,2462,1128,13775,4448,1103,15358,2877,962,14018,4321,3456,15129,3109,-698,13283,2122,-2137,13567,2987,3368,13205,3655,1779,14292,4135,-3672,12951,3296,2002,12337,4305,3068,13804,3680,-988,12966,4192,724,12850,3757,4533,13709,3376,2572,13235,4651,-123,14746,3683,4206,12573,4062,5256,14920,2770,-759,14830,4606,725
14199,2195,-781,13176,2471,-2046,13359,3288,3573,13658,4236,1778,13199,3879,-3241,13151,3820,764,12699,4419,4511,13507,3276,711,12599,4231,314,13676,4027,5250,13437,3581,4152,13519,4462,-1342,15092,4098,3055,13863,4408,6503,15100,2628,-210,13813,3049,384,14724,3051,4453,14767,4408,2128,14833,3480,-2662,13479,2442,1104,13851,3619,3334,13988,2631,-518,12991,3005,-1419,13432,4017,2340,13270,5134,1207,13162,3922,-1936,12644,3061,2575,13078,4267,5240,13911,3228,478,13245,3746,157,13528,4662,5087,14275,4588,3705,14101,3398,-393,13999,2937,2840,14297,4158,5524,15251,3346,234,14109,3101,-651,14331,4202,3680,15091,4137,1312,14216,2648,-2956,13383,2198,597,13265,3358,3923,13720,3004,-1193,13148,3807,-1511,12895,4770,3509,13735,3675,1695,12306,3441,-1309,13367,3991,3068,13589,4663,5398,13069,2058,542,12762,4323,932,15457,4849,6304,14920,6060,2425,14415,2284,-1213,13076,2380,3463,14987,4009,4905,15511,3708,-426,13858,2885,-911,13979,3127,2706,14520,3530,953,14153,3173,-2675,13141,2855,2217,12632,3180,3698,13850,4151,-2467
13013,3976,5585,14351,3426,1885,13666,4955,-599,15204,3945,5057,12870,4422,4368,14862,1852,-950,14574,3994,2575,14944,4244,4771,14226,2323,-1265,14253,2944,-2760,14106,3657,3469,14255,3247,2576,13044,2252,-2712,13320,2502,649,12838,5368,3176,14177,3487,-823,12201,4195,-779,13484,4257,3962,13517,4701,3054,13165,2738,-532,13266,3352,2932,13447,4638,6063,15061,4204,613,13763,3306,195,14206,3747,4846,14935,3724,3538,14522,3164,-1103,14099,2650,1767,14246,4222,4219,15289,3559,-1314,13578,3014,-2273,13598,2927,3796,13595,3328,2141,13537,3461,-2777,13193,4305,338,12622,3883,4280,13485,2902,-51,12918,4798,-1040,13809,4065,5409,13038,3098,3166,13265,3178,-989,14019,5064,3971,14518,4823,5544,14085,3023,42,14159,3306,417,14392,3889,5516,14685,3683,2756,14431,3083,-2187,14257,3364,1170,14624,3257,3449,14118,2881,-1598,13569,2473,-1450,13033,3600,4345,14097,3788,832,13219,4217,-3368,12971,3011,1925,12434,4491,3840,13830,3475,391,13105,4721,1014,13282,4159,4346,13794,3106,2979,13149,4772,-930,15290,4164,4052,13320,4331,6809
14531,3465,-252,13922,3980,4640,14243,1969,-52,12980,2902,-2521,13729,3905,3711,13492,4724,2062,13556,3090,-2737,12414,3721,977,13512,4339,3745,13177,3455,1292,12916,3091,833,13250,4541,4672,14245,4194,4748,13555,4586,-1027,14564,2719,2206,13300,4413,6672,15565,2460,425,13909,3731,-734,14569,3374,4040,14803,4066,2339,14803,3458,-2092,14021,2842,407,13491,3249,4057,13955,2694,-329,13457,4023,-2462,13154,4324,2945,13433,3778,1573,12546,3136,-1971,13002,3148,2611,12927,4576,4474,14004,2791,692,12754,4318,563,14377,4673,5136,13842,4734,4056,14558,2430,-935,13414,3473,2591,15182,4097,5483,14626,3550,291,14668,3145,-815,14252,4460,3663,15197,3384,1456,13562,2616,-2759,13323,1826,1458,12994,3637,3956,14255,3866,-1373,12857,3903,-2271,12990,3724,3259,13323,3817,2258,12821,3553,-936,13536,4066,3124,12994,4632,5058,14057,2926,208,13148,5008,352,15084,4502,6325,13745,3709,3624,14313,2475,-1288,14422,3940,2896,14698,4499,4482,14763,2888,-650,13612,3333,-722,14922,3367,3466,13861,3170,997,13487,1567,-3370,13033,2950,2064
13529,3690,-1130,12814,3646,2450,12923,4059,5283,14226,3354,2227,13343,4723,-191,14824,3705,4991,13485,4526,4410,15528,2833,-767,14062,3777,2152,14674,3589,4810,14666,2841,35,14244,3759,-2388,14400,3482,3087,14096,3586,2701,13266,1817,-2709,13092,2855,954,13542,4785,3498,13771,3386,-1473,12243,3252,-1457,13386,3910,3701,13784,4832,3700,12860,3015,-692,13199,3696,2531,13505,4969,5649,14938,3953,914,13424,3260,24,14129,3426,5610,14698,4482,3482,15224,3592,-1533,13750,3013,1476,14197,3173,4494,14697,3222,-280,14370,2922,-2131,13657,3411,3203,13605,2576,1746,13452,3643,-2130,13878,3933,766,12607,4660,3303,13501,2486,-690,12685,4101,-600,13484,4631,4451,13210,3867,3657,13141,3188,-356,13737,4102,3212,14029,5237,5926,14665,3426,202,13496,3067,566,14703,3763,5419,14645,3667,3101,14570,2713,-1810,13926,2706,1153,14486,4305,3700,14971,3486,-803,13811,3263,-1783,13013,2844,3544,13548,3763,1637,13741,4020,-3548,12899,3326,1332,12591,3925,4140,13737,3499,-750,12965,4598,397,13694,3975,4829,13141,3500,2964,13565,3708,-333
14186,3815,3619,15001,2420,-1263,13912,3535,14,14749,3793,3584,14108,3205,232,13995,2971,-2998,13382,3291,3170,13658,3879,2840,13333,3309,-3201,13083,3227,357,12521,4466,4043,14134,3417,653,12464,4387,91,13814,3493,4627,12768,3900,4017,14021,3557,-366,14146,4372,2217,13896,4147,6236,14609,2952,1385,14491,3737,-622,14693,3799,4025,14574,3175,3193,14315,3041,-2081,14842,3256,26,13701,4427,4687,14166,2277,-650,12933,3192,-2250,13866,3470,3558,13075,4237,1265,13286,2703,-2082,12593,4222,1013,13204,4844,4916,13580,3354,1534,12771,3537,-415,13855,3490,5684,13290,4534,3796,14811,3369,-1062,13675,3726,3100,14476,4074,5499,15004,3691,886,14363,3358,-592,14260,3331,3310,14489,3420,2482,14744,2904,-2618,13526,3354,526,13968,3519,3780,13459,2804,-1163,13213,3363,-1947,13049,3978,3136,13408,4015,2276,13110,3261,-1754,12966,3963,2180,13069,4605,4743,14003,3271,648,13112,4349,958,14121,4047,5392,13908,4290,3536,14613,3347,-664,14085,3755,2756,14454,3824,5809,14629,2740,440,14520,3322,-1765,14211,4041,3397,14576,2901,1830
13598,3203,2937,11270,4997,3988,15590,1769,550,11260,4860,-840,13662,3682,3356,14073,3946,4159,13088,5434,-418,14226,2868,5928,13544,3754,4781,14482,2859,-1918,15064,4560,1839,14177,4018,6582,14968,2587,1244,14198,3234,-2500,14585,3614,880,13639,3598,3244,14683,2460,-1438,12956,3234,49,13641,4037,3945,14027,3515,-1702,12198,3300,-2159,12987,3872,3773,13474,4411,3152,12853,3000,-133,12966,3868,1616,13904,4896,4686,14397,3810,2591,13451,3436,-152,13820,3102,4922,14159,4149,4927,15697,3904,-1468,14078,3532,1025,14136,3472,4747,14957,3060,-305,14695,3328,-2574,13222,2862,3824,14057,2570,2533,13805,3543,-2655,13696,4174,425,12921,4418,3026,13356,2686,-193,12442,3871,-1311,13476,3697,4526,12980,3754,3613,13290,3766,-1592,13716,4513,3373,13690,4642,6183,14369,3022,964,13694,3348,161,14345,3864,4530,14813,3958,3932,14380,3274,-927,14373,3087,1179,14755,4031,4336,14888,2427,-1307,13248,2620,-2585,13665,3367,3875,14085,3976,2288,13425,3547,-2892,13113,3089,346,12716,4297,2898,13712,3784,-31,12902,3281,597,12682,4105,4773
14684,3850,-110,14055,3509,3705,14220,3539,3800,15258,3413,-1575,14599,3497,-558,13977,3156,3879,13961,2240,614,14094,3366,-2810,13602,3830,2761,13139,3453,2956,13320,3207,-2619,13017,4046,-509,13314,3867,3836,12709,3389,1518,13277,3510,-13,13257,4864,4087,13537,4747,4595,14315,3596,-224,13309,3763,1580,14170,3931,6432,15012,3002,2151,14309,3554,-1072,14446,3262,3261,14751,4081,3393,14965,3290,-2021,14091,2000,-43,12961,3414,4434,14793,2930,-399,13390,3890,-2515,12883,3453,2585,13404,4472,2165,13521,3884,-1713,12510,3254,1069,12431,3486,4999,13730,3863,1351,13685,4705,-397,13590,4325,5409,13570,4144,4480,14802,2960,-877,13717,3662,2414,14612,3563,5809,14714,3282,925,14581,3840,-1329,14886,3958,3238,14301,3641,2112,14379,1938,-2431,13406,2623,530,13437,4022,3941,14031,3537,-604,12804,4046,-2746,13125,3912,3018,13374,3515,2636,12701,3140,-1442,12905,2933,2720,12765,4724,5159,14310,4052,778,13677,4758,237,13804,3831,5613,14014,3607,4205,14911,3405,-483,14187,3304,2528,14251,3732,4481,15098,3682,-89,15081,3849,-1577
13557,4040,592,12891,3939,-2778,12898,4689,2338,12868,1676,6889,13213,3795,-1588,12758,3888,-347,14359,4920,6696,13557,5554,1814,15187,3179,103,12939,3207,6117,14633,3014,3985,15263,4446,-988,13835,3517,1562,14489,3160,4041,15040,3647,689,14997,2976,-3532,12787,2339,1331,13532,2691,3373,13783,3558,-1670,13149,4009,-50,12664,3996,4146,13600,3925,-941,12906,4370,-1713,13274,3079,4538,12381,3493,3604,14137,3621,469,13870,5677,1970,14224,4555,4860,13660,3265,2713,14169,3134,129,14698,3838,4918,14804,3120,4137,14038,2835,-3114,14505,3159,-48,14917,5066,4292,14419,2576,600,12798,1553,-1591,13646,2868,2421,13950,4873,2305,13618,4018,-2817,12705,3533,168,12970,4509,4443,13906,3447,754,12319,3448,-465,13050,3697,4424,14109,4073,5741,13944,4523,-1072,13202,4811,259,15187,4380,8026,14251,1893,1569,13615,2121,-1396,14938,4493,5077,15398,4131,3610,14232,4009,-4161,14655,2289,1146,13623,3232,4657,14083,1505,-1474,13109,3422,-2431,13344,4635,3126,13894,4727,1938,12793,3333,-2514,12474,3064,1153,13046,3926,5041,13438,3466,612
14824,3689,5486,14652,3346,2705,13998,3627,-2465,14923,3718,3197,14288,4661,3900,14926,2238,-2942,12980,2003,-512,13451,2977,3562,13936,3658,-53,13334,4188,-2252,13025,3899,2444,13060,3837,3170,13179,3734,-1269,13266,3635,871,12693,3814,5509,13723,3334,1846,13404,4417,-315,14481,5360,4535,13932,4142,4728,13989,2436,-309,14069,3528,2165,15186,4516,5514,14370,3195,372,14455,2305,-2186,14419,3623,2437,14490,3496,2328,13972,2106,-2067,13075,2480,-100,13303,4765,4306,14038,4324,80,12863,3630,-2987,12651,3502,2838,13440,4180,3222,13156,3564,-400,12892,3360,3025,13464,4941,4453,14518,4372,1218,13960,5005,-10,14018,2259,5596,13125,2968,5380,15624,3303,-1079,14745,4385,317,14458,3549,4000,14262,2488,412,14892,3556,-1920,13857,3681,3649,13659,2651,2455,13309,3098,-3691,13722,3892,776,12904,4917,3594,13349,2337,-349,12311,3621,-526,13671,4192,3438,13180,4269,2713,13064,2628,44,13207,4503,2771,14272,5240,6909,14791,4311,683,13587,2444,-1618,13487,2304,5917,15158,4137,4443,15232,4474,-1205,14300,3046,938,13887,4223,2674
13000,3169,-1042,12691,4885,3578,14061,3543,968,12194,3174,-595,13379,4241,3299,13548,5103,4973,13649,3409,-453,13342,4065,867,14410,4212,6783,14375,3285,2433,13996,3336,-1087,14359,3269,4198,14350,4153,4134,15300,2985,-1127,13989,3601,-503,14284,3151,3506,13978,2673,535,13863,3221,-3098,13560,3460,2758,13250,3981,3023,13881,3518,-3270,12662,4045,92,13148,4437,4606,13486,2956,1368,12262,3234,-538,13774,4626,3523,13765,4424,5213,13556,3592,-309,13879,3403,1087,14237,4217,6931,14680,3487,1862,14391,4037,-1193,14330,3703,4255,14770,3560,3099,14355,2898,-2915,14583,2428,-150,13475,3723,4143,14175,2161,-71,13054,3754,-2295,13741,4210,2799,13138,4329,2553,13348,2772,-2402,12622,3901,505,13363,4199,5318,13268,3431,1420,12987,3863,-254,14178,4624,5130,13606,5256,4237,14607,2441,-408,13195,2979,2462,14650,3979,5653,15372,4005,1198,13987,3278,-1344,14264,2603,3250,14488,3912,2408,15308,2809,-2607,13043,2657,468,13341,2931,4006,13785,3836,-324,13676,3945,-2062,12826,4014,2628,13408,3275,2519,12803,3929,-2067,13394,4093,1905
14489,2561,88,13387,3282,1067,15096,4124,5141,14714,4089,1342,14368,2454,-1732,13927,2889,2508,14920,3931,3368,14360,3189,-2021,13107,2400,-1386,12763,3352,4412,14477,3663,641,13170,4532,-3372,13227,3590,1788,12461,3909,3726,13781,3267,84,12706,4581,927,13759,4303,5401,13390,3246,2516,13570,4403,-1571,14230,3690,4974,13817,3914,5545,14715,2750,-1102,14485,4185,1276,14483,4288,5056,14916,3133,1235,13894,3292,-1810,14495,1351,2942,12947,5002,759,15924,2874,-1887,12733,3654,653,12605,3120,3309,13403,3465,1409,13319,3780,-2479,12882,4140,2531,13029,4654,3863,13898,3399,-957,12822,3953,1912,13703,4291,6165,13622,3828,2067,14533,3646,-591,13892,3742,4192,14289,3892,4978,15066,3848,-669,14496,3195,378,14042,3879,4068,14617,2924,-10,14405,2740,-2540,13508,3118,3063,13934,2918,2736,13229,3439,-2816,13634,3481,22,12528,4536,3733,13481,2632,208,12856,4036,-1069,13830,4346,3497,12575,4192,3608,13575,2855,-52,13207,4813,2322,14501,4464,6877,13822,3575,1644,14075,2988,-1676,14807,4424,5240,14883,4424,4525,14463,2573,-1591
13155,3855,3863,14130,3019,-1456,12814,3698,-1614,12884,4073,3500,13649,3480,1730,12742,4481,-1170,13336,4029,3013,13319,4471,5433,13572,2992,-58,13731,3953,821,13970,4372,6377,14482,3482,2468,13751,3632,-886,14811,3837,4163,14386,4113,4253,14598,2490,-607,14091,2869,-777,14420,3614,3275,14121,3189,1202,14089,3181,-3640,13347,3486,2272,13587,3667,3709,13249,3414,-2724,13080,3162,-244,12662,4436,4026,14043,3807,1012,12660,4231,-557,13908,3898,3982,13080,4398,4509,14117,3030,156,13467,3777,1285,14333,4232,5690,14486,3988,2393,14501,3807,-923,14488,3321,3288,14342,3352,3613,14769,2567,-1959,14300,2751,-791,13215,3475,4701,14539,3079,-151,13662,4168,-2591,13619,3234,2909,12653,3832,2026,13708,2728,-1598,12757,4608,633,13346,4772,4825,13397,3544,1680,12771,3786,-746,14075,4141,5255,13420,4376,4989,14238,2760,-789,13701,3413,1851,14461,4365,5475,15110,3557,1792,14048,3209,-836,14420,2862,3098,14337,3801,2976,15021,3037,-2903,13303,3406,-206,13841,3518,4287,13905,3642,-275,13426,3415,-2542,13016,3332,2235,13103,3752,2589
13616,3684,3757,13198,4361,5377,14639,2703,411,13629,4146,437,14784,4342,5076,14699,3611,3539,14364,3421,-1697,14548,2986,1538,13923,3703,3194,14790,2444,-2201,13488,3346,-1126,13950,3926,3779,14240,4185,852,12876,2905,-2691,12439,2287,1929,13045,4928,3356,14182,3414,-369,12082,4069,190,13369,4229,4670,13782,4102,3271,13767,3988,-866,13704,4083,4443,14066,4016,5891,13829,2860,-340,14553,3558,488,15070,5016,5326,15079,3516,1716,13742,2253,-2405,13675,1967,2049,14539,4223,3437,15106,3757,-1894,12619,2460,-598,12761,3229,3921,14205,4137,-346,13296,4171,-2229,12746,2873,2920,13024,4290,3588,13494,3812,-560,13336,4243,1162,13286,4348,6094,14003,3860,2570,13764,4326,-1110,14461,2913,4005,13100,3567,4820,15491,3079,-221,14424,4674,1482,14922,3638,4115,13683,2189,527,14503,2713,-3015,14290,4021,2712,14122,3709,3631,13407,2630,-3001,13526,3401,-1086,13574,4668,3433,13779,3358,883,10883,4032,-1041,15240,2801,4756,11989,4857,1485,14105,2284,-1337,12879,4749,3711,14258,5915,5392,13726,2978,3585,13963,2411,-1487,13164,4329,3227
14237,2407,-2615,13348,2830,1238,14113,4154,3353,14006,3631,-1349,12924,3196,-1503,12550,4004,3526,13561,3820,2121,13097,3847,-2118,12923,3134,2652,12627,4507,5386,14532,4013,416,13440,4517,651,13616,3552,5775,13966,3712,3237,15007,3810,-727,14079,3774,3396,14188,3798,4975,14761,3087,-339,14537,3486,-768,14375,3556,3328,14189,2486,1438,13624,3232,-2768,13991,3626,1459,13312,4172,3884,13380,2667,-2256,12935,3379,-1678,13127,3887,4026,13210,3996,1820,13135,3381,-750,12906,4458,3690,13593,5026,5083,14343,3715,-245,13302,3968,463,14017,3772,6289,14563,4010,3333,14676,3318,-1190,14087,3058,2874,14445,3852,3848,15274,3463,-880,14284,3102,-803,13212,3089,4017,14524,3087,796,13929,3724,-3381,13269,2856,2185,12758,3680,2986,13820,3832,-1631,12806,3841,275,12742,4262,4390,13644,3757,1707,13446,4302,-895,13523,4295,4442,13373,4125,5373,14251,3167,-398,14011,3524,1146,14244,3928,6016,14723,3326,2147,14616,3771,-1367,14431,3606,3250,14452,4084,3570,14890,2419,-2303,13403,2385,-837,13546,3354,3664,14050,3629,-79,13714,3472,-2496
13206,4421,3613,14097,4082,-951,13493,3844,3143,13329,3894,5485,14692,3029,689,14236,4069,390,14607,4014,5104,14489,3827,3264,14829,3356,-1881,14435,3424,1261,14281,3448,3412,14365,1998,-1114,13646,2993,-1932,13570,4159,3627,13919,3905,1919,12971,3451,-3222,12995,3518,1211,13026,4287,4103,13169,3404,-479,12884,3433,215,13268,4628,5526,13872,4233,3330,13863,3873,-921,13934,3376,3298,12716,5200,5829,17430,1761,2594,11972,4923,-1979,16287,3431,3380,13303,4593,4989,15378,2601,-4479,13879,3062,1866,13632,3036,5263,13695,2125,-3263,14015,4276,-1367,13617,4935,4308,13454,3262,707,12246,2045,-1727,13148,3830,387,13396,5614,4859,13501,3265,1479,12529,3865,-1185,13973,5062,6664,13979,4215,4319,13529,2752,-2271,13184,2974,3648,15276,4929,5531,15404,4303,-913,13909,2707,911,13916,3123,3822,15408,3468,1144,14373,3796,-2515,13554,2357,1697,13469,3536,3728,14621,3688,-2152,13115,3438,-2132,12206,3262,4027,13525,3930,1459,13347,5324,-2654,12062,1877,6465,13618,5160,3721,13175,3535,-2271,13390,4048,2107,13788,5522,5030,15428,2586,4539
14109,3487,2403,14914,3267,2431,13785,3013,-2430,13301,2434,446,12968,4058,4920,14483,3089,-1380,12888,4831,-3586,13154,3851,3456,13348,3958,3593,12886,3087,-567,13167,4354,2152,13560,5098,5303,14118,3115,793,12940,4143,-328,14488,3345,6204,13669,3923,4221,14828,2680,-1637,14200,3894,2050,14682,3739,4800,14821,3160,349,14387,3431,-1879,14108,2906,3377,14134,3360,1324,13902,3520,-3745,13639,3624,1616,12871,4196,4080,13624,3110,-1245,12635,3601,-1495,12748,3320,4312,13570,4145,3112,13471,4367,-1163,12965,3748,3385,13193,4092,6120,13828,3333,960,15102,4056,-132,14196,4364,5196,14152,3084,3081,14382,3801,-1314,15056,3573,2772,14537,4092,4169,14363,2302,-1624,13897,2720,-2083,13955,3827,3583,14234,3949,2291,13194,3447,-3278,13073,2701,1153,13191,5070,2628,13824,3732,-1148,11694,2319,1292,12666,3584,4805,14212,5335,2585,13785,4087,-426,12803,2696,2452,13811,4731,6215,15513,3761,1165,13703,3605,-293,14345,3654,5129,14914,4303,2310,15021,3467,-1748,13900,3186,2750,14272,2961,3426,13884,2645,-1665,14158,2855,-1969,13004,4245,3624
13075,4330,-523,13638,4721,4355,13198,4225,3437,13668,2836,45,13596,4544,2562,14531,3885,6643,14054,3396,937,14256,3283,-1294,14824,4100,4691,14521,4170,3653,14781,2335,-1428,13922,2830,706,14504,3327,3391,14439,3005,-655,13164,3692,-2282,13874,4137,3965,13370,4572,2029,13332,3467,-3448,11924,1736,1655,13085,4200,4605,14127,4153,145,13035,3976,336,13056,4360,4530,14227,4132,4249,13438,4168,-679,14600,2016,2397,13351,4814,6155,15263,2820,583,14127,4476,-612,14858,3964,4185,14592,3368,2605,14128,2523,-2798,14003,2269,932,13643,3964,3507,14095,3442,-1189,13562,3720,-1733,12941,3975,2838,13634,3480,1409,12307,2410,-1392,12571,2773,2293,13544,5428,4253,14663,4363,120,12276,4156,-84,14073,3906,5989,13874,5029,4667,14656,2603,-982,13417,3378,2375,14722,4767,4905,15168,3869,464,14045,3145,-368,14437,3342,4120,14370,3308,1840,14216,2080,-3443,13317,2538,991,13651,4395,4277,14199,3920,-1398,12947,3323,-1880,12765,3960,3333,13913,3821,1690,12514,2999,-596,12915,4082,2562,13902,5570,4656,13985,3940,516,13406,3531,125
14964,4423,1311,14445,2506,-1472,13779,3133,3015,14737,3425,3171,14320,2709,-2546,13117,2537,-514,13537,4229,4242,14402,4188,-634,12986,3765,-2771,12969,3041,2971,12837,3737,3219,13276,3151,-817,13117,4456,1541,13645,4874,5499,13736,3313,1324,13089,4089,-735,14770,3563,5350,13478,3872,4919,14584,2866,-1163,14164,4373,1883,14831,4446,4987,14779,2837,499,13982,2904,-1414,14480,2689,2944,13696,3108,2238,13673,3049,-3114,13806,4007,726,13582,4995,4447,13420,3327,-1193,12923,2662,-1846,12433,3722,3570,13783,3470,3447,12833,4111,-1078,13617,4349,2275,13622,4692,5997,13857,3441,1275,13739,3542,-557,14188,3193,5782,13983,4264,4081,15198,4195,-1686,14308,3760,2244,14375,3683,4044,14566,2508,-459,14510,2886,-1875,13452,3408,3115,13842,2796,2018,13505,3953,-2994,13732,3353,956,12717,4480,3343,14038,2442,-888,12281,3604,-719,13289,3776,4336,13594,4837,2606,13371,4198,-901,13689,4242,3182,13436,4746,6406,14462,3296,475,13493,2906,55,14031,3976,5102,15117,4380,3157,14703,3770,-1526,14017,2459,1744,14085,3191,4185,15166,2754,-1029
12755,3891,3211,13276,2473,-247,12773,3327,-1259,13506,4479,4292,13001,4631,4012,13526,3569,-501,13742,4380,1524,13889,4881,6261,13991,2833,1992,13767,2542,-509,14378,4287,4297,15408,4874,3918,14395,3426,-1582,14063,2038,729,13935,3996,4359,15403,2436,310,13279,3257,-2311,13343,2729,2433,13583,4700,2794,14399,3971,-2638,12785,3525,-371,12505,3349,3799,13778,2903,1128,12502,4356,-570,13968,4575,3932,13294,4464,4736,13535,3198,-918,13504,3768,2561,14334,4195,6241,14112,2731,967,13973,3706,-480,14925,4713,4629,14670,4409,3528,14486,2278,-1518,13859,2668,526,14387,3286,3891,14284,3122,-845,13548,3254,-2899,13487,4199,3625,13970,4605,2159,13348,3187,-2828,12357,2499,1283,12806,3589,4066,13777,3784,314,12995,4505,-471,13646,4420,4640,13497,4126,4602,13911,3662,-1080,14227,3289,2293,13581,3975,6463,14933,3597,457,14378,4450,-104,14756,3947,4245,14192,3059,2083,14283,2513,-2301,14397,2429,829,13474,3965,4062,14337,3075,-1303,13308,4236,-1996,13596,3768,3682,13246,3692,1265,13021,2391,-1774,12852,3773,1776,13316,4653,4586
13514,2764,1697,13761,3381,6845,14883,3953,1318,15072,4868,-1694,14502,3820,3679,14205,2684,3644,14344,2787,-1511,14709,2549,-109,13321,4023,4442,14212,3026,-501,13556,4467,-2646,13706,3853,2898,12725,3410,1959,12962,1779,-1579,12777,3958,875,13355,5264,5089,13628,3948,1667,12752,4615,-1367,14611,3801,5948,12918,4509,4877,14731,1335,-1215,13141,3439,2194,15029,4689,5151,15363,5259,1102,14316,3742,-621,14290,2898,3124,14273,2990,3195,14519,1919,-2375,13291,2941,-456,13881,4169,3780,13909,3817,-745,13326,3443,-2440,12871,3520,2997,13151,3283,2620,13198,2981,-1094,13065,4378,1735,13305,5199,4489,13954,4377,1469,13656,3950,192,13608,3311,5216,13479,3120,4678,14691,3041,-817,14138,4836,1919,15045,4955,5683,14529,3349,866,14433,2458,-1344,13893,2699,2847,14107,2202,2107,13811,3081,-2721,14216,4044,916,13325,5375,4181,14273,2932,-1151,12439,3364,-2341,13024,3143,3100,13313,3767,3455,13175,3562,-714,13268,4969,1476,13742,5716,5672,14224,3404,1075,13084,2905,-374,13683,2561,6397,13924,3585,3855,14810,4437,-1883,14418,4700,2613
14196,2722,-2500,13527,3729,-279,13495,5091,4282,14744,3841,-1076,11969,2638,-2119,12409,2683,2984,13550,3993,3390,13135,3498,394,12742,4299,162,14369,5222,5092,13929,4729,3088,13816,2809,-646,13224,2375,5163,14034,3572,5158,15359,4563,-1841,14521,5005,845,14862,3968,5378,14204,2187,530,14335,2439,-2402,13925,2431,3225,13565,3151,2544,14040,3742,-2610,13820,4905,351,13295,4548,3230,13264,2081,-194,12333,2485,-1750,13279,3702,3949,13336,4635,4397,13175,4670,-1642,13833,4868,2215,13733,4674,7274,14230,2668,950,13253,2295,-469,14046,3585,4875,15018,5092,3543,15082,4392,-630,13885,3243,1801,14448,3221,4138,14807,2127,-681,13418,2043,-2250,13364,3094,3417,14299,5062,2248,14360,4654,-2985,12832,2781,-55,12541,3073,3458,13539,3000,2,12822,3736,-136,12888,3992,4852,13430,5484,2873,14520,4961,-1376,13247,3838,3130,13167,3029,6388,14454,2363,1337,14000,4046,-386,14937,4446,4406,14596,4579,3313,14892,3406,-1637,14404,3103,1462,14055,2871,3852,14044,1678,-1252,13663,3126,-2058,13659,4877,3366,14419,4711,1994,12817,3565,-2850
13560,5854,4582,14718,4231,-302,12974,3312,1620,13199,2741,6125,14705,3099,2347,14638,3848,-673,14159,4144,3625,14802,4425,3842,15304,3557,-1307,14376,2911,-180,13688,2079,4237,13873,2214,115,14017,4326,-3073,13925,4657,2973,13034,4242,2717,13629,2891,-2295,12540,3530,292,13037,3261,4285,12800,3171,1391,13316,4139,-441,13669,5417,4601,13678,4536,4806,13926,2725,-885,13483,2666,2083,14183,3936,6639,15254,3669,1176,14391,4930,-1105,14942,4258,3779,14497,3862,3100,14673,2315,-2295,13544,1213,541,13066,3337,3856,14970,4098,-1120,13683,4663,-2159,12779,3416,3001,13000,3292,2132,13297,2541,-2066,12529,2908,1120,12599,3991,5180,13743,4477,906,13963,5593,-127,13972,4371,5766,13275,3550,4010,14467,2354,-784,14114,3676,2848,14556,4661,5326,15123,4262,491,14515,3873,-638,14503,3550,3483,14395,2839,1882,13927,1530,-2281,13150,2299,736,13777,4929,3645,14656,4066,-809,12585,3647,-2643,12945,3142,3126,13320,3381,2722,12944,3271,-1282,13086,3693,2462,13081,5793,5002,14714,4781,604,13323,4492,203,13670,2869,5691,13760,3028,4169
14110,2264,1886,14352,2738,3260,13701,2215,-2352,12873,3122,-1524,13512,4431,5338,14020,4349,4,12761,3559,-3904,12481,1572,2995,12685,4463,2856,14340,3487,484,12450,5053,1776,14100,4898,4770,14041,5209,2558,14279,3735,-749,13417,1997,4755,13445,3310,5538,15483,4355,-1169,14592,4824,419,14091,3909,5537,14527,2159,914,14075,2517,-2177,14024,1925,3117,13662,2814,2273,13860,4015,-3262,14270,4737,191,13160,5117,3647,13379,2241,501,12404,2429,-1679,13064,3944,3251,13299,4989,4693,13994,3090,-520,12265,4535,674,14700,6144,6154,14501,3947,2916,13437,1265,-1357,12859,1768,5040,15171,4970,4458,15272,5100,-1238,14382,3838,1507,14173,3373,4178,15079,1805,-692,13691,2351,-2571,13709,2427,2411,13415,4783,2723,14674,4575,-1714,12999,4128,-812,12414,3376,3263,13539,2175,662,12256,3515,-437,13412,4677,3851,14081,5728,3925,13040,3303,-439,13113,3149,2140,14116,3928,7425,14817,2860,1564,13700,2957,-1358,14851,4911,4184,15095,5079,3382,15088,3488,-1151,14039,3393,957,14214,2346,4161,13687,1827,-540,13645,2780,-3308,13530,4631,3873
12370,3518,-1178,14021,5043,4240,13762,5988,5079,14036,3677,-507,13412,4133,828,14387,2027,7266,13067,3253,2634,14978,3606,-1364,15073,5641,3430,14829,4910,3449,14670,2013,-1229,13740,1864,-666,13823,2557,3799,14191,2755,490,13341,3820,-3142,14142,4584,2814,13197,5435,3149,13539,2275,-2803,12064,2593,-96,13161,3576,4633,13409,4139,1421,13346,4006,86,13666,5301,4069,13970,5437,4491,14428,3294,-115,12917,1160,1515,13311,2812,6491,15818,4931,2108,15173,5436,-2223,14122,3376,3166,14066,2842,3352,14902,2472,-1885,13767,2030,835,12919,2955,3609,14164,3845,-1073,14240,5326,-2452,13316,4403,2706,12340,2733,3103,13176,1702,-643,13080,3670,662,13157,5137,4128,14226,3804,1406,12636,5064,-184,14725,4713,5659,13779,4385,5279,14111,1232,-2063,12282,2018,1851,15509,4952,6392,15628,6038,1163,14391,3369,-1033,13611,2584,1848,14924,2488,2047,14081,2016,-1512,13271,2187,-194,13301,4894,4395,14785,4863,-642,12898,4293,-3609,12437,2290,3853,13171,2916,3278,12979,3533,-1648,13295,4253,2121,13398,5012,4772,13796,3956,1081,13007,4474,474
14542,5185,1811,14948,3103,-1559,13905,3113,1705,14277,2064,3486,13574,1748,-1678,13592,3238,-1818,13864,5167,4307,13992,4309,1004,13127,3989,-3622,13095,2897,2506,12568,3357,3911,13269,2201,-161,12681,4138,738,13823,5785,4396,14105,4666,3285,13526,4276,-974,13985,2472,4282,13571,3033,6473,14765,3047,-789,14804,4928,400,14618,5146,5348,14833,2967,1177,14065,2182,-2633,14259,1828,2005,13552,3088,2998,13779,3102,-2049,13694,4721,-57,13757,5222,4309,13210,3430,-179,12793,2124,-2751,12563,3076,2610,13412,4216,4185,13465,3584,200,12962,4998,1324,14376,5289,5436,14093,4449,2500,13622,1826,-380,13150,2103,4969,14492,4230,4909,15937,4821,-1827,13960,4563,-10,14481,3260,4940,14505,2908,435,14540,2476,-2104,12969,2040,3192,13483,3098,1947,14167,4706,-2323,13840,4607,51,12537,4320,3389,13774,1657,392,12407,3136,-1171,13270,3868,3095,13365,4886,4396,13536,3990,-171,13278,5171,1871,14377,4949,6979,14225,2294,1427,13082,1390,-1108,14525,3918,4934,15476,5598,3862,14692,4355,-1451,13768,2626,1002,14402,3512,4068,15110,2171,43
12975,4455,2929,13393,2028,1900,12440,2552,-1059,13101,3338,3517,13407,5355,4402,13901,4073,-487,13133,5425,486,14743,4111,6336,13065,2798,3574,14214,1168,-1174,13949,3913,3347,15084,5289,4514,15404,4806,-827,13539,3875,422,14736,916,4927,12803,3267,-734,16069,1981,-3101,12666,4391,2661,13555,4029,2699,13280,4096,-819,13685,3522,-513,12517,3637,3179,13289,2424,1623,12436,3964,-1484,14226,4664,4263,13146,5446,4928,13955,3313,-994,13714,3995,1864,14411,2792,6522,13186,2709,1995,14908,3254,-458,15196,5636,3312,15119,5145,3235,14485,2908,-1307,13876,2178,-1099,13874,2511,4687,14280,2373,625,12867,3409,-3690,14182,4695,3117,13550,5485,2859,13295,2609,-2568,11844,1954,367,13283,3787,4073,14091,3718,1745,12493,3657,-659,13465,4654,4054,14106,5843,5840,14598,3743,-364,13331,2211,981,13358,3568,6614,15518,4243,1699,14758,4962,-1185,14206,3506,3860,14370,2998,3357,14739,2686,-2476,13932,1937,-314,13245,3105,3983,13768,3285,20,14094,4722,-1916,13478,4471,2741,12670,3394,1870,13003,1852,-1913,12856,3549,908,13572,4783,5815
13333,2176,429,13783,2943,6312,14827,4393,2899,15102,4516,-2006,14352,3789,2412,14194,3605,4174,14821,2829,-1586,13824,1822,-1048,13368,2952,3926,13965,3591,571,13934,4514,-2784,13435,3995,1684,12804,4183,3026,13322,2505,-1222,12505,3332,438,13381,4121,4853,13520,3872,2030,13258,4649,-838,14200,4638,4221,13616,4344,5924,14164,2134,-421,13641,2941,662,14846,4238,5841,14639,4319,1952,14849,3663,-2005,14244,3468,2476,14553,3320,2790,13993,1587,-1303,13395,2351,-444,13582,4688,3522,14448,4753,727,12997,3631,-3208,12775,3207,1829,13241,3735,3905,13252,2687,-290,12657,3560,834,13532,5097,5100,13977,4264,2346,13423,4463,-730,14086,3420,5384,13448,3536,5173,14404,2333,-834,14313,3845,1238,14566,5029,4873,15206,3789,1624,14045,3439,-1874,14587,2440,1673,13569,2877,3331,14125,2234,-2555,13481,3740,-509,13734,5084,4728,13493,3846,-780,12969,3042,-2677,12902,2978,2962,13168,3906,3498,13405,3447,208,13128,4459,1168,13676,5190,5433,14024,4382,2031,13746,3647,-836,13976,2352,5261,13323,3397,5123,15391,3738,-1266,14358,4954,1074
13857,1904,-1605,13905,4166,-2040,14141,5603,3595,12880,3589,1527,12848,2478,-2487,13219,3512,1604,13068,4126,4611,13346,2504,84,12699,4488,236,14426,5660,5683,14166,5229,3079,13766,2983,-512,13660,1800,3895,13357,3193,6082,15657,3807,-204,14269,5520,-437,15236,4453,4156,13744,2526,1501,14134,1435,-2509,14008,2425,2322,14146,3931,3583,13263,2353,-2386,13515,4491,-1117,14007,5776,3350,13748,3633,1385,11920,2058,-1602,12885,2795,2574,13522,4860,4301,13624,3649,-607,13239,5020,1622,14196,5623,6518,14585,4041,2288,13247,1378,-1337,13090,1914,4233,14941,4755,5067,15499,4744,-436,14521,3603,-700,13806,3480,3608,14768,2263,1085,13976,2259,-2388,13513,2805,2720,13568,4436,2406,14485,4362,-2875,13320,4753,-1048,13464,4219,3962,12671,2367,3068,13316,2465,-761,11470,3308,842,13927,5161,5075,14670,4614,516,13919,4732,1394,12545,3651,7684,15070,1304,1304,12618,4050,-1477,15911,3806,5139,13881,5181,4456,15732,2810,-1394,13863,4016,-827,14620,3078,2976,13691,1772,1293,13674,2465,-2388,13545,4173,2700,14194,5035,2629,13512,4154,-3841
13469,5605,5102,14648,4480,544,13314,4204,406,13932,2995,5974,14082,3007,3681,14738,3464,-1021,14244,3849,2547,14287,4722,4626,15409,3410,-212,14345,3357,-1669,13733,2098,3343,13807,2044,1717,13769,3777,-3089,14027,3950,1749,12967,4351,3659,13830,3181,-2094,12964,3884,-1242,12984,3191,4085,12520,2987,2794,13438,3950,-561,13555,5238,3223,13562,4886,5281,14140,3484,-21,13810,3096,760,13883,3351,6398,14611,3312,3238,14882,3876,-1694,14391,3821,2368,14644,4160,3951,15056,3115,-1622,13758,1734,-564,13071,2728,4237,14466,3619,157,13896,4375,-3161,13163,3714,2221,12914,4313,3173,13742,3230,-1036,12494,3053,250,12535,3245,4749,13526,4320,1926,13947,5088,-732,13626,4455,4557,13225,3981,5302,14852,2644,15,13759,3408,949,14416,3766,5499,14778,3796,2209,14799,4213,-1559,14539,3963,2646,14381,3586,2673,14269,1413,-1973,13273,2009,-429,13623,4461,3707,14343,4171,438,13169,3779,-2873,12739,3580,1925,13371,3905,3505,13097,2733,-921,12416,3184,1148,13039,4919,5190,14286,4879,1913,13792,4496,-620,13663,3398,4628,13540,3698,5574
14327,3313,702,13958,2258,3776,13858,1930,-1016,13808,3784,-2087,13777,4645,4067,13294,3874,1577,13275,3389,-3064,12961,3773,1275,13001,3417,4228,12731,2799,629,13057,4366,399,14142,5340,5257,12616,4950,3272,15839,2808,516,12130,3117,2802,14405,2703,4766,14627,4396,1489,15639,4778,-931,13935,3934,5050,14317,1944,2697,14991,3681,-4240,14581,2828,2286,12493,2420,4460,13751,2494,-2445,14652,5201,-1120,13543,5687,2052,12512,1869,1679,12193,1794,-1293,13418,5095,1107,13668,4576,6054,12759,2809,-300,13125,5160,-938,14726,5293,8242,13743,3461,3010,13375,1633,-2406,14089,3343,4800,15093,5200,3979,15577,4083,-469,13894,3471,864,14752,3763,2973,14541,2697,1840,14091,2086,-2816,13017,2720,1252,13446,3460,4611,14305,4468,-3004,13235,4535,-1783,12347,3060,5062,13308,2433,1174,12555,3767,-1035,13913,4805,3768,13353,4646,4098,13604,3355,9,13612,5209,931,14793,4206,6658,13820,2606,3494,13571,2048,-1757,14903,4590,3595,15281,5467,4666,14656,2526,-1309,13423,2339,-461,15049,3497,3518,14164,2828,31,13100,2234,-3247,13184,3500,3239
12748,3275,-572,13834,5346,2328,13767,4937,5557,13610,3547,273,13391,3332,-26,14460,3291,6711,14080,3685,3393,14908,3730,-1932,14139,3786,2380,14679,3820,4721,14948,3208,-630,14454,2822,-1486,13430,2772,3507,14311,2816,707,13384,4211,-3374,13884,3381,2147,12553,4667,3802,13981,2924,-1511,12014,3679,-897,12942,3548,5011,13620,4360,2562,13281,4126,-827,13091,3313,4188,13398,5244,5570,15284,3095,1126,14010,4051,-319,13702,2729,5552,14701,3954,2716,15112,4534,-1645,14714,3626,3188,14184,3163,3603,14491,2366,-2066,13684,2829,-1450,13762,3757,4089,13980,4133,1065,13101,3141,-2967,13073,3602,1383,13571,5036,2412,13064,2678,-735,11609,1505,1855,13375,5369,4481,14852,5307,3380,12951,3411,-1460,13148,2880,3065,14214,4678,6833,15226,3730,6,13801,3587,168,14528,3775,5327,14712,4279,1235,15220,3371,-1189,13904,3252,2628,14220,2336,3265,13774,2572,-1707,13721,3372,-1592,13487,4312,4173,13672,3630,251,12823,3187,-2868,13012,3035,2820,12975,4197,3691,13268,3002,-579,12966,4687,1417,13872,5171,5665,14303,3679,2566,12720,4459,-1243
14488,4084,3258,14446,2345,-1797,14246,2799,649,13667,3323,3518,14441,2596,-1157,13256,3829,-1752,13868,3763,4492,13246,4642,1125,13348,3225,-3746,12268,2455,2936,13281,4744,4517,13975,4167,-87,13042,3997,337,13465,4341,4993,13955,4476,4205,13917,3346,-734,14024,2302,2888,13845,4404,5402,15028,3489,-88,14381,4407,9,14583,4140,5059,14393,3246,1866,14237,1758,-3233,13530,2443,1246,14114,3835,3426,13809,3647,-1435,13564,3573,-1200,13116,4993,3222,13819,3425,1329,11944,2726,-1693,12821,2732,2785,13614,5992,4704,14353,3637,-68,12354,3733,599,14177,4351,6003,14437,4632,3745,13978,2419,-983,13849,3674,2986,14665,4665,5165,15023,3483,-306,14113,2949,365,14385,3882,3922,14861,2867,920,13649,2502,-2894,13719,3222,1770,13647,4690,4082,13965,3338,-1894,12607,2976,-1713,12823,3972,3725,13926,3374,1655,12244,2900,-664,13185,4429,3049,14048,5183,4925,13522,3863,-248,13573,3882,494,14128,4205,6872,14113,3194,2994,14020,3351,-1577,14333,3818,3807,14678,4611,4024,15018,3154,-1147,13912,3067,-293,14261,2935,3778,13920,2509,1042
12922,3275,3364,13147,2953,3046,12729,3574,-844,13576,4570,2225,13483,4874,5320,13840,3114,778,12648,4397,-473,15324,3460,6140,13123,3786,4259,14965,2546,-2052,13852,4474,2656,15014,4319,5166,14639,3560,-224,14398,3006,-1035,14280,2690,3002,13889,2728,1598,13598,2748,-3121,13553,4042,1470,13674,4747,4425,13454,3581,-1638,12830,3060,-1817,12654,3507,4053,13609,3817,3306,12978,3835,-1212,13469,4512,2993,13590,4891,5709,14124,3764,501,13631,3312,236,13928,2898,6442,14353,3973,3277,15061,4451,-1857,14312,3539,2567,14332,3668,4116,14742,3089,-912,14511,2500,-1645,13296,3427,3414,14093,2536,1278,13366,4368,-2757,13728,3400,2091,12753,4729,3320,13899,2544,-1564,12172,3445,-786,13323,3876,4594,13523,4636,2557,13305,3962,-555,13629,4356,3797,13609,4660,5990,14546,2793,-100,13208,2624,682,14441,4144,5697,15280,4642,2264,14480,3986,-1874,14211,2586,2446,14136,3787,4071,15244,2679,-1066,13390,2737,-1335,13108,2816,3549,13744,3695,1108,13961,4137,-3382,12993,4608,1418,13573,3485,3490,12598,2734,-568,13080,3367,1210,12989,5010,4877
13319,2402,-83,14496,4175,4723,15310,4695,3634,14234,3529,-2184,14201,2308,1213,14107,4457,4513,15527,2376,-412,12862,2835,-1953,13364,2242,2889,13777,4180,2358,14304,4339,-2753,13021,3855,70,12743,3590,3751,13548,2811,486,12775,3937,-368,13654,4563,4345,13364,4236,4057,13320,3949,-990,13820,4051,3317,14032,4348,6288,14112,1858,284,13760,3518,-222,15129,4279,4803,14634,4296,3105,14455,2788,-1629,14139,3144,864,14589,3432,3915,14197,2671,-1200,13035,2940,-2498,13399,3858,4047,14206,4645,1646,13352,3964,-3243,12749,2596,1712,12664,3817,4057,13853,3432,170,12811,4481,214,13722,4244,4980,13538,4069,3795,13695,4098,-1400,14422,3136,3220,13346,3707,6305,14900,3231,7,14458,4274,462,14789,4648,4392,14458,3515,1888,14385,2910,-2130,14391,2484,1092,13580,3392,3781,14082,2807,-1704,13392,3812,-1641,13778,4413,4327,13331,4235,880,13291,2566,-2259,12553,3531,1712,13271,4094,4845,13323,3186,418,13032,4731,106,14436,4529,6163,13618,4798,3034,14199,2576,-1341,13760,2877,4165,14132,4376,5617,15655,3790,-131,13763,4122,22
14008,2518,-676,13644,4188,-2668,13810,4405,3524,13134,4130,2047,13274,2193,-1861,12593,3465,548,13058,4489,4710,13942,3353,1750,12831,4434,-1061,14382,4332,5732,13016,4948,4490,14817,2342,-1237,13027,3117,2575,14445,3804,5854,14977,4563,826,14590,3829,-857,14362,3263,3226,14317,3223,2614,14728,2350,-2309,13413,2397,190,13701,3840,3957,14210,3513,-918,13302,4137,-2422,13167,4038,3038,13463,3645,2590,12769,3075,-1758,12910,3486,2025,13226,4737,4825,13756,3885,446,13559,4396,652,13655,4093,5539,13806,3518,4243,14301,2493,-1095,14036,3671,2124,14671,4589,5951,14966,3649,641,14387,3339,-1397,14296,3546,3131,14486,2536,1974,13618,2518,-2823,13931,3066,1332,13421,4804,3932,14263,3573,-1344,12733,3704,-2409,13167,3600,3241,13278,3635,2904,13006,2760,-536,12859,4218,2046,13665,5242,5129,14105,3680,692,13212,4170,72,14028,3285,6460,13898,3141,3667,14391,3312,-1759,14346,4005,2875,14676,4905,4611,14953,3270,-409,14122,2938,-1390,14260,2864,2993,13712,2461,1779,13959,3206,-2997,13925,4553,1138,13919,4631,3769,12439,2142,-1303
13191,5333,3724,14380,3775,2003,13298,4257,883,13877,2436,4500,13499,3371,5111,14673,3058,-933,14714,4605,389,15051,4798,5283,14575,2819,888,13916,2974,-2572,14450,2976,3412,13659,2748,2772,13693,2838,-3212,13823,4346,255,13436,5258,3651,13615,3201,-402,12503,2851,-1513,12785,3063,3424,13400,3579,4009,13125,3611,-1105,13551,4880,1599,13918,5132,6924,14200,3716,1393,13487,2526,-906,13966,2855,5268,14318,4778,4143,15516,4200,-760,13793,4310,1774,14749,3637,4297,14857,2982,-370,13963,1769,-2671,12989,2080,3229,14071,4106,2341,14541,4619,-2844,13067,3469,504,12481,3580,3373,13982,3024,-608,12495,3538,-825,12915,2996,4759,13159,4882,3125,14366,4927,-1040,13555,4585,3037,13268,4060,5649,14391,2663,1328,13803,3623,359,14457,3824,4863,14571,3831,3137,14655,3568,-2038,14651,3327,1260,14221,3698,4311,14470,1378,-527,13206,2207,-1820,13450,4053,3076,14443,4616,1716,13352,4093,-2989,13005,3290,1020,12966,4176,4144,13355,3081,-135,12945,2778,-23,12862,4731,4751,14050,5437,3231,14287,4694,-580,13286,3092,3506,13188,3139,5616
14702,3609,-292,13868,3111,3938,13900,1692,1177,13723,3207,-2425,13772,4054,2285,13638,4011,2421,13172,3327,-2781,13104,3496,-42,13062,4256,4407,13165,3101,1607,12887,3575,-444,13477,5109,4133,13777,5385,4733,14180,3518,-453,13098,3175,1643,14345,3019,6164,14628,3305,1774,14388,3621,-956,14424,3916,3435,14538,4870,3778,15385,3287,-1515,13704,1930,-310,13087,2349,3981,14660,3004,-773,13687,4354,-2830,12979,3727,3010,13260,4389,2414,13942,3680,-1817,12539,3131,817,12342,3334,4727,13595,3640,1387,13649,4872,-365,13747,4528,4993,13439,3893,4250,14170,3058,-691,14113,3392,2459,14081,3970,5942,14917,3502,1290,14454,4258,-938,14633,4167,3488,14749,3450,2525,14289,1738,-2559,13273,2085,464,13760,4131,3722,14366,3951,-543,13193,3969,-2192,12890,3677,2950,13291,3566,2855,13117,2978,-1914,12745,3212,1692,12840,4515,5311,14173,4479,704,13656,4918,277,13893,3616,5580,13407,3586,4039,14853,2670,-608,14083,3710,2406,14643,4187,4792,14858,3586,241,14705,3621,-1442,14321,3482,2815,14222,1934,2604,13588,2216,-2674,13763,3255,471
13411,3071,-475,12633,4382,1320,13871,5036,5539,13747,4496,2532,14070,4017,-966,13456,2966,4606,13709,3154,5617,14676,3116,-424,14687,4382,585,14560,4509,4857,14917,2770,1398,14166,3433,-2416,14320,2023,2718,13556,3138,3953,14021,2935,-3023,13863,4126,-394,13263,5178,3330,13810,3723,-481,12473,2877,-1416,12730,3108,3069,13285,4121,4859,13323,3391,-537,13019,4795,756,14042,5414,6308,14620,4242,2325,13223,2486,-1115,14307,2162,4739,13747,4271,4644,15723,3821,-1373,13951,4682,1243,15226,4200,4146,14366,2957,-17,14077,1419,-2155,13305,2692,2297,13886,3615,2594,13928,4110,-2440,13493,4562,-885,12912,4462,4016,13488,2279,742,11990,2618,-1144,13189,3915,4100,13591,5627,3599,13891,3744,-508,12656,3915,2499,14347,4351,6578,14539,3420,2053,13716,2263,-1153,14164,4219,3920,15433,4824,4507,14714,3973,-849,14538,3477,740,14282,3557,3418,14065,1193,89,13538,2562,-3171,13804,3749,3343,13359,4308,3279,13798,3727,-4020,12936,4439,-303,12744,3541,4660,13100,1791,1210,12416,3508,-65,14238,5185,4116,13896,5234,3684,13396,3934,-1112
15229,5243,3735,14425,2472,-644,13573,1813,-364,14401,2798,2863,14289,3060,789,13301,3048,-3266,13621,4035,2513,13789,5487,3481,13586,2967,-2664,11926,2546,-647,13045,3683,4008,13636,4183,2031,12922,4028,-243,13590,4385,3703,13675,5309,4835,14675,4014,-169,13418,2439,921,12907,2264,6937,15193,3946,2330,15313,5660,-1372,14601,3926,3002,13955,3014,3003,14550,2369,-1288,14349,2309,216,13021,3064,4221,14172,2863,-625,13820,4934,-2853,13949,4557,2575,12448,4110,3088,13009,1663,-792,12433,3480,514,13774,4776,4392,13616,4231,1397,12944,3711,-382,13872,4813,5296,14496,4507,5831,14488,2584,-1372,12602,1910,620,14579,4235,6244,15730,5548,1717,14709,4301,-598,13819,2597,2489,14374,2960,1595,14584,2171,-2026,13620,2559,-325,13022,3980,4367,14428,3998,235,13501,4659,-3705,12779,3093,2772,12745,2455,4066,12896,2981,-1795,13412,4360,1528,13382,5279,5345,13906,3154,759,12832,4520,311,15142,4522,5882,13660,3994,4591,14089,2340,-1665,14158,3738,1775,15058,5071,5556,14916,3818,1101,14146,2311,-1337,13940,2805,2473,14369,2881,2406
12988,2847,1843,12606,4446,3936,14002,2681,48,12342,4270,320,13739,5308,4519,14268,4373,3460,13394,4176,-627,13958,2545,3757,13435,3802,6063,14934,3241,-442,14426,4700,488,14621,4328,5471,14856,2907,1769,14237,2416,-2541,14075,2087,1691,13768,3392,3415,14215,3205,-1972,13628,4240,-754,13474,4747,3881,13564,3369,230,12852,2833,-2581,12643,3371,2543,13483,4435,4176,13473,3908,-42,13114,4584,921,13870,4752,5796,13894,3909,2750,13813,2402,-962,13407,2469,4490,14092,4232,4941,15542,4669,-953,14168,4339,370,14391,3392,4457,14233,2476,1146,14776,2683,-2839,13425,2912,2639,13776,3151,2723,13913,4233,-2391,14019,3895,64,12735,4419,3533,13886,1859,543,12124,3701,-1602,13729,4136,3052,12913,5299,4282,13725,3395,125,12640,4438,1510,14372,4086,6893,14091,3395,1849,13579,2033,-1251,14145,4084,4453,15241,5279,4250,15030,4062,-961,13697,2636,1021,14358,3245,4391,14759,2685,336,14011,2962,-3038,13401,2926,2294,13746,4551,3002,14266,4282,-2581,12990,3508,-191,12286,3152,4051,13158,2444,357,12797,3827,-746,13697,4810,4072
14105,2001,-1481,13714,3544,2747,14868,5299,5023,15434,4802,-274,14175,3615,685,13947,851,4563,12907,3350,-1045,16156,2696,-2589,13191,4255,1919,13133,3316,3377,13582,3664,-780,13585,3605,-1317,12919,3966,3123,13093,2751,1813,12767,3633,-1643,14011,4854,3451,13368,5218,5103,13398,3060,-607,13371,3706,1370,14655,3660,6425,13628,3136,2716,14489,3065,-827,14678,5059,3587,15049,5137,3476,14556,2487,-1204,13787,2209,-734,14154,2490,4197,14329,3265,1124,13513,3283,-3608,13858,4160,2433,13787,5089,3503,13254,3101,-2550,12356,1825,-99,12856,3953,3839,14288,4212,1854,12454,3999,-697,13478,4462,3796,13737,5097,5997,14218,3514,-86,13237,2453,342,13803,3330,6486,15028,4301,1918,14960,4752,-1077,14177,3500,4069,14316,3275,3480,14650,2858,-1750,14810,2006,-701,13091,3725,3789,14241,2724,298,13391,4555,-2187,14178,3991,2734,12618,4040,2177,13126,1823,-1701,12467,3297,31,13626,4979,5469,13545,3794,2025,12741,4220,-1364,14210,4508,5042,13732,5052,5074,13907,1705,-888,13120,2302,2333,14808,4695,5524,15697,5041,944,14077,3969,-1374
14606,3721,1151,13571,4440,-2956,13760,3487,1595,12529,4291,3182,14051,2387,-585,12359,3763,-986,13540,4106,4600,13327,4232,2747,13354,4297,-1639,13857,4334,4233,13230,4475,6303,14219,2042,-73,13462,2928,235,14546,4543,5067,14912,4329,3089,14500,3639,-1409,14586,2963,1619,14237,3789,4003,14772,2105,-1478,12978,2678,-1075,13938,3961,3825,14224,4826,960,13610,3653,-3094,12498,2794,1145,13197,3561,3774,13377,3214,-201,12825,4023,444,13202,4704,4564,14061,3843,2873,12949,4099,-941,14141,3190,4536,13395,3743,5841,14693,2437,-861,13832,4488,720,15116,4608,5317,14565,4305,2220,14787,2640,-1083,14015,3259,1619,14454,2816,2674,13871,2745,-2026,13837,2955,-1287,13247,4778,4834,14233,3685,691,12633,3308,-3604,13153,2690,2335,12675,4163,3584,13791,3345,-184,12910,4748,1009,13881,4431,5310,13352,3661,2272,13739,3450,-949,14031,3252,4763,13771,3921,5503,15068,3842,-750,14546,5019,777,14937,4301,4877,14207,2171,1479,13961,2141,-2020,14438,2306,2203,13853,3742,3201,14086,3092,-2924,13487,4383,-188,13815,4678,4560,13192,3395,-139
13973,4725,5290,13613,4812,3934,14184,3201,-958,13257,3299,3136,13866,3460,6293,14808,3903,555,14794,4468,-318,14828,4351,4046,14410,2271,2343,13379,1289,-2128,14328,2431,959,14456,5336,4005,14472,3348,-1721,12188,2751,-1740,13685,4081,3569,14092,5304,828,13215,2163,-1338,11758,2941,2041,13858,4944,3647,13755,4813,425,13097,3961,241,13324,4188,6381,14214,4248,3853,14282,2941,-1842,13087,2035,2806,13946,3940,5561,16013,4689,552,14672,4289,-15,13866,2790,3206,13776,1643,1498,14738,3346,-2788,14209,4091,2077,13650,3906,3381,13833,3363,-2491,13746,4329,-2005,13775,3914,3415,11688,3041,3082,14121,2063,-24,11760,4358,97,13849,5458,4186,14391,3271,1324,12901,4322,619,13429,3216,7309,14557,3021,2644,13344,3737,-2049,15242,4260,3864,14055,4904,5755,15138,2685,105,14158,2942,-1384,14110,3083,2898,14607,2657,1351,14092,3451,-2785,13580,3537,2117,13601,4349,3719,14445,3598,-3153,12040,2757,-609,12354,3378,4458,13935,3336,1232,12807,4013,-461,13033,4348,2452,13986,4640,4249,13739,4270,1178,13825,3056,1285,13208,3414,6342
14742,3169,-1588,13752,2679,2821,13979,2674,2390,14224,3790,-2873,14013,4029,668,13081,3707,4143,13228,2448,-1356,12930,3190,-2220,13144,4370,3244,13277,4048,3103,13070,3751,-438,13416,4633,2616,13531,4787,5882,13889,3183,603,13315,3442,-510,14475,3696,5784,14223,4605,4022,15165,3616,-1219,13892,3484,1836,14590,3724,4516,15166,2965,130,13916,2653,-1742,13318,2481,3473,14398,4000,1329,14291,3930,-3428,12840,2925,1440,12684,3581,3930,13931,3443,-909,12812,4185,-888,12906,3861,4168,13201,4304,3147,13991,4449,-1018,13670,4138,3479,13026,3405,5933,14161,2874,42,14142,4012,237,14570,4383,5690,14509,3728,3189,14523,3368,-1701,14445,3323,2243,14477,3641,3908,14584,1949,-1810,13441,2594,-1539,13966,4352,3558,14192,4244,1225,13271,3057,-2657,12727,2772,1416,12962,4337,3622,13952,3630,-1007,12632,3962,-237,13075,4038,5313,13511,4868,2850,14259,3849,-621,13064,3036,3759,13289,3798,5275,15253,3701,501,14368,4551,748,14325,3636,5057,14395,3091,2572,14890,2949,-1791,14186,2840,1581,14125,2888,3235,14278,2917,-1837,14062,3792,-891
13179,3564,758,12866,3647,140,13376,4558,4942,13784,4657,4497,14242,3169,-1431,13434,3399,3437,14333,3730,6778,13924,4072,-1198,14986,3856,1388,14517,4891,3648,15066,2551,2595,13723,2683,-1081,15254,2260,-283,12456,4496,4211,14781,2224,-266,13512,4657,-2740,14174,3941,3452,12276,2918,1335,12489,1465,-1941,13155,5002,691,13603,5821,4703,13296,2714,1988,12606,4347,-1968,14592,4840,6964,13219,4182,5565,14120,1726,-3031,13322,4058,2228,15707,5157,6792,14705,4153,-15,14188,2460,209,14421,3658,3916,14726,3281,1692,14169,2672,-2807,13592,2587,685,13948,4555,4095,14391,3519,-1010,12419,2894,-2643,12272,3275,3397,13767,3622,2984,12437,3725,-1624,13243,3992,1920,13406,5508,5313,14076,3258,546,13058,4159,192,14407,4271,5982,14027,3736,3807,14000,3067,-1371,14362,3780,3556,15144,5116,4952,14767,3613,13,13737,1905,-897,14143,3450,2870,14622,2933,1516,13945,3025,-3502,13244,3338,1493,13385,4192,4457,13561,2912,-1747,12589,3120,-1787,13047,3604,3663,13574,4280,1701,13199,4301,-985,13568,4487,3483,13198,4816,5572,14436,3482,508
14260,3732,5181,14844,2382,1139,14177,2915,-2617,13955,2457,2833,14164,3596,2209,14158,3781,-3115,13316,3592,812,12935,3856,4138,13382,2886,-531,12730,3515,-2389,12711,3742,3504,13798,4883,4252,13447,4154,-713,12897,4066,2588,13426,3955,6802,13955,3179,1451,14595,4124,-772,14634,4490,4670,14139,3813,4078,14810,3116,-1342,14459,3118,1926,14496,3331,4650,14409,2483,-741,13915,3173,-2540,14107,4079,3233,14313,4426,2596,13115,3022,-3180,12917,2105,501,13002,4897,2873,14131,3624,-625,11671,3273,398,13339,3486,4773,13638,5829,3351,14354,3789,-426,12363,2466,2049,13555,3693,6010,15143,4038,1401,14590,4799,-674,14158,3989,5004,14486,3277,3129,14908,3539,-1786,14485,3274,2358,13980,3330,3697,13802,2324,-1439,14365,3441,-1821,13657,4494,3069,13439,3393,2047,12678,2827,-2641,13088,3098,956,12329,4130,4409,13636,3101,239,13027,5337,-161,14245,4930,5695,13138,3439,3555,13319,2964,-1560,14572,3903,3473,13958,4483,6333,14652,3384,169,14165,4833,446,15115,4390,4722,14321,2650,2035,14073,1710,-1848,14501,2794,695,13858,4294,3279
12389,2530,839,12816,4354,4991,14590,4338,688,12987,4644,-505,13267,3947,4458,13628,4047,5166,13682,3450,-654,14287,2597,1535,13711,4901,5928,15555,4044,1112,13923,4041,-558,14668,3582,4104,14706,3090,3384,13875,2212,-2601,14030,1871,-272,13968,4327,3925,14312,3580,-357,13530,3389,-1950,13064,3559,2596,13486,3860,1809,12754,2789,-1887,12412,3437,1688,13679,5512,5147,14491,4565,698,12347,3651,-437,13932,3053,5747,13587,4817,4591,14938,2964,-919,13395,3770,2471,14868,4973,4597,15197,3572,927,13634,2906,-193,14409,2556,3807,14407,3586,2469,14309,2604,-3380,13785,3124,27,13645,4687,4418,14050,3505,-703,12790,2625,-1947,12671,3892,3149,13909,4051,2011,12622,2974,-914,12854,3857,2157,13839,5695,5084,13987,3675,1098,13171,3496,-596,13652,3582,5859,14232,3847,4050,14389,3800,-1306,14312,4084,2972,14498,4534,5040,15035,3102,-336,13887,2680,-1089,14127,2778,3304,14080,2885,1747,14356,3434,-3497,13579,3814,1060,13344,4150,4278,13762,2949,-1835,12834,3399,-1759,12713,4016,3803,13619,3826,2579,12841,3617,-625,13105,4490,2218
14742,2945,-1054,14219,4710,1979,14953,4457,4888,14671,3111,539,14281,2817,-1753,14409,2488,2692,13612,3124,2738,13934,3102,-2510,13728,3933,154,13561,4686,4315,13254,3188,-766,13053,2525,-2218,12391,3596,3170,13790,3797,4066,13122,4039,-826,13418,4545,1719,13715,4903,6376,13986,3718,1541,13552,3193,-840,14105,2814,5399,13896,4446,4304,15572,4237,-1394,13928,4018,1979,14524,3754,4260,14802,2509,308,14452,2493,-2306,13221,2746,2721,14078,2681,2344,13484,4291,-2953,13885,3957,643,12620,4456,3865,14024,2315,-798,12154,3901,-1454,13600,3734,4406,13235,4708,3052,13517,3729,-906,13440,4783,3031,13942,4412,6175,13948,2935,1026,13846,2344,-511,14109,4316,5045,15299,4719,3832,14540,4168,-1632,14048,2818,1443,14225,3252,4272,14894,2382,-972,13336,2692,-2117,13539,2800,3644,13686,4356,1925,14274,4077,-2814,13048,4303,179,13526,3756,3563,12666,2786,186,13192,3307,161,13083,4700,4915,13805,4524,2681,13417,4317,-1251,14071,4034,3354,13515,3852,6804,14375,2114,171,13419,3792,-428,14826,4751,4940,14934,4676,2869,14332,3963,-932
13558,5142,3238,14460,4263,-2616,12760,3275,-616,12437,3004,4081,13595,2816,669,12764,3972,-584,13591,4935,4038,13727,4910,4747,13272,4292,-557,14073,3154,2218,13887,4291,6138,14379,2150,1348,13717,3873,-655,14827,4608,4642,14823,4416,3998,14469,2593,-1807,13962,2514,-91,14327,2766,4086,14028,2802,-326,13535,3127,-2725,13396,4309,3707,14240,4873,2087,13248,3356,-3249,12524,2455,1105,12806,3864,4199,14085,3515,925,12728,4585,-293,14069,4466,3997,13160,4955,4310,14176,3169,-718,13418,3135,2368,13761,3067,6689,14805,3528,518,14477,4393,-889,14858,4159,4493,14246,3569,2651,14508,2530,-1912,14475,1893,632,13241,3499,3787,14482,2961,-1360,13358,4777,-1977,13888,4534,4001,13118,3925,1149,13042,2125,-1844,12605,2989,1234,13210,4510,4594,13424,3554,895,13106,4599,-267,14207,4902,5978,13692,4265,4225,13935,1971,-1466,13471,2432,2890,14533,4425,5843,15507,4503,172,14057,4105,-335,14585,3321,3712,14379,3348,2023,14806,2484,-2863,13117,2710,1264,13844,3565,3703,13868,3909,-1507,13609,4151,-1788,13093,3622,3132,13376,2941,1833
14195,4311,5408,13308,4770,4883,14707,2204,-1081,13033,3138,1884,14778,4094,5717,15022,4948,1479,14657,3942,-949,14230,3597,2682,14272,3338,3040,14841,1774,-1932,13197,2575,-290,13766,3490,3958,13938,3755,-336,13494,3986,-2919,13139,3748,2552,12891,3624,3093,13037,2643,-1438,12701,3878,1533,13373,4994,5021,13910,4101,1435,13590,4480,237,14053,3927,4982,13479,3791,4769,14680,2443,-823,14075,3788,1668,14669,4674,5934,14877,3664,1246,14492,3293,-1694,14189,3185,2721,14308,2343,2533,13621,2522,-2470,13886,3159,543,13308,4989,3992,14222,3543,-951,12857,3876,-2698,13080,3607,2898,13226,3660,3658,13251,2762,-346,12875,4389,1429,13864,5002,5384,13997,4020,1236,13511,3821,-391,13857,3042,5946,13943,3338,4234,14677,3350,-1516,14319,4041,2185,14575,4636,4602,15015,3158,2,14182,2820,-1766,14125,2156,3010,13653,2806,2065,14166,3480,-3159,13978,4695,646,13481,4613,3767,12899,2051,-587,12660,3364,-1731,13374,4028,3718,13291,4107,3167,12827,3046,-1313,13603,4896,3047,13939,5291,5786,14317,3524,914,13227,2757,387,13725,2499,5663
14191,2669,-2469,13840,2055,2583,13678,3247,2819,14460,3394,-2544,13372,4785,-431,13481,4763,3492,13628,3342,552,12599,2856,-1713,12717,2837,2893,13068,3903,4723,13496,4005,-592,13763,4950,1275,13737,4917,6802,14265,3490,1746,13619,2759,-949,13717,2976,4393,14598,4432,4746,15035,4227,-163,14188,3749,808,14637,4032,4273,15024,2770,-278,13695,2210,-2831,13354,2578,3459,14036,4396,3149,14292,4157,-2481,13009,3298,-709,12502,3505,3030,13778,2901,556,12433,3553,-852,12835,3290,4442,13173,5064,4065,14282,4743,-1206,13489,4500,1917,13493,3834,6535,14291,2555,2385,14051,3374,-723,14748,3775,4008,14584,4333,3626,14954,3551,-1617,14511,3776,1044,14348,3416,4489,13994,1608,-63,13493,2483,-2608,13561,3902,2600,13908,4794,2269,13372,3763,-2544,12886,3224,329,12709,3850,4314,13355,2967,589,12790,3317,-143,13366,4604,4579,13882,5385,4267,14225,3985,-818,13405,2957,2366,13771,3268,6154,14955,3129,1211,14306,4342,-296,14506,4024,4312,14472,4634,3246,15328,3472,-1814,13829,1971,297,12950,2058,3638,14614,2844,-1054,14053,4473,-2137
12841,3565,2059,13263,4049,-846,13623,5160,3982,13590,4764,5305,14063,2910,-244,13376,2884,1124,14270,3349,6276,14940,3505,2216,14611,4115,-1341,14516,4060,2851,14600,4346,3870,14933,2765,-1512,13475,1459,-627,13058,3059,3694,14829,3974,-343,13669,4393,-2686,12846,3520,2442,12968,4358,3189,13785,2904,-1337,12008,2985,-43,12898,3162,5151,13616,4537,2111,14061,5103,-582,13775,4205,5097,13170,3929,4630,14823,2481,-334,13806,3753,1764,14578,4221,5620,14915,4030,1741,14658,4193,-1481,14689,3655,2695,14295,3064,2680,14262,1363,-1844,13348,2614,-122,13591,5053,4144,14513,3785,92,12517,3720,-3167,13099,3103,2664,13131,3799,3248,12832,3116,-1384,13092,3410,1891,12979,5518,5529,14420,4693,1641,13648,4499,-212,13630,3059,4902,13849,3576,4860,15018,3140,-710,13977,3949,1419,14717,3974,4853,14891,3828,745,14968,3335,-1966,13890,2465,2877,13393,2082,3046,14351,3043,-2751,13808,4332,191,13184,4236,3745,13296,3375,-1046,13029,3766,-1983,13260,3276,3497,12230,3456,3708,13610,3648,-499,13595,5275,1930,13171,5427,5909,15091,3363,2671
14382,3494,4407,14714,2870,1678,14225,2339,-2323,13322,2375,2092,14137,3553,3055,13764,4143,-2047,13669,3836,-939,12970,4628,3240,13508,3078,1131,12503,3209,-1799,12927,3135,3660,13261,4792,4390,13939,3500,-355,13074,4902,1238,14316,4933,6322,14045,3334,2971,13799,2546,-1703,14377,3597,4003,14557,4477,4910,14624,3440,-770,14666,3688,258,14409,3690,3608,14339,1578,167,13440,2654,-3075,14074,3567,2325,13397,4577,3691,13828,3538,-2426,12900,3906,-1183,12800,3561,3860,13450,2609,1538,12363,3321,-858,13782,5342,3796,13955,5344,5033,12926,2862,-246,13281,3580,1541,14855,4330,7410,14216,3392,1604,14139,3131,-1378,14587,4318,4056,14863,4062,3885,14826,3193,-1201,14224,3036,-313,13568,2722,4390,14607,2764,-287,13590,4068,-2866,13338,3372,3886,13273,4246,1552,13805,3200,-3085,12468,3711,609,12537,3865,4843,13703,3108,1955,12730,4591,-517,14155,4979,4249,13560,5043,4918,13723,2512,-1005,13559,2433,2009,14187,4123,6552,15514,3959,1081,14291,4193,-1136,14448,3444,3819,14790,3687,3335,14906,3110,-2403,13658,1808,540,13409,3366,3285
12466,3634,192,13549,4735,4191,13687,3990,2346,12811,3799,-516,14031,4203,3562,14000,5235,5190,14438,1992,257,12228,2241,1230,15337,4396,5687,15476,5660,2452,14815,3922,-2315,13787,2003,1719,14140,2913,3853,14849,2599,-1210,13663,2806,-924,13107,3947,3572,14327,4298,437,13441,4620,-3214,12727,3109,2306,12609,2493,4933,12964,2794,-1256,13185,4699,-225,13738,4922,5340,13538,3682,2595,13237,3965,-114,14774,4870,4482,14334,4066,5337,13297,2107,-1112,13768,3064,1388,15664,5513,5720,15370,4487,1656,13761,1643,-3113,13962,1936,1344,14127,3635,3422,14756,3109,-2057,12769,3419,-23,13463,4015,4354,13395,4561,-908,13278,2510,-2698,12011,2706,3329,13547,3903,3410,13509,4436,-404,13320,4319,1578,13361,5015,4944,14176,3763,3038,13893,4069,-212,14284,2512,4698,13455,4247,4533,15299,3481,-1665,14403,4011,1174,14544,3785,5245,14632,2559,817,14388,2818,-2582,13503,2398,2651,13837,3683,2668,13920,4035,-2488,13611,3701,795,12773,4672,3001,13370,2182,-518,12239,2995,-440,13767,4256,3526,13081,5111,3758,13616,2991,-201,13160,4818,1381
15281,3905,73,13855,3707,31,14597,3509,3798,14497,2835,1290,14319,2068,-2896,13413,2443,1489,13458,3427,4022,14107,3945,-2092,13675,4421,-1714,12702,4492,3515,13407,3026,1440,12745,3345,-1193,13238,3900,2950,13259,4737,4385,13911,3228,437,13236,4947,657,14697,4191,6074,13397,2902,3286,13927,2111,-1457,14457,4326,3943,14990,5007,4813,14827,3315,-1338,13846,2767,-462,14737,3418,3284,14405,2592,834,13469,2249,-2849,13460,3182,2382,13690,5101,3968,13920,4309,-2348,13086,3299,-1306,12515,3511,4343,13863,3310,773,12567,3934,-561,13506,4030,4464,13283,4679,4942,13681,3366,250,13845,4528,483,14391,3185,6523,13777,3347,2783,14546,3464,-1520,14747,4229,3692,14467,4105,3638,14796,2777,-1617,14181,2331,-50,13792,3131,3690,14345,2717,157,13293,3810,-2801,13881,4104,2823,13287,5255,2835,13503,2688,-2464,11869,3038,-275,13273,3796,4978,13453,3741,1698,13006,3713,-388,13840,4303,4805,13638,5327,4693,14449,3217,-801,13559,2421,1497,13831,3937,6433,15672,4432,1839,14076,4095,-1449,14560,3240,3327,14512,3887,3223,15153,2754,-2610
13821,4933,3745,13423,2951,-2078,12004,2741,4,13505,4073,4427,14055,4292,2625,13033,4084,-346,13381,4304,2837,14273,4795,5748,14503,3066,411,13167,2397,482,14275,4019,6368,15534,4669,2618,14555,4062,-2588,14038,2721,1781,14463,3325,3267,14829,1898,-889,13553,2672,-1330,13112,3093,3390,13979,4304,1429,13781,4858,-3112,12830,3361,1717,12693,3098,3911,13371,3068,-1365,12846,3857,71,13323,4522,5432,13817,3930,2642,13259,4768,-562,14417,3918,4731,13566,3559,5495,14387,2270,-712,14431,3915,1273,14886,4760,4950,14753,3623,1764,14083,3184,-2057,14530,2901,1593,13996,3280,3896,14184,2472,-2282,12943,2832,-831,13573,4739,5079,14177,4844,-384,13098,3148,-3187,12230,2059,2821,13088,3886,3586,13850,3356,277,12838,4263,1095,13737,4821,5387,13843,4824,2318,14058,4216,-865,13879,2169,4827,13177,3543,5549,15426,3699,-1302,14467,4488,810,14555,4159,4678,14605,2825,1204,14527,2872,-2467,13596,2329,2536,14126,2737,2856,13284,2891,-2874,14074,3988,710,13158,5601,3352,13915,3282,-292,11984,2805,-1831,13240,3468,3406,13347,4671,4567
13426,2393,3475,14261,3957,5878,15513,3887,-99,13907,4057,-103,14695,3907,3848,14596,3801,1681,14714,2409,-2547,12852,1655,1870,13613,2976,3271,14437,4204,-1830,13682,4614,-1354,12707,4164,3226,13604,3261,1871,12702,3503,-1799,13119,3584,2918,12967,4331,4816,13773,3258,-178,13297,5191,1087,14341,4524,6346,13849,3224,3250,13894,2118,-1838,13932,3717,3482,15063,4691,5509,14589,3822,-440,14414,3089,-200,14332,3949,3446,14885,2513,615,13348,2214,-2695,13588,2696,1927,13611,5072,3800,14420,4085,-2015,12684,3984,-1994,12911,3392,4080,13317,2790,1882,12729,3182,-964,13332,4126,3393,13663,4684,4610,13489,3946,-427,14057,4630,1021,14206,4047,7106,13680,2522,2475,14126,3204,-1123,15111,4374,3914,14588,4777,3750,14671,2589,-1137,14069,3095,-621,14412,3212,3585,14025,2334,1127,13021,2842,-3187,13769,4078,2776,13935,5215,3367,13453,3280,-2949,12506,2363,-21,12734,3769,4016,13981,3735,1899,12768,3893,-180,13550,4518,3546,13573,4935,5308,14395,4091,-277,13601,2726,1587,13418,3180,6501,14922,3250,1700,15046,4590,-1380,14317,4160,3308
12879,2628,-3041,13457,3729,1217,13565,5819,3251,13848,3012,-674,11523,2435,-961,13180,3747,3952,13915,4505,2996,13110,3873,-1219,13622,4221,3890,13759,5413,6071,14826,3468,-42,13292,1997,8,13331,3019,5400,15397,4669,3467,15187,5219,-957,14237,3365,1556,13755,2678,3258,14669,2354,-1262,14056,2803,-778,13470,3413,4074,13655,3674,457,13894,4414,-3584,13790,4137,1186,12483,3817,3693,13213,1788,1373,13105,3568,209,12337,4231,1948,14004,4742,3696,13632,5138,-453,15065,4001,4102,11925,4675,6805,15587,695,-1115,12400,4823,-11,16031,4166,6745,14099,4233,2785,14875,2214,-1760,14019,3477,839,14645,3101,2662,13746,2310,-592,13765,2636,-1045,13339,4493,3965,14711,4386,213,13167,4020,-4099,12317,2399,3147,12838,4554,3500,13742,3538,-254,12665,3724,1192,13465,4905,3773,13884,4636,2942,14285,4045,246,13105,2788,4121,13881,2694,5679,14431,3465,-675,14994,4442,-92,14714,4592,4884,14487,2935,2066,14250,3014,-2348,14219,2568,2188,13536,2962,2911,14142,2591,-2743,13551,4358,-268,13782,5239,3851,13655,3759,48,12642,2688,-1931
13703,4096,3825,13934,3348,-1214,13989,3132,2794,13943,4439,6516,15324,3427,842,14207,3872,-720,14498,3926,3819,15091,3542,2163,14503,2620,-2651,13216,1910,1401,13598,3904,4014,14559,3860,-1404,13120,3795,-1882,12679,3650,3156,13621,3810,1884,13102,3220,-1901,12552,3169,2325,12819,4118,5084,13950,4316,232,13734,5212,418,13859,4025,6019,13409,3640,3740,14701,3018,-862,14184,3738,2989,14441,3840,5072,14839,3457,-76,14681,3978,-473,14478,4210,3757,14453,2157,1563,13324,1973,-2636,13902,2637,1167,13604,4897,3457,13907,3426,-1744,12785,3707,-1875,13067,4136,3888,13555,3608,1770,12710,3179,-1178,13058,3731,3494,13220,5434,5131,14595,4307,300,13251,3975,485,13641,3142,5649,14340,3814,3501,15006,3601,-767,13862,3445,2808,14403,3956,4428,15472,3419,-484,14245,3400,-1078,13870,2086,3541,13712,2799,1151,14380,3881,-2932,13487,3801,2163,12582,3876,3177,14010,3174,-1880,12763,4415,-794,12996,3487,4204,12692,3561,2445,13647,3835,-469,13414,4829,3997,13475,4425,5122,14221,3282,-426,13725,3266,952,14160,3908,6328,14833,3223,2604
14024,2348,4618,12933,2754,1565,14272,3608,-2690,13695,5171,-686,12546,3878,3179,12739,1985,1689,13081,4879,-2099,13924,4333,4976,12518,3616,3748,13323,3847,-2437,14166,5326,4196,14141,4325,7053,13576,1954,-481,13747,2867,112,15339,4338,4970,14804,4321,3192,14297,3353,-527,14606,3284,840,14276,3505,3414,14533,2351,-1201,13328,2913,-2478,13452,3073,4665,13975,4561,1863,13493,4348,-3715,12681,3307,1524,12639,3242,4139,13191,3025,-92,12815,4592,453,14009,4256,5119,13144,3905,3413,13321,4014,-1256,14801,4698,2731,14129,3819,7792,13839,2457,330,14109,3709,-518,15479,4891,4506,14761,3949,2244,13980,2407,-2140,14598,2404,1289,13636,4037,3045,14517,2219,-1763,12529,3254,-1231,13842,4472,4323,13596,4791,1343,12614,2452,-2920,12651,2757,795,12945,4935,4645,14021,3659,1161,12306,4355,223,14337,4574,5995,14012,5469,3220,14287,2670,-1093,13521,2873,3507,14405,3714,6004,15407,4294,-18,14171,3630,-498,14602,3254,3770,14488,3477,1860,14380,2131,-2177,13047,2859,1967,13905,3377,3384,13696,3864,-2032,13621,3846,-2263,12879,4373,3468
12170,3518,232,14067,4350,4957,14983,4727,5691,14925,3911,-2112,13188,2059,1986,14528,3685,5826,15383,4740,194,14997,3422,-596,13568,2883,2542,14409,2454,1883,14195,2998,-2351,13671,2971,501,13079,4494,4117,13714,3238,-767,13152,4374,-2817,13748,4456,2360,12379,3456,3176,12275,1303,290,13428,5001,2187,14283,6081,5680,13775,2930,687,12425,2911,-650,14976,3665,5900,14355,5158,4226,15112,2910,-986,13441,3192,1908,14871,4545,4323,15326,3731,610,13994,2713,-1653,13408,2057,2966,14177,2720,2164,13928,3918,-3449,13755,3852,1342,12732,4586,3889,13759,3045,-1161,12361,3560,-1250,13125,3406,4300,13287,3966,3220,13673,3465,-512,13061,5075,2958,14049,5180,5607,14160,3727,1072,13853,2504,-342,13560,3589,5666,15127,3983,4034,14997,4400,-1602,14396,3305,1821,14146,3499,3914,15003,2676,-1502,13779,2579,-1814,13434,2782,3629,13648,3423,1824,13928,4409,-2859,13498,4297,728,12572,3932,3246,13362,2252,-401,12500,4019,-221,13512,4274,4747,13470,3698,3287,12866,4114,-1142,14405,5318,3115,14933,5522,6025,13431,1477,316,12750,1614,638
14850,2040,604,13397,2529,-2001,13424,2678,2856,13573,4409,3051,14028,4374,-3802,13061,4118,-714,12577,3056,4718,12967,2585,956,12948,3984,399,13848,4867,3894,13198,4187,3533,13486,3522,-209,14220,5271,2347,14645,3742,6928,13510,2653,1076,14406,3036,-1619,14603,3854,4994,14714,4370,3791,15010,3197,-1590,13777,2972,432,13834,2461,3069,14269,2470,-946,13446,3693,-2119,13743,4289,3966,13230,4397,2272,13360,3748,-3176,12836,3394,925,12796,3435,4760,13353,2880,785,13061,4123,-57,14066,4877,4879,13574,5000,3518,14084,3429,-734,14069,2578,2895,13634,4020,6313,15331,3228,1143,14007,4156,-1002,14729,4093,3441,14768,3789,2734,14557,2769,-2886,13461,1927,832,13793,3232,4129,13863,3630,-1562,13879,4095,-1475,13127,4528,2941,13258,3871,1643,13052,3183,-1704,12746,2900,2053,12952,3470,4925,13549,3767,151,13556,5250,713,14207,5457,5790,13751,3952,3908,13923,2023,-1011,13701,2975,2849,14680,4582,6000,15182,3604,230,14061,4003,-919,14834,3696,3607,14414,2806,1287,13859,2239,-2679,13702,2166,1583,12951,4036,3798,14287,3800,-1685
13289,5302,5038,14220,3642,1941,12777,4794,-1321,14653,4446,5466,13837,4091,5937,14099,1497,-1308,13595,3349,1548,15202,4972,5228,14993,4486,466,14258,3100,-980,14245,3287,3051,14734,3111,2596,13792,1979,-2774,12805,1636,-466,13456,4869,4552,14530,4416,-355,12985,4361,-2568,13122,2900,2917,12804,3496,2574,13067,2964,-771,13356,4436,2695,13326,5384,5249,14394,3541,1356,12902,4602,-733,14951,2742,5615,12931,3640,4869,15183,2441,-1204,14444,5194,1928,14975,4908,4449,14468,2906,117,13957,2194,-1470,14257,2612,2866,14178,2901,2235,13433,3114,-3103,13372,3989,1068,13655,5306,4378,13787,4084,-1503,13074,3224,-2173,12215,2510,3998,13267,3289,4219,13473,4272,-917,13740,4816,2256,13505,4585,5786,14113,3863,430,13928,2948,346,13642,2869,6174,14315,3466,3671,15348,4648,-1883,14636,5421,1368,14893,3673,5523,13467,681,-41,13355,2578,-4107,14751,3686,4404,14454,3865,1600,12873,3272,-3640,13419,4032,2947,13528,4800,3257,13396,2022,-1676,11525,2499,164,13690,3940,3948,14187,4907,3311,13077,4123,-1012,13370,4788,2529,14268,4983,6909
14185,3907,604,14448,3143,4426,14527,2902,171,14172,1993,-2138,13126,2568,2584,13513,3745,2656,14312,4444,-2598,13334,4747,-848,12735,3288,3999,13046,2153,1015,12713,3291,-844,13658,4398,3687,13274,4995,4024,13552,3967,-843,14045,4859,1786,14065,4061,7444,13827,1646,1415,13357,2749,-1208,15392,4265,4618,14640,5645,3428,14973,3841,-1314,13993,2558,811,14067,3247,3603,14474,1777,87,13483,2635,-2713,13271,3826,2806,14327,5334,3218,13484,4400,-3331,13056,2768,201,12187,3366,4595,14009,2665,517,12298,3715,-3,13752,4932,4556,13738,5192,3837,14098,4309,-735,13653,3109,2574,13751,3102,6250,14215,2923,1266,14676,4246,-339,14573,4710,4036,14678,4363,3343,14709,2320,-2080,13946,2102,22,13634,2578,4147,14439,2771,-1278,13176,4346,-2167,14082,4473,4273,13165,4902,1305,13369,2332,-2422,12139,2791,1043,13108,4013,4129,13722,3192,1309,12931,4352,-348,14052,5274,4764,13918,5073,4275,13765,2424,-805,13540,2159,3123,14042,3932,6550,15361,4074,69,14193,4126,-1146,14585,4145,3971,14821,3340,2328,14480,2839,-2700,13280,1588,1671
13180,2451,-1679,12355,2793,-197,12669,4076,4669,14164,3682,2585,12697,4537,-1121,14368,4760,4768,13455,4992,5239,14533,2391,-1008,13193,2667,1854,14497,3752,6300,15016,4468,1488,14676,4413,-1010,14705,3860,2987,14421,3381,2898,14582,2098,-1683,13336,2076,23,13425,3650,3964,14192,3717,-397,13430,4777,-3063,13493,3787,2592,12765,3428,3136,13144,2286,-1442,12575,3477,1746,13648,4721,4902,13831,4113,1207,13421,5296,-164,14588,4692,4974,13357,3447,5585,14103,1429,-1183,13618,3795,1186,15034,4924,5836,14773,4336,557,14650,3283,-1322,14380,3284,2867,14419,2743,2064,13398,1747,-2122,13551,2594,294,13905,5622,3724,14475,4271,-798,11949,2258,-2207,12930,3368,2894,14054,4364,3142,12645,3724,-634,13170,3632,1826,13475,5584,5558,14140,4601,1020,13500,3761,61,13638,2774,6095,13685,2427,4195,14499,3005,-1248,14733,4721,1585,15030,5608,4448,14917,3132,420,13329,1868,-1079,14188,2028,3566,14367,3779,1888,13944,3146,-3815,12836,2775,915,13734,5820,3593,14373,4732,-880,12472,2675,-795,12130,2869,3512,13962,3329,2655,13173,4022,-922
13973,3505,4716,15012,3892,-418,14190,4216,907,14401,4518,5115,15329,3350,1545,14268,2853,-3361,13548,1400,2104,13498,3343,3593,14956,3882,-2494,13387,4225,-3,12992,3853,3630,13646,3683,-624,13128,3563,-2032,12290,2866,3650,12688,3809,4374,13809,4260,-301,13296,5266,1353,13699,4142,5527,13932,3355,2135,13968,3058,-258,14126,3291,4909,14493,4139,4748,15142,3810,-1717,14524,4037,543,14560,4531,4562,14977,2298,320,13246,1843,-1928,13528,2727,2733,14161,4430,2055,13729,4403,-2474,13134,3406,43,12657,4280,4031,13721,2893,615,12451,2767,-1413,12765,3283,4316,13521,4920,4260,14416,5116,-889,13667,4464,2452,13427,3573,6259,14487,2580,1638,14109,3649,-343,14584,3903,4508,14351,4647,3467,15364,3712,-1338,14273,3901,628,14326,2844,3594,13933,1567,-92,13431,2994,-2363,13861,3960,3264,13563,4224,2509,13393,3159,-3327,12828,3369,162,13228,3963,4097,13163,3087,558,12837,3913,122,13292,5102,4667,13952,5159,3916,14096,4135,-1017,13472,3035,2567,13776,3642,6591,14818,3223,962,14425,3739,-649,14289,3897,3968,14934,3607,2896
13316,3914,2362,12727,3755,2855,13656,3017,-1980,12844,3181,-522,12457,3066,4620,13366,3440,1980,13409,5056,-827,13934,5360,4514,13487,4807,5297,14174,2686,-349,13678,2742,1272,14180,3755,6104,15009,3761,2049,14647,4402,-1430,14612,4284,3039,14746,4085,3435,14796,2036,-1942,13032,1356,138,13449,3144,3990,14382,4107,-434,13586,4068,-3020,12860,3617,2096,13058,3851,3251,13473,2986,-1126,12398,3223,759,12984,4116,5226,13732,4990,1439,14117,5436,-721,13977,3905,5261,12998,3384,4970,14799,1973,-358,14032,3891,1693,14727,4520,5201,14744,3967,1190,14843,3917,-1414,14574,3551,2771,14157,2208,2707,13500,1400,-2417,13822,2960,-425,13768,5342,4214,14217,4029,-173,12801,3807,-2754,12784,3657,2924,13322,3377,3062,12565,2971,-1185,13091,3659,2204,13354,5623,5497,14467,4657,1468,13578,4135,-693,13937,2411,6867,13519,2580,5218,14205,3866,-3789,15374,4402,3383,14551,5548,4338,15149,2714,47,13656,3381,-794,15033,1467,2515,12385,2968,2102,14314,2693,-2253,13785,5315,305,14245,5235,3996,12479,2683,-1168,12363,1440,-1992,13185,4812,2980
14563,3021,532,13723,2945,3416,13669,2213,6455,14832,3976,-244,15042,5461,-853,15141,4528,4636,13675,2083,903,14425,1390,-2842,13820,2619,2036,13793,4109,1963,13426,3753,-1609,13749,4442,-172,12889,4919,3293,13523,2347,797,11812,1982,-1486,13388,3563,3175,13565,6221,3749,14330,3753,306,11784,3913,1732,14847,4658,6592,14661,3963,3264,13586,1574,-1749,13738,3431,3572,15546,5150,4568,15256,4652,-1171,14255,2874,368,14083,3260,3012,14318,1886,871,13824,2543,-2259,13289,3219,2469,13225,4313,4055,14155,4417,-3622,13299,4466,-1951,12441,3047,4890,12886,2170,2013,12776,3579,-30,13836,5319,3643,13870,5866,3816,14238,3986,-366,13039,3280,2142,14213,2574,6805,13974,3275,2173,14868,4020,-1874,14518,4577,3191,14564,4447,4589,15153,3159,-1136,14031,2485,-562,13208,1994,4411,14149,2270,-1096,13578,4047,-2998,13874,4729,3514,13206,4782,2511,13262,3120,-2571,12292,2741,253,12563,3169,5011,13825,3917,1692,13351,4998,-310,13340,4267,5017,13662,5158,4617,14301,3045,-442,14310,3258,2113,13607,3450,5953,14923,3089,487,14466,5095,-1117
13924,3145,331,13859,5136,-3144,13970,4574,1880,12174,4264,3622,13782,1217,76,12393,3832,-632,13697,4236,3651,13598,3948,2362,13043,4207,-562,14114,5394,4561,14402,5665,6480,14521,1762,-672,11697,1158,51,14892,3276,6160,15491,5681,2658,15062,4341,-1487,13744,2781,1233,14670,2878,2345,14356,2286,-1335,13695,1858,-354,12642,3763,4233,14647,4392,1034,13295,5219,-4259,12938,3391,1795,12983,2529,4569,12962,3380,-1424,13082,3745,1370,13311,4825,4835,13740,4016,1847,13089,4221,183,14928,4793,4285,14213,3331,5885,13736,2223,-922,13741,3009,110,15208,4775,5856,15177,4899,1850,14561,3210,-1981,14097,2361,1867,13703,2777,2436,14434,2458,-2012,13183,3570,-425,13489,4728,4918,13802,4660,-16,12484,3711,-3498,12660,1645,3963,13270,4462,3261,13459,3408,-442,12817,3541,1779,13655,5305,4937,14526,4890,2383,13945,3832,-389,13895,2066,4588,13522,3812,5082,15048,3443,-851,14670,4958,494,14663,4445,5258,14397,3374,208,14440,1622,-2734,13289,2209,3092,14194,2812,2849,13187,3809,-2519,14088,4150,-73,13220,5647,3532,13749,3091,-320
14329,5244,5099,14046,5268,3415,14354,1658,-809,12588,1661,3853,14457,3742,6048,15877,5053,-335,14216,4533,-977,14384,3410,3901,14542,3277,1503,14875,2245,-2505,12821,1536,1936,13125,2871,2878,14207,4754,-1430,14017,4951,-923,12664,4632,3084,13895,2293,1716,12262,2953,-1968,13347,3031,2145,12864,4936,4923,14236,3360,484,12816,5043,999,14646,5293,6341,14339,3153,3286,13406,1419,-1378,13868,3231,3591,15429,5441,4707,14938,4572,-1087,14059,2932,-307,14164,3453,4093,14806,2102,1057,13613,1960,-2780,12906,2573,1634,13943,5405,3878,14460,4972,-1851,12917,3813,-1786,12599,2600,3586,13224,2341,1889,12584,3174,-811,13617,4617,3560,13601,5316,4889,13957,3812,-233,13118,5031,622,15092,2757,6859,12699,2793,3122,14839,2411,-1667,14534,5211,3297,15130,5099,3934,14677,3496,-914,14082,2408,-224,13953,2357,3959,14174,1892,540,12898,3129,-3388,13967,4545,3121,13831,5644,3306,13478,3616,-2689,12588,2361,-560,12563,3165,4436,13765,3096,2253,12790,4193,-663,13653,4960,3972,14090,5467,5105,13845,4319,-374,14117,2320,1237,12961,2705,7326
13931,2185,-1662,14004,1706,3814,14039,2595,2087,13130,2857,-3888,13725,4247,1530,13658,5882,4081,13877,3724,-1770,11866,1614,-923,12930,2464,3661,13919,4170,2696,12655,3662,-654,13360,4765,2801,14238,6177,6482,14714,4863,846,13677,1983,-415,12920,2029,6260,14934,3404,3378,15356,4948,-1523,14498,4188,2445,14413,4206,4166,14702,2959,-1010,14135,1821,-1915,13048,2295,3655,13473,2458,1555,14046,4803,-3017,14015,4847,1689,12739,4873,3043,13408,1587,-1231,12412,2937,215,13564,3802,4809,13203,4038,2284,13410,4286,-794,13883,5755,3257,14517,5278,5825,13830,1168,1007,12783,1535,595,15040,4097,5272,15240,5705,2294,14724,4140,-2587,13796,3085,2636,14790,3550,3531,14656,1500,-1463,13158,1539,-905,12740,3067,3178,14613,5112,1840,14070,5141,-2865,13012,4150,901,12876,2803,3569,13007,2095,-659,12609,3104,718,13407,5009,5292,14173,4076,2709,12985,5089,-996,14808,4294,4100,13634,3678,6066,14039,999,476,13798,3298,533,15048,5158,4677,15333,4576,1418,14241,3519,-2022,14387,2408,2442,13940,2621,3887,14375,1868,-2420,12769,3059,-1801
13397,2707,704,12506,3033,-180,13143,4782,4721,14031,4982,3588,13586,5186,-1045,14114,3722,3475,13604,3203,6517,14149,1503,485,13737,3620,-406,15181,4708,4483,14970,5524,3199,14657,3346,-1429,14238,2778,347,13897,2234,3842,14092,1457,-902,13040,3379,-2723,14234,5374,4362,13902,5476,1463,13186,3745,-3389,12797,2339,1583,12309,3143,4169,13789,2335,757,12596,4091,250,13698,5031,4526,13944,5250,3720,14297,4088,-1189,13732,2004,3376,13008,2738,7016,15055,3145,394,15020,5337,-654,15053,5125,4025,14340,3522,2145,14289,2915,-2364,14310,1524,1597,13189,2509,3984,13685,2890,-2150,14148,5077,-1110,13571,5550,4125,13235,3609,792,12708,1882,-2139,12600,2184,1740,12988,3790,4866,13852,3354,618,12935,5323,354,14547,5220,6063,13849,5116,2816,14332,1715,-861,12853,2267,4297,14439,3666,5252,15722,4835,-981,14312,4790,-687,14618,3924,4100,14314,2953,1841,14560,1429,-2359,13019,1872,1425,13486,3569,3149,14374,4037,-1794,13311,4807,-1187,12984,4592,3453,13569,2575,1102,12258,2144,-1301,13129,3078,3362,13293,4991,4138,13948,4384,-277
14175,3778,5964,16195,5419,909,14560,5466,-1395,14072,3167,2939,13922,3019,2651,14975,1511,-2084,13021,1763,1092,13203,3564,3196,14644,4514,-1585,13213,5967,-2258,14141,4452,3228,11374,3434,3672,13989,138,-6,11323,3283,-380,14038,4861,4399,14928,4698,2499,12694,6584,-862,14666,3751,6937,13536,3234,4469,13684,838,-2349,14301,3648,3507,14586,5188,5980,15408,4541,-371,14408,3347,-1397,14383,3618,2358,14268,1802,2455,13649,1358,-2047,12720,3097,667,14262,5274,3985,14436,5495,-2125,12482,3894,-1995,12815,2713,4431,12812,2857,1988,13252,2072,303,12774,4030,2072,14057,5629,3851,14011,5681,1701,14362,4253,333,13063,2499,6274,14032,1568,4363,14249,3409,-2123,15156,4677,2080,14574,5781,4866,14972,3138,-1119,14013,3028,-1144,14097,1680,3903,13136,1664,1467,13744,3510,-2826,14207,5253,1863,13368,5651,3139,13453,3352,-1904,13051,2456,-1021,12361,2448,4697,13318,2567,3318,13131,4509,-1314,13824,5776,3105,13924,5967,5848,14556,3551,-58,13205,2022,855,13616,2185,6341,14546,3573,2528,15046,4939,-1517,14584,4714,2691,14549,4722,4131
13725,4640,599,12699,5338,4039,13966,4016,-356,12883,2637,-1367,12177,1670,3735,12869,3175,3707,14001,4624,-709,13656,5993,2499,13886,5312,5794,14058,3238,1474,13755,2119,-78,13841,2266,5164,14409,4097,4204,15267,4958,-1810,14700,5154,1219,14617,4774,4254,14979,1593,-743,12681,563,-1641,13205,1861,3157,14275,4668,1530,14174,5007,-2465,13186,4446,613,12987,4576,3977,13641,2083,18,11924,2140,-1186,12799,3123,4829,13637,5477,3377,14317,5724,-866,13866,5046,3118,13504,3744,6098,14261,1778,1128,13854,2315,125,14359,3799,4932,14962,4758,2588,15237,4753,-2088,14645,4002,1516,14044,2347,3862,13549,387,-526,13297,2192,-1927,13719,5134,3237,14457,5363,1829,13221,4754,-3107,12944,3452,1180,12533,3181,4102,12916,1532,283,12603,2996,621,13544,5360,4854,13984,5893,3291,14427,4839,-776,13531,2723,3300,13386,2429,6097,14991,1800,927,14210,4017,-447,14827,5065,3933,15239,5183,2190,14994,4191,-2368,13941,1291,1620,12833,1672,3913,14147,2469,-1991,13975,4554,-1541,12968,4985,4012,13783,4694,1078,13570,3448,-2564,12260,1994,2024
14389,2989,-308,12978,1867,1080,13997,2497,7616,14517,3317,701,15167,4551,-2069,14641,5445,4568,15213,4613,2303,14207,1988,-2328,13819,881,331,12876,2648,3607,14218,3111,-251,14016,5860,-2433,13519,5366,3089,12775,3621,2980,12712,1469,-2082,12481,2653,1482,13363,4807,4740,13988,3487,1321,12692,4652,317,14791,6020,4270,14157,5088,5381,14226,688,-305,12140,1767,1760,15659,4501,6279,15414,6070,-75,14586,3797,-1607,13832,3506,3483,15469,2916,1937,13573,1942,-2186,13003,965,304,12757,4430,3741,15316,4932,-244,13055,5365,-2801,12531,2903,3049,12987,3163,2671,12880,2707,-1151,12739,3355,2310,13320,5058,5256,14249,4472,643,14031,5731,-457,14025,3462,6528,13744,2221,5015,14041,2131,-1516,14961,4123,2239,14699,5719,4314,15130,3791,-178,14199,3520,-971,14104,2011,3591,13656,2118,2630,13738,2309,-3849,13594,4152,1150,13713,5524,4070,13764,4668,-1859,12551,3069,-1168,12665,2587,3476,13026,2636,3746,12785,3398,-534,13561,4737,2603,13911,5902,5815,14644,4932,82,13629,2980,317,13796,2732,6082,14544,2495,3785,14253,3968,-1785
14295,3372,2666,13991,3616,-2445,13081,3632,-222,13145,4331,4186,14417,4444,-1310,12723,3800,-2197,11890,1211,4546,13020,3871,4151,14319,5155,-601,13601,5346,2050,12935,4042,5126,14508,3492,1774,14012,3072,169,14025,2361,4660,14009,3666,4277,15557,4177,-2194,14460,4520,1031,14515,3907,5416,14550,1907,-483,13500,1819,-2308,13731,2725,3013,13730,4266,1872,13917,4666,-2626,13428,4584,824,12863,4012,3894,12898,2194,184,12298,2817,-477,13817,4480,4056,13656,4751,3776,13164,3300,-598,13467,4957,2260,14946,4300,6986,13578,2072,1002,13409,1904,-633,15050,4846,5764,15230,5620,2815,14854,3191,-2325,13528,2785,1565,14971,3504,3081,14193,2465,-1179,13097,2335,-1563,13499,3977,3364,14292,5280,2470,13474,4467,-3274,12719,2170,534,12395,3334,4030,13496,2685,-13,12860,3794,907,13381,4686,4720,14107,4400,2691,13324,5401,-948,15249,3684,3079,12521,2786,7018,14578,1659,1126,14862,5486,-753,15272,5417,4021,14419,3532,1868,14140,2649,-2348,14664,2541,2312,13472,2502,3942,13458,2119,-1951,13598,4015,-2006,13925,5585,3859,13413,4009,1980
12867,4613,3213,13893,4150,4812,13928,4608,-258,14555,2795,1556,12973,2998,7397,15281,3137,724,14552,4807,-1281,14935,4045,4371,14610,4324,2944,14485,2843,-2057,13863,1558,-9,13095,2844,3702,14297,3207,-221,13499,4618,-2129,13456,4203,2928,13033,4699,2283,13545,2885,-2335,12568,2574,1065,12714,3372,5291,13998,3210,846,12953,5361,-602,14652,5337,5112,13458,5148,4337,14430,1647,-448,13169,2342,2594,14558,4128,5793,15364,4619,383,14166,4327,-1555,14439,3369,3876,14306,3290,2634,14639,1643,-3088,13004,1594,628,13324,4012,3550,14576,4556,-888,13427,4605,-1941,13212,3874,2502,13239,3287,2579,13112,2556,-1394,12874,3015,2543,12783,4467,4206,14440,4209,923,13008,5724,452,14845,4254,5403,12823,3112,4632,14622,1397,-1133,13670,3909,2797,15146,4360,5465,14612,4143,-213,14631,3236,-1499,14280,3536,3190,14438,2336,1750,13463,1923,-2307,13233,3006,1341,13831,5138,3755,14155,4516,-1405,13005,4550,-2438,13243,2994,3469,12820,3020,3203,13071,2531,-914,13183,4280,2672,13327,5009,4788,14176,4143,480,13650,5221,551,14585,2577,6693
14031,3293,-1357,14577,2933,2700,14137,3100,2542,13758,1416,-2864,12568,2753,-194,13974,5339,4898,13939,4982,-245,13196,3875,-2976,12738,3106,2602,13122,3320,3160,13039,2989,-204,13174,3938,2370,13484,5140,5275,14438,4439,1462,13442,4791,-1094,14453,2445,5611,12799,3389,5596,15400,2227,-1167,14298,5071,863,15047,4647,4282,14511,3692,372,14211,2928,-1605,14133,2598,3141,13708,2368,2485,13218,2512,-3284,13728,3933,485,13589,5614,4096,13834,4253,-1132,12905,3590,-1805,12789,2036,4359,12861,3067,3886,13402,3755,-1507,13721,4801,2402,13624,5521,5989,14489,4157,783,13656,2775,-138,13742,2482,5653,14119,3078,3887,15031,4203,-1585,14853,4809,1430,14152,5365,4602,15101,526,571,12385,3237,-4408,15652,1946,3330,13088,4182,3198,13535,2850,-3855,12672,4538,2727,14119,4980,3381,13334,3092,-1743,12014,2299,-199,13255,3750,4049,14215,4344,3708,13014,3966,-227,13555,4774,1681,14374,5506,5799,14545,2689,1283,12650,2003,805,14636,2769,5859,14947,4971,2380,15161,4130,-3367,14080,3285,1640,14516,3749,3715,14869,2069,-293,13290,2191,-1735
13609,2352,1033,12309,2915,-1162,13524,3565,3801,13260,4615,4151,13572,3672,-578,13619,5596,1009,14670,5405,6828,13695,2445,2574,13318,1545,-1374,14576,3462,4365,14739,5171,3959,15235,4354,-1605,13824,3714,1080,14698,3675,3481,14417,2132,88,13422,1873,-2269,13010,2816,2265,14120,5263,3421,14089,4657,-2773,12903,4378,-909,12931,2933,4835,13263,2508,747,12271,3229,-373,13818,4437,4827,13460,5116,3913,13919,4456,-1232,13853,4714,2382,14230,3108,7094,13479,2169,1479,14226,2936,-851,14834,4921,3961,15048,4987,3342,14523,3418,-1371,14316,2321,204,13595,2925,4016,14617,1845,-923,12804,3434,-3111,13848,4276,4162,13543,5618,2354,13569,3987,-2854,12777,2485,761,12528,3506,4145,13766,2637,1377,12689,3977,-167,13815,5171,4492,13932,5358,4419,14034,3687,-1357,13666,2158,2466,13570,3059,7322,14979,3332,985,14430,4462,-1033,15017,4857,3210,14568,4396,2273,14974,2704,-2561,13327,1291,1590,13241,1892,4476,14028,3261,-1622,14123,5260,-1701,13374,4741,3079,13005,3914,1688,13162,2351,-1892,12640,2790,1724,13165,3504,5298,13507,3018,231
13578,2846,6974,14778,3119,2597,14708,4440,-1580,14610,4417,2819,14562,4472,3356,14836,2967,-1939,14063,1803,-60,13122,2711,4054,14092,3148,-28,13728,4473,-2601,13630,4582,2526,12858,4944,2835,13671,2637,-1553,12129,3008,275,13136,3351,5281,13431,3544,1845,13048,4628,-640,14425,5390,4633,13792,5419,5071,14259,1511,-359,12796,2437,1410,14975,3695,5906,15181,4588,1443,14495,4365,-2125,14389,3917,3118,14515,3954,2804,14689,1987,-2352,12723,1520,326,13348,3625,3909,15039,4538,-638,12657,4320,-2785,12822,3016,3035,13354,4577,2825,13448,3183,-916,12386,2989,1636,12888,4431,4742,14318,3770,2028,13494,5338,-622,14601,4460,5423,13658,4034,5436,13647,1568,-1188,14169,2997,1731,15003,5093,5656,15366,4434,-28,13888,3266,-1670,13949,2704,3198,14601,3263,2219,14433,2672,-2201,12548,1800,729,13122,3913,3776,14420,5171,-1421,13372,4935,-1947,12957,2827,3709,12848,3316,2994,13303,3088,-710,13463,4112,2224,13000,4710,5531,14335,4345,1182,13977,5221,-343,14373,3033,5371,12806,2306,4375,14780,2596,-1013,14830,4421,2148,14933,4921,4511
13506,3741,-706,13356,3992,4147,13593,4195,15,13497,4283,-2972,13105,3465,2511,12183,3392,4215,13859,2658,132,12995,4396,1329,13627,5086,4912,14118,4515,2340,14030,4156,-738,13899,3101,4566,13815,3206,5827,15083,2896,-690,14289,3538,-185,14389,4661,4518,15215,3953,808,14571,3016,-2640,13040,1723,2946,13814,2934,3022,14065,3634,-2678,13216,3760,-221,12824,4969,3827,14263,4467,412,12825,3432,-1926,12311,2260,3376,12991,3640,4785,14038,4145,-473,13333,5255,1699,13868,4816,5996,14233,3812,1802,14114,2900,-313,13921,2738,4690,14185,3637,4460,15033,3875,-1441,14610,4580,513,14648,4834,4245,14912,2299,62,12966,1750,-2392,13651,2330,2592,13851,4293,2481,13898,3870,-2401,12851,4171,-462,13365,5053,4103,13567,3169,290,12172,2524,-1191,12907,2967,5016,13333,4885,4062,14220,4943,-1058,13580,4874,2018,13748,4218,5972,14518,2628,2313,14246,2644,-179,14036,2922,3905,14500,4292,3003,15563,4371,-1888,14519,4312,741,14257,2926,4082,13693,1773,-166,13608,2880,-2439,13493,3740,3205,13288,4497,2355,13544,4321,-2947,13248,4358,563
14392,4654,147,13644,4220,910,14126,3284,6229,14063,2707,3590,14574,3007,-1134,14281,3591,2329,14731,4889,3982,15606,3923,-1269,14183,2856,-822,13141,2073,4248,14283,2143,606,13390,3649,-3199,13526,3777,2271,13042,5401,3064,14062,4108,-1665,12558,3160,-325,12157,2447,4753,13355,2855,2268,13542,4496,-635,13843,5285,4200,13718,5237,4830,14528,3489,-108,13839,2792,1036,14076,2607,6583,14609,3068,2463,14791,4181,-2263,14704,4760,2503,14892,4382,3193,14608,2056,-1938,12794,1201,-391,13478,2733,3878,14044,3902,71,13470,4634,-2652,13230,4604,2324,13143,4878,3211,13457,2549,-1494,12098,2169,894,12659,3474,5475,14099,4403,1688,13857,5581,-516,14586,4622,4486,11743,5280,5214,17327,351,1686,11334,3971,-383,16680,2395,4955,13430,6190,2528,15943,3410,-3528,13546,4373,3228,15162,2141,3482,12552,1546,-2572,14128,1807,238,12733,5556,4006,14791,4564,-721,12547,3933,-2359,13032,3458,1897,13073,4459,3814,13193,1712,590,12069,3365,1033,13931,5565,5013,14559,4982,2500,13257,4733,-1012,14216,2644,5264,13305,3671,5387,15442,2175,-1507
13408,2829,3474,13667,1633,-1879,12840,3423,-1170,13615,5378,3840,14092,5341,893,12884,3040,-2335,12235,2364,2421,13277,3657,4849,13728,3920,-17,13128,4124,1136,13426,4893,5652,14658,5634,2804,14802,3498,-181,13268,1559,3838,14040,2925,5137,15428,3904,-474,14341,4168,-553,14547,4448,4071,14853,3554,1270,14199,1986,-2682,13156,1247,1778,13037,2459,3780,13794,3629,-1955,14117,5425,-1357,13117,6128,2959,13560,2838,1287,11813,1994,-562,13314,2929,3461,13178,4838,4239,14333,3655,30,12651,5778,592,15233,4771,6018,13696,3217,3744,13933,1292,-990,13907,2793,4370,14559,4328,4044,15363,3991,-2170,14233,4338,-545,14894,3818,3911,14179,1864,1223,13415,1619,-3241,13013,2810,1935,13788,5019,3574,14078,5042,-2123,12987,4682,-977,12347,3203,4412,13161,2231,1576,12957,3245,-303,13407,4078,4370,13360,3894,4351,13850,4860,-176,14599,5090,2031,15071,4697,6078,13502,1597,2848,13496,1414,-2185,15126,4688,3248,15596,6009,3767,14537,3778,-2252,13433,1889,-23,14135,2460,4088,14313,2351,-21,12780,3018,-2944,13151,3645,2891,13640,6264,2764
13196,4777,3753,14312,6439,5571,15125,5154,614,14114,2413,-759,12056,1526,6030,15080,2690,4433,15257,5570,-1462,14920,4237,1617,13864,4500,2415,15389,2559,-1888,13559,1896,-302,13080,1471,4219,13129,2272,892,13767,4835,-3154,13972,5948,981,13138,4794,3774,13042,2342,-516,12354,2609,-131,13232,3626,5035,13650,3311,1916,13238,4324,-666,13784,6208,4284,15246,5997,5973,14328,2077,290,12825,1371,189,14301,2806,6108,14937,4383,1922,15371,4526,-2404,13977,4163,2295,14950,2962,3102,13696,1753,-1547,13217,1529,-617,12968,3611,3789,14279,4789,1316,13763,5990,-3750,12739,3506,2353,13097,2666,4530,13153,3073,-1706,12887,3196,1813,13069,4180,5180,14355,4208,1645,12691,6117,-338,15743,3881,4451,12991,3353,5694,14714,908,-573,13208,2954,865,15368,5033,4495,15236,4813,1221,14129,4081,-2766,14601,1629,2647,13366,2918,3555,14194,1666,-2726,12717,3271,-378,13867,5635,4029,14138,5716,-415,12893,3649,-2462,12326,1907,3872,12974,3167,3924,13695,3405,-254,12841,3691,1642,13679,5172,4593,14380,5579,2723,14913,4242,-425,13249,1616,5120
15025,3531,-2722,13966,2115,2178,13223,2106,4176,13468,2561,-2509,13844,4826,-1050,13762,6143,3957,13694,4483,1317,12326,2452,-1659,12751,2267,1115,12667,3904,4615,14003,2168,1588,12548,4743,700,14407,5473,5826,14500,5903,3326,14253,1936,-1363,12806,1766,4107,14856,3649,5855,15111,4437,-886,14569,4374,-1234,14642,4917,3767,15104,3392,1870,13900,2187,-2632,13185,1166,2012,12974,3280,3603,14046,4484,-2208,13638,5090,-1441,12810,4303,3259,13155,1897,1800,12116,2385,-1174,13485,3407,3381,13188,4575,4778,14108,3618,-212,12967,6520,293,16130,5343,7053,13378,3040,3464,13615,856,-1800,14160,3492,3913,14974,4954,4258,15425,4461,-1406,14071,3688,-81,14840,3102,3837,13577,1825,703,13195,1151,-2646,12736,2889,2139,14093,5270,3904,13719,5301,-2615,13249,3856,-1437,12293,3471,4619,13686,2112,2007,12553,3742,-308,13896,4441,4143,13758,5263,4258,13729,4724,-335,14736,4275,1127,13810,2763,7046,13608,1809,2818,14454,3453,-1734,14680,4342,3085,14629,5063,3245,14678,3224,-1706,14566,2191,-246,13280,2515,3906,13897,1185,120,12757,3904,-3253
13792,3238,2881,12520,2934,-170,13248,4274,3099,14018,6200,5632,14790,5034,473,13816,2615,-381,13028,1954,6468,14507,3174,4606,15182,4221,-1642,14151,4211,1361,14824,4597,3618,14920,3524,-1051,14345,1839,-1002,13089,2273,4105,13564,2292,1253,13456,4658,-3182,14506,5382,1645,12630,5517,3397,13206,1994,-823,12089,2461,-470,13336,3070,4873,13076,3460,2693,13608,3731,-634,13381,6323,2934,15034,6215,6060,14093,2196,995,12693,858,299,14642,3235,5948,15439,4581,2503,14681,4926,-3087,14491,3910,2586,14764,4664,3510,14794,1675,-1419,13119,1188,-521,12351,2370,3314,14134,4291,1680,14009,6047,-3014,13473,4368,696,12575,2868,3906,12814,1834,-577,12642,3118,745,13265,4536,5657,14144,4014,2453,13088,5138,-1172,15270,5418,4561,14131,3747,6220,13382,1038,-441,14061,2802,947,15125,5139,4872,15036,5093,1123,14509,3471,-1992,14263,3152,2158,14016,2563,3757,13992,1443,-2042,12511,2017,-1562,13503,4581,4326,14269,5759,416,13257,3943,-3030,12501,2664,2938,12975,3414,3624,13435,2938,-118,13029,3598,1413,13740,4936,5037,14140,5559,2006
14910,4659,4012,15143,5291,2966,14774,3730,-2039,14206,2312,1084,13542,2149,3737,14110,1524,-1858,12669,3576,-2065,14100,4842,4581,13629,5650,1321,13446,3231,-2870,12101,2605,1324,12691,3318,4334,13898,2880,1469,12486,4170,113,14358,5012,5152,13764,6218,3449,15028,3619,-1291,12922,1657,3480,13658,2660,6919,15585,4013,535,14537,4623,-1099,14564,4160,3321,14741,3543,1946,14812,2640,-2651,13211,1499,2215,13091,2151,4218,13814,3919,-2447,14278,5404,-1230,13138,5342,3362,13286,3161,1584,12790,2782,-1721,12978,2869,2565,12999,3720,5049,13562,3173,-21,13304,5568,835,14646,5829,6191,14163,3973,3714,13648,1110,-1365,13457,2655,3707,15109,4335,5502,14907,4190,-1502,14299,3996,-632,14981,4621,3874,14513,2463,1589,13323,1382,-2547,13483,2079,1512,13412,4755,3303,14406,4580,-1712,12973,5071,-1595,13059,3948,3822,13169,2361,1949,12376,2177,-867,13068,3485,3343,13424,5274,4806,14167,4365,66,13496,5470,584,14634,4121,6968,13946,2165,2808,13592,2199,-1151,14820,3550,4032,14759,5437,3779,15168,4190,-1497,14429,3608,-757,14018,2698,4127
13516,4659,-2173,12940,3621,4007,11720,2416,3621,14493,1610,553,11620,4337,-319,14366,4670,4822,14137,5312,3005,14206,5732,-743,13903,2317,6922,13426,1374,4221,13801,3261,-2383,16279,4567,2759,13905,5401,4963,15101,2524,-663,14325,3344,-1920,14281,2575,2463,13373,2019,2380,13303,2947,-2793,13798,4588,1112,13851,6508,3415,13196,2491,-944,11885,2610,-885,12956,3631,3179,13818,3108,3929,12196,2865,-691,14219,4825,2656,14132,7054,5397,15049,3808,780,12741,1951,703,13739,2028,6292,14916,4432,3947,15832,4079,-2336,13885,4016,316,14618,4111,3647,15307,3380,-624,13343,1759,-792,12806,1623,4175,13692,3534,1187,14219,4979,-3306,13470,5035,889,13117,4061,3766,12737,3157,-368,13076,1534,1253,12366,3432,3535,13613,3925,1943,14178,5052,632,13708,6831,3248,14463,3870,7069,13651,1843,478,13657,1853,-1117,15046,4656,6064,14904,4377,3025,14817,3857,-2448,14455,3738,2252,14686,3345,3020,13709,853,-1957,13036,1908,-656,13388,4301,3772,14199,4632,844,13317,5131,-3310,13376,3480,1316,12208,4116,4160,13470,1926,105,12302,3423,1134
14686,2029,1468,13933,3443,-827,14911,3898,3592,14523,5147,3205,15572,4005,-1877,14076,2189,455,13117,1834,3766,14255,2171,-1371,13731,4167,-2254,13134,4308,3993,13679,5062,2066,13788,4081,-2686,12737,2455,904,11810,2333,4514,13628,2932,1073,13513,5185,489,13536,5342,5103,13887,4899,3504,14239,3280,-1053,13819,2373,3258,13747,2995,6869,15225,3293,760,14618,4672,-1430,14941,4549,3444,14907,3889,2082,14533,1618,-2447,12856,1260,1671,13622,3341,3603,14567,4115,-1592,12953,4784,-1607,13274,4526,3394,13288,3896,1864,12899,2642,-1988,12411,2148,2628,12556,4118,4835,14165,4183,179,13648,5487,875,14237,4390,5836,13643,3324,3345,14677,2394,-662,13877,3205,3645,14855,4016,4939,14856,4392,-1041,15247,4307,-1317,14209,4285,3350,14413,1305,1946,13231,1708,-2239,13468,3283,1240,13928,5070,3610,13437,4256,-2017,13244,3723,-1454,12609,3525,4043,13158,2255,1859,12273,2336,-773,13173,4004,3379,13657,5787,4950,14650,4962,542,13542,4213,907,14028,2978,5887,14155,2765,3517,14712,3583,-819,14660,4031,2762,14344,5055,3863,15764,3497,-1283
13607,4950,4092,13313,3558,388,12710,3032,-2866,10369,3151,5005,16160,1988,5839,12236,5741,-4329,13452,3687,2522,13458,5461,7400,15810,5597,-109,13470,3000,1888,13477,630,5094,13932,4372,2867,17212,6114,-818,13689,3846,2303,13874,1903,4398,14909,2885,-1479,14600,2653,-3504,12680,1879,2799,13505,2864,2827,13659,4984,-2414,13490,4546,1104,12393,3648,3556,13207,2699,-1187,12669,3703,-167,13477,4016,4773,13220,4221,3188,13833,4490,-449,14313,5547,2689,14061,3968,6136,14071,1767,1554,13419,3119,333,15833,4227,5662,14331,4352,1849,14609,2455,-2984,14230,3253,1187,14328,2872,4330,13888,1792,111,13214,3048,-2229,13766,4587,3661,14168,4812,1524,13281,4441,-3392,13104,3128,1612,12407,3678,4384,13348,2236,441,12766,3807,542,13653,4793,4951,13798,5169,3271,14195,4276,-523,13794,2860,3286,13549,3122,6097,14372,2391,629,14764,3947,-1028,14883,4887,4574,14985,3856,2093,14279,2873,-3187,14239,2125,1818,14003,3111,3388,13553,2835,-2385,13392,4164,-867,13605,5364,3534,13377,3970,805,12629,2020,-2059,12161,2529,2550,13484,4105,4206
13651,3905,2269,14851,4088,5675,15115,4040,207,14050,4346,-1932,15391,3890,4462,14455,3851,2799,13961,1700,-2624,13313,1942,497,13667,4570,3219,14110,4157,-486,12928,3829,-2180,12783,2950,2900,13025,2976,3073,12594,2966,-1302,13142,3824,1654,13377,5040,6141,14049,4068,744,13166,5135,-694,15189,4140,6367,13480,3173,4927,14251,2254,-1719,14354,4298,2810,15452,5700,4862,14746,3784,-481,13887,2290,-640,14535,2767,3078,13847,2655,1779,13539,2117,-3052,13478,2957,466,13645,5359,4444,13999,4553,-1504,12369,2546,-2118,12563,2953,3793,13509,4038,2612,13109,4065,-493,13121,4417,3245,13701,5357,5074,14169,4418,502,14543,3694,-346,13128,2193,6169,13734,2302,4228,15508,5036,-1621,15279,5153,2297,14351,3674,3838,13901,1631,-1291,14654,2104,-574,13584,3263,4143,13797,2849,904,13314,4145,-3520,14167,4839,1379,13081,5157,3497,12984,1219,-123,11885,2913,-135,13982,4332,4061,13550,4854,1909,13025,3390,-800,13421,4939,4170,14538,5342,6731,14639,2748,164,12957,1939,-1150,13699,2845,6337,15803,5023,3204,15039,5243,-1155,14343,2567,2478
14035,5041,-2445,13088,3332,-124,12296,4001,3646,13984,2306,489,11935,2892,-208,13463,4145,3753,13672,5321,3945,13619,4297,-1075,14069,4167,2199,13422,3862,7245,14529,1758,1162,13486,3711,-674,15296,4204,4957,14473,5164,3007,15086,3384,-1405,14191,3064,933,14145,2717,3332,13830,1963,-575,13650,3257,-2771,13728,4555,3612,13757,4265,2873,13309,3832,-3866,12959,2978,739,12537,3695,4305,13439,2138,692,12515,4003,105,13841,5535,3974,14126,4851,4294,13524,4088,-544,13836,2568,2739,13611,3489,6712,14906,3259,480,14646,4934,-935,14736,4353,5083,14605,3696,2724,14683,2444,-2936,14146,2011,1118,13341,3167,3865,14171,2741,-1340,13453,4340,-1561,13633,4619,3683,13444,3908,1246,13051,2654,-2719,12498,2856,1747,13000,4268,4738,13607,3711,804,13047,4483,225,14231,5098,5426,13848,4949,3734,14289,2198,-1322,12948,2467,3560,14534,3993,6018,15772,4739,-191,14089,4163,-750,14459,3117,4054,14310,3194,1294,14952,2340,-2366,12972,2193,2072,13303,3381,2974,14235,4329,-1544,13465,4547,-1404,12818,3849,3340,13423,2209,1760,12480,3194,-1883
14037,4376,5138,14039,1956,-605,13307,2586,1798,15279,4752,5944,15165,4940,54,14421,3311,-1529,13846,2752,3737,14665,2834,2731,14288,2699,-2312,13235,1895,-64,13121,4199,3791,14506,4484,-197,13581,5086,-3142,13418,3510,2348,12129,2370,3338,13379,2615,-666,12926,4429,2171,13659,5096,4801,13715,4059,981,13556,5198,-491,14745,2906,5865,12589,3069,4625,14507,1753,-1327,14581,4986,1911,14742,5288,5320,15439,3709,376,13384,3348,-735,14865,503,3829,12423,4075,-7,16114,2668,-2800,13312,4650,1557,13114,4500,3541,13400,3792,205,13157,3058,-2002,12522,2905,3002,13321,3340,3034,13128,4031,-1465,13575,4459,3045,13415,5417,5475,13787,3899,641,14028,3586,525,13856,2675,5549,13549,3147,3758,15393,4133,-1219,14753,4897,1926,14742,4788,4202,14735,2891,-744,14328,1890,-1967,13344,2773,4174,14146,2572,1508,13293,3821,-3488,13989,4431,1883,12922,4977,3310,13417,1778,-1198,11884,2875,-951,13500,4113,3973,13288,4192,3089,12734,3531,-1014,13966,5083,3840,13960,5771,6444,14417,2121,593,12956,2073,-526,14290,3933,5621,15747,5393,3539
12996,2578,2627,13993,3100,2554,13740,4047,-2798,13895,4010,217,12612,4602,3369,13810,2681,276,12338,3654,-1043,13349,3905,4072,12984,4359,3738,13690,3785,-827,13701,4738,2618,13907,4446,6355,13940,2552,1535,13710,2431,-725,14498,4049,4810,14903,4643,4043,14391,3603,-1417,14301,2912,939,14224,3677,3815,14844,2302,-422,13364,2711,-2337,13908,3730,2719,13616,4651,2678,13926,3702,-2761,12736,3629,-15,13054,3607,4129,13381,2626,323,12471,3703,-753,13788,4618,4420,13789,4776,3895,13433,3690,-979,13401,3394,3015,13918,4112,6349,14613,2833,574,14242,3936,-105,14529,4170,4595,14694,4138,2811,14607,3205,-2009,14495,2919,661,13683,2991,4095,14141,2019,-823,13612,3902,-2146,13749,4602,4035,13541,3849,1588,13147,2846,-3065,12818,3122,1207,13172,4455,4369,13520,3175,911,12616,4290,121,13901,4757,5162,13674,4496,4114,13884,2907,-1045,13731,3106,3042,13849,4139,6104,15109,3733,152,14205,4119,-29,14752,3800,4293,14416,3249,2449,14604,2942,-2540,13997,2321,1024,13572,3541,3772,14336,3078,-1889,13454,4109,-1478,13230,4081,3366
12777,4426,-1021,14095,4508,4827,13464,5017,5006,14181,2772,-1122,13525,2908,1793,13995,3862,6116,14897,3505,1337,14299,3827,-858,14733,4089,3185,14622,3714,3077,14427,2440,-2271,13977,2106,-137,13414,3679,4050,14647,3445,-778,13637,4484,-3042,12784,3047,3281,12702,3364,3002,13546,3906,-2253,12998,4038,1768,12774,4035,4569,13479,3889,758,13602,4077,625,14079,4030,5209,13382,4267,4314,14834,2454,-547,13080,3342,2022,15137,4125,5749,14887,4447,1303,15014,3508,-1569,13547,3103,2882,13971,2267,2539,14492,3385,-2616,14490,3831,504,12551,3146,4117,13654,2978,-1005,13628,4685,-2877,13196,3884,3769,12894,2774,3194,12723,2926,-1755,13407,4312,1732,13464,4993,5287,13616,3428,1074,13719,4116,442,14366,4786,5340,14204,3381,3707,13428,2618,-1028,14712,4025,2500,15195,5300,5362,14766,2866,-262,13628,2164,-2477,14177,2959,3297,14359,3510,2355,14155,2999,-2742,13203,3456,909,13494,4369,3269,14026,3605,-1296,12973,3852,-2009,12292,3054,5463,14290,3826,3290,11724,3013,-3127,13719,4650,3455,14362,5721,6142,14505,3788,841,12237,3728,294
15287,3402,1794,14410,3601,-2445,13641,2214,2595,13524,2793,3335,14389,3602,-2962,13716,3768,-152,12506,4129,4067,13692,3530,-259,13115,3761,-2070,13071,3111,3518,12619,3457,4097,13723,4255,-621,13594,5133,1933,13613,4472,6142,13867,3475,1706,14175,3098,-730,13938,3210,4953,14266,3673,4564,14981,3817,-1294,14216,3998,932,14561,4344,4491,14959,2785,-328,13827,2223,-2147,13335,2498,2891,14044,3921,2192,14036,3681,-2600,13137,3319,-24,12622,3999,3489,13760,3315,318,12891,4001,-1421,12933,3268,4470,12873,4787,4234,14431,4396,-973,13425,4469,2655,13346,3851,5704,14561,3030,1249,14151,3599,426,14416,3560,4718,14615,3626,3510,14802,3513,-1426,14553,3726,811,14418,3774,3820,14151,1839,32,13490,2498,-2155,13636,3835,2902,13967,3893,2147,13205,3785,-2918,13118,3753,611,13093,4554,4307,13173,3540,206,13054,2805,51,12773,4336,4793,13953,4648,3478,14149,4121,-803,13575,3341,2701,13861,3879,6312,15009,3421,1168,14167,3864,-604,14328,3433,4106,14459,4012,3052,15147,3674,-2107,14171,2391,622,13246,2815,3532,14768,2925,-1709
12290,3591,4406,13425,3653,2027,13382,4604,-180,13469,4595,4489,13300,4335,4790,14176,3128,-977,13981,3499,1441,13922,4208,6655,15045,3247,1980,14260,3688,-1473,14736,3507,2924,14758,4101,3172,14987,2905,-1779,13525,2345,451,13600,3484,4097,14309,3383,-525,13448,3547,-2992,12882,3332,2314,13056,4025,2839,13277,3823,-1418,12617,3485,1261,12598,3884,5305,13608,3817,1311,13707,4670,-452,13793,4086,5353,13730,3936,4287,12777,3780,-237,16724,1903,4141,12681,5493,2629,17141,2633,418,12803,4660,1342,15252,3154,1221,14025,3642,3398,14460,1897,-1588,12602,2585,-1873,14683,4102,4593,13044,4672,-168,13296,2931,-2766,12210,2660,3860,13640,4340,1315,13122,4032,-997,13165,3817,2910,13153,4475,4323,14194,3551,2158,13331,4280,371,14070,3328,4058,13624,3806,4893,15358,3716,-1135,14260,4576,1592,14730,3678,5846,14464,2747,-615,14618,3088,-2114,14329,3716,3827,13654,2301,1878,13514,2350,-2428,13813,3617,554,13678,4454,3264,13037,3156,-444,12852,3483,-2337,12249,5384,3965,14610,1519,6541,12498,5447,-3224,12988,3302,1327,13760,4551,7443
