11840,4291,158,12380,4120,1776,14195,3398,94,15189,4511,-398,15636,6897,2204,16821,8672,452,18465,7078,-1810,16026,4798,433,15790,5897,1008,16866,3757,-2051,14105,3105,-780,13198,3059,1290,12395,3915,-246,13470,1861,-2831,10307,776,-744,10571,629,1528,10694,1699,-1993,11617,3209,-722,11596,4209,2423,12051,4545,80,14634,3180,-1831,13384,4447,866,15421,6722,2679,17047,7158,-744,16974,7645,-717,17126,6145,2233,15288,6007,-293,17637,4609,-3181,14487,3095,163,13233,2749,2094,13351,2447,-1402,13343,2774,-2063,11281,2062,753,10407,764,-886,11842,494,-2979,10188,2844,1018,11786,4342,2513,12282,4252,-1358,13341,3934,-1568,13642,4369,1956,13883,5867,979,17591,6029,-1281,15236,7763,1428,17263,7820,1893,17049,5518,-1502,15982,3735,-1347,15113,4406,1102,15006,3019,-461,13703,2142,-1460,12883,2595,30,11923,3904,157,12374,1501,-2726,10859,513,-1872,10764,1822,2448,10709,3606,-285,13206,3872,-1608,11890,4567,1038,12772,4896,1162,14948,4130,-1124,14751,5202,138,15877,7118,2529,16499,7685,146,17980,5767,-1548,14761,4936,713
16487,7324,1433,17516,7070,1826,16797,5040,-2165,16541,4223,-1396,15468,4527,478,14266,4113,-199,14807,2942,-1333,11765,3614,-182,12815,2330,644,10702,655,-2890,11202,511,-1523,9774,2977,2243,11716,3443,-355,11927,3787,-937,11967,3259,1138,13130,3659,1056,14434,4232,-1197,15810,5808,170,15830,7747,2899,17344,7383,21,18221,6171,-1978,15521,5171,330,16510,5399,218,16098,3502,-1545,13532,3030,-630,13278,3238,1471,12131,3315,-1223,13086,986,-3316,9663,1171,140,10887,1883,1297,11003,2464,-1368,11211,3598,298,12124,3906,1730,11677,3647,-589,14913,2459,-1271,13601,5468,1919,16071,7468,1927,17414,7447,-1530,17278,6290,572,16104,7360,630,17698,5290,-2203,16006,2806,-1050,13647,2586,1531,13666,4105,575,13891,3674,-2252,12294,2057,-1579,10495,1113,1082,10883,701,-2003,11089,2027,-1830,10766,3247,2680,11233,4108,1172,12430,3441,-2641,13531,2658,293,12862,4946,2583,16082,5606,-214,16376,7176,-892,16730,7798,1955,17781,7009,939,16654,4753,-2530,16119,4122,-780,15507,4977,1199,14510,3602,-595,13690,3045,-1923,12340,3111,394
11666,2107,56,11613,27,-3171,10025,691,-303,10612,3045,2064,11406,3999,-1074,12810,3905,-846,11673,3315,1260,13612,3798,1027,14883,4489,-1305,15487,6193,839,16163,8624,2672,17875,7644,-941,17658,5215,-1506,15268,4969,818,16646,4603,-420,15557,3569,-2182,13494,3141,617,13010,3669,1350,12494,2373,-1915,12297,308,-3097,9579,757,734,10839,2151,757,11658,3249,-1939,11148,4112,943,12382,4002,1865,12182,3240,-1143,14987,2791,-1293,13717,6155,2546,16681,7218,1531,17217,7148,-1248,16951,6465,756,16503,7397,-165,17335,4886,-2334,15584,2357,-555,13124,3062,1804,14067,3844,371,13672,3478,-2600,11840,1354,-1113,10768,1004,543,10849,1101,-2810,11610,2428,-559,10645,3855,3219,11775,4061,3,12673,3046,-2790,13397,2739,999,13123,5172,2031,16519,5666,-288,15948,7551,-245,17053,8046,2050,17537,6634,34,16504,4529,-2975,15587,4245,-99,15429,4542,1196,14275,2985,-756,13577,2519,-1181,11988,3042,318,12387,1869,-1156,11244,877,-3273,10642,994,943,10339,3227,2110,11886,3333,-1384,12096,3494,-657,12131,3631,1413,13731,3984,142
13055,2372,1526,12252,3219,614,13367,2156,-2249,11284,1424,-1436,10637,1372,1044,10782,2185,-1788,12023,3371,-1548,11624,3840,2590,12018,4372,1322,14287,3464,-1626,13825,4523,-328,14885,7078,2164,16855,7035,-516,16808,6793,-482,16330,5647,2557,15714,5963,459,17376,4681,-3258,14705,2913,-716,13234,2930,1491,13545,2818,-770,13544,3036,-1928,11849,2191,1068,10557,1301,-431,12111,873,-3881,10749,2774,111,11435,4171,2742,12102,3554,-443,13137,3590,-1305,13640,4392,1730,13684,5978,795,17048,5904,-1709,15322,6975,798,16747,7239,2703,16775,5711,-588,16528,4074,-1935,15076,3829,585,14352,4492,225,15653,2750,-1924,11837,3222,-767,13075,2324,1351,11319,2126,-2409,12104,492,-2393,10610,1900,1407,10689,3438,169,12928,3311,-1088,11585,4099,737,13165,4611,1551,13995,3851,-623,14815,5022,-697,15419,6702,1893,16202,7924,778,18046,6093,-1070,15056,4748,721,16151,5441,92,16400,4149,-2181,14510,2573,-790,12869,3321,1417,13178,3504,-85,13537,2097,-2365,10603,890,-34,10983,1305,403,11640,2322,-2540,11644,3653,-546,11938,3883,2914
11623,4419,-55,14526,2576,-1718,12951,4203,1186,14854,6723,2073,16444,7022,-1679,16512,6715,134,16554,5884,2821,15654,5675,-454,17331,4195,-3172,14737,3168,-110,13771,3610,1332,13995,3097,-1191,13490,2870,-1523,12127,2139,1252,10996,984,-854,11784,1507,-3956,11025,3123,677,11473,4210,2354,11985,3374,-852,12548,2810,-938,13129,3507,1971,13424,5489,215,16823,5972,-1503,14681,7230,1609,17161,7001,2308,17041,5891,-1514,16313,3928,-1422,15080,4377,658,15345,4412,-74,15495,3257,-1737,12387,3385,99,13145,2404,725,11856,1653,-3174,11848,1263,-1881,10607,2493,1989,10857,3283,77,12507,3225,-1224,11142,3613,1052,12376,3785,752,14025,3292,-1151,14351,5023,198,15623,7189,2633,16315,7324,219,17977,5949,-1399,15246,5451,756,16569,5839,-584,16696,4023,-1828,14637,2594,216,12999,3628,1589,13773,3530,-1272,13506,2231,-2848,10365,1398,389,11051,1608,165,11437,2148,-2191,11054,3300,467,11506,3556,2502,11625,3896,-1445,14076,2610,-1688,12882,4589,2287,15208,6414,1908,16624,6925,-1321,16502,6901,68,16872,6621,2243,16199,5553,-965
11177,3563,1284,11854,4582,1119,13489,4384,-1260,12569,4463,221,14334,5433,1401,14662,5667,-965,16571,6392,-147,15358,7200,2286,16510,6231,1024,16840,4326,-1357,14746,3185,-356,14727,5148,987,15715,3421,-1490,13339,2903,-1777,12619,2411,1532,11762,2350,-873,13066,1141,-2538,10673,1152,-144,10917,2409,1105,11958,3502,-869,12978,4878,-953,12997,5534,1518,12840,4935,163,15687,4033,-959,13900,6046,1229,16360,7229,1825,16109,6326,-677,16267,5178,0,15532,5421,648,15443,4537,-638,15944,2153,-1718,12790,2520,700,13423,3361,848,13254,3137,-2606,12645,1867,-1066,11015,1325,1075,11188,1638,-1470,12593,2708,-1941,11396,4680,1498,12721,5057,1279,13152,4363,-1738,14343,3660,-51,13605,5580,2353,15386,6244,39,16755,6887,-877,15321,6860,1376,16341,5160,1742,15216,3661,-1480,15460,3187,-1701,14385,3803,831,13700,2716,-35,13914,2611,-2003,12481,3073,517,12493,2575,228,11571,1107,-2729,11593,1249,-1542,11402,3636,1404,11998,4103,526,13593,4332,-1212,12382,4469,1099,14005,4952,847,14879,4895,-1346,15456,6150,429,15741,7414,2370
16151,6768,14,16877,4138,-1085,14224,3432,512,14850,4514,2,15907,2569,-2168,12752,2521,-328,13421,3403,1457,12542,3501,-1427,13408,1860,-2809,10769,1078,344,11380,2246,636,12076,2869,-1587,12369,4131,215,12361,4990,1873,13113,4558,-914,14679,3907,-1180,13922,5804,2028,15849,6965,1649,16315,6606,-1348,15905,5467,503,15588,5644,1007,15707,4105,-1651,15921,2200,-1177,13154,2284,1029,13769,3420,555,13889,3840,-2538,12873,2783,-1001,11316,1621,1296,11427,1049,-2219,12434,2133,-1807,11095,4279,2204,12236,5061,485,13182,4458,-2155,13411,3537,326,13318,4777,2545,14971,5432,-300,16445,6290,-967,15129,7671,1879,17019,6002,892,15975,3839,-1766,14997,3272,-624,15285,3958,354,14029,2871,-730,14113,2670,-1338,12438,3862,750,12867,2885,-196,11732,929,-3343,11373,970,-531,10941,3581,1190,12360,3903,-487,12548,4628,-509,12468,4270,1554,13081,4382,272,15221,4065,-1601,14441,5544,989,16127,7565,2434,16728,7124,-613,16803,4909,-664,14709,4715,856,16005,4630,-1067,15628,2364,-1746,12906,2157,386,12948,4226,1385,13288,3483,-1913
12579,1825,-2327,10586,513,853,11064,1878,-779,12155,2849,-1452,11877,4660,1564,12315,5275,1501,13155,4317,-1642,14515,3441,-871,13801,5696,2412,15956,6480,951,16657,7099,-1276,16222,6272,1517,15732,6334,1162,16164,4222,-2581,15866,2628,-1330,13396,2628,1423,13197,3073,457,13960,3258,-2273,12203,2738,-368,11177,1417,681,11315,137,-2943,11639,1799,-1218,11164,4687,2591,12622,5317,835,13381,5187,-2229,13648,4042,230,13643,5126,1671,15436,5477,-726,16505,6291,112,15298,8189,2647,17276,5814,742,15691,4104,-2121,15225,3516,-752,15106,3976,122,13770,2250,-473,13588,2299,-804,12097,3482,1243,12852,2053,-878,11625,653,-3460,10753,767,-133,11311,3710,1167,12391,4523,-123,13161,5186,55,12864,5212,1222,13629,4672,-803,15665,4465,-1411,14446,6376,1768,16225,7111,2384,16705,6224,-185,15886,4672,-329,15139,5175,90,15605,3840,-1445,14975,1890,-1259,12666,2492,885,13038,4207,1082,13315,2831,-2527,12208,1220,-1515,10386,878,519,11612,1747,-1247,12179,3525,-776,12226,5153,1848,12818,5716,916,13741,4382,-2269,14543,3925,-290
13978,6322,2417,16115,6218,813,16391,6679,-670,15675,5910,2010,15562,5552,627,15707,3720,-2717,15305,2686,-1547,13538,2968,2007,13055,3056,-147,14102,3142,-2184,12078,2962,60,11562,1417,62,11543,255,-2744,11705,1819,-961,11683,4766,2682,12575,5414,222,13965,5222,-2077,13279,4699,856,14205,5118,1146,15253,5568,-907,16244,6099,696,14913,7848,2387,16912,5386,66,15696,3388,-1722,14144,3421,252,15230,3328,-139,14065,2602,-1494,13549,2692,-123,12321,4199,1151,13105,2361,-1503,12005,730,-3091,10736,923,780,11303,3090,626,12957,4276,-1028,12560,5465,291,13288,5396,1678,13381,4550,-1094,15664,4092,-1307,14008,6038,2239,16187,6872,1777,16270,6439,-992,15737,4692,282,15158,5338,566,15783,3381,-1816,14841,1233,-1059,12631,2611,1221,13664,4461,414,13540,3838,-2744,12222,1688,-911,10839,890,694,11740,1324,-1970,12178,2945,-592,12015,5034,2158,12675,5480,436,13699,4462,-2152,14117,3706,235,13639,5852,2248,16195,5804,-108,15889,7361,-601,16024,6438,2229,15523,5271,658,15859,3569,-2732,15141,2633,-1302,13758,2800,1883
13555,2758,-665,14018,3796,-1407,12664,3728,490,11619,1779,-675,12069,202,-3115,11316,1774,-648,11521,4227,2330,12593,4747,-134,13362,4992,-1207,12967,4505,1288,13899,4786,156,15221,4985,-1121,15573,6142,1132,15101,8143,2416,17366,5652,-557,15596,3667,-980,14506,4142,128,15787,3276,-987,14256,2388,-1317,13505,2804,615,12615,4505,1271,13480,2472,-2159,11755,976,-2803,10972,1088,828,11341,2941,-218,12591,4029,-1120,12344,4734,1370,12596,5317,1494,13621,4025,-1643,14764,4013,-847,14126,6065,2334,16185,6721,1118,16403,6556,-959,15979,4971,1070,15182,5711,389,16612,3848,-2593,15021,2001,-788,12789,2694,1461,13829,3596,114,13660,3806,-2728,12092,2055,-35,10935,1282,339,11749,889,-2886,11718,2974,-519,11683,5045,2516,12710,4959,-10,13373,4021,-1998,13729,3616,999,13525,5705,1950,16659,5589,-1134,15559,7345,-144,16336,7342,2416,16040,5112,206,15830,3520,-2050,15207,3228,-624,14226,3637,651,14042,2417,-1079,13385,3607,-1199,12857,3809,1124,11770,1755,-1100,11858,349,-3036,10985,1342,244,11302,4444,1283,12627,4490,-699
12978,4614,-78,12547,4516,1765,14270,4214,-657,15175,5194,-1389,15394,6864,1612,15936,8303,1827,17170,5888,-472,15555,3720,-11,14987,4536,354,15741,2969,-1463,14335,1995,-1464,12913,3530,540,13340,4768,979,13321,2486,-2206,11343,284,-1496,10819,334,791,11167,2404,-1160,12691,4151,-889,12083,5218,1728,12596,5460,877,14100,3952,-1663,14092,4117,-125,14642,6332,2422,16177,6768,75,16533,6963,-561,16038,5282,1880,15307,5295,277,16364,3494,-3055,14847,2131,-641,12940,3158,1697,13719,3557,-344,13781,3628,-2401,11943,2016,603,10928,618,64,11725,628,-3329,11555,3192,-204,11928,5564,2766,12703,5160,-303,13510,4167,-1873,13916,3630,1399,13348,5590,1287,16923,5482,-1102,15250,7338,443,16280,7598,2731,16508,4990,-356,15860,2892,-1813,14467,3492,202,14906,3613,-91,13939,3084,-1614,13523,2973,85,12060,3873,1059,12365,1418,-1915,12005,319,-2851,10542,1861,1133,11531,4360,752,13090,4784,-1294,12461,4753,760,12963,4417,1897,13985,3683,-1342,15130,4499,-1196,14907,6883,2186,16312,7967,1435,17231,5872,-862,15196,4729,146
15801,5130,164,15668,2540,-1594,13896,1607,-817,13130,3358,1059,13348,4759,468,13640,2585,-2745,10925,536,-1206,11197,1113,338,11426,2591,-1584,12411,3952,-54,12002,4743,2533,12193,4861,-26,14613,3478,-1865,13305,4021,352,14881,6247,2251,16413,7009,-182,16315,7650,-396,16697,5756,2372,14615,5117,-288,16779,3051,-3249,14557,2471,-373,13320,3129,2074,14069,3268,-883,13450,4187,-1845,12779,2627,225,10658,963,-600,11883,141,-3027,11005,2517,366,11571,5122,2722,12964,4754,-656,13068,4360,-1309,13768,3859,1124,13329,5044,718,16683,5524,-1096,15154,7245,1239,16299,7753,2397,16934,5282,-1151,15786,2798,-1504,14471,3879,519,15473,3123,-423,13864,3255,-1499,13724,3561,516,12138,4594,480,13121,1115,-2606,10957,233,-2544,10966,1116,1770,11052,3713,405,13025,4567,-1501,12305,4632,1078,12715,4645,1140,14157,3487,-1659,14933,4107,-329,14477,6977,2634,16723,7566,1040,17048,6258,-841,15356,5459,275,16045,5387,-816,16031,2624,-1884,13846,1982,-69,13526,3795,1586,13555,4617,-184,13932,2559,-2961,10980,484,-414,10800,518,5
11711,2055,-2134,11647,4118,441,12280,4761,2809,11721,4747,-968,14633,3063,-2032,12759,3626,1128,14663,5991,2057,16721,6718,-402,16054,7741,78,17281,6357,2383,15156,5054,-988,16655,3312,-3286,14830,3265,36,13605,3455,1854,14172,2828,-1021,13122,3903,-1338,12595,2706,380,10952,575,-1538,11751,305,-2854,10797,2994,892,11607,5107,1990,12740,4473,-911,12495,3923,-927,13407,3747,1376,13568,4195,29,16211,5457,-1015,15565,7292,2267,16328,8173,1457,17809,5721,-1459,15552,3532,-1089,15093,4346,731,15689,2975,-934,13635,3337,-1361,13758,3247,1261,12013,4591,112,13398,1099,-3260,10516,414,-2054,10969,1372,2097,10869,3425,-262,13047,4395,-1271,11963,4750,1461,12534,4457,704,14346,3140,-1918,14202,4258,257,15137,7247,2899,16831,7401,385,17209,6658,-814,15696,5785,690,15999,5544,-1067,16526,2637,-1802,13598,2145,354,13444,3799,1632,13502,4346,-929,13492,2465,-2781,10679,470,485,10805,373,-530,11785,1738,-2403,11429,4085,1110,12072,5100,2491,12250,4753,-1608,14375,3242,-1312,12992,3850,1791,14506,5713,1444,17167,6603,-945
15743,8348,444,17455,7313,2346,15863,4611,-1340,15943,3361,-2144,15050,3171,416,13620,3556,736,14312,2273,-1088,12416,3734,-769,12526,2671,638,11153,459,-2411,11653,202,-2219,10460,3105,1437,12057,4536,1127,12671,4574,-748,12744,3839,322,13288,4345,1249,14322,4145,-994,15897,5983,-666,15826,8047,2410,16361,8245,1264,17719,5217,-1041,14683,3886,-98,15931,4113,-307,15056,2407,-1558,13821,2251,-395,13060,4218,1402,13066,4250,8,12649,1244,-3341,10577,-68,-1077,10739,1458,895,11706,3252,-1198,12224,4305,511,12209,4854,2079,12560,4800,-380,15085,3517,-2191,13856,4828,887,15502,7150,2523,16569,7098,-250,16890,6479,443,15736,5819,1251,15782,5047,-2045,16542,2228,-1890,13183,2181,531,13743,3945,1801,13712,4346,-1440,13419,2588,-1984,10799,729,825,10921,73,-1718,11763,1732,-2383,11283,4240,1805,12127,5242,2348,12671,4423,-1817,13792,3199,-1274,13351,4070,1995,14512,5575,614,17309,6545,-1004,15120,8204,1858,17636,6976,1946,15891,4425,-2088,15876,2748,-1757,14523,3816,625,14508,3522,-82,14043,2786,-784,12507,3526,149
12341,2709,-3,11637,178,-3099,11248,219,-1835,10539,3253,2274,12095,4380,390,12973,4683,-1017,12163,3933,983,13437,4566,685,14519,4151,-1716,15294,5547,107,15729,7862,3297,16480,7726,457,17786,5028,-1325,14350,4672,-119,16300,4272,-759,15196,2674,-1376,13506,2123,374,13245,4080,1824,13032,3697,-772,12802,1358,-3927,10510,286,-243,10778,1876,304,12094,2838,-1101,11514,4672,1150,12699,4944,1703,12248,4767,-1129,15326,3217,-1956,13210,4856,1506,15868,6829,2368,16752,7119,-364,16656,6777,444,16147,6113,1361,15708,5215,-2898,16717,2300,-1978,13042,2304,1369,13508,3284,1582,13898,3846,-1819,12793,2864,-1680,11197,1392,354,11069,264,-2253,11731,1773,-1895,11138,3867,2612,11931,5271,1777,13141,4435,-2277,13440,3772,-833,13572,4393,1920,14548,5409,-157,17242,6306,-577,15183,8188,2520,17370,7051,1049,16302,4445,-2225,15529,2672,-1198,14398,4875,899,15229,2777,-170,12893,2646,-1403,12879,2691,539,11805,3222,-465,12610,548,-3254,10572,606,-1138,10845,3176,2173,11796,4073,-109,13139,4807,-889,12384,4287,1317,13430,4328,400
9,4213,-1481,15098,6061,446,16084,8072,2769,16604,7307,-25,16846,5027,-814,15040,5270,-76,16206,4151,-1148,14904,1786,-1063,12884,2064,368,13380,4469,1383,13272,3832,-1435,12587,1614,-2705,10457,621,42,11180,1479,-468,11904,2830,-1196,11714,4231,1516,12549,4927,1445,12678,4473,-1672,15196,3574,-1330,13225,5521,1986,16000,6472,1666,16669,7122,-814,16456,6349,1399,15814,5809,1369,15631,4622,-2980,16403,2443,-2003,13433,2511,1965,13223,3324,951,14359,3653,-1921,12638,3365,-1083,11493,1562,488,11054,104,-2643,11684,1225,-1755,11264,3696,2808,12051,5138,1197,13372,4485,-2406,13056,3895,27,13803,4589,1968,14658,5038,-508,16452,5963,-158,15226,8081,2415,16995,6866,584,16682,4608,-2215,14882,3454,-565,15105,4155,1154,15212,2532,-543,13124,3025,-1347,13223,3250,856,11994,3298,-936,12889,677,-3432,10486,597,-242,10986,2907,1976,11922,3779,-892,12798,5007,-619,12311,4551,1505,12953,4095,108,15123,3422,-1215,14159,5491,1021,16094,7685,2277,16877,7290,-536,16758,5410,-421,15364,5843,365,16425,4203,-1450,15400,1911,-1067
12985,2294,931,13644,4211,1133,13371,3584,-1846,12386,1851,-2182,10949,950,403,11056,1542,-1114,12115,2958,-1447,11264,4378,2158,12412,4692,1422,12576,3792,-2070,14531,2901,-517,13033,5220,2129,15850,6312,730,16544,7458,-1139,16501,6677,1985,16069,5971,1392,16264,4753,-2838,16243,3109,-1834,13977,3032,1907,13535,3148,320,14439,3521,-1851,12473,3451,-267,11591,1677,57,11180,216,-2981,11269,1498,-1455,11269,3817,2693,11889,4272,743,13007,4006,-1795,12697,3876,489,13753,4767,1179,14872,5008,-820,16045,5996,421,15590,8195,2734,17269,6815,-48,16967,4742,-2056,14849,3714,-37,15417,4554,433,15508,2623,-1205,12754,2901,-586,13375,3309,1073,11685,3439,-1636,13286,907,-3269,9785,813,418,11105,2373,1711,11650,3249,-1180,12411,4532,-5,12382,4845,1392,12984,4155,-561,15048,3570,-1087,14084,6103,1862,16605,7442,1859,16794,7019,-912,16439,5516,-165,16014,6346,363,16275,4447,-1596,15679,1668,-912,12456,2525,1184,14046,3843,544,13381,3782,-2346,11832,1887,-1377,11087,807,792,10745,1161,-1885,11984,2358,-1275,11115,4263,2377
12165,5096,592,13256,4093,-2104,14046,3570,407,13484,5366,2016,16305,5877,-89,16506,7397,-815,16426,7474,2023,16432,5583,1303,16024,4396,-2455,15974,3381,-1730,14313,3731,1361,13502,2554,-347,13864,3118,-1712,12318,3210,813,11637,1576,-253,11359,7,-3079,10737,1403,-1250,11582,4039,1978,11685,4714,313,13543,4237,-928,12404,4218,1311,14195,4502,371,15114,5148,-1564,15827,6674,681,16017,8382,2506,16895,6932,-79,17000,3831,-1206,14374,3764,584,15497,4241,-422,15541,2654,-2219,12371,2985,0,13492,3290,1709,11634,2693,-1741,13114,370,-2910,9706,943,347,11162,2801,724,12335,3806,-1456,11943,4842,604,12979,4706,1845,12967,3921,-951,15378,3674,-1247,13854,6867,1855,16927,7445,1418,16688,6903,-603,15858,5275,664,15981,5871,22,16076,3928,-2003,15228,1490,-1000,12478,2920,1577,14149,3611,438,13566,3500,-2578,11732,1614,-753,11231,1021,324,10979,1471,-2413,12305,3192,-474,11388,4587,2792,12295,4745,95,13584,3753,-2312,13811,3692,594,13535,5594,1853,16207,6014,-134,16443,7345,-279,16190,7457,2357,16469,5048,446
15728,4160,-2776,15807,3330,-1180,14062,3590,1772,13819,2447,-441,13868,3305,-1426,12427,3547,675,11703,1631,-1144,11755,286,-3032,10728,1762,-225,11581,3989,2162,12010,3992,-57,13113,3961,-1001,12493,4478,999,14060,4592,-46,15392,4994,-859,15205,6572,1567,16154,8244,2223,17278,6753,-932,16475,3883,-755,14242,4467,387,15739,3700,-935,15042,2498,-1375,12678,2791,836,13154,3880,661,12681,2201,-2348,11957,905,-2399,10554,812,1008,11202,2766,-143,12628,3502,-1367,11860,4685,1759,12745,5006,783,13596,3738,-1711,14479,4003,-211,14515,6690,2663,16513,7046,602,16504,6881,-901,15883,5624,1237,15854,5903,5,16385,3644,-2235,14885,1483,-319,12587,2970,1621,14183,3476,-217,13419,3520,-2798,12096,1595,84,10891,1117,209,11610,1015,-2762,11678,3014,-21,11490,4858,2547,12401,4971,-620,13700,4344,-2150,13697,3828,1103,13460,5615,1723,16568,5768,-637,15927,7373,236,16223,7538,2441,16481,4633,-313,15565,3783,-2383,15561,3655,-425,14314,3716,991,14071,1972,-727,13164,2824,-1029,12560,3361,980,11878,1512,-1922,11786,764,-2886
10984,2075,489,11351,4184,1464,12684,4082,-403,12679,4502,-497,12998,4981,1067,14094,4684,-777,15539,4810,-668,15001,6493,2392,16662,7488,1675,16863,6017,-921,15812,4211,-581,14997,5355,-51,15837,3474,-993,14302,1751,-638,12580,2636,1015,13069,3865,147,13037,2400,-2908,11394,1069,-1330,10916,1161,920,11509,2725,-956,12751,3760,-325,11735,5050,1825,12900,5334,-125,14254,3911,-2035,14114,4313,632,14851,6736,2820,16221,6815,-65,16752,6496,-871,15354,5715,1785,15811,5491,-516,16419,3791,-2529,14470,1822,60,12860,3196,1870,13714,2661,-901,13386,2686,-2487,11747,1701,457,10978,1455,-470,12248,1221,-2752,11230,3764,386,12315,5140,2503,12373,5183,-893,13944,4382,-2095,13681,4446,1244,13892,5899,1272,16783,6059,-785,15474,7270,1033,16087,7123,2156,16315,4042,-661,14919,3637,-1960,15385,3486,52,14133,3432,592,13804,2001,-1155,12961,3055,-862,12664,3532,809,12135,1427,-2265,11830,737,-1992,10896,2283,938,12013,4147,897,13082,4399,-711,12728,4997,-178,13370,5525,797,14583,4881,-1071,15295,5283,-13,15010,6899,2706
15997,6621,893,16497,5176,-860,15038,4123,-426,15100,4870,123,15610,3030,-1115,14137,2110,-688,12667,3135,1175,13230,4144,-830,13244,2296,-2810,11565,760,-68,10860,1300,577,11997,2334,-1351,12814,4187,-258,12126,5805,1504,13484,5445,-500,14085,4295,-1997,14139,4420,1383,14617,6747,2718,16239,6298,-556,15916,6086,-331,15531,5380,1743,15201,4655,-474,16027,3352,-2663,14464,1998,415,13031,3313,1851,13925,2871,-1496,13489,3340,-2150,11961,2193,773,11393,1229,-617,12212,944,-2784,11611,3205,691,12146,5530,2150,13135,5030,-1308,13677,4580,-1394,13414,4509,1764,13996,5069,685,16125,6034,-681,15431,6796,1252,15449,7001,1852,16615,3729,-1039,14628,3554,-1221,15384,3738,360,14453,2818,201,13997,2213,-1372,13266,3575,-109,12973,4080,792,12592,1460,-2854,11805,618,-1667,10949,2427,1010,12284,4103,36,12744,4581,-682,12684,4743,623,12838,4983,740,14611,3936,-1193,14599,4711,406,14943,7075,2441,16133,6492,403,16340,5641,-889,15480,4288,589,14910,5093,-511,16053,2241,-1129,13753,2074,-255,13208,3377,1435,13659,4030,-1203
13339,4810,-735,12477,4735,1780,13354,4844,424,15054,4286,-1822,14567,5898,466,15711,7251,2504,15796,5932,53,16227,4762,-455,15005,5312,309,15723,4399,-422,15055,1602,-1477,12811,1920,-325,13593,3510,1398,12948,3729,-1468,13410,1715,-2116,10580,1388,179,11493,2306,-770,12564,2928,-1243,11986,4472,1165,12769,4895,1464,12741,4801,-1415,15183,4271,-1243,13593,5854,1915,15370,6320,1357,16351,6288,-842,15546,5577,1228,15517,5307,1523,15361,4112,-1993,16163,3283,-2406,13772,2836,1460,13254,2847,678,13942,2578,-2004,12674,3275,-798,12048,2513,669,11305,1144,-2168,12295,1702,-2067,11216,3991,1684,12567,4761,1519,13324,4873,-1757,13495,4636,-277,14059,5543,1554,14681,5844,-422,16664,5686,-159,14590,6903,2363,16270,5521,863,16160,3735,-1348,14401,3742,-651,15292,4282,-39,14468,2565,-816,13177,2120,-837,13107,3215,943,12366,3196,-384,12937,1051,-2910,10756,1518,-706,11644,3228,942,12516,3716,-763,12802,4725,-75,12873,5143,1448,13328,5073,-396,15176,4684,-1427,14672,6004,1231,15537,6725,2071,15926,5315,85,15955,5106,-226
15309,5381,234,15418,4153,-620,15265,1677,-1640,12902,2277,299,13451,3372,1177,13021,3229,-2115,12971,1869,-1333,11134,1815,290,11566,1991,-1191,12572,2963,-1270,11939,4551,1465,12740,5097,1179,13156,4485,-1597,14721,4244,-827,13837,6048,2231,15465,6576,366,16316,6471,-622,15294,5613,1757,15531,5093,1316,15362,3568,-1989,15352,3227,-2003,14071,3325,1162,13304,2720,167,13861,2628,-1949,12813,3168,-87,11948,2450,583,11778,1029,-2399,11831,2004,-1738,11778,4196,1794,12455,4477,989,13639,4796,-1552,13211,5011,318,14158,5819,718,14895,5759,-736,16001,5954,444,14923,6641,2411,16089,4987,686,15988,3508,-1294,14370,4158,-525,15182,4474,-244,14696,2311,-900,12850,2188,-325,13106,3458,1060,12566,2655,-1033,12677,1210,-2499,10793,1406,-182,11815,3440,411,12869,3785,-709,12758,5050,362,13262,5752,1131,13522,5297,-1124,15273,4759,-845,14195,6134,2075,15628,6177,1782,15626,5281,-309,15701,5143,43,15343,5704,-10,15084,4093,-1176,15536,1729,-1334,12597,2559,1103,13555,3049,761,13332,2853,-2462,12531,1883,-1040,11486,1781,284
11465,1914,-1411,12994,3112,-1170,11937,5044,1725,12799,5474,571,13745,4961,-2049,14192,4625,-172,13963,5822,2522,15457,5906,212,15947,6009,-448,15500,5767,1922,15335,5088,555,15688,3314,-1931,14680,3418,-1277,14507,3839,1131,13629,2060,-255,13360,2339,-1735,12793,3000,340,12196,2696,-152,12365,1263,-2668,11485,2375,-1003,12122,4490,1687,12509,4613,390,13640,4999,-1323,13085,5245,1012,14068,5234,323,15097,5111,-875,15519,5878,842,15021,6738,2195,16211,4876,133,15414,4267,-929,14855,4693,-163,15160,3654,-12,14370,1546,-1302,12878,2166,-502,13390,4254,884,12958,3053,-1503,12860,1568,-1802,10722,1813,-11,12308,2790,-75,12376,3596,-668,12476,4542,723,12979,5502,1194,13528,4886,-1420,15209,4607,-570,13998,6597,2020,15918,6235,857,15605,5545,-378,15529,4927,1005,15249,5525,627,15393,3659,-1911,15286,1795,-1307,12960,2915,1094,13665,3247,198,13612,3209,-2389,12702,2329,-196,11343,1682,568,11729,1202,-2314,12598,2498,-1343,11882,4746,2210,12563,5251,670,13863,5222,-2058,13972,4788,347,13724,6002,1998,15690,5628,-708
15615,5886,-157,15104,6121,2460,15822,5022,625,15834,2842,-1968,14350,2922,-484,14706,4564,351,14651,2777,-1818,13083,2236,-414,12662,2755,959,12294,2909,-773,13019,1319,-3003,10979,2027,-377,11650,3998,1453,13041,4254,-697,12805,5225,-587,13299,5002,1932,13519,5005,-132,15400,4901,-1622,14724,6087,1233,15601,6553,2320,16031,4829,-310,15468,4041,-529,15118,5215,122,15535,3861,-966,14675,1584,-1476,12704,2125,400,13572,4114,1115,13341,3336,-1876,12359,1980,-1754,11077,2112,37,12036,2652,-1058,12500,3086,-790,12042,4111,1813,12551,5092,925,13817,4322,-1853,14333,4775,-422,14409,6512,1833,15703,6255,671,16123,5604,-484,15517,5053,1727,15380,5612,854,15885,3946,-2944,15391,2662,-1134,13273,3092,1465,13627,2876,-19,13771,3110,-2068,12566,2470,128,11198,1906,156,11985,1118,-3117,11970,2512,-1134,11946,4304,2592,12217,4766,620,13904,4738,-2005,13498,4527,634,13733,6014,1458,16144,5897,-1139,15592,6069,338,15210,6750,2768,16221,5384,-36,15874,3403,-1818,14632,2635,58,14155,5431,337,16092,2244,-1573,11542,2546,-917
13353,1820,1151,11364,2617,-1207,13406,1192,-2619,10546,2479,69,11612,3697,1047,12776,3989,-961,12845,5123,-438,13503,5329,1659,13646,4682,-330,15332,5362,-1144,14887,6568,1602,15760,6872,1660,16261,4779,-307,15185,4073,-187,15268,5225,338,15604,3682,-1424,14607,1839,-1320,12521,2386,875,13430,3509,460,13351,2534,-2210,11814,1619,-615,11286,2076,163,11849,2866,-1649,12860,3496,-753,11797,4974,1795,13022,5356,722,14024,4456,-2063,14072,4798,320,14485,6432,2144,15644,5933,-25,16019,5709,-313,15657,5175,1983,14960,4992,681,16043,3895,-2782,14981,3443,-1271,13712,3176,1682,13057,2609,-637,13973,2740,-1821,12233,2633,572,11361,1689,-103,12255,1285,-3134,11616,2879,-833,12292,4880,2470,12467,4907,18,14094,4674,-1636,13364,4824,1096,13912,5656,934,16074,5796,-968,15332,6029,892,15091,6770,2504,16497,4945,-387,15425,3291,-1556,14359,3766,512,14715,4370,-252,14961,2422,-2050,12278,2271,229,12885,2862,932,12369,2259,-1678,12657,1370,-2623,10804,2050,723,11574,3583,591,13513,4006,-1246,12268,5137,305,13499,5376,1604
13801,4913,-1053,15362,5218,-846,14820,6677,2090,15512,6204,1570,16313,4746,-642,15157,4835,30,15232,5316,259,15542,3134,-1117,14351,1715,-1082,12795,2447,1095,13353,3675,-185,13614,2792,-2482,11855,1669,-164,11409,2054,62,11952,1994,-1904,12662,3387,-390,11761,5241,1867,13209,5119,-83,13818,4550,-1892,14032,4734,924,14427,6365,1965,15934,6106,-554,15841,5908,23,15468,5623,2122,15221,4239,400,15731,3479,-2633,15011,3161,-775,13834,3253,1544,13405,2645,-1302,13845,3147,-1395,12346,3069,900,11814,1417,-585,12064,1009,-3009,11532,2569,-406,12109,4791,1997,12732,4717,-453,13681,4583,-828,12827,5067,1423,14493,4945,98,15356,5928,-1133,15473,6078,1290,14956,6867,2204,16959,4651,-520,14908,3046,-761,14595,4247,225,15239,4056,-1116,14785,2405,-1501,12544,2777,885,12864,3637,876,12978,1993,-2032,12075,1235,-2093,10898,1964,646,11870,3392,-477,12930,4271,-1037,12522,4662,1418,12731,5301,1054,14163,4163,-1685,14787,4900,-193,14616,6962,2333,16209,6339,662,16003,5530,-373,15356,4763,810,15311,5612,-202,16059,3531,-1987
14238,1664,-448,12613,2967,1481,13750,3179,-534,13482,2765,-2533,11700,1608,373,11273,1918,-422,12289,1974,-2372,12178,3710,158,11845,5227,2121,13021,4711,-423,13679,4269,-2014,13818,4355,1386,14035,6363,1547,16523,6266,-767,15489,6813,237,15984,6113,2405,15336,4341,-282,15777,3287,-2380,14787,3293,-410,13909,2908,1216,13494,2368,-1271,13537,3205,-989,12548,3200,746,11602,1336,-1355,12165,922,-2674,11207,2817,251,12089,4995,1550,13133,4554,-630,12918,4773,-487,13419,5021,1055,14136,4883,-675,15685,5704,-594,15161,6683,1985,15505,6930,1611,16781,4546,-740,14599,3521,-696,15191,4379,-29,15123,3258,-909,14283,2129,-1075,12599,3336,972,13295,4073,-23,12956,1900,-2466,11433,709,-1313,11107,1853,618,11858,3415,-794,13218,4589,-396,12223,5279,1525,13065,5303,-18,14703,3978,-1900,14206,4807,818,15087,6792,2631,15778,6338,167,16320,5627,-209,15264,5427,975,15244,4875,-882,16045,2734,-2022,13874,1966,26,13145,3506,1798,13736,3505,-1054,13451,3108,-2568,11934,1273,517,10942,1341,-679,12355,1487,-2271,11914,3893,679
12238,5496,2276,12911,5010,-1193,14066,4277,-1919,13590,4408,1608,14018,5990,1115,16712,6080,-381,15127,6906,1091,16271,6397,2116,15631,3924,-1053,15229,3230,-2151,14927,3879,80,14028,3391,884,13819,2098,-1119,12926,3026,-562,12768,2965,478,11755,1104,-2200,11980,964,-2267,11337,2779,872,11948,4753,1350,13487,4705,-822,12799,4988,-238,13403,5255,887,14545,4491,-1052,15179,5536,19,15352,6869,2642,15666,6858,1174,16723,4779,-1104,14635,3828,-366,15131,4442,-97,15151,2479,-972,13958,1698,-516,12771,3335,1078,13262,4326,-706,13504,2088,-2721,11012,1039,-544,11243,1636,552,12105,2794,-922,12648,4666,27,12594,5320,1386,12651,5512,-604,14870,3769,-1899,13837,5037,1453,14924,6767,2480,16200,6215,-363,15825,5969,87,15603,5354,1287,15072,4603,-955,16107,2596,-2443,14063,1599,717,12809,3615,1555,14302,3358,-1698,13121,3566,-2015,12026,1950,867,11182,1216,-1049,12272,1387,-2452,11844,3426,1084,11888,5738,2102,13521,5013,-1570,13505,4618,-1274,13786,4507,1884,13844,5527,482,16624,5973,-651,14990,7240,1427,16039,6849,2060
16026,3657,-1280,14585,2820,-1491,15237,3786,221,14367,3115,-36,13870,2415,-1093,12998,3673,214,12790,3478,362,12366,861,-2533,11361,737,-1909,11318,2656,1014,12118,4514,680,13256,5016,-786,12670,4965,754,13083,5189,493,15003,4186,-1692,14725,5399,293,15291,6896,2808,15789,6715,719,16728,5103,-663,14745,4103,-77,15119,4720,-780,15596,2404,-1709,13564,1909,179,12953,3510,1767,13252,3900,-1041,13313,1993,-2912,11232,1030,-237,10988,1858,-271,12493,2768,-1384,12076,4865,859,12772,5346,1919,12739,4841,-1032,14717,3726,-2344,13707,4858,1528,15010,6782,2116,16541,6476,-97,15616,6334,532,15741,5419,1778,15303,4398,-1885,15833,3098,-2957,14254,2132,1074,12675,3537,1836,14625,2810,-1436,12692,3201,-1431,12200,1832,364,11168,1267,-2249,12433,1631,-2380,11559,3691,1973,11737,5439,2267,13837,4483,-1585,12865,4490,-1295,14037,4723,1282,14114,5731,-279,16715,6209,-245,14866,7303,2618,16233,6744,1469,16434,3480,-1634,14300,3241,-1575,15411,3981,85,14356,2619,22,13681,2157,-634,13149,3693,512,12682,3463,-277,12638,940,-3360
0,1034,-1395,11520,2756,1551,12102,3893,342,13041,4665,-451,12859,4819,886,12998,5296,-431,15251,4423,-1777,14438,5729,1015,15568,6945,3203,15793,6138,229,16325,5218,-758,15292,4822,-338,14990,4499,-977,15744,1809,-1049,13153,1913,479,13380,3514,1645,13336,4106,-2203,13274,2328,-2682,11192,1124,310,11073,1713,-357,12714,2314,-1085,11693,4513,1209,12633,5398,1280,13036,4954,-1864,14352,4100,-1699,13725,5004,2324,15060,6308,1843,16584,6374,-546,15352,6413,898,16021,5572,1270,15306,3979,-1893,15889,3026,-2530,14212,2676,1527,13127,3075,1293,14271,2968,-1839,12904,3473,-1042,12127,2422,448,11477,765,-2261,12007,1557,-2088,11538,3757,2070,11894,5381,1395,13850,4688,-1812,12719,4349,-343,14056,4437,1490,14056,5121,-660,16583,5949,45,14859,7912,2355,16452,6529,1087,16530,3749,-1667,14201,3628,-796,15741,4015,112,14337,2387,-244,13591,2494,-839,13061,3983,1048,12706,2896,-585,12643,699,-3316,10761,825,-764,11550,3231,996,12198,4063,-290,12739,4936,-59,12832,4784,1243,12858,4653,-669,15298,3820,-1541,14101,5915,1327
15930,7166,2766,16013,6726,-160,16425,5314,-171,15243,5025,57,15149,3917,-1193,15597,2152,-1475,13208,2256,961,13172,3739,1562,13585,3423,-2497,12812,1886,-2075,11168,908,642,11148,1585,-1067,12777,2671,-1178,11553,4992,1778,12814,5712,1125,13117,4578,-2175,14461,3587,-1167,13345,5479,2350,15476,6345,1061,16417,6924,-380,15490,6622,1528,16281,5129,978,15259,3288,-2105,15541,2827,-1860,14281,3662,1287,13558,2732,891,13700,3044,-2013,12856,3193,-530,12142,2154,-23,11457,378,-2337,11556,1636,-1247,11836,4347,2081,12104,5648,720,14130,4824,-1828,12353,4533,273,14250,4294,918,14438,4964,-725,16045,5952,1057,15096,7904,2351,16461,6286,192,16524,3797,-1496,14071,4100,-495,15735,3868,243,14388,1910,-445,13181,2457,-592,13130,4510,844,12853,2824,-1579,12448,733,-2832,10554,927,137,11744,3115,930,12470,4015,-433,12768,5040,-128,12852,5169,1036,13017,4464,-1290,15319,4027,-945,14073,6083,2222,15821,7121,2142,16161,6670,-748,16025,5189,-120,15182,5102,361,15294,3522,-1432,15401,1993,-1016,13316,2568,1280,13208,4037,767
13662,3369,-3093,12811,1773,-1413,10772,1035,1120,11514,920,-1473,12340,2809,-1118,11864,5282,1747,12918,5699,522,13374,4624,-2253,14182,3710,-417,13640,5937,2603,15575,6232,434,16298,6931,-393,15185,6784,1665,16377,4872,584,15060,2616,-1850,14894,2768,-944,14582,4161,965,13959,3137,-348,13815,2855,-1586,12363,2893,18,12413,1876,-284,11829,745,-2619,11419,1666,-486,11777,4589,1777,12580,5296,-383,13789,4970,-1475,12638,4814,1116,14041,4584,442,14877,5035,-936,15439,6142,1375,15659,7425,2216,15908,5366,-459,16188,3535,-1115,14175,4627,-119,15951,3751,-26,14217,1826,-709,13092,2456,-245,13358,4557,647,13066,2984,-2065,12377,1082,-2114,10917,1427,515,11845,2815,135,12548,3926,-736,12454,4832,279,12977,5274,938,12999,4271,-1564,15059,4109,-381,13861,6209,2655,15947,6744,1425,16114,6641,-1322,15836,4831,537,14984,4915,671,15455,3673,-1785,15697,2457,-965,13200,2757,1901,13381,3738,-120,14001,3533,-3065,12509,2467,-1061,11503,1247,1325,11340,853,-1865,12476,2495,-1287,11629,5140,2040,12765,5440,125,13507,4562,-2341
13725,3527,388,13447,5522,2553,15571,5854,-439,16178,6803,-330,15226,7380,1753,16309,4963,454,15585,2910,-1786,14568,3124,-298,15035,3767,853,13934,2888,-978,13755,2716,-1221,12593,3459,473,12273,2280,-693,12465,656,-2998,10724,1616,251,11849,4161,1368,12528,4729,-919,13174,4663,-808,12664,4646,1519,13742,4652,-102,15278,4590,-1145,14747,6493,1984,15941,7370,2204,16311,5729,-819,15832,4276,-746,14980,4935,5,15755,3447,-476,14535,1556,-818,12920,2705,414,13728,4529,802,13136,3001,-2469,12411,1010,-1788,10822,1424,433,11919,2485,-545,12420,3816,-669,12040,4715,1130,12893,5172,741,13117,4149,-1995,14683,3434,-60,13677,5812,2753,15985,6428,903,16399,7208,-1160,16138,5793,1307,15344,5531,185,15765,3812,-2514,15570,2134,-745,13212,2740,2233,13605,3069,-154,14166,3366,-2691,12129,3118,-580,11883,1857,256,11565,980,-2549,11841,2412,-562,11392,4635,2900,12533,4841,19,13321,4355,-2500,13287,3518,785,13321,5048,1779,15920,5564,-903,15820,6853,601,15734,7898,2320,16784,5232,-45,15704,3231,-1998,14548,3326,-59
15200,3795,503,14227,2763,-993,13459,3024,-631,12901,4046,642,12315,2668,-1622,12505,537,-3137,10475,1114,962,11319,3481,1145,12819,4064,-851,12472,4882,-296,12968,4671,1332,13405,4417,-904,15402,4318,-913,14389,6476,2465,16274,7411,1872,16720,6277,-969,15796,4854,-321,15327,5552,-226,16045,3076,-1076,14532,1627,-618,12945,2805,1218,13668,4501,346,13291,3003,-3239,11886,1065,-1246,11086,1075,610,11255,1747,-1137,12333,3255,-48,11821,4952,1657,12839,5384,-75,13652,4246,-2483,14058,4041,161,14183,5940,3089,16164,6282,668,16378,6923,-704,16269,6026,1621,15517,5354,-341,16065,3894,-2810,15416,2747,-540,13399,2977,2519,13326,2382,-454,13893,3240,-2345,12081,2933,-167,11326,1628,-417,11836,529,-2620,11378,2343,-54,11733,4880,2779,12697,5131,-404,13587,4960,-2091,13268,4159,940,13616,4957,1025,15979,5312,-706,15739,6708,1232,15761,8050,2010,16932,5128,-544,15382,3922,-1790,15224,4041,-16,14945,3095,304,13921,1721,-692,12988,2580,-521,12782,4147,879,12492,2386,-2358,12110,916,-2858,10641,1375,1144,11449,3567,642
12817,4033,-520,12434,5154,149,13255,5166,943,13812,4350,-1507,15498,4448,-342,14677,6801,2472,16215,7040,1653,16496,6326,-869,16013,5158,-124,15040,5554,-577,15929,2196,-882,13734,1474,-868,12980,2564,1721,13178,4065,-259,13362,2773,-2920,11776,1600,-833,11070,1580,-46,11697,1860,-1232,12133,3378,492,12093,5054,1923,12924,5212,-429,14180,4430,-2447,14085,4635,521,14651,6447,2289,16244,6561,27,16053,6774,247,15976,5819,2131,15120,4663,-616,16028,3324,-2997,14596,3002,-401,13498,2859,2194,13330,2168,-884,13629,3194,-1599,12215,2850,198,11489,1668,-1011,11898,655,-2788,11399,2690,343,11761,4894,2720,13194,4787,-610,13435,5311,-1790,13884,5272,584,14028,5602,477,16168,5875,-232,15398,6396,1845,15548,6979,2178,16497,4136,-1126,14851,3560,-1849,15075,4335,-165,14814,2786,283,13681,1614,-574,12952,2770,154,12992,3967,465,12495,2152,-2794,12101,1179,-2152,11010,2095,1198,11872,3420,338,13023,4302,-306,12611,5374,359,13267,5659,89,14408,4628,-1641,14880,4953,464,14954,6363,3094,15553,5921,955,16242,5657,-831
15792,5187,-356,14681,5437,-555,16088,2130,-976,13690,1683,-65,13195,2763,1893,13525,3845,-1091,13361,3176,-3119,12055,1823,-262,11186,2008,-159,12180,1654,-1346,11925,3330,733,12194,5251,1647,13140,4927,-945,13998,4636,-2285,13873,4325,1457,14353,6036,2078,16321,5961,-360,15687,6680,406,15788,6155,1744,15326,4621,-1027,15896,3437,-2294,14527,3077,277,13885,2493,1704,13574,2292,-1397,13601,3446,-1395,12459,3763,337,11918,1879,-1650,12151,1020,-2558,11204,2254,1176,11716,4060,2036,13015,4249,-1124,13174,4710,-943,13447,5414,1319,13997,4967,-389,16121,5665,-431,15027,6782,2401,15730,7187,1273,16735,4669,-941,14693,4364,-1233,15543,4199,26,14727,1870,28,13667,1384,-1048,13340,3415,570,13279,4620,189,12833,2512,-2998,11811,1106,-1676,11038,1903,991,11891,2525,-194,12457,3896,-191,12487,4820,970,12631,5869,-187,14885,4489,-1787,14108,4879,821,15110,6238,3069,15797,6082,29,16263,5829,-253,15838,5463,448,14945,5395,-1155,16551,2446,-1703,13633,1660,434,13149,2898,1991,13826,3449,-1392,13310,3410,-2591,11973,2164,206
16748,5972,-393,14944,6816,2036,16374,5952,1595,15560,4159,-1808,15485,3517,-2238,14602,3995,434,13816,2277,954,13530,1778,-1169,12628,3135,-56,12611,3177,13,11801,1324,-2788,11698,1004,-1895,11261,3218,1697,12242,4451,1034,13548,5003,-920,12909,5450,171,13833,5622,106,14655,4755,-1114,15433,5364,782,15407,6612,2830,15529,6020,907,16768,5069,-1177,14709,5226,-1041,15574,4073,-7,14558,1236,-644,13001,1563,-100,13363,3662,1237,12707,4102,-1342,13274,1942,-2817,10892,1342,-557,11583,1910,300,12385,2601,-243,12295,5016,644,13039,5776,985,13006,5696,-1486,15350,4325,-1561,13791,4961,2107,15194,5984,2017,15918,5993,-206,15829,6080,584,15741,6027,553,14978,4326,-1833,16105,1700,-1508,12799,1941,1368,13694,2925,1307,13268,3693,-2293,13279,3010,-1407,11714,2161,85,11368,787,-1833,12347,1347,-1392,11497,4334,2126,12690,5915,1451,13795,5353,-2152,13653,4628,-898,14089,5017,1579,14521,5275,174,16425,5803,88,14735,7062,2532,16479,5605,1182,15266,3728,-2060,15156,3273,-1844,14498,4021,556,13865,1815,469,13439,2244,-973
12997,3708,546,12797,3421,-752,12215,1084,-3094,11396,930,-1405,11441,3367,1829,12455,4438,976,13728,5049,-653,12698,5449,234,13930,5309,-712,14895,4568,-1404,14843,5280,1734,15391,6717,2935,15579,5846,496,16490,5225,-1276,14540,5339,-1120,15414,3495,-360,14518,953,-679,13019,1705,638,13509,3961,1292,12959,3986,-2294,13258,2337,-2809,11002,1724,-334,11479,1598,239,12513,2212,-77,11998,5001,972,13413,5786,655,12977,5831,-2216,15301,4521,-1377,13780,5410,2607,15207,5854,1874,15994,6001,-309,15601,5604,904,15323,6289,191,15448,4220,-2737,15533,2005,-1078,13278,1572,2118,13113,2601,886,14153,3339,-2405,12754,3637,-1121,11975,2632,-94,11818,1024,-2602,11988,1333,-839,11601,4175,2709,12688,5468,1135,13911,5428,-2620,13574,5112,-502,13898,5451,1409,15084,5015,-120,15874,5907,542,14895,6928,2502,16202,5412,605,15375,3757,-2206,14829,3238,-1224,14550,3829,628,14449,1506,-44,12921,2484,-830,13316,4170,729,12655,3773,-1264,12528,1291,-3011,11142,864,-499,11348,3184,1372,12822,4132,38,13432,5261,-352,12783,5915,610
15064,925,-1168,12565,2502,1063,13773,4180,430,13512,3781,-2419,12624,2261,-884,11160,1743,312,11773,1116,-1490,12730,2699,-784,11936,5544,1672,13112,6044,490,13639,5289,-1998,14328,4093,70,13665,5259,2504,15454,5292,-44,15898,6282,-263,15406,5933,1950,15271,5319,943,15956,3891,-2386,15143,2979,-1457,13885,2610,1507,13221,2566,-644,14124,3312,-1581,12710,3902,711,12048,2137,-330,11946,505,-2969,11581,1323,-1067,11813,4674,2072,12867,5063,303,13683,5399,-1082,13091,5121,1172,14008,4832,-15,15307,4962,-1124,15266,5765,843,15089,7361,2419,16540,5378,277,15480,3653,-870,14375,4266,-230,15377,3420,-693,14429,1740,-1458,12713,2788,81,13198,4602,1128,13018,3054,-1743,12554,1142,-2346,10755,646,158,11714,2549,-116,12970,4421,-850,12667,5633,1119,12989,6066,1252,13889,4560,-1717,14889,4192,-632,14418,6036,2063,15519,6207,1081,16155,5662,-240,15373,5503,1053,15501,5636,198,15479,3192,-2359,14995,898,-1238,12370,2950,1458,13990,3736,266,13599,3645,-2229,12175,2076,-415,11334,1408,-340,11667,946,-2391,12471,2955,-416
11958,5699,2376,13160,5594,554,13511,4865,-2139,14047,3791,168,13612,5549,1460,15820,5631,-521,15699,6720,555,15520,6462,2698,15567,4756,345,15784,3686,-2695,15080,2855,-1392,13946,2763,1259,13459,2366,-525,13820,3486,-702,12776,4069,811,12122,1736,-1522,11858,285,-3268,11155,1527,-433,11910,4639,2087,13108,5028,25,13129,5362,-530,13337,5169,876,13941,4837,-818,15570,4730,-930,14781,6047,1915,15566,7180,2122,16768,5208,-50,14859,4553,-1027,15262,4819,-540,15210,2663,-798,14062,1207,-832,12906,2794,915,13452,4876,733,13152,3166,-2493,12283,1243,-2014,10671,899,178,11808,2217,-327,12798,4433,-422,12403,5771,1498,13103,5907,505,13894,4418,-2177,14612,3813,65,14374,5982,2368,15689,6074,772,16352,6255,-413,15220,6071,1600,15740,5884,-538,15875,3072,-2528,14637,593,-536,12420,2785,2011,14084,3390,-351,13628,4052,-2170,12199,2788,-49,11430,1520,-819,11855,336,-2583,11739,2492,57,11949,5602,2534,12945,5754,-71,13968,5113,-2041,13878,4237,901,13759,5132,935,16081,5418,-962,15534,6861,959,15617,7295,2760
16158,4559,61,15013,3701,-2145,15296,2987,-980,13988,2747,266,13697,1896,-757,13239,3493,-179,13014,4271,1406,12251,1814,-2162,12038,294,-3123,10989,1441,-46,11835,4309,1277,13189,5023,251,12944,5576,319,13443,5722,1049,14357,4878,-1705,15461,4476,-898,14391,6084,2203,15791,6726,2019,16718,5493,105,14952,4432,-44,15155,5281,-802,15422,2584,-1833,14076,1173,-1008,12672,2940,1619,13469,4618,777,13516,3019,-2428,11577,1406,-1545,11137,849,-211,11621,2146,-1240,12847,4078,80,12385,5732,2436,12977,6091,289,14516,4345,-2457,13975,4079,157,14470,5966,2069,15928,5648,325,15916,6075,436,15664,5734,2273,15429,5797,-743,16168,3221,-3390,14319,1115,-422,12592,3072,1938,14155,3032,-262,13306,3981,-1495,12342,2621,311,11194,1524,-1406,12330,264,-3238,11414,2602,491,12074,5470,3008,13248,5664,-324,13672,5463,-1694,14018,4499,828,13536,4860,290,16114,5106,-872,15259,6676,1456,15648,7319,2976,16397,4531,-520,14922,4151,-2049,15571,3485,-833,14033,2461,110,13763,1749,-819,13147,3303,295,12894,4448,1223,12641,1797,-2800
11775,328,-2864,11134,1479,458,11701,3956,833,13352,4932,148,12611,5752,730,13361,5780,650,14432,4477,-1914,15066,4452,-602,14595,6191,2482,15955,6543,1417,16456,5891,3,15394,4994,221,14918,5470,-944,15856,1624,-1861,13525,1076,-579,12872,3008,1762,13643,4253,88,13363,3356,-2559,11810,1603,-917,11061,1252,-564,11918,1497,-1592,12220,3953,490,12504,5637,2506,12851,5895,-284,14634,4493,-2557,13653,4192,689,14594,6008,1708,16118,5935,-131,15858,6298,601,15694,5680,2549,15194,4937,-808,16095,3356,-3482,14567,1869,-404,12904,2886,1778,13779,2794,-763,13483,4123,-935,12383,3365,379,11446,1020,-1646,12105,116,-3282,11232,2477,557,12072,5396,2604,13447,5529,-500,13280,5464,-876,14109,4822,861,13549,4809,-354,16269,5007,-1007,14863,6676,1869,15895,7317,2594,16505,4692,-632,14821,4317,-1503,15619,3857,-853,14206,2091,-549,13630,1788,-906,13247,3501,994,12777,4563,1152,12942,1672,-3029,11408,324,-2571,11328,1418,392,11546,3625,167,13402,4941,231,12529,5660,1431,13230,5848,270,14721,4253,-2262,14672,4451,39
14590,6399,2386,16035,6146,1096,16213,5992,-4,15648,5375,674,14990,5339,-1438,15971,1676,-2060,13496,1291,-394,12972,3174,2364,13690,3845,-393,13251,3238,-2239,11708,1471,-596,11099,1048,-1207,12073,1551,-1767,11960,4246,878,12642,6006,2810,12910,5823,-871,14676,4290,-2160,13446,4150,1093,14635,5693,1303,16334,6077,-626,15568,6769,1505,15846,6228,2387,15277,4863,-1360,15985,3221,-3380,14565,1788,281,12816,2520,1409,14161,2495,-942,13092,4174,-568,12514,3459,364,11511,923,-2243,12137,312,-3180,11005,2986,1196,12181,5485,2338,13695,5533,-737,12976,5466,-391,14015,5137,762,14029,4231,-903,15727,4820,-551,14967,6696,2440,15980,7156,2118,16645,4792,-829,14546,4587,-1355,15627,4105,-806,14472,1667,-637,13344,1871,-644,13234,3636,1382,12804,4302,572,12947,1819,-3320,11133,511,-1954,11413,1661,387,11734,3382,-137,13362,5039,759,12638,6136,1518,13246,5755,-426,15022,3979,-2202,14114,4274,591,14903,6130,2570,16033,6095,540,16253,6254,268,15805,6122,887,14896,5435,-1900,16362,1304,-2331,12861,1268,483,12979,3060,2151
3,3956,-1009,13195,3591,-2091,11648,1648,-278,10966,544,-1380,12492,941,-1793,11401,4347,1604,13050,6360,2609,13123,6211,-1583,14518,4617,-1887,13732,4294,1463,14289,5415,962,16673,5581,-541,14988,7001,2126,16280,6298,2026,15463,4499,-1638,15553,3340,-2879,14877,2522,-68,12984,2489,1225,13956,2511,-738,12849,3874,134,12533,3354,137,11689,398,-3006,11676,38,-2503,11290,3121,1370,12227,5590,1741,13956,5946,-497,12880,5724,211,13967,4984,197,14614,3823,-1429,15119,4961,134,15375,6690,2803,15687,6827,1636,16767,5107,-714,14766,5005,-1276,15499,3647,-815,14451,873,-1154,12879,2103,-140,13698,4207,2094,12852,4370,-193,13105,1454,-3389,10810,447,-1810,11510,1588,143,12035,3136,-54,12857,5144,1122,12848,6099,1696,13128,5533,-1304,15441,3983,-2363,13842,4549,1164,15037,6271,2310,16212,6171,494,15909,5976,934,15630,5756,801,14907,4519,-2826,16198,1438,-2292,12857,1792,1106,13169,3461,2310,14078,4018,-1380,13113,3882,-1850,11886,1701,-351,10982,131,-2116,12272,883,-1757,11306,4066,2605,12975,6126,2474,13359,5829,-2230
14093,4617,-1718,13779,4684,1172,14432,5236,341,16630,5570,112,14782,7263,2613,16503,6219,1556,15657,4074,-2097,14978,3298,-2462,15155,2927,116,13212,2538,875,14132,2498,-532,12739,4259,398,12808,3466,-612,11924,371,-3601,11148,65,-1632,11329,2953,1865,12317,5077,1039,13750,5723,-591,12712,5469,412,13694,5158,-411,15062,3996,-1441,14525,4898,1118,15444,7004,3068,16271,6588,661,16551,5606,-968,14979,5331,-918,15821,3405,-1082,14298,740,-807,13010,1988,420,13472,4595,1914,13089,4029,-1259,12924,1566,-3328,10712,491,-902,11518,1524,-180,12148,3285,-168,12440,5280,1394,13054,6277,1381,12916,5223,-1735,15379,3586,-1709,13466,4468,1995,15447,5889,1839,16118,6723,-210,16181,6378,1202,15550,6388,519,15426,4289,-2920,16247,1111,-1518,12507,1854,1667,13658,3138,1482,13756,4379,-1918,12923,3521,-1387,11570,1814,-132,11063,-59,-2472,12408,952,-1221,10823,5017,2785,13314,6222,1578,13462,5921,-2359,13576,4192,-707,14103,4056,1426,14468,4779,-201,16680,6101,49,14928,8068,2722,16814,6285,980,15537,4205,-1991,15133,3199,-1849
14860,2628,389,13361,1981,277,13766,2651,-563,12770,4569,971,12629,3260,-1132,12250,383,-3678,10729,300,-1083,11558,3106,1611,12400,4959,676,13580,5887,-150,12924,5589,680,13629,5038,-1044,15534,3705,-1529,14336,5223,1610,15621,7112,2770,16327,6370,699,16166,5910,-597,15131,5581,-1065,15446,2734,-1271,14291,604,-1063,12858,2256,909,13439,4633,1964,13332,3957,-1887,12706,1687,-2894,11017,623,-713,11145,1244,-607,12568,3026,-162,12081,5580,2035,13198,6324,1245,13117,5218,-2426,15047,3834,-1422,13886,5019,1993,15435,5956,1413,16315,6612,356,15895,6287,1800,15284,6091,645,15651,4032,-3437,15522,1979,-2037,12998,1887,2215,13122,2801,1112,14044,3738,-1604,12745,3902,-811,11807,1850,-439,11303,-244,-2914,12114,1225,-1194,11334,5039,3156,13155,5794,1445,13519,5956,-2329,13462,4715,-472,14230,4831,766,14617,4830,-470,16456,5454,740,14617,7718,3256,17014,5988,578,15506,3955,-2103,14522,3543,-1381,15254,2989,-121,13510,1964,-158,13552,2510,25,12613,4426,1330,12796,3109,-1616,12571,529,-3921,10722,383,-228,11593,3282,1126
12856,4560,274,13322,5812,535,12856,5964,925,13862,4892,-1395,15445,3725,-1584,13820,5391,1936,16031,6502,2562,15962,6162,254,15986,5802,-200,15287,6047,-613,15685,2762,-1628,14308,710,-1437,12811,2265,1561,13490,4307,1422,13400,3471,-2079,12408,1828,-2014,11420,1154,-824,11415,1375,-1283,12507,3036,-82,12107,5373,2583,12941,6131,1024,13546,4980,-2560,14561,3817,-837,13814,5485,1964,15596,5872,500,16170,6593,364,15802,6047,2433,15208,5569,433,15920,3739,-3561,15262,2312,-1662,13385,2341,2078,13246,2510,588,14121,3515,-1325,12572,3881,-231,11926,2074,-969,11693,24,-3169,11615,1656,-884,11547,4997,3246,13261,5251,754,13343,5685,-1782,13438,4619,207,14198,4602,194,14890,4806,-775,15815,5657,1210,15206,7623,2993,16517,5537,212,15626,4082,-1877,14785,4135,-1057,15172,2718,-174,13797,1710,-439,13256,2642,223,13118,4457,1476,12651,3341,-2126,12617,817,-3605,10699,973,183,11445,3285,599,12976,4100,137,12423,5405,755,13305,5576,681,13538,4482,-1695,15368,3715,-951,13982,5925,2366,16140,6576,1840,16192,6412,-138
15841,5945,37,15166,5929,-704,15731,2497,-1540,14280,936,-1016,12887,2482,1897,13374,3996,496,13676,3650,-2608,12223,2204,-1476,11430,1309,-555,11491,906,-1333,12207,2886,-25,12134,5157,2267,12792,5921,317,13759,4986,-2683,14250,3885,40,13829,5623,1934,15965,5623,-84,15892,6840,307,15966,6747,2284,15590,5117,-12,15712,3405,-2826,14995,2620,-1167,13770,2794,1778,13416,2441,-343,13749,3499,-1553,12648,3855,377,11671,1740,-1141,12110,-198,-2946,10806,1760,-493,12012,4868,2451,13182,5327,84,13379,5836,-1167,13467,5003,695,14011,4673,-54,15453,4584,-696,15209,5992,1461,15511,7429,2336,16789,5458,-129,15132,4289,-1365,15168,4766,-743,15195,2560,-285,13770,1400,-848,12934,2785,377,13214,4425,1160,12712,2723,-2183,12039,918,-2608,10940,1028,187,11499,2982,-59,13133,4404,-165,12501,5778,972,13150,6092,621,13807,4285,-1717,15063,3687,-203,14063,6148,2326,16317,6248,992,15911,6491,-216,15971,5784,831,15076,5923,-600,16085,2363,-1653,14150,840,-998,12616,2862,1762,13643,3875,-164,13590,3776,-2253,11856,2053,-362
11621,930,-600,11390,536,-1968,12256,3105,-35,12105,5978,2339,13170,5979,1,14020,5057,-2142,13974,3962,856,13980,5238,1372,16065,5640,-721,15545,6814,799,16056,6795,2721,15470,4583,-191,15555,3126,-2456,14773,3153,-803,14178,3141,716,13525,2079,-654,13281,3287,-710,12711,3762,996,11731,1670,-1641,12314,109,-3103,10820,1853,16,11929,5148,1824,13489,5392,-69,13148,5653,-279,13428,5166,990,14110,4443,-982,15572,4780,-885,14907,6222,1993,15643,6808,2327,16624,5038,-23,15016,4329,-768,15321,4935,-821,15147,2319,-1146,13666,1431,-960,12811,2978,1271,13272,4337,1008,12992,2689,-2528,11757,1045,-2234,11126,1276,211,11711,2759,-709,12996,4517,194,12473,5576,1876,12877,6167,240,14474,4198,-2150,14359,4156,-205,14566,6177,2446,15860,5960,618,16216,5744,441,15373,6126,1345,15400,5881,-1000,16222,2578,-2711,13769,1047,-315,12991,3039,1995,13809,3637,-418,13546,3724,-2020,12052,2083,86,11278,1231,-1381,12224,497,-2397,11499,3252,714,12262,5679,2830,13312,5729,-494,13577,5369,-2158,14192,4112,1142,13572,5270,795
16449,5155,-897,15171,6520,1403,16066,7211,2752,15992,4955,-1095,15628,2616,-2141,14120,3345,78,14865,2938,24,13342,2406,-1077,13303,2754,294,12282,4379,578,12446,1717,-2480,12098,342,-2730,10726,1913,1127,12019,4500,1137,13638,4993,-719,12442,5912,417,13760,5163,1258,14101,4296,-1479,15453,4712,-780,14943,6485,2419,15767,6758,1571,16694,5550,-484,15033,4990,-251,15620,4651,-761,15068,1249,-1154,13356,1180,-935,13148,3223,1537,13285,4859,441,13384,2908,-2737,11322,1069,-1619,11255,1305,-19,11678,2229,-1190,12739,4201,705,12292,5701,2016,13096,6073,-431,14853,4239,-2106,13936,4435,276,14891,5983,2146,15973,5944,120,16125,6066,736,15373,6110,1946,15369,5385,-1607,16523,2513,-3081,13670,1079,236,12798,3037,1750,14186,3399,-696,13202,4361,-1553,12201,2403,292,11052,852,-1966,12264,250,-2686,11238,3115,1258,12258,5679,2805,13348,5830,-868,13748,5294,-1607,14192,4625,1254,13971,4892,-115,16417,5193,-858,14797,6707,2213,16300,7243,2498,16282,4584,-1317,15166,2807,-1866,14522,3740,-344,14610,2932,-723,13456,2285,-724
6,5556,261,15108,4250,-2203,14414,4680,127,15330,6435,2830,15683,5786,863,16371,4715,-89,14724,5525,468,15659,5020,-1689,15459,1621,-2039,12535,1734,-111,13452,3361,1995,13093,3976,-709,13441,2503,-2085,11020,1198,-419,11388,1273,-1290,12468,2169,-1593,12288,4910,1529,12789,6024,2180,13171,5767,-1316,14940,4696,-1726,13771,5145,1156,14914,5426,1244,15981,5608,-169,15506,5627,1667,15674,5947,2119,15315,5121,-2450,16327,2932,-3200,13554,1775,1151,12779,2566,1159,14338,2721,-992,12664,3807,-321,12273,2635,56,11490,686,-3126,12182,821,-2359,11506,3896,2027,12496,5595,2012,13777,5753,-1049,13106,5350,-276,14430,5161,963,14172,4555,-944,16249,4824,-194,14480,7041,2710,16480,6455,1590,16283,4373,-1613,14264,3386,-575,15356,3531,-402,14268,2277,-1425,13762,2069,-197,12461,4070,1534,13019,4040,-295,12895,1719,-3549,10835,290,-1080,11409,2256,1037,12131,4045,-833,13666,5455,386,12426,6275,2135,13787,5174,-469,15511,3876,-2061,13766,4868,882,15847,6213,2341,15567,6076,240,16342,5303,290,15149,6061,488,15661,4383,-1852
15404,758,-2013,11971,1889,396,13994,3608,1770,13039,4241,-1115,13281,2499,-1832,11130,1340,-383,11335,915,-1791,12477,2229,-1368,11907,4940,2465,12919,5950,1688,13095,5653,-1713,15052,4192,-1391,13441,5155,1166,15145,5317,652,16196,6161,-144,15481,6164,2547,15742,6011,1756,15718,4987,-3145,15884,2579,-2933,13663,1781,1385,12567,2311,835,14593,2795,-682,12384,4288,94,12242,2532,-567,11652,437,-3695,11696,992,-1875,11497,3936,2710,12497,5148,1841,13758,5819,-1224,13213,5730,-194,14364,5620,26,14826,4342,-1237,15384,4752,867,15086,6986,3266,16455,6471,1036,16582,4328,-1922,14003,3948,-814,15641,3454,-763,14365,2055,-1254,13165,1906,844,12583,3835,1699,12773,3790,-1313,13148,1521,-4028,10405,511,-436,11285,2396,943,12727,3767,-546,12968,5847,1043,13041,6440,1607,13662,5359,-1571,15446,3999,-1947,14086,4720,1783,15322,5979,2508,16422,5465,80,15367,5886,378,15915,6654,7,15516,4447,-2457,15164,535,-1621,12123,1731,1312,13635,3383,1547,13502,3777,-1525,12470,2532,-1594,11203,1569,-631,11596,939,-2152,12315,2529,-690
12026,5012,2830,12848,6037,1132,13619,5586,-2181,14709,4309,-907,13680,5214,1650,15436,4937,234,15970,6183,147,15600,6506,2693,15652,6020,1044,15934,4723,-3407,15411,2784,-2311,13706,2071,1615,12876,2107,351,14243,2881,-755,12579,4387,508,12224,2572,-1104,11961,298,-3677,11263,1063,-1191,11747,4180,2658,12683,5122,1232,13625,5849,-1093,13297,5845,235,14250,5309,-370,15362,4231,-1133,14726,5228,1306,15766,7048,3100,16293,6490,362,16406,3908,-1370,13693,4523,-601,15832,3142,-1044,14179,1701,-1145,12799,2174,930,12891,4142,1407,12842,3488,-1804,12740,1289,-3487,10660,689,160,11253,2358,437,13039,3872,-433,12774,5799,1541,13133,6661,1080,13849,4993,-2192,15205,3857,-1237,13902,5464,2245,15745,6022,1953,16147,5815,25,15313,5771,896,15788,6236,-352,15484,3447,-2708,14972,345,-1196,12092,2530,1821,14059,3685,904,13452,4144,-2065,12407,2436,-954,11242,1193,-580,11590,283,-2313,12101,2512,-226,12126,5665,2746,12940,6577,498,14000,5849,-2397,14393,4200,-310,13586,4939,1748,15707,4935,-271,15702,6444,894,15906,6703,2624
15518,5243,423,15759,3960,-3241,15312,2760,-1691,13616,2609,1374,13550,2090,31,13460,3685,-618,13049,4302,673,11906,2060,-1772,11901,-190,-3502,11163,967,-422,11593,4685,2434,13469,5144,547,13029,6259,-694,13658,5601,542,14041,4760,-739,15446,4037,-1079,14377,5107,1981,15707,7083,2665,16472,6540,-240,16022,3985,-1133,13933,4688,-473,16021,2447,-1490,13718,1816,-891,13306,2442,1543,12826,4664,1171,13463,3189,-2449,12120,1162,-3143,10912,566,476,11276,2278,-272,12963,4017,-248,12532,5871,1862,12989,6354,855,14048,4451,-2504,14644,3567,-763,14089,5645,2463,16102,6093,1402,16270,6503,-208,15402,6095,1498,15626,6152,-907,16134,2647,-2948,14097,355,-719,12603,2603,2132,14252,3774,524,13437,4432,-2286,12433,2890,-593,11314,1478,-1042,11957,268,-2675,11484,2469,541,12129,5119,2985,12688,5791,-118,13885,5323,-2232,13974,4026,433,13625,5204,1091,15971,5377,-509,15758,6905,1029,15748,7206,3001,16064,4570,-389,15304,3591,-2790,15487,2911,-900,13977,2725,866,13809,2182,-436,13531,3843,-436,13155,4748,1129,11974,1846,-2322
12013,-10,-3300,10714,1158,256,11721,4268,1682,12975,4892,145,12706,5380,-61,13308,5048,1025,14011,4236,-1330,15533,4235,-998,14494,6193,2356,16119,7353,2004,16776,6237,-407,15661,4072,-285,14698,5156,-588,16142,2628,-1830,13885,1847,-797,12827,2919,1650,13325,4301,911,13255,3022,-2782,11664,1007,-2161,11088,897,391,11088,2371,-1236,12930,4017,16,12006,5315,2376,12805,5582,452,14013,3859,-2344,14209,3856,28,14408,6208,2280,16459,6453,305,16307,6719,-134,15622,6187,2222,15875,5793,-997,16236,3117,-3013,14345,936,-454,12610,2958,2110,14351,2999,-263,13319,4006,-2028,12020,2593,289,11219,1343,-1456,11944,391,-3003,11161,2725,782,11898,5377,2886,12877,5540,-562,13767,5189,-1835,13789,4250,1234,13859,4915,643,16224,5389,-1251,15811,6903,1426,15848,7805,2647,16849,4863,-647,14959,3530,-1794,15382,3293,-379,14303,3026,-539,13815,2014,-742,12938,3131,149,12609,4231,1245,12152,1199,-2724,11676,-15,-2696,10470,1785,819,11975,4699,501,13297,5245,-348,12452,5460,1052,13325,5018,1226,14555,4016,-1910,15392,4565,-808
14881,6714,2545,16247,7129,1403,17074,5930,-162,15050,4457,350,15333,5065,-775,15833,1969,-2187,13244,1368,-607,12722,3462,1691,13209,4453,520,13369,2662,-2675,10933,545,-1045,11063,687,-253,11409,2245,-1676,13023,4848,744,12242,5958,2457,13247,5872,-156,14736,3983,-2470,13978,4426,413,14896,6337,2139,16274,6282,-90,16151,6101,832,15521,5986,2364,15557,5259,-1659,16196,3196,-3529,13997,1302,19,12535,3106,2023,14158,2795,-279,13136,3659,-1418,11867,2129,219,11062,725,-2151,12194,558,-2927,11222,3444,1469,12262,5822,2905,13380,5759,-751,13728,5267,-1688,14197,4814,847,13920,5285,-195,16644,5220,-685,14870,6743,2682,16398,6837,2451,16297,4456,-1181,14758,3768,-2173,15463,3656,-746,13718,2606,-98,13896,1717,-405,12465,3272,850,12730,3830,856,12308,1236,-3538,11262,433,-2511,11235,2185,1023,11974,4455,652,13854,5142,130,12453,5974,1227,13666,5728,-39,15074,4393,-2191,14706,4688,-66,15235,6293,2918,15701,6328,1411,16947,5532,-446,14665,5073,309,15420,5214,-1544,15577,1664,-2289,12896,1134,117,12888,3125,2092
15086,3860,-1547,13231,5046,1632,15548,5698,937,15987,6375,-318,15847,6082,1525,15571,5976,1942,15616,4257,-2456,15741,2635,-2803,13644,1978,1123,13054,2574,818,13954,3059,-1191,12912,3699,-426,11968,2514,11,11440,553,-2974,12170,1125,-1974,11286,4421,2248,12602,5658,1692,13693,5753,-1358,13020,4826,-45,14211,4632,905,14293,4977,-1133,16526,5349,34,14533,7482,3087,16678,6437,1128,16415,3967,-1528,14027,3538,-738,15529,3222,-576,13908,2227,-1313,13639,2164,144,12371,4188,1523,13178,3416,-715,12519,1217,-3824,10836,586,-726,11233,2741,1112,12617,4278,-578,13111,5594,540,12864,5897,1787,13378,5022,-990,15590,3964,-2133,13959,5295,1373,15791,6613,2853,16004,6236,-93,16259,4977,258,14773,5544,391,15626,4146,-2183,15358,1425,-1880,12411,1884,1108,13249,3856,1573,13521,3957,-1691,12897,2278,-1718,10756,1113,-19,11428,797,-1789,12317,2762,-1121,11931,5481,2264,13279,6019,1564,13100,5352,-2086,15025,4119,-1195,13555,5654,1876,15610,5315,589,15740,6164,91,15852,6161,2131,15599,5644,1337,15799,4195,-2973,15536,2933,-2599
13809,2758,1397,13084,2666,817,13961,2847,-1022,12473,3387,139,11804,1966,-645,11506,351,-3221,12012,1519,-1381,11403,5063,2272,12914,5428,1184,13773,5837,-1155,13224,4954,209,14195,4663,77,14819,4764,-1133,15855,5600,847,15042,7641,3106,16725,5964,598,15948,3594,-1736,14209,3959,-635,15529,3063,-912,13793,2027,-819,13251,2500,350,12734,4270,1404,12928,2819,-1512,12254,836,-3609,10855,579,-48,11430,2970,677,12845,4272,-140,12961,5694,836,12990,6052,1281,13961,4698,-1884,15128,4249,-1372,14266,5657,2231,15665,6469,2274,16529,5899,-318,15491,4875,575,15288,5497,-469,15499,3506,-2250,15156,1162,-1121,12228,2648,1835,13809,3921,1035,13510,3680,-2600,12327,1885,-1268,11059,1075,-67,11693,987,-2047,12126,3034,-154,12248,5409,2700,12756,6274,585,14039,4892,-2631,14018,3959,-387,14017,5488,2134,15920,5579,140,15817,6625,259,15898,6380,2233,15395,5169,327,15948,3567,-3158,15023,2735,-1572,13834,2800,1764,13264,2320,162,13850,3279,-1285,12584,3603,393,11882,2125,-1354,11932,482,-3288,11407,1665,-357,11553,4852,2715
13084,5130,271,13314,5374,-1029,13281,4661,562,13920,4577,-307,15416,5257,-1070,15457,6145,1530,15451,7663,2982,16657,5308,-355,15759,3485,-1324,14429,4464,-504,15789,2761,-859,13709,2026,-825,13206,2784,719,12914,4412,1238,12859,2560,-2571,12038,807,-3168,10854,1050,612,11345,3023,363,13124,4147,-184,12387,5263,1165,13126,5550,813,13951,4733,-2320,15274,4278,-846,14122,6344,2589,16138,6339,1700,16425,6365,-521,15706,4704,847,14997,5619,-619,16066,3544,-2834,14737,1490,-492,12245,2621,2332,13655,3480,100,13539,3199,-2789,11850,1875,-601,10933,1186,-334,12008,963,-2106,11791,3496,467,12486,5553,2716,12922,5954,-286,14101,4867,-2970,14046,4101,575,13761,5760,2166,16493,5356,1,15365,6783,549,16157,6422,2296,15699,5028,-508,15743,3833,-3145,15222,2524,-659,13440,2645,2093,13615,2130,-459,13510,3393,-1216,12491,3528,325,11606,1630,-1883,12000,285,-2732,11164,2211,797,11828,5285,2103,13447,5325,-530,13108,5672,-861,13566,5281,636,14250,4202,-154,15411,4831,-425,15335,6257,2329,15682,7737,1853,16964,4939,-809
14791,4258,-1444,15403,4483,-172,14976,2048,-514,13547,1644,-526,13007,3575,486,13080,4490,560,12892,1982,-2837,11276,484,-2078,11298,1283,736,11463,3316,-63,13379,4849,86,12290,5830,1157,13233,5824,119,14520,4250,-2176,14681,4203,346,14581,6437,2736,16093,6371,907,16542,6227,-380,15373,5087,1159,15046,5181,-1218,16074,2451,-2396,14004,1460,19,12421,3590,2046,13842,3864,-710,13517,3304,-2585,11661,1288,73,10868,471,-655,12178,955,-2091,11828,4181,747,12640,6414,2374,13122,5835,-877,14414,4756,-2482,13744,4173,1408,14202,5704,1492,16399,5693,-355,15319,7064,1198,16053,6576,2118,15668,4087,-1156,15244,3059,-2614,14936,2945,-305,13629,3116,1257,13809,2674,-783,13134,3358,-723,12551,3041,422,11537,648,-2407,11974,66,-2464,11037,2755,1214,12325,5888,1496,13722,5892,-850,13149,5418,-292,13486,4993,666,14307,3962,-834,15413,5084,-75,15285,6986,2691,15720,7441,1516,16847,4747,-912,14578,4472,-1229,15589,3778,-343,14376,1268,-211,13396,1925,-585,13295,4323,1129,13105,4516,2,12987,1303,-3153,10867,-99,-1621
11505,1502,612,11871,3647,39,13356,5571,323,12667,6060,1248,13134,5528,-589,14800,3591,-2071,14112,4070,900,14689,6318,2821,16257,6730,433,16253,6356,1,15377,5259,824,14806,4628,-1663,16369,1523,-2134,13364,1417,879,13004,3717,2161,14016,4098,-1317,13343,3565,-2597,12080,1291,-172,10789,552,-1206,12428,955,-1686,11381,4475,1819,12681,6576,2314,13482,5399,-1767,13723,4117,-2065,13861,3605,1513,14097,5546,1080,16738,6093,-172,15052,7637,1863,16446,6518,1504,15749,3628,-1747,14825,2857,-2426,15035,2649,357,13569,2939,1301,14030,3051,-822,13318,4131,-397,12695,3305,-252,11832,389,-3149,11421,93,-1617,11365,2820,1999,12050,5360,1322,13741,5522,-1210,12486,5205,-208,13674,4711,223,14477,3799,-1128,15155,5035,798,15332,7420,3109,16056,7295,646,16935,5099,-1333,14569,4716,-1190,15738,3475,-246,14628,995,-318,13138,2233,-129,13592,4749,1381,13168,4557,-1241,12992,1326,-3449,10660,-233,-633,11246,1138,656,11993,3178,-43,12880,5670,363,12781,6374,909,12911,5433,-1285,15109,3450,-1914,13670,3970,2036,14965,6236,2697
16584,6957,-220,16258,6723,102,15661,6026,542,15167,4737,-2146,16379,1515,-1714,13191,1616,1662,13021,3556,1667,14055,3821,-2037,12859,3258,-2108,11747,1116,38,10711,236,-1673,12571,1196,-1342,11195,5127,2162,12895,6629,1714,13624,5772,-2320,13563,4015,-1348,13883,3695,1861,14089,5037,536,16903,6356,-176,15099,8223,2309,16821,6606,956,15611,3912,-1907,15038,2818,-2227,14798,2563,794,13396,2435,1030,13872,2916,-1110,12962,4339,273,12534,3133,-779,11994,206,-3408,10861,209,-1261,11607,3090,2042,12017,5485,1119,14087,5691,-933,12576,5578,-81,13819,4941,-404,14860,3650,-1184,14921,5446,1291,15550,7449,3293,16153,6624,625,16514,5404,-1204,14915,4830,-1369,15176,3114,-570,14655,713,-504,12842,2275,524,13436,4723,1553,13075,4327,-1907,13037,1305,-3204,10545,111,-714,11245,1188,513,12305,3155,252,12745,5917,924,13187,6696,1034,13210,5546,-2198,15266,3620,-1744,13703,4650,2331,15100,6127,2090,16476,6687,259,15956,6307,626,15311,5743,497,15321,3980,-2697,15564,1802,-2157,13524,2031,2048,12720,3578,1566,14095,3371,-1778
12818,3386,-1631,11667,1686,-430,11239,-7,-2112,12198,1224,-1228,11617,4833,2813,12896,6311,1590,13922,5795,-2528,13707,4804,-1135,13973,4756,1266,14618,4981,158,16102,5812,621,15183,7473,2847,16370,6389,831,16079,3393,-2665,14262,2638,-1362,14580,3360,1001,14146,2743,-424,13695,2910,-165,12553,3674,655,12526,2820,-1451,12534,405,-3660,10657,195,-502,11603,3189,2485,12707,5422,-63,13985,6210,-824,12850,5941,680,13586,5230,-740,15616,3562,-1265,13954,5089,1955,15647,6882,3483,16005,6049,-259,16081,5404,-1265,14947,5585,-954,15454,2952,-696,14434,662,-578,12948,2200,1167,13539,4761,1184,13231,3888,-2265,13032,1234,-2713,10714,637,-227,11454,1513,-58,12795,3425,-96,12270,6001,1378,13201,6210,648,13208,5121,-2607,14974,3343,-839,13525,4402,2654,15133,5782,1741,16513,6899,-392,15837,6522,1282,15513,5997,232,15419,3662,-3233,15546,847,-785,12753,2256,2399,13625,3215,718,14206,4076,-2217,12463,3825,-1238,12267,1626,-525,11328,-1,-2474,12018,1200,-472,11527,5009,3165,12935,6128,653,13792,5573,-2733,13162,4296,-74
14046,4077,1212,14699,4669,-208,16054,6076,760,15326,8014,2536,16596,5997,178,15516,4030,-2474,14813,3203,-1120,14843,2684,800,13826,1721,57,13478,3258,-640,13242,4894,796,12664,3076,-1913,12399,148,-3566,10526,154,175,11757,3015,1706,12503,4917,272,13561,5878,-354,12768,6031,157,13813,4745,-1342,15415,3587,-950,14018,5514,2492,15933,6804,2717,16225,6534,-276,16247,6043,-877,15249,5566,-1304,15325,2025,-629,14445,531,-810,12920,2483,1732,13425,4937,761,13341,3880,-2599,12573,1755,-2411,11010,568,-298,11101,711,-281,12774,2837,9,12066,6218,1602,13397,6530,327,13497,5491,-2889,14783,3590,-576,13630,4936,2722,15489,5726,1004,16248,6827,291,15915,6529,1369,15154,5876,48,15987,3740,-3360,15030,1937,-1300,13285,2250,2482,13079,2793,476,14168,3734,-1621,12336,3702,-714,11955,1448,-1155,11381,-64,-2860,11820,1391,-370,11649,5231,3230,13226,5862,475,13976,5932,-2224,13231,5266,-182,14339,4616,242,15073,4800,-211,15392,5972,1488,15669,7658,2925,16295,5678,-208,15525,3753,-2279,14534,3926,-1221,15008,2590,336
13664,1507,-129,12945,3069,134,13379,4499,931,12303,2887,-2359,12619,487,-3429,10509,694,314,11681,3003,1147,13174,4609,378,12940,6096,364,13496,6516,75,13874,5235,-1921,15341,3779,-473,14115,5422,2861,15518,6045,2344,16236,5908,-441,15789,5818,-536,15094,5776,-1135,15383,2315,-1165,14542,760,-542,12632,2538,2269,13484,4287,350,13569,3564,-2676,12216,2070,-1810,11284,1300,-371,11592,1086,-903,12449,3147,196,12228,5933,2036,13396,6229,62,13883,5306,-2818,14233,3844,21,14006,5162,2418,15552,5388,441,15875,6449,449,15698,6237,2058,15209,5390,-285,15937,3560,-3087,14750,2460,-1028,13655,2358,2181,13131,2344,-114,13856,3497,-1346,12603,3977,-87,11977,1950,-1259,11999,484,-2936,11561,1611,-343,11795,4737,2788,13141,5325,207,13930,5752,-1339,13356,5515,583,14139,4479,-339,15466,4607,-533,14870,5832,1609,15601,7472,2464,16533,5389,-81,15189,4188,-1424,14782,4450,-656,15042,2305,-249,13700,1338,-766,13028,2870,496,13290,4712,958,12945,2793,-2307,12187,996,-2691,11019,946,301,11662,2587,329,13155,4501,81
12653,5723,1076,13325,6213,395,13957,4851,-2000,15196,4099,-445,14118,6092,2647,15746,5832,1396,16131,5768,107,15646,5611,592,15085,5612,-708,15676,2556,-1998,14463,841,-723,12312,2854,2016,13846,3769,-75,13590,3664,-2247,12014,2362,-504,11412,1337,-867,11711,609,-1805,12197,2815,270,12120,5912,2280,13502,5960,13,13945,5465,-2473,14194,4558,659,13951,5492,1471,15835,5130,-248,15375,6298,776,15830,6299,2682,15489,4541,-397,15332,3442,-2764,15024,3102,-912,13859,3243,1133,13569,1973,-382,13373,3145,-614,12795,3748,739,11976,1891,-1796,12149,639,-3025,11303,2046,-14,11929,4960,2010,13446,5365,-159,13255,5694,-323,13361,5689,792,14334,4457,-1023,15352,4432,-497,14738,5691,2228,15560,6701,1931,16521,4992,-135,14823,4577,-1012,15381,5273,-753,15100,2079,-925,13512,1309,-758,13080,2919,957,13243,4494,629,13033,2866,-2431,11767,1336,-2158,11155,1592,30,11875,2497,-351,13082,4465,79,12696,5557,1650,12899,6026,113,14360,4399,-2022,14598,4461,102,14598,6158,2229,15632,5655,664,16213,5788,47,15407,5949,1269
15262,5563,-1141,15785,2574,-2303,14401,968,-328,12329,3307,1813,14118,3434,-555,13443,3720,-1891,11972,2589,-46,11617,1299,-1284,11789,683,-2131,11945,2757,497,12164,5818,2473,13349,5574,-417,14020,5608,-1992,14082,4745,1111,14126,5465,657,16003,5545,-851,15353,6399,1376,15865,6586,2584,15632,4454,-722,15289,2798,-2148,14546,3458,-550,14352,2973,177,13681,2239,-833,13032,3134,-29,12651,3824,878,12299,1561,-2345,11877,438,-2774,11053,1954,705,12013,4724,1034,13679,5277,-421,12832,5758,441,13509,5740,817,14882,4215,-1636,14873,5108,-621,15241,6233,2537,15338,6468,1776,16795,4851,-285,14764,4856,-531,15466,5016,-914,15096,1673,-1263,13173,1457,-798,13266,3419,1306,13168,4312,354,13248,2410,-2170,11417,1045,-1426,11168,1414,-442,12112,2531,-797,12892,4750,347,12809,5638,2060,12764,5871,-386,15016,4288,-2102,14020,4660,629,14721,6370,2126,16071,5854,205,15828,5886,851,15432,5620,1677,15050,5114,-1598,16027,2589,-2845,13950,1541,354,12503,3353,1746,14257,3025,-843,13070,3791,-1557,12265,2425,259,11376,888,-1735
12274,479,-2452,11614,3184,1377,12331,6107,2486,13700,5798,-1129,13429,5500,-1636,14488,4727,1361,13480,5145,253,16747,5144,-487,14546,6776,1823,16179,6458,2495,15906,4343,-1225,14827,3140,-1890,15035,3307,-239,14088,2637,4,13760,2177,-930,12969,3499,627,12521,4024,491,12735,1046,-2910,11254,285,-2080,11370,2293,985,12087,4901,575,14057,5675,-392,12593,5892,957,13587,5579,479,15044,3866,-1908,14623,4741,274,15031,6603,2744,15868,6248,1211,16295,5207,-343,14984,5105,-182,15466,4444,-1171,15090,982,-1299,12845,1646,-414,13443,4070,1751,13182,4502,-437,13501,2319,-2369,11095,675,-912,11269,1095,-765,12405,2701,-1098,12539,5225,948,13135,5943,2128,12603,5744,-1017,15504,3831,-2159,13290,4513,1284,15003,5749,1745,15927,6127,101,15803,6043,1133,15685,5667,1710,15024,4736,-1958,15991,2675,-3415,13747,1837,1117,12584,3294,1763,14486,3032,-948,12720,4107,-1294,12640,2360,-69,10898,498,-2167,12561,485,-2337,11284,3942,1891,12650,5944,2478,13819,5642,-1384,13227,5300,-1391,14618,4538,959,13601,4797,36,16536,5354,-91
14806,7248,2640,16050,6895,1645,16268,4337,-1678,14366,3480,-2037,15377,3076,-107,13702,2064,222,13917,2336,-507,13122,4246,697,12815,3918,-376,12664,1011,-3635,10953,80,-1390,11466,2218,1446,12111,4381,671,13787,5594,-335,12629,6268,659,13536,5919,-764,15217,3719,-1645,14195,4603,1130,15102,6539,3156,15883,6103,621,16112,5868,-576,15391,5513,-687,15005,4032,-1287,15369,451,-1186,12482,2070,630,13976,3971,1900,12970,4242,-1396,13449,2361,-2603,11106,837,-835,11378,754,-496,12212,2354,-578,12463,5247,1272,12982,6689,1487,12965,6212,-1987,15321,4230,-1879,13200,4317,1972,14716,5236,1568,16255,6072,168,15482,6359,1302,15907,5826,1143,14973,4346,-2450,15888,2603,-2789,13863,2342,1496,12934,2815,1498,14180,2898,-1167,12706,4064,-993,12578,2849,-485,11231,421,-2560,12290,412,-1846,11125,3985,2277,13019,5685,1887,13942,6087,-1659,13037,5547,-778,14530,4511,696,13883,4102,-313,16028,5154,595,15092,7164,2860,15970,6557,1070,16162,4352,-1836,14486,4242,-1786,15350,3152,48,13815,1545,82,13291,2163,-361,13352,4217,1126
12654,4107,-938,13044,1385,-3853,10954,336,-1005,11403,1980,1284,12404,3729,498,13480,5379,232,12810,6309,627,13466,5537,-1277,15321,3766,-1540,14092,5047,1489,15314,6496,2820,16016,5941,509,15823,6092,-241,15549,5831,-462,14916,4073,-1494,15553,410,-1324,12372,1827,1012,13732,3639,1657,13314,4248,-2060,13314,2853,-1961,11272,1154,-545,11324,373,-883,12244,2148,-796,12358,4993,1774,12861,6565,1263,13254,5682,-2138,14963,4356,-1269,13309,5002,2032,15174,5390,741,16063,6234,211,15278,6737,1859,15944,5609,1107,15257,3332,-2361,15249,2383,-2180,14202,3180,842,13316,2554,779,13737,3050,-1319,12801,3918,116,12539,2720,-342,11541,179,-2890,11743,610,-1543,11523,4289,1953,12931,5530,1292,13883,5985,-1302,13091,5647,304,14259,4930,233,14502,4312,-997,15192,5357,1113,15435,7024,2654,15673,6114,973,16377,3817,-1567,14179,4317,-1099,15473,3694,-452,14402,1673,-598,12970,2360,71,13504,4253,1416,12642,3365,-1252,13173,1053,-3157,10593,854,-534,11681,2465,489,12678,3928,71,12924,5571,544,12981,6221,925,13422,5310,-1616
15239,3790,-1182,13954,5212,2107,15415,6002,2479,15918,5747,-112,15747,5840,306,15558,5973,-528,14999,3907,-1763,15617,897,-1156,12488,2327,1723,13748,3443,1104,13366,3979,-2436,12894,2631,-1527,11520,1449,-221,11221,669,-1403,12634,2025,-545,12021,5210,2106,12838,6448,678,13867,5490,-2458,14108,4402,-653,13743,4615,2255,14926,5340,284,16295,6388,234,15272,7125,2114,16079,5755,242,15354,3194,-2444,14807,2620,-1223,14586,3576,1184,13408,2339,179,13779,2895,-1338,12567,3937,263,12782,2518,-918,11742,219,-2841,11267,726,-514,11720,4261,1992,12646,5369,338,13903,5735,-1472,12798,5654,624,14290,4560,-9,14880,4409,-795,15073,5881,1553,15740,7452,2541,15801,5839,-113,16073,4105,-1199,14297,4590,-761,15376,2795,-80,14159,1276,-643,12883,2514,45,13514,4901,791,12982,3534,-2122,12784,1207,-2295,10629,634,158,11634,1745,264,12774,3849,-154,12636,5785,504,13212,6466,494,13585,5299,-2101,15123,4032,-337,13890,5716,2741,15547,5872,1594,15803,5763,-390,15553,5624,504,15581,5862,-372,15255,3561,-2076,15423,1266,-699
12611,2732,1908,13860,3154,415,13433,3890,-2641,12760,2824,-826,11532,1640,-310,11351,433,-1888,12412,1754,-341,11810,5465,2278,13189,6127,160,14085,5886,-2641,13569,4717,273,14093,4715,1984,15013,5124,-219,16176,5967,375,14963,7149,2190,16300,5858,-245,15667,3214,-2247,14476,2403,-221,14217,4055,1165,14757,2314,-1521,12709,2863,-755,12854,3184,866,12022,2931,-1438,13008,682,-2855,10643,880,98,11572,3742,1710,13205,4898,-809,13561,6041,-947,12981,5935,1637,14192,4480,-45,14929,4363,-1463,14743,5616,1668,15510,7161,2056,16333,5445,-287,15477,4322,-593,14726,4921,104,15616,3113,-846,14434,1231,-1038,12584,2267,364,13489,4450,669,13408,3530,-2116,12412,1616,-1576,10967,1091,258,11688,1618,-824,12841,3700,-813,12389,5402,1432,13081,6109,736,13666,4816,-2104,14712,4052,-51,14066,5987,2111,15666,5903,732,16143,6024,-309,15420,5559,1627,15266,5155,595,15481,3411,-2626,14979,2043,-1441,13609,2733,1831,12873,3414,-322,14424,3346,-2024,12102,3324,87,11950,1684,-33,11872,306,-2732,11818,1921,-765,12115,5339,2280
13074,5658,340,13905,5458,-1843,13446,4690,745,13986,5225,1248,15357,5348,-1009,15776,5868,420,14825,7089,2663,16324,5296,-31,15712,3306,-1649,14244,2622,91,14377,4485,354,15352,2536,-1570,12202,3060,-706,13193,2797,1153,11885,2647,-1698,13338,875,-2543,10456,1593,237,11898,3653,1165,13005,4708,-1090,13103,5557,-60,13071,5684,1672,13746,4189,-728,15139,4520,-1036,14385,6290,1624,15784,6981,1817,16213,5576,-535,15330,3909,216,14850,5095,529,15682,3307,-1839,14802,1529,-1258,12364,2832,1225,13684,4035,265,13430,3414,-2208,12311,1384,-639,10926,1255,363,11755,1704,-1757,12850,3674,-932,12219,5615,1882,12923,5721,816,14032,4582,-2219,14118,4064,304,14114,6162,2095,15700,5885,-54,16039,6203,-96,15189,5774,1977,15667,4639,790,15280,3480,-2554,15270,2469,-1266,13580,3125,1576,13253,3057,-717,14245,3366,-1636,12186,3535,572,11946,1488,-483,11686,334,-2684,11648,1925,-519,12184,5275,2091,13062,5383,-196,13649,5509,-1262,13451,5022,959,14024,4652,501,15358,5189,-981,15412,5757,1112,15107,7310,2471,16478,5508,-390
15721,3339,-1429,13951,3191,557,15070,3286,-365,14557,2586,-2376,13145,3006,506,12608,3896,1208,12976,2740,-1935,12665,1021,-2624,10642,1027,713,11454,3019,636,13568,4580,-1445,12373,5868,530,13513,5872,1574,13634,4177,-1350,15389,4091,-883,14126,6527,2173,16124,6476,1495,16148,5716,-480,15269,4925,577,15101,5362,-19,15746,3059,-2053,14504,1280,-1073,12534,2926,1568,13650,3952,122,13708,3969,-2393,12157,1744,-394,11139,1139,-52,11824,804,-2291,12478,3228,-68,12182,5884,2352,12949,6031,163,14218,4979,-2510,13934,4242,449,14123,5723,1531,15647,5435,-106,15744,6536,516,15358,6354,2463,15805,4607,-16,15203,3333,-2797,15157,2803,-1154,13721,3360,1231,13699,2357,-436,13536,3305,-726,12639,3553,808,11842,1431,-1843,12121,174,-3030,11128,1911,-74,12019,5176,2173,13431,5410,-45,13368,5753,-638,13317,5331,625,14282,4430,-728,15199,5056,-929,15198,5980,2251,15316,7265,2473,16712,5106,-343,15145,3540,-1290,14417,4740,-566,15871,2718,-1259,13625,2048,-718,13060,2890,1211,12866,4185,902,13170,2385,-2480,11832,1113,-2530
11041,1259,228,11563,3071,-23,13424,4599,-277,12303,5908,1732,13348,5820,337,14023,4496,-2253,14892,4126,-318,14149,6261,2555,15910,5858,1129,16073,5898,-16,15475,5125,1341,15070,5348,-936,15839,3478,-2974,14604,1473,-431,12417,3288,2387,13840,3126,-40,13533,3443,-2246,11922,2017,-366,11446,1383,-1044,11952,898,-2625,12031,3340,601,12268,5817,2990,13139,5705,-260,13978,5077,-2608,13895,4340,545,13812,5340,1199,16007,5261,-367,15333,6366,1444,15665,6879,2717,16130,4605,-919,15035,3467,-2719,14998,3127,-741,14120,3033,902,13783,2195,-250,13246,3214,-359,12731,3982,673,12087,1903,-2625,12204,540,-2933,11023,1752,922,11771,4567,1741,13542,4791,-193,12706,5567,-217,13307,5695,351,14490,4501,-1419,15272,4702,-453,14558,5934,2816,15903,6646,2242,16614,5548,-722,15114,3826,-695,14747,5088,-720,15837,2429,-1467,13709,1910,-487,12813,3223,1749,13297,4257,222,13282,2647,-2683,11657,1205,-1924,10986,1242,-43,11968,2108,-760,12701,4385,269,12526,5561,2273,12990,5924,-141,14514,4355,-2559,14165,4188,100,14401,6224,2428
3,3516,-1467,12386,2944,-57,11442,1282,-1835,11886,644,-2510,11326,2762,1463,12111,5296,2390,13434,5289,-1100,13183,5218,-1517,13953,4970,669,13884,4567,224,15962,5407,-17,15402,6472,2597,15661,7121,1685,16948,4768,-1838,14893,3295,-1633,14643,4180,540,15178,2594,-391,13444,2423,-634,13338,2741,1173,12102,4303,-548,13135,2015,-3553,11457,870,-1982,11078,1620,2093,11670,3451,518,13534,4617,-1128,12630,5538,989,13028,5740,8,15126,4159,-2034,14410,4447,747,14926,6522,3325,16232,6563,669,16517,6059,-982,15174,5331,133,15351,5301,-1051,15965,1733,-1404,13144,1377,488,13122,3388,1762,13738,4099,-1229,13220,3111,-2998,11534,1327,-38,11010,1283,-552,12364,1605,-1515,11633,3930,1303,12519,5175,2035,12895,5251,-1554,14359,4443,-1999,13839,4734,1483,14411,6185,1613,16780,6015,-82,15394,6964,1104,16409,6094,1781,15198,3913,-1720,15499,3290,-2536,14949,3039,245,13339,3165,1494,13969,2153,-1040,12668,3478,-805,12680,3154,325,11547,1341,-2481,12008,399,-2091,10967,2542,1602,11985,4797,1609,13689,5230,-1051,12690,5364,-513
14002,5265,826,14442,4534,-717,15467,5283,23,15448,6621,2722,15714,7240,1058,17196,5140,-1462,14800,3265,-993,14490,4359,716,15710,2305,-529,13210,2571,-1227,13472,2994,1271,11941,3873,-605,13489,2100,-3462,11326,1050,-930,11244,1720,1341,11328,3259,-15,13200,4880,-929,12679,5697,1264,12467,5152,-174,15289,3262,-1624,13751,4791,939,15369,6856,2691,16410,6958,105,16462,5885,-270,15248,4913,777,15439,4998,-1706,16223,1963,-1922,13086,1731,929,13079,3705,1887,14061,4026,-1607,13005,3329,-2327,11528,1160,122,11017,1032,-1238,12239,1769,-1851,11510,4158,1724,12413,5371,2097,12911,5046,-1975,14379,4129,-1435,13576,4736,1858,14606,5556,1023,16640,6182,-284,15182,7406,1640,16820,6117,1577,15452,3698,-2017,15135,3209,-2005,15364,3570,448,13326,3539,770,14736,2252,-873,12120,3732,-270,12838,2947,-178,11736,791,-3311,11330,340,-1336,10996,2833,2097,12003,4862,817,13843,5046,-1223,12324,5138,89,13852,5268,237,14878,4079,-970,14847,4873,1061,15619,6834,3234,15976,7222,203,17308,5551,-2191,14877,3688,-236,14680,4483,324
16110,1945,-1470,12684,2784,115,13934,3164,1934,11831,4367,-1649,13764,1483,-3730,10517,850,-578,11137,1516,1746,11802,2861,-425,12656,4851,-422,12690,5729,1329,12772,5084,-860,15074,3350,-1995,13703,4486,2087,15451,6651,2853,16719,6830,-462,16197,6285,-360,15485,6347,574,15751,4944,-2189,16116,1353,-1136,12622,1407,1657,13459,3209,1418,14161,4294,-2103,12710,3740,-2284,11746,1508,248,10973,517,-1563,12183,1253,-1361,11322,4117,2633,12214,5438,1196,13348,5040,-2740,13662,4269,-761,13837,4561,1969,14727,5086,547,16638,6145,-30,15443,8009,2011,16690,6475,937,15872,4061,-2266,15143,3232,-1742,15156,2952,915,13265,2446,545,14156,2754,-1128,12708,4385,427,12416,3287,-712,12037,163,-3560,10713,204,-808,11179,2832,1984,12111,4508,563,13307,5149,-821,12702,5078,394,13655,5185,-253,15561,4034,-1191,14207,5348,1283,16047,7324,3183,16434,7292,31,16824,5037,-1218,14787,4370,-181,15438,4248,-1318,15612,1708,-1235,12546,2362,1074,13178,3894,1594,12853,3313,-1743,12729,1553,-3270,10516,302,-41,11045,1580,-2,12129,3138,-680
12401,5139,1246,12763,6148,1460,13323,5027,-2278,15129,3594,-1427,13897,5501,2530,15689,6487,1912,16683,6844,-411,15897,6078,1118,15786,6188,216,15777,4477,-3254,15549,1696,-1247,12825,2146,1894,13277,2902,1427,13863,3224,-2119,12141,2654,-1104,11441,1696,-381,11292,729,-2844,12087,1923,-494,11267,5051,3170,12969,5708,903,13611,5470,-2737,13566,4613,-819,14183,5018,1565,14951,5348,42,16626,5997,661,15293,7731,2875,16678,5608,240,15675,3902,-2874,14688,3538,-1428,14989,3220,857,13183,1948,503,13608,2270,-856,12429,3977,431,12267,2820,-1459,12258,497,-3529,10718,989,0,11468,3628,1921,12851,4802,249,13396,5751,-831,13121,5773,457,13813,5279,-601,16013,3962,-796,14011,5496,2212,15983,7105,2515,16520,6682,-576,16092,4593,-755,14503,4722,-142,15188,3717,-1096,15081,1377,-765,12229,2415,1088,13110,4153,700,13226,3159,-2402,12312,1481,-2082,10934,806,424,11308,1726,-378,12685,3575,-634,12448,5771,1200,13444,6277,801,13550,4855,-2413,15001,3873,-395,14159,5998,2729,15820,6224,1207,16243,6414,-472,15707,5655,1360
15120,5551,196,15785,3624,-2986,15008,1559,-979,12941,2540,1985,13340,3252,515,14187,3495,-2152,12103,2606,-455,11688,1397,-282,11477,527,-2796,11999,1944,-362,11870,5468,2986,13095,6059,217,14069,5695,-2379,13512,5018,76,14199,5168,1266,15175,5146,-93,16047,5799,1094,14900,7333,2695,16620,4771,-226,15033,3511,-2434,14906,3437,-781,14793,2995,547,13500,2176,-205,13635,2928,-419,12865,4287,769,12441,2161,-1843,12404,123,-3182,10623,1151,515,11872,3966,1273,13187,5178,-101,13212,5973,-281,12996,5712,754,14043,4556,-1118,15406,3637,-686,13936,5490,2565,16015,6818,2116,16278,6238,-943,15591,4621,-297,14913,5107,-268,15577,2644,-1499,14505,1177,-682,12625,3115,1409,13824,4716,539,13342,3178,-2669,12239,1114,-1598,10848,1201,140,12031,1618,-972,12548,3901,-153,12144,5758,1887,13391,5725,419,13377,4266,-2622,14457,3305,19,13826,6052,2543,16058,6231,534,16054,6900,-47,15695,5833,1902,15108,4857,-234,15863,3348,-3248,14866,2022,-1013,13243,3023,2365,13624,3226,-6,14021,3731,-1736,12290,2823,-445,11731,1227,-1105
11535,590,-3027,11937,2176,258,11672,5444,3148,13016,5445,-147,13732,5169,-2049,13298,4534,258,13981,4527,534,15345,5172,-392,15889,6307,1714,15200,7950,2494,17139,4785,-1004,14693,4087,-2302,15252,3907,-508,14742,2663,342,13569,1513,-167,13489,2876,-77,12780,4599,649,12699,2008,-3086,11881,387,-2929,10682,1548,942,11999,3610,1300,12878,4895,-238,12913,5596,20,12790,5791,235,14248,4443,-1713,15249,4114,11,14038,5888,3095,16242,6561,1641,16578,6276,-895,15501,5134,-414,15269,5754,-829,15753,2567,-1628,14049,834,156,12513,2843,1868,13582,4175,-284,13400,3254,-3153,11720,1603,-1046,10848,1451,-53,12118,1459,-1084,12120,3799,530,12350,5652,1931,13214,5958,-657,14007,4877,-2757,14197,3990,908,14104,5948,2493,16186,5498,101,15788,6633,402,16075,6326,1458,15327,5022,-732,15880,3686,-2919,14715,2922,-457,13425,2875,2159,13416,2394,-572,13344,3208,-1407,12225,3036,25,11749,1287,-1506,11615,484,-2560,11653,2183,678,11613,5451,2397,13712,5331,-679,13384,5831,-1396,13789,5232,663,14110,4786,-23,15733,5191,-300
15533,6094,2302,15378,7300,2165,17112,4445,-1142,14381,4294,-1542,15558,4491,-600,14767,2554,-61,13456,1513,-451,13099,2795,516,12583,4174,660,12795,1601,-2932,11556,708,-2261,10954,1765,904,11928,3525,340,13198,4985,-171,12782,5843,790,13028,6249,172,14956,4562,-1964,14687,4411,577,14596,6019,2810,15978,6020,1070,16534,5640,-674,15035,4999,607,15292,5499,-1083,15851,2488,-1986,13873,1218,141,12406,3151,1960,13645,3626,-661,13353,3159,-2630,11679,1522,-223,10927,1424,-704,12519,1370,-1759,11793,4123,803,12693,5766,2267,13091,5833,-899,14402,4880,-2138,13839,4326,1384,14322,5521,1637,16334,5193,-338,15216,6464,1029,16263,6243,1878,15113,4659,-1043,15978,3689,-2797,14502,3042,-12,13474,2681,1630,13739,2166,-870,12979,3365,-799,12667,3549,219,11784,1581,-2289,11872,624,-2408,11333,2324,1085,11819,4890,1949,13837,4948,-742,12679,5456,-523,14048,5158,809,13995,4446,-667,15709,5112,-333,15264,6562,2668,15690,7141,1309,16983,4560,-944,14297,4391,-771,15696,4354,-438,14709,1812,-720,13541,1413,-392,13048,3610,1011
13051,4615,108,13071,1957,-3198,11147,981,-1554,11508,1691,786,11526,2894,-360,13194,4192,139,12352,5519,1494,13043,5729,-141,15054,4348,-2040,14110,4610,826,15004,6372,2548,15962,6425,104,16457,5978,-445,15097,5189,1554,15320,5029,-1439,16105,2349,-2361,13665,1374,274,12954,3421,1839,13834,3796,-1147,13555,3314,-2137,11413,1653,307,11106,1053,-1143,12535,1283,-2305,11188,4214,1162,12772,5532,2350,12691,5697,-1266,14403,4255,-1548,13394,4373,1717,14546,5288,991,16573,5838,-862,15249,7201,1494,16523,6472,1768,15478,3934,-1470,15610,3339,-2180,14760,3306,-59,13675,2671,858,14196,2258,-928,12389,3757,-305,13011,3417,375,11677,1529,-2993,11728,449,-2084,11087,2728,1625,11765,4882,1047,13649,5112,-1006,12511,5135,418,13616,4971,573,14694,3935,-1002,15238,5006,260,15660,6958,2710,15914,7205,632,17188,5017,-1283,14425,5076,-344,16121,4097,-704,14409,1264,-743,13500,1363,-177,13093,4046,1461,12994,4563,-693,13082,1888,-3500,10792,897,-891,11425,1679,445,11737,2664,-579,12499,4439,560,12504,5695,1452,12810,5401,-729
15263,3699,-1844,13744,4543,1295,15411,6281,2266,16434,6795,-328,16333,6458,325,15558,5942,1349,15537,4904,-2233,16315,1556,-1912,12858,1618,779,13369,3205,1615,13777,3866,-1580,13028,3686,-1631,11551,1904,185,11048,465,-1988,12090,826,-1866,11011,3865,2019,12585,5625,1919,13216,5806,-1891,14033,4596,-819,13889,4687,1657,14609,5074,20,17051,5680,-467,14874,7535,2348,17170,6666,1536,15680,4035,-1873,15371,3375,-1961,14843,3487,-117,13811,2516,283,13718,2296,-718,12399,3769,751,12642,3054,113,11776,771,-3656,11103,162,-1566,11064,2902,1415,11936,4600,789,13840,5474,-399,12484,5630,1037,14075,5250,-94,14871,4185,-1820,15095,4847,642,15577,6985,3096,16433,6474,723,16562,5302,-468,15156,5707,-656,15874,4072,-1316,14361,920,-1211,12916,1566,239,13111,3972,2278,12701,3755,-916,12976,1563,-3322,10380,1086,-967,11654,1782,-234,12029,3012,-345,12288,4933,1475,13062,6136,1634,12932,5778,-1483,15705,3892,-1793,13551,4963,1647,15710,5905,1727,16436,6406,55,16380,6155,1303,15379,6094,985,15711,4824,-3048,15908,1869,-2238
13389,5591,1321,13272,6050,-1798,14276,4661,-376,13703,5092,926,15495,4678,-780,15743,5341,646,15029,7020,3069,16500,6079,99,16061,3610,-2341,14123,3453,-665,15190,2884,370,13504,1983,-1081,13251,2534,-227,12433,4340,677,12697,3481,-1329,12558,917,-3644,10724,973,-119,11529,3065,1895,12670,4530,-590,13213,5407,19,12911,5874,1372,14147,5027,-846,15658,4244,-1625,14141,5473,1370,15988,6854,2487,16340,5770,-140,15447,4789,-133,15403,5601,-253,15413,2958,-1962,14392,767,-1162,12650,2336,1314,13336,4675,1168,13556,3502,-1882,12000,1820,-2221,11038,1393,-412,11790,1536,-1284,12274,2897,-307,12388,4688,2574,12710,6147,905,14202,5293,-2233,14719,4571,-853,13995,5420,1777,15740,5171,999,15776,6377,8,16306,5722,2264,14814,5530,514,16050,4126,-3685,15524,2376,-2035,12909,2402,2112,13685,2180,736,13370,3576,-1198,12825,3580,-314,11455,2358,-1101,11789,116,-3261,11513,1552,-815,11633,4695,3186,12951,5368,795,13603,5930,-1408,13879,4977,184,13728,5042,544,15778,4711,-1008,15664,5336,1330,15198,7426,2840,16831,5770,-75
15955,3719,-2265,14201,4264,-281,15766,2846,-239,13269,1974,-1225,13634,2072,569,11899,4470,923,13206,3047,-1902,12090,1164,-3413,10752,994,234,11114,3071,1184,13076,4442,-709,12789,5564,829,13209,5798,1683,13992,4705,-1519,15615,4061,-1437,14206,5846,1891,16300,6518,2162,16336,5694,-35,15530,4848,411,15472,6173,-840,15910,3062,-2493,14079,1127,-1031,12485,2526,1694,13468,4052,1047,13366,3289,-1826,11725,1700,-1700,11037,1365,-629,11678,1676,-2051,12360,3324,253,12013,5018,3052,12803,5680,369,14595,4811,-2163,13996,4547,-415,14590,5958,1301,16036,5598,408,16008,6418,628,16185,5995,2848,15131,5257,-225,16158,3914,-3946,14977,2936,-1482,13114,2754,2028,13501,1962,146,13137,3068,-759,12407,3097,22,11465,2033,-1734,11882,384,-3345,11284,2003,72,11868,4991,3079,13217,5177,193,13493,5696,-1265,13933,5460,286,14113,5127,-125,15789,5018,-923,15404,5597,2181,15488,7186,2680,16844,5623,-947,15715,3476,-2054,14175,4710,58,15427,2615,-257,13365,2122,-1102,13038,1989,839,11860,3911,567,13174,2143,-2540,11561,1202,-2922
11195,1430,992,11221,3500,913,13581,4783,-990,12745,6013,1060,13182,6160,986,14700,4331,-1732,15021,4179,-411,14599,6075,2381,16055,6359,1565,16612,5755,-575,15177,5390,389,15441,6036,-1036,15785,2150,-1963,13461,1035,-410,12554,2761,1760,13438,3802,-8,13485,2972,-2241,11380,1513,-829,11357,1378,-485,11860,1654,-1788,12642,3954,640,12260,5890,2577,13114,6010,-571,14897,4915,-1999,13828,4559,639,14588,5730,1544,16119,5513,41,15673,6368,616,16190,6111,2419,15114,4756,-658,15847,3642,-3386,14756,2593,-552,13055,2562,1700,13451,1882,-492,13178,3376,-729,12436,3475,103,11626,1702,-1953,12070,300,-2799,11116,2470,695,12257,5172,2357,13562,5634,-326,13381,5925,-716,14184,5467,624,14304,4611,-442,15518,4855,-617,15397,5914,2528,15245,7161,2032,16920,5038,-1003,14993,3375,-1328,14279,4550,412,15554,2038,-1257,12777,2455,-1287,13671,2100,1675,11636,4797,327,13958,2007,-2962,11230,1022,-2352,10954,1327,1096,11817,3039,228,13292,5029,-899,12980,5956,1648,12900,6135,649,15063,4301,-2214,14644,4482,-89,14705,6379,2588
12990,3234,-1787,11574,1556,-183,10946,1040,-1539,12467,1314,-1741,11465,4419,1649,12842,5849,2008,13081,5998,-1827,14805,4943,-1372,13696,4746,1612,14666,5311,935,16600,5747,-282,14987,6889,1689,16463,6366,1844,15187,4046,-1814,15501,2921,-2325,14488,3194,266,13426,2446,728,13862,2378,-931,12414,3741,-3,12762,3258,-95,11783,967,-2823,11699,192,-1691,11255,3219,1352,12294,5301,1185,14143,5842,-881,12611,6115,372,14449,5464,428,14493,4155,-1226,15208,4772,576,15310,6589,2777,15819,6594,923,16809,4607,-1090,14131,4513,-450,15628,4467,-754,14780,1623,-1186,12868,1678,38,13011,3691,1422,12748,4007,-327,13299,1871,-3228,10571,902,-851,11479,1705,468,12190,3260,-721,13064,5346,595,13107,6361,1723,12950,6081,-950,15681,3960,-1899,13696,4955,1587,15287,5741,2226,15997,5464,-77,15615,5727,816,15830,6223,590,15125,5120,-2134,15783,1325,-1771,12876,1678,714,12952,3259,1786,14062,3215,-1658,12489,3502,-1209,12045,2029,-95,11194,909,-2205,12518,1255,-1425,11625,4209,2056,12693,5997,1734,13581,5908,-1849,14476,5007,-910
14208,2579,-1489,13585,2568,94,12539,3749,1444,12766,3260,-872,12705,672,-3698,10599,644,-970,11438,3438,1490,12755,4798,-275,13324,5593,-79,12625,5299,2027,13781,4717,-714,15271,4305,-2365,14252,5517,998,15833,7181,2905,16159,6077,128,16068,4544,35,14861,5355,-202,15794,3585,-1804,14734,1151,-1431,12552,2155,732,13704,4150,1745,13101,3617,-1537,12643,1682,-2418,10919,1042,-338,11305,1690,-1040,12582,3239,-702,12195,5325,2051,13065,6137,1382,13276,5313,-2464,15111,3925,-1020,13543,5519,1979,15711,5473,1298,16184,6015,-136,15750,5773,1928,15574,6316,450,15660,4498,-3503,15612,1727,-1451,12974,2209,1919,13239,2840,843,14171,3195,-1746,12222,3604,-544,11807,2094,-606,11578,498,-3057,11933,1457,-812,11478,4754,2818,12920,5742,849,13822,6134,-2197,13548,5206,-62,14180,4798,1188,14921,4514,-602,15951,5184,698,14985,7392,2903,16805,6396,72,15926,4068,-2143,14271,3522,-463,15042,3268,96,13845,1990,-1211,13404,1930,298,12053,4024,1223,13007,3146,-1467,12617,1240,-3670,10623,596,27,11431,3014,1039,13031,4597,-436
13210,6120,222,13223,6299,1713,13865,4966,-1109,15612,4017,-1848,14108,5449,1792,15870,6543,2577,16130,5835,-331,15657,5033,384,15187,5944,-128,15517,3468,-2090,14650,788,-1300,12149,2188,1173,13621,3838,1281,13282,3731,-1721,12511,1860,-1787,11025,1531,-383,11691,1296,-1689,12441,3194,-476,12376,5459,2600,13125,6235,894,14033,5283,-2420,14576,4523,-687,14119,5724,1774,15468,5446,693,15857,5893,192,15631,5551,2498,15118,5410,528,15853,4019,-3531,15075,2528,-1749,13371,2552,2006,13093,2788,312,14144,3110,-1228,12391,3779,0,11841,2022,-920,11899,299,-3096,11639,1463,-588,11793,4661,2812,13172,5190,456,13683,6051,-1580,13612,5519,302,14038,5286,523,15340,4537,-642,15244,4943,1072,14969,6904,2803,16652,5662,-436,15547,3832,-1625,14227,4023,5,15273,3256,-452,14152,1879,-1427,13179,2314,651,12506,4363,823,13238,3288,-1747,12446,1443,-2952,10858,525,824,11338,2458,353,13216,3928,-985,12806,5592,725,12911,6500,1437,14275,4676,-1344,14909,4242,-829,14230,5417,2243,15844,5802,1347,15804,5850,-866,15633,5203,681
15197,6293,410,15871,3332,-2120,14821,501,-898,12191,2511,1126,14119,3855,209,13597,4267,-2106,12354,2478,-473,11681,1324,109,11414,689,-2364,12341,2319,-667,11940,5085,2251,12873,5714,478,13917,5139,-1799,13965,4337,514,14124,5772,1483,15965,5558,-640,15687,6421,16,15698,6200,2768,15395,5097,752,15966,3608,-2756,15091,2687,-1462,13731,2709,916,13487,2419,-784,13893,3368,-728,12460,4190,1048,12183,1782,-1010,11755,382,-3492,11371,1270,-831,11599,4583,1902,13019,5096,95,13404,5680,-231,13254,5432,1261,14207,4626,-436,15312,4574,-1454,15232,5609,1062,15315,7294,2593,16937,5747,-155,15473,3725,-516,14624,4682,-303,15629,3083,-1834,14025,1940,-1401,12938,2321,944,12694,3910,1534,13148,2981,-1831,12240,1544,-2881,10681,1393,247,11579,2723,-825,12978,4330,-818,12536,5390,2051,12883,6016,1403,14229,4236,-1824,14465,3920,-720,14573,5888,1879,16038,6313,809,16459,5911,-449,15377,5750,1727,15540,6320,-96,16284,3430,-2794,14118,990,-1148,12648,2505,1526,13512,3144,272,13279,3848,-1787,12169,2396,-9,11149,1634,-876
14920,6444,1548,15765,6942,3168,16260,4826,-323,15239,3158,-1945,14291,3344,-711,14646,2685,-853,13557,2013,-608,13069,3173,796,12763,4813,1269,12620,2033,-2556,11884,264,-3161,10917,1265,587,11895,4060,815,13702,4783,-233,12381,6036,1156,13813,5786,978,14381,4819,-2139,15406,4546,-893,14606,6071,2368,15574,6391,1786,16685,5416,-310,14642,4529,536,15464,5295,-769,15424,1877,-2345,13452,1204,-808,13118,3020,1720,13373,4857,675,13772,3136,-2332,11635,1374,-1431,11088,1301,-375,12093,1667,-1805,12409,4093,390,12425,5390,2737,12767,6029,282,14786,4672,-2166,13909,4196,-101,14392,5892,1756,16045,5788,-185,15884,6141,724,15586,5801,2612,15184,5299,-557,16145,3563,-3886,14642,1660,-806,12852,2753,1931,13864,2692,-238,13456,3963,-971,12477,3384,223,11478,1368,-1669,12082,529,-3456,11304,2477,357,12159,4927,2758,12921,5232,-93,13565,5271,-1094,13960,5310,698,14043,5014,-270,16081,4915,-1171,15066,6144,2282,15637,7318,2443,16696,5394,-915,15452,3340,-1716,14163,4025,39,15234,2268,-469,13322,2276,-1470,13368,2525,1000
11991,4372,640,13359,2336,-2900,11664,876,-2518,11105,1524,831,11264,3353,599,13638,4519,-837,12326,5946,1449,13440,5926,877,14516,4410,-1821,14900,4451,-753,14809,6356,2255,16016,6461,1189,16635,5507,-199,14978,5088,920,15670,5658,-1012,15694,2058,-2613,13381,918,-462,12778,2814,1716,13586,4137,50,13461,3618,-1860,11475,1766,-722,11250,1502,-831,12056,1591,-2405,12158,3881,460,12479,5408,2994,12749,5832,-389,14988,4536,-1647,13295,4606,798,14847,5622,1133,16119,5781,-720,15653,6084,1083,15820,6201,2891,15319,5281,-648,16067,3542,-3757,14503,1773,-71,13065,2546,1196,14036,2708,-724,13448,4220,-331,12420,3782,618,11490,1265,-2063,12328,433,-3478,10880,2480,651,12101,4580,2268,13096,5186,-395,13288,5276,-254,13886,5168,1208,14085,4417,-635,15813,4808,-1331,15041,6467,2035,15773,7591,2080,16920,5433,-791,15078,3253,-532,14389,4167,170,15709,2061,-2187,13191,2534,-1476,13639,2655,1976,11842,4857,736,14065,2018,-2618,10949,983,-2423,11339,1439,911,11122,3201,-897,13552,4329,-658,12071,5563,2549,13205,5306,1115
14495,3737,-2270,14412,4473,-582,15071,6657,2010,16134,6447,526,16379,5898,73,15391,5682,1750,15582,5561,-1175,16233,1834,-2448,13156,1139,-605,13125,3094,1684,13996,4000,-228,13377,3718,-1685,11518,1776,-92,11315,1394,-1526,11978,1623,-2837,11733,3711,1061,12254,4829,2851,12441,5072,-792,14731,4102,-1170,13147,4519,1036,14680,5569,462,16494,5975,-1066,15480,7033,1540,16516,6584,2809,15432,4431,-971,15812,3539,-2687,14896,3203,-613,13711,2829,467,13958,2190,-797,12919,3827,301,12928,3804,777,11572,1265,-2746,11819,553,-2789,11049,2500,632,11909,4345,1429,13143,4711,-180,12461,4647,855,13561,4788,958,14343,4174,-1473,15336,5251,-943,15503,6893,2357,15846,7494,1493,17513,5704,-784,15282,3399,135,14405,4809,136,16357,2069,-2315,13097,2875,-1666,13817,2627,2433,11801,4428,203,14018,2162,-2777,10926,949,-1428,10961,1565,581,11296,2763,-1026,12957,4378,-671,12148,5364,2574,12606,4846,695,14866,3403,-1944,13875,4895,-16,15530,7034,1759,16541,6832,-185,16411,5801,801,15552,5714,1867,15849,5296,-1482,16439,2525,-2975
13365,1625,137,13133,3391,1381,13889,3675,-687,13215,3601,-1323,11297,1426,599,10830,732,-2018,12103,1381,-3177,11194,4054,1601,12174,4973,2894,12836,5025,-1108,14196,4115,-741,13455,4642,1288,14556,5608,-422,17027,6006,-830,15288,7143,2110,16757,6792,2557,16260,4264,-1257,15292,3764,-2125,15154,3533,-798,13718,3069,-261,14111,1947,-420,11999,3477,882,12873,3172,540,11464,811,-3620,11358,499,-2252,10742,3109,951,12248,4521,784,13003,4784,112,12690,4725,1393,13429,4994,111,15222,4387,-2216,15217,5614,-333,15912,7194,3059,16161,7134,994,17258,5624,-466,15075,3800,310,14688,4654,-831,15872,2038,-3085,12938,2137,61,12912,3074,2346,12236,3634,-269,13622,2032,-3172,10104,1049,-1141,11451,1382,205,11404,2973,-1510,13070,4373,852,12346,5834,2843,13374,5480,-688,15257,4065,-2529,13999,5646,889,15834,6629,1849,16323,6316,-124,16065,5504,1143,15465,6130,1809,15629,4910,-2457,16151,2207,-2710,12846,1531,515,13133,3101,1469,13728,3471,-968,12985,3453,-1086,11148,1625,343,11120,418,-2607,12202,1279,-2553,11428,4522,2380
67,5603,2096,13508,5652,-1440,14150,4581,-821,13890,5219,1080,14996,5385,-418,16575,5884,-421,15008,7205,2719,16567,6372,2016,15704,4047,-1887,15079,3413,-2103,14771,3303,-482,13570,1968,20,13566,2068,-470,12413,3705,1370,12893,3210,-72,11705,875,-3746,11461,506,-1812,11102,3185,1094,12601,4415,790,13416,5312,206,13032,5583,1244,13690,5593,-509,15636,4502,-2085,14438,5350,414,15739,6695,3176,16101,6477,594,16565,4703,-116,14473,4453,190,15276,4336,-1767,15345,1509,-2402,12728,1630,874,12693,3834,1886,13167,3824,-792,13209,2605,-2804,10548,1221,-740,11737,1067,-687,11796,2652,-1044,12798,4690,1617,12660,6315,2309,13575,5588,-1616,15191,4267,-1822,13847,5429,1306,15477,5615,1259,16235,5944,-75,15752,5622,1645,15354,5743,1775,15616,4603,-2917,15669,2424,-2869,13365,1594,1140,12771,2798,1406,14056,3208,-1121,12876,3959,-614,11650,2532,-157,11422,643,-3079,12086,1013,-1983,11464,3889,2737,12569,5197,1828,13718,5773,-1449,13715,5355,-433,14259,5374,842,14644,4918,-840,16498,4954,96,14522,7045,3025,16509,6442,1356
10974,804,-327,11421,2838,200,12953,4118,-423,12710,5739,1152,13520,6334,1866,13518,5602,-1425,15924,4034,-1820,13667,5079,1646,15932,6041,1907,16190,5717,-7,15837,4958,744,15003,6318,299,16041,3949,-2784,14604,859,-1678,12333,1398,1349,13168,3417,1394,13442,3557,-1465,12657,2795,-1640,10788,2166,-603,12291,1268,-2273,11804,2746,-762,12395,4787,2864,12885,6001,1276,13852,5549,-2237,14450,4199,-654,14228,5763,1641,15720,5306,-20,16137,5881,193,15292,5919,2847,15402,6062,811,16090,4403,-3388,14934,2245,-1800,13263,1705,1344,13222,2123,128,13907,3112,-876,12684,4318,473,11827,2835,-892,12309,436,-3623,11395,1454,-995,11773,4173,2735,12837,4823,712,13626,6014,-952,13619,5362,728,14051,5275,46,15480,4847,-1582,15601,5365,909,14983,7167,3095,16608,5194,507,15339,4173,-1032,14918,4269,-719,15123,2911,-1225,13859,1511,-1348,12908,2670,262,13009,4540,1889,12988,3314,-1336,12077,1108,-3255,11152,815,-232,11185,2734,-386,13388,3987,-55,12248,5765,1547,13578,6421,1416,14060,5084,-1614,15312,4212,-1129,14015,5497,1718
15895,5906,1481,15991,5598,103,15486,5274,1330,15221,6089,-255,15931,3418,-2785,14603,916,-1483,12245,2549,1489,13743,3574,928,13469,3903,-1628,12320,2297,-442,11017,1392,-732,11998,938,-2817,11992,3042,-358,12451,5407,2985,12683,6158,911,14499,5237,-2329,13660,4609,117,14384,5652,1290,15628,5133,-571,15938,5769,872,15367,6175,3092,15775,5543,249,15967,4354,-3396,14980,2724,-1706,13420,2394,1323,13342,1897,-33,13555,2878,-413,12558,4203,716,11765,2425,-1769,12376,495,-3578,10979,1905,-297,12073,4399,2558,12816,4885,456,13597,5995,-599,13574,5829,540,14175,5040,-669,15316,4520,-1021,15185,5297,1709,15348,7082,2653,16797,5453,-263,15364,4153,-998,14616,5129,-597,15668,2438,-1396,13401,1629,-980,13087,1917,983,12436,4263,1229,13469,3313,-2169,11909,1501,-2909,11147,1353,437,11299,2436,-651,13530,4044,7,12157,5665,1731,13469,6271,868,14176,4791,-1895,14950,4165,-351,14174,5878,2132,16139,5801,861,15967,5627,-401,15382,5279,1626,15109,6050,-315,16236,3218,-2792,14190,906,-848,12559,2666,1570,13741,3430,-93
13463,3934,-1885,12094,2556,152,11119,1625,-735,12210,710,-2699,11501,3044,-141,12553,5035,2637,12474,5794,47,14386,4999,-1942,13772,4364,1102,14185,5569,1233,16469,5327,-1214,15260,6330,713,15878,6275,2747,15410,5135,-133,16006,4011,-2566,14875,2707,-817,13498,2504,586,14001,2128,-1068,13299,3435,-364,12913,4459,1089,11849,2064,-1702,12189,515,-3284,10907,1986,132,11881,4393,1495,12987,4528,-269,12859,5343,332,13504,5115,1335,14177,4332,-947,15440,4887,-1333,15342,6394,1574,15569,7334,1784,16791,5026,5,14774,4535,-288,15736,4711,-420,15139,1851,-1585,13662,1613,-1333,13266,3287,924,13034,4670,1253,13329,2909,-2258,11551,1029,-1974,11354,1341,-39,11193,2570,-1391,12960,4016,-93,11943,5235,2272,12982,5502,765,14431,3882,-1744,14149,4004,-194,14822,6386,1703,16234,6582,-73,16346,6224,208,15502,5409,2319,15492,5403,-912,16342,3006,-3248,14105,1406,-612,12650,3440,1570,14002,3319,-301,13231,3715,-1597,11924,2086,360,10973,1006,-1632,12209,883,-3055,11066,3630,425,12561,5062,2952,12527,5505,-398,14312,4274,-1619
2,4157,1358,14083,5442,474,16947,5846,-1238,15144,7177,1526,16496,6573,2752,15652,4936,-936,16056,3870,-2412,14894,3192,-670,13667,2335,526,13893,1949,-1043,12962,3382,306,12728,4005,863,11745,1300,-2638,11827,369,-2863,10879,2525,855,11866,4729,1217,13427,4814,-379,12451,5474,522,13791,5048,851,14198,4419,-1364,15433,4968,-474,15445,6751,2295,15822,6923,1490,17004,5060,-510,14869,5103,-436,15926,4839,-742,15094,1508,-1104,13187,1696,-758,13226,3260,1338,12775,4230,333,13151,2263,-2510,10897,953,-1396,11351,1384,-98,11422,2877,-1023,12939,4604,568,12411,5889,1956,12920,5589,-439,15330,4021,-1616,13833,4652,949,15397,6132,1531,16132,6344,-358,16477,5770,804,15377,6045,1822,15638,5361,-1432,16304,2768,-2719,13542,1480,430,12549,3198,1315,13970,2779,-1237,12803,3726,-1371,11923,2161,744,10767,751,-1777,12453,715,-2568,11048,4279,1200,12962,5563,2325,12935,5727,-1232,14144,4540,-1127,13839,4628,1766,14445,5501,335,16693,5932,-1075,15166,7121,1875,16308,6580,2192,15862,4135,-1198,15126,3487,-1618,14882,3334,-183
13646,2521,-79,13566,2311,-1276,12832,3311,555,12330,3713,687,11999,1003,-2720,11491,118,-1868,10912,2714,913,12435,4833,375,13853,5644,-673,12751,5989,1223,14020,5492,748,14964,4352,-1392,14994,4981,268,15494,6923,2149,15851,6253,661,16540,5069,-362,14697,5417,70,15659,4194,-513,14633,682,-1274,12811,1657,-866,13250,3932,1351,12997,4115,-470,13183,1962,-2152,10679,721,-590,11628,1158,-468,12032,2959,-1129,12735,5228,677,13123,6352,1868,12820,5870,-732,15603,3848,-1311,13628,4793,1613,15180,5898,1196,16404,6099,-760,15524,5797,1342,15586,5900,1634,15145,4694,-2071,16116,1755,-2180,13057,1521,684,12924,3318,975,14235,3290,-1405,12597,4010,-762,12144,2187,586,11241,610,-2529,12148,991,-2284,11499,4334,1654,12649,5814,2013,13440,5627,-1315,13769,4242,-322,13729,4682,1467,14663,5270,-654,16744,5962,-838,14703,7197,2516,16568,6059,1764,15753,3850,-1209,14810,3443,-1519,15265,3167,-438,13512,2465,-586,14055,2336,-754,12700,4003,1522,12913,3911,-58,12418,1312,-3665,11240,734,-1731,11207,2889,796,12162,4148,345
46,4549,228,12449,4973,1796,13613,5053,-293,15244,4541,-2351,14487,5789,270,15970,7198,2793,15772,6102,380,16438,4526,398,14692,5296,-115,15767,4054,-1622,15067,922,-1862,12454,2077,146,13997,4069,1830,13090,4280,-1054,13064,2271,-2344,10934,1303,-540,11475,1480,-1116,12108,2533,-1061,11923,4091,1487,12625,5272,2131,12976,5225,-1585,14842,4412,-1429,13853,5268,1748,15401,5865,934,16374,6325,-474,15870,5859,1532,15732,5737,1490,15467,4758,-2760,16178,2956,-2550,13631,2175,1317,12991,2679,1125,14174,2875,-1724,12599,3800,-457,12130,2968,85,11431,808,-2851,12213,1095,-1807,10799,3927,2200,12781,4751,1445,13134,5473,-1589,13323,4526,-51,13717,4711,1643,14545,4831,-837,16661,5491,-301,14972,7580,2474,16816,6616,890,16326,4453,-1646,14474,3850,-261,15542,3418,-396,13896,2301,-1301,13881,1739,-430,12012,4001,1359,13051,3591,-283,12366,1466,-3644,10968,560,-274,11139,2854,604,12284,3811,-930,12819,4943,340,12752,5373,2281,13056,4662,-134,15688,3535,-1717,14035,5641,990,16388,7092,1608,16218,6621,-342,16269,5608,374
15383,6190,716,16121,3867,-1231,14918,572,-1879,12413,1909,-26,13637,3883,1217,13268,3908,-1351,12433,2254,-1258,11113,1256,-63,11060,1190,-2045,12161,2643,-1249,11618,4667,2088,12795,5645,1636,13211,4809,-1278,14809,3925,-427,13915,5716,1372,16081,6023,-97,16287,6853,-668,16068,6110,2717,15551,5702,1520,15862,4151,-2649,15839,2674,-2318,13405,2540,988,13074,2422,112,13970,3070,-1190,12301,3668,726,11770,2230,-123,11233,267,-3419,11636,1247,-1722,11298,4476,2356,12704,5141,1216,13750,5551,-1000,13442,4822,743,14062,5054,501,15398,5082,-1741,16027,5845,409,15337,7554,3124,16853,5855,967,15914,4034,-1542,14572,3675,-275,15165,3273,-984,14008,2129,-1719,13377,2127,342,12140,4167,1919,12779,3105,-968,12298,1259,-3718,10478,582,-3,11257,2759,452,12807,4066,-702,12883,5462,844,13136,6407,2003,14062,5298,-1369,15672,4391,-1659,14242,5781,1753,16034,6369,1943,16386,5595,28,15673,5424,604,15291,6441,-18,16054,3258,-2181,14131,747,-1607,12543,2054,1087,13316,3870,979,13387,3549,-1642,12104,1928,-989,10633,1253,-335
11885,785,-2320,12033,3330,-545,12499,5110,2744,12960,6528,1049,14159,5546,-1996,14576,4330,-184,14024,5764,1389,16061,5186,-175,15559,6307,192,16100,6162,2844,15236,5337,774,15568,3739,-2963,15340,2506,-2054,13116,2818,1168,13459,1782,-83,13135,3086,-764,12678,3470,948,11459,2514,-1181,12095,109,-3317,11322,1699,-1063,11700,4982,2356,13474,5361,639,13515,6247,-580,14066,5165,783,13896,4984,-223,15647,5026,-1499,15666,5743,1272,14868,7186,2944,16996,4886,308,15046,4009,-1305,15025,4081,-620,14977,2882,-1426,13635,1628,-1008,13128,2239,697,12389,4517,1870,13199,2843,-1916,11934,1464,-3266,11148,1023,7,11409,3205,-172,13263,4049,-104,12670,5624,1632,13238,6442,1465,14492,4799,-2087,15085,4789,-1069,14427,6067,1946,15881,5965,1265,16150,5277,219,15280,5014,1116,15271,5801,-491,16081,2789,-2667,13855,967,-1196,12668,2830,1609,13575,3935,632,13614,3517,-1918,11938,1963,-359,11099,1370,-913,12140,1006,-2575,11972,3406,60,12522,4922,2828,12803,5901,541,14404,5025,-2220,14076,4478,456,14216,6061,1167,16259,5410,-802
12609,3830,1416,11789,1910,-2439,12162,479,-3092,10508,2642,500,12449,4557,1100,13221,4810,-106,12803,5401,692,14157,5078,1256,13894,5005,-1596,16150,5485,-1400,15292,6866,2512,15617,6681,1944,16972,4610,-273,14468,4248,-455,15705,4521,-569,14773,2247,-1814,13632,1452,-951,12692,2767,1394,12813,4194,1028,13178,2432,-2716,11091,1078,-1807,11167,1518,180,11783,3327,-1090,13065,4496,393,12536,5635,2345,13078,5987,376,15208,4387,-2136,14277,5345,151,15346,6545,2015,15885,5844,112,16356,5266,890,14859,5792,1604,15664,5210,-1461,16086,2129,-2555,13240,1267,-363,12978,3220,1494,13581,3612,-764,13234,3196,-1272,11328,1719,705,11119,1143,-1850,12366,1288,-2604,11646,4428,1080,12643,5563,2628,13168,5676,-795,14490,4725,-1320,13913,5073,1406,14519,5818,138,16654,5518,-956,14715,6062,2121,16364,6339,2524,15823,4372,-1524,15429,2144,-2140,13864,3951,-37,14902,3062,402,12742,2671,-1404,12940,2452,406,11800,3531,553,12355,1148,-2768,11941,688,-2375,10677,3287,1203,12697,5007,1352,13505,5736,-593,13125,5345,691,13930,4863,764
14341,4455,-1516,15704,5161,-543,15188,6882,2875,15805,6432,1524,16942,4615,-586,14242,3817,-315,15418,4393,-972,14992,2615,-2469,13399,2129,62,12918,3128,2202,12690,3768,-29,13477,2021,-3281,10820,1286,-1264,11420,1954,261,11984,3355,-1119,13068,4604,809,12439,5489,2561,13147,5185,-597,15350,4134,-2568,13885,5682,520,15574,6595,2329,15960,5753,417,16005,5006,789,15157,5543,1437,15371,4976,-2372,16052,2225,-2777,13007,1732,710,13346,3233,1860,13726,3520,-1086,13270,3311,-1450,11456,1801,224,11287,1273,-2429,12509,1455,-2092,11362,3964,2280,12582,4828,2319,13306,5202,-1658,14135,4402,-1110,13675,5631,1462,14956,5708,-86,16495,5778,-512,14691,6165,2902,16256,6065,1414,15991,3883,-2133,15125,2554,-1789,14256,4033,802,15181,2856,137,13301,2914,-1688,13085,3011,364,12157,3505,-131,12328,1449,-3197,12004,1057,-1349,10318,3303,1815,12561,3908,544,13021,5119,-945,12876,4773,950,13680,4653,539,14497,4388,-1311,15302,5211,299,15462,7285,2814,16201,6472,39,16851,4503,-787,14532,3888,310,15467,4745,-961,15757,2704,-2439
12615,5346,2313,13411,4461,-1401,14873,4258,-1504,14353,6135,1427,15906,6533,897,16825,6279,-265,15950,5741,2178,15662,5956,1269,16254,4723,-3135,15320,2430,-2286,13359,2213,1315,12718,3109,688,14195,2851,-1513,12088,2593,69,10960,1477,47,11553,334,-3575,11637,1982,-1266,11517,4848,2880,12733,5089,1099,13485,5362,-1633,13989,4535,218,13789,6135,1075,16246,5427,-1094,15733,6231,519,15866,7063,3066,16376,5908,632,16212,3774,-2409,14615,2935,-586,14213,3992,655,14946,2031,-954,12003,2691,-836,12781,2424,1017,11493,2768,-1335,12547,615,-3128,10925,1270,49,10959,4012,1514,13311,4518,-410,12794,5918,-177,13459,5560,1556,14030,4552,-465,15345,4861,-1298,15277,6017,1196,15622,7529,2318,17133,5456,-200,15245,4170,234,15210,5081,8,15710,3144,-1822,14110,1589,-1718,12583,2397,1199,12736,3958,1148,13424,2504,-1613,11490,1451,-1780,10895,1570,-271,11885,2544,-1412,12382,4341,-932,12676,5037,2491,12816,5572,1508,14318,4182,-1951,14626,4784,-852,14699,6816,1384,15847,6308,378,16337,5706,270,15571,5079,2698,15060,5259,318
15924,3901,-3490,14693,2290,-1864,13089,2941,1635,13153,3054,147,13944,2868,-1265,12155,2386,433,11149,1648,-611,12173,985,-3607,11683,2857,-558,12263,4998,2896,12728,4939,565,13906,4888,-1627,13916,4923,577,13949,6261,464,16395,5756,-1315,15123,6018,1048,15734,6438,3042,16052,5118,-43,15806,3280,-2157,14223,3248,-150,14480,3807,247,14847,2124,-1117,12021,2892,-505,13199,2571,1094,11626,2569,-2123,12844,944,-2703,10857,1961,515,11393,3844,1229,13391,4498,-802,12593,5608,347,13551,5589,1238,14278,4500,-926,15206,4878,-834,14940,6278,1825,15776,6963,1497,16770,5261,-520,14847,3616,427,14904,4914,125,15972,2922,-2384,14011,1824,-1161,12779,2842,1613,13193,3815,363,13364,2784,-2133,11639,1515,-1054,11199,1853,-98,11917,2508,-1811,12638,4143,-674,12210,5112,2594,12929,5215,850,14247,3965,-1925,14097,4506,-13,14549,6590,1627,16112,6216,-179,15854,5965,206,15596,5054,2651,15027,4805,-139,16044,3746,-3442,14711,2240,-1217,13133,3043,1702,13728,2904,-501,13792,3182,-1063,12241,2786,560,11635,1634,-1212,12263,1072,-3556
11362,2929,95,12136,4743,2679,12865,4541,41,13402,4725,-1102,13658,4773,974,13846,5496,106,16219,5591,-1299,15119,6127,1589,15801,6746,2750,16463,5081,-959,15803,3318,-1612,14267,3923,82,15049,3580,-122,14638,2455,-1439,12338,2913,74,13014,2881,803,11895,2593,-2712,12656,951,-2144,10716,2276,1096,11481,3582,727,13336,4037,-1063,12066,5268,945,13356,5105,1048,14272,4072,-1175,14662,4921,-454,15446,6616,2084,15979,7216,910,16969,5395,-696,15002,4016,819,15401,5418,-208,16247,2940,-2385,13790,1776,-785,12648,2999,1629,13479,3498,-343,13271,2839,-2120,11273,1353,-146,11135,1776,-424,11872,2345,-2290,12204,3959,23,12056,4959,2471,12751,4904,18,14541,3972,-1556,13614,4972,985,15057,6470,1159,16248,6322,-932,16113,6097,798,15796,5591,2854,15485,4609,-513,16159,3935,-3165,14580,2808,-726,13235,3022,1229,13559,2505,-1347,13304,2810,-503,11828,2519,1175,11212,1079,-1713,12113,911,-3213,11194,3453,558,12371,5102,1908,13198,5013,-418,13247,5033,-354,14240,5314,1480,14051,5429,-466,16533,5442,-1103,14830,6421,1898
16087,6628,2130,16696,4858,-966,15150,3310,-982,14425,4342,423,15239,3162,-803,13832,2437,-1823,12303,2367,860,12241,2742,463,12383,1761,-2514,11725,1063,-1498,10947,2901,793,11728,3915,-16,13650,4973,-1165,12325,5827,1711,13545,5159,743,14895,4058,-1193,14673,5285,-30,15719,6826,1899,15977,6582,383,16686,4931,1,14737,4717,985,15464,4998,-691,15740,2255,-2237,13124,1945,-499,12631,3563,1387,13477,3246,-879,12830,2159,-1253,10917,1087,229,11384,1415,-1192,12274,2622,-2149,12460,4888,406,12636,5755,2443,13080,5444,-677,15057,4194,-1089,13559,5555,1329,15318,6233,560,16008,6384,-797,15829,5835,1361,15693,5343,2560,15040,3911,-1054,15586,3543,-3086,14345,3211,-214,13008,3013,769,13493,2271,-1274,13030,2507,252,11737,2301,721,11673,628,-2359,12002,1378,-2794,11669,4373,973,12643,5712,1560,13843,5407,-550,13097,4921,-43,14310,5297,1133,14366,5431,-1072,16285,5787,-427,14655,6653,2305,15960,5812,1714,16252,4099,-1222,14844,2520,-664,13899,4464,432,15637,2613,-1752,12888,3014,-1480,13304,2357,1970,11718,3117,-158
13341,1499,-2814,11232,1158,-1343,11239,3000,1130,12320,4028,-575,13654,5614,-999,12891,6078,2143,13484,5009,137,15170,4339,-1548,14515,5449,653,15377,6734,2069,15876,5704,137,15990,4207,173,14686,4852,897,15468,4436,-1092,15481,2016,-2331,12961,2237,187,13015,3828,1185,13799,3515,-1456,12946,2362,-1090,11195,1254,429,11490,1362,-1523,12591,2981,-2005,12297,5097,1115,12721,5755,2127,13322,4781,-1458,14480,4025,-655,13821,5691,1605,15133,5948,131,16023,6029,-777,15376,5892,1894,15596,5110,2037,15256,3399,-1391,15195,3254,-2415,14564,3565,54,13292,3136,291,13905,2710,-1474,12805,3002,739,12074,2460,458,12000,778,-2800,11616,1458,-2118,11893,4042,1176,12450,4903,989,13706,5059,-519,13051,4725,892,14071,5252,754,14849,5265,-1597,15675,5923,-39,15061,6743,2582,15783,5907,1021,16440,3980,-1231,14587,2661,41,14016,4678,99,16292,2155,-2125,12140,3009,-969,13929,2781,1980,11777,3487,-1251,13997,1610,-2614,10634,1484,-513,11477,2739,735,12462,3368,-952,12813,5245,-426,12905,5664,2255,13204,4782,-504,14977,4138,-1424
3,5670,1238,15596,6895,1529,16364,5865,-474,15569,4464,806,15017,5280,908,15711,3975,-1638,15417,2033,-2079,13031,2184,882,13178,3688,880,13966,3509,-2061,12590,2540,-765,11322,1548,583,11445,1613,-2230,12657,2692,-1793,11706,4827,1864,12482,5502,1582,13670,4643,-1782,14076,4078,-67,13785,5658,1861,15431,5603,-554,15957,6233,-597,15587,6309,2308,15989,5264,1479,15524,3104,-1570,14771,3478,-1641,14865,3855,-37,13464,2844,-465,13753,2588,-1227,12416,3309,1158,12447,2562,-109,11813,905,-3065,11307,1320,-1158,11673,4192,1046,12741,4806,128,13572,5256,-333,12935,5247,1432,14361,4930,211,15141,5033,-1539,15272,5772,703,15409,6830,2315,16205,5862,82,16421,4286,-765,14396,3589,508,14608,4565,-335,15928,2254,-2698,12045,2939,-597,13718,2431,2440,11465,3129,-1486,13861,1290,-2301,10341,1708,-381,11535,2332,476,12538,3789,-1246,12846,5637,102,13222,6058,2240,13354,4664,-795,15120,4322,-1316,14510,6146,1397,15512,6752,1324,16375,5661,-226,15388,4726,1210,15062,5664,1020,15837,3877,-2373,15009,1752,-1862,12856,2295,1037
2,3340,427,14149,3292,-1800,12201,2492,31,11130,1496,408,11665,1017,-2841,12539,2671,-1574,11782,5631,2201,12927,5691,1386,13917,5243,-1846,13967,4635,202,14070,5899,1302,15738,5344,-957,15554,5906,166,15478,6308,2846,15969,5321,969,15580,2939,-1969,14363,3359,-1222,14633,3435,-292,13492,2671,-1033,13613,2510,-200,12307,3342,1473,12331,2282,-956,12205,992,-3561,11179,1466,-461,11721,4522,1355,13328,4920,-177,13345,5602,351,13190,5509,1570,14174,4966,-808,15405,4858,-1920,14811,5718,1413,15293,6531,2742,16520,5367,-2,15712,3994,-522,14386,4010,616,14941,3835,-1347,15287,2123,-2744,12488,2568,1145,12964,3456,1810,12989,3055,-1825,12683,1778,-2239,10826,1490,-146,11584,2224,-177,12966,3586,-1246,12601,5270,1628,13053,6050,1628,13899,4760,-1679,14862,4519,-1229,14271,6222,1787,15538,5912,1107,16168,5582,-352,15558,4951,1777,14562,5459,845,16144,3860,-3025,14841,2012,-1830,13149,2203,1755,13017,2878,81,14196,3292,-1572,12292,3138,-162,11364,1983,-112,11988,525,-3063,11965,2290,-980,12057,5084,2719,12868,5509,791
11504,3587,160,13494,4687,-783,12504,5728,1922,13284,5930,1156,14749,4587,-2402,15025,4972,-741,14969,6389,2561,15755,6044,1397,16758,5177,-201,14929,4617,1042,15149,5433,-679,16201,2760,-2703,13493,1323,-722,12533,2690,1910,13233,3511,19,13638,3225,-2055,11226,1792,-325,11140,1507,-1009,12151,1722,-2395,12123,4149,610,12682,5554,2903,12993,5705,-373,14939,4773,-2079,13763,5183,662,14816,6115,1123,16242,5502,-231,15256,5878,1363,16170,5559,2879,14943,4373,-857,15663,3410,-3260,14666,3354,-939,13414,3020,1247,13566,2082,-601,12915,3082,-221,12638,3243,724,11344,1582,-2193,12345,574,-3108,11252,2892,586,12308,5252,1854,13611,5119,-76,13129,5710,-196,14129,5741,563,14364,5121,-1078,15715,5099,-783,14999,5736,2600,15374,6412,2162,16728,4864,-918,14763,3579,-823,14621,4711,-95,15328,2425,-2173,13155,2283,-1027,13338,2141,2224,12018,3891,546,13628,1817,-2831,11288,1328,-2493,11507,2009,939,11811,3561,-457,13623,4797,-478,12543,5834,2377,13240,5888,584,15070,4367,-2570,14304,4868,-116,14902,6383,2497,15781,5740,754
16248,5221,75,14921,4922,1318,14979,5238,-1224,16293,2676,-2912,13299,1488,-73,12829,2873,2089,13713,3250,-700,13444,3243,-1883,11651,2125,161,11090,1653,-1565,12682,1512,-2453,11540,4086,1163,12913,5293,2975,12803,5646,-1124,14686,5002,-1914,13723,5139,1081,14330,5798,822,16575,5090,-535,14771,6007,1582,16057,5876,2427,15429,4222,-1382,15260,3422,-2546,14981,3231,-380,13554,3036,576,14225,1898,-725,12496,3227,90,12875,3730,558,11851,2002,-2969,12092,979,-2448,11357,2750,1041,11826,4552,1111,13859,4498,-249,12285,5394,685,14176,5313,563,14408,4717,-1667,15377,5304,-459,15511,6207,2696,15293,6786,1520,17105,4568,-927,14213,3932,279,15220,4732,-698,15713,2264,-2477,12985,2086,-391,13443,3023,1786,12479,4202,423,13800,2423,-3016,11026,1359,-1388,11363,1879,315,12109,2602,-1375,12627,4063,468,12681,5082,2621,12478,5728,-13,15513,4194,-2355,13666,5132,468,15330,6326,1933,16121,5938,-126,16067,5488,548,15437,5163,2089,14997,5308,-1492,16674,3144,-3320,13543,1787,75,13001,2768,1805,13794,2937,-1021,13120,3592,-1278
13165,5871,2118,13735,5185,-1047,15456,4728,-1746,14435,5978,1646,15734,6730,1863,16508,5099,-110,15192,4445,559,15244,5999,346,16108,4411,-2395,14807,1660,-1594,12394,1853,1211,13222,3004,823,13382,3058,-1705,12329,2159,-912,10900,2092,3,12078,1549,-2437,12136,2838,-1119,12353,4485,2684,12689,5571,1168,14148,5378,-2081,14330,5145,-36,14145,6333,1355,15935,4996,-87,15436,5308,196,15801,5642,2387,15609,5692,816,15780,3563,-2687,14598,3923,-1371,14553,3816,254,13284,1975,-459,13339,1371,-452,11875,3092,717,12487,2910,-842,12120,1261,-3189,11587,1682,-443,11380,4410,1520,13623,4619,-207,13094,5910,-72,13570,5699,1307,14195,5394,-156,15328,4938,-1481,15267,5139,1284,15127,6535,2466,16487,5589,-353,15908,4385,-1030,14287,4552,739,15595,3827,-629,14168,1947,-2909,12897,1473,832,12309,2996,1606,12651,3264,-1644,12970,1837,-2574,10656,1789,170,11520,2711,176,13093,3836,-1385,12628,5382,790,13070,6164,2254,14108,5345,-1219,15214,4743,-1332,14432,5988,1819,15624,6039,1234,16535,4688,-418,14840,4718,1460,15350,6461,385
11813,2942,-702,11986,4504,3030,12575,4626,330,13844,5051,-1793,13741,4755,1537,13882,5818,868,16282,5277,-1238,15305,5660,510,15691,6471,2716,16226,5423,-259,15951,3636,-2180,14493,3548,161,14383,3738,491,14635,1807,-1681,12362,2389,-955,12530,3112,1258,12187,3248,-1887,12779,1383,-2498,10939,2347,579,11248,3932,959,13517,3920,-1073,11870,4960,364,13779,5111,1671,13592,4526,-232,15595,4661,-1349,14966,6286,1523,15948,7041,1334,16906,5784,-817,15568,3665,361,14440,4831,1076,16136,3062,-2063,13870,2653,-2574,13371,1786,1852,11915,3685,628,13825,3019,-2104,11763,2397,-1559,11284,2043,668,11339,2312,-1512,12758,3506,-1161,12253,4553,2187,12311,5287,1700,14642,4212,-1799,14116,4961,-611,14842,6505,1693,16210,6092,-15,16370,5549,41,15418,5004,2496,15319,5883,28,16629,4519,-3385,14478,2246,-999,12692,2551,1361,13747,2398,-610,13292,3382,-1050,12306,2767,881,10941,1743,-1014,12479,1053,-3696,11178,2797,-7,12227,4467,2884,12534,4733,-246,13991,5096,-1066,13778,5303,1410,14164,5850,62,16651,5124,-1290,14869,5869,1623
16112,6692,2505,16367,5654,-628,15976,3572,-2106,14263,4042,171,14896,3082,-93,14084,1967,-1823,12450,2279,258,12261,3288,1137,12222,2542,-2553,12289,1064,-2290,10890,2232,764,11111,3440,576,13789,4045,-885,11850,5515,1179,14100,5901,1209,14356,4836,-1218,15249,4833,-958,15084,6220,2146,15963,6736,1255,16985,5635,-607,15252,3748,1008,14570,5406,-151,16484,2976,-3297,13363,2424,-925,13223,2094,2366,12024,3092,149,13860,2648,-2047,10945,2114,-1198,11414,1963,-50,11682,2077,-2423,12459,3695,129,12374,5056,3180,12843,5791,513,15236,4702,-2401,13655,5052,215,15048,6042,1509,16219,5709,-276,16072,5638,592,15523,5376,2912,15428,5522,-923,16578,4210,-3964,14158,2232,-176,12721,2486,1565,13812,2028,-375,12933,3112,-725,12063,3084,630,11318,1943,-2240,12395,1394,-3692,11243,2859,1215,12167,4310,2644,12830,4752,-354,13867,5229,-753,13807,5661,953,14500,5327,-454,16411,5202,-797,14927,5862,2166,15965,6592,2320,16667,5260,-1510,15335,3624,-1570,14353,4574,339,15384,2378,-584,13221,1863,-1332,12853,2094,1185,12136,4032,90
13973,5387,329,15970,6526,2007,16238,6242,15,16416,4742,215,14806,4756,1206,15611,5292,-1065,16262,2564,-3122,12574,1937,322,12970,2680,1508,13021,2876,-1061,12812,2829,-1311,11314,1905,182,11066,2000,-1368,12540,2326,-2447,11827,4466,1371,12616,5273,2393,13154,5132,-1117,14822,4528,-940,13777,5711,1308,15244,5842,228,16445,5673,-618,15569,5842,1798,16071,5478,2333,15167,4464,-1613,15926,4006,-2705,14261,3473,-153,13165,2290,740,13352,1982,-1268,12525,2632,733,12051,2980,527,11604,1311,-3052,11808,1441,-2151,11479,3876,1181,12397,4551,1131,13684,4963,-458,12791,5409,622,14598,5570,668,14702,5478,-1257,16052,5244,-38,14975,6494,2528,16210,5939,1091,16446,4843,-1399,14841,3618,-141,14583,4702,199,15394,2015,-1804,12530,2259,-1181,12977,2267,1647,11820,3242,-916,13299,1947,-2597,10888,1502,-543,11505,2844,671,12214,3444,-734,13244,4786,-309,12662,6059,2128,13622,5227,-279,15383,4561,-1369,14118,5900,983,16038,6633,1555,16167,5791,-346,15935,4508,674,14836,5542,1180,15847,4314,-1693,15354,1671,-2206,12481,1786,679
13275,3157,889,13395,3192,-1552,12503,2686,-763,11418,2146,391,11559,1738,-2051,12427,2420,-1976,11767,4545,1864,12853,5429,1898,13333,5249,-1521,14829,4539,-161,13725,6220,1423,15655,5411,-536,15866,5889,-573,15489,5756,2514,15737,5248,1709,15364,3359,-1592,15138,3459,-2170,14461,3812,-299,13454,2683,-161,13612,2101,-964,12267,3162,1422,12567,2941,-46,11836,1301,-3450,11481,1453,-1628,11625,3901,1150,12605,4351,626,13591,4949,-8,12761,5450,1348,14573,5461,25,15096,5340,-1852,15299,5108,459,15212,6208,2970,16109,5765,310,16295,4521,-1077,14691,4119,161,14748,4914,-357,15730,1639,-2149,12063,2330,-381,13467,2449,2116,11729,3492,-1590,13751,1929,-2463,10549,1899,-376,11652,2457,309,12345,3096,-790,12713,4774,464,12710,5966,2211,13562,5122,-857,15350,4398,-1337,13976,5981,1467,16139,6262,1331,16093,5597,-341,15470,4669,1100,15359,6152,841,16025,4498,-2355,15225,1566,-1893,12411,1986,1096,13589,2906,631,13423,2938,-1558,12284,2585,-328,11385,2320,99,11887,1591,-2745,12281,2710,-1434,11735,4578,2405,12842,5307,1423
11517,4143,1009,13493,4321,-850,12530,5169,1402,13261,5831,1394,14833,4959,-1558,14978,5373,-1466,15309,5772,2078,15215,6187,2067,16948,5334,-482,15529,3983,135,14482,4843,629,15814,3239,-2553,14183,2364,-2534,12859,2078,2335,12152,3038,1132,13358,2614,-2013,11949,2166,-1965,11037,2140,19,11615,2493,-1341,12800,4004,-654,12585,5291,2477,12577,5727,1327,15066,4486,-1769,14017,5099,-877,14930,6343,1571,15903,5809,358,16282,5208,534,15253,4901,2433,15084,5388,-383,16667,4171,-3910,14069,2386,-978,12896,2309,1649,13242,2447,-235,13494,3085,-703,11931,2795,180,11237,1844,-1494,12324,1332,-3600,11639,3388,202,12228,5280,3151,12998,4909,21,13876,5101,-1213,14011,5122,910,14061,5785,-447,16611,4863,-889,14561,5997,1864,16159,6576,2914,16320,5113,-931,15323,3278,-2148,14624,4411,-140,14893,2654,-409,12870,2170,-1293,13355,2048,843,11584,4141,444,13361,1828,-2500,11120,1451,-2904,11608,2127,1109,11629,3752,941,13416,4646,-694,12856,5186,1491,13307,5926,534,15150,4777,-1807,15000,5261,-610,15054,6320,2389,15827,6296,1632
16495,5545,-782,15403,3682,424,14172,4738,-103,16133,2637,-2973,13564,2418,-1127,12938,2471,2743,12276,3344,-75,13820,2523,-2312,11360,1842,-1423,11074,1600,55,11882,2086,-1636,12775,4259,43,12655,5699,2767,12846,5770,162,15274,4769,-2201,13853,5443,73,15288,6121,1807,15829,5473,250,15895,4902,751,15424,5208,2528,15016,5128,-1138,16554,3760,-3993,13824,2562,-109,13133,2297,1815,13515,2432,-364,13084,3086,-798,12086,3072,35,11206,1898,-2136,12816,1198,-3253,11222,3378,1285,12467,4957,2683,13362,5053,-466,13527,5390,-884,14390,5252,770,13890,5394,-399,16614,4674,-374,14462,5966,2451,16077,6460,2067,16498,4888,-1664,14651,3636,-1504,15120,4432,157,14742,2207,-1203,13131,1748,-537,13145,2133,1616,11769,4347,-177,13794,1914,-3004,10814,1608,-2406,11701,2256,1598,11663,3649,226,13381,4662,-637,12607,5273,2005,12951,5622,209,15514,4171,-2039,14447,5155,-117,15477,6690,2591,16163,6260,849,16464,5479,-709,15110,4218,1061,14688,5110,-872,16405,2279,-2896,12692,1659,66,12893,2753,1833,12904,3466,-729,13559,2791,-2167
15791,5648,833,15678,5818,69,15624,5433,1849,15656,5440,1725,15134,4046,-2132,15509,3277,-2728,14257,3243,482,13203,2507,787,13820,2055,-1061,12322,2956,180,12345,3301,-125,11705,1319,-2925,12043,1294,-1653,11379,3661,1806,12691,4650,1241,13652,5232,-834,13118,6048,-27,14665,5869,340,14675,5604,-881,15945,4877,451,14550,6105,2928,16156,5398,900,16214,4356,-1875,14418,3427,-175,14965,4657,84,15309,2048,-1986,12496,2358,-262,13426,2329,1657,11706,3907,-1213,14015,1554,-2769,10325,1615,-739,11886,2385,1369,12048,3628,-897,13467,4911,-394,12645,6141,2042,13493,5421,-500,15565,4436,-1574,13941,5510,1440,15699,6099,2138,15871,5511,-177,15822,4249,55,14717,5172,1015,15447,4694,-1733,15838,2133,-2338,12588,1977,1217,13263,3325,946,13505,3362,-1584,12836,2643,-1192,11452,2028,270,11502,1533,-1854,12586,2448,-2049,11631,4665,1955,13201,5162,1801,12799,5194,-1465,14862,4038,-350,13366,5698,1663,15687,5279,-144,15892,6079,-615,15476,6291,1985,16017,5373,1578,15376,3321,-1842,15024,3249,-1766,14797,3546,182,13265,2782,-196
14065,2446,-1034,12378,3600,688,12641,3077,-274,11872,1192,-3085,11666,1127,-1146,11155,3900,1491,12783,4388,320,13347,4833,-523,12604,5256,1080,14363,4952,51,14783,4816,-1337,15437,5507,751,15218,7022,2834,16536,5899,4,16390,4214,-1276,14191,4198,371,15707,3896,-776,14655,2229,-2009,13184,1925,587,12649,3677,1496,12893,3319,-1373,12965,1783,-3099,10623,1448,-36,11315,2361,564,12553,3256,-1053,12690,4827,763,12566,5954,1804,13562,5236,-1365,15364,4098,-1417,14036,5456,2170,15762,6038,1920,16455,5969,-868,16091,5234,661,14845,6060,610,16190,4580,-2241,15314,1977,-1514,12671,1732,1380,13002,3097,592,13691,3107,-1991,12328,2778,-921,11254,2172,371,11661,1045,-2358,12329,2372,-992,11456,4797,2364,13283,5265,801,13096,5525,-1917,14735,4373,-36,13582,5907,1834,16019,5087,-397,15497,6183,-72,15781,6653,2533,15993,6067,481,16036,3373,-2219,14202,3203,-788,14750,3734,283,13559,2591,-1172,13501,2189,-381,11839,3352,1028,12468,2709,-831,12116,1118,-3345,11193,951,-383,11184,3745,1690,13150,4611,-454,13501,5887,-392
13029,6334,1535,14528,5584,-548,15508,4972,-1587,14879,5421,1471,15325,6772,2912,16623,5337,-110,15746,3953,-668,14244,5241,-151,16024,3988,-1750,14180,1870,-1403,12697,1786,838,12537,3399,1502,13004,2699,-1444,12420,1444,-2661,10690,1500,-93,11815,2402,-549,12722,3985,-944,12883,5606,1854,12941,6500,1129,14097,5371,-1879,15022,4485,-937,14179,5537,2014,15381,5353,1519,16235,5511,-322,15628,5295,1490,14962,5651,530,15858,4340,-3214,15097,1774,-1547,12723,2058,1899,12921,2691,506,13871,2888,-1798,12162,3149,-554,11485,2601,-328,12034,899,-2742,11845,2327,-547,12100,4877,2697,13019,5626,741,13840,5710,-2092,14165,5071,128,14167,5561,1455,15615,4774,-558,15421,5301,755,15464,6718,2621,15899,5655,-260,15947,3329,-2371,14002,3360,-319,14943,3055,848,13885,2229,-815,12877,2834,-912,12967,3809,499,12158,3568,-1546,13010,1076,-3050,10781,1139,447,11503,3025,2081,12966,4237,-709,13193,5750,-412,13196,5917,1128,14140,5060,-465,15523,4078,-906,14308,5237,1941,15566,6625,2057,16666,5733,-948,15264,4177,-178,14818,5488,-25
