Fault class: obstruction (100.0%)
X:13290 Y:5242 Z:-2850
X:12105 Y:2421 Z:2328
Fault class: obstruction (100.0%)
X:16193 Y:2103 Z:2452
X:12891 Y:889 Z:960
Fault class: obstruction (100.0%)
X:14211 Y:3680 Z:-1419
Fault class: obstruction (100.0%)
X:17263 Y:3632 Z:316
X:15112 Y:3723 Z:2816
Fault class: obstruction (100.0%)
X:13527 Y:8201 Z:-3843
Fault class: obstruction (100.0%)
X:15808 Y:2268 Z:-978
X:10641 Y:9994 Z:-965
Fault class: obstruction (100.0%)
X:14493 Y:-799 Z:4050
X:11754 Y:2537 Z:-2935
Fault class: obstruction (100.0%)
X:16068 Y:1619 Z:1162
Fault class: obstruction (100.0%)
X:20175 Y:1932 Z:-67
X:14139 Y:5083 Z:1806
Fault class: obstruction (100.0%)
X:13259 Y:2771 Z:-1399
Fault class: obstruction (100.0%)
X:20388 Y:-2561 Z:3710
X:10836 Y:4908 Z:2381
Fault class: obstruction (100.0%)
X:17803 Y:-2007 Z:2481
X:24028 Y:-3562 Z:5827
Fault class: obstruction (100.0%)
X:12107 Y:4571 Z:-2043
Fault class: obstruction (100.0%)
X:16792 Y:3943 Z:587
X:9762 Y:6799 Z:1577
Fault class: obstruction (100.0%)
X:14476 Y:1536 Z:2744
Fault class: obstruction (100.0%)
X:11694 Y:3114 Z:3301
X:12698 Y:4157 Z:2232
Fault class: obstruction (100.0%)
X:11810 Y:2615 Z:-7
X:15390 Y:4121 Z:893
Fault class: obstruction (100.0%)
X:11905 Y:-2416 Z:300
Fault class: obstruction (100.0%)
X:14829 Y:10610 Z:1150
DHT11: 40.0% RH, 29.1C
X:12515 Y:8701 Z:-2411
Fault class: obstruction (100.0%)
X:23432 Y:-4283 Z:9379
Fault class: obstruction (100.0%)
X:17396 Y:777 Z:-36
X:17335 Y:5093 Z:6617
Fault class: obstruction (100.0%)
X:12151 Y:2760 Z:-701
X:16589 Y:4548 Z:4460
Fault class: obstruction (100.0%)
X:11923 Y:1767 Z:1075
Fault class: obstruction (100.0%)
X:15217 Y:4704 Z:-1534
X:10854 Y:3433 Z:-791
Fault class: obstruction (100.0%)
X:8521 Y:7195 Z:1953
Fault class: obstruction (100.0%)
X:15190 Y:3323 Z:704
X:15357 Y:-1734 Z:1214
Fault class: obstruction (100.0%)
X:14676 Y:910 Z:1390
X:9656 Y:3150 Z:-20
Fault class: obstruction (100.0%)
X:12848 Y:5115 Z:4716
Fault class: obstruction (100.0%)
X:14308 Y:4892 Z:6006
X:10452 Y:2835 Z:1845
Fault class: obstruction (100.0%)
X:17249 Y:4819 Z:-696
Fault class: obstruction (100.0%)
X:12101 Y:2541 Z:3810
X:14534 Y:3649 Z:-4009
Fault class: obstruction (100.0%)
X:14045 Y:3811 Z:4305
X:14096 Y:6108 Z:-3261
Fault class: obstruction (100.0%)
X:16327 Y:-2129 Z:6714
Fault class: obstruction (100.0%)
X:16349 Y:2111 Z:-2649
X:13481 Y:-41 Z:4742
2Fault class: obstruction (100.0%)
X:13995 Y:12995 Z:1743
Fault class: obstruction (89.8%)
X:16920 Y:-562 Z:368
X:19427 Y:-3087 Z:3847
Fault class: obstruction (100.0%)
X:11388 Y:5505 Z:1223
X:11403 Y:6831 Z:181
Fault class: obstruction (100.0%)
X:14869 Y:5269 Z:-335
o[debug] got bytes: 0x32 ('2')  0x6F ('o')

Selected: Speed 2, obstruction. Set up the fan now.
Send 'S' when stable and ready to capture, 'X' to cancel and return to menu.
Fault class: obstruction (100.0%)
X:13666 Y:4722 Z:745
DHT11: 40.0% RH, 29.1C
X:16953 Y:1844 Z:591
Fault class: obstruction (100.0%)
X:11897 Y:2248 Z:1934
Fault class: obstruction (100.0%)
X:14109 Y:5584 Z:-4712
X:13436 Y:4478 Z:4410
s
=== CAPTURE START: speed2_obstruction ===
8268,6306,1354,17438,632,-1171,13532,7376,526,18422,4244,2866,10833,3166,2593,14299,2599,-4220,15422,-2335,5283,9390,6861,4210,16605,1728,-7055,13869,4553,3598,12719,4376,1231,14556,3382,-849,11394,1638,254,14664,955,5135,12517,7965,4257,11493,3056,-4960,15611,4574,1066,16136,4946,8375,11669,4320,-3635,10085,5582,2640,23710,-3413,10568,3596,10833,833,18414,-2797,-5561,12905,12111,2867,19484,565,6049,9361,4263,-949,15718,2235,-1803,16464,-1297,6835,9806,6643,-210,14799,2170,-4588,15008,3647,1527,13053,4724,5301,12628,1525,-6064,9669,2376,2372,18909,674,4250,10751,8222,1649,10957,3366,-2183,15644,4645,3308,14519,5397,7326,15105,3069,-6202,7499,7872,6841,22996,-5671,7693,5331,11556,-2678,19433,-1134,1508,13544,11417,302,15586,-1319,4450,11976,3664,-2557,14998,2626,308,15356,63,7596,12886,5696,-3500,13021,3277,-2879,14581,3018,4263,14365,4503,-1344,12776,1404,214,8668,3243,2119,18815,2007,4676,12877,7916,834,10792,2354,-4303,15956,5783,5066,12191,6396,3434,16578,1143,-385,9489,5681,5878,16833,-1672,6336,12214,7665,-1855
14300,0,5043,14455,2891,-372,13713,3094,-180,15331,-1234,4901,12671,6965,-1156,14138,2809,-2200,13300,2376,2581,14183,4530,-533,13473,2359,1912,8868,3125,657,18192,1437,3728,13019,8577,2502,11670,1604,-3830,13980,5312,3560,13579,7321,3041,16315,2148,1522,10244,4303,4064,16418,-547,5066,13317,7404,1250,14837,2605,-1870,15218,5939,991,11802,2467,3406,16062,3209,2,14159,398,245,11238,2032,4494,16613,5076,206,12432,2537,-4384,11968,3192,2167,16782,5633,830,13005,2085,19,9505,1439,414,15920,5296,3959,13842,5741,4121,12953,2815,-4244,14996,5293,3457,12740,5986,5635,13042,3578,-1125,17073,-200,5747,9921,6402,4055,15606,1092,774,13591,8125,-2503,19280,2920,3987,10642,3483,3056,14946,3591,-3176,15037,-2832,3566,9927,6638,2449,15833,2263,-1872,14313,3459,254,11573,4112,146,16020,3748,2145,11042,1899,168,13973,629,1789,13268,7175,6113,10766,3921,-2248,16163,4378,-2958,15619,6176,7400,13077,3819,-1228,8119,5626,4325,24087,-4241,6344,4618,11652,928,17623,-1562,-746,14482,11041,355,17218,243,3656,11953,4039,876
10170,5293,-1300,14966,3819,-1034,15006,2736,2056,12385,4124,-1063,13966,2146,-1266,9662,2542,5622,16304,2610,-169,14498,7325,865,10138,2623,2829,14630,4748,881,15605,6660,3865,15005,1663,30,7500,6095,7023,19427,-2091,3351,9932,9390,-2934,15898,1104,3710,16005,8004,1429,11948,216,-181,15692,4308,1710,15943,1765,1938,10292,404,2464,15331,4940,-1672,15079,3883,1272,10414,2485,1702,15853,4344,-4720,14265,2684,2415,9702,2121,2391,14429,4636,2168,15375,4955,2633,11485,3724,-1451,15239,4878,4686,12694,6381,342,13276,3167,2122,16349,834,8435,10011,6399,1897,14915,-371,-1061,14584,9324,634,19945,2258,1947,7497,3224,2310,16481,3442,-1962,16864,-579,6805,8751,4700,-1343,14888,2615,-3096,16164,3121,3533,10457,3450,461,14313,2983,-2253,12265,2579,2746,14575,2131,3784,12755,6678,630,10962,2329,-790,14477,5752,581,17613,5398,7182,11795,3088,-4592,7639,5872,6848,23658,-2979,7113,5813,10467,-2102,16675,-2114,443,14481,11939,2815,17191,-588,3666,11304,3813,-5036,15930,2947,4084,13972,-450,5265,12255,5722,-3489,15082,3531,-2943
15234,3104,-145,9867,1582,268,13426,5590,5489,16583,4297,1925,11101,4219,-3485,15541,5378,4746,12427,5531,5032,12306,3526,-1663,17581,-626,6647,9168,8951,5915,14754,-2412,-2127,14546,11084,-3356,21117,2029,4535,6809,4034,5355,16571,2749,-5023,16989,-896,5876,7563,4299,944,14854,3148,-2005,17588,3243,-857,9384,3791,2943,14770,2872,-1447,12322,2481,339,13852,1840,3389,13465,6599,1657,11049,2613,1815,14246,5130,-1840,16993,6978,7654,13946,3128,-1465,6185,5106,4948,23178,-3232,5755,7773,11053,-929,15417,-652,1084,15539,9603,-489,14705,-66,2998,13645,3891,995,16814,3251,1772,11713,-861,1186,12895,5807,1934,16084,3493,-4193,11313,1857,3074,13807,3976,-1063,15244,3738,1737,9946,1493,834,12809,5033,1423,18303,4980,6601,10503,3425,-3799,12647,3714,459,14560,6825,4390,13316,4516,3431,16585,204,3580,8863,5620,4824,16800,262,412,14053,10640,-2133,21137,3422,1164,6216,905,3293,15290,3245,557,18532,-62,1979,7843,4655,2935,14595,1715,-3634,16779,3597,-330,9632,3629,1921,15335,2782,-12,11705,3293,3144,14261,255,2516
14322,5265,3608,15617,7730,3121,15860,1475,-2125,7728,4132,9701,15894,27,4508,13751,6728,-2558,14003,3078,1107,17412,6739,3141,10214,1587,1027,15332,3988,-2685,17086,371,3594,9210,2748,6366,15331,3526,-5927,15650,3796,857,10200,2503,3436,14889,3937,-4156,14688,3614,2073,11395,748,1821,12198,6954,5374,15080,2768,-2018,12739,4675,179,15473,5336,6774,12397,4688,449,9685,5638,-1531,22207,-2291,12968,3312,11516,1485,16978,-5405,-5937,13652,13297,2510,22569,514,4102,6301,4110,2295,15483,2115,-4745,18173,-449,9425,8434,4113,-1288,14443,2628,-4798,16576,3754,2548,11096,4176,2795,13395,2092,-4488,10695,3711,2231,17051,2027,5046,12478,6507,612,10171,2502,-723,15691,5503,1469,16108,7324,7403,15194,1353,-3602,5095,6487,7442,21896,-3858,5095,7654,10147,-1717,16130,-2076,-33,14618,11449,-106,15125,147,6932,12984,3489,-2451,15905,1658,708,11459,707,4943,14709,4217,-759,14434,4173,-4056,12241,2337,5474,14892,5315,-2411,15359,2590,384,9068,2057,230,13780,3689,5601,17150,5482,2104,10253,3206,-4256,14718,4330,6516,13031,6951,1734
9714,5365,3210,14235,-259,2636,15290,8837,-3094,20046,4292,1620,7908,2879,5604,15455,2744,-3863,16773,-1925,3555,8316,5464,3562,16165,2367,-3931,14576,3336,373,10458,3836,423,15805,4528,1082,12685,2900,1866,12934,1085,1466,12926,5633,4188,11211,3297,-708,16147,5427,-3737,15790,6837,7078,13432,2655,156,6170,7198,4193,25179,-4683,5754,2874,11069,-227,17849,-3306,86,14335,12484,883,17814,-383,3661,10305,4400,-244,15758,2768,150,15590,-1060,3279,10625,5784,-806,14750,2922,4,15039,2104,1660,12007,5074,-26,14502,2051,-703,8795,3366,3865,17375,768,-723,14007,7499,4316,10085,3284,1340,16168,5230,535,13432,6774,2509,15770,2106,1175,8457,6234,6674,17545,-2429,3940,10527,7918,-860,15332,242,3066,17139,9304,-2922,11337,716,2188,15426,4177,2826,15393,1146,865,10574,1147,4198,16193,4802,39,13779,3426,-2416,11227,1541,1188,16222,5360,-3276,14640,3906,4326,9313,1952,504,13942,4517,2277,15520,4270,4384,10900,4625,-4204,16747,3654,4216,11547,7404,1512,13682,3308,2867,15898,848,7624,8532,4838,-150,16320,62,1135
9639,2679,2397,16031,2085,-3785,14859,240,5050,10243,4621,2776,16245,1688,-5029,12671,4180,2420,12247,2697,1622,15996,5884,-1290,12828,1664,340,12093,1812,3750,13238,5398,3405,12506,3949,-2406,15093,4963,1952,16635,4895,4817,9630,4894,848,12406,5598,260,21757,-1369,11438,4196,7790,208,16160,-2488,-2666,14778,12425,722,20725,1325,4019,7965,3927,1061,15805,2162,-916,17043,-1552,5665,9031,6624,1535,15393,1677,-5285,14366,4359,2839,13316,4239,2627,13097,2593,-3975,10086,2035,4203,17894,1196,2866,11499,7678,1371,10230,3309,-2652,16122,5919,2545,15976,5191,8534,12379,2946,-7367,8342,7415,7660,24292,-5374,7730,4105,10871,-3483,18634,-2815,751,13303,13335,4033,18092,-978,3293,10164,4178,-3714,15550,2387,338,15970,-291,7893,11723,6317,-4964,14041,2070,-1414,14012,3929,4527,13712,4001,-764,12610,1664,-2513,9247,4138,3430,19559,1032,4963,11644,7386,-627,11019,2076,-1572,15825,6455,4657,13295,4639,3049,15476,2297,-1405,9078,6760,7831,18365,-3146,5948,10263,9023,-3784,16640,178,1500,14703,10490,406,13103,213,2667,14985,3557,159
10722,6643,-2960,13653,2088,-2770,15070,3219,1917,13443,5200,3650,12609,1061,-4689,9184,2848,2354,19791,997,5684,11107,8255,1166,11171,2452,-1525,15084,5532,2804,13420,5818,5944,16227,2624,-3145,7999,7472,6378,21604,-5157,7207,7315,10919,-2339,18545,-287,1276,13959,10621,-283,13927,-131,3949,14406,3101,-48,13017,1871,-35,14665,-65,6169,15127,5790,-1542,12115,3643,-4745,14064,2630,5599,15017,5576,-1367,13463,1696,1904,8339,3012,403,17871,1975,3807,13336,7329,2141,11628,2850,-5569,15743,5472,6597,11642,7402,3186,16434,1218,-859,10744,4452,5403,15649,-888,5757,12969,6694,-496,15113,2985,-3302,15892,7059,4111,12383,2489,5066,15874,2663,-3695,12704,342,1829,11930,3496,4881,17262,3385,-1412,11343,3777,-4314,13125,3221,3977,16702,6546,1019,12877,468,-2725,9225,2015,1645,15138,3894,6365,14271,5843,1970,13139,3465,-4994,15790,4716,6206,11147,7090,2906,14857,2685,-1622,15324,274,8525,9088,5017,3618,17348,1889,-400,13287,8380,-2445,18936,4015,3249,10107,4026,5182,16062,1207,-4951,14109,-2174,4082,9749,7216,5373,17003,1265,-6047
14868,5101,-1091,12661,1382,4030,8342,2849,-75,18905,708,2334,12656,8764,3175,12059,1287,-5418,14835,5909,5024,12576,7939,3308,16444,1551,1771,9506,4632,4443,17372,-3052,4356,11787,8611,58,15520,2340,-2578,14944,8294,1715,13616,1787,5523,15617,3163,706,12674,611,-1086,11822,1225,3626,16864,3837,1713,11237,3604,-5865,13460,3907,3459,17156,6419,751,12834,797,-147,8284,2078,-192,16927,3362,4040,13480,6747,5705,13254,2603,-5909,15130,5775,4176,12386,7470,3695,14553,1956,-380,13756,1308,6486,11076,2714,2703,16551,3805,1918,13554,6324,-2221,16962,4971,1631,11934,4038,6080,15964,1928,-4731,13022,-2069,4083,10693,5285,3651,17172,2506,-4298,12408,4091,699,12877,4293,-696,16307,5185,3439,12144,1046,-733,10971,788,1501,13932,5844,6750,12657,4364,-2632,15362,4234,-1676,15330,6160,4035,12104,6672,4945,12661,4459,1169,18711,-3262,6305,6127,7095,3520,18147,250,-1744,14425,9864,-2729,17322,2689,2967,11758,4242,4880,15160,2556,-838,15517,-3477,1568,8568,6864,3738,16587,2183,-4330,14070,4392,36,12898,4492,2650,13676,3245,785
15997,4398,980,14476,6327,7250,12466,2808,-4394,14600,4856,3036,13433,7848,1864,14088,3158,702,13777,1154,7440,12505,2451,1160,15154,3423,2791,14177,6203,935,17087,5601,-731,11673,3305,1984,15053,2468,-578,14767,-1360,3893,10511,4843,1542,15773,1715,-1403,12871,3139,1075,12644,5396,-2626,17167,4406,1934,11104,1848,1122,11148,-689,2790,13717,6917,3945,13135,4765,-1128,15544,4203,-21,15139,5484,2118,12292,5606,3767,11632,5949,2380,20371,-3698,8731,5236,7898,937,18178,-216,-1404,14709,10495,-640,18088,2088,843,11230,3645,4272,14673,3681,369,16385,-3878,2860,8072,6490,2240,16563,1556,-3921,13852,4172,327,12795,5203,1679,13923,2496,-1036,11279,2617,4518,15934,420,48,11525,8029,1468,11275,2634,893,15871,4824,-1187,14941,6458,7182,14063,3572,-4112,8947,7592,8381,23075,-6266,3237,4553,10703,-1678,18763,-1165,3098,15254,10888,742,15344,627,3897,11756,3157,-2373,15400,3825,2940,16119,-2494,4236,9868,5478,-4750,14895,3207,2491,15292,4102,508,13005,4514,-1124,12305,1893,-874,10804,2847,4833,17616,1623,1943,12358,6987,931
16313,5661,6881,13675,3285,-5494,8397,6294,9166,22008,-4209,5082,6846,10426,-3210,18146,-558,2493,14326,10724,2125,14503,-110,2521,14141,3800,-3252,15064,3191,3880,13369,-1040,4185,12821,5621,-3644,14789,3275,-95,12371,3595,4712,15353,4528,-4212,13300,2433,1247,9478,1778,3918,15711,2303,2506,14987,7077,1356,11123,2276,-3399,14632,5982,6513,13622,7201,-663,15003,2375,-709,12047,3313,8892,14502,1049,4520,13180,4758,-1501,14818,4602,-104,17330,5824,3256,10586,2920,-185,15890,3102,-2510,15598,-705,6088,10127,3324,4465,15544,2945,-5723,14428,3279,1004,10395,4116,2460,16644,4168,-2207,12232,2579,500,12184,954,3927,13651,6109,4265,12812,3377,-2874,14124,4732,810,16559,6360,4989,11106,5104,1914,11243,4857,-2152,21400,-1629,13362,6192,8019,1236,15776,-2954,-5137,14728,11687,1136,19824,2163,4176,8936,3768,390,15568,2805,-2411,16286,-1528,8538,9175,4810,643,14811,3015,-4614,15989,2882,997,11810,5624,2794,14009,2095,-4666,10373,2048,2886,16011,1312,5697,12935,7014,471,10281,3077,-1362,15274,5636,283,16114,6566,10137,13631,2030,-5777
12029,9168,-2601,15945,1567,1620,14699,7626,159,11735,1001,2403,16528,4130,1257,15923,678,-835,9304,747,5493,16136,5473,222,15156,3470,-2921,10030,2395,1095,15677,4196,-1224,14214,2657,2333,10063,1034,-877,12808,6087,5383,16328,3958,3742,12912,4430,-4588,13804,5222,1172,12922,5923,6839,12143,5743,-79,20859,-2455,7472,5913,7294,4271,16537,-1765,-1115,15561,13515,-2608,20409,1441,1684,6322,2255,6107,16475,2243,-2536,17841,-353,4617,7097,4084,581,14975,2343,-2853,16071,3884,-161,11295,4361,843,14213,2775,-66,11098,1734,2651,14943,1373,2753,13580,8020,-85,10843,3370,3100,15055,4248,-2329,15491,7285,6162,15631,2780,-228,5872,6800,7135,23053,-5980,3065,5715,11175,33,17534,-520,1877,15015,11295,-792,14805,-884,3055,13044,3870,762,15926,2094,2966,12477,-1541,775,12724,5811,-688,16165,4519,-1996,12165,3139,3429,14075,4140,-2697,14677,3039,4060,9705,631,1796,13844,4425,-872,17297,5986,5550,9824,3965,-1784,15013,3599,2180,12616,8452,-264,15226,2025,4880,13861,2805,4822,11990,2749,3565,14206,2323,686,14351,7652,717
16406,570,-4070,17296,-899,8101,8212,4491,-1553,15274,3405,-5129,16235,4934,3117,11307,3899,1971,12846,1601,-3401,11358,2427,2591,16805,2182,5026,11885,6388,-272,10167,2930,-1659,16404,7095,1291,16504,7090,8157,13813,876,-4342,4931,5750,8335,23947,-4849,4653,5556,11464,-2217,17552,-1781,-470,13742,13331,741,16742,-1579,6642,11094,3534,-2167,15660,1334,800,13210,-147,5283,13455,5661,-3731,14921,4692,-3784,13007,3272,6702,14405,4372,-1571,14253,2042,763,8789,1724,2015,15009,2303,2855,16687,6913,1974,10006,3718,-4615,14793,5935,7254,13614,6915,1688,14356,895,-1366,12300,2660,6932,11730,2854,6143,15437,4184,-1944,14146,6186,-2008,19287,6330,3988,8138,2274,3718,16576,1066,-4123,15189,-587,3661,9595,4234,6191,16281,3040,-6430,15003,4229,-1096,10007,3774,4349,16756,4488,-1054,12664,1714,378,12078,145,3105,12229,7513,4841,14451,2896,-2743,13720,5931,-980,16678,5800,5616,11121,4586,3629,9497,4214,-2619,22522,-3063,11849,3696,9649,2079,17109,-3271,-5718,14312,13505,-1380,20985,1531,6742,7886,3399,2260,15633,1800,-3119,17358,-1656,6293
16867,10452,-2501,14562,5828,2116,14504,873,3809,5885,-2434,3105,15645,-1604,-49,14918,5663,5522,12020,4528,-4110,13951,9129,-3960,18875,9340,9624,12587,4229,-174,6955,-295,5922,22334,-6167,3216,8858,9752,890,15717,2725,-223,11452,23297,-2283,21625,-1247,8077,8945,3131,2207,16217,-6266,-1298,11535,-4315,2051,11512,5909,-147,18147,2916,-3695,12472,7780,-156,14486,3197,3337,10965,1402,771,9029,-2293,1876,16886,-53,-673,13716,9050,4587,10946,6134,572,16519,20484,-4370,17325,8582,6824,12187,-3512,5803,8329,-2339,5809,22594,-7853,1306,6514,11640,49,20231,-1982,-1518,11426,15023,-3062,16273,-616,5692,12750,4309,4498,12766,-4489,-424,10532,-5615,1830,12727,6408,-3157,16746,13220,-1193,11704,18233,1395,11385,4134,-1331,10370,-5158,10050,16305,-2750,-473,17902,1183,2278,10345,7317,-659,9159,-565,-6592,17630,10565,3814,17669,7843,6246,11073,-827,4974,5702,-4477,4838,18488,-5915,-2424,7597,13904,2167,19491,7528,-663,13045,20682,1262,15283,-957,5369,13005,-1735,3963,15735,-3559,-1744,15069,1957,957,15279,8746,229,16926,-210,-4738,11151,9383,2322
9903,-5177,9422,13611,-118,-2360,20002,-122,4221,11681,9221,-3665,12510,308,-6355,16414,10745,5316,16896,7587,8827,12848,-1984,3166,4866,-2426,4531,18686,-6214,-1894,9432,15488,1099,18737,5554,236,9939,18109,1063,15366,305,7701,15620,-1848,850,12738,-2662,-1953,13240,1138,3049,17136,8149,-1752,16722,497,-2557,11920,9770,1141,18551,2202,2426,11302,534,1534,6402,-542,574,16724,-2275,2814,12350,8721,3500,11889,5528,-4429,14180,14248,948,14482,8520,5778,13013,-2107,3296,5918,-2279,6775,20981,-5358,2106,13810,14171,-905,18065,-78,-4360,10682,15279,-1082,20579,682,11052,14465,3254,1789,11729,-3639,713,9699,-1622,1294,19460,4855,-4280,9775,7617,-3301,12460,14100,3117,15623,4714,4776,13206,-4173,2622,6006,-2073,-1317,18234,-1187,-760,14612,8396,4359,12169,1772,-6692,13168,9397,4926,18029,7348,9549,13661,229,-1352,6546,-788,3866,21232,-3695,285,11852,12879,947,14365,1851,1352,10349,22504,-975,22089,1076,9640,9832,677,-553,10304,-2988,-2012,14385,-1720,2590,16492,4014,5633,13383,1860,-7518,13915,6988,-42,15705,4655,5550,10818,-1204,-2603
15427,-1953,-1817,17068,-1709,3039,9555,6823,-5830,13136,285,-3632,18225,9305,13433,15994,7735,2003,11638,-2276,-81,6008,-3156,5522,19154,-5003,-3666,8632,14822,1581,13746,8441,4786,16807,25733,-61,19988,4068,7275,13007,-2930,-423,7724,-6276,-402,16172,-2201,4481,16260,7867,-872,19460,-2978,-4016,9792,7566,-222,15796,3626,763,14060,2211,-267,7970,-3079,5822,12566,-6546,1449,10115,5772,4147,8320,8475,-2789,19108,21470,-5878,20926,17153,7146,12862,1527,2053,6019,-12011,12040,13179,-2809,6084,18354,3704,-6694,17141,6261,-3124,11209,5107,-4837,18667,7454,8110,13589,4041,9397,13922,-3511,3335,7057,-9608,-1645,11924,363,-8046,8988,14277,-2215,22704,17180,4272,11433,16222,3088,11424,-649,4949,7975,-8299,6159,15718,-2350,-6095,18353,-1466,580,12731,6402,-3757,12262,3574,2494,16984,7364,7766,16871,7481,-5,11526,-2077,3823,7033,-4067,1836,15481,-3577,-3754,11122,14112,7825,12490,13185,3002,18235,22252,-3164,18156,5441,6252,16100,-2376,912,7744,-9123,2283,14287,-2788,271,16970,7525,735,19446,79,-3275,13122,4469,-3601,12193,4841,152,14334,2486,6911
13418,-3999,3175,10107,-6039,-2311,14474,-2930,-1778,15841,2945,2002,16662,1758,-2838,15038,7310,8969,13265,6301,2440,13143,2452,-1979,11684,-5193,6744,9175,-489,-124,12387,5244,1875,13919,11043,6780,15368,16451,-2633,18624,18008,284,12911,2454,1923,10658,-6253,1758,15709,-7656,7328,19141,1239,-1894,14340,6044,-2670,14841,-2235,-2644,14241,5070,-2896,17088,4595,2738,10027,2461,10169,7144,-6453,1257,10255,-3321,-306,14156,11573,267,9912,13219,-4989,17117,19703,-566,15774,15317,6827,17798,-2673,7303,7489,-9099,10557,14574,-3597,-5489,17863,2955,-3035,18184,2433,-1514,12441,5245,-2172,17565,5482,11531,12657,5877,10029,13725,-5520,-1647,6802,-7666,-5925,12236,3942,-5062,11287,15818,2575,19915,13720,4411,11900,17318,969,11694,2755,4814,11741,-8506,1464,17208,-1431,-7784,18446,-2256,4274,9129,5899,1656,16072,-1719,-1539,15996,8774,8375,16728,6072,765,8433,81,1766,10289,-5057,2239,13335,-141,76,9381,12240,9026,10329,10225,-2098,20807,18659,-6228,20770,12773,6841,11998,-74,1883,6023,-9023,2649,18566,-4942,5415,18650,4713,-1621,16415,1500,-5120,12922,902,-5009
8658,12636,681,20132,17160,3406,18059,10418,2358,12922,339,1008,8296,-9245,1698,14456,-141,-3110,20982,-835,5209,11675,3079,-1102,14208,2226,-1085,13457,9170,6224,18614,5485,203,9197,-1595,2820,6864,-2623,2767,15484,1165,4580,12460,12659,4322,7109,8450,-4405,19373,23527,-1743,21982,5554,5520,12873,-215,1466,8674,-10232,6957,16953,-3093,2267,16021,3077,-4597,18156,-467,-5371,13174,5735,-1105,12891,5111,4487,12999,4112,5626,12286,-3065,3887,7384,-3338,1648,12329,4299,-6511,11865,10653,295,10641,15022,604,24127,20872,3070,11191,7962,4684,9608,-8433,8106,12237,-6349,5141,22634,-3751,-7735,11375,7974,-1249,18829,-4546,4381,10191,11839,1512,21824,3902,7389,9116,4265,4035,11105,-8338,-1905,9642,-3489,-4878,12640,10101,-1312,9661,13205,3961,21255,15732,3213,16461,12511,-1040,10844,624,806,10345,-8290,5487,15464,-1482,-5353,20004,-1534,4449,11022,5761,2098,15659,-264,-1456,12417,8880,3643,20121,3783,-459,6953,1058,8690,9054,-3820,-567,13933,241,-1130,9798,13945,9781,11526,7888,-1979,18150,22383,-7271,23468,7856,5263,9728,786,5737,10162,-9803,3673
12672,4270,7582,13762,-5415,-5176,5573,-4149,-2435,12510,4536,616,14943,12076,1142,13474,12431,3200,13431,18901,125,13876,4900,-300,16379,-6963,3420,13839,-4205,-703,14831,-2888,1353,13849,3686,4788,17660,46,-3864,13465,7215,2466,14910,6792,2909,9831,3343,2344,12823,-5009,5696,8134,151,809,12278,6847,4267,13651,10876,565,15964,13778,-5710,18443,20974,3509,13646,365,3069,11438,-5076,5097,17058,-6780,5164,18587,-1887,-2471,12032,4486,-4066,18688,-3229,-3768,11294,8747,1640,17758,5045,5892,10272,2051,3493,5732,-6295,2939,10925,-2155,-3085,14371,11957,-3973,11370,10591,3475,10708,17012,775,23623,17558,3695,13557,1533,4833,12109,-9808,7050,8388,-1565,-43,25196,-6472,-5881,9483,9947,5049,20409,-4823,2007,9491,13472,2427,20205,1763,7571,10077,1312,969,6211,-6827,-3250,12781,-551,-3459,15589,12655,2252,5997,13252,3991,19825,18063,205,18286,8810,-5097,14804,-1389,7289,10724,-8943,1978,11980,-2395,-2880,21731,-1408,5589,11930,4976,-1014,14012,1769,-1126,12867,8576,2584,15954,5373,4049,10974,-3757,6273,5122,611,-2967,16761,595,3760,10979,13981,4811
8594,-1542,-1515,25221,-8065,-72,11084,10414,1819,17612,-5594,-1650,12222,12752,5642,16986,3445,9500,11805,-1624,-3068,3139,-5309,-1712,12279,-171,-127,14528,15015,-290,8812,13867,-913,21828,21679,4192,17404,9231,-1177,12393,-2750,2195,12191,-11130,3750,12569,-2559,-488,23883,-4568,2553,8853,6495,-3124,16434,-499,2816,13546,8984,2488,14330,5170,1299,10923,-2113,9049,5477,364,251,13125,-186,-1275,10925,14181,4502,11084,13967,-4348,22021,22395,2476,19401,10882,1293,11916,-2777,6708,12419,-13369,7727,12526,-3975,-4389,24088,-5114,-4086,11987,5338,588,14503,36,-3026,16154,7438,2948,11534,6780,8111,12908,-3491,5531,5539,-4491,-3763,8755,2487,-5792,13008,16617,3608,14016,14508,251,16218,19908,-1828,16964,13001,6308,13907,-2655,7329,15710,-13663,3249,6953,36,-1906,21036,-9610,1148,11469,8097,1652,12651,-2133,-2773,17745,9985,7576,11875,4485,6824,13755,-3885,-1111,4764,-2819,-3533,11023,3261,383,14467,16444,735,9177,13098,-898,22394,21261,1794,16498,9077,1285,14804,-5912,3046,11301,-10286,724,12981,-3380,583,22005,-4691,4019,11872,4195,-4313,12523,2444,980
[row took 92760us]
8805,-905,-4938,12467,14715,-326,15930,14232,2835,9313,17812,-2176,24512,15700,5371,11482,3319,3581,16310,-10358,7977,9599,-4333,-1039,22221,-13086,-3380,6811,10102,8591,24802,-8522,-1988,3760,16800,-1998,20930,-324,11297,6867,3961,-177,8455,-3783,-2492,12229,-353,-220,9854,12840,755,15025,13491,-346,11980,15521,-1358,22672,17373,3422,14990,5040,2944,18017,-10548,1006,11085,-7375,-147,14859,-9341,3122,13494,3125,477,19955,-779,-2547,8433,9515,4288,14978,4129,3219,9029,3759,3728,9603,-292,3358,8652,-759,-3,13511,5520,1813,10629,16165,-2327,12437,15135,446,24986,21410,2387,18388,7245,3611,14079,-6058,4093,12308,-12376,6334,14240,-5480,-4813,20463,-5058,-1586,13760,1223,2830,10302,5884,-4704,19119,6083,4981,9374,7782,5107,11062,-3679,3394,7151,-3244,-5310,7803,7048,-1605,15702,13539,3343,10942,14921,-1250,17562,14851,2955,19289,14352,2984,14444,-208,5566,14224,-13101,3236,9220,-2202,-2228,24986,-12731,4689,7717,10392,3421,19792,-5552,-4187,11502,14784,3071,13904,3209,8150,9197,276,-302,6601,-1955,201,12855,759,-589,10974,15434,-905,15519,10759,-1622
14877,-4135,7329,11534,-10966,3480,14951,-6719,-2735,22398,-7456,-11,8221,5563,-93,17211,1059,-3743,13064,8499,1849,9987,8907,7938,12686,-3528,-1193,1882,-535,-1680,12258,2145,-972,15345,7679,284,10600,13870,494,13497,13370,3054,25992,17044,5165,12639,7293,-303,18342,-8743,5074,11698,-6696,4488,15486,-6090,-1210,15381,-2181,4341,16740,-32,1060,5590,9579,-3832,20721,7706,4235,9362,5343,4871,10124,-4149,2810,8028,-570,-1936,11070,6198,-3337,16835,13620,595,9642,11658,1359,23394,13985,1982,15467,12957,1657,18909,-4085,6091,7544,-9384,-1075,17540,-6062,-1644,20574,-4581,3615,7190,5779,4283,15478,489,-3100,13785,7886,-357,10587,8184,6094,8843,1300,1023,7427,422,-769,10964,-1133,5533,15218,7220,3244,12091,14877,-6085,12941,13380,4016,26666,18897,3184,17552,4781,2312,13614,-6173,5481,16057,-11416,3361,11816,-4132,-4282,17243,-3309,427,16034,3635,-1106,8976,7952,-447,15805,4611,4499,8908,7171,1975,10625,-3938,3261,8770,-845,-2417,8422,4287,-3699,13915,11551,1353,16079,13555,5877,14502,11007,-1873,25132,14305,1214,10345,4128,5549,19846,-8742,3450
20338,-5565,6045,8347,5656,5321,14693,834,-6474,12135,10838,-1250,10574,7595,6913,8996,340,1616,6422,-363,1045,12132,-1007,6058,17276,8672,1810,12097,14505,-6597,13274,13676,3027,28807,18293,4399,15081,6506,3923,14390,-7425,5543,15752,-11340,1727,12198,-4135,-4879,17628,-4795,306,12801,3757,329,8942,5870,472,17280,6556,4761,8842,8668,-265,9025,-5098,2182,7133,-1252,-2646,8646,5333,-2335,19142,10279,5786,12399,12911,1250,12615,13069,23,26988,12852,2706,10829,10392,-36,19354,-9367,7536,9678,-5978,3088,16351,-11233,1588,15045,-1484,5641,13128,2370,-4021,6446,8783,-5171,17901,10416,6928,10414,3062,6693,10421,-3463,1575,8250,-509,-3103,9241,5830,-333,19683,13812,-3156,11540,10689,-797,17782,13588,9823,23462,15711,1274,17616,1542,-3880,12337,-11263,4100,12093,-6605,1394,17360,-9986,743,8900,2445,5899,17032,-213,-822,7497,9022,-4449,12617,8466,637,9995,5854,4821,11831,727,5367,9402,-3881,202,6309,7078,2339,19183,12493,-1347,14096,15446,140,19201,15782,1493,19510,15072,4946,15997,-3146,7487,16239,-12186,1176,9833,-6753,-2883,19370,-11160,-173
7722,3402,2941,19733,-632,-5474,7767,17216,-559,13898,6322,4239,3456,2985,5412,11301,-3734,2723,11746,148,-3770,6896,12784,-2590,22950,14982,-2074,12511,11419,6600,20322,10547,5648,19209,16190,-2324,19335,-3427,-2320,10022,-13362,4973,9795,-8018,-2419,15632,-9156,7214,11060,-375,8163,13478,-102,-9049,6107,12793,-6637,16191,9605,5342,4623,5020,6025,10305,-1002,1944,11662,-1720,3783,5366,7615,2415,21497,14427,-7823,15675,16968,2323,19329,14748,9283,24843,12606,2269,15641,-2990,496,14403,-13522,6410,9182,-8105,-2732,17163,-11435,-2860,13422,964,7731,14906,2477,-289,5912,9722,-2672,14602,11922,-1261,10553,3231,3238,5595,-438,1384,9337,-2897,-3700,7234,7274,5772,22150,14803,1694,15208,11711,-2217,12085,14121,3646,27968,8009,3336,10785,13383,950,21115,-13692,3716,4090,-8429,3968,15845,-12209,3276,20518,-7424,5691,4293,7092,-5122,9716,4912,-4108,12638,18467,5026,14408,1708,3335,7174,-329,6464,8557,1181,-3399,12196,3688,-1371,15021,16278,-3743,18424,10577,900,15005,10591,11981,24770,9750,353,11059,12549,-6226,20223,-11324,3283,10908,-6129,1763,16272,-11831,233
8660,-7628,-4360,15325,-11390,4067,9754,-296,6501,14901,3193,-1955,6304,12277,-5929,12482,8479,-276,9166,1213,4982,7512,-2825,516,10109,-2603,-1085,11102,9228,5027,22425,16090,-2945,16934,12203,-704,14521,12597,6422,26973,9944,1959,13028,12281,2678,18235,-9508,242,5977,-8900,4265,16272,-9061,3907,17814,-7715,3950,3841,3074,1373,8602,4646,-4914,13093,15739,-1311,14576,2061,6007,6916,-1148,5557,9290,139,-3075,15880,2325,-1100,13252,15162,-2589,18146,11796,1150,15364,10374,9638,23336,12139,2877,19321,14271,-4287,20391,-4244,-1270,11321,-7425,2184,10594,-7408,1232,11503,-6947,9833,10091,-4706,2250,10547,1354,-8658,7760,12371,-5268,13837,6337,6286,3762,1811,6285,13355,-4014,4044,10678,1319,-435,9921,7072,182,23576,16459,-5023,16670,18205,3030,16948,11650,13388,27154,7506,69,11961,8184,3308,15831,-8199,-884,12760,-4679,-3480,15462,-8335,456,13789,-8002,10234,6984,281,2887,10109,5322,-7429,14768,12253,-3903,6318,4382,4076,8437,-5468,2171,10210,-1410,-365,15117,134,5209,11758,15330,-2228,16680,15601,-4235,18990,8305,5448,15986,15439,5936,25554,9036,504
13376,13379,5116,22077,7406,-268,16928,2761,2676,11015,6282,-1699,15337,6789,1450,17465,7989,657,11474,1585,-883,9795,-465,9550,12337,206,-5525,14405,2200,2067,10186,3273,3077,12216,-1142,735,12355,-7176,6127,8007,-434,4397,19861,1391,-627,12084,11219,-2636,14885,3714,-1899,16402,11551,4488,16282,4620,11564,15728,5145,-2179,12491,5672,-2957,14085,8228,1743,19095,9599,-3453,13197,4327,3365,11500,-2498,8272,13445,2441,-2290,15337,-93,1048,9636,1849,-4827,11897,-1722,-272,12570,-1393,10933,17101,-3670,74,9099,6025,782,15992,2275,56,14050,8919,-7321,13172,6874,6890,15507,6154,8219,12609,4102,1232,14064,7615,2341,20197,6171,490,7896,13551,-1359,19384,-2623,2426,11655,7645,3951,15683,-2424,6941,13686,912,540,13984,1015,-7707,11050,986,5326,16704,-1362,3198,8884,5347,685,17495,-4609,4679,10184,9661,-4768,14754,6647,-1883,14481,3436,657,14831,6789,986,11509,3989,9414,16213,668,1494,10696,10295,-4602,19747,2207,2257,11557,10484,-2807,14674,1580,3890,14891,186,10347,9963,710,774,12653,-93,-85,17824,-8,2246,7499,10104,155
19661,10623,2854,14243,10655,4044,21641,16883,484,12477,1500,1948,14394,-3706,4504,12022,-3669,3669,19251,-7335,-2787,8430,5571,4432,18033,-5145,66,5694,13897,-3541,15899,5700,6748,10316,2303,4589,13031,-4535,659,7968,-2842,-2444,10696,4662,-1534,18123,14529,-1209,16038,7201,5196,13360,10177,1440,20032,18038,1502,19056,911,432,9186,-6368,-955,13886,-3691,-1131,18798,-4116,4975,9183,6121,5185,17356,-5775,-4576,6764,10870,-463,15388,6367,5338,8255,5068,1166,11897,-2919,2695,10198,-4055,4846,10745,3895,-1208,15378,14605,-3500,17893,11072,3892,15715,13035,4932,21830,14261,2269,14720,-2187,3510,12677,-4546,3546,15201,-3715,-3769,18418,-6846,-4064,7244,7036,6306,20182,-5144,471,7318,12532,-1339,15092,5791,3189,9344,888,3656,7324,-2973,-3401,13010,-5175,-2013,10077,7124,3170,14542,14207,2772,17589,9779,-237,15072,11297,1838,24566,13565,3083,10832,3892,2829,13591,-6661,2658,12785,-2065,5116,19700,-9517,-443,7848,6571,3479,18858,-4764,-5085,7089,15496,1412,15057,4519,9613,8854,-302,1274,12013,-3348,1794,11010,-2139,-1233,10765,7484,-6329,17981,12546,539
12583,7973,72,24283,15815,3980,18062,10267,6655,13914,-2698,4246,14337,-7324,-1982,12996,2492,-3992,22305,-5602,2302,5885,5525,1994,13117,514,-1528,13527,9968,4959,12997,6526,1314,8785,-3839,-2436,6803,-3593,-96,12441,-1178,2133,15756,6807,2974,14948,13333,-1087,11208,8145,2981,20277,12921,1662,18958,12465,-2132,17881,-679,7332,10304,-5956,5484,12986,-608,-2675,21030,-7088,3661,6088,8454,694,14190,248,-2861,15000,12603,2620,12234,3808,8921,8072,-3517,2623,8247,-2707,-3861,16302,-1942,-3005,13520,12818,1087,17898,6846,-10,5083,9660,3555,25226,14729,4370,16730,10161,43,13958,-4891,-2512,12496,-6157,537,15099,640,2923,16656,-1621,5370,10627,2718,-1302,9591,2184,-2489,11900,9908,3244,13810,7281,903,12330,-2058,4544,5503,-3572,5075,11289,-1640,2101,17829,8432,-3963,16998,12899,-479,7976,10395,5310,24904,15043,-561,16177,4843,7479,13896,-1134,3811,17402,-7535,-1626,10438,1331,-5548,18897,-949,4224,13175,878,1373,7195,6008,-1316,15004,7008,3640,11710,4847,3695,9487,-3804,-2072,9993,-5204,-3871,9063,2619,5032,17039,9666,2976,18286,11337,-2888
22593,12338,4143,16490,14211,-1226,15878,-3788,84,6261,-4417,2375,16938,2293,-3418,19281,-2317,6089,8260,6495,847,12006,-563,-878,13640,9742,2904,16063,5496,-31,10066,2542,5664,7332,-4106,4635,10503,-3339,62,16777,3978,1826,13014,12598,-1491,7494,8987,1926,23822,16310,947,16446,6683,6617,14567,-1618,6188,13208,-5136,-1453,11935,1930,-3034,19782,-1394,1217,11491,2959,-1167,9684,4132,-431,14580,8682,4370,14538,4238,3344,9369,-1847,-1373,10739,-3648,-282,9183,576,5077,14806,6463,-850,17139,10009,-1027,9786,9019,4711,20856,13537,-671,13857,8347,-1144,20343,-1251,8459,10782,-2423,3747,15003,-1348,108,12914,-388,2001,14876,-59,-121,8281,9273,-2709,16928,7538,4778,9544,3664,6985,13728,-5072,1963,7645,-1580,-4344,14248,-378,145,15660,14787,-1391,17716,3897,2063,8016,9360,3996,18858,17287,1587,17051,1491,1496,8990,-3909,-1974,17646,-1589,-1548,18508,-1621,3114,6412,5997,6773,19412,-4171,-4419,9060,10142,1324,12241,4498,3298,7565,5295,620,12880,-3728,5499,9846,-1365,3742,15914,808,1125,11479,13339,-1008,18365,6945,-645,14642,15383,4071
12444,4709,3171,15484,-1312,7607,14037,-2598,1542,17815,-4866,-579,6927,7954,5343,20814,-6205,-2282,5841,15256,-3410,19158,1812,8655,6429,6123,4715,15059,-7941,-285,5368,-1312,-491,15029,2987,402,16073,15632,-1315,14911,4232,-60,13717,10953,4981,16409,15548,1186,18706,-2713,-535,5257,-3990,2014,18052,-1335,314,19754,-2562,3059,5444,9045,1576,18437,-4088,-1331,10764,11946,1650,14800,2736,3028,7556,3866,-508,8484,-3595,4877,10370,-2879,3704,17752,3110,550,10835,14801,-1104,14727,7975,3383,21497,15429,-292,16569,10691,4292,13676,-3010,5863,12217,-4765,1690,14031,891,-3919,21802,-5342,-540,5914,9065,1955,15844,-2079,-458,13601,10169,1625,13039,5895,6445,10202,-3477,324,6226,-2145,-6685,11806,-2063,3242,15848,7401,5961,14157,13088,-3181,12232,6527,3958,19041,14244,3457,20408,10865,-824,17235,441,3117,8403,-6410,5381,10836,1441,1935,21769,-7317,1761,6862,8145,-328,13519,-661,236,16892,13630,443,11428,3455,5860,10293,-3750,3625,7368,-2276,674,15890,-2413,-2184,12348,13434,-1428,19428,7097,1169,3403,11687,3773,25314,12725,110,14249,9843,1394
13795,-5460,-847,15018,-3374,-1291,17610,-4530,-1114,8683,6984,1539,20354,-5073,1215,6390,12778,-28,15048,5513,4245,10384,-165,-787,5129,-2844,-1082,13123,-5387,2256,9569,7811,833,16166,12705,60,16957,10131,2917,15206,11189,2172,25085,12806,-1331,11559,3954,4755,12457,-6666,6661,13195,-2911,428,20315,-8376,735,7612,8786,5283,19726,-5382,-3190,6351,15851,-4271,16396,3646,11259,8396,2243,4528,11772,-4878,-2323,9051,-2981,-2277,10856,8347,406,19565,13525,-2049,12903,7027,4282,16176,11220,4401,17351,16088,2351,19566,-2364,-2096,8700,-6455,-112,13553,-2565,1695,19425,-4886,4956,6884,8033,2111,17858,-4758,-1319,8750,12147,-2334,14700,5306,2986,8525,2780,2781,7547,-1272,5039,13314,-5186,4372,11384,5677,-2072,14061,14094,-1671,17292,12270,2420,19875,13939,1655,18974,11820,6356,13976,-2647,5208,14925,-6406,294,12628,-1282,-4374,20063,-7735,-271,5632,9041,4942,19270,-3917,-1888,10651,11222,-398,11005,6992,4605,11940,-2877,70,5565,-309,-4088,13650,-6111,3183,10111,9590,4898,16064,13484,-2007,15328,9279,740,16090,11785,3547,24910,12755,-49,12163,3641,2759
10175,-5602,-1063,14075,-3277,-1746,17259,-4635,6227,9636,7355,6389,17064,-4402,-4835,5538,10292,-4494,15286,5645,6414,8845,4409,5352,10075,-3106,1249,11813,-6736,3233,8652,5118,2717,17703,10985,-5150,18121,12968,81,13633,11950,5636,23255,14649,4404,15344,598,4920,15273,-3586,-309,14980,-3353,-884,14395,-3990,-2627,11146,5021,568,19151,-4158,6029,4516,11163,-1414,16053,4747,-464,10168,3177,3186,8355,-3152,-464,12079,-8222,-1376,5903,5658,5154,20026,10750,187,16982,13009,-295,11148,7365,972,24134,13905,-1160,14947,9036,7679,17776,-1438,3200,11865,-7616,1066,12920,-3637,4941,16716,1800,-294,13479,3155,-1938,7927,5300,-261,15930,8989,6521,10995,2495,6366,10691,-5840,-1067,5782,-1971,-1739,13626,-357,862,17385,15161,-5287,18499,5914,4326,4898,12118,8179,25566,13782,-3804,16600,8089,377,12482,-4020,1976,12695,-5610,-1036,13570,-999,4408,18119,374,4999,10909,3116,-398,8961,2325,-4980,12805,9613,-66,12121,5541,8480,11064,-3698,3821,6781,-3566,-1228,9880,-1617,6586,21008,9249,-3586,13809,16973,-3453,11648,7757,5726,25370,16686,4668,17733,5042,6404
9268,11275,7549,20005,-3901,5054,10772,-5888,-2211,15289,-5929,3881,12697,3248,2080,15688,393,-1903,6906,8944,-1897,16071,6421,8129,9458,2587,6809,13609,-6832,-3047,5609,-2906,-2567,12960,2133,2192,16959,15717,-4921,19254,6104,3330,5930,12425,7602,25217,14705,-1952,16628,6840,-579,13246,-4185,61,12149,-4444,1485,15595,-2780,3985,14416,1098,3634,13156,-1099,-381,6585,5148,-4002,14754,8475,-1162,10762,5719,7201,11675,-3320,5780,8017,-5652,-1143,8021,-760,3792,22014,10167,-2534,13817,18404,-672,13481,7786,5267,23449,15603,2452,18641,5680,8839,13850,-293,-321,14619,-7306,-5141,11334,206,447,21612,-3572,3120,7161,4544,1438,12292,1432,1600,14613,9532,842,10146,4802,1867,11226,-4908,-1560,6022,-3288,-737,11085,-3698,6247,18233,9812,-643,13401,15518,-2171,15376,7424,4766,16478,13097,-3140,24368,11122,4140,14818,5041,8941,10750,-7747,278,11630,-2444,-81,22847,-7421,3679,4403,9958,1432,18096,-5126,-2985,7518,16238,-15,15802,1521,10748,6995,-497,3179,11495,-4770,-6311,12959,-3727,2047,11594,9238,-1540,16314,12500,-3252,16005,6052,8362,14655,14150,4036
14537,13097,2180,23341,11017,8575,15041,2186,3568,15886,-5760,-6883,11561,-1974,-635,18917,-6347,4510,6914,4591,1891,18969,-4557,2110,4525,13178,-2262,15733,3778,1957,10807,598,-279,5760,-2869,-1060,12834,-7776,5872,7326,8080,3232,19836,11899,-5228,17531,13759,2662,10576,10427,2586,27894,9680,-2200,12590,12811,8083,17650,-4434,4490,10008,-6619,-828,14745,-4118,2370,18297,-2174,3904,8567,4621,-87,9453,2235,-3810,14908,10583,3623,11239,2531,9741,9980,-4878,-1926,7038,-1993,-5329,15383,173,3113,15482,15005,-3511,17238,9824,3001,10658,10589,7900,25172,13146,169,15639,11356,-2027,15983,-2793,-1817,12857,-6694,1895,14916,-1447,6331,16416,-4606,816,6812,2252,3735,13425,179,-5039,10486,12061,-3693,12373,3707,6661,9711,-546,7191,8172,-2772,1335,13277,-5078,1279,11340,9122,-2780,16189,16206,-355,19408,10964,3555,14861,13707,2972,22313,10006,8909,15192,1481,1331,17122,-5458,-5392,10988,-1375,-917,18256,-6557,4767,6545,3897,1977,18686,-4554,1866,5568,13076,-2206,14251,3579,888,11008,361,-281,6500,-3083,-694,12272,-7140,6792,6630,8086,1333,20487,11265,-4507
14593,14648,-5777,17362,9913,3819,13102,10502,7175,23015,12732,-581,16700,14779,-1680,19150,-2330,-1191,12205,-5844,1629,14208,-3269,5292,15177,-5259,1779,6806,1563,5670,14138,-1900,-7519,7597,12345,-4255,15115,4912,6992,8109,858,7506,9785,-3394,605,13122,-5305,1049,7195,10687,-467,19381,12689,-2654,18507,13619,4987,13322,12838,2910,26443,11490,8791,16255,4348,-601,14922,-6028,-3357,10036,-2345,2334,17270,-5982,2098,10653,-282,2935,14940,-3645,3920,4779,10689,-6063,18808,6279,-785,8877,3056,1667,5521,-4779,1450,9502,-5999,3704,9562,4618,407,21303,12114,-2028,15420,15962,1796,13831,8612,2234,22709,11375,-1659,16900,16046,9860,16356,-2089,658,9984,-8439,1064,16001,-3958,2327,19505,-5950,4801,2620,5087,3151,15468,-4106,-7937,10837,16121,3257,14267,2396,8654,5037,-1417,-1095,10477,-3105,-1034,15794,-1763,2258,10288,11814,-4865,17916,12722,314,16045,9126,9312,17586,12847,69,22296,14742,-1034,20198,1292,-1013,10686,-6506,2401,11059,-4333,2723,15074,-4584,3889,11167,-1490,4204,12918,-1886,-2987,5203,9179,-11344,17504,7205,9193,7552,3915,7599,9190,-4996,354
10757,-139,3081,7836,-3480,822,10806,-5449,2614,8174,7185,1307,19454,13370,-2666,21045,13915,2503,11933,12671,-976,25318,11550,8545,14835,13145,2565,18118,-4642,-2175,5829,-7706,6782,16342,-7234,-766,18913,-7359,3632,4521,6235,803,13043,-555,-1966,10239,16438,1324,15459,362,5598,4710,-1447,2787,9593,-1944,-980,14906,-119,-2073,13938,13115,-2950,16745,12368,3971,16128,10209,5298,20863,12088,1004,20962,16860,1120,20398,-235,-1862,12873,-7711,-204,11171,-5548,4690,13886,-6401,5282,9444,-1491,1953,13845,-1186,-6432,4353,11003,-3885,15321,6633,7239,6905,2944,4495,11425,-4700,4262,8925,-2987,1681,8651,6304,-3650,22889,13066,-4913,17347,18221,6295,14452,10516,6897,26610,11715,5797,17372,10361,3050,14461,-6084,-3881,12824,-5625,1128,16138,-5705,-2709,15410,-6522,8550,6330,-12,4732,12140,2562,-6695,13955,13541,-4755,8525,5510,5468,7435,-4979,-1012,8444,-3304,3143,15821,-2721,5138,12263,12478,-3861,15368,16492,-3151,19600,8509,4627,13105,16058,4599,25575,11237,3349,12980,7753,1885,18129,-9412,1465,7745,-5660,3730,13805,-8775,-1641,11860,-4034,6419,12925,2518,-525
13564,-5203,5104,5322,687,2594,12566,135,-9652,11334,13406,-1485,11694,2359,11390,5603,-2791,4450,10538,-4245,668,15065,-1812,-396,14003,12026,-3152,15283,18147,-24,20815,10765,5404,15779,11952,7001,26099,11652,7679,15826,2996,-5582,15067,-3979,-3322,9891,-1133,3574,17626,-8304,2577,8309,-1549,5141,14964,-3482,2834,3407,10252,-8365,15793,5942,-1201,11149,777,1750,6464,-5038,4470,9580,-6224,3865,10392,5215,-2671,20077,13905,-1096,16393,15160,2704,15213,9149,-1144,22959,11973,6178,17127,13972,8573,15473,2319,-3925,13999,-5241,669,13201,-2361,4255,15640,-9041,1710,4278,4470,4922,18216,-4795,-2747,6836,15494,-640,13322,928,6519,5914,-3002,-201,12242,-1595,1353,16830,-2904,2537,9155,9908,-6137,16074,12233,1134,21238,9852,7992,13361,13042,451,25469,11735,-713,19088,8222,697,11191,-3130,-1210,11061,-2049,3628,14788,-3594,3255,14796,-3930,5683,8163,-651,-2453,7875,4588,-9411,16355,7849,5509,8612,2941,8244,8152,-4330,291,9069,-4060,4557,11393,1042,1346,21077,8955,-6869,12173,20110,906,19988,6666,9182,17995,14562,2641,21507,8611,6223,14203,3161,-2136
25328,9611,6921,10656,9125,4066,18724,1576,-1034,13898,-432,1588,12862,-1868,-252,11314,-88,3797,16547,-1289,2605,7899,8819,-1256,14566,2640,4734,8847,2126,2983,14023,-7397,-1334,7237,-2401,-314,14108,1213,3390,13590,9148,-3362,17444,6826,3244,10212,11326,868,25379,15193,1990,18466,8151,733,11713,2016,-3118,10687,-2673,5196,16357,4819,1035,17784,-1887,2782,8162,1698,268,11612,-997,-389,11583,8437,-3643,14506,4229,8695,9847,-424,4290,7966,-5769,1153,11292,-4461,2073,20081,3291,-2950,8259,15953,766,22750,5003,4860,10796,15763,1126,19991,9754,7677,13120,3545,3322,17975,1703,-8415,17090,2110,321,13709,-1244,2107,7380,2361,5583,19107,-5386,-479,8801,11498,563,12957,2988,981,10754,128,-406,9979,-3373,-1180,12620,-8597,6884,8682,4044,3252,14755,7327,-7753,17846,11086,5339,9170,10846,-770,25470,10903,1075,14387,11225,7469,18031,1081,3985,10935,-1295,-158,12325,2537,-1331,19669,-4528,3317,8050,6175,1226,13114,-69,-383,13258,9915,5941,13436,1615,6469,9431,-4844,-3636,7218,-3103,-2907,15885,-1495,2588,15381,9707,123,15240,5756,-935
10460,13032,-669,20925,6412,2048,9910,14254,2706,20759,11831,7621,15632,1196,3908,17150,851,-5764,15351,324,-446,13248,-81,2310,9072,2470,1183,19938,-4141,4188,7675,12229,-390,13942,2346,1417,11032,1572,-1199,9390,-2490,-1341,12177,-8277,5825,7486,4194,2771,17005,7437,-4660,17071,11638,4087,10430,8751,-442,23487,10547,-992,15425,9322,8405,16819,1686,4635,11151,-3584,-1337,12908,1607,2408,18796,-3218,1826,9016,7104,-1083,13413,-54,160,12429,10657,5470,12760,1936,7874,11265,-3656,-4616,6835,-4652,-3218,15257,-1208,4613,16348,11290,-4433,16118,6286,1741,7494,9071,9735,23446,11543,-3355,14382,11827,-648,14700,-830,-1140,8752,-2852,1283,19125,992,4562,17549,-703,1853,5865,5265,1698,14609,-1674,-2057,10985,11088,-3381,16580,2572,7813,8636,2448,4604,9326,-6051,1578,10427,-4682,2798,18341,4755,-1833,9588,14766,-242,21065,4860,2353,11944,15861,2946,20075,10366,8264,13499,1274,2279,15934,-942,-5506,16558,796,723,15627,-1656,-22,5969,4527,2337,19477,-4871,4064,9944,13162,-1097,14064,2693,525,9840,-122,629,8570,-2859,-1871,13047,-8994,5083
8906,-2407,2282,13284,2071,1724,14151,11406,-4895,19339,3797,6966,6642,13301,3656,23372,15774,-3074,17972,5528,-492,11063,-1418,1645,13966,-4283,2028,14824,2630,3275,15848,-358,3257,11099,2966,-352,9522,3327,-4817,13789,6719,941,12232,3620,7720,11195,-1629,4615,8212,-5570,-1675,9821,-977,4543,20624,7382,-2294,12210,16082,-2054,12934,6618,6432,23184,15810,1283,17325,6631,7334,13655,611,-24,12643,-5230,-3738,13809,2448,1430,21549,-2117,1088,6735,4241,3154,12807,-232,1946,13779,9139,-2121,13515,4169,2862,10785,-2731,-2553,6278,-3896,1521,13131,-4409,7246,15048,8467,-2254,13089,13346,784,15901,7053,2104,16097,11704,-3125,22814,12752,4007,13295,3746,8126,10552,-4670,885,14533,-225,-34,21046,-4593,2253,4288,8437,2907,20191,-6610,-3337,5895,16581,684,18536,773,10754,7097,1340,2820,12921,-6192,-6275,9610,-2319,1694,13293,5547,-240,13748,12656,-5212,19363,3447,10155,8779,14441,2853,18693,12975,-3278,17434,2603,180,12017,-681,-1589,15270,-2913,3084,14228,-382,5984,12031,2465,1089,15947,-1921,1029,7280,9123,-5796,15513,3368,2953,8069,5327,7623
[row took 91380us]
9365,3137,331,9001,-3781,-1135,12327,-7202,4077,7799,3472,3833,18148,9478,-3308,17316,13268,2268,9562,9285,886,24701,10329,-2288,14511,12450,7048,18497,580,6886,11170,-5691,-2516,11363,565,3058,19871,-4677,2558,7251,6573,-1064,14432,-554,-1881,13374,11790,4029,11678,2048,9970,10878,-4495,-2078,6401,-3323,-4090,17142,-2050,4054,13929,13633,-4167,17345,7448,666,7335,9289,9157,23922,13300,-875,17155,12032,-1041,14740,236,-2324,10553,-6658,1930,13832,1812,5322,19393,-2985,2641,6842,6625,1946,14734,-3146,-2563,9488,10778,-3954,15373,3395,7412,9951,1393,6319,7801,-5016,2101,10500,-5510,1625,17769,7284,-1155,11800,15834,-1792,17712,6936,3117,15570,14376,2690,22463,11630,8699,12908,1741,3712,14740,-4100,-7584,13865,1346,1681,19797,-4632,-749,5190,7530,3139,20748,-7444,3442,7015,13643,-1626,14849,2071,309,10342,226,1143,6610,-2197,-2236,13395,-9824,6358,8777,8762,2349,17099,11187,-4273,17142,10483,3262,10312,10393,572,27159,10517,-673,10515,10494,8042,17331,-1316,1794,12536,-5477,491,15699,-2421,3108,12392,1704,2756,14278,460,288,7467,8188,-2954
5133,7134,-6817,16005,5284,2386,10242,5772,6647,9831,-3172,4817,9220,-6674,941,10423,812,1601,19086,9802,-2177,15091,15922,-740,11308,7914,4548,24670,13451,3478,17312,7273,7990,14217,458,-2561,13765,-5809,-3229,12728,4829,366,21510,-4073,3690,5421,1316,3390,11590,1677,-1548,15482,8466,1205,10927,6217,1004,11045,-4586,-2469,6834,-5495,2553,11500,-3376,6715,17654,9161,-2530,13521,15618,-2420,16619,7262,4786,14351,11223,-872,25319,11572,4076,13118,6440,5937,10929,-6607,166,11301,832,1341,23771,-6904,2336,3085,10120,2640,20593,-7564,-1672,6067,17114,95,16470,440,9986,8037,1263,919,12867,-7498,-4311,10571,-2840,3065,12817,7338,-2196,16028,12546,-2264,16399,5539,7123,11579,11633,2309,20611,15176,-1579,16647,2879,-445,10983,-3622,-633,13227,-81,4518,18555,-1890,1423,8850,5108,2759,15753,-5594,920,7130,11303,-4416,17727,3254,2054,7482,5223,6975,10128,-4398,2091,10589,-7440,2996,11062,3037,577,16127,11512,-2384,18289,12556,1560,9029,10923,3216,25041,13151,5070,16355,4382,7267,14532,-198,-3799,14086,-4025,-1930,14156,862,1251,14070,1663,1538
12516,1456,2873,13915,919,1189,7525,8602,-4115,17572,5466,7241,9255,3759,7881,13048,-8119,-3881,4584,-2435,-2167,15887,1104,1402,14895,15411,-3737,19177,5101,3586,6543,12112,6262,27305,15288,-391,14777,8248,-1029,11476,-3101,-1681,12576,-5371,2461,18057,-1506,4340,13860,-278,3402,10930,-519,-1381,8801,5405,-2139,16452,7727,-1243,8906,6180,5790,11617,-2580,5382,7768,-4683,441,10861,-2788,2795,17988,9227,-3249,13855,17490,292,16141,8550,5813,20798,15262,-213,17936,8083,8758,14323,17,940,15312,-6904,-3638,12228,766,-373,20405,-5542,2685,5393,4169,4462,15720,-280,-2496,13011,11420,333,10415,4882,4015,11416,-3693,-3073,6159,-3132,294,12777,-6192,6531,13821,9475,-1493,13759,15746,-1937,18498,8277,4697,11733,12426,845,28265,10095,19,10615,7012,7583,14264,-5302,569,11937,-2057,1711,19886,-6709,977,6264,6909,3966,19433,-5385,-1303,5081,14920,-3901,17303,2397,10194,7317,2640,4315,13420,-6948,-4604,8807,-2819,329,11533,5183,1898,15984,13485,-5364,19666,6201,6538,6673,11723,5933,22019,14302,-1359,19236,4189,-1161,12361,-1017,-2833,13127,-3439,4178
12302,1047,-4368,14811,6136,2527,15585,4861,-1292,13602,706,4638,10250,4079,1564,12664,4742,1421,15335,46,2246,9604,843,-4403,12980,-5441,3095,11148,-429,6888,12994,6069,-3342,17424,6242,449,10302,9046,802,20926,4495,408,12338,8005,3361,17329,3027,7253,10207,1751,1728,16332,5380,-248,15668,4489,-667,11234,6923,3887,14428,616,848,13180,7196,1539,14262,-358,8375,12503,1056,-3583,12789,-4304,-1638,11480,-1291,5240,14505,9001,-1496,16948,1271,2898,7243,5189,288,21502,8398,-858,16652,5974,1912,11185,3548,-3172,12633,-1297,4736,14472,6855,6083,16821,4847,-1946,12034,6382,1136,12049,1942,-302,13671,8374,-318,16115,584,5767,11923,2512,2303,11401,-4967,3116,11061,-801,2722,16794,5706,-2022,13886,6989,858,8720,4075,5568,21713,8543,171,15167,6388,4536,14777,2812,1700,9061,-608,-3065,13619,3099,979,20380,6141,1124,11383,4472,3337,11602,759,-415,13712,10342,-2657,18817,-467,5571,8621,1987,-1473,12106,-4611,-948,11386,-293,9796,15055,6628,-2274,17006,5636,-2984,5807,6908,1558,21042,10003,1475,16377,6621,1897,15763,2444,5408
16642,1173,-4157,18413,-969,2996,5905,8729,4684,18521,-4102,-2191,11360,10268,-1122,13811,4116,6337,8891,3657,2893,10939,-5861,2078,8609,-339,-73,18588,1270,4506,9243,14358,-3904,15664,4615,402,18733,11520,6329,15510,12785,3748,13795,-2946,2773,11207,-2325,1287,18191,2476,-2509,20000,-381,-411,4960,6908,-302,14252,-2764,528,15262,11617,4453,15719,3745,2065,7458,-692,-636,10781,-4128,-451,12444,-2243,3217,12630,6192,-602,16724,10096,1474,7013,8129,2321,21056,8745,1543,18996,11585,-1277,17186,461,6440,7530,-4147,4054,14827,3023,-1337,20936,-3284,3547,7281,6888,3271,12404,1044,-5681,15406,11916,4165,15093,2788,8953,8847,-808,-1959,11318,-5702,-1450,14461,-1223,2303,13810,12962,-2874,20031,3184,361,764,7388,3436,19411,16435,4558,19902,4652,617,11668,-1732,-2321,11701,-5267,1786,17885,963,-633,10189,5171,4446,18233,-1787,-281,6893,8599,475,12270,5836,3605,13007,5935,699,12813,-2787,4797,7011,-3012,4068,18091,-1852,797,10935,13061,-1011,20595,5201,752,6776,14398,3704,18791,13898,1184,13294,-1181,3999,14123,-1056,4939,17866,-1840,-1547
2198,9555,5345,19386,-5084,-4091,12926,17488,-1137,15705,2121,8917,6613,1813,2705,12980,-7187,-496,10525,-4119,-293,13116,11176,-661,20270,7831,-2789,1327,7900,1948,23071,14722,4615,19634,9907,1845,13651,-3458,-1910,9331,-6655,1226,16435,1670,842,15840,739,1892,12987,3121,1330,9536,2848,210,10928,8870,3919,16357,5139,713,11642,561,2381,5958,-4328,4563,15601,-2447,727,12037,12695,-413,19717,6115,786,6588,13094,3921,22221,15925,40,13275,242,1931,13259,-1164,7933,18924,-5476,196,13329,1365,-7433,10997,3761,4316,18873,-3967,-1260,9001,11937,-2458,15642,5797,7727,9325,942,4370,6957,-5150,-2847,12464,-4485,-3505,12089,6499,3444,13855,12328,1804,15264,8137,-1318,17085,9205,7007,21508,14941,2238,12857,579,-1160,10859,-6494,4324,13611,3910,3809,24145,-6040,-378,3712,7580,3147,18101,-5652,-2784,13154,17366,1527,15981,1430,6726,6181,2379,-1116,12508,-6573,4921,10546,-2781,458,13113,11449,-5233,20694,7267,-138,1144,8746,4737,22428,15181,709,19083,7496,940,13326,-3669,2787,10672,-6383,577,17029,554,-3673,14383,2902,5204,15242,531,2978
16000,3029,6476,7348,-465,3056,8491,-4142,-1909,12053,-1756,-3379,11351,8232,2547,15704,12041,2498,8892,8132,-305,20593,11557,4414,21328,11150,591,15717,900,2493,9014,-8244,1740,15211,3637,3065,20903,-2906,4980,9961,4383,-960,10596,1038,-2623,16248,11667,4887,12395,3680,4500,10351,-2244,-1629,8746,-3797,3899,13869,-3550,-158,11421,17114,-4638,22429,5290,-512,3216,9928,5360,18830,15593,2867,17784,2131,-2549,11951,-5099,6453,14204,-2688,-1390,18346,-596,-4912,8148,7508,7292,20715,-3531,1953,8142,8557,-1580,11712,5168,2381,10493,4929,4505,12107,-3788,1154,5370,-2015,-821,18449,444,6876,9986,16527,-1817,16592,7150,1429,17827,14063,2381,17886,11657,2508,11999,-4175,4986,12091,-4941,1406,18620,1134,-1735,19867,-1231,745,5499,5419,-2211,16726,-2530,-2187,12225,13357,4380,15901,3485,5391,7994,-1797,342,8288,-3943,-1905,11886,-1908,2244,12097,8875,-661,17615,11564,-1476,8387,7859,5691,18839,13128,4158,19358,7065,-2608,16666,-506,6120,8473,-4923,4005,18759,911,-3329,15115,867,4937,14114,-629,1176,8739,7345,-1332,17993,8724,3705,10729,3623,3996
12402,-3726,706,10583,10310,1180,20149,7587,593,2794,12176,3280,21088,12848,472,16878,4581,3903,15436,-497,5401,13725,-5901,-219,12816,2556,-3709,17291,1610,2802,16396,-408,-1783,7390,8977,-3225,15372,7208,7740,11904,2899,4272,7887,-4823,-1711,10219,-3942,-1884,14719,3223,3171,11441,11841,-1306,16303,9450,-1698,16887,6253,8838,14006,15668,3455,13291,-1970,-1570,10881,-2019,4183,15379,2031,1688,22522,-2870,501,5431,9454,915,18414,-6744,3010,10840,17021,1441,15775,1227,2484,9684,4572,1614,13431,-6842,2011,7742,-3412,1223,12840,8580,-2195,20493,8874,-2710,-1604,10277,2899,18986,8978,2817,17882,8822,-1112,16190,-2791,5411,6752,-4142,-198,18462,-516,-3642,15687,3312,4931,14495,4693,1894,8776,4024,-3177,12590,6530,6653,12265,5512,3774,13462,-1555,731,5374,-561,1228,20349,-4046,3127,6258,15478,1506,21997,3316,-2696,6828,13285,4553,16789,13612,4406,11914,-2963,-1597,13264,-1873,3671,20931,-897,1458,13137,122,-664,7407,5488,-1849,19872,-5071,-559,10459,14753,3823,16340,3885,2309,9255,1609,2276,8410,-5681,3039,10341,-2636,-1522,13684,7549,-71
19664,9650,5621,17517,6806,-2266,11663,-2032,1240,9796,-3668,4663,19229,3342,-2379,15927,1527,575,10075,6492,2038,12685,2896,2279,12853,6830,2600,12276,3389,3212,11715,-161,2274,6246,-612,1579,21363,-3525,1108,6089,16029,897,23126,2246,1923,7055,12042,1978,14150,9258,1164,13729,-1758,1776,15389,-39,3996,18224,645,-1435,11316,3882,372,11821,4490,466,17685,-1492,-2951,11710,10438,2350,14409,4269,4072,11010,771,3194,10122,-4621,-2308,11335,694,1839,13708,7078,1920,16009,6520,-5192,7588,9476,3731,17222,6527,6536,16446,3471,1696,16468,-1323,850,8242,2116,1966,19586,5305,1905,15388,7569,180,14248,-943,2838,10401,8550,4298,17709,4383,4133,11648,2135,-2326,10248,-1942,1303,10471,-500,933,16817,343,720,11963,11779,843,15619,3871,1268,17703,4561,1611,10594,7716,-1978,14732,-1584,1129,11624,1258,5680,18532,1390,-1704,13260,5331,2101,10265,8178,1169,15964,1650,-113,11814,8741,1547,13433,1207,8305,10886,2376,1724,11160,-479,-1488,19748,-625,4231,7110,13537,489,22871,-3276,-3870,6068,12287,5328,17935,4094,5561,14306,1185,1332
9604,10082,-2354,18577,-3996,1759,10216,14049,5613,17816,754,2311,11747,4159,2988,12715,-6454,-61,9741,-390,-5068,15079,9599,3152,19952,5292,2181,4947,7304,1526,9865,12036,632,18609,2203,103,11850,-1888,-2613,12014,-442,2688,19667,-879,4185,7279,8549,700,19257,-3685,-1086,9938,13445,2481,17601,3231,3286,7935,4604,3975,13009,-4718,2125,10860,-604,3065,12518,5650,3304,17209,8914,-6672,6160,11471,3371,20719,13173,6589,15241,1148,929,12608,-1752,349,14591,-3420,4460,15709,3879,-2094,12717,3827,-2936,18249,-3728,1965,10031,10467,-1346,13997,3702,5889,11728,3483,-1160,9265,-4044,3336,10098,-2850,2662,14988,3953,-1731,13971,11598,-2756,7588,11615,4618,20440,11298,2403,14859,9082,-2478,15306,-3913,10266,9528,-2464,647,19764,304,-704,12331,5286,3333,16328,-1214,-1834,8201,9448,1464,20925,3536,6559,8697,4355,1714,11567,-4982,1347,8705,-1867,-2493,17113,1049,-1013,11502,15919,1902,9737,7732,-293,21139,11215,4021,12286,7747,-1847,14373,-3041,2370,10345,-3610,700,17164,-1129,-264,13356,2674,6256,13310,3868,-4266,10731,4565,2527,14331,8375,3038
9907,14483,-475,21431,8312,-3004,8382,12643,5534,17446,14928,1217,13631,-2235,3424,12400,-4394,6344,13240,-1109,620,20758,-2968,-981,9480,12777,-75,20977,-8211,1787,7930,16159,3902,17793,519,4620,11713,3461,1028,10345,-5863,908,8966,-3347,-5160,11991,13058,3081,22076,9173,1881,5539,10495,-340,12626,13016,1022,15436,-109,240,13067,-6534,1571,13472,509,605,23007,-3756,2237,4780,9463,1240,19965,-4134,-2220,11239,14798,3902,17799,3050,3895,6464,948,3228,9609,-4586,2305,12643,-885,-956,9799,11536,6088,20406,8404,-5596,7718,14222,2403,19870,13904,8577,13330,-1491,-2717,12464,-4643,1353,18171,-3793,5223,17046,2141,-2568,9939,5145,-1667,20397,-6486,-611,9582,12820,1194,16475,4876,5806,10446,2492,-1641,6243,-6071,4230,10017,-3084,800,13054,10789,-2026,18357,10222,-2745,5789,12878,6171,19728,16160,3033,16040,1344,1337,13141,-5865,7158,11779,-4156,831,22054,-1597,-2523,9383,11077,-675,22163,-6734,3877,4204,14604,4011,22077,556,5522,9650,4841,406,9919,-6863,1252,7202,-1382,-4850,14492,7517,-610,19250,13290,4439,5661,12422,2193,18604,12084,-297
23585,-6293,-3048,8196,4184,-531,14136,390,-3536,14835,10496,3645,12085,6193,5578,11125,-3121,1462,5476,-3696,1969,12812,659,-467,10045,15878,-3316,16992,13411,-388,12392,16402,5824,24809,14844,-194,11020,-1159,4834,13750,-13540,6163,9220,285,-600,26715,-9737,-2140,5198,12310,3047,21261,-10951,1849,8070,17489,3121,18719,1962,3945,8606,2848,3383,8601,-5695,-1390,10646,-2176,-4750,9351,17261,2124,20513,11491,4201,7716,15354,-1126,20382,14863,1311,17219,2762,2747,12700,-11544,1632,10164,-5922,-519,23399,-7852,-40,8490,9353,3959,21323,-5541,-2237,6926,13516,-1433,16548,2366,8075,8759,3544,4603,9484,-2800,651,5899,182,735,13893,7247,4545,15707,15528,-5504,8747,16124,506,27589,16904,8336,14292,6538,-874,13323,-6261,2482,16029,-11985,5977,16492,-1625,-4328,18372,-2812,287,13941,-2197,99,8937,8325,-2371,18068,6100,4998,9056,6035,2524,8014,-5344,2150,7842,-2242,465,11940,6030,-3308,12349,16254,1082,13483,15615,933,17857,13843,2315,19681,13958,2290,14786,-2157,7078,15740,-15486,3774,9531,399,-2307,22621,-10375,170,8222,8725,4130,15672,-5156,-1727
10438,-896,4501,6197,576,123,16314,1629,100,8252,16305,4,14930,10203,1744,19603,15518,1625,22020,13634,2657,12527,-3274,5036,12977,-11670,4828,16236,-2426,-4978,22301,-7918,251,4646,7163,3418,19478,-3534,-5564,10541,13711,2216,15409,6102,6809,9118,-645,2836,5707,-4301,-2543,9537,547,-907,12484,13413,1075,17821,12651,-1872,7840,9240,1917,21785,14996,5636,15985,5550,2260,17607,-5320,2787,11214,-7133,3415,18788,-2788,-912,15123,1986,3344,17951,-4046,1140,5597,10169,-684,19671,6415,6112,9105,6822,31,9965,-4895,2897,5686,-803,574,14761,2311,-3169,14163,17029,-1210,12319,9831,1532,19326,10604,2287,16259,14244,1918,19051,-4086,2135,8602,-9426,4598,16635,-2678,-4787,20168,-4778,1376,7004,9262,5113,16919,-2894,-2496,11085,11488,1758,13848,4081,5802,9269,4428,2329,9640,-2596,-308,7951,411,2053,13588,8590,3869,18021,10008,-2461,5796,12673,597,23293,15612,4706,17941,3897,2327,15396,-3126,3448,15076,-9712,2417,12774,-419,-2010,17743,-1346,-241,16667,-173,-956,8005,9193,-2491,15256,7177,7810,9857,4791,687,8112,-3894,2182,9937,-370,267
19988,5494,1167,7699,10291,2677,19720,16030,3505,17205,1020,-2507,11059,-8346,6412,14406,-2582,755,19870,-2071,-5094,7413,7584,6332,19552,-2942,-840,10263,10352,581,11621,5113,3535,9060,3904,3127,12028,-2936,1563,6088,-248,-368,18525,2142,4231,10619,15715,-157,12256,6413,1928,22907,16077,2722,21253,10789,1094,10591,-3375,5222,12628,-10009,3046,14183,2295,-4290,23539,-3771,3751,5362,5889,-1141,13705,-406,-4411,12825,11587,3102,15811,5316,7441,8578,-2454,-1937,7728,-4280,-1209,12230,1093,1440,12368,9969,809,16600,11761,-584,10674,8243,3309,20042,15791,6631,15126,2647,-2783,15999,-2244,4202,12197,-4801,5651,18747,-1807,-2239,10736,4155,2814,18028,-5064,2227,7203,12984,-2713,17821,6156,5735,9959,3403,1461,11488,-5311,2454,7407,-1585,516,14203,2623,-2976,14610,14893,-153,12349,8146,1597,20096,11694,3153,17511,14461,869,15808,-4210,2979,7870,-9650,1728,16503,1102,-5164,21263,-2607,5219,4316,8735,3162,17221,-3202,-2793,11958,11796,2548,14348,4071,5381,8859,2115,559,9912,-3375,392,9382,-330,4537,15229,7519,2768,16694,10291,-3963,6555,10526,3649
15675,-1487,-1859,12767,-10649,6179,10986,2794,763,23161,-7411,1927,6864,6184,2110,13433,-1092,-3582,16562,15266,4264,14823,3307,6301,6515,-1854,-2091,7972,-3540,3309,14792,-2100,458,11580,15448,-5767,19805,7884,3185,6382,11274,3429,25345,16741,2107,17416,4468,-1049,10632,-8549,4923,10909,-5596,487,21236,-3625,-5998,10679,6460,8714,17693,-2781,-386,8184,7729,-2783,12148,7237,4668,11443,5148,4247,11007,-2854,2196,6011,-2172,-49,16951,2553,3587,11029,14959,1336,14073,8155,-2580,20044,16598,3148,23431,15606,4769,11404,-4167,2950,12033,-11079,3212,15273,395,-2670,23457,-6017,1112,3479,7405,221,17928,-4355,-3835,10982,13904,4830,15865,5259,5542,7988,-2237,-1459,6055,-3536,2142,12950,105,-2703,12714,8376,323,13598,12208,1064,12024,10855,2689,22005,15120,4079,15882,8556,-903,17136,-2175,3625,12768,-8343,5976,15311,125,-1698,18607,-3830,2830,10439,1189,5541,10051,4647,-6855,17370,11378,4099,13384,4082,7262,8175,-3283,945,6939,-3038,-999,13612,415,-1399,13654,16803,-1190,17948,7409,1328,10248,9912,1614,23703,17753,4725,17601,1333,1781,10130,-10407,-278
23206,-5621,2084,5567,6537,-748,15404,-205,-4125,13738,11816,5454,13443,5480,4435,8579,-3345,-880,6962,-1902,13,11725,-353,1736,13184,8802,298,15977,12585,-775,11493,8848,4230,21356,14802,2286,14986,9156,-1337,18394,-2987,6116,10182,-7702,4910,16164,-1538,-334,16273,-2566,2294,12359,1541,964,8313,5778,-3384,18425,10939,3570,10944,4619,6905,11039,-3887,2186,6231,-3003,-3219,13384,-260,-447,15093,17603,-1468,16755,7441,2172,10720,9224,2702,24962,17589,2986,17597,2562,1311,10093,-9800,-379,11979,-3846,-2059,20937,-4192,1406,7988,8252,8000,20170,-5633,-4391,6024,10579,-1646,14588,6318,7444,8807,5135,-508,10225,-3097,3304,8090,-2550,5387,15312,2864,1467,11265,14753,-1995,16168,9439,-976,19595,16920,4016,22018,13481,1984,13324,-4011,3538,12858,-9264,6284,13774,177,-2029,23652,-7755,-3240,2845,9259,1873,19929,-4846,-1246,9386,13838,887,14726,5266,4092,8740,-845,3223,5864,-3342,-1536,11694,-2992,-4092,12513,10119,4951,16374,13897,1402,11595,7533,724,18604,12810,2350,21868,13003,1607,16910,-569,4383,10700,-10731,3072,11313,238,-50,22625,-7906,5753
18249,-5382,-2000,7712,13697,-196,15595,3246,3812,7439,4128,-715,7895,-2336,5462,11274,-4322,3743,15277,3679,107,11220,15382,-1996,17595,10357,2850,19976,16338,719,20919,10748,3543,13573,-1951,6359,14119,-8487,2306,12943,970,-4214,22679,-7349,-1423,3118,8989,4666,18506,-4089,-2564,11591,12842,340,12512,5184,6512,9008,-1965,432,6080,-2386,-5415,12555,-4435,2175,13896,8070,6091,13063,13951,-4098,15969,6841,3167,14707,14911,3825,24349,11976,-532,14329,2315,3359,10463,-8663,4297,9934,1106,1944,25168,-10745,3162,2151,11664,-669,19029,-5941,-807,10877,18321,1615,13614,1901,5078,7497,-382,3896,9943,-4929,1500,13977,-2805,-2808,11504,10702,-2191,18053,11082,962,8538,8108,4297,22948,12359,1715,15519,14217,1043,18078,-2614,1184,11790,-8200,-2623,14269,-1075,-357,17447,-4276,6998,8577,7806,1942,14124,-2851,-4677,9453,11741,2341,14101,6769,4825,10982,-811,1422,5075,-1431,789,13179,-5071,6139,15117,6134,-932,13245,15045,-5494,14258,9571,5970,22903,16645,3614,18739,9918,2642,14856,-2673,5368,15296,-8766,2171,12753,2542,-4777,22834,-7620,-1518,2620,6510,3750
20578,-6957,-4939,7721,18097,488,15347,2189,11710,6205,1113,625,12604,-6132,-1794,11833,-1496,727,12078,7033,-1764,15698,13122,-2913,15175,5672,7172,15178,14123,5132,20357,14184,-1817,17848,1213,-1382,11458,-6989,2314,11987,-1394,87,19365,-6599,4050,7010,8740,4438,18503,-4687,-2621,6650,12457,-4926,14830,4262,4529,9107,3350,5085,8105,-2166,4526,12131,-6561,1512,12936,3346,541,11895,15420,-1684,20477,10337,312,14991,15178,3624,25251,12810,6676,12881,378,4378,15348,-6228,-3585,12884,-765,-1222,20278,-6506,-877,4900,7974,2338,21566,-7152,556,6307,14730,1794,14783,3572,2708,8351,1353,-1823,8534,-2616,59,12414,-8199,2481,8607,5199,2416,15125,13998,-3472,20087,10910,4182,10871,11173,2182,25109,10360,-1622,9357,10416,5750,18101,-3624,5010,10854,-4932,-27,18310,-6811,1118,9710,4385,4471,17911,-2852,-1351,5523,11823,-4728,17867,6401,8828,8272,3915,7167,13642,-8315,-1738,4754,-2494,-2505,14043,1570,1716,15170,16439,-4306,19471,5337,2657,7417,11812,6841,28179,16019,1128,15606,6486,-973,11881,-4896,-1361,11477,-5034,2867,18691,-2764,1768,12720,3019,5162
6906,5242,3714,20317,-6410,1280,4444,13836,-1108,16171,3991,3581,9205,2561,-981,8217,-3082,-2719,12122,-9098,3623,7227,5261,5795,16912,11306,-5148,18736,14052,1167,12400,9632,5855,21286,10854,-2335,11948,11742,4641,19717,-434,5850,11503,-7917,-224,13442,-3062,1470,16074,-3294,1799,11194,5519,1389,10342,2518,-2638,14869,11015,3312,10221,3407,9744,11360,-5931,-130,4417,-2987,-5687,17538,-2575,1390,13142,16879,-2228,19454,7019,1774,7784,10623,7404,25892,14453,1714,16347,11839,-634,15417,-897,-4795,12753,-9086,1469,14504,160,6057,17262,-3871,1581,7232,4321,2451,13880,-1290,-3390,10546,12083,-999,11982,4981,5863,10898,-23,2887,7502,-3804,5006,11953,-6687,2794,14524,8560,-5374,13997,16647,497,18693,9609,4996,14880,16234,1330,23550,9223,8027,14569,2098,3821,15363,-7068,-4721,11628,-430,-2549,20609,-5671,1279,4773,5857,5225,19996,-5326,-206,6919,13726,-1206,13876,4401,3951,10341,123,-1652,6298,-3150,-3317,12808,-10364,6648,9047,8915,2684,16224,12099,-6185,18679,12267,4897,11131,12034,1845,25602,9970,71,11062,11885,6173,17577,-3548,2721,10234,-6339,2017
12342,-7362,3702,17044,321,6226,16833,-5364,982,5228,3115,3589,13858,-1971,-5458,10239,12804,-4588,12258,4878,9114,9743,61,4486,7713,-3651,3863,13974,-7124,1842,11972,9044,-5190,13625,17197,2069,22386,11548,3148,11606,13650,3782,26054,9258,7777,14774,4019,555,17072,-5009,-5207,11250,-1370,-640,17788,-5871,2936,7467,2864,4626,18714,-5655,1098,4333,13218,-2569,15939,3573,2485,10171,3230,-2642,8345,-4245,1464,11151,-8726,6950,4694,6667,674,20676,10861,-4281,17665,16008,5094,13126,8838,-1318,22085,10043,2064,16267,13955,6174,17789,646,1944,10824,-7798,-350,11214,-2907,3505,21098,-7283,3894,4689,9366,816,15730,-3351,-2436,11758,13805,1271,11894,2211,8858,7818,-4148,-3249,6135,-2232,209,17817,-3107,3096,12266,14416,-6033,18097,9958,3478,13947,8750,7847,18822,13723,-1929,21252,12635,1323,17218,3119,-4418,13908,-6416,1856,12241,-960,5061,16273,-6127,1292,8925,3017,6487,15479,-3308,-4573,4094,11040,-6380,15944,3940,6314,9697,3975,6513,9968,-3511,1815,11859,-8444,2278,6139,6734,-824,19499,10707,-2994,18434,17371,4494,11904,10143,2517,27773,11553,8062
[row took 92072us]
12414,7820,-1424,23958,11353,6302,16917,13772,6169,17862,1253,-3574,10562,-7087,2631,10801,1182,5323,22670,-8975,1119,2960,7729,1594,13769,-3415,-1534,11671,13961,2490,13332,1429,4044,7691,-4211,-94,7017,-1632,3595,16452,-5126,-955,12639,12158,-5888,17239,11467,4649,16856,8508,7057,16334,12886,-4585,25063,13477,4073,15007,5898,-1163,13559,-4912,-3786,13391,353,6642,16309,-3650,3312,9420,-382,5037,13650,-3795,-6356,5807,10577,-4322,17072,4659,8540,7836,3789,4052,10252,-5378,865,10849,-6012,5756,7629,2537,-300,18811,8253,-8520,15993,19740,6337,13225,8298,7344,25308,12039,1420,18264,7272,3972,14778,2336,-149,12171,-2234,-3921,14052,1248,-2189,20052,-6264,8950,4897,2847,4891,14697,-326,-4934,13293,9393,-3793,10614,5312,5592,8704,-3581,-1534,7509,-5539,2853,12909,-5748,6408,16164,8477,-3025,13694,14149,-2155,19703,8585,236,10388,12245,2806,26777,11077,7008,11089,9928,1425,17353,-503,-186,13589,-3239,3655,14030,-1759,512,10342,-1735,2494,15314,292,3529,7089,8180,-1472,16144,4669,1563,8798,2112,4706,12886,-7416,648,5521,-2386,-976,14720,572,696
8398,-5217,1588,10022,593,120,18982,7628,-3480,13426,18494,3669,15775,6335,4263,21830,13520,3762,19117,8418,5402,13575,2252,-2974,12325,-2107,-2968,15256,2053,-336,19758,-4849,7014,4370,3206,2126,16583,-2036,118,12160,11931,-5301,12694,3139,4283,7783,-2454,-2489,8882,-5559,3879,12829,-5304,8402,14167,6236,-6326,14406,14110,712,19149,9567,1255,8124,10669,1491,27066,10228,3365,12229,9727,5794,17656,272,-588,12923,-3708,-699,13729,-169,3690,12322,-436,5215,16035,465,450,7183,7624,-2501,15809,4494,5793,9519,2088,2431,12663,-7609,-2926,5394,-2341,3148,15043,707,3505,13740,11941,-6055,17461,7608,5039,10934,11257,2463,25009,12596,219,17278,9803,-687,12983,719,-709,10799,-3541,3504,16717,4066,250,18184,-4260,5428,5454,4862,657,14997,-2540,-2369,10080,11271,-4090,15346,2153,9900,7313,1199,2698,9026,-5814,320,13085,-4756,4419,16033,5347,-2550,10615,15184,1613,21726,7690,698,9806,13025,4787,21071,11194,6986,16379,1902,-1213,15907,2644,-3925,16534,-511,1059,12513,-623,422,10150,497,4371,18315,-4477,3367,6473,11975,-1563,15718,2173,-1911
7397,15992,2287,15795,-2092,6571,6540,1263,-3476,12605,-5457,1525,12351,-2408,4418,14332,6439,-7360,13908,10725,5432,16944,6385,5268,13019,11990,-2763,22138,15697,-1408,16556,3739,2482,10691,-3453,-12,14240,-704,2391,17731,-1941,2996,9089,4335,4870,16856,-5116,-5143,5360,11454,-3425,18514,2945,6819,7897,4661,5688,11956,-3577,-1708,10472,-6740,4973,8537,4211,2378,15610,7960,-6303,17754,13303,3946,10180,10816,5750,27078,13641,2817,15596,5204,3647,13821,427,-2918,14916,-4351,2459,11889,2442,-3273,17425,-3005,2820,11998,-488,8081,9107,6637,-5533,15719,6001,-1160,11617,3967,2839,7727,-3927,477,8793,-6965,496,9705,1137,3945,19706,7749,1479,14824,14147,-592,12988,7048,-1756,17572,12533,1572,22556,14567,8140,16184,2523,10,9631,-7041,934,11294,1383,5129,23724,-7296,399,1265,9363,-318,22487,-6327,1206,7270,16853,2388,14443,106,5859,6242,-516,-1300,12333,-4079,1319,15157,-3349,1961,11600,8109,-7297,14248,9848,5116,15685,7572,6077,15529,14029,-2162,22590,14956,637,17756,3538,1138,10532,-6147,-2807,13323,-591,4560,17180,-3017,3472,9458,3386,4078
15360,-2151,4182,13215,-2032,7376,6983,8023,-7956,16318,6575,1242,9845,4915,2662,8146,-4626,-1285,8229,-6677,1362,9025,1934,3803,19570,9830,1896,16034,14674,-1598,13476,7679,-206,18179,12601,2171,19382,14809,5560,17486,1214,1029,11033,-7900,2023,11942,-497,5036,22465,-8212,42,1945,8645,-713,20158,-4706,1726,9226,16482,1465,12863,1284,5428,6302,-1548,356,10669,-3123,1343,16229,-3527,-43,11454,10592,-6036,15051,10353,5730,15210,7770,5336,16423,14484,-1351,22458,14027,2124,17979,2790,-1008,11482,-7592,-2675,12899,-655,5286,17049,-4309,4600,8441,3690,3802,17478,-4774,-5788,4437,13107,-4065,17471,3884,8235,7913,3849,3051,10268,-3350,470,11063,-6994,6487,7976,5030,-968,16786,10101,-7370,19067,14478,6283,11118,12364,5472,26922,11321,2734,13887,5636,5316,14184,-896,-2731,15338,-5185,246,13953,634,-2610,15392,-3067,4663,12344,-1446,7911,7811,7687,-8679,16017,6360,1722,9819,4825,2886,8513,-4994,-2014,8263,-6810,1367,8984,1665,4413,20323,9096,1289,14995,15213,-2250,14230,7260,797,17462,12361,2321,21772,13250,6198,16648,2584,-240,10168,-6606,2317
12690,-1899,-650,15237,1241,4198,16912,860,3228,8749,4885,2698,17074,-4372,-3553,8529,10143,-429,14799,2109,3373,8142,4189,3368,12385,-3696,3118,9567,-6148,5888,12559,-258,-366,11816,10167,-5846,20399,8855,4479,7014,15184,4001,25782,10490,1030,15347,3647,7713,13387,1847,-926,13516,-971,-4289,14236,2366,-1413,15192,940,4358,14078,-1215,6444,8355,7360,-4118,15358,4601,1771,11877,2836,3627,9069,-2761,-5524,11291,-7653,3077,8127,438,9261,17294,6451,-2624,15532,12006,-2585,11937,8761,1438,21087,10712,1922,17316,12330,2301,16421,1118,6583,9682,-2090,2392,15040,2758,1472,19841,-4080,-1155,4648,7601,559,16999,-2066,2413,12315,13030,1977,14294,-211,6326,8842,-179,693,11161,-6674,-3259,13011,-2261,484,14531,9285,-797,15327,6862,2232,10977,7813,5218,20156,11942,-1511,17965,15069,774,13849,533,-34,10455,-5860,-2287,16416,3661,5611,17948,-679,3579,6507,6581,776,17424,-3733,-3992,9597,12794,1292,17414,2160,6420,6792,2063,780,9539,-5944,4017,10589,-3232,3541,18436,1703,-917,8927,13670,-2759,20773,6330,3951,10142,15153,4862,18102,11976,1836
22280,12549,4114,15915,2636,2077,9099,-4746,1017,11792,1140,6018,24266,-4883,297,2933,10569,-3040,20210,-5968,3493,7444,16985,1582,17192,-785,5562,8472,2174,1846,11606,-6905,-1944,9589,-3160,1829,16271,7560,-4438,13882,12078,434,14790,3615,10037,13647,12553,-2883,17705,13942,454,16526,1508,4363,11119,-4821,-5330,15158,199,2304,17661,-950,5192,8031,7315,2749,16932,-6022,-3686,8499,13609,-3041,17229,2398,6480,7352,3001,4554,9199,-3611,-128,11308,-5564,7382,15658,2689,62,9731,13724,-6043,20770,5641,2846,9337,16530,5771,22080,11142,1961,15795,1287,5619,13985,154,-758,15365,-2386,-936,16114,-1122,-3789,8839,4301,3056,19417,-4955,6497,7766,13110,-4109,14754,2289,2262,10019,2058,3314,9059,-2346,-3791,12423,-8760,230,10050,5081,6285,13960,10960,-320,17932,8838,873,10621,10276,1610,24413,11133,874,14404,9570,5647,16974,1384,507,12055,-6765,2150,13809,1574,4372,13939,-1342,-455,12829,2860,-105,11428,5963,303,15794,7578,5507,9478,2254,4926,12210,-4871,-884,6977,-3524,744,15914,-514,-152,12484,13894,-6549,19991,4430,6789,4520,10999,4979
7470,12405,7516,25620,12528,1145,14982,5120,4719,13855,-359,2060,13083,-3281,-1886,15374,1782,-2151,16170,717,201,12114,-960,5952,8754,6127,-829,15280,5358,-999,12234,3479,3674,9928,-863,-396,10395,-6922,-1082,8360,23,5369,16944,7746,-270,16070,12612,37,12027,7117,1305,19532,11263,-2030,19701,12838,6468,16874,1728,5900,9582,-5554,-1695,11860,2252,4623,23014,-4407,1860,4537,8726,-2861,18137,-3965,1538,9900,14895,3336,14883,-478,7562,9142,71,-2598,10758,-5979,-816,11648,-1576,2405,15396,9316,-4211,15080,8716,1127,11745,6699,9735,18272,12291,-1740,16424,13077,-91,16050,1125,-248,10682,-4615,-1260,15941,1026,2929,17918,-1614,4419,6437,7603,3469,17055,-5288,-4253,8591,12672,-2444,17075,2356,7208,8458,2351,4694,8424,-4075,-364,10677,-4996,5161,17129,4964,1205,10070,13047,-5443,20105,5044,2553,10550,16653,4946,21496,10869,4475,14930,933,4334,14536,-449,-3807,15342,-49,1689,16397,-1892,-3533,7855,4487,1879,19865,-5361,6204,8179,13129,-2839,13861,1726,1177,10487,1042,2056,7964,-1389,-2655,12914,-9521,3746,10179,5668,2890,14554,11183,-1516
12401,12689,-3532,19020,2236,9235,8570,14567,2550,19887,14725,-4266,17409,2664,2668,11641,-1250,-725,13486,-3004,1720,16591,-217,3843,10830,5191,2520,16670,-2742,666,7327,8999,-5208,15430,3421,4210,8834,5341,6874,11569,-3145,42,9382,-5842,2261,12690,1062,4028,13257,11016,-3806,19971,9732,813,7313,12569,5113,25527,12593,2948,15856,4484,6185,14270,165,-2127,12783,-3552,-1277,15023,1012,776,14979,1392,-681,14747,-2704,5276,7051,9011,-367,15826,3681,366,11558,3883,1619,10046,-2145,227,11279,-7224,599,7200,1315,3985,17854,8284,-1516,15773,13953,739,12941,5751,2997,18661,11214,-3942,18902,11413,6909,17418,3266,7815,10501,-6174,-3891,10791,1366,4718,21673,-4365,3377,6520,8852,-2822,16515,-3129,-302,10465,13970,3024,14051,721,8891,10343,-1165,-2261,8966,-5651,-1976,13368,-1578,4139,15000,10816,-4371,15753,7709,-683,10182,7606,10233,20377,12246,-341,16190,13140,-1119,15619,225,-1704,10007,-5005,609,16067,1256,3532,18068,-1950,2763,6823,6813,4089,16558,-4375,-2555,8974,12343,-3315,16355,2735,6676,9167,2836,4716,8626,-4660,1242,9933,-4864,3297
10817,-5732,5274,16676,7693,-878,13037,14266,-751,17360,6916,3756,11398,11617,-1856,25452,11016,3041,13303,6320,7747,12333,-2429,611,13105,-753,-793,22082,-4478,3739,3839,7839,2404,20099,-6563,-3550,6375,15607,804,18275,1018,9776,7491,2748,2020,12880,-7225,-4983,7840,-2588,3455,15328,3175,-986,12949,13121,-5620,19453,3275,8419,8045,13801,3886,21461,14127,-3366,17412,4017,583,12112,-892,-672,13619,-2854,2577,16357,541,3163,11694,2120,1984,14291,-2558,2652,8112,8801,-5946,15422,3797,3108,8751,5669,6627,11989,-2636,1460,9486,-5927,1957,11545,58,2760,14560,10279,-2679,18670,11730,1959,8476,11521,3756,25178,12156,2801,15931,5604,7929,14098,542,-1457,12956,-4690,-2811,14530,1988,551,16725,472,1066,12380,-790,3513,8318,6899,-465,15836,5221,1579,11669,4194,1642,10026,-2396,-1568,10037,-6399,1796,8276,-945,5306,17932,8066,-2629,15614,14261,870,13807,7176,4353,17360,10489,-4105,20236,12188,5071,17086,4388,7207,9775,-5488,-2016,11414,473,3056,22768,-5685,2629,4564,10663,-149,18996,-4682,-36,8340,14766,1355,15038,842,9195,10062,-174,-1486
12225,973,4624,8205,-5350,950,9647,-4085,3736,18221,5827,-1744,12350,15523,-1118,18111,6929,5530,14594,13111,238,16172,10714,6774,15581,184,2620,12971,-2944,-4491,16573,1105,937,18425,-585,625,5917,4088,2805,17333,-3118,-182,11638,12100,790,13846,2759,4815,9428,-376,-3344,7864,-4909,-843,11091,-6369,6824,16306,6775,-1131,12299,13371,-1524,16933,6776,4734,11169,11732,-174,25671,11778,41,13462,5446,8195,11917,-1290,2153,13904,-913,-1114,21129,-3026,3058,5486,7365,3746,19148,-6792,-2759,7393,14635,-2033,17624,1699,9964,8334,2668,3478,11864,-6877,-4149,8559,-3482,1645,15410,3339,792,12722,13016,-4493,19673,3282,5423,6668,13533,5807,21607,14755,-2245,17918,3793,82,12299,-1058,-2297,12433,-2500,2876,17794,696,4538,10952,2835,716,15324,-2235,2102,7364,9009,-3243,15260,3163,2519,8798,4993,4166,12573,-1825,3626,9651,-5825,2490,11811,-1068,843,13419,10625,-2765,19465,10990,3268,7738,12377,2779,25298,10749,1677,14880,6906,8316,14585,-67,-14,12203,-3542,-4752,15513,1652,321,15920,1049,2673,12313,-1153,3102,9009,6296,-2067,15106,5953,3083
16516,4036,8901,8854,2851,4750,12094,-6502,-1918,7154,-3627,-2332,17093,710,2418,11116,15003,-3059,20852,2290,3481,4732,12465,5570,23433,15253,-738,18066,4535,414,12057,-574,-2199,12201,-4432,-588,17211,2094,5743,11589,2222,2781,15378,-2321,-397,7523,8207,-2022,14986,4342,4352,8387,5548,1455,15182,-2337,4280,8572,-3986,3473,11815,-2245,2045,12929,10687,-5257,19723,10625,3475,7698,11839,4561,25210,10772,-357,14395,7347,6684,15792,-198,4329,11228,-3882,-4187,14741,1141,-3990,17185,1058,4242,12112,-256,3786,9704,5547,-4164,14746,7508,2903,12742,2778,6060,9925,-1943,-5349,10248,-7348,588,7227,-29,8538,18034,8158,-2937,15950,12909,-2070,12376,7206,5675,18414,12424,-1855,19862,10329,1491,17050,1658,5662,9453,-5079,3819,12376,1947,1117,21179,-3462,545,7982,7198,1481,13950,-2256,-393,12078,13958,190,15284,602,8643,9574,-4,225,9576,-7029,-1889,10998,-2519,351,16854,11651,-1428,15295,8445,210,9259,6131,6824,21247,12884,-708,17316,12979,2301,14626,-1290,-1283,9025,-5620,-3586,17293,2902,4749,18164,-513,5655,7566,5386,-1386,13363,-3690,-1294
8846,10796,-3283,13121,4465,2501,10030,1324,3641,11163,-1800,-3518,11716,-7216,-733,9421,1245,5516,13082,12973,731,20982,8448,-33,9419,10600,1005,22581,11568,3563,14094,7629,2535,17429,1616,828,13442,-5282,4632,13822,1091,1240,12961,721,1438,13864,508,-61,11885,7364,-1207,13193,8017,7286,12727,636,3129,11450,-3241,-423,7815,-4743,1421,13467,-736,-1249,13262,14035,-4599,21014,4131,6581,3415,10898,3576,24437,15358,-1653,18026,6139,3256,14020,-1530,-1234,10031,-4957,-1507,16551,675,1718,13259,4293,6397,15625,-645,652,7871,4698,-4600,11881,7673,3147,13972,4774,5489,13154,-1262,1096,7489,-6132,2058,10462,-1209,6297,16136,10564,-4465,18297,9888,-1749,7032,10572,6978,26560,13117,1820,17627,5811,4505,14594,-298,1789,11211,-4559,677,13698,1919,-3689,19589,1144,-963,11262,480,5774,9164,4617,-11,12844,8758,155,16196,1585,3123,8480,-784,545,9665,-8364,-2265,8518,-148,2706,17637,10602,1693,16772,11502,1006,9064,6624,1985,21006,12299,-1742,19415,9810,5507,15519,1932,3183,10678,-6422,997,12874,2852,2876,19455,-1607,3121,9337,4618,-904
8724,1716,-979,11686,9927,6,16975,3754,2753,9824,1064,4689,8705,-6298,2156,11026,-2057,2924,16594,9310,-2178,16482,10999,1585,6621,9694,1663,26679,13570,2171,17460,6257,6713,13359,-679,2384,12308,-5476,-1786,13694,2203,-3541,19185,1187,2000,12065,1573,2773,9879,3909,-2325,12306,10352,6167,16014,1174,1998,8088,-1351,-3932,11098,-7662,-121,7587,1343,4341,17118,9616,-722,17115,11855,-133,11022,6678,6539,19590,13677,-913,16794,7393,284,15772,813,5830,12269,-4724,4555,14591,1086,-2393,15810,-222,3477,12970,2394,1905,11465,5658,-3764,13186,10047,5342,15065,1360,6022,8972,-2534,1810,8200,-6310,-2370,14065,-25,-1310,14970,14120,-1568,19477,5174,3026,4550,8392,3067,22726,17245,3582,18780,4299,98,12836,-3515,-1742,10650,-4185,-559,17413,461,1413,11758,5277,5554,16842,-1246,-1051,8633,6983,-873,11705,7002,5622,12917,4032,238,10961,-2565,3450,8452,-3924,4413,14035,-1442,1698,12703,12674,-3472,21437,7867,832,7096,13108,5895,24200,13915,520,15910,1044,4317,13491,-642,4229,15390,-4409,-314,14283,1228,-7625,12465,3196,4215,17320,-1737,2225
13785,14818,5781,15537,3434,8638,9320,220,-810,10791,-7548,-932,11293,-2583,2586,14900,11425,-3504,18254,5632,-2811,2367,7704,5121,25252,13503,5296,18928,10422,-187,12616,-955,-118,9128,-6147,1290,18235,1749,-1605,16188,2277,1783,12123,3775,3440,8859,452,764,10493,9122,-444,17708,5619,3582,11124,2346,4672,7777,-6007,305,12957,-4178,2748,14569,9740,440,16955,8379,-864,4815,12143,3122,24632,12009,1189,16676,6207,7563,14664,-1292,3462,10843,-4180,-1960,16109,1484,-4577,17595,2862,3221,14551,-654,-1130,8273,6975,-1464,13791,8318,7103,13869,1246,3864,8055,-1028,-4056,11029,-5600,65,10969,1133,3374,14306,10046,815,19236,8947,-3504,10123,8805,8517,20269,13345,-162,13516,4956,-1800,15664,-1958,8759,11727,-50,2774,21166,-1550,-1772,7125,4621,4261,19445,-3875,-1064,10197,13043,-2869,14649,5084,7236,9359,2971,3484,11291,-5178,2469,8129,-3686,-2972,16766,1443,-796,13446,13914,-503,18412,2816,1875,9761,9748,2703,18103,17960,2778,15284,-138,2000,12034,-4623,-335,15091,452,-3768,19353,-1332,4893,5810,7802,3179,18818,-5046,-3537,10127,12699,2332
11199,-396,584,8745,-2299,-1371,11778,-4193,158,14131,2257,2936,11009,12098,-3382,18300,6030,4431,13171,9316,6308,21295,12224,-3046,11790,1911,3950,12317,-992,5573,15301,2367,-671,21930,-4034,1121,3757,9268,3500,19124,-6477,-807,12618,15474,-1587,14979,2961,6539,9621,4619,2744,12310,-8021,384,7465,-3631,0,16159,7527,791,17019,9703,-3504,5519,5778,1895,22279,10187,3516,15924,12521,1432,13779,-1627,1585,8651,-4324,73,19017,1208,1069,15624,500,1777,11113,6347,-247,11167,-34,-843,12429,9478,4701,14903,4829,2630,13143,2128,-798,7115,-3104,3445,12737,-4167,4613,13153,8471,-962,17435,6576,-307,5550,12484,4101,25764,11149,615,14350,7385,1873,15903,-1185,6280,9762,-3719,1440,15131,493,-4697,18820,2875,1018,13817,-577,1920,7270,6696,-4304,15442,7364,4727,14224,3064,6704,8062,-1626,-1659,10351,-5750,-1667,11461,1263,1541,13898,11805,2380,19696,8239,-2202,9344,7021,5288,19256,12893,3596,16508,5839,-770,15745,-994,4227,9472,-831,2718,20682,-899,1764,8385,6045,3870,20062,-5706,-2756,8819,13975,-536,16190,2913,7190,9171,5027,287
6016,-1328,1722,18628,-2825,2717,10289,13449,154,21790,3934,2081,7308,14934,550,17684,11108,-656,14654,-175,7174,15924,-2130,3435,15191,626,-2765,16720,-199,-2609,7495,7706,2592,20286,-5921,-1415,10321,12428,132,14087,4932,7185,9392,-859,1782,9819,-3013,-4956,11854,-3324,68,12986,4802,6165,12621,11392,-1779,15508,5520,181,16972,9297,8062,20636,12574,-2202,12325,139,2214,9906,-3491,4911,15736,5213,2652,23004,-3320,815,2611,9343,1131,18173,-5372,-803,13269,15451,2474,15653,821,5176,9236,3039,516,12661,-6901,2731,8324,-3122,163,15439,9459,-3698,17775,8548,673,2385,7042,3786,23552,10647,383,17645,8969,1825,12385,-457,3381,8829,-4716,-2259,18621,423,-854,14572,4091,5078,14125,5109,1478,7827,1986,-2027,13215,6871,3993,14981,6311,4073,13241,-750,-889,5856,-2303,2130,16587,-3291,4817,10827,11633,1519,20031,4477,-3660,5164,13169,3817,23911,11758,4628,14775,2800,591,15945,-1576,2229,10738,-1368,5195,15287,695,-4217,14651,5872,-1252,18127,-2829,239,7248,10870,-17,14430,5232,3999,13381,248,1867,7944,-1438,2295,12053,-5662,-1306
14503,14214,-934,16978,2586,3041,10644,10223,2598,17025,13598,827,13076,233,3708,13180,-5098,474,16586,1643,-5268,16950,-1442,4639,5942,11250,2193,18919,-3453,-2161,10872,9707,3898,13567,4274,4959,10226,2908,446,11344,-4736,1341,9822,-1221,4793,13927,2904,1994,13807,11479,-2774,11793,6840,3030,22338,14444,3245,15991,6745,955,13576,-646,3554,10657,-3505,1721,17374,2163,709,19866,1127,-4824,9662,3634,1405,9900,3170,1034,16071,9213,1841,15160,3069,3929,7269,-896,1679,11270,-5690,-2031,10743,-1444,-695,13894,10015,1160,18532,10734,619,9049,5115,6050,17030,13325,-254,20385,4788,2910,14481,987,5401,8427,-2929,-1300,19254,1071,-177,11845,5864,8444,18311,-2912,-2214,8808,10579,-3923,16132,5189,10090,10548,4821,1783,12615,-4598,-2189,8263,-4263,2528,15139,1034,1627,15284,13901,-3789,18328,3096,-168,7440,9266,6400,16460,14550,947,15546,-104,-1360,13725,-3519,3651,15152,1308,-1756,16289,-2161,103,6062,10426,519,21513,-2949,3050,9344,11247,3269,12385,2429,2395,10961,3672,1337,11935,-3030,4372,9370,-1861,-830,13548,1810,1607,14350,11495,1254
16465,12886,715,22593,5572,2187,13435,3640,5881,8041,-4692,-986,18892,1502,-1788,14234,4757,7658,16713,-2361,-971,7928,8851,-4450,17177,6054,8630,10732,5478,2838,12728,-3782,-1549,7448,-4369,1793,15489,-749,2329,14761,13767,-2674,19246,2550,-2640,6022,9123,6418,16281,15298,1123,15677,717,-1066,12744,-3833,3846,15582,1737,-768,17550,-1867,104,5174,8938,70,20859,-3828,860,10538,11957,4820,12524,2962,2375,10521,3163,725,11315,-3242,4834,8960,-1205,-120,14645,1743,341,13655,10842,2197,13650,6926,3699,20604,12732,-569,15652,9526,1133,13132,82,6368,12246,-3743,2391,17083,1213,-2454,20045,1340,7,8115,4172,705,11124,86,-4359,15511,10545,2771,15792,4660,8800,7414,-1515,-817,9902,-4902,-3361,11939,-1780,3296,13565,10328,606,18256,8234,-3901,7663,5984,7193,16668,13218,4809,22029,5263,-1061,14851,1496,4568,7465,-2982,2546,18879,1834,-1363,13785,5022,4558,17203,-2995,469,7989,10394,-1618,17166,5111,6177,10454,4237,218,12211,-3512,2986,7964,-4317,1347,15629,159,-1250,15017,14813,-2118,18530,3039,1597,6852,8729,2871,14715,13697,-99
10960,-4250,-355,16656,1568,-2754,20486,2743,899,10409,3104,1265,8781,3191,-3891,15947,8839,3828,15720,3103,7526,6411,-2236,-1311,10413,-5918,-2685,12510,548,2158,13113,11562,1131,19245,8213,-2902,9001,5584,6966,16743,14891,2627,19431,2424,153,14485,-136,3866,9329,-1608,2542,19970,1977,681,9634,7393,2702,19116,-6235,710,9388,13251,-2188,16040,4107,7326,10300,3270,640,11802,-4146,-98,9066,-4077,2008,14278,2067,-182,16018,13521,-2793,15679,4184,3051,11710,8836,3826,15667,13506,-1530,14428,-1104,3934,11299,-3690,3889,18239,1257,-6556,15576,-297,2673,6626,10092,3913,17488,-1588,-2902,12303,9160,3189,13207,3606,4869,10964,3376,2054,10954,-4442,-149,10433,-2200,3563,12671,5807,3978,15970,8231,-2448,8327,8759,2604,22958,13050,2488,16429,5740,2391,13337,-379,2943,10507,-4490,412,16481,2678,-273,19758,2909,-1425,12177,1312,-367,8155,5560,-640,15928,8817,5307,15537,1776,2305,6314,-2428,1436,11207,-4113,-55,13129,-406,-615,11379,11367,-476,21003,8607,902,10654,6938,7055,15933,13415,-704,16167,996,936,15095,-379,6243,11515,-162,18
13325,4226,3802,8394,3908,-2946,13249,8191,4076,15676,4775,6160,11052,818,1476,7325,-4522,545,17103,-3468,1073,9657,12922,3282,20682,3585,-2529,5493,12419,5200,21662,13916,1234,14831,1632,3284,15147,-2168,2543,13661,-2186,1120,14685,1250,-1996,11192,4698,-136,19622,-3475,-2173,9637,13250,110,14655,6771,6414,11293,-1022,2558,8161,-3803,-881,11829,-2849,-239,14199,2755,3632,11486,12301,-6228,17138,6897,4761,16777,9027,7833,18067,12207,-2626,12987,-190,4394,11232,-3545,6835,15214,3240,-2804,21991,-1372,155,5814,7461,4346,13645,-3122,-1102,16414,13983,92,14098,3140,5952,9668,3248,2380,11897,-8071,-1751,9279,-3513,966,15059,10783,174,20291,6914,-668,-233,6319,793,20173,12963,3455,20866,8300,962,14012,-3828,4003,5086,-2678,-370,21066,-575,-2855,11631,6892,6026,18015,105,-4049,7616,6840,-142,12113,7305,8371,14579,3996,1508,10993,-1866,-112,6905,-1927,3291,19050,-1543,3877,10667,13421,-3288,18901,2492,2094,10702,14084,6044,16835,13551,-374,13402,-2600,1969,13854,-2028,7033,18684,9,-2128,14843,463,-3397,7160,5436,-617,18277,-2937,1794
[row took 90808us]
10595,1770,1990,11942,-3159,1597,10099,-4396,-504,13554,4344,404,16412,10587,-794,9124,6284,2847,19496,10706,432,15577,10204,-407,12527,-1165,3362,6990,-5246,2673,20324,875,-3172,16173,3179,3325,9528,5432,1784,12165,2469,-2198,13337,8499,3187,15502,4057,6332,9459,1274,745,9432,-4460,-35,14538,-1711,4288,10853,12180,2388,20124,3860,-3863,7040,10433,5449,19837,16777,3497,16786,-965,-985,13883,-1908,3568,14133,-2825,3351,14569,2784,-3887,10906,4840,462,19450,-3338,-2546,9639,11484,2402,14437,7928,2656,13563,-1582,2562,6561,-3818,2316,11896,-3997,-1031,12915,5874,-755,13882,11372,108,13713,8071,2675,17842,9536,4698,19529,9324,-1070,12954,952,5610,10112,-4911,4109,15417,3658,-1745,22691,970,1163,7398,5109,3176,11881,923,-454,16198,10569,504,15323,2973,7298,8524,668,-217,11367,-6218,-826,11808,-2061,462,13577,12346,2039,21260,5197,-957,3440,8067,-7,14336,14674,4547,18435,2014,-1522,14396,-4789,2859,11154,-890,749,18119,51,-547,8260,9320,2128,20171,-1487,-2351,10690,11035,3763,10839,5222,5989,12640,788,998,12234,-2808,1777
17855,8559,-2421,8012,7268,1930,17860,14600,5895,21207,3373,3399,12758,929,179,9700,-5072,5674,17194,3195,-685,15821,5757,-284,16881,-2451,2046,8253,10573,-170,16257,5635,7089,13060,2388,-422,9577,-2337,2026,10123,-4441,-702,13839,1180,-223,14692,11444,-593,12209,7235,2410,18577,10480,3577,12800,11561,-1917,13575,-1959,3046,7977,-5147,5180,20011,-360,-4002,16641,2606,560,9583,6279,3156,13065,1688,-2273,12922,10475,2306,16202,2829,6821,7627,2056,3588,10380,-4857,-1620,13729,-1016,2657,11455,11654,4113,20617,3921,-3732,6983,11073,4435,18390,16771,3507,16386,-672,433,13982,-3048,2990,14585,-2161,2135,16293,1987,-2289,9672,4155,770,19436,-3246,-3672,10922,11747,1725,14526,8355,5677,12094,-980,-391,8154,-4715,4813,10361,-2962,-1101,13403,6709,-961,15118,10772,-1213,10872,6909,2805,17930,14883,3691,22291,4717,2623,10407,2014,4067,10874,-7451,4113,16083,3734,-2846,20287,2695,788,12189,1161,2249,9292,5897,2019,16767,8373,2209,14381,3151,3636,8440,-402,1438,10101,-5868,-1467,13429,-118,-986,13612,12575,2735,17041,6087,490,13307,9733,803
11959,-4339,1997,17323,1337,-5097,16905,2568,1520,14914,-704,1154,9445,8125,-3908,13642,9005,3856,15658,1060,4687,5417,-2244,2203,11361,-5357,-2196,13390,2484,497,10889,13756,1358,18279,8274,-481,15709,10458,2875,18792,12486,3382,10894,-951,6939,13657,-7129,1376,13893,2025,-178,22299,-1063,1530,6685,9074,1364,13538,-3666,-2637,15460,13589,6229,14326,2945,5396,10146,-29,-1416,10295,-4993,-1526,12144,-1783,1193,12816,11929,1269,21209,5643,-1979,4544,10086,3266,15183,15732,3003,19048,1780,-2616,13708,-5518,4016,12012,-2707,3886,19126,-1927,-2512,7417,8087,813,19661,-1871,250,10385,13449,379,13162,3438,5396,9519,2277,4176,12070,-3198,3684,8856,-560,-1575,14996,1698,3235,12938,13690,-1542,10460,8598,1559,22705,14096,5024,17060,6480,-203,10739,-1873,6546,11168,-5307,319,18818,1159,-4641,19127,1512,2772,10503,1252,70,10006,3891,-4345,14386,10209,4456,16026,3865,5867,6035,-2626,575,9809,-5857,-168,13025,1536,-480,11980,12354,1560,19051,8581,-1999,12060,8800,2626,14452,16986,6159,14984,-2452,3300,13811,-3780,2169,12490,-516,835,21962,-1524,710
13689,7186,5686,12577,4644,7170,12831,-749,-249,6549,-1203,471,16244,-2489,4130,9517,12943,760,21611,4151,-3109,7442,13335,6180,16590,13768,3657,15524,-1778,-1292,14777,-3049,3251,15934,-535,2563,15218,-779,-2827,9185,5049,-148,20096,-3221,-1281,11569,12450,1321,12737,7308,3452,12012,-1516,1780,7432,-3586,5161,11169,-3901,-2186,13468,6789,-1486,15131,11718,508,10517,7909,3002,18885,12494,1918,21488,6416,3801,12692,1210,5643,9053,-6182,187,16171,2609,-1721,20334,2791,4343,12093,2317,574,9159,3960,-74,17228,7673,4332,12373,4907,5108,10764,-1784,-587,7862,-4238,-1838,15301,-1826,2558,12551,13976,1679,20154,4613,-2871,8412,10309,1096,14296,14719,3486,17805,-699,-589,10787,-4317,2214,16823,-2304,1927,16274,-942,-561,7714,9705,-467,18745,-1339,-1138,11615,11915,5697,12640,2595,4203,10833,1679,1294,10527,-2430,1912,9446,-1118,2273,14184,4397,-402,14980,10086,-1313,8899,9195,6462,23189,15699,-104,18698,3525,-5,11531,-891,6148,11251,-4735,1658,16889,1697,-3682,18926,595,1500,12351,555,409,8899,6742,-3637,14124,9636,2204,15948,1549,7207
13536,-2405,101,13355,14782,-538,21460,5774,1021,5429,10107,564,16239,14358,1462,18122,1964,3145,12502,-5326,3753,14375,-3358,-3086,16717,-1246,-243,8503,10245,5089,19822,-2348,-3325,10645,10858,1894,12170,3922,7868,9834,2951,1759,11523,-3493,-2192,7592,-553,3295,17875,1941,4779,11396,13246,-4637,12687,6617,3863,21766,15993,5738,17403,7666,-1109,10905,-2094,3315,11141,-4630,3669,19180,183,-679,19511,4,-2570,8276,3729,-2050,10569,3277,485,15186,9520,1788,15455,3473,4910,7305,-835,1796,10122,-5412,-551,11578,-1619,-527,12386,10860,-1593,19009,11086,2380,9193,6473,4677,17635,13363,1065,18118,4643,2529,16546,-350,6896,10196,-3562,-1320,18421,-1058,-1931,9984,7041,7480,19621,-4533,-1090,8624,12410,-3804,16362,5113,8542,9309,3964,3644,12152,-5360,-2262,8552,-3661,-113,14643,2078,3718,14724,13836,-3982,14820,4693,-80,15405,11676,6850,16967,13738,-295,13715,-2236,1198,9080,-6469,3414,18610,1479,-2369,18354,-596,2193,6488,7938,-1010,15574,-1223,612,13109,10913,4288,13493,3116,2562,10490,3550,1775,10185,-3918,2989,9706,-1718,2184,13811,4788,-24
13721,10186,3431,21408,12598,74,12096,1533,4967,11778,-4567,3198,13390,1884,-1137,24247,-4604,2224,3468,10304,2907,18067,-6307,-404,12611,16097,-516,16035,1447,7114,7367,3712,2760,12197,-6801,-1607,9800,-3652,981,13896,9502,1438,19335,9143,-4484,2643,7683,2897,22604,12604,2759,18669,10652,2145,14797,-4112,1865,6696,-5417,-351,18665,-174,1415,15400,2745,1384,13369,4290,-458,9725,3518,-107,12279,6921,6630,13822,5491,1474,13506,-291,730,5726,-2304,2783,14785,-3294,1809,11384,11980,-4,20427,6036,267,7046,14181,6514,22583,13004,-1566,14214,2329,2875,15679,-2015,6549,14794,-4094,408,13430,-871,-5328,12052,4991,2770,19311,-2188,-1071,9292,10935,-3457,12913,6330,6370,11974,49,5291,7444,-3551,-1069,11164,-5201,-2064,13662,5536,2706,12502,12798,-451,17852,6650,775,13943,9558,3508,21652,13405,4226,12773,1405,2086,11151,-4943,1259,14106,2376,1779,24332,-3650,3443,3103,9431,-24,17970,-6377,-1253,13262,16454,3366,15565,1460,4873,7248,2578,-147,12212,-7032,1878,9276,-2816,1696,14329,8302,-2645,18357,9750,-2984,4240,7428,5621,23102,12278,1210
15454,-980,7010,11457,-5038,-806,13679,550,-3627,18635,3066,-184,14667,1529,2823,6915,6504,-3190,14454,7565,4523,15607,2705,7470,7508,-1610,-1878,10766,-6798,-4346,9663,2184,1459,15056,11469,3961,19814,8549,-1392,8885,6234,5168,18982,15042,2244,17165,4918,1089,15668,-1315,2998,10416,-3140,2246,19161,-1044,1879,8438,7103,3820,19313,-4286,-3253,9341,13988,191,15896,3098,8196,8681,4192,126,12971,-6390,2022,7973,-3600,1664,14825,2472,-2748,15349,15168,-3571,15991,4105,5006,11927,10715,3281,15633,14222,-912,16489,-1518,3668,8989,-3443,1858,18938,-734,-6248,16348,-1387,3864,7329,9527,3891,17827,-2436,-1693,11413,10207,1492,13914,3604,4930,9091,3359,1446,9637,-4517,901,8826,-2655,2122,17622,2972,4237,11324,14171,-2207,13312,6932,1563,21704,15179,2950,16939,8750,3646,13338,-1960,3351,10562,-4721,1908,16473,901,-264,20634,-126,-2292,8457,4882,-1525,10724,1999,77,15766,9732,4022,15009,3423,3341,7922,-1292,1219,10279,-4783,-360,9133,-1834,1564,15022,7549,-2021,17526,13411,1422,10270,6021,5952,17139,12667,-2262,20687,7401,2305,17664,2501,6730
17818,319,-1872,15138,2155,6386,13263,5384,-286,9246,1325,-3478,11964,7869,4165,15333,6233,4883,13985,78,212,6319,-4423,773,11942,-2947,5992,14932,8558,-70,17298,8791,-1643,5763,11884,2751,23840,14174,3620,15975,4898,2723,16014,-2101,3259,11940,-3830,2050,13545,-45,-3874,16591,3365,-2426,16423,-792,2282,6657,9177,-18,13910,6694,4664,15046,672,2708,7152,-536,242,12487,-7432,-2422,8642,1940,-263,14994,11036,2757,19723,10142,2031,10218,7101,3438,19826,14258,-951,14852,5246,3594,15682,-1481,5981,12575,-1856,-902,18890,-2306,1913,6293,7408,5702,20715,-4526,-4973,9192,14161,-1564,15245,3327,10368,8540,3851,2683,13068,-7190,-432,7813,-3528,251,15605,2642,-622,14831,14398,-3028,16341,2267,2400,11158,12813,6022,17382,15840,-1285,15248,-1654,1830,9209,-4373,1808,18605,665,-2021,17399,-1602,1801,6686,8373,2364,17584,-2466,-978,12498,11953,1806,13210,2926,2634,8611,2854,3002,8977,-4203,2895,10874,-2385,-316,16918,1155,3507,9912,14506,-1339,16860,6019,3269,18825,15424,255,16351,10378,4482,12147,-1583,5866,11794,-3795,265,17067,546,-3142
3191,8768,-212,19587,-6975,-3836,11624,17158,1806,15477,2487,7780,7699,1803,700,11793,-7575,1182,8304,-2277,414,16934,4744,-2091,14371,13037,-4167,12807,4359,6672,16702,11681,4016,15971,14583,-1020,14684,-2551,3175,7730,-4058,2,20080,977,-4556,16540,-1331,5082,8475,7356,2808,13632,-1217,-2320,13020,10259,2096,16137,4231,3704,8589,3571,3246,8348,-6198,2295,9699,-2496,2354,17962,3688,3258,11341,13150,-3364,11231,7586,1167,23035,14693,2826,16022,9838,4814,13561,-2465,5110,10815,-4653,498,15391,1683,-1905,20452,-324,-1869,9642,3110,-1657,10241,2846,1010,15389,10630,3771,15073,2798,3995,7957,-976,66,10319,-5255,-1227,8769,-1084,2834,16419,7033,-1994,16783,10801,764,8815,6608,5446,19107,14230,-1702,20341,8618,176,17040,1139,8263,8155,-5232,1947,14840,1620,-1087,17404,1121,6040,13241,799,-985,7786,5939,-5332,15748,8477,6252,12980,5004,7138,11458,-4371,272,7739,-6101,-2255,14266,-773,1206,15600,15347,-2712,19484,2253,-249,2778,9505,4902,21305,17707,3044,17788,4250,265,12135,-4320,-93,12409,-2979,-84,18268,-29,604,9421,7002,4436
7099,7289,-317,14396,7652,3765,15854,1760,3174,6299,-726,518,12200,-7523,-1932,9512,1619,-1748,14783,10789,3915,19920,9124,1428,8647,6850,2997,19428,14653,566,16446,4410,1969,14780,-299,5391,12478,-1942,2073,18762,-1013,-852,7567,6273,7017,19812,-5008,-4340,9066,13763,-2888,14440,4686,10091,10487,2881,2922,12172,-5780,-901,8454,-4154,1659,15297,2856,-1054,14418,13281,-3420,16472,2366,1618,10697,11334,5984,18440,16334,1182,14149,-1241,-148,9881,-5413,1096,17890,2133,-1206,19130,-1228,1102,5212,8705,2964,18778,-3456,1185,12022,10870,1803,13095,4348,818,8344,3038,2843,10615,-4843,3541,9057,-1745,531,18520,1260,3429,8656,14332,-872,16069,5310,2298,19711,14455,983,17443,10496,3525,11598,-1692,4951,11300,-4539,2684,16602,1417,-3552,21444,852,-28,7664,4562,19,11607,-385,-3498,14644,11406,4173,17148,4450,6988,6526,-1529,-897,10127,-6126,-2488,9621,-785,3097,16425,7126,-199,15640,11717,-1076,9100,4787,4573,18246,14774,2461,22125,6940,-50,14888,2244,2717,8142,-5792,5234,15606,2339,-685,18220,1276,3323,12027,1035,1424,9656,6221,-2561
13912,3916,2683,11590,-1645,4821,7686,-3625,595,16006,-135,1872,11555,13696,1930,19624,4848,772,11500,14761,-810,19892,13101,3765,11265,-896,5171,14452,-4325,1177,18381,-185,-110,17048,75,-1887,6456,5843,1541,18062,-3711,-3547,12422,12599,1695,15167,5531,8109,7743,-2110,-296,8601,-4476,-2029,12577,-2721,-1098,14211,6574,3459,12073,12742,-1981,14471,5314,3224,16014,12854,6428,23730,9370,-2565,11843,2300,3732,10331,-7032,4709,13910,4637,1145,23336,-3352,-164,5774,6891,3923,13746,-960,-2748,14756,13245,1187,17241,1275,6813,6377,1718,1101,11744,-7983,191,9959,-1702,140,16573,11309,-2824,18416,7996,1474,2470,7135,2456,21697,15567,1698,19837,6350,2510,13264,-4491,2281,9576,-4246,-3523,18205,681,-513,11559,6349,6301,18073,258,-1576,8799,5685,-220,9556,7367,5913,15479,3246,1579,11493,-1449,962,7346,-3530,3039,14482,109,4203,13474,11730,777,18850,6161,-2420,9952,14999,2884,16198,12993,3931,14339,-1679,1558,13958,-2805,4437,18758,-376,2682,15284,-988,-5324,8536,5566,-401,18292,-1288,-1103,13337,11422,2124,12783,4857,5666,9313,-2491,1823
10883,-3377,-110,14503,12051,-2506,20375,6422,843,2024,8158,3557,20323,15875,370,20344,5398,2330,12785,-3842,4436,10419,-4340,-4766,18004,-356,-974,9653,7032,7425,19883,-2345,-2586,6808,8692,-1374,12568,5888,6911,11604,4764,3258,12512,-2437,589,8025,-1735,2050,16719,-1100,5428,10247,12672,-937,19845,4813,-1957,11419,15686,4100,16733,13194,3569,13651,-3176,1883,13373,-2293,2825,20118,32,1723,15602,-954,-3519,6735,4684,-1495,18272,-2079,348,13370,12918,2762,13024,4958,3973,9015,-2108,2677,8172,-2706,99,13052,-4447,-3735,12739,6591,1356,13539,12176,635,13188,6853,4106,17888,11981,3037,22474,9959,-1570,12863,2220,8929,9592,-7212,548,14123,3475,-2288,22158,-2060,5931,8167,6562,2354,11668,-254,-5690,16080,11803,4093,13555,4033,8673,10730,-505,-2269,9511,-5922,-1358,11302,-3224,4198,15113,12890,-3154,20704,5520,-2820,654,8591,5721,20857,14571,2932,19279,6177,-973,13844,-4576,3435,9212,-2982,-355,18658,-603,-2333,10427,5989,3629,19393,-488,-661,7160,9326,1313,12014,4406,4974,12220,5320,838,12697,-2569,4615,6728,-2325,1706,17690,-2147,135
17160,6812,5607,14002,10697,3530,23341,10868,-965,11695,3093,7079,10924,-5554,717,13505,3361,-1647,24087,-5391,5340,3436,10074,2825,16909,-4426,-4796,13525,15147,2103,14937,1858,9281,8806,2031,-1076,10975,-7785,179,9910,-2754,3400,14981,10274,-1352,19375,8521,-4658,2229,7450,4286,24200,13694,3003,17635,8850,-250,14001,-2896,2385,8868,-4398,871,17560,-264,435,14249,2591,-188,14920,3515,1145,7877,4512,1027,12649,5282,3814,13663,5754,1895,14147,694,1781,6211,-3694,1179,13451,-3217,1658,14189,10855,666,17942,7824,2961,7120,12069,1951,21481,14479,-797,16527,2169,5935,15415,-998,4225,14385,-4644,-643,13264,597,-3529,12514,3821,2744,18647,-3092,-2543,7782,11344,-2054,14250,6132,7765,11781,43,3850,7693,-2840,-2539,12543,-5146,252,10908,4417,2227,13259,11081,-1107,19336,7839,1078,13316,8770,5936,18886,15259,814,13625,1351,715,12619,-2302,5180,13524,510,868,22401,-3569,2975,2090,9167,1072,21469,-7007,523,10136,16776,98,15865,1084,4163,7019,3971,3736,13015,-6197,674,9893,-3763,-1234,13601,4163,-313,16109,13352,-1885,11348,5772,3790
17101,11321,3501,12459,-1678,5941,12936,-2754,-981,18582,460,-1031,18027,-1210,325,6069,6954,-690,17463,-3133,-2763,14011,12146,4490,13230,4301,5362,8183,-2027,-1175,8982,-3206,-2264,11734,-3144,2518,15231,5584,1334,12573,13415,-3313,14510,5665,6177,15725,11800,4515,23398,9988,-4207,13493,1463,7168,7949,-3743,3773,14565,2751,-300,21955,-5046,1406,5676,8609,3139,14570,-2258,-2131,14106,14555,484,15349,1321,7816,8957,929,2708,10680,-6769,-1101,10977,-2803,-1296,15627,11570,-239,18286,7252,-509,1605,6918,3008,24130,15026,1802,19119,8243,2932,12860,-2448,1183,9898,-6015,-2009,16519,1639,1226,14461,2832,4744,15137,2173,-1688,7582,3372,-789,12089,7883,5481,14682,5340,1362,14078,-52,363,6713,-3938,3098,12351,-2259,4944,14549,10125,-2575,18025,7504,768,5969,13128,4452,22482,13524,-219,16375,3158,3479,15580,-830,5646,13752,-4185,965,12884,589,-6045,14408,2585,593,17587,-1327,2245,7530,9325,-2313,13581,6265,4588,13054,830,5347,8412,-2475,-1724,11605,-6283,-3135,10385,3472,1547,14341,12536,2913,19675,8043,-311,11464,7525,4011,19666,15522,1697
12987,-2153,77,10767,-5177,-526,16528,-135,1431,12750,4773,2101,17223,424,1178,6515,6655,1606,13046,4434,1988,11869,7425,999,15315,-2136,4010,6039,-3075,2791,13755,-3414,1258,12855,12523,538,20525,7016,556,6936,14142,2638,21724,12551,875,15162,3334,6968,16220,-1566,2907,13634,-4154,-1172,14411,-1148,-3849,11948,6726,2412,19901,-3457,-289,7226,10581,-2288,13337,5770,7280,12200,544,2468,7767,-3030,-3044,12133,-6666,242,11784,4612,3041,13238,11663,-83,18921,8340,-230,11846,9499,5622,21806,13867,219,11600,3676,281,13987,-2483,5836,13844,102,2202,21477,-3855,1195,3833,8169,2644,21181,-6005,-963,9369,16141,-1078,15936,2037,5691,7344,3298,3153,13719,-7260,2395,7082,-2811,-1795,16026,2559,-2166,14107,15479,-1045,16447,3011,3626,11961,11869,2920,16129,15383,923,16240,-499,4131,9180,-5063,-2038,17562,665,-4367,18465,-1950,6922,6457,8700,2589,17554,-4366,-4146,11023,11546,2252,15035,3732,4942,7433,2614,271,9153,-4245,1398,9938,-2404,4557,18905,1524,4276,8217,14997,-6090,17656,5912,3701,18057,15478,5351,16757,11535,907,13301,-3277,3664
10341,-3850,2178,16019,-939,-1383,13038,2869,6467,16759,-138,-1905,8607,8932,-3726,15500,6230,6962,10763,4593,5747,12337,-5751,76,6228,-5238,-1048,15700,442,379,15600,15435,-2272,20409,3084,-386,2572,9526,5852,17621,16488,2193,19088,2724,-1150,11979,-2731,443,12635,-2263,345,16928,-713,501,10107,7421,4612,19786,-2621,-1026,7659,9780,585,12787,3400,3952,9264,5293,-303,12016,-3256,5454,8599,-3998,3415,15169,-1327,266,11782,13832,-274,21724,7284,1418,8569,14103,1120,18593,12723,2213,14651,-206,5878,14569,-1019,3708,15794,-2016,-3359,15626,-829,-3205,8852,7494,2816,20079,-4297,-489,10983,11779,-1271,11645,5752,8401,10841,-1656,3034,7763,-2180,-5312,13149,-7313,317,12137,5743,5456,13243,11551,-2991,17750,7017,1936,14097,10650,4176,21698,13413,808,11582,2413,828,10677,-1830,5671,15447,793,1793,22393,-4468,3097,2667,9306,-1042,20258,-5317,-340,11598,16360,1761,15278,1214,4878,8304,2572,3581,12912,-6655,1085,8745,-3512,-2068,14485,4942,-1319,15143,12621,-1410,11902,4603,4852,17807,10632,2887,14756,16002,-351,15951,-1748,3111,8420,-4850,-2065
15067,1502,-2411,18249,2439,411,14176,-146,133,6728,6942,972,13993,7678,5825,14791,938,822,7721,-924,-3020,11737,-6211,329,9096,353,2609,15448,9862,-689,19541,10618,828,9318,7792,7392,20086,11897,-3504,13633,6812,1244,18303,272,7829,11352,-2056,2536,17090,-556,-2665,11223,3019,6653,17752,-954,-1823,9508,9971,-5069,14505,6309,8689,10524,3319,5020,11747,-5404,539,7002,-4861,-1561,15684,1541,-42,15296,14390,-1623,19740,2061,256,4421,9760,4963,18424,17725,2117,17309,1096,-208,11256,-3630,1275,14202,-1076,-759,17659,449,1820,8832,7162,4283,19674,-3219,-1829,9811,11298,8,12805,3410,5117,7937,3661,-301,11148,-3669,5881,9796,-2593,1982,15828,-812,1609,10607,13554,-1388,21053,5586,2340,10608,14532,804,17604,13302,2021,13630,-1357,6128,14066,-925,4375,17490,-548,-4910,16680,-1513,-2400,6162,7152,2872,19853,-4364,-852,12535,12965,-409,12807,4626,8451,8643,-1843,2031,8486,-3066,-6000,13175,-4873,-268,13216,5822,6608,12084,11681,-3260,16135,5126,1504,16984,11448,5365,21764,12780,-21,10625,700,1112,9132,-2792,5596,16497,3839,1443
7910,7295,6218,20031,-1924,-623,9730,8426,-998,10156,4187,3683,10019,5234,1707,12391,-3680,5222,8605,-2557,288,17956,-1085,3078,9640,14835,1209,20784,3789,-1172,9947,14357,1627,16473,13932,2874,12734,-1904,5458,13906,-2614,2290,17974,-39,-2340,17993,321,-1715,6158,5858,530,18730,-4363,-1521,13266,12830,2209,13154,5445,7482,7874,-2751,-45,9067,-2816,-4273,11984,-2903,1004,16725,4136,5027,10092,12463,-4244,15922,5052,3899,16747,11491,5983,22123,12780,-4497,10690,214,4933,7427,-3243,6790,16590,3204,-349,23452,-4141,1906,2518,9317,859,16248,-4286,-2221,15939,14973,1233,14582,2164,7015,7849,1120,3477,11006,-7252,-64,10242,-2807,-2937,15422,10126,967,17611,8598,-2182,3740,5586,3777,23530,13157,2484,18482,12084,1601,13162,-3046,892,7455,-5524,-220,17746,2581,598,15374,1645,5777,13253,4015,-1570,8872,1010,-2349,12442,9417,5216,16385,5102,2012,13315,419,865,6075,-3702,2814,11611,-2295,5660,15898,8049,-1929,15490,8410,-1547,6046,11252,5391,22996,13731,946,17108,3728,1759,14770,-343,6263,12585,-4274,1331,12380,1620,-6244,16154,2556,50
9504,7693,-5448,15336,7524,5483,13122,3040,5715,11099,-3736,-60,8310,-4555,-271,13762,885,115,15531,14668,-870,19398,3293,-686,5170,9104,3809,18610,16196,4265,16090,1087,-1077,11762,-5111,25,15347,65,1101,18855,192,1021,5741,8268,3701,20826,-3531,-1173,9923,10329,1944,10990,3756,3833,9107,3370,-1532,12386,-3746,4006,8192,-1715,2899,17690,590,2662,9190,14457,-2878,18674,5069,3987,15371,14700,3718,17642,11439,-1342,11058,-2940,6094,12779,-3510,4020,18003,2027,-5438,20286,-598,-1185,4741,6556,3534,15793,-3144,-2113,13505,12153,987,16777,4066,6261,6578,-1788,2090,9596,-4932,-4468,11428,-1670,1499,14326,7639,3587,14617,12190,157,10136,5481,-330,19089,11717,5009,21790,8856,301,14926,1504,1471,7764,-5354,3387,15896,3845,3809,20455,-479,2327,9206,3480,-771,11339,3140,-1063,15446,10735,4932,15859,1368,3549,8309,-401,-958,10120,-6385,2996,12110,-850,-1283,15555,13745,-4578,19856,4602,3620,2533,8645,5185,18577,15001,243,18160,2533,382,12883,-4109,3411,12956,-1358,-1806,17825,261,-3316,7788,8338,8815,20696,-1439,-1442,9648,8056,-1579
5869,-399,1647,11140,-5856,-4433,12180,-944,1086,12901,10298,3770,18487,9202,-559,6877,5583,2297,17447,14022,4363,20944,3507,2448,13978,1562,1425,10004,-4496,3513,18101,2833,-377,12853,5625,5183,16997,-3026,-3098,8836,10940,138,16334,6305,7918,12023,2023,-563,11044,-3816,254,9686,-4003,2547,13903,1740,6,15397,13087,-4011,15813,4462,3053,12024,9081,5489,14979,13942,-980,13600,-3270,-436,9309,-3608,5650,19922,2004,-4404,17453,1174,1617,4891,8308,2219,17450,-960,1631,14307,9768,1149,12185,3359,3559,9127,3061,2118,12639,-4885,1686,10134,-1540,475,13964,6302,4509,15398,8318,331,5738,10803,-1678,21322,11307,4810,16907,5095,3082,14200,-1957,3716,8700,-2783,-109,17680,1630,-1682,17543,5610,943,15378,-564,-1403,6551,6507,-2972,14892,7950,9445,16136,1364,1170,5970,-3107,-396,10918,-3630,332,14581,1759,-108,11594,11223,560,18659,7227,-1694,14372,7817,7471,14619,13821,2521,13259,-1162,-1798,13740,-2242,6769,14312,2922,1543,22151,-1216,-1595,3041,10549,2211,20399,-6570,1444,12853,15990,2190,15461,886,2647,7583,3217,2561,14608,-6101,992
[row took 90529us]
18580,6089,-3026,4630,11921,7123,19870,12499,1429,18730,1840,751,11823,-547,5766,12162,-2981,2036,15398,2554,-5573,16998,3721,2294,16329,-659,1636,7806,8121,-5228,14364,7325,5860,14833,1110,3795,6625,-3260,1572,10953,-4345,-3626,15058,3647,2485,11007,12989,1134,16462,7231,-1609,17509,7733,5695,14962,13573,2886,12880,-2213,4609,11076,-3639,1265,14972,2523,399,21953,-276,2995,6599,10178,364,15391,-4994,-929,14227,14317,4835,14485,1909,3878,10514,1023,-953,11121,-4815,-195,11797,-2668,1499,12782,11626,346,21913,5360,-2987,1493,9293,5989,14454,12009,911,19300,3165,-2253,14895,-3736,4687,9960,-897,4145,17959,-528,-5837,9647,7564,3649,19430,393,890,10598,9712,-1884,11330,3883,6350,11184,2775,2428,12777,-2825,4015,6826,-664,-2020,17569,-179,3603,11492,16180,692,14486,4412,1375,18697,12771,4524,16021,7844,3,9168,-1405,5354,13433,-3857,114,19601,1898,-1015,17703,1836,1318,7561,4046,-1112,13106,588,-2636,14594,10493,2878,15274,3891,6552,7795,-1797,-1992,9545,-4955,571,13430,537,1369,12386,10407,1224,19046,9185,-3737,9974,6776,6245
11449,-3046,3251,17637,-388,-29,15342,429,1725,7524,9905,-444,18525,-1732,-1003,12188,11842,5373,11851,2682,4752,12178,1381,93,10035,-2725,1307,11570,-1324,3825,12485,6263,-84,16628,7085,-3354,7025,9682,7813,21091,13954,1275,18873,1383,-584,11246,359,5818,11009,-2744,2683,17610,3722,-5089,17495,2059,1029,14113,374,1353,8464,7885,-3248,14361,7464,3190,15458,370,4980,5790,-1865,2655,11135,-4336,-3131,15205,2119,387,10927,12638,761,17285,7074,631,16279,6549,3683,12609,13098,4288,12875,-810,4230,13308,-2253,1524,14552,1957,-1318,21493,441,2319,6170,11009,3171,16070,-5418,-1424,13859,13413,4325,14704,3023,4832,10899,1987,-1700,11724,-4930,-1364,10830,-3779,3559,12556,9715,1021,21910,5407,-4163,1714,8030,4280,14717,13965,2649,19362,2785,-2035,14279,-3079,3082,9245,-1440,5903,18961,462,-5798,9697,8494,2964,19244,-1868,1703,8149,10963,-1829,12995,4555,4046,12130,2688,5106,11868,-797,2287,7772,-1624,-666,17154,-432,2569,11155,14080,-420,15538,4634,4220,18189,12539,2993,15548,8142,-671,10172,-1172,6586,13230,-4069,1117,18648,1812,-3274
8143,6758,1581,17716,6427,3951,11886,3564,2082,10270,-1716,2446,9852,-3783,-3221,15279,-655,34,12565,14548,2850,19163,4974,-1072,9347,8620,1240,12592,13824,2646,14108,-1655,176,11559,-5611,3640,16771,1172,-3163,18451,717,2993,5905,9304,2216,16972,-2563,-3531,12769,12001,4499,13028,2609,6057,11106,1430,645,10433,-4089,-784,10596,217,4367,13631,7057,2268,16940,8257,-4934,6538,9159,6596,21060,14950,3575,18977,545,0,11932,-329,2994,11600,-2898,3966,16704,2450,-4189,16103,3150,-165,16400,-921,361,7506,8858,-1412,13912,7308,3243,15169,-176,2968,6033,-1981,3890,11850,-4502,-2529,14009,2467,-945,11249,13286,-102,16987,8678,1730,17282,7008,5388,15603,12233,588,12254,-1021,6686,12142,-3392,2843,14729,2621,-3357,21598,-1202,2107,6398,10130,4688,15266,-4597,-2627,14449,13399,3075,14646,2354,6402,9996,1558,-713,11352,-5709,-3010,11749,-2406,1682,12641,11799,3974,21774,5260,-3309,2597,8712,2444,14249,13744,3796,19120,3206,-1135,14304,-4275,1575,10787,-2334,5281,17885,-619,-2303,9601,8923,174,20091,-768,-223,8982,11248,1321,13006,2854,6152
11012,-1911,441,14238,7315,231,14280,10843,-3609,9759,8075,2724,18209,14192,6493,20627,4634,1174,12580,341,2606,8715,-5635,3555,17229,4289,-1445,18902,1954,1975,12753,553,1196,8329,6139,2892,18786,7598,3056,11463,4344,1480,10206,-2227,2262,8733,-3312,-563,15805,-1571,-799,12388,14115,639,19288,5196,430,8999,9256,1428,13509,14267,981,16147,-799,889,9672,-5781,5169,17980,-544,-5249,18192,-411,2551,5785,9995,3836,18139,-2823,-3890,11940,11658,3683,14265,2923,6101,8849,2381,2177,11479,-4252,-1799,8952,176,3084,15959,6127,4270,14932,9297,-3751,6015,8708,2160,22099,16081,6819,18574,3092,-23,12268,-1891,-71,10856,-4263,5706,17156,1751,-1430,17351,1163,-79,14013,-1047,-3078,7894,8714,332,14842,7993,4529,14170,2476,1282,6924,-3894,4021,10541,-3922,1645,14502,1964,-2825,10624,13101,-2028,18574,9635,2797,15567,8653,4154,18391,12304,1342,11125,33,4994,13315,-4170,3849,13870,2199,-2262,22444,-3631,-123,4736,11115,5382,18267,-6813,11,12748,15482,507,15340,1347,6040,8797,3300,1426,12450,-6519,-2739,10230,-3201,528,11887,10767,4180
18755,13584,-262,17053,1643,2562,15210,-1899,4242,14135,-4263,489,13912,176,-2390,13672,4027,2576,19475,-2681,-1917,7511,11339,-4716,13945,7064,9203,12624,857,1443,6525,-4886,43,11317,-4858,-666,14105,6328,2358,12515,12363,-2044,13633,9392,-667,19410,10473,8620,18827,12401,1706,12058,-1137,2998,10472,-6801,2739,13418,3941,901,24016,-4363,-532,5504,10063,2082,14873,-4352,1550,14690,14378,2663,14013,2270,3461,9045,997,478,10710,-4709,650,12933,-3483,354,11779,12875,-986,22412,7315,-374,2679,10157,5027,15824,14017,-1081,19654,4226,857,14006,-4147,5699,12392,-5497,-440,16844,-692,-4059,10170,7358,6003,19701,-980,-624,8331,10422,-3358,13807,2133,8346,8757,6310,2880,13893,-4643,-212,5416,-518,-681,18696,92,6517,9363,15677,-2887,15382,6645,1627,18867,14343,6470,17218,11370,658,10166,-3730,1896,11695,-5617,2984,19774,1100,-825,19335,-1882,-249,5650,5144,-1804,14329,-195,-1805,14671,12431,3825,14498,4031,3105,8669,-2576,1891,8389,-4434,863,10959,-1913,-212,13016,10418,-2234,19115,12159,-373,8869,7833,7639,17841,13204,506,16257,4643,2218
17762,-916,-2166,12117,3393,1896,17093,1130,2137,9049,8601,-916,12404,4386,4893,10315,4904,3107,13360,-2211,4970,6946,-740,-1537,16860,-1373,1387,8507,15739,2109,20055,5845,1370,13761,15270,881,19382,13650,2336,10274,-2800,4737,12731,-4862,2104,21315,-865,-1756,16917,-2880,474,4948,5811,580,19131,-2583,-4791,12833,14223,3788,14354,4535,5809,7899,-2475,1337,7180,-4802,-916,12027,-1571,342,13543,9370,1385,15079,11890,-3289,9925,6844,3665,19220,16599,4185,21156,5922,217,14203,1316,3983,10249,-8534,4324,13954,3586,-1617,19308,-2054,3674,12288,1440,903,7400,5391,-69,18455,9091,3206,12212,4615,2840,9941,-2813,2589,7738,-3885,164,14617,-1702,-1092,13247,16402,-788,19806,6508,1067,8904,9977,1746,17230,15500,1243,16996,750,2430,9399,-7768,4407,16859,-1664,-4160,20192,-1591,-748,4734,8963,7332,19193,-3949,-5455,11481,12391,1815,13656,3326,8104,7792,2865,1465,10544,-4935,-1014,7859,57,2937,18376,3347,4393,11922,14301,-3837,9466,7934,3122,24708,17296,5253,18650,7753,-395,12056,-3541,3656,11104,-6735,4686,15838,1580,-2672,20266,-2990,-495
13281,17524,4711,15875,2720,4238,6450,316,-263,11291,-5785,2414,11933,-2268,437,11728,9555,-2262,19387,9872,-1971,4233,10112,5146,24647,13424,1110,16385,10688,-1446,16347,-6464,5947,8832,-6958,98,16858,717,-3616,16168,-565,5082,12521,4557,2289,10597,3715,-4468,11665,8512,4733,12741,5923,4901,14108,-2062,2210,4875,-1801,-1019,14415,-2344,4586,11991,14197,1359,19542,7675,-3239,11022,13692,4260,19864,17475,3797,13930,-3147,2588,12776,-4493,4248,20204,-3870,-489,14578,-657,-2848,7390,3581,1723,20472,-4331,-4684,9771,14709,2693,15899,5604,5686,7512,-44,420,6172,-4852,643,13242,-2181,505,14613,4903,-1131,9906,11173,1151,14529,11628,2877,21561,14823,2225,20524,11611,2324,11367,-2710,1869,12159,-8885,5861,12161,5705,-1890,25305,-7821,1936,2331,7861,4934,16785,-3464,-2291,15962,17122,-69,14835,2106,8809,4898,-859,-353,11217,-4270,-591,13349,-2141,1003,12387,13234,-1128,19626,6743,-636,4834,9709,1550,22418,17821,2233,19204,5346,1379,12531,-5853,3046,12298,-6646,-2883,18234,-254,2843,11743,3809,3450,16319,-1476,-2734,8160,8697,1033,12336,5821,6395
7878,-4933,221,11547,59,-11,14769,7679,41,13679,12208,75,11026,7194,2838,19767,14594,3554,19428,6636,-755,15946,183,3867,10034,-6163,4782,15462,2087,-1354,17594,-387,4034,12345,802,2628,9573,6014,-2646,15640,10277,3077,14538,1985,5024,8741,-2066,2093,9061,-5124,-584,13742,-228,-1868,13886,15352,231,19628,5791,17,8325,8945,2682,16889,16493,2377,16294,36,1947,10381,-7120,1543,17001,-246,-3021,19646,-177,1400,4616,8224,5844,19752,-3866,-3386,11984,11043,2450,11424,4584,6019,7900,1791,-629,11991,-3735,1161,7871,-253,4058,18747,2282,4174,9835,14202,-5025,12472,5146,3656,22222,17035,5463,19707,8865,-2143,10866,-3240,5148,11233,-5672,6230,16464,2649,-4260,21544,-392,-2590,8270,3923,1795,11163,1824,-1070,13569,10618,1964,16836,2453,4434,6327,-1018,2794,10011,-5621,-3231,12004,170,-724,12737,11014,2251,19188,10194,2484,7466,5768,1327,19598,15040,2816,18749,2235,2399,13548,1431,3421,11962,-3993,2566,19231,1516,-1183,9483,6129,6791,18969,-4782,-2731,9153,12228,-2750,15082,5765,8860,10581,1956,1959,11449,-4828,-2423,9692,-3132,2770
16056,3752,-1267,14114,10320,5313,12027,12776,2795,13428,-4029,435,12535,-1427,3837,19896,707,320,14235,3003,204,7270,4981,-2595,16945,-1864,-2568,13432,12585,4349,15614,3132,3650,8155,-310,-44,10848,-3607,931,13332,-916,481,12214,8222,1379,18137,6989,-4104,7952,9044,6791,14537,11375,3143,17574,3511,177,16411,-759,4607,8551,-1777,4655,18022,2038,-1931,11894,7592,757,19456,-3820,2467,8011,11747,-1189,17828,4063,6553,10210,3531,843,11624,-4444,2657,9747,-1770,-4194,15221,1260,3008,14158,11697,2343,10326,5700,-2256,19715,10153,3132,14842,9976,757,11997,-1729,2075,8072,-5114,681,19216,2601,237,16552,3210,2063,9414,4213,1217,12469,2560,-3866,12708,10025,4582,13709,4286,7823,11890,-1633,-561,8152,-2045,2003,17319,-1984,4724,9105,12413,-1234,22183,3448,-1481,6669,12357,5880,15075,14089,3008,15774,-3113,-812,13466,-953,4125,16540,-83,736,14682,1021,-2567,9007,4892,-452,20367,-2682,82,10893,12150,1989,14088,6116,1316,11544,132,3218,9104,-3859,3718,11776,-3330,-2439,12669,6765,127,16143,10183,903,7650,8271,1197,16676,13303,2363
18544,-804,-921,18153,-1710,-1134,6603,7895,913,15446,239,-309,13896,11774,3150,14302,2370,2642,9264,1539,5302,9827,-3978,1330,11703,-2374,-1076,11774,9613,2406,19714,9348,138,5532,12241,4921,19607,14109,1748,17277,1890,2012,13851,-2271,4620,15074,-4238,-253,14411,507,-3818,13243,2410,4149,18804,-2720,-2706,9183,11356,-3909,13936,7180,8316,11778,1234,3337,7128,-5149,-1219,11055,-4876,-227,14005,6418,3148,12762,11792,-2331,10855,10559,-879,20511,12773,6913,19739,10937,3576,12121,-1444,2142,11029,-8720,3060,13506,3822,628,22331,-2092,436,9574,6771,745,12267,-494,2115,16062,10523,4804,12369,3944,1619,10869,-1566,-36,8021,-3210,976,15405,-2677,528,10373,15026,-832,21244,6367,1438,7962,11877,1955,14656,13692,-654,17346,736,681,11009,-5427,5332,17237,-3857,-256,16353,-2613,-2987,7839,8525,4076,18625,121,-1124,12558,11297,-510,13296,2605,7134,7924,3242,4516,12445,-4613,26,6696,-592,-113,15914,4316,4028,14570,14109,-860,6880,10499,-523,23628,13587,6234,17043,6718,1387,13875,-3621,2344,11117,-5326,876,15786,530,-1468,19616,-637,3006
17276,7391,5821,10714,5752,3335,11892,-3482,-1262,7569,-3806,411,14304,-507,2862,13553,15126,-2525,16745,7393,-1054,14094,10138,4180,15349,15416,2051,16074,-2914,-1103,8868,-6720,4584,18290,-819,-890,18189,-2067,-331,5956,8960,1009,18838,-1702,221,11085,12455,5155,13313,2176,2080,9578,2133,3372,10436,-2501,2004,9229,-1487,691,14055,6142,876,17115,10851,646,6083,11818,3655,23426,14831,442,17242,4311,900,14456,-2184,6393,12862,-6728,801,13657,590,-4333,18885,-399,2935,14079,1139,64,8464,7993,-4272,14347,8392,5340,13662,2605,4996,6896,-4272,787,10577,-4594,-1937,12703,4553,739,12534,12858,2033,17274,9364,-2167,15415,8452,3045,18703,15713,5321,12331,-334,2270,12378,-6748,1884,12723,966,1763,23898,-4649,1675,3052,10792,885,20292,-8510,820,10033,17395,3876,17574,2376,3691,6534,3083,-35,12382,-6713,1438,9623,-2244,800,12314,8981,25,20299,10685,-2473,3318,11199,4114,22961,11234,1756,16622,9092,-1862,17464,-5297,5692,8351,-5439,1100,16589,-2030,-3730,15330,2483,3126,14853,4777,2285,9522,4719,-454,11964,5594,2610,12032,5786,5998
10855,-1002,-2802,13174,9894,1490,17435,12850,875,9081,8332,2318,21620,13004,1964,17140,8524,3767,18471,-1164,3511,10086,-7590,-164,15041,-384,1793,14336,654,5309,15764,-290,-927,7127,7476,-3367,18897,8526,7270,9335,5479,3981,12072,-5743,-1195,6218,-2662,1211,14540,-489,1662,13775,16537,-4498,18632,6605,1359,11417,11927,6030,19037,14648,-201,17905,281,-25,8634,-8236,4469,15630,-2876,-90,19273,-3618,-2771,6752,9440,5201,19892,-2763,-565,9261,11095,-470,12882,3357,4362,8738,4425,4319,10334,-3459,559,7331,-2194,435,17865,3703,4796,12585,15450,-1313,11279,10074,2240,24701,15357,2193,16724,10183,3686,13084,-4613,4261,12552,-8222,1180,14858,-51,-3470,21959,-3360,3101,7695,4793,-2405,12133,2287,-3002,15083,10261,5149,12795,5641,4330,9445,-3894,-713,7703,-3359,-458,11050,593,4046,13508,9228,-1816,15698,13923,-2260,13046,8887,6026,20118,15535,2108,16379,4642,-453,16830,-1832,5667,12020,-6793,2293,15854,-1631,428,12572,915,2889,16117,-2168,1046,6258,10769,-1698,19588,6481,3830,7881,5305,3973,13162,-5696,2391,5874,-2109,-1405,14033,452,-1257
19294,9753,-1916,15500,14957,1605,21911,14417,5049,12919,-3045,3211,12704,-7229,1536,17156,-1497,954,20607,-4511,-1930,4441,6704,1437,20222,-4649,-4252,9343,14731,4054,15647,4493,5347,6675,-1333,-1133,6025,-3484,315,12449,-3161,616,13768,7160,2670,12661,14224,-3954,16314,8915,5561,16220,13242,3677,24292,10156,-2499,12436,1654,4826,10850,-8220,5153,12566,2723,-998,24570,-10108,2472,3035,9644,2695,18192,-3809,-1248,13004,17285,-452,13371,1766,6872,7407,194,2142,9646,-6057,-23,12693,-3125,-1431,12391,12823,-176,20204,10581,-1290,4641,9434,2832,25695,12082,3582,14929,11628,-153,16826,-6302,2765,10829,-6726,-2051,15654,-43,1552,14992,-1645,5475,12389,3993,-1245,11146,2188,-2558,11100,9748,4936,12375,6324,737,13619,-1447,1897,5646,-1804,4285,11828,-2602,4614,13888,8497,-2433,18510,12348,-1002,9212,14131,4410,25014,13951,1391,13898,3316,2990,17131,-3732,6752,15230,-6201,-78,12358,-857,-5298,16010,1097,846,15947,-612,2996,6382,9674,-1716,15592,5719,3846,10653,3719,4388,8928,-2940,-1357,10883,-5708,-4055,8448,3514,2726,16173,12089,3532,18376,11074,-412
25983,14005,4322,15073,10504,-2658,14736,-4490,2053,12203,-6891,349,15450,174,1864,14650,-1374,2437,12402,4071,57,9771,2744,-1028,12489,8493,2614,11266,7207,743,15477,-2627,5417,5227,-1544,2556,11874,-4382,2162,13478,10058,-1771,20210,12041,1714,7466,13896,2403,25651,12648,177,13484,5905,6208,16135,-2978,4311,15762,-6449,-2147,12729,-1703,-2510,15925,1479,2856,15598,-1063,-25,5957,9459,-2548,16397,5847,5531,10397,4547,4650,9805,-4229,-3401,10165,-5281,-2773,8514,2614,6122,16444,10200,-794,17035,13112,-1877,12651,8322,7080,21905,14489,329,11873,7532,259,18017,-3947,5034,11566,-3457,4056,18158,-4311,-155,10747,2666,3002,16949,-3341,-1526,5716,12042,-1057,17821,6349,5705,8762,4202,3976,12309,-6520,3180,6415,-3727,-2302,13941,2002,-2044,16376,15798,-865,17417,7114,3075,9979,11148,4024,21522,16735,251,18535,1862,1723,8667,-7258,-249,13732,-3516,-1988,19762,-4425,2852,8252,7708,7807,18981,-4560,-4628,6139,11438,-1756,16212,4538,6388,6786,5476,1012,9919,-3377,2508,10967,-4344,5412,12816,2035,1682,11652,14304,-3094,21533,10855,163,14059,15421,5178
21847,12641,-1428,16583,826,8301,8691,-6361,3051,13428,634,-2192,22852,-8595,6873,3887,9156,369,15067,-4007,-5725,13682,15985,2809,12865,4189,9583,8564,-2341,1731,9438,-3945,-3083,15324,-2899,695,11998,11428,-489,17284,8739,-3173,7648,8712,5543,25173,14170,5575,15704,12972,-2387,15490,-4050,369,11702,-7584,-594,16211,1853,1212,17097,-4780,4593,7883,4656,960,11362,-158,-1886,12087,11416,1860,13062,6730,1757,12291,-1127,4385,5233,-1594,3712,13199,-4566,1321,15024,7365,-71,16715,14153,-740,9686,10640,4496,25609,14083,12,15490,9573,5310,15021,-3011,6537,14753,-7864,-2547,13296,787,-5088,20705,-4122,4137,7472,3391,-1017,11011,3743,-722,15311,10443,3722,11400,4813,4780,8275,-4731,-1939,9056,-3430,-2461,9845,189,5133,17316,7483,993,15458,15120,-3511,13571,6450,6621,17868,15494,894,17022,10140,-1816,17511,-986,8216,11225,-7486,3090,12816,-127,-68,20636,-7016,2638,8046,6659,32,10626,963,-2340,16209,13654,1881,11557,3742,8196,9107,-4523,2385,6711,-3655,-1971,15648,-1902,-3015,15329,15253,557,17749,8640,-1060,6469,9223,6661,27680,14851,1983
17015,2927,2942,14124,-1546,3831,14896,-5146,-121,12514,1117,-3267,15669,-465,-1194,14995,-1041,4347,8037,9113,-341,15446,7384,2247,11149,2749,1380,9197,-2618,1005,10535,-5597,-1984,8115,-655,2550,14371,10551,2061,20503,12235,2188,10619,8030,-429,21463,13830,237,15405,6114,4233,16812,1734,3767,14301,-5727,2174,12653,-161,1527,14219,-61,3866,14345,814,-1318,9649,7901,-5069,14579,9023,10518,13452,1989,3219,9602,-4466,-1462,7508,-3504,1835,14055,255,714,14776,12471,-5858,19741,4467,4075,5907,10952,5136,22440,16250,2366,17058,4112,-3218,12627,-3450,1143,12876,-2554,735,17268,-627,-247,11196,4454,5906,15869,-1014,2093,9537,6155,-3243,10591,7893,1992,13010,4414,3846,11532,-2324,4261,7500,-5236,1507,14218,-796,2238,13077,12964,-133,20893,7284,-1802,8123,12606,2079,22196,15843,6002,15846,496,5343,13248,-901,-134,16923,-4514,-3,13808,1353,-3239,11303,3167,1226,17927,-3488,849,9620,10187,1425,13312,7528,5332,10824,90,-1382,8323,-3505,-537,11708,-6043,1695,12059,3442,1495,13058,12110,54,18683,8413,1617,12612,9617,3075,23577,13553,-800
13905,-2278,2464,11041,-5681,-1706,15874,1127,-940,14591,1120,6033,14310,2331,310,8617,3326,-3214,10985,8681,3122,15232,5630,5048,13161,245,641,7725,-4834,1014,11708,-1116,7196,15529,9131,-1947,17095,8252,-4355,5694,11991,5904,22682,14678,3955,16073,3367,2320,14898,-1107,2444,15143,-4495,4098,12986,1517,-6797,15691,1250,387,16217,-1543,1783,8557,9122,799,13329,7235,3559,12873,534,1884,7020,-1858,1005,12540,-6513,-870,10834,3692,-1559,14048,11702,4022,20092,9252,320,10925,7208,2604,20075,14716,977,12944,3039,1457,13980,-1214,5974,14342,-968,603,20738,-1873,1115,5668,6306,5970,20560,-5758,-4271,10367,14532,-2241,13825,3975,9874,8649,2240,1677,12365,-6444,-461,8750,-2340,1882,15860,4209,-901,14342,12169,-3769,14571,4365,2607,14229,11216,6471,16615,15869,459,13742,-3073,-800,8488,-5043,1063,18896,2798,-1603,18688,-1322,1536,5882,7160,3630,17408,-3098,587,12702,11440,2170,15430,3745,-19,6175,3426,3230,10497,-4989,4969,9530,-1513,1256,17113,2830,2166,10739,12244,-159,11777,7787,925,22938,14352,341,17244,9542,4243,13467,-2245,5823
17047,1608,1017,15459,1703,6028,14552,-477,-3056,8575,7472,-3223,17129,8013,7814,10273,4238,3550,12621,-4758,-1268,8471,-3510,3010,13837,-625,-341,14524,15643,-3658,19398,4088,596,6659,9631,5462,17876,16694,1678,16653,-339,-2147,10157,-4775,4803,16578,-1260,-297,18687,-1203,-1663,5842,8968,4481,21333,-3658,469,9545,10588,509,11368,3999,1161,9467,3933,3168,11480,-3541,3888,8389,-2577,-687,16180,1594,4482,11276,14859,-905,15903,7716,2400,19520,14331,1986,16420,9326,2017,11285,-2905,5887,12118,-4703,1525,17743,1857,-4320,20636,-1046,1931,6022,5335,-390,15072,-1262,-2847,14141,12103,3567,15820,3864,5822,6829,-2415,480,9363,-3874,-2552,11223,-602,3589,13578,8093,658,16795,11825,-2902,9294,6336,4502,17906,15931,3303,21702,4127,-951,14536,1310,5147,9087,-6676,3605,16416,2982,-559,15909,63,3702,13539,247,-1100,8867,7403,397,17633,8168,3789,10485,2704,3038,11785,-2654,2756,8658,-3048,-1188,13473,-1075,-774,14809,15166,-827,18758,5654,1768,7978,8641,2023,18001,16721,1067,16257,-162,2148,10245,-5937,2529,16337,-1628,-3380,18929,-874,1933
11979,2200,-3016,14295,10868,3358,15288,3830,7223,8294,-2629,-155,9569,-4880,-3816,10397,198,4193,14437,9145,237,17191,11809,-3330,10286,7643,7222,18027,15228,3723,17329,4730,148,16151,-1492,3224,10432,-5389,3231,17852,-949,-667,10933,4042,2945,17699,-2967,-97,7047,12083,986,19783,6495,4086,8161,5488,1630,13366,-7137,2827,5283,-2915,526,16546,563,-1769,13699,17172,-2042,17033,6135,2457,13517,10618,2889,18023,15293,-740,16949,-1831,3729,7376,-6337,2240,17908,-2281,-4157,18488,-2829,1648,5269,9977,4252,19338,-3447,-3037,10368,12506,1625,14076,3154,7574,8953,3397,372,9225,-4619,-691,8556,-1834,2818,17988,3543,3303,12247,14947,-3070,11399,9702,2579,23959,14612,6133,17509,8927,125,13868,-2987,3070,10967,-7191,3636,14496,951,-2373,21367,-2893,-623,8731,5058,-1505,11215,3215,-210,14846,9538,3488,13704,4581,3113,9322,-3032,3208,9073,-3934,-891,10265,-1898,-331,13098,9958,-882,19119,13445,761,9974,7957,5539,18040,14544,506,19176,5093,3178,16165,1155,4963,10892,-7868,-319,15826,-395,-373,12255,2259,6502,16733,-1526,-1482,6791,9896,-3814
9224,6765,1391,13538,-4330,2205,6021,-1690,3452,17931,-752,3634,9702,14613,-672,20993,5223,-2676,10202,15912,3988,20237,12853,3741,12805,-1877,1592,12730,-3717,4766,19186,-426,-156,17253,-1640,-4319,6656,5693,15,19624,-4155,1681,11425,13755,1234,13725,4340,4371,8302,-969,1665,7594,-3027,-5,12303,-4649,-3958,13921,6494,3498,13086,13121,-42,14410,7192,3263,16136,8938,3363,23653,12848,-1630,12331,1773,7697,9271,-5611,1294,14312,3065,-676,23272,-5325,4479,4420,10011,2486,17094,-5634,-5052,12234,15921,3637,15491,2484,7786,9000,1950,-118,11400,-7630,733,9431,-2635,2735,14459,10791,-2590,19685,8487,-4501,1147,8209,5012,24221,12435,4553,17842,9063,-1411,14766,-2154,2292,9200,-4872,1545,16313,-401,-1463,14894,2421,2144,15319,3810,2026,7172,3976,1749,12898,6021,469,13816,6656,2503,14041,509,2646,5753,-2898,2138,14867,-3971,1257,11872,12081,1933,20405,6326,-626,5113,14274,2016,22737,11605,1269,14126,3889,5933,16403,-2680,2564,14055,-3243,789,13780,-254,-3415,13501,4560,1470,18500,-3038,-2249,8307,11432,-1764,14347,5210,8145,10355,1488,1318
[row took 91029us]
6374,-2487,2178,16649,1685,-1402,14125,16166,-3958,17053,4215,2061,11229,10907,5534,18438,15055,435,14857,-1723,-159,9223,-4761,3891,17343,-406,-2191,18647,-3034,317,5445,10346,3427,19985,-4122,1285,9678,11173,894,14681,2554,2116,8008,4772,3451,10522,-4532,3035,8910,-1665,-420,16948,2500,3285,11303,15037,67,12549,8010,1349,22337,14066,2077,17152,9691,3251,13620,-2607,4706,10146,-5492,137,16086,1134,-686,21319,-1836,279,7298,6204,-2012,13040,-122,-1144,14530,11041,4329,14642,4108,3966,8759,-2078,-125,9664,-4099,-447,9466,-921,3218,14764,7658,-1720,16556,13573,-1509,10742,6807,6463,17272,12992,1015,19500,7520,-860,17714,579,5980,8294,-5556,2815,14727,1232,-644,16928,-1728,4799,12462,3225,1133,10210,4851,-2305,16218,9203,2038,11251,4261,5831,12495,-3239,1815,6642,-4020,-930,15067,-1720,-575,14092,17143,-987,20961,4421,323,3228,10066,2714,20227,14530,4153,17672,3476,782,12190,-4342,12,13591,-4175,-1365,17030,-860,1978,8975,7130,4686,20245,-2662,-2475,7457,9477,1240,13833,3246,6177,8118,6522,-2247,13047,-4312,4326,6985,-1078,4214
12633,13255,-1005,19221,9573,3797,12905,8759,3899,21678,12800,-870,10840,3466,1428,13721,-3391,6843,13888,88,-416,22188,-5506,2068,3619,9328,3646,21662,-6742,-491,8905,16893,-2439,16563,684,6321,6808,5227,4633,13897,-9182,-722,6297,-1685,-1726,16083,4830,1587,15866,14485,-2269,10609,6441,162,19499,9919,7242,16663,14589,497,15426,-3379,22,8061,-5742,-772,17590,2241,-1538,18551,-3634,4554,6673,9326,485,16575,-3741,-717,9548,13196,5833,16877,2594,-454,9293,2143,1611,8075,-3522,5722,11241,-2674,3291,13954,4951,-718,14899,12671,-396,9323,11180,3320,24873,12827,-473,14762,8214,3650,16875,-2617,6998,11170,-5349,1420,13615,927,-5126,20824,-1094,-584,9609,5029,2206,10337,2964,-758,14330,8856,2129,14386,3794,7330,9165,-1803,-378,9636,-5379,-5836,9619,-176,2870,14993,10857,2909,18748,10832,-2179,8639,6356,6132,18611,13521,2567,18203,7877,61,18212,-148,2339,9603,-5221,3640,15886,-242,1188,13307,1661,3615,15916,-430,-2539,8451,9338,-100,16913,6268,6457,9822,5551,536,12814,-5861,3179,5459,-3435,2491,16922,-529,-4210,14136,16892,-2190
6204,14709,2864,21692,12096,1555,14216,2412,4015,15036,-2254,4423,16029,-3820,-466,14750,5,-4533,11199,5082,2755,19576,-3546,-1151,7916,11833,-1355,14703,5639,7508,9747,732,2814,8492,-3733,-2314,11710,-5611,-1295,12843,4778,4438,12728,12219,-1734,17249,7437,660,14529,9019,6376,21791,14011,633,10675,1835,70,12091,-4424,5453,14805,3248,385,23675,-5141,2630,1931,9207,814,21354,-6999,-1002,10409,17198,2742,16170,2078,3625,7438,3087,3522,12869,-7790,2271,7421,-2989,-2922,16038,6143,-127,15782,12378,-2651,8898,5827,3491,20749,10520,3702,17404,13854,1068,13768,-1841,2288,8846,-6292,-488,17177,2335,-2719,18252,-1133,4881,8936,8619,2561,13396,-2707,-3493,10626,10532,4030,16969,4837,4023,10935,1992,744,7379,-4047,2101,12325,-3333,5746,13311,6715,555,16129,9635,-3307,6343,11138,2503,25182,12880,4009,14698,6799,1801,16463,-2083,4383,11038,-4084,1364,14327,1547,-3538,18993,1026,-1672,12737,1115,2785,8430,6355,394,14707,7855,2891,14173,2485,3446,8123,-844,1059,11501,-6320,-2766,9379,611,-692,14600,10934,3196,20067,10515,-59,9590,6560,4871
15378,1850,402,13113,-4969,2564,14093,-580,-3134,18787,-530,1420,5867,7729,5445,20393,-3942,-2836,10143,9401,717,12436,5267,7741,8309,4251,-1906,12376,-5169,2093,7381,230,2687,18232,-237,4189,9884,14742,-4121,18747,4416,2589,15264,14221,6171,17076,11039,-239,12824,-2698,2083,11627,-2399,6864,19519,2410,-4212,19433,-560,-2508,5022,4625,853,16033,-2774,544,13938,13388,973,15827,2787,3858,6654,-436,4410,10248,-4952,-2850,10212,-2227,560,14244,7485,281,16415,12914,1040,8100,5723,1644,20078,9508,2742,20801,9079,906,15820,491,5378,5318,-3067,-209,20210,2625,1281,16507,2125,6575,12539,97,-2106,9207,4127,-3464,16855,10611,7146,12769,3535,4049,9880,-1403,-1687,10041,-6191,3175,13852,-69,576,14814,14572,-3108,20800,2796,-1465,1217,7514,5978,18465,13392,1854,17810,2318,-1353,14497,-2630,2601,11523,154,2569,17234,-43,-4082,8465,7851,4915,21035,-1323,225,9251,7944,1208,10441,4270,4278,12244,4102,455,11898,-2371,3066,6983,-109,712,19027,-664,4247,10557,13632,-637,18528,3867,1469,15265,11189,3023,13592,11375,1182,13234,-2876,4267
18769,3284,-53,10134,9918,3641,18216,-3140,236,12610,11847,1034,15036,2772,6995,11864,2305,767,13328,-1725,-1977,10558,-3534,2106,14157,5617,1826,17424,8210,-1496,8459,3237,-378,18178,6678,2427,16302,6468,2499,8438,-709,-4133,9913,-1748,5793,21026,5030,804,14767,4165,1861,7743,5917,-1148,15880,3978,1038,13771,7962,4746,12839,2124,1541,10625,1590,1346,10825,-1547,5565,19046,-2498,1502,8103,13198,-3270,21499,543,2464,8574,10172,5548,13745,9660,155,16001,-2385,777,16304,1101,5055,13303,676,-441,11087,3467,-4554,11266,6155,6211,18145,-727,-3031,10023,9164,1135,15061,4597,1775,13460,1567,3427,11673,-2838,-2832,13152,-759,1934,11889,7485,4294,16887,5477,-2219,8483,8580,1566,19778,7624,4539,15703,2684,2601,12413,-177,57,7887,-854,3338,19474,4568,4107,14897,9010,-3171,15255,-2067,1096,10119,9658,2231,17187,5548,9149,12486,1350,-2385,10045,-1075,1307,13605,-2021,594,13923,2466,97,14314,8591,-918,12643,5452,728,18505,6615,4859,10260,8305,-1326,10627,-1188,-2055,11093,-1607,7015,19686,2383,-1912,14979,4098,1720,8415,5094,229
6055,-4,-1241,11041,-4929,3983,15486,2704,2473,11884,10903,-2378,14658,7208,-655,18246,9056,5824,14485,12128,2395,12817,-2534,2959,10722,-2787,4857,17263,2369,1130,18688,3881,714,8716,4930,-4398,13245,1780,5210,15856,9492,5730,13824,1667,1113,10611,-437,-598,11626,-4535,1933,13223,127,-3138,11907,11669,332,17460,5543,5115,13754,7679,671,7847,11310,1148,14199,-2429,-2783,10980,-1054,4714,18241,-119,440,14772,2678,-327,8973,6628,2797,15915,1574,305,13878,11104,-608,14924,2266,5774,8067,781,4931,10547,-2943,982,17510,-1658,733,8308,14236,3601,21842,2402,-2536,8180,11751,1543,15401,11468,6517,15107,-2995,-1128,13754,-2232,5134,18018,-91,-50,15568,4154,-4372,7949,5256,3355,17796,-2219,-4667,12957,10361,4136,14172,5834,4876,12033,-793,191,8103,-3354,1326,14766,-2130,322,10764,12210,2681,18913,5185,-3567,9540,8423,3420,14954,16855,4643,17266,-4701,1230,11980,-830,2843,14341,-2125,5080,18265,2050,-907,8127,11392,-2802,20278,-5942,2037,10612,14615,8372,16925,2250,1395,12206,1741,-1243,10293,-4105,3531,10932,-3032,-4471,13712,10811,285
13534,-4288,4042,13228,-4232,2134,16194,1378,-4928,13708,5112,1724,19333,-4888,-1757,8543,10119,-4987,13587,7049,9672,13863,1744,3150,7337,-3126,-931,10146,-3711,1319,12970,6413,545,15021,12878,-1945,8157,7974,105,21312,18284,4380,19292,5469,3533,10091,-4257,5772,11038,-7877,1531,19606,1659,799,13501,5579,1113,18193,-3865,-4610,5976,11407,3937,21952,4258,9955,8706,3727,-1447,10269,-5130,650,9529,-1120,-432,14422,3483,-2602,15479,13956,1238,5131,10849,3070,23635,13036,2532,12354,8452,-3515,17877,-8367,3502,7840,-2850,3787,19453,-3518,-2885,11802,3344,4805,16551,998,-3379,10393,7478,2886,13212,8281,117,10742,2226,4717,12604,-3626,7800,6988,834,-3172,15943,-273,3772,10187,17069,1437,12265,10697,-4374,23500,15187,6428,13506,8119,2566,14392,-6599,2750,10236,-6210,4767,17723,240,-6808,19161,2129,2682,12694,-1302,-1017,8941,4974,-3255,14960,8962,4873,14363,4222,8211,7707,-4474,-4171,8190,-3775,1289,14929,3440,1611,10698,14777,-1865,13616,10349,-17,18594,13645,4957,16306,13431,2649,12819,-4842,5468,11203,-9777,2020,14881,1325,-1130,20047,-116,2778
7308,3206,6412,11148,-3890,3133,7402,-78,-2787,13459,6325,3792,16703,13797,-2040,6959,14034,793,22755,14946,4574,16011,2510,2281,13094,-3970,5400,16138,-8709,1281,16156,312,-4955,14932,2740,3586,18469,-4407,-2308,8434,10296,-4803,15621,5570,9816,10180,3932,1562,6510,-4966,-566,8543,-3065,1370,15607,6522,2202,11882,14480,-4293,9132,13385,1094,22448,14485,6798,17983,11270,1239,14055,-5338,3926,13094,-12089,3362,13926,1379,-7,19717,-1649,1404,11897,3218,-1739,11096,3723,4287,19739,8329,5612,8827,4787,1173,10744,-4971,1146,5783,-157,-102,17321,795,-2872,10856,18119,1899,12814,10469,621,20571,13551,1785,12383,13034,290,19722,-5978,527,8439,-8536,6230,15761,-5959,-1683,18157,-3243,-743,10001,7691,2567,14674,660,-362,13005,11370,-1243,12141,3771,6450,11376,1069,5838,7917,-2200,-960,12884,-1155,-646,8376,16316,4661,21305,9899,-2812,10395,16830,2490,22785,15005,4040,12099,-3395,3295,12352,-9042,1901,18017,-3811,348,19966,-3890,-2688,6736,3712,2277,20155,-5858,-5128,9766,15431,1996,18129,4600,7987,8214,1296,862,5798,-6015,461,9048,-506,693
19315,12414,1449,15993,15421,3987,19500,-4376,690,9570,-12301,2094,14343,-5737,-2,19937,-5165,2794,8837,8278,458,17103,-1610,-1908,11286,12101,3565,11611,5751,4853,11490,953,1494,7336,-927,1184,10273,-62,3768,10177,11260,-536,20344,11601,-4236,7783,17326,5353,28131,14606,4812,12445,2186,282,13144,-7427,4083,17452,-9091,4365,16748,-3305,-5385,14708,-326,716,17527,-3022,413,6914,12805,-2928,17987,5514,4743,8341,5666,3555,5191,-5591,2977,9962,-2972,-2009,11915,8043,-2518,14485,15241,2875,11628,14394,-1085,18637,10480,2239,23179,14221,3510,13781,-1432,6396,14393,-15657,2267,9074,1627,-508,25489,-11449,1652,6364,10501,5460,16909,-6396,-4916,14559,16534,3197,11697,6211,7721,8839,-1178,-1381,6869,-2410,-106,13725,-1698,501,9642,17151,-87,21392,10615,-3264,6615,12343,3505,25477,15510,4213,17381,3329,-1312,11797,-10733,2092,10337,-7811,5105,23129,-5972,-3914,10492,5550,4020,18935,-4725,-218,4590,12236,-1594,18038,3941,5444,6665,8044,2197,9756,-2432,4784,6712,484,133,16333,2176,963,10445,16927,-630,14308,11487,849,21027,16695,2635,22257,12237,2999
13821,-6489,553,18148,-3914,-1630,10403,3828,6763,18520,-5029,832,5973,13944,-5225,18841,5441,6751,6776,6884,4075,12272,-7015,-5,5370,-907,-533,14007,3930,1013,15976,16560,-1548,11930,9368,-2541,20631,10722,6925,19480,14528,2029,17013,-4193,-205,9153,-11321,1950,15206,-1145,-1477,21208,-4975,3788,5667,9764,-414,18167,-2914,199,9651,12886,3956,13066,4264,2758,9400,3014,-252,8312,-1655,5455,9166,-1493,1512,14242,5579,-615,15877,13759,583,10168,13247,4173,26420,14104,188,15708,7496,1345,16995,-4583,6808,15356,-10502,3113,10648,482,-5069,21042,-5038,296,9828,4968,2291,10307,5102,-3902,15614,9002,3065,10516,6821,5457,9289,-4432,949,7765,-3166,-3596,11380,1376,2155,13209,11847,1555,16923,13216,-2858,13959,7245,5958,20442,16273,3594,14610,2646,220,14834,-3642,3152,13656,-6902,2636,18560,-2859,1430,9923,4001,3633,17723,-5012,-1126,5140,14595,-1519,19399,6553,6562,7671,6186,64,12572,-7623,3347,4224,-1551,2338,15148,1796,-3211,15789,17598,-2487,14186,8020,1903,16716,10483,4636,21282,15167,-905,18405,-3380,2325,7097,-9097,3750,15423,-2538,-5278
5286,8317,3177,20137,-5192,-1283,9718,14242,1787,15094,4488,7001,8131,-273,1252,7506,-3727,-4653,11174,-4057,-523,13713,7868,5451,15191,12314,-2227,11269,8107,1755,18509,9850,7691,23089,13215,-3505,14154,649,4574,7746,-6822,3067,13568,1917,3034,22263,-7296,1790,5801,10165,-85,15833,-3757,-739,12518,16689,2159,14789,2573,4659,9292,1536,2496,10636,-6847,3375,11711,-4001,-1186,13058,13080,-4912,21466,8859,401,316,8572,4366,23885,12705,1551,18315,8242,2001,14491,-1742,2801,11586,-7816,-2429,14229,-549,-3712,14492,2300,7698,16380,2903,1130,6986,4306,-2113,12613,6483,4620,11792,8464,2844,14283,-2069,-228,5122,-3589,3425,15398,-3392,4143,11281,12921,929,21509,7847,-4251,7598,15121,4075,24210,13071,4660,12532,2369,722,15788,-3474,3793,16081,-4323,4034,14183,-228,-4838,12289,3645,-2271,18728,-3725,1234,7114,13167,1190,15891,4795,4543,9719,2116,1077,7192,-4023,3222,11595,-6601,-2278,12378,4198,36,13556,12897,758,17263,10647,2934,15064,8654,2497,22146,13196,924,10539,3877,3204,12555,-4758,3360,13915,1019,-1071,22624,-7109,4521,3043,11213,3218
8407,11684,3573,16008,3523,3861,7869,4164,459,9723,-4601,2323,9372,-2124,3460,15993,2261,3213,11813,13772,-3940,13642,8043,1908,21385,14166,4784,16762,11721,-72,15135,-3300,4490,10133,-4999,4615,16061,887,-1784,21073,-2351,-4349,6859,5931,151,14622,-383,1678,13542,11382,810,14863,4106,4277,8993,-756,3603,9524,-5378,-1963,9300,-3086,-1022,13888,9381,1610,19165,12802,944,7341,7267,3296,18712,10927,499,19851,10408,2121,17647,84,5025,7434,-5186,612,16237,-154,351,15789,-592,7173,13610,1188,-2093,9945,5752,-3168,16897,9587,6851,10687,5094,4284,11852,-4565,-161,6846,-4037,2357,16328,-1027,-620,13183,16329,-1972,20970,3706,-2048,3408,10195,5701,20586,16056,3575,16035,1742,-3063,12687,-4287,4931,13948,-2489,139,18416,-1269,-2140,6847,6859,4226,21032,-3089,1174,8515,10925,-304,13768,3016,4554,8096,5711,71,11573,-4654,5230,7345,-1127,-1021,17687,-768,3679,10061,15892,-333,18852,5572,923,14957,15059,2284,19253,12639,2341,12326,-2174,5100,12020,-4017,2450,18445,542,-3554,19485,-2216,652,4894,6087,7,18897,-4157,-3114,11356,14236,4319
10722,-168,-965,9859,-7121,1024,11423,-2431,3080,14392,14154,-4817,20963,7547,-2057,1497,8632,5484,21519,14490,3558,18259,5691,-1305,14119,-4348,3320,10838,-4259,42,17076,-416,-3726,11417,4030,5369,18986,73,420,7416,6169,690,12081,5695,2963,11349,6176,840,12708,-2507,5860,5931,-1740,1439,18199,-2699,1823,9405,15521,1637,19853,6311,-707,11757,14840,354,19057,14764,2933,13185,-3586,5259,11746,-3224,2657,20469,-2034,-1584,16169,-545,-631,7024,4439,-238,18755,-4567,-2741,11106,14657,2201,16355,4681,7882,6640,-1091,-554,8325,-4497,-1033,11646,-2929,-1272,13807,6452,5249,13562,11649,-3685,9519,9450,1113,20716,10122,8827,21371,14443,-5610,14996,-2011,5195,7045,-5554,5792,16668,2042,647,21367,-4191,2423,6181,5883,656,13584,-1319,-1217,15189,13612,2230,14098,3164,4915,9829,348,2322,9800,-6345,1144,12271,-3029,-1871,12988,15233,-1484,21802,7232,425,2007,8047,1840,21250,16078,3514,18603,5264,987,12725,-4896,4059,12046,-6137,-3838,17867,12,-1501,10155,5488,8232,19849,-2231,-2991,6613,8493,-1308,14160,5605,8031,9720,6245,193,12261,-4407,1985
13604,8774,2477,14728,12832,-1402,10212,8787,1206,20201,14062,5730,20997,9586,-981,15299,-423,3286,10953,-8695,5527,13792,2744,-332,20915,-5081,2608,7888,3913,2073,12730,3378,-1430,16034,11953,2633,13429,3031,4754,8380,-1784,1287,8883,-4647,1630,13455,-1417,-2683,13260,15593,-2714,19744,7428,2873,7641,9130,2675,20593,17316,2179,17345,1234,65,10334,-6632,4502,15721,-4340,-3850,18905,-1058,-1676,7503,6845,9442,20169,-3832,-3337,8432,10768,-2009,13062,5202,7240,8470,4769,857,11659,-4351,432,6479,-1643,2772,19065,1935,6111,9198,15862,-4541,15625,6131,-680,20096,15784,7817,21073,13609,446,11689,-4403,2556,10434,-8178,4838,16493,1139,-2055,22550,-3981,-2470,4461,5938,399,16076,-2397,-702,11886,13427,3469,16898,4932,2365,7790,-1666,2991,7546,-4334,855,12320,-2043,-2723,10912,9395,-8,18528,12479,4227,9310,8104,971,19603,12987,223,19081,8414,3324,14944,946,3410,12518,-9333,3396,13546,1773,-1464,18467,-2091,6984,11337,1666,153,10873,6328,-5958,15743,10083,6883,12545,4070,6254,10512,-3868,-1552,7124,-3729,1331,14910,-171,201,13394,16069,-2652
23413,16744,4738,19098,6089,2227,14010,-1243,2141,13551,-9272,4792,11873,3897,-4090,19915,-1634,419,13055,1583,-657,9375,6029,-1670,14250,9875,6983,13717,3264,632,6711,-3878,2919,10449,-4468,811,12753,1897,-5204,12071,12785,2872,19572,8989,1099,10837,7924,3914,22213,16392,1419,13335,472,860,12072,-3600,4617,12312,-517,1775,23331,-3793,-1055,5560,7984,5441,19341,-5961,1242,11735,16562,-3200,15730,3591,7188,7213,3250,3162,12844,-6936,-2,9299,-3506,-845,13655,8074,1910,18225,10062,-3666,3099,7745,947,22506,13684,3624,20807,10759,2620,13032,-3364,-291,9028,-8805,1752,16710,2170,-2203,17419,353,4195,10502,4966,329,11982,1910,-532,10897,9860,5807,15832,4106,1162,10389,371,1509,7337,-3425,3851,14968,-1758,2087,10820,11803,313,19934,6271,-1109,8188,15021,3184,19705,15418,2246,13341,-1800,705,13595,-2770,7038,18959,-4352,1709,14471,-394,-6864,8792,3959,3276,20847,-3263,-2320,9943,13781,-444,15898,5324,6047,8623,233,4719,7008,-5831,-1159,11744,-3127,-3253,12771,6795,2985,14033,13354,-640,11665,8225,1494,19896,11289,4801,21437,12138,778
17052,979,-4920,19984,-1988,5248,6098,7665,1583,15068,-1528,-5127,12542,11976,4344,14051,3913,6296,10935,1239,372,7456,-2633,666,12269,-2575,4015,11712,9509,3523,19722,8770,-6607,4590,13926,4959,20041,15309,6236,17092,2026,-1318,13681,-2491,3430,16032,-5847,5284,12911,951,-4665,15147,-58,-1248,17420,-1711,267,8643,11697,-1186,15536,7192,5701,10238,2237,852,7321,-5235,3911,10986,-3624,-1848,13759,3936,-1975,11309,13763,1333,16932,9960,1058,17226,9290,4661,20160,15031,424,12642,-513,6967,11491,-7441,2300,11749,1649,-1124,24616,-6672,1295,4971,11748,4332,17886,-7094,-1403,11585,17253,-201,15311,2592,7230,9159,2278,2441,11140,-6004,-3053,10783,-4257,2050,11398,11975,1523,22397,8844,-5029,697,10363,3051,19200,14336,4113,19284,6771,-653,14640,-5355,1163,10123,-6488,2110,17798,-226,-763,12988,2333,2236,16380,1091,-444,9257,8793,117,13440,6241,6528,9743,5477,18,12978,-3456,4907,6032,-891,1982,18318,-2585,653,7814,16587,-686,19856,6537,1708,13264,15188,3294,19637,13692,1059,11390,-3803,3825,11702,-4200,5040,21454,-1926,-3524,16040,-3761,-1098
7440,13074,-2842,18866,5027,5124,8223,6407,3498,12837,-6888,2038,5204,-2312,-966,16258,-80,358,13729,17357,-406,16134,7154,-1775,13903,10196,4353,16712,15481,1495,16277,-2719,1886,7832,-6258,880,19544,-1913,-2484,16743,-2263,3923,6738,8689,-219,18034,-2895,-1654,11035,11875,4944,13227,3531,4859,9860,3196,-1069,9515,-3386,3957,8440,-1677,3185,14925,3775,-919,14484,13309,-1940,9662,10752,4640,24839,14778,2144,16909,7368,-583,15446,-2305,6575,11884,-6792,4266,13323,919,-4683,20483,-3549,-1417,10575,4611,1770,11146,4144,-1656,14040,10784,1787,13820,2633,6181,7870,-2594,2739,9932,-4396,-3556,10987,291,-1759,13089,12119,3411,20146,9974,-1637,8509,7702,5560,19903,14830,2508,15700,5625,2293,15908,-2660,4032,10690,-4030,70,20262,-2736,1544,8801,6070,4798,19130,-5243,-1276,7865,14429,-3211,18422,4581,8973,7874,5018,1513,11522,-6429,-393,8308,-2774,2924,14050,1515,289,15501,15134,-5673,12785,8081,1894,17235,9584,6593,15698,15259,-866,15380,-4505,1198,7871,-4993,4151,19784,307,-4257,17807,-3064,950,5429,8257,2950,17601,-1978,262,11649,12076,1853
8426,-2167,1968,10606,-5545,-2744,10290,-652,-1928,13211,12443,2393,21091,10565,-397,8581,5897,5687,18417,15768,538,17658,4185,2578,14949,-1256,5336,10608,-4324,-537,19918,-1615,948,7640,6220,5777,19849,-5318,-2898,7963,14787,-3198,17857,4307,10425,8092,4751,1034,12555,-7163,-342,6843,-2824,2173,15740,964,-111,15133,15487,-4199,14421,5834,1109,15489,11429,7086,18039,15734,-1169,14754,-3040,1746,7713,-6796,3278,18079,802,-4360,19185,-2901,1519,5565,8886,3463,16740,-2468,-666,12055,11814,2484,15190,3271,2489,9239,4267,3416,9165,-4958,3828,9356,-2260,322,15039,3493,2138,13934,14045,292,9386,9950,1006,24408,14054,-50,16357,8976,4594,14754,-1887,5191,11933,-6833,950,13102,911,-2403,20989,-3199,827,9377,4604,-2130,11423,3423,-2571,14406,11541,4856,14471,3152,5877,8401,-2874,-486,9982,-4825,-2181,10148,184,2165,13938,10362,-1817,19475,11084,-2112,9050,7804,9701,18990,14869,1207,16910,5711,-1340,16294,-1632,6332,9922,-4113,2318,19562,-1331,-2684,10369,2671,5253,17618,-2763,1082,8394,11952,-3495,17564,6228,5809,8660,4831,3531,11971,-6101,3045
17190,352,4489,10631,16073,-1499,16452,7596,2210,18723,14549,2554,17462,11905,2370,13567,-2676,5372,10395,-5338,1428,17402,-697,-3194,20284,-2272,1305,6067,6361,-1465,15834,-1513,-3046,13324,12985,4729,14862,4468,5544,8268,-1817,222,9058,-4716,-1243,10263,-2706,3267,13689,6952,-1589,16371,13390,-2535,10985,8031,5593,17414,14501,3854,22255,7302,-2077,15678,1983,6098,8685,-7029,2004,14813,1503,-375,18165,-3293,3882,11170,3770,799,10350,4616,-802,17016,10600,1522,11092,4374,5480,11814,-2179,2122,7739,-5571,-637,14455,-3377,-1109,13345,15627,-1104,21620,5495,-85,2918,10513,3256,21101,15221,2729,16850,5167,1309,13352,-5561,1873,13528,-3769,-2537,17024,-1282,-284,8957,5904,7678,19499,-486,-5119,9520,7641,996,10405,6281,7843,10535,4645,-1772,12454,-3611,3758,7087,-2474,3340,17494,-1363,3324,9424,14903,-2506,20599,5723,571,12261,16393,4052,20929,14172,2463,12280,-2790,713,11497,-3201,6183,19429,-898,-841,18855,-2723,-4147,5100,5664,1342,19212,-3818,-591,10801,15043,1599,15952,4150,5025,7243,-463,3416,8077,-5160,-483,10452,-4420,-3978,14377,6667,3211
2404,8081,761,23846,12066,4380,17979,11554,2272,15109,-2591,1811,8989,-7785,-744,15334,24,-429,16812,-1162,4056,12342,6101,-1009,10673,1362,-723,11490,9145,5817,14107,6208,1304,13845,718,-204,6090,-3884,3594,12905,-3754,4443,12511,10084,-1315,19360,9496,-1774,6050,14891,5747,25588,12496,337,13392,5010,2306,17307,-2977,6106,13875,-5980,1872,12218,-854,-6261,16289,1319,696,16083,-662,1475,7694,10126,-2125,15235,6332,4215,10965,3591,4996,8414,-3956,446,10692,-6241,-2483,10880,2874,340,14305,13089,3892,19259,10416,-2085,13084,8515,3103,20198,15305,4441,13292,4064,343,13553,-3743,3638,13307,-2434,1330,21415,-4783,4718,5291,8184,692,20757,-6506,-2056,8257,17261,1282,17117,1661,6468,7703,5333,765,12826,-8842,2042,6249,-2103,440,15821,3454,-1624,15995,14566,-4074,11076,7641,4218,19403,10878,5525,16859,15733,-1862,16221,-3614,2965,6845,-5712,1606,18204,-621,-4765,17748,-3049,2868,8130,9089,3883,15130,-2309,-1822,10494,11427,1630,16369,3780,3574,9958,3966,4480,8285,-5436,1905,9454,-3606,1870,14735,5078,1994,15560,13793,-802,7760,11034,-513
[row took 91122us]
21890,11081,231,16797,-108,4740,7020,-6664,1567,14649,1096,2365,18782,-3775,4471,10550,4491,-2136,11947,3102,90,15377,12437,4025,12680,3490,3644,10987,-1853,1467,7819,-5471,1648,14546,-2436,-1543,13154,15217,-3322,21349,4762,1654,1745,10740,4577,21478,15305,778,17265,4679,539,12595,-4016,4202,13905,-5957,-1764,15897,-242,-3531,10249,4766,8130,19505,-550,-614,8279,8593,-2572,12858,4657,6484,8557,7065,1636,13477,-4707,3913,6780,-1728,546,17820,-1726,3939,8810,15371,1140,20985,5507,-2956,11635,16565,2399,20740,13823,4839,12118,-1709,2498,12598,-3838,2891,19786,-1553,537,16591,-2695,-2989,6696,5224,-1073,19405,-4133,204,10676,15488,3038,15428,3512,3558,7454,-156,1868,8132,-4440,-98,12216,-3761,-1890,12962,5494,1635,13571,12881,-876,13355,9156,4023,19106,10471,5029,22597,13574,-4420,13400,719,8405,8494,-6543,2925,14625,2956,-1509,22710,-7648,3499,4576,9319,2892,16228,-4295,-5328,13648,16542,1912,14800,3187,8085,9236,354,2071,10801,-7144,6,10628,-3699,537,13692,12168,-1238,20288,8601,-3301,1214,8684,3042,24799,14907,4632,18340,9317,729
15196,-6390,2498,11711,1794,-4681,16510,74,-982,15087,-786,53,9705,10512,1158,15223,7811,4257,10768,2104,1952,8025,-3644,1687,12789,-5210,-344,8730,2117,-1301,15469,11427,4104,18337,9637,-955,12948,8909,1856,19984,15466,2357,13477,2946,288,12173,-4327,7060,14025,-1357,-127,20685,-3902,3112,6506,8879,2487,19349,-6731,-2374,10719,16321,-606,16824,3192,7975,8096,4576,2422,11716,-8394,135,7690,-3203,-1092,15673,6447,1486,16123,12109,-3981,8031,6499,1387,21160,11833,6296,19720,14797,668,13002,-3160,918,8146,-8174,1119,16978,2883,-995,19276,-2741,2955,7362,8052,436,14383,-1712,-1410,11153,12337,4805,16576,3599,1141,10817,3093,3138,7642,-5358,3398,11569,-2916,3657,13320,7290,-893,16350,10403,-1585,6289,12255,4043,24664,14361,797,16211,5147,3059,14580,-1449,7640,13020,-6924,-1819,12144,2485,-4509,19254,-669,2164,12441,929,488,9819,6715,-2274,14988,9511,4189,12655,3240,6568,7831,-3559,-1212,11160,-5891,-1547,11269,870,-679,12663,11799,5028,20323,10451,-3490,11245,7764,3603,19884,17625,6281,15343,147,-3529,11803,-1922,4097,13591,-1824,5588
8565,7327,1566,13886,-718,-171,10315,10712,5301,17157,4151,887,9653,1684,1256,7699,-5103,4569,13833,-3519,1181,12549,11541,784,19048,6145,-2333,4633,12630,6797,21259,16532,-766,16741,1187,1485,13410,-966,7819,16435,-7564,2349,12139,2971,-9014,13432,2281,4751,17675,-794,-2070,10357,10271,-2369,14613,7475,6365,10832,534,4977,7377,-4317,-1782,11888,-5001,-4034,12050,4584,4395,13304,12354,1305,16550,8176,-303,16191,8316,4654,19656,14829,3877,13254,-848,-621,11203,-4633,3698,13991,2886,3214,22515,-3000,429,5378,7296,2040,17048,-3741,-1768,14043,16562,2845,15648,1939,5371,7535,2267,-1947,12383,-7289,3479,9750,-3272,2600,13636,10879,-5010,21173,6295,-360,-357,10124,3462,19714,13977,2977,19938,5664,-1026,12658,-4101,4612,9078,-4908,2661,18573,1185,-7384,13280,4936,7282,15976,1702,-307,10236,6655,-564,11057,7140,5069,14572,3661,2920,10030,-980,1226,7148,-3370,-569,18513,-1341,5245,9740,14384,503,18497,4403,-162,13264,13895,3891,19659,14767,2519,9691,-3446,1343,12876,-5088,4831,19306,-368,-1674,17827,1189,93,5598,5343,-2033,16962,-3205,-2129
8730,338,-882,10776,-6118,-652,12823,-2502,1310,12632,12836,1080,21836,6610,-3244,2765,8294,2098,14774,15986,5581,18871,1310,-2236,12665,-5138,1413,11983,-3667,3809,18809,744,-3523,9074,7704,1256,19140,-1203,793,9902,10888,2934,13295,5239,4806,11026,2189,787,12307,-2979,4326,8208,-1028,159,13829,1470,3009,14824,11687,-292,8702,10860,-551,23080,12695,5708,14810,7653,-1673,12921,-3147,5790,9991,-4943,3291,18612,579,-4550,18683,994,1182,10556,3064,-318,11374,4096,-2542,14045,10147,2871,16114,3159,6613,6345,-3007,2290,9758,-5023,-1549,14830,260,-2352,9588,13884,3144,19856,8853,-1308,12820,8019,1763,14271,15534,6431,11823,-1495,1838,15134,-4339,2654,13352,511,803,20637,-2573,1326,5917,10381,1118,19570,-6635,-1447,10518,16897,5943,17988,2171,3074,9673,3007,-194,11010,-6493,1360,10300,-3531,638,11665,9430,330,21699,7803,-2398,898,11095,1615,16505,13958,4318,19035,3064,-1555,14081,-3704,2663,10004,-4478,5999,18481,20,-6631,10647,6121,3509,18472,-928,2015,9347,10816,-1430,13766,4531,3567,10046,3952,6008,12270,-2060,2199,7611,-2372,-647
9108,9118,4374,14318,16583,4599,15327,-1554,873,14299,-3480,5649,11634,-2250,1380,20517,-1669,-2297,8273,10624,159,20531,-5690,5008,7951,15356,2398,19072,1763,2327,10095,4639,3272,11737,-6454,821,7293,-3312,-4370,14204,7010,2561,18839,11434,220,1297,10148,205,18469,11214,1763,18127,6965,881,15449,-4448,3667,7124,-5694,806,18673,-970,-3050,13678,4699,6461,16462,2503,-2809,10457,7874,-2213,12937,6862,8099,9862,3868,3629,13560,-4373,950,5132,-418,250,18435,-1178,4415,9690,16778,-2531,15173,6840,-174,17824,12728,9208,15569,11361,334,11305,-4366,199,11620,-5148,4577,19727,762,-224,18031,-515,-2519,7577,4174,-406,14801,384,-714,13244,12256,2455,15948,3993,3424,8503,-1364,2760,8036,-5596,2201,12795,-1550,-2966,10701,12901,452,21616,10093,-176,8715,9498,2764,15644,14728,3993,14979,-633,3175,14351,-2893,4915,12038,-2769,200,19275,-2349,-1482,9775,11688,1219,20653,-5585,3915,7092,14750,1419,19244,1044,4068,10352,5812,2620,12031,-7160,-759,6890,-3163,-3489,13644,7183,4504,19325,11025,-1006,1180,10814,-1310,19545,11827,3097,17208,7979,1426
17607,-3279,-1725,5574,5353,2380,19848,-2963,-4567,11430,16079,1455,17056,4682,5027,7782,-574,5419,8122,-6763,-1051,10483,-2043,-2082,12582,10976,2161,19062,11145,-2280,5310,10009,1503,18182,14743,5935,19335,5876,4672,15217,-2880,1812,9842,-7513,1651,18366,-179,64,14061,4138,2941,17315,-2285,146,7286,10573,424,20253,5660,7142,8740,6283,-650,10430,-5825,623,7975,-2755,1782,14739,-220,188,13397,16247,-2553,12314,10670,628,18675,10033,5539,13796,14969,-2268,16658,-6041,1471,6839,-6793,8012,18756,-2197,-4325,17645,-1643,-886,8537,8599,3426,15105,-87,-1077,11904,11506,669,14181,2960,5766,10516,1585,5088,7763,-3702,-2031,12248,-2474,218,11101,12775,4994,21108,8847,-3304,4602,14202,4809,19387,14097,2868,15903,1627,1458,14276,-4553,3829,16130,-6156,1554,14400,603,-3816,13922,1575,2966,18485,-2020,-3907,9274,12661,-2235,15553,7615,9760,9684,652,-78,6547,-6705,952,10357,-3337,-96,14987,7049,1393,12420,13536,-3200,10856,10918,1279,19741,11241,8271,19785,12089,-509,12802,-2289,3749,10337,-9377,3796,13156,2428,247,22744,-3453,22,8226,6897,2347
12704,3972,3865,12214,34,568,6919,-2350,3523,14600,-2745,1288,8806,14910,-663,22742,8010,150,7549,14828,6181,20686,14309,-896,13483,-1538,1400,13999,-2780,8026,19493,-5943,-423,13577,-434,-5632,10087,2288,2579,20275,-2585,-1069,8557,13731,-2535,16551,5669,5722,7523,1272,5615,7788,-7236,-689,10102,-2781,-4531,13541,7963,3163,14664,14280,-247,10695,9105,643,20486,10685,6179,21016,12776,933,14681,-719,4294,9702,-9683,813,12838,2731,580,22514,-5080,3880,8630,7045,409,13327,-1891,-1123,14396,14247,3129,13324,3414,5437,9457,-366,-1238,9443,-5124,1002,13190,-2826,2253,11190,15345,-3126,22459,7249,-674,3728,11685,4792,17705,13971,1373,17982,3419,-2027,13654,-6522,7367,12687,-5650,224,17443,-2372,-4311,10365,7752,4013,19886,-1011,1239,7790,9929,-1957,14014,3724,5423,8736,5841,4711,12139,-4825,1014,4679,-602,-1352,19166,396,5123,10866,16809,-474,13449,8951,348,21363,13816,4903,18167,12516,1611,12147,-5048,3833,10161,-7037,1989,18577,-482,-1832,20740,-2591,2083,5729,6011,-2814,15419,-667,-2648,13246,12797,3890,14847,4467,5618,8663,-1916,-663
13754,6669,2738,18527,13035,-6115,5112,9005,1704,22512,11278,7051,17366,12020,-1757,16745,-4994,1621,7168,-7124,4152,17458,380,-3285,17563,-1508,2052,9405,7215,1548,12526,950,-181,11197,9628,3162,15493,4061,2158,10841,1999,2952,7250,-3482,1724,12768,-3100,1505,12521,11648,2198,19509,9075,-1208,5599,12253,4853,22892,15267,370,15306,1862,1957,14244,-2291,6767,17454,-7402,722,12543,915,-4886,12453,1683,4192,18307,-1745,-4936,7737,11684,-1096,17013,5728,7634,8333,3439,3223,8256,-6830,-747,9252,-4150,-1530,14656,5245,3624,12690,13747,-1887,16373,10185,-762,17672,8091,8236,19775,14804,1746,12359,25,11,10798,-6083,4428,13205,1907,1620,24255,-6383,111,3862,9755,1756,19265,-6453,1112,10990,18083,1391,15656,1169,3535,7814,3370,1134,12928,-7787,3255,8110,-3530,-190,12376,10317,-2930,21733,10652,-1445,730,10574,3398,22396,11584,1513,17558,9279,-502,16620,-4563,5296,9191,-7038,-168,16066,-474,-4485,14908,941,6414,15471,4904,1201,9873,4204,-3391,11855,6683,5481,11320,6959,4394,14351,-2225,375,4529,-1393,2067,17412,-3186,2770,9162,14190,2358
19899,9520,7554,21491,13359,-1848,16138,399,4429,8395,-7811,2921,12872,2476,1612,22036,-5669,2805,7593,8984,875,15079,-2362,-1013,12915,14311,2799,13467,2445,4913,10227,-17,229,9808,-5647,2332,12264,-4325,572,11919,15285,-4231,23221,8125,-213,640,10367,5517,21246,12668,361,17460,6868,-66,14501,-4748,5627,11711,-6629,-1660,15617,-63,-5432,12932,3923,7871,18320,2054,6,8089,5887,-2419,12173,5375,5184,10306,7653,3520,14043,-4500,2629,3966,-1396,987,19073,-2940,3857,8499,16841,682,20868,6302,-1882,11502,15415,1189,20957,13662,5391,12273,-2561,1949,11800,-4266,2531,19633,-2324,4,16787,-2106,-1132,7453,6215,-1033,19281,-4245,-1060,10209,14768,3027,15793,3647,4474,7895,-338,260,7378,-4567,856,11141,-4001,-983,13347,7286,818,15030,13386,-1196,11623,9351,4357,18051,9632,4831,22551,12537,-5145,14978,990,9051,8747,-7814,3631,13374,2673,-1801,23342,-6873,4338,5528,9722,2683,15590,-3191,-3619,12257,15005,285,15284,3391,8704,9531,47,1890,10079,-6909,-2028,11480,-4148,1160,12692,15215,-570,22492,8077,-2944,1353,8928,3700,21779,14690,4017
13510,-3727,3124,19496,-3008,1784,15250,-793,-3504,8601,3901,-616,19185,-3509,-1214,9860,15150,2242,15982,3285,5080,7076,697,616,8194,-5560,603,11724,-2892,-1578,13116,5757,1577,13342,13510,-2072,13617,9551,4771,19093,8959,6235,22214,13940,-5283,13428,-439,7137,8926,-6573,5104,15092,3147,-2947,22888,-6510,3053,4697,9157,5247,16251,-4735,-5319,13227,16196,1168,15008,3040,7673,8935,1112,2011,11225,-7431,201,10049,-3671,254,13230,13351,-423,20975,8797,-2837,509,8240,1949,23934,13754,4725,18995,8878,675,14668,-4742,703,8724,-6433,-185,17164,1832,-886,14635,1834,4891,15103,1998,-858,8057,4215,563,12058,8250,5680,13078,5210,-146,12667,-1854,2412,5511,-2256,5505,18354,-3364,-7,8828,15293,-501,22002,5980,703,5592,15325,4074,22795,12263,65,12053,247,2943,14615,-2873,6833,18160,-3020,-287,14664,127,-6528,9091,3654,3258,19585,-3616,-471,10079,13880,-1773,15709,4981,6785,7161,647,3370,8123,-6410,-1908,11117,-3752,-3645,13804,6155,5502,13488,14226,-1577,13827,7474,495,18149,7856,7270,21819,15582,-1473,13473,-1031,3305,8376,-5684,4339
13149,4388,6130,17439,458,-2141,6977,6446,455,13385,6690,6957,11788,5094,-452,12061,-3036,2601,6114,-1667,4236,19568,-2063,2341,8836,14811,-2029,20145,5099,1158,9695,14594,3813,19670,13903,274,12361,-3551,3049,12566,-2242,6048,20602,-1375,-1860,14886,562,-3758,6880,4371,2005,18859,-4159,-110,11392,14275,-607,16282,4574,5801,7010,720,3163,8830,-5824,-496,12315,-3764,-3709,10761,6835,2568,16223,12204,2201,11165,9365,-1515,19206,8571,5745,21142,11922,354,14205,119,2613,10018,-6805,2619,13722,4817,2432,22231,-2913,2799,6997,6051,1738,14691,-29,-3204,13894,12359,4879,15024,2537,5637,8898,-23,-3239,10648,-5748,4195,11906,-2676,975,13848,14074,-4548,21430,5785,-222,1530,8876,5347,18281,14574,1948,17519,3514,-1674,13572,-5513,4857,12145,-2428,773,17677,797,-5884,9952,6513,6621,19492,-642,1052,9435,7740,-1146,10815,6170,4712,12155,3472,2552,12306,-3364,2289,5419,-1429,-954,19084,-130,6116,11014,15568,-1011,16016,5301,561,16753,12916,3997,18591,13454,2054,11145,-4174,2903,10730,-5004,3457,18428,1405,-2015,20579,371,409,5318,5458,-850
15643,2300,7487,8452,1968,253,11993,-6189,-1569,10627,-2883,2219,13111,11474,1184,20852,7565,-4946,548,8235,3479,18381,14827,4342,20115,4752,389,12563,-3817,-1782,10022,-5587,6546,18502,1931,-4915,13432,4685,3777,15427,18,125,9584,8147,648,13102,5983,5378,12296,3733,-126,10907,-2253,3899,7013,-1664,820,17780,-683,2902,10423,14756,-1571,16802,6085,2529,15525,13153,5327,19413,14466,-1996,10454,-4053,4286,11532,-5911,6823,17980,-33,-3867,19976,-614,-2417,5099,6530,3193,17094,-3176,-4368,10921,13274,588,18141,3955,6695,7722,76,3528,8583,-6603,-3901,12570,-2141,-1142,10923,12441,4672,20716,9982,-1865,6713,8137,1240,19677,14653,6749,18151,2958,1935,13299,-271,-843,12232,-6133,6725,19198,1751,265,11346,4969,-511,18164,-4229,1965,8353,12804,-2096,17719,5399,8254,10603,3093,540,10395,-5740,1227,8861,-2635,477,14240,2375,-81,14890,13603,-3004,9831,8869,1276,21224,10665,7340,15319,12476,-3185,14571,-4626,1646,7229,-6748,4783,18856,828,-2491,17955,1138,-1599,7995,6983,4815,14341,-43,-599,11345,10889,1447,16793,2788,4955,7635,1714,4203
11386,14465,-1225,13299,10830,1717,19245,9831,7557,19788,12461,-1902,11612,-1500,5435,11138,-8446,4201,14890,3187,-791,22516,-2992,377,6877,7344,2864,14631,-3020,121,13511,13246,2175,14672,3077,5789,9256,354,984,9397,-5232,-1159,13915,-2436,-1133,10366,15158,3261,20974,6890,-2054,6439,10329,-413,14872,16069,5682,16803,-883,-1491,11542,-6385,2412,14892,-2099,319,20384,-39,412,6660,7254,3459,18686,-4025,-3068,9029,13540,1951,17757,3446,8007,7924,3239,182,10579,-5176,2138,8254,256,3457,15073,4682,1087,14574,12812,-3595,6600,11241,2994,23488,14524,5637,17183,3727,87,12834,-2721,4041,13070,-5593,3700,16031,1481,-5163,18903,-248,704,12979,288,14,10072,7146,-1399,14710,8316,2950,12318,3304,4406,7283,-3948,3167,10203,-4225,-1558,13180,2203,-1744,10887,15006,999,18113,10795,550,15943,7838,3367,16992,14879,1323,12315,-1520,7007,13700,-7247,3124,12214,2178,-927,23087,-4909,787,6228,10247,3173,16918,-6302,-2614,12128,15105,3358,15219,2813,5991,10316,1585,926,10367,-4821,-2990,11139,-2635,1243,11803,13084,2602,22132,7715,-3302,2602,9605,2040
12139,-5551,2650,19055,546,-1855,18601,-753,316,7267,4678,258,15411,-978,-4099,12555,12199,3088,15590,4596,6417,8450,-1197,275,8299,-5438,-403,11901,-116,1104,12303,11412,1326,19657,10480,-4607,8898,7779,4752,13587,15690,6575,16109,-153,-157,14521,-3077,3274,11677,-1909,3293,20382,-1162,-378,9521,9009,-1339,20128,-6381,4784,6758,14767,2918,20092,1611,3053,8989,5867,-92,12675,-6214,2966,6275,-1219,-1609,14644,4539,517,16669,12255,-659,3045,9980,753,20787,10196,2148,15950,8787,-1102,16009,-3827,4985,6790,-5348,1029,19698,-1524,-3644,15198,2918,4346,13659,4407,1209,10203,5092,-2533,12907,6621,5666,11201,4847,5524,12995,-2146,419,5773,-717,13,18892,-2793,3726,7613,16140,511,20753,4332,-1656,10163,13800,3994,16529,13936,5939,13050,-3542,-1217,13094,-3709,3516,19220,-933,-187,15684,-516,286,7623,5120,-1181,19111,-4014,-2605,10997,14167,3884,16260,4371,3233,9021,1163,1366,8358,-5792,2101,10462,-2794,523,12156,9257,-1877,19207,10348,-1822,7057,9197,5214,16348,14321,3226,20102,3389,2038,13764,444,5504,10619,-6016,2701,18552,1243,-2718
9189,12868,2961,14911,2554,4768,8836,3500,1855,12092,-3900,4418,7346,403,-1133,15375,2335,1481,14008,13546,273,8524,9216,2414,23594,13213,3482,15694,8608,-1790,13634,-2658,6429,11293,-5974,1520,17022,852,-4491,20470,-1893,2934,8625,3460,268,12084,2577,-3464,14104,10857,2136,14286,4229,7729,7815,-3542,554,9303,-4446,-1086,13709,723,43,10766,13745,2165,19646,9377,-2792,11315,7226,2888,16421,16498,6830,13866,41,582,14024,-4460,2636,11814,-760,1123,22930,-2569,1011,6555,9810,943,19562,-9107,1366,7752,15939,4216,19381,2574,3838,8428,5514,-207,12451,-7567,1924,6620,-2502,103,14148,6831,739,18792,11848,-2768,2994,10366,1962,21883,10647,3642,16781,9331,-2551,15617,-3308,4810,6863,-5527,2293,19629,-1803,-3002,15216,2395,1636,12942,5189,2911,10367,3623,-521,12984,6429,2981,12480,4884,5786,11929,-321,1791,6271,-973,-217,18610,-3390,2306,7289,15690,1723,22587,4611,-1094,6422,13971,1839,16762,12910,4311,13891,-1367,1709,15550,-2470,1440,18208,-2198,255,13286,70,-170,9378,4915,-52,20248,-3707,-4176,10547,13616,4029,14131,4625,5030
8139,-2817,621,14088,7675,3914,18460,10175,-5105,2090,9064,476,21599,12633,5076,18492,9032,-748,14236,-3420,1009,7406,-6207,3491,19049,-473,-553,15532,2263,675,13004,4858,-78,10483,4337,2222,13077,6225,4835,11380,4842,2551,12670,-1292,2889,5742,-537,2512,19411,-3677,155,6669,15219,-784,22164,4521,2815,8854,15111,2659,18743,13717,1353,12760,-2095,2294,13681,-2825,4982,19217,-2286,-2475,14047,-1894,-1652,7731,5798,3663,20492,-3781,-3758,10519,13924,887,15368,4957,5064,9562,990,4008,8210,-6141,-803,9757,-3268,-1571,13771,8407,3326,16306,11401,-3077,7972,9419,565,19596,11913,4961,19945,10119,3330,15910,-997,2380,8394,-7155,1832,15344,2066,451,19328,-256,3585,12034,2220,-1236,10251,3631,1411,17105,9696,5437,11113,4866,1808,11032,-2785,372,7859,-3221,2061,15767,-3189,-57,11315,16400,-2646,21390,6273,78,6429,10655,3795,15123,15316,846,16930,-682,-1586,11215,-5367,7580,16047,-3171,-3007,16887,-1965,-1993,7436,9337,5328,20306,-2895,-879,9332,12344,1200,14510,2047,5154,8427,5036,4769,11907,-5550,2,6425,-805,96,16746,3694,3929
17801,7872,6721,20808,13935,1190,13111,1282,4433,11004,-7120,2595,12523,2131,-1234,23525,-5523,2924,5964,9118,3032,16580,-6005,-3044,12557,16030,1847,14533,2923,7007,9921,2105,-880,10584,-6567,-610,10740,-3688,4300,11764,12096,-1802,22581,8840,-4759,-136,10509,4102,19853,12773,4020,18812,6876,-2483,16017,-4964,3566,8467,-5022,3723,18008,-1352,-4022,12657,3310,2662,17402,2193,267,8707,7442,849,13114,4412,4674,10436,6021,1127,12866,-2566,4822,5604,-767,868,18424,-2768,308,8765,15162,1778,20460,6193,1242,11746,15002,1068,19795,13322,2893,11874,-2306,3871,13101,-4047,3861,19684,-1549,-2954,15897,-2507,96,6559,6841,1246,19827,-4445,-3586,10631,13902,2418,15450,4666,6704,8271,-316,1968,7726,-4975,-1807,11435,-3328,-396,12651,8540,2749,15967,11491,-3456,9476,8907,2767,19108,11145,6718,20768,10903,-786,16687,482,2849,8742,-7210,3136,13934,1862,1183,20017,-2499,3127,10525,4840,1174,11485,2034,889,15754,10763,1665,12286,4532,3309,10893,-1412,1564,7901,-4859,2193,14713,-3645,-1591,12203,16726,-1795,22481,6721,-237,3646,9128,3230,16453,14703,1634
11164,-6841,2177,13767,6,-4640,21312,-3054,399,9246,5823,2022,11734,2411,-4168,13811,10113,2632,13853,4849,7509,9459,-3104,707,8420,-4867,-3583,10968,-265,1090,13748,12387,2428,18864,11043,-3726,9487,6902,6715,18776,15166,4038,16032,5402,-465,16002,-3442,4892,10936,-4383,1623,19181,-778,-177,10792,4067,4353,17683,-4645,-730,8208,12816,-1603,18335,6024,7672,8148,4717,439,11453,-6569,2325,7464,-2378,1334,15173,1614,-1111,14773,15602,-3040,14157,7712,1986,16639,9869,5288,17675,15902,-1712,15525,-3602,2850,7476,-6403,4288,18385,-706,-5642,18919,-3176,1734,5536,9366,4692,18297,-3398,-1384,10139,11739,1426,15260,3227,4942,8879,4221,3006,9546,-4626,1545,8815,-1768,1117,14652,5664,2947,15852,12904,-562,7151,10988,-406,24848,13925,3923,16341,8720,2949,16445,-3094,3838,11742,-7731,1338,12673,879,-1313,20786,-2839,72,11240,3576,-1245,9942,4103,-385,14640,9480,4710,12839,4565,2335,9370,-3570,521,9462,-3820,191,11046,42,-437,12535,12508,-148,20591,11039,-1307,10539,8043,9174,19166,13662,-1844,12896,5181,13,16569,-2943,9092,11779,-3172,143
5051,8038,4272,16101,-2371,-2820,11781,12549,2270,15642,4026,3517,8995,3631,3616,9031,-5594,2932,9153,-1883,1106,14462,5353,2414,16457,12738,-89,6546,10838,-415,25514,14806,2010,16120,8342,4197,16472,-2725,3863,13323,-8472,1660,11328,1883,-1882,20044,-3494,689,11373,2977,-2671,10097,5661,-1205,15258,10790,5332,12149,3744,3554,8465,-4639,315,10366,-3973,-400,10698,1057,569,12724,12052,-1586,20307,10458,-412,10672,8627,8970,20651,14998,-1477,12095,5088,-34,15884,-4284,9143,11458,-3523,-101,20938,-2985,-1658,8881,4803,6125,17958,-4904,563,8915,14283,-6051,17587,5541,8491,8466,5178,4024,11506,-8240,841,6126,-2801,-838,15704,3222,-23,15756,16822,-1205,12722,6513,-956,18499,9908,5433,18756,16194,1844,15594,-3165,1349,7791,-8345,-189,16805,837,-2766,20492,-4017,5616,5018,8648,688,17490,-4561,-2583,9885,13708,5409,16407,4210,2522,9001,3499,306,8024,-4885,5575,9588,-1509,3427,15213,4737,-396,15208,13261,-2081,8196,11586,3448,25694,15037,1507,16880,7610,876,14885,-3125,7432,14068,-8537,3920,10750,1574,-6148,20902,-4645,-527,9903,4785,1541
15689,7164,8163,9689,3527,3228,11262,-5761,1276,7614,-2451,201,15175,1978,-2149,14061,14956,1038,15492,6189,-597,15111,10015,2550,20732,18762,2414,13833,-2836,2154,8920,-8346,-969,16078,500,-904,21291,-2854,3518,4585,8421,2411,19331,-4675,-2734,9921,13104,5011,14573,4149,3335,7831,2580,-283,10029,-4547,4376,8503,-544,1784,16718,3114,1122,11861,13814,-2426,10387,8552,3914,23750,15357,3780,19143,10706,-1570,14182,-2975,6103,11616,-7687,5794,12667,1775,-6535,22768,-3971,-134,7184,6171,3374,13342,451,-3176,12250,11689,1247,16103,3746,5667,7518,-1730,2146,9612,-5524,-3508,11107,-1049,-260,12705,11745,3461,19934,10458,-320,7080,8134,1808,21803,13837,4778,17334,6328,1829,14899,-952,1073,11571,-5479,4918,18710,1249,-1402,12900,1098,5442,14361,-2325,-1153,10460,10734,-3608,16316,7884,9090,10324,3231,510,10301,-5376,541,8185,-2999,4628,15790,1147,-2302,13081,14579,-3621,15328,5622,1360,14232,10161,5695,19353,17796,84,14215,-3295,-102,8764,-6550,3877,18430,957,-3142,19669,-1731,-306,4254,8218,5311,18879,-3939,586,11172,11597,1833,14748,4278,2354
[row took 91551us]
11773,-5309,-3478,12196,3601,-1444,12655,13123,3802,18748,8934,1469,13267,8413,883,21773,15921,4193,12768,43,2949,12845,-5935,2035,11171,2308,1419,24656,-4715,1789,4102,9149,3951,19004,-6523,-2429,12706,16981,142,15197,3246,8394,8145,1774,-678,11507,-6633,25,10370,-3519,3343,13284,10211,-1672,20115,8735,-4266,1368,8227,3468,22544,16064,4094,20919,8094,-98,12590,-3625,-92,9547,-8042,4046,17436,2211,-3477,15940,1401,3004,12549,3048,2438,10215,4346,-345,11369,8472,4448,14891,4609,948,10472,-450,4814,7026,-3461,2036,16470,-1822,-893,10317,14070,2692,20073,5421,336,9521,13441,1071,20421,17346,2810,12732,-2733,1489,11448,-3761,6365,19842,-3248,-2769,16140,-384,-2404,6708,5359,4242,19325,-4553,-4707,10778,14063,780,17197,5633,7445,8116,-682,1993,6811,-5718,-701,12312,-3083,-1900,12085,8754,3308,15215,11055,-1760,10026,9296,315,20913,12582,6376,20732,10072,1213,13972,501,-441,11288,-8425,6275,14007,3829,-54,20850,-2880,1673,8488,2749,3006,12357,3007,-209,16379,12136,2599,14466,3181,3603,7437,-1198,506,9744,-5513,3497,13685,-2140,-1689
6667,14050,6242,18867,14236,29,14617,-1311,1097,14570,-2299,5590,17242,-3530,1973,14230,57,-5865,10753,3128,1969,19875,-3089,-301,9413,13106,-964,15796,6067,4223,9334,1340,4586,7978,-5741,1321,10526,-3208,-4117,13125,5626,2489,14295,13568,177,11719,8322,356,19481,11032,5234,20083,10576,171,12447,655,6319,10780,-7846,439,14497,3555,-316,21433,-2409,4770,9236,4408,-1281,11576,39,71,16394,12641,4471,12049,3707,5926,10516,-1075,-2546,9950,-3455,667,13199,-2398,2379,12200,13384,-1507,21649,5884,-2097,3804,9462,4041,15104,16755,2989,18497,856,-4205,12664,-5254,6758,13021,-2427,795,19071,-784,-3379,7538,6933,3108,19690,-2382,-239,9989,12117,1677,13748,3911,5605,8673,3376,2373,11428,-3841,3844,8580,378,-1474,15819,1193,3237,12826,12747,495,9457,8800,682,23138,13646,3869,16215,9751,-62,11729,-2428,5508,11744,-5248,1199,17934,1848,-2927,20431,-1343,1707,7372,3045,-1272,12741,1240,-2220,13828,12058,2384,15229,4198,7562,7819,-2850,-894,8521,-4549,362,13266,133,992,11156,11720,401,19845,9077,-2763,10186,7578,4162,15936,17790,5831
14887,-3849,-1680,17095,-1923,59,7675,8318,2767,19775,-3197,-3215,9728,13341,3231,14761,2701,8011,8539,3862,-246,10579,-4654,592,6720,-41,3596,17967,943,1806,11318,14703,-2989,10636,9051,4342,23516,14900,5304,17237,9238,-3652,12795,-2993,4881,11011,-5106,5048,17586,-59,-2977,20308,-2982,-1064,7539,4169,79,13043,2407,-587,14129,11023,-133,14205,4108,6941,8459,-1827,2143,9499,-5673,-1102,11460,-818,-886,11802,12369,1571,19784,11538,-747,10300,7167,3356,16224,16221,4493,16646,2625,2093,14754,-1860,4361,11065,-4303,-758,21049,-2676,1218,7359,7858,4152,20758,-6966,-1202,6435,15538,-541,20005,3639,8155,8009,5944,576,11915,-7388,-1486,6843,-1352,2489,14673,1749,2368,15759,14546,-4524,9858,8604,-97,20485,11072,7938,14889,13734,-3784,17254,-4418,2224,6039,-5389,5321,20219,-1908,-3156,15928,-1720,238,8400,8187,448,14906,55,1334,12544,9900,1415,12698,3470,4259,12196,3174,2616,8152,-2835,1134,11684,-3379,1361,11146,9041,1350,19764,10027,-167,6111,12507,4119,21742,14797,-169,16516,3204,2893,15402,-1175,5822,15453,-7382,205,11429,202,-3558
15644,-4581,-3677,13634,15584,769,13927,3767,8469,10027,1202,-1417,9349,-5913,-607,12010,-4221,3867,11635,13810,-886,23315,7759,-3791,804,9695,3860,18841,14853,3864,19730,5744,-1105,13982,-3876,2851,11939,-6461,1293,15760,-1281,-1668,12052,4338,2418,19063,-428,-333,6483,8916,3073,14335,4182,3383,9110,7433,548,13589,-3293,4279,5275,-241,2160,18450,-3139,705,8372,15050,537,20444,6874,1884,12491,16282,989,20333,13039,1336,11763,-2612,4694,12501,-3342,3886,20393,-2103,-2380,15723,-3677,-1059,6320,6489,1946,19825,-4559,-2562,10811,15390,31,15119,3415,7506,7866,-128,1380,7292,-4765,-1988,11808,-3515,-1160,12680,8472,3522,15357,11524,-2459,10129,8778,2037,19953,11315,6914,21783,12222,-2204,14935,923,4920,9732,-8504,2910,12299,3660,969,21624,-6580,2625,7212,7317,1364,14336,-1209,-1001,14519,14537,2306,13009,3187,4709,10052,-499,919,9755,-4875,1808,12967,-4031,107,12014,14156,-3381,22235,7856,7,1866,9489,4157,20844,15062,1385,18619,5556,800,13419,-4431,5619,11895,-6576,-2749,16666,447,-4776,11373,3973,9251,18753,-41,-1682,7570,6756,-2373
8592,-246,1743,7216,-4725,-2900,10629,-3870,-1629,14184,7239,5118,13833,12816,-2164,11951,9127,1312,19503,9848,7578,21738,13790,-3111,15466,-339,4932,7804,-6636,2808,13830,2698,1412,22021,-6967,3337,5944,8519,240,16055,-2840,-1306,13072,16423,2159,14566,1737,5345,9142,601,-166,10318,-5651,4006,12168,-3979,479,11906,13833,-4646,22468,7754,-64,340,10337,4863,22150,13230,326,18365,7109,1105,13818,-3011,4548,12128,-7450,-2340,14937,-284,-3421,13469,3138,7001,17923,1590,992,6501,5829,-2011,12986,5349,5124,10812,8375,3525,14146,-3120,1145,4649,-2211,2174,17453,-2867,3631,9800,14719,1883,20832,6896,-3315,10054,15299,2649,21785,14798,5317,12740,-652,937,13570,-3340,3005,18532,-3925,2998,15210,-990,-3797,9113,4917,-1094,19528,-4984,-344,8669,14508,2625,15605,4062,3905,8608,1060,843,6878,-4318,936,11678,-4905,-1700,13502,5748,1486,13637,12668,-1555,14512,10108,4831,17647,8798,4879,22086,14126,-3800,13328,988,6385,9454,-5762,3783,13746,2385,-2142,23687,-8141,3747,3106,10869,3984,19113,-5991,-3724,11724,17104,-55,14815,2288,7770,9233,2076,1401
11243,-3834,5324,13967,6192,1387,15260,12290,-3044,7504,11348,407,25319,14618,4388,15287,6732,3005,16894,-2178,3784,12038,-6574,2343,12676,1270,-2049,20206,-1179,-2779,11546,2533,521,8542,5827,2250,16148,7631,2930,12218,4695,3507,9247,-2750,754,9989,-5374,-1800,9802,-501,-613,13779,11830,2322,20767,11368,190,9327,7159,7204,18794,12607,-1815,15109,8221,1158,17970,-908,6991,10544,-3899,735,17724,-2770,50,10433,4121,6962,18375,-2692,-2567,7784,11972,-4206,17668,4347,9348,8458,6528,2099,13004,-7494,589,4974,-3575,1474,16783,966,-169,14814,16892,-3033,17875,4980,-1268,9552,9804,6422,17821,16380,2801,15866,-1062,-2207,10956,-4484,3443,16522,-225,-1885,18459,-3819,985,5084,9823,1782,20504,-4975,1445,8665,12958,2698,14962,1800,1898,8271,5668,259,9700,-5006,4959,8828,-2797,84,16034,948,2090,12012,15206,-257,14578,8828,3032,20614,14093,805,16840,11560,1503,14902,-2440,7142,10530,-4727,1789,16398,499,-3098,20765,-2886,0,5725,6913,-330,15609,-1695,-3026,13322,11919,3921,14616,4801,6048,9139,-1750,199,8432,-4928,-2724,9731,-2824,4016
18946,9475,-4417,2476,8985,5158,24948,13028,4622,17498,10784,-1647,14507,-2683,1680,10213,-6680,2696,15067,820,-2598,16084,-1084,4016,13293,5266,1760,9379,1011,784,11575,9107,-99,14203,5796,3301,14300,1128,3879,5802,-3943,1550,13267,-4072,1168,12926,11207,2608,19553,8876,-1674,4495,13624,1125,24472,12875,3411,14658,5620,5195,15879,-2535,3184,14477,-5653,-153,12569,309,-3360,16120,1354,1815,15965,-1925,-1041,7436,9549,-1201,15953,6674,7658,10756,2752,643,7856,-3645,-1672,11776,-5619,986,11203,3042,2314,12967,11860,454,19081,10074,-1373,13242,9080,6481,20312,13905,416,9392,4352,-2164,15189,-3928,9171,13534,446,816,21894,-5218,1096,2900,6871,1800,22171,-6518,1255,8969,17313,-1545,16776,1857,4072,6945,5165,5250,13691,-8671,1878,5849,-1812,-3872,16290,3084,885,14894,15260,-244,12216,5340,695,17656,10953,3800,17531,16762,1710,14611,-2939,2706,8554,-6634,-2132,17292,1877,-2405,19436,-3666,6078,5614,8421,1569,16357,-4265,-4141,10767,13575,6154,16965,3098,2409,8987,2814,840,7317,-4554,4198,10544,-1762,4388,15699,3366,225,13185,13553,-2936
19262,11423,3669,21595,11523,-4338,15973,-10,7820,6966,-4768,3541,16173,2003,-555,19463,-5309,4117,8145,5816,1122,12524,113,-2062,15492,13845,1253,13581,3375,6864,10158,-286,2130,8987,-6964,-1415,13203,-3086,-202,14145,15643,-852,21095,5848,-806,661,8028,2849,21610,15557,4558,18080,6469,754,13756,-4157,279,11963,-5427,-1064,16646,361,-491,10505,3871,6430,19080,-812,-2817,7744,6852,729,12267,6783,6913,10433,6409,-2112,13064,-4032,4873,6366,-1387,4522,18102,-2750,1823,9270,14694,-881,20507,5660,-1014,10635,16100,3721,20175,14509,1609,13411,-2759,2208,11668,-1515,7093,20613,-2902,-1211,15003,-996,-5430,7327,3713,1684,19219,-4493,1401,10694,14607,-1146,16337,4186,5808,6594,940,3900,9064,-4791,-2789,11479,-4168,-4502,13008,6246,7062,14595,11973,-117,10475,9151,-1760,20609,8508,7525,21466,17230,-2086,14185,-1162,4519,6211,-5897,3020,16609,1902,2065,22142,-5557,3329,4761,8181,-326,16026,-5358,-4007,13822,16656,5378,15342,2824,5255,8557,1247,-513,10878,-6858,4290,10853,-2978,806,13603,11822,-4345,20479,8232,-1678,1357,8779,4893,24720,15081,1279
13427,-1081,7473,18504,-7838,2492,11159,2198,-8534,14912,-270,3868,15721,-920,331,9984,10331,-2507,14866,7035,5035,10232,1527,4515,6703,-4439,467,12402,-5677,-3607,11262,5290,1460,13148,12969,3817,18065,8950,-1058,14258,8818,1580,22737,16641,6084,12120,941,-329,12064,-5340,1422,13315,1657,4064,23113,-5504,1465,4509,7359,2294,19719,-6333,-2185,11616,17277,2535,15122,2776,5619,7857,2525,-1175,12014,-7278,3944,9008,-3077,1102,13813,9061,-3399,19071,9052,-2417,2547,9105,4853,24245,14248,2484,20259,11068,-991,12939,-2993,1960,10532,-8912,3475,15207,2775,-4549,18097,-1695,4426,10146,6291,3438,11656,129,-1331,10133,10275,2127,17122,4751,3527,10124,1586,2805,7084,-5955,959,13356,-1875,1582,12625,12192,4122,19436,7617,-4052,6496,12132,3678,22740,17942,3629,15378,1103,1307,13116,-2029,4727,18600,-7760,2251,12744,3168,-4710,13157,584,1901,16718,-2425,-3375,10197,11480,1638,15740,7584,6907,9667,717,-326,6097,-5101,736,12036,-4798,247,12850,5694,829,12804,12192,-884,16220,9016,2327,14999,10364,5602,23544,14837,-375,11409,500,1866,11680,-7102,5260
10356,4596,6043,18286,-1451,771,8766,8856,269,11942,6296,3890,11362,4420,1126,10900,-2951,3727,7146,-2408,-599,17654,59,4487,9842,15463,-419,17006,6148,792,16607,14629,2851,20985,15223,1501,10770,-3631,4158,11058,-6650,4453,18423,138,-3327,20679,-2111,350,4194,5291,612,17551,-3698,-4442,11226,14805,3294,17468,4672,7188,7829,-1364,-191,7614,-5241,-1190,11899,-1797,1112,12706,8942,-381,15748,11662,-649,9489,7874,2903,19371,14861,5607,20486,7077,-593,14157,133,2235,10919,-7066,6263,17521,2268,-2664,16865,-669,3652,11145,-490,2611,10859,6941,-2098,16857,10721,3649,13176,2736,2851,8262,-2358,2780,9584,-5214,1681,14196,-181,-3342,12847,14993,45,18134,6920,161,10734,8837,2633,17525,18293,1810,15707,-1900,1423,10548,-7426,3093,15798,-119,-4752,19918,-1614,1881,4529,8769,5801,20508,-4583,-2581,10342,12167,2551,13481,4499,6209,9170,2903,-194,11194,-3881,1807,8871,-914,2311,13825,3673,5124,14767,10350,-3293,7514,11727,-1736,23963,14031,8022,14960,9176,-884,15657,-3554,3228,9914,-5039,4747,17222,1339,-2162,19510,-956,-2151,10831,1506,692
12585,2965,5050,9809,-371,-1738,10905,-4308,1945,12866,-3401,1521,11640,13179,-2798,22357,5941,-246,3486,9943,4130,15551,16277,1312,18601,1545,-4003,11894,-4730,9059,13639,-3282,-1295,18108,-471,-3821,8426,6040,5990,18672,-2258,-1518,10218,11366,-1860,14030,5307,7538,8904,4629,3199,11634,-4917,2419,7621,-167,-952,17100,151,4769,11272,13944,-707,10652,8350,-581,22139,13768,5308,16275,11545,1011,11821,-3272,4272,11429,-5229,1602,18415,1281,-1338,19686,-1676,733,6961,3012,-3069,13295,507,-881,13818,13443,3268,15638,4179,6571,7966,-2464,-1807,8448,-5031,1435,12672,-229,1556,11572,10596,-1387,19763,9826,-2476,9625,8321,6503,16357,16357,3263,16199,2425,-840,15217,-1842,6671,10367,-3182,2457,21108,-1294,-1982,8108,6755,1328,19659,-6188,3457,7836,14994,-982,19737,3918,3866,8489,5341,3991,11618,-6519,803,7260,-1920,-2783,15083,1683,2437,14892,14702,-840,9178,7070,-376,19156,9483,4263,14811,14114,-1755,15253,-2979,4273,7270,-6827,2198,19296,463,-3920,17425,-545,4005,7836,7538,588,13985,-685,-3505,12316,11368,5166,13705,4181,6862,12562,859,-1554
11689,9478,1812,18494,10005,-2858,7660,8163,2780,15718,13797,6072,21378,5409,2157,15015,1540,2386,9135,-5783,2062,16999,2096,759,15243,2937,3389,15773,-1207,-794,8219,8864,976,19064,6818,5979,9592,5468,192,11593,-4851,1401,7269,-2410,2226,16826,-2410,-513,12085,14725,-1381,18741,5369,-1058,8162,10393,5008,14191,15137,-562,16520,-1744,435,9703,-3529,6118,18936,-1883,-3821,15000,-1252,250,6945,9651,2787,19229,-2407,146,11899,11553,1243,12435,2956,5561,10826,4837,2121,11032,-4729,1438,8101,-2017,419,14194,3847,3236,15662,10551,-784,6644,9298,1097,23007,15565,2585,18056,7224,1961,14455,-295,3090,11335,-6986,1629,13899,1614,-229,20207,-2365,-190,11741,2747,-1874,10005,5614,-1728,14928,10779,4833,13879,3041,3974,8121,-3695,1539,9946,-3568,1327,13601,-100,-1458,10437,11405,-416,20160,8900,-1704,11521,8405,7974,17925,16020,1282,14334,1475,-23,13984,-1512,5918,12399,-1944,681,21659,-3448,-813,5484,7855,2946,20345,-6974,3407,9037,16361,-1956,18065,3419,4517,7864,5612,4552,12919,-7395,-289,7639,-3408,-1357,14255,3617,3363,16631,13793,-3744
19429,12963,1695,13167,535,3393,15576,-2096,2113,17314,-2953,673,12967,-615,-1317,9593,4436,873,19668,-4052,-3536,11124,13860,946,14067,5164,6752,9153,153,1089,7880,-4755,-895,12004,-3370,333,13830,5103,3527,12761,11471,-6409,14308,8241,3599,18248,9703,8172,19824,12738,-2608,13196,640,4421,10148,-5004,6177,13519,3878,-1260,22779,-4557,-787,5823,8157,4508,15417,-2834,-195,14275,14723,156,13943,2094,5334,9658,2399,1683,11982,-6735,344,10165,-4063,641,13285,10904,-695,21053,7163,-222,-336,8295,846,19880,14418,1911,20153,7309,2141,13508,-3460,4489,8904,-5227,-982,18058,793,-4605,12468,4891,9099,18028,890,-4267,7417,5928,-785,12692,7888,7900,11725,5295,2325,13058,-3597,704,5764,-1296,3067,19820,-2612,3687,8138,13952,-1416,20858,3729,-37,10025,15518,4184,19265,13969,2821,12288,-2185,570,12888,-1920,4269,19906,-560,824,15405,-1696,-2702,6354,4174,-1873,18951,-3216,1926,12413,14361,174,14555,5121,3472,8743,-885,4040,8514,-3696,1438,12592,-3887,-3008,11835,5851,330,14802,12459,-21,11331,8446,2401,18426,9168,4022,21282,11586,-1829
13160,-2950,-1539,16411,-964,-1106,7891,9146,5578,21641,-2721,-2170,8309,10338,-1055,13140,3631,8965,9517,5229,1178,12484,-4669,-194,6212,-652,1915,18880,-666,5340,10639,14057,-3941,16503,4995,1639,17219,14273,6191,15779,11274,1087,13275,-1666,1110,11597,-2962,4522,19377,1117,-146,17920,-58,-2319,6505,4800,-1879,14598,-1519,886,14339,12537,1866,14868,3664,3325,8735,-896,2324,9561,-3714,-216,12000,-3989,1457,10720,8871,-1855,19920,10153,101,7290,7445,5419,16450,11573,1188,22576,6249,853,14580,3142,6905,8286,-5113,-216,17212,2176,-2045,15871,2980,6915,14504,154,-442,9127,7367,-2846,18039,7351,6180,10262,5641,3694,12478,-3917,-237,7504,-3990,75,16116,-2336,2349,13425,14791,-1154,21436,3222,-3471,3287,8865,4496,15617,15166,2686,15891,599,-1632,13120,-3221,2511,15808,-430,677,16135,-351,547,6664,8247,105,20973,-2165,840,10098,10650,3451,11420,3786,4882,11217,2938,-1284,11834,-3386,4567,8001,-1073,1585,16653,502,180,12394,12189,466,14181,6473,2510,19227,12146,3344,15586,11199,-791,11930,-1455,4351,11787,-2821,4895,17977,2251,-3236
19101,-5028,2937,11371,15003,1057,16158,1282,3489,10131,5152,2551,14379,-6471,-853,6240,-3479,256,15433,5265,3319,18102,10789,-2666,3662,6283,-105,19007,9331,1877,16898,9823,1853,12288,-979,856,7084,-4269,708,19952,861,2889,15351,2195,971,11034,5957,-957,11559,3431,-1896,13295,7510,7043,13071,5361,3479,13421,-386,1727,6415,-1699,3876,18986,-4194,2155,7961,12735,-2018,22343,3192,-1345,5762,13465,6347,17646,12974,1354,13860,-779,-30,14451,-394,4455,16564,-2734,1766,12030,488,-3779,10442,5625,313,20055,-2329,585,10672,12004,1424,14295,5660,1367,11580,644,5571,8606,-4799,-556,10867,-3307,-2260,14084,5244,4507,14340,12168,-1862,10989,7989,610,19004,9373,4962,18318,10456,-195,14312,2063,6129,7954,-5827,1350,13794,2210,803,21585,-1368,4101,9512,6568,-1743,12366,626,-72,15897,11043,4509,11753,4035,5983,12301,-1025,-2798,9759,-4244,2324,13906,-3875,1836,11848,13430,-2439,23287,5709,-1518,1911,9676,4486,14170,14899,2514,18128,2688,-4198,12770,-4066,6470,13005,-2387,1321,17354,-1846,-3936,7712,7358,3554,20866,-1336,-236,9378,11950,768
7062,-6170,3029,10721,-3890,-772,14180,3757,-407,12150,14110,-408,16016,10821,612,17450,8757,6615,20323,14212,-815,11913,-59,6191,11482,-6217,4387,12781,1952,-771,23468,-6674,-709,4623,10565,4223,18162,-6649,-217,12069,17272,-587,15601,1868,6688,8382,2444,2595,11523,-6493,-2630,10699,-3566,1258,11691,12358,1912,22517,7917,-3102,269,9952,2425,18384,15179,2383,19743,6573,366,14231,-4822,2278,10324,-6458,2664,17881,340,-1200,12518,2752,2559,16861,150,-1558,8861,9046,103,14560,5532,7730,8620,5244,398,12737,-3800,4154,6690,77,1767,18773,-2213,705,7552,15549,-1325,19438,6092,1883,13581,16176,4797,20896,13507,561,10051,-3607,2823,12003,-3738,6017,21570,-1385,-2843,16277,-3570,-2484,5046,5606,1632,19767,-3516,-1088,11473,15551,431,16225,3577,4076,7508,-31,6044,8130,-6089,-1524,11298,-2740,-3097,11052,9827,2667,18304,12168,-414,7688,8018,364,19220,13935,3977,20853,7998,2796,15056,1300,3802,10445,-8866,947,15371,2608,481,18172,-953,6064,12950,1003,-2446,8383,4842,50,18632,9986,6100,10821,5379,1966,10147,-4107,488,8170,-3455,2518
20242,9894,-4652,9182,14931,5826,22791,17196,4112,15161,52,-52,11749,-4390,6111,18318,-7763,2838,14640,-2149,-5327,11334,1733,-597,19034,-3968,-637,7081,14095,-786,18303,6030,5438,7214,3719,2554,6880,-6710,3171,11282,-3253,-2053,11922,4803,-1854,14513,13505,3717,12847,14216,-1857,20474,10546,4207,21995,15159,2601,13114,-1110,3409,9590,-10296,4093,13229,1276,-74,25068,-9162,2301,4220,10841,3591,17557,-7811,-4448,12452,17835,2177,14378,3642,9169,8096,-131,-364,9649,-4988,268,12237,-3048,899,10728,14771,-1673,21940,9528,-4076,4339,10689,3967,25314,15987,4806,17218,7490,-975,13904,-5928,1546,11818,-9871,1228,18221,-909,-84,14258,621,2420,14689,125,1585,7098,7340,-1803,15888,6485,5207,8679,7664,2055,12257,-2951,4366,6427,-1244,2524,15783,-1237,-332,9688,15438,316,19241,10871,-622,15181,14986,3852,24183,16029,1925,11859,-3269,4074,11352,-7507,5581,19026,-4008,-2008,18101,-4275,-5029,5521,5462,4897,20754,-6912,-3891,7960,15996,-86,18295,5507,6729,6160,1808,2876,5928,-5456,-1933,12148,-1983,-1383,13167,6519,3586,13186,12243,-612,11685,12829,-811
17166,934,-760,9710,-8047,1329,13385,-5926,824,21066,-2102,-2219,9087,6115,6270,18363,-4382,-2663,7357,10656,1127,13613,6510,4275,9706,4888,20,9172,-3031,4213,6772,-2457,1985,17123,2424,3421,11166,15657,-2916,14480,9582,626,21766,15522,5371,22350,14791,-290,13190,-5204,5874,11313,-9882,5754,13859,-366,-5888,23624,-6560,-610,3526,8722,2988,18789,-3603,-2880,9540,13656,1036,15744,5504,6050,9085,-1688,2759,5612,-3116,-2796,12435,-2194,-1753,11625,9533,4223,16181,11967,1109,9699,11661,-3141,22536,12974,7027,16517,10309,1367,17584,-3227,-329,12020,-9386,6553,15028,821,1377,18769,-4231,2874,8783,1780,-177,12255,5440,-2846,16400,12976,6170,12274,3489,3614,8119,-4180,258,7742,-2633,4121,14934,-811,-3394,11921,17099,-4249,18683,7652,2885,11482,10130,4546,23577,17888,740,15523,-1335,354,9312,-8465,4620,14321,-3941,-2236,21552,-3295,-3316,6755,7632,8923,19967,-4939,-980,7797,12524,-3348,13955,5170,5998,8484,5149,3482,9836,-4084,1130,6444,-1880,-431,18342,3329,7359,11139,15479,-3435,12570,8925,-2238,23730,15991,7180,21784,13331,2443,12678,-5299,2808
19754,-1331,-1476,10735,2514,5166,16397,-4150,-1248,9740,14127,-3667,16554,7194,9073,9112,2840,1165,10304,-6438,349,8228,-1173,3767,14838,3019,-2404,14674,14486,-4101,10223,8151,860,21864,11916,7960,20447,15436,-892,14150,-4413,49,10304,-10853,5348,13855,2047,-4626,21847,-4517,1612,4080,9049,4494,17851,-3562,-113,10922,12742,421,14673,4868,2815,8937,2856,3436,9747,-4062,2630,9833,-1778,246,12524,7224,5000,19022,12159,-1083,6293,14013,-2237,24555,13522,4881,14283,6356,3855,17446,-3951,4125,15140,-9252,1592,11500,103,-3118,17311,-935,872,15880,157,-1379,7818,8735,-3137,16774,7441,9071,9767,5659,1895,7877,-6695,-266,9095,-3090,533,13123,3750,-1355,12760,13754,1121,17627,10501,-579,14291,10070,4340,23002,14528,2702,9282,2424,683,14640,-9085,3696,10280,400,5247,25223,-7588,-1756,3619,10539,1979,20528,-8312,1135,9045,18038,-286,17524,2815,5047,6866,3864,2721,11526,-6583,3015,9447,-3499,-2480,12022,8924,16,20235,12808,-2352,3379,10592,2597,23427,11687,2124,19944,10179,2640,14352,-2557,766,11962,-10730,2371,14287,1691,-4859,17243,-1663,6729
9620,15920,1964,17036,4846,6397,7544,-67,1736,6666,-5498,-1099,11341,-2750,-420,12538,10464,1556,17305,11366,-1932,7031,10006,1652,20532,12611,5225,20323,11044,635,16316,-1527,3782,9616,-9566,3009,13792,1940,588,19863,-4373,2872,10004,4963,1107,11857,2384,339,16851,11357,2343,10794,5090,4155,10296,-2450,1506,7986,-3375,1404,15146,-3569,-1426,10976,17642,-2352,22345,8002,348,5896,9305,3471,18049,15180,2039,16980,1899,-1154,12511,-6180,6988,14781,-4903,-2765,17682,-2364,-3403,7236,7487,8781,20324,-3506,-3189,8689,11597,-1072,15185,4280,7460,7269,6048,2865,10927,-6365,-107,5283,-977,1097,19372,2253,5583,11687,16744,-3051,11682,8912,-384,23414,13849,7663,18878,12811,1095,13331,-4798,2068,10535,-7826,4142,15805,1175,-1344,22632,-4979,-533,4962,6149,-3132,15936,-644,1505,12713,13257,2461,13576,4735,3580,10151,-2684,1713,7287,-3328,682,11460,-2883,557,11101,11830,-1785,20786,12523,14,8733,9467,5626,18686,12206,1738,13987,7797,1058,18382,-1124,6298,10786,-8371,1660,16786,-1400,-2099,14225,1738,5162,15638,-1054,1872,6457,8950,-4033,20565,6882,6018
[row took 91904us]
10236,-4618,249,7294,-2270,1565,16498,3463,3515,12804,15771,-3080,12431,11184,639,24596,13962,6253,18577,11784,1202,15732,-4174,3784,12146,-9749,3730,11798,1708,-3119,23197,-7413,515,5336,7470,-2977,16050,-682,793,12657,13826,2965,12706,4002,3195,9845,-3398,2511,7785,-1869,-301,11036,-1996,876,11776,10088,-1052,19400,12645,-832,9600,10114,6355,18975,12200,725,16002,10246,232,19573,-798,6611,10543,-8751,1362,13359,-1535,-655,16805,-3688,4874,11689,3115,2297,9933,5323,-4490,17546,10388,3642,9782,6098,7589,11347,-4460,788,5839,-3669,-1638,15687,-1612,1157,13262,18233,-2730,19665,7662,-1208,9577,8899,4920,23458,17323,5237,15747,1461,-2268,10935,-6802,1695,14662,-4372,592,19897,-3398,-1026,6510,6242,5998,19919,-4793,-2333,7164,12369,697,15809,3991,4518,6768,6678,-335,10401,-4695,5454,7199,-1971,3341,17487,451,1056,9975,16812,-2617,18063,10063,1249,18386,14800,3207,21367,13561,1362,13316,-3897,6625,9929,-7012,4150,17915,-1030,-5992,20358,-5853,-2524,4314,8042,4750,20080,-5224,-2007,9803,15259,943,15438,4527,6414,7908,-701,1218,6702,-4103,-3941
15254,5502,670,16295,14151,-3301,11728,6919,198,19824,10507,8609,20466,16128,411,15207,-2869,-936,9548,-8683,607,12924,2970,-1126,22400,-5756,2394,5309,9483,3427,16441,-5288,-1541,9259,14171,2506,17381,3637,1427,7910,3777,3147,7925,-5116,5963,10405,-2851,681,14942,4590,387,14109,14344,-1188,10670,10500,2474,24462,12398,1315,17010,11164,3873,15552,-2482,6761,12478,-7299,81,12996,2067,-5129,22403,-5478,1381,5105,6668,163,15094,-805,-393,12768,12453,2172,13785,4631,5575,9447,-2448,316,8692,-4577,-3037,10025,-1266,3525,14458,9135,145,17944,12083,-2400,8878,7727,5186,19189,13037,2513,18329,9644,-1380,18181,-702,5517,8278,-5579,2462,14634,68,446,16700,-3392,3840,11533,2672,-301,9720,4349,-172,16318,11439,2266,11595,4385,5289,10209,-3284,3087,7375,-4564,-674,16506,-2514,-2740,12844,16731,-1259,20868,5191,104,3077,9870,3596,22669,15024,4316,16690,5243,614,13347,-3849,43,12466,-5883,-1648,17251,-1666,679,9629,6363,6600,20089,-2047,-788,6337,7473,-1660,13982,5271,6453,8543,7402,-294,12488,-4359,3723,7193,-1946,4326,17388,-1444,3554
20014,11747,-1242,10349,8262,8449,19017,12817,-877,14473,7444,-839,17626,157,6568,11556,-3855,3934,16564,-1460,-2679,10706,1831,5673,17716,-2187,439,7523,10262,-3506,17731,5704,5119,9078,6517,4943,12475,-7892,2230,3901,-2942,-722,19173,-1780,-1291,12776,18367,168,20414,3817,-3526,5981,9738,5475,20538,16443,5102,15416,1513,-3061,11996,-4142,2587,14365,-1891,-1181,19892,-1652,1265,6835,7941,4851,19848,-4472,-2661,7943,10212,2468,14004,4056,4013,8096,4980,-1369,10872,-5032,5110,8597,-2314,1995,17210,-576,2691,9318,15214,-3094,20342,6856,1901,13219,14039,3770,19702,14801,3435,13129,-3268,518,11246,-2100,6682,17997,86,-4305,20015,-2210,-2702,4193,6397,3884,19495,-6130,-2351,9619,14682,1760,17591,3226,6517,7036,644,1960,8519,-5962,-2933,9812,-3913,-439,15107,7124,4203,15676,12701,-1842,10939,8171,422,19349,8063,7222,22198,14062,-920,12617,637,1874,6125,-3469,5344,16113,2265,1815,21343,-5331,1343,6314,8590,164,15897,-3831,-440,12554,15422,1828,14366,2001,5572,10672,1690,1025,11635,-7365,2985,10425,-3985,-19,12462,11740,-4748,20211,7392,-573
23230,8265,1819,12507,9068,2311,16210,-896,5571,8661,-1894,-262,17088,2361,-2488,20558,3046,726,9139,3417,831,10300,1419,-2313,15236,8635,4240,15402,3652,5476,7900,-1003,-1675,10322,-4719,-950,13458,-1817,2449,11251,10586,2634,20637,5818,-4909,7664,9198,5105,17790,10513,5595,17740,3561,-2200,14650,717,3612,9610,388,3926,19488,2244,1821,11139,5532,5,16924,-2593,1310,10777,11984,980,16459,3078,4787,9557,4963,665,12644,-5536,1871,7370,-1810,935,18317,-895,-863,13485,14165,-1633,19031,2824,1128,8347,6551,3375,14310,13600,950,14496,-349,2196,14433,-954,1604,15662,1250,-3211,14761,-283,2432,6806,10306,2394,20599,-3130,-2027,8997,10889,4259,15129,2624,4060,10713,5339,1516,12324,-5281,1197,9529,-567,4223,12698,2873,2334,15692,9014,-2147,9882,7620,230,21825,10380,4989,13549,7517,792,14335,-711,1784,9190,-2103,2301,17786,2712,2047,19528,2616,-3709,8954,3301,-474,10971,2127,1277,15428,9709,2591,16091,2373,2703,6987,-500,3259,11550,-4075,584,14551,-2289,-2685,10055,11103,1747,21686,6374,-1574,7502,8663,5409,15996,10149,2218
8898,-3355,2376,18267,1232,-4530,12753,4052,4447,16544,2534,-619,9876,7627,-2310,13292,5080,7090,11557,3927,4353,12927,-2465,1873,6191,-302,-1092,20396,-3111,3706,8592,15493,-641,18655,3562,1908,12465,12810,4864,14515,12136,777,11513,-2400,3503,13669,-714,1628,19738,-248,-1693,14164,1330,2324,7941,4438,-3113,16499,-2346,-1242,12231,12772,1431,16181,3255,6343,8514,100,-685,10043,-5250,1165,13187,-1517,2152,11145,8940,-560,19448,7814,-4152,6810,10128,6482,13146,12273,3696,18419,3578,-456,15597,346,5186,9344,-3051,4323,17685,2599,-1963,13534,5148,1043,16876,-3369,2375,8801,11430,-840,19045,5072,5927,9907,3683,1685,10576,-4862,2842,9349,-2278,-3457,15555,68,1891,13854,14283,1048,12613,5955,-947,16962,9133,3592,13494,12752,-434,11936,-1420,2994,9453,-6311,2817,17853,2100,-1891,18058,-843,2307,6047,7998,958,15907,-881,-3729,11710,11741,4537,14289,3720,7626,12128,969,972,7866,-3744,1254,16118,-2656,2342,8605,12420,1633,22648,4816,-4269,3356,11682,6937,16261,15512,3355,15726,-736,-1848,13742,-1110,4323,16373,-3390,3459,13742,1217,-3522
12265,15253,5399,14394,3713,6555,11139,-38,-1318,8804,-5718,-282,12575,-3097,1164,11563,14237,-732,22057,8035,-2092,5244,11843,3343,17934,16283,4101,17235,2186,-3053,11607,-6267,4818,12645,-4677,2624,20817,-2875,-2974,8613,6421,2374,18835,-2495,221,8425,13001,-1166,17495,2784,5658,6863,5102,4277,10657,-5113,3954,7662,-989,-1822,16732,1874,3401,11635,15863,-1863,9001,11793,994,24586,14353,5629,17341,10578,-1047,11958,-4256,7203,12993,-9041,2228,14605,1747,-5670,22602,-4215,2917,7318,3827,-419,13814,1052,-3791,13218,12514,2929,13721,5595,7756,9333,-4038,81,7834,-4812,41,13286,268,-1854,10192,12243,2265,18193,11896,-1606,12428,11017,1386,20084,19163,8758,12115,-2342,-1262,12706,-7940,1714,12390,-330,5841,24631,-4265,-3487,5080,8201,1840,21311,-8729,3585,8532,18093,1285,18462,3548,5122,7717,2298,110,11016,-5942,2594,9720,-2489,397,11704,9244,-2789,20527,10311,689,2626,12501,1884,23470,14233,462,15794,9670,-799,16091,-6527,6835,10835,-9412,-219,17100,-696,-3953,15955,63,5351,12252,4058,1200,12134,4176,-2679,12059,8281,5377,11768,4925,5869
13633,8298,-2063,13862,12747,4652,9866,13269,-175,22649,14009,1975,20837,10013,5725,11247,-1583,1565,15988,-13768,3152,11846,4937,-2037,22693,-5544,3921,7370,4040,4031,12333,1682,-3039,17536,12469,3127,12165,5323,7796,8083,-4387,-2966,6810,-3149,1455,15891,-34,-117,11190,16540,-115,15558,9429,-2821,15846,11693,2134,17378,18502,4587,18021,-4500,1026,9368,-11381,998,12039,-2156,1146,22970,-4474,-623,6123,9873,1744,20663,-5112,-1551,7838,14565,5649,16096,4054,2520,9055,2313,3307,9304,-3096,2457,8093,-593,223,14153,7790,1215,17707,12089,-1600,6156,14182,3269,25272,16374,3490,16225,4916,-1114,13098,-4772,7834,17330,-11925,2482,13305,624,-6299,18515,-2423,2383,14100,804,1018,9786,9448,-6215,16374,7398,6692,8886,5057,6102,6798,-6755,1363,9333,-2634,-3314,14754,4941,-2002,10597,13274,4230,14128,13331,-1941,18403,12700,2707,24716,15907,7888,8887,-1304,-477,16464,-15257,3139,7936,4374,2410,26689,-9481,466,4186,9040,4906,18403,-7111,-3347,13204,17958,2252,15395,4782,6834,7050,-752,-2119,8873,-4869,2434,13022,-2343,1620,10528,16303,-2619,21380,9067,-1305
12358,-4398,-1607,10388,-10255,5143,18818,-3097,680,20703,-5911,-2556,5597,6862,194,20782,-5570,-4925,8340,15957,5374,18035,5397,4868,8540,461,1045,4460,-6581,3395,10759,-1131,-2649,11758,12705,-3917,18600,12851,2002,7316,10702,2436,21749,16504,2673,17772,5848,3571,14224,-1623,3061,12360,-13363,4945,16935,1330,-3620,16987,-1716,3745,13992,-434,3512,7500,6528,-2955,20142,8557,4653,9043,7480,3567,9786,-5370,2217,7135,-2347,-920,13840,619,-854,13070,18821,403,13452,11436,-3219,19057,9612,3068,16559,16756,4906,17904,-4535,-1147,10917,-12358,4624,11898,-1841,-2707,21808,-5098,2306,6762,11299,1405,19951,-5503,-1028,7566,12992,4162,14578,5195,2746,10285,1719,2634,8323,-2557,1208,8872,-1516,2340,12449,10139,1156,19386,12424,-3945,7161,15820,5321,23139,14581,4321,15694,2901,-651,14817,-5534,5786,16859,-9226,4225,13635,-148,-6251,16998,-2705,560,15758,-353,1731,8226,10819,-3705,17593,6593,5473,8035,5322,3437,7394,-6532,3716,9225,-2390,-3672,12843,5035,-2483,11890,16133,2698,15809,12332,87,17181,9891,2811,22434,14166,3868,9751,-815,5372,14466,-12102,1298
5613,9528,4444,17186,-3161,-3051,10538,12945,2639,14111,3224,5451,10227,3722,2559,9346,-4650,-449,8547,-1261,1785,12443,10699,4108,20855,10668,-3808,4367,13630,3922,22112,13298,3960,16276,4334,2135,15835,-4793,2415,15198,-7507,3261,13478,1414,-2453,17474,-1810,-188,15532,-1064,-851,7599,11491,-2130,17808,7070,8097,8682,4423,-180,7133,-6615,2916,9580,-2626,-255,15407,4286,-1714,10157,14269,-1045,15400,11693,1525,17895,9146,6611,20051,13406,1170,10395,-480,3925,12128,-8610,3977,12681,2056,-594,23642,-6933,-586,6055,10837,5822,18385,-7517,193,11274,16914,-787,14058,3196,4518,9476,3840,2851,11802,-6821,-573,9218,-3430,436,10777,12743,1457,22757,9697,-4396,-282,11414,1998,19786,11818,2506,17806,8544,2797,17274,-7229,977,8712,-6339,1622,17989,-2123,-2543,13527,3956,2967,17190,467,134,7845,7688,-755,14476,5860,8743,9287,6158,-206,11335,-3270,2108,6428,-100,1865,18755,-1604,2079,7381,16295,-1088,19449,6805,493,14187,15296,4837,21847,13555,1568,10469,-3687,711,11701,-5682,6171,20409,-1837,-1502,17564,-3738,-2723,5616,6601,2192,20184,-4547,-2321
8276,5670,2180,11048,-6056,3032,6731,-2801,-269,15365,605,-1018,14735,17350,-1225,12975,9106,27,17872,8804,3966,16829,16043,777,15061,-4047,3741,8863,-8355,1920,16507,486,-4864,20883,-4150,3452,3936,10648,2476,18770,-4156,-2333,9915,12432,3570,14143,3758,5595,10719,2826,377,8685,-3666,1674,9297,-2140,3080,13529,6752,2154,17425,11758,-2872,5783,12524,2150,24787,14615,4198,15988,6562,597,16652,-3166,3651,13705,-8728,4293,11723,1244,-3878,19820,-2798,-861,13252,2201,1283,8176,7910,-1687,16846,7767,4752,10428,5116,2686,8398,-5639,3076,9787,-3567,-1346,12730,1983,-3886,12182,13919,2782,18584,11345,309,13584,7904,4596,19007,13729,1578,9803,3925,1726,15256,-5698,4921,12549,-1980,-542,21953,-5397,1801,5672,9177,4824,20830,-8333,-153,6680,17232,-2850,18910,3147,7731,7399,5433,3936,12583,-8651,-2077,6253,-1910,429,14655,5818,2649,18135,14713,-5297,5477,9793,-4,22247,9808,8562,17543,13379,-645,15831,-4481,1143,7820,-7096,2547,17221,-47,-2073,18606,-3040,799,8093,8912,1906,13722,-1281,1775,11775,10579,2220,13214,4745,1863,12823,1432,2226
13091,3822,140,12545,13474,-961,16655,10147,3236,16972,7910,3724,19944,14748,803,11775,740,3280,10477,-5438,4861,14147,1936,-2045,23642,-7308,1841,3395,10460,4772,19786,-7862,-1277,10210,17504,17,16404,2071,6134,7823,3441,2847,12675,-7544,-1098,8348,-3548,776,13095,10797,895,20498,9675,-3693,275,9285,642,22471,12703,5830,19876,9662,-24,14275,-2714,908,9397,-7989,2142,15351,759,-377,17174,269,2301,12850,5171,130,8656,2847,984,13588,6623,5405,11267,6912,1909,13764,-1342,801,5184,-2011,4308,17257,-4293,-142,8867,14077,53,21800,7122,-441,6565,15200,6460,22584,13102,-523,12017,941,1932,15056,-2259,6308,18346,-4802,91,13201,-241,-4805,10887,3837,2460,19513,-3730,-678,8458,12895,-1538,15972,4908,6550,8945,2627,3396,7264,-5983,-1289,9889,-4682,-2447,14317,6246,4327,13950,12564,-1947,12990,10321,-27,19208,7193,7302,19861,15838,1436,13378,-764,1304,8504,-5712,3483,14246,2924,1257,23589,-6111,1232,4333,9824,1581,18514,-6505,-262,11170,17727,2938,15530,1134,4044,8525,3097,-120,12395,-6748,3439,9928,-3719,1147,11199,11636,-4171
8794,14689,2714,22609,15751,2973,11472,-2678,-1073,12075,-2394,8198,20243,-3253,-489,15716,-344,-5034,6503,3707,3703,19273,-5364,-1691,8815,15016,-407,18184,3209,7158,7013,1907,2682,7643,-6616,-260,9963,-3207,-4099,14722,7267,3160,14412,13098,-123,10495,9375,-26,19577,7554,8191,20740,13753,-1810,14751,864,3569,7956,-6060,2895,14743,2712,898,21510,-5293,3860,7183,7482,1221,15520,-3037,-1776,13668,14623,2361,13053,2525,5853,10512,837,-1730,10955,-6102,2931,11721,-4138,2091,11208,14020,-4237,23345,7093,-2225,-428,10132,4716,20635,12144,2847,16773,7242,-1285,15543,-4422,4711,11530,-5284,1486,15508,-869,-7047,12104,4312,5938,19632,1689,1733,7111,6271,-1098,13180,4385,4356,10604,7549,2443,13356,-3404,3134,4544,-1245,150,19169,-2899,4011,8687,16083,1917,19588,5266,-420,13270,15027,-531,20791,13890,5137,11394,-1733,3006,12040,-4198,2163,19357,-1615,185,17171,-2123,-32,6473,6405,-1619,19101,-5330,-2701,9614,14837,4369,16661,3870,6143,8575,31,471,7360,-4513,-136,11318,-3387,-312,13264,7852,-232,15594,12657,-2055,10093,9322,4522,18124,9681,7520
12930,-4779,6235,14034,-3611,-967,17272,-2049,-3451,7739,6920,5426,21309,-1840,906,7863,10236,-1327,13118,3441,5008,9107,6259,2471,12769,-5020,2923,5350,-1494,-1088,18438,-934,4712,10855,17230,-1074,15514,7544,975,18550,13340,3242,18293,13454,1965,13398,-3749,4628,10071,-5302,1914,17899,-96,-2683,20374,-2955,1175,5368,6918,-732,17656,-3279,-3686,11470,13622,4428,15119,4501,5684,9819,-2215,1127,7219,-4074,-1414,11269,-3218,2163,12595,9237,-566,17712,12615,-2748,8631,8480,4673,17614,12582,5298,19379,8985,-2286,17325,-553,5658,8200,-6487,3186,15531,1538,-2024,19158,-2705,5132,9870,2574,330,11067,4197,506,16718,11333,1114,12525,3513,5042,9170,-2298,3041,8969,-4916,-1055,14900,-2019,-1310,13113,16842,-321,19788,6564,-984,6719,8689,2844,18985,16968,3555,15836,619,-67,11941,-6125,4536,14406,-2707,-4281,19757,-2435,1003,4943,9246,6278,21859,-5559,-3397,7050,12647,577,15654,2657,8513,7751,5523,-394,11309,-5075,296,7171,-865,2997,17851,1420,4330,11377,15415,-4199,12903,8268,1734,22397,14705,7522,18804,11749,-2261,13695,-3775,3914,10558,-6886,5535
11958,1760,3984,16061,-3335,1190,7854,11410,-2462,18717,7147,5741,9347,3959,1419,10280,-6307,4747,6547,-3310,-514,16666,668,-1921,13839,17132,-1594,14745,7181,1057,14834,8496,3617,18949,17115,990,13468,-2175,2814,9926,-7938,2616,16623,1471,-5262,21480,-3597,2497,2953,9814,5503,18725,-5318,-4091,10361,12844,3924,15341,3730,5347,8805,3210,337,9267,-5307,2602,9085,-1604,2879,14155,5429,1586,15989,12320,-1857,5941,10321,681,24811,14749,5835,17097,7951,-981,16670,-2294,5211,11401,-7568,3454,12900,3104,-3588,20686,-3584,-964,10123,3130,525,10199,4942,-272,15741,9789,3166,12529,3882,4083,7983,-4627,2007,9846,-4098,-582,12474,-247,-2841,11497,13695,1249,21214,10431,-805,10080,6623,7463,16910,15006,-272,12797,2679,1011,15743,-2620,6191,11967,-1486,-76,22041,-2226,885,6628,6727,5128,19665,-7578,-602,7981,15628,-3898,18825,4147,8407,8287,4685,3057,11121,-8692,-968,6090,-2316,61,16779,4005,2703,15961,15288,-5208,8846,6288,4,19274,9049,7313,18061,14288,1152,13690,-3196,-399,8982,-6978,3437,17168,3112,-2159,20130,-3450,581,4951,9257,2058
16393,4800,3849,8342,227,1755,8269,-6171,2163,11583,-1639,-1514,12265,6163,-208,16228,11244,-1967,9760,9454,3751,19513,8943,5179,19671,10459,-1541,15457,8,3755,9810,-5990,4868,13531,4728,-2525,22309,-2248,2463,7633,5192,5159,13222,2163,-857,15662,11472,1119,14628,2258,6067,7812,-713,732,10363,-4930,212,14849,-2591,-464,11850,15349,1333,20786,5492,-1527,6476,7715,-89,13170,16820,5666,15659,-1509,-2173,10688,-4756,2987,15287,-799,-1001,19534,-72,1139,5634,8784,2710,20006,-3835,-2886,9809,12698,5828,14915,3816,5090,9705,2908,392,11478,-4637,1551,7687,-860,3290,16085,4331,1324,15249,11000,-2956,6605,8111,2913,22597,15535,5989,19741,7114,-2385,11204,-1189,3261,12414,-7899,5967,12924,4279,-4856,22245,-1836,-234,9308,3653,2228,11134,3331,-1784,13281,9547,1726,15348,3475,4910,6669,-3700,3409,10762,-4843,-721,14776,574,-3677,9927,13453,3257,19988,9072,1303,13326,7382,-633,17137,15993,6379,12226,-1174,689,14353,-2643,3761,12742,278,1126,21790,-2624,188,4755,9652,3819,20410,-6846,-526,10208,16191,2092,16956,2854,5612,9139,1613,836
9780,15627,2810,20061,5600,-925,9294,12193,1547,18068,17035,6131,12672,-3719,-1268,11432,-3965,5314,19016,-2392,-1959,17979,786,-1016,6734,5075,1407,19324,-4492,-4657,9890,13167,3913,17969,5511,5288,9843,412,689,6934,-6964,1379,10489,-1733,-400,13891,10258,-175,17899,10772,-2505,6438,8867,3877,17423,14258,4786,19705,4041,2727,12527,-519,1354,12271,-5940,5804,17778,3806,-2077,15596,2334,-322,14951,-1548,3916,8909,9981,112,18707,5673,5114,11502,3049,865,8928,-4408,2821,8501,-2473,-1403,15590,1666,-666,13095,13586,766,8070,9754,278,21278,9595,2721,13844,12314,-945,14768,-4262,1843,8843,-6800,4560,16387,1410,-3166,19380,63,2139,8053,8003,2784,14534,6,-2140,11194,10408,3741,15497,3195,7205,9515,-352,1873,7667,-2470,-1349,17492,-1374,3869,8461,15055,2299,20520,4180,-3935,8663,12336,3583,19113,16937,7144,12219,-3536,-3941,11448,-4248,5511,19297,-2091,1577,17888,1407,-2250,7620,4276,-468,18402,-4286,-2886,10457,13657,3957,18351,5259,3355,9444,907,532,7030,-7080,3717,10726,-2302,-869,12886,11243,-2318,19277,10070,-247,6235,8647,5031
11696,-6350,3571,18002,1994,-2183,13319,1901,5331,15207,1322,-4457,11255,8999,-2208,14483,7965,9893,9174,3275,2285,11911,-4868,2696,5677,1197,2265,18547,-526,1804,10071,16743,-4123,11977,7897,1552,21523,14193,8918,17417,7900,-1966,11976,-2891,3147,11241,-6925,3086,16744,1503,-2833,20077,-843,-1174,9316,2295,1597,12453,2363,-450,13239,10432,216,14482,4447,4955,9209,-2227,2866,8311,-4083,607,14115,-282,-2635,9725,14393,1188,19511,11068,466,12704,9053,935,14029,15696,4020,12046,-2812,6903,14005,-5943,3960,13637,548,-2070,19939,-3623,-715,7060,10574,966,19505,-5703,319,9707,14910,4058,16136,1630,5559,11721,1886,1765,10446,-4870,-3621,11211,-2073,-933,11262,13133,3849,22015,6578,-1725,2842,10059,92,12340,15540,5599,17205,715,-3751,12950,-5018,693,13660,-3198,4476,19177,-903,-371,9018,6394,1184,18816,-1546,-1057,9801,13347,3322,16088,3092,5026,9187,3166,1792,11416,-4744,3444,7638,-1193,2376,13632,6578,1046,17207,10499,-5651,5691,12084,5138,22034,14329,5491,18198,3761,-705,12383,-2144,7419,14437,-6761,1467,15423,3578,-5355,17325,-77,1319
7096,5492,-541,10313,-7576,-535,6339,486,214,17651,1404,1784,12681,14669,-1821,6057,9816,-523,22292,12366,6221,13547,10666,-3644,17023,-4844,989,7625,-6223,5490,19076,-2744,-1266,15884,591,-227,12023,5183,621,10695,4774,2230,13719,8633,1229,11214,4057,5660,12187,-2288,4600,5942,-898,-684,18643,-2391,-239,7093,16750,1370,18828,7780,-83,13321,13851,3768,17353,13444,3296,13112,-3786,2059,10576,-6064,5527,18661,-1755,-3851,18797,-2087,-665,6679,5476,1945,18655,-3180,-4992,10868,13121,2314,16312,5535,5629,10791,538,2521,6276,-6534,-640,10792,-2407,187,12085,12478,1576,20472,11503,-4110,6662,11107,3243,13626,15355,6327,15463,2376,2688,14120,-5499,2240,12004,-5201,2325,21141,-60,1479,11387,7135,-2174,18797,-5641,1893,5693,14874,4389,22414,1198,6196,8411,6660,-573,10839,-8396,2672,5133,-346,-2530,15663,4669,272,17459,12827,-1395,1942,12971,1377,22307,11043,4624,14716,9579,-4020,17936,-5263,4251,7174,-6533,4181,18802,-3216,-4067,15386,2053,1900,15043,4052,1789,9136,6547,-309,13928,5158,1988,9754,5311,6370,12378,-2934,3250,5391,-215,-1893
5997,11037,5633,15228,13765,2473,16421,3797,2913,15905,-3654,6109,11323,-5489,1589,19755,744,-1906,12129,4468,1155,17821,-3416,3908,7212,11779,-1083,21017,3961,6169,8889,6697,3520,10152,-7250,-263,5717,-1205,-3737,15979,1557,3166,14574,16086,685,6293,10355,-2147,20699,8918,4251,14795,13444,-223,16400,-5132,2181,7477,-7674,2404,18319,-1536,-413,17417,-644,2042,11044,8505,-555,12296,1399,-753,12410,9888,5112,11759,4518,6564,12967,-2109,397,5338,-267,1261,17585,-2357,2496,7490,14587,505,21109,6253,-3667,7827,15069,6318,18097,14287,4986,13136,-2891,-3472,12735,-3887,4873,19572,-2985,1897,15436,-1435,-3448,8594,3989,279,20337,-3111,-766,10284,14452,1189,15823,4953,3589,9541,1159,2693,7160,-6378,4204,9891,-3130,-3281,12308,8852,-2114,19131,12590,901,5716,10353,1726,18132,12735,1018,20362,6604,6141,13301,-161,5451,11801,-9358,355,14552,3318,-3313,18131,288,5382,14593,2031,585,8502,5850,-257,19905,7114,6352,8259,6403,3527,10768,-5708,-2268,7164,-1523,-526,17080,-1614,1716,11174,16274,815,15116,8142,-2662,14925,9783,3921,14308,16241,3188
13704,313,-3470,20757,-2025,4961,11328,2171,-2761,9497,5870,-4036,15794,8961,6684,11451,5953,4274,8723,-5775,-447,9424,-4762,2255,13896,1859,-465,10699,13714,-968,16609,13452,-2771,17388,8250,6151,15483,17224,4499,11958,-2883,1744,12194,-7318,3893,11609,905,1694,24482,-6946,-2121,4585,12319,1143,21702,-8847,3911,7855,18321,3346,17092,1657,1384,8761,3215,2689,11978,-6547,1047,9157,-3859,-1838,10324,10625,425,22800,11094,-353,1649,12652,2266,19069,13114,694,16704,7436,-475,16973,-6486,5192,10038,-7371,1096,17126,-2635,-4208,12818,3686,5113,18088,2179,590,8513,8465,-2840,14525,4463,7651,8049,6834,4768,13496,-5181,568,3970,-24,-869,19527,-980,4078,8709,17424,-1423,15498,8818,-318,18446,13918,5291,18310,14974,4467,12862,-5198,-215,10162,-7519,4210,18092,-1096,-234,20720,-4644,-1892,5083,7282,-857,18625,-3260,-2475,11031,15004,4910,14745,4781,2606,10490,-1924,3603,6749,-5398,536,10932,-2660,-1059,10625,12158,-2435,20996,13384,-2842,8903,11633,8126,17288,13938,2703,13858,3845,1278,16798,-2236,5605,12322,-7032,1265,17979,-162,-2799,13248,2439,4307
[row took 91981us]
14633,3767,4493,8417,6141,2175,11772,-3776,4703,5633,-644,-1268,18442,-1162,1919,9192,16487,470,16584,9467,2413,18300,14381,1037,19744,14513,3225,11251,-4185,4342,11212,-7687,2990,19051,-1153,-2563,19406,-4835,-16,4163,7874,1274,19260,-4009,-5298,10845,14638,4601,14954,5306,6239,9673,-2107,2390,6310,-5266,-1687,10763,-2740,-716,12486,11157,1133,18707,13200,-3771,7951,10092,4316,17204,12567,6933,16442,8806,921,18951,-2066,1929,9646,-7743,4004,15576,-40,-1311,16045,-399,2701,14497,478,2731,7662,7464,496,19587,8113,2958,9511,6008,1855,10620,-4788,3287,5748,-3293,1076,16737,-1919,-2745,12308,18647,-299,17951,9257,-87,11419,8885,2212,16437,16045,2489,16133,-1618,430,10514,-7565,5031,16470,-2582,-4049,18489,-3797,-1069,5820,10990,5974,19945,-3586,-3312,9408,11836,3610,13772,2974,6455,9515,3984,1678,9809,-4777,239,6855,-1791,1126,15972,5435,3360,15978,13123,-1913,6250,12466,-409,25193,14238,6477,16638,8948,223,16391,-4104,2998,11339,-8249,3471,13277,1056,-1702,21632,-3431,-1319,9905,3996,-782,9368,5582,-308,16124,8770,3865,11529,5779,3676
8287,-3770,1636,12741,10162,-2744,21479,9785,-3492,425,10728,4709,21900,11764,2323,18448,9769,-1000,16197,-4827,4647,8158,-6722,2733,16942,-745,-6043,15648,1623,4510,14574,4567,3216,8736,3963,-2270,12712,6982,4684,12221,6199,4098,12895,-1690,3646,5515,-2089,-946,18093,-3454,911,8710,15637,4337,21311,6577,-2361,9373,14641,1996,21073,15023,4952,11662,-1669,1106,12959,-4478,3323,19365,-3481,-203,14954,-1593,-1208,7758,5022,508,19697,-4468,-3818,9785,15141,3588,16448,4718,5761,8304,86,464,6673,-6341,1333,10932,-3207,-918,13947,7092,955,15257,13759,-3648,10552,10169,4189,19456,10480,7708,20733,11646,-4448,14537,56,6353,9242,-7083,4398,13613,2573,-2338,20912,-5695,1797,7800,6993,4007,13948,-450,123,15491,13957,-789,12386,2960,7078,9266,-140,1472,10057,-6596,-929,13550,-3879,-243,11516,16172,736,23192,6731,-971,1444,9560,604,17375,16144,4146,18327,4325,328,13514,-6460,4807,12134,-4695,-2039,18058,-415,-2440,9043,6449,6729,19808,-1651,-4241,8485,10106,790,14152,5324,9156,8519,4234,-308,11013,-5351,921,6440,-730,2140,19083,-254,4492
10301,8138,8299,18387,14780,4154,11287,4196,-2633,16423,-4320,5950,10745,-2399,2684,21444,-1930,-999,9108,5002,2812,17764,-5874,1613,8169,14814,-1977,19072,5041,5977,8898,4000,2370,10966,-8082,2681,6131,-2831,-1009,16193,2436,-41,16157,17047,-2472,9385,8281,542,20034,9375,5492,17514,14372,-499,14653,-2860,3694,8540,-8568,2882,16878,1515,-5799,19959,-3218,3790,5044,10091,2720,15760,-3411,-3318,10795,11627,3706,14729,4308,6075,11519,1871,-261,7404,-4669,1326,12009,-3452,4151,11992,10305,2738,19461,9484,-4941,4892,12798,4528,20748,15547,4219,17118,2687,283,13960,-2025,4707,16100,-7506,4316,11627,2236,-5076,15829,-38,-1247,16770,-1066,-456,8374,11278,-457,16684,6527,5896,9191,3180,2454,7833,-6960,2390,11200,-3377,-2267,11714,2964,-1367,14821,12944,3190,15158,11013,-689,16555,7837,3947,19047,15881,2655,13123,-45,2076,10338,-5762,5476,14657,1414,-614,22045,-4921,999,5268,10540,4232,18309,-7388,-2814,11841,16664,2156,15808,2675,6384,8652,2232,1749,11840,-7676,-501,8804,-3613,747,13348,11238,177,20538,9321,-4021,-43,9055,2150,21657,13711,4056
11287,-8916,3058,13947,2392,-1907,23047,-2566,884,6861,5471,-1815,13315,-31,-2329,12080,12712,3753,16576,4116,6243,8024,-3378,-1095,8759,-6090,2305,12764,-88,-1320,11780,12403,-780,19737,10847,-639,10007,8304,5108,19184,15217,5118,13550,2172,-2272,14570,-1908,5091,12211,-3594,4490,20440,-803,-3549,8737,5407,1766,18160,-5019,5222,9655,14561,-2709,17288,5165,5285,9363,2560,3693,11424,-6896,1432,8358,-2976,-2241,14669,4014,931,15789,13203,-407,6208,9401,-1068,22185,11301,4462,17401,12598,-490,13751,-4014,4351,8547,-8507,1076,16232,2004,-3807,19178,-164,4689,7700,8094,75,14810,-805,-1791,11267,10314,5305,14427,4014,6049,10370,-320,-1149,8087,-3686,2006,14335,-2205,3134,10894,13079,2297,21346,6163,-4392,5593,11918,6324,19388,18378,3368,14481,-1341,-3523,12572,-2516,7295,19137,-6174,4569,13809,1880,-7365,10633,3209,1517,19357,-2206,-867,9685,12778,68,16406,6140,5343,10074,139,2716,6136,-6723,3922,11186,-3300,-4341,12822,6911,-1500,15041,12604,3154,11579,9730,819,19440,10295,4124,21353,11032,1366,11947,1180,3958,13271,-8534,1211,11768,5023,562
10406,7729,-1056,13064,5933,4521,11932,3867,3576,10522,-2235,2792,7876,-2305,-1624,17391,-426,3552,9815,15646,672,15475,6314,-124,17176,12770,5036,18299,14086,741,10104,-3301,4165,12129,-7658,4342,16573,1386,-2785,21495,-1106,-874,5737,6542,1404,16387,-2555,-5562,10930,12718,4123,17212,4238,6443,9130,-1278,418,8014,-6602,-699,12187,-674,-204,12124,12415,1371,19883,10005,-2895,8488,7944,3958,16613,16507,7397,16040,165,-1410,13374,-2009,1826,12394,-3308,6635,20144,696,-2183,9906,6428,-1804,19337,-4763,6005,7967,14104,464,18308,3993,4604,10460,2909,824,10965,-6006,3411,7804,-3248,-2037,14388,5004,-934,16724,11295,568,3637,11710,754,21700,10975,2131,15940,9399,207,15156,-4488,3719,8691,-7063,1895,16769,958,-4765,17652,1899,5692,10986,6246,-410,12597,3089,-720,11678,8866,4691,13827,3758,5881,10379,-2368,708,7184,-1706,-934,16668,-2372,5484,10268,15249,1203,17915,7003,-4874,12312,12067,5277,13402,15517,7021,15072,-5588,-2636,10108,-3399,5704,20606,-1315,-425,16213,550,-988,8013,5025,-2462,17784,-2935,-2816,11608,13595,5600,17354,4119,3285
14517,2718,3775,16109,12055,-633,4500,9993,-2478,21648,11370,5498,15638,10359,232,14680,-4089,-780,9014,-8481,4173,15812,2159,-790,18232,408,2299,10333,7086,-1935,13187,2972,263,11275,9395,6015,13811,3573,3615,10297,-3165,3150,7060,-743,1777,18147,-1423,575,9071,15630,258,19239,5429,-872,11184,13902,4673,16123,13472,3930,13712,-4655,-76,10606,-3845,7397,20438,-768,-1924,17118,-866,-3434,6658,5129,1046,17835,-2580,-1357,12121,13425,884,16898,4838,3270,9010,558,4845,7561,-7200,-257,10717,-2163,-2466,13462,12424,1218,20290,10844,-733,4448,9060,2635,14292,13966,1874,17085,3547,6714,15326,-2645,2305,10638,-5518,274,19590,-24,1873,10675,8099,846,20089,-4416,-875,6081,12856,1386,21480,2478,8516,8715,5571,790,10560,-7911,-195,6608,-1293,-1504,15728,3144,2861,16189,13893,-3027,4007,10542,-961,21366,10546,7796,15605,9893,-3631,15862,-4513,1181,7913,-5973,4480,17910,412,-1199,17418,-207,1363,11018,6412,-1099,11850,3842,1983,12686,8310,3500,11423,3467,3753,12070,-2616,4102,5850,-1321,1021,18692,-2601,630,7816,17413,-809,19346,6737,1342
14681,-2751,3500,11568,-5350,3161,18533,1997,-536,13176,4316,82,17595,-2017,1238,6961,11416,2547,21046,2993,4291,8095,5533,1529,10786,-7064,1736,5905,-473,-1795,17302,255,-38,13691,15882,990,8581,9675,-170,20232,9488,4195,13527,12604,-2127,17126,-4222,2669,6836,-6352,4916,18156,-717,-3662,18137,-514,1262,9499,9027,2898,12774,807,-2867,12449,8903,2361,12459,4101,8663,12605,-724,1785,6008,-2056,-916,16747,-3336,1880,7705,15145,3894,22147,6859,-5526,6658,12910,5216,17197,15078,4811,13438,-2841,-895,14020,-2954,3386,19228,-2669,2193,15293,317,-2134,8417,3283,-914,20255,-3813,-2178,10506,14748,2542,16812,4896,5421,7784,388,535,7785,-6786,4026,10281,-1144,-1666,14845,7489,-1271,15178,11978,-1345,6333,10835,3345,18435,10804,4422,19437,9145,1316,15172,-1874,6035,8861,-6887,1082,15379,2273,-2746,19899,523,3923,12337,3508,1435,10204,3363,3084,17155,8310,1683,10839,4879,4537,9952,-3030,1094,8924,-2899,-1797,16161,-2315,78,10877,16519,2319,16762,8062,-1933,11818,8040,723,11855,15084,4271,15002,-3295,-903,10976,-6262,4308,16648,43,-1818
9902,5718,-3610,14549,7306,3737,11694,4949,6169,9557,-5282,1050,9296,-3645,-399,14292,629,-1619,10556,15235,2200,19097,10228,-1668,13840,7242,1544,13773,16627,6802,12361,-1897,2510,13455,-5387,2920,12140,739,-225,23449,-4450,870,5441,12482,782,19843,-7503,663,8751,16362,5643,16478,1913,3163,9969,2070,627,11861,-6425,416,9040,-2794,-495,12018,9665,639,21470,10380,-2311,1324,10841,3122,19075,13126,3080,17695,5806,-2358,16003,-5070,3788,9582,-5541,4487,17914,-139,-6067,13139,4152,4608,16804,1982,789,8847,7873,-1691,13968,4758,5573,9217,5054,3891,12467,-3632,3448,6697,-924,-1245,18813,-1226,2373,8082,17850,-646,16479,7147,1671,17057,12753,3884,17728,12700,1921,11004,-3740,4463,12043,-6216,2797,17980,802,-2925,19986,-2957,375,5436,6539,-370,17040,-2832,-4225,11750,13953,3443,15930,4347,5416,9891,-2043,2948,7132,-5567,-2478,11694,-984,867,12760,11915,54,19977,11122,-5100,6971,9024,6917,15660,14703,5796,14938,2985,-207,16061,-3350,4320,11046,-3844,2908,20287,-790,-940,9427,6429,-310,19956,-5004,4288,6248,13723,-1275,20691,2956,5292
7983,-675,1394,14519,5112,918,15940,12130,-2776,5043,12145,3750,22693,13871,5316,16740,4846,-1309,14919,-2218,4490,12451,-6364,3597,14278,1609,-4553,20423,-746,462,12730,2704,918,8713,7046,-1586,15072,7457,2788,12190,3743,5737,7803,-4659,2452,9827,-4731,-1317,14688,2433,-2967,10625,13513,2142,17085,11902,-867,16350,6768,2981,14340,15226,4993,11677,-1461,3092,12589,-5466,3046,13213,1796,-1848,23358,-4485,2613,5334,12043,2672,19442,-7329,-911,9897,16669,3052,15857,2439,5092,10182,2538,142,11660,-7047,-920,9296,-3029,1700,11228,10272,1191,22169,9174,-4987,277,10173,2768,17337,13327,4173,17982,5233,-2129,16364,-4646,2319,9805,-5632,5751,17470,72,-5594,13241,4383,3502,16790,2238,476,8486,8430,95,13074,4016,6096,11131,4837,983,11565,-2247,4562,7422,-1370,-1426,17581,-790,1921,9921,15763,216,17177,6479,2200,14876,12308,4350,17765,14238,533,9866,-4099,3565,12514,-6301,5152,17228,1674,-3869,21239,-3480,348,3086,8328,1756,19216,-4566,-6119,9992,15080,3589,17585,3910,5776,9425,-1093,3333,6874,-6249,-2214,11003,-2100,701,13086,11888,1434
11826,13003,3408,17521,1523,-143,14038,-4589,3118,13449,-1890,-483,17166,-576,-341,8255,10046,2169,20483,-1100,-2063,9860,10015,3596,13353,3713,7922,10411,2831,524,11419,-4415,1215,7361,-455,1983,15832,2602,2384,14453,13145,-1999,6468,8536,1225,22255,13249,7288,17213,5932,-2710,12981,-1433,3507,10256,-5056,2739,17187,2312,-1069,20294,391,-907,9964,3492,-772,10165,4800,849,14747,8057,1558,14030,3486,4234,7868,-3414,3105,10061,-3906,1025,14917,-42,-2876,9484,13301,847,20207,10009,606,13467,6012,2958,10760,14106,3803,12872,-1124,1829,14054,-1383,4731,14197,275,-1709,19964,-2530,1242,6745,11994,3048,20125,-6244,497,8505,15045,3205,17136,1170,4337,10513,3937,1580,13088,-6750,-1481,7907,-3405,204,12806,8803,2721,20738,8662,-3574,244,9150,-37,15881,12347,5780,18987,4827,-852,14000,-2055,473,8955,-5080,4173,17748,1671,-1599,13665,3672,1644,16031,3213,-1479,9180,8688,2412,14990,3160,5701,8904,5107,736,13709,-3856,2559,5771,1051,2041,20239,-3367,1670,8212,16125,-3262,17650,5304,4869,14856,12480,4990,15461,11027,-2132,11617,-2751,4126
15658,4179,1168,15846,-36,157,8547,9067,2935,19229,4663,6097,9400,3837,-639,9794,-4745,1787,8853,-2245,-1445,16825,144,-285,12761,14589,1146,12889,7743,508,17073,7649,2902,11678,12946,-846,14619,-3701,933,9261,-4353,6751,18011,703,-3343,17482,439,450,7520,10238,2850,15414,-590,-2803,11882,10645,2200,14183,2201,8571,11007,389,3329,7989,-2267,-1252,17018,-3058,803,7900,14464,4108,22949,4145,-3995,3914,11522,4510,15061,13772,3889,15922,-2021,839,13941,-814,1397,17550,-2730,2359,13310,2318,-1329,11420,4008,-1248,19465,-1274,-2415,10593,12183,3907,15097,4891,3897,10398,561,300,8989,-5635,3073,10950,-1226,-270,14091,6243,-814,15010,10661,-2046,6039,9958,2701,17195,10825,6471,17734,5520,-1210,13510,-1705,6969,8987,-3740,1934,17730,3801,-2620,17940,2689,3725,12918,1757,-605,9307,6143,3258,18255,7172,3870,11408,3644,669,8985,-3412,2724,10454,-2652,-2145,16573,-370,-431,11769,14793,2930,13702,6361,-847,16536,8380,1422,11506,12426,2708,13499,-2530,368,9922,-6286,4381,16402,1714,-2000,18969,-399,1213,6444,9183,1284,14765,-768,-3194
8198,-6196,1377,10968,-2816,-3309,12987,11083,2375,19902,9550,664,3611,9678,160,15665,13334,2942,19147,4308,4921,13687,-2714,3693,9331,-5030,687,20823,652,1411,11590,9011,1679,19905,-4258,-1985,5676,12309,531,21236,2372,10524,9108,5182,420,10068,-7445,-350,7469,-2154,-2304,15847,4572,1989,16068,12832,-1093,4623,9095,-1069,21630,11905,5736,16113,9407,-976,15014,-3998,707,9043,-7486,3158,17256,1091,400,16501,717,2010,12608,5164,-1752,11248,4349,-73,12639,9349,4996,10897,3530,3480,12335,-3704,3153,6055,-37,1449,19719,-1459,2567,7685,16698,-3071,17310,6647,212,15502,13090,8130,16550,13355,432,12890,-5964,2622,9744,-4962,6877,19928,-164,-4474,18300,359,-3286,7309,3872,1625,15467,-1458,-922,12191,12550,201,17307,4881,5807,8138,47,3978,7902,-6048,-210,13835,-2007,-3810,10483,12306,2813,20338,10442,1365,8798,11180,-2799,15681,17067,6820,13661,-3439,3541,13459,-4450,1584,13475,-1194,2486,21718,-490,505,6511,8577,400,21673,-5943,641,8170,15443,4152,18382,3229,7394,10315,1811,-1082,10115,-6355,-1162,9563,-1741,-238,12806,9758,802
17392,-368,1866,12492,-1217,5103,18359,-7442,1984,13591,4045,-5939,13773,2295,3085,18205,-1645,-1444,10901,10293,-3444,14883,5558,8724,10775,2135,3593,7295,-5904,325,10139,-3384,-1475,12660,7720,385,15613,10539,51,7509,11673,-602,21058,14057,4094,19284,5532,5980,10296,-1970,1838,13575,-8874,3251,17456,4836,-567,17157,2881,1979,13412,31,-761,10044,8314,1359,19101,6375,9134,10615,3302,-1715,8583,-4638,-717,9410,-2514,1880,15125,2632,-1033,13016,12475,-519,7726,9338,2015,22673,12976,4843,14956,9655,-3695,13999,-4354,478,9867,-7708,6357,16942,358,-1941,17354,1480,1124,10486,5325,444,12612,3413,1449,11990,10385,1493,14787,2901,5429,9242,-1403,4822,7847,-2287,-1412,17809,-568,792,8662,16772,972,16411,6218,-1067,16602,13611,4103,16793,12446,3507,11070,-3950,3825,11341,-7094,4286,17001,-237,-3009,21554,236,-2138,7626,5245,2746,15389,-1086,-5102,11269,11043,1801,17068,4977,8875,9403,-569,655,7146,-5529,-688,14765,-1148,-1038,9450,13944,2598,19888,9182,-2325,11007,10618,-617,14986,17193,9392,14003,-5017,262,13326,-5406,3980,12613,12,3390
12516,9114,1193,12835,1841,5597,10875,-2257,5563,7470,-837,-3025,16379,-996,3048,10173,17597,2062,11768,9504,-3724,22393,13496,5874,13757,9090,3345,14596,-5238,2477,9574,-6240,3061,17148,-531,-3261,20196,1842,1032,11047,1346,-553,10667,3168,-2984,14249,9497,3737,15190,4959,8148,8573,-3802,-2545,7509,-4344,607,15426,1322,1610,9947,16614,-2612,17690,9188,-476,15030,12021,4370,16397,13946,4366,11601,-3883,4446,13497,-9974,3166,12694,2198,1359,22854,-2918,183,7416,10171,-4133,16916,-2658,3833,13089,12822,8002,13803,2262,1268,11315,-766,-635,8419,-3315,2588,15023,-2647,-4512,8696,16623,675,17841,7653,2871,13961,12608,965,12198,12848,1765,16053,-5127,-1779,9708,-6912,5764,14480,-816,785,19696,-1579,-2012,9242,7696,3807,15594,-1118,-2354,12458,14123,642,16190,3417,4313,9716,-123,9767,6848,-3238,-716,15847,-2741,-1664,8055,15609,5583,21529,8794,-4198,10089,14962,374,15975,12591,8293,13266,-5506,1751,12096,-4558,3946,19896,-1565,-2396,18545,-506,-1776,6756,5610,927,18234,-4642,-4802,13639,12983,3897,15335,6133,6204,9552,-1208,2087,5939,-4651,-1921
22933,11557,4319,11239,8989,-3678,17504,-8158,3383,8700,-3240,3610,19330,-3818,-2175,12857,2050,3967,15173,2428,-2414,11030,7792,2614,13993,8678,461,9596,2732,5857,12971,-3684,6120,6326,-526,-2271,17345,-515,1772,9172,19193,938,13343,9484,-1802,21650,14477,5127,15155,8819,2456,13350,-5798,4075,10687,-7676,2328,16693,137,-3930,20949,380,1107,10223,1418,54,10407,3616,-3138,14755,8821,3716,13821,5698,8462,9159,-3859,-3132,7571,-4794,1062,14767,2305,1745,9950,15387,-1942,15529,11159,-1533,16424,11948,5142,13583,14966,3851,13892,-4623,5457,11131,-9539,1928,13064,-333,1198,21346,-1749,512,10805,9714,-3186,16278,-2322,3999,13223,12081,8384,12389,3466,134,12739,-1660,493,7438,-3683,1414,15356,-1978,-3893,8114,17892,1762,19974,7478,1892,10539,12681,878,11772,12290,1282,16463,-3766,-1697,9880,-6362,5937,17009,-2747,1536,17169,-2551,-2581,9258,8594,1181,16305,525,182,14085,13003,1791,14723,2725,2955,9668,262,9241,7143,-3288,-187,13900,-2837,-3642,8647,15178,5692,21751,8528,-3437,7081,15795,1280,17184,12963,7414,13442,-3319,391,12226,-5354,4005
18686,-5481,3548,9484,14553,5226,15815,2017,1258,11097,2114,1605,9548,-5010,1220,11115,-3306,-3741,10097,15980,1444,22183,8942,2270,6270,12682,308,12061,13769,1280,17807,-1872,-854,11967,-6915,5151,14508,-3828,103,19385,-4025,-1069,7365,9166,2612,20217,-2219,-423,9696,14667,775,16872,1113,4673,7977,4185,7663,10686,-5155,-1207,7698,-697,-1241,11930,9554,5509,19934,11148,-4315,4569,15164,2427,20813,14433,5509,15876,1638,2527,13558,-5555,3581,15629,-7925,1501,16458,1029,-3537,14547,1274,1058,17539,-3430,-3276,9908,11933,-1921,16324,7194,10112,9603,2471,-219,6153,-6541,1455,8973,-3169,958,15538,7030,-79,12162,14431,-4091,8311,13572,3381,20291,13720,4903,19002,9686,1000,13527,-4581,5717,11616,-10856,3456,15639,737,-2718,18885,587,1605,12112,2376,839,11120,3680,4633,18507,8514,3668,9174,4522,2602,9883,-3556,1708,7467,-3008,-3017,15968,-117,-2392,10759,18561,3818,14077,10882,742,17964,11566,1107,12637,13243,544,17323,-4173,3023,9271,-8712,3753,16215,-4686,-1291,18368,-2412,280,8818,9439,1350,15529,-326,-987,11093,12531,794,13544,2784,7893
11486,11718,-2167,19494,13053,785,4970,11272,3300,18987,14976,900,20621,3586,5852,12370,-1017,5945,12431,-10822,1035,18166,1982,-4476,15120,2491,4658,17348,-1754,2145,6503,9019,-2025,20571,3883,6795,7879,7009,3205,10184,-6073,-1499,6419,-1640,-2323,16000,1988,3273,12788,16604,559,9476,10501,-2705,20708,10098,4689,14372,13527,384,16281,-4536,962,8730,-9214,3205,16682,-2619,2005,19038,-1532,-899,9922,8447,-1000,14319,922,803,11086,10624,3924,12572,3403,5799,11396,-740,3342,6395,-1976,532,16068,-1419,230,8142,15377,767,21386,7451,-2009,7800,16611,5936,20742,12012,4442,11980,-2303,-2443,13241,-5380,5672,19419,-3466,694,16388,-866,-3504,9482,2860,2091,19959,-3541,-1479,9776,13713,496,16787,5533,4679,8505,2881,3272,7337,-8029,2439,7590,-2581,-3075,14781,9648,-33,17670,13560,-23,5468,11780,176,18314,12466,3084,19156,7163,6276,14691,-3770,4920,10806,-9222,-306,17789,1499,-1832,16423,2903,4733,15516,-236,-1222,7938,7363,635,20166,5723,8529,8046,6519,1104,10175,-5788,-2781,6520,-1366,450,16546,701,1837,12220,16683,-1057,12484,9451,-874
13110,-3475,2518,15260,-7614,2493,15165,2349,-2729,16210,-1214,3224,15498,-735,-5337,8673,9777,-1590,16953,7676,9073,9083,3992,1259,7377,-7335,1633,9080,-2842,409,16101,3876,27,10639,15302,-3717,13836,12656,-518,19257,9273,10868,19165,12508,-699,11639,-2060,3711,11751,-8141,4236,13407,2718,453,22090,-5214,-2118,7533,8428,3156,16359,-3432,2936,13778,14164,1037,12289,2726,3967,9596,865,2038,10668,-5061,-882,12650,-3133,-1548,10128,14585,2059,22528,8822,-1071,2856,11588,302,14742,12789,3028,16561,2170,-816,14970,-7434,5510,13343,-3040,-243,18395,-3471,-2750,7615,8514,4626,20885,-1274,-2334,8734,11648,301,15887,1855,8911,7233,4962,2567,12341,-5106,546,5952,748,-99,16017,2728,4468,13858,14123,-2198,7510,11298,-988,24055,13664,8261,16167,7713,189,13417,-4135,1934,12285,-7606,3475,15878,1979,-1308,21373,-2038,-411,9338,3129,-1633,10998,4073,-658,14860,9842,5021,12537,4946,3144,8503,-5301,2309,8801,-3334,2267,13874,267,-3870,9786,15004,-374,19867,11023,1730,13656,7976,3316,16228,14942,3776,12763,-1271,3305,14555,-5166,4402,11850,-9,-1447
13339,2437,1832,12838,8631,3097,10930,3382,4425,13259,-414,3908,6465,-506,611,17011,-3402,-743,7704,15001,2212,22674,6479,-67,6316,14165,4501,18121,13038,1283,13807,-1854,612,13523,-2920,5370,18141,-3845,-2081,14820,-1153,-1154,9303,5266,2958,20870,-3565,-3883,9264,14090,-501,15990,5688,7287,9828,689,3021,7077,-6820,1299,10041,-3242,-2249,13904,9186,1443,16830,12148,-2381,6111,10427,-229,18584,11524,6857,19558,8798,3340,14614,-1980,3319,8775,-7599,1079,15584,3306,-1243,20201,0,4121,11045,2144,-2155,10548,3704,5360,16827,9576,3437,11586,4408,1829,9090,-2858,894,9574,-3469,976,15839,-2011,-823,11282,15481,180,18399,8206,-371,10140,9642,2564,13947,15173,1161,15682,-2465,-1199,10843,-5939,8563,15909,-1892,-3316,18110,-1970,-2204,6563,10391,4360,19065,-2352,-1504,10028,12102,2394,14831,1794,5287,9520,3639,5139,10688,-5021,-898,9398,-1314,-895,12815,8403,4417,18863,9573,-2243,3820,12699,2320,21042,13216,4633,17165,4273,2576,14683,-2594,2013,13117,-5917,2031,14586,2407,-2149,17890,-360,1962,14795,-215,-3603,8857,9181,-1497,15393,7480,7484
7695,-2993,-2234,13298,8330,3661,19781,11259,-2573,724,9908,-763,20206,13870,5226,18667,7054,-168,14553,-4372,1591,9005,-7598,2357,18677,463,-1809,14105,2323,3208,14778,2656,-2399,9508,7889,715,15005,5445,7989,8356,5132,1241,12832,-3862,2070,6593,246,2235,18930,-1908,1233,6761,17031,-2705,18848,6240,2680,13709,14398,6920,18679,12625,-211,11086,-3660,730,12079,-5320,7569,19569,345,-2800,18256,-3309,-3096,4826,5287,2035,18469,-3157,-2571,12261,15709,406,16501,3788,4361,8176,-513,6658,7906,-7367,-1814,10482,-1738,-2760,12483,12849,1048,21272,12445,-1582,5240,8675,2790,16537,13120,4105,16694,4569,5210,16732,-2895,3311,9429,-4308,195,20098,629,704,11708,5032,2565,18254,-4349,-311,7407,11636,-1302,19872,4659,9701,9425,4729,-785,9480,-6153,26,7485,-2328,-77,15938,1955,2928,14557,16085,-3233,8830,9200,-1407,20264,9904,8151,15048,12447,-2385,15989,-3791,-496,8438,-6902,7666,16912,83,-1744,18035,-1707,-1662,9136,8962,1485,13896,27,1000,11586,9923,2928,13095,2811,5036,12107,906,4011,6723,-2548,969,15541,-2309,-216,9561,14249,2525
[row took 90186us]
20538,8052,480,9642,-1058,2760,13838,-9930,5283,12939,6847,-1976,23320,-2394,-912,6951,5289,3706,13443,1274,3373,16474,11233,2098,13026,2786,4433,7074,-1523,558,10843,-4068,-259,15126,-912,-2864,11549,13542,2223,17009,7133,914,12323,9615,-468,14123,16223,1349,15347,-2930,2968,10330,-7412,3664,15300,-311,-2679,20444,-2177,1601,5207,10756,2691,19550,-2367,-4346,11041,13092,4363,14932,3566,5612,9261,841,3305,10081,-3678,-917,11461,-1189,193,12324,9966,5250,18706,8270,-5595,4368,10458,5400,20255,16973,7705,17953,843,-2726,11709,-2180,2116,17117,-7340,6080,13755,3876,-6007,14760,-175,2415,16305,-1319,-1923,10759,11195,-1890,15287,7649,6191,10609,1733,1323,6932,-6115,4761,11135,-3447,-847,13689,5388,-3266,13348,13545,-316,11717,11161,2368,20098,11556,4525,20603,9490,954,10620,-432,5825,14743,-9319,2636,12466,4822,-3001,22453,-2498,1029,7848,5856,4650,14035,747,1563,14704,10388,1841,13480,3218,5627,8590,-1978,227,9193,-3604,-2074,15655,-1161,-1487,10911,14938,4827,16107,7616,-2457,13428,10182,81,14378,16110,3707,15151,-3221,963,10120,-7741,3455
18429,-2519,-1757,11500,12646,342,16905,4992,3555,9524,1227,5283,7753,-6498,-67,11490,-2952,-3243,11132,12473,1422,20309,10627,1217,6356,9228,354,18157,14846,3472,17967,250,6373,11975,-2097,-188,13057,-4577,2342,19936,2079,927,11264,6584,476,19054,-3925,1515,8230,12645,1663,18557,3792,8722,11075,2868,-621,9605,-5646,-774,8635,-2818,-958,13763,6974,1495,17610,9596,-1724,2171,9910,772,20072,15019,4206,18066,5508,-608,13540,-4277,591,10390,-6948,5126,18034,2043,-1948,15115,3333,1458,14101,2611,-1397,10808,7431,1682,13407,6818,5245,11561,2199,1729,10387,-2746,5896,7085,-173,-429,16467,829,1270,12229,14430,-1364,10488,8147,538,21224,13046,7288,18951,8796,-3076,11313,-1750,5260,11919,-8278,5105,15019,2833,-6200,21833,-342,795,9313,4448,2501,13601,1862,-2764,11254,9907,1011,15985,3029,6987,7571,-2077,1493,9712,-4468,-1736,14086,738,-1775,10086,14673,2317,18162,9481,-587,15063,10470,1800,17999,13421,6115,11533,-2376,5357,15639,-8297,-263,10834,2810,2364,21384,-1757,-329,7987,8251,-8,18036,-1994,1385,12398,12864,4563,14529,3049,5677
10078,17451,-1329,11599,9300,-41,22659,13447,7173,15263,5518,-1091,13039,-3477,7715,11105,-5917,586,16422,1090,-6142,20307,1329,2577,11713,1288,442,10482,3995,-2483,13532,8814,2377,14411,3511,7788,8586,-2804,-1565,8554,-2967,-949,15514,841,1428,8950,16133,-116,16871,8726,-506,16298,11980,3428,15042,11741,3220,10787,-3268,7199,12584,-7743,-404,15177,1702,66,19383,44,3539,10498,6145,-4654,13638,-215,3930,15557,11242,6977,11568,2302,3939,12025,-2059,-1777,9499,-2319,-698,14987,-97,-1047,10078,15356,334,16991,6118,1506,12871,11174,1452,11967,12916,3837,15616,-3625,-3942,10110,-6375,5464,15218,9,1922,19126,-1123,-2226,8009,9370,1377,16153,-2069,571,12158,13408,1696,15775,2571,1871,10345,-415,9113,6461,-711,257,18512,-3737,-1233,6244,15989,4501,22126,5072,-3110,7623,15063,1619,14660,12090,5779,15484,-5399,-40,11351,-1506,6723,21267,-1907,-2373,15518,1261,-3352,8215,4862,1929,17910,-3958,-3415,13857,12439,2505,15094,4969,5132,9807,489,3714,6914,-4993,-1084,13075,-3201,-1731,10390,14069,3411,21023,7435,-3483,5651,10816,2792,14227,16411,3738
13450,2634,1047,13758,2428,-2431,9055,7645,4432,15803,8143,840,10422,3313,5168,13506,-3072,4371,5462,40,162,19248,-2625,1054,6820,18449,-1866,17232,7033,331,16341,14193,5387,14649,9919,2360,13693,-5100,3328,9465,-4269,4611,19397,-1145,-3349,19171,733,-2335,8401,4366,2497,12789,-253,-3526,14281,10100,1835,14936,5262,7747,10353,-1208,1284,6918,-4359,-1194,15249,-1482,407,8480,14967,1793,20356,9211,-2091,10673,9631,579,11016,16531,7542,15025,-4234,3237,12270,-4260,2933,14228,-1413,77,19612,-1135,2290,10369,11637,-3061,18589,-5408,519,9448,14299,9594,15527,1116,1941,13258,1282,-1202,9330,-4410,971,11335,-2051,-3019,10414,13481,3989,22367,5686,-953,3348,12022,2036,11143,12052,3142,16926,592,-4570,14151,-5254,2302,14141,-1142,4816,18050,-2950,-423,8131,9257,-2573,20094,-1166,3515,11960,13663,2939,13548,2315,1716,9849,1646,5939,9477,-3105,1566,11505,-1779,-1338,10546,7882,2884,17709,9867,-4067,5565,13100,6014,18948,14201,2074,16733,-1045,2709,13081,-1346,4732,16299,-5199,952,14648,2512,-4725,13103,2061,2396,19019,-3043,-799,10654,11981,-4573
9099,-3062,-2877,11882,12278,1958,21987,7824,1546,2430,12292,3889,13601,12158,86,17236,2872,-1890,14566,-5422,2139,12412,-3338,4175,18687,-3241,-979,9173,8439,171,19701,-1666,2194,10381,13862,104,14948,2867,3121,8192,3049,7223,11501,-4389,2640,8215,-780,-2707,13443,4730,3838,15900,12510,-3031,4507,13953,1475,21710,12793,5360,16102,3685,2644,14008,-2763,3620,12969,-6155,1305,15763,1481,-4255,17007,2103,4179,16061,-1992,-2991,9505,9203,-4759,13721,6960,9633,11557,2397,952,7788,-4179,-324,9796,-3778,2475,14858,4577,732,11034,13149,-4176,10609,12295,-92,20141,12076,7766,16628,11142,308,11924,-3595,6741,11175,-8453,976,15425,2387,-115,19206,285,644,11308,4615,-2052,12625,2279,6413,17141,10020,5327,9643,2728,1900,10843,-2198,341,9731,-2525,-1199,15743,-1171,-3204,9172,15757,2925,16215,7554,1862,14475,11348,1686,11726,13587,315,16519,-4019,-11,9766,-6839,6658,15971,-1605,-1404,18487,-1245,-1221,7643,8367,3114,14909,-368,-2554,12693,13946,814,15484,1944,6524,10301,1398,7246,7624,-4119,263,15146,-2068,-2170,8326,14987,4972,21343,7202,-3914
12463,-6565,5749,12667,-872,37,21393,-3020,-2349,8738,10372,243,20177,-6394,3840,8221,15794,4606,17691,560,1507,10545,4119,2774,10880,-6589,-1016,9173,-2948,-4220,10924,12612,3390,22199,9593,1692,2110,12494,1213,14381,12819,1105,17288,3821,-368,15745,-7228,3186,10800,-4461,568,19732,-2679,-1455,9525,7938,3712,19838,-1488,-1708,8943,12647,-243,15961,2373,8396,7534,3992,5062,11952,-6084,931,5898,329,-1234,14999,4452,3855,16009,13485,-3996,5434,13933,-298,23863,13931,8801,16257,6566,1351,14524,-4039,1255,12593,-8277,4047,15576,1761,-2863,19774,-457,803,12752,-370,-1491,9752,7483,-1345,15659,7885,5618,10962,4719,1432,8546,-5506,1553,8444,-3663,1831,15320,1973,-1495,9130,15004,-3029,14257,13694,2538,19517,12208,7083,18027,12086,-1492,12105,-3206,7762,12644,-8548,1819,13880,1310,-1254,19581,-2556,-121,9318,7043,1674,16561,-1912,4320,13850,12793,1353,11444,2674,4740,11477,-221,2666,9291,-4356,-3331,14369,-2433,-2530,8778,16907,4871,20952,7803,-2040,7703,12434,169,14582,13798,3513,15359,-81,-1111,12533,-9819,4136,13988,-2211,-104,19738,-3335,799
16437,5282,6332,9147,3402,3014,7652,-7890,3780,9066,-3665,-3816,13063,8597,-1314,16132,13310,734,6401,12982,880,19089,9932,3452,19325,8541,4665,13883,-1786,6500,10680,-8662,-944,16535,2307,-3303,18665,1989,5853,13629,2984,-166,10252,4500,1610,18408,6058,6843,8758,5160,2127,10199,-4105,-3416,7673,-1951,-329,17028,129,2538,10560,16490,682,13185,8356,-1990,16606,10357,4286,12457,12514,1748,15387,-3049,-2874,10245,-8087,5981,17151,-1078,1548,17630,-2094,-2235,8180,9483,-849,16031,1140,1724,12151,11938,3701,12653,1987,4141,11914,46,4604,6942,-2061,1514,16096,-2618,-2340,7709,13991,2003,21692,7357,-1373,6689,15571,5844,19065,11813,2851,12797,-2077,-1336,13150,-3429,5209,18856,-3850,-355,15464,-237,-2083,9854,3536,2623,20077,-3492,-2315,9900,13667,-809,16484,5725,5689,9538,2646,3352,7131,-7795,1901,9191,-3369,-2236,13524,10135,685,17832,11948,-1109,4427,12853,-392,17764,11415,4278,18507,7603,7035,15046,-3874,3725,9343,-7839,-123,18645,2091,-582,15680,3770,2690,15769,53,-1451,8236,8394,2234,19985,4770,8484,8082,5402,-207,9912,-6232,-1949
21363,7058,-1818,9257,14008,1862,17482,13863,7297,12812,-3675,-238,12159,-5330,2902,19187,-2291,-1447,16594,-518,896,7664,4173,-67,19293,-3441,-4596,10853,14044,4424,16661,5335,3994,9517,800,908,6896,-7518,1288,9935,-2312,977,13649,11047,-866,19264,12113,-3956,5915,10310,4473,13967,16304,4219,18677,1473,2955,13266,-2920,5168,11198,-6482,2783,20470,1334,-1630,11306,4885,-1560,19074,-3290,3293,6063,12589,1730,21612,2936,5769,7950,5248,1141,10038,-7062,2296,6821,-1228,-4222,15890,2217,938,15134,14632,1544,6101,11118,111,22298,10893,3664,13912,12270,-3333,16329,-5399,5078,8519,-8282,2965,17364,-1038,-2806,16922,-75,3270,11866,6830,1016,11762,3908,-3315,12849,8151,4442,10162,4799,8474,13304,-4079,2431,5245,-299,-1817,18665,-1943,1963,7168,16572,1441,19825,7672,-3210,12108,13919,4746,18132,14678,6944,12078,-4849,-1637,11483,-5778,4670,19694,-458,-437,18095,-2732,-1420,6343,4557,-1240,18937,-2852,-2108,11293,15304,4001,16418,4218,2624,8736,-381,2083,7125,-6693,2685,11291,-2007,-1235,12028,11897,-2786,20154,12214,-842,6109,10908,5474,17360,15491,2268
18244,-572,-1345,15449,1379,1996,14396,3998,-2483,9796,6244,1195,14137,6449,6870,9244,4414,2692,11728,-4011,1869,6564,270,1698,17909,-680,2359,8460,16765,-3306,15660,8450,977,17473,13779,8470,17698,12833,-515,11944,-5523,2815,11084,-6551,6716,19102,294,-2827,19002,-2030,-3830,6939,3902,1768,15851,-874,-1399,12515,12745,843,15930,4777,5740,8194,-1278,3963,8432,-5482,-304,11568,-2151,-5131,11114,13863,5218,21892,11473,-1521,6233,11192,-2056,17960,12917,8666,14061,1665,2665,16478,-7317,3036,10653,53,552,22367,-3710,1529,7334,10529,881,21489,-6820,-689,7427,15089,4815,19410,2362,8374,9626,3553,-1470,10290,-7039,-1734,8089,-1643,-85,13275,8735,982,19560,10860,-1878,2163,10312,2508,18829,13607,2403,17358,6637,-325,15067,-6641,1060,10299,-6213,5364,19602,303,-2854,12872,3109,2132,16449,1342,-1441,9500,9971,584,15489,5551,6113,7519,3536,2624,12222,-5025,5209,6289,1269,-346,18489,-333,787,8962,16640,-2506,11551,9090,1943,22120,13112,8443,17511,10465,-3386,12077,-4806,6530,11176,-7819,3083,17289,2251,-4999,21098,-2079,-253,7487,3651,2524
8957,-2130,-1625,10216,-2851,1906,15736,-520,-2063,9935,13902,96,16195,7000,2326,14598,11325,1649,14038,13929,858,13728,-3402,-1281,11135,-8191,7506,14691,587,33,19663,-1156,-3168,7037,8725,2917,17034,-343,-1098,12185,11864,1955,15539,3560,3962,9083,251,8069,9209,-3271,739,14975,-1908,-4578,8974,14682,6333,21381,6117,-2019,6998,11394,597,17647,15130,7450,13643,-2964,-2345,11915,-3345,5028,19780,-3590,-375,16862,1989,-1939,8487,4282,3040,18941,-3267,-4273,11429,12183,1495,16949,5592,6427,9799,1422,1338,6932,-6707,-678,11246,-2871,1137,12061,12163,1045,18849,9432,-3282,6394,10558,2480,16441,15676,5962,18766,-638,3983,10958,-2655,-193,14200,-4846,5117,20084,3673,-300,11830,6171,-2858,18053,-4189,2849,8520,13337,5137,19030,2883,6542,10513,3039,-2461,9480,-5230,2004,8928,-2388,-686,13982,7152,-3090,17382,8724,1519,3028,11718,4077,19311,13099,320,16360,4623,-1309,14049,-5129,3024,11381,-4566,4530,19605,1030,-4218,12918,4582,3983,15494,1449,590,11163,8397,-1390,12164,6441,4539,11534,1283,4692,10921,-2760,6014,7712,-419,-3415,15707,3027,2900
13681,-4130,2029,13700,-7223,3431,11584,648,4221,22421,-2155,-3352,7506,11214,-643,19567,-5200,1978,11449,14817,7849,15897,1775,2889,10868,5,-1175,9003,-4673,2551,12757,-2006,-4037,11575,15381,510,19048,6204,3138,10381,11789,1939,14451,14114,-267,14630,-3258,-727,11099,-7659,4717,13673,103,608,21855,-2143,-260,7527,9869,1732,17531,-2036,-834,13267,13362,2759,15717,3831,1478,7972,-399,9246,8665,-2859,1558,14235,-3642,-4035,8994,14143,9424,21233,9160,-5678,9672,14713,-1719,16551,12426,9920,13959,-4288,-709,11468,-3830,5222,20522,-1939,-531,17288,-79,-1862,7394,6560,-21,19391,-5104,-4682,13468,12765,3000,14988,5205,7416,9515,-1010,1687,6117,-5138,-689,12559,-2899,-1089,10728,15102,2443,20523,8691,-3428,6956,10196,3504,14988,18751,3638,16914,-4022,4033,13543,-5117,4515,12894,-2002,611,21497,-1194,469,8227,12187,-2133,21878,-7251,-197,7389,16148,9346,18921,624,4458,11231,1357,-1968,9035,-4926,1478,10222,-2483,-3732,11549,12096,299,20884,8610,2561,6602,12449,3838,15139,12948,238,13383,-1189,-2624,12712,-7040,2300,14716,473,2105,22455,-826,496
9951,2682,2685,7590,-6674,1017,9334,-2570,-770,13842,8913,-859,16371,12613,-1738,4980,12265,1722,20210,16249,3964,17932,4911,5344,12864,-6276,4947,11145,-7380,614,21424,-162,-199,10910,8517,511,20154,-4988,-2560,5788,13497,4312,22997,1620,11203,8042,4448,-1741,9840,-7335,41,7765,-652,-1058,15461,5266,-1531,16286,14565,-346,4326,11722,3397,20590,12856,3436,12974,5419,-3156,17363,-7973,2528,10945,-2303,2913,20389,-3839,-242,8988,4650,1987,19575,-1460,-2393,9742,12559,3950,15733,4765,2077,6916,2400,3573,12983,-4745,7553,7435,-53,-2476,13980,3977,1518,15217,15977,-1790,7722,13536,382,24164,13238,5248,14315,3684,1605,14675,-5381,4522,14175,-6400,5201,14439,1553,-7518,17577,1529,2962,16596,-2323,-1531,9149,8352,-3653,14294,6621,6762,12015,3457,6214,8334,-5134,-1012,8377,-3510,-374,15293,5810,894,12782,14799,-2096,7090,13032,-47,21356,12843,4395,17717,9568,4787,12716,-5825,6796,10545,-8227,-785,18501,-387,-1255,14594,5157,5521,17160,362,-5018,8688,7848,3531,21551,3945,10792,6969,4747,-243,11767,-5936,-3128,7018,113,-289,17152,1388,885
11998,-6544,338,10661,-5134,7971,20441,-1602,-1764,19201,-2865,-5036,5812,4707,2572,18417,-4727,-4437,13057,14870,2234,16521,4128,5379,8548,731,4981,6966,-6248,-1342,10469,-1884,-2435,11023,14882,2125,20975,10016,-1127,5927,12955,297,18002,16335,5394,14416,603,6186,14798,-8220,2777,10920,-3033,-1286,23744,-4730,692,8918,12660,1213,21460,-8615,203,5932,15978,6336,20385,1408,6397,10615,3704,-1557,8835,-6329,-865,8164,-2773,-1040,11666,12150,894,22267,10434,589,3725,13992,2285,14687,13711,2834,16229,2378,-2572,14734,-7799,1730,12434,-3018,3758,21845,-4556,788,7528,6841,-1040,20950,-3241,1857,9179,15296,1247,16710,1644,2633,6318,2870,5020,11195,-4207,6341,8099,138,-3291,12810,5843,2125,16298,14063,-3210,5721,16201,2167,23668,12899,5235,13652,3890,-712,14795,-4971,7012,15825,-7878,4028,15486,1261,-9024,16425,-170,3748,16375,-3408,-8,8985,10438,-6041,16139,6254,8777,9214,4257,3240,8324,-6757,894,7315,-3353,-1305,15945,6295,501,12534,15723,-1049,7318,13322,-219,21122,13968,4155,18307,10002,3649,12627,-4649,7634,11712,-10761,-1451,16199,478,-1782
15004,5043,5065,6858,2877,4161,11377,-4412,6800,6140,741,-3343,17352,2053,1589,10830,17388,-1150,9390,11635,589,23304,14045,6435,16500,8417,115,13072,-4371,5709,12698,-8336,1731,16222,1227,-6410,20986,-2660,3302,10101,750,610,12223,3487,-3686,13265,10699,3921,12425,4543,6979,9124,-4662,-809,7885,-3933,-160,13134,2499,-443,11155,15823,-275,16650,11495,-2792,15001,10955,5460,16704,15579,4292,13302,-3232,6439,12981,-10436,1119,12006,1786,1074,22168,-4408,-1042,9107,9043,-923,17489,-4763,3182,11064,14201,5284,14989,2133,2812,10800,1199,-249,9125,-4287,761,12223,-1953,-2549,9879,15524,1865,21048,7807,487,6069,12830,1626,13297,13508,869,16829,-493,-2939,12758,-6893,5968,14794,-4230,2151,18532,-3432,-1722,8348,9356,1510,19582,-1876,1537,9786,13639,714,16417,1206,4113,8626,4408,7234,10572,-5012,-331,8697,-1384,-2388,10580,9950,4203,20088,11406,-2856,4741,14805,3596,19410,12579,5081,15676,1478,3276,15220,-3563,2234,15762,-6663,775,15149,1099,-3491,15236,1418,2616,17853,-3411,-3007,9443,10635,-1547,15389,7206,8641,10531,3548,450,7286,-6035,1303
4210,11370,-751,22299,12115,3577,14677,9906,-3006,17548,-4799,4165,8198,-7674,3074,18228,-1824,-3693,16268,1198,5668,12511,5192,-1016,11616,4223,-2458,11659,8338,5076,12350,3071,7129,11004,-2642,1111,5985,-428,-1858,18167,298,4094,8909,15947,192,16066,7204,-3198,16025,13684,7268,18388,15178,4236,11827,-5734,-241,10739,-6755,4921,18673,331,-331,20963,-3181,-1585,4808,5046,-2230,17805,-3078,-2421,10452,14801,4830,17602,3611,2361,8423,473,3762,6907,-6437,2805,11914,-1555,-2378,10988,13218,-1863,20539,11956,-1641,9348,11177,5777,15137,14822,3207,13608,-970,2625,13999,-4462,5444,13293,-2446,-770,20849,-1592,-1010,10427,8032,1320,19859,-5999,4915,7265,14529,2221,19267,1566,3594,9946,5552,2275,11492,-6777,-204,6640,-2099,-4403,12641,7733,3134,19624,11206,432,1507,12631,-666,18227,12224,1912,16828,6706,174,17091,-6693,3957,9168,-5536,2472,18717,-3046,-3154,11921,4984,4453,18691,1160,-3157,9485,9694,-902,14964,3826,8151,6981,4432,3341,13058,-4656,2010,5229,1504,-262,17848,886,3903,10850,15489,-3366,10836,10099,36,22480,13501,9697,17308,9844,-1095
21366,-3669,493,8886,9821,1582,17394,-4441,436,10979,12922,4941,13647,2883,6267,11946,1504,-1557,9385,-4723,-2142,12556,-2210,518,9815,14332,3130,22403,7059,-3100,3928,11388,1706,13384,14196,4665,16929,1598,-4125,14217,-6919,3281,14159,-3109,3957,18433,-2433,51,7949,7342,-1739,19931,-572,482,10328,13172,3885,15494,1832,4303,8373,3600,3013,11653,-4482,3192,8454,405,-562,11987,5420,473,16749,11780,-2438,4990,14021,5132,23704,11902,4528,15035,5033,-1032,15148,-3123,5143,13654,-7547,3123,14688,1809,-6486,18743,-1478,4085,14144,271,-623,9717,8565,-4492,15082,7670,4623,10671,5012,4591,8525,-6377,2089,9157,-4253,-1693,13779,4311,-332,12139,14491,364,12667,12835,-2050,18991,9091,5568,17633,13712,3177,12268,-1895,6875,12075,-10373,-445,13065,2932,828,21927,-3424,1256,8678,7251,-822,14486,-2892,2030,12992,11997,5832,13339,4668,4175,10785,-894,-1043,9668,-4323,-518,13609,-1250,-653,10436,14275,1366,20811,7617,-1696,6933,12332,2706,13754,14406,3716,16085,-370,-5034,12543,-7688,7386,14738,-1977,1499,19280,-3627,-1960,6216,8753,80,20540,-1365,1392
7246,-7717,2066,10619,-2461,467,13281,7062,-356,13777,12976,-3354,9311,11761,1360,20271,13241,6278,19952,9471,875,11250,-1844,5315,12358,-10536,3355,15271,5070,-2210,20836,-2294,1378,9694,3988,-153,11540,2801,5055,17668,8873,4402,10879,4437,1686,8800,-2924,756,9036,-2948,-398,15615,-301,-3255,10741,15078,3101,15601,9262,1301,14763,9925,915,13709,15067,598,15359,-2989,677,10266,-8939,6258,15917,-414,-2104,20007,-3205,-302,6155,9355,3262,16674,-900,-3834,11791,13276,2688,15565,2884,6903,9772,1095,5246,8113,-4850,-609,13337,-1153,-1060,9479,13203,4413,21169,8349,-4473,4655,13884,4878,18155,14327,7007,13872,-337,-1612,13792,-4927,2438,18744,-4052,2741,15616,958,-2863,9833,340,495,19637,-3902,-2465,10617,15106,684,17918,6077,6699,6746,2416,45,7596,-8929,4073,9973,-1619,-158,14293,8031,-2477,15222,13136,-2776,6154,11757,3759,19559,13345,3035,19446,7323,1965,12743,-3094,7081,10898,-8258,3312,18061,3065,-5462,17564,286,3756,12960,1124,625,9571,5649,2216,19025,6880,5560,9500,5095,1052,9066,-4671,1788,7896,-2751,-2317,16236,359,-1109
17582,14571,3742,12282,-5984,-1332,9928,-6398,8227,19854,-55,-2142,19344,-1061,-3747,6458,3479,750,16359,-2223,-1072,12869,13231,1977,17010,5572,2586,8498,255,5128,6953,-6099,986,12696,-1870,-4005,11426,11396,157,19170,11400,2786,8240,11838,-902,17756,16831,3959,14819,-2161,5131,12335,-4889,1674,14444,-3162,1809,21316,1090,-544,8243,6815,1938,20526,-6107,2499,7655,15104,1011,19405,3562,9360,9529,2452,126,10004,-6807,-2048,8974,-1972,-801,13014,9279,1725,19256,8801,-1319,1959,11368,694,18231,14889,2099,17667,6265,1441,14610,-6444,1345,11079,-6605,3319,18105,1624,-857,14490,2496,2386,14447,1714,-3255,11057,8142,1721,13203,7140,6410,10746,1901,1517,10006,-3198,5168,7211,-174,-307,16725,1645,1908,11546,15109,-2520,10730,8824,1204,20965,14315,8339,19718,9472,-3674,11706,-3172,4669,11099,-9079,5719,15534,2592,-5620,22021,-1928,-352,9255,4320,3205,13586,2189,-2426,11447,9598,789,15306,3764,6886,7881,-2189,2221,9402,-4760,-1469,14095,915,-3554,9187,14200,3318,18957,10755,1017,14445,10612,-1338,16878,14114,7617,10800,-2849,4702,15880,-7980,1496
11534,5750,2952,13169,9028,2654,12598,2724,3403,11007,-2274,5132,7464,-1164,112,17977,337,377,9363,16283,-217,13649,6794,28,19603,14638,6201,18124,9623,-1040,11117,-2848,5089,11186,-7516,4449,15363,1073,-3928,22140,-281,-1078,9222,3747,2923,13194,1151,-2889,11512,9696,-401,16112,4009,8642,8799,-1200,695,8447,-5058,-926,15652,65,-921,8648,15372,1420,19366,8975,38,14137,12098,-740,17248,14065,8215,12023,-3332,3652,14152,-7554,2020,12340,1907,1629,21970,-993,-320,7567,8011,-1024,17531,-2147,1231,13133,12901,7018,14041,2786,4165,11515,-1122,-2093,8334,-4574,1194,14564,-909,-2085,10779,14637,1117,17778,5454,583,12380,11750,1527,14199,14399,3569,14145,-2913,-3806,11072,-7663,5274,13492,487,2338,21159,-1490,-1188,7984,9136,291,16869,-1269,-827,13495,14202,4786,15703,3479,263,9559,-1285,8366,6358,-2066,2620,16997,-3205,-2919,7506,15693,4070,21538,4880,-1495,8923,13864,2543,18649,15120,4105,13745,-5174,-1279,10617,-2437,7777,19933,-4099,-768,18315,459,-4719,7466,6011,3003,18461,-3473,-3087,13063,12448,351,15329,4941,5559,11048,356,5251
5054,12085,2518,17216,14738,3391,13395,2628,-1742,15349,-6964,353,14277,-2162,3052,20111,-859,2079,8585,2725,1237,17229,-1252,-3318,12307,13407,2786,15421,4873,6696,7463,2581,-164,11025,-5605,6993,10652,-83,534,11159,5181,168,17820,13015,-3907,8467,14488,3114,21717,14609,6156,15033,526,533,13894,-4026,3603,16797,-5709,6128,14314,2057,-7685,13796,2204,-642,19216,-3612,1900,10170,10090,-3441,13831,6877,6839,11459,2073,4039,7245,-5217,1327,10061,-3496,-1291,12999,6771,-1290,15743,14387,-427,7315,10991,2594,20437,16678,811,18797,3978,5113,10575,-4002,7249,13256,-7766,265,20076,1019,-1062,10773,6766,1057,20894,-4496,-1619,5351,13460,2134,23448,2487,11411,7689,4155,727,10035,-6505,-1934,9384,-1687,-1310,13780,6449,-1035,17801,12371,930,4241,11067,912,21530,14584,3619,12548,5757,-1271,16157,-7404,1499,12359,-3915,2071,19425,-2459,1550,8004,3907,2643,18960,-1465,-5383,10465,12351,4143,16107,6053,4425,6684,2716,1969,12937,-5289,6981,9076,619,-343,12982,3326,2203,14973,13557,-4312,8000,14321,-767,25311,15895,9127,13567,3810,134,14809,-6246,2308
[row took 91557us]
11881,4498,1292,19850,6893,6609,7506,5266,4791,13377,-6190,-2258,5478,-1242,-2720,17022,-747,-1260,9390,19035,4734,11464,10256,-1197,22469,13070,1152,9401,11897,1799,19445,-7542,-591,8297,-6342,2127,16736,-4510,1077,15398,-212,3397,15178,3789,-2863,10769,5513,1356,14710,10256,3565,11056,3884,5520,13195,-4590,3174,4705,-346,702,18402,-938,1845,7014,18803,-1767,16322,9938,-2452,18900,16603,7170,16270,12320,3384,14118,-7229,303,9025,-8078,6328,17654,-1460,-106,21960,-2559,-7080,8120,4026,2491,13539,-719,-809,14438,10612,1769,14189,6029,4870,11013,-2143,4194,5880,-4570,977,14063,-2017,-3077,7554,16672,-1238,19481,13343,79,13245,12895,3916,16782,16639,1038,14692,-3476,8760,12043,-9400,4010,11544,-1897,-1658,22686,-6196,-1115,10077,13392,1851,19920,-6759,-200,9502,14018,6564,14748,2180,5303,12751,631,414,8024,-4708,-1718,11930,-3096,-4154,8333,17923,5778,22793,8563,98,7343,14244,-2397,12656,14362,4813,17026,-548,-919,11591,-8820,61,14634,-3049,4148,20986,-5422,1393,7547,9298,-1963,19430,-3341,-1121,11273,14878,4584,16082,2662,3441,9534,930,4439
19833,12385,1024,9867,11426,-995,17593,16551,4141,12842,-1781,7005,13954,-9783,3970,11171,-1682,-1840,24192,-5435,549,8525,12392,1922,20467,-8351,-112,7990,16273,5436,18386,2461,5368,11150,3420,548,8796,-6387,-2604,9712,-3530,-1843,9863,14972,3732,22948,9456,-1018,2911,13514,1454,14151,13917,3876,16589,2915,-1892,14959,-7613,1031,13010,-5276,4035,19531,-4889,1333,8481,7229,-1681,20410,-3546,836,9952,15718,2824,17043,2187,3823,6593,3533,4899,10647,-4925,4072,6863,582,-1472,14015,4818,1256,15382,14599,-5063,5133,15468,3797,23268,14150,6347,15314,4982,-1248,15294,-4133,5559,13669,-8651,4065,14808,173,-6531,19094,-1430,2477,14668,-1049,955,10016,8371,-4667,14999,7329,5447,10039,4515,3945,8487,-5711,1180,8392,-3600,-467,13585,3920,-1809,11568,15645,108,12802,13095,-468,18958,12485,3957,17742,12321,3243,11373,-1296,8684,13987,-11885,-1277,11978,1316,-197,21299,-3178,1749,10985,6331,-471,14299,-1261,2691,14991,11653,5867,10526,4193,5816,11800,-1674,-1308,8225,-2952,-2187,14454,-1242,-820,9423,15830,1921,18864,8548,-2206,9612,12035,3134,14084,14968,2993
15146,-298,-429,8919,3285,1519,19414,-4012,-3430,11860,13404,2257,15872,5990,5498,9786,2483,958,6796,-6919,-380,9423,-3144,1749,13105,10773,768,18686,10923,-4814,5715,11185,2888,11766,15326,5093,17958,3150,4275,14384,-4233,3057,12171,-6440,2661,19185,1949,778,13418,4725,-1797,16785,-3459,376,8371,12698,4770,21309,2812,6702,8300,5486,-572,9951,-6065,1109,6547,-573,-1372,15740,3186,-54,14850,12836,-939,3288,11558,1582,21176,11443,5258,15321,8905,-6429,15778,-4290,4904,8486,-6750,4340,18167,-2402,-1549,15985,641,2175,13599,4660,810,10036,6528,-677,13361,7372,1662,10689,4516,7652,12384,-2636,3718,5441,-170,-2196,19631,-1829,2677,8037,17536,-452,16793,7541,-503,16183,14118,4818,17080,11472,4799,11367,-3659,2475,10750,-5928,2462,19235,-1262,-2428,18652,-877,445,7278,3579,-93,16071,-1899,-3143,12330,12478,3465,15679,5676,4417,9775,89,1200,7201,-5747,1054,12808,-1324,946,10622,11698,-128,20102,11411,-4849,9597,10229,4684,11197,17065,5267,14428,-2591,1565,12888,-3991,4408,14161,-2495,1820,20171,-921,299,9536,8070,-3141,19705,-5918,4869
11422,-5714,-49,9069,-1226,1750,10894,7020,3566,18810,9014,-5135,5040,14363,2608,19216,13899,7000,16750,2891,1983,14513,-2475,1028,14247,-6620,4524,14508,2949,-2900,17179,114,-630,15527,-1869,-2379,9985,9711,75,15171,7288,6145,11074,4173,260,8326,-5829,3692,9382,-3261,1853,14146,3354,-1923,11885,12391,-2953,9754,12422,2633,19731,11282,5274,18692,10740,-1519,12774,-1396,9002,10561,-8137,2107,15961,995,-2588,18200,229,1905,11866,5330,970,12814,2456,4528,16166,8805,3046,10227,3992,4105,10874,-1518,243,9583,-3571,-3226,15750,-1350,-1097,9776,15830,3796,14657,7976,71,16104,10222,549,11269,12712,2401,15504,-1255,-795,10965,-6908,4205,16130,-2901,255,16568,-1840,1259,8805,8046,-139,14924,1266,-2525,12383,12625,3684,14186,3469,6467,12117,37,4328,6604,-2762,755,16904,-2749,572,7314,13809,2155,20966,6807,-5512,8742,15331,4363,17102,13675,8296,12770,-3183,-4201,11846,-3815,3898,19874,-3074,2886,16035,130,-2207,8519,3323,-1299,19255,-3968,-402,11186,14055,2669,16899,5395,2253,9868,2980,1777,7014,-6988,3385,10457,-4521,-25,11348,11126,-2138
17418,2199,-1620,14721,-5633,432,12463,-3446,3400,18963,-2754,1688,8309,6320,-329,19831,-1221,-1321,10516,14114,3869,16084,3368,4782,7837,3149,3205,11605,-5165,3514,8479,-351,437,12478,4944,909,16459,10976,-5285,6265,13753,5619,20911,13950,5271,16772,3351,-447,14735,-2325,4955,13816,-6291,3967,14763,1666,-6117,17231,-381,1263,15380,-1019,361,10702,9149,-3073,14420,7800,4207,11096,3317,2866,8194,-4841,4371,9419,-4569,-993,13513,3557,-1263,12801,14361,-275,10434,12063,651,19271,11778,2568,18424,9612,1210,10822,-718,10366,11915,-9069,-464,15367,1077,-1840,18265,538,3321,12552,4054,-890,12408,3505,2804,17303,9143,6150,9061,3776,5360,11402,-2905,-2515,8732,-3155,-3868,16260,-147,1853,9383,15169,1809,13710,6901,-225,17295,12227,2918,11965,12801,1540,14805,-3005,-1992,10151,-7502,4243,15887,-1504,2781,17858,-1729,-242,8076,7414,-2198,15064,1656,737,12366,13955,3555,14571,1621,3937,11096,-555,6730,6758,-1562,2401,18602,-2645,-1590,6156,14966,549,20769,5518,-2332,10131,16035,4313,18047,12589,4861,11525,-4255,-1678,11757,-2739,7802,21028,-2700,-1140
15799,11449,6474,10985,4087,4727,12387,-2440,-1979,8513,-4504,68,14940,-1099,-1309,10156,15738,1334,16297,8241,-564,14383,10295,2166,10727,12539,3918,15724,-2477,-4511,10961,-6189,5979,15081,-1368,2798,18293,-3275,-1911,7751,8820,-1002,15722,328,1653,13052,14303,2479,15279,2282,2334,10871,266,7290,6351,-2389,2638,17179,-3187,-1160,7490,15070,2325,20880,5281,-3106,7692,15161,2786,16348,14215,5698,14269,-5326,-1591,10373,-2175,8355,21432,-4145,-1892,15738,616,-3948,8280,4096,1749,18123,-4347,-2890,13001,14448,1966,17052,5281,4927,9149,2205,4968,7287,-5909,-1353,12224,-4886,-2793,9110,13252,5678,21804,8062,-3886,5750,12642,-557,16616,16880,5598,15791,-553,5716,15383,-5379,2073,10051,-2741,1056,23465,-2794,2096,6749,11902,-339,21730,-7909,-2729,6824,16447,7247,21109,2434,8468,10949,2782,-2939,7944,-5831,-445,9662,-3057,-448,13398,9957,89,19615,9602,-479,4036,10517,4192,14815,15521,514,16365,2947,-726,14891,-5931,572,12252,-3603,4306,21206,-2026,794,8653,5639,-1211,19326,-2613,344,9374,14652,1119,16754,4416,4726,6685,2620,3043,11501,-4854,7402
17686,14755,864,18900,14504,6121,9514,-3579,4353,14991,-11499,2556,11690,3369,176,23446,-2949,478,7198,7382,-415,15632,-540,999,16051,12383,6873,12577,4357,5029,11390,-4408,-3663,7066,-4606,1840,15820,21,-2155,10023,16221,127,13427,7478,1233,18375,13263,1456,13495,12395,2834,14950,-4272,-1939,9412,-8147,3621,13643,27,1821,19666,-1916,84,10161,8215,-1380,14830,1372,1471,14044,12164,4571,14658,3914,1222,10329,-2634,6830,6014,-1662,1013,18038,-2567,-592,7071,16520,667,18439,6770,-1748,15625,15501,3146,18928,11792,5093,11890,-4473,1134,9907,-5583,7424,18590,-1781,-1343,21038,-848,-6202,7721,6013,2770,16208,-950,-1462,13494,11087,116,15338,4931,6876,10147,-1188,5202,7354,-4028,-3607,14571,-2047,-1251,7567,14771,1684,19431,8988,-477,12686,13136,-95,18817,14825,6112,11808,-2907,6432,14495,-9405,1365,11944,1296,1617,22826,-2999,-1083,7136,10454,1191,18629,-2693,-437,13515,12824,7081,13852,4046,6410,12330,-2467,-4222,7502,-4380,656,14695,-986,-866,10150,15892,767,15460,6519,899,16673,12580,494,14448,13571,2832,14005,-3756,-871,9162,-9054,2126
14268,8704,1621,14086,4456,3345,10459,-2258,5140,7596,-2967,-979,15370,-338,-1579,8302,14770,-1633,16488,8100,2480,14645,16158,3286,19512,10041,1164,9995,-2914,8162,14834,-9527,3936,13538,1799,-3993,20909,-130,1199,10907,6621,692,14216,3528,2190,17217,8921,6080,11426,3850,4873,12292,-3785,-688,7608,-4709,-1647,14827,1534,-4258,11702,15545,3025,10029,9386,2996,22280,14186,41,14499,7053,-470,15281,-5719,4023,9205,-6255,503,14624,-757,-1582,14921,1867,8089,15780,4092,-5595,11129,6011,-486,14837,9497,6179,12717,4433,2792,12791,-5968,6323,4873,191,1184,17236,914,1033,11391,15088,-794,10782,11287,-5429,23177,15940,7945,15753,4513,4314,13753,-6574,1547,9108,-4854,3173,15841,1541,26,18888,2839,-4683,14961,-1672,-1126,9323,6612,1002,16213,8044,4547,13319,3326,3172,8395,-5171,3092,8658,-2677,743,15164,4262,-2096,12228,13598,-4150,10225,9926,2775,20886,18148,3843,16909,4855,2261,10552,-5627,5533,12507,-6832,6206,18983,1662,-3247,12807,6464,-847,20265,-1547,-1480,7427,11466,4669,21627,3050,9213,9714,4706,-1747,10834,-6713,2930,8230,-3783,-2994
10917,-4373,2907,8453,-5735,4487,19640,-1121,-1507,19527,2842,-1299,9068,4147,-1904,13738,-462,-1597,14957,9184,2314,14878,5103,7771,10987,-2657,57,5939,-2668,-210,14983,637,1370,10002,14168,-2080,14086,8490,-704,18743,15189,3844,16450,12639,3329,13881,-6551,9615,8176,-7219,-1826,18190,-1314,119,15870,4894,3861,17448,2821,-6055,10371,7329,2777,18988,5833,12462,9362,4485,1931,13809,-5284,-3113,7492,-3586,957,15305,1861,-4369,12687,15663,-967,9754,10399,4658,20861,14443,4078,12357,4388,-3131,17874,-7524,2102,10262,-1378,2697,16702,-2116,-270,11387,2980,2820,18586,654,-4542,10525,11037,5612,15218,6754,2053,9076,2482,1251,13623,-5638,8322,8789,-822,366,11879,5650,-355,17449,13126,-2019,10750,13558,1430,20084,15216,5444,14873,-518,1249,15259,-4251,2125,13730,-4722,7058,11691,1766,-4770,15501,3175,-3085,20507,-1175,518,9415,9078,-660,14131,5372,4307,12345,2003,5197,7696,-4861,1243,9907,-3672,-2272,14477,8622,1086,15200,11300,-2316,9423,12967,2322,18833,15642,2832,15104,969,5192,11727,-5443,7400,16030,-3864,-927,17033,28,-979,11741,10348,924
4548,612,109,15735,1340,2927,12504,15256,-1734,11364,12348,-4952,22130,16487,8353,16083,2410,2550,14204,-5786,2475,10939,-5573,3599,14174,2042,-1455,18387,1534,-2342,16736,64,-3171,10071,7944,-854,14909,6351,7222,11865,2562,2897,9580,-4897,1506,8881,-1608,1900,15485,3494,-2192,10954,12854,-5472,10253,12471,3779,20782,17715,6322,15394,4398,2222,12238,-8088,5758,13752,-4656,3361,18472,-551,-1953,11480,8543,-2677,21034,-2916,998,7298,13073,7419,21868,2161,6636,9445,4814,-1818,11139,-7650,2584,7214,-2562,-3880,15553,6400,-3752,17317,14242,4863,9048,11816,5378,15159,12877,-2680,12964,916,160,16189,-7004,2174,14918,-569,161,17481,-3315,1864,7433,6415,1494,21523,-463,389,11465,13032,1983,15392,4152,1631,7062,1271,6855,11222,-5022,3540,13548,-1965,-3370,8168,11732,7111,20032,10660,-4106,11769,15422,-1268,17687,13248,6483,12480,-2266,1956,14363,-5722,3182,18629,-3762,2776,13920,2172,-3479,10233,4886,-2425,21048,-4123,-2865,11751,11411,2602,13976,5008,7584,11305,-349,2676,6310,-4373,-299,11747,-2864,556,12497,11994,661,17340,10914,-5238,12387,12313,3005
13926,1450,2732,16288,2867,-4311,10915,8378,3743,15716,8522,3185,9892,2749,1684,14018,-5529,9269,5813,543,765,16030,1575,-557,12256,15861,-2275,11303,11808,-912,23026,17126,5550,16368,1834,1647,13959,-5095,5056,11655,-6280,4550,14377,1477,-4438,17834,1806,-2076,17250,-969,30,8655,7618,-677,15666,6647,2557,11754,3307,6945,9410,-4736,2187,9204,-3482,-2913,13577,5312,-1330,13751,14473,-1420,9186,12247,2361,21627,15804,1481,16056,5325,5695,12240,-5633,6372,13789,-6852,2227,17023,-426,-2523,11887,7083,450,22016,-2183,-1329,6507,12383,2921,22219,2319,10910,8360,4345,686,10878,-7963,-2241,7368,-2188,-2926,15952,6471,-845,16486,14491,2274,8201,11157,3234,16352,12904,1134,13481,3308,1327,17459,-7813,-2788,13239,-1008,1885,18447,-3392,4217,7204,6929,-938,22082,-1165,-1221,10368,13066,6244,15575,4364,2238,6929,1256,2287,11669,-5185,4478,12408,-1095,133,9551,8985,3794,18239,10906,-5481,12343,16102,2914,19009,14507,7021,11851,-2651,-1818,14147,-5718,3024,18952,-4227,6913,13993,2031,-4973,10549,5004,-4306,21392,-4331,1507,10538,12173,1822,15099,4749,3423
15359,10791,3607,20629,14159,929,12062,10547,-654,17122,-5316,2583,8668,-8144,307,13818,-2051,-1394,19959,-2113,4609,10809,8469,1502,15069,2347,-2978,13402,11030,3809,14895,3593,4858,11146,-3826,4367,5104,-744,-1284,17043,-610,2621,8714,17313,3218,13806,9841,-5291,21292,17549,3427,19296,10884,5422,11898,-6222,2441,10548,-10014,1922,15988,-104,2658,22746,-2313,-2940,8191,5046,-4126,13148,476,-1488,14429,9353,5941,13277,5359,5905,11383,-3720,1040,6006,-3869,577,14960,221,1268,7890,15994,-5525,14736,14288,-620,20202,15124,9185,15813,13869,385,14370,-7320,6955,10310,-8840,2107,15507,-876,-1397,18658,-342,-375,13637,4822,-1115,14195,3112,5538,17139,8713,6892,10058,3738,1610,12643,-5465,-226,6248,-2958,-33,15957,-609,-5585,9384,18950,2070,12433,12383,3363,23315,14818,1309,10580,8962,-2015,18572,-7580,2726,8599,-6189,3395,15445,-4824,-1304,16117,264,2315,16084,5769,-455,12055,5839,1052,14059,7756,946,11151,4015,4959,13135,-4860,7697,4172,-394,-2681,17743,-604,1493,8360,18497,2094,13544,11876,-4416,23354,17008,4205,16716,8119,4390,12461,-5645,4889
13880,1799,4354,16091,8575,9457,9956,3729,1548,13051,-3994,-1654,6867,-2341,247,16062,-409,-3381,8154,18857,-49,13738,9928,3446,20383,13463,2816,10568,10085,-655,17855,-5642,-1498,8222,-5874,4767,16840,-3745,1447,16238,-615,-1627,14377,5892,1701,11689,4346,2904,15027,9686,555,12603,3402,3850,12525,-3314,7390,4086,-172,-1574,18605,-1793,-188,6802,18428,987,16406,10328,-796,20139,15374,3751,16354,9876,2961,13500,-6126,3835,8937,-6798,2978,18582,-1084,-1680,21725,-770,-3513,8705,3920,2851,13207,163,-3851,15199,9430,3332,13541,5806,6998,10696,-2916,1602,6045,-4260,-1915,14890,-129,1025,8101,16819,-1197,17654,11216,-2754,15002,12226,4597,14312,15118,3831,13562,-4881,7004,11882,-9503,1410,13973,156,93,21761,-2335,592,11001,9179,-2749,16465,-2374,2800,12755,11955,9807,13727,3340,1929,12603,-2266,-839,8298,-3802,68,12597,-618,-3369,9544,16692,604,16951,8928,2597,15810,12671,1720,11676,12125,1655,16254,-4180,-2181,10170,-7508,4405,14875,-1817,3208,19361,-3502,-2484,9976,8460,445,15907,1248,1861,13733,12919,1880,14725,2779,1820,10426,-1914,9371
6424,13134,568,19633,18178,2822,14449,-2819,6419,14140,-6961,5179,11217,-3201,-1686,24272,-2712,1256,6718,11862,-420,22437,-7964,-1356,6820,16475,7251,19571,2104,7768,11195,787,-2195,7629,-6751,-495,9949,-1771,-2620,12341,13328,-39,20920,10149,1376,6737,13045,3878,15695,14624,1727,14352,112,-2068,13518,-8343,992,12872,-1275,2641,23696,-4535,2847,5431,7879,-2501,20939,-3676,1523,9980,16281,3837,17952,1949,1533,6677,1986,4304,8763,-4714,6231,12636,-1770,-2578,9002,10204,1482,19705,11872,-3267,8892,17054,4532,20152,13912,4300,12472,-2235,-549,13530,-4548,6639,20059,-4947,1979,16514,802,-6184,8447,2865,-620,21160,-5356,1647,11651,13668,-2432,16083,6060,7994,8335,1282,2621,6688,-8164,2093,9255,-2986,-2657,13182,11786,-1471,18855,13522,-390,4961,12731,2985,20212,16155,1951,16144,1796,6132,13649,-5544,4857,12175,-6567,-922,21547,-270,517,10288,8534,-144,21388,-6455,-581,5800,14912,4498,22797,2432,10774,9774,3179,-2505,7533,-7886,251,8258,-2188,-2149,14507,9844,-1317,19312,13672,416,4546,12378,3208,17285,12197,3489,13494,4120,-1828,16696,-7578,-390
8672,9319,-1159,15833,7155,3874,11129,3469,5930,7759,-5184,1305,8424,-2499,-1413,16914,3810,-2443,9959,13198,264,9211,13544,2153,23473,19487,944,18620,4930,4670,5750,-4810,6562,16812,-12207,2457,16860,5208,-4303,17741,2305,4705,13736,-1482,-828,9408,9156,-1278,21828,6176,11835,9110,3542,2591,9043,-7009,-3046,8765,-2434,-1616,15534,5336,72,14519,15402,922,5802,11356,522,23795,14135,1930,12231,8375,846,16876,-8358,1957,12753,-6353,811,15600,-1860,583,12481,2725,5364,16201,1000,-6303,11452,8042,3488,14401,8061,4740,9554,1820,3137,12073,-3646,5475,7706,-776,-468,15088,3609,2510,12913,15186,-2851,9087,12749,-1727,24839,17586,7900,16494,5393,628,13818,-6103,1965,14039,-8767,8047,13201,1893,-6069,19165,-539,-950,15210,-715,-404,10917,7779,-351,14185,7311,2581,12154,2040,6708,7842,-4185,1904,9468,-3021,-1415,15239,4266,-3548,10749,14734,219,11298,13340,3204,22483,16969,447,17383,7044,4053,8165,-4407,7161,16990,-10855,3606,15059,4302,-5361,18604,359,3462,13391,1217,1753,11041,7818,-1398,19957,5576,9049,9577,3114,3885,9984,-6308,-1525
22524,17125,7742,14109,1105,2024,13635,-5560,-215,17916,-7569,7994,14031,2935,-4551,13578,2011,-1667,19110,-4438,-1633,10112,10776,449,16389,5722,6610,10749,1563,1761,5301,-5900,695,10458,-2499,935,14962,9910,-1470,14644,13004,-3570,8026,12749,5260,23078,18630,5377,15085,-72,-143,9841,-6076,5230,14769,-5786,4578,21266,1384,-4549,10340,7513,-442,20574,-5555,3658,7701,13862,4817,20997,2099,6668,9856,2104,-1147,8665,-6645,1076,9240,-2595,-3251,14118,10942,-3222,18617,12662,4261,7748,12255,4819,16793,13101,-2249,11067,453,-1170,14810,-7366,5460,15513,-1506,-2423,20612,-1534,1850,8046,7565,3049,19412,-1892,-1416,11010,11943,2831,16412,3443,3493,7430,364,5618,9242,-3420,3396,13891,-2268,-3630,8680,14089,7365,20365,9321,-3624,10534,13688,-1936,19018,14425,7426,12012,-3098,-155,13944,-5083,3822,19203,-4018,2807,16910,2598,-3076,9130,5662,-1467,20387,-4873,-3016,11077,11015,3143,15407,4466,7420,11218,-833,2656,5525,-3858,47,12332,-2016,-1504,11472,13760,737,17594,9975,-4651,10371,12817,2967,20222,17934,6984,13749,-4541,2280,11291,-9026,4759,13285,45,3203
6462,1865,2665,12466,-5028,6828,12154,-699,-1551,9162,9710,2672,18369,11744,-2582,13280,15242,3346,18285,14045,2636,11686,-3505,-1077,14371,-4748,6481,19043,-3758,4956,12725,3008,-5571,11018,3160,-3274,21657,-2966,336,10787,10355,1532,14953,4025,3910,10402,651,6383,7075,-4319,1973,12005,-2549,-4999,12647,12786,913,16299,10970,-1132,11927,12757,1807,19141,17578,1721,13154,-4630,8003,9834,-5927,5801,17593,-2276,-2154,19433,-711,-515,8871,10302,-1273,20358,-3663,-73,10322,13411,8155,16659,132,7637,11567,-330,-1607,9492,-4782,-2368,11658,-440,-4138,11136,15279,1435,15112,9716,2327,19591,14482,2123,16035,7640,1919,10664,-2779,-422,11007,-9329,-266,13097,2076,166,20787,318,4578,10808,5591,1339,13393,577,-2864,13409,12154,5653,15797,3848,2562,11724,-4414,3681,4862,114,1849,17500,-524,3922,10492,15978,719,11285,12264,-6310,22478,15767,5643,16647,5304,3111,13303,-7190,2189,7514,-4539,4410,16880,513,767,20163,2729,-3896,12641,1288,-3795,11412,4240,884,15067,5946,5810,12665,2951,3391,11279,-3623,3128,7519,-1436,450,15050,2463,-2351,10550,13324,-5377
17736,-3579,-1582,13185,3261,3201,17339,456,-1448,10146,10056,2234,17193,6283,2523,8823,3804,2945,14372,-5668,9321,6668,-733,-2000,12642,4194,-189,16805,15084,-853,10809,16281,-192,22601,15378,2611,13507,2074,4141,14428,-6451,2806,15369,-6511,5748,12510,754,-5127,17515,1708,-201,18217,-1434,-2206,9699,8241,-1922,16234,4971,6602,10393,4567,4784,8565,-7250,1260,8292,-3078,-1646,15453,7644,-246,13506,14078,-1392,9788,16558,839,23993,15791,5464,10064,4441,4238,13005,-10007,6233,15461,-4825,-1804,19167,-1857,-748,11821,9493,1145,20740,-4390,-2522,6561,13632,7710,21654,780,10127,9979,3448,-2043,10156,-9460,-603,7157,-1048,-3988,14587,10809,248,16108,14892,2148,15297,12744,1936,15378,14003,2937,11998,-757,-2015,13363,-9333,1470,15390,-1203,2309,20435,-4089,2317,6965,8969,-4132,20999,-2480,2959,10287,14470,3445,17397,2065,1967,8619,-1143,4942,6426,-2400,4818,16644,-2712,-1862,7702,15208,2842,15497,11712,-5655,18958,18267,4077,20198,12568,4014,8911,-6043,-336,10984,-7524,7888,20261,-2067,2280,19613,-1579,-7134,7178,5382,-901,19278,-3350,-708,12092,12216,425
15013,18614,5744,9224,13253,2594,21755,12657,-759,10147,6690,406,18390,-8979,2056,12017,-3727,-251,17771,-4916,1131,9978,5673,3889,21724,-1699,-1232,8355,12075,1023,17897,3808,3360,6210,3677,6244,13660,-6989,2179,7385,546,-1834,12894,6995,5255,16390,14527,-3706,9640,16789,-651,24021,15534,7055,11986,1996,2186,14174,-6688,-327,17370,-7020,6127,14427,988,-2311,14420,2358,-2397,20031,-5709,-2863,8539,11821,313,18020,4384,8256,9370,3209,1091,6332,-6896,1116,9290,-2360,1873,15371,8114,-2065,13452,14493,-5778,8655,16139,6176,22526,18409,4540,13294,1857,1235,11930,-8525,7181,14928,-5443,1130,20973,-1936,-3837,10416,8120,-1191,20603,-6223,3374,6222,14656,6829,23150,451,6918,7988,3542,-723,9871,-7812,448,7909,-1312,-5116,13813,9883,-2235,18027,14347,5324,9145,15571,3433,20287,12962,-88,9554,2748,-2713,15015,-9824,4336,13681,-2459,290,22449,-4269,467,7178,6116,3491,19721,-2890,-1204,10836,13839,1319,18358,3210,3727,6219,1726,5970,9347,-6168,3355,11081,-460,-2806,10610,11772,4703,18459,12837,-2392,9599,17646,-1702,23331,14816,7504,10039,-969,2472
19884,-7358,722,7112,15948,8077,20802,42,6500,9611,2540,-2149,9053,-7294,-182,9190,-807,-2731,11200,13751,-1397,20957,12009,2746,8362,15536,4204,17324,12012,656,12207,1215,-3962,13618,-10107,4932,14234,-1902,1697,22301,-5559,-237,6136,8784,-427,21192,-3322,3379,10678,14774,1519,16712,1827,1982,7590,1146,6836,8411,-3776,3973,12354,-2275,-4557,8353,13163,3106,20826,12095,-787,9624,18558,847,22456,12687,4560,10963,-1597,1764,12432,-6135,5739,19791,-5543,-1201,17860,-874,-3137,8963,5483,1449,21375,-7118,-1405,9120,13207,-1171,16788,5037,9288,10938,2039,1694,5194,-7092,149,8377,-2703,-1664,13132,12403,656,19229,13308,-1896,6499,15725,1306,19526,15482,6058,13336,1981,3941,13296,-8660,4234,14355,-5197,-2161,22162,-1616,1334,10626,8889,-734,20199,-7151,917,6430,15869,7174,21947,359,7335,9142,3371,-2706,9058,-7843,-301,8036,186,-1894,12760,10968,-990,20234,12460,1442,5664,14613,3311,18569,12984,3172,11588,2983,-5180,15134,-9232,3181,12912,-2972,2965,22804,-4865,-7,7827,7721,729,20887,-3584,1092,8953,13707,2649,16764,2721,2864,7992,1800,3351
[row took 91291us]
9125,14151,-16,21496,12718,4535,17471,10797,4294,13023,-4520,6705,12763,-10926,282,14411,580,-3220,17313,763,5198,16102,3187,-1481,9833,4868,2438,20071,5450,9529,7894,4777,1220,11567,-5423,-3334,6994,-438,-1204,16599,937,841,10961,18511,491,8702,11882,-376,23030,11949,5398,10108,10920,-2148,18498,-6694,-1019,9486,-6687,4390,16498,-4652,1712,15537,-864,518,14952,5397,-1846,11657,5582,4100,14200,8609,1607,9808,3262,3622,14099,-4419,6592,4536,1124,-1151,18600,-1318,-468,6722,19471,-221,15037,11743,-52,21087,15082,5971,16112,10979,745,14124,-7065,3132,9316,-7724,4712,17184,-1229,-3474,22152,-3053,-3106,8312,4018,3962,13704,-218,-2562,13615,10550,146,14180,5530,8232,10514,-1865,2259,6605,-5541,-1110,13568,-148,-1796,8812,17375,502,18009,13706,-954,14649,12586,1573,16803,14901,4215,13514,-2953,9207,13019,-11795,490,10433,115,-571,22561,-5530,1043,10306,12294,-888,17935,-5175,880,11376,12937,8297,13665,2658,5578,12640,-749,-2169,7591,-3831,-859,13776,-2015,-2672,8127,18685,2035,20393,9281,226,10795,12752,1548,12437,14011,3639,16455,-3038,-3365
13314,-262,1262,10243,5708,-3452,14563,7610,4024,10755,4453,6565,9227,-5278,-816,8092,-2906,-572,14966,3156,-443,10779,17541,-203,12491,12764,-1092,19409,11947,3984,18033,11574,3462,11751,-3460,7783,12987,-11067,-693,13654,1920,-994,19815,-1645,2706,12768,5370,-1187,12721,1546,3934,17510,9139,6836,9037,3464,4673,11729,-3842,-3636,7596,-1302,-1270,16870,313,-940,8637,18512,1565,14558,8300,1094,17064,12418,2414,11429,11684,1106,15836,-4663,-2799,10439,-7966,5773,15344,-2102,2577,18636,-2816,-1694,8878,7925,-206,15151,1592,1874,13663,12573,1989,12891,1921,3404,11596,-1513,8553,6138,-725,487,17399,-1976,-2683,5784,17486,2242,20544,8601,-2175,10265,15034,3364,16280,10969,5203,11638,-6126,-586,12176,-3089,7780,21857,-1695,-3682,17355,-1051,-2509,7185,4189,1631,18072,-4281,-1669,13306,13650,2078,16122,4520,4685,9028,459,3997,6683,-5220,-1259,12485,-2604,-1707,9327,15896,1819,21719,9996,-2389,6182,10911,1962,15020,15500,3682,14927,-2471,5989,15274,-5428,2782,12395,-2102,-318,22099,-722,1015,8582,10407,-515,21075,-6735,86,8115,14825,8401,18745,1674,5941
9051,17718,-1878,11923,9691,-520,23449,12756,7149,12992,7976,-2004,15677,-6672,6882,9131,-4173,4138,17771,371,-6341,19312,2060,349,12554,571,698,10041,4100,-1815,14129,8189,2055,14379,3996,8484,8719,-3302,-1299,8920,-2737,-1581,14624,1277,1647,11486,15413,1215,13219,9367,-3378,18455,12303,3530,14974,11012,4454,12023,-3803,5678,11349,-7742,1605,17345,1337,-1547,17564,2230,5713,13485,4809,-5114,11355,2704,2313,17970,8392,10600,9865,3828,2312,12070,-4253,-3619,8681,-2460,428,15580,1089,-2194,10077,16011,508,12867,7393,1920,21010,11882,3433,12294,9826,1093,15829,-5176,-3158,9777,-6725,3630,13923,658,2448,17989,-1047,-65,11267,6457,-620,12779,3415,2773,14574,11283,2583,12324,3446,2126,13126,-4190,6394,4506,872,683,20560,-1358,616,6389,18141,-1463,16316,6771,-727,19946,14264,6419,16783,10287,1310,14271,-7286,3210,6597,-4950,5399,19540,-916,-2020,20509,1363,-4628,9010,3380,2096,12238,-7,-265,14597,10075,-568,15962,5574,6991,9842,-1438,3397,6900,-3624,-2727,16723,-1007,-565,7020,15185,362,17834,10161,911,16471,13349,657,17637,13972,4846
11555,7007,-2817,13702,2070,665,13876,10485,6353,13640,4126,418,11391,-4094,4553,5931,-186,1582,17921,-176,1098,8552,17110,317,13717,7897,-3444,20649,16768,7932,20352,7611,654,10877,-4667,1618,9967,-8743,6319,15777,2058,-1232,22388,-733,-4691,9905,4320,591,12857,2300,275,14230,7865,1953,13175,4099,4263,10631,-3735,4786,7902,-2737,-1407,14883,1230,-2539,9402,16008,-317,15983,10320,3112,16372,15199,986,16955,10301,3627,11643,-4249,5805,15527,-9961,4468,13487,2658,-4894,20352,-728,2040,11440,5645,2005,13249,4424,862,18080,7249,6687,10407,3745,5224,12651,-5459,-1611,6440,-3245,-2257,15240,2483,-2896,13033,16466,3199,8360,10172,2658,23415,14529,-797,12860,7045,1065,16584,-7891,2720,10922,-5406,1579,14529,-714,-2301,13906,2312,7781,15821,2747,-5614,11050,6643,823,15279,7923,6085,10554,2848,2668,12330,-4620,6149,6788,-372,-477,15393,3958,2271,13145,14276,-1145,8777,11890,-3706,23487,16914,7442,16825,3640,2734,13222,-5431,385,13262,-8041,7089,13578,3195,-3899,18569,1040,-2379,15589,-934,-1370,10120,7689,508,15927,5884,4822,11135,2391,3695
18263,14246,3343,17078,10523,-2820,10678,-2517,199,12233,-9788,5994,12575,1094,-1702,22195,-1849,334,8709,8076,4282,15973,-682,-1904,12844,12178,2572,16499,3947,2689,10105,-2490,6020,6032,-1123,656,15754,-2220,242,10344,16767,5263,12570,11949,-4974,22075,14933,1031,16683,9075,5548,13714,-5335,3466,8402,-6715,2564,17936,-1012,-128,21633,541,-1426,10295,3684,-1605,13036,688,-2624,14518,8196,3827,13761,5268,7958,12118,-4364,771,5654,-3205,-1133,13298,1917,585,11078,15613,-1549,14414,10747,-1065,18406,17340,2955,16741,10423,5869,10957,-5733,6819,12410,-10382,1504,17022,2347,-1709,17391,1857,1905,16188,2532,-3915,9995,6284,3272,20870,5389,12144,8786,4328,710,13172,-6165,-2120,6785,-2589,430,14243,2810,-3745,14417,16781,-1233,9791,10850,4857,21127,17717,4353,11554,2621,-4272,16155,-8272,2939,14795,-3510,2888,15987,223,-2530,11805,389,5078,16411,423,-2957,12116,10385,2203,17076,5855,4671,7313,2516,1275,12554,-5517,7459,9561,210,-571,10841,7151,206,16935,14251,88,12910,16393,354,22018,14620,4797,10053,-959,416,14764,-6572,3543,19008,-4316,4280
10054,3586,4055,12878,-5656,-150,5942,-1942,-4541,14930,2254,-3400,13080,18894,3426,9750,12653,3608,21761,15107,-274,11102,6142,645,17994,-8933,2481,11165,-3800,-153,17057,-2892,-1702,12806,1797,6889,18379,-215,-3988,10157,9333,2473,17091,5307,3952,6878,3744,3776,14332,-6657,5716,6764,638,-1165,13111,6171,2483,15956,15507,-1622,9207,15805,-3267,22823,15607,7556,13117,2646,2746,15122,-7455,-110,15818,-5188,6717,14308,1647,-2202,16400,768,-2610,18853,-4434,-2278,8570,9427,685,17787,4126,6880,8812,3730,2073,7857,-6784,1349,9517,-1803,1548,15271,8175,-1956,12144,14402,-5073,10265,15465,5546,22885,17088,5794,11551,2766,235,11957,-8980,7285,15187,-4396,735,21116,-1498,-2752,11548,9018,-562,20436,-5681,3702,6562,13642,6264,22773,-258,6808,8430,4096,-1373,11118,-8335,433,7233,-441,-5347,14170,10633,-219,16087,15153,5771,14050,12392,2321,16367,13757,-1788,11422,70,-1945,13670,-8940,4741,15446,-981,-1048,20786,-4403,1984,6615,8545,2426,21230,-4203,-196,10933,13833,994,17541,2228,3562,7890,939,7528,7642,-4056,2112,13395,-2105,-3181,9148,15321,6785
9038,-9443,-1944,14287,-966,195,21483,-928,1766,13452,6975,-1635,13942,-1086,4057,15361,9671,9005,11703,3241,2547,12801,-3323,-3456,8032,-2609,913,13770,176,-3514,9166,17511,366,12345,10851,2249,22674,15245,4743,11960,8145,-1941,16263,-5863,-396,9963,-6629,1884,15419,-1657,3022,17330,-1683,445,13912,5114,-85,12073,5037,3740,16384,8238,842,10083,3697,2103,13688,-4467,7688,4431,1510,-710,17865,-199,-55,8259,18176,1271,13320,12101,-1725,22934,16085,4817,16844,7830,296,14013,-6412,5419,9493,-7633,3121,16388,-45,-3361,22111,-1714,-786,10834,1951,1221,11106,3097,-2987,16541,7413,2728,11201,5236,7880,11253,-4181,927,7129,-2886,-993,15511,2758,-228,8145,16993,-645,12521,12746,-972,20947,14109,2894,15363,11935,3778,13365,-6164,9260,12040,-9858,-858,14809,-72,-2448,17691,1542,4109,16167,2530,-2580,10017,4344,2805,20765,5573,10638,8122,5828,2281,13474,-6125,-3284,5611,-1721,-1317,16072,2106,-1273,11831,18477,1357,9196,11416,2015,23618,12927,2877,11330,8946,-521,19229,-7590,-1264,8705,-4976,4226,16343,-4253,2283,14080,1521,746,18262,1863,-1362
9293,-2940,-2217,14472,6134,-1953,12359,15927,-2703,9519,13082,4669,23317,15538,215,14845,7794,3667,12469,-5028,8297,14355,-9093,2138,17014,585,-4751,14106,2763,3635,19211,-1310,585,6150,9428,-363,23016,2192,9448,6453,5389,3046,12382,-7151,-1497,6540,-879,-4980,15767,4081,853,14365,17521,1837,7645,11239,2480,22894,13731,-180,11481,7627,1712,18932,-8821,181,10580,-3398,2327,18911,-5357,-520,10177,5765,5058,21318,-2070,-4061,6968,11385,2832,18065,4148,4013,6468,4268,3807,13501,-6143,5380,5746,743,-1451,15138,3820,4100,13538,15735,-5551,9127,14569,-288,24203,15640,7521,14201,3096,2475,15157,-6141,-398,14210,-6630,7990,14844,873,-4329,17487,1661,-1951,17379,-4298,-159,7283,9426,-41,17764,5267,4046,10094,4515,4219,7623,-4927,1549,8625,-2760,-179,16306,5060,-1114,11462,15939,-5340,8779,14894,5978,23472,13607,1768,13096,7708,1970,14247,-7694,8932,13505,-6757,1693,18836,-353,-4098,13635,4281,3640,18020,-2198,-29,7592,10528,1804,23047,2207,7868,6767,5293,2786,12126,-6939,-829,6834,194,-5171,15770,3860,711,14427,17679,2610,7136,11547,1905
14568,1807,-3711,18805,-869,499,13971,-2225,-4111,7819,7147,875,17150,6275,5120,9997,5056,4300,9463,-5559,155,7524,-2010,1903,17266,2938,-1345,8722,17717,-6733,11377,13880,5478,21665,13699,5136,15994,9072,237,13428,-6643,7598,12745,-6669,3054,17667,-434,-4079,15780,1584,2039,15357,154,1152,9796,7243,4255,21459,5159,5126,7748,4091,1535,11636,-5129,708,6817,-1008,-3573,16160,1115,-2197,11522,18882,3677,9177,11883,1163,24316,12182,805,9511,9003,-918,19474,-8104,2033,9727,-5097,4153,16665,-4358,-3690,13580,2096,5571,18068,3458,-997,9725,6224,-250,15142,6466,2475,8512,4719,6617,15360,-5163,4407,3449,1723,-2557,18564,773,3643,9327,18052,-191,11257,11535,-3855,24840,14750,6123,14971,7952,3854,15023,-6923,1756,10404,-7397,2869,16070,84,-2155,21225,86,511,12729,146,-2208,8829,4201,-617,16192,7552,4839,11645,5810,5753,10027,-4904,-2352,7664,-2584,2721,16243,3063,-349,8519,16376,-4734,12272,12473,2019,20722,12981,6859,16612,11589,388,13418,-5285,6087,12217,-9397,3315,14167,835,-3254,18301,-863,1720,14100,4978,891,11831,2978,5279
18293,-2152,-568,6442,19228,4296,17834,8252,-4899,17264,14673,1986,17282,10442,7056,12812,-5760,1484,9315,-5756,2578,20059,-1431,570,20477,-502,-2635,7993,4059,101,13899,-1912,-3227,15681,10033,4974,13461,6257,5519,11809,-2340,1441,5544,-3369,-1715,13340,-280,1584,9576,16092,-397,17807,10924,-5073,14330,10708,5943,14747,16661,2727,14296,-5551,5529,11743,-7866,3297,13286,299,870,22799,-3803,-241,8739,11235,-2176,18776,-5603,3437,11125,13295,8716,15340,2501,1767,12051,-281,187,8590,-3131,-318,12310,-1454,-4082,9527,17323,2105,17930,8410,3008,15194,11860,1131,12015,12108,-444,15987,-4103,-134,9801,-6071,4155,15461,-2073,1092,20294,-3191,617,8564,8664,1331,16172,-1026,-365,13691,12911,1196,15289,3220,3184,9738,-718,9486,6332,-1025,137,17003,-2494,-3217,6874,17461,6898,19640,8961,-5246,13960,14409,505,18027,11623,7633,12145,-5631,1495,10015,-4681,3559,21017,-1915,-1441,19265,-235,-757,6922,4846,-247,16780,-4407,-3520,14319,11200,4277,14162,5816,5581,11739,-1268,2002,5526,-3477,-2170,11941,-2121,315,10569,16294,2143,19731,10302,-5153,10808,10946,3523
22458,-3798,1351,5867,8648,-1549,17694,-2311,2123,13245,14301,1883,15401,2824,675,9509,-1220,9013,5696,-858,3337,18420,-2929,-3371,5689,16889,4277,19611,8235,-3887,14748,14795,1794,18623,11380,4550,11829,-4945,2286,10198,-4090,6388,21131,-1241,-1649,19298,-843,-3588,5473,5891,244,16751,-4646,-1247,14707,12321,1353,15265,4706,6707,10211,-1587,4377,5260,-3757,-3363,13360,-1484,-1281,9823,17452,2732,20364,8541,-2855,10405,10907,1777,17623,15964,2755,13805,-3184,7537,13223,-7486,2296,13376,-182,227,21416,-2091,3019,9685,10591,-3082,17212,-5102,-307,12520,13013,9094,13155,3645,5702,14728,-2087,-4067,6550,-4180,407,12966,-414,-1735,11163,17440,-4,16128,8574,1250,18052,11190,3541,12603,9822,1183,14829,-3255,-1830,9487,-6141,1173,14451,915,4147,20998,-3462,1053,8175,8043,-2259,15282,-643,2685,14109,12951,3207,14490,3242,188,11422,-2299,6328,4826,685,3435,19139,-1799,-20,7026,17314,1572,16307,7006,-4783,18726,15322,4988,17694,10724,2438,13465,-6628,1864,6878,-3694,6522,20672,-1882,133,19412,778,-6022,8707,3816,783,13681,-756,-73,15146,8979,1441
15176,15372,2144,7936,7939,2084,20825,15494,1465,12624,3636,-825,16677,-7184,3126,14186,-2636,225,15882,-518,-1175,9120,4301,7649,18644,-1832,-5013,10726,9485,2986,15488,7189,4913,8409,2583,823,12317,-4183,4794,10730,-407,915,11418,8182,3489,18246,11226,-3845,9138,12075,-651,20913,15931,7413,13634,-695,764,14996,-4410,-783,17719,-4962,10191,12212,4078,-4730,12362,2148,-3582,19509,-3825,-134,9978,10485,2617,16247,4099,3690,9974,1718,1666,6571,-4955,3664,12250,-2022,-2642,13131,12046,-1517,16410,9834,-12,8724,11444,4531,22994,18106,2866,12778,-1992,1654,10417,-5393,6771,14596,-2730,2275,21865,-424,-4682,7963,9813,1396,21627,-5798,3207,8185,14472,4867,19245,1362,5898,10748,1604,-42,9122,-5527,107,11161,-2147,-6019,13164,13747,535,14924,10198,4394,17624,11777,2886,16448,11445,-2118,9534,-1876,515,13396,-9177,4841,12404,2289,-1794,23008,-2446,1859,6531,8847,4477,17396,-2769,-4242,12066,12978,3120,17118,4314,4289,10014,-2319,4186,5239,-426,1268,18493,-2384,1158,8318,17996,3734,14849,7259,-5974,19431,15802,2718,20618,9615,5776,9039,-4012,2000
13847,12288,8452,14526,2693,8184,11840,-4191,-6971,6223,-4081,1163,14772,980,-2917,13828,15403,-1051,9120,10084,4776,21263,19083,3417,16505,4887,-1690,12649,-5209,-658,13558,-8383,2975,13681,1600,-1277,16106,750,4738,14061,2477,-936,12900,5458,-226,14861,8197,6738,10889,3908,-1460,13609,-5473,8878,6788,32,316,12862,4814,718,17393,13590,-591,11072,14161,-1555,19337,18249,3972,14278,-591,1471,12585,-5252,2012,18683,-5524,8555,13545,1702,-2908,14850,1388,-4043,18026,-2424,-932,11186,9092,-74,16694,4502,4631,9657,2064,4410,7274,-5335,4572,11177,-3417,-4045,12346,11620,-3276,15345,10954,2026,9687,14937,993,24604,20118,3521,11252,-1869,4728,10418,-9583,7652,13172,-1462,454,23319,-2109,-6690,7934,9469,4037,22391,-5953,272,8607,14755,5110,18789,785,9190,10371,836,-110,9204,-6795,-3278,11666,-1302,-3930,12594,15328,455,9848,12953,4416,22242,14568,2020,15953,8993,-1807,10349,-2313,2076,14211,-11154,1889,11137,1962,-4189,20923,-1702,7511,10580,6477,385,15197,1135,-2540,13724,9382,5790,14523,5090,3667,13094,-5638,3049,3156,1205,1398,18806,463,2744
13387,-4182,1450,22797,-1505,-2378,8731,8946,-262,21883,-5710,-2733,6363,13484,6567,23904,1042,13685,8432,2601,-1909,10939,-7691,-2901,9264,-1906,-2091,12223,11576,-2995,14942,13746,1001,17579,13001,6751,17026,14180,1665,8917,-1217,-3003,14141,-12029,2121,11019,2855,-845,24569,-2427,3834,8240,6645,1287,16219,-3282,-1722,11261,12933,5580,19618,3760,1124,9730,-2125,2813,4546,-1490,5435,18478,-2052,626,8445,16678,3360,9367,12401,-5092,22680,17729,1558,18902,8588,4413,10978,-5952,1171,8567,-7011,4906,20856,-294,3729,18945,789,-5978,11040,2251,-3593,15127,1085,1588,13046,6790,2242,12989,3621,6149,13134,-3769,4473,6196,-1713,1095,13712,1686,-4212,11763,14653,-4617,11741,14316,3943,21103,17239,3281,10736,9493,1516,14605,-9084,10037,11403,-5921,3668,20660,-1884,-6022,12482,6125,811,18602,-2005,426,8835,10647,1092,22180,1983,12522,9320,4514,2380,12978,-8525,-1669,6000,-2190,-5205,14060,6876,-2577,14145,18237,3729,18832,11547,4330,14235,15863,660,11204,-1151,-799,13464,-10178,3118,13611,1296,-3685,22294,-4624,2510,6147,8108,3803,19361,-3281,-2634,11867,13659,4846
13275,14354,-2778,12748,16559,1299,20930,17923,4016,15102,-629,9748,10848,-12618,3179,10618,-3993,-2745,21188,-3250,-424,14461,11403,-510,18335,-2743,-1087,12111,9519,12228,13550,2304,8492,13652,-3316,-6717,4768,-4333,378,13909,-1271,-4225,12894,18411,-84,9364,14955,3295,23772,16077,3342,11925,10418,-41,16780,-4791,-1381,11266,-10291,1652,14028,-3229,1571,17456,-1166,640,15327,4384,598,12222,5218,2608,16751,6766,2875,8679,4844,1405,14542,-6858,7205,4517,1411,333,15113,1090,1501,12704,17025,-1292,11362,17288,-1541,24401,16511,4327,13437,7426,-560,15852,-5944,5075,12254,-9332,8344,14582,-1465,-4885,19227,-948,-3633,16528,31,-525,10125,6013,-1693,17402,4567,4480,7964,4807,7050,10668,-6788,5904,7412,-4133,-4106,14216,7209,-3540,11506,15771,-2948,9245,17491,3434,26891,17525,3078,8815,8237,4799,14615,-8959,8669,13065,-8410,-529,18684,-4257,-4981,13676,7389,1705,21228,-3139,1679,5591,11466,3436,23098,-404,11338,8049,6439,456,12570,-8916,-1917,7006,-2489,-3971,12160,9429,-2241,15739,17047,4804,13146,13176,1437,18741,17234,1356,10680,2444,171,14856,-11761,785
13246,9264,3745,11930,6083,7543,14451,-3711,1133,5390,-3227,593,11262,-861,-1640,9691,17019,-3322,15427,14055,-2122,16268,17911,6638,18652,15322,938,14241,-3953,8431,12480,-12729,2907,10017,-973,-2195,22811,-5865,-2774,12645,9823,1318,15239,-2500,5695,15555,10206,5767,12178,3177,4977,12308,-3004,-984,6450,-2505,-1132,14129,-842,-6567,9428,19700,4040,12843,11384,2367,21747,15736,2082,12154,11993,-2806,17961,-5606,2296,9540,-9728,2714,12615,-2250,-1072,22434,-5082,3476,9204,8548,2012,15734,-484,-2110,13719,11737,2920,12450,3521,4831,12255,-3883,7287,5399,-220,-1194,17360,-403,-1018,5984,20400,4491,14387,10032,-5342,21223,16971,2444,18784,11875,6381,12744,-5319,3789,9470,-9740,361,16024,-1330,40,23534,-3275,-2484,9589,4665,-592,13131,-1758,-499,14675,8984,3951,12747,6424,6259,12924,-3526,905,5374,-3461,-810,12939,859,521,9609,17511,-2203,14770,12238,-2621,17080,14633,6691,16755,15578,1010,15160,-4389,6927,11884,-11402,1812,10655,-20,128,21682,-5147,-1031,13032,9486,-714,15290,-1345,5725,15196,8896,6593,11637,3202,2943,12784,-2498,-1504,6821,-2009,741
17082,10410,3125,14967,-4946,5751,7894,-8145,1718,16181,-1855,-2377,22496,-1804,-2496,10447,4469,2399,11424,460,-2770,15150,7138,3652,11557,7161,6935,13125,-3690,953,5436,-2869,-1882,15299,-92,1490,7010,16915,-1778,14556,13048,-3770,18992,10806,7393,14409,15848,1421,16773,-6117,8052,8826,-6881,-912,14628,-2150,1075,18688,-1033,1329,14784,7764,-2660,14939,661,5198,15361,9209,8353,9723,3429,1339,14229,-3533,-1887,6830,-1084,413,16090,-982,-2604,7547,17786,-427,13988,8597,1633,21204,14112,3946,11920,8660,-596,18007,-4291,-2201,9895,-7044,4940,12259,-2281,1620,17732,-2324,-289,13432,7409,1357,12499,4310,735,15186,9385,2316,12575,4094,1794,13251,-2725,8193,4840,471,-499,17354,-1053,-1298,8013,17533,2182,15003,8836,-2717,19811,16239,4075,20652,9301,2358,13423,-3010,3867,10369,-8783,4826,13183,-524,-2173,22886,-5181,-2182,7816,7161,909,13997,-536,-2733,13685,8894,2922,12426,5945,6020,13360,-2498,4396,5822,-3154,-2917,14953,-117,452,7791,16829,-334,14867,11793,-3968,19128,12711,6513,16255,15233,2021,15736,-3936,8204,11041,-8887,-899,11906,-1986,618
11000,4153,1014,13649,-4071,8401,4389,575,1335,17328,-2824,-2454,6112,18769,2530,16693,11465,-4409,18591,16589,4527,20185,12245,2967,13246,-4572,2750,7908,-8639,6321,17131,-4540,-838,22365,-3698,-6406,8542,6851,2627,14789,-1938,-1578,14002,9868,1204,12907,6632,6125,13055,-967,6224,5553,-5288,-3004,11251,-2377,-2668,8998,17328,1511,18766,12582,-2498,13644,14735,2743,18356,16180,2681,13647,-3190,9385,12858,-9754,1334,10047,-2148,-1902,22691,-6398,1279,11013,13627,572,19318,-6261,501,10023,13022,6995,13970,2373,6543,13435,-428,-1972,6876,-3600,-1791,13319,-2708,-1658,8190,18996,2780,19105,8816,-1024,12945,13098,873,14074,14306,3306,15989,-2511,-1845,10654,-8419,1686,13932,-3025,4367,21722,-4925,719,7676,10035,-3373,18384,-2116,1945,11951,14569,4486,15688,1874,205,10152,-416,7488,5954,-1772,3268,15133,-2674,-2996,6753,15157,3770,20443,10495,-4746,10973,16159,4047,19999,12591,5937,12036,-3074,-2459,10538,-3952,7289,20118,-5802,-433,18584,-1796,-4305,8443,6289,491,19184,-4927,343,12127,11872,715,15023,4947,3814,11440,1950,5371,6217,-5530,359,9185,-3966,-3328
12854,6525,-2140,18098,-7409,1867,11712,-3257,2541,19794,-4538,2358,8155,4537,2663,21213,-1071,-4358,9737,13495,2398,15827,4015,4879,5555,2737,2911,13201,-4636,7424,8071,1271,197,13775,3273,255,13676,15474,-5659,9175,12527,767,23597,14670,8576,14628,3911,-888,16446,-3053,4844,14596,-6940,6918,12902,-361,-8482,16197,1417,293,19195,-2766,963,7953,9908,-1166,15233,5192,3539,9828,4133,4878,9506,-4653,2175,9152,-2656,-512,13830,4771,-2535,13100,15348,-1876,9528,10748,3994,21287,17561,539,19120,5191,2402,10113,-1836,10017,14635,-10420,724,15425,2118,-4113,16543,1805,5877,16489,726,-2459,6902,8712,980,22182,3966,9487,7532,5264,1249,11489,-6347,-461,7461,-1033,-3238,15519,2700,897,14176,16034,984,6229,11162,-452,23105,12583,3077,11823,8462,-370,17965,-6628,710,11160,-4577,2435,16110,-2354,544,13306,315,4353,16640,2161,-4336,10103,8427,3232,15172,7762,3367,7420,3111,3039,14712,-5291,5674,5351,1907,96,18549,-3,2739,7880,17826,-3999,12557,10364,-1564,23533,16031,9523,16479,5410,-1291,15403,-4340,3114,9901,-5804,6186,15262,87,-4945
9968,3393,4692,12050,-3997,-2080,7734,-2800,-2438,15958,944,-2745,10013,17011,2454,12331,7882,3117,22337,14298,362,13361,7175,31,15464,-4613,745,10900,-6989,1558,13751,-169,1051,15767,-939,5815,14216,3406,-2154,10562,6250,-2588,16306,10179,5306,9468,5735,3876,14425,-5640,5902,4928,299,738,18712,401,3454,8347,16439,-2665,12731,9655,-5568,23173,15812,8496,16788,7609,3177,13867,-6708,2465,8341,-6997,4254,16287,1117,-1808,20813,613,-3786,12255,971,-675,9995,3605,1713,15259,8410,3646,12790,4721,3241,10545,-3763,1233,7626,-925,1331,17488,824,-2192,7170,14656,-1981,15418,9954,4493,18776,16752,2126,17508,9315,825,10540,-3994,5332,15233,-9733,5914,13874,2805,-3582,19377,-1092,685,11486,4592,2665,12855,6080,1803,19909,8142,5105,9423,3313,4026,11475,-5087,700,8038,-3358,-2131,15424,2659,-4341,12721,16034,2619,8672,9365,4277,23637,14735,-1777,12373,7067,259,17016,-5811,3193,12885,-6133,2993,13182,-895,-5197,13491,868,8099,15612,2953,-1598,11205,7003,-908,15370,7786,4100,9027,4497,4224,14582,-5065,5692,5855,7,-1864,16151,2864,3162
[row took 90075us]
10233,-7165,4341,12692,-2953,3211,23746,-1584,-3342,7511,10865,-142,22345,-7466,1507,7041,16494,6682,20617,1340,7491,10072,1020,-2912,8064,-6187,857,12012,-2824,-2149,12048,14031,-2767,14916,9903,2303,17740,14521,6664,18492,12305,-4323,10044,-1250,-693,12465,-11193,7660,10820,77,-92,22988,-3395,85,8422,8601,2811,16983,-502,-2887,12695,12905,1895,16170,4907,3095,10704,-2367,7396,5244,-1240,4346,16869,-2944,-3029,8768,16363,3582,14335,10237,-2661,18981,17272,-101,21217,10232,3126,11806,-2734,5281,11506,-8887,5664,13455,-2036,-1553,22915,-4123,-3383,8203,7868,1085,17280,-535,-2586,11566,9108,-255,13378,5307,9524,13900,-3273,2686,5695,-2737,-3351,13217,-770,-815,9333,14357,1596,15574,11426,-605,15430,18847,22,18887,13199,7571,10308,-2700,4132,16170,-14398,3582,10360,1876,-3406,22391,-1834,1998,11117,6561,759,13477,2627,110,17892,8413,9407,10669,4490,4936,13697,-6119,-4288,5092,-3937,812,14242,2046,-2007,13934,16629,-2144,8902,10763,3956,21537,18686,2509,14055,6116,-2048,15965,-6585,3630,13638,-7701,2975,13802,-1655,-2170,14660,1893,3850,16167,3186,-3942
13263,-397,-3407,10977,16989,-2471,14917,9303,2330,14825,19694,1537,19414,11766,3002,12372,-2654,8047,12299,-12519,4945,12989,348,-5362,20995,-1090,351,12900,7154,945,13792,2007,3052,17889,7163,7795,11000,4383,3295,13978,-4915,1137,5232,-4107,-3004,14291,579,-4722,13097,18394,2766,10432,12723,4169,21653,15838,145,11742,6927,-1217,16931,-7148,3841,11661,-6305,1951,15146,-3131,-3206,14220,2160,7103,18017,1319,-3146,10585,8473,332,17526,5076,4380,6862,5478,5947,15266,-6857,5482,6542,-186,-1447,11933,5392,2330,16016,15079,-1081,11812,14908,-3718,22391,16923,5641,12599,2685,4371,14550,-6090,2169,16630,-7430,3348,13939,-8,-2291,14724,2974,-1451,20782,-3965,-3494,8839,10296,362,17686,4165,8410,9050,3332,2290,7244,-6946,369,10393,-2638,1670,14699,10237,-2287,12721,13436,-2635,9727,13328,1526,24115,20132,6204,11585,1047,2493,12197,-8656,6774,12445,-3952,501,22874,-4224,-2846,8224,11293,-1747,23987,-6907,2752,5287,15810,7690,22091,-926,6216,8545,2560,-730,10073,-6039,323,10908,-2267,-5041,11252,13507,-1824,14623,12447,3969,18226,14241,5609,17695,13274,-3435
19316,-1735,729,9090,7725,-1822,15940,4807,4066,10222,4420,6758,8943,-6210,1988,9295,-4068,-2414,14021,8787,-1495,13534,13901,-1187,8681,13442,1061,23717,17880,4157,12500,3499,5079,12109,-6645,6707,13885,-6570,-1987,20462,-3142,-1718,10445,10709,1999,23346,-5048,631,4642,14438,4563,23270,-1081,10397,8531,4983,-1639,11495,-8080,-2580,7868,-1620,-2835,13361,10100,1448,15910,14308,2926,14952,10995,1268,16109,14251,990,10905,1907,-1684,14109,-9437,1220,15161,-865,650,20091,-4468,5027,6058,8238,-1581,20702,-2866,-922,12207,13649,4733,17066,3806,3454,8665,-730,3661,6397,-2952,4424,15149,-2635,-770,9073,13918,3699,15939,11545,-6128,17153,15215,2501,18804,13294,6009,11451,-2644,-1295,10817,-5094,6442,19536,-4818,3890,18458,-815,-5122,8689,6832,-2737,19774,-4994,349,10907,10683,2175,15752,4422,3916,13328,107,6028,4019,-3576,2205,11496,-4112,-3184,10379,14568,-2236,16793,12366,-1626,15463,14140,4899,17826,17373,-1332,16070,-4401,10507,8845,-6852,5039,13268,-3535,-2714,20674,-2759,-1077,12701,11900,1340,17930,-3646,1381,12033,11397,7426,14406,1890,5552,13253,-1243,-326
23344,15706,4524,15423,5605,5909,15880,-4869,1703,12723,-7894,4125,12705,-319,-3047,18477,2090,-222,17994,-1945,-2987,7856,8435,-900,17170,5335,6482,9400,3703,4821,9653,-5156,-111,9322,-2741,846,15753,5125,-42,10389,14487,-7325,9277,12640,3374,22088,16962,4673,14874,7261,3529,13381,-7024,5128,13539,-6621,3801,18091,-1563,-1814,12066,6635,-525,20711,-2470,-1014,6431,12542,6495,23148,717,7524,7512,5740,-870,12722,-7424,1121,6224,-1865,-2118,14695,4697,-3460,16300,15993,3214,10708,11396,4777,19881,13789,-444,10339,5669,-2781,18194,-8360,4339,12859,-2721,975,17873,-5885,-295,8096,7639,3791,22612,-2340,-257,9007,13333,2027,17250,3443,36,6890,3495,7862,12355,-5260,3730,9708,-715,-2887,11433,7074,4393,16741,13919,-1295,11276,13913,-1355,21944,15535,5362,12204,1498,2747,14337,-4512,2674,17511,-7682,3277,14403,-1033,-3542,11846,6372,-127,22150,-6477,-1539,7151,13142,-1986,17357,3092,8527,10534,3069,3802,5437,-5808,-2307,9780,-4081,1260,14758,10932,273,16144,12349,-3656,7763,13146,1809,20675,19933,6663,15287,191,2773,11758,-5986,5283,13528,-6049,470
16551,2051,584,9769,441,7223,6325,-2219,5567,15009,-3771,-3362,7635,13987,2057,18771,11222,-2267,13930,16750,1624,21448,13776,4947,10787,-2979,1371,10681,-5676,6478,18961,-5708,-358,19314,-1559,-5185,7419,8133,1157,19452,-6239,-614,10854,11242,-643,15281,5254,7634,13111,818,3688,4764,-5456,267,9440,-3644,-2863,11763,14849,663,19181,12803,-520,10939,12301,94,18375,18366,4150,14773,-2295,6911,11224,-6951,4896,12334,-3720,-3832,23143,-4594,1467,9080,13797,-30,21517,-7459,532,7223,15573,6391,18033,57,7679,11893,1093,-1742,7631,-5808,-2419,11281,-2101,-2123,10171,15152,1837,19601,10430,881,12901,11921,2613,15517,13164,1454,13645,-343,-2704,12094,-8216,3331,14011,-1494,2076,22850,-4762,2579,4762,10692,-3440,20290,-3076,3198,11420,14951,3391,16116,1281,1593,9049,163,5506,6880,-2046,4909,15744,-2788,-2560,6862,13820,2487,19096,9835,-3395,13657,15682,3123,19988,13291,5216,11883,-3240,-1203,11220,-4204,7818,19275,-5324,-441,18557,-732,-4490,7549,7728,276,19957,-5451,726,11689,11437,-298,14370,5024,5960,12827,602,3345,5197,-4546,2078,9777,-3552,-4021
12643,873,-817,12523,-8604,2422,14046,-793,58,22438,-5319,4953,4411,9919,-2533,20619,-3019,-294,11620,15174,3731,16750,2333,3857,8212,934,2731,7343,-2926,4590,14912,-1839,-623,8595,11687,3332,18815,10262,-5324,11992,14897,2267,19951,13631,7986,11969,-1487,-2796,12902,-4201,5638,19119,-5550,3154,17214,-396,-4535,7872,7322,-2451,20888,-6049,1348,10261,12148,537,14875,4819,6030,11842,1511,706,5441,-4909,4019,10445,-4677,-2060,11119,13448,-2896,20303,10915,1279,8472,11927,3031,20012,18492,2328,15730,-1448,4509,11778,-4586,7159,12043,-4811,-3231,22560,-4179,-1543,8268,13924,1710,23447,-7192,3889,4886,15739,3676,20016,-802,6525,11007,3837,165,8909,-6293,-1674,9800,-2544,-4275,11836,12166,2198,20519,11643,2760,9428,11622,1184,16864,10918,835,12390,4021,-1120,14695,-8349,2262,14076,-1084,-604,21352,-5475,5023,4573,9527,-757,21798,-3078,-851,10562,14773,2836,16103,2575,5465,8296,1600,2194,8552,-4104,3404,13193,-1563,359,9536,10608,3199,19135,11407,-5481,10831,15327,1448,19885,12666,9189,12078,-570,-2289,14333,-4160,3055,18727,-5325,4828,15894,-411,-4405
9774,2995,751,9197,-5015,461,9407,-2319,-4597,12659,7924,-704,19055,11955,3523,8365,11568,2635,17591,12952,82,12958,3996,-2143,15956,-6711,6323,13395,-2297,-2837,20285,-4896,2357,5742,8580,4140,22673,-3375,-3379,8129,14622,1062,17107,2115,5786,6456,4143,4437,12111,-5198,3172,10506,-536,-1045,11100,7633,3797,18193,12778,-3725,8756,13058,-575,20593,14239,8430,14127,2136,1528,15460,-4461,1178,16168,-6403,4954,14368,548,-4524,12376,4541,-1337,20836,-5191,-635,8935,11281,280,15218,4861,7037,10600,2784,604,6767,-4932,742,9859,-2937,2550,14917,7944,-1885,15522,13461,-5238,7718,11571,5459,19886,17145,4009,16213,2200,831,12992,-4552,7163,13447,-5152,3163,20291,-1535,-3908,8672,8689,-384,22766,-4686,1433,4777,14445,5925,22845,122,5912,8211,3810,753,10452,-6096,501,8454,-1013,-3278,14127,6629,-2338,18019,13183,4156,7786,11010,3548,19174,11615,-1223,11297,5138,-1945,17792,-6640,5248,13616,-1917,-861,18854,-3909,86,7325,7106,5680,21767,-1327,-2951,9547,12536,1276,15522,2952,4125,6148,3681,5370,13535,-5478,3959,9715,188,-2284,11764,6089,3912
12336,-3696,5807,13240,-4290,2252,20220,-77,-711,9489,9048,-1916,21575,-5856,-938,6303,14687,9673,21354,996,6312,10536,2813,-3745,8324,-6229,2254,9670,-1983,-1680,13925,9467,-4083,18580,12456,2371,10421,10296,6699,15704,10284,255,11268,2729,-5070,15867,-6120,4287,14841,728,1256,20713,-3678,2114,5540,7171,-1045,20505,-1049,1944,12545,12566,3212,15039,3733,66,7863,1381,5390,9251,-2906,6785,14806,-1497,-2637,9513,10496,3853,17729,9881,-3588,12590,12560,518,18735,12723,5717,11896,-1173,-231,13954,-3271,6732,19501,-4127,669,15105,1387,-3841,8492,5784,-692,21047,-5195,-1660,12143,11411,484,14266,5263,7382,10817,370,2844,6798,-3328,846,12206,-3182,-2352,11658,12699,4844,18571,8783,-4373,8593,12170,-1976,20378,16479,8239,13346,-997,2901,13551,-7261,5154,11768,-253,-64,22968,-3477,1379,7366,12519,-1716,19905,-6463,-1957,9413,15528,10170,17633,1138,8151,12752,-85,-3837,7187,-4287,-462,12753,-1147,-2026,11998,13654,-1728,17083,7954,2552,16440,11871,4026,16238,10580,106,9860,-1390,-3552,11942,-6968,6047,14220,2549,285,22756,-2838,3220,5847,7632,-1885
11469,-2983,-2895,12875,7952,-3881,14477,12133,2808,11055,10977,2093,23121,17677,2387,11078,1606,2132,10834,-5083,6882,16046,-3571,1593,20247,-1081,-2506,8142,7891,1249,22472,-4773,2689,6957,15252,1759,20766,1721,7826,9267,3227,1282,11437,-7462,-1627,9373,-2978,-3354,13657,11510,-213,14934,11501,3733,16764,10954,2337,17089,13090,-1371,8771,23,1094,14532,-10312,3167,12455,2401,-2415,22988,-2717,4677,6517,8389,3041,18542,-2534,-4850,11989,13107,4092,17131,5248,5188,9422,-1879,2672,5301,-1162,3387,18658,-3126,-40,8206,15724,4673,14026,7726,-7078,19609,15788,1398,20390,11709,6679,9447,-3654,2211,11110,-6452,2834,17874,-1116,5000,20719,-942,-5548,7597,6308,-2373,17918,-1802,-1020,11571,10388,3970,15062,3874,3860,12227,-2922,2087,5910,-2150,1757,13306,434,-2298,11044,13574,-2647,15184,8629,1533,14533,18467,4470,18840,9877,2933,10803,-3341,4403,14749,-9379,6787,14535,2464,-4142,18481,251,-201,13451,3618,930,12620,5996,3228,19171,7022,8136,10858,3564,111,12779,-4331,953,6928,-4637,-473,13732,3917,-5741,15347,14237,1906,11210,10188,7438,17876,17789,-1679
18351,-1026,371,11879,7625,-2719,15350,5417,4872,10388,2250,6127,7709,-4685,4631,10955,-4452,-5608,11845,11316,-986,15398,11184,980,9651,14067,-331,24392,20076,3597,12071,-218,6612,10809,-9050,7248,11250,-2396,-520,23736,-3427,-5294,8213,11331,3412,22271,-5102,-372,8663,14442,5009,18366,1213,10719,11392,179,-1201,8145,-6886,-3945,12559,-2455,-2861,12576,15318,577,8596,12352,3345,21590,15340,2327,16640,8769,-1119,11922,-1609,2838,13612,-11361,-183,10777,324,-2802,19338,262,6807,12830,6122,-718,13678,2883,-1719,14519,8516,7201,13358,6163,1733,14532,-6841,4380,3641,1898,1675,16917,-286,1707,14309,14297,772,8302,13952,-4494,19161,17269,4286,16805,5219,4835,14362,-5466,-322,11819,-6773,6856,14411,114,915,18441,2901,-4289,16508,-1713,-3016,11756,6464,159,15685,6310,4135,10121,3875,4328,10308,-7400,3943,8887,-2927,385,13878,8580,-3094,13689,12310,-3307,10089,13226,2224,24138,20511,5187,11428,2795,2909,12234,-9593,9166,9853,-3056,2367,24502,-3799,-7338,8485,12080,-878,22394,-5541,1277,6716,13569,8178,20783,250,7747,11406,2808,558,9775,-7372,-1107
12588,-4025,1512,7810,-6403,6248,19437,-2120,1352,18007,3079,-5790,13909,1649,-2357,13656,2360,1148,12073,5553,1408,12790,3945,7406,14083,-3129,5186,6941,-3161,-502,12551,2128,-3952,12688,13605,-3079,11446,13488,2585,21166,16924,2803,11643,8706,3751,14156,-6809,9021,12126,-5326,1875,19740,-3452,-6062,11449,9700,1820,20895,-1906,-209,7821,11501,3186,21821,801,12246,9261,4591,196,13400,-8667,-2564,6541,-2978,-4135,13244,8391,-1452,13770,15507,3725,19442,10088,3949,12074,13901,209,12454,157,-1464,12429,-9001,3546,13936,1286,-4519,22197,-2776,5955,7073,8272,1292,17610,-1873,-2509,13568,12546,5117,17991,4310,2090,9545,-1952,4310,4382,-2249,3201,19623,-3575,493,7215,17486,5596,10667,10017,-6067,22350,15173,-471,18771,10598,6412,11137,-4120,1633,7596,-5609,1731,20494,-3050,6303,18427,2750,-4122,11546,3451,-5022,15890,580,156,11888,7525,3732,14670,3980,5163,13488,-2009,2244,6001,-2498,3747,14012,-135,-1019,10848,13183,-7424,11580,11372,1186,18203,18310,6577,16179,9281,1804,13806,-5617,7396,10159,-6708,5378,19560,-2983,-4732,10938,7519,-312,20142,-791,-683
9347,8494,1691,17532,12501,-2604,15870,15064,1948,18639,15089,3900,10275,-940,-1535,15087,-4977,5244,19083,-4716,5721,13385,1206,-4500,12029,3876,-4429,20969,-2685,190,11230,9999,1625,15985,3819,2701,10499,1548,7838,5493,-5619,3020,11306,-3618,-4007,14000,12457,-1729,13249,11287,-917,12993,14230,2342,21404,17332,-34,14976,-1095,11628,8615,-8226,5286,13295,-3678,-3732,20024,-2285,-724,12702,11876,1110,18990,-2416,-212,10595,10862,8084,15414,2307,9015,13435,-903,-4920,7757,-5134,-1250,12734,-1833,-3331,12484,15836,673,10384,11835,4791,22048,16296,1797,14599,6454,-1599,13762,-3945,2813,10789,-8271,-927,14168,-2101,-122,15977,1928,5418,16284,3153,-943,10942,6267,-134,16560,7261,4973,9435,6689,1933,16135,-7496,6308,4473,1175,-23,14379,1832,3172,16238,14078,281,9940,14786,-6172,21219,16694,6116,16322,4012,3371,14826,-5061,230,12634,-7320,7818,12393,464,-1463,19159,1476,-2923,16762,-302,-4146,10877,6661,563,15141,5577,6007,9970,3409,2781,10340,-5498,3416,8741,-2721,726,14936,5599,-2557,11363,13914,-5799,12952,13672,5300,21209,17900,4848,12458,3420,1445
10203,11909,5811,18484,4136,587,6801,3088,2380,11388,-6317,8076,12206,-1563,-1791,9018,9496,889,17139,12691,30,14987,14123,1046,20183,16291,3498,10870,-1537,747,13613,-4329,5548,19454,-5940,3226,14668,1511,-4396,10303,5197,-3167,22661,-5256,799,8345,11340,-296,17764,3564,3402,9823,2552,9380,6170,-6200,-385,11350,-3916,-3338,12606,13876,224,15737,11046,-1607,11953,13732,368,21169,17656,3104,13130,-1585,9420,11039,-8024,5121,12609,-2842,-2901,21865,-3269,57,10622,12381,-1196,19983,-3519,-350,9941,12337,8151,15973,1763,9593,13127,-1647,-3895,6980,-4949,-2568,13097,-1132,-2992,12310,14817,1111,9933,13269,2028,23005,13032,4837,14283,9590,-1921,14660,-2834,964,9612,-8996,-845,13753,-1869,2433,18642,-768,2483,13507,6975,-523,12912,3476,1397,14466,8883,4884,11924,5236,963,14994,-5804,5109,3385,864,2159,16782,-1258,1841,12237,15856,-1055,10933,13525,-2122,23151,17333,5128,17808,6117,1425,14249,-4645,1778,9814,-8179,7667,13595,-1135,-1369,21478,2047,-3555,14785,1235,-1594,10501,4488,-614,14808,5933,3495,11214,5063,5094,11746,-4524,5972,7846,-4365,-1643
17541,-4578,3378,10108,-7815,1745,12477,-3035,-2287,18425,347,5188,13479,5951,2372,12116,5010,-3117,14621,7675,4277,12242,4737,2817,13773,-4619,7284,5734,-877,-2331,14456,1307,2328,12608,15772,2369,11448,12022,-3168,22018,18589,335,18717,4900,6087,12827,-2732,2937,12904,-9974,4197,12506,213,-1630,20403,-36,-484,14280,1611,-5466,9564,5557,-316,16111,5459,5863,9535,5232,7187,12613,-5721,2154,7204,-3298,-1970,14731,4660,-105,11208,14240,-6084,11223,13498,1254,22654,17105,7394,12098,8446,3461,14390,-8051,4680,13263,-6368,2665,18303,-1396,-1233,13045,6772,-1102,20036,-2063,-1198,7240,12024,7073,21878,946,8636,8283,5208,-1426,13465,-8813,-607,6178,-1180,-717,14119,5546,-3854,15547,16165,1779,13999,11509,5090,17973,14828,1529,10248,3600,-5117,16213,-9691,4765,13111,-1439,-8,19991,-5945,2491,7401,8997,179,21995,-1957,677,9592,13177,3951,17839,2501,-386,7625,2405,5830,9221,-4354,5827,13448,-2945,-3525,8504,11604,3621,16339,12358,-620,16747,15666,-327,20679,15174,3752,10524,-1751,1631,11191,-5490,6080,19633,-6562,1214,16912,-231,-3904,9248,6924,-563
5172,-1665,-3059,15610,1253,-2282,12859,18151,1883,9553,10488,2620,21990,15161,1501,12062,8592,293,18934,-7540,1552,10395,-5977,918,14745,-3390,952,13081,2099,4389,19054,2226,-4820,9574,9011,3249,16399,5918,4089,7570,4247,2729,15319,-6551,6525,5828,509,239,14271,3371,1583,14452,16181,-3417,10822,13343,-1794,22904,16249,6864,14540,4262,2072,16280,-4867,1227,13737,-8329,7539,12547,-214,-3481,17827,2826,-3365,18904,-1820,-792,7735,9035,794,17269,4306,3980,9101,4492,4330,9087,-5925,3338,9346,-4150,-789,14598,6946,-3051,12490,14277,-4564,9474,13918,4821,24248,17795,2456,12430,4332,3458,12876,-6294,7663,14275,-6788,2215,18949,-1234,-3986,10940,7370,501,21614,-2924,1191,6348,12588,4686,21944,974,7231,8527,4390,1641,11103,-6889,-175,8507,-2518,-5411,13128,7839,-635,17004,14679,3980,11731,11059,2631,17982,14261,-332,10458,3639,-583,16173,-9222,3563,14045,-1948,-3024,19567,-4569,3669,6544,8780,4251,22305,-2948,-3268,9106,13374,3308,17844,3475,4465,7011,1950,4427,9301,-5601,2356,12476,-1963,-1112,9851,11642,5272,17620,11925,-3485,13683,15042,-1310
22900,-3932,227,10191,9859,-2326,15857,27,3623,16012,9947,10368,11417,3130,1568,13378,-4756,-2421,6494,-2234,1560,14977,-79,-4651,11263,17582,-1122,10362,10582,5645,22931,15429,2524,13423,8034,-3707,17756,-5718,2753,10084,-7033,2081,13657,-2137,-524,16405,-883,2840,14445,5066,468,12149,5899,1691,15369,7832,2267,9278,4692,1741,14595,-4992,9762,5934,-44,-1287,15868,557,-510,10877,17863,430,11923,12630,-1149,23255,16163,2745,16178,5617,3368,15571,-4262,5512,11496,-8650,3781,13147,-168,-4511,19225,747,-844,15577,-57,-1006,8345,6399,-1703,16773,6052,4330,8906,4777,8091,11575,-6850,1661,7967,-3290,-2798,15112,6182,-156,11405,15967,-3142,10745,10887,1125,23328,17209,3193,12838,7954,5616,14397,-6926,5797,12711,-7351,1942,18113,-58,-1040,12702,5129,1774,20273,-1528,-4528,6533,11685,4315,22997,2323,11702,8110,4551,-1393,11769,-8418,-478,7133,-2311,-721,14538,6321,-3410,16075,16532,-31,11763,9936,5000,18232,14909,2926,10240,3582,-3635,17669,-8580,1521,12864,-1303,2584,19853,-4772,1279,7387,7140,1795,21377,-2702,-2706,8719,13982,6436,18863,3086,-31
14080,10367,4611,17165,18690,-117,17200,12435,3051,11610,-3900,7087,13874,-12845,4524,12109,1588,-5718,21688,330,2246,11507,6931,3873,13972,3102,-475,17893,7627,6722,11276,4351,5818,13081,-6197,-1439,6038,-4511,-3032,14207,3335,-1928,14509,16862,1370,10308,9466,3386,19659,17697,146,12993,4865,-1488,15955,-6936,5770,14331,-6640,5,14023,-1192,-2473,13763,3880,8598,16962,1407,-5598,11274,8507,584,15646,6024,6435,8390,4171,3087,13913,-5957,5113,8534,-739,217,11906,7256,1938,17369,13348,-1343,10697,12649,-4391,21242,17488,7509,13314,737,2723,14549,-4824,2392,17494,-7681,5459,12756,1292,-2773,14293,3154,-3577,19481,-2149,-2167,9990,10333,2118,16874,3797,6107,8969,2277,1764,7080,-6274,2546,11279,-2304,-1183,14623,10574,-2648,12960,11149,-1325,10674,12214,2757,23690,20955,6956,13102,-1608,267,10618,-7470,7164,11665,-3291,1832,23987,-1709,-5411,8156,11946,1544,22710,-6543,4083,6759,14785,4520,20125,1221,6318,10401,963,-755,9139,-6651,1074,11388,-2543,-4996,12862,14375,-1068,11469,11731,4293,21416,13120,4510,16858,10734,-6010,10826,-1683,2471,11859,-10453,6555
16299,3355,6540,12722,-1680,7368,5448,-3344,-1155,12441,-1451,-4778,11690,14968,1287,14008,10715,683,15206,18044,-498,17758,11948,6199,10714,-2893,7137,14410,-12766,3678,13285,2428,-5379,20238,990,1358,12488,5702,1881,14901,4397,-107,17782,6984,9827,11263,3536,6198,13278,-6584,-3327,5875,-4811,-2978,13921,4340,-2092,15913,15880,1516,12098,10003,3346,16273,19458,1836,13095,1689,-2614,13015,-7539,3753,14635,-4946,-1058,17802,-855,-156,12079,7217,7546,17525,-1061,-5512,11163,9515,3099,16760,5149,6765,8820,2004,514,11148,-5446,5159,12377,-1983,-473,8625,12739,3710,15991,10004,-1922,18550,14995,-1518,18416,17056,6205,10946,-3508,141,9566,-6086,2438,19105,-4743,6527,18206,2002,-2342,10842,5755,-4636,18883,-2966,-2631,10385,9857,3725,17542,3083,4153,11297,-585,5049,4840,-4642,2908,12716,-2297,-2903,12404,15472,-2936,13804,8082,-583,12251,20212,4094,21891,12342,1991,11110,-571,6786,13567,-13739,6344,11524,1436,-3017,21009,166,-3749,12615,7634,3299,15309,2592,2726,16795,7542,7330,12432,3494,4507,13158,-4653,-814,6589,-5166,-755,13978,2003,-6744,15753,15769,1310
17304,2784,-4867,11593,5264,-3381,17939,-2982,-1471,12261,8156,836,16369,4039,5784,11474,152,6694,4679,-5258,1903,11411,-3592,-2574,13534,15719,-4511,12960,11337,1040,14638,16671,2384,20154,14874,181,14149,-3806,12322,7873,-9516,4647,16141,-803,-5782,18881,417,-349,13898,7594,-609,15835,2610,1363,16058,8432,10781,12272,1332,6264,12791,-4420,-1790,7686,-4208,-4015,13692,1630,-5274,14045,16335,2360,12234,9675,4877,17261,20509,1753,13881,1458,-1793,11342,-6301,3914,15078,-7020,-2453,16942,-1732,-1569,11203,8394,8939,19240,-727,-3044,10411,9365,1224,16362,4029,5732,8555,4561,1081,12986,-6171,5289,12275,-1992,-1519,7308,10317,6235,17298,10145,-19,17784,19490,-7758,19982,15253,9876,8745,-1838,1619,10804,-9254,377,18772,-3566,6524,17987,2096,-986,10593,6172,-6048,17470,-3958,-4080,12231,8750,3377,16569,3899,7787,11822,-894,3975,4011,-4279,762,12205,-2169,925,13703,14918,-4323,11546,10226,-3826,16806,18211,6686,18881,15214,2320,15448,-3774,7689,7284,-9468,5099,15553,-2121,-3740,16754,2267,-755,17110,6024,-1465,13688,4423,1947,18024,6131,12760,10274,3506,2771
16539,15879,7962,12282,-1710,-2413,12230,-6069,3558,18622,-4237,7359,14902,1566,-3541,12516,5377,-5839,19055,-3421,-777,11661,8097,3183,16208,3715,4409,11164,1153,4730,5026,-5213,4200,12161,-4118,-1424,12570,14219,-5644,12345,11839,-1582,16577,15061,6011,19725,17149,-1428,15524,-3720,9921,6229,-8150,7265,15134,-3617,-4861,18682,625,-1491,15244,9849,812,16973,970,276,13716,8806,10129,13193,967,7120,12909,-2822,-3909,7600,-4825,-1209,13910,72,-6172,13888,15972,1250,8951,11343,6859,17554,16001,-130,14253,5763,119,14986,-5270,1708,10518,-6761,-733,15673,-2425,-553,14083,5622,4650,18337,1218,195,10745,7981,363,16486,5551,1816,8675,5764,4225,16156,-7462,7235,5889,-285,-3228,12833,4345,5571,17472,14865,255,12801,13842,-6265,18323,17537,4959,13872,600,3595,13646,-6336,1371,16605,-5183,6053,13983,951,-1567,13771,3922,-3721,19592,-2649,-4549,11233,8846,865,16334,4120,9299,8892,1639,2711,7981,-6593,1151,10639,-2123,791,14771,10926,-3246,11022,11903,-5023,15994,12992,5473,20676,20533,4951,13976,-541,4226,8081,-9303,7560,12715,-3084,-2322,21792,-2399,-1233
[row took 92344us]
4301,-1049,3735,18674,-2375,693,8861,16752,2200,10320,12087,-6255,23406,16837,3101,18812,9815,4460,12565,-4656,1096,7455,-7288,4943,17888,-3303,4180,20372,1383,-7707,11611,4682,-583,14913,688,80,12526,6575,1130,12599,4850,6395,14299,-4588,3485,5803,-1988,2461,12911,442,-3954,11645,15278,-4251,12189,12905,2445,19857,17221,3101,14976,10001,1484,13883,-5704,11695,11622,-8527,3759,16904,-802,-8990,14852,4189,3061,17442,3396,296,11410,6459,1833,19934,2951,11785,9035,4130,1913,14440,-6795,-414,5414,-2223,-5239,14203,4103,-3624,14898,17175,3327,13650,9824,5362,17324,17475,-408,11964,2377,-1061,15437,-9037,3828,12220,-2680,-2407,19641,-2064,623,9710,6777,7538,18706,-2436,-5714,10328,11558,3913,19170,4416,4137,6561,2592,3618,11113,-7251,3982,11960,-424,-1124,9845,11498,4367,15190,12318,-2339,18078,13533,-1757,18775,16264,7890,10636,-2433,1137,12739,-5653,902,19507,-3970,4739,16313,1709,-1268,10339,4777,-5894,20573,-5599,-249,9516,10601,3135,18052,3705,4310,10224,581,5051,4972,-5000,1121,11921,-1586,-346,14750,13048,-2580,11814,11844,-4167,14898,14231,5180
7172,10222,-2235,19236,-1858,1876,11819,12740,2603,16238,3544,826,10975,-1644,7752,5023,-823,4682,18403,-3510,-1900,7803,16282,2539,12126,11151,-4554,22052,17078,1829,20124,10053,2769,11195,-4054,3465,7869,-7051,6278,18583,-3662,1558,20217,573,-7412,9799,5995,910,16342,-2034,-228,12684,8059,-242,13745,5103,8354,13814,-2452,2502,5478,-3112,106,12294,365,-3888,11601,14907,-20,13005,13768,8,19028,13928,3879,15402,13396,1387,16228,-5794,11362,9454,-8105,-355,16019,-1783,-4792,16526,2679,3680,15904,4978,298,12893,4004,811,18614,5573,11207,9169,4170,2499,15172,-6455,-1719,4579,-2074,-3986,15367,2420,-1627,13835,17697,1785,11277,9537,2950,18493,16771,1092,13574,5003,277,16945,-7506,1278,12804,-4710,557,15071,-1935,6,13607,4083,7024,17712,1179,-6623,10709,8356,3959,15287,5484,5368,8896,2584,398,13748,-5059,6233,9113,162,1347,11401,7140,1871,16940,13326,-3751,12203,11439,-1693,19201,19249,7425,15001,-1059,427,13309,-3663,1996,17792,-6613,8461,13554,2253,-3782,14061,2708,-3610,19013,-2887,-2330,8914,8996,3262,17554,3459,3850,9854,3049,3050
16824,14930,1258,12237,4853,-4037,17724,-8520,3603,11794,-2092,2168,17561,-5006,-2339,10456,6582,4749,20623,-470,-2303,9951,11204,4696,16294,3390,-464,7697,3894,5208,12873,-5584,6501,10435,-724,-2536,9546,8210,1544,17364,14755,943,14715,13786,-1792,20012,13657,4851,10319,-56,1428,14299,-5176,4052,19314,-5797,2210,13633,887,-2430,12445,5527,-1325,21799,-4745,-1895,8786,10320,-359,16895,3837,7065,10382,2755,4396,5986,-6231,-1116,10073,-2746,287,14580,12538,337,13863,12149,-2881,13434,13558,517,20784,17805,6130,12904,-723,5133,10633,-8676,5522,12778,-3569,-2479,21739,-2632,791,11685,12868,-1262,20368,-5027,-123,8104,13219,8746,17766,-208,9282,11365,973,-4258,8466,-5838,-975,11716,-1083,-3052,12060,15192,-168,11795,11500,1087,22742,13545,5830,15082,9980,-1148,11702,-2262,-515,10864,-8597,2206,14174,-133,2525,20740,-2839,298,9154,9131,-841,15975,95,2218,13444,11483,3470,14735,3612,908,12424,-4062,6167,3553,1122,3197,19352,-3103,-953,7599,18068,480,13677,10441,-2101,21535,15667,4754,19197,8185,184,13305,-4246,4618,7529,-6076,4596,17619,-2719,-913
10800,1494,481,9358,-6685,-2286,10844,-799,-6793,13131,14422,2667,11867,11883,3584,22625,11425,2490,14150,9831,-2963,12773,-2047,3843,10480,-8428,1022,13696,-179,-940,20812,-1781,3416,9220,8677,2266,15187,587,-3279,13972,11115,4411,14852,4698,4172,12317,-4238,4495,4020,424,1013,19044,-1960,1231,8636,17661,2388,12455,10319,-5290,22207,15039,3749,18940,8345,4443,13147,-4695,3912,8042,-6728,1645,16541,-1880,1343,20868,1460,-3343,12138,3606,-2625,12724,2028,119,13789,7211,4949,12211,4282,4660,13101,-3856,1587,6972,-1586,872,13479,2725,517,11657,13822,-6852,12734,9775,3438,19453,18459,4060,15791,8535,2963,13096,-5820,6163,11761,-8145,4808,16878,940,-3529,16098,3876,1090,17208,2000,-3135,9124,8922,4705,20917,3091,10690,9274,3973,-1120,13224,-7013,1062,6923,-2076,-1638,14189,5028,-6156,15149,15849,2044,14148,9695,7456,17221,15281,307,11254,2596,-3793,15384,-8443,4700,13123,-892,-166,20134,-3120,-954,8685,6432,4803,18719,-1280,-2080,11566,11553,4730,16992,4384,-776,7631,2847,5665,10343,-5597,5771,13547,-1662,-3016,8925,10714,3247,16640,13235,1002
22115,-2505,-3175,8523,11268,2639,22658,-4960,-2513,6131,13591,5992,21876,406,10692,10236,3548,-272,10279,-7903,-3586,9748,-1922,-2723,13557,11830,-1176,13713,12488,3308,18885,9381,3066,15554,12733,757,8918,-408,-875,14093,-9449,3085,13307,2686,-3574,22719,-1823,8283,6447,7738,-915,17577,-2068,-2864,12862,13313,4977,17753,4922,2986,9507,-3088,3627,4726,-1409,4767,19593,-1670,895,8452,16183,2436,10884,9110,-6578,22156,13904,1513,18863,10584,6301,12280,-4074,1878,7887,-5859,3715,19238,-2973,3502,18824,2605,-6213,11277,5149,-3597,14951,-181,1988,11907,7848,3554,14916,4115,4062,12788,-2854,2413,6206,-1184,2553,14415,60,-4581,10451,13817,-2237,13495,9044,2825,18131,18799,4268,16686,8244,1074,11257,-3868,6109,12518,-8753,6135,17619,1444,-4807,15329,4254,28,16163,1833,2895,10519,8552,805,20448,4618,9599,10120,3179,1717,12681,-5716,354,7850,-4652,-2506,13346,6306,-5141,15656,14910,3031,13712,8101,6353,15526,17513,-659,13159,-770,-3093,13624,-7054,5329,13928,-1490,-2005,19357,-558,-1828,10290,8356,8323,18127,-2614,-2561,10573,10974,3005,17660,4403,3216
13301,16935,901,19646,11926,3008,12161,-2181,9637,12150,-10184,2977,15165,1214,-3791,18267,2702,377,13703,5207,749,13928,5356,-673,17616,6245,10595,11693,3422,5359,13991,-5576,-3196,6316,-4672,-3278,14304,4038,-3357,15509,15275,3161,12769,8396,3205,15430,18064,2758,13291,654,-2605,12942,-7801,1976,13370,-2453,-1581,18824,-647,1043,10857,8082,7480,17093,-1620,-4037,12109,9504,3753,16848,6071,3966,8389,933,1772,9865,-4457,4856,15625,-2394,274,7380,14921,4567,15716,8070,-3039,19441,14892,-3691,17494,13801,8050,10289,-3826,-269,10039,-5541,3460,19241,-3589,6022,18449,4091,-2220,10705,5164,-4870,17311,-1684,-2699,10939,8131,5049,16370,2091,4169,11514,-1075,2588,5413,-3065,2698,13096,189,-576,13132,14321,-5489,12642,6207,-178,15087,21554,6381,19831,7755,2263,9906,-2055,4778,11557,-11591,7896,18353,1944,-3905,14602,6935,-3641,18365,592,597,9257,10201,4232,20959,2621,10231,10604,4352,1028,13945,-6097,-1266,7442,-4231,-840,13666,6113,-6004,14079,14139,2754,17313,10868,8111,14797,15642,1674,10520,-1468,-6059,11783,-9865,5672,12125,-27,-888,21097,250,-1165
11870,-1971,1171,13275,11391,-2331,13046,9792,-6238,12087,14631,3789,22334,16537,4318,12487,1371,2541,9042,-10977,11488,12895,-561,1515,23139,-198,-6888,10055,11481,-2487,18756,-876,2728,13158,9735,8253,14584,1250,9479,13344,-1780,-2331,8387,-7271,257,12829,337,-6984,13747,16311,-4025,11339,9594,8814,12047,17807,4603,15377,1839,-3279,13325,-5783,1719,12577,-4291,1478,16073,-1601,-2903,11441,8212,2946,19863,-411,612,11236,9063,5837,15844,4790,1399,10188,3568,1510,13232,-5686,9229,12237,-2035,-5646,7365,11203,4182,15622,11041,3186,19770,15832,-2905,16148,14214,2897,12308,-3002,1859,7556,-7584,4012,19544,-4151,2747,18371,4818,-2027,11330,5519,-725,15155,-1643,-4579,14147,6529,-935,15132,3822,9962,11919,-1691,3767,5613,-3596,-287,11719,-1201,520,13961,16318,-3967,13391,8669,-1197,15208,18786,1372,13519,10155,6260,14927,-5084,7272,8613,-8743,5129,20933,-728,-1975,11156,9483,-4364,21376,-1933,-1275,7863,12294,1277,22900,563,14515,7578,4351,5167,13769,-8038,-4068,9105,-3480,-5545,13179,7820,-772,11873,15173,-1186,19727,11753,4956,15637,15217,6644,8367,-1008,-2044
16685,3357,6857,8814,942,8014,7284,-4881,-1336,11648,-3059,2644,12890,14367,-2470,12907,9646,-3777,14006,19631,-183,16937,12440,7775,15194,-1590,7105,8548,-11538,5869,16417,-2589,-3553,14589,5180,887,19646,5167,-3880,11563,8416,-1507,20503,1887,14108,6840,4895,7916,17171,-7627,-4046,5223,-3424,-4405,14680,2708,-2740,11211,18384,802,18151,9608,2318,12221,20160,4997,11386,-152,778,10097,-11732,-639,13418,-1303,-3772,21205,-3095,4475,7774,10657,708,17166,-2710,-2456,14729,10678,9024,15536,5826,787,10553,-1591,2819,7305,-4638,4291,16265,-3446,-389,7406,17032,2690,10803,12588,-925,22388,16925,-1064,17881,11270,3238,13719,-3771,1490,6649,-9461,3445,17156,-2333,3938,20351,3578,-1373,13751,4354,-4135,14201,791,-2883,12216,5468,3762,13218,4322,5547,15070,-4210,4111,5064,-2496,4601,12944,-923,-1461,11062,16350,-8142,15716,12652,-288,18660,21271,7448,9850,6454,250,12329,-9605,9584,10484,-5992,6272,23569,-4344,-5457,9802,13677,-6624,21971,-4220,2945,6311,14118,6208,22244,-826,10082,9893,4451,3632,12931,-9861,-1637,6806,-2598,-6743,13078,10380,-4226,8870,15856,4040
15305,5940,-4796,17338,-3527,-1969,12768,8617,-1882,15664,3529,4813,9859,2897,6785,8174,-6039,2671,9234,-4583,1991,13962,9340,-3275,12955,13260,-6504,11327,20033,4878,24109,15985,2584,10637,3496,5291,9653,-13804,10537,9050,-2718,543,22721,-4113,-8900,13481,13654,594,18182,-3802,1629,11008,11748,5708,16720,711,12498,12340,527,185,8673,-8944,-4351,11219,-2182,-6582,12719,17737,-268,10325,14176,7771,20360,17882,1214,13281,7967,-414,15242,-5542,3363,10607,-9752,-2661,13870,-2491,-750,16200,2475,4558,16599,4454,398,12063,5025,2280,15257,6343,2991,10915,5817,2942,15901,-7798,7214,3963,-106,-3526,14029,3676,3311,16564,15876,3185,12072,16942,-5593,19781,17721,2275,14196,2600,5070,12666,-7086,1783,14775,-7801,3845,15592,-201,332,15610,6256,-2184,18683,-3881,-3928,11814,7678,-3358,15131,3789,10100,9931,2152,4789,8649,-6504,166,8815,-3994,2113,14086,11420,-1375,13192,12336,-8865,11879,17684,3861,24416,18800,6882,11514,1529,5283,9884,-12377,7722,9841,-3045,149,22595,-3159,-7173,13603,12785,-282,18580,-3515,567,9806,12107,9310,17137,69,11322,11990,-305,-3043
18614,7715,6151,13426,-5615,-690,9914,-10501,5811,15080,-1356,2025,20341,2171,-4452,14530,1370,-3035,12450,3773,-1002,13972,4887,4711,10819,5678,5232,13250,-6032,4719,6171,-3046,2232,14440,3797,-3182,11257,15033,-7207,12262,16300,3858,23622,19307,5051,10796,7067,420,12794,-9387,10856,10704,-6466,3689,22572,-4398,-7521,11811,9761,296,19909,-2578,1671,6944,11707,3360,23190,-711,11427,7901,4576,1328,13439,-9066,-1441,7080,-2318,-4853,12254,9313,-4087,12873,16985,5082,20405,12262,4634,15374,16118,213,11002,56,-2694,12260,-11446,4684,12728,-1518,-3699,22077,-2802,2463,8782,9945,2800,19292,-2709,-119,10456,11595,3101,18832,3286,1734,9068,-522,8146,6230,-4658,1980,15518,-2421,-4162,8785,16551,8945,11421,12092,-4499,22066,18015,-3550,20750,12410,4930,11079,-3293,6052,8456,-9122,1355,17721,-4208,3794,20213,611,-2816,10701,6719,-3506,17464,-2466,-2780,11671,7530,3406,14195,5743,8895,15253,-3024,2068,3359,-3617,-509,12579,-203,-587,12601,14770,-3107,11012,13259,-3933,18872,17490,6988,15403,14342,3818,16944,-6165,6969,9292,-10550,3099,15716,-2316,-4502,16320,2560,1163
4096,819,2683,17679,-1284,371,9551,16892,753,10634,12838,-3715,23111,18007,5681,18488,8562,1381,13731,-4881,2165,8931,-9204,6303,15303,-2885,-118,21970,209,-5119,12569,3639,426,12560,1826,-1216,14711,5992,1656,11661,6243,7133,13170,-4964,4108,6599,-3453,652,12095,2806,-4076,11054,15140,-3837,13196,15288,3124,21583,16720,2823,11925,10371,2992,15516,-6458,10180,12189,-10064,2075,15404,-1424,-6544,16517,3341,3122,17637,3523,1159,9640,6886,743,20439,1932,11225,8994,5082,2818,14796,-7683,-1662,4589,-1707,-4633,14465,5303,-2013,14419,18017,2576,14085,10820,4139,17454,16644,1172,11938,4436,-1301,16858,-9455,3002,11763,-3338,-2113,18831,-4792,1432,9893,7333,6432,21244,-2283,-5981,8588,11968,4868,18061,2967,3881,7246,3486,3350,11713,-6652,4082,10224,-808,255,10485,10094,2522,15635,13370,-2325,15409,16204,-2685,21231,15821,8806,10322,-156,-354,13302,-6889,1811,18607,-6268,4933,15334,1053,-2306,13136,6147,-4205,20993,-6169,-1567,8189,10443,2705,17603,3313,5490,10841,2438,3121,4920,-5971,763,10321,-2705,1523,14192,12359,-3510,13255,12485,-3122,13567,15908,5035
13101,3675,4677,18621,1204,-1955,9895,9085,3549,16349,5011,386,7843,3771,4624,13761,-5696,10017,7778,-658,-2813,12349,5308,-439,14793,15939,186,13407,15205,-1248,22626,15384,2863,11593,3001,3695,15982,-6029,5430,15977,-7875,3293,13025,713,-5656,16219,3761,312,19829,-3320,-790,8110,9073,-1965,17558,3865,6965,9119,4270,6000,8212,-7019,-933,9041,-3324,-1448,14571,10156,-549,13457,13069,-1120,10201,13752,-1067,24762,18758,6121,10441,1984,4731,12406,-8043,5021,14067,-5097,-290,21472,-3183,-118,8256,11337,-1205,23714,-5619,500,5121,14771,6437,21708,-107,9849,8926,2993,-2015,10329,-7808,-2388,9415,-834,-1649,12809,11492,-1123,13325,13500,2094,19655,11392,4840,16713,14386,-216,10158,335,-3094,13381,-10657,2712,12656,-361,1610,22971,-4926,4472,5594,9115,-1923,20687,-2787,-122,10894,14404,4139,17565,2704,1534,9037,-697,5812,6080,-2271,6460,16480,-2488,-3050,8188,14889,2033,13709,11255,-4254,20382,17077,2984,20656,12663,2775,10137,-4425,3263,9428,-6818,6640,19382,-4012,1588,20378,-1085,-6427,7654,7126,-1642,18097,-4240,1229,12337,10628,395,15340,5223,6276
14535,10786,3608,18700,16003,710,9670,2858,-578,16247,-9383,3575,13637,-2059,-2864,20240,-3664,1632,7932,7158,5222,20773,-3448,-4618,9396,12497,4060,18671,4255,3072,6796,2764,3576,9504,-6487,4438,11189,-1343,-383,12058,11140,4562,14253,12168,-3552,15258,14418,-3242,21142,15502,9394,10765,48,-293,13619,-6542,2585,19248,-5187,4751,16291,565,-2672,10463,6098,-3858,21446,-6234,-2368,8881,11938,2900,18150,3176,7763,9434,1537,1556,5339,-5559,1034,11568,-2393,-1002,13127,10731,446,12524,12933,-4773,14664,14492,3559,21267,17430,5110,11570,-1263,2592,12921,-10449,7255,10307,158,8,25279,-5310,-2482,7648,13622,1164,21384,-6293,57,9509,14575,7936,17918,721,7264,10808,-153,-1957,7509,-5431,410,13050,-1488,-5301,11305,15477,-1038,12068,11405,3925,21923,13162,4452,16427,10196,-4729,12321,-2306,3688,11081,-9574,4014,11842,-72,-2495,22523,-2888,2569,8330,8615,2343,15846,-1156,-2149,13247,12584,2748,15194,5172,3256,12249,-3739,7768,4469,-192,1000,18456,-1318,-807,8474,17449,2867,12170,10192,-4479,22250,15549,1212,18410,9237,5056,14515,-4966,5619,7499,-7903,1859
15645,2638,11150,12640,-3065,-5626,5819,-3799,-1818,14777,-1129,-886,13222,15673,369,8953,8931,1696,20314,18781,3311,18508,5382,-1191,11880,-1950,752,13460,-10836,742,11040,666,-7,18521,1069,4506,13628,5176,-99,12506,4407,-1887,15467,7710,8678,11870,5828,-1372,14824,-5923,6936,4600,1377,1721,15823,1280,847,14173,14153,-252,11824,11628,-2596,18160,20013,4691,18664,1267,1669,11931,-2327,1281,14786,-9092,9640,12215,1665,-2989,19181,881,-2809,14939,1039,-1947,13068,6181,-37,14437,5550,3356,9793,2091,4642,11007,-4653,5743,10390,-3145,-2149,12420,8581,-4390,13649,11979,-1013,11843,12206,3252,22438,19843,2597,11703,966,3807,10044,-6609,6831,13489,-3652,1867,22152,-1911,-5934,9391,10287,1703,21835,-4446,3057,7599,13577,4576,20255,906,6634,10284,2402,1773,11081,-7597,-1789,10202,-2924,-4201,12210,12576,-1998,10697,12452,5128,21441,12445,3348,16791,11462,-4255,10300,-444,2087,13297,-11355,5261,10299,1384,-5741,21754,-1451,6536,10089,9263,3336,15776,239,-4938,13623,9872,3711,15512,5341,5172,12367,-3911,3582,3897,-104,1142,19338,-2606,1107,10002,16933,3545
22617,-1569,-6122,9135,12141,1685,23074,-4830,1414,6618,13981,2241,21000,1633,11472,9962,2165,1368,12029,-7450,-4416,9762,-4366,-1781,11320,12710,-2017,10045,12057,778,22391,15587,6104,16161,11780,-1623,11151,-554,556,12996,-13167,3983,8258,748,-5760,21201,-330,6795,12569,7780,2109,13212,1690,-4847,15480,8945,7758,14718,6437,3256,13395,-5203,1405,3470,-74,4554,18745,-2543,-353,10902,15721,2194,9245,13117,-2390,18310,18992,520,18080,5465,6421,13441,-5055,-180,11290,-7548,5178,15597,-503,3415,16757,3525,-4260,16044,-1076,-5618,14119,6564,525,13426,5828,3505,9892,3191,4810,12542,-6757,5179,8761,-2884,721,13200,7152,-3767,12555,12489,-3618,11979,13599,854,23089,20360,5574,10184,2976,4152,11839,-10380,8453,8391,-2558,4076,25452,-4560,-7972,7524,14115,-1303,22181,-5022,1150,8306,13711,6099,19553,525,9044,10808,999,2307,10475,-7504,-2555,10973,-4118,-4609,11316,14702,-4119,9572,13743,4042,21445,16055,8482,14258,9128,-6180,14031,-3650,3462,11158,-9361,1292,11670,-1346,-2490,18331,713,3494,15267,5638,2053,12473,3966,2093,14068,8105,2500,13784,5645,1588
21655,16655,110,14998,57,7725,8032,-9921,9146,11753,-2328,-4382,21107,-1268,-3739,13986,11595,2012,16801,307,632,14419,8352,7890,12885,2384,9494,13207,-2577,-2600,8627,-6175,-3234,13058,-1392,-4846,13501,16760,11,10746,10642,6833,15711,18562,986,13928,4126,-1138,12910,-5956,3478,13718,-6679,-480,15804,-1793,-2675,11971,6603,5942,19245,-729,-1589,11333,9625,1846,15927,5960,3148,9437,5747,1959,14444,-8255,8894,7972,-1763,-4076,10558,8331,3578,17974,13243,4306,16151,15512,-6682,16556,15893,6206,12419,-1226,3061,10805,-7242,717,18016,-4582,3829,17038,1877,1117,11975,5924,-4584,17707,-3747,-3107,13251,7944,-108,15379,5312,8849,10984,-131,3930,6301,-4533,970,10757,-3452,1885,13945,13594,-2715,11994,10718,-6131,15195,16831,4178,18998,16497,4592,17068,-2443,6513,7036,-9967,6422,13549,-2847,-2463,16454,717,-1249,17535,8386,-1120,15199,4229,-36,17213,7175,13092,10209,1779,5631,14654,-5205,-5326,5805,-2946,121,15459,-222,-3401,13257,17353,-3097,12717,9689,6506,15125,19016,4090,13388,3982,-2819,13549,-8133,631,12720,-3898,1820,17670,-3934,-355,9095,8608,1558
11480,-2888,331,13231,13023,-6661,11567,10372,-2808,16112,17092,6444,20049,16984,-436,15384,-2523,8673,8695,-9975,8287,11632,-2499,-3860,19268,-1149,-2840,14504,9982,934,16370,189,1708,13823,8897,10080,13725,2418,6030,13131,-2539,-3386,7378,-4228,371,13852,-908,-6768,13440,16308,-1145,10397,11186,8062,19553,17941,2068,13708,5366,-2170,13982,-5975,2142,11784,-6753,1493,16421,-3074,-1928,12668,5968,3097,18580,1120,1678,11596,7266,2609,15590,6230,25,9135,5552,3088,15302,-7145,10652,6658,-840,-5575,11369,5429,3649,16963,14027,5044,15645,15870,-7535,18794,16761,4054,11890,902,3540,11925,-6673,2278,17274,-6108,3639,15653,-267,-725,13421,5940,-1957,19115,-4336,-3565,11509,8881,-1719,16581,5528,8555,10319,1811,4892,6637,-6025,-137,9581,-3932,495,14430,12288,-1396,12394,11650,-4964,14324,15510,2997,21929,18928,3991,13934,-73,7653,9113,-11207,6060,10562,-1997,-2991,21896,-3069,-409,13392,11891,-151,17516,-3909,-1949,11145,12401,11459,16211,1104,9577,12634,-228,-5374,7419,-6747,-2147,12768,-1452,-1917,13204,15615,-1564,8812,12694,3948,19858,16099,5440,14964,8582,-1816
14896,43,2325,13066,7632,2911,12321,4857,5734,13978,-5104,2780,5615,-1738,1501,13580,1553,-3589,11829,14929,-5368,12646,11616,3025,19030,19394,5946,14932,8694,566,13731,-5710,8624,12088,-7911,4747,18373,-1635,-6821,13256,5218,1514,19077,1473,600,9472,8725,3248,21319,2125,10045,8244,4168,726,14666,-7113,477,6032,-2840,-4145,12907,5188,-4285,14755,16391,2962,15434,10843,7220,15692,16046,-1525,12559,2969,-3525,13856,-9116,5576,12615,-2746,-1453,19685,-3207,168,10029,9128,5224,19629,-2301,-2021,9973,11066,2956,18781,3333,1739,7138,3383,6783,10914,-6166,2355,12266,-1857,-2220,9331,11981,5633,13583,11959,-2146,19829,15967,-2538,20217,14538,6618,9841,-2196,3340,10693,-7068,1495,19269,-4814,3087,17194,1253,-718,11082,6478,-3773,19349,-4200,-2405,10692,8893,2053,16249,5599,7355,13442,-633,4363,3285,-4577,-812,11646,-2222,608,14277,13999,-1288,11277,12402,-4402,17705,14114,3968,17094,17111,2678,16382,-3936,8282,9122,-8130,3046,12885,-2711,-516,19290,-1463,458,14640,10262,-2253,17739,-1428,1430,11919,10383,11280,14083,1584,4774,13274,-2819,-5252,6381,-3169,1409
9145,-2835,2196,11577,-7465,6783,15374,-1342,4364,21970,-1968,-5729,7629,7854,-3649,19511,-2750,433,10689,9366,2106,14675,3980,5212,13631,-2554,5957,4790,-2712,453,12436,-847,-5783,11655,14223,49,13742,13156,-1327,17831,14178,5792,15973,12650,1173,16376,-4216,9379,9828,-6867,1950,15790,-1319,-3862,16897,1015,471,14485,5996,2012,13713,2952,1977,17871,7175,8234,11030,3762,3732,14033,-5174,-1551,4855,-2976,-3967,15058,603,-1959,14078,17361,2066,12550,9894,4085,17464,16071,-698,13840,5004,-496,16959,-7076,3457,10837,-3931,-470,16141,-4109,-503,11922,5922,8092,19718,1143,-4751,9874,9397,509,16788,4480,5682,7660,5431,2263,15236,-6681,6027,7557,-99,-466,11611,5913,3574,16614,13772,-2567,13739,12815,-3115,19067,15497,5024,13597,1953,3622,14837,-5856,716,15543,-5727,6771,13534,865,-1424,16127,4528,-4143,19464,-3635,-2665,9202,9364,1892,16419,4378,6243,10509,3770,2293,7625,-5699,1455,10608,-2290,2240,14737,9522,-3681,11833,12355,-3294,13725,11949,3649,20775,18496,6710,13101,-190,923,10406,-7564,8689,12886,-2861,-674,22076,-3157,-3722,10075,13139,-241
11846,-1259,-1716,8860,8893,485,15802,13035,660,18103,13822,-66,18856,14711,4951,10460,-1604,-282,13164,-4637,5456,19333,-5646,2250,14875,1297,-3628,11783,6141,-1562,21014,-3630,104,10060,10002,-621,16166,4211,4882,11409,1324,6761,5141,-5667,-44,10791,-2528,-2673,14760,13594,-563,13278,11346,-34,12856,13809,311,22021,15810,1738,12679,-1010,10617,10625,-9238,4082,11561,-2143,-3168,22763,-4035,541,9894,13619,94,20672,-4059,151,10056,13029,6912,16687,1823,10119,12186,-1250,-3209,6975,-4627,-2941,13294,-1131,-3620,13206,15107,2324,9130,11669,1578,22743,14841,4497,15203,8794,-2301,13385,-3631,1861,11514,-8833,263,13176,-978,993,18657,-1426,3521,12705,6355,-1088,13186,3046,322,14614,9566,5172,11926,5217,1099,14352,-6310,5545,4003,1573,1594,17493,-366,1553,11721,16138,-1239,11985,13422,-2736,21469,17085,5905,17634,6444,2806,14721,-5509,1024,10743,-7570,7373,14082,-1458,-1958,20379,1538,-4150,13881,1077,-551,11030,4863,-276,15490,5419,3045,9865,5095,4574,12502,-5399,5177,8298,-3148,-1629,13147,5346,-2341,11727,13988,-4534,12619,13326,5088,21878,17296,1032
[row took 92676us]
13789,4344,2110,12487,4881,-948,14971,7538,3091,10284,5420,1624,14502,-5914,9941,6143,588,-2328,14714,1622,1474,13625,16878,1139,13178,12399,-2437,19883,17033,1227,15695,3592,5058,14381,-4517,3965,14678,-7702,5672,13607,31,-3428,17348,2652,-1908,17793,-2271,-2481,9186,8437,-1880,17349,5597,6578,7989,3590,7124,10208,-7436,1652,9334,-3190,-2950,14638,10238,-56,12203,12337,-3635,11404,12863,949,24701,18528,6130,9990,3790,4176,11943,-9551,4809,12857,-3287,941,23242,-2500,-414,9565,9823,-1373,21223,-4782,-1371,6748,14171,8692,20824,1268,8482,10174,2801,-2869,9922,-8532,-282,10328,-1934,-1132,12235,11924,-4838,11416,14233,3270,21846,11142,5782,15321,13148,323,10918,-458,-3596,13674,-10498,3750,10823,1382,-344,23622,-5059,4549,7028,9704,-2363,19083,-1888,1954,11040,12742,3940,17360,3749,-1275,10739,-1074,7672,4568,-1941,5667,17338,-2374,-2742,9477,15489,3562,10310,12096,-4517,23173,15322,1187,19213,11381,1820,12726,-5132,4743,7497,-6175,7315,19129,-4336,832,19069,550,-7458,10403,5609,-668,16149,-731,-694,12493,8375,1177,14669,4735,8854,12517,-2595,3868
17194,5909,-3021,11787,-1959,2952,13663,-10346,1071,10756,1806,-3339,20034,365,6627,11807,6242,2538,13599,1742,-3508,14116,8606,5221,13148,6002,3176,14427,-5489,5022,4402,1997,149,16555,1519,2012,14339,14702,2895,11138,10611,-5331,19017,17892,2775,16854,2703,4576,12715,-3569,1119,15010,-8033,7046,13562,1356,-1830,17668,2641,-750,15478,-201,-3744,12786,6191,-1436,15102,5117,6068,8919,2847,5096,11102,-4928,1054,10975,-2574,150,12988,9801,-1175,12331,11218,-3450,11819,11240,481,23589,21033,7952,12364,92,1894,9358,-8011,5003,11318,-2129,2132,24293,-3218,-2855,8564,11564,-754,21958,-6379,2574,6801,14885,6283,20616,778,8163,10185,2043,-2821,10221,-6176,-549,12485,-2786,-1457,11073,14030,-4360,10742,10549,3744,21384,15363,7635,18257,8488,-4901,9451,-203,-1481,14382,-11374,6115,9620,1859,-1736,21515,-354,2787,10910,6935,3133,14215,1197,-1307,14319,8567,3622,14587,5316,937,12880,-3908,6528,4033,813,2760,18406,-1034,-1713,12579,15417,2002,9639,11228,588,18058,17563,-1583,19256,3076,4538,12357,-1501,2930,14471,-8597,6889,12893,1411,-3367,19072,1729,-1277
11830,-3686,-4434,11922,14938,-3142,8938,12215,6701,21488,17684,4246,15621,6879,-5678,12373,-2801,3441,14974,-10746,2821,10477,348,-5368,17312,1881,6056,15499,4688,3862,11324,3948,-2808,15056,7398,5033,14109,5422,1970,14253,-5073,7317,4873,-122,-970,14991,2530,-306,16275,14766,6347,11229,12714,-5038,17358,18890,-1853,15032,198,5809,10770,-4178,4387,17863,-7109,2988,15317,940,1022,13235,4720,-2803,17580,-2552,-3266,13665,7823,-1550,14922,4296,5715,9348,1733,8104,9582,-5145,602,11337,-3485,-1815,12219,12214,793,13797,8494,-4482,9769,17957,603,23685,17358,5663,12048,1324,5481,11967,-13373,6413,7531,649,855,23393,-3338,-5088,9091,11622,1469,18783,-1864,-276,14605,10513,8013,14204,2934,11914,13111,-3492,-6522,7658,-5339,-1289,13842,-723,-1292,13851,16345,-3895,11331,9052,5366,15482,22268,6043,15173,2846,-4701,10382,-5277,2708,15906,-8630,1344,16165,-698,-1256,12349,6345,4499,17356,-425,-2935,11090,8745,3385,15975,5809,5698,10938,4084,-2967,12161,-7202,9573,10126,-573,-144,9987,8124,-207,13162,13122,2604,20174,16603,-2776,17856,16872,5246,12577,-2545,1987
23452,385,12872,8663,2687,2261,11944,-9153,-3989,9204,-2093,-3464,12386,10626,-3705,8673,13819,400,21479,17607,8799,19132,11667,2092,9762,236,-3671,13944,-14673,3731,6339,1946,-3872,22695,-2504,4285,12855,7068,854,12204,846,-899,15800,8623,8001,14171,6593,-1762,13879,-5955,4955,3479,984,3953,18957,-2954,-1488,10594,16362,4391,9131,14525,-1483,20257,20530,285,17064,4850,3282,13815,-5399,1189,10538,-8136,7048,18102,-683,872,15276,3630,-4009,16915,-2189,-2673,12923,6670,-3212,15427,3248,4036,8889,4260,7660,11816,-5408,4839,9165,-4133,-632,12368,7210,-3102,12902,13342,-4575,10858,17491,1995,24012,16595,3957,8178,5635,5451,10792,-10975,9559,9030,-3549,1846,23662,-5271,-8753,11326,13892,1050,20175,-5524,2107,8530,13419,2808,18691,48,11984,11767,2040,4563,10352,-9354,-6232,10270,-2102,-6096,13197,15342,-400,8939,14156,4300,18748,17923,3550,14107,7682,-610,14012,-3755,3627,13190,-10789,-2999,11341,-605,-3206,17560,1241,6746,16301,3833,286,10801,5425,1272,15666,5795,6373,11719,7060,393,15978,-7779,6313,4057,-161,-756,14502,2984,767,16188,16045,5975
17288,-781,-1413,15866,8457,2694,14773,1456,-2217,17589,6774,11363,11075,4726,9430,14591,-5990,-3951,4809,-3276,-4324,16066,323,-3687,13739,19016,1232,12491,9829,3914,15907,18707,2336,12449,4565,1332,13513,-7138,-259,13870,-5836,-2557,17026,-3020,2326,9236,7463,4539,20540,-2252,-3128,11048,9861,4720,16519,4061,3098,8587,4061,1116,13169,-7260,4981,8748,-1078,-216,10242,9782,4194,15360,13410,58,18532,15711,-3981,19148,17134,7025,10985,-1506,-526,9795,-7773,2145,18016,-4040,5422,19351,497,40,10746,5797,-5199,18040,-4836,-3553,12207,9624,1409,17449,3787,8495,10714,148,3097,5281,-4982,3452,11072,-2354,148,13579,13786,-6827,11632,10793,-2719,14824,17662,5755,18518,16208,1206,17129,-2279,7537,10002,-10204,8160,10840,-1998,-3967,17260,-778,-3360,16015,8373,1091,14548,1806,3294,16200,6764,10241,12848,2553,5038,13136,-4064,-2593,6593,-3651,-973,14942,802,-6576,13330,17020,-479,12258,12083,8392,18654,18322,2163,12042,3982,-3369,13096,-7980,3378,12859,-4912,-166,18482,-3933,-1318,9615,7587,4745,19498,-1152,104,12002,8553,3977,16461,5368,-493,8761,4213,3698
21355,15963,-1176,13830,723,10672,11178,-11859,8373,8744,-1994,-4671,21043,-4434,-4066,14228,11652,3797,17155,-2587,-285,12530,11072,6540,15361,1177,11565,12371,-1587,-2413,5810,-5267,-5136,14821,-1221,-4561,13301,18580,1694,9758,11411,4382,20859,18611,2016,13955,6239,-1651,13327,-3513,3124,15072,-10792,-1587,13014,186,-907,16145,280,6344,14530,2125,-1018,12332,4707,68,16329,7444,5566,8905,6228,551,15090,-8279,8229,4894,1877,-1982,15397,3843,3563,14729,14832,1595,12578,14686,-5570,20300,18773,3028,13996,2420,5234,13453,-5651,1404,15599,-6787,5687,16292,82,70,14413,3198,-4761,18487,-4392,-3128,10454,7908,1219,17515,4270,6041,7672,3606,5157,9914,-6985,1682,8887,-2411,52,14699,9989,-2888,11244,12747,-5876,12746,14837,4854,23984,19178,5855,11646,2743,2541,10460,-10456,7935,10474,-2174,10,23627,-4850,-5236,11221,11427,-125,19978,-4592,3593,8335,12856,6733,19990,-645,8198,9838,1968,-1185,9986,-6407,-2686,12217,-1963,-3746,10882,14383,-2723,8703,14295,5516,22952,13694,7650,14326,10509,-7115,13374,-1887,1613,12657,-9894,3226,11590,-1494,-1455,20199,-1341,3315
4850,-3382,-344,12522,273,-4600,12198,15091,-2078,11861,14434,997,19908,16724,2978,12745,12638,3158,15560,-5415,9909,12166,-9879,2793,16705,-1421,-7577,15648,2274,3501,15739,3272,867,12351,4803,1288,19928,4728,11146,9206,5099,3498,15226,-7512,-2782,4074,-1491,-4203,13827,3557,-1849,14164,17336,2194,15670,10323,4637,16933,18282,1090,11538,4439,-2842,14402,-8750,4252,12270,-4586,-2085,19553,-4309,406,12069,6906,9256,18462,-1616,-6816,10282,10333,3021,17878,5149,4372,8053,2145,2973,11348,-5235,4242,10993,-925,-26,10009,10326,3795,13178,11819,-2524,17834,16087,-3742,23197,18379,7701,10455,-1360,1845,10665,-7645,66,15367,-4103,7378,21160,-2991,-1065,10213,6727,-4988,21114,-6800,-3628,6420,11398,3841,19902,3395,5274,11883,1924,4136,3785,-5803,2716,10722,-2361,-1340,13642,12861,-4271,11749,13407,-2140,14849,18279,5756,22047,16240,823,14102,-1246,7259,10001,-10640,6097,10651,-2200,-1007,21478,-4291,-3625,13050,10228,2427,19049,-3647,1555,11233,11639,6439,15676,1290,7216,11690,-1096,-991,6099,-4571,-1734,14279,-2604,-5442,13351,17657,1145,8869,14205,4677,22003,16269,2333
9431,7103,-817,19114,-4114,-984,10805,9204,-743,14826,5840,8145,14539,-1847,7164,3279,-4504,-2298,10630,-1699,-3583,13234,15324,1479,13921,13636,-2765,15276,16668,661,17778,13965,3833,15462,-1718,10085,12079,-11634,1588,10419,-851,-2097,20809,-3985,819,13616,10422,553,16275,-978,-314,15278,9107,10475,12577,3302,6860,13775,-5036,-5082,3457,-2295,-1538,15359,271,-2383,12985,18252,-151,11011,10218,3593,20250,18821,2316,14448,6003,-665,15876,-4933,425,11293,-7772,-484,15242,-2348,2831,15449,557,3055,16449,2897,-939,10908,6815,1847,17253,6408,5714,8268,5125,-1015,15045,-6116,7403,5770,1512,-524,14547,2345,2879,12359,15716,-2733,14502,14992,479,20359,17417,3855,14843,4086,774,14430,-5497,1988,14478,-8288,8582,13460,-434,-3448,19034,2041,-3378,17117,-2135,-76,8422,7790,-236,18370,4070,3080,8727,5050,6635,9468,-5807,4462,9702,-3918,-2885,13214,9126,-3592,12273,13242,-1300,11506,14724,2061,24703,18434,2194,10243,3039,4152,11117,-6859,9113,14794,-6676,-350,20526,-2805,-3793,10845,8746,1423,22250,-4448,1138,5286,13527,4838,21865,-483,7142,8344,4371,3180
21107,17155,1768,15530,5378,6504,15044,-5357,2578,13404,-7356,3787,13203,-426,-1936,19104,798,-1517,16538,-845,-2151,10024,6575,-877,16643,4978,5966,7895,4660,5980,11811,-6037,1006,9471,-1831,-1069,12923,7509,-398,11977,13054,-4226,12490,11249,1803,22649,21433,4937,12123,3116,3028,11750,-6638,5064,13437,-7430,3059,20452,-238,-1019,11688,6538,-526,20820,-3351,-1612,5883,13057,6791,22120,582,8661,8895,3933,-1025,12209,-7430,-870,8896,-885,-444,12044,9049,-5240,13598,14940,3046,18623,10014,5917,17876,16007,24,9508,1097,-4778,14581,-10753,5584,11183,470,-1281,23987,-4880,2360,6623,8233,1935,19769,-3377,-403,10519,13192,3440,18139,3749,-364,8880,902,6991,6197,-3219,6430,16631,-3094,-4365,8207,13977,3798,12013,12588,-1240,21586,15443,-854,20953,14020,2955,10731,-3708,4449,9205,-7204,5764,18767,-3753,1216,20365,-1056,-4411,6449,6668,-1597,19798,-5132,-412,11185,12006,-429,17202,5036,8406,12158,-2533,6407,2999,-4859,-2378,11815,-861,-4117,13463,17041,2296,14620,11013,-2709,13739,15682,2074,19145,13920,1934,14840,-2232,10062,11926,-10280,486,11570,260,276
11483,-4040,5047,3190,-1004,3529,18789,-1654,-684,9806,16083,4946,9345,11786,-7944,23381,16240,740,18381,10988,6055,14170,-5177,3355,8257,-7928,3327,16771,-2609,3682,20512,-227,-6538,10828,4978,-3213,14954,4,1209,13214,7960,4235,12776,5537,6115,13893,-4927,799,5355,-862,1269,14753,629,-4944,10326,14090,-2528,13417,9344,2758,18417,22163,5712,17501,7824,835,9283,-2382,5033,15413,-12863,6223,15147,2510,-5297,17919,2162,348,14154,2385,4515,10528,6452,919,21730,5011,8598,9314,4121,1695,13553,-6886,1020,6527,-3685,-2625,12922,5944,-3937,14341,15483,1681,14912,10518,6463,18007,17120,-1526,10330,1814,-3541,13754,-8291,6561,14338,-3339,-514,19185,-1063,-3308,12312,6846,9433,16892,-1473,-4141,11189,9793,2650,17441,4904,3899,7781,3001,4004,11152,-5362,4214,12940,-1409,-2901,9061,12463,4520,13691,10414,-186,19662,14768,-2860,20898,15092,5296,9872,-2049,3207,10362,-7016,2282,17527,-3564,2958,19654,-410,-1031,9443,6916,-1540,19681,-3826,-3897,10393,9831,1632,17195,4346,6979,12757,-1225,5787,3277,-3035,-1274,13130,-2255,-1182,12777,15764,-1031,13716,9274,-1764
12951,6111,8124,16986,-839,-2938,11206,7998,-702,15962,5607,7489,9904,4329,-168,13537,-5724,6124,8978,-158,-343,10372,8353,3966,17292,10944,1544,16021,14410,-6013,17559,16779,8405,11871,-2212,-1325,10828,-5418,1791,18219,-3991,6169,17899,2273,-572,11829,4896,-5207,17330,-3458,-1961,11853,8074,2339,17495,4194,6208,10100,-374,3204,5681,-3939,3534,12849,-1546,-1756,13737,14242,-4608,12232,8330,-2099,12709,17355,5020,20426,13516,2729,13102,-712,4424,12456,-11443,8354,11565,2338,-3314,20049,-1598,-2686,11789,7548,2332,15695,2684,2601,17788,7526,8578,12268,2645,3651,13031,-4298,-2860,7223,-3687,1044,14272,2265,-6559,14343,15591,-1,12780,9667,8265,16984,18544,1471,12781,1568,-6423,10985,-7295,5167,13959,-3967,1391,19911,-1447,-4677,11351,8555,7569,17024,-2335,351,11177,8527,2160,16895,5926,1257,9409,2784,3423,11156,-4778,8268,13628,-2149,-5030,7617,12932,4212,14421,10071,2823,20375,16684,-4271,19877,13608,1366,10518,-3000,5599,8999,-7408,2858,15694,-2077,4705,21897,365,-2795,9792,6603,-947,16822,-2246,-5042,11454,7056,-556,16344,3740,9697,12688,-1800,5028
13192,-3212,1783,12482,-9641,1108,12294,-388,-3828,16196,2463,5019,16988,3239,1387,11218,5315,2951,15754,5939,3122,11367,6524,434,15594,-6334,9181,6284,-172,-704,11959,3311,-2424,15927,15323,7689,15382,15433,-3720,17244,17348,-703,12811,44,2862,9427,-7223,4783,18015,-5556,1204,18199,1479,1163,11320,6330,-1910,16611,-5191,-3434,14092,8518,-2404,16446,3895,7167,8987,1527,8030,7423,-5222,-1105,11617,-3339,1680,13106,14509,-2530,12717,10249,-4100,11988,18652,-173,18954,13783,4679,14348,53,8334,9444,-12077,6361,12883,232,-1829,18469,-108,-2266,14194,6792,-2345,13796,2319,179,19245,7532,11184,10309,3147,10404,14188,-6173,-4260,7461,-4004,-4267,13526,2795,-4119,13131,17834,-339,16024,8582,3855,14549,22001,6771,10867,89,-1025,10988,-9350,-1043,12441,-3752,-3315,20906,-1517,2794,8638,8262,4019,15513,-2316,-4285,13961,8539,9117,16980,6580,3293,10432,33,-1350,7520,-4604,7463,15923,-2189,-1668,6954,15474,4668,12112,11527,-969,21522,17714,-2850,18833,11379,4113,13055,-3199,755,6754,-8688,2551,17777,-1425,7597,20408,2044,-4134,11955,4019,-3284,14471,-856,-2598
9942,10071,3600,12090,19876,4715,14506,4437,788,13798,-6558,570,12909,-6567,-2422,15957,-1147,158,10846,6871,5292,19113,-1742,-3682,11904,8382,5823,15647,5459,4904,9999,3754,-2387,13437,-7160,5740,8696,-540,537,9831,8837,3672,14935,13484,792,18916,15273,-1639,16889,15756,4970,12960,-1638,-1322,8582,-7840,1935,16280,-3720,7112,20248,1529,-587,12815,7572,-3866,15219,-3773,-2948,13376,6527,47,15980,4506,5347,12900,-432,5433,4381,-2678,3846,12748,-4481,1459,11050,15110,-8687,13952,11713,-1998,15434,18829,4865,12403,12843,3528,16768,-5443,6840,9117,-8634,9555,16751,-2521,-5233,12520,4943,-2712,19018,2668,-1158,10646,7806,2709,22510,3442,11898,8373,4561,5186,14930,-6858,-114,5838,-3314,-5910,14840,4147,-6342,10908,18219,3794,18529,9655,5802,14143,18996,1506,11735,-233,-841,9465,-10021,1167,12544,-2447,-3306,22198,-3259,2005,7943,11238,2655,17041,-3168,2179,13410,9173,4398,16529,4531,-226,10085,942,6074,8619,-3917,2666,15443,-2843,-3069,7097,15964,6086,10684,13447,533,22526,16564,-4765,18495,11103,1236,12553,-3173,5387,8809,-9650,3512,16266,-1146,799
10714,-8809,-4684,9889,-2729,-6828,12701,14600,-1090,8786,14343,6664,18825,16614,3832,13782,9310,-2206,15372,-3913,2971,11630,-10439,-2247,11692,-1143,-1782,17438,325,5814,15659,4909,1968,11725,3826,1242,15321,7042,2583,11888,6719,2940,15744,-6558,6049,4439,1,-1362,14005,2542,3196,16503,16227,3991,12540,15282,-4462,19154,17929,-182,13693,2744,2891,11777,-5820,3949,15802,-8033,3790,16350,-330,1462,14310,5921,-2462,17645,-4652,-4027,12673,8556,-4030,15529,3069,8172,9357,3201,7361,8434,-5756,-1471,9769,-3857,3062,13343,11174,-417,12209,11141,-7794,11936,18286,1236,22826,18364,6056,13382,1529,6968,9172,-12258,5461,7779,-2214,1695,21910,-4453,-5802,13442,13856,-1102,17902,-4796,37,11606,11858,9291,15432,1561,12345,12990,-1261,-3743,7624,-6211,-3660,13366,-1426,-3620,12966,17701,-3496,10908,9715,5790,17962,22450,6588,15187,4144,-3565,12159,-3410,587,15677,-10491,183,12130,-178,263,14423,1536,4134,16313,1698,-914,11823,6146,3813,16327,5758,4897,9937,5819,-3252,14782,-7203,10604,5842,969,312,13641,4893,-1318,15616,14915,3717,14604,15963,-1923,18356,17729,621
16791,-852,2053,13594,8840,9121,14055,1997,8061,13011,-2343,-4050,6631,-4302,-1703,14861,-1208,-4287,12951,17839,-2169,10919,11238,8449,17780,18191,3281,12922,6064,-4454,14009,-6244,1514,13114,-6814,2212,16573,-3610,-1311,11291,5503,3841,19309,-276,580,11237,7957,3392,15971,4952,491,9453,5634,1614,14476,-6300,11354,7060,-842,-4037,10580,6762,1262,15824,13682,5237,17193,17165,-5212,19853,16253,1970,11067,536,3164,9867,-6732,3731,17636,-6297,2535,18379,-690,-433,12505,7027,-1301,18720,-5682,-2279,11013,7744,-3403,16494,5170,9137,11423,2247,6077,6505,-5249,-237,9554,-3647,-148,13501,13852,-1329,13234,10422,-4313,12084,19258,1989,20850,16082,2893,14582,424,8868,10554,-12571,5425,8596,-1442,-3244,19544,-3368,-1300,14747,10332,2244,15800,-1966,-2140,15303,9622,10392,13329,2927,10427,13615,-3231,-5887,4674,-4190,-3604,16106,-363,-1052,12965,17790,-1757,10891,11091,4313,18376,19140,5068,13080,7007,-2504,13352,-4985,-305,16739,-10037,372,13358,-1640,574,14716,2755,5312,16599,1195,-3080,11815,6724,3257,14795,6166,5048,11132,4473,-2078,13712,-6348,9661,6532,695,-256
9894,-10157,6523,8617,-3004,-241,23302,-5037,-3868,12538,13214,64,19872,-4855,2541,8715,12358,7211,18116,-665,9934,11063,1677,-2740,9251,-5813,-2639,13290,-2279,-2564,11399,15925,-2262,8622,12550,4746,20372,16080,7085,15437,8876,-6313,13612,-1664,615,13750,-9625,1933,11258,-2164,504,17673,-880,3156,15503,4598,635,12331,4040,2920,14849,7013,1654,11808,5844,-85,15311,-5181,9088,3773,766,508,16285,231,-1245,14480,16368,2440,10839,15464,-1368,19805,16509,-698,15052,5118,4825,13711,-4585,2615,14549,-8572,6594,14410,-874,-2023,16922,2523,-2503,16879,-1843,-1291,12245,5378,-2724,14755,4777,4008,9513,5655,8530,11926,-6163,3268,7329,-3871,-1915,13085,8024,-1552,13028,13002,-2180,11889,16038,-1385,24638,17711,4145,9151,5281,5677,10739,-9409,7588,11549,-4576,-992,23161,-4831,-3078,10684,11656,1793,21288,-5151,-211,6534,13163,3790,20643,-394,13787,9315,3181,-1760,11879,-7399,-4649,11019,-2733,-833,10086,13957,-1970,9601,13339,655,23194,14701,6904,15636,12115,-1510,11907,-464,213,13156,-12469,1225,9877,998,-1180,22320,-3387,6821,10358,7797,-2032,15325,-242,989
13126,15006,-5539,12399,11327,-512,19497,20595,6153,13290,8370,4293,13569,-4570,5744,13121,-9339,4150,17908,-1989,-4004,11442,5026,614,20071,-67,-1661,8861,9923,4592,22291,2287,12101,8075,4478,528,15154,-7963,-2529,5199,-1533,-1769,13041,5417,-3527,12982,16289,371,19009,10942,8406,16613,18115,1553,10592,1843,-7157,12769,-10149,4492,11710,-1050,912,22647,-4403,112,8492,8228,4363,18272,-3210,-1555,11863,11591,4271,18910,4187,-463,7524,1198,6164,8062,-4272,7315,16299,-2766,-3304,6885,14121,2332,11187,11843,-1142,23021,16267,-966,20343,14334,1168,11231,-3607,6209,7932,-6674,4375,18588,-3894,2899,18998,-346,-3852,10454,5564,-3144,17508,-2885,-899,11809,8850,540,16295,5173,6717,13467,-949,7443,3756,-4632,-1617,12858,-2156,-3067,12022,16964,-1630,13436,10014,1042,14292,17508,-324,17177,12624,3990,14264,-2616,10111,13328,-11191,2030,13242,505,-3893,18046,-228,2372,14385,4912,-451,13488,4259,-923,19172,6519,12847,10305,4443,4863,14265,-6620,-4414,5402,-3005,-2177,13835,3956,-1556,14800,16437,-807,14997,9834,4671,16464,19337,3847,12167,2430,-3502,12571,-8033,1060
17838,5525,10641,11289,783,3876,5233,-4849,321,10723,-3307,-1609,13134,13180,434,12569,10972,-5631,12901,19033,1464,21230,14794,6178,12176,1054,5285,13649,-13755,5336,8150,2405,-577,20903,-6110,-785,11664,9939,163,16752,-1665,-1708,14878,10817,12011,13697,1621,7584,12390,-3414,-5525,6405,-4374,308,14689,979,-3315,13984,17289,-5012,10996,10154,7661,18169,20283,4959,14419,4470,-5020,12647,-4862,2453,15084,-8961,2527,14711,284,-2460,14281,2843,3678,15718,20,373,11893,7097,3009,17883,6418,2172,8050,5825,-449,14012,-7757,11902,6825,468,-1930,13191,5691,264,14712,13719,2831,16233,16069,-3502,19679,16973,2499,11493,250,955,10748,-5467,4954,17960,-6118,4918,17327,-783,-2540,12154,6341,-3724,19179,-5260,-493,10579,8366,-1666,17912,4943,5963,9834,2741,7502,6433,-6306,2518,10823,-2913,-4737,14707,11835,-2459,10612,10165,638,10567,18608,1604,21995,17926,162,12508,1824,9181,11960,-14259,6001,7163,243,-3055,25302,-4931,-2766,8600,11579,5703,19221,-3913,-1129,12313,11398,4585,16644,2922,12848,12503,-2575,-3803,5456,-5539,-4538,14784,-1359,-1087,14100,17767,-394
19287,44,210,10432,6385,-1470,18358,-4207,-3953,12077,8103,-1612,17340,5162,7927,10720,229,7006,5733,-4440,333,12109,-3371,-1930,12367,15395,-654,14194,7877,-3085,11444,19717,-699,20450,14319,6100,11622,-242,6288,13940,-13076,5631,10422,2044,-2801,20534,-2019,-1402,11448,6923,2500,15105,2041,-1064,18555,7995,10949,12366,3384,8165,13168,-4979,-6725,6276,-4332,-785,14259,2606,-2206,14539,16004,-1778,13308,8877,5139,15773,21133,4772,13425,1923,-4580,10929,-6994,1289,14430,-5021,1374,19333,-1424,-1349,11655,7510,6303,16469,-2166,-3241,12143,8840,5328,16257,6076,3626,9931,1960,-937,10541,-5329,9203,12915,-1780,-2242,8315,12489,2324,12644,10137,279,20824,16605,-1659,19469,15179,2140,11852,-2740,2436,8400,-7585,3462,14693,-2523,7780,22178,-312,-4022,9962,5389,-3990,17279,-1252,-2415,11679,7084,425,15907,4738,6136,13385,-2216,5773,5620,-2712,2279,11256,-1719,-3704,13278,16732,-4895,14862,7903,3019,14303,21505,3130,13693,9048,668,12163,-3816,7998,12396,-9245,8411,19013,-273,-5782,13031,5488,-2682,18670,-1342,2657,9120,11310,748,21144,2760,9069,10659,3700,5608
14320,-1227,857,9709,-5763,2627,17348,-3894,5276,18094,1687,1960,11801,5599,-6143,15782,-4886,-572,15525,8109,-175,16387,4932,2028,9249,495,8322,6235,-4559,3123,13252,-3293,780,12575,13985,-6007,12659,9547,-1860,13027,17519,2283,16065,14278,2224,16560,-2427,7817,7727,-8879,10860,16732,-1846,-4704,17524,2740,-4008,14756,4881,-1004,13176,5881,2393,20005,6105,9678,10999,3209,7982,13289,-5267,930,8486,-5407,-6279,13121,4031,-7899,11231,17776,3121,18593,7888,6486,12374,19931,2754,12278,-1583,-994,9329,-8769,1944,12933,-2585,-4493,21771,-1096,2235,8275,10002,3622,16733,-2996,540,13085,9692,5158,18176,5711,-481,9725,933,5342,7965,-3951,4570,17358,-3804,-2558,6760,16077,4658,11945,12064,1635,19959,17887,-4983,17458,8907,3154,14100,-2933,4401,9515,-9259,1784,14869,-897,1280,19813,3754,1583,14279,1207,-2320,13313,2978,-6604,14219,4906,3613,11148,4722,9477,14905,-5087,1607,7548,-2376,2318,11103,4114,-153,13313,13721,-3919,14226,11476,-5782,20803,21286,6720,9096,3136,6892,10837,-8304,6641,9324,-3707,3585,24919,-4976,-3097,6805,15006,-4846,22849,-7167,263
[row took 92258us]
12970,13343,3910,19475,17618,-4916,16774,7589,3862,14288,-3146,2620,11328,-8517,2375,13815,-914,1933,18874,3534,686,15423,86,-1726,12928,3199,-5770,13990,5140,1787,10531,4618,8834,14564,-5164,3280,7740,-2813,1450,12372,3923,1667,11780,12973,-3763,13028,14493,-6206,22993,18854,5865,9247,6299,7934,10967,-10341,6390,7981,-4942,3505,24027,-5665,-2633,10888,16540,-4355,22383,-5359,-552,7202,14305,4891,17830,-672,14718,13200,1453,2100,9087,-7975,-7637,11411,-2726,-1870,13233,13599,-3382,8368,12620,2924,13267,19811,4905,16434,7634,1923,13126,-4989,-140,12324,-9422,-2365,13022,-2277,-1099,15118,4586,6582,17968,589,-2943,10833,7512,3850,17079,6759,6842,10671,5382,-2854,13583,-6802,6524,7818,-1168,2269,11268,5301,1055,15222,13954,2628,17659,16123,-3451,18354,17890,4009,13009,-519,-1017,8392,-7006,1465,15997,-5683,7267,19607,87,1729,12161,7636,-5946,15456,-4382,-2274,14186,7481,-477,16669,5090,3545,11436,539,7876,4946,-3668,3488,12715,-4945,2302,10582,12910,-6498,13593,11532,-5079,15314,20786,3788,14680,14240,3844,16637,-3147,6435,8386,-10331,10876,15541,-3376,-4316
3962,-742,2753,17087,-931,579,13034,16404,3076,10414,15136,-559,19901,19514,918,15166,5843,1226,13003,-5566,-663,12968,-9096,8859,16713,-968,2610,15107,3838,-5153,16595,-3183,-2756,13410,7849,-3550,16181,3272,3677,8098,5052,6610,10822,-6699,4923,8679,-4391,1471,13458,7094,-1848,11701,13448,-7702,11700,19798,2147,23906,17764,3541,9985,4075,6651,10134,-13220,8791,7113,-3863,3342,23395,-5472,-9446,12610,14610,-1146,18695,-5362,3051,10419,12587,4406,17247,1403,12867,12811,1484,2313,8596,-8761,-5339,11673,-2871,-6908,12330,16666,-1707,10927,13449,7963,17432,19406,3231,12907,8322,-2549,15410,-5046,3342,12380,-10491,-1743,12991,-2565,-1744,15454,1561,5119,17099,2598,2516,11286,5808,1764,16429,6250,1738,10717,6249,2459,14860,-6744,8086,5355,-838,-2637,12176,4724,3197,16930,15977,4948,15059,17357,-6204,19835,18126,-31,12085,1445,3588,10123,-7052,4075,16872,-7481,2912,17672,-1472,873,13123,7222,-1342,18340,-6157,-4206,11525,9110,-4145,16713,3547,9325,10606,2340,7264,6288,-5945,-1242,9732,-4681,2965,13154,13444,-1855,13147,10876,-7255,11417,20636,-143,20715,17211,6284
10044,8752,2561,18193,3923,3434,8499,5668,2174,13486,-7470,6875,7589,-1833,-2097,9883,9174,4700,14683,14005,1550,18984,19480,-6881,22835,17469,5388,10386,-62,3744,7914,-9643,209,16273,-6324,5714,20364,-1394,321,12573,7566,-3484,18041,-5023,-4482,11567,7391,-820,15579,6188,10650,14230,-634,3727,4257,-5112,1853,9400,-4005,1794,13110,14167,-5347,12995,13075,-5746,15085,20612,4386,16750,17015,4051,17016,-2137,6242,10285,-12286,8040,8956,-2790,-2362,16614,-3462,-4936,16857,9081,1763,15101,455,1435,15876,8265,11041,12955,2630,7013,13495,-4663,-3471,4658,-3406,-1897,15382,-511,-4794,11538,18701,-2363,15227,12881,8453,18828,20809,4173,12005,5134,-5619,13134,-7351,1942,12282,-7530,1714,18304,-4828,-1351,11689,5732,4136,18453,-930,560,11134,8769,3451,17448,4593,-163,9334,4751,2993,12838,-6286,11744,7742,-1885,-4538,9422,7594,1424,16020,14425,4294,17366,20102,-6262,22182,16689,2671,10388,720,4079,9423,-8007,3956,16816,-6688,3196,19079,-2125,-2811,13009,6886,-747,18545,-5039,-2039,11080,7430,-3325,16581,5289,9666,12176,1527,7048,5650,-6260,-1054,9062,-3547,-677
14758,-12425,930,9108,-1744,-3314,19689,-2546,6475,14247,7084,1201,13998,1616,-2690,13588,7832,4388,12100,6144,3554,15736,-6074,6000,2147,465,-1151,17275,34,1785,12884,16709,2242,11244,15888,-4291,21874,18096,235,14810,7077,8247,14524,-5695,-46,12759,-9523,4293,15311,-1447,1532,18105,2075,-2741,16385,-2085,-3888,10824,5454,-1409,16461,4648,6402,9247,6473,6893,12006,-7231,2386,6953,-4062,912,13127,7813,-1887,12508,12911,-6714,11967,16495,538,24476,20998,7591,10877,4632,1684,10470,-9234,7823,10146,-6608,2890,23145,-5522,-5000,11499,10584,-597,21070,-3797,2129,5838,13017,5379,22084,-1212,11238,8759,4277,-1641,12966,-7424,-1774,9742,-2681,-1295,9968,11876,-5518,10658,15047,2828,23033,15409,9197,16980,13491,-3167,11577,1328,-4489,12782,-12885,7021,9426,-1847,-2445,22407,-5089,3627,10286,8756,1446,16659,-944,2081,12202,10789,1184,15909,4725,274,13068,-2256,9828,3938,-1732,3557,17231,-3029,-5050,8815,15953,7468,10064,15878,-3867,23602,19033,-3833,18970,11067,4367,13915,-4144,6753,9444,-9669,3027,14749,-4065,1050,19928,-2341,-3498,12502,4464,-202,14978,-252,-3031
13221,18043,2682,9423,12810,2658,22809,18005,1949,14417,8835,-3053,13613,-2853,4398,13953,-11569,-233,12102,-1211,-1466,18810,-2773,5749,13469,5269,522,13017,2859,-2567,16064,8082,6098,10005,6822,3096,15002,-7284,4658,3520,846,105,15711,889,2569,12204,15766,-897,11620,16180,-3408,23012,17472,4172,14324,8038,4840,16104,-5731,310,12514,-9049,5903,13929,-1471,1,19862,-57,-4558,14739,-426,-1281,10914,5380,-326,17362,5309,5074,8725,5964,5491,11661,-6702,3064,7729,-2894,-840,13725,6418,-1197,10396,13507,-6139,12564,15535,2861,24756,20350,5027,9625,5606,1569,12555,-8074,8489,12108,-7494,2921,21282,-4181,-5064,11497,7161,-19,21461,-2452,2233,5989,12477,4156,22242,589,8549,8811,4559,2192,13459,-7503,-1705,8306,-2452,-4239,10748,9544,-3750,12022,15680,4703,20301,12897,5902,19118,17197,-2489,9983,1576,-3063,12465,-12223,5968,11341,-2734,-2800,21972,-4762,2157,9194,7700,6615,18825,-3060,-3174,10635,12798,1093,18519,3835,2698,9621,1144,7914,6253,-4048,3578,15095,-2736,-2857,8867,14750,4424,11801,12902,-1638,21060,18253,-3970,21985,14328,4598,10994,-2522,6268
6762,13834,6297,20986,1899,9948,10549,2703,-926,9234,-7742,-2598,11401,-3195,-1985,10708,14470,-1893,12026,12973,1445,21691,14386,5271,16881,12575,779,9994,562,-3210,14087,-12150,2496,9419,1095,-300,24265,-5433,7388,7657,8526,-2665,18217,-2670,470,11448,12699,3853,17133,5175,1291,12014,-2044,5549,3276,-1954,6318,17205,-2408,-1145,10328,15770,3050,9432,12445,-6850,23055,17676,1612,19045,11637,2637,14692,-3820,3573,8300,-7634,7190,16343,-3564,1987,20232,-1911,-6608,10933,4667,-2040,15354,-351,208,13194,7343,2319,12742,6199,7556,14534,-4093,3142,5612,-1541,138,12296,-830,-6225,11467,14844,1281,13601,12636,756,17703,19287,1835,12490,10080,3125,14311,-2598,6483,14215,-12256,5213,13837,937,-5844,16902,-609,3198,14780,4542,2972,11653,5198,-2160,21098,6095,10654,9755,3615,4776,13293,-6894,-595,6090,-4038,-5275,12693,6175,-1586,13625,16751,1519,16285,9927,4275,18893,19602,213,10953,2573,-2321,12840,-8795,5072,11781,-4452,-1073,21595,-2938,-722,10254,6654,9654,18012,-4689,-6855,9457,11933,2039,20994,5787,4670,7439,3851,3921,9699,-6693,5568,11836,-1888,444
11869,-11405,3289,6679,-2062,1119,25294,-4936,-2851,8870,12239,1855,21292,-5376,1096,9744,13568,5382,17921,1876,10921,11761,-734,-3077,6964,-5269,-3332,14897,-3318,-300,11638,16270,-1791,8735,11140,2400,21139,19800,5158,17203,8156,-3402,11426,-1421,-339,17243,-13225,3175,8195,-20,224,18316,-1596,3734,13654,5858,380,13342,3432,-2005,14599,7691,8001,12093,5880,-1329,14372,-6009,7810,4457,882,2296,15561,1019,-956,14996,14983,321,11544,14948,-1772,19317,19245,1985,13892,3006,1533,12529,-3385,4310,17373,-8768,8176,14448,-104,-2213,15394,1595,-4645,16131,-1710,-622,13773,7487,-1033,15053,5443,2913,9442,2357,8139,9348,-5859,4028,10049,-4189,-2842,12195,9807,-4398,12651,11530,-368,10725,16742,2758,25091,20399,1344,10504,1065,6268,10054,-10251,7657,8722,-3038,290,25525,-4453,-6856,8571,12427,2949,21681,-5902,4108,8984,13749,490,19491,1896,12162,11345,497,1776,8505,-6618,-5181,13066,-4156,-4096,11205,16755,657,9579,11146,3642,21094,20114,2667,16647,7701,-3134,11150,-1577,3253,16591,-13016,1347,8674,232,-4454,17835,-206,7693,14731,4600,3427,11043,4483,-6233
13122,9998,-829,9938,21087,-2053,19644,16332,4566,11995,1551,7633,13356,-15712,6553,7715,1554,-2402,23131,-4112,-5044,9934,9469,5567,17097,-50,-1412,16229,8956,6151,13752,3637,13198,13407,-5145,-4154,5762,-5571,-4236,13659,231,-1915,13222,18805,-791,15838,10611,3783,16774,23286,4116,12359,1604,-2575,9045,-6767,3038,15873,-8361,-968,18175,-2485,-2502,11561,7674,8444,18578,-2336,-5066,10122,10393,2878,17453,4661,7761,10454,2939,-632,10477,-6029,6318,11612,-2510,-1172,7680,11195,3056,13619,12991,1134,21313,19036,-4432,19123,16318,5552,12216,-3052,4204,6430,-8785,-1420,17078,-3970,8206,20741,39,-1860,10981,5398,-6494,16244,-3350,-980,13040,8517,-621,16119,4822,8521,13105,-3132,4503,4229,-4171,1767,11772,-2385,241,12964,16593,-6938,14614,10514,-1817,14604,25007,5217,12299,10076,2910,13794,-4181,7321,10274,-11956,9668,16671,-636,-5932,13866,3858,-3418,17821,1353,19,9964,8262,2042,21788,2979,12713,9883,3429,3578,13447,-7770,271,6831,-4402,-5865,12544,6115,-5159,10726,16808,-134,21329,13751,9228,19479,18378,1093,8130,367,-3698,10485,-11908,4172,11250,-1625,-1156
10508,-6937,3024,8997,-3063,476,14166,9588,-2102,11493,12111,-6324,11816,19588,3878,22358,17127,3409,13099,2961,5879,9856,-12617,7688,6642,-2405,2688,21512,-5300,-8919,13900,13946,763,17835,-3735,2151,12130,10748,5255,14825,2528,11310,13732,-1475,861,7407,-7729,-4255,12666,-2341,-6367,12645,17710,-1621,12554,11621,7059,16600,22840,3883,13015,4270,-4475,12185,-5529,4596,14070,-9153,-208,15985,-2268,-4036,13338,5341,7127,18293,-459,-935,10254,7998,2593,17111,4821,2526,10496,6300,669,13911,-7837,11093,6939,-2265,-3840,10684,7959,411,16084,15854,6237,17702,17161,-4983,18374,16129,1384,12080,-860,5248,7948,-8193,1897,17299,-4979,2585,19603,487,274,12262,6875,-1629,16740,-5112,-3179,12922,7939,-3406,16362,4947,9567,12006,-77,7485,5326,-5168,-1180,10388,-4009,2201,12900,14757,-3435,14080,12022,-6067,13444,20448,697,13040,14844,8356,17636,-2457,6324,9096,-11735,6404,13078,-3234,-3684,13488,1761,-1336,19346,6133,-777,12467,5787,-135,20532,4853,13661,9083,3567,7990,15575,-7307,-5493,4296,-3539,-3008,15114,2130,-2862,10593,19111,-812,18845,10065,3855,14492,21851,4960
14059,3107,-6051,15613,5189,6031,9456,6020,8553,15344,-6326,1136,6026,-2778,2048,12521,3389,1138,12765,14469,-7548,13236,13464,-2144,20994,20728,7926,9135,7412,2319,11838,-7606,7238,11930,-7444,4392,20638,-4586,-3880,8457,11157,-3100,22305,-4085,432,6444,13061,6205,21785,-124,12518,10215,4251,480,12481,-8933,-3434,8365,-3028,-2268,11624,9813,-3549,9579,15136,1194,22994,16250,7664,17381,12938,1313,10939,-277,-3607,11937,-13986,2774,8280,1549,-1198,23059,-4921,4634,9556,10045,-1860,14827,-235,2147,13686,9993,5244,16367,5305,-1531,12754,-4395,6967,3214,-766,4713,18801,-2452,-3261,10709,17362,2901,9518,14097,474,18712,18567,-838,17574,7275,2100,14377,-5365,2112,11014,-8357,6849,15606,-1494,-605,17471,2190,-2298,14976,-919,-872,13319,5429,-4245,15045,4106,3092,9532,4814,8119,12638,-5541,4678,8496,-3359,461,12006,6115,-3940,12335,14076,-3538,13149,15998,-291,23344,18377,2930,7952,5391,5293,9585,-9753,10167,11657,-5732,1199,22441,-4892,-7011,10393,13337,-324,21031,-5091,3011,7104,13257,4021,20466,236,11816,10680,2795,3681,11840,-8684,-6080,9622,-3155,-6385
=== CAPTURE END: speed2_obstruction ===
[loop] iteration 10

=== SpinDoctor Capture Menu ===
Speed:  1) Low  2) Medium  3) High
Class:  H) Healthy  I) Imbalance  O) Obstruction
Enter as two chars, e.g. "1H": Fault class: imbalance (100.0%)
X:16908 Y:4386 Z:5071
X:17044 Y:-1888 Z:881
Fault class: obstruction (100.0%)
X:21149 Y:17455 Z:-1660
X:3189 Y:-263 Z:2978
Fault class: imbalance (100.0%)
X:14907 Y:-53 Z:-1420
Fault class: imbalance (84.2%)
X:11525 Y:-12352 Z:5067
X:12566 Y:17846 Z:-1449
Fault class: imbalance (99.9%)
X:13835 Y:2437 Z:9374
Fault class: obstruction (96.3%)
X:23278 Y:-6231 Z:-4851
X:24605 Y:20874 Z:6355
Fault class: imbalance (90.2%)
X:5123 Y:-3623 Z:-2549
X:17713 Y:-3184 Z:-1130
Fault class: imbalance (99.1%)
X:10473 Y:-7278 Z:2630
Fault class: obstruction (100.0%)
X:12891 Y:8525 Z:1087
X:13286 Y:1697 Z:-1522
Fault class: obstruction (100.0%)
X:11290 Y:5345 Z:213
Fault class: obstruction (100.0%)
X:14016 Y:872 Z:-290
X:13744 Y:1666 Z:1341
Fault class: obstruction (100.0%)
X:15920 Y:-3224 Z:4941
X:17603 Y:1041 Z:4029
Fault class: obstruction (100.0%)
X:14210 Y:13682 Z:403
Fault class: obstruction (100.0%)
X:9040 Y:4010 Z:1344
X:13825 Y:5753 Z:6215
Fault class: obstruction (100.0%)
X:13031 Y:8806 Z:924
Fault class: obstruction (100.0%)
X:15454 Y:1116 Z:-169
X:13833 Y:5089 Z:-2026
Fault class: obstruction (100.0%)
X:11215 Y:1708 Z:2131
X:10163 Y:1871 Z:-1304
Fault class: obstruction (100.0%)
X:16923 Y:6285 Z:1787
Fault class: obstruction (100.0%)
DHT11: 40.0% RH, 29.5C
X:20726 Y:-2986 Z:13
X:10220 Y:4465 Z:4867
Fault class: obstruction (100.0%)
X:13518 Y:5239 Z:3141
Fault class: obstruction (100.0%)
X:12925 Y:9950 Z:2561
X:13105 Y:-19 Z:-2677
Fault class: obstruction (100.0%)
X:13816 Y:4825 Z:5378
X:13257 Y:8811 Z:-4898
Fault class: obstruction (100.0%)
X:13136 Y:2677 Z:751
Fault class: obstruction (100.0%)
X:14698 Y:2784 Z:3704
X:17500 Y:10796 Z:1127
Fault class: obstruction (100.0%)
X:6864 Y:1452 Z:3427
Fault class: obstruction (100.0%)
X:15468 Y:5533 Z:5806
X:13234 Y:2982 Z:-2705
Fault class: obstruction (100.0%)
X:14140 Y:5279 Z:5143
