X:13974 Y:3258 Z:107
X:13894 Y:4103 Z:-248
X:14385 Y:3500 Z:-174
X:13579 Y:4020 Z:-126
X:14260 Y:3465 Z:-277
X:13498 Y:3541 Z:374
X:14449 Y:3226 Z:-431
X:13621 Y:3620 Z:597
X:14762 Y:4231 Z:-518
X:14275 Y:3941 Z:1143
X:14614 Y:4344 Z:-73
X:14646 Y:3632 Z:1185
X:14576 Y:3639 Z:368
X:14864 Y:2989 Z:1332
X:14183 Y:3739 Z:804
X:15124 Y:2892 Z:1054
X:14111 Y:3776 Z:1131
X:14906 Y:2523 Z:815
X:13613 Y:2410 Z:1470
DHT11: 61.0% RH, 30.4C
X:14521 Y:2337 Z:238
X:13863 Y:2681 Z:1260
X:14860 Y:3118 Z:-188
X:14241 Y:2913 Z:1044
X:14897 Y:3567 Z:-80
X:14492 Y:2925 Z:835
X:14951 Y:3851 Z:-424
X:15138 Y:3148 Z:50
X:14680 Y:4230 Z:-780
X:15451 Y:3281 Z:-843
X:14612 Y:3675 Z:-639
X:15364 Y:3489 Z:-1149
X:14278 Y:3975 Z:-756
X:15149 Y:3279 Z:-1851
X:14638 Y:2794 Z:-906
X:14851 Y:2915 Z:-2461
X:14439 Y:2379 Z:-850
X:14577 Y:3306 Z:-2096
X:14472 Y:2774 Z:-1088
X:13933 Y:3721 Z:-1900
X:14248 Y:3216 Z:-1188
X:13772 Y:3807 Z:-1611
X:14556 Y:2724 Z:-1221
X:13532 Y:3217 Z:-701
X:13969 Y:3155 Z:-1078
X:13477 Y:2468 Z:-87
X:13704 Y:2635 Z:-799
X:13340 Y:2733 Z:-25
X:13472 Y:3247 Z:-1123
X:13285 Y:2590 Z:-278
X:13065 Y:3423 Z:-1288
DHT11: 61.0% RH, 30.0C
X:13415 Y:2536 Z:-825
X:12798 Y:3585 Z:-1522
X:13624 Y:2594 Z:-1562
X:12953 Y:3722 Z:-2086
X:13449 Y:3140 Z:-2241
X:12517 Y:4316 Z:-2096
X:13609 Y:4420 Z:-2759
X:12598 Y:4865 Z:-1994
X:13410 Y:4833 Z:-2353
X:12764 Y:4462 Z:-1370
X:13438 Y:4791 Z:-1945
X:13170 Y:3554 Z:31
2X:12991 Y:3452 Z:-553

Invalid input, try again.

===ed:  1) Low  2) Medium  3) HigSpass:  H) Healthy  I) Imbalance  O)Clter as two chars, e.g. "1H": e  O) Obstruction
Enter as two chars, e.g. "1H": X:12838 Y:1918 Z:1390
X:12689 Y:2720 Z:649
X:12981 Y:1854 Z:1278
X:12165 Y:2933 Z:668
X:13290 Y:1816 Z:1165
X:12104 Y:2678 Z:1158
X:13435 Y:3049 Z:405
X:12342 Y:3022 Z:1403
X:13777 Y:3166 Z:201
X:12623 Y:3324 Z:1367
hX:14212 Y:3381 Z:187
X:13852 Y:3287 Z:1085
X:14070 Y:3865 Z:141
X:13646 Y:3071 Z:887
X:13423 Y:3810 Z:364
X:13801 Y:3111 Z:429
X:12910 Y:4096 Z:40
X:13495 Y:3814 Z:-130
X:12665 Y:4471 Z:190
DHT11: 61.0% RH, 30.1C
X:14057 Y:4425 Z:-674
X:13048 Y:4707 Z:48
X:14337 Y:4934 Z:-1206
X:13961 Y:4282 Z:136
X:14462 Y:4732 Z:-1184
X:14128 Y:3520 Z:558
X:14370 Y:3628 Z:-225
X:14220 Y:3295 Z:719
X:13881 Y:3732 Z:228
X:14875 Y:2619 Z:843
X:13947 Y:2603 Z:1124
X:14895 Y:2013 Z:1134
X:13866 Y:2533 Z:1634
X:14899 Y:2082 Z:1344
X:13760 Y:2215 Z:2019
X:14909 Y:1969 Z:874
X:13754 Y:2101 Z:1746
X:14738 Y:2612 Z:232
s
Invalid input, try again.

==eed:  1) Low  2) Medium  3) HigSpass:  H) Healthy  I) Imbalance  O)Claer as two chars, e.g. "1H": e  O) Obstruction
Enter as two chars, e.g. "1H": X:14023 Y:2275 Z:1559
X:14847 Y:2980 Z:-176
X:14665 Y:2993 Z:334
X:14655 Y:3775 Z:-1024
X:15292 Y:3352 Z:-723
X:14830 Y:4425 Z:-1848
X:15504 Y:4084 Z:-1686
X:14737 Y:4943 Z:-1807
X:15798 Y:4365 Z:-2219
X:14668 Y:4618 Z:-1737
X:15292 Y:4221 Z:-2773
X:14683 Y:4365 Z:-1396
X:15464 Y:4532 Z:-2739
DHT11: 61.0% RH, 30.6C
X:15110 Y:4273 Z:-1496
X:14964 Y:4705 Z:-2605
X:14810 Y:3725 Z:-1042
X:14459 Y:3920 Z:-1827
X:14246 Y:2867 Z:-881
X:13490 Y:3236 Z:-1075
X:14401 Y:2700 Z:-872
X:13762 Y:3159 Z:-626
X:14392 Y:2761 Z:-1040
X:13541 Y:2621 Z:126
X:14474 Y:2446 Z:-791
X:13718 Y:2438 Z:51
2X:14020 Y:2610 Z:-1126
X:14017 Y:2277 Z:-238
X:13689 Y:3053 Z:-952
X:13515 Y:2239 Z:-293
X:12991 Y:3208 Z:-1042
X:13291 Y:2319 Z:-443
X:12628 Y:3631 Z:-1336
X:13274 Y:3239 Z:-1621
X:12713 Y:4243 Z:-1573
X:13857 Y:4145 Z:-2519
X:13109 Y:4510 Z:-1693
X:13766 Y:3996 Z:-2496
X:13361 Y:4012 Z:-1363
X:13949 Y:4926 Z:-2821
h
Seld 'S' when stable and ready to capture, 'X' toSend 'S' when sta-1896
 ready to capture, 'X' to cancel and return to menu.
X:13436 Y:4296 Z:-1896
X:13178 Y:2820 Z:-761
X:12141 Y:3176 Z:-434
X:13502 Y:2435 Z:-34
X:11940 Y:2246 Z:722
X:13192 Y:2146 Z:350
DHT11: 61.0% RH, 30.0C
X:12323 Y:1558 Z:1832
X:12989 Y:2195 Z:584
X:12604 Y:1698 Z:1592
X:12792 Y:2459 Z:955
X:12593 Y:1530 Z:1693
X:12387 Y:3328 Z:654
X:13243 Y:2494 Z:1032
X:12403 Y:3950 Z:616
X:13710 Y:3555 Z:-233
X:12815 Y:4521 Z:-13
X:14756 Y:4862 Z:-1043
s
=== CAPTURE START: speed2_healthy ===
15565,4861,-2103,14808,3321,-221,13182,1793,192,13866,1313,-513,13966,2348,-1084,13123,4641,-1830,13587,5534,-2982,13509,3871,-2560,12865,2746,-25,11635,2064,1041,13300,2314,660,13243,3559,142,13510,5259,-68,13834,5468,-580,14148,3538,-4,14086,1823,1802,13318,1496,2195,14809,1979,377,15078,3631,-822,14944,5562,-1902,15425,5459,-2315,14427,2821,-863,13976,1087,981,13463,1245,-80,13342,2885,-1748,13981,4180,-2121,13378,5606,-2459,12939,5172,-2583,12980,2449,-450,12365,1125,1797,12101,2263,1382,13555,3971,-787,14359,4597,-507,13227,5094,156,14044,4480,6,14561,2029,983,13939,1147,2711,13786,2254,964,15650,4229,-1771,15595,5088,-2101,14808,4702,-1355,14143,3036,-1002,13885,837,498,13495,1332,497,13148,3478,-1533,13753,5032,-3128,14106,4593,-2507,12596,4222,-1823,12448,2924,-337,13089,768,1429,12394,1945,1889,12878,4813,-343,14704,5836,-1341,14017,4797,-105,13537,3599,793,14276,2263,1048,14461,667,1990,13982,1584,1445,14732,4748,-1546,15954,5801,-2983,15270,4435,-1164,13615,2661,47,13667,1345,-199,13805,915,-381
13554,2702,-1094,12851,5170,-2548,14269,5377,-3033,13520,3859,-1459,11816,2801,495,12681,1768,963,13078,1962,739,13459,4435,283,13337,5561,-714,14425,4881,-828,14186,2862,896,13534,1862,2211,14290,1611,1633,14847,2063,197,14792,4657,-1137,15164,5762,-2498,15376,4120,-2043,14097,1880,224,13088,1137,703,14127,2086,-896,13446,3376,-1871,13596,5241,-2047,13448,5616,-2838,13254,3873,-1892,12827,962,1034,11836,1214,1662,12833,3478,17,14299,4639,-777,13602,5356,112,13260,5132,-47,14677,2986,354,14190,1056,2209,13427,1165,2134,14816,2999,-616,15599,4730,-2007,15281,5558,-1704,14672,4470,-1443,13982,1991,-416,14035,583,892,13166,1988,-549,13357,4340,-2481,14243,4702,-2774,13298,4786,-2150,12381,3924,-1185,12911,1818,608,12656,1178,1888,12149,3494,763,14393,5478,-1357,13967,4905,-722,13971,4080,657,13812,2968,784,14436,1299,1438,14431,1147,2243,13915,3632,-38,15653,5909,-2818,15692,4916,-2104,14390,3285,-349,13389,1524,-105,13764,495,-6,14090,1970,-686,12754,4822,-2064,14013,6194,-3239,13908,4422,-2435,12461,3028,-272
12112,1451,730,12884,1100,1081,13250,3293,705,13344,5626,-630,14227,6089,-1261,14338,3961,286,13473,2297,1944,13755,1403,2108,14515,1063,883,15148,3294,-402,14796,5716,-2405,15732,5617,-2525,14838,2889,-487,13117,1398,1081,13673,1547,-70,13795,2367,-1616,13641,4119,-2077,13084,5604,-2676,13881,5363,-2852,12868,2575,-50,12093,1178,1787,12129,2258,989,13614,3917,-693,14183,5072,-319,12987,5338,-141,14484,4098,-213,14213,1421,1540,13815,989,2779,13991,2235,568,15549,4039,-1605,15556,5667,-1852,14833,5196,-1551,14539,3036,-1149,13933,400,946,13422,1190,240,13217,3570,-1941,13890,5103,-3016,13979,5349,-2367,12379,4432,-2032,12697,2508,-185,12884,216,1710,11923,1799,1486,13321,4811,-922,14587,5632,-1537,13923,5101,266,13448,3979,887,14446,2086,1069,14601,516,2423,13750,1838,1232,15156,4536,-1932,15865,5856,-2979,15185,4995,-1049,13794,2783,-307,13376,633,169,13888,690,81,13406,3282,-1296,13314,5566,-2983,14217,4813,-3054,13138,3960,-1529,11760,2760,307,13002,1316,1090,12861,1938,1390,12926,4878,-46,14254,6062,-1330
14172,4889,-743,14036,2856,1238,13565,1520,1977,14281,1141,1672,14856,1971,691,14478,5070,-1485,15678,6213,-2912,15278,4099,-1633,13995,2001,741,13030,784,416,13945,1185,-870,13529,3187,-1602,13351,5613,-2137,14182,6335,-3260,13060,3939,-1771,12724,1241,1213,11720,1372,1407,13103,2825,206,14220,4148,-269,12935,5512,-169,13919,5245,-451,14504,2862,545,13802,1299,2495,13822,1177,1990,14930,2846,-657,15342,4717,-1710,15138,5634,-1856,14950,4499,-1701,14049,1628,-11,13668,595,1237,13287,2050,-903,13554,4396,-2526,14338,5188,-2495,13050,5416,-2489,12894,3841,-1400,12899,817,1027,11974,1050,2080,12348,3196,406,14462,5249,-1474,13835,5414,-418,13468,4759,586,14272,3333,540,14129,817,1766,14222,681,2515,14158,3371,-393,15896,5534,-2699,15864,5687,-1814,13774,4186,-646,14165,1890,-237,13635,212,398,13613,1733,-543,12940,4441,-2362,14042,5459,-3258,13801,4632,-2298,12075,3672,-508,12601,1966,538,12748,794,1440,12950,3189,1129,13499,5655,-939,14458,5643,-1315,14258,3991,448,13384,2732,1543,14153,1578,1578,14691,1058,1341
14385,3627,3,15171,5670,-2446,15772,5167,-2602,14650,2960,-248,13061,1356,558,13861,1383,-385,13818,2138,-1278,13366,4372,-1713,13296,5862,-2822,13648,4794,-2765,13133,2493,-51,11635,1212,1263,12908,2052,594,13506,3587,-243,13903,5523,-171,13554,5896,-291,14267,4215,-30,14304,1691,1780,13192,819,2479,14513,1797,344,15237,3568,-1236,15210,5777,-1705,14913,5707,-2114,14632,3116,-1090,13790,760,955,13012,955,119,13705,2827,-1822,13856,4112,-2506,13810,5486,-2260,12868,5027,-2533,13052,2891,-539,12666,979,1888,11904,2203,1434,13473,4530,-783,14368,4771,-661,13368,4771,305,13611,4013,222,14482,2073,643,14227,954,2413,13789,2240,1127,15431,4597,-1715,15664,5365,-2302,14906,4526,-858,14080,2771,-822,13562,575,68,14258,790,155,12886,3740,-1547,13976,5958,-2932,14282,5107,-2728,12505,4251,-1418,12423,2518,-42,12699,578,1166,12790,1349,1664,12746,4384,-75,14305,6287,-1517,14328,5150,-421,13676,3737,1278,13619,2021,1449,14691,368,1782,14481,1509,1031,14544,4602,-1453,16176,6252,-3265,15364,4576,-1404,13737,2746,378
13180,1217,390,14027,1069,-528,13453,2799,-1377,13159,5123,-2600,13817,5696,-3501,13576,3637,-1402,11849,2112,984,12135,1464,1459,13369,2416,413,13747,4566,-150,13398,5732,-783,14195,5395,-964,14365,2792,913,13726,1051,2639,13940,1125,1929,14725,2375,-473,15604,5021,-1589,14906,6250,-2406,15158,4562,-2037,14118,1332,277,13196,482,1203,13546,1922,-925,13324,3453,-2094,14218,5150,-2388,12871,5800,-2857,13253,4361,-1820,12758,1065,988,11970,1170,2017,12534,3218,152,14541,4727,-1193,13947,5444,-208,13251,5026,321,14514,3133,405,14249,814,2305,13790,1015,2318,14393,3199,-557,15915,5111,-2524,15403,5678,-1876,14261,4152,-1163,14075,1511,-335,13617,170,1048,13340,2050,-393,13449,4758,-2489,14160,5362,-3291,13622,4649,-2279,12160,3725,-909,12742,1761,623,12942,562,2035,12148,3379,899,13917,5724,-1177,14286,5507,-1194,13980,4294,632,13459,2433,1265,14374,935,1600,14403,812,1873,14345,3599,-177,15764,6278,-2985,15516,5480,-2481,14801,3340,52,13006,1476,482,13858,766,5,13829,1495,-807,12962,4492,-1972,13655,6224,-3352
13988,4680,-2784,12713,2972,-82,11519,1686,1284,13177,1649,1057,13360,3040,443,13355,5157,-271,13955,5728,-1163,14521,4063,-59,14041,2186,1938,13445,1423,2359,14630,1871,525,15308,3580,-765,14857,5811,-2258,15365,5081,-2321,14688,2312,-741,13189,958,1274,13624,1418,-98,13541,3133,-1851,13885,4598,-2256,13491,5486,-2581,13059,4730,-2638,12912,1844,-9,12269,802,2056,11930,2522,981,14035,4651,-1029,14448,5225,-681,12985,5400,118,14342,4196,254,14380,1541,1274,13734,701,2999,13872,2040,694,15657,4291,-2135,15563,5571,-2186,14620,4855,-1305,14230,3090,-902,13691,710,679,13776,1323,183,12939,3591,-1767,14098,4748,-3078,14051,4394,-2438,12556,4255,-1592,12666,2997,-74,12965,1129,1328,12317,2775,1563,13291,5011,-681,14478,5421,-1492,13926,3988,321,13401,2968,1199,14044,2069,1249,14389,956,1919,14318,2538,861,14854,5466,-2079,16106,5874,-3016,15485,3900,-871,13065,1984,273,13746,862,40,13888,1289,-532,13483,3695,-1347,13365,5913,-2915,13855,5381,-3149,13426,3639,-1034,11509,2008,800,12632,1284,920,12920,1986,577
13692,4363,130,13521,5886,-948,14212,5151,-600,14682,3114,1263,13145,1736,2433,14390,1698,1170,15174,2107,-264,14828,4623,-1371,15139,5508,-2291,15221,3965,-1572,13964,2145,821,13169,1589,572,13790,2539,-1417,13591,3023,-2021,13441,4621,-2164,12980,5357,-2796,13377,3563,-1552,12571,1327,1263,11734,1957,1528,13218,4086,-314,14413,4800,-624,13580,5027,179,13461,4536,85,14556,2346,603,14227,1081,2411,13622,1811,1557,15190,3827,-1053,15597,5026,-1976,14925,5401,-1387,14436,3902,-1399,13860,921,-95,13848,365,663,13062,2479,-904,13827,4860,-2625,14288,5034,-2674,12978,5037,-2075,12405,3853,-910,13021,1169,734,12671,887,1829,12127,3761,554,14651,5540,-1378,14116,5033,-561,13507,4308,872,13993,2902,923,14389,1214,1531,14291,1314,1759,14372,3352,-411,15558,5217,-2831,15714,4763,-1832,14364,3691,-194,13290,1928,-24,13971,781,-137,13678,2525,-803,13041,4783,-1997,14133,5291,-3172,13466,3865,-2267,12437,3177,-3,12211,2055,817,12975,1778,872,13230,3911,603,13258,5384,-371,14283,5466,-1041,14252,3325,540,13712,1897,1843
13643,1558,1630,14923,1800,438,15081,4057,-512,14712,5762,-2143,15677,5138,-2329,14441,2542,-149,13284,1130,839,13741,1439,-784,13415,2629,-1674,13796,4313,-1639,13286,5674,-2580,13258,4941,-2677,13116,2008,84,11809,1386,1543,12385,2728,623,14002,3982,-500,13894,4569,-161,13070,4896,-76,14641,4251,-215,14445,2166,1529,13677,1335,2478,14181,2574,243,15635,3853,-1450,15483,4902,-1572,14391,4400,-1641,14477,2688,-1143,13996,930,719,13396,1956,-8,13079,4156,-1834,14061,4358,-2665,13649,4530,-2248,12222,4094,-1787,13300,2406,-242,12602,1095,1403,12035,3102,1363,13857,5142,-590,14144,5066,-692,13666,4195,573,13760,3277,587,14366,2074,861,14616,805,2125,13874,2687,729,15190,5272,-2018,15760,5149,-2500,14912,4009,-559,13413,2376,-211,13878,1036,-333,14135,1450,-518,12882,3558,-1352,13877,5317,-2928,13621,4672,-2719,12961,3750,-906,11935,2490,428,12686,1671,802,13240,2327,991,13205,4545,65,13795,5538,-1104,14329,4161,-424,14136,3175,1428,13452,2266,2004,14814,1410,1184,14642,2229,304,14696,4857,-1596,15682,5415,-2653
15037,3570,-1549,13612,2081,538,13449,1658,31,13720,2171,-957,13522,3068,-1284,13362,4921,-2281,13526,5542,-3173,13427,3184,-1541,12538,1624,1209,11627,2159,1254,13524,3563,119,14299,4390,32,12783,4936,54,14331,4631,-440,14486,2574,475,13815,1355,2421,13899,1814,1507,15091,3334,-837,15480,4906,-1719,14873,5160,-1644,14727,3991,-1734,13899,1410,42,13836,910,634,12911,2684,-1025,13878,3986,-2375,14183,4524,-2401,12367,5123,-2168,13137,4026,-1299,12838,1425,907,12121,1589,2087,12955,3484,299,14194,4973,-1201,14046,4497,-129,13631,4224,301,14018,3546,236,14577,1441,1795,13928,1694,2195,14405,3743,-528,15724,4707,-2765,15500,4188,-1500,13792,3385,-860,13975,2431,-648,13954,1409,-82,13371,2730,-526,13021,4610,-2148,13913,4730,-2827,13671,3797,-1756,11801,3145,-528,12840,2205,283,13008,1798,1329,13103,4075,878,13587,5519,-570,14136,4831,-845,14481,3491,533,13324,2487,1459,14375,1713,1461,14748,1358,897,14489,3795,-266,15318,5633,-2383,15453,4374,-2075,14373,2834,-398,13171,1884,290,14082,2187,-873,13631,2407,-1267
13
7,3861,-1536,13213,5208,-2509,13470,4392,-2425,12915,2665,253,11858,2290,1177,13007,3157,338,13972,3879,-163,13452,4393,506,13450,4223,-115,14288,3088,-103,14444,2232,1743,13695,2250,2055,14751,3216,-333,15445,3934,-1187,15105,4757,-1248,14657,4026,-1771,14198,1902,-1074,14177,1155,587,13049,2552,-369,13526,4463,-1931,14267,4190,-2183,13089,4565,-2046,12463,3903,-1994,13180,1944,-95,12622,1493,1527,11862,3347,857,14157,5025,-821,13956,4559,-29,13418,3940,820,13902,3584,224,14723,2255,799,14517,1550,1943,13914,3136,221,15434,4581,-1983,15762,4518,-1537,14219,3557,-441,13908,2152,-806,13643,1132,-465,14045,2414,-665,13085,4567,-1847,13671,5045,-2767,13797,3344,-2083,12233,3250,-693,12283,2653,242,13133,1987,871,13123,3659,896,13123,5315,-295,14336,5224,-805,14099,3390,314,13486,2370,1392,13993,1999,1403,14750,1600,882,14850,3420,70,14778,5303,-1737,15783,5135,-2378,14578,2898,-603,13390,1470,459,13820,1503,-464,13646,2212,-1405,13538,4215,-1690,13263,5663,-2308,13766,4998,-2800,13041,2616,-515,11902,1718,1281
12527,2266,959,13650,3477,-222,13755,4684,89,13216,4832,-50,14344,4099,-377,14215,2345,1242,13755,1638,2416,14450,2465,523,15223,3674,-1104,15524,4893,-1331,14683,4701,-1651,14557,3251,-1321,13915,966,555,13385,1501,257,13382,3607,-1739,13857,4443,-2473,13876,4692,-2131,12205,4251,-1969,13118,2600,-728,12852,907,1478,11918,2397,1399,13602,4815,-736,14418,5213,-737,13715,4592,519,13314,3863,577,14609,2303,463,14512,951,2210,13797,2235,1217,15165,4511,-1568,15669,5239,-2412,15121,4303,-729,13639,2743,-429,13713,1204,-130,14362,1218,-258,13182,3600,-1453,13397,5188,-2715,14241,4268,-2591,12799,3911,-1228,12003,2700,80,12880,1751,691,12805,2196,1167,13379,4964,-117,13889,6051,-902,14431,4281,-277,13803,2934,1276,13285,1949,1689,14639,1137,1253,14630,2257,577,14602,4826,-1282,15822,5783,-2625,15091,3887,-1519,14008,2183,353,13342,1332,191,13837,1577,-966,13791,2965,-1386,13214,5223,-2073,13850,5828,-3038,13190,3733,-1802,12394,1833,901,12078,1743,1053,13035,3189,-43,14056,4071,78,13161,4922,227,13803,4855,-385
14384,2649,611,14217,1755,2157,13526,2051,1306,15349,3041,-708,15345,4470,-1258,14738,5026,-1474,15099,3880,-1725,13892,1829,-190,13860,1379,669,13401,2648,-1222,13432,4273,-2259,14205,4367,-2053,12752,4692,-2302,12583,3829,-1630,13101,931,810,12091,1672,1720,12520,4040,85,14653,5161,-1095,13774,4893,222,13297,4346,703,14260,2894,313,14383,1179,1551,13932,1389,1921,14625,3759,-670,15682,5394,-2462,15633,4929,-1239,13904,3448,-591,13872,1668,-442,13837,511,51,13552,2300,-685,13004,4848,-2278,14162,5329,-3002,13582,4262,-1959,11927,3416,-598,12786,2079,382,12928,1296,1300,12903,3653,957,13605,5435,-596,14235,5158,-875,14314,3672,611,13202,2637,1448,14427,1806,1288,14678,1179,1202,14467,3532,-23,15232,5552,-2365,15669,4686,-2276,14485,2894,-255,12931,1609,300,14114,1685,-621,13846,2524,-1277,13240,4481,-1672,13393,5484,-2892,13562,4274,-2556,12861,2397,186,11711,1737,1212,12974,2492,550,13780,3586,52,13448,5138,118,13550,5320,-527,14406,3636,-77,14109,1800,1823,13526,1346,2257,14744,2222,38,15299,3796,-1186
151
4,5568,-1658,15155,5129,-1996,14132,2582,-884,13879,963,905,13324,1811,-178,13354,3501,-1793,14198,4049,-2289,13346,5082,-2368,12785,4628,-2300,12825,2329,-261,12574,1407,1715,11932,2849,1124,13925,4630,-863,14153,4551,-499,13391,4249,462,13720,3759,261,14574,2036,808,14409,1544,2273,13790,2916,526,15659,4548,-1890,15630,4978,-1892,14588,4001,-731,13847,2069,-757,13817,736,-96,13790,1898,-128,13183,4350,-1619,13735,5484,-3150,13891,4073,-2405,12463,3680,-1206,12215,2444,-67,13147,1077,999,12690,2654,1435,13023,5121,-106,14449,5728,-1068,14091,4186,164,13569,3098,1125,14166,1974,1255,14540,1048,1386,14439,2598,659,14695,5052,-1800,15832,5753,-2732,14972,3631,-769,13191,2017,427,13825,1598,-315,13779,1548,-1071,13701,3268,-1394,13092,5245,-2585,13854,5433,-2722,13508,3263,-885,11705,2031,974,12502,2095,881,13546,2991,157,13685,4725,147,13107,5231,-200,14523,4247,-450,13968,2577,1067,13933,2002,2343,14173,2152,1020,15186,2932,-650,15062,4667,-1247,14683,5085,-1794,15164,3475,-1738,13512,1214,277,13663,1292,362
130
,3082,-1280,13527,4312,-2062,14029,4914,-2092,12502,4584,-2420,12991,3262,-1174,13013,978,1227,11733,1914,1340,13286,4224,-342,14256,4924,-810,13564,5222,497,13652,4442,413,14373,2474,295,14495,775,2217,13709,1436,1704,15155,3858,-1072,15655,5088,-2439,15267,5144,-1179,14093,3893,-962,13828,1688,-386,14029,756,180,13136,2521,-785,13345,4625,-2532,13955,4532,-2726,13413,4278,-1633,11883,3736,-744,13197,2314,349,12761,1702,1686,12666,3810,684,14037,5080,-823,14120,4183,-359,14069,3484,708,13487,2935,806,14699,2019,1091,14646,1968,1476,14200,4425,-463,15611,5603,-2486,15430,3645,-1630,13784,2226,-163,13581,1605,-391,13802,1743,-819,13951,2965,-826,12857,5176,-1843,13817,5668,-2706,13645,3600,-1947,12182,2135,327,12246,1590,758,13007,2318,562,13998,4149,152,13182,5438,-63,14053,5413,-591,14363,3394,222,14039,2108,2057,13589,1540,1770,14980,1938,-124,15125,3781,-939,14740,5419,-1579,15312,4652,-1935,14107,2466,-600,13672,1603,749,13346,2106,-744,13852,3309,-1883,13694,4126,-2074,13059,4760,-2230,13174,4265,-2070
12799,1875,444,12485,1890,1760,12279,3747,533,14382,4926,-1051,14000,4585,177,13030,3997,557,14287,3076,106,14465,1584,1531,13721,1577,2357,14537,3492,-96,15292,5073,-2133,15765,5024,-1434,14260,3645,-960,13972,1790,-885,14054,467,114,13348,2173,-451,13373,4818,-2141,13918,5267,-2781,13734,4124,-1706,12037,3588,-972,12856,2287,8,12902,1022,1064,12580,3281,1013,13434,5360,-804,14220,5213,-654,14046,3873,741,13145,2781,1193,14540,1898,1172,14644,1083,1282,14435,3338,6,15120,5409,-2313,15690,4871,-2186,14722,3087,-138,13218,1937,228,13832,1657,-519,13996,2103,-935,13181,4364,-1727,13289,5226,-2917,13954,4111,-2659,12717,3050,-265,11848,2117,986,12848,2214,601,13416,3474,139,13497,4935,155,13779,5191,-424,14195,3732,-193,14252,2095,1521,13431,1787,1997,14650,2399,316,15311,3546,-755,14753,5282,-1429,15339,4840,-1827,14315,2606,-958,13884,1160,569,13414,1407,-299,13507,3142,-1826,13617,4285,-2171,13694,5198,-1938,12794,4791,-2364,12839,2535,-553,13014,965,1541,11855,2414,1041,13936,4496,-874,14276,4710,-294
13119,4843,645,14009,4067,195,14522,2407,627,14109,1388,2385,13957,2150,814,15254,4124,-1674,15598,4580,-1637,14737,3935,-710,13900,3289,-1003,14007,1438,-123,14149,1559,-71,12886,3976,-1610,13888,4905,-2692,14177,3777,-1977,12304,3602,-1321,12621,2681,-430,13105,1642,786,12634,2913,1405,13234,5058,-207,14133,5568,-920,13863,3882,308,13524,2875,1150,13851,2249,840,14659,1156,1331,14546,2418,849,14435,5081,-1318,16122,5610,-2420,15028,3564,-734,13406,2180,79,13868,1396,-456,13979,1604,-1125,13687,3487,-1329,12983,5124,-2238,13972,5083,-2624,13082,3342,-1085,11901,2271,562,12458,2217,597,13206,2782,153,13981,4393,210,13007,5212,-66,14121,4279,-258,14297,2712,1036,13416,2233,2042,14401,2090,1017,15095,2723,-620,14995,4631,-943,15071,4935,-1691,15048,3643,-1540,13944,1776,120,13670,1468,372,13709,2896,-1392,13726,3924,-2072,13908,4549,-1845,12616,4709,-2306,13199,3405,-1564,12948,1136,879,11620,1993,1271,13259,4256,-323,14182,4703,-721,13621,4712,804,13515,4105,500,14466,2875,75,14628,1568,1756,13625,2061,1497
15061,3981,-920,15646,4756,-1790,14791,4450,-701,14416,3286,-869,13732,1762,-679,14118,1025,-19,13336,2847,-1250,13375,5109,-2530,14242,4513,-2366,13088,3974,-1423,11976,3274,-868,13244,1825,253,12788,1673,1390,12631,4147,332,14280,5776,-1022,13852,4535,-211,13942,3476,1057,13433,2813,997,14492,1728,1152,14790,1457,1260,14133,3991,-418,15699,5567,-2371,15254,3978,-1363,14154,2904,3,13382,1947,-308,14036,1633,-836,13859,2691,-1141,13090,4744,-2024,13826,5451,-2660,13444,3644,-1814,12457,2711,45,11990,1985,427,13085,2394,296,13707,4130,289,13277,5526,-18,13862,5070,-385,14425,2772,372,13559,1854,1925,13643,1827,1626,15041,2298,-138,15171,4103,-711,14830,5451,-1645,15465,4516,-1766,14427,2412,-457,13379,1321,725,13685,1932,-800,13646,3396,-2033,13969,4537,-2003,13194,4970,-1949,12969,4418,-2300,12858,1933,-6,12435,1561,1609,12177,3310,288,14281,4504,-1009,14062,4672,167,12740,4547,777,14428,3551,107,14327,1703,1349,13773,1579,2180,14569,3079,-192,15499,4583,-1922,15525,4858,-1279,14503,4009,-859,14129,2907,-942
14
9,789,430,13632,1886,-290,12899,4190,-2065,14405,4682,-2773,13559,4046,-1874,11998,3767,-1523,13056,2683,-254,12789,1439,1173,12353,3122,1108,13564,5099,-741,14220,5038,-763,13969,3742,809,13394,3085,982,14396,2382,877,14686,1250,1475,14137,2896,431,15053,5220,-1811,15906,4971,-2109,14767,3575,-319,13307,2022,54,13785,1081,-480,13956,1564,-907,13436,3988,-1531,13250,5601,-2736,14234,4426,-2574,12986,3412,-983,11680,2190,642,13245,1748,688,13044,2794,577,13490,4932,167,13730,5475,-385,14132,4337,-338,14108,2698,1137,13568,1892,1883,14444,1782,775,15062,2565,-260,14683,4741,-1225,15392,4985,-1962,14812,3339,-1204,13959,1898,518,13567,1589,-40,13857,2761,-1568,13711,3653,-1944,13442,4943,-1889,13166,4748,-2452,13009,2893,-1260,12623,1547,1365,11930,2391,1074,13557,4281,-660,14166,4737,-480,13194,4454,643,13765,4022,156,14175,2286,500,14360,1266,2284,13686,2277,1164,15260,4105,-1306,15778,4936,-1571,14646,4713,-914,14598,3479,-1257,13698,1215,-227,14117,937,308,13210,3088,-1521,13475,5271,-2608,14355,4279,-2046
12495,4191,-1520,12293,3127,-891,13215,1091,646,12530,2008,1356,12650,4400,-314,14638,5536,-1055,13835,4449,458,13601,3680,1204,13931,2674,915,14611,1409,1279,14407,1784,1258,14397,4346,-1041,15918,5366,-2601,15272,4063,-879,13645,3061,100,13760,1950,-399,14080,1353,-775,13714,2829,-1199,12929,4750,-2081,14250,4773,-2453,13280,3428,-1353,11982,2739,-35,12728,2298,314,13011,2503,468,13633,4497,251,13261,5493,-190,14100,4732,-300,14322,2751,810,13239,1804,1729,14360,1899,1077,14599,2413,18,14984,4698,-649,15117,5562,-1725,15136,4107,-1536,14333,1872,-107,13271,1122,357,13913,2002,-1108,13715,3164,-1904,13615,4945,-1653,13435,5513,-2212,13186,4384,-2199,12814,1502,448,12111,1604,1219,12586,3494,-238,14402,4502,-976,13626,4918,501,12866,4345,588,14444,3240,220,14144,1613,1841,13740,1572,1815,14677,3170,-739,15535,4287,-1774,15235,5020,-995,14440,4106,-1062,14227,2228,-792,13912,856,580,13469,2369,-776,13403,4632,-2456,14076,4617,-2543,13486,4258,-1748,11968,3695,-1430,13106,1950,215,12912,1393,1338,12016,3679,518
14267,5595,-1144,13994,4793,-209,13618,3606,1064,13739,2832,743,14248,1630,883,14817,1243,1687,13972,3603,-171,15477,5831,-2300,15907,5000,-1750,14241,3524,68,13526,1674,-221,13886,764,-466,13846,2094,-951,13147,4742,-1917,13884,5925,-2817,13590,4067,-2168,12591,2988,-477,11953,1714,361,12969,1582,412,13195,3241,622,13326,5526,-154,13999,5783,-564,14305,3559,234,13800,2327,1737,13806,1929,1596,14985,1736,461,14807,3307,-393,14744,5088,-1393,15541,4964,-2130,14624,2658,-493,13381,1342,808,13577,1720,-484,13984,2630,-1905,13622,4059,-1934,13217,5231,-2079,13551,4794,-2566,13068,2475,-493,12079,1337,1525,12327,2590,716,13753,4449,-869,14244,5106,-13,12998,5081,407,14092,3964,42,14237,1633,1122,13745,1115,2363,14175,2217,493,15315,3886,-1653,15643,5163,-1398,14554,4700,-1256,14599,3264,-1209,13936,781,265,13580,1016,227,13202,3675,-1901,13835,4920,-2608,14467,4520,-2171,11898,4213,-1888,13182,2877,-580,13000,977,1149,11965,2708,1296,13364,4800,-739,14412,5351,-876,13311,4150,526,13674,3062,1056,13938,2193,600
14
9,918,1689,14349,2519,1001,14675,5208,-1571,16135,5455,-2388,15026,4119,-580,13613,2552,-94,13785,668,-285,14099,870,-439,13212,3987,-1438,13401,5880,-2620,14263,4996,-2974,12759,3355,-1329,11916,2013,330,12808,1475,784,13111,2085,900,13157,4688,17,13663,6101,-629,14306,4784,-413,14211,3166,1268,13159,1776,1753,14819,1257,1172,14652,2218,106,14871,4780,-1009,15646,5512,-2412,14867,3820,-1109,14097,2029,585,13310,1475,332,13899,2141,-1419,13546,3167,-1815,13550,4858,-1910,13259,5328,-2772,13186,3226,-1558,12617,1283,1055,11828,2202,1190,13429,4218,-348,14475,4972,-474,13159,5103,273,13559,4161,134,14451,2241,557,13873,1132,2329,13846,1719,1545,14988,3956,-1056,15748,5280,-1528,14796,5292,-1322,14638,3604,-1177,13820,896,-179,13860,574,842,13414,2560,-1148,13659,4961,-2669,14464,5108,-2483,12834,5039,-2037,12662,3574,-924,12925,1073,805,12452,1384,1428,12500,3769,-34,14388,5515,-1363,13827,4979,104,13476,4197,1136,13765,3055,761,14445,1211,1375,14412,1462,1563,14141,3757,-764,15985,5278,-2601,15503,4546,-1141
13931,3115,95,13717,1930,-200,13999,1341,-358,14041,2750,-1140,12927,4892,-2292,13953,5138,-2955,13646,3437,-1714,11829,2938,-124,12521,2079,358,13102,1916,516,13085,4173,678,13576,5768,-463,14067,5147,-547,14131,2996,967,13204,1777,1534,14345,1808,1104,14708,1999,282,15010,4446,-295,14937,5930,-1798,15575,4739,-1614,14374,2197,241,13252,1112,449,13935,1740,-1182,13788,2617,-1899,13748,4776,-1740,13045,5776,-2439,13475,4579,-2228,12873,1831,262,11829,1186,1152,12618,2734,151,13977,4044,-582,13917,5161,212,13122,4937,350,14438,3737,13,14327,2007,1635,13672,1799,1995,14693,2869,-221,15356,3725,-1391,14960,5048,-1086,14681,4332,-1324,14337,2369,-937,13711,964,591,13562,2257,-567,13569,4447,-2201,14084,4364,-2480,13683,4155,-1798,12170,3931,-1721,13017,2194,-179,13130,1184,1413,11841,3362,742,13986,5494,-1031,14247,5164,-491,13381,4315,998,13467,3175,652,14289,1651,776,14645,1181,1822,13835,2845,512,15571,4968,-1924,15666,4909,-1806,14738,4038,-298,13527,2378,-528,14070,834,-498,14074,1809,-664,12994,4149,-1475
14005,5389,-2740,13583,4121,-2259,12706,3520,-843,11965,2519,134,13204,1963,358,12957,2843,968,13151,4933,82,14050,5311,-677,13922,3465,214,13729,2461,1411,13781,2137,1426,14891,1961,601,14720,3081,-3,14740,5068,-1375,15758,5307,-2303,14750,2978,-720,13799,1661,645,13310,1691,-380,14029,2476,-1510,13817,3829,-1623,12992,5230,-2224,13749,4836,-2711,12938,2489,-1085,12108,1343,1165,12227,2249,608,13347,3709,-353,14301,4841,-17,12935,5047,308,14105,4447,-221,14297,2141,976,14259,1595,2118,13821,2170,746,15530,3229,-998,15283,4684,-1218,14677,4937,-1230,14675,3595,-1445,13818,1214,180,13737,1199,124,13281,3036,-1612,13829,4249,-2485,13974,4351,-2083,12391,4393,-2014,12906,3375,-1026,13109,1343,963,12038,2552,1333,13146,4387,-192,14569,4970,-973,13652,4332,552,13353,3601,750,14185,2674,388,14480,1359,1470,13919,2039,1589,14751,4211,-1035,15599,5118,-2364,15377,4398,-934,13803,3132,-429,13767,1561,-441,14149,803,-143,13402,2989,-909,13253,5299,-2401,14207,4928,-2754,13293,3891,-1562,11957,2839,-260,13067,1825,201
12824,1715,1229,13068,4019,545,13720,5515,-627,14074,4977,-558,14195,3439,922,13312,2528,1362,14568,1917,927,14713,1548,867,14435,4045,-449,15401,5395,-2277,15343,4177,-1608,14245,2684,177,13391,1954,-93,14072,2185,-1052,13947,2525,-1332,13173,4362,-1661,13500,5205,-2630,13315,3766,-2153,12466,2182,288,11866,2141,885,13031,3339,265,14037,4155,-7,13214,4915,377,13589,4869,-152,14437,2962,97,14224,1884,1742,13589,1959,1675,14964,2795,-357,15449,4180,-1054,14795,5337,-1333,15080,4379,-1695,13928,1950,-885,14011,1122,506,13354,2204,-600,13523,3914,-2017,14101,4243,-2012,13127,4878,-1941,12613,4412,-1762,13088,1951,23,12616,1618,1273,12012,3311,458,14371,4662,-855,14056,4498,195,13323,4268,772,14070,3581,135,14561,1987,901,14311,1721,2056,14073,3205,43,15554,4623,-1976,15571,4576,-1372,14128,3504,-526,13877,2399,-852,13961,1352,-383,14004,2481,-606,13026,4339,-1856,13830,4884,-2697,13654,3743,-1778,12168,3424,-827,12406,2486,9,13124,1674,679,12961,3612,1034,13496,5440,-274,14217,5282,-622,14115,3568,722
13395,2577,1312,14255,2298,986,14658,1443,706,14681,3078,288,14657,5100,-1537,15702,5136,-2135,14706,3072,-421,13387,2025,33,13677,2042,-852,13999,2257,-1199,13546,3679,-1239,13160,4925,-2224,13531,4525,-2447,13296,2841,-410,11876,2263,703,12816,3018,229,13563,3741,-195,13769,4509,546,13137,4503,179,14199,3365,-120,14180,2095,1310,13796,2349,1814,14558,3178,102,15443,3424,-718,14996,4705,-829,14675,4458,-1395,14789,2453,-1105,13647,1326,154,13620,2045,-541,13832,3801,-1986,13559,4202,-2184,13893,4494,-1653,12320,4372,-1852,12875,2702,-663,13221,1125,1215,11675,2960,796,13870,4665,-788,14374,4598,-226,13122,4342,1074,13599,3549,676,14503,2347,446,14476,1767,1671,13875,2508,724,15374,4162,-1485,15495,4702,-1826,14934,4093,-427,13718,2806,-888,13935,1145,-531,14100,1830,-375,12969,4020,-1355,13979,4929,-2539,13774,3743,-2206,12697,3446,-1034,12223,2896,-327,13232,2161,332,12681,2697,988,12980,4544,371,13960,5268,-586,14040,3603,129,13603,2690,1064,13954,2637,901,14969,2139,775,14625,2723,617,14494,4602,-708
15
96,5020,-1948,14913,3366,-730,13732,1893,147,13764,1529,-643,13710,2398,-1526,14166,3757,-1350,12850,5116,-1984,13616,4834,-2542,13122,2528,-1213,12087,1931,671,12508,2436,469,13375,3370,-172,14045,4565,236,12948,5040,457,14199,4517,-203,14073,2426,738,14127,1920,2004,13990,2440,781,15137,3067,-785,15209,4149,-887,14750,4648,-1215,14613,3705,-1651,14046,1647,-62,13909,1874,271,13295,3052,-1475,13901,3673,-2175,13745,4148,-1667,12718,4430,-1927,12920,3583,-1373,13027,1621,680,12142,2650,1094,12989,4553,-360,14321,4840,-814,13725,3977,731,13140,3358,855,14143,2677,285,14909,1911,1389,13788,2586,1167,14903,4174,-709,15499,4742,-1776,15295,4319,-597,13816,2858,-626,13909,1690,-716,14038,1163,-432,13690,3238,-1136,13252,5148,-2321,14132,4562,-2406,13220,3639,-1364,11630,3040,-458,13485,1942,-120,12608,1801,513,12975,4218,486,13982,5603,-576,13996,4687,-37,13833,3129,1217,13376,2560,1336,14768,2323,584,14783,1950,480,14446,3801,-376,15335,5119,-2025,15398,4097,-1363,14045,2529,426,13413,1820,-130,13937,2292,-1391
14155,2900,-1476,13104,4331,-1778,13367,4991,-2509,13392,3347,-1873,12392,2463,320,12215,2565,462,13120,3306,4,13940,4155,172,13168,4842,391,13965,4527,-19,13940,2626,50,14145,2010,1638,13696,2564,1222,14911,3177,-395,15452,3814,-626,14551,4797,-869,15141,4203,-1477,14141,1924,-736,13960,1666,138,13456,2542,-1040,13711,3769,-2055,13805,4133,-1720,13276,4703,-1756,12561,4380,-1989,12914,1708,-122,12892,1684,1083,11830,3618,271,14445,4665,-805,13945,4484,469,12816,4229,1069,14006,3138,282,14847,2001,719,13932,2114,1437,14526,3169,-41,15302,4394,-1583,15517,4431,-943,14142,3583,-605,13797,2466,-909,14266,1348,-442,13701,2482,-631,13256,4064,-1929,13830,4575,-2695,13763,3679,-1768,11850,3670,-1035,13077,2595,-106,13052,1947,388,12516,3560,1191,13806,4917,-252,13879,4917,-475,13806,3241,759,13407,2675,1100,14459,2852,521,14733,1950,611,14667,3046,448,14582,4920,-1266,15857,4766,-1611,14474,2923,-235,13426,1508,-26,13927,1988,-1213,13865,2816,-1472,13859,4164,-1504,12978,4999,-2199,13548,4125,-2256,13169,2443,-407
12026,2205,483,12854,3020,-10,13600,3468,15,13552,4919,530,13154,4934,316,14181,3487,-86,13892,2166,1234,13910,2596,1497,14634,2912,96,15151,2968,-610,14855,4177,-345,14940,4518,-1317,14487,2713,-1070,14187,1659,152,13426,2713,-675,14174,3745,-2006,13702,3491,-2041,13308,3966,-1310,12646,4246,-1834,12798,2969,-872,13397,1725,640,11748,3260,555,13639,4910,-646,14367,4585,43,13120,4075,1430,13249,3220,568,14428,2088,215,14684,2026,1171,13854,2989,789,15297,4118,-1088,15667,4399,-1101,14836,4072,-362,13968,2746,-1021,14205,1375,-973,14120,1838,-425,13245,3729,-1233,13529,4933,-2321,14036,3693,-1791,12374,3695,-1207,12135,3058,-653,13466,2041,-193,12539,2863,1047,12920,4381,360,14269,5134,-327,13743,3576,596,13548,2715,1024,13933,2870,431,14927,2473,372,14814,2589,827,14332,4212,-346,15560,4861,-1718,15251,3357,-656,13659,2219,-64,13829,1727,-1142,14034,2144,-1384,13936,3783,-1226,12785,4885,-1584,13781,4421,-2233,12866,2677,-1299,12518,2316,-19,12465,2811,-173,13301,3324,152,13898,4192,624,12790,5039,756
14387,4141,-99,14097,2532,449,13823,2646,1164,14597,2931,621,14841,3006,-340,14882,3668,-99,14704,4257,-922,14644,3648,-1384,14272,1717,-500,13872,2251,-374,13512,3371,-1544,13989,3607,-1970,13811,4118,-1245,12665,4250,-1623,12937,3190,-1504,13077,1732,164,12241,2934,661,13111,4511,-148,14204,4511,-550,13651,4118,1140,12989,3482,879,14087,2922,-47,14777,2026,865,13889,2564,1288,14536,3816,-437,15693,4123,-1014,14897,4191,-445,14171,3218,-957,14296,2148,-1413,14096,1917,-481,13739,3109,-805,13188,4652,-2022,13919,3874,-1880,13068,3503,-1235,11957,3272,-941,13552,2508,-621,12867,2483,530,12616,4239,647,13898,5129,-271,13598,4068,303,13716,2807,1186,13390,2825,729,14661,2833,284,14983,2226,842,14080,3585,201,15286,4959,-1361,15356,3876,-1259,14312,2681,-37,13393,1932,-904,14147,2420,-1378,14204,3179,-1187,13061,4413,-1465,13319,4738,-2189,13166,3278,-1796,12860,2835,-226,12025,2734,-192,13325,2973,35,13326,3718,619,13168,4999,765,13841,4539,123,13958,2583,52,13906,2173,1136,14137,2939,870,14960,2975,-168
15159,3460,-105,14639,4671,-730,15149,4470,-1648,14453,2201,-803,13848,1682,-170,13472,2538,-964,13824,3530,-1838,13656,4016,-1514,13135,4660,-1741,12794,4252,-2121,13100,2000,-575,12722,1893,838,12041,3412,422,14057,4224,-653,14018,4387,475,12752,4269,964,14203,3722,-77,14542,2488,386,14332,2246,1702,14233,2831,546,15189,3738,-1031,15501,4205,-693,14203,3991,-940,14379,2922,-1576,14098,1582,-745,13685,2397,-184,13212,3880,-1581,13643,4300,-2282,13699,3441,-1650,12085,3429,-1468,12899,3122,-951,13295,1967,558,12382,3439,1346,13398,4909,100,14239,4837,-364,13537,3558,685,13493,2860,691,14296,2766,272,14699,1574,1233,14335,2497,1040,14547,4839,-1106,15976,5011,-2007,14803,3539,-582,13402,2112,-487,14089,1505,-1071,13936,1881,-739,13658,3525,-963,13097,4819,-2130,13716,4609,-2380,13354,3528,-1026,11900,2903,-113,12996,2525,308,13152,2466,768,13322,4166,756,13436,4672,40,14000,3715,-414,14176,2842,707,13884,2809,1354,14721,2666,827,14807,2396,140,14688,3847,-273,15230,4526,-1763,14745,2980,-1473,14475,2076,-243
13150,2541,-341,14251,3212,-1426,13601,3453,-1505,13130,4194,-1319,13257,4437,-2397,12873,3158,-1684,12992,1666,555,12093,2486,1088,13143,4197,-184,14392,4473,33,13209,4553,976,13476,3939,44,14610,2590,-56,14390,1926,1596,13949,2133,1358,15043,3543,-727,15407,4213,-855,14940,4797,-804,14314,3930,-1583,14272,1753,-1110,13978,1351,183,13276,2771,-1028,13627,4440,-2335,13876,3899,-1925,12767,4052,-1616,12347,4169,-1142,13148,2271,89,12870,2070,1327,12204,3803,510,14562,4591,-718,13904,3731,224,13360,3719,689,14236,3707,226,14803,2628,830,14437,1932,1544,13979,3351,51,15508,4489,-1903,15441,3735,-1405,13913,3217,-694,13725,2512,-1207,14306,2054,-714,13801,3117,-537,12592,4506,-1344,13917,4223,-2404,13170,2966,-1734,12302,2896,-588,12970,2531,-246,13175,2914,397,13411,4322,882,13307,5211,507,13884,4689,-232,14264,2805,362,13560,2349,1134,14358,2133,943,14787,1918,110,14788,3873,-23,14826,5150,-1459,15165,4810,-1848,14291,2632,-518,13663,1722,-169,13769,2017,-946,13632,2433,-1581,13684,3870,-1369,13159,5097,-2121
13129,4836,-2379,12999,2908,-109,12249,2685,1018,12542,3531,395,14029,3456,-225,13592,3814,776,12792,3981,346,14566,3498,-460,14345,2771,1110,13942,2636,1786,14548,3395,-13,15443,3949,-1156,15086,4083,-769,14336,3375,-1316,14086,2261,-1497,14374,1577,25,13500,2753,-437,13361,4733,-1946,13942,4566,-2181,13376,4231,-1707,12062,3696,-1770,13262,2086,-432,12879,1252,1162,11877,3229,1063,14061,4971,-407,13730,4815,-225,13788,4021,779,13705,3714,282,14592,2670,260,14948,1253,1577,13721,2612,584,15317,4672,-1488,15611,4368,-1569,14471,3769,-363,13545,2811,-909,14201,2243,-1010,14158,2384,-903,13128,3700,-1400,13127,4204,-2304,13633,3220,-2002,12593,3351,-702,12071,2992,-72,13438,2690,228,13032,3407,901,13337,5086,339,13890,4786,-273,14194,2955,33,13527,2502,1069,14310,2479,1290,14796,2363,508,14631,3237,203,14857,4771,-864,15140,4909,-1987,14745,2504,-1226,13882,1678,-151,13361,2085,-641,14080,2519,-1333,13376,3600,-1225,13175,4740,-1733,13595,4788,-2513,12723,3110,-1185,12978,2160,737,12229,2846,570,13344,3692,-81
14270,3851,663,12729,4093,824,14115,4078,-430,14357,2568,279,14318,2621,1750,14044,2626,726,15208,3118,-818,15143,3898,-625,14328,3752,-981,14687,3186,-1633,13819,1875,-563,14172,2256,-53,13448,3883,-1532,13569,4429,-2077,14039,3650,-1649,12067,3532,-1676,12904,3027,-1038,13241,1700,702,12350,2992,1257,13178,4630,-169,14285,4769,-453,13513,3756,652,13454,3262,650,14278,2955,92,14646,1729,1262,14296,2334,1311,14867,4408,-766,15656,4733,-1859,15316,3572,-529,13458,2571,-785,14003,1782,-1087,14379,1615,-633,13138,3639,-908,13281,4892,-2066,13768,4226,-2288,13011,3212,-1110,11925,2812,-404,12943,2720,-98,13135,2517,878,13227,4386,705,13049,5117,-56,14376,3720,-127,13976,2825,942,13505,2798,1156,15231,2161,786,14585,2152,406,14593,4170,-307,15357,4891,-1778,14977,3540,-1329,14161,2235,-396,13525,2150,-439,14048,2913,-1297,13882,3091,-1344,12820,4229,-1344,13284,4511,-2105,13134,3246,-1816,12647,2393,217,12180,2716,579,13249,3763,-64,14030,4265,156,13156,4241,1177,13751,3826,245,14235,2804,-161,14670,2222,1411
13963,2580,1281,14905,3550,-613,15400,4328,-823,14745,4704,-621,14524,3663,-1596,13902,1663,-1033,14219,1169,142,13142,2705,-911,13545,4392,-2193,13967,4094,-1809,12735,4442,-1640,12687,4036,-1711,13185,2187,-202,12696,2052,1247,12432,3439,562,14208,4725,-583,13673,4076,503,13569,3899,759,13913,4011,-214,14953,2553,581,14325,1945,1606,13789,3260,223,15628,4291,-1620,15220,3707,-957,13969,3192,-672,13853,2720,-1362,13971,2086,-944,14266,2875,-669,12752,4595,-1602,13710,4430,-2403,13748,3082,-1576,11964,3386,-639,12966,2724,-338,13172,2365,434,13053,3974,904,13312,5315,170,14092,4865,-227,14038,2956,317,13323,2621,980,14442,2403,754,14836,1751,704,14638,3511,445,14769,4845,-1328,15465,4578,-1875,14549,2890,-607,13487,2156,-515,14098,2356,-1184,13830,2477,-1314,13374,3927,-1079,12984,4805,-1822,13465,4256,-2374,13020,2881,-535,12236,2524,521,12815,3227,239,13533,3631,-103,13619,4149,749,13074,4301,400,14205,3465,-390,14567,2621,928,13866,2588,1621,14792,3083,305,15151,3405,-627,14957,4269,-441,14687,4029,-1488
14
69,2803,-1556,14265,1719,-368,13660,2375,-397,13351,4152,-1624,13667,3983,-1868,13614,3920,-1499,11931,3693,-1753,13283,2590,-844,13264,1765,873,11903,3181,822,14172,4748,-520,13698,4650,-121,13589,4100,1166,13723,3467,346,14275,2601,38,14922,1451,1661,13796,2402,1033,15133,4552,-1159,15624,4504,-1573,14543,3781,-628,13683,2944,-1231,14012,1788,-941,14126,1874,-395,13123,3281,-1132,13410,4363,-2339,13778,3608,-2038,12940,4051,-1167,12205,3778,-738,13498,2507,230,12903,2516,1404,12798,4316,564,13988,4660,-323,14030,3191,84,13792,3043,719,13955,3222,612,14996,2424,752,14547,2506,794,14134,4017,-477,15699,4571,-1894,14794,2848,-1002,13986,2247,-397,13854,2331,-1009,13916,2535,-1299,13793,3554,-846,12761,4649,-1484,13657,4561,-2360,13150,2775,-1410,12234,2328,111,12639,2832,278,13363,3445,143,13729,4222,676,12919,4495,841,13960,4023,-249,14261,2654,232,14119,2171,1592,14235,2393,812,15095,2819,-493,15344,4099,-428,14548,4546,-1103,14875,3465,-1659,14278,1989,-648,13726,1997,-61,13664,2899,-1342,13535,3886,-1977
137
,3957,-1658,12469,4115,-1828,12965,3839,-1479,13111,1948,455,12295,2484,1361,12901,3962,4,14252,4394,-443,13531,4134,795,13406,3666,576,14509,3413,-276,14620,2016,1181,14152,2067,1667,14607,3823,-275,15418,4489,-1612,15372,4084,-843,13847,3158,-1086,14032,2211,-1215,14233,1403,-382,13472,3061,-553,12935,4807,-1969,13870,4246,-2303,13313,3459,-1491,11848,3279,-936,13253,2526,-304,12981,2136,1073,12962,3973,834,13645,5236,-360,14120,4366,-191,14043,3225,624,13584,3182,690,14713,2319,636,14809,1663,1083,14215,3776,176,15140,5172,-1907,15350,3831,-1558,14194,2870,-424,13324,2210,-663,14340,2027,-1257,13870,2559,-1011,12864,4353,-1426,13607,5146,-2352,13388,3904,-2058,12700,2662,-256,12177,2212,457,13145,3038,375,13960,3853,450,13099,4828,658,13532,4633,-178,14458,3287,-185,14217,2709,1352,13641,2203,1535,14939,2392,-2,14917,3427,-425,14714,4680,-1013,15025,4547,-1865,14228,2656,-1273,14228,1710,34,13398,2473,-538,13596,3625,-1765,13928,3817,-1648,13171,4603,-1826,12607,4325,-2140,13169,2394,-403,12603,2163,1254
12268,3453,630,14208,4618,-701,13695,3994,395,13084,3765,828,13936,3777,-172,14645,2493,541,14295,1709,2072,13863,3103,418,15572,4282,-1477,15548,4457,-1215,14228,4013,-804,14293,3206,-1363,13998,1654,-606,14171,2003,-377,12715,3854,-1493,13728,4404,-2305,13735,3712,-1685,12027,3854,-1259,12984,3054,-754,12997,1878,491,12772,3294,1169,13079,4630,160,14135,4486,-106,13937,3435,624,13532,3473,702,14531,3278,346,14796,1816,898,14446,2792,764,14621,4492,-990,15476,4583,-1928,14846,2935,-691,13360,2370,-561,14059,2333,-1031,14118,2016,-1088,13373,3586,-955,12871,4764,-1955,14018,4518,-2344,13024,3175,-1224,11901,2433,199,13116,2398,290,13132,3228,430,13735,4402,918,13226,4669,310,14083,3875,-464,14462,2715,625,13873,2608,1462,14594,2511,571,15002,2555,-121,14621,4123,-281,14766,4594,-1489,14702,3278,-1742,14172,1853,-392,13594,1944,-212,13825,3266,-1444,13623,3724,-1587,13583,4397,-1459,12628,4162,-2152,12958,3194,-1452,13207,1794,960,11977,2639,920,13447,4469,-279,14121,4103,-14,13397,4093,879,13360,4112,122
14594,2817,-80,14671,1836,1678,13487,2158,1325,15217,3546,-639,15159,4225,-1199,14913,4157,-715,14228,3472,-1578,13900,1865,-899,14523,1492,-247,13173,3389,-1011,13580,4632,-2064,13783,3662,-1861,12763,3793,-1451,12274,3510,-1094,13295,2196,74,12836,2428,1148,12615,4150,488,14176,4945,-471,13764,3795,228,13574,3382,753,13988,3080,362,14637,1866,780,14651,1893,1286,14309,3856,-146,15389,5101,-2025,15274,3825,-1174,13849,2834,-464,13762,2081,-923,14173,1829,-1196,13655,2765,-810,13208,4250,-1423,13525,4965,-2473,13315,3641,-1827,12457,3067,-511,12472,2572,58,13122,2480,559,13579,3646,1103,12924,4631,543,14209,4518,-602,14429,3295,-39,14028,2903,1194,14246,2591,1011,14747,2262,257,14983,3572,202,14504,4592,-1222,15368,4099,-2042,14264,2230,-959,13710,2109,-127,13634,2847,-1140,13875,3234,-1292,13362,3892,-1210,12958,4540,-1879,13337,4092,-2497,12875,2140,-317,12517,2260,1074,12512,3777,305,14156,4324,-209,13707,4402,852,12932,4368,427,14445,3660,-588,14769,2049,922,13729,2001,1786,14531,2966,253,15450,3965,-1000
14850,4560,-690,14422,4131,-1326,14198,2865,-1646,14267,1417,-299,13631,2139,-467,13115,3958,-1649,13850,4344,-2045,13621,4191,-1595,12113,4161,-1642,13258,2881,-650,13091,1660,842,12194,3290,1217,13691,4735,-149,13941,4368,-361,13808,3970,544,13435,3768,404,14855,2815,361,14517,1496,1487,13957,2652,1088,15160,4592,-1257,15492,4509,-2023,14872,3450,-845,13363,2660,-905,14065,2136,-1087,14402,2043,-535,12644,3757,-900,13282,4816,-2171,13771,3983,-2199,12831,3247,-1024,12269,2535,-316,13253,2555,-6,13455,3265,1044,13089,4801,708,13505,4959,-46,14249,3642,-250,14017,2760,883,13904,2522,975,14638,2065,460,14927,2721,469,14377,4807,-577,15420,5374,-1964,14712,3114,-1475,13893,1759,-202,13667,1833,-670,13704,2578,-1231,13608,3247,-1155,13089,4736,-1681,13310,5202,-2522,13224,3181,-1400,12823,2112,752,11898,2513,690,13664,3369,69,13861,3894,478,13003,4481,506,14177,4596,-473,14343,3012,141,14334,2339,1758,13714,2396,1262,15292,3011,-394,15178,3925,-728,14482,4429,-1242,14744,3697,-1933,13979,1972,-904,13969,1696,-34
13
05,3175,-985,13420,4174,-1809,13985,3925,-1678,12454,4067,-1890,12966,3546,-1399,13392,1692,298,12443,2698,1407,12794,4323,396,14157,4680,-380,13640,4116,482,13355,3486,555,14471,3012,-57,14534,1692,1051,14147,1970,1795,14634,3931,-190,15283,4939,-1908,15507,4034,-1017,13717,2995,-837,13957,2116,-1102,14342,1448,-783,13370,2857,-719,13045,4499,-1781,13833,4649,-2243,13253,3753,-1312,12123,3101,-555,13107,2450,-207,12850,2037,845,13271,3787,959,13299,5003,-82,13965,4593,-449,14302,3154,650,13520,2923,1046,14513,2430,858,14897,1805,824,14608,3757,245,14959,5151,-1708,15378,3920,-1832,14386,2300,-555,13524,2011,-512,13901,2643,-1299,13675,2839,-1157,13409,4082,-1155,13049,5095,-2252,13416,3719,-2221,13099,1902,-63,11808,2229,732,13153,3422,155,13929,3991,-8,13334,4849,632,13395,4655,-87,14368,3176,-230,14594,1994,1500,13560,1705,1808,14768,2628,-35,15314,3793,-725,14836,5341,-1061,14872,4559,-1840,14305,2083,-1132,13870,983,242,13433,2209,-556,13489,3781,-1942,13806,4015,-2038,13095,4878,-1802,12726,4554,-1894
13232,2284,-151,12701,1223,1397,11945,2865,953,14059,4823,-793,14003,4774,-217,13444,4382,518,13819,3584,64,14692,2229,784,14424,1461,2142,13866,2668,768,15206,4709,-1873,15750,4992,-1942,14482,4023,-859,13692,2295,-901,13920,901,-533,13916,1853,-155,12923,4117,-1405,13810,5593,-2850,13940,4193,-2229,12468,3513,-1069,12412,2606,-168,13072,1665,614,13045,2772,1313,13033,4951,135,14120,5702,-902,14075,4177,46,13699,2837,1073,14146,2189,980,14639,1145,1053,14533,2510,801,14345,5452,-1374,15742,5636,-2514,14998,3297,-808,13140,1926,105,13944,1406,-716,13968,1939,-1127,13454,3717,-1196,13090,5708,-2222,13892,5467,-2776,13274,2797,-944,11967,1652,722,12354,2029,598,13506,2951,150,13916,4818,198,12982,5549,-142,14527,4638,-373,14255,2516,1113,13661,1658,2141,14281,1612,979,15012,2600,-572,14992,5183,-1155,14995,5757,-1870,14802,3842,-1664,13978,1434,166,13572,1334,160,13653,2550,-1163,13579,3503,-1914,13800,4759,-1857,12687,5064,-2289,13232,3609,-1393,13034,1475,710,11762,2070,1308,13199,3884,-52,14232,4724,-659
13478,4861,657,13465,4102,494,14590,2884,-47,14424,1553,1587,13807,1844,1731,14732,3801,-588,15357,5146,-1987,15279,4897,-990,14035,3116,-947,13788,1366,-838,14215,771,48,13419,2805,-716,13354,5057,-2277,14201,4915,-2596,13117,4335,-1506,12235,3190,-793,13189,1650,94,12770,1291,1315,12694,3641,718,13972,5888,-778,13916,5107,-258,13902,3518,921,13668,2906,832,14701,1571,907,14724,1133,1485,13999,3767,-128,15549,5817,-2361,15458,4491,-1589,14166,2698,-56,13340,1620,-461,14157,1577,-806,13981,2615,-843,12929,4746,-1819,13654,5563,-2699,13559,3462,-1862,12651,2546,69,11715,1940,526,13534,2295,461,13470,3916,347,13160,5493,118,14161,5345,-338,14166,3088,203,13946,1894,1714,13719,1542,1551,14963,1830,70,14970,3861,-503,14771,5810,-1471,15545,5101,-1875,14329,2335,-627,13615,986,443,13524,1504,-661,13801,2881,-1685,13721,4433,-1923,13076,5622,-2125,13158,4870,-2270,12973,2054,-107,12504,1195,1583,12209,2553,699,13963,4184,-816,14213,4841,-7,12908,4863,536,14280,3842,-20,14543,1715,1047,13820,1448,2290
14326,2578,534,15148,4374,-1621,15681,5413,-1380,14465,4258,-1188,14231,2537,-1102,13880,566,186,13531,1391,36,13214,3827,-1839,13769,5081,-2775,14108,4745,-2031,12104,4117,-1560,12853,2651,-362,13133,765,1070,12198,2427,1497,13335,4973,-531,14616,5596,-774,13586,4484,446,13596,3279,711,14542,2373,699,14355,977,1658,14272,2227,976,14461,5001,-1662,15962,5690,-2257,14851,3897,-580,13311,1950,-290,14065,801,-682,13967,1437,-554,13340,3998,-1362,13536,5704,-2722,13803,4856,-2715,13308,3395,-937,11825,2454,362,12853,1888,580,13283,2189,702,13053,4692,295,13667,5804,-472,14184,4341,-528,14121,2913,882,13517,2204,1542,14586,1778,1027,14642,2242,207,14509,4580,-815,15583,5477,-2123,14834,3413,-1541,14368,1914,183,13271,1766,-328,14204,2621,-1398,13533,3508,-1620,13210,5145,-1590,13379,5063,-2575,13087,2965,-1530,12714,1232,834,11852,1826,1192,13351,3958,-363,13985,4890,-403,13469,5369,461,13385,4669,-52,14574,2444,429,14152,1211,2133,13464,1482,1591,15099,3315,-864,15564,4963,-1415,14935,5688,-1419,14746,4240,-1733
13977,1514,-563,13883,733,557,13141,2052,-708,13306,4122,-2314,14290,4427,-2114,12955,4846,-1970,12683,4250,-1496,13099,2030,182,12421,1716,1618,12372,3530,504,14209,4776,-845,14102,4281,107,13301,3723,686,14252,3305,324,14867,1963,1077,14271,1849,1901,14002,3634,-162,15538,5068,-2239,15524,4611,-1490,14110,3217,-548,13758,1694,-698,13773,842,-474,13970,2659,-506,12648,5140,-1740,14009,5294,-2644,13722,3648,-2027,12111,3137,-701,12867,1927,80,12972,1324,762,12961,3422,924,13521,5454,-94,14258,5729,-717,14060,3751,424,13545,2672,1142,14078,2096,1060,14814,1235,787,14477,3077,306,14807,5287,-1715,15580,5037,-2345,14405,3035,-402,13393,1741,163,13949,1892,-758,13689,2150,-1320,13553,3423,-1369,13000,4938,-2348,13771,4556,-2600,13282,2722,-266,12058,2536,819,12931,3238,410,13513,3655,-83,13614,4561,660,13233,4525,145,14107,3380,-393,14343,1935,983,13579,2169,1810,14478,2975,346,15141,3602,-631,14997,4750,-672,14705,4222,-1614,14534,2388,-1332,14270,1019,-81,13310,1988,-387,13774,3913,-1647,13801,4521,-1916
13755,4882,-1617,12338,4374,-1916,13080,2725,-611,13148,1199,922,11768,2611,792,13656,4338,-526,14027,4430,-204,13205,4406,1109,13680,3796,555,14550,2581,186,14607,1566,1586,14002,2276,988,15209,4277,-1163,15599,4803,-1555,14775,4093,-386,13960,2798,-780,13958,1812,-838,14152,1971,-512,13213,3591,-1213,13293,4751,-2283,13807,3571,-1975,12664,3313,-930,12153,2811,-524,13247,2216,-113,12879,2812,1061,12917,4571,395,14120,5490,-413,13845,3616,164,14041,2711,975,13764,2939,590,14929,2172,707,14746,2501,1024,14136,4562,-186,15633,5280,-1917,14800,3382,-937,13842,1631,-203,13511,1651,-1069,13902,2373,-1253,13930,3306,-1056,12708,4954,-1527,13632,5047,-2285,13450,3115,-1360,12561,2293,88,12450,2288,53,13463,3080,63,13823,4435,466,12955,5208,683,14022,4552,-164,14241,2501,366,14026,2234,1586,14105,2404,1020,14772,2578,-187,14996,4059,-262,14486,4940,-1277,14968,3791,-1794,14275,1715,-678,13518,1820,-25,13904,3056,-1067,13698,3652,-1865,13925,4172,-1476,12756,4444,-1898,13253,3672,-1809,13097,1750,108,12334,2404,1042
12649,4215,33,14212,4794,-671,13499,4347,802,13147,3505,807,14136,2664,-152,14634,1913,885,14216,2517,1409,14339,3902,-253,15517,4832,-1364,15275,4698,-640,13923,3220,-815,14286,1324,-1255,14033,680,-379,13720,3135,-648,13374,5164,-2153,13959,5092,-2395,13461,3807,-1342,11962,3120,-1002,13087,2142,-474,13059,1425,575,12191,3536,878,13759,5543,-407,13934,5080,-263,13951,3684,925,13205,2775,817,14900,2366,431,14822,1801,1082,13868,2949,385,15244,4798,-1472,15406,4611,-1670,14733,3235,-224,13444,1920,-627,14042,1663,-1324,13988,2842,-1042,13232,4733,-1370,13170,4894,-2272,13568,3213,-1996,12753,2480,-494,12044,2526,28,13656,3093,-148,13133,3599,450,13368,5115,637,13608,5037,94,14121,2907,103,14020,1605,1170,13728,2112,1190,14933,2896,259,15044,3856,-26,14505,5349,-817,15406,4676,-1774,14330,2144,-936,13928,1338,2,13648,1914,-838,13823,3304,-1730,13718,3901,-1578,13329,5075,-1630,12859,4707,-2023,13294,2129,-839,12682,1505,695,12044,2953,361,13947,4203,-703,13940,4619,89,13075,4676,880,14041,3897,203
14322,2273,511,14403,2009,1709,13731,2675,809,15374,3711,-988,15180,4401,-905,14368,4163,-898,14720,2720,-1464,13804,1467,-733,14102,2078,-63,13552,3739,-1329,13458,4716,-2328,14135,3722,-1690,12356,3495,-1383,12840,2829,-890,13400,1633,131,12426,3270,964,12982,5050,-165,14256,5394,-666,13561,3654,904,13282,2443,1179,14025,2290,451,14915,1845,766,14223,2589,1197,14489,4664,-683,15622,5274,-1950,15060,3791,-444,13635,1984,-100,13994,1497,-1012,14313,2063,-1220,13939,3712,-1205,13051,5130,-2108,13827,4615,-2251,13171,3033,-945,12068,2648,-118,12988,2522,-318,12987,2611,185,13371,4211,633,13071,5248,103,14065,4022,127,13971,2238,986,13451,2481,1147,14845,3098,390,14925,2840,39,14788,4327,-140,14928,4981,-1470,15182,3400,-1214,14165,1572,11,13444,1816,-373,14084,3251,-1625,13846,3557,-1620,13342,4459,-1357,13068,4557,-1882,13177,2987,-1706,13050,1559,91,11991,2376,369,13017,4069,-290,14217,4450,-292,13186,4860,1043,13399,4075,676,14387,2449,-24,14522,1997,1062,13794,2586,1200,14785,3719,-340,15114,4226,-614
14960,4651,-205,14277,3564,-1043,14226,1232,-1211,14109,1255,-332,13403,3132,-989,13991,4584,-2298,13663,4297,-1924,13219,4257,-1185,12391,3557,-1464,13213,2005,-430,13081,1621,940,12206,3605,617,14059,5426,-803,14119,4740,29,13363,3873,1087,13279,3045,394,14758,2235,495,14516,2055,1516,13775,3087,554,15255,4605,-1366,15495,4402,-1186,14219,3265,-321,14033,1956,-1173,13956,1623,-1065,14191,3144,-604,13175,4621,-1316,13613,4891,-2337,13738,3161,-1715,12525,2677,-750,12747,2790,-463,13127,2623,-101,13157,3602,823,12790,5405,294,13951,5387,-243,13992,2842,485,13331,1756,1136,14106,2321,616,14895,2308,450,14545,3163,468,14422,4972,-697,15787,5497,-1858,14692,2816,-548,13975,1604,-183,13377,1845,-1132,14309,2563,-1468,13705,3806,-1243,12795,4971,-1768,13621,4573,-2235,13129,2660,-951,12165,2473,229,12665,2748,29,13412,3046,-276,13620,4205,688,13101,4770,727,14005,4117,-339,14341,2328,581,14092,2597,1473,14186,3217,682,15257,3125,-450,15027,4130,-407,14577,4365,-1331,14834,2866,-1581,14182,1642,-476,13550,2154,-203
13694,3426,-1382,13364,4142,-1826,14018,4110,-1490,12609,4061,-1993,13093,2888,-1573,13436,1328,246,11890,3057,983,13048,4717,-198,14374,4886,-343,13401,4430,891,13176,3438,695,14548,2610,-49,14712,1779,1145,13902,2439,1253,14593,3776,-460,15526,4555,-1398,14833,4579,-540,14039,3173,-944,14075,1668,-1229,14057,1318,-311,13667,2904,-972,13170,4831,-2137,14067,4287,-2282,13183,3771,-1343,12211,3401,-778,13527,2553,-376,12796,2293,863,12567,3808,703,13968,5070,-343,13687,4214,-168,13859,3036,962,13484,2950,707,14718,2638,596,14627,2106,1181,14091,3702,208,15558,4938,-1959,15126,3895,-1660,14243,2445,-75,13634,1974,-603,13935,2551,-1087,14101,2911,-850,13062,4185,-1451,13396,4821,-2389,13399,3282,-1991,12980,2623,-280,12088,2708,-114,13116,2926,34,13719,3548,657,12835,4825,616,13843,4648,-76,14074,2796,-44,13935,2550,1245,14052,2799,1092,14846,2801,-27,14991,3389,46,14471,4519,-704,15035,4215,-1601,14601,2057,-868,13865,1914,-84,13628,2928,-1053,14071,3576,-1805,13699,3583,-1503,12899,4350,-1618,12909,4000,-2035
13149,2197,-536,12584,2160,765,12139,3456,269,14080,4511,-680,13954,4255,523,13022,3969,1056,13963,3490,48,14677,2191,522,14221,2386,1781,13949,3027,519,15485,3865,-1075,15286,4456,-846,14142,3863,-944,14698,2709,-1486,13754,1398,-643,13942,2277,-206,13361,4078,-1447,13612,4502,-2116,14083,3471,-1619,11981,3747,-1486,13045,3156,-914,13462,1790,323,11930,3014,1217,13352,4684,-47,14321,4933,-363,13578,3793,628,13496,2887,709,14319,2920,147,14625,2164,1015,14376,2756,1186,14490,4362,-703,15565,4627,-1785,14920,3350,-494,13616,2170,-618,13961,1773,-1110,13945,2319,-858,13939,3937,-969,13096,4969,-2091,13645,4056,-2233,13259,2970,-1236,11962,2830,-366,13121,2873,-36,13045,2684,590,13312,4504,788,13416,5097,75,14220,3828,-283,14060,2454,947,13472,2614,1180,14691,2746,640,14780,2547,378,14438,4174,13,15200,4942,-1679,14847,3350,-1658,14407,1950,-345,13327,1947,-268,14047,3120,-1343,13907,3463,-1627,13350,4376,-1314,13044,4686,-2011,13331,3358,-1909,12891,1980,140,12185,2373,633,13046,3729,-144,14045,4308,96
13428,4531,1010,13300,4239,-15,14276,2773,-185,14649,2155,1442,13567,2591,1451,14903,3509,-381,15424,3805,-680,14665,4570,-602,14556,3852,-1573,14261,1871,-1170,14304,1570,11,13064,3077,-823,13478,4538,-1938,14237,3949,-1673,12748,3978,-1566,12567,3510,-1804,13215,2092,-372,12940,2209,853,11995,4034,459,14342,5250,-664,13954,4207,381,13089,3561,1016,13834,3057,248,15052,2231,696,14155,2264,1476,14000,3505,223,15472,4716,-1527,15276,4436,-1065,14222,3530,-700,13944,2045,-1175,13982,1102,-852,13636,2651,-539,13429,4407,-1398,13756,4824,-2277,13545,3382,-1693,12538,3382,-987,12649,2914,-471,13285,2117,194,12733,3422,1054,13212,4889,348,14255,4839,-238,13725,3343,343,13608,2837,875,14434,2801,731,14561,2056,603,14575,2824,692,14436,4677,-964,15630,4733,-2031,14827,2815,-629,13542,2022,-204,14078,2222,-968,13834,2646,-1184,13680,3669,-1132,13033,4659,-1916,13500,4516,-2367,13488,2847,-1102,12066,2562,328,12657,2890,178,13385,3131,98,13719,4375,823,13035,4372,436,14221,3627,-579,14107,2554,679,14095,2547,1675
14338,2941,570,15068,3206,-308,15254,4191,-392,14394,4424,-1428,15209,2986,-1672,14074,1643,-329,13499,1950,-212,13827,3601,-1563,13606,4066,-1847,13742,4269,-1515,12271,4159,-2013,13316,2929,-1347,13184,1256,820,11776,2487,934,13220,4324,-344,14410,4544,-471,13324,4389,746,13570,3961,421,14493,3060,-9,14709,1777,1483,13570,2264,1417,15041,3661,-587,15487,4170,-1499,14705,4226,-898,14315,3323,-1243,13981,2229,-1012,14262,1808,-161,13189,3228,-812,13417,4291,-1972,13859,3222,-2100,13013,3354,-1503,12191,3625,-1062,13374,2800,-319,12993,2685,922,12448,4286,669,14329,5143,-439,13589,3540,114,13886,2536,1052,13617,2955,609,14701,2574,528,14678,2543,1065,14144,4234,6,15425,5206,-1901,15275,3368,-1186,14023,2248,-130,13519,1929,-871,14077,2052,-1185,14032,3045,-898,13033,4715,-1509,13393,4777,-2247,13703,3326,-1748,12564,3123,-270,12460,2536,-185,13015,2522,78,13543,3528,778,13143,4723,597,13791,4623,-197,14126,2997,70,14014,2957,1316,13813,2844,1063,14858,2298,175,15071,3276,90,14342,4331,-1023,15392,4092,-1908
14505,2453,-924,13777,2214,48,13846,3057,-896,13739,3410,-1683,13852,3458,-1463,12669,4077,-1688,13371,4101,-2401,13165,2630,-610,12496,2346,836,12314,3530,380,13737,4400,-293,14037,4166,711,12890,3824,794,14087,3191,-405,14661,2210,449,13983,2606,1610,14151,3398,308,15384,3955,-952,15117,4322,-526,14523,3730,-983,14340,2512,-1752,14258,1025,-383,13640,2655,-302,13101,4594,-1654,14165,4430,-2359,13533,3769,-1562,12075,3588,-1400,13229,2991,-774,13085,1557,640,12166,2933,943,13346,4931,-408,14402,4944,-519,13649,3723,855,13284,3267,734,14550,3081,403,14804,1863,1381,13920,2620,901,14858,4123,-1112,15588,4374,-1853,15001,3702,-442,13710,3053,-739,13889,1960,-1024,14123,2112,-661,13260,3980,-899,13263,4501,-2107,13708,3229,-2121,13178,3014,-1112,12074,3522,-465,13359,3117,-207,12989,2965,655,13063,4603,694,13497,4771,147,14333,3178,-38,13950,2510,878,13608,2846,1044,14985,2678,523,14505,3024,498,14411,4497,-230,15321,4752,-1681,14914,3092,-1261,14102,1926,-195,13569,1867,-622,14016,2864,-1576,13758,3541,-1377
13220,4714,-1297,13331,4587,-2010,13133,3025,-1783,12790,2056,198,12485,2519,387,13151,3907,-266,14096,4129,263,13096,4419,1119,13467,4130,126,14297,2822,-24,14422,2521,1463,13737,2584,1091,14923,3282,-613,15247,4038,-559,14638,4460,-627,14774,3499,-1580,14007,1827,-994,14090,1602,226,13327,3010,-916,13539,4518,-2259,14177,3789,-1702,12819,3865,-1657,12626,3657,-1631,13547,1928,73,12573,2493,1004,12106,4234,274,14817,4664,-668,13360,4127,690,13166,3445,860,14372,3267,-19,14326,2435,742,14261,1991,1690,14098,3572,-88,15384,4586,-1594,15453,3750,-672,13949,3078,-616,14046,2299,-1132,14263,1570,-908,13891,3090,-778,13022,4458,-1713,13915,4169,-2072,13511,3005,-1367,12234,3304,-821,13077,3087,-427,12802,2203,125,13101,3833,851,13296,5134,-111,14083,4380,-146,13932,2701,766,13308,2733,1068,14500,2839,681,14835,2081,670,14210,3750,318,14993,4915,-1328,15726,3894,-1819,14485,2532,-356,13527,2076,-187,14017,2508,-1244,14034,2822,-1330,13397,3851,-1270,13082,4523,-2029,13585,3807,-2212,13027,2836,-543,12118,2293,328
12824,2800,-43,13221,3724,86,13853,4655,645,13127,4522,460,14168,3349,-191,14311,2338,1001,13733,2631,1449,14651,2991,143,14919,3553,-438,14891,4441,-370,14852,4132,-1396,14581,2576,-1239,14312,1580,-120,13348,2241,-535,13841,3907,-1694,13719,3919,-1845,13410,4237,-1428,12632,3890,-2010,13117,2748,-1223,13169,1608,945,11998,2787,760,13484,5011,-807,14307,4717,-183,13331,4025,1145,13415,3533,297,14484,2501,227,14608,2046,1540,13696,2819,955,15183,4070,-1088,15394,4180,-1142,14723,3790,-397,14089,3072,-1282,13896,1667,-845,14211,1889,-268,13349,3914,-1335,13788,4688,-2422,13977,3364,-1757,12592,3566,-1456,12466,3539,-830,13348,2227,126,12815,2484,872,12520,4634,230,14549,5328,-611,13832,3621,337,13467,2801,985,13798,2896,753,14747,2314,739,14656,2678,970,14146,4017,-422,15538,4781,-1874,15158,3496,-1019,13967,2709,-277,13775,1793,-745,14040,1973,-1108,13968,3802,-899,13163,4803,-1704,13677,4360,-2370,13202,2846,-1601,12328,2781,-74,12583,2618,-64,13204,2751,-20,13452,4352,532,13188,5185,400,14141,4542,-93
13972,2688,457,13628,2092,1533,14150,2143,929,14696,2632,-38,15001,4152,-324,14872,5043,-1315,15128,4325,-1876,14287,1995,-176,13746,1439,20,13587,2467,-1188,13667,3172,-1677,14034,4057,-1447,12834,4923,-2159,13411,4359,-2430,13126,2354,-73,12009,2139,1055,12729,3577,234,13636,3991,-263,14091,4046,797,12790,4134,424,14472,3586,-400,14740,2116,1079,13566,2429,1615,14565,3542,33,15468,3891,-989,15063,4322,-529,14335,3626,-1195,14608,2253,-1308,13908,1298,-82,13620,2643,-500,13465,4432,-1909,13918,4538,-2150,13501,4117,-1609,12214,3576,-1622,13144,2538,-637,13022,1177,1013,12269,3202,954,13579,5191,-476,14425,4884,-186,13357,4136,712,13588,3354,530,14575,2230,434,14444,1358,1630,13971,2780,870,15155,4892,-1355,15566,4721,-1699,14771,3738,-387,13371,2415,-569,14144,1485,-856,14145,2083,-714,13042,3941,-1379,13627,4782,-2367,13693,3753,-2105,13048,3434,-702,12069,2787,22,13118,2185,26,13180,3013,803,12998,5003,369,13946,5157,-360,13970,3540,-85,13826,2582,1132,13730,2414,1263,14708,2093,680,14603,2854,410
14476,4897,-751,15535,5241,-2128,14936,2968,-1155,13660,1558,259,13648,1611,-555,14092,2697,-1382,13807,3767,-1349,13164,5009,-1755,13556,4868,-2467,13248,2834,-1311,12491,1611,652,12077,2342,376,13371,3837,-498,14281,4567,107,12713,4862,701,13806,4160,81,14377,2390,597,13985,1973,1892,13993,2431,800,15171,3417,-971,15398,4455,-836,14703,4781,-986,14760,3615,-1423,14131,1184,-269,13847,1550,265,13340,3411,-1362,13934,4237,-2461,14058,4153,-1772,12587,4264,-1775,12879,3538,-1323,13072,1545,477,12262,2172,1075,12605,4455,-177,14496,5231,-1045,13848,4314,597,13050,3420,1013,14142,2719,400,14719,1599,1132,13956,2399,1336,14371,4241,-657,15834,5040,-1996,15236,4354,-655,13887,3022,-334,14161,1616,-663,13754,1002,-522,13813,3067,-817,13179,5101,-2344,13825,4690,-2516,13682,3473,-1450,11786,3197,-655,13414,2257,85,12958,1660,537,12647,4042,678,13915,5413,-524,14009,4780,-204,13905,3252,876,13449,2611,1316,14348,2482,694,14880,2047,743,14295,3801,-39,15042,5177,-1788,15499,4150,-1678,14180,2513,122,13292,1431,107
13977,1948,-1144,13896,3012,-1421,13695,4481,-1796,13182,4967,-2437,13588,3782,-2046,13127,2555,-88,11858,2283,560,13073,2806,-88,13388,3792,120,13628,5064,442,13512,4844,3,14216,3189,-100,14089,2099,1404,13550,2220,1477,14918,2791,28,14907,3542,-499,14772,4742,-641,15121,4449,-1638,14362,2341,-1026,14238,1349,174,13424,2316,-694,13909,3937,-1936,14071,3790,-1831,13278,4357,-1536,12792,4208,-2154,13176,2451,-741,12997,1534,894,11920,2924,410,13649,4664,-958,14255,4652,15,13035,4308,1099,13616,3620,338,14361,2026,496,14359,1801,1612,13852,2974,511,15248,4223,-1363,15700,4363,-970,14320,4114,-546,14375,3013,-1125,14182,1311,-669,13782,1911,-204,13322,3862,-1422,13793,4627,-2396,13794,3446,-1658,12389,3535,-1295,12695,3435,-819,13203,2072,43,12773,2705,996,12525,4837,2,14540,5092,-502,13650,3314,749,13240,2637,1147,14244,2655,449,14709,2280,541,14567,3050,887,14359,4604,-542,15580,4998,-1735,15177,3265,-433,13645,1972,61,13792,1472,-1040,13982,2094,-1389,14034,4169,-1124,13001,5247,-1840,13631,4336,-2184
13473,2546,-1088,11992,2569,-108,12762,2358,-237,13328,2535,-70,13112,4599,684,13416,5364,382,14152,4251,65,14082,2503,862,13536,2387,1238,14454,2714,497,14829,2649,-136,14615,4109,-22,14859,4837,-1199,15096,3747,-1297,14270,1640,50,13412,1839,-259,13990,3140,-1543,14051,3678,-1891,13397,4178,-1411,12750,3906,-1700,13538,3129,-1718,12813,2120,62,12425,2639,457,13124,4193,-460,13776,4937,-592,13849,4658,972,13090,3742,903,14088,2427,159,14343,1386,1221,13692,2570,1124,14668,4243,-568,15405,4504,-1125,14835,4553,-231,14453,3555,-744,14187,1593,-976,14174,816,-217,13486,2535,-1012,13839,4879,-2316,13964,4908,-2107,13448,4334,-1160,12342,3634,-1395,12933,2205,-562,13303,1379,718,11844,3460,370,13853,5280,-808,14158,4473,-25,13250,3733,1402,13470,3226,728,14610,2567,337,14581,2122,1142,13864,3127,477,15193,4574,-1342,15350,4209,-1168,14792,3282,-94,13693,2503,-912,14141,1747,-1091,14408,2720,-871,13066,4736,-1382,13681,4878,-2383,13590,2874,-1676,12480,2573,-646,12383,2411,-429,13379,2476,-380,12891,3609,615
13287,5582,325,13772,5612,-100,14088,3124,477,13420,2020,1218,13728,2238,733,15034,2045,409,14605,3345,417,14401,5223,-824,15717,5403,-1820,14710,3167,-500,13730,1490,319,13676,1406,-890,13872,2475,-1651,14111,3543,-1480,12895,4849,-1762,13579,4686,-2094,13252,3050,-1157,12309,2500,339,12464,2542,-42,13426,3351,-327,13939,4396,233,12914,4688,830,14174,4049,76,13920,2285,606,14002,2425,1626,14053,3014,527,15087,3513,-743,15033,4383,-624,14529,4384,-928,15159,3133,-1441,13831,1320,-215,13845,1533,74,13616,3567,-1449,13654,4408,-2228,14176,4377,-1636,12704,4167,-1736,12964,3243,-1722,13321,1282,305,12286,2118,928,12663,4301,-226,14302,4967,-709,13756,4485,865,13022,3732,952,14018,2771,19,14723,1680,919,13673,2338,1194,14724,3940,-569,15305,4572,-1525,15400,4377,-310,14032,3314,-448,14137,1807,-881,14198,1136,-602,13598,3061,-1001,13506,4680,-2302,13785,4372,-2351,13701,3608,-1373,11896,3291,-927,13278,2596,-211,13041,1713,606,12447,3749,723,13798,5094,-528,14025,4650,-224,13913,3382,991,13288,2685,899
14572,2579,514,14650,1964,1074,14337,3472,323,14894,4949,-1551,15741,3951,-1531,14349,2819,-88,13627,1840,-406,13969,2072,-1341,14019,3141,-1054,13547,4276,-1400,13196,4935,-2155,13629,3327,-1840,13027,2428,-449,11904,2362,5,13043,2750,-265,13651,3649,317,12992,5344,524,13720,4864,164,14282,2938,64,13729,2087,1298,14032,2367,1214,14705,2700,26,14929,3356,-147,14630,4909,-500,15158,4992,-1520,14716,2505,-894,13941,1378,208,13285,2124,-695,14353,3416,-1904,13563,3766,-1822,13098,4459,-1555,13353,4447,-2031,12910,2611,-860,12800,1852,749,12181,2708,333,13458,4407,-902,14251,4603,111,13188,4493,1016,13567,3857,298,14329,2102,542,14451,2221,1637,13576,3136,647,15415,3940,-1147,15367,4356,-715,14491,4267,-594,14401,2911,-1295,14121,847,-626,13827,1657,-99,13311,4155,-1443,13874,4967,-2493,14069,3949,-1689,12432,3815,-1477,12850,3052,-984,13161,1436,207,12529,2449,995,12543,4943,-370,14455,5716,-828,14025,4315,763,12974,3156,1221,14185,2290,562,14689,1579,780,14141,2410,1064,14381,4158,-710,15486,5243,-1987
15419,4581,-438,13732,2996,-105,14201,1208,-817,13593,1046,-980,13968,3423,-973,13267,5271,-2148,13788,4818,-2462,13585,3221,-1343,11814,3019,-235,13054,2476,-196,13167,1830,279,12826,4037,625,13433,5516,-173,14411,4699,-167,13847,2796,926,13279,2179,1181,14465,2590,569,14800,2504,476,14449,4087,69,14957,5366,-1663,15476,4382,-1556,14433,2064,238,13317,1166,52,13876,1952,-1286,14004,3125,-1689,13646,4807,-1647,13059,5400,-2156,13697,3925,-2082,12947,2013,34,11757,1666,677,13135,2535,-25,13595,3960,-374,13547,5296,581,13598,5215,244,14093,3522,-103,14255,1684,1276,13662,1691,1597,14642,2696,-11,15322,3528,-796,14763,5206,-729,14826,4791,-1416,14698,2585,-1091,13580,1223,253,13727,1685,-520,13784,3696,-2058,13616,4351,-2209,13923,4612,-1698,12375,4480,-1893,13010,2464,-422,13177,914,1208,11662,2755,772,13847,4789,-933,14387,4774,-382,13228,4603,937,13585,3641,490,14616,2003,565,14154,1670,1692,13819,2703,747,15360,4452,-1405,15227,4790,-1373,14967,4291,-467,14018,2839,-947,13876,938,-640,14286,1562,-480
13032,3971,-1402,13689,5075,-2510,14091,3866,-1826,12480,3562,-1184,12575,2837,-526,13060,1697,10,12893,2635,881,12790,4882,62,14138,5611,-643,14012,3760,573,13383,2696,1377,13996,2415,793,14751,1673,576,14570,2520,791,14208,4606,-882,15780,5598,-2177,15171,3959,-703,13639,2210,336,13699,1290,-636,13769,1763,-1124,14125,3368,-1115,12887,4981,-2157,13831,5090,-2520,13520,3201,-1320,12140,2572,177,12525,2256,40,13174,2378,-20,13438,3941,438,13152,4886,407,14223,4615,-149,14105,2794,568,13723,2414,1532,14154,2781,838,14867,2791,-194,14914,4006,-398,14704,4750,-1282,15051,3599,-1494,14278,1645,-94,13431,1708,14,13928,3021,-1403,13827,3584,-2104,13743,4256,-1636,13004,4718,-1798,13307,3663,-1944,13032,1529,178,12117,1785,1001,12766,3667,-119,13956,4748,-766,13945,4917,752,12891,4603,722,14244,3152,44,14594,1462,1262,13492,1961,1521,14659,3252,-402,15172,4044,-1322,15185,4758,-351,14306,4070,-1045,14347,2140,-1207,14385,1002,-164,13337,2731,-608,13630,4528,-2145,14011,4059,-2282,13454,3917,-1505,12108,3740,-1232
13179,2795,-195,13064,1567,866,12139,3602,442,13625,5355,-925,14374,4548,-223,13422,3494,1141,13177,2721,893,14727,2298,640,14654,1917,1313,13879,3413,342,15227,4827,-1725,15665,4672,-1581,14753,3623,-28,13616,1968,-546,13852,1159,-1145,14087,2415,-937,13287,4714,-1421,13398,5321,-2364,13794,3418,-2005,12792,2968,-625,12018,2771,-56,13392,2075,-183,13075,2904,398,12749,4882,342,14143,5294,66,13935,3706,230,13791,2437,1220,13948,2422,970,14790,2374,342,14810,3036,133,14133,4872,-684,15677,5165,-1748,14809,3093,-717,13646,1622,290,13641,1345,-742,13886,3019,-1702,13725,3833,-1583,13336,4802,-1648,13158,4666,-2207,13265,2490,-1050,12425,1928,558,12293,2574,264,13633,3718,-577,13850,4627,236,13294,5076,925,13883,4431,65,14180,2430,415,14228,1862,1731,13805,2558,812,15119,3248,-764,15026,4206,-482,14558,4598,-622,14899,3820,-1560,13920,1386,-584,14050,1293,16,13375,3539,-1317,13676,4292,-2273,14345,4057,-1542,12350,4399,-1691,13187,3519,-1421,13167,1570,299,12372,2174,1011,12722,4152,-138,14185,5104,-536
13931,4313,879,13028,3588,993,13953,2834,160,14682,1806,887,14067,2379,1314,14366,3885,-510,15375,4662,-1514,15508,4516,-458,13790,3402,-528,14092,1729,-1006,14157,842,-688,13696,3036,-876,13350,4690,-2008,14053,4588,-2186,13361,3873,-1242,12298,3601,-736,12846,2596,-386,13023,1393,480,12700,3553,804,13354,5379,-374,14420,4742,-267,13780,3357,760,13249,2733,955,14649,2635,723,14667,1962,1018,14245,3240,359,14820,4798,-1434,15765,4377,-1654,14632,3014,-355,13402,1901,-417,13991,1865,-1179,14063,2918,-1051,13240,4488,-1263,13294,4984,-2273,13507,3585,-2057,12800,2348,-379,12030,2112,272,13160,2818,-73,13314,3681,217,13437,5233,556,13658,5149,173,14153,3417,-84,13939,1811,1268,13771,1974,1540,14876,2455,217,15015,3323,-374,14584,5103,-975,15451,5303,-1808,14196,2995,-1019,14100,1322,339,13455,1549,-420,13611,2997,-1662,13857,3263,-1857,13378,4805,-1801,13053,4967,-2227,13090,2980,-950,12911,1873,1014,11966,2737,686,13589,4203,-821,14212,4234,-93,13254,4276,995,13756,3745,325,14310,2420,369,14455,2304,1716
13675,2945,829,15205,4064,-1291,15415,4306,-1048,14561,4088,-570,14176,2818,-1226,14048,977,-429,13859,1670,-58,13295,3864,-1379,13999,5172,-2627,14089,4337,-1998,12708,3996,-1628,12561,3085,-828,13148,1160,409,12635,1937,1270,12631,4446,46,14363,5585,-872,13980,4308,409,13265,3342,901,14025,2927,526,14667,1736,902,14281,2049,1208,14291,3782,-645,15404,5071,-2033,15607,4380,-649,13657,3171,-153,13905,1725,-796,13980,1416,-1114,13925,3179,-978,13197,4768,-2137,13639,4495,-2486,13720,3119,-1288,11875,3253,-80,12797,2608,-12,13219,1997,238,13028,3991,526,13393,5376,-40,14516,4811,-298,13755,2775,562,13460,2207,1329,14424,2496,881,14837,2175,365,14622,3833,-80,14911,5252,-1729,15676,4487,-1799,14174,2362,-84,13473,1445,8,13887,2221,-1127,13634,2864,-1510,13500,4200,-1430,13252,5094,-2162,13496,4229,-2261,13122,2371,-104,12001,2114,687,12932,3101,173,13551,3676,-139,13889,4494,900,13302,4786,269,14308,3527,-414,14548,2135,1138,13537,2381,1605,14705,2880,29,15168,3342,-744,14874,4735,-591,14764,4429,-1522
14515,2514,-1483,13908,1428,36,13485,2486,-310,13739,3955,-1750,13656,3761,-2051,13467,4252,-1563,12383,4196,-1925,13304,2843,-763,13095,1524,1010,12199,3050,759,13630,5103,-698,14252,4699,0,13411,3949,1030,13133,3192,555,14809,2419,238,14590,1936,1482,13737,2734,726,15338,4378,-1292,15359,4715,-1318,14953,4212,-314,13647,2706,-1014,13969,1060,-918,14207,1596,-444,12949,4047,-1095,13764,5134,-2236,14051,3787,-2033,12536,3667,-1149,12524,3247,-667,13123,2211,-24,12888,2298,1131,12750,4339,460,14093,5196,-316,14229,3581,117,13416,2936,897,13926,3204,521,15178,2475,629,14281,2543,931,14180,4278,-492,15484,4874,-1825,15293,3299,-757,13508,2340,-52,13904,1623,-953,14178,2066,-1528,13649,3962,-1192,13117,5142,-1604,13844,4813,-2109,12977,2491,-1343,12508,1897,155,12248,2294,163,13372,3164,4,13982,4652,387,12785,5401,788,14510,4522,-149,13888,2646,403,13912,2328,1467,14320,2250,829,14720,2542,-230,14991,4116,-302,14775,4929,-1014,15018,4080,-1755,14153,1940,-514,13792,1679,29,13604,2816,-1288,13612,3379,-2055
13950,3908,-1494,12796,4542,-1644,13033,3916,-1690,13343,1966,277,12175,2540,878,12753,4027,-214,14315,4722,-861,13601,4232,797,13036,3514,939,14062,2923,99,14661,1954,1147,13869,2331,1497,14514,3744,-389,15367,4494,-1487,15344,4541,-561,14066,3304,-1105,14189,1933,-1207,14048,985,-196,13599,2893,-545,13409,4853,-1974,14015,4503,-2252,13485,3869,-1475,11980,3552,-1229,13491,2528,-294,12855,1549,625,12263,3350,698,13867,4906,-499,14028,4553,-27,13809,3415,1130,13501,3203,866,14748,2964,344,14839,1954,1026,14017,3030,227,15010,4812,-1598,15595,4222,-1422,14480,3089,-1,13472,2101,-423,14126,1932,-1242,14177,2856,-1021,13208,4419,-1562,13416,4872,-2424,13544,3180,-1810,12844,2635,-347,11948,2673,-5,13383,2673,-161,13415,3228,530,13134,5211,535,14052,5261,-33,14098,3290,-144,13840,2136,1184,13673,2210,1240,14639,2413,346,15004,3041,48,14497,4814,-739,15327,4991,-1816,14787,2807,-1081,13783,2030,135,13534,2069,-766,13857,2751,-1640,13598,3338,-1479,13143,4734,-1562,13454,4928,-2303,13120,2935,-1083,12789,1991,725
12235,2807,348,13378,3980,-572,14348,4248,225,12935,4496,991,13815,3827,102,14483,2282,466,14016,2265,1654,13982,2808,683,15117,3695,-1060,15445,4584,-736,14537,4332,-789,14561,3151,-1400,14069,1155,-487,13777,1863,153,13498,3559,-1296,13952,4522,-2473,13978,4180,-1862,12606,4288,-1703,12815,3521,-1124,13079,1251,447,12510,2008,1237,12488,4322,44,14644,5316,-790,13802,4532,494,13021,3478,891,14398,2842,404,14561,1758,1046,14326,1923,1339,14225,3671,-614,15623,5091,-1945,15438,4540,-614,13695,3199,-321,14114,1587,-918,13959,1162,-767,13665,3155,-728,13244,4919,-2176,13795,4605,-2516,13474,3159,-1446,12000,3243,-374,12985,2560,-86,13109,1919,551,12706,4029,889,13618,5586,-326,14370,4761,-395,13882,2760,723,13381,2424,1140,14610,2794,825,14860,2123,658,14311,3602,98,14851,5048,-1636,15502,4276,-1709,14439,2499,-74,13282,1576,-105,13817,1766,-1156,14190,2914,-1535,13325,4771,-1529,13290,5209,-2211,13530,3728,-2037,12847,2284,17,12014,2014,680,13024,2942,49,13550,3853,-266,13642,5185,686,13519,5182,371
14267,3238,-46,14259,1656,1339,13375,1956,1504,14953,2864,-18,15124,3750,-756,14812,5025,-897,15052,4434,-1692,14237,2465,-984,14252,1309,401,13330,1966,-354,13753,3808,-2013,13800,4266,-2219,13658,4681,-1733,12348,4090,-1991,12918,2310,-287,13175,1457,1188,11798,3215,747,13968,4684,-996,14235,4450,-271,13016,4175,979,13791,3263,555,14519,2195,667,14244,1827,1688,14236,2855,595,15213,4549,-1551,15551,4855,-1284,14584,4006,-512,13913,2668,-885,13884,972,-564,13941,1711,-269,13094,3994,-1516,13919,5219,-2552,13959,4035,-1917,12309,3402,-1072,12646,2482,-415,12911,1552,227,12816,2728,1013,13113,4925,-78,14358,5813,-636,13784,4029,281,13640,2770,1309,13851,2487,907,14567,1463,953,14655,2324,764,14215,4671,-1223,16005,5507,-2349,14758,3600,-567,13675,2159,558,13833,1746,-757,13941,1874,-1269,13927,3013,-1427,12781,4877,-2166,13921,4975,-2468,13280,3290,-1003,12237,2572,511,12556,2448,95,13299,2947,17,13759,4339,322,13014,5099,374,13954,4174,-174,14393,2428,829,13636,2325,1726,14156,2392,829,15076,2704,-468
14934,4541,-606,14917,5126,-1520,15083,3532,-1494,14051,1622,-34,13483,1514,160,13806,2692,-1290,13640,3506,-2106,13934,4524,-1679,12938,5056,-2155,13040,3793,-1699,13195,1367,615,11704,1944,1083,12984,3649,-157,14345,4403,-716,13430,4739,706,13152,4125,601,14475,3187,109,14458,1949,1352,13813,1924,1487,14713,3259,-579,15403,4213,-1540,15280,4854,-691,14062,3825,-937,14309,1940,-951,13996,1205,20,13495,2763,-804,13525,4544,-2329,14007,4321,-2453,13261,4089,-1723,12089,3619,-1106,13260,2249,-105,12662,1574,1138,12255,3627,790,13947,5414,-919,14216,4772,-457,13660,3406,796,13568,2820,973,14588,2369,763,14707,1644,1452,14005,3320,62,15292,5060,-1977,15784,4773,-1762,14255,3451,8,13664,1823,-403,13715,1264,-971,14096,2279,-905,13253,4280,-1756,13492,5457,-2686,13578,3963,-2096,12866,3174,-395,11925,2389,198,13233,1925,323,13283,3034,670,13129,5026,77,14069,5456,-460,13947,3391,-56,14005,2490,1428,13831,2542,1323,14825,1999,378,14817,2978,66,14380,4884,-1162,15541,5113,-2121,14693,2828,-747,13687,1618,498
13352,1874,-443,13991,2906,-1617,13886,3776,-1797,13056,5124,-2032,13286,4711,-2397,13400,2522,-801,12166,1771,1055,12341,2708,486,13780,3788,-574,14101,4699,266,12950,4969,722,14147,3992,19,14253,2050,773,13948,1927,1903,14154,2467,619,15048,3461,-1029,15449,4743,-760,14499,4808,-1023,14641,3381,-1456,14160,819,-266,13657,1333,112,13415,3503,-1648,13895,4435,-2402,14070,4390,-1810,12064,4322,-1880,13478,3256,-917,12953,1375,714,12234,2252,1409,12891,4143,-226,14482,5095,-732,13626,4405,612,13242,3561,834,14153,2859,329,14748,1646,1233,14030,2170,1204,14497,3810,-791,15812,4667,-1814,15080,4471,-674,13962,3132,-420,14243,1527,-895,13487,1249,-607,13913,3483,-932,13367,5065,-2089,13678,4546,-2415,13354,3317,-1228,12140,3127,-361,12800,2308,-175,13097,1646,764,12645,4116,652,13715,5739,-294,14183,4735,-276,14002,2989,881,13533,2230,1271,14667,2130,719,14698,1968,742,14545,3838,19,15158,5547,-2034,15359,4581,-1767,14541,2641,25,13246,1580,-211,13868,1720,-1171,13992,2710,-1225,13139,4492,-1508,13281,5202,-2453
13563,3755,-2024,12801,2514,183,11732,2294,651,13350,2897,8,13799,3762,10,13342,5090,575,13741,4908,-19,14372,3137,0,14035,1842,1575,13649,2015,1666,14853,2958,-173,15437,3880,-770,14793,5194,-1326,14928,4387,-1681,14526,2240,-827,13545,1169,538,13592,1663,-494,13448,3640,-1942,13945,4509,-1994,13542,5201,-2014,12647,4439,-2164,13261,1703,-335,12678,1246,1444,11878,3280,806,14373,4771,-785,14078,4735,17,13046,4430,707,14117,3559,326,14430,2179,707,14238,1556,1907,14000,2661,475,15411,4589,-1737,15389,4941,-1397,14528,4224,-574,13957,2599,-774,13734,638,-226,13996,1896,-363,12983,4106,-1784,14135,5121,-2892,13773,4158,-2006,12433,3803,-977,12702,2835,-178,12804,1230,598,12961,2480,1129,12974,4955,-173,14337,5807,-942,13958,3992,410,13260,2871,1169,14081,2412,928,14719,1338,1030,14327,2511,609,14627,4973,-1435,15825,5608,-2488,15079,3782,-491,13247,1950,285,13664,1302,-525,14019,1733,-1143,13711,3623,-1370,13234,5399,-2514,13764,5148,-2818,13463,3233,-856,11773,2151,705,12643,1874,580,13154,2511,48
13812,4589,295,13233,5557,-242,14115,4870,-515,14282,2626,1025,13516,1813,2045,14143,2070,938,15157,2343,-450,14939,4543,-926,14851,5608,-2058,15201,3874,-1649,13989,1783,302,13262,1486,307,13837,2618,-1541,13597,3215,-2085,13732,4675,-1903,12965,5523,-2448,13370,3662,-1469,12825,1133,1000,11766,1762,1301,13013,3863,-211,14432,4787,-745,13563,5115,385,13220,4374,410,14474,2598,368,14371,1399,2003,13622,1780,1458,15026,3340,-812,15402,4736,-1797,15321,5453,-992,14211,4007,-1286,13985,1256,-507,13914,425,533,13092,2684,-636,13953,4453,-2351,14058,4751,-2742,12974,4872,-2012,12747,3896,-1027,12615,1731,404,12842,830,1532,12266,3426,763,14142,5698,-979,14460,4870,-553,13436,3878,848,13379,2816,899,14882,1871,1140,14290,1659,1519,14205,3009,-14,15407,5005,-2378,15380,4883,-1603,14759,3798,0,13142,1700,-164,13689,513,-542,14045,2350,-1020,13200,4892,-1815,13944,5679,-3021,13461,3853,-2122,12690,3063,7,11945,2216,621,13170,1605,460,13277,3066,582,13196,5372,-93,14367,5757,-728,14122,3614,317,13475,2231,1660
13956,2036,1314,14883,1841,379,14801,3106,39,14648,5217,-1588,15669,5234,-2214,14360,2908,-494,13641,1447,728,13717,1590,-781,13621,2671,-1721,13832,3887,-1758,13167,5312,-2279,13417,5001,-2433,12956,2115,-258,12186,1574,1213,12371,2895,378,13795,4010,-600,14246,4903,171,12899,5016,559,14264,3885,-5,14273,1718,967,13705,1655,2018,14104,2572,342,15349,3548,-1204,15267,5170,-1140,14656,4979,-1227,14509,3059,-1376,14005,593,263,13552,1313,-33,13225,3471,-1604,14174,4505,-2545,13876,4958,-2018,12204,4635,-1726,13068,3125,-585,12881,917,975,12119,2166,1185,13264,4438,-456,14437,5236,-763,13836,4690,667,13086,3705,955,14500,2567,478,14558,1320,1457,13809,2090,1185,14917,4072,-1206,15477,5296,-2256,15421,4683,-501,13632,2893,-395,13798,1169,-626,14093,1108,-650,13293,3385,-993,13537,5271,-2423,13635,4788,-2528,13338,3605,-1290,11939,2914,-142,12780,2015,347,13223,1569,1027,12892,4218,503,13789,5913,-631,14488,4796,-448,13735,3142,1012,13439,2315,1397,14739,1717,1043,14594,1737,714,14613,4344,-598,15463,5876,-2421
15380,4297,-1572,14044,2480,286,13137,1318,-38,13993,1612,-1190,13709,2593,-1220,13283,4874,-1956,13429,5802,-2731,13510,3723,-1921,12605,1905,523,11948,1696,947,13213,2790,33,14033,4168,-37,13298,5193,334,13775,5172,-213,14217,3040,160,14263,1712,2023,13489,1751,1554,14905,2453,-406,15409,4077,-1054,14719,5708,-1494,15028,4620,-1901,14131,1875,-539,13764,1056,736,13349,1964,-664,13667,3464,-2136,14119,4360,-2249,13311,5413,-2189,12845,4598,-1987,12857,1789,374,12560,1051,1637,11948,2894,654,14345,4872,-1109,14185,4892,-195,13127,4733,488,13960,3504,182,14568,1849,1101,14034,1370,2048,14094,2573,83,15449,4610,-2029,15640,5276,-1362,14234,4268,-875,13974,2385,-912,14004,482,-60,13740,1931,-329,13133,4172,-1771,14011,5306,-2972,13756,4529,-2168,12218,3588,-993,12618,2315,131,12761,827,910,12865,2647,1205,13241,5372,-538,14521,5901,-1116,14131,4128,409,13174,2772,1375,14429,2026,1266,14533,997,1337,14255,2305,501,14876,5150,-2044,15815,6096,-2597,15091,4199,-550,13206,2009,461,13553,854,-291,13712,1284,-1084
138
,3512,-1449,13122,5634,-2868,13849,5310,-2811,13392,3355,-660,11684,2229,1017,12925,1733,599,13174,2276,292,13732,4634,262,13581,5837,-480,14175,4720,-494,14290,2391,1309,13502,1666,2160,14271,1887,799,15235,2383,-301,14778,5219,-1416,15192,5900,-2151,14882,3765,-1607,13778,1370,775,13452,878,285,13318,2308,-1216,13783,3351,-1982,13971,5525,-2261,12887,6006,-2730,13461,3490,-1330,12690,999,1348,11637,1606,1578,13362,3406,-167,14268,4694,-818,13560,5411,238,13404,4970,151,14395,2653,422,14606,1230,2164,13195,1616,1566,15345,3074,-868,15369,4811,-1870,15029,5761,-1139,14585,4088,-1382,13754,1330,-322,13724,619,489,13253,2341,-777,13865,4610,-2615,13810,5108,-2675,13358,4957,-1991,12399,3753,-967,12802,1294,693,12736,695,1887,12270,3511,671,14342,5843,-1350,14363,5241,-590,13400,4242,741,13719,2905,867,14690,1416,1397,14189,1126,1870,14223,3216,-209,15528,5588,-2792,15663,5372,-1682,14190,3860,-149,13536,1612,-168,13551,449,-558,13795,2088,-647,13031,4655,-1964,13954,5871,-3043,13713,4200,-2068,12363,3133,-118
12269,2119,527,12877,1288,805,13343,3107,759,13210,5635,-281,14460,5953,-826,14117,3633,319,13541,2206,1726,14014,1659,1422,14717,1341,652,14954,3533,-128,14541,6100,-2051,15747,5352,-2363,14491,2741,-490,13056,1086,850,13828,785,-685,13480,2154,-1510,13746,4352,-1713,13407,6332,-2413,13584,5443,-2725,13061,1738,-121,11917,982,1543,12187,2161,877,14302,3570,-522,13871,5243,-35,13089,5894,-83,14592,4551,-137,14258,1980,1414,13358,897,2499,14256,1462,645,15286,3296,-1362,15419,5666,-1519,14815,5460,-1740,14313,3565,-1376,14063,930,654,13328,1064,139,13214,2773,-1622,14141,4091,-2604,13843,5357,-2161,12451,4913,-2059,13198,3031,-435,12722,797,1509,12072,1957,1653,13588,4433,-583,14237,5167,-1107,13854,4753,341,13192,3774,626,14474,2220,669,14358,838,2144,13760,2106,1090,15274,4623,-1857,15673,5923,-2460,15215,4894,-725,13645,2602,-293,13579,659,-127,13961,326,-110,13180,3142,-1109,13319,5877,-2918,14387,5209,-2928,12932,3971,-1409,12012,2376,240,12934,1223,667,12887,1540,1156,13118,4317,-85,13975,6374,-943
14219,5135,-328,14010,3497,1264,13362,2199,1746,14785,980,1326,14543,1579,706,14475,4750,-1365,15824,6251,-2900,15054,4159,-1469,13902,1902,844,13208,1128,244,13847,1601,-1085,13890,2775,-1762,13153,5335,-2398,13841,5906,-2963,13499,3548,-1722,12299,1945,1167,11919,1662,1217,13360,2858,35,13973,4361,-443,13255,5435,-143,13901,5284,-434,14374,2536,632,14100,1368,2316,13399,1610,1436,15128,2612,-745,15271,4841,-1429,14702,5976,-1506,15192,4373,-1583,13858,1323,13,13622,607,882,13530,1936,-1137,13704,4032,-2660,14206,5337,-2319,13151,5656,-2169,12645,4164,-1602,13050,659,887,12090,636,1881,12143,3007,108,14627,5047,-1572,14215,5662,-231,13033,5023,671,14355,3370,717,14479,1066,1780,13592,836,2155,14420,2768,-382,15407,5101,-2489,15746,5805,-1525,14438,4415,-722,13822,2055,-470,13805,285,404,13713,1851,-484,13109,4346,-2330,14064,5093,-3055,13931,4445,-2084,11923,3770,-800,13137,2071,433,12640,1045,1065,12654,3222,1049,13764,5684,-940,14423,6085,-1100,13850,3995,650,13416,2226,1634,14087,1549,1350,14568,1047,1289
14351,3233,116,14785,5762,-2353,15810,5792,-2357,14836,3709,-204,13356,1419,694,13635,388,-456,13691,1293,-1215,13564,4390,-1729,13722,6357,-2865,13674,5363,-2775,13302,3024,-263,11695,1703,992,12869,1782,516,13435,2644,-31,13550,5106,94,13545,5856,-435,14124,4333,-50,14222,2116,1737,13243,1558,1969,14654,1925,253,15068,2766,-712,14835,5493,-1288,15227,5758,-1969,14767,3128,-1014,13938,1168,1062,13126,1147,114,14056,2750,-1831,13661,3889,-2377,13795,5640,-2187,13100,5518,-2566,13057,2760,-712,12638,676,1542,11644,1698,1215,13630,3845,-747,14373,5078,-583,13409,5524,385,13692,4591,236,14322,2136,631,14334,970,2199,13402,1963,1102,15287,3757,-1386,15874,5267,-1549,14723,5563,-741,14450,3535,-1133,13927,581,-91,13579,635,208,13258,3027,-1374,13761,5183,-2804,14259,4804,-2351,12795,4526,-1547,12396,3324,-501,13059,890,582,12607,1461,1428,12400,4109,30,14756,5909,-1297,14014,5134,29,13329,3813,1110,13986,2552,1037,14461,1386,1298,14391,1626,1371,14126,3723,-761,15580,5479,-2470,15317,4878,-1083,14018,3363,171
13563,1233,-230,13831,481,-843,13876,2868,-1329,13203,5404,-2127,14057,5779,-2813,13420,3623,-1557,12211,2223,292,12351,1685,427,12996,1743,274,13515,4015,130,13441,6120,-380,14156,5755,-453,14216,3053,1012,13304,1878,1993,14184,1414,1220,14882,1486,168,14623,4009,-477,15031,5915,-1940,15490,5452,-2070,14285,2728,174,13485,1207,582,13607,1625,-1187,13839,2251,-1868,13873,4102,-1687,13009,5737,-2235,13520,4814,-2246,13178,2119,259,11783,1677,966,12809,2924,15,13856,3941,-625,13714,4738,390,13185,4910,474,14159,3581,127,14373,1763,1509,13593,1680,1765,14518,2834,-210,15457,4046,-1384,15192,5499,-969,14597,4588,-1340,14485,2384,-852,13761,686,428,13553,1661,-459,13631,3827,-1940,13964,4496,-2485,13721,5088,-1810,12235,4422,-1714,13215,2268,-250,12936,563,1165,11692,2597,765,14055,5060,-944,14481,5330,-539,13373,4842,864,13596,3429,935,14455,2043,699,14411,1070,1645,13908,2093,543,15082,4689,-1843,15645,5530,-1988,14849,4715,-201,13732,2654,-103,13799,655,-313,14024,1206,-606,13198,3510,-1556,13781,5218,-2912
13792,4621,-2448,12872,4062,-991,12352,3058,138,12896,1559,524,12917,1819,1097,13089,4258,54,14012,5698,-842,14158,4305,-74,13733,3000,1312,13542,2764,1114,14742,1775,829,14687,1997,681,14195,4181,-878,15834,5522,-2264,14971,4067,-1143,13961,2275,454,13365,1350,-371,13788,2078,-1228,14024,3151,-1484,13304,4845,-2024,13434,5368,-2751,13461,3278,-1327,12436,2028,752,12016,1971,625,13391,2558,-153,13796,4169,70,13210,5421,381,14002,5291,-416,14255,2907,620,13950,1863,2097,13835,1712,1229,14963,2146,-601,15208,3951,-834,14684,5585,-1480,15112,4785,-1738,14345,2121,-165,13421,1282,567,13725,2116,-1193,13577,2931,-2084,14127,4070,-1843,12895,5340,-2232,13137,4746,-1884,13168,1842,611,12053,1621,1564,12394,3191,116,14386,4087,-866,13895,4485,220,12973,4579,428,14466,3598,44,14601,2036,1444,13820,1844,1912,14397,2709,-312,15512,3972,-1640,15201,5025,-1158,14292,4420,-1072,14167,2436,-924,13897,667,132,13439,2253,-416,13122,4004,-1864,14203,4399,-2691,13359,4558,-2067,12281,4105,-1211,13144,2656,-141,12833,1071,1047
12292,2588,1262,13768,4669,-330,14221,5190,-699,14101,4329,423,13360,3479,780,14578,2615,801,14859,1293,1430,13810,2174,665,15143,4096,-1700,15424,5377,-2220,14950,4661,-478,13769,2607,-187,13327,1153,-573,14097,1295,-787,13465,3388,-1179,13185,5171,-2621,13714,4521,-2801,13316,3857,-841,11671,2933,505,13263,2089,636,13105,2249,782,13320,4171,641,13803,5419,-394,14075,4493,-543,14169,2906,1055,13691,2511,1581,14540,2125,645,14859,2155,464,14496,4379,-849,15332,5451,-2344,14816,3694,-1434,13984,2045,352,13602,1528,-160,13667,2460,-1430,13680,3014,-1451,13319,5154,-2023,13347,5721,-2735,13411,3190,-1345,12659,1681,1128,11868,2245,979,13632,3388,-227,14078,4042,-44,13019,4879,333,13895,5000,-169,14238,3114,318,14524,1871,1904,13285,1887,1140,15315,2664,-665,15352,4187,-1051,14397,5262,-1128,14916,4204,-1720,13848,1861,-495,13934,1540,322,13309,2697,-1132,13591,3976,-2244,14084,4136,-2066,12458,4802,-1951,12819,3945,-1224,13079,1531,438,12485,1790,1468,12448,3635,427,14574,4761,-787,13835,4492,17,13241,4217,648
14301,3311,404,14635,1982,1146,13997,1783,1730,14333,3077,-126,15508,4994,-2275,15391,4897,-1149,14068,3646,-614,13773,2045,-693,13935,1118,-704,13848,2510,-579,12933,4157,-1710,13786,4743,-2494,13569,4147,-1713,12296,3705,-544,12933,2596,-22,12724,1547,604,13249,3182,1058,13314,5209,-80,14181,5109,-547,14213,3821,433,13257,3036,1178,14435,2314,1015,14563,1333,862,14558,2915,386,14913,5106,-1905,15537,4907,-2187,14476,3204,-469,13411,2103,80,13743,2134,-962,13938,2014,-1041,13516,3491,-1232,12989,5169,-2418,13930,4900,-2736,12882,2942,-277,12009,2092,858,12631,2675,527,13694,3144,166,13722,4221,659,13291,5009,-26,14306,4175,-441,14585,2378,1302,13158,2192,1763,14729,2387,275,15229,2790,-630,14645,4991,-923,15180,5040,-1838,14430,3083,-1341,14134,1400,311,13352,1747,-370,13555,3045,-1613,13906,3486,-2010,13408,4939,-1730,12593,5187,-2190,13323,2987,-761,12847,1348,1138,11743,2390,1088,13807,3965,-453,14253,4417,-281,13256,4542,701,13616,4255,273,14637,2736,467,14461,1671,1762,13653,2025,992,15282,3499,-1343
15
6,4657,-1768,14934,4800,-671,14050,3183,-931,14054,1599,-385,13761,1576,-100,13306,3085,-1255,13768,4490,-2627,13712,4162,-2357,12958,4274,-1367,12321,3330,-424,12969,1689,381,12728,1958,1446,12930,4128,354,14206,5468,-921,14057,4055,-283,13694,3269,944,13849,3003,1028,14810,1785,1243,14506,1887,1110,14403,3749,-764,15471,5378,-2550,15416,4214,-1225,13812,2707,18,13323,1487,-417,13942,1606,-905,13953,3099,-1122,13111,4674,-2153,13575,5292,-2884,13528,3738,-1572,12251,2763,461,12427,2132,704,13118,2126,333,13842,3520,396,12951,5157,19,14308,5340,-769,14233,3258,596,13716,2377,1835,13879,2121,1271,15005,1913,-146,14958,3390,-627,14515,4990,-1777,15424,4880,-2107,14148,2707,-314,13723,1833,518,13551,2391,-1111,13474,2648,-1778,14260,3849,-1723,12568,5058,-2209,13435,4358,-2220,12952,1809,282,12127,2142,1291,12696,3706,232,14311,4186,-688,13732,4266,344,13027,4263,441,14218,3482,-33,14738,1930,1438,13538,2113,1825,14562,3126,-223,15766,4017,-1434,14916,4947,-1066,14496,4250,-1293,14208,2221,-1106,13927,1036,143
13048
187,-416,13523,3919,-2004,13958,4432,-2552,13655,4596,-1864,12324,4407,-1475,13010,2576,-182,12957,1142,1032,12057,3000,1071,13910,4654,-437,14204,4711,-390,13520,4548,533,13648,3716,606,14684,2711,560,14419,1380,1503,14166,2210,613,14995,4358,-1747,15462,4742,-1987,14660,4034,-422,13374,2658,-252,14035,1895,-855,14028,2008,-813,13237,3448,-1472,13464,4902,-2537,13801,4302,-2298,12932,3527,-734,11910,2763,187,12988,2385,169,13511,2900,749,13126,4517,395,13709,5166,-467,14257,3866,-259,13934,2824,1288,13651,2544,1439,14817,2020,438,14922,2673,171,14504,4700,-797,15515,5442,-2098,14709,3474,-1253,13690,1844,343,13483,1527,-461,13865,2331,-1517,13702,3063,-1389,13289,5108,-1914,13299,5772,-2650,13368,3238,-1198,12439,1342,1008,11896,2028,776,13560,3413,-272,14126,4185,146,13127,4986,455,13818,5046,-210,14573,2971,646,14182,1963,2052,13524,2002,1033,15327,2689,-804,15289,3921,-986,14473,5047,-1235,14723,4306,-1619,14212,1964,-372,13692,1703,151,13314,2792,-1128,13943,3564,-2056,13971,3750,-1851,12509,4542,-2048
12903,3937,-1316,13263,1793,503,12126,2440,1385,12817,4119,155,14296,4798,-681,13721,4168,402,13270,3621,744,14171,2964,405,14673,1690,1069,13963,2130,1600,14486,3870,-324,15604,4898,-1955,15274,4718,-969,13995,3282,-472,14033,1702,-738,13799,953,-648,14034,2315,-723,12986,4526,-1976,13861,5212,-2510,13856,4483,-1672,11749,3572,-381,13132,2114,-108,12617,1360,683,13160,3273,1053,13506,4768,-122,14041,4885,-457,14289,3803,710,13391,3129,1275,14493,2628,894,14641,1273,813,14549,2705,304,14925,4672,-1906,15320,4539,-2058,14554,3235,-344,13431,2367,-7,13961,2686,-1006,14021,2506,-1070,13394,3593,-1414,12961,4652,-2371,13748,4307,-2386,12825,2679,-219,12175,2020,664,12756,2987,173,13600,3699,311,13692,4584,679,13355,4952,-41,14169,3483,-357,14569,2013,1415,13481,2259,1566,14765,2707,3,15237,3169,-421,14759,4979,-750,14999,4993,-1760,14267,2885,-1103,14230,1292,224,13001,1931,-562,13958,3062,-1717,13827,3301,-1966,13347,4854,-1773,12774,5013,-2341,13044,2938,-481,13076,1575,1228,11719,2799,799,13958,4219,-741
14369,4027,-144,13035,4378,734,13607,4055,185,14890,2722,641,14194,2261,1717,13934,2597,864,15267,3385,-1383,15360,4182,-1529,14539,4241,-918,14162,3065,-1027,13941,1598,-599,13953,2045,-184,13414,3662,-1238,13550,4563,-2508,14024,3792,-2197,12462,3931,-1525,12650,3373,-608,13077,1931,273,12766,2640,1262,12855,4609,340,14299,5119,-662,13778,3741,61,13297,3063,992,14177,2776,630,14657,1903,745,14612,2173,918,14235,4028,-871,15968,5399,-2263,14911,4163,-794,13890,2661,55,13785,1809,-810,13875,1699,-1247,13976,2982,-1226,12695,4553,-2019,13883,5081,-2708,12976,3612,-1286,12500,2700,178,12519,2604,89,13123,2525,183,13825,3686,731,12747,4767,407,14128,4575,-562,14301,2991,687,13820,2938,1487,14220,2868,682,15222,2486,-257,14670,3551,-154,14833,4567,-1458,15177,3765,-1687,14095,2260,-295,13727,2053,-12,13725,2980,-1374,13589,3260,-1821,13723,3968,-1388,12945,4974,-2147,12997,3786,-2014,13442,1584,319,11739,2379,924,13057,3852,-24,14495,4190,-366,13304,4593,913,13358,4226,509,14336,3295,-147,14749,2075,1212
13624,2163,1407,14701,3235,-369,15281,3645,-1125,14967,4722,-606,14187,4299,-1215,14389,2471,-1105,14341,1478,-111,13205,2365,-824,13535,3888,-2094,13984,4014,-2138,13213,4443,-1646,12102,4000,-1213,13508,2655,-264,12635,1943,859,12343,3313,775,14077,4493,-577,13805,4104,-263,13647,3683,823,13490,3586,709,14853,3042,559,14451,2030,1419,14007,2955,402,15261,4348,-1498,15388,4351,-1604,14273,3355,-403,13753,2151,-632,13669,1891,-986,14374,2409,-775,13409,4028,-1409,13477,5130,-2419,13744,3847,-1952,12731,3080,-474,12117,2249,-5,12999,2010,94,13340,3082,758,13092,4999,444,13998,5616,-366,13966,3902,-64,13837,2611,1321,13880,2460,1175,14555,1773,529,14950,2323,393,14344,4461,-697,15461,5285,-2085,14813,3338,-960,13810,2408,49,13694,2196,-932,13999,2190,-1421,13558,2836,-1191,13230,4564,-1685,13395,5234,-2538,13079,3083,-1029,12639,2143,727,11987,3018,370,13669,3597,-335,14185,4009,454,12615,4297,745,14052,3920,-55,14320,2447,601,14080,2495,1596,14085,2770,629,15220,3219,-665,15349,4285,-519,14448,4618,-1000
14803,3582,-1562,14222,1653,-611,13638,1757,-94,13416,3215,-1480,13665,4107,-2030,13934,4368,-1562,12223,4368,-1740,12983,3254,-1225,13114,1315,393,12163,2270,1002,12931,4043,-104,14434,4550,-405,13568,4477,706,13352,3935,957,14445,3286,125,14560,1859,914,14117,1979,1246,14743,3514,-501,15383,4815,-1695,15286,4563,-552,13798,3421,-476,13910,2016,-949,13912,1294,-615,13714,2745,-1016,13151,4396,-2099,13777,4461,-2407,13477,3991,-1445,11953,3445,-313,13137,2262,-160,12909,1931,749,13037,3928,780,13851,5399,-374,14095,4560,-336,13912,3180,950,13465,2803,1144,14556,2550,659,14751,1738,720,14233,3618,-83,15176,5316,-1958,15214,4421,-1596,14193,2452,124,13509,1450,-207,13883,2213,-1373,13903,2738,-1398,13610,4329,-1659,13100,5506,-2541,13554,3828,-1994,13060,2395,143,11731,2206,524,13404,2751,-124,13662,3604,128,13421,4960,647,13516,5057,4,14030,3441,20,14238,2167,1500,13564,2370,1335,14685,2577,-290,15394,3027,-531,14528,4869,-980,14921,4748,-1686,14845,2391,-751,13595,1752,245,13617,2394,-835,14051,3470,-2127
13657,3760,-1753,13201,4578,-1765,12671,4368,-2067,13069,2316,-442,12769,1796,1258,11835,3278,529,14231,4507,-834,13992,4454,66,12743,4355,839,14061,3500,338,14384,1954,673,14266,1700,1647,14072,2963,313,15704,4382,-1488,15413,4896,-1262,14368,4288,-654,14209,2672,-972,13768,951,-360,13922,1478,-373,13130,3794,-1680,13856,5111,-2685,13956,4627,-2045,12301,4171,-1270,12665,2694,-353,12913,1082,469,12526,2243,1246,13231,4395,-76,14264,5315,-817,14025,4361,281,13682,3720,1015,14254,3045,742,14712,1452,1064,14375,1816,980,14514,4117,-1110,15605,5210,-2307,15072,3753,-657,13436,2783,-103,13844,1921,-743,14060,1584,-989,13539,3212,-962,12925,4652,-2295,13960,4644,-2639,13233,3155,-1120,12044,2244,307,12899,2354,200,13169,2761,436,13841,4520,693,13020,5536,-46,14161,4563,-542,14387,2671,809,13317,2097,1770,14352,1935,871,14904,2219,-90,14585,4325,-440,15033,5433,-1734,14944,4078,-1622,14147,1956,38,13518,1244,87,13705,2263,-1337,13731,2794,-1700,13956,4484,-1588,12907,5590,-2299,13413,4105,-1672,13136,1853,606
11731,2023,1057,13228,3417,-75,14084,3952,-294,13434,4555,708,13155,4553,265,14331,3421,-3,14766,2075,1633,13304,2037,1624,14776,2746,-344,15606,3644,-1166,14693,4797,-862,14681,4125,-1513,14330,2485,-1151,14145,1572,300,13498,2481,-643,13397,4174,-1964,14187,4062,-2160,12899,4353,-1796,12239,3935,-1497,13394,2006,-87,12619,1586,1022,12279,3535,713,14133,4779,-562,13746,4419,27,13546,3969,898,13902,3285,423,14609,2221,592,14481,1507,1397,14251,3069,294,15554,5173,-1838,15407,4938,-1440,14429,3809,-171,13600,2312,-622,13874,1246,-815,14026,1970,-889,12937,3767,-1554,13659,5175,-2546,13510,4238,-1958,12590,3567,-689,12261,2445,-31,12959,1844,391,13397,2924,1016,13217,4661,269,14085,5203,-699,14326,3736,-18,13803,3246,1202,13949,2818,1109,14795,1864,610,14749,2673,523,14454,4615,-1107,15466,4828,-2068,14669,2967,-986,13546,2030,143,13789,2296,-915,13695,2757,-1404,13872,3289,-1359,12945,4933,-1911,13460,4975,-2483,13362,2471,-697,12079,1605,969,12617,2583,445,13725,4010,-384,14139,4853,291,13146,5021,294
13689,4332,-283,14567,2081,1029,13673,1831,2061,13888,2360,529,15307,2641,-830,15290,4693,-829,14338,5242,-1322,15053,3808,-1613,13924,1699,-26,13787,1540,71,13531,2741,-1402,13602,3482,-2117,14285,4146,-1805,12272,5015,-2051,13204,4153,-1139,13477,1838,658,11788,2650,1041,13058,3997,-218,14400,3992,-381,13412,3859,758,13075,3604,580,14710,3356,77,14452,2440,1005,13979,2619,1223,14761,3676,-688,15380,4260,-1713,15105,3919,-548,13918,2986,-844,14034,1819,-1119,14244,1829,-615,13394,3590,-924,13455,4816,-2055,13882,4234,-2268,12871,3610,-1277,12285,3003,-705,12852,2092,-392,12944,1907,788,12826,3993,807,13708,5356,-250,14028,4441,-188,13864,3236,840,13559,3095,770,14728,2412,441,14921,1687,732,14160,3183,-7,15423,4807,-1649,15179,4306,-1537,14306,3086,-155,13394,2110,-426,13800,2319,-1213,14065,2529,-1164,13069,3615,-1456,13249,4440,-2316,13373,3521,-2033,13009,3205,-152,11951,2947,223,13386,3272,29,13537,3682,527,13449,4210,929,13728,4347,-26,14020,2744,-27,14454,2393,1449,13612,3100,1141,15104,3196,-332
15147,3442,-296,14471,4353,-737,14917,3857,-1640,14176,2015,-830,13981,1378,216,13566,2407,-976,13716,3831,-2025,14105,4041,-1616,13209,4891,-1642,12658,4279,-1883,13246,1743,-346,12787,1809,1107,11976,3536,200,14400,4296,-701,13915,4090,332,12662,4288,876,14109,3759,184,14435,2374,693,14155,2119,1579,14135,2931,176,15382,3677,-1142,15577,3953,-672,13977,3800,-757,14485,3048,-1199,14044,1794,-506,13979,2791,-545,13212,4078,-1923,13867,3920,-2341,13640,3393,-1659,12050,3590,-1095,13243,2975,-510,12983,2065,303,12566,3430,908,13271,4923,-63,14194,4643,-343,13555,3319,682,13332,2838,1040,14460,2845,393,14734,2333,724,14264,3021,726,14778,4410,-818,15602,4697,-1758,14782,3227,-510,13739,2068,-335,13846,2123,-1259,14111,2418,-1235,13812,3819,-1078,12839,4585,-1951,13710,4174,-2143,12966,3122,-801,12124,2496,-24,12939,2586,-342,13174,3010,199,13776,4577,725,13297,5124,298,13913,3899,-179,14220,2587,986,13680,2699,1436,14567,2829,287,15003,2673,-130,14645,3943,-185,14876,4771,-1367,14908,3523,-1330,14089,2286,-153
13614,2418,-432,13716,3094,-1647,13635,3073,-1652,13662,4017,-1278,12741,4599,-2217,13197,3277,-1587,13159,1760,481,11952,2919,523,13436,4472,-431,14287,4351,-15,13323,4194,1294,13234,3788,351,14265,2720,61,14614,2306,1397,13380,2866,1008,15162,3859,-680,15440,3930,-734,14532,4458,-439,14381,3432,-1253,14108,1585,-906,14157,1669,-144,13343,3102,-1136,13761,4540,-2190,14088,3996,-1780,12802,4338,-1422,12446,3749,-1249,13353,2010,-185,12711,2083,832,12202,3838,398,14504,5000,-570,13622,4328,264,13276,3547,1109,13804,3234,555,14662,2677,451,14316,1969,1097,14075,3139,70,15353,4416,-1535,15471,4069,-843,14125,3298,-113,14039,2251,-896,13958,2129,-1196,14118,3255,-940,13382,4242,-1671,13494,4631,-2395,13446,2942,-1601,12488,2950,-367,12289,2938,-172,13210,2455,-209,13290,3653,825,13177,4990,422,14001,4942,-206,13994,2937,464,13447,2170,1325,14289,2768,724,14728,2197,101,15037,3218,279,14645,4993,-986,15357,5000,-1917,15025,2778,-493,13315,1741,107,13674,1971,-988,14089,2607,-1596,13538,3546,-1434,13037,4854,-2052
13372,4781,-2229,13268,2838,-526,12172,2114,661,12317,2708,83,13717,3265,-113,14029,4245,664,12824,4686,405,14323,3916,-376,14312,2486,932,13896,2817,1608,14376,2896,235,15308,2885,-771,15085,4056,-493,14297,4070,-957,14657,3091,-1441,14087,1775,-54,13629,2230,-327,13451,3839,-1739,13908,3823,-2200,13890,4093,-1668,12160,4008,-1861,13106,2881,-902,13395,1428,767,11857,2920,907,13465,4616,-520,14556,4695,-563,13301,4383,860,13329,3441,790,14277,2516,253,14551,1899,1298,13672,2365,967,15117,3708,-860,15191,4499,-1586,15070,4433,-509,13877,3354,-878,14175,1611,-930,13740,1415,-479,13399,3092,-1048,13846,4366,-2264,13666,3926,-2259,13281,3775,-1285,12171,3654,-568,13469,2780,-291,12884,2337,753,12748,3994,641,13923,4880,-289,13660,3937,51,13721,2898,1113,13597,2958,740,14547,2719,312,14990,1941,795,14330,3612,-200,15183,5077,-1963,15572,3900,-1195,13772,2768,315,13848,1816,-429,13933,1932,-1419,13883,2615,-1055,13509,4418,-1688,13237,5515,-2505,13579,3887,-1966,12693,2922,-21,11846,2628,104,13147,2273,106
13866,3084,698,12668,4596,655,14076,4716,-267,14151,3405,-43,13999,3004,1290,13933,2929,938,14856,2408,-123,15315,2996,-89,14362,4627,-797,15342,4506,-1713,14347,2584,-845,13768,2306,158,13554,2696,-987,13867,3194,-1967,13666,3541,-1655,12823,4513,-1746,13033,4245,-2150,12943,1984,-448,12620,1802,908,12201,3166,436,14316,4518,-540,14010,4613,568,13010,4592,810,14033,4099,-98,14792,2536,574,14027,2067,1597,13993,2457,373,15297,3552,-1054,15213,4607,-561,14147,4601,-909,14265,3152,-1550,14218,1348,-676,13603,1902,-290,13357,3238,-1469,13770,3698,-2117,13790,3976,-1552,12358,4510,-1431,13220,3895,-876,13315,2170,149,12489,2708,1089,13291,4530,-120,14062,4555,-250,13911,3452,694,12766,3283,793,14698,3563,201,14773,2053,1019,14042,2258,1223,14603,3757,-758,15536,4633,-1848,14970,3912,-597,13536,2597,-631,14077,2187,-1315,13986,1953,-909,13935,3468,-764,12984,5009,-2017,13863,4495,-2269,13438,3524,-1187,11912,3112,-375,12972,2317,-212,13200,1946,787,13029,3869,995,13379,4917,234,14149,4225,-419,14062,3228,578
13721,3272,840,14503,2539,482,15036,1815,627,14305,3702,283,15177,5277,-1596,15297,4011,-1735,14223,2631,-387,13422,2379,-539,14119,2455,-1312,13798,2449,-1293,12968,4062,-1194,13189,4686,-2055,13273,3574,-1968,12806,2371,53,12143,2307,540,13121,3369,49,14185,3841,186,13277,4618,904,13456,4753,-16,14389,3164,-119,14682,2436,1440,13294,2372,1346,15260,2615,-149,15042,3558,-458,14585,4821,-628,14863,4315,-1826,14089,2258,-1257,14212,1687,60,13177,2462,-614,13720,3446,-1808,13975,3461,-1598,13051,4313,-1690,12775,4429,-2002,13319,2721,-489,12878,2196,1131,12000,3544,826,14228,4567,-342,13992,3942,479,13097,3594,835,13940,3309,-48,14950,2752,387,14027,2399,1527,14126,2956,533,15177,4135,-1294,15192,4191,-863,14537,3520,-595,13860,2603,-1385,14003,1434,-1103,14070,2416,-511,13165,4134,-1321,13714,4671,-2331,13948,3598,-1547,12283,3836,-1027,12849,3187,-665,13210,1965,56,12788,2726,1206,13022,4308,481,14023,4995,-286,13956,3579,236,13441,3125,715,14185,3392,385,14969,2005,706,14611,2257,916,14084,4121,-694
151447
63,-1866,14948,3363,-707,13571,2576,-389,14007,2371,-1192,13978,2691,-1263,13562,3541,-1070,13042,4377,-1807,13335,4189,-2326,13244,2748,-918,12098,2659,1,12526,3153,-122,13539,3077,-69,13744,4294,798,12958,4740,550,14321,3744,-360,14151,2503,791,13896,2689,1379,14429,2825,424,15106,2778,-384,14858,4112,-255,14731,4653,-1311,15073,3765,-1705,13939,1925,-377,13732,1875,-206,13524,3055,-1489,13532,3385,-1713,13841,4005,-1393,12437,4700,-2093,13343,3441,-1537,13435,1890,325,11636,2974,683,13349,3831,-285,14336,3892,-194,13066,4127,1052,13638,3875,548,14419,3425,-108,14663,2634,1182,13812,2570,1179,14832,3462,-616,15314,3804,-1192,14750,3973,-497,14025,3571,-1136,14062,2184,-1109,14212,2005,-297,13232,3161,-1037,13605,4062,-2057,13903,3432,-1921,12796,3743,-1428,12642,3636,-1155,13391,3001,-600,12878,2575,691,12775,3835,735,13884,4833,-175,13613,3740,173,13861,3160,901,13308,3558,301,14952,2937,270,14503,2182,1086,13794,3250,413,15454,4326,-1328,15229,3681,-1174,14287,3000,-371,13738,2469,-1182,13930,2614,-1447
14386,2916,-730,13063,3843,-1133,13404,4363,-2171,13636,3262,-1745,12733,3472,-498,12434,3138,-482,13043,2951,-325,13412,3293,853,12998,4323,871,13560,4322,86,14142,2884,192,13605,2866,1052,14053,3394,674,15101,2654,-32,14869,2979,397,14545,3966,-477,15329,4220,-1659,14630,2652,-882,14087,2494,-350,13643,3182,-1148,13991,3229,-1522,13754,3123,-1059,12703,3942,-1436,13306,4224,-2197,13007,2602,-1083,12635,2640,237,12105,3606,-59,13877,3895,-231,14056,3807,949,12638,3649,1056,14408,3467,-191,14250,2642,344,14346,3208,1257,14269,3520,248,15235,3543,-668,15314,3746,-212,14141,3778,-623,14544,3134,-1617,14197,1883,-807,13568,2452,-354,13479,3506,-1531,13800,3652,-1879,13775,3672,-1327,12281,4008,-1501,13062,3534,-1246,13365,2053,114,12216,2837,767,13297,4349,67,14278,4315,-215,13631,3577,894,13334,3429,823,14322,3607,-125,14877,2796,725,13980,2625,1148,14560,3348,-272,15174,3719,-1196,14996,3247,-324,13794,3006,-828,14021,2507,-1560,14184,2679,-1050,13699,3799,-769,13389,4081,-1767,13582,3063,-1791,13421,3022,-968
12070,3555,-688,13527,3462,-871,12970,2797,307,12955,4055,1060,13536,4713,279,13847,3618,229,13935,2723,697,13233,3143,460,14959,3273,35,14699,2261,729,14257,3339,680,15113,4299,-1135,15123,3648,-1337,14337,2937,-454,13803,2610,-1029,13977,3323,-1719,13963,2885,-897,13402,3367,-782,12814,4215,-1682,13523,3392,-1832,13210,2980,-647,11982,3592,-507,13199,3615,-321,13764,3274,819,12911,3950,1499,13503,3653,495,14327,2913,-313,13956,3121,769,14238,3633,666,14726,3362,-223,15072,2647,218,14584,3776,-44,14722,3956,-1491,14907,2344,-1535,13836,2445,-536,13509,3601,-1036,14146,3700,-1679,13545,2987,-1025,12644,3646,-978,12917,4031,-1961,12919,2953,-1203,13256,2642,299,12077,3658,287,13939,4413,-267,14103,3615,846,12941,3410,1325,13765,3521,83,14656,2902,-72,14567,2869,1064,13863,3191,434,15362,3461,-957,15204,3763,-430,14331,3869,-393,14200,3230,-1704,14141,2037,-1196,13932,2703,-592,13166,3789,-1284,13719,3763,-1984,13634,2928,-1386,12352,3805,-1276,12745,3905,-1236,13623,2512,-302,12511,3083,861,13135,4256,482
14344,4454,-165,13602,3028,713,13378,3056,744,14195,3767,-32,14926,3023,426,14261,2812,974,14265,3575,-378,15294,4247,-1532,14936,3202,-531,13567,2688,-713,14052,2301,-1422,14105,2253,-1316,13849,3473,-735,13051,4421,-1645,13593,3838,-2117,13353,3063,-1267,12203,3091,-490,13183,3278,-477,12976,3044,165,13565,3744,1052,12912,4564,762,14061,3902,-127,14318,3068,458,13568,3427,813,14685,3140,328,14813,2231,144,14533,3126,343,14816,4055,-980,15063,3735,-1542,14172,2691,-651,13837,2758,-596,13920,3357,-1621,13660,2805,-1437,13620,3158,-911,12728,4143,-1814,13111,3921,-2065,13359,2641,-134,12144,3179,338,12870,3919,-72,14107,3301,139,13296,3656,1279,13105,3763,479,14335,3392,-403,14695,2958,918,13725,3112,1195,14683,3273,-156,15511,2964,-394,14681,3617,-92,14578,3632,-1465,14423,2844,-1728,14426,2538,-597,13370,2982,-764,13400,3637,-1645,13934,3000,-1460,12990,3557,-1333,12151,4169,-1764,13679,2966,-916,13054,2599,406,11867,3532,659,14300,4097,-65,13581,3592,622,13599,3343,1123,13653,3745,95,14724,3254,-66
14812,2497,1090,13743,3005,599,15365,3796,-948,15160,3407,-917,14260,3406,-500,13940,3061,-1267,14115,2590,-1402,14106,2636,-717,13087,3274,-1117,13581,3769,-1948,13539,3237,-1654,12547,3724,-888,12745,3687,-974,13273,2925,-300,13109,2932,1123,13188,3973,924,13684,4231,71,14135,2906,193,13588,3370,562,14129,3950,262,15152,2841,244,14365,2522,833,14294,3450,-12,15408,4017,-1469,14544,2901,-991,14130,2641,-559,13730,3207,-1389,14000,3204,-1467,13970,2926,-967,12748,3760,-1299,13325,4082,-2004,13348,2846,-1147,12512,2980,-232,12573,3549,-176,13592,3563,28,13747,3839,1082,12758,3811,1173,14130,3660,-304,14089,3017,215,14271,3419,1206,14071,3447,417,14925,2629,-211,15070,3048,343,14270,4007,-678,14981,3497,-1967,14360,2560,-1038,13823,2978,-414,13869,3617,-1296,13497,3159,-1557,13815,2840,-938,12385,3685,-1675,13064,4080,-1777,13494,2710,-321,12255,3576,446,12783,4364,-50,14464,3762,203,13224,3267,1405,13043,2963,822,14449,3306,-310,14786,3047,591,14009,3148,1070,14701,3625,-269,15248,3546,-845,15203,3478,-184
13878,3282,-881,14418,2709,-1726,14330,2302,-879,13440,3573,-781,13394,4057,-1644,13741,3373,-1719,12988,3306,-1286,12299,3749,-1188,13166,3405,-1074,13161,2665,331,12463,3565,1050,13719,4308,369,13619,3461,157,13981,2855,938,13583,3853,274,14889,4189,-210,14980,2866,698,13898,2990,687,14869,3573,-595,15172,3145,-971,14402,2829,-419,13857,2782,-1286,13806,3103,-1715,14185,3513,-994,13490,3818,-1029,12822,3652,-1746,13421,2479,-1750,13104,3073,-656,11973,3771,-724,13624,3772,-467,13284,3586,713,13129,4281,1405,13750,4131,457,13996,2713,-54,14128,2713,808,13899,3627,527,14939,3437,-76,14849,2913,285,14178,3635,154,15027,3833,-1395,14343,2548,-1117,14180,2610,-572,13878,3051,-1162,13799,3594,-1870,13868,3003,-1200,12874,3932,-1142,12985,4132,-1863,13368,2894,-1153,12811,2893,166,12282,3784,99,13622,4046,-327,14043,3419,743,12712,3298,1343,13737,3384,96,14368,3124,53,14567,3316,1093,13813,3629,512,15286,3441,-653,15252,3113,-117,14057,3124,-531,14712,3022,-1709,14097,2621,-1253,14329,3079,-387,13260,4058,-1361
138
4,3863,-1890,13686,2697,-1212,12158,3118,-1237,13021,3443,-1348,13417,2562,-416,12641,3635,588,12837,4540,136,14176,4260,-110,13392,3105,1014,13274,2731,976,14207,3574,-34,14939,2905,165,14299,3029,1004,14422,3880,-166,15452,4001,-1161,14950,3065,-235,13843,2674,-605,14154,2831,-1657,14342,2701,-1451,13683,3440,-936,13028,3862,-1628,13652,3398,-1831,13267,2643,-1049,12190,3481,-658,13106,3748,-898,13152,3161,151,13242,3875,1133,13131,4208,501,13964,3288,180,14112,2516,615,13314,3691,686,14905,3941,74,14707,2774,294,14684,3381,648,14776,3634,-850,15018,2916,-1269,14469,2070,-433,13604,2949,-825,14308,4114,-1688,14001,3358,-1364,13302,3205,-814,12789,3577,-1586,13362,3002,-1887,13195,2681,-486,12197,3244,-177,13020,4266,-431,13907,3977,352,13359,3867,1489,13138,3481,899,14295,2669,-341,14398,2785,785,13904,3263,824,14762,3555,-388,15218,3011,-292,14615,3505,241,14619,3729,-1059,14514,2821,-1588,14373,2556,-784,13367,3232,-944,13626,3619,-1702,13943,2833,-1364,12860,3138,-1106,12591,3833,-1810,13252,3606,-1121
13336,3095,224,11858,3884,348,13888,4108,-185,13944,2935,659,12881,2755,1436,13885,3319,47,14709,3668,-442,14783,3583,868,14042,3560,578,15028,3732,-673,15169,2971,-486,14469,2827,-244,13858,2735,-1446,14287,2465,-1498,13979,3378,-857,13305,4197,-1137,13704,3985,-1917,13413,2756,-1432,12737,3214,-1124,12589,3636,-1178,13356,2781,-484,12985,3118,953,12693,4408,817,14373,4507,125,13734,3027,345,13453,3019,735,14219,3776,-6,14892,3082,363,14563,2551,864,14222,3184,102,15272,3943,-1260,15043,3054,-799,13896,3186,-743,13736,3151,-1426,14105,3111,-1378,13811,3304,-868,12936,3304,-1297,13341,3264,-1958,13408,3015,-1335,12731,3809,-371,12835,4036,-355,13312,3605,70,13486,3674,1039,12928,3737,1194,13871,3290,-185,14021,2575,283,14063,3308,1009,14246,3915,435,14938,3189,-274,14893,3512,214,14398,3796,-780,15121,3411,-1681,14199,2192,-831,13922,2512,-470,13613,3491,-1388,13510,3407,-1685,14079,3581,-999,12505,4116,-1661,12991,3917,-2074,13590,2133,-281,12210,3052,473,12498,4011,-40,14428,3742,-86,13414,3653,1191
12873,3670,640,14446,3771,-387,14707,3245,704,14029,3090,1241,14469,3247,-92,15412,2967,-638,14709,3241,-208,14353,3557,-1254,14334,2996,-1703,14313,2446,-553,13505,3687,-784,13170,4221,-1798,14047,2844,-1680,12930,2925,-1304,12263,3564,-1474,13640,3284,-933,13062,3065,424,12427,4051,792,13786,4573,104,13721,3588,344,13712,2741,1000,13411,3208,410,14906,3421,-88,14741,2652,979,13738,3291,618,15280,4036,-905,15117,3489,-1122,14366,3094,-448,13744,2643,-1063,14125,2768,-1532,13983,2983,-975,13223,3609,-1060,13451,3838,-1745,13199,3148,-1618,13113,3412,-683,12402,3536,-615,13059,3433,-410,13415,2894,861,13067,3915,998,13519,4010,275,14024,3121,-149,13865,3496,750,13982,3832,772,15027,3113,154,14482,2583,483,14608,3209,201,15068,3632,-1611,14714,2830,-1508,14206,2818,-539,13665,3559,-996,13774,3384,-1481,13729,2515,-823,12986,3141,-1072,13136,3865,-2178,13595,3045,-1598,12936,3001,1,12307,3907,0,13317,4382,-151,14094,3726,1015,12670,3202,1442,13643,3328,-104,14496,2869,-96,14445,3170,1236,14003,3481,470
14959,3207,-448,15449,3128,125,14035,3411,-489,14655,3470,-1824,14605,2364,-1284,14004,2663,-447,13267,3635,-1376,13737,3587,-1733,14128,2729,-1169,12250,3633,-1570,13019,4244,-1681,13633,2793,-223,12348,3232,876,12469,3854,356,14519,3783,-67,13310,2818,1013,13336,3192,580,14235,4133,-358,14913,3305,406,14355,2974,1359,14091,3346,17,15569,3288,-1181,15110,2817,-567,13912,3096,-1060,14324,3202,-1688,14123,2886,-982,13745,3726,-677,12974,3815,-1419,13580,2742,-1821,13182,2658,-1494,12370,3638,-1104,13358,3753,-939,12771,2956,322,13020,3887,1266,13292,4450,680,13808,3231,79,14181,2407,445,13390,3360,415,14954,3863,96,14856,2827,424,14247,3352,722,15073,3999,-687,14886,3372,-1403,14676,2575,-709,13645,2623,-865,14048,3375,-1570,14040,3233,-1482,13331,3317,-914,12836,3510,-1652,13347,3488,-1979,13087,3299,-620,12360,3276,-127,12934,3849,-284,13388,3528,460,13681,3577,1430,13128,3505,533,14241,3013,-470,14518,3288,669,13934,3888,944,14789,3831,-229,14969,2691,15,14737,2822,268,14383,3327,-1394,14533,2685,-1794
14559,2786,-711,13411,3885,-930,13534,4430,-1770,13942,2903,-1033,12997,2830,-971,12299,3221,-1948,13529,2866,-1391,13298,2867,283,12086,4355,253,13829,4973,-330,14144,3666,762,12785,2924,1433,13737,3160,129,14723,3151,-258,14656,3060,987,13764,3587,454,15038,3652,-640,15442,3074,-369,14073,3292,-428,14541,3177,-1662,14270,2600,-1497,14045,3184,-784,13461,3995,-1274,13442,3568,-1589,13590,2123,-1199,12616,3063,-1134,12650,4266,-1331,13405,3457,-569,12942,3714,598,12696,4516,695,13998,3745,485,13752,2220,864,13441,2790,930,14135,3859,18,15123,3419,214,14549,3455,644,14194,3809,-48,15618,3654,-1307,14735,2459,-713,13890,2482,-518,14003,2743,-1428,14065,3222,-1558,14003,3936,-908,12607,3876,-1091,13656,3306,-1764,13074,2894,-1289,12491,3553,-529,12833,3666,-683,12921,3523,-84,13726,3567,1166,12675,3565,1395,14042,3196,-85,14406,2730,233,13877,3888,789,14690,4126,143,15027,3301,-227,14526,3187,583,14712,3037,-311,14681,2501,-1553,14460,2238,-862,13852,3055,-654,13938,4551,-1837,13847,3975,-1966,13504,3058,-814
12349,3074,-1346,13156,3099,-1663,13332,2054,-36,12220,3313,108,12809,4910,-525,14385,4488,-35,13432,3571,1611,12844,3010,909,14504,3172,-411,14675,2932,613,14108,3210,922,14716,3906,-387,15171,3158,-452,15093,2951,393,13772,3144,-1043,14632,2917,-1835,14382,2649,-1065,13298,3901,-1147,13661,4285,-1873,13743,2580,-1204,12938,2545,-946,12154,3379,-1076,13555,3762,-981,13016,3366,27,12536,4411,328,13619,4689,-4,13896,2764,737,13661,1900,1302,13331,3030,465,14908,3768,-272,15100,3474,674,13862,4178,363,15052,3974,-606,15445,2498,-698,14053,2244,-134,13791,2466,-1253,14051,3098,-1953,14374,3951,-1353,13163,4421,-1184,13346,3624,-1413,13348,2423,-1331,12643,2774,-317,12463,3180,-857,13181,3490,-742,13438,3912,506,12952,4530,1224,13676,4036,731,13970,2289,350,13916,2712,940,14039,3643,285,15265,3525,-410,14890,3449,129,14300,3548,226,15195,3455,-1078,14218,2060,-668,14306,2530,-625,13664,3536,-1527,13976,3939,-2134,13820,3176,-1176,12765,3333,-957,13151,3570,-1717,13111,2684,-852,12778,2967,111,12406,4199,-299
13656,4588,-581,13908,3741,1054,12682,3146,1679,13935,2845,43,14427,2682,34,14267,3492,767,14346,4059,1,15072,3734,-787,15236,2838,452,14134,2982,-275,14553,2776,-1714,14559,1976,-1394,13859,3471,-854,13571,4826,-1963,13849,4145,-1840,13535,2567,-790,12099,2729,-1161,13025,3287,-1302,13236,2529,-336,12702,3835,393,12696,5225,-227,14244,4423,158,13678,2726,1395,12974,2566,959,14476,3341,-189,15032,2765,194,14283,3358,652,14443,4013,-391,15542,3651,-858,14879,3106,-99,13925,2728,-733,14056,2431,-1899,14068,2840,-1378,13950,4197,-1110,12916,4170,-1482,13694,2703,-1681,12890,2416,-911,12326,3756,-624,13254,3739,-1055,13254,3332,95,12880,4273,926,13349,4452,790,14052,3032,200,14019,2246,792,13411,3175,614,15054,3842,-8,14972,3430,105,14275,4003,279,15152,3613,-848,14794,2537,-1045,14388,1874,-178,13608,2510,-1089,14110,3970,-1898,14013,3988,-1730,13261,3887,-797,12820,3583,-1511,13082,2570,-1576,13181,2410,-373,12066,3255,-286,13319,4324,-614,13857,4269,256,13262,4075,1584,13393,3429,837,14247,2608,-37
14422,2498,939,14045,3525,701,14962,4008,-746,15178,3304,-282,14639,3322,226,14332,3272,-1183,14693,2066,-1448,14099,2554,-630,13238,3975,-1247,14174,4421,-2356,13519,3017,-1246,12869,3017,-822,12649,3400,-1338,13177,2796,-739,13196,2715,362,12209,4406,1,13815,5183,-550,14096,3519,1042,12992,2853,1491,13672,2986,258,14789,2706,-63,14604,2959,875,13874,3917,50,15217,4130,-969,15565,3191,-232,14012,2985,-267,14204,2519,-1547,14111,2125,-1470,14287,3358,-919,12997,4282,-1478,13623,3735,-1759,13429,2407,-1190,12514,3447,-811,12614,3842,-944,13500,2995,-416,12927,3768,582,12782,4666,560,14168,3748,257,13795,2156,786,13378,2804,906,14477,3882,166,15195,3599,43,14323,3575,424,14445,3779,-241,15461,3311,-1196,14527,1944,-458,13759,2201,-657,13903,3110,-1529,14248,3797,-1879,13664,4332,-1060,12842,4073,-1157,13509,3249,-1732,13221,2092,-808,12131,2373,-192,13019,3644,-586,13212,4208,-354,13920,4538,1189,12796,3972,1279,14098,3090,27,14379,2424,589,13988,3158,981,14747,3640,-114,15016,3213,-518,14924,3436,359
14506,3752,-670,14605,2888,-1379,14364,2091,-740,13692,3001,-775,13570,4273,-2153,13885,3505,-1675,13441,2924,-701,12151,3144,-1242,13434,3214,-1284,13300,2727,39,12210,3949,161,13193,5016,-612,14179,4090,196,13600,3004,1722,13095,2809,815,14475,2869,-142,14927,2856,663,13769,3830,672,14868,4349,-504,15455,3266,-646,14510,2964,44,14175,2631,-1206,14081,2237,-1633,14281,2745,-962,13525,4123,-1222,13338,4527,-1677,13738,2901,-1475,12911,2954,-978,12244,3536,-960,13516,3040,-847,13067,3000,367,12499,4362,622,13774,4671,211,13808,3077,640,13557,2445,1117,13604,3282,406,15048,3406,-139,14880,2899,525,14145,3666,169,15280,4349,-1064,15102,3044,-837,14269,2381,-243,13522,2393,-1310,14173,3099,-1727,14193,3684,-1369,13021,4045,-1282,13215,3736,-1880,13280,2779,-1403,12828,3101,-240,12322,3307,-462,13153,3505,-346,13715,3722,804,12914,4314,1138,13974,3887,173,14121,2447,30,13913,2882,975,14263,3586,468,14945,3385,-462,15041,3393,33,14554,3748,-327,14946,3654,-1379,14631,2011,-916,13967,2301,-556,13265,3573,-1466
14008,3814,-1948,13597,3300,-1045,12692,3701,-1242,13049,3595,-1872,13160,2425,-634,12667,2845,341,12402,4083,-113,14025,4476,-310,13850,3514,1288,13024,3369,1294,14050,3436,-225,14913,2814,152,14298,3255,1085,14047,3563,17,15421,3274,-635,15044,3379,20,13977,3200,-742,14623,2643,-1871,13956,2425,-1177,13942,3479,-726,13495,4355,-1672,13429,3406,-1681,13712,2547,-1069,12003,3519,-1190,13345,3602,-1046,13354,2635,-76,12328,3879,652,13448,4746,60,14010,4035,253,13612,2858,1214,13384,2942,742,14604,3502,6,14825,2572,574,14214,2919,761,14559,3996,-723,15512,3807,-1206,14736,3162,-490,13662,2664,-947,14145,2799,-1649,14153,3054,-1232,13358,3666,-683,13062,3840,-1496,13411,3100,-1862,13398,3014,-993,12165,3431,-578,13152,3701,-668,13288,3289,403,13065,4175,1294,13343,4054,633,13988,2764,-168,14029,2613,734,14049,3582,842,14783,3652,32,15026,2952,154,14419,3746,190,15085,3925,-1303,14853,2757,-1503,14061,2120,-473,13670,2685,-902,13928,3855,-1794,13671,3305,-1227,13123,3617,-899,12817,4129,-2010,13244,3115,-1659
13048,2133,7,11937,3057,166,13502,4084,-219,14117,3987,653,13128,4173,1424,13676,3834,68,14510,3076,-274,14530,2885,1281,13842,2801,1012,14983,3137,-490,15109,2990,-359,14724,3802,-779,14290,3803,-1829,14421,2466,-1336,14093,2614,-229,13315,3701,-1003,13687,3783,-1784,13760,2613,-1507,12534,3300,-1581,12726,4009,-1324,13499,3020,-304,12645,3125,938,12394,4170,351,14357,4395,-298,13708,3271,682,13349,2876,872,14243,3383,2,14638,2963,480,14602,2622,1350,13921,3602,326,15383,3992,-1288,15316,3205,-937,13880,2951,-792,14206,2849,-1597,13837,2372,-1252,14131,3141,-609,12577,3974,-1119,13733,3803,-2013,13565,3059,-1579,12363,3535,-688,13161,3530,-930,12859,2932,23,13207,3400,1218,12945,3980,1008,13824,3757,107,14304,2903,462,13607,3559,656,14425,3833,276,15089,2606,213,14472,3049,781,14638,3536,-662,15292,3409,-1708,14526,2689,-755,13814,3180,-898,13992,3908,-1563,13840,3169,-1372,13204,2795,-482,12736,3434,-1379,13443,3715,-2228,13378,2934,-814,12216,3550,-148,12780,4292,-66,13913,3873,381,13316,3500,1499
12967,3198,729,14302,3063,-693,14617,2968,447,13928,3348,1254,14758,3759,201,15010,3153,-259,15110,3543,50,14414,3312,-1327,14553,2682,-2031,14241,2299,-804,13547,3344,-528,13473,4166,-1492,13461,3047,-1507,13264,3421,-1224,12350,4093,-1823,13532,3503,-1357,13150,2429,324,11991,3360,811,13714,4207,161,13983,3358,364,13476,3097,1094,13718,3691,71,14703,4021,-448,14986,2957,1243,13830,2853,1113,14773,3363,-521,15377,3022,-991,14595,3151,-570,13792,3182,-1706,14158,2844,-1709,14260,3399,-736,13106,4116,-857,13391,3513,-1644,13557,2165,-1730,12797,3167,-926,12472,3818,-980,13636,3493,-503,12897,3446,961,12876,4227,1057,13852,4281,152,13937,2849,-36,13801,2879,552,13905,3567,310,15013,3120,357,14583,2891,823,14157,3605,111,15595,4010,-1512,14659,2708,-1268,14110,2470,-688,13822,3037,-1329,13923,3383,-1632,13820,3182,-779,12785,3527,-1068,13345,4104,-2090,13223,3185,-1491,12740,3062,-267,12302,3538,-178,13278,3741,-97,13927,3656,1026,12853,3860,1217,13907,3562,-236,14343,2713,-23,14313,3278,1285,14066,3418,645
14919,3015,-348,15197,2997,59,14423,3580,-714,14897,3383,-2070,14590,2281,-1229,13774,2991,-226,13668,4010,-1235,13616,3703,-1629,13698,2817,-1031,12307,3420,-1615,13091,3799,-1765,13287,2437,-248,12314,3292,797,12629,4498,123,14212,4234,19,13672,3147,1262,13163,3027,659,14314,3229,-296,14997,2760,617,14084,3046,1284,14443,3802,-51,15548,3922,-1246,15148,3566,-486,13943,3198,-1138,14123,2499,-1631,14208,2130,-746,13690,3463,-546,12727,3965,-1495,13868,3213,-1831,13239,3050,-1297,12180,3722,-963,13290,3428,-1091,12957,2811,368,12817,3817,1176,13320,4465,397,14083,3314,146,14104,2672,764,13363,3668,518,15183,3815,86,14869,2761,546,13938,3315,531,14958,3922,-1100,15308,3077,-1348,14175,2510,-635,13450,2408,-898,14306,3024,-1642,13894,3486,-1205,13092,3605,-933,13217,3913,-1807,13411,3454,-1912,13286,2727,-586,12096,3006,-351,12981,3703,-199,13909,3526,736,12992,4416,1462,13434,4007,450,14455,2932,-439,13997,2981,669,14223,3307,941,14693,3225,-29,14770,2707,276,14696,3364,-33,14655,3935,-1656,14494,2605,-1697
14
9,2418,-562,13211,3455,-998,13905,3947,-1714,13860,2967,-1203,12929,3570,-1171,12639,3829,-1733,13296,2902,-1001,13004,2840,507,11983,4090,361,13974,4323,-381,13936,3430,621,12909,3441,1142,13707,3445,-64,14680,2942,106,14542,2853,1346,13717,3381,750,15565,3738,-797,15330,3505,-677,14282,3301,-822,14514,2927,-1901,13865,2366,-1210,14093,3029,-311,13051,4037,-1152,13445,4011,-1883,13811,2809,-1557,12173,3465,-1197,12933,3391,-1097,13213,2772,-277,12654,3491,1055,12875,4248,592,13986,4204,25,14086,3023,570,13535,3166,556,14517,3674,184,14899,2592,547,14521,2811,1047,14497,4001,-389,15490,4199,-1678,14852,2823,-730,13709,2438,-741,13897,3159,-1510,13946,3018,-1316,13641,3244,-610,12608,3725,-1371,13690,3668,-2092,13278,2955,-1116,12173,3253,-323,12960,3487,-296,13385,3387,269,13620,4095,1156,12985,4280,761,14184,3612,-391,14273,2460,502,14012,3071,1222,14287,3579,393,15141,3042,-58,14777,3649,36,14503,3999,-1254,14825,2992,-1899,14284,2160,-718,13576,2785,-453,13815,3501,-1319,13535,3003,-1351,13668,3495,-1200
12785,4322,-2038,13204,3729,-1880,13517,2341,116,11722,3241,649,13209,4190,43,14257,3608,133,13259,3574,1286,13438,3631,349,14487,3361,-448,14707,2907,1064,13668,2864,1227,14972,3434,-253,15132,3220,-836,14934,3438,-539,14234,3324,-1749,14353,2609,-1606,14178,2608,-395,13462,3814,-644,13592,3955,-1759,13594,2727,-1823,12910,3293,-1373,12307,3905,-1342,13495,3387,-774,12633,2742,828,12602,4038,978,13935,4551,27,13792,3175,308,13744,2617,763,13471,3240,239,15026,3133,236,14715,2772,1053,14075,3510,327,15491,4255,-1498,15335,3453,-1253,14157,2704,-567,13862,2501,-1142,13992,2634,-1319,13894,3181,-641,13027,3809,-1171,13412,4192,-2227,13352,3146,-1948,12806,3203,-586,12207,3241,-458,13048,2992,73,13558,3243,1074,12830,4297,1055,14215,4160,-246,14342,2773,-215,13908,3139,921,14245,3506,838,14919,2993,124,14860,3146,374,14554,3612,-650,15082,3759,-1946,14430,2186,-1133,13920,2581,-264,13405,3663,-1131,13912,3229,-1675,13610,2908,-1091,12652,3907,-1577,13332,3972,-2386,12946,2651,-690,12574,2839,639,12254,3841,311
14217,4323,-40,13855,3624,985,13100,3568,879,13955,3494,-431,15035,2831,473,13930,3015,1463,14098,3263,417,15419,3114,-755,15083,3391,-358,14138,3472,-1189,14454,3085,-1906,14422,2352,-878,13663,3091,-389,13280,3977,-1298,13690,3531,-1769,13676,3235,-1392,12110,3676,-1402,13198,3537,-1117,13134,2676,166,12220,3771,1166,13560,4451,248,13951,3608,25,13926,2791,896,13202,3297,495,14888,4048,-79,14743,2723,870,13944,2782,1043,14695,3662,-634,15556,3691,-1455,14929,3148,-668,13449,2982,-1113,14265,3130,-1614,14244,3037,-955,13261,3608,-545,12911,3745,-1579,13410,2932,-1893,13101,2811,-916,12150,3345,-701,13072,3655,-740,13300,3510,557,13249,4450,1209,13094,4279,538,14480,3105,67,13764,2739,760,14211,3338,963,14813,3223,110,14930,2755,271,14590,3798,-138,14977,4296,-1557,14654,2994,-1614,14224,2590,-487,13401,2985,-798,13729,3080,-1419,13747,2389,-987,13001,3484,-1086,13193,4419,-2136,13109,3697,-1770,13152,3408,62,11725,3702,377,13728,3936,110,13857,3060,761,13000,2831,1345,13964,3635,-130,14438,3448,-404
14901,3585,1152,13451,3684,941,15265,3388,-247,15206,2842,-188,14187,2895,-450,14584,2796,-2032,14175,2525,-1549,14102,3311,-430,13463,4283,-880,13491,4159,-1657,13818,2668,-1288,12676,3170,-1288,12455,3562,-1528,13685,2496,-577,12449,2999,843,12720,4477,612,14107,4578,53,13626,3208,924,13374,3258,775,14168,3652,-122,14995,2686,381,14280,2532,1206,14356,3304,57,15424,4024,-1416,15256,3329,-622,13725,2933,-815,13939,3170,-1556,14298,2823,-1287,13913,3159,-714,12648,3537,-1419,13833,3194,-2007,13287,3200,-1249,12175,3794,-615,13244,3670,-511,12719,3203,219,13568,3839,1148,13047,4148,562,14022,3291,-101,13964,2206,489,13683,3289,962,14812,3729,364,14783,2993,96,14799,3488,418,14803,3950,-887,15218,3420,-1672,14363,2016,-898,13778,2678,-682,13711,3692,-1453,13871,3234,-1424,13462,3474,-853,12597,3869,-1652,13262,3556,-2057,13139,2277,-363,12223,2940,344,12803,4009,-6,14048,4066,30,13545,3865,1463,13174,3604,749,14060,3167,-512,15007,2832,934,13864,3142,1103,14695,3431,-375,15587,2979,-689,14821,3587,-25
14242,3547,-1419,14487,2515,-1623,14133,2343,-395,13519,3454,-717,13594,3997,-1821,13683,2736,-1798,13049,2901,-1232,12079,3973,-1536,13709,3618,-877,12960,3065,594,12054,3989,879,14080,4459,55,13786,3221,590,13626,2537,1026,13337,3087,-29,15155,3469,-171,14705,3106,940,13899,3564,559,15306,4057,-891,15471,3092,-842,14147,2697,-439,13944,2372,-1547,14214,2621,-1714,14105,3487,-879,13062,4239,-939,13542,4170,-1859,13482,2744,-1681,12541,2980,-927,12377,3348,-858,13148,3060,-292,13355,3305,1053,12863,4465,1230,13856,4097,316,14199,2711,102,13562,3150,672,14464,4025,336,14976,3074,73,14802,2653,509,14359,3407,17,15385,3588,-1431,14481,2477,-1190,14227,2780,-649,13580,3854,-1324,14031,3727,-1614,13680,2910,-867,12629,3043,-1067,13150,3300,-2138,13157,2612,-1272,12766,3337,139,12182,4290,105,13857,4489,-16,14069,3925,1253,12663,3370,1202,14078,3101,-315,14506,2548,50,14266,3239,1404,14125,3465,472,15286,3320,-523,15252,3498,-59,14453,3604,-911,14522,3256,-2141,14228,2164,-986,13920,2687,-331,13111,3816,-1274
13746,3250,-1616,13702,2850,-1281,11953,3936,-1625,13429,4257,-1634,13305,3023,-111,12129,3392,934,13212,4049,226,14040,3605,316,13545,2434,1201,13123,3028,576,14582,4372,-437,15247,3495,644,14114,3257,951,14588,3391,-476,15493,3079,-1154,14852,2894,-559,13713,2986,-1293,14024,3115,-1653,14430,3016,-896,13469,3990,-602,12988,3948,-1342,13583,2845,-1916,12913,2955,-1305,12209,3665,-1127,13255,3507,-650,13004,2898,674,13018,4013,1358,13399,4291,821,14183,3037,-17,13930,2957,291,13861,3884,445,15189,3543,183,14562,2522,525,14577,3179,583,15009,3734,-996,14791,3108,-1546,14374,2838,-897,13487,3389,-1086,14116,3619,-1689,13555,2859,-994,12949,3114,-631,12960,3620,-1844,13048,3396,-1975,13072,3186,-460,12238,3739,121,13249,4046,110,14245,3472,965,12918,3418,1634,13793,3405,-6,14253,3216,-493,14791,3593,976,13908,3512,1054,14766,3425,-197,15316,2697,135,14306,3166,-343,14679,3310,-2097,14180,2504,-1849,14171,2993,-429,13470,3899,-1005,13424,3942,-1517,13899,2532,-974,12425,3269,-1317,12763,4083,-1724,13600,2946,-720
12763,3065,808,12181,4108,544,14518,4296,-43,13475,3082,938,13381,3054,772,14026,3800,-233,14830,3361,188,14381,2596,1386,14065,2927,466,15244,3421,-942,15358,3035,-707,14156,3334,-1105,14075,3256,-1852,14306,2990,-1241,13850,3642,-611,13117,3453,-1008,13423,3025,-1697,13209,2622,-1444,12452,3943,-1105,12823,4034,-1005,13075,3170,97,12990,3575,1365,13301,4030,1068,13720,3322,187,14076,2356,353,13607,3470,437,14734,4252,118,14888,2782,269,14657,3002,871,14483,3607,-500,15446,3366,-1645,14427,2502,-1070,13749,2756,-966,14109,3915,-1578,13669,3277,-1375,13489,2848,-335,12503,3396,-1342,13146,3607,-2281,13390,3044,-874,12190,3396,-176,12802,4081,-105,13859,3601,545,13487,3499,1618,12982,3398,797,14315,3294,-829,14710,3249,328,14104,3622,1117,14458,3623,26,15377,2601,-78,14782,2960,280,14190,3246,-1452,14778,2832,-2204,14096,2869,-858,13694,3870,-756,13573,4121,-1584,13539,2596,-1285,13082,2612,-1040,12265,3549,-1746,13381,3660,-1418,13328,3004,421,12005,4008,741,13970,4626,124,13890,3279,612,13384,2780,1249
13441,3268,-140,14900,3564,-425,14861,2939,960,13771,3099,810,15351,3683,-494,15321,3414,-875,14546,3441,-766,13753,3107,-1831,14077,2524,-1619,14091,2854,-633,12957,3454,-648,13624,3404,-1648,13284,2623,-1916,13005,3648,-1310,12528,4353,-1383,13227,3728,-463,13122,3093,1269,12805,3769,1624,13676,3584,380,14109,2431,-5,13643,3276,287,14308,4345,56,15010,3520,32,14564,2733,877,14291,3311,308,15311,3379,-1439,14830,2455,-1316,13902,2689,-948,13950,3372,-1352,14108,3610,-1556,13548,3054,-522,12791,3525,-984,13149,3870,-2258,13364,2781,-1703,12738,3218,-313,12160,3911,-94,13729,3820,268,13825,3640,1542,12510,3569,1416,14273,3429,-417,14223,2981,-347,14564,3333,915,14164,3352,343,15198,3023,-358,15203,3136,245,14149,3638,-637,14919,3483,-2074,14214,2525,-1121,13963,3015,-561,13259,3657,-1504,13714,3086,-1593,13564,2819,-1200,11891,3687,-1487,13295,4320,-1590,13296,3037,-291,12212,3374,927,12988,3991,370,14160,3393,116,13614,2720,1003,13198,3351,347,14647,4427,-641,15161,3745,480,14014,3146,1330,14550,3213,277
15226,3016,-747,14842,2695,-574,14078,3001,-1548,14092,3297,-1956,14270,3125,-1067,13627,3785,-478,12858,3766,-1238,13400,2790,-1665,13008,2618,-1253,12322,3533,-1203,13264,3814,-1095,13143,3207,558,13129,4257,1310,13251,4477,780,14051,3084,225,13997,2738,576,13711,3588,304,15045,3251,71,14621,2282,654,14516,3387,680,14882,4057,-948,14967,3280,-1477,14213,2895,-967,13629,3337,-1285,14272,3288,-1635,13815,2417,-843,13043,3032,-582,13084,3858,-1818,13376,3817,-2033,13163,3534,-477,12250,3920,-92,13252,3855,179,13980,3059,1003,12713,2986,1598,13567,3086,11,14342,3182,-691,14681,4051,772,13858,3970,983,14956,3494,74,15030,2642,421,14213,2840,-172,14954,3158,-2136,14312,2630,-2181,14476,3074,-757,13421,3789,-908,13535,4237,-1243,13907,2761,-829,12431,2938,-1267,12698,3581,-1831,13569,2962,-1070,12701,3257,363,12278,4018,566,14121,4176,214,13329,3226,1240,13461,3232,1008,14016,3838,-424,15019,3339,-123,14494,2454,1189,14214,2903,544,15247,3592,-730,15158,3190,-440,14352,3466,-1025,13951,3284,-1915,14263,2795,-1346
1479
3128,-604,12934,3408,-1113,13427,2941,-1741,13135,2560,-1442,12499,4178,-1076,12905,4302,-1071,13079,3308,25,12957,3504,1413,13085,3938,979,13755,3071,148,14249,2139,501,13510,3577,288,14971,4464,-31,14943,2971,391,14551,3121,1062,14570,3546,-259,15222,3207,-1461,14608,2342,-1198,13631,2708,-1285,14212,3559,-1676,13714,3319,-1276,13473,3365,-288,12691,3674,-1284,13131,3559,-2094,13464,2897,-1048,12267,3369,-364,12841,3743,-71,13745,3378,654,13333,3651,1672,12895,3634,829,14461,3680,-804,14501,3346,23,14165,3455,1004,14566,3175,203,15242,2483,-9,14871,3201,254,14230,3462,-1383,14906,3101,-2217,13947,2943,-916,13796,3278,-651,13589,3734,-1535,13384,2717,-1411,13426,2670,-1209,12179,3671,-1818,13294,4061,-1719,13408,3177,378,11767,3879,1014,13881,4427,278,13904,3270,500,13387,2752,1099,13518,3271,-271,14745,3825,-743,14962,2919,1067,13869,2972,1155,14934,3642,-236,15312,3262,-825,14731,3041,-747,13857,3200,-2078,14105,2837,-1688,14518,2788,-732,12831,3748,-717,13350,3854,-1534,13367,2988,-1682,12857,3561,-1179
12
75,3830,-1291,13142,3398,-528,13283,2989,1098,12891,3889,1253,13402,3952,426,14184,2550,296,13890,3465,504,14039,4371,-9,15405,3000,112,14465,2433,721,14333,3249,289,15205,3812,-1454,14818,2744,-1292,13884,3008,-1029,13785,3548,-1300,14245,3384,-1684,13488,2871,-618,12679,3315,-907,13095,3553,-2010,13479,2768,-1497,12501,3151,-334,12346,3992,-141,13643,4057,16,13883,3794,1349,12598,3613,1334,14073,3383,-311,14417,3042,-214,14325,3284,1165,14226,3269,518,15047,2938,-318,15237,3122,280,14144,3801,-542,14872,3649,-2204,14309,2453,-1424,14018,2626,-513,13119,3556,-1374,13811,3145,-1312,13755,2820,-1045,11834,3832,-1429,13297,4360,-1773,13503,3136,-477,12336,3465,727,12864,3994,347,14071,3430,429,13463,2699,1318,13292,3176,511,14375,4293,-828,15282,3278,427,14004,3031,1222,14542,3252,136,15417,3111,-882,14864,2684,-468,13853,2859,-1544,14181,3270,-2031,14542,2950,-1206,13407,3787,-638,13100,4021,-1184,13626,3096,-1688,12982,2799,-1159,12195,3294,-1117,13279,3485,-922,12877,2931,697,13179,3934,1396,13300,4609,735
13986,3400,174,14337,3102,373,13499,3739,250,15083,3129,272,14554,1888,803,14498,3101,843,15060,4308,-1059,15055,3582,-1527,14405,3292,-1168,13489,3345,-1070,14237,2980,-1485,13465,1928,-617,12988,2774,-480,12945,3991,-1856,13413,4172,-2202,13095,3794,-833,12184,3787,-19,13065,3719,324,14041,2993,1153,12686,3303,1633,13553,3293,176,14536,3332,-943,14597,3875,602,14229,3543,1105,14870,3147,181,15139,2611,417,14501,3321,-282,14595,3596,-2083,14291,2625,-2123,14286,2846,-523,13076,3389,-761,13874,3841,-1342,13496,2970,-1070,12637,3539,-1334,12768,4387,-2025,13210,3105,-1057,13065,2462,947,12057,3399,1028,14326,3858,193,13682,3498,887,13514,3659,685,14013,4359,-739,15028,3495,69,14483,2351,1480,13964,2359,822,15133,3073,-790,15210,3264,-721,14337,3886,-1325,13953,3724,-2147,14362,2800,-1371,13869,2925,-382,12818,3258,-836,13438,3041,-1682,13301,2549,-1448,12572,4118,-1139,12896,4207,-1067,13343,3260,139,13025,3431,1465,12983,4028,975,13869,3688,142,14157,2722,237,13538,3485,190,14639,3728,158,14937,2334,428
1443
2797,983,14508,3766,-473,15362,3904,-1767,14508,3082,-1414,13808,3051,-955,14068,3097,-1470,13554,2205,-1117,13464,2512,-419,12657,4143,-1482,13318,4712,-2573,13391,3797,-1295,12361,3556,-128,12496,3481,386,14010,2908,822,13254,2932,1590,12826,3491,716,14451,3920,-1139,14870,3906,13,14029,3637,1257,14524,2740,483,15087,2145,45,14905,3152,304,14585,3739,-1761,14611,3313,-2599,14621,2819,-910,13394,3447,-439,13575,3805,-1184,13625,2807,-1313,12916,3080,-1169,12350,4071,-2037,13286,3807,-1723,13166,2678,352,11874,3114,1306,13699,3926,595,13832,3446,676,13587,3308,915,13570,4112,-673,15224,3922,-792,14697,2483,1267,13978,2181,1335,14977,3285,-243,15249,3501,-767,14790,3920,-1001,13863,3940,-1955,14196,3141,-1857,14297,2176,-627,12775,2897,-557,13067,3340,-1504,13336,2766,-1789,12853,3918,-1397,12422,4404,-1270,13160,3684,-268,13649,2719,1425,12685,3504,1369,13660,3714,533,14472,3038,-288,13997,4088,29,14186,4364,120,15048,2762,505,14524,2036,1255,14133,2972,484,15295,3538,-1674,14795,3061,-2056,14043,3692,-1343
139977
29,-1386,13894,2552,-1129,13354,1882,-59,12704,3064,-668,13128,4440,-2241,13641,3809,-2113,12812,3911,-689,12246,3933,165,13689,3381,741,13249,2671,1803,12770,2736,1408,14017,3865,-825,14704,4022,-967,14610,3892,889,14174,3044,952,14996,2175,211,14928,2450,569,14259,3423,-1032,14849,3921,-2771,14367,3165,-1893,14096,3222,-418,13274,3621,-834,13523,2787,-1019,13581,2320,-949,12012,3675,-1582,13397,4667,-2129,13250,3510,-663,12406,3410,1154,13073,3712,868,13706,3342,688,13833,2529,1149,13142,3498,-61,14716,4831,-1198,15095,3160,447,14377,2494,1694,14238,2895,519,15458,2948,-637,14924,3141,-1038,13966,3827,-2002,14143,3832,-2305,14362,2691,-988,13480,2729,-107,12583,3167,-696,13428,2953,-1705,13276,3530,-1509,12274,4388,-1623,12999,4168,-868,13416,2828,1060,12937,3292,1803,13052,3362,1071,14126,2862,-278,14365,3562,-185,13956,4618,-51,15075,3676,289,14878,1964,923,14220,2572,1197,15068,3591,-897,14837,3247,-2030,14478,3329,-1528,13465,3654,-1316,14207,3279,-1443,13430,2000,-386,12799,2629,-160,12922,4103,-1977
13,1107
4,-2472,13190,3402,-894,12162,3563,369,13337,3716,588,14089,2896,1483,12872,3098,1651,13596,3704,-287,14685,4045,-1193,14822,4042,507,14008,3107,1218,14719,2508,306,14971,2214,495,14512,3501,-417,14449,4024,-2586,14305,3191,-2433,14238,2949,-501,13135,3463,-529,13658,3103,-952,13730,2050,-1061,12340,3466,-1605,13155,4942,-2105,13325,3961,-1356,12886,3007,1044,12131,3379,1316,14014,3621,784,13753,2698,893,13418,3416,247,14081,4733,-1087,15217,3690,-133,14429,2365,1618,13974,2173,1141,15019,2999,-619,15216,3396,-1165,14515,4065,-1745,13721,3971,-2250,14480,2679,-1332,13788,2573,-80,12548,2841,-211,13463,3171,-1620,13207,3298,-1924,12877,4841,-1738,12580,4637,-1217,13385,2912,723,13021,2608,2091,12545,3076,1618,14196,3302,-164,14248,3391,-424,13876,4616,-255,14897,4084,248,14732,2428,699,14561,2242,1508,14632,2953,-358,15116,3451,-2205,14792,3415,-2076,13887,3796,-1304,14126,3651,-1318,13339,2313,-638,13437,2313,70,12558,3458,-1546,13221,4418,-2602,13398,3491,-1548,12243,3799,-93,12675,3777,594,13906,2856,1107
1305
2903,1836,13111,3307,425,14752,4432,-1549,14920,4253,-189,14347,3352,1254,14448,2498,607,15091,2031,487,14746,2981,55,14375,3928,-2135,14504,3794,-2921,14405,2942,-1117,13468,3297,-421,13005,3430,-850,13751,2058,-1012,12639,2988,-1339,12443,4539,-1857,13813,4240,-1812,12790,3205,415,12437,3123,1456,13778,3344,962,13374,2987,822,14065,3216,444,13853,4797,-1078,14895,4373,-603,14931,2207,1504,13547,2005,1637,15146,2826,-116,15028,3002,-1285,14593,3906,-1678,13990,4119,-2416,14284,3469,-1767,13968,2264,-293,12777,2276,185,13150,2937,-1162,13038,3029,-2061,13609,4414,-1714,12262,4893,-1574,13258,3926,22,13543,2696,1841,12457,2994,2064,13631,3033,289,14281,3087,-752,14058,4437,-244,14444,4253,249,14878,2801,479,14581,1879,1463,14451,2633,634,14937,3548,-2069,14967,3215,-2565,14141,3713,-1559,13850,3742,-1239,13601,2678,-825,13396,1883,141,12637,3039,-953,13082,4531,-2507,13539,3958,-2077,12899,3738,-309,12046,3951,623,13749,2992,1109,13516,2275,1940,12469,2881,897,14455,4042,-1355,14883,4517,-998,14556,3605,1205
1410
2652,1031,14911,2204,475,15293,2631,243,14268,3709,-1712,14681,4038,-2993,14525,3226,-1743,13892,3269,-196,12840,3222,-534,13423,2334,-878,13055,2280,-1180,12200,4079,-1875,13555,4797,-2381,13087,3521,-364,12624,3493,1822,13115,3392,1426,13748,2705,886,13984,2422,590,13609,4211,-670,15002,5257,-1205,15356,3059,717,13935,2578,1715,14586,2945,750,15271,2806,-986,14684,2992,-1500,13952,3291,-2253,14055,3804,-2121,14311,3061,-838,13279,2844,11,12586,3007,-775,13250,3148,-1857,13458,3703,-1508,12168,4347,-1412,13095,3941,-409,13470,2890,1192,13085,3301,2137,13255,3478,921,14135,3111,-678,14483,3849,-257,14022,4519,347,14951,3456,423,14723,1813,1012,14353,2353,1106,14737,3304,-1346,14896,3315,-2663,14283,3671,-1683,13793,4053,-971,13789,3813,-1136,13361,1993,-180,12908,2272,-419,12536,3843,-2151,13469,4094,-2288,13464,3821,-504,11951,4214,563,13538,4073,629,13851,2678,1548,12840,2552,1589,13608,3257,-588,14907,3928,-1189,14869,3873,828,14021,3562,1198,14782,3052,245,15227,2603,222,14325,3401,-698,14410,3652,-2710
14619
921,-2153,14263,3279,-541,12886,3623,-624,13677,3193,-1012,13226,2328,-1192,12530,3608,-1347,12990,4688,-2023,13138,3676,-972,12975,3035,1306,12434,3510,1422,13901,3427,633,14093,2581,532,13343,3890,-44,14690,5102,-726,15365,3550,336,14166,2403,1557,14181,2278,915,15385,3166,-1023,14884,3135,-1615,14265,3395,-1859,13486,3738,-1835,14150,3145,-1110,13883,3006,-57,12319,2935,-591,13416,2970,-2010,13458,3421,-1996,12604,4569,-1227,12870,4020,-291,13135,3103,815,13394,3322,2083,12941,3626,1544,14103,3596,-758,14330,3143,-677,14313,3836,491,14263,3426,661,14858,2117,752,14627,2524,1076,14346,3662,-899,15212,3831,-2831,14553,3309,-1850,14032,3153,-742,13661,3318,-1124,13352,2403,-519,13349,2486,-477,12367,3859,-2020,13299,4759,-2526,13517,3651,-723,12121,3709,669,12912,3463,773,13982,2613,961,13081,2649,1543,13405,3483,-142,14755,4323,-1351,14993,3824,457,13958,3062,1466,14707,2841,677,15123,2593,-157,14836,3247,-768,14318,3764,-2566,14182,3206,-2286,14413,2324,-602,13004,3124,-57,13235,3592,-828,13592,2941,-1619
1212,2118
-1763,12658,4245,-2083,13440,3591,-1204,12656,2546,1388,12554,3031,2004,13576,3695,893,13719,3418,-49,14287,3941,-171,13905,4732,-689,15319,3394,193,14471,1567,1751,14082,2104,1501,15326,3437,-895,14940,3575,-2144,14546,3648,-1815,13881,3765,-1634,13946,3246,-1325,13895,1987,-168,12529,2386,-320,12964,3654,-2012,13454,3719,-2537,13141,4171,-1180,12222,3990,-296,13219,3345,846,13824,2876,1923,12619,3141,1427,13953,3573,-611,14302,3571,-1270,14719,3963,588,14019,3429,1080,14649,2365,658,15160,2077,1052,14317,3737,-517,15147,4352,-2951,14589,3175,-2456,14176,2917,-457,13146,2863,-575,13538,2604,-639,13702,2283,-674,12295,4047,-1940,13183,5131,-2739,13683,3418,-1416,12476,3180,824,12068,3369,1266,14311,2841,895,13313,2743,1340,13293,3817,31,14612,4957,-1537,15213,3871,-3,13953,2575,1818,14280,2293,1073,14979,2476,-134,14986,3350,-736,14443,3926,-2266,14273,3897,-2600,14450,2819,-1085,13632,2860,-22,12873,3050,-487,13357,2805,-1465,13227,3453,-1783,12461,4683,-1914,13330,4131,-1529,12819,2624,655,12739,3012,2118
13
5,3517,1318,13839,3529,34,14325,3505,-357,13674,4450,-466,15155,3906,-53,14482,1833,1329,14277,2138,1832,14732,3580,-361,15270,4118,-2291,14939,3744,-1964,13671,3563,-1485,14195,3425,-1245,13736,1939,-296,12900,2116,117,12676,3692,-1723,13314,4385,-2913,13682,4253,-1535,12043,3751,-436,12887,3279,598,13651,2713,1607,13109,3111,1853,13500,3793,-135,14438,3782,-1409,14862,3914,182,14015,3820,1296,14698,2753,677,14942,1951,996,14445,3416,231,14682,4376,-2709,14780,3280,-2874,14166,2648,-789,13325,3028,-280,13470,3214,-796,13635,2469,-734,12732,4091,-1653,12825,5192,-2763,13631,3660,-1679,12946,2526,821,11686,2838,1619,14215,3398,891,13718,3254,737,13420,3892,171,14028,4811,-1151,15064,4052,-294,14646,2353,1977,13502,2010,1699,15063,2343,-44,15310,3397,-1174,14229,4612,-2021,14584,3787,-2519,14158,2659,-1189,13879,2987,151,13125,3091,-181,13337,3098,-1568,13179,3009,-2146,12856,4176,-1689,12724,4232,-1372,13121,2901,274,12878,3024,1980,12845,3942,1462,14122,4156,-318,14027,3271,-450,13611,3651,-8,14813,3645,351
14654,2128,1138,14343,2026,1764,14566,3431,40,15316,4690,-2564,14923,3559,-2221,14258,2935,-1160,13439,2956,-1014,14081,2080,-644,13388,2311,22,12432,3918,-1347,13670,4839,-2965,13395,4130,-1665,12455,3548,-150,12601,3049,577,13248,2638,1051,13541,2758,1802,13009,3966,304,14253,4355,-1366,14956,3546,-76,13944,3414,1566,14297,2896,906,15220,1910,357,14760,3059,98,14526,4029,-2190,14858,3770,-2747,14565,2957,-932,13527,2816,-22,13362,3361,-701,13629,2530,-974,13239,3311,-1535,12309,4349,-2354,13363,3960,-1960,13195,2594,366,11885,3157,1519,13552,3597,790,13853,3203,431,13550,3595,461,13645,4242,-486,15206,4021,-722,14658,2365,1566,13871,2164,1834,14896,3134,153,15276,3493,-1390,15046,3782,-1500,13783,3858,-2195,14293,2940,-1633,14425,2068,-179,12445,2746,38,13295,3294,-1324,13495,3293,-2248,12978,4265,-1750,12599,4067,-1308,13091,3560,-249,13130,2707,1660,12928,3307,1800,13381,3861,252,14291,3247,-658,14007,3630,-62,14268,3955,194,14715,2870,845,14820,2050,1466,14251,3072,409,15150,4114,-1912,14834,3029,-2188
14-705
87,-1162,13772,3406,-1086,13888,2929,-1148,13646,2313,-148,12711,3489,-932,13217,4656,-2618,13341,3589,-2112,13098,3168,-239,11741,3402,508,13792,3522,678,13838,3180,1285,12714,3660,844,14142,3981,-895,14408,3350,-583,14691,3341,1169,13812,2854,1135,15243,2560,245,15117,3106,205,14328,3987,-1288,15038,3956,-2756,14121,2719,-1476,14004,2626,-147,13183,3322,-745,13399,3098,-1310,13791,2956,-1329,12272,4197,-1966,13054,4447,-1915,13693,2654,-379,11959,2967,1354,12951,3687,1053,14126,3591,265,13506,3274,490,13666,3691,-30,14647,4363,-733,14944,2919,748,14340,2133,1815,14360,2979,370,15361,3760,-1259,15220,3704,-1218,13673,3416,-1735,14336,2824,-1824,13913,2431,-762,13590,3106,-191,12857,3715,-1307,13370,3695,-2113,13512,3695,-1718,12137,3900,-1162,13220,3361,-591,12953,2268,1207,13092,3568,1701,13240,4468,407,14142,3978,-760,14262,3441,-72,13816,3663,530,14754,3074,772,14752,1829,976,14413,2879,715,14857,4336,-1550,15076,3883,-2284,14550,3118,-1315,13373,3222,-699,14010,2960,-959,13625,2128,-631,13060,3161,-705
13175,4385,-2350,13260,4174,-2415,13269,2946,-538,12079,3212,611,12808,3682,585,14131,3195,766,13152,3733,1138,13344,4105,-354,14727,3510,-866,14756,3168,1110,13669,2665,1738,14954,2631,302,15051,2912,-117,14771,4096,-841,14710,4138,-2546,14273,2833,-2068,14274,2209,7,13228,2724,-196,13349,3487,-1263,13953,2959,-1477,12723,4112,-1799,12659,4841,-2009,13550,3240,-945,12773,2557,1201,12031,3333,1251,14198,3878,147,13563,3430,485,13526,3764,485,14011,4180,-409,14969,3174,295,14496,1908,1905,14076,2418,981,15221,3992,-1233,15494,3892,-1527,14228,3783,-1359,13839,3239,-1613,14174,2229,-923,13932,2642,-30,12503,3295,-611,13754,3814,-1999,13229,3511,-2136,12679,4116,-1189,12777,3661,-791,12702,2769,614,13415,2811,1756,12706,3986,1159,14019,4062,-307,14645,3026,-304,13658,3723,382,14650,3490,681,15046,2292,687,14351,2783,903,14775,3900,-603,15389,4326,-2210,14233,2927,-1420,14101,2462,-821,13543,2825,-1057,13726,2361,-910,13652,3056,-495,12635,4496,-1618,13532,4636,-2678,13071,3123,-1019,12401,2835,483,12442,3171,851
13923,3076,564,13483,3404,1126,13161,4097,278,14274,4509,-1106,15238,3616,277,13828,2761,1858,14433,2394,842,15070,2190,-183,15103,3537,-406,14304,4092,-2017,14509,3456,-2444,14323,2490,-743,13479,2945,-44,13374,3473,-1136,13476,3082,-1553,13260,3422,-1540,12240,4270,-1916,13465,3738,-1434,13010,2408,777,12381,3256,1665,13552,4041,341,13814,3800,82,13937,3684,404,13335,4010,-252,15035,3386,-104,14650,1640,1711,13863,2210,1384,14935,3785,-677,15594,4218,-1837,14610,4086,-1333,13932,3428,-1649,13917,2526,-1439,14371,1654,-241,12613,2855,-505,13121,4218,-1736,13947,4063,-2451,12749,4194,-1270,12422,3629,-758,13103,2899,239,13172,2534,1386,12783,3324,1331,13670,3983,81,14112,3927,-787,14283,3814,182,14121,3585,738,14741,2413,775,14905,1944,888,14412,3457,170,15369,4639,-2366,14550,3384,-2230,14498,2911,-953,13365,2794,-716,13771,2558,-822,13461,2479,-518,12865,3812,-1357,13137,4910,-2912,13136,3497,-1959,13013,2978,191,11963,3210,955,13870,3416,515,13656,3234,1154,13017,3820,752,14165,4583,-1050,14714,3562,-486
14
4,2542,1595,13817,2212,1490,14820,2601,-143,15577,3664,-420,14333,4607,-1689,14572,4157,-2595,14396,2482,-1419,13871,2032,230,12932,2850,-574,13405,3154,-1423,13935,3319,-1717,12220,4576,-2097,13237,4537,-1920,13121,2659,-34,12443,2669,1886,12730,3453,1070,13958,3813,116,13975,3321,138,13435,3952,-226,14804,4402,-417,14872,2491,1208,14127,1968,1796,14308,3115,17,15529,4012,-1707,15178,3750,-1579,13696,3180,-1470,14069,2870,-1439,14072,2255,-530,13549,2919,-247,12715,3805,-1288,13775,4099,-2404,13180,4001,-1689,12376,3673,-827,12893,2887,-62,13027,2240,1079,13198,3458,1444,13149,4374,544,14395,4198,-807,14119,3738,71,14137,3357,930,14627,2558,978,14624,1657,579,14581,2777,383,14995,4525,-1612,14738,4190,-2426,14816,3332,-1163,13573,2731,-529,13577,2612,-914,13584,2228,-714,13128,3313,-989,13149,4663,-2523,12875,4477,-2400,13552,2948,-116,12000,3003,1056,12928,3434,477,14128,2838,682,13215,3565,1272,13583,4394,-491,14736,4014,-878,14826,3112,1287,13669,2385,1819,14851,2415,279,15107,2997,-213,14935,4346,-1047
14
07,4354,-2544,14255,2840,-1907,14154,2078,-23,13228,2741,-389,13216,3503,-1297,13707,2978,-1264,12832,4112,-1749,12616,4814,-2011,13521,3011,-708,12790,2288,1465,12324,3427,1321,13947,4110,358,14074,3469,330,13312,3925,33,14182,4268,-379,15086,2658,612,14298,1861,2064,14069,2683,806,15606,3970,-1313,15117,3896,-1663,14040,3651,-1353,14113,3067,-1590,13886,2244,-928,13939,2430,-246,12412,3515,-787,13765,4255,-2084,13340,3760,-2155,12558,3861,-1052,12601,3210,-339,13092,2631,757,13378,3112,1394,12707,3991,1134,14162,4349,-612,14222,3513,-466,14183,3373,856,14136,2737,975,14965,1948,554,14698,2972,562,14600,4505,-890,15472,4431,-2395,14223,3170,-1558,14049,2228,-430,13488,2258,-800,13354,2612,-907,13535,3388,-831,13044,4668,-1902,13068,4864,-2706,13485,2681,-726,12102,2566,857,12506,3334,681,14132,3171,378,13445,3671,1230,13253,4088,91,14726,4352,-1088,14984,3338,625,13823,2409,1781,14669,2615,509,14722,3053,-471,15349,3726,-559,14185,3928,-1835,14115,3321,-2174,14789,2072,-613,13328,2914,-303,13179,3839,-1291
134,365
1,-1447,13125,3630,-1461,12144,4024,-1698,13572,3450,-1134,12742,2210,791,12588,3381,1378,13458,4500,337,13881,3916,108,14149,3643,321,13239,4024,-173,15028,2993,121,14466,1449,1707,13988,2629,1122,14981,4226,-933,15587,4122,-1870,14464,3868,-1412,13772,3166,-1522,14204,2254,-1156,14016,1657,-233,12747,3067,-585,13238,4384,-1885,13675,4217,-2507,12817,4103,-1137,12324,3227,-417,12926,2754,372,13346,2739,1264,12908,3656,1205,13626,4371,-159,14489,3809,-870,14186,3699,523,14057,3137,1122,14698,2109,662,14896,2279,687,14474,3592,-119,15353,4661,-2357,14473,3460,-2281,14309,2579,-886,13523,2679,-595,13591,2685,-828,13663,2879,-670,12842,4222,-1484,13280,4974,-2944,12952,3408,-1704,12945,2416,598,11883,2971,943,13679,3475,509,13814,3352,1084,12934,4000,530,14213,4690,-1223,14994,3479,-351,14431,2212,1898,13899,2069,1395,15035,3005,-378,15440,3815,-430,14431,4468,-1691,14354,3875,-2460,14337,2015,-1143,13728,2217,28,12864,3169,-852,13543,3497,-1476,13593,3537,-1657,12369,4498,-2056,13212,4156,-1651,13075,2164,365
12410,2555,1848,12870,3680,944,14048,4114,23,14173,3900,42,13438,4203,-400,14780,3826,-116,14718,1702,1522,14079,1714,1889,14488,3354,-2,15492,4254,-1903,15311,4107,-1821,13729,3628,-1547,14179,2731,-1200,13935,1873,-479,13033,2540,-31,12838,3628,-1331,13794,4367,-2581,13342,4237,-1875,12258,3455,-684,13014,2904,177,12997,2315,1277,13180,3438,1735,13188,4097,485,14191,4240,-1054,14456,3773,-158,14006,3266,1018,14560,2363,1056,14646,1658,828,14565,3139,567,15039,4597,-1793,14734,4228,-2748,14719,2889,-1230,13791,2259,-360,13316,2655,-654,13630,2326,-433,13358,3510,-1060,12673,5180,-2790,13478,4318,-2577,13274,2647,116,11669,2661,1175,13219,3116,623,13976,3039,735,13185,3946,774,13651,4950,-1000,14758,4112,-963,14859,2427,1636,13366,1700,2217,14962,2176,437,15303,3021,-676,14757,4735,-1681,14658,4722,-2839,14480,3102,-1820,13787,1790,229,13096,2037,60,13305,2998,-1016,13677,3297,-1815,13070,5039,-2306,12655,5141,-2478,13513,2962,-518,12528,1706,2047,12196,2786,2003,14019,3791,529,13937,3662,-387,13978,4589,-645
143,-824
,-548,14991,2620,890,14068,1310,2437,14008,2293,1319,15302,4080,-1629,15297,4432,-2296,14276,4028,-1798,14048,3247,-1530,13862,1804,-536,13766,1635,392,12267,3288,-398,13563,4874,-2495,13884,4651,-2751,12444,4078,-1206,12481,2959,-7,13005,1871,1289,13373,2575,1891,12722,3772,1217,14209,4804,-1232,14497,4660,-891,14427,4109,653,14374,2659,1397,14357,1141,1275,14774,1909,1302,14427,4182,-1265,15269,5258,-3180,14657,3901,-2263,13779,2904,-341,13465,2327,-344,13329,1687,-340,13543,2718,-455,12663,4807,-2233,13760,5484,-3187,13480,3285,-1199,12065,2600,1036,12502,2834,1308,13697,2899,954,13583,3405,985,13230,4561,-584,14416,4968,-1576,15198,3396,617,13657,2186,2350,13985,1836,1340,15377,2375,-42,14762,4331,-1203,14626,5012,-2552,14696,3945,-2676,14113,1964,-550,13531,1688,226,13008,2825,-452,13590,3318,-1616,13498,4509,-2131,12486,5247,-2411,13380,3981,-1540,12803,1738,1166,12261,2283,2227,13499,3643,862,13724,3757,-323,14370,4618,-523,13506,5064,-767,14934,3404,192,14426,974,2475,13670,1559,2140,14948,3515,-824
15395,-56
-2791,14984,4570,-2268,13910,3962,-1797,13979,2554,-841,13881,1508,514,12646,2348,55,13269,3959,-2002,13743,4502,-3146,13391,4629,-1909,12214,3614,-594,12830,2529,863,13240,1967,1995,12889,3166,1564,13595,4366,-561,14645,4403,-1532,14450,4214,55,13920,3038,1285,14716,1617,1405,14730,1646,1544,14446,3608,-319,15306,5208,-2959,14862,4234,-2868,14323,3028,-880,13385,2201,-160,13423,1843,-235,13680,2034,-267,12838,4331,-1700,13187,5638,-3278,13481,4051,-2237,12715,2486,703,11977,2331,1591,13604,2857,1047,13785,3025,904,13102,4009,-109,14345,5318,-1609,14775,4298,-565,14464,2432,2281,13557,1530,2120,14998,1804,363,15395,3146,-863,14604,4677,-2472,14765,4638,-3098,14311,2684,-1304,13801,2046,729,12666,2514,101,13578,2828,-1118,13497,3419,-2123,12825,4795,-2570,13077,4851,-2364,12997,2547,303,12653,2140,2414,12565,3154,1624,13954,3851,-13,14296,3810,-543,13691,4490,-1025,14709,4097,-501,14879,1687,1864,13904,1406,2658,14440,2897,561,15390,4246,-2215,15412,4318,-2301,13925,4073,-2139,13934,2785,-1375,14034,1395,-56
1354,-1738
95,12747,3477,-1257,13545,4802,-2906,13871,4845,-2448,12153,4223,-1230,12809,2960,547,13164,1478,1850,13132,2487,2079,13175,3794,232,14446,4544,-1522,14532,4587,-635,13958,3872,768,14542,2436,1564,14545,947,1527,14545,2330,822,14799,4207,-2291,15206,4588,-3476,14561,3892,-1719,13743,2812,-216,13387,2494,-194,13342,1729,142,13273,3144,-1045,12645,4948,-2973,13889,4742,-3231,13102,3168,-447,11885,2835,1437,13106,3006,1372,13552,2749,1233,13333,3476,793,13897,4663,-1285,14634,4623,-1572,15006,3088,1103,13568,2119,2181,14614,2034,1018,15187,2655,-35,14709,4435,-1394,14865,4892,-3181,14353,3171,-2155,14129,2047,66,12880,2307,277,13410,2812,-816,13477,3009,-1696,12832,4775,-2123,12906,5370,-2582,13220,3442,-863,12753,1552,1944,12256,2545,1955,13800,3691,486,14112,3794,-263,13897,4940,-654,14192,5048,-884,15216,2885,772,14098,1293,2647,13843,1736,1611,15194,3469,-1394,15174,4070,-2414,14654,4576,-2273,13927,4001,-1863,14230,2333,-775,13592,1631,606,12368,2563,-134,13440,4128,-2206,13770,4315,-2794,12863,4554,-1738
12307,-323
464,13338,2586,1190,13133,2746,1996,12657,3450,1351,14167,4276,-1022,14433,4369,-1079,14281,4013,351,14229,2827,1061,14522,1514,1251,14804,2070,1419,14288,4179,-945,15407,4838,-3183,14735,3924,-2383,13890,3092,-578,13758,2285,-561,13281,1813,-259,13507,2520,-297,12677,4616,-2032,13412,5702,-3098,13646,3593,-1408,12196,3018,656,12348,2939,1143,13845,2359,1069,13301,3001,1334,13054,4160,-211,14769,5045,-1637,15011,3784,272,13914,2608,2077,14306,2280,1241,15173,2410,22,14946,3531,-743,14564,4225,-2314,14349,3967,-2728,14418,2606,-779,13567,2431,184,12770,3095,-531,13660,2879,-1351,13295,3799,-1909,12540,4872,-2252,13457,4083,-1567,12873,2042,1030,12367,2654,2109,13340,3621,1017,13775,3521,-94,14238,3950,-264,13584,4822,-788,15177,3983,-184,14696,1660,1894,13674,1821,2021,14832,3266,-195,15095,3881,-1951,15154,4155,-1872,13775,3759,-2014,14039,2838,-1421,14187,1661,-71,12564,2527,-23,12948,3886,-1604,13710,3975,-2605,13176,4395,-1629,12318,3611,-721,13111,2703,504,13339,2355,1775,13010,3369,1577,13609,4307,-323
146
,4260,-1405,14381,4285,-51,13987,3393,1164,14457,1702,1320,14861,1277,1460,14272,3186,47,15146,4605,-2810,15093,4022,-2880,14158,3475,-1298,13770,2829,-521,13567,2216,-407,13310,1995,-97,12849,3452,-1407,13177,5043,-3076,13459,4139,-2166,13146,3019,311,11824,3225,1073,13724,3211,850,13580,2815,1221,12763,3564,379,14258,4512,-1371,14866,3786,-794,14497,2538,1721,13865,1929,1773,14978,2359,419,15250,3461,-445,14522,4580,-2000,14702,4332,-2959,14309,2478,-1581,13977,2079,216,12844,2526,-11,13475,3025,-1003,13464,3481,-1790,12627,4763,-2345,13033,4777,-2233,13129,2585,12,12561,2400,2121,12627,2988,1577,13738,3590,304,13903,3589,-93,13896,4447,-729,14565,4452,-662,15087,2156,1274,14149,1538,2331,14393,2808,603,15435,3924,-1846,15170,4045,-1908,14063,3999,-1930,13809,3152,-1621,14246,1518,-379,13193,1998,483,12391,3494,-928,13854,4405,-2769,13573,4524,-2293,12129,4049,-1308,13081,3161,225,12973,2206,1808,13083,2764,2299,12965,3682,615,14262,4236,-1556,14744,4405,-781,14158,4013,366,14708,2775,1122,14699,1177,1546
142775,-795
54,14712,4148,-1706,15004,4315,-3085,14690,3483,-1785,13618,2997,-690,13710,2781,-609,13364,1927,-152,13034,3216,-713,12747,4558,-2651,13546,4524,-2832,13395,3162,-545,11897,3179,1068,13371,3242,1155,13688,2858,1089,13054,3506,1062,13718,4462,-971,14657,4484,-1454,15093,3100,830,13740,2267,2029,14666,2181,919,15104,2840,-11,14569,4198,-1344,14654,4598,-3009,14248,3147,-2281,14294,2138,-282,13138,2539,67,13028,3156,-810,13652,2957,-1567,12922,4460,-1986,12754,4791,-2233,13733,3333,-931,12435,2591,1595,12711,2896,1885,13609,3776,501,13508,3480,-114,14132,4115,-413,13886,4888,-804,15099,3008,499,14694,1479,2332,13562,2355,1273,15490,3559,-1195,15143,3976,-2111,14053,4004,-1751,14382,3547,-1792,13698,2756,-951,14155,1952,239,12319,2866,-334,13238,4235,-2143,13737,4090,-2409,12824,4242,-1408,12347,3678,-642,13235,2773,1043,13298,2729,1888,12592,3459,1397,14028,4177,-719,14414,3889,-867,14382,3919,343,14211,3134,1010,15019,1809,1090,14541,2514,1346,14515,4076,-816,15203,4552,-2957,14636,3191,-2029,13913,2775,-795
13-3059
4,-623,13595,2181,-491,13450,2946,-435,12534,4453,-1881,13238,5042,-2640,13641,3212,-1083,12071,2967,633,12774,3056,1102,13587,2716,740,13611,3426,1231,13197,4460,-150,14792,4732,-1476,14969,3380,379,13805,2328,2236,14500,2178,1204,14863,2468,-73,15176,3716,-1011,14380,4348,-2278,14601,3803,-2611,14275,2543,-788,13633,2277,263,12975,3098,-548,13337,3053,-1272,13538,3866,-2003,12296,4688,-2167,13458,3809,-1623,12719,2263,1171,12543,2789,2139,13223,3755,835,13740,3648,-85,14251,3742,-214,13828,4364,-614,14855,3519,-142,14904,1443,1981,13871,2194,1873,14683,3742,-458,15526,4116,-2208,14652,3944,-1793,13903,3481,-1840,13914,2586,-1159,14268,1413,69,12750,2527,-98,13020,4000,-1877,13662,4471,-2772,13295,4466,-1534,12207,3543,-674,12939,2641,890,13472,2003,1915,12734,3159,1644,13693,4168,-492,14335,4122,-1565,14566,4310,2,13941,3689,1079,14859,2097,1191,14719,1547,1428,14407,2970,61,15151,4284,-2813,14850,3664,-2802,14294,3213,-1119,13454,3065,-355,13674,2662,-456,13217,2236,-222,12987,3686,-1525,12946,4828,-3059
137
,3677,-2046,13024,2677,444,11859,3160,1286,13894,3581,877,13664,3382,1144,12970,4020,227,14218,4475,-1404,14876,3483,-522,14389,2177,2001,14018,1958,1669,14889,2764,45,15467,3669,-699,14348,4675,-2052,14593,4216,-2817,14362,2341,-1372,13741,2101,351,12824,2600,-277,13438,2956,-1360,13394,3580,-1981,12626,4901,-2278,13242,4767,-1901,13000,2618,265,12656,2363,2327,12730,3313,1454,13899,3614,-11,14121,3408,-414,13583,4351,-631,14861,4333,-301,14939,2394,1530,14181,1969,2144,14400,2932,291,15451,3926,-2196,15084,3681,-2076,14084,3604,-1819,13676,3017,-1294,14174,2087,-293,13109,2854,300,12551,3788,-1238,13785,4337,-2921,13378,4065,-2151,12384,3567,-809,12749,3205,375,13128,2516,1480,13313,3351,1869,12952,4098,339,14336,4126,-1301,14564,3835,-400,13939,3400,921,14762,2671,1146,14880,1812,944,14527,2984,508,14938,4405,-2122,14703,3958,-2785,14711,3172,-1184,13572,2700,-348,13608,2939,-794,13324,2677,-572,13392,3467,-1157,12535,4455,-2794,13218,3936,-2238,13426,2638,52,11575,3273,1302,13542,3700,689,13868,3237,487
13282
661,540,13958,4252,-816,14715,3975,-735,14733,2535,1567,13690,2162,2135,14833,2960,217,15263,3539,-848,14797,4241,-1632,14434,4114,-2645,14177,2592,-1664,14131,1796,127,12931,2748,-11,13121,3632,-1253,13758,3271,-1940,12977,4330,-1966,12764,4409,-1907,13536,3011,-504,12577,2456,1856,12700,3427,1550,13649,4119,198,13742,3522,-179,14011,3876,-85,14164,4091,-253,14826,2540,984,14408,1734,2053,14135,3151,483,15351,4314,-2014,15175,3687,-1939,14104,3121,-1178,13936,2637,-1209,13949,2284,-658,13917,2562,-24,12615,4046,-1128,13591,4742,-2677,13356,3713,-2111,12620,3509,-671,12206,2771,314,13183,2559,1188,13560,3154,1458,12653,3967,729,14297,4453,-1092,14487,3841,-588,14330,3535,1109,14116,2509,1442,14907,1717,913,14612,2936,645,14581,4171,-1184,15338,4143,-2884,14516,3064,-1658,14006,2574,-231,13593,3031,-553,13342,2987,-762,13599,3089,-1030,12516,4092,-2180,13095,4309,-2560,13705,2469,-407,11803,2653,1200,12714,3546,1000,14064,3688,344,13393,3764,800,13427,3976,-127,14708,4045,-959,14796,2491,1035,13901,1922,2282
145,-2192
694,15079,3608,-920,15352,4147,-1342,14146,3970,-2228,14266,3107,-2011,14261,1734,-348,13372,2363,166,12986,3634,-992,13643,3323,-1931,13461,3935,-1990,12386,4509,-1703,13399,3440,-917,12796,1994,1408,12611,3100,1857,13491,4289,246,13872,3588,-289,14288,3367,-186,13743,4048,-136,14837,3174,518,14785,1676,1952,13915,3014,1187,14919,4135,-1295,15451,3665,-2338,14586,3160,-1424,13774,2942,-1363,14043,2854,-1080,14028,2489,-194,12787,3592,-536,13085,4233,-2063,13312,3626,-2624,13317,3370,-965,12015,3022,-201,13196,3121,622,13638,3306,1245,12806,4089,1092,13702,4198,-359,14316,3413,-914,14503,3233,711,13832,2739,1488,14785,2318,811,15046,2717,519,14477,4100,-596,15033,4449,-2828,14777,3056,-2160,13959,2652,-454,13612,2683,-190,13583,3038,-979,13459,2712,-984,13110,3878,-1831,12776,4993,-2750,13483,3410,-1246,12676,2392,1023,11874,3350,1375,14025,4017,206,13828,3542,748,12968,3687,191,14261,4042,-1025,14839,3083,124,14384,2284,2216,13963,2666,1188,15063,3589,-658,15602,3920,-1163,14180,4199,-1938,14401,3290 CAPTURE=== CAPTURE END: speed2_healthy ===

==eed:  1) Low  2) Medium  3) HigSpass:  H) Healthy  I) Imbalance  O)Claer as two chars, e.g. "1H": e  O) Obstruction
Enter as two chars, e.g. "1H": X:13746 Y:3682 Z:194
X:12957 Y:3827 Z:706
X:13977 Y:3765 Z:-545
X:13213 Y:3832 Z:423
X:14536 Y:3687 Z:-636
X:13915 Y:2861 Z:830
X:14401 Y:2871 Z:113
X:14684 Y:1981 Z:1617
X:14707 Y:2663 Z:779
X:14609 Y:1519 Z:2085
