X:15391 Y:3391 Z:-1798
X:12693 Y:3931 Z:483
X:14193 Y:3709 Z:-333
X:13157 Y:3803 Z:118
DHT11: 46.0% RH, 28.2C
X:14194 Y:3212 Z:-922
X:13823 Y:3640 Z:10
X:13939 Y:3458 Z:51
X:13990 Y:2652 Z:-515
X:13777 Y:3278 Z:747
X:14026 Y:2588 Z:-1061
X:14542 Y:3151 Z:1342
X:13583 Y:3856 Z:-1972
X:14077 Y:4283 Z:912
X:13239 Y:3103 Z:-288
X:13460 Y:3857 Z:337
X:14834 Y:2259 Z:-1719
X:13906 Y:3778 Z:2734
X:14356 Y:3063 Z:-793
X:14035 Y:3703 Z:-317
X:14528 Y:4418 Z:-52
X:13808 Y:2778 Z:2433
X:13765 Y:3585 Z:368
X:13714 Y:2693 Z:-984
X:13885 Y:4654 Z:-154
X:13183 Y:4601 Z:-1266
X:12590 Y:5010 Z:1194
X:14235 Y:2976 Z:-588
X:12454 Y:4600 Z:411
X:14103 Y:2317 Z:-2824
X:13701 Y:4577 Z:1100
X:15447 Y:3273 Z:-1545
X:13025 Y:4699 Z:2296
X:14859 Y:3716 Z:-1132
X:12596 Y:3814 Z:1018
X:13969 Y:3963 Z:-2172
DHT11: 46.0% RH, 28.5C
X:14263 Y:2770 Z:327
X:16006 Y:6134 Z:-1240
X:13564 Y:3645 Z:888
X:12673 Y:4635 Z:1825
X:13348 Y:4029 Z:-433
X:12727 Y:3908 Z:552
X:12888 Y:3002 Z:-2014
X:12648 Y:4170 Z:-483
X:13798 Y:2113 Z:-1722
X:14308 Y:6090 Z:377
X:14929 Y:4003 Z:-1384
X:13093 Y:4371 Z:2624
X:13852 Y:3982 Z:-1001
X:12579 Y:3980 Z:2171
X:14013 Y:3157 Z:-937
X:12888 Y:3312 Z:617
X:14369 Y:3852 Z:-2979
X:13537 Y:2357 Z:505
X:15252 Y:4507 Z:-1100
X:13626 Y:3791 Z:37
X:14154 Y:4411 Z:-42
X:13847 Y:2927 Z:1710
X:13229 Y:5550 Z:2
X:13013 Y:3385 Z:-1362
X:12507 Y:3909 Z:1008
X:13323 Y:2758 Z:-2078
X:13226 Y:4386 Z:-646
X:13942 Y:2033 Z:-1720
X:14385 Y:4598 Z:1509
X:14810 Y:3688 Z:-1731
X:14023 Y:4918 Z:1952
X:111: read failed

DHT11: read failed
X:13652 Y:4858 Z:1871
X:13747 Y:4096 Z:-1749
X:12370 Y:3405 Z:1107
X:13707 Y:3182 Z:-1149
X:13414 Y:3627 Z:-844
X:14602 Y:3670 Z:-2101
X:14496 Y:2773 Z:411
X:13991 Y:4436 Z:625
X:14393 Y:4044 Z:-455
X:13457 Y:4866 Z:975
X:14015 Y:3122 Z:218
X:12828 Y:4671 Z:1668
X:13456 Y:4024 Z:-2000
X:12605 Y:3907 Z:953
X:13900 Y:2785 Z:-2427
X:13066 Y:4141 Z:341
X:14517 Y:2789 Z:-2712
1X:14243 Y:4223 Z:1216
X:14639 Y:3995 Z:-1180
X:13703 Y:4358 Z:1944
X:14572 Y:4058 Z:-115
X:13239 Y:4068 Z:1255
X:13552 Y:4397 Z:-397
X:12695 Y:3479 Z:451
X:13486 Y:3674 Z:-329
X:13431 Y:2688 Z:-1443
X:13530 Y:4201 Z:-972
X:13830 Y:2403 Z:-1687
X:14060 Y:4080 Z:942
X:14627 Y:3120 Z:-874
X:13680 Y:4879 Z:1531
DHT11: 46.0% RH, 28.2C
X:14363 Y:3557 Z:-741
X:12897 Y:4252 Z:2954
X:13789 Y:3938 Z:-1051
X:12541 Y:4223 Z:1222
X:13887 Y:3576 Z:-2244
X:12648 Y:3224 Z:603
X:14107 Y:3235 Z:-1861
X:13792 Y:3350 Z:-283
X:14787 Y:3681 Z:-1532
X:14309 Y:4006 Z:661
X:14843 Y:3928 Z:518
X:14305 Y:3907 Z:722
X:13605 Y:4608 Z:737
X:13839 Y:3981 Z:220
X:12740 Y:4008 Z:882
X:13189 Y:3578 Z:-1526
X:12579 Y:4139 Z:67
X:13932 Y:2521 Z:-1817
X:13387 Y:3687 Z:379
X:14217 Y:3013 Z:-2644
X:14280 Y:4997 Z:674
X:14854 Y:2962 Z:-880
X:13872 Y:4288 Z:2541
X:14285 Y:3992 Z:-661
X:12830 Y:4550 Z:1530
X:13555 Y:3897 Z:-526
X:12765 Y:3475 Z:1200
X:13844 Y:3803 Z:-1688
X:12770 Y:3875 Z:-1480
X:13355 Y:3414 Z:-1132
X:14009 Y:2330 Z:-359
DHT11: 46.0% RH, 28.7C
X:14511 Y:4540 Z:-779
X:14182 Y:4189 Z:-814
X:13448 Y:3801 Z:1757
X:14321 Y:3284 Z:358
X:13416 Y:4957 Z:1432
X:13813 Y:3387 Z:-964
X:12688 Y:4134 Z:1527
X:13895 Y:3264 Z:-2005
X:12564 Y:4216 Z:50
X:14427 Y:2933 Z:-2211
X:13105 Y:3376 Z:767
X:15597 Y:4430 Z:-2216
X:13566 Y:4215 Z:1567
X:15118 Y:4039 Z:-117
X:13439 Y:4261 Z:1771
X:13657 Y:5001 Z:-807
X:13003 Y:2795 Z:749
o
Seld 'S' when stable and ready to capture, 'X' to canSend 'S' when stable and ready to capture, 'X' to cancel and return to menu.
X:13243 Y:3938 Z:-53
X:13641 Y:3668 Z:-1966
X:13299 Y:3573 Z:-257
X:14561 Y:2065 Z:-991
X:14364 Y:4598 Z:-151
X:14737 Y:4193 Z:-1725
X:13469 Y:3563 Z:2443
X:14295 Y:4071 Z:-272
X:13233 Y:5490 Z:707
X:13607 Y:3155 Z:-903
X:12560 Y:3593 Z:1865
X:14411 Y:3799 Z:-3370
X:13241 Y:3327 Z:514
s
=== CAPTURE START: speed1_obstruction ===
14334,3576,-3793,12866,3609,-887,12233,4115,1251,14075,2815,-669,12615,2741,-240,13309,3690,2298,13242,5210,188,14313,4631,-2257,14172,4268,866,12848,5180,2222,15141,3533,377,14105,2761,574,13862,3632,2333,14301,4888,-411,15541,4895,-3238,14558,4217,-564,13173,3964,899,14766,2464,-1181,13623,1563,-939,12920,3125,793,13558,4686,-1768,14120,3530,-3727,13078,3719,-775,12374,4446,1231,14070,3095,-869,12973,2760,-204,12933,3999,2473,13577,4996,155,14237,4595,-2161,13967,4287,1040,12881,4841,2075,15045,3356,228,14131,2708,626,13791,3810,2586,14377,5014,-400,15481,4848,-3119,14464,4243,-390,13118,3724,712,14764,2598,-1367,13802,1845,-740,12947,3375,852,13858,4436,-1795,14035,3468,-3646,13006,4047,-720,12495,4472,1113,14121,3111,-981,12547,2700,-63,13158,3590,2638,13434,4901,-119,14154,4442,-2213,14135,4240,1108,12520,4963,1953,15493,3360,234,13867,3167,860,14104,3954,2853,14436,4697,-497,15101,4581,-3036,14594,4387,-325,13033,3852,623,14961,2479,-1445,13775,1940,-462,12775,3395,818,14116,4455,-2026,13830,3590,-3593
13059,4156,-590,12392,4332,1101,14322,2845,-927,12302,2560,28,13057,3601,2621,13754,4575,-251,13889,4643,-2355,14354,4397,1119,12567,5097,1694,15293,3360,328,14110,3000,1202,13881,4012,2774,14548,4244,-508,14848,4507,-2920,14725,4437,-462,13251,3829,504,14785,2611,-1634,13955,2256,-247,12915,3663,869,14111,4301,-2029,13808,3387,-3382,13043,3961,-639,12343,4197,602,14307,2792,-1027,12443,2632,143,12952,3911,2586,13707,4873,-364,14155,4936,-2085,13986,4665,1226,12730,4845,1596,15104,3228,253,14139,2976,1531,13829,3752,2656,14609,4016,-727,14898,4607,-2884,14659,4993,-393,13452,4202,336,14836,2646,-1553,13961,2170,63,12811,3496,958,14088,3833,-2337,13815,3284,-3391,12947,4284,-646,12600,4243,372,14111,3162,-898,12431,2748,502,12969,3872,2364,13641,4566,-532,14067,4538,-1985,13810,4614,1341,12970,4784,1326,15074,3101,42,13945,3381,1851,14003,3991,2377,14691,4096,-808,14846,4710,-2474,14640,5152,-105,13645,4046,83,14606,2464,-1743,13870,2004,130,12874,3295,858,14134,3654,-2461,13763,3507,-3240,12986,4343,-520
1280
4320,71,13827,3003,-871,12719,2714,624,12494,3812,2226,14006,4147,-628,13884,4473,-1821,13836,4854,1284,13191,4884,1146,14837,3387,-175,14222,3338,2183,13692,3928,2419,14658,3803,-850,14611,4610,-2356,14653,5301,-266,13847,3910,-131,14601,2332,-1706,13956,2309,236,12884,3362,900,14170,3556,-2518,13551,3607,-3082,13056,4448,-480,12888,4258,-219,13723,2750,-1003,12891,2476,1011,12387,3785,1974,14153,4032,-658,13631,4717,-1697,13813,5017,1314,13555,5073,1096,14747,3491,-147,14239,3514,2260,13508,3949,2442,14934,3463,-832,14486,4643,-2087,14695,5344,-230,14089,3921,-482,14246,2311,-1594,14085,2320,445,12785,3398,906,14252,3307,-2561,13455,3665,-2758,13003,4428,-565,13211,4158,-819,13484,2807,-1048,12991,2722,1368,12331,4021,1927,14233,3799,-852,13713,4867,-1505,13524,5350,961,14000,4935,766,14214,3522,139,14405,3284,2582,13318,3671,2551,14862,3325,-1170,14542,4342,-1999,14580,5382,-29,14334,3937,-689,14365,2391,-1237,14014,2614,646,13047,3408,564,14237,3278,-2628,13510,3816,-2664,12990,4700,-451,13408,4142,-800
132939
26,-923,13221,3015,1418,12237,3954,1664,14022,3792,-1029,13609,4701,-997,13388,5036,1213,13923,4637,661,14219,3347,190,14375,3255,2398,13235,3527,2230,15012,3144,-1075,14447,4721,-1443,14605,5844,-88,14687,4395,-1016,14083,2735,-1297,14160,2773,564,13017,3294,566,14115,2886,-2426,13504,3755,-2208,12839,4696,-700,13676,3885,-1457,13059,2845,-859,13176,3000,1628,12416,3558,1734,13886,3581,-978,13826,4503,-815,13248,5231,943,14227,4704,-21,14327,3445,276,14249,3657,2745,13389,3747,2161,15120,3527,-1099,14300,4829,-952,14600,5826,-141,14714,4086,-1421,13977,2439,-1271,14077,2650,857,13142,2925,385,14109,2691,-2492,13546,3986,-2101,12953,4867,-752,13793,3817,-1542,12917,2892,-911,13102,2947,1782,12506,3552,1627,13937,3741,-1051,14037,4583,-637,12887,5599,789,14474,4832,-170,14233,3850,355,13973,3607,2837,13377,3486,2122,14980,3177,-906,14332,4631,-626,14461,5700,-208,14839,3880,-1807,13747,2458,-1179,14002,2753,1043,13252,2991,141,13994,2778,-2241,13802,3954,-1802,12856,5199,-850,14001,3840,-1984,12848,2859,-939
12977,3138,1881,12624,3774,1350,14045,3613,-1120,13727,4536,-215,12971,5390,688,14474,4729,-518,14002,3798,430,13988,3415,2960,13391,2999,1970,15001,2859,-879,14294,4573,-469,14549,5965,-481,15077,4368,-1994,13801,2721,-1049,14105,2932,1433,13204,2863,7,14125,2508,-2344,13573,3946,-1546,12817,5322,-969,14202,3812,-2251,12630,3009,-868,13078,3118,1911,12590,3527,1193,13917,3429,-985,13747,4414,-13,12656,5159,722,14752,4435,-597,13809,3811,621,14012,3488,2878,13501,3326,1533,15087,2988,-637,14354,4847,-66,14355,6270,-412,15452,4115,-2157,13549,2581,-1034,13813,3009,1477,13819,2693,-187,13742,2418,-2154,13767,3759,-1182,12764,5176,-1133,14267,3890,-2607,12685,2973,-672,12752,3106,2112,12810,3229,913,13771,3357,-726,13682,4364,67,12671,5420,369,14911,4769,-844,13882,4138,859,13788,3630,3294,13805,3218,1234,15035,2999,-484,14289,4769,62,14412,6002,-772,15458,4279,-2441,13513,2745,-741,13880,3109,1565,13839,2720,-341,13658,2181,-2215,13636,3710,-1015,12728,5150,-1272,14388,3753,-2690,12619,3120,-479,12710,3436,1855
131
7,3265,500,13760,3331,-538,13530,4552,566,12920,5509,270,14813,4435,-1036,13750,3851,938,13720,3741,3163,14026,3389,687,15136,2920,-186,14064,4785,542,14304,5970,-900,15581,4239,-2704,13254,2827,-466,13819,2909,1605,13908,2494,-530,13682,1875,-2020,13592,3755,-709,12740,5419,-1496,14687,4021,-3085,12478,3504,-313,12796,3322,2170,13046,3097,237,13511,3120,-326,13655,4282,745,12719,5580,-135,15203,4373,-1250,13566,4306,1038,13661,4047,3234,14211,3359,711,14763,2833,125,14016,4428,859,14372,5886,-939,15702,4238,-2983,13349,2952,-373,13798,3171,1318,14189,2707,-739,13683,2232,-1713,13493,4058,-468,12939,5404,-1561,14644,3824,-3112,12404,3331,-231,12835,3057,2095,13176,3016,-150,13361,3120,-165,13671,4359,1165,12781,5682,-356,15113,4272,-1312,13463,4254,1106,13483,4307,3129,14557,3177,735,14634,2660,228,13890,4171,1223,14456,5829,-1198,15641,4527,-3262,13626,3175,-139,13447,3477,1308,14456,2610,-561,13632,2149,-1409,13396,3852,-406,13012,5044,-1927,14621,3534,-3438,12443,3354,-216,12650,3522,2157,13432,3117,-290
13211,2986,-69,13567,4422,1367,12829,5833,-570,15177,4243,-1299,13394,4100,1556,13237,4148,2847,15035,3046,604,14380,2986,0,14045,4351,1348,14385,6041,-1272,15679,4481,-3103,13623,3064,315,13280,3326,1203,14765,2544,-1058,13488,2118,-1343,13330,3583,-172,13102,4796,-1987,14579,3673,-3243,12505,3801,-22,12703,3660,1766,13605,3105,-565,12872,3021,-140,13657,4371,1812,12848,5633,-635,14986,4209,-1461,13593,4248,1710,13037,4417,2375,15350,2959,428,14044,2875,286,13954,4154,1868,14478,5894,-1394,15658,4698,-3246,13789,3174,314,13149,3351,1093,14979,2320,-1259,13486,2319,-1106,13218,3933,-79,13299,4994,-2199,14362,3746,-3367,12574,3694,25,12556,3568,1855,13803,2981,-671,12817,2960,-120,13455,4025,1951,13019,5401,-821,14885,4163,-1453,13736,4343,1960,13040,4559,2081,15417,3247,225,14184,3148,506,13792,4344,2006,14519,5669,-1461,15544,4569,-3045,13692,3136,357,13164,3145,867,15113,2458,-1603,13512,2347,-936,13058,3829,180,13426,4808,-2273,14144,3538,-3255,12718,3370,168,12405,3833,1529,14077,2476,-683,12797,2878,-104
13182,4491,2207,13545,5528,-1090,14564,4547,-1707,13801,4446,2093,12849,4795,2182,15459,3147,17,13922,2909,786,13747,4032,2044,14600,5238,-1543,15574,4352,-3011,13695,3429,347,13497,3381,927,14930,2698,-1743,13592,2511,-716,13058,3712,351,13575,4611,-2476,14203,3482,-3104,12509,3666,256,12579,3605,1236,14002,2954,-995,12518,3247,95,13431,4239,2115,13210,5554,-992,14758,4301,-1559,13761,4265,2250,12851,4475,2127,15676,2613,-229,13629,2908,967,13866,4000,1980,14771,5440,-1663,15411,4863,-2777,14101,3984,748,13341,3629,914,15088,2411,-1953,13348,2300,-601,12870,3417,298,13820,4430,-2555,13940,3420,-3188,12835,3832,358,12530,3796,1128,14079,2864,-1179,12560,3096,348,13126,4193,2178,13746,5129,-941,14103,4264,-1542,14136,4118,2112,12564,4609,1752,15679,3019,-365,13809,3441,1373,13714,4294,2067,14865,4918,-1432,15144,4755,-2625,14274,3973,637,13314,3524,557,14902,2005,-2017,13429,2190,-500,12869,3728,361,14161,4460,-2683,13806,3469,-2981,12824,3909,538,12553,3828,847,14206,2688,-1192,12420,3027,581,13040,4273,1924
1366
4931,-1131,13936,4425,-1511,13988,4534,2162,12883,4821,1567,15549,2988,-281,13697,3258,1458,13795,4065,1954,14975,4974,-1608,15082,4745,-2464,14278,4040,755,13346,3515,335,15035,2015,-1940,13435,2450,-353,12702,3839,343,14374,4267,-2720,13501,3382,-2892,12978,3929,457,12657,3957,551,13856,2667,-1331,12728,3038,876,12776,4381,1906,14016,4676,-1266,13908,4250,-1156,13786,4716,1964,13248,4672,1359,15253,3049,-273,13792,3367,1745,13796,4034,2084,14885,4837,-1724,15208,4583,-2294,14220,4346,743,13497,3449,-52,14804,2072,-1791,13311,2495,21,13031,3596,346,14184,4229,-2851,13626,3304,-2824,12988,4215,633,12577,3941,213,14257,2373,-1239,12319,3283,981,13068,4228,1951,14273,4858,-1261,13507,4552,-1214,14158,4647,2171,12912,4794,1133,15463,2748,-197,13572,3526,1801,13740,4194,2018,15215,4717,-1745,14685,4705,-2165,14535,4477,680,13398,3482,-155,14833,1954,-1754,13311,2678,229,12919,3632,258,14449,3995,-2918,13368,3402,-2783,13150,4153,312,12669,4082,70,14122,2467,-1206,12502,3350,1065,12718,4259,2081,14376,4677,-1466
13526,4597,-1129,14102,4414,1991,12827,4407,927,15391,2722,285,13523,3674,1886,13988,4221,2035,15108,4409,-1858,14729,4661,-2063,14431,4780,731,13682,3430,-403,14599,1875,-1455,13428,2555,543,13058,3645,-38,14548,4084,-3090,13286,3615,-2513,13069,4302,344,12746,3884,-40,14024,2430,-949,12255,3275,1246,12807,4015,1701,14547,4426,-1805,13467,4816,-1030,14039,4541,2001,13075,4508,584,15175,2699,569,13538,4081,2074,14233,4357,1933,15213,4225,-1962,14398,4740,-1645,14581,4714,484,13725,3459,-652,14542,1919,-1420,13564,2872,617,13008,3723,-133,14835,3759,-3318,13156,3481,-2203,12977,4380,121,12981,3849,-404,13703,2438,-715,12400,3222,1335,12853,3954,1440,14589,4401,-1862,13130,5022,-787,14061,4689,1952,13258,4463,492,14942,2847,699,13811,4026,2459,14118,4166,1527,15113,3782,-2046,14368,4766,-1328,14504,5115,492,14020,3620,-631,14329,2078,-1430,13511,2948,783,13162,3700,-233,14636,3465,-3195,12904,3588,-1752,13087,4218,10,13105,3706,-702,13586,2500,-765,12602,3487,1316,12885,4047,1242,14500,3831,-1512,13097,4779,-298
14011,4637,1873,13454,4517,196,14737,3065,449,13838,4117,2538,14259,4247,1352,15035,3609,-1557,14082,4924,-965,14660,5214,196,14130,3655,-1011,14183,1958,-1391,13506,2797,829,13372,3439,-344,14498,3029,-2960,12885,3758,-1668,13132,4433,-210,13384,3699,-1095,13427,2627,-499,12682,3477,1619,12768,3949,871,14430,3716,-1379,13097,4758,-151,13819,4884,1617,13945,4759,141,14469,3453,336,14081,4244,2789,14044,4026,1101,15077,3203,-1449,13968,4838,-633,14730,5173,-7,14381,3598,-1326,14061,2070,-1120,13768,2905,920,13278,3393,-377,14606,2869,-2860,12771,3939,-1432,13108,4669,-353,13766,3893,-1480,12835,2728,-445,13017,3272,1823,12645,3821,640,14390,3495,-1295,13052,5073,56,13689,5116,1343,14366,4706,66,13997,3590,619,14098,3826,2950,13901,3681,1048,14984,2872,-1199,13929,4750,-309,14693,5368,-236,14702,3646,-1809,13888,2372,-1017,13960,3246,1063,13518,3535,-529,14367,2821,-2601,12751,4071,-1074,13150,4680,-557,13819,3623,-1997,12706,2666,-494,13112,3268,1902,12676,3833,592,14235,3499,-1000,13289,5041,220,13395,5484,766
14726,4340,-496,13789,3544,991,14028,3594,2935,13913,3348,970,14754,2933,-1161,14123,5033,-248,14658,5924,-487,14894,3947,-2049,13944,2649,-531,13680,3285,1220,13741,3044,-634,13915,2506,-2433,13118,4069,-1223,13112,4660,-1086,13941,3337,-2238,12749,2753,-96,12809,3654,2165,13041,3699,306,13692,3597,-935,13565,4831,548,13303,5021,539,14485,4213,-677,13972,3598,1225,13751,3980,2827,14308,3439,894,14783,3216,-1043,13935,5230,164,15015,5704,-580,14746,3912,-2204,13897,2457,-243,13694,3201,1276,13730,2831,-731,14140,2025,-2335,12639,4228,-1076,13522,4880,-1276,14022,3667,-2354,12446,2966,86,13007,3465,2179,12932,3502,298,14005,3447,-972,13335,4919,558,13182,5060,236,14755,4264,-853,13855,4010,1663,14036,4028,2896,13903,3508,658,14919,3049,-1083,13886,5267,481,14781,5685,-754,15111,3431,-2350,13374,2461,90,13899,3141,1099,13908,2995,-1175,13909,2353,-2173,13095,4434,-892,13295,4807,-1361,14244,3232,-2380,12385,3163,295,13033,3429,1777,13124,3542,-126,13632,3439,-882,13563,4934,774,12908,5304,168,15189,4041,-852
1349
4071,1818,13687,3910,2801,14316,3311,365,14490,3052,-681,14096,5074,669,14653,5635,-1065,15370,3563,-2454,13477,2748,165,13695,3302,1320,14103,2799,-1332,13672,2459,-2004,13317,4317,-518,13201,4862,-1665,14270,3297,-2400,12432,3122,449,12704,3418,1820,13470,3459,-398,13357,3439,-696,13562,4831,913,13117,5351,23,15022,3979,-804,13517,3966,1907,13516,3835,2682,14622,3307,-114,14517,3154,-236,14012,4905,1037,14742,5586,-1119,15213,3715,-2369,13592,2812,309,13456,3407,1173,14511,2652,-1527,13558,2485,-1941,13180,4477,-237,13491,4641,-1766,13958,3401,-2605,12566,3252,565,12798,3386,1569,13345,3324,-732,13566,3089,-217,13303,4871,1162,13203,5402,-383,14757,3889,-811,13468,4168,1947,13494,3883,2756,14785,3170,-356,14470,3141,28,13944,4831,1122,14777,5633,-1382,15333,3988,-2427,13638,2980,604,13417,3206,978,14736,2711,-1571,13502,2464,-1707,13204,4313,-189,13575,4579,-1871,13867,3261,-2714,12557,3372,772,12788,3489,1631,13524,3370,-1172,13336,3237,-114,13263,4738,1436,13354,5360,-596,14762,3932,-795,13213,4244,1929
13494,4118,2551,14980,3375,-285,14485,3167,290,13746,4643,1572,14771,5428,-1517,15336,3966,-2530,13472,3361,697,13587,3266,737,14737,2637,-1715,13550,2436,-1292,13203,4149,-140,13458,4489,-2087,14143,3311,-2858,12541,3496,816,12810,3319,1554,13614,3045,-1395,13086,3216,14,13417,4809,1739,13519,5461,-847,14778,4002,-815,13358,4178,2196,13269,4368,2201,15289,3306,-298,14182,3159,352,13654,4336,1830,14805,5209,-1550,15284,4281,-2671,13725,3239,925,13268,3277,573,14808,2416,-1808,13621,2510,-876,12909,3998,2,13837,4192,-2333,13848,3450,-2894,12649,3869,571,12937,3734,1377,13527,3193,-1340,13243,3049,121,13129,4852,2017,13578,5312,-1087,14560,4072,-1111,13417,4366,2560,13272,4292,1815,15323,3090,-185,14083,3094,667,13517,4192,1762,14924,5119,-1538,15405,4255,-2657,13727,3569,932,13533,3326,544,14767,2630,-1989,13747,2704,-837,12781,4118,93,13954,4205,-2470,13809,3287,-2719,12645,4083,839,12880,3877,877,13727,3099,-1442,12900,3123,245,12974,4437,2026,13729,5007,-1040,14345,3943,-1157,13469,4368,2564,13276,4297,1577
15297,3069,-463,13987,3286,997,13691,4215,1981,14907,5116,-1519,15299,4380,-2430,13872,3913,905,13480,3542,244,15059,2774,-2080,13466,2801,-584,13013,3739,135,13897,4212,-2458,13700,3303,-2718,12699,3773,616,12832,3669,784,13926,2739,-1359,12768,3097,530,12848,4411,1921,13981,4992,-1135,14152,4065,-1114,13620,4452,2403,13180,4445,1467,15436,3068,-361,13818,3511,1284,13721,4234,1834,14992,4942,-1471,15300,4538,-2105,13995,4006,866,13591,3496,131,14937,2446,-2122,13514,2548,-248,12710,3618,78,14097,3942,-2679,13743,3232,-2655,12661,4112,557,13000,3873,465,13940,3078,-1158,12602,3124,751,12995,4245,1829,13832,4931,-1234,14203,4157,-1101,13508,4644,2242,13206,4393,1303,15497,3074,-296,13615,3649,1679,13959,4030,1785,14807,4815,-1664,15129,4558,-2146,14174,4176,812,13434,3439,-61,14947,2015,-1948,13316,2652,-89,12836,3784,60,14459,4103,-2880,13587,3487,-2475,12746,4138,810,12793,3912,165,14079,2794,-1427,12395,3277,928,12844,4058,1685,14303,4535,-1377,13742,4118,-826,13834,4504,2167,13339,4708,1099,15405,3176,-146
13659,3676,1847,13816,4043,1864,15098,4483,-1715,14903,4509,-1968,14146,4386,797,13653,3521,-495,14752,2304,-1827,13375,2886,222,12822,3916,64,14524,3911,-2832,13298,3231,-2368,12745,4019,603,13072,3828,-188,13871,2406,-1395,12611,3084,1187,12757,4236,1655,14538,4606,-1527,13624,4458,-774,13750,4576,2213,13308,4642,749,15042,3188,97,13578,3895,1796,13987,4251,1704,15080,4246,-1661,14648,4381,-1606,14312,4497,683,13718,3480,-670,14594,2274,-1595,13452,2741,312,12873,3612,-123,14820,3623,-2795,13145,3262,-2107,12998,4162,340,13200,3998,-472,13718,2920,-1219,12582,3374,1167,12822,4395,1581,14481,4555,-1533,13627,4731,-553,13614,4635,2130,13427,4361,441,14943,2974,282,13668,3992,1990,14069,4162,1574,15082,3793,-1749,14473,4403,-1315,14438,4604,752,13925,3417,-822,14512,2240,-1667,13577,2959,445,13142,3924,-305,14653,3853,-2877,13141,3665,-1706,13007,4393,232,13094,4011,-654,13710,2567,-993,12477,3415,1175,12758,4088,1352,14569,4151,-1373,13337,4833,-312,13669,4442,2059,13587,4274,269,14589,2981,344,13836,3802,2263
14141,4041,1434,15001,3735,-1470,14493,4625,-1106,14254,5204,353,14459,3781,-964,14316,2499,-1596,13563,3146,693,13304,3478,-219,14369,3220,-2990,13183,3578,-1555,12859,4193,-50,13346,3596,-1009,13439,2419,-701,12676,3283,1343,12917,3969,1196,14235,4049,-1368,13546,4830,-266,13519,4814,1836,13937,4330,150,14605,3250,304,13763,4246,2541,14389,3966,1196,14640,3565,-1319,14430,4824,-848,14371,5244,60,14531,3740,-1176,14150,2261,-1271,13614,3049,910,13421,3152,-306,14237,2788,-2782,13070,3652,-1450,12921,4413,-465,13526,3784,-1398,13433,2758,-702,12767,3709,1712,12991,4024,904,14092,3887,-1341,13370,4828,-27,13436,5000,1360,14253,4534,97,14240,3400,361,14075,4113,2790,14072,3706,1245,14823,3189,-1399,14146,4911,-555,14570,5146,-110,14533,3558,-1328,14056,2251,-1021,13708,3064,925,13452,3222,-605,14214,2685,-2766,12893,3964,-1345,13114,4670,-422,13750,3923,-1632,13070,2890,-469,13073,3584,1854,12806,3888,448,14130,3411,-1296,13330,4646,293,13227,5047,1095,14661,4300,-96,13952,3744,525,14200,4147,2690,13934,3617,983
14680,2895,-1191,14098,4588,-56,14450,5454,-71,14811,3749,-1751,13849,2649,-971,13762,3423,846,13757,3237,-681,14108,2648,-2457,13138,3975,-1055,13082,4723,-733,13911,3598,-2006,12933,2889,-320,12955,3532,1906,12959,3540,294,13786,3455,-997,13502,4801,407,13280,5223,890,14545,4361,-444,13945,3683,926,13919,4052,2911,14044,3430,889,14851,2938,-1066,13982,4744,149,14831,5468,-251,14960,3926,-2103,14015,2690,-723,13711,3441,926,13649,2959,-722,13980,2123,-2161,12880,3968,-907,13248,4694,-962,14066,3538,-2315,12757,3018,-295,12897,3826,1879,12982,3626,282,13754,3254,-864,13407,4644,763,13049,5013,593,14956,4240,-762,13863,4091,1094,13951,4083,2741,13936,3400,830,14710,2822,-875,13919,4950,423,14649,5612,-409,15165,3816,-2286,13639,2880,-402,13913,3283,1021,13767,2875,-879,13835,2145,-2048,13190,3970,-775,13085,4889,-1226,14242,3581,-2408,12535,3320,-111,13004,3683,1679,13136,3478,133,13539,3234,-791,13623,4577,957,12932,5235,373,15026,4241,-877,13603,4219,1297,13689,4067,2557,14201,3359,572,14547,2966,-500
14098,4717,806,14615,5427,-722,15214,3616,-2549,13672,3175,-392,13676,3660,917,14119,2730,-1043,13413,2362,-1662,13527,4073,-363,13135,4864,-1551,14154,3421,-2575,12626,3227,60,12718,3639,1671,13410,3378,-151,13373,3314,-490,13463,4628,1056,13200,5206,172,14818,4253,-1012,13690,4132,1436,13641,4068,2776,14259,3120,406,14692,2829,-110,13912,4782,961,14823,5455,-1087,15102,4026,-2546,13614,3240,-195,13779,3728,1049,13996,2753,-1071,13654,2054,-1708,13242,4024,-170,13270,4584,-1774,14207,3356,-2825,12466,3488,234,12886,3814,1644,13325,3322,-478,13647,3099,-182,13176,4722,1398,13418,5204,-140,14807,3988,-999,13306,4163,1466,13771,4049,2741,14414,3574,68,14781,3157,9,13863,4750,1254,14731,5567,-1274,15459,4011,-2488,13342,3218,125,13688,3322,905,14184,2424,-1186,13552,1995,-1484,13186,3937,-127,13385,4655,-1950,14100,3417,-2949,12674,3686,410,12912,3927,1563,13415,3353,-781,13309,2936,52,13331,4655,1487,13294,5376,-637,14949,4035,-1041,13248,4361,1497,13703,4278,2541,14737,3329,150,14652,2970,365,13666,4500,1489
14698,5404,-1417,15374,3948,-2685,13510,3190,300,13467,3402,654,14608,2658,-1433,13602,2509,-1274,13385,4028,1,13318,4586,-2131,14091,3318,-2901,12595,3862,345,12756,3879,1440,13599,3077,-1039,13123,2945,216,13318,4467,1795,13457,5404,-821,14691,4048,-1116,13430,4437,1866,13426,4338,2277,15056,3244,128,14359,2824,549,13576,4181,1694,14857,5234,-1655,15161,4216,-2872,13796,3596,624,13455,3627,540,14800,2585,-1403,13619,2362,-750,12825,4078,-36,13726,4301,-2453,13771,3461,-2964,12760,3807,532,13088,3703,1392,13296,3174,-1032,13444,2691,246,12846,4718,1822,13590,4901,-1069,14497,3844,-1022,13411,4661,2212,13580,4538,1794,15162,3416,41,14178,2845,783,13551,4179,1827,14716,5198,-1640,15384,4310,-2801,13810,3673,711,13531,3658,318,14982,2767,-1637,13570,2374,-580,12903,3844,28,13615,4124,-2628,13779,3275,-3001,12747,4051,623,12909,3838,1108,13710,2879,-1125,12819,2723,421,13080,4506,1859,13476,5242,-1267,14594,4179,-1270,13533,4609,2443,13388,4550,1762,15408,3122,-76,13903,2980,1027,13699,4159,1824,14738,5254,-1786
[row took 22529us]
15469,4401,-2596,13811,3941,838,13472,3639,314,15067,2615,-1911,13390,2322,-373,12814,3501,237,13827,4195,-2674,13871,3331,-2958,12709,3984,504,12793,3926,780,13969,2953,-1182,12787,3021,629,12968,4410,2254,13838,5048,-1255,14333,4193,-1523,13743,4508,2258,13152,4724,1471,15507,3155,-30,13867,3042,1591,13555,3854,1966,14877,4818,-1743,15143,4720,-2687,14157,4092,659,13345,3498,148,14886,2319,-1872,13616,2351,80,12687,3686,256,14150,4070,-2960,13683,3518,-3009,12737,4352,452,13114,4015,755,13758,2862,-1122,12799,2540,869,12735,4384,1967,14042,4927,-1282,14137,4355,-1524,13537,4676,2000,13376,4597,1410,15229,3088,-5,13822,3038,1805,13564,3940,1896,14902,4674,-1646,15237,4784,-2389,14017,4363,575,13688,3669,-13,14687,2319,-1806,13505,2193,159,12839,3735,460,14208,4050,-2891,13739,3393,-3040,12567,4367,377,13103,4185,270,13716,2857,-1164,12587,2669,1247,12709,3842,1988,14037,4717,-1377,14193,4481,-1394,13559,4832,1847,13572,4755,1278,15059,3064,130,13652,3167,2108,13736,4045,2020,14976,4632,-1793,15215,4653,-2441
13961,4500,587,13996,3781,-365,14501,2383,-1708,13510,2278,378,12748,3649,439,14418,3909,-2802,13640,3276,-2856,12547,4146,279,13321,3937,90,13595,2673,-1251,12759,2974,1295,12694,4140,1966,14230,4736,-1311,13884,4637,-1154,13540,4774,1775,13629,4776,765,14968,3130,262,13702,3316,2246,13913,3895,2109,14903,4185,-1756,15164,4667,-2212,13987,4793,536,14033,3842,-715,14463,2270,-1477,13413,2362,746,12882,3524,302,14531,3723,-2837,13487,3332,-2868,12516,4452,133,13448,4074,-171,13658,2856,-1043,12470,3071,1366,12953,4148,1931,14123,4566,-1497,13986,4584,-1166,13379,4722,1827,13732,4519,451,14835,2960,485,13676,3784,2203,14147,4020,1970,14849,3912,-1748,14703,4425,-1875,14168,4861,507,14035,3915,-828,14391,2379,-1580,13562,2637,782,13003,3474,152,14520,3521,-2903,13334,3340,-2357,12727,4298,-44,13254,4128,-567,13669,2910,-889,12673,3338,1310,12703,3850,1783,14258,4050,-1312,13639,4757,-848,13393,4802,1640,13726,4539,202,14637,3149,426,13923,3925,2655,14212,3929,1795,14968,3593,-1637,14555,4466,-1434,14196,5208,291
1441
3971,-1075,14132,2563,-1769,13752,2759,931,13048,3314,172,14453,3043,-2808,13337,3457,-2046,12679,4360,-190,13616,3985,-990,13271,3102,-967,12899,3521,1456,12822,3960,1426,14216,3746,-1193,13656,4431,-314,13318,4940,1508,14066,4415,-115,14428,3353,187,13848,4195,2784,14433,3765,1678,14590,3447,-1251,14628,4225,-1028,14006,5207,8,14594,3904,-1260,14141,2234,-1834,13576,3125,964,13334,3282,105,14358,3017,-2708,13129,3585,-1660,12893,4511,-396,13602,4022,-1217,13474,2811,-789,12701,3666,1618,13016,3666,1098,13965,3589,-1119,13448,4541,-170,13564,5050,1340,14172,4630,-88,14258,3396,189,14069,4326,2995,14103,3694,1513,14769,2908,-1370,14082,4337,-754,14381,5184,-159,14770,3948,-1388,14041,2643,-1519,13862,3343,988,13431,3368,46,14328,2687,-2492,12980,3475,-1501,12926,4320,-634,13768,3999,-1648,13268,3011,-780,13055,3857,1751,12739,3838,801,14070,3280,-1018,13237,4562,154,13475,5067,1074,14354,4429,-198,14041,3573,310,14136,4164,2923,14026,3726,1342,14772,2943,-1174,14036,4463,-302,14485,5511,-24,14907,3897,-1711
14055,2668,-1370,13623,3220,829,13651,2994,-256,13999,2579,-2311,13115,3592,-1251,13020,4492,-676,13759,3952,-2077,13279,3099,-633,12867,4032,1776,13035,3443,504,13654,3140,-817,13457,4468,654,13470,4996,768,14206,4503,-668,14292,3582,405,13890,4425,2843,14134,3584,1260,14899,2912,-1048,13691,4610,221,14804,5408,-38,14761,4070,-2172,14011,2423,-1236,13721,3422,955,13585,3053,-392,14226,2193,-2146,12797,4066,-941,13426,4960,-872,13903,3929,-2286,12897,2999,-652,12864,3652,1815,12759,3358,625,13951,3160,-858,13231,4637,731,13422,5055,676,14519,4598,-1088,14079,4128,702,13961,4394,2901,13695,3491,1284,15015,2562,-729,13704,4624,483,14945,5440,-353,15049,3847,-2553,13808,2917,-1056,14021,3701,992,13600,3202,-458,13994,2138,-1779,12920,3962,-711,13280,4776,-1135,14020,3564,-2557,12688,3062,-511,13006,3618,1853,12940,3506,326,13897,3253,-940,13303,4786,954,13168,5313,662,14813,4570,-1082,13866,4157,1070,13882,4044,2759,13803,3271,909,14938,2555,-796,13822,4822,602,14787,5801,-552,15208,4018,-2526,13788,3168,-654
13813,3471,1176,13691,2774,-749,13783,1873,-1834,13296,3857,-469,13062,4857,-1357,14280,3526,-2781,12555,3264,-403,12834,3647,1683,13274,3530,142,13617,3289,-409,13504,4603,1191,13268,5361,447,14702,4464,-1295,13807,4134,871,13619,4217,2883,14042,3227,664,14881,2535,-177,13629,4506,892,15030,5502,-875,15158,4246,-2617,13790,3021,-617,13611,3652,1285,13948,2718,-691,13924,1937,-1753,12991,3982,-267,13368,4596,-1729,14058,3784,-3067,12729,3589,-33,12962,3899,1758,13052,3417,-172,13897,3018,-291,13078,4782,1231,13481,5219,-111,14678,3949,-1096,13403,4154,1177,13769,4006,2928,14149,3453,186,15160,2800,-10,13608,4506,1279,14773,5645,-979,15450,4309,-2680,13347,3335,-227,13724,3404,969,13990,2691,-957,13835,1875,-1600,13096,3762,-143,13231,4557,-1723,14295,3570,-3080,12525,3931,208,12946,3742,1644,13184,3180,-510,13541,2805,-97,13419,4419,1623,13142,5507,-421,15038,3919,-1243,13255,4481,1314,13637,4410,2598,14602,3589,310,14733,2766,237,13704,4171,1716,14419,5422,-1145,15678,4093,-2869,13486,3495,-62,13459,3443,580
14585,2644,-1121,13659,2203,-1221,13360,3530,155,13084,4564,-1798,14363,3503,-3116,12703,4044,20,12874,3774,1507,13396,2923,-861,13194,2628,56,13358,4436,1894,13376,5548,-601,14927,4093,-1274,13287,4546,1607,13444,4489,2298,14980,3338,300,14511,2485,403,13639,3836,2001,14554,5243,-1296,15527,4531,-3219,13800,3846,194,13384,3535,537,14634,2539,-1136,13667,2023,-737,13046,3566,203,13253,4263,-2220,14362,3521,-3286,12661,4263,21,13029,3887,1245,13394,3159,-888,13224,2471,296,13130,4360,2187,13138,5234,-833,15040,3940,-1571,13273,4773,1807,13455,4439,1782,15042,3447,251,14131,2772,671,13703,3817,2105,14248,5340,-1386,15727,4456,-3193,13841,3888,256,13406,3512,464,15012,2563,-1391,13615,2243,-451,13046,3554,333,13393,4364,-2425,14182,3562,-3261,12717,4403,12,12872,4053,1115,13801,2970,-909,12793,2491,328,13160,4159,2524,13374,5304,-987,14684,4204,-1980,13465,4618,1983,13107,4785,1810,15459,3306,244,13991,2769,1133,13524,3619,2139,14635,5079,-1398,15663,4793,-3110,14095,4221,238,13316,3849,591,15029,2736,-1674
13679,2094,-297,12649,3397,548,13678,4156,-2490,14160,3409,-3309,12637,4246,124,12882,4212,928,13801,3272,-1116,12751,2555,464,12771,4014,2359,13540,4914,-787,14641,4090,-1852,13415,4540,1735,13391,4647,1768,15297,3670,-233,13977,3090,1439,13679,3866,2173,14416,4909,-1257,15701,4777,-2615,13950,4364,224,13529,3660,183,14792,2507,-1838,13557,2087,-171,12761,3494,519,13900,4099,-2574,14117,3428,-3144,12555,4563,250,13203,4167,549,13697,3176,-1215,12615,2183,773,12937,3849,2290,13380,4890,-798,14731,4097,-1765,13184,4967,1705,13640,4961,1455,15284,3605,-8,13619,3219,1659,13894,3633,2233,14315,4570,-1153,15704,4458,-2720,13991,4345,220,13629,3767,-139,14862,2601,-1904,13345,2309,122,12893,3551,770,14010,4090,-2371,13954,3204,-3080,12560,4332,136,13013,4185,134,13992,2951,-1371,12427,2868,896,13022,3989,2203,13698,4932,-832,14402,4554,-1612,13621,4732,1785,13231,4985,1166,15296,3045,101,13636,3056,1863,13723,3826,2204,14815,4232,-1222,15105,4536,-2576,14196,4752,272,13881,4045,-230,14572,2785,-1657,13581,2087,312
12740,3352,683,14310,3712,-2499,13684,3185,-3065,12675,4411,-36,13235,4259,5,13787,3131,-1221,12615,2938,986,12790,3883,2269,13835,4558,-903,14215,4359,-1326,13423,4399,1739,13274,4688,678,15266,3144,318,13525,3477,1554,14272,3883,2352,14622,4224,-1134,15174,4376,-2131,14241,4923,495,13769,3937,-652,14602,2396,-1665,13415,2484,370,13016,3394,478,14347,3660,-2436,13574,3119,-2698,12751,4389,-247,13124,4495,-201,13929,3059,-1156,12380,2861,993,12870,3661,2304,13967,4051,-990,14075,4366,-1170,13399,4588,1529,13593,4847,338,14849,3333,194,13860,3834,2124,14141,4141,2243,14813,3797,-1247,14833,4438,-1850,14210,4985,182,14089,3926,-868,14359,2380,-1844,13647,2482,510,13101,3514,434,14317,3533,-2590,13594,3229,-2325,12595,4327,-56,13440,4243,-670,13665,2981,-945,12577,2821,1043,12752,3641,1736,14061,4132,-1001,13890,4528,-961,13446,5015,1630,13834,4891,388,14704,3576,43,14019,3855,2492,13964,3815,1880,14514,3429,-1117,14701,4050,-1433,14096,5231,-109,14343,3956,-910,14436,2672,-1805,13707,2627,716,13324,3139,540
141240
20,-2481,13629,3282,-2099,12615,4589,-342,13632,4226,-1122,13482,2980,-1103,12672,3116,1364,12962,3799,1615,13795,3986,-878,13860,4339,-711,13266,5129,1382,13944,4792,265,14635,3585,-37,13848,3930,2681,14046,3248,1868,14271,3191,-1082,14727,4201,-1208,14339,5424,-136,14530,4189,-1152,14426,2588,-1659,13679,3307,816,13465,3388,276,13965,2976,-2444,13245,3295,-1870,12849,4639,-451,13617,4247,-1499,13619,3091,-1111,12548,3381,1679,12933,3467,1367,13616,3663,-899,13693,4220,-484,13293,4990,1115,13946,4666,63,14768,3474,165,13928,4102,2813,13954,3525,1806,14696,3243,-1143,14145,4503,-758,14641,5648,-76,14550,4219,-1469,14141,2610,-1367,13789,3308,881,13538,3093,128,13887,2521,-2428,13183,3377,-1745,13050,4586,-595,13674,3930,-1814,13343,2881,-867,12810,3473,1945,12866,3465,1129,13889,3496,-944,13632,4319,-163,13247,5122,1098,14139,4805,-344,14673,4007,320,13700,4506,2778,13843,3715,1815,14765,3046,-1120,13947,4302,-200,14768,5462,85,14431,3985,-1860,14361,2620,-1294,13617,3472,933,13651,3100,-85,13870,2357,-2240
13246,3440,-1357,13108,4572,-562,13794,3938,-1947,13342,3085,-1085,12785,3693,1775,12942,3758,919,13890,3723,-1065,13509,4542,316,13153,4995,1069,14278,4656,-542,14509,3999,442,13787,4225,2704,13706,3309,1398,14940,2761,-822,13895,4242,108,14846,5368,-150,14657,4208,-2086,14324,2720,-1238,13629,3499,1119,13429,3007,-289,14155,2361,-2091,13221,3682,-1020,13206,4651,-832,13888,4130,-2314,13107,3363,-1095,12836,3779,1839,12814,3794,708,13874,3347,-1030,13262,4166,602,13154,4786,937,14533,4246,-625,14125,3905,517,13641,4092,2851,13762,3571,992,15111,3121,-716,13891,4504,545,14628,5369,-191,14972,4029,-2094,13936,2815,-1115,13720,3688,1171,13832,3261,-577,14109,2333,-2248,13332,3646,-544,13160,4539,-714,13950,3755,-2562,12919,3236,-824,12751,3566,1676,12993,3552,249,13830,3252,-806,13374,4113,711,13029,5133,731,14548,4217,-718,13860,4163,575,13594,4329,2925,14150,3928,635,15186,3190,-468,13872,4164,881,14315,5152,-247,15147,4136,-2238,14017,3162,-890,13448,3868,1011,14243,3102,-767,13928,2197,-2102,13332,3278,-293
13038,4486,-732,13952,3602,-2728,13039,3247,-734,12595,3740,1634,13204,3500,-232,13784,3405,-765,13310,4275,1100,13260,5064,735,14422,4180,-747,13864,4130,721,13730,4545,2460,14109,3890,480,15106,2743,-423,13664,4066,1535,14525,4924,-97,15243,4157,-2479,13814,3362,-651,13533,3738,596,14190,3375,-1072,14070,2191,-1758,13061,3034,24,12994,4208,-771,14184,3650,-2917,12894,3665,-908,12870,3905,1479,13065,3638,-472,13837,3100,-694,13127,4498,1612,13226,4838,810,14527,3874,-855,13707,4338,930,13780,4578,1956,14376,4010,283,14685,2579,-404,13677,3782,1800,14192,5241,-76,15663,4285,-2666,13819,3503,-433,13425,3714,505,14592,3231,-1347,13983,2157,-1548,13021,2935,291,13054,4111,-950,14322,3836,-3052,13113,4023,-883,12717,4271,1220,13413,3560,-546,13453,2773,-633,13134,3987,1980,12993,4757,404,14634,3991,-1280,13531,4462,957,13692,4854,1965,14688,3897,279,14447,2698,9,13626,3593,2123,14057,4925,-135,15735,4335,-2846,14136,3596,-373,13309,3929,534,14961,3392,-1594,13901,2193,-1360,12871,3138,593,13225,4198,-1002
14231,3732,-3102,13070,3846,-868,12644,4150,1125,13562,3449,-792,13346,2677,-584,12892,3850,2498,13136,4662,251,14553,4230,-1608,13805,4370,1109,13404,4970,1918,14816,3804,164,14385,2604,362,13631,3689,2307,14179,4641,-59,15722,4522,-2858,14132,4036,-530,13547,4114,685,14846,3348,-1715,13807,2075,-1028,12756,3145,875,13299,3973,-1411,14264,3492,-3219,12825,4008,-762,12950,4339,904,13595,3493,-1014,13117,2593,-250,13000,3852,2529,13112,4902,190,14706,4044,-1714,13678,4478,1071,13423,5160,1851,15037,3889,-159,14104,2905,673,13744,3700,2556,14084,4730,-225,15825,4460,-2868,14150,4147,-406,13522,4052,708,14741,3158,-1859,13759,1860,-994,12771,3131,1056,13551,4115,-1585,14339,3225,-3318,12920,4015,-620,12656,4538,909,13906,3310,-1055,12852,2729,-161,12892,3745,2388,13310,4704,71,14508,4252,-1792,13709,4461,1207,13293,5284,1824,14997,3789,-5,14059,2903,701,13690,3630,2666,14365,4363,-352,15555,4108,-2787,14143,4351,-113,13581,4327,473,14646,3458,-1823,13840,1897,-890,12537,3075,1154,13872,3889,-1461,14136,2994,-3330
1281
4056,-703,13053,4594,824,13827,3554,-1314,12984,2882,-201,12898,3751,2574,13435,4433,209,14444,4332,-1691,13543,4430,1171,13331,5173,1383,14923,3740,-139,14067,3190,735,13925,3688,2863,14258,4059,-155,15331,4068,-2556,14329,4625,-177,13557,4448,197,14662,3073,-1990,13981,2068,-675,12715,3104,1036,14041,3607,-1443,14054,2961,-3113,12787,4318,-743,12974,4842,400,13925,3732,-1451,12634,2917,-31,13010,3609,2753,13200,4263,74,14609,4062,-1602,13266,4507,1167,13318,5070,1049,14913,3696,-444,14062,3516,1340,14205,3755,2941,14195,3777,-102,15087,3947,-2509,14290,4729,-216,13651,4438,-23,14790,3050,-2270,13862,2416,-376,12979,3298,1226,13888,3403,-1664,13853,3041,-3007,12849,4155,-809,12918,4875,-124,14056,3454,-1351,12761,2828,186,12775,3470,2574,13532,3719,-24,14040,3918,-1475,13631,4573,1177,13282,5333,1100,14996,3942,-848,14190,3800,1703,14078,3876,2749,14446,3434,82,14683,3720,-2255,14407,5079,-394,13895,4505,-104,14599,3315,-2413,14008,2595,-270,13006,3078,1385,13761,3044,-1539,13863,2771,-2737,12716,4172,-681
131429
54,-421,13902,3455,-1523,12914,3049,425,12686,3709,2251,13647,3776,57,13906,4095,-1377,13747,4972,1156,13499,5274,933,14766,4056,-854,14278,4003,1729,13810,3833,2885,14318,3002,-181,14400,3421,-1814,14504,5119,-258,14184,4593,-447,14601,3070,-2260,14226,2748,-166,12973,3082,1285,13890,2728,-1517,13629,2905,-2602,12924,4308,-651,13206,4587,-926,13900,3539,-1638,12931,3452,666,12795,3851,2242,13545,3607,-30,13806,3923,-1146,13614,4957,1119,13450,5180,484,14738,3922,-642,14270,3885,1937,13347,3684,2966,14614,2868,-422,14200,3229,-1481,14581,5004,209,14395,4708,-771,14659,3343,-2225,14203,3166,-122,12941,3221,1115,13998,2843,-1540,13562,3042,-2397,13080,4301,-440,13286,4385,-1144,13645,3700,-1771,13409,3607,712,12344,3768,1992,13830,3190,-302,13635,3678,-764,13341,4775,1346,13843,4952,38,14488,4322,-604,14321,3946,1915,13214,3930,2844,14770,3018,-483,14215,3462,-984,14563,5478,330,14528,4797,-1065,14665,3446,-2288,13900,3290,-110,13098,3005,1079,13881,2615,-1468,13739,2944,-2092,13078,4213,-482,13352,4201,-1429
13
5,3575,-1768,13309,3573,635,12436,3777,1768,13678,3206,-261,13809,3793,-238,13295,5002,1425,13965,4863,-59,14381,4296,-679,14128,4184,2063,13146,3969,2178,15089,3008,-236,14115,3392,-537,14594,5191,495,14605,4738,-1169,14325,3264,-2268,14111,3306,254,12928,2962,794,14125,2084,-1664,13792,2923,-1493,12784,4518,-382,13796,4293,-1875,13380,3785,-1978,13302,3670,917,12307,3924,1616,13831,3168,-380,13705,3607,-70,13129,5248,1360,14103,4515,-291,14181,4276,-935,14070,4148,2445,13501,4105,2107,15117,3086,-226,14161,3230,-102,14072,5145,457,14927,4642,-1540,14194,3177,-2321,13972,3450,187,13223,3176,567,14206,2565,-1791,13941,2893,-1260,12649,4526,-46,13918,4191,-2242,13281,3736,-2157,13060,3705,1104,12468,3832,1242,13769,3032,-470,13710,3358,300,12858,5296,1180,14443,4397,-540,14033,4289,-658,13929,4419,2185,13649,4086,2253,15150,2882,-404,14194,2929,364,13579,5180,462,15348,4947,-1972,14290,3508,-1981,13635,3394,302,13735,3189,488,14114,2495,-1627,13808,2561,-1144,12406,4470,-273,14093,3898,-2333,13239,3506,-2059
12894,3811,1191,12993,3753,818,13535,3224,-549,13596,3393,670,12866,5166,1230,14192,4470,-620,14132,4120,-252,13773,4667,2030,13912,4152,1793,15081,2700,-428,13859,2922,874,13771,4897,674,15493,4820,-2290,14203,3385,-1797,13668,3417,400,13801,3677,213,14334,2393,-1519,13495,2444,-727,12296,4488,-513,14559,4044,-2520,13117,3753,-2072,13035,3896,1259,13059,3875,858,13449,3071,-954,13690,3346,879,12459,5350,915,14662,4375,-1044,13954,4115,-58,13620,4786,2297,14320,4175,1593,14510,2942,-317,14125,2811,703,13469,5009,791,15702,4687,-2240,14264,3382,-1748,13611,3766,602,14323,3638,-394,14025,2326,-1572,13630,2328,-471,12375,4551,-468,14570,3830,-2610,13196,3387,-1998,12635,3970,1332,13450,4004,398,13218,3122,-995,13496,3157,1043,12563,5216,1121,14380,4412,-1017,14252,3927,-170,13182,4931,2504,14480,4118,1282,14326,2653,-284,14104,2900,1006,13494,5058,906,15749,4943,-2120,14507,3624,-1588,13432,4011,927,14474,3504,-506,13732,2105,-1684,13523,2233,-236,12617,4523,-468,14455,3825,-2818,13285,3410,-1862,12379,4408,1348
14078
852,-23,12890,3175,-1011,13578,3010,1429,12578,5031,1317,14511,4391,-1284,14239,3883,-117,12983,5015,2300,14834,4247,910,13936,2889,-307,14339,2977,1533,13423,4793,1086,15791,4948,-2470,14757,3850,-1569,13170,4161,965,14595,3634,-866,13739,1960,-1706,13340,2575,99,12972,4405,-400,14335,3692,-3043,13537,3367,-1807,12342,4629,1145,14156,3831,-245,12745,3134,-1271,13537,2993,1801,12642,4933,1484,14498,4634,-1608,14240,3576,82,12604,5179,2140,14956,4171,940,14076,3167,-298,14468,3145,1899,13462,4438,1233,15543,4592,-2482,14890,3997,-1363,12913,4227,952,14786,3574,-1012,13762,2241,-1801,13563,2528,350,13118,4287,-183,14125,3379,-2999,13549,3157,-1826,12032,5046,1065,14233,3714,-500,12615,3164,-1442,13272,2911,1924,13176,4651,1607,14054,4865,-1597,14505,3435,87,12458,5120,2015,14750,4356,548,14555,3427,-47,14155,3311,2116,13597,3997,1440,15183,4503,-2427,15098,4204,-1435,12978,4295,750,14707,3472,-1317,13911,2308,-1735,13472,2756,625,13186,3989,-273,13865,3501,-2899,13564,3206,-1765,12097,4831,921,14338,3713,-578
12760
886,-1440,13196,2997,1917,13210,4528,1534,14033,4906,-1613,14464,3672,191,12515,5422,2190,14818,4430,-96,14640,3367,60,13984,3227,2322,13778,3411,1626,14816,4454,-2320,15266,4308,-1494,13307,4560,761,14568,3538,-1579,14340,2475,-1609,13289,2935,975,13316,3467,-163,13785,3328,-2966,13627,3226,-1827,12132,4910,465,14371,3863,-842,13070,3115,-1018,12915,3139,2011,13255,4312,1574,13786,4676,-1633,14305,3821,-43,12695,5220,2050,14604,4319,-197,14807,3320,326,13575,3425,2620,14104,3326,1295,14494,4257,-2225,15328,4597,-1241,13491,4672,662,14480,3486,-1530,14477,2364,-1581,13127,2993,1017,13526,3280,-313,13829,3403,-3082,13424,3344,-1625,12575,4668,271,13837,4129,-935,13505,3117,-813,12501,3344,1926,13195,3867,1329,13926,4333,-1565,14054,4162,86,13094,4950,1780,14443,4248,-137,14812,3425,443,13466,3680,2685,14081,3477,963,14495,4078,-1935,15200,4665,-810,13675,4843,272,14664,3564,-1531,14254,2449,-1565,13128,2840,1059,13352,3134,-629,14027,3329,-3129,13461,3659,-1408,12598,4808,113,13884,4114,-1093,13563,3090,-760
12400,3343,1909,13058,3701,888,14093,4231,-1424,13777,4216,430,13306,4799,1545,14304,4477,-155,14714,3696,409,13316,3845,2649,14257,3226,858,14469,3686,-1717,15187,4802,-538,13911,4973,187,14571,3666,-1744,14371,2634,-1435,12977,3170,994,13518,3103,-621,14076,3252,-2710,13355,3615,-1106,12807,4546,-7,13704,4084,-1563,13501,3169,-832,12273,3514,2042,13178,3609,688,14036,3961,-1253,13603,4413,604,13185,4758,1400,14502,4483,-499,14545,3703,787,13285,4001,2486,14609,3368,789,14440,3548,-1547,14990,4890,-348,14010,5054,106,14658,3599,-1928,14252,2739,-1020,13024,2964,941,13641,2891,-848,14046,3030,-2466,13162,3622,-811,12839,4480,-335,13784,4114,-1880,13377,3322,-575,12431,3687,1792,13337,3537,507,13971,3670,-1010,13516,4605,772,13436,4547,1246,14290,4472,-1003,14568,3770,1144,13416,4311,2514,14860,3575,579,14462,3288,-1036,14319,4826,199,14245,4921,-30,14538,3467,-2330,13999,2712,-1063,13339,3148,994,13905,3089,-917,14092,2944,-2238,13190,3874,-442,12928,4491,-671,13859,3896,-2079,13173,3284,-299,12430,3541,1508
134w took 319us]
80,3643,-679,13678,4813,966,13334,4733,1001,14237,4495,-958,14382,4132,1047,13361,4483,2751,15131,3054,470,14105,2839,-659,14326,4553,358,14596,4921,-535,14481,3664,-2311,14245,2800,-850,13250,3806,1019,14294,3193,-932,13890,2505,-2038,12592,3840,-372,13449,4121,-837,13662,3953,-2308,13267,3223,-144,12427,3941,1477,13462,3575,0,13867,3422,-554,13210,4876,1298,13521,4524,767,14262,4356,-572,14067,4023,966,13984,4379,2594,14438,3044,104,14386,2454,-695,13949,5098,725,14891,5328,-785,14879,3887,-2158,13803,3127,-586,13670,3624,770,14067,2979,-1065,13845,1937,-1887,12657,3840,-212,13357,4322,-1062,14080,3842,-2621,12726,3599,-165,12907,4131,1525,13296,3504,-178,13587,2988,-266,13319,4622,1423,13123,4615,361,14867,4148,-982,13756,4390,1186,13958,4337,2332,14563,3124,261,14259,2710,-382,13878,5032,1224,14937,5471,-710,15094,3707,-2422,13721,3165,-368,13787,3734,519,14144,2703,-1192,13520,1944,-1594,12877,4035,-111,13421,4433,-1327,14019,3716,-2709,12665,3670,184,13093,3908,1333,13326,3121,-415
[row took 319us]
13434,3050,-132,13316,4581,1459,13350,4592,115,14678,4197,-1151,13832,4657,1561,13858,4745,2112,14501,3126,109,14360,2553,-96,13650,4784,1521,15334,5222,-937,14847,3829,-2684,13766,3186,-218,13765,3921,426,14073,2526,-1349,13642,1839,-1300,12658,4066,110,13822,4244,-1600,13888,3566,-2701,12654,3954,46,13292,4075,1119,13196,3219,-611,13574,2699,82,13014,4680,1674,13595,4890,-195,14810,4131,-1073,13463,4777,1557,13973,4523,2193,14352,3179,-209,14576,2460,285,13529,4492,1629,15003,5276,-1164,15227,3739,-2603,13422,3481,32,13850,3671,475,14133,2600,-1670,13704,1966,-1168,13010,4050,321,13632,4224,-1722,14095,3580,-2812,12673,4377,58,13076,4006,864,13343,3244,-1154,13285,2722,493,13215,4732,2028,13588,5095,-429,14636,3731,-945,13177,4642,1305,13694,4438,2013,14693,3191,-416,14343,2558,772,13572,4256,2054,15003,5148,-1312,15258,4300,-2494,13611,3815,-81,13550,3655,215,14486,2571,-1610,13536,2231,-740,13174,3829,471,13573,4172,-1952,13966,3503,-3085,12807,4351,106,12886,4105,985,13457,2916,-1333,13053,2518,713
13026,4492,2203,13856,4807,-643,14429,3782,-1033,13446,4656,1547,13641,4823,1590,14968,3427,-205,14536,2695,906,13350,4196,2384,15021,4870,-1343,15201,4535,-2739,13690,3851,182,13660,3621,-84,14631,2763,-1740,13878,2338,-378,12848,3870,506,13530,3785,-2111,13955,3278,-2941,12520,4444,128,13160,3950,677,13273,2877,-1380,13162,2565,709,13176,4649,2416,13629,4904,-952,14477,3867,-1280,13288,4946,2027,13654,5023,1251,15194,3444,-130,14013,2668,1168,13535,3781,2309,14559,4918,-1331,15612,4639,-2786,13697,4221,466,13518,3596,-7,14854,2699,-1872,13646,2303,-141,12805,3325,440,13493,3670,-2354,13943,3247,-2808,12770,4582,167,13017,4230,583,13905,3064,-1274,12652,2900,586,13231,4249,2484,13479,4840,-918,14340,4061,-1336,13541,4735,1949,13442,5114,1202,15376,3441,-333,13831,2990,1466,13551,3715,2119,14716,4489,-1056,15252,4498,-2318,14015,4328,426,13674,3716,-201,14709,2718,-2101,13682,2419,-73,12847,3516,537,13930,3756,-2329,13943,3276,-2716,12759,4642,175,13242,4470,125,13937,2987,-1445,12554,2676,825,12953,3986,2183
13857,4754,-915,14119,4189,-1287,13660,4774,1926,13453,5079,1128,15239,3352,-305,13592,2834,1585,13628,3455,2123,14537,4228,-1273,15470,4609,-2210,14055,4817,356,13939,3971,-308,14623,2733,-2156,13612,2594,52,12835,3669,549,14068,3632,-2385,13819,2911,-2557,12709,4524,161,13396,4405,-212,13846,3033,-1604,12480,2742,938,12950,3941,2080,13796,4685,-886,14229,4209,-1050,13232,4609,1863,13680,4771,628,14937,3241,16,13618,3343,1582,13940,3768,2157,14603,4238,-1097,15186,4510,-1941,14181,5119,345,14110,3858,-417,14405,2452,-1856,13473,2278,179,13085,3287,397,14277,3700,-2523,13513,2863,-2400,12891,4397,-90,13241,4648,-502,13928,3239,-1208,12520,3118,789,12624,3807,2060,14208,4365,-895,13794,4526,-984,13532,4541,1776,13487,4752,459,14911,3368,-92,13885,3567,2082,13915,3868,2005,14806,3753,-1014,14670,4305,-1529,14170,5227,368,14203,3795,-846,14322,2338,-1817,13655,2524,399,13418,3434,398,14337,3507,-2570,13436,3290,-2199,12771,4625,-41,13467,4628,-754,13588,3212,-1134,12677,2832,960,12592,3662,1716,14177,3967,-934
13870,4353,-838,13254,4574,1555,13891,4659,545,14507,3616,-191,14075,3911,2323,14092,3833,1935,14547,3342,-972,14465,4033,-1191,14257,5463,35,14492,4149,-1055,14232,2448,-1798,13720,3074,608,13557,3639,397,14299,3027,-2448,13134,3067,-1820,12926,4522,-218,13618,4330,-1316,13527,2989,-1252,12696,3053,1320,12880,3530,1348,13981,3593,-881,13652,4365,-586,13204,5053,1341,14146,4840,288,14366,4007,63,14105,3987,2551,13809,3765,1755,14730,3137,-1274,14225,4081,-687,14507,5684,337,14713,4075,-1116,14176,2394,-1608,13673,3186,554,13624,3318,22,13977,2708,-2431,13234,3141,-1574,12917,4520,-92,13781,4208,-1513,13230,3245,-1304,12919,3414,1264,12781,3800,998,13865,3613,-898,13707,4240,-41,13021,5253,1588,14382,4683,-198,14420,4179,50,13897,4148,2429,13688,3497,1627,14642,2894,-924,14212,3820,-185,14367,5615,320,14930,4333,-1521,14306,2817,-1595,13503,3301,673,13696,3026,29,13797,2529,-2170,13568,3200,-1337,12825,4723,-380,14157,4121,-1943,13192,3450,-1321,12939,3470,1430,12984,3529,857,13490,3380,-934,13794,4081,311
12917,5402,1247,14507,4462,-346,14157,4094,23,13742,4139,2871,13720,3332,1168,14844,2796,-847,13954,3780,285,14392,5514,382,15290,4741,-1974,14197,3085,-1497,13735,3513,850,13542,3233,-152,14156,2180,-2163,13595,2949,-748,12500,4570,-341,14496,3992,-2518,12963,3887,-1615,12952,3604,1523,12901,3456,646,13451,3123,-666,13856,4086,743,12724,5670,973,14643,4266,-704,13946,4284,-122,13574,4268,2681,14148,3529,1362,14860,2867,-709,14244,3558,800,13891,5778,290,15680,4745,-2229,14018,3226,-1409,13378,3337,952,14043,3010,-345,13833,2374,-1876,13912,2740,-688,12143,4649,-480,14721,3909,-2768,13129,4008,-1459,12587,4047,1615,13415,3325,96,13007,2984,-700,14042,3620,1171,12655,5696,866,14748,4144,-1204,13888,4333,431,13186,4906,2462,14759,3501,1040,14342,2680,-382,13947,3037,1424,13839,5500,305,15701,5126,-2670,14453,3441,-1299,12965,3570,829,14496,3028,-565,13892,2273,-1541,13605,2539,-196,12509,4246,-697,14361,4053,-2885,13618,4107,-1578,12408,4288,1501,13667,3155,-132,13042,2844,-794,13650,3429,1753,12802,5248,679
14355,4390,-1340,14289,4288,185,13052,5212,2346,14937,3618,906,14300,2548,-99,13916,2943,1724,13742,4812,701,15623,5037,-2826,14690,3861,-1339,13262,4061,771,14643,3337,-929,13996,2063,-1136,13271,2569,284,12620,4166,-773,14485,3968,-3130,13397,4257,-1592,12428,4553,1341,13896,3260,-289,12757,2708,-700,13460,3078,2009,12802,5081,729,14318,4476,-1629,14386,4154,239,12848,5496,2342,15068,3501,697,13968,2588,81,13868,3084,1962,13975,4670,613,15555,5135,-2742,14788,4126,-1254,13135,4229,862,14618,3030,-1219,13688,1933,-1349,13213,2625,717,13204,4172,-833,14129,3617,-3234,13585,3866,-1449,12222,4984,1044,14082,3179,-532,12776,2540,-778,12856,2973,2267,13425,4748,1113,14055,5040,-2084,14593,3716,351,12585,5445,1835,14914,3801,749,14428,2779,123,13615,3582,2392,14227,4183,800,15172,4937,-2866,15064,4315,-1205,13206,4179,742,14570,3100,-1316,13953,2053,-1264,13035,2950,837,13710,3911,-789,13773,3375,-3254,13613,3590,-1624,12344,5040,803,13917,3268,-645,12957,2447,-1028,12501,3357,2325,13796,4500,1047,13888,5172,-2009
14287,3949,345,12921,5224,1915,14375,3917,212,14934,2830,525,13550,3772,2345,14204,3703,833,14959,4780,-2532,14868,4803,-1096,13626,4253,734,14065,3014,-1459,14361,2043,-1262,12971,3340,917,13893,3518,-962,13619,3194,-3060,13418,3623,-1492,12698,5199,635,13784,3640,-747,13237,2482,-906,12316,3333,2133,13747,4070,797,14125,4749,-1918,13810,4216,258,13389,5241,2168,14001,4347,8,15275,3143,598,13270,3844,2588,14161,3333,678,14670,4106,-2172,14716,5068,-919,14208,4456,553,14006,3201,-1600,14652,2426,-1233,13083,3335,1065,13738,3457,-966,13719,3016,-2989,13131,3650,-1106,13080,4958,154,13447,3910,-1207,13685,2608,-766,12139,3586,2055,13658,3808,947,14124,4503,-1554,13268,4683,597,13760,4965,1407,13901,4684,-286,15174,3024,776,13206,3600,2611,14163,3367,459,15042,3831,-1742,14547,5491,-499,14366,4950,181,14329,3594,-1788,14273,2430,-1276,13172,2876,1176,13391,3114,-859,14254,2961,-2795,12998,4034,-1068,13248,4773,-258,13560,3997,-1599,13377,2899,-619,12489,3491,2002,13094,3630,706,14165,3937,-1210,13360,4724,703
13657,4633,1198,14355,4613,-727,14620,3567,1150,13249,3946,2509,14590,3541,762,14408,3609,-1318,14741,5229,-300,14271,5181,-73,14473,3360,-1999,14095,2471,-963,12960,2980,1192,13829,2929,-992,14000,2864,-2330,13133,3939,-749,13269,4913,-862,13768,4096,-1886,13204,2679,-103,12335,3396,1892,13389,3298,470,14057,3782,-1035,13404,5302,478,13801,4927,891,14347,4821,-768,14085,3428,1251,13572,3930,2980,14557,3324,379,14428,2866,-1025,14261,4990,61,14488,5201,-575,14779,3617,-2044,13832,2457,-667,13230,3250,1179,14092,3159,-969,14019,2519,-2311,12899,3803,-566,13382,4549,-1153,13955,4176,-2216,12984,2984,79,12764,3518,1618,13186,3459,208,14190,3391,-747,13204,5095,787,13508,4790,634,14648,4537,-619,13694,3850,1229,14046,3808,2683,14257,3126,303,14396,2671,-616,14135,5083,416,14606,5784,-989,15086,3589,-2107,13523,2867,-467,13751,3553,961,14330,2817,-957,13501,2003,-1899,12799,3571,-296,13445,4791,-1354,14374,4288,-2603,12729,3223,209,12830,3552,1666,13413,3287,-25,13592,3076,-410,13516,4720,1003,13012,4944,231
14994,4515,-1016,13720,4642,1274,13865,4120,2722,14430,2901,468,14094,2704,-333,14017,4634,1159,14688,5521,-1024,15022,3786,-2623,13886,3008,-290,13643,3892,784,14350,2616,-1021,13531,1884,-1716,12781,3815,-135,13741,4756,-1411,14256,4329,-2897,12714,3571,-10,12871,3528,1535,13291,3185,-199,13495,2950,-163,13205,4723,1274,13182,5206,-113,15008,4320,-909,13611,4842,1369,13752,4194,2509,14417,2680,76,14104,2415,40,13979,4136,1434,14803,5654,-1202,15429,4305,-2780,13734,3540,-154,13618,4022,679,14338,2543,-1197,13364,1858,-1291,13104,3654,226,13408,4457,-1595,14343,4099,-3168,12718,4265,-200,12864,3825,1237,13451,3089,-617,13130,2765,383,13384,4343,1771,13268,5245,-363,14831,3995,-1186,13503,4735,1044,13367,4508,2292,14892,2841,71,14271,2690,467,13648,4061,2173,14775,5583,-1299,15344,4723,-2913,13936,3813,-3,13208,3887,493,14799,2526,-1279,13617,1921,-883,12928,3276,350,13499,4174,-1801,14217,3907,-3378,12847,4384,-178,12709,3991,1240,13698,2996,-941,12897,2592,502,13372,4235,2343,13550,5160,-518,14345,3823,-1394
13777,4814,1506,13146,4918,1536,15317,3294,-41,14216,2743,777,13306,3762,2540,14784,5134,-1034,15247,5011,-3238,14141,3761,100,13126,3591,280,14925,2785,-1622,13952,2043,-495,12613,3205,677,13601,3792,-1927,14126,3812,-3265,13154,4772,-339,12806,4248,874,13658,2882,-1126,12929,2355,413,13019,4091,2533,13480,4972,-767,14331,4187,-1671,13769,4836,1442,13205,5342,1509,15396,3379,72,13889,2703,1161,13320,3377,2575,14731,4507,-761,15296,4908,-3015,14368,4121,-67,13353,3865,275,14977,2992,-2050,13923,2069,-165,12712,3172,877,13665,3864,-2015,14065,3473,-3132,13085,4658,-475,12710,4515,521,14030,2925,-1286,12689,2647,562,12787,3686,2624,13840,4620,-524,14002,4518,-1769,13974,4522,1501,13117,5444,1360,15252,3327,-60,13981,2501,1281,13130,3519,2684,14961,3942,-749,15088,4997,-2780,14411,4952,-148,13821,4121,154,14387,3225,-1936,14072,2033,-42,12517,3070,1098,13972,3489,-1920,13730,3104,-3091,13092,4545,-601,13064,4691,-18,13913,3080,-1250,13015,2668,540,12382,3646,2617,14030,4304,-379,14001,4712,-1712,13796,4503,1426
1343,-100
782,14596,3455,-51,14335,2945,1659,13529,3964,2596,14708,3615,-381,15002,4641,-2364,14300,5559,-186,14297,4136,-246,14076,2704,-1879,13998,2000,226,12822,2956,1078,14037,3027,-2025,13641,2969,-2783,13101,4880,-729,13422,5091,-488,13753,3364,-1229,12835,2584,813,12424,3632,2505,13916,3932,-369,14127,4336,-1539,13196,4687,1185,13912,5253,785,14294,3816,-480,14529,3346,2092,13449,3718,2628,14626,3138,-276,14693,4309,-1885,14308,5746,-327,14492,3936,-593,13867,2660,-2161,14179,2572,132,13224,3331,1183,13958,3112,-1920,13699,2995,-2473,12827,4949,-568,13869,4983,-1028,13107,3434,-1445,13172,2502,887,12267,3443,2082,13854,3281,-168,14170,4135,-1287,12797,5229,970,14511,4925,278,14051,4392,-360,14371,3321,2318,13538,3492,2770,14295,2998,-443,14769,3644,-1235,14123,6316,-226,14835,4583,-1111,14323,3006,-2036,13777,3151,403,13764,2980,1165,13530,2557,-1808,13748,2803,-2221,12772,4792,-560,13993,4626,-1696,13324,3198,-1633,13080,2892,1060,12697,3408,1950,13512,3337,-424,14055,3939,-774,12668,5428,1106,14397,5043,-100
142
,4388,-490,14047,3854,2496,13544,3355,2450,14587,2985,-375,14509,3455,-799,14382,5809,-178,14829,4854,-1654,14527,2863,-1952,13632,3485,619,13573,2845,1081,13870,2407,-1790,13576,2676,-1763,12855,4560,-565,13872,4828,-2075,13479,3612,-1955,12895,3230,1256,12646,3526,1776,13624,3232,-526,13774,3745,-412,13114,5620,935,14083,4887,-170,14543,4180,-684,13495,3819,2608,13745,3373,2394,14826,3045,-482,14171,3291,-201,14206,5775,171,15047,5208,-1806,14396,3119,-1899,13523,3428,622,13553,3150,782,14210,2444,-1812,13624,2561,-1339,12545,4358,-250,14249,4449,-2457,13471,3775,-2201,12677,3547,1354,12949,3587,1299,13283,3244,-473,13922,3395,330,13007,5508,994,14016,4662,-739,14567,4178,-401,13255,4486,2217,14202,3632,2223,14711,2893,-385,14071,3065,683,14039,5574,379,15121,5663,-2318,14765,3051,-1839,13058,3411,773,13971,3390,455,14605,2258,-1582,13248,2251,-913,12650,4103,-326,14232,4631,-2615,13744,3952,-2319,12500,3678,1436,13132,3549,1016,13540,3068,-612,13542,3231,859,13048,5120,909,13827,4606,-924,14658,4179,-662
134247
38,2332,14214,3905,1930,14781,2748,-184,13678,2888,1063,13951,4703,933,15184,5615,-2432,14818,3473,-1953,13447,3501,671,13887,3680,10,14555,2070,-1422,13092,2435,-491,12653,4180,-304,14388,4370,-2737,13709,4011,-2277,12538,3878,1302,13240,3585,630,13428,2953,-957,13467,2948,1037,12636,5022,1155,14113,4878,-1238,14640,4093,-438,13183,5191,2183,14358,3916,1776,14507,2655,-365,13861,2945,1285,13830,4383,1251,15383,5517,-2416,14865,3984,-2013,13651,4002,948,14132,3792,-331,14273,1945,-1447,13245,2293,-122,12870,4050,-186,14231,3811,-2866,13637,3668,-2531,12515,4596,910,13635,3627,225,13366,3271,-1166,13038,2768,1641,12972,4639,1408,14003,5182,-1422,14660,3619,-206,12722,5140,1850,14124,3805,1212,14811,2929,-77,13920,3402,1519,13772,4139,1606,15060,5207,-2356,15022,4475,-1933,13556,4066,996,13756,3426,-770,14496,2025,-1597,13382,2424,359,13136,3740,-157,14011,3811,-2701,13866,3693,-2690,12438,4928,640,13583,3772,131,13280,2894,-1375,12797,2766,1624,13352,4139,1898,14001,4819,-1605,14214,3661,-609,13280,5302,2247
13
6,4544,447,15363,3125,209,13626,3611,1982,13700,3538,1854,14950,4412,-2051,14963,4798,-2163,14072,4156,818,13628,3540,-934,14764,2595,-1817,13523,2822,612,13110,3666,44,14003,3420,-2735,13733,3573,-2104,12681,5008,281,13406,3663,-303,13566,2735,-1222,12538,3028,1343,13207,3773,1833,13924,4410,-1502,13776,4300,-549,13716,5257,1771,13687,5040,363,15106,2974,211,13566,3495,2164,13711,3633,1734,15083,3998,-1599,14747,4986,-1755,14166,4574,442,14115,3855,-1101,14462,2716,-1811,13772,2493,933,12831,3253,148,14105,3164,-2662,13605,3381,-1979,12765,4876,-83,13445,3916,-784,13551,2921,-1229,12772,3532,1633,12866,3608,1817,14056,4105,-1241,13693,4643,-440,13725,4783,1729,13830,5032,-116,14793,3222,418,13734,3597,2392,13687,3680,1903,14920,3389,-1432,14652,4766,-1338,14013,5169,69,14632,3779,-1190,14014,2782,-1614,13533,2566,1081,13017,2961,89,14169,3161,-2665,13581,3337,-1733,12851,5048,-328,13655,4394,-1197,13635,2963,-963,12577,3571,1524,12825,3408,1590,14258,3749,-1137,13631,4646,-7,13684,4530,1439,13836,4912,-312
14357,3330,144,13916,3943,2821,14089,3824,1457,14723,2856,-845,14339,4632,-812,14162,5595,-110,14775,3762,-1533,13805,2704,-1785,13700,3169,1016,13686,3283,209,14229,2811,-2423,13244,3273,-1188,13006,4909,-652,13811,4555,-1878,13320,2838,-896,12537,3315,1570,12961,3428,1233,14181,3362,-825,13431,4624,-16,13163,4814,1005,14467,4809,-447,13962,3932,239,14315,3967,3002,13821,3652,1465,14644,2656,-1005,14145,4479,-184,14415,5945,-459,15167,3913,-1692,13802,2690,-1414,13755,3605,1021,14043,3164,75,13733,2258,-2334,13025,3049,-967,13074,4842,-504,14205,4439,-2326,12874,2949,-964,12828,3464,1638,12976,3680,752,13931,3142,-699,13568,4343,507,12791,5067,1098,14901,4724,-967,13882,4430,378,13973,4104,2807,13831,3459,1195,14490,2700,-692,14335,4045,561,14285,5937,-212,15155,4226,-2227,14134,2994,-1342,13458,3865,989,14069,2784,-127,13521,2088,-2046,13355,3142,-695,13097,4711,-661,14169,4220,-2779,13025,3243,-999,12806,3725,1581,13161,3734,485,13547,2984,-553,13506,4233,805,12961,5341,769,14749,4308,-828,13964,4364,7
13552,4292,3027,14179,3459,920,14761,2858,-555,13895,3655,1191,14398,5577,-105,15162,4708,-2633,14242,2912,-1214,13181,3830,843,13976,2903,-144,14213,2001,-1792,13088,3237,-390,13058,4344,-647,14307,4330,-3147,12903,3770,-1358,12948,3670,1678,12785,3497,-2,13873,2636,-446,13416,4026,1385,12988,5476,516,14686,4117,-1380,13748,4447,572,13410,4435,2442,14475,3714,1052,14763,2694,-421,13714,3351,1849,14126,5368,-116,15548,5206,-3013,14159,3148,-948,13167,3665,836,14276,3455,-703,14573,2164,-1458,12988,3092,-152,12820,3951,-708,14573,3903,-3203,13124,4160,-1337,12697,3777,1465,13338,3460,-237,13341,2758,-612,13577,3614,1931,12718,5368,404,14667,4108,-1497,13875,4285,323,13262,5084,2474,14775,3536,871,14479,2795,-164,13618,3314,1738,14182,5010,518,15560,5289,-3004,14494,3701,-861,13284,3852,828,14356,3436,-989,14390,1776,-1263,12792,2966,123,13093,4081,-803,14463,3657,-3246,13127,4017,-1421,12593,4132,1352,13734,3518,-599,13244,2817,-752,13237,3300,2138,12939,5020,821,14429,4475,-1920,14159,3958,653,12972,5272,1944
14851,3825,863,14437,2828,-205,13745,3547,2216,13901,4305,788,15577,4980,-2917,14380,4062,-1087,13575,3800,1006,14141,3455,-1264,14173,1756,-1286,13008,2953,496,13121,4046,-769,14530,3249,-3107,12981,4077,-1585,12607,4590,846,14057,3556,-594,12720,2824,-1067,13278,2975,2423,12838,4989,767,14665,4627,-1811,13811,3947,598,12947,5290,1878,14503,3654,237,14639,2905,391,13844,3667,2071,13900,3782,1189,15136,4779,-2707,14664,4793,-1101,13792,4091,839,14034,3405,-1406,14290,1969,-1197,13375,3123,1027,13261,3932,-906,14312,3127,-2916,13200,3924,-1515,12794,4870,413,13820,3432,-732,12916,2698,-904,12670,3272,2184,13465,4282,1148,14281,4586,-1838,13636,4009,226,13358,5009,1866,13995,4391,26,15079,2935,580,13380,3923,2646,13947,3666,970,15289,4272,-2167,14590,5485,-1221,14180,4137,651,14065,3356,-1446,14306,2465,-1190,13752,2922,1106,12960,3373,-780,14166,2895,-3095,13227,3995,-1482,13029,4914,-16,13701,3376,-870,13246,2661,-583,12580,3592,2067,13322,3934,860,14208,4420,-1803,13328,4282,541,13610,4864,1389,14124,4679,-78
14
29,3116,788,13352,3890,2538,14043,3616,884,15037,3636,-1711,14528,5374,-949,14234,4636,209,14405,3160,-1573,14057,2569,-994,13452,2845,1283,13179,3415,-920,14321,3043,-2878,13346,3980,-1202,12958,4972,-447,13679,3722,-1336,13353,2816,-451,12410,3668,2104,13191,3460,682,14096,3953,-1671,13426,5015,105,13689,4784,1522,14152,4636,-598,14306,3163,1327,13732,4022,2787,14276,3809,577,14815,2987,-1557,14217,5167,-581,14378,5024,-171,14768,3450,-1561,13714,2679,-779,13546,3068,1316,13725,3429,-1104,14093,2895,-2642,13024,3605,-749,13037,4801,-659,13964,3977,-1945,13024,2603,-138,12679,3591,1730,12886,3552,454,14457,3532,-1304,13221,5084,524,13377,4599,1022,14620,4658,-320,13595,3805,915,14449,4035,2906,13795,3689,523,14744,2513,-862,14029,5111,-94,14413,5842,-552,15296,3251,-1780,13186,2854,-587,13931,3476,1000,14183,3119,-859,13551,2413,-2491,13153,3428,-498,13135,4939,-914,14401,3975,-2379,12701,2831,-164,12865,3552,1855,13146,3687,72,13907,3278,-773,13522,4723,539,12722,4853,1023,15275,4450,-1013,13608,4508,1286
14089,3845,2634,14079,3437,544,14339,2741,-654,14279,4581,760,14402,5874,-686,15351,3579,-2102,13589,2952,-521,13690,3719,1057,14308,2687,-798,13282,2211,-2135,13246,3523,-510,13414,4744,-1163,14326,4041,-2715,12753,3345,2,12905,3752,1569,13370,3466,-24,13548,2846,-715,13346,4588,937,12923,5291,280,15183,4051,-640,13364,4554,985,13723,3834,3002,14352,3328,-50,14311,2981,-202,14170,3927,1194,14179,5772,-687,15472,3897,-2433,13904,3196,33,13316,3733,840,14520,2546,-1120,13501,2336,-1936,13423,3795,-77,13236,4557,-1014,14390,3896,-3050,12878,3712,-181,12730,3599,1540,13583,3261,-629,12895,2694,-129,13797,4239,1248,12810,5638,158,15009,3805,-975,13540,4676,1303,13139,4299,2287,15281,3235,243,13845,3123,-143,14133,3571,1828,14223,5637,-962,15404,4652,-2795,14460,3280,106,12753,3959,658,15158,2913,-1226,13553,2369,-1234,13128,3426,55,13151,3936,-1388,14035,3628,-3211,13176,3916,-370,12425,3869,1407,13925,3064,-895,12649,2746,-358,13692,3976,1954,13129,5299,-314,14318,3874,-1303,14123,4310,1316,12647,5191,2129
158w took 322us]
7,3154,227,13896,3718,2022,14526,4907,-452,15140,5122,-2875,14694,3442,268,12890,3967,701,14935,2826,-1720,13971,1829,-1016,12553,3430,198,13569,3728,-1577,13907,3612,-2996,13141,4239,-559,12486,4212,1234,13961,3318,-1128,12772,2775,-378,13223,3545,2362,13339,4843,-138,14028,4327,-1520,14383,4394,1316,12697,5603,1709,15360,3262,91,13936,3169,272,13574,3927,2465,14765,4307,-262,14988,4885,-2785,14617,3864,5,13249,3828,746,14579,2949,-1829,13977,1724,-1096,12617,3662,607,14085,4198,-1563,14034,3217,-2883,13056,4179,-690,12625,4605,901,14107,3154,-1228,12787,2928,-376,12689,3290,2333,13662,4474,-150,14062,5054,-1698,14480,4381,1601,12652,5436,1544,14705,3396,-90,14582,3166,915,13358,4173,2372,14609,3254,-125,14739,4432,-2577,14502,4913,-250,14038,4132,648,14128,3226,-2099,14174,2088,-590,12972,3644,905,13925,3893,-1689,13860,2935,-2707,12988,4164,-807,12867,4665,317,14089,3193,-1135,12824,2731,-498,12440,3578,2160,14014,4281,113,13980,4782,-1566,13709,4218,1189,13360,4977,1840,14183,3841,-623
[row took 322us]
14
2,3026,1139,13232,4265,2469,14554,3331,161,14729,4141,-2079,14347,5666,-286,14392,4235,530,14073,3063,-1907,14330,2431,-745,13282,3306,1076,13713,3392,-1693,13743,2575,-2745,12990,4164,-785,13107,5004,-341,13913,3233,-1440,13046,2865,363,12288,3683,2115,13907,3631,127,13783,4316,-1524,13106,4521,1214,13856,5164,795,14437,4551,-303,14719,3012,1394,13106,4195,2736,14614,3551,-135,14769,3656,-1495,14329,5637,-44,14322,4216,135,14456,2919,-2007,13989,2727,-388,13376,2855,862,13632,3417,-1627,13993,3142,-2428,13315,4240,-380,13020,4637,-623,13766,3223,-1667,13030,2790,66,12472,4067,1864,13748,3238,-35,13797,3887,-1184,13259,5333,912,14130,4970,1053,14331,4833,-1036,14055,3067,2242,13395,3883,2582,14729,3342,160,14525,2816,-1209,14149,5374,-23,14322,5036,-662,15141,3399,-1762,13477,3104,-239,13490,2988,1310,14015,3093,-1708,13759,2825,-2231,13189,3716,-212,13056,4695,-1300,13925,3381,-1995,13078,2821,604,12411,3931,1371,13680,3452,-159,13977,3785,-941,13292,5350,1385,13725,4513,620,14456,4464,-533,13614,3603,1236
13847,3903,2540,14567,3369,-243,14257,2715,-380,14106,5172,332,14589,5677,-972,15119,3338,-1914,13440,2961,-96,13459,3362,908,14719,2534,-1268,13242,2350,-2120,12887,3586,-310,13566,4923,-1735,13897,4393,-2518,13323,3051,561,12350,3962,1705,13637,3068,-505,13953,3251,-251,12843,5165,908,13547,4471,192,14595,4460,-979,13771,4427,1669,13958,3816,2429,14263,3349,-25,14354,2658,-350,13948,4909,1254,14820,5602,-1181,15173,3324,-2091,13535,3258,-133,13650,3694,539,14595,2544,-1363,13133,2559,-1676,13042,3985,60,13802,4469,-1864,13879,3913,-2703,13013,3534,616,12690,3737,1212,13626,3299,-553,13494,2685,3,12896,4821,1277,13430,5263,-447,15166,4136,-936,13373,4909,1443,13709,3893,2869,14589,2942,-424,14157,3012,439,13967,4295,1416,14622,5552,-1701,15019,3914,-2425,13950,3592,428,13200,4042,487,14741,2147,-1416,13354,2515,-1291,13057,4030,74,13952,3968,-1885,13640,3818,-2950,13085,3761,494,12867,3776,1217,13430,3218,-1333,13308,2511,385,13051,4735,1776,13850,5289,-522,14636,3743,-739,13364,4840,1731,13357,4110,1736
14936,3286,-135,14263,3186,281,13494,3898,2308,14941,5167,-1489,14868,4738,-2677,14405,3726,591,13036,3733,179,14653,2307,-1601,14090,2170,-658,12530,4008,129,14052,3618,-2062,13616,3710,-3043,12837,4576,167,13302,3726,1080,13178,3268,-1362,13136,2453,326,13216,4434,2284,13557,5253,-838,14408,3757,-1342,13599,4964,1676,13217,4868,1621,15594,3019,-41,13769,3325,1041,13657,3692,2205,14716,4718,-979,15070,4799,-2532,14391,3855,475,13211,3874,119,14796,2646,-2105,14051,2180,-200,12541,3742,393,13969,3738,-2014,13928,3467,-2908,12923,4644,-170,12969,3923,804,13789,3072,-1404,12798,2861,359,13102,3882,2202,13605,4898,-760,13910,4436,-1477,14138,4665,1628,12986,5246,1392,15222,2904,139,13848,3082,1071,13383,3965,2429,15074,4102,-855,14843,4890,-2591,14222,4644,342,13938,3944,130,14236,3041,-1740,14070,1742,-136,12570,3626,683,14174,3788,-2088,14207,3029,-2873,12462,4628,-431,13292,4262,300,13870,3127,-1308,12720,2969,423,12761,3532,2318,13849,4474,-586,14062,4539,-1425,13868,4493,1743,13196,5125,876,14628,3091,-192
14195,3331,1859,13673,4178,2059,14573,3384,-441,14750,4426,-2296,14149,5296,38,14522,3889,1,13768,2828,-1994,14190,2172,373,13170,3710,686,13967,3660,-2195,13915,2772,-2537,12699,4702,-516,13397,4539,-373,14035,2762,-1025,12497,2841,542,12671,3530,1924,14098,4182,-644,13946,4624,-1352,13266,4489,1332,13599,5066,852,14249,3798,-245,14716,3302,2105,13125,4102,2300,14849,3036,-720,14629,4007,-1725,14288,6040,99,14868,4101,-401,13997,2946,-1718,14026,2758,109,13593,3159,835,13651,3173,-2233,13784,2619,-2365,12880,4776,-387,13541,4672,-974,13627,2905,-1347,12829,3016,834,12513,3866,1568,13984,3511,-646,13610,4110,-1125,12870,4896,1597,14440,4798,271,14110,4385,-291,14469,3116,2371,13144,4125,1863,14773,3336,-630,14879,3593,-1003,13770,5968,203,14847,4253,-621,14477,3112,-1882,13619,3197,326,13727,2763,585,13389,3042,-2181,14130,2686,-1911,12782,4501,-245,13548,4500,-1644,13757,3102,-1539,12786,3082,910,12857,3692,1374,13532,3148,-737,13913,3768,-755,12924,5622,1264,14471,4672,298,14226,4432,-565,13631,3577,2356
13763,3753,2136,14764,3609,-780,14386,2846,-319,13821,5535,404,14891,5068,-1375,14926,3018,-1645,13086,3149,328,13761,2944,651,14344,2963,-1984,13696,2701,-1700,12789,3940,-62,13493,4525,-2024,13970,3570,-1934,12855,3465,1180,12697,3777,973,13644,3133,-888,13639,3688,-203,13055,5359,1269,13809,4481,-244,14590,4234,-314,13249,4320,2221,14319,3818,2011,14465,3288,-657,14135,2646,154,13973,5199,753,14801,5684,-1589,15311,3133,-1685,13022,3577,525,14036,3436,205,14706,2500,-1769,13081,2575,-1345,12966,3751,-58,13703,4654,-2016,14121,3719,-2251,12537,3466,1098,12892,3873,685,13755,3219,-1041,13281,2968,446,12985,4841,1286,13529,4619,-301,14935,4268,-822,13305,5109,2168,14070,3978,1992,14621,3167,-665,13871,3005,829,14154,4597,1286,14741,5541,-1821,15076,3451,-1808,13536,3958,448,13753,3833,74,14839,1835,-1698,12822,2463,-692,13151,3785,202,14013,4154,-2297,13621,3656,-2413,12781,3822,1053,13104,3739,451,13651,3140,-1393,13113,2871,928,12963,5034,1516,13965,5355,-754,14778,3831,-389,13063,5011,1631,13777,3949,1637
14968,3186,-345,14017,3183,1074,13633,3641,1800,14836,5111,-1947,14993,4315,-2120,14040,3986,815,13243,3685,-346,14777,1974,-1489,13452,2741,-173,13070,3985,-79,14057,3495,-2317,13439,3649,-2801,12825,4661,680,13525,3915,424,13187,3218,-1577,12971,2670,1094,13269,4706,1892,13781,5110,-1191,14301,3450,-960,13313,4717,2243,13299,4298,1160,15617,3122,-206,13609,3661,1424,13690,3653,1893,14959,4760,-1615,14854,4963,-2162,14474,3995,1036,13204,3657,-395,14787,2351,-1935,13942,2582,73,12588,3784,2,14211,3310,-2601,13661,3566,-2372,13055,4927,424,13249,3805,367,13642,3073,-1538,12756,2910,931,13125,3992,1819,13884,4693,-1156,13651,3699,-766,13815,4783,1896,13392,5061,925,15300,3236,8,13578,3839,1456,13564,3826,1874,15106,4122,-1244,14621,4879,-1937,14318,4412,718,13784,3797,-491,14471,2654,-1822,14002,2422,289,12524,3808,217,14453,3472,-2417,13563,3373,-2386,12904,4684,270,13247,3961,-278,13675,2982,-1435,12758,3308,782,12769,3651,1698,14108,4398,-1189,13665,4498,-640,14000,4522,1923,13318,4909,456,14645,3126,87
140
,3942,1922,13599,4086,1816,15107,3100,-1009,14182,4635,-1471,14367,5161,402,14449,3928,-716,13775,2839,-2000,14049,2500,602,13021,3788,219,14475,3159,-2635,13424,2851,-1753,12562,4803,-399,13711,4081,-733,13596,2998,-1273,12580,3257,819,12762,3575,1576,14211,4250,-1083,13669,4469,-521,13378,4350,1654,13727,4746,356,14247,3531,-36,14570,3948,1980,13309,4196,1851,14896,2824,-1062,14218,4258,-791,14226,5884,348,15009,3837,-908,13684,2720,-1755,13979,3094,616,13865,3348,256,13725,2784,-2507,13469,2617,-1728,12882,4929,-104,13991,4478,-1504,13392,2879,-1367,12732,3412,1050,12764,3749,1343,14164,3371,-993,13434,4222,-419,12913,4600,1609,14395,4632,-233,14088,4274,-77,14368,3640,2562,13195,4199,1367,14886,2983,-834,14584,3754,-155,13856,5900,289,15217,3922,-1328,14209,2966,-1682,13390,3402,626,14042,2816,187,13393,2811,-2442,13882,2804,-1192,12997,4795,-157,13914,4384,-1808,13513,2896,-1426,12807,3454,1021,12963,3883,891,13755,3159,-737,13421,4135,-57,13210,5161,1418,14492,4351,-148,13912,4174,-177,13710,3864,2390
138
,4033,1565,14760,3075,-741,14187,2859,594,13803,5547,342,15228,4823,-1873,14616,3045,-1556,13050,3495,669,13963,3104,297,14390,2822,-2074,13435,2915,-1127,12808,4045,-179,13967,4492,-2453,13507,3450,-1567,12927,3563,1394,12787,3602,493,13555,2853,-926,13802,4022,384,12823,5340,1050,14158,4016,-548,14008,4169,-33,13480,4669,2528,14403,3845,1301,14256,3087,-611,14177,2839,780,13743,5369,801,15358,5349,-1952,14870,3202,-1338,12886,3901,694,14407,3385,-275,14469,2448,-1759,13008,2687,-768,12922,3814,-220,14085,4240,-2461,13694,3579,-1876,12551,3885,1283,13157,3769,63,13711,3148,-1096,13361,3512,1022,12810,5079,1099,13936,4381,-806,14527,3852,-119,13046,5085,2311,14463,3791,1260,14399,3306,-839,13964,3260,1475,14147,4680,1088,14854,5146,-2151,15002,3392,-1369,13317,4193,1016,13974,3444,-561,14523,1847,-1886,12760,2977,-324,13524,3975,-149,14029,3917,-2594,13469,3611,-2009,12728,4266,1135,13408,3875,-113,13537,3061,-1446,12926,2947,1481,13004,4877,1335,14052,4844,-1268,14459,3668,87,12854,5165,2235,13981,3971,532
15117
476,-250,13672,3661,1541,13960,3663,1740,14594,4878,-2234,14955,4309,-1729,14001,4068,1103,13445,3748,-974,14927,1965,-1769,13294,3204,202,13184,4042,-205,14181,3204,-2578,13253,3544,-2182,12723,4545,929,13666,3833,-203,13265,2856,-1415,12838,2960,1291,13309,4716,1513,13985,4777,-1466,14027,3572,-176,13158,5052,2100,13902,4524,574,15433,2976,-237,13147,4061,1971,14092,3450,1532,14756,4553,-1895,14875,4808,-1383,14217,4236,922,13540,3943,-990,14783,2139,-1902,13564,2910,582,12720,3650,-87,14304,3055,-2757,13433,3520,-1945,12980,4736,375,13388,3971,-398,13769,3059,-1430,12617,3585,1417,13118,4000,1541,13966,4392,-1551,13606,4093,-306,13736,4572,2144,13417,4923,153,15304,2900,383,13401,4179,1846,13891,4019,1689,15286,3747,-1532,14105,4618,-1315,14335,4593,696,14295,3926,-998,14266,2579,-1701,13868,2489,612,12614,3620,-206,14645,3292,-2789,13523,3309,-1663,12566,4733,90,13717,3926,-825,13617,3225,-1130,12793,3414,1127,12765,3535,1274,14014,4127,-1542,13782,4179,-28,13681,4424,1998,13570,4781,288,14455,3126,-217
14064,4453,2290,13738,4034,1400,14911,2902,-1112,13988,4476,-736,14456,5075,291,14749,3716,-996,13682,2676,-1733,13933,3154,781,13569,3798,-234,14291,2810,-2558,13118,2863,-1199,12900,4777,-277,13981,4236,-1467,13554,2924,-1166,12529,3517,1479,12801,3720,821,14315,3749,-1416,13331,4316,85,13003,4220,1850,14281,4701,-115,14267,4105,338,14347,3939,2352,13141,4086,1281,15089,2684,-1313,14223,4405,-131,14110,5537,629,15313,3557,-1280,13615,2939,-1447,14079,3492,580,13892,3517,-261,13586,2615,-2607,13610,2898,-826,12873,4776,-154,14217,3981,-1889,13121,3080,-1154,12804,3846,1077,13095,3930,790,13913,3253,-1221,13294,4032,276,12837,4899,1529,14770,4278,-144,13816,4198,-55,14129,4012,2956,13628,4113,712,15076,3198,-842,14381,3695,369,13570,5629,225,15586,4022,-1447,13979,3297,-1270,13318,3731,816,14173,2981,-458,13603,2739,-2469,13785,2907,-640,12708,4320,-119,14050,3961,-2295,13277,3210,-1293,12859,3946,1376,13122,3778,-77,13475,3022,-919,13699,4129,652,12957,5207,1361,14616,3874,-461,13600,4345,421,13570,4442,2066
145
,4443,657,14444,3243,-652,14120,3071,1240,13458,5334,541,15585,4590,-2122,14429,3078,-839,12967,3606,480,14423,3205,-671,14363,2752,-1866,13294,2977,-483,12905,3726,-246,14037,3876,-2516,13476,3928,-1390,12842,4073,1161,13052,3844,-354,13530,2856,-1002,13542,3768,1286,12502,5242,943,14532,3824,-611,13819,4472,50,13429,5082,2189,14725,3872,622,13988,3206,-544,14204,2909,1580,13845,4712,872,15372,4692,-2163,14734,3478,-845,13183,4329,688,14438,3570,-1333,14278,2260,-1564,13018,3140,-138,13261,4050,-241,14224,3574,-2654,13328,3601,-1435,12650,4354,1120,13671,3872,-786,13175,3103,-1197,13315,2995,1603,12761,4886,1057,14314,4683,-1240,14603,3764,723,12480,5333,1647,14808,3620,597,14218,3418,-296,13921,3556,1864,14115,3969,1080,14777,4755,-2294,14982,4066,-849,13579,4506,912,14057,3701,-1498,14315,1937,-1553,13089,3212,465,13406,3843,-429,14084,2861,-2599,13134,3478,-1606,12715,4656,732,14116,3966,-667,12878,2924,-1497,12964,3006,1730,13300,4762,1311,14248,4658,-1232,14077,3434,314,12739,5114,2117,14189,4209,-157
15052
451,-160,13464,3866,2317,13991,3211,1317,14574,4309,-1950,14871,4711,-1078,14122,4413,846,13766,3604,-1730,14669,2148,-1661,13475,3226,879,13160,3502,-377,14109,2635,-2745,13193,3444,-1475,12921,5000,245,14008,3866,-1046,13145,3188,-1149,12729,3282,1814,13431,4262,1142,13855,4489,-1419,13631,3534,531,13212,4979,1578,14221,4636,-69,15190,3071,236,13122,4072,2166,14156,3474,1145,15059,3801,-1624,14478,4812,-638,14229,4486,504,14321,3928,-1642,14092,2500,-1696,13690,2743,989,12899,3561,-426,14435,2829,-2619,13464,3345,-1152,12562,4904,-30,14034,4031,-1339,13213,3388,-1225,12793,3677,1766,13020,3451,1055,13786,3780,-1349,13643,4104,473,13568,4756,1656,14023,4811,-542,14476,3239,380,13744,4528,2709,14127,4017,990,14908,2988,-1246,13880,4509,-331,14265,4995,370,14946,3704,-1688,13551,2634,-1660,13685,2931,935,13731,3767,-570,14233,3036,-2506,13445,3030,-633,12522,4730,-240,14212,3978,-1746,13289,3114,-977,12513,3584,1273,13145,3271,740,13978,3859,-1158,13774,4451,664,13080,4656,1320,14249,4786,-482,14135,3923,352
14109,4304,2548,13771,3607,1087,14588,2270,-1004,14102,4244,307,14302,5446,96,15264,3936,-1900,13707,3081,-1606,13782,3778,893,14136,3520,-383,13655,2437,-2314,13105,2789,-514,12936,4690,-454,14216,4207,-2367,13196,3055,-1118,12458,4083,1229,13329,3655,510,14075,3364,-983,13046,4412,809,13140,4472,1475,14540,4504,-817,14007,4150,364,14019,4177,2744,13712,3947,377,14864,2685,-617,14165,4243,953,14125,5733,-12,15446,3950,-2044,13879,3361,-1281,13544,3828,860,14109,2936,-607,13498,2478,-2236,13508,2898,-239,12985,4272,-394,14180,3945,-2717,13352,3532,-1053,12621,4238,1177,13427,3606,107,13414,2782,-606,13383,4008,1054,13144,5077,1064,14705,4101,-805,13878,4253,434,13389,4723,2285,14575,4163,626,14641,3107,-668,13865,3167,1587,13774,5271,172,15346,4528,-2339,14633,3009,-895,12653,3786,446,14761,2987,-824,14186,2831,-1884,13083,3231,-121,13292,3740,-373,13695,4090,-2813,13581,3528,-1026,12800,4186,1190,13074,3538,-723,13794,2620,-686,13069,4296,1566,13340,4894,754,14213,3975,-1037,13802,4109,443,13549,5068,2190
145
8,4100,304,14606,2814,-392,13497,3158,1936,14183,4709,494,15345,4927,-2474,14636,3451,-717,13221,4085,529,14239,3552,-1311,14766,2199,-1444,12415,3394,91,13469,3414,-600,14159,3562,-2842,13192,3969,-1155,13126,4152,1091,13159,3978,-911,13544,2738,-953,13207,3659,1953,12624,4952,688,14746,4070,-1342,13643,4021,947,13280,5086,1814,14749,3763,618,14261,3139,-525,13846,3642,2111,14085,4177,759,15178,4594,-2531,14443,3865,-444,13720,3990,765,13987,3574,-1583,14452,1859,-1598,12894,3609,456,13469,3752,-690,14540,2882,-2621,12699,3913,-1102,13278,4552,791,13716,4212,-1061,12962,2905,-1225,13072,3072,2177,12753,4763,1013,14743,4244,-1486,13788,3856,846,12956,5110,2010,14393,3989,-394,14734,3605,85,13885,3968,2134,13790,3417,1152,14865,4172,-2132,14727,4746,-595,14156,4177,736,13845,3383,-1936,14366,2327,-1540,13635,3796,769,13244,3941,-672,14253,2413,-2564,12820,3736,-1070,13021,4729,476,14158,3690,-1296,12604,2751,-1126,13022,3209,1883,13247,4587,1010,14317,4339,-1429,13612,3596,949,13063,5080,1501,14664,4469,-187
14612,3622,120,13473,4219,2398,14085,3404,783,14736,3868,-1616,14802,4908,-369,14062,4453,423,14288,3406,-1890,14048,2550,-1412,13720,3414,1163,13085,3545,-945,14041,2426,-2646,13406,3499,-835,12689,4902,36,14210,3509,-1404,12847,3323,-1126,12734,3741,1905,13622,3847,557,13486,4368,-1407,13984,4133,539,13235,4996,1761,14451,4618,-571,14606,3180,925,13217,4575,2142,14627,3727,577,14624,3229,-1315,14130,4612,-99,14262,4569,472,14805,3610,-1821,13667,2619,-1181,13565,3084,845,13652,3818,-1201,14249,2793,-2434,13253,3308,-460,12632,4619,-293,14237,3898,-1955,13193,3381,-766,12750,3954,1573,13198,3565,524,13909,3926,-1236,13669,4502,979,13158,4378,1249,14275,4440,-456,13848,3641,563,14145,4702,2451,14090,3812,426,14661,2378,-793,13833,4583,377,14422,5439,-72,15395,3540,-1932,13217,2807,-1146,13823,3590,929,14410,3674,-1012,13655,2604,-2359,13220,2901,-312,12762,4783,-323,14558,4041,-2170,13012,3123,-706,12425,3837,1352,13447,3576,-23,13657,3740,-785,13483,4274,1033,12773,4257,1572,14714,4427,-1041,14037,4122,840
13857,4368,2357,14039,3730,213,14682,2632,-599,13975,4308,1105,14555,5487,72,15337,3814,-2306,13783,3140,-1125,13635,4101,838,14361,3183,-778,13515,2354,-2129,13056,2984,-140,13244,4402,-663,14030,3906,-2605,13030,3280,-747,12653,4132,1099,13367,3624,-16,13762,3064,-620,13051,4538,1145,13225,4884,799,14783,3878,-628,13535,4374,532,13640,4298,2528,14493,4037,121,14604,3127,-507,14109,3659,1558,13953,5463,-119,15463,4035,-2235,14166,3353,-740,12845,3858,659,14597,2727,-1047,13700,2708,-1919,13430,3091,101,13205,3849,-565,13808,3774,-2904,13647,3745,-810,12369,4573,1168,13624,3465,-678,13307,2793,-357,13389,4441,1512,13492,4747,618,14185,3642,-1190,13849,4312,1095,13148,4912,2144,15085,4070,-9,14373,2998,-315,13554,3432,2135,14190,5045,100,15291,4744,-2464,14722,3232,-248,12464,3667,376,14989,3182,-1338,14356,2562,-1513,12648,3371,217,13599,3664,-841,13864,3943,-2850,13781,3895,-571,12440,4199,936,13596,3458,-1155,13395,2515,-658,12986,4028,2257,13392,4758,422,14114,3748,-1094,14141,4290,836,12953,5253,1919
15232,4054,-13,14022,3219,-197,13545,3516,2471,14294,4219,490,14976,4583,-2644,14790,3749,-514,13121,4079,504,14493,3521,-1617,14598,2188,-1173,12416,3715,592,13674,3564,-955,14135,3203,-2844,13092,3837,-742,12936,4173,784,13684,3764,-1336,13114,2703,-799,12986,3677,2289,12999,5043,366,14635,4477,-1635,13917,3954,1359,12805,5075,1752,14662,3568,-79,14520,3324,208,13496,3884,2081,14303,3475,608,14759,4551,-2355,14832,4466,-307,13934,4199,665,13910,3460,-1808,14659,2121,-1132,12865,3932,766,13772,3476,-1178,13921,2656,-2613,12834,3754,-969,13250,4586,419,13598,3901,-1331,13324,2838,-873,12399,3650,2275,13612,4573,436,14353,4283,-1498,13292,3699,833,13412,4715,1880,14078,4150,-228,15317,3246,316,13028,4306,2390,14321,3345,478,15010,4123,-1897,14192,5559,-265,14855,4072,490,13492,3471,-1873,14700,2291,-1004,13657,3674,828,12975,3534,-1340,14461,2212,-2720,12494,4227,-638,13643,4516,194,13465,3673,-1572,13028,2759,-647,12995,3619,1896,13030,4323,310,14627,3953,-1524,12841,4255,1201,13707,4596,1439,14259,4583,-388
14596,3536,903,13436,4283,2026,14167,3680,579,15202,3326,-1222,13931,5301,-82,14632,4299,4,14299,3421,-1980,13791,2747,-800,13811,3134,886,12989,3377,-1356,14594,2262,-2372,12665,3972,-362,13334,4703,-465,13872,3756,-1997,12874,3119,-443,13035,3663,1912,13028,4061,144,14425,3883,-1413,13209,4836,989,13562,4470,1446,14447,4263,-488,13656,3465,870,14320,4288,2464,13917,3972,60,14956,2638,-955,13634,5197,288,14574,4979,-145,14986,3203,-1811,13099,2748,-699,13979,3216,885,13940,3773,-1430,14216,2491,-2486,12674,3594,-40,13187,4711,-666,14369,3840,-2322,12670,3352,-307,13049,3515,1521,12931,3641,90,14241,3407,-1071,13266,4546,1146,12866,4266,1001,14890,4314,-797,13582,4574,1330,14500,4155,2277,13797,3814,289,14760,2360,-761,13853,5026,846,14466,5690,-354,15510,3038,-2079,12881,3192,-474,14337,3640,802,14416,3488,-1233,13316,2193,-2262,13200,3451,53,13052,4963,-784,14706,3557,-2491,12295,3241,-192,12955,3564,981,13551,3613,-237,13478,3412,-581,13597,4495,1120,12670,4752,803,15391,4046,-833,13251,4908,1250
14076,4340,2397,14310,3734,-311,14208,2658,68,14319,4094,1456,14012,5506,-820,15737,3429,-2296,13449,3456,-153,13520,3894,696,14657,2735,-1282,13095,2402,-1845,13603,3474,135,13132,4361,-988,14376,3456,-2694,12672,3599,-164,12912,4092,915,13611,3534,-872,13106,3060,-236,13538,4733,1458,13232,5036,350,14911,3492,-672,13215,4531,1390,13396,4477,1785,15124,3675,-240,13751,3070,25,14189,3410,2097,13817,5349,-495,15738,4221,-2515,14001,3404,109,12815,4001,315,15170,2937,-1557,13738,2822,-1320,13225,3298,178,13228,3669,-1177,14112,3579,-2798,13208,4111,-282,12697,4525,805,13809,3354,-1265,12846,2903,-239,13561,4156,2119,13049,4828,-55,14310,3230,-923,13847,4153,1325,12881,5211,1775,15580,3727,-483,13850,3656,145,13672,3585,2296,14529,4750,-103,15156,4483,-2227,14662,3540,167,12926,4117,381,14944,3184,-2227,14213,2594,-1154,12495,3657,384,13836,3640,-1172,13824,3131,-2457,13140,3852,-302,12674,4333,672,14054,3528,-1838,12888,2942,-404,12931,3775,2209,13448,4565,-38,14199,3920,-1143,14189,4184,1716,12671,5372,1314
15309,3880,-340,14006,3691,279,13611,3803,2626,14593,3633,246,14606,4063,-2226,14696,4020,-12,13314,4355,214,14481,3282,-2145,14233,2305,-1014,12620,3893,724,14222,3514,-1325,13736,2763,-2323,13113,3652,-482,12583,4595,197,14349,3657,-1804,12834,3000,-632,12684,3871,2261,13794,4717,26,14114,4297,-1144,13883,3796,1494,12773,5075,1642,14574,3753,-972,14821,3543,377,13085,4195,2534,14721,3161,370,14334,4046,-1787,14698,4827,-166,14201,4188,278,13989,3519,-2344,14652,2631,-904,13180,3851,879,13801,3086,-1222,13717,2248,-2245,13015,3864,-452,13333,4723,-269,13785,3778,-2046,13141,3018,-247,12356,4103,2209,14035,4188,169,13897,4021,-1149,13035,3719,1611,13637,4641,1063,14189,4505,-780,14947,3375,821,12993,4478,2447,14541,3375,403,14950,3738,-1306,14033,5456,206,14612,4109,15,14178,3472,-2181,14130,2776,-898,13614,3092,1035,13081,3031,-1461,14233,2373,-2184,13082,4161,-249,13294,4681,-607,13848,3623,-1961,13009,3290,-310,12680,3984,2085,13527,3663,11,13702,3644,-1127,13236,4290,1278,13725,4630,1168,14302,4579,-1009
[row took 22528us]
14357,3710,1160,13470,4512,2450,14811,3682,331,14580,3031,-769,13799,5139,336,14688,4445,-501,14453,3226,-2233,13662,2881,-604,13643,3444,933,13992,3392,-1451,14097,2526,-2027,12806,3834,146,13410,4602,-1082,13916,3749,-2488,13072,3232,-38,12483,3705,1501,13521,3430,-53,14048,3733,-882,13115,4800,1300,13607,4180,562,14220,4469,-620,13909,4275,1225,14110,4494,2236,14140,3521,248,14568,2288,-250,13753,4984,852,14854,5117,-1013,14951,3155,-2105,13242,3389,-330,14129,4076,684,14540,3437,-1367,13484,2149,-1843,12794,3383,194,13379,4512,-1076,14252,3640,-2571,12723,3332,-138,12499,3959,1105,13868,3542,-431,13659,3527,-436,13134,4565,1309,13182,4318,711,14744,4105,-857,13707,4633,1487,13844,4328,2054,14534,3409,-433,14212,2803,153,14266,4590,1507,14470,5490,-941,15204,3366,-2137,13709,3645,-171,13424,4319,367,14850,2577,-1572,13014,2325,-1585,13170,3324,437,13734,4052,-1332,13803,3706,-2764,13127,3759,-99,12763,4220,803,13716,3364,-823,13216,2927,72,12998,4621,1605,13739,4658,128,14652,3804,-494,13379,4593,1185
13646,4517,1620,14759,3694,-366,14336,3061,93,13643,3886,2221,14441,5063,-978,15230,3891,-2421,14020,3454,241,13213,3938,96,14879,2607,-1641,13740,2720,-1259,12930,3763,331,13725,3645,-1322,13712,3470,-2751,13018,4220,-168,13244,4392,702,13352,3354,-1454,13231,2550,134,13310,4676,2087,13437,4880,-232,14504,3298,-925,13292,4353,1634,13312,5031,1430,15572,3640,-440,13715,3303,574,13649,3457,2311,14506,4747,-582,15221,4444,-2360,14390,3646,430,12956,4173,137,15077,3037,-2206,14159,2796,-726,12601,3726,393,13814,3478,-1515,13741,3195,-2559,13176,4076,-187,12906,4374,561,13783,3352,-1715,13047,2719,74,13058,4100,2109,13484,4750,-399,14160,3856,-953,13737,4143,1868,12976,5236,1337,15346,3656,-446,14000,3355,413,13318,4070,2502,15119,4067,-273,14581,4489,-2138,14374,4030,321,13651,4131,162,14328,3468,-2278,14369,2119,-915,12262,3753,664,14189,3265,-1491,13908,2661,-2324,12660,3963,-312,13277,4230,119,13770,3693,-1871,13161,3004,-251,12644,4060,2249,13754,4640,-159,14276,4157,-952,13512,3964,1831,13237,4879,1261
14511,3648,-930,14469,3743,859,13449,4273,2324,14631,3399,46,14512,4301,-1813,14436,4740,210,14241,3942,190,13907,3062,-2420,14535,2285,-611,13092,3986,772,14026,3251,-1624,13795,2584,-2209,12578,4161,-229,13415,4556,-228,13932,3750,-1815,12707,3183,-85,12827,3860,1988,13769,4272,-179,13956,3951,-1065,13170,3744,1808,13299,4750,951,14722,4145,-681,14601,3592,984,13166,4367,2321,14831,3388,-280,14605,4063,-1169,14345,5159,631,14429,3836,-176,13899,3195,-2242,14357,2827,-636,13410,3601,695,13535,3352,-1868,13974,2634,-1981,12855,4298,64,13455,4214,-595,13631,3295,-1917,12945,3238,-195,12827,3892,1732,13713,3685,-459,13898,3770,-927,13196,4702,1483,13796,4474,972,14430,4494,-913,14153,3711,1632,13462,4358,1949,14683,3742,-140,14690,3286,-763,13769,5345,487,14588,4396,-532,14689,3082,-2035,13493,3031,-274,13673,3228,588,13901,3365,-1963,14099,2572,-1944,12979,3800,295,13299,4272,-1106,13999,3426,-2112,13021,3450,205,12609,3891,1074,13613,3572,-552,13749,4104,-796,13510,5103,1682,13476,4242,735,14284,4056,-456
13753,4044,1351,14055,4679,1868,14422,3481,-338,14312,2549,-98,13744,4990,917,15001,4956,-935,14833,3149,-1820,13380,3119,-309,13871,3884,465,14606,3492,-1851,13591,2537,-1707,12512,3610,333,13685,4376,-1378,14028,3783,-2223,13013,3430,146,12509,4024,864,13719,3354,-856,13756,3872,-219,12974,4904,1486,13515,3904,552,14327,3797,-558,13738,4403,1681,14096,4212,1709,14258,3589,-684,14357,2922,-6,13942,4992,1492,14779,5277,-800,15094,3187,-1816,13339,3635,-35,13958,3936,-77,14491,2917,-1748,13162,2488,-1389,12990,3438,405,13670,4016,-1443,13980,3333,-2301,12916,3860,329,12996,4108,405,13735,3394,-1078,13267,3101,244,13122,4749,1546,13559,4713,29,14718,3464,-199,13281,4786,1470,13909,4366,1578,14753,3813,-736,14243,3418,367,13919,4213,2008,14373,5133,-979,15227,3462,-1755,13674,3554,339,13291,3667,-268,14911,2561,-1949,13577,2989,-1101,13279,3724,381,13694,3660,-1398,13503,3271,-2416,13071,4124,310,13130,4272,362,13497,3304,-1902,13137,2813,440,13196,5029,1950,13845,4881,-331,14207,3218,-573,13316,4556,1960
13533,4632,1126,15319,3773,-849,13857,3296,794,13615,3589,2358,14580,4674,-882,15078,4006,-2062,14187,3795,750,13168,3862,-321,15095,2887,-2275,13907,3060,-599,12774,4031,338,13954,3319,-1728,13464,3013,-2298,13104,4240,227,13062,4144,235,13608,3417,-2021,13120,2821,350,13083,4675,2121,13529,4727,-515,14180,3258,-505,13389,4244,1996,13298,4721,1132,15352,3357,-615,13680,3515,629,13805,4043,2233,14814,4421,-575,14868,4382,-1944,14439,4055,736,13457,4040,-110,14728,2971,-2507,13897,2645,-565,12673,4055,428,14284,3465,-1857,13726,2681,-2187,12763,3985,267,13208,4407,-26,13875,3636,-2088,12821,3081,226,12743,3756,2195,13733,4515,-703,14154,3972,-878,13712,3981,2243,13198,4876,1110,14894,3468,-872,14279,3997,1163,13591,4584,1993,14818,3530,-403,14338,4286,-1576,14260,4689,609,14253,3717,-137,13961,2793,-2533,14257,2551,-333,13238,4244,450,14116,3548,-2087,13741,2374,-1850,12361,3969,133,13662,4112,-244,13769,3383,-1826,12743,2960,-53,12759,3931,1711,14028,4740,-697,14254,4207,-710,13027,3945,2153,13513,4423,856
14493,3955,-630,14479,4065,1189,13463,4336,2158,14588,3339,-614,14623,3860,-1088,14175,5149,836,14744,4014,-328,13990,2830,-2265,14088,2975,-337,13619,3951,471,13805,3180,-2218,13633,2274,-1922,12672,4255,318,13673,4503,-765,13662,3172,-1842,12704,3400,91,12856,4073,1446,14079,4194,-881,13735,4029,-700,12977,4273,1931,13944,4152,834,14373,4051,-603,14280,3938,1768,13437,4559,1367,14836,3813,-723,14784,3510,-481,13587,5437,950,14869,3875,-457,14279,2644,-1931,13570,3035,-192,13703,3405,103,13835,3709,-2421,14047,2779,-1725,12731,4212,589,13472,4078,-1002,13803,3200,-1897,12669,3503,164,12894,3798,914,13611,3610,-836,13833,3818,-601,13415,5034,1834,13670,4118,549,14493,3966,-218,13447,4274,1561,14252,4631,1691,14570,3819,-797,14246,2697,127,13654,5120,962,14840,4685,-801,15151,2592,-1706,12754,3302,-59,14213,3748,93,14647,3914,-2296,13494,2839,-1459,12936,3421,554,13166,4071,-1224,14222,3074,-1934,12667,3270,380,12688,3709,449,13903,3544,-1121,13558,4375,-25,13487,5183,1619,13284,4124,754,14438,3758,-456
13515,4542,1794,14006,4228,1399,14615,3321,-1009,14053,2912,371,14109,4801,1486,14815,5095,-965,15102,2956,-1593,13204,3599,186,13825,3918,-205,14730,2902,-1943,13172,2894,-1391,13097,3546,215,13646,3908,-1543,13874,3180,-2052,12748,3702,530,12944,4320,77,13870,3724,-1389,13388,3821,351,12832,5145,1468,13987,4328,9,14397,3131,147,13166,4235,1654,14048,3913,1392,14638,3741,-1185,14211,3457,580,14005,4428,1763,14559,5239,-1181,15206,3467,-1281,13518,3775,727,13510,3639,-547,14658,2438,-2247,13340,3224,-1071,13304,3897,150,13764,3488,-1535,13540,2861,-1975,12963,4149,621,13125,4471,83,13878,3328,-1934,12725,3126,621,13352,4760,1739,13806,4453,-436,13964,2965,-270,13378,4404,2237,13376,4711,795,15560,3932,-1049,13981,3941,893,13644,3999,2157,14764,4678,-1066,14943,4184,-1573,14274,3581,1150,13012,3589,-771,14880,2662,-2655,14056,3265,-587,12803,4073,293,14149,3126,-1590,13226,3094,-1817,13080,4262,604,13189,4207,-114,13503,3277,-2232,13089,2983,271,12951,4659,2050,13944,4558,-634,13785,3467,30,13610,4565,2090
13507,4976,645,15266,3639,-889,13753,3881,915,13560,3901,2201,15045,4033,-654,14729,4135,-1424,14270,3936,784,13681,3959,-828,14561,2949,-2813,14021,2877,-190,12540,4232,543,14339,3129,-1776,13495,2688,-1847,12706,4193,381,13366,4048,-484,13900,3557,-2296,12737,3436,339,13116,4166,2002,13438,4599,-708,14256,3863,-395,13449,4225,2410,13317,4770,502,14837,3270,-869,14006,4003,1311,13674,4373,1926,14968,3521,-632,14248,4052,-1210,14190,4711,846,14428,4043,-565,13994,2950,-2600,14055,2733,-204,13168,4241,480,14326,3254,-2041,13658,2322,-1590,12468,4128,92,13568,4206,-797,13803,3604,-1945,12786,3535,263,12705,3878,1735,14160,4348,-715,13840,3880,-293,13193,3842,2040,13432,4474,591,14573,3666,-750,14552,4288,1264,13363,4518,2030,14891,3317,-723,14386,3989,-640,14250,5361,906,14810,3858,-582,13958,2897,-2408,14100,3161,-244,13604,3727,230,13787,3094,-2107,13686,2272,-1494,12695,4294,415,13804,4278,-1019,13642,3274,-2089,12817,3618,175,12754,3930,1391,14058,3914,-697,13518,3666,-55,13041,4127,2130,13910,4408,29
14455,4200,-826,14437,4411,1711,13178,4578,1527,15181,3421,-315,14178,3348,29,14006,5120,844,14851,3984,-1014,14195,2883,-2249,13805,3425,-130,13497,3563,277,14211,3118,-2062,13587,2571,-1075,12839,4178,448,13748,4170,-1562,13649,3387,-2053,13010,3688,196,12596,4107,877,14093,3413,-772,13289,3990,-2,13298,4833,2033,14003,4135,303,14010,4169,-482,13777,4097,1366,13797,4611,1623,14926,3400,-828,14193,2664,568,13591,5214,1094,15232,4554,-1250,14651,3013,-1951,13204,3327,-197,13808,3713,223,14656,3474,-1981,13485,2696,-974,12705,3608,465,13762,4022,-1678,13839,3443,-2195,12895,3822,122,12757,4139,500,13786,3310,-776,13667,3869,456,13003,4732,1778,13720,3800,30,14358,3903,-762,13824,4764,1867,14135,4562,1309,14509,3466,-577,14263,2989,594,13721,5072,1429,15069,5063,-1325,14890,3029,-1752,13161,3612,53,14088,3898,-268,14651,2892,-1747,13227,2747,-1027,12949,3552,350,13883,3860,-1810,13702,3276,-2097,12845,3732,607,13024,4112,-127,13686,3377,-1242,13519,3438,869,12645,5041,1574,14165,4514,-313,14302,3690,-170
13
5,4887,1509,14089,4416,1455,14471,3738,-956,14360,3241,1202,13462,4105,1800,15072,4749,-1513,14915,3463,-1590,13700,3855,426,13670,3771,-662,14548,2421,-1922,13509,3094,-524,12950,3882,192,14020,3360,-1809,13333,3191,-2316,12790,4445,488,13751,4357,-116,13152,3618,-1952,13535,2880,1179,12816,5250,1827,14086,4780,-735,14365,3075,-280,12733,4641,2212,13860,4104,687,15111,3750,-852,13953,3543,1075,13726,3695,2119,14616,4768,-1238,15212,4173,-1901,14066,4015,1001,13292,3676,-787,14773,2637,-2318,13888,3282,-221,12940,3862,282,13951,3199,-1959,13527,3019,-2119,12982,4494,489,13436,4211,-254,13583,3360,-1928,12846,3108,810,13235,4401,2027,13754,4488,-816,13825,3102,-300,13494,4380,1848,13504,4679,775,15447,3443,-788,13606,4097,1200,13824,4188,2024,14897,4504,-949,14839,4612,-1561,14203,4230,884,13733,3530,-588,14526,2512,-2519,13869,2675,14,12754,3994,176,14344,3404,-2121,13565,2838,-1992,12546,4339,511,13438,4047,-265,13695,3298,-2002,12779,3140,633,12919,3956,1955,13843,4453,-895,14072,3982,-666,13633,4542,2367
13410,4899,444,14902,3423,-503,13860,4354,1491,14191,4333,1905,14598,3545,-715,14448,3962,-1386,14113,4548,773,14230,3667,-704,13981,2374,-2344,13638,2770,230,13459,4324,213,14377,3629,-2353,13561,2602,-1718,12564,4241,130,13471,4125,-673,14111,2990,-1672,12275,3274,394,13146,3753,1602,13987,4828,-1183,14007,4465,-557,13518,4317,1914,13221,4642,802,14698,3315,-385,14201,4251,1693,13604,4197,1888,14854,3115,-1086,14040,4009,-860,14528,5274,580,14629,3868,-577,13874,2455,-2055,13862,3195,270,13816,3875,225,13987,3157,-2525,13355,2475,-1695,12915,4381,146,13796,4345,-1021,13628,2932,-1708,12620,3694,570,12933,4195,1419,14333,4162,-1057,13312,4222,-376,13198,4257,2107,13775,4252,295,14434,3676,-327,14249,3890,2023,13305,4463,1198,15254,3421,-914,14335,3794,-185,14094,5517,780,14715,3932,-778,14343,2645,-1809,13305,3374,274,13836,3448,39,13956,3374,-2630,13614,2857,-1398,13049,4183,296,13589,4147,-1212,13653,2964,-1632,12850,3481,637,12678,4012,846,14026,3691,-1135,13381,4228,-115,13353,4967,1867,13991,3929,495
14093,3417,-160,13589,4091,1862,13862,4729,1457,14960,3672,-1361,14010,3150,271,13827,5425,1028,15136,4707,-1036,14620,2680,-1553,13079,3063,191,13783,3533,125,14771,3490,-2544,13490,3136,-1399,12809,3667,330,13668,3930,-1601,13741,3247,-1736,13072,3493,726,12330,4071,379,14094,3361,-1266,13539,4465,128,13017,5125,1446,13747,3577,93,14007,3389,-98,13617,4532,2292,14390,4534,1156,14633,3732,-1141,14071,3257,343,13904,5156,1270,15008,5210,-1165,14889,2655,-1256,13036,3217,513,13910,3516,-429,14908,2980,-2254,13234,3365,-1378,12926,3833,148,13900,3890,-1547,13518,3133,-1595,12861,3644,963,12766,4099,-268,13953,3360,-1570,13394,3691,679,12764,5285,1349,14089,4303,-386,14211,3325,215,13250,4675,2189,14219,4241,1279,14654,3568,-1412,14210,3502,896,13909,4505,1658,14941,5063,-1593,14900,3392,-1194,13621,3648,824,13579,3671,-556,14665,2389,-2264,13485,3509,-937,13055,4193,134,14015,3376,-1647,13204,2907,-1765,13004,3893,841,13324,4238,-357,13387,3224,-2181,13431,3308,988,12721,5484,1698,14485,4627,-680,13996,2993,314
129086
64,2492,13722,4012,392,15048,3782,-1127,14225,4022,861,13514,4077,2109,14969,4807,-1349,14893,4362,-1549,14062,3711,1182,13247,3238,-862,14599,2232,-2263,14048,3476,-323,12995,4318,-113,14075,3105,-2078,13140,3030,-1733,12989,4424,751,13578,3988,-398,13081,3213,-2000,13260,2884,834,13048,4958,1924,14105,4649,-1023,13955,3145,-40,13183,4617,2265,13852,4554,640,15222,3427,-666,13739,4223,1181,13728,3989,1806,14999,4284,-1019,14791,4392,-1243,14263,3848,1002,13576,3410,-815,14423,2214,-2430,13937,3095,-39,12875,4539,-203,14514,3385,-2355,13411,2866,-1545,12782,4106,767,13500,3875,-460,13523,3254,-2033,12973,3315,765,12839,4196,1734,14020,4625,-1173,14025,4081,-383,13444,4298,2483,13582,4564,369,14665,3149,-297,14088,4067,1425,13582,4409,1731,15150,3563,-1004,14328,4296,-1091,14068,4794,877,14622,3604,-779,13724,2504,-2020,14059,2701,212,13172,4361,-30,14473,3608,-2553,13694,2742,-1500,12250,4313,376,13724,3745,-796,13621,3034,-1652,12713,3193,475,12848,3958,1562,14077,4702,-1149,14169,4199,-154,13196,4221,2086
13678,4351,699,14391,3461,-376,14449,4466,1506,13657,4285,1560,14778,3205,-877,14176,4213,-606,14362,5586,588,14931,3752,-754,13578,2347,-1868,13996,3101,257,13841,4203,0,13993,3030,-2480,13381,2361,-1443,12568,4412,165,14097,4117,-1141,13507,2989,-1668,12675,3485,781,12928,3898,1173,14140,4435,-1110,13798,4353,-117,12718,4511,2097,14015,4177,126,14375,3879,-27,14282,4170,1885,13596,4398,1203,14807,3537,-998,14593,4022,-112,14001,5764,857,15011,3556,-970,13877,2452,-1782,13553,3151,273,14035,3413,-134,13661,3235,-2566,13846,2816,-1105,12674,4573,303,14008,4007,-1442,13438,3098,-1669,12546,3684,676,13300,4036,925,13755,3662,-997,13671,4161,-37,13125,5159,1624,14145,3987,149,14087,3665,-98,13465,4197,2174,14368,4291,1243,14522,3678,-1151,14343,3280,299,13705,5676,681,14935,4470,-1347,14745,2465,-1419,12579,3239,526,14314,3325,-190,14321,3588,-2656,13704,3236,-1242,12911,4074,256,13581,4023,-1698,13898,2803,-1598,12572,3455,1000,12886,3751,-36,13885,3529,-1130,13547,4618,321,13298,5125,1220,13651,3772,-12
14181
363,94,13378,4517,2325,14373,4314,839,14600,3421,-1017,13947,3354,679,14068,5230,1047,15029,5077,-1555,14959,2618,-1131,12796,3319,705,14172,3367,-431,14804,2914,-2233,13205,3393,-1167,13163,3975,-93,13783,3979,-1891,13750,3032,-1500,12644,3717,1323,12955,4060,-234,13825,3309,-1517,13339,3945,616,12789,5287,1130,14275,4114,-322,14060,3216,544,13121,4428,2353,14323,3879,988,14601,3747,-1436,14094,3749,853,14058,4804,1372,14861,4980,-1595,14949,2903,-839,13166,3583,1177,13861,3411,-893,14660,2489,-2478,13206,3734,-883,13507,4386,-163,13935,3702,-1893,13346,2816,-1434,12689,3797,1168,13161,3913,-418,13714,3069,-1911,12917,3358,882,13263,5203,1323,14201,4639,-841,14089,3069,630,13135,4351,2744,13709,4104,374,15346,3703,-1078,13967,4278,889,13807,4179,1656,14777,4821,-1612,14863,4121,-1085,13990,3582,1529,13369,3163,-908,14659,2176,-2464,13700,3800,-503,13277,4464,-304,14281,3200,-2011,13118,2705,-1417,12791,3700,1095,13567,3633,-484,13451,3083,-2083,13107,3366,646,13221,5305,1470,14326,5077,-1142,13906,3560,481
13223,4412,2619,13537,4281,434,15307,3105,-686,13574,4242,1127,13942,4062,1491,14950,4394,-1357,14763,4319,-1019,14142,3861,1438,13590,3297,-726,14573,2016,-2459,13618,3256,51,12973,4488,-423,14501,3384,-2563,13364,3083,-1364,12836,4207,959,13387,3656,-475,13742,3336,-2065,12778,3754,721,13321,4628,1327,13702,4824,-1356,14092,3855,-2,13225,3855,2810,13515,4113,383,14949,2773,-392,13608,4333,1298,13971,4437,1421,15019,3968,-1388,14327,4520,-846,14225,4405,1239,14160,3481,-599,14065,2161,-2011,13797,2964,-53,13227,4441,-620,14537,3732,-2837,13464,3134,-1277,12681,4192,713,13610,3727,-597,13592,2895,-1592,12694,3390,581,12629,4009,985,14362,4493,-1494,13768,4284,208,13117,3917,2294,13672,4161,711,14323,3422,-329,14485,4751,1451,13545,4725,1221,15040,3378,-1331,14047,4564,-359,14530,5351,840,14841,3396,-624,13622,2275,-1837,13944,3345,133,13833,4236,-532,14148,3291,-2682,13351,2832,-1122,12639,4294,542,13970,3655,-985,13234,2618,-1458,12722,3331,658,12946,4121,646,14267,4416,-1511,13571,4520,175,12795,4318,2321
14231,4151,191,14295,3878,200,14330,4443,1917,13431,4579,825,15076,3542,-1238,14298,4299,147,14094,5484,876,14876,3476,-933,13903,2317,-1591,13721,3208,389,13731,3585,-457,13981,3065,-2835,13523,3196,-904,12795,4540,294,14116,3531,-1437,13107,2785,-1423,12938,3629,739,12986,4285,460,13974,3682,-1377,13469,4580,209,13081,5282,1798,14509,3889,265,13879,3698,222,13631,4240,2121,14264,4399,997,14599,3357,-1332,14268,3254,462,13505,5433,775,15358,4018,-1362,14308,2482,-1058,12981,3169,539,14102,3385,-551,14279,3520,-2565,13737,3374,-939,12579,4110,207,13894,3619,-1841,13528,2967,-1426,12834,3877,988,13229,3946,-290,13598,3489,-1195,13833,4615,520,13047,5362,1308,13988,3704,-1,13830,3164,400,13280,4308,2359,14623,4256,379,14533,3326,-1041,14018,3491,757,13896,5277,1057,15262,4995,-1544,14790,2751,-772,12853,3497,708,14415,3519,-932,14562,2875,-2383,13421,3421,-868,13049,4014,-38,13945,3746,-1830,13570,3094,-1229,12567,3989,1179,13406,3758,-559,13473,3146,-1553,13562,3906,945,12884,5148,1221,14211,4068,-439
141
,3056,673,13005,4644,2238,14620,4233,704,14510,3800,-1437,14141,3883,1300,13886,4893,1397,15220,4847,-1632,14582,3099,-665,13299,3511,1071,13979,3172,-1321,14432,2331,-2435,13274,3634,-608,13462,4424,-67,14194,3343,-1836,13253,2863,-1223,12476,4014,1135,13806,3892,-825,13155,3139,-1997,13255,3246,1180,12987,5338,1263,14377,4504,-921,14163,3178,763,12657,4675,2589,14183,3928,31,15019,3803,-780,13832,4185,1182,14055,3913,1604,14474,4529,-1616,14943,3870,-900,13799,3676,1383,13603,3353,-1414,14767,2238,-2299,13600,3708,-87,13332,4327,-338,14108,3068,-2128,13158,2895,-1226,12738,4108,982,13794,3700,-983,13272,3288,-2026,12990,3663,978,13367,5163,1431,14145,4636,-992,13695,3081,977,12888,4180,2346,14089,4305,-70,15083,3387,-841,13718,4493,1470,13909,4332,1317,15082,4348,-1271,14652,4282,-574,13876,3887,1264,14037,3334,-1357,14208,2383,-2489,13921,3380,210,12973,4243,-449,14356,3156,-2475,13401,3127,-1030,12597,4221,734,13841,3546,-853,13257,3280,-1921,13084,3770,905,13005,4472,952,13975,4407,-1387,13900,3726,601
13005,4180,2616,14006,4300,-170,14758,3375,-234,13617,4908,1513,14364,4494,1267,14896,3766,-1284,14292,4023,-303,14007,4158,1285,14486,3427,-1236,14041,2227,-2257,13667,3381,130,13537,4600,-608,14685,3523,-2503,13115,2913,-613,12514,4064,607,13693,3629,-1292,13578,3009,-1748,12481,3702,586,13062,4142,686,14178,4466,-1332,13835,4179,764,12973,4202,2120,13951,4136,237,14165,3451,-370,14317,4828,1725,13749,4520,1047,14990,3070,-1269,14020,4184,172,14365,5093,946,14970,3345,-1011,13512,2497,-2047,13993,3748,222,13939,4468,-770,14056,3101,-2587,13253,2677,-622,12578,4305,482,14165,3692,-1473,13128,2863,-1630,12569,3726,769,13096,4219,239,14170,4234,-1282,13538,4133,870,12664,4255,2540,14505,3874,-150,14146,3809,-16,14081,4551,1889,13642,4542,348,14945,3573,-1124,14363,4266,720,13912,5273,1155,15073,3337,-1109,13961,2786,-1770,13639,3650,127,13960,3658,-848,13694,3173,-2552,13764,2947,-231,12630,4133,524,13908,3302,-1708,13236,2787,-1453,12785,4009,489,13294,4230,-29,13908,3706,-1125,13475,4308,827,13088,4858,2070
14416,3708,59,13846,3690,61,13479,4419,1744,14359,4577,469,14834,3534,-1250,14112,3529,1249,13660,5216,1041,15293,4181,-1296,14302,2702,-1102,13030,3333,138,14246,3408,-976,14327,3156,-2424,13716,3402,-450,12716,3807,418,13987,3450,-1990,13394,3332,-1299,12868,4146,732,13076,3982,-752,13659,3128,-1148,13810,4521,1143,12883,5020,1684,14255,3335,13,13647,3459,272,13394,4822,1959,14891,4449,56,14159,3546,-897,14136,3378,1359,13766,4987,1299,15452,4449,-1485,14646,2802,-777,12958,3686,235,14502,3464,-1424,14264,2795,-1975,13343,3497,-417,13044,4021,45,14147,3574,-1900,13511,3265,-1113,12591,4213,953,13539,3761,-1056,13321,3041,-1398,13340,3622,1303,12825,5077,1142,14267,4122,-775,14222,3270,858,12763,4934,1889,14890,3912,451,14264,3740,-1099,14091,3936,1581,14009,4400,1341,14800,4469,-1830,14768,3254,-540,13207,3848,859,14184,3394,-1755,14260,2460,-2225,13260,4081,-158,13600,4277,-147,13992,2979,-2028,13176,2643,-1143,12485,4089,914,14016,3895,-1198,13070,3102,-2000,13060,3530,1612,13263,5264,1292,14329,4577,-923
[row took 22547us]
141963
37,854,12496,4802,2250,14353,4021,-279,14956,3684,-771,13661,4142,1668,14098,3629,1278,14493,4407,-1747,15172,4103,-689,13825,4207,1247,13796,3184,-1493,14662,2157,-2199,13349,3929,115,13800,4081,-518,13692,2848,-2334,13257,2761,-1027,12736,4468,817,13859,3888,-1150,13474,3217,-1832,12556,3744,1265,13641,4885,1059,13861,4583,-1113,13622,3172,1053,12980,4238,2212,14089,4305,-208,15292,3339,-611,13304,4597,1716,14341,3959,1142,14955,4074,-1279,14611,4295,-242,14096,4263,1078,13944,3601,-1516,14515,2386,-2309,13430,3584,379,13438,4000,-647,14260,3125,-2489,13074,3100,-842,12980,4340,639,13465,3835,-1210,13618,3022,-1700,12537,3880,1293,13078,4122,767,14217,4118,-1297,13383,3956,835,13687,4002,2332,13729,4393,-217,14652,3267,-380,13778,4883,1921,14110,4658,770,15163,3469,-1182,13605,4486,34,14475,4622,1088,14501,3452,-1286,13783,2381,-2110,13691,3297,279,13658,4400,-912,14446,2998,-2375,13021,2835,-341,12593,4124,251,14061,3576,-1491,13382,3050,-1335,12792,3670,839,13044,3922,464,14279,4282,-1273,13577,4374,963
13059,4244,1962,14008,4325,-260,14235,3896,81,14129,5007,1889,13903,4254,830,14769,2949,-1007,13781,4173,527,14411,4959,766,14855,3444,-1319,13748,2229,-1767,13869,3673,431,14014,4127,-940,14156,2974,-2452,12826,3024,-277,13037,4251,274,14165,3705,-1754,13073,2926,-1385,12900,3996,811,12994,4311,86,14516,4006,-1236,13086,4573,999,12966,4608,1901,14416,3906,-284,13836,3884,132,14134,4261,2358,13712,4224,253,14948,3049,-877,14145,3921,1079,13812,5257,631,15280,3464,-1506,13719,2947,-1239,13780,3739,461,13858,3533,-1014,14083,2992,-2519,13633,3237,-159,12672,4273,134,14240,3485,-2100,13013,3351,-1155,12952,4175,854,13284,3907,-328,13540,3263,-1074,13580,4296,1029,13019,4907,1807,14571,3399,-390,13439,3680,645,13555,4417,1777,14415,4640,43,14736,3252,-1064,14051,3357,1567,13578,5339,1008,15721,4294,-1639,14203,3038,-737,12965,3633,189,14528,3683,-1406,14337,3299,-2320,13580,3165,-88,12664,3595,273,14167,3231,-2146,13243,3420,-1137,12796,4030,799,13370,3709,-1099,13278,2994,-1196,13778,4283,1518,12706,5246,1181
145,-1210
-302,13654,3893,593,13353,4944,2043,15008,4214,-139,13945,3511,-947,14220,3456,1612,13565,4996,1088,15606,4634,-1834,14674,3368,-333,12961,3954,557,14597,3171,-1858,14030,2407,-2009,13159,3371,-93,13256,3826,-70,14013,3153,-2195,13355,3335,-991,12560,4476,876,13964,4068,-1484,13085,3310,-1455,13460,3587,1717,12682,5185,1226,14496,4157,-1030,14204,3286,1176,12448,4979,1645,14921,3759,-207,14370,3771,-558,13961,4049,1730,14107,4062,1410,14491,4471,-1869,14861,3617,-472,13335,3851,953,14162,2995,-1913,14309,2127,-2042,13359,3953,273,13825,4259,-524,13972,3111,-2277,13191,3203,-1024,12619,4668,813,13937,4057,-1214,13133,2988,-1774,12775,3317,1625,13486,4943,1110,14228,4446,-1249,13843,3179,793,12724,4847,2185,14330,4273,-325,15085,3583,-427,13388,4237,2020,14088,3579,1144,14570,4126,-1645,14729,4332,-393,14134,4162,1003,13865,3438,-1700,14569,2517,-2127,13654,4134,355,13346,4217,-578,14076,2839,-2371,13051,3148,-756,13066,4224,643,13630,3560,-1291,13241,2779,-1714,12795,3656,1384,13373,4692,651,14313,4391,-1210
13271,3736,1148,13327,4367,2153,14197,4417,-268,14658,3359,-6,13420,4385,1512,14184,4007,916,14936,3760,-1297,14251,4557,6,14214,4512,951,14282,3615,-1495,14173,2545,-1769,13516,3337,371,13271,3873,-933,14631,2654,-2374,12929,3047,-473,12903,4278,276,13801,3846,-1420,13439,3339,-1543,12624,3863,1139,13268,4100,568,14037,4258,-1209,13670,4251,1193,13278,4252,2057,14141,4274,-34,14134,3481,-308,14134,4858,1934,13875,4256,480,14971,2837,-951,13643,4514,470,14470,4916,849,14981,3413,-1473,13365,2283,-1727,13895,3411,322,13842,4320,-1038,14470,2828,-2425,12749,2999,-190,12824,4514,211,14466,3965,-1679,12899,3307,-1269,12912,3667,1033,12831,3966,117,14304,3990,-1120,13508,4366,1064,12640,4194,2065,14687,4021,-569,13862,4076,440,14378,4377,1995,13531,4161,422,14856,2894,-1028,14139,4295,881,14007,5571,850,15643,3367,-1530,13389,2957,-1491,13830,3836,421,14192,3864,-967,13539,3025,-2479,13579,2697,-93,12557,4330,171,14503,3516,-1988,12875,3282,-1066,12753,3941,771,13373,3787,-183,13542,3539,-1062,13587,4233,1032
12749,4826,1489,14764,3652,-185,13569,4055,269,13810,4557,2238,14330,4426,178,14656,3299,-970,14207,3724,1275,13641,5473,543,15716,4044,-1660,14021,3228,-936,13123,3588,368,14284,3142,-1077,13940,3042,-2288,13718,3242,-177,12624,3672,70,14050,3209,-2254,13294,3672,-1123,12900,4361,929,13271,3711,-954,13301,3003,-922,13614,4603,1275,13130,5212,1234,14523,3329,-637,13508,3743,843,13255,4949,2076,15253,4532,-218,14000,3394,-712,14033,3393,1713,13684,5014,817,15493,4416,-2009,14727,2914,-375,12533,3618,468,14963,3065,-1589,14053,2868,-2062,13409,3601,-193,13104,3669,-298,13761,3388,-2247,13676,3547,-875,12469,4562,985,13648,3762,-1377,13292,3059,-1264,13400,4030,1668,13099,5147,893,14094,4075,-821,14148,3302,1024,12742,5092,1957,15147,3906,153,14191,3423,-1019,13801,3852,1927,14343,4374,983,14766,4473,-2096,14824,3295,-330,13079,4129,720,14471,3288,-1799,14246,2411,-1998,12882,3985,90,13909,4071,-415,13836,3155,-2255,13395,2975,-918,12693,4340,711,13746,3969,-1327,13369,2778,-1474,12690,3586,1879,13431,4775,851
1431
4368,-1214,13870,3429,1036,13083,4812,2257,14089,3958,-548,14993,3556,-371,13565,4368,1711,13953,3818,990,14757,4384,-1842,14664,4339,-331,14014,3965,1025,13784,3112,-1728,14503,2124,-1912,13404,4074,439,13788,3962,-849,14063,2614,-2369,12783,3101,-765,13200,4439,675,13793,3862,-1275,13090,2940,-1452,12657,3583,1483,13451,4956,862,14248,4468,-1329,13370,3324,1317,13059,4593,1891,14271,4412,-138,15023,3513,-265,13313,4600,1953,14137,3790,756,15057,3742,-1510,14265,4543,-52,14411,4082,947,14133,3402,-1606,14277,2251,-1772,13634,3593,575,13198,4121,-1107,14447,2789,-2573,12881,3305,-460,12994,4451,464,13848,3787,-1239,13241,3228,-1417,12824,4034,1213,13127,4283,420,14149,4164,-1370,13436,4272,1100,13438,4248,2368,14180,4041,-401,14375,3092,169,13783,4670,1888,14205,4409,391,15015,3190,-1215,13808,4554,258,14231,4804,917,14955,3492,-1468,13516,2577,-1738,13699,3350,512,13729,4372,-1291,14487,3036,-2524,13080,3009,-176,12455,4353,154,14261,3725,-1727,13176,3257,-996,12535,3650,1046,13150,3780,56,14055,4116,-1271
13
9,4197,1332,12756,4049,1760,14226,4017,-305,14201,3777,336,14031,5194,1841,14235,4431,459,14640,3139,-1139,13900,4444,964,14532,5220,743,15034,3355,-1505,13617,2190,-1327,13675,3672,418,14155,4006,-1382,14104,2898,-2564,12769,3125,-205,13050,4159,303,14288,3890,-1824,12877,2762,-909,12833,3679,885,12908,4046,-419,14505,3879,-1428,13094,4786,1154,12972,4795,1762,14987,3969,-229,13614,4134,549,14195,4469,2318,13774,4369,-147,14903,3126,-1026,14169,4069,1282,13710,5156,505,15510,3351,-1696,13416,2895,-912,13764,3519,499,13926,3598,-1347,14008,3105,-2573,13637,3403,-38,12547,4119,-12,14425,3165,-2157,12846,3497,-787,13103,4203,923,13370,4179,-843,13457,3386,-1227,13779,4555,1118,12851,5270,1691,14973,3112,-305,13127,3701,1101,13459,4264,1874,14911,4383,-354,14226,3512,-1190,14212,3434,1522,13456,5279,736,15612,4214,-1552,14362,3007,-186,12678,3482,321,14884,3160,-1718,14030,3312,-2365,13586,3535,-218,12986,3786,108,13967,3323,-2150,13489,3272,-684,12568,4135,993,13628,3669,-1296,13057,3105,-1270,13641,4295,1563
12945,4961,959,14219,3200,-153,13866,3605,943,13042,5074,1969,15331,4166,-306,13703,3804,-1015,14211,3667,1687,14072,4704,962,15218,4308,-1689,14764,3054,-23,12809,3832,512,14839,3125,-2139,13971,2764,-2182,13161,4036,-92,13695,3893,-324,13803,2973,-1925,13363,3021,-500,12448,4216,909,14072,3705,-1634,13047,3160,-1599,13287,3806,1601,13095,5201,875,14375,4382,-899,14228,3467,1669,12595,4936,1922,14677,3610,-595,14537,3646,-533,13685,4394,1480,14466,3799,977,14322,4030,-1620,14885,3744,49,13637,4116,1089,14226,3092,-2066,14199,2220,-1936,13209,4258,212,14092,4148,-919,13817,2622,-2045,13037,2692,-465,12696,4412,797,14022,3920,-1482,13150,3330,-1748,12602,3921,1487,13740,5070,697,14149,4442,-868,13535,2978,1470,12895,4199,2169,14127,3995,-492,15150,3563,-637,13306,4843,1701,14386,4062,663,14651,4143,-1265,14526,4402,372,14306,3967,1167,13868,3154,-1880,14326,2296,-2232,13542,4047,246,13510,4317,-1158,14231,2793,-2312,12948,3167,-232,13072,4254,724,13758,3755,-1269,13203,3113,-1689,12828,3884,1142,13348,4459,141
14034,3976,-1107,13379,3677,1445,13449,4086,2308,14025,4179,-537,14682,3693,191,13419,5159,1421,14644,4466,517,14694,3466,-1151,13965,4262,477,14306,4137,1082,14312,3545,-1706,14203,2449,-1876,13320,3754,197,13747,4413,-1452,14581,2971,-2278,12836,3108,80,12914,3705,712,13684,3620,-1541,13539,2985,-1426,12458,3986,738,13223,4253,-231,14345,4250,-1226,13510,4660,1734,13194,3985,2124,14154,3999,-5,13869,3691,-127,14498,5178,1770,13900,4389,10,14963,2620,-999,13703,4555,1064,14556,4898,897,15144,3402,-1495,13255,2428,-1653,13907,3765,148,14215,4364,-1459,14191,2573,-2339,12718,2845,381,12753,4085,499,14594,3736,-1939,12966,3244,-1385,12744,4110,673,13369,4502,-388,14326,4182,-1027,13346,4346,1593,12567,4088,2305,14837,3665,-618,13696,4008,482,14208,4539,1723,13826,4358,-403,14860,3221,-870,14265,4250,1461,13793,5411,902,15598,3209,-1503,13464,2865,-1237,13488,3635,219,14444,3484,-1647,13655,3062,-2522,13602,3148,255,12810,4261,243,14241,3551,-2210,13265,3230,-971,12660,4298,608,13540,3833,-737,13554,3321,-912
132
,4302,1451,13129,4458,1680,14611,3382,-317,13492,3854,624,13665,4651,1614,14385,4831,-269,14796,3446,-953,13738,3545,1994,13666,4910,684,15634,3705,-1697,13936,2850,-736,13139,3413,-28,14533,3424,-1701,14284,3498,-2263,13623,3653,108,12790,3721,157,13963,3123,-2120,13347,3423,-776,12730,4098,752,13267,3595,-1534,13470,2892,-1064,13510,4510,1605,12974,5142,1050,14655,3437,-362,13354,3731,1005,13314,4927,1846,15182,4457,-311,14067,3587,-871,13807,3487,1790,14082,4715,927,15407,4262,-1799,14658,3119,-182,13040,4018,457,14751,3611,-2058,14211,3041,-2001,13241,3882,-81,13263,3580,-223,13867,2769,-1932,13376,3003,-740,12473,4226,745,13764,3907,-1780,13462,3293,-1446,13017,4073,1863,13154,4979,1051,14380,4091,-744,13975,3258,1619,12842,4847,1659,14739,4128,-423,14671,3588,-851,13654,4124,1812,14382,4039,1082,14691,4386,-1776,14709,3889,-81,13590,4144,864,14090,3388,-2159,14351,2299,-2065,13133,3924,337,13591,3615,-583,13879,2507,-1984,12901,2966,-612,12871,4398,588,14048,4207,-1636,13168,3152,-1820,12977,3707,1681
13166,5079,998,14618,4126,-786,13544,3062,1327,12860,4401,1994,14443,4132,-802,14815,4174,-692,13780,4465,1937,14009,3739,1285,14582,3994,-1226,14737,4432,34,14119,4130,732,13854,3121,-2131,14515,2319,-2102,13479,3845,506,13561,3913,-789,13986,2700,-2209,12996,3283,-475,13193,4645,449,13784,3813,-1546,13306,3248,-1550,12656,3822,1580,13512,4581,698,14019,4039,-1078,13299,3572,1248,13275,4296,1766,14313,4508,-541,14861,3783,35,13410,4772,1826,14280,4028,798,15019,3382,-1027,14025,4394,268,14288,3907,736,14255,3335,-1875,14211,2747,-1853,13647,3769,388,13399,4298,-1110,14491,2810,-2093,12976,3405,-84,12977,4178,203,13956,3687,-1890,13036,3346,-1387,12976,3902,1229,13020,4034,218,14140,3840,-1067,13560,4351,1406,13307,4265,1911,14309,4158,-304,13943,3911,-118,14265,5028,2077,14011,4084,402,14733,2411,-931,13711,4424,670,14559,5058,574,15064,3621,-1798,13496,2927,-1700,13803,3989,414,14255,4329,-1231,13955,2569,-2116,12930,2746,-36,12572,4230,154,14443,3624,-2011,13042,3298,-1279,12705,4023,952,13356,4045,-312
13964,4087,-909,13577,4200,1584,12551,4087,2128,14643,3869,-775,14050,4224,365,14162,4984,1750,13953,4190,-77,14703,2860,-758,14093,4122,1473,14134,5307,831,15362,3547,-1844,13497,3088,-1458,13708,4026,359,14199,3613,-1211,13826,2537,-2251,13205,2753,163,12839,4214,39,14401,3584,-2326,13026,3369,-1118,12768,4313,631,13364,3890,-384,13804,3249,-841,13133,4261,1493,13245,4623,1557,14704,3613,-287,13502,4042,369,13773,4862,1716,14414,4501,-130,14819,3116,-869,13951,3552,1903,13699,4987,690,15571,3843,-1834,13967,3004,-872,13105,3630,51,14424,3469,-1424,14226,3116,-2223,13540,3328,215,12912,3689,130,14013,3213,-2313,13230,3532,-1019,12830,4430,635,13447,3661,-1240,13340,2893,-803,13605,4540,1647,13179,5062,1101,14414,3324,-594,13394,3668,852,13417,5100,1755,14994,4421,-353,14267,3140,-557,13622,3286,1953,13985,4709,821,15445,4458,-1939,14495,3250,-309,12920,4061,254,14861,3599,-1930,14301,2939,-1817,12992,3386,122,13299,3362,-219,13894,3022,-2205,13564,3359,-860,12673,4486,687,13709,4069,-1776,13358,3166,-1137
131
6,4058,2022,13031,4782,938,14304,3601,-791,13703,3222,1303,12946,4879,1413,15080,4217,-366,14285,3772,-803,13856,3854,2211,14214,4129,1289,14862,4279,-1929,14591,3535,-79,13319,4122,652,14305,3422,-2125,14335,2367,-1923,12948,3903,297,13802,3740,-616,14014,2872,-2041,13114,3209,-698,12684,4628,540,14148,4238,-1482,13024,3190,-1685,12899,3455,1804,13183,4631,929,14392,3993,-868,13677,3104,1299,12803,4623,1979,14376,4246,-847,15007,4213,-422,13384,4519,1988,14191,3486,1068,14499,3856,-1147,14812,4313,-73,14033,4039,677,13992,3232,-2290,14348,2672,-2107,13738,4167,481,13619,3934,-692,13857,2543,-1966,12973,3039,-373,12918,4575,280,13948,3783,-1791,13084,3039,-1555,12531,3736,1502,13619,4511,591,14201,4203,-1057,13321,3622,1526,13131,4369,1834,14366,4654,-599,14784,3810,-66,13395,4541,1930,14190,3853,609,14986,3490,-1086,14159,4546,355,14109,4320,632,14457,3571,-2008,14070,3020,-1819,13642,3779,490,13494,3760,-1031,14064,2418,-2110,13168,3062,-106,12817,4357,177,14067,3702,-1956,13263,3457,-1504,12816,4135,1303
13352,4086,262,13788,4050,-1008,13721,4149,1579,13070,4039,2027,14293,4191,-516,14232,3746,-204,13930,5188,1848,14366,4125,256,14559,2776,-653,13831,4570,847,14369,4899,628,14975,3366,-1862,13476,2414,-1700,13703,3884,430,14374,4258,-1341,14066,2610,-2174,12832,2867,273,12842,4445,224,14336,4139,-2181,13214,3332,-1385,12417,3980,1172,13303,3709,-274,14298,3951,-1032,13261,4214,1518,12753,3916,1960,14368,4085,-724,14162,4421,246,14183,4904,1870,13681,4065,104,14843,2666,-883,13957,4344,1451,14335,5214,690,15331,3382,-1839,13465,2973,-1354,13897,4061,144,14201,3778,-1266,13800,2675,-2363,13209,3110,367,12989,4271,203,14313,3553,-2285,12962,3416,-1075,12732,4110,607,13451,3834,-549,13623,3375,-954,13295,4233,1490,13064,4706,1533,14707,3644,-281,13719,4011,587,13547,4799,1673,14550,4323,-242,14626,3314,-741,13909,3722,1791,13826,5081,592,15292,3944,-1845,14244,3151,-760,13049,3797,195,14454,3277,-1410,14089,3048,-2164,13443,3367,225,13011,3540,-34,13903,3230,-2358,13329,3522,-893,12887,4347,692,13454,3670,-1229
13330,2919,-812,13370,4582,1594,13303,4885,1131,14188,3253,-357,13510,3666,944,13484,4987,1712,15018,4483,-499,14318,3337,-591,13758,3622,2056,13975,4619,856,15407,4269,-1804,14426,3232,-100,13072,4003,223,14687,3407,-2030,14344,2636,-1802,13064,3662,80,13227,3599,-228,14141,2962,-2111,13096,3658,-757,12916,4382,611,13720,4018,-1737,13122,3178,-1190,13617,3927,1886,12554,4883,911,14722,3342,-759,13467,3515,1505,13057,5034,1457,15003,4148,-385,14141,3912,-656,14152,3989,2005,14045,4091,1127,14733,3878,-1800,14429,3473,26,13490,4118,561,14532,3428,-2336,14171,2628,-2022,13250,4061,219,13742,4061,-527,13975,2563,-1917,13023,2896,-531,12644,4494,541,14184,4147,-1757,13038,3290,-1739,12913,3516,1792,13333,4740,800,14380,4125,-839,13772,3230,1403,12798,4645,2046,14403,4210,-906,15024,3917,-397,13422,4545,1904,14290,3500,840,14461,3757,-1125,14678,4334,117,14116,4299,828,14012,3430,-2309,14376,2679,-2219,13665,4250,562,13531,3849,-778,14001,2381,-1899,12813,3021,-268,12991,4324,348,13952,3812,-1877,13212,3346,-1652
12864,3965,1457,13592,4631,516,14039,4016,-888,13347,3491,1704,13086,4342,1890,14495,4449,-852,14838,3844,-163,13204,5014,1755,14638,3924,740,14710,3408,-833,14098,4114,535,14230,4181,691,14342,3519,-2130,14324,2725,-1876,13383,3858,399,13595,3841,-1101,14411,2572,-2027,12912,3122,-37,12979,4274,220,13922,3915,-1974,13386,3646,-1356,12654,4142,1261,13239,4107,-87,13952,3923,-989,13646,3917,1752,13054,4057,1912,14282,3903,-452,14008,3781,-265,14072,5432,1836,14264,4491,158,14710,2722,-779,13572,4129,1214,14628,4751,760,14919,3460,-1802,13641,2618,-1877,13679,4047,202,14464,4389,-1383,14245,2649,-2029,12705,2853,368,13006,4038,227,14278,3723,-2201,13043,3315,-1462,12753,4124,891,13241,4290,-356,14237,3791,-1050,13305,4055,1777,12575,3971,2089,14636,3756,-637,13834,4365,299,14198,5067,1700,13916,4427,-143,14781,3065,-775,14210,4169,1530,14012,5070,925,15415,3326,-1702,13624,3010,-1332,13585,4003,54,14353,3840,-1557,13780,2853,-2262,13531,2930,399,12733,3889,473,14479,3277,-2087,12918,3389,-1197,12859,4368,326
13522,4107,-780,13535,3529,-838,13517,4216,1618,12999,4397,1836,14665,3347,-282,13513,3953,526,13680,5123,1254,14789,4877,-354,14527,3240,-477,13747,3337,1987,13718,4549,923,15503,3704,-1656,13855,3167,-704,13244,3752,-158,14461,3762,-1709,14341,3225,-1995,13482,3418,330,12809,3341,123,14125,2812,-2170,12977,3744,-788,13144,4618,415,13457,4025,-1547,13343,3215,-889,13711,4228,1835,12776,4861,1256,14534,2970,-177,13253,3635,957,13413,5202,1596,15292,4511,-777,13924,3667,-786,14116,3282,2010,13852,4579,1158,15297,3802,-1480,14512,3036,-27,12863,4205,56,14979,3679,-2546,14040,3132,-1891,13336,3574,217,13214,3608,37,13923,2817,-1744,13479,3149,-778,12459,4805,291,14033,4100,-2061,13239,3469,-1403,13133,3709,2093,13232,4530,1223,14022,3744,-505,14162,3144,1386,12724,5142,1334,14903,4286,-894,14642,3954,-566,13607,4173,2143,14435,3644,1394,14293,3836,-1347,14734,3564,-91,13535,4359,576,14280,3779,-2534,14568,2742,-2100,13129,4219,597,13899,3655,-449,13752,2307,-1818,13016,2719,-560,12827,4370,337,13982,4338,-1875
13421,3388,-1858,12585,3813,1781,13583,4620,1092,14136,3948,-633,13661,2903,1606,12886,4384,1772,14344,4526,-1148,15307,4199,-814,13151,4831,2072,14571,3504,1154,14365,3674,-968,14764,4103,295,14211,4151,760,14007,3639,-2415,14667,2650,-2407,13209,4186,637,13760,3615,-724,13834,2185,-1902,12912,2891,-241,13239,4410,314,13626,4146,-2037,13531,3351,-1846,12516,4091,1520,13678,4233,549,13881,3771,-803,13337,3457,1447,13364,4272,1986,14317,4560,-968,14757,3804,-376,13402,5161,1843,14568,4182,716,14824,3169,-625,13799,4061,764,14208,4086,763,14343,3740,-2128,14065,2713,-2266,13347,3779,297,13797,3978,-978,14311,2585,-1908,12944,3127,287,13107,4153,236,13844,3965,-2156,13423,3379,-1723,12672,4092,992,13131,4161,268,14170,3753,-838,13425,4096,1659,13132,4144,1833,14243,4220,-639,13958,4218,-299,14124,5139,1858,13842,3989,469,14572,2447,-645,13636,3981,1090,14546,4829,732,14789,3519,-1952,13931,2851,-1882,13627,4244,143,14463,4152,-1145,13884,2624,-1920,13096,2894,377,12868,4152,209,14269,3747,-2208,13233,3245,-1557
12639,4190,598,13418,4212,-186,13971,3850,-843,13244,4016,1771,12718,4028,2037,14508,3658,-682,13977,4106,73,14057,4862,1831,13935,4445,-101,14969,2900,-433,13911,4013,1735,14035,4870,714,15249,3676,-1840,13821,3311,-1375,13788,3990,226,14025,3783,-1316,14121,2691,-2094,13241,3132,430,12855,3917,151,14313,3245,-2377,12873,3456,-1180,13160,4250,486,13373,4276,-662,13680,3208,-909,13334,4134,1557,12958,4501,1803,14704,3304,-469,13410,3903,609,13557,4914,1437,14858,4924,-326,14471,3541,-585,14022,3291,1975,13469,4786,966,15549,3948,-1656,14127,3139,-703,12981,3820,-210,14695,3587,-1762,14218,3128,-1990,13490,3272,437,12816,3467,246,13931,3133,-2205,13370,3584,-1032,12797,4595,416,13609,3934,-1545,13512,3156,-1077,13291,4156,1863,13197,4628,1339,14095,3514,-307,13630,3527,793,13375,5333,1580,14876,4640,-619,14470,3548,-810,13491,3735,2214,14357,4291,1355,15051,4168,-1635,14372,3305,-186,13470,4089,68,14202,3796,-2322,14483,2646,-2030,13032,3747,481,13517,3703,59,14087,2855,-1952,12962,3312,-832,13053,4526,379
136
,4290,-1838,13501,3190,-1640,13065,3557,2134,12915,4816,1257,14629,3827,-687,13591,3550,1430,13088,4753,1511,14376,4317,-952,14719,4001,-586,13879,4071,2135,13950,3560,1566,14800,3677,-1488,14466,3788,-260,13921,4082,544,14100,3699,-2514,14513,2743,-2116,13485,4209,685,13527,3966,-242,14129,2450,-1916,12681,3037,-716,12973,4365,114,14106,4188,-1892,12925,3433,-1616,13155,3483,1741,12982,4723,1102,14472,3933,-799,13235,3226,1397,12902,4398,1636,14725,4405,-942,14623,3869,-502,13621,4403,2132,14029,3875,1056,14977,3783,-1245,14536,4439,115,14011,4103,783,14419,3612,-2115,14075,2860,-2297,13769,3744,672,13239,3757,-657,14265,2502,-2104,13041,3079,-351,13057,4283,169,14012,3702,-1967,12985,3371,-1663,13200,4184,1416,13184,4225,736,14174,3659,-860,13351,3864,1298,13146,4359,1918,14507,4276,-906,14081,3884,-349,14126,4888,2084,14162,4177,827,15066,2985,-864,13835,4037,503,13971,4555,711,15094,3680,-1837,13603,2932,-2069,13810,3625,403,13751,3892,-787,14333,2547,-2024,13135,2929,-48,12605,4179,-12,14347,3573,-2047w [row took 22554us]
12947,3570,-1358,12994,4068,869,13055,4006,225,13910,3721,-809,13833,3941,1630,12741,4256,1978,14597,3895,-786,13849,4344,-225,14361,5125,1840,13897,4165,602,14686,2729,-563,13961,4058,1152,14371,5110,738,15120,3483,-1944,13490,2985,-1828,13749,3955,248,14116,3700,-940,13787,2297,-1895,13223,2732,162,12931,4508,-3,14467,3754,-2358,13065,3311,-1375,12742,4150,835,13518,4060,-4,13813,3558,-777,13371,3955,1433,12844,4638,1652,14641,3870,-537,13992,4119,-62,13620,4846,1895,14386,4334,218,14506,3088,-507,14065,3521,1755,13795,4859,763,15189,3579,-1846,14180,3091,-1327,13268,3948,18,14499,3558,-1316,13874,2955,-1889,13668,3150,414,12965,4023,172,14108,3559,-2504,13340,3498,-1361,12630,4529,621,13581,3845,-690,13427,2966,-626,13215,4125,1487,13413,4771,1441,14271,3833,-708,13713,3655,458,13363,4975,1765,14687,4473,-51,14541,3039,-345,13665,3358,1964,14041,4763,870,15371,4576,-1941,14520,3174,-670,13061,4175,40,14636,3809,-1680,14346,2909,-1754,13072,3336,452,13261,3412,32,13893,3430,-2440,13360,3288,-1193
124
,4345,634,13339,3940,-1448,13663,2974,-1057,13155,3951,1983,13115,4582,1227,14394,3946,-657,13616,3840,725,13491,5136,1351,14471,4439,-127,14526,3532,-535,13772,3728,2345,13919,4251,1210,15121,4328,-2039,14251,3553,-401,13680,4128,383,14139,3678,-2162,14421,2354,-1885,12874,3587,677,13569,3640,-260,14417,2747,-2153,12739,3241,-1113,13031,4396,437,13989,4367,-1444,13154,3560,-1616,13226,3429,2003,12705,4903,1290,14714,4032,-886,13589,3728,932,12950,4649,1657,14287,4049,-772,14803,3837,-245,13782,4070,2143,13945,3593,1266,14735,3679,-1604,14662,4324,-385,14034,4243,662,14013,3508,-2204,14334,2536,-2026,13618,3758,733,13430,3776,-405,14080,2553,-2258,13017,3410,-997,13099,4690,164,14018,4174,-1499,13102,3483,-1494,12983,3735,1540,13115,4091,956,14215,3504,-824,13274,3465,1061,13250,4221,1605,14520,4516,-640,14614,3694,-116,13595,4600,1963,14124,4032,1062,15046,3563,-1058,14218,4566,67,13973,4561,697,14669,3564,-1853,14038,2729,-2139,13736,3481,645,13335,3765,-634,14294,2747,-2107,13409,3306,-412,12712,4325,114
14015,3547,-1693,13237,3097,-1398,12986,3853,1212,13075,3724,622,13891,3569,-945,13661,4172,1125,13318,4588,1712,14273,4350,-555,14136,3963,-334,14247,5467,2159,14073,4295,971,14804,2656,-751,13659,3973,509,14395,4765,459,14825,3755,-1807,13782,2402,-1916,13636,3786,555,13977,3948,-705,14539,2629,-1958,12632,2896,-174,12924,4214,-24,14161,3898,-2169,13193,3074,-1424,12709,3762,1111,13073,3931,74,14299,3760,-1172,13348,4529,1165,12963,4816,1791,14534,4128,-508,14119,4130,280,14125,4554,2099,13668,3956,453,14840,2622,-964,13965,3787,1016,14046,4968,686,15210,3632,-1607,13782,3173,-1531,13790,3997,311,13968,3769,-790,13951,2626,-2040,13333,2816,53,12970,4051,56,14246,3619,-2390,13138,3402,-1380,12917,4438,681,13441,4382,-257,13701,3370,-898,13307,4028,1331,13081,4854,1670,14467,3657,-579,13583,3455,453,13391,4526,1779,14416,4345,119,14635,3117,-742,13830,3348,1438,13795,5227,852,15519,4643,-1575,14328,3221,-822,13148,3712,235,14453,3509,-1269,14486,2953,-2103,13356,3284,-72,13038,3798,-13,14103,3662,-2299
132,-812
,-1178,13147,4415,844,13164,3970,-1048,13569,2816,-1022,13280,3920,1677,12843,4583,1317,14568,3427,-484,13394,3543,384,13703,4928,1799,14665,4696,-13,14328,3555,-756,14039,3661,2054,13813,4800,1212,15546,4580,-1890,14269,3396,-450,13511,3886,303,14345,3695,-1716,14338,2484,-1822,12979,3342,224,13224,3760,-102,14295,3179,-2318,13094,3457,-1253,12804,4319,768,13773,4051,-1204,13151,3167,-1540,13476,3079,1820,12446,4944,1253,14715,4043,-976,13735,3781,906,13011,4892,1945,14467,4085,-466,14578,3898,-419,14055,4049,1753,13872,3863,1590,14581,3939,-1649,14734,3993,-690,13801,4042,832,14118,3407,-2082,14348,2457,-2025,13667,3792,497,13592,4057,-258,13984,2851,-2243,13141,3203,-1182,12659,4677,426,14017,3981,-1300,12960,3111,-1721,12888,3265,1492,13270,4519,1388,14195,4247,-1031,13756,3645,739,12832,4697,1913,14423,4674,-500,14969,3702,-334,13438,4077,2081,14009,3504,1391,14833,3697,-1261,14730,4444,-522,13873,4576,760,14311,3755,-1684,14254,2962,-2232,13806,3627,714,13027,3696,-279,14141,2652,-2211,13449,3072,-812
12657,4449,82,13948,3669,-1623,13335,3098,-1779,13095,3852,1304,13125,4180,972,13923,4040,-973,13871,3960,987,13004,4482,2048,14379,4184,-382,14140,3558,-701,14014,4719,2092,14130,4045,1187,14642,3071,-944,14097,4321,123,14189,5070,493,14780,3776,-1444,13767,2487,-2026,13581,3439,550,14025,3652,-319,14286,2541,-2203,13046,2689,-625,12798,4736,-46,14231,4302,-1946,13414,3293,-1534,12507,3702,1399,13101,3837,529,14159,3952,-1072,13639,4028,890,12754,4322,1920,14234,4247,-444,14188,4228,-322,14193,4772,1991,13662,4049,976,14669,2811,-786,14140,3935,846,14305,5157,822,15024,3422,-1498,13764,2682,-1727,13678,3831,180,14226,3770,-761,13773,2768,-2215,13353,2839,-84,13011,4636,154,14202,4145,-2047,13195,3252,-1619,12642,3864,851,13392,3994,150,13763,3297,-1137,13293,3757,1048,13089,4891,1693,14291,4228,-312,14173,3960,208,13319,4551,1806,14310,4022,570,14746,2856,-772,13814,3264,1307,13836,5024,701,15155,4645,-1658,14615,3364,-1171,13070,4040,263,14503,3826,-941,14365,2949,-2019,13254,2927,8,13035,3612,110
13798,3877,-2351,13528,3380,-1504,12827,4168,661,13290,3867,-551,13633,2848,-960,13224,4016,1425,13208,4708,1521,14203,3892,-208,13689,3745,93,13571,4941,1853,14429,4673,38,14502,3287,-705,13751,3462,1939,13960,4726,1085,15399,4888,-1813,14582,3514,-730,13241,4066,360,14401,3607,-1529,14405,2283,-1839,12954,2893,157,13306,3410,32,14059,3362,-2432,13547,3584,-1496,12764,4635,614,13596,4163,-1071,13454,3239,-1392,13127,3346,1775,12714,4733,1297,14330,4234,-1031,13931,3738,676,13166,5078,1811,14212,4269,-256,14824,3850,-498,13842,3819,1877,13916,3641,1674,14601,4053,-1817,14665,3927,-855,13976,4213,926,13917,3583,-1863,14541,2328,-2168,13303,3606,451,13562,3799,37,13981,2868,-2164,13089,3233,-1488,13018,4930,378,13792,4514,-1188,13512,3292,-1758,12588,3155,1579,13227,4117,1595,14261,4139,-1050,13560,3486,616,13296,4371,1733,13997,4811,-488,15261,3691,-414,13408,4132,1973,13775,3763,1622,14962,3819,-1260,14656,4616,-581,14112,4445,857,14076,3748,-1691,14261,2894,-2527,13778,3445,673,13044,3734,59,14299,2649,-2151
13427,3125,-1002,12936,4567,101,13699,3952,-1441,13348,3064,-1806,13013,3640,1164,13164,3856,1402,13970,3623,-843,13598,3910,532,13394,4804,1978,14177,4958,-382,14254,3779,-687,14012,4755,2181,13977,3891,1466,14721,2743,-813,13886,4050,-176,14265,4835,485,14718,3999,-1439,13897,2590,-2149,13765,3410,453,13685,3917,-84,14537,2560,-2147,12850,2619,-707,12744,4438,-11,14164,4299,-1898,13406,3342,-1812,12755,3736,1114,12733,3980,755,14352,3723,-945,13463,3983,912,12928,4360,1875,14249,4332,-530,14096,4256,-473,14428,4615,1923,13335,4092,1243,14985,2385,-786,13981,3677,591,14294,5296,734,15183,3809,-1483,13726,3087,-1982,13982,3807,347,13853,3701,-162,13894,2453,-2044,13263,2626,-328,12893,4634,8,14456,4327,-2187,13196,3455,-1675,12713,3882,834,13153,4075,545,13850,3091,-844,13208,3417,937,12886,4642,1626,14647,4176,-491,14000,4294,-183,13564,4566,1745,14120,4411,850,14718,2891,-505,14130,2920,1339,13381,5074,812,15561,4492,-1920,14384,3505,-1508,13166,4075,200,14454,3809,-703,14314,2973,-1792,13537,2633,33
12667,3713,161,13995,3781,-2569,13456,3500,-1841,12854,4097,663,13187,3718,-283,13544,2974,-857,13486,3741,1400,13074,4776,1523,14223,4039,-582,13836,3875,-262,13456,5142,1788,14593,4653,447,14521,3111,-483,13835,3021,1809,13957,4517,1116,15577,4989,-1954,14592,3635,-1089,13335,4155,450,14094,3906,-1179,14503,2258,-1656,12837,2651,49,12941,3253,43,14285,3351,-2431,13425,3649,-1890,12922,4612,647,13516,4468,-814,13471,3206,-1405,13485,3101,1766,12559,4840,1473,14680,4157,-1080,14010,3750,442,13089,5113,1756,14301,4344,-36,14631,3833,-468,13976,3576,1875,13712,3701,1861,14619,4068,-1741,14662,3934,-1218,13907,4151,796,13841,3592,-1678,14388,2403,-2016,13651,3342,517,13306,3857,118,14249,2996,-2201,13235,3347,-1724,12856,5023,309,14017,4601,-1064,13292,3423,-1653,12861,2937,1499,12938,4294,1694,14296,4216,-1169,13837,3524,206,12827,4594,1871,14188,4720,-304,15009,3747,-269,13371,3671,1962,13779,3461,1762,14948,3788,-1356,14908,4455,-931,13886,4542,734,14227,3892,-1438,14270,3069,-2250,13838,3247,641,12966,3514,5
14175,2830,-2202,13658,3269,-1278,12755,4785,73,13898,3936,-1343,13205,3434,-1661,13078,3551,1167,13092,3765,1480,13649,3654,-890,13828,3643,286,13192,4637,1945,14264,4704,-220,14260,3708,-650,13979,4428,2195,14011,3717,1582,14636,3054,-801,14230,4071,-344,14001,5160,321,14858,4046,-1354,14006,2739,-2053,13739,3380,553,13794,3594,86,14249,2693,-2166,13324,2722,-897,12789,4744,-56,14052,4346,-1789,13706,3278,-1613,12427,3705,1193,12962,3576,862,13994,3635,-946,13569,3844,596,13012,4271,1799,14038,4517,-338,14483,4329,-289,14198,4688,2063,13367,3918,1253,14943,2606,-617,14083,3837,428,14355,5305,610,15047,3903,-1536,13854,3056,-1856,13896,3944,254,13886,3660,-273,13758,2402,-2029,13443,2485,-384,12907,4566,101,14374,4154,-2186,13345,3205,-1791,12610,3755,855,13336,3953,529,13687,3262,-1092,13373,3506,750,13000,4813,1654,14487,4409,-378,14281,4326,-89,13418,4707,1761,14153,4239,899,14698,2919,-622,14057,2824,1215,13522,4816,894,15226,4640,-1781,14547,3533,-1504,13155,4145,217,14354,3647,-675,14367,2527,-1839
13308,2426,6,13000,3608,92,13861,4103,-2540,13655,3656,-1917,12948,4394,802,13240,3929,-190,13657,3014,-920,13263,3687,1376,13142,4751,1590,14050,4116,-534,13791,3849,-306,13526,5165,1754,14423,4523,581,14370,2887,-633,13831,2904,1817,13925,4548,1212,15370,4962,-1976,14704,3593,-1289,13357,4225,521,14200,3938,-1150,14612,2238,-1725,12819,2726,147,13210,3548,211,14153,3819,-2532,13572,3895,-2129,12867,4706,663,13363,4356,-591,13468,3056,-1351,13177,2876,1641,12549,4507,1600,14373,4121,-1130,14147,3694,62,13211,5110,1864,13968,4232,62,14966,3508,-400,13735,3521,1928,13856,3601,1822,14591,4356,-1804,14795,4312,-1474,14130,4531,883,13721,4056,-1501,14828,2574,-2092,13481,3352,490,13341,3691,335,14219,2960,-2271,13039,3300,-2033,13036,4805,200,13565,4583,-776,13594,3006,-1678,12777,2757,1530,12787,4093,1760,14553,3948,-1061,13336,3874,-5,13369,4687,1691,13980,5165,-171,15046,3754,-143,13674,3811,1908,13586,3760,1970,15314,3860,-1368,14520,4732,-1117,14146,4693,767,14146,4085,-1214,14317,2950,-2272,14005,2711,565
12483,3432,222,14443,2628,-2223,13543,3271,-1434,12733,4682,-79,13902,4062,-1216,13240,3437,-1721,13221,3370,1117,12789,3703,1587,13778,3665,-861,13928,3864,215,13114,5037,1657,14516,4907,-177,14118,3755,-602,14087,4363,2153,13844,3620,1921,14613,2785,-782,14086,3927,-442,14012,5268,269,15050,4452,-1365,13772,2924,-2025,13940,3177,556,13492,3570,284,14290,2503,-1893,13416,2566,-1094,12487,4803,-333,14414,4366,-1828,13388,3388,-1678,12815,3608,1158,12883,3727,1008,14049,3562,-908,13808,3665,625,12664,4615,1745,14339,4366,-483,14251,4475,-432,14171,4527,2236,13296,3889,1408,14854,2570,-530,14451,3572,405,14004,5522,558,15291,4238,-1690,13860,3276,-1879,13835,3608,385,13821,3225,-28,13689,2388,-2072,13823,2447,-441,12636,4741,-33,14485,4359,-2257,13367,3722,-1901,12584,4089,912,13328,3734,634,13407,3041,-742,13581,3134,794,12878,4879,1526,14278,4570,-785,14397,4166,-284,13234,4777,1804,14394,4164,1144,14646,2960,-234,14007,2678,1194,13512,4907,866,15049,4912,-1973,14914,3553,-1750,13078,4150,229,14486,3678,-419
142
3,2676,-1694,13413,2488,-23,13025,3717,40,13670,4069,-2681,13872,3711,-2169,12753,4451,845,13324,3720,56,13416,2722,-1006,13349,3202,1403,13072,4634,1449,14019,4412,-787,14230,3834,-490,13352,5330,1787,14545,4392,1139,14284,3111,-695,13967,2897,1795,14031,4199,1334,15069,4840,-2055,14957,3978,-1438,13435,4578,522,14052,3820,-993,14477,2122,-1684,12849,2549,132,13454,3438,291,14004,3672,-2429,13785,3450,-2324,12595,4774,476,13559,4374,-434,13427,3253,-1545,12956,2762,1644,12937,4447,1864,13934,4597,-1096,14630,3798,-457,13034,5112,1802,13741,4306,110,15277,3542,-309,13476,3688,2005,14160,3301,1877,14287,4413,-1575,14998,4439,-1689,14204,4772,810,13488,3882,-1264,14810,2236,-2122,13324,3194,549,13441,3523,369,13980,3174,-2301,13155,3336,-2183,13273,5027,114,13416,4545,-596,13784,3000,-1631,12440,2888,1312,13313,3674,1777,14136,4057,-976,13600,4036,-318,13552,4656,1620,13596,5357,-60,15368,3434,30,13206,3827,1956,13846,3562,2097,15169,3551,-1087,14300,4547,-1279,14397,4811,476,13880,4275,-1207,14573,2738,-2262
13540,2864,632,12967,3483,426,14524,2860,-2165,13432,3405,-1645,13011,4715,-200,13540,4263,-1219,13549,3144,-1542,12760,3220,952,12784,3488,1730,13945,3724,-808,13744,4330,-187,13643,4843,1390,13693,4930,0,14355,3594,-465,14168,4360,2146,13622,3672,2167,14971,2476,-856,13641,4066,-454,14581,5497,162,14960,4859,-1346,13973,2982,-1987,14069,3310,591,13389,3659,467,14485,2294,-1936,12998,2484,-1267,12738,4684,-442,14450,4717,-1889,13248,3679,-1754,13032,3483,1098,12523,3579,1305,14364,3279,-772,13447,3887,368,12913,4846,1268,14356,4570,-446,14138,4508,-538,14343,4125,2578,13063,3913,1705,15207,2697,-733,14328,3560,476,13921,5601,455,15316,4438,-1641,13939,3430,-1729,13799,3356,455,13523,3098,206,13986,2455,-1873,13806,2579,-695,12713,4654,-169,14388,4366,-2299,13261,3749,-1891,12860,3743,1072,12904,3653,704,13596,2742,-656,13475,3323,641,12931,5257,1387,14443,4450,-878,13987,4335,-485,13524,4594,2182,14227,4100,1427,14397,2752,-285,14217,2573,937,13290,5130,950,15480,5284,-2024,14962,3833,-1678,13004,3992,368
14361,3528,-129,14323,2636,-1627,13342,2518,-500,12974,3680,-22,13812,4089,-2598,13888,3721,-2098,12766,4280,990,13109,3683,35,13468,2723,-1035,13521,3004,1086,12914,4796,1389,14024,4630,-1025,14316,4171,-242,13177,5353,1733,14340,4156,1328,14273,3067,-314,14214,2827,1445,13710,4267,1708,14946,4906,-2131,14738,4260,-1761,13628,4518,870,13928,3700,-755,14433,2044,-1767,13239,2492,244,13335,3665,122,14161,3618,-2420,13691,3494,-2394,12626,4816,481,13745,4151,-57,13312,3109,-1502,12956,2515,1243,13038,4281,1870,13914,4563,-1035,14423,3850,-573,12939,5113,1734,13781,4533,452,15179,3356,-191,13479,3196,2001,13839,3194,1922,14318,4495,-1378,15358,4803,-1867,14202,5170,750,13807,4094,-918,14718,2315,-2171,13669,2729,525,13170,3295,473,13996,3135,-2415,13517,3348,-2264,13182,5127,9,13376,4660,-689,13818,2962,-1691,12548,3062,1223,13221,3566,1828,13876,3911,-848,13451,3977,-696,13712,4784,1709,13577,5373,-43,15033,3316,-382,13731,3778,2426,13653,3675,1911,15254,3412,-699,13885,4617,-1406,14425,5198,86,14120,4367,-997
142
0,2761,-2123,13834,2395,545,13098,3406,857,14508,2804,-2224,13536,3261,-1918,12927,5037,-473,13832,4795,-1389,13584,3468,-1550,12783,2886,1126,12502,3113,1650,14045,3373,-672,13961,3936,-282,13112,4725,1372,13953,5008,-456,14494,4414,-142,14254,4246,2162,13095,3639,2218,14890,2591,-629,13998,3974,-442,14659,5601,386,14874,4601,-1459,13958,3063,-2053,14087,3205,519,13437,3329,617,13982,2508,-2023,13554,2699,-1272,12850,4986,-194,14252,4635,-2050,13336,3348,-1867,12799,3211,928,12696,3652,1383,14192,2927,-633,13225,3554,13,12859,5089,1105,14552,5108,-405,14205,4950,-413,13788,4245,2045,13572,3965,2343,14715,2538,-621,14404,2574,488,13238,5196,473,15456,4934,-1975,14468,3695,-1916,13515,3738,614,13907,3389,439,14199,2787,-1555,14022,2571,-784,12681,4079,-192,13908,4352,-2542,13754,3479,-2117,12741,3962,870,12949,3704,797,13552,2981,-893,13496,3416,551,13297,5082,1553,13882,4617,-471,14163,3956,-752,13509,4924,2195,14079,4059,1547,14239,2491,-654,13990,2484,1103,13880,4757,1135,15273,5670,-1859,15107,4186,-1725
13365,4404,609,13843,3712,-37,14577,2127,-1615,12961,2318,-501,13188,3396,129,13842,4217,-2525,13950,3820,-2578,13031,4417,758,12930,4073,284,13964,2902,-1240,13187,2761,1192,12731,4410,1731,14039,4410,-894,14240,4130,-629,13530,4973,1886,13463,4270,836,14963,3354,-366,14139,3159,1542,13654,3834,2088,14615,4742,-1578,14886,4719,-2081,14145,4550,744,13459,3879,-519,14820,2222,-1911,13674,2581,178,13147,3518,486,14142,3245,-2255,13316,3515,-2672,13136,5111,77,13444,4369,-33,13398,2911,-1432,12818,2320,1007,13095,3978,2108,13918,4566,-1014,14143,4078,-983,13186,4855,1536,13608,5319,450,15365,3523,106,13382,3309,1625,13680,3380,2435,14979,3984,-995,14923,4574,-1952,14157,4839,232,13881,4241,-687,14307,2843,-2179,14090,2498,436,12444,3285,725,14331,3036,-2093,13618,3273,-2211,13161,4881,-487,13411,4467,-804,13625,3346,-1445,13134,2966,960,12652,3497,1971,13761,3743,-801,13915,4195,-846,13337,5124,1213,13964,4965,479,14201,3716,-470,14334,3717,2136,13339,3788,2403,14846,2881,-999,13931,4013,-1097,14361,5902,95
14842,4670,-916,14024,3199,-1838,14071,2930,434,13543,3312,806,13977,2635,-1905,13604,2424,-1976,12686,4868,-410,13990,4803,-1556,13749,3470,-1675,12638,3128,961,12735,3321,1648,13906,3572,-737,13814,3559,-414,13071,4949,1162,13933,4838,-176,14623,4657,-730,14060,4181,2479,13220,3672,2146,15014,2925,-287,14206,3487,-261,14232,5665,258,14866,4731,-1416,14344,3337,-1911,13546,3124,411,13522,3069,765,13931,2425,-1823,13680,2478,-1460,12969,4669,-174,14121,4833,-1993,13691,3745,-2137,12769,3530,1001,12833,3600,1173,13610,2718,-696,13445,3383,75,13200,5235,1266,14183,4804,-520,14304,4479,-511,13493,4488,2038,14038,4002,2069,14264,2696,-210,14226,2306,247,13284,4915,1062,15299,5601,-1862,15255,3884,-1964,13106,3920,374,14233,3569,478,14389,2483,-1396,13354,2165,-885,12937,3672,-55,13698,4620,-2420,14258,3740,-2554,12670,4385,687,13008,3849,649,13758,2987,-749,13225,2744,653,13226,4385,1423,13456,4719,-847,14597,3870,-668,13264,5187,1681,13870,4176,1782,14594,3054,-241,14040,2851,969,14045,4172,1825,14519,5405,-1857
15027,4333,-2305,13882,4246,845,13300,3792,-43,14941,2063,-1564,13142,2405,-245,13269,3497,108,14053,4071,-2300,13671,3902,-2724,13148,4592,340,13172,4184,637,13691,2707,-1313,12751,2224,790,12928,4108,2009,14010,4704,-863,14169,4009,-990,13576,4943,1608,13401,5133,1283,15471,3420,-235,13355,2942,1420,13662,3303,2231,14589,4541,-1112,15181,4927,-2462,14549,4700,503,13397,4133,-103,14780,2661,-2034,13901,2328,326,12622,3424,576,14010,3108,-2220,13698,3421,-2790,13259,4929,-285,13074,4436,-19,13765,3094,-1399,12724,2738,703,13204,3507,2069,13380,4245,-780,14161,4088,-1355,13654,5005,1689,13420,5500,836,14740,3326,-522,13897,3483,1954,13605,3534,2090,14980,3296,-461,14126,4300,-1934,14544,5226,-90,14131,4488,-223,14222,3077,-1927,13987,2527,13,13049,3458,1024,14312,2951,-1913,13629,3079,-2361,13019,4708,-507,13501,4712,-967,13764,3439,-1674,12910,2725,874,12255,3345,1839,14074,3653,-509,14055,4126,-805,13070,4927,1169,13813,5021,179,14532,4430,-421,14297,3566,2162,12811,3412,2285,14874,2641,-371,14502,3788,-1061
14380,6092,137,14861,4846,-879,14151,3511,-1866,13981,3160,283,13544,3059,1045,13626,2328,-1737,13788,2100,-1916,12816,4684,-388,14033,5023,-1515,13768,3701,-2117,12755,3293,708,12901,3590,1573,13605,3369,-467,13611,3317,-398,13102,4923,1227,13837,4682,-247,14463,4308,-443,13528,4119,1603,13813,4009,2432,14676,2956,-60,14439,2583,-172,13444,5346,726,15106,5718,-1701,14875,3814,-2032,13282,3251,354,13824,3339,834,14450,2643,-1441,13804,2212,-1244,12777,4099,-369,13647,4889,-2272,14209,4123,-2373,12699,3842,734,12920,3609,1355,13395,2681,-598,13754,2916,-45,13128,4749,1142,13565,4764,-529,14601,3984,-928,13421,5142,1718,14302,4394,2586,14130,3134,-428,14374,2575,664,13879,4501,1363,14656,5378,-1599,15305,3818,-2188,13282,3932,473,13656,3676,273,14684,2295,-1348,13078,2354,-930,13392,3704,71,13691,4672,-2002,14195,3637,-2700,12766,4029,394,12786,3937,875,13889,2583,-1334,12756,2333,491,13209,4266,1804,13654,5344,-840,14583,4372,-1156,13577,4834,1915,13069,4818,1667,15384,3327,-224,13748,2817,1146,13554,3171,1876
14
6,4705,-945,15141,4866,-2596,14627,4578,356,13099,4347,205,15010,2879,-1738,13972,2524,-129,12779,3410,678,14034,3254,-1966,13362,3179,-2968,13449,4327,-407,12920,4478,443,13813,3269,-1468,13146,2731,387,12979,4182,2266,13920,4602,-445,13888,4175,-1419,13786,4538,1697,13209,5131,1018,15054,3342,-194,13721,2922,1365,13666,3631,2216,15086,4160,-203,14481,4873,-2353,14603,4981,43,13654,4539,242,14338,3011,-2131,14044,1852,-170,12442,3159,1143,14478,3006,-1970,13782,3413,-2765,13129,4728,-497,13289,4868,-315,13885,3878,-1488,13099,2857,365,12387,3433,2168,13631,3708,-211,14118,3952,-1151,13241,4256,1089,13564,4862,582,14313,4309,-482,14757,3799,1416,13070,4137,2841,14680,2964,-151,14325,4005,-1263,14459,5654,57,14709,4477,-500,13879,3158,-2134,14365,2640,-103,13476,3445,1216,13744,2960,-1660,14011,2658,-2281,12714,4874,-398,13806,4806,-1037,13541,3445,-1741,12806,2776,376,12848,3434,1849,13598,3490,-471,14032,3289,-928,12782,4936,913,13918,5053,491,14707,4776,-398,13605,4051,1600,13736,4007,2704,14506,3167,-324w[row took 22535us]
14770,2784,-481,13413,5173,314,14717,5075,-1074,14843,3501,-1995,13314,3488,-34,13925,3521,811,14074,3133,-1268,13885,2274,-1627,12906,3740,-122,13341,4711,-1637,14252,3376,-2358,12736,3502,224,12922,3558,1298,13576,3175,-607,13482,3553,-363,13746,4962,1421,13140,4908,261,14743,3966,-982,13511,4579,1723,14036,4229,2260,14193,2984,-370,14265,2469,122,13941,4825,1127,14863,5810,-1046,15201,3947,-2102,13402,3802,205,13664,3847,451,14542,2337,-1327,13055,1681,-1318,13188,3380,173,13382,4568,-1839,14472,3690,-2842,12709,4127,219,13044,4093,852,13938,3299,-940,13223,2709,272,13264,4333,1727,13112,4764,-358,14893,3729,-1051,13327,4731,1581,13201,4378,1568,15211,3487,-94,13850,3025,672,14102,3644,1970,13765,4882,-921,15270,4326,-2557,14219,3941,464,13027,3870,164,15125,2676,-1794,13701,2420,-794,13332,3634,553,13699,3973,-1599,13802,3577,-2929,13327,4257,-183,12825,4469,750,14015,2960,-1354,12602,2503,-136,13279,3996,2183,13696,4820,-404,14122,4183,-1247,13737,4178,1335,13050,5379,1373,15519,3354,202,13493,2983,657
13621,3629,2524,14765,4473,-516,14840,4824,-2433,14465,4343,8,13449,4329,417,14715,3302,-2182,14245,2268,-407,12364,3291,939,14029,3389,-1752,13922,3297,-2689,13196,4201,-550,12952,4433,136,13903,3549,-1327,13235,2725,-240,12615,3442,2244,13540,4087,-3,14016,4018,-1463,13607,4365,1170,13278,5069,1308,14416,4167,-632,14669,3731,978,13178,3901,2732,14707,3286,-160,14167,4122,-1535,14592,5265,-77,14239,4635,86,13975,3267,-2079,14537,2525,-519,13173,3630,1041,14099,2913,-1402,13684,2679,-2445,13056,4445,-540,13608,4636,-536,13538,3507,-1747,13097,2779,-39,12336,3680,1786,14006,3894,-220,13873,3992,-1037,13101,4887,942,13783,4814,1056,14381,4676,-848,14233,3556,1301,13133,3886,2756,14439,3061,-41,14901,3078,-945,13689,5336,36,14815,4728,-573,14557,3876,-1803,13915,2990,-384,13588,3317,816,13616,2988,-987,14210,2271,-2218,12693,4429,-375,13832,4808,-1186,14034,3718,-2287,12870,3417,145,13204,3833,1460,12959,3604,-378,14037,3152,-758,13133,4943,1383,13269,4653,553,14872,3922,-839,13243,4344,1345,14416,3904,2238
13681,3303,256,14648,2363,-599,13746,5084,1005,14713,6007,-594,15554,3740,-2083,13107,3714,-314,14066,3864,640,14325,3002,-1109,13363,1887,-1549,13283,3388,13,13256,4778,-1351,14466,3591,-2612,12637,3619,96,12827,3714,1021,13702,3272,-494,13254,2905,-428,13453,4255,1277,12983,5146,179,15022,3903,-667,13512,4585,1395,13425,4225,1888,14675,3622,99,14289,2884,-29,14149,4028,1864,13990,5375,-758,15412,4322,-2317,13993,3886,94,13244,3865,377,14675,2512,-1565,13463,2172,-930,13475,3299,439,13403,3873,-1475,14052,3420,-2944,13205,4126,-269,12918,4530,753,13953,3275,-1209,12685,2454,-222,13428,4132,2232,13312,5171,-92,14553,4031,-1197,13545,4064,1091,13037,5154,1728,15595,3569,71,13473,3010,187,13730,3388,2378,14384,4784,-440,15306,4797,-2345,14469,3903,232,13153,4042,460,14771,2946,-2096,14114,2136,-831,12565,3132,713,13859,3587,-1381,13929,3667,-2731,13587,4146,-716,12765,4729,647,13945,3485,-1427,13269,2830,-547,12724,3531,2246,13650,4145,95,13856,4159,-1464,13969,4104,1125,13110,5099,1617,14236,3803,-521
14759,3336,880,13216,4121,2526,14696,3534,39,14271,4171,-1813,14572,4872,-316,14173,4413,351,14073,3416,-1956,14479,2510,-982,13183,3689,1022,14007,3485,-1086,14089,2985,-2613,12741,4155,-705,13530,4390,-168,13531,3662,-1566,13213,2561,-336,12421,3429,1615,13527,4111,138,14485,4032,-1265,13211,4623,1195,13557,4323,1242,14298,4549,-678,14593,3553,1212,13207,3996,2324,14385,3517,377,14924,3674,-1399,14227,5427,197,14449,4603,-99,14408,3588,-1927,13926,2815,-868,13458,3197,1155,13324,2983,-1148,14333,2272,-2473,12963,4305,-382,13417,4763,-642,13918,3667,-2131,12886,3078,-173,12879,3665,1490,13241,3531,17,14025,3423,-1000,13202,4941,1138,13404,4800,761,14708,4330,-494,13487,4078,952,14281,4471,2476,13956,3587,476,14887,2241,-1070,13415,4932,975,14762,5427,-211,15257,3561,-1974,13159,2893,-685,14037,3680,757,14267,3548,-1139,13850,2218,-1913,12939,3562,-148,13043,4767,-820,14611,3669,-2492,12568,3417,-422,12927,3780,1091,13443,3543,-233,13791,3307,-819,13728,4511,1295,12644,5213,726,15067,3854,-749,13456,4412,898
13787,4299,2360,14126,3248,243,14316,2627,-520,14313,4011,1429,13955,5733,-373,15451,4124,-2155,13823,3741,-205,13243,4021,494,14710,2896,-1154,13312,2266,-1450,13512,3053,-11,13330,4398,-1046,14246,3810,-2748,13230,3801,-376,12723,4484,991,13935,3302,-947,12963,2593,-401,13203,4075,1552,13350,4948,498,14408,3703,-809,13609,3946,902,13132,4779,1910,15218,4056,-203,13933,3110,54,13763,3376,1990,13896,4815,97,15421,4964,-2056,14627,4101,-68,13199,4040,265,14619,3195,-1749,14283,2300,-1184,12934,3344,390,13421,3661,-1067,14011,3554,-2606,13338,4124,-677,12735,4437,730,13836,3328,-1390,12893,2642,-596,13438,3519,1999,12921,4795,386,14383,4001,-1319,13714,4012,1304,13099,5362,1427,14850,3968,-274,14124,3464,549,13809,3597,2152,14318,3877,788,14750,4412,-2189,14583,4425,-412,13702,4228,647,14288,3327,-2026,14160,2250,-1240,13141,3525,1092,13716,3637,-942,14099,2887,-2600,13147,3837,-901,13029,4712,244,14124,3778,-1435,13013,2653,-744,12605,3211,1810,13420,4310,420,14370,4344,-1200,13550,4177,1088,13134,4858,1369
14526,4438,-384,14826,3473,521,12921,3793,2429,14385,3098,567,14709,3899,-1517,14608,5283,-74,14272,4555,273,14197,3665,-1988,14141,2955,-1221,13558,3367,1116,13283,2964,-958,14023,2238,-2258,13259,4021,-628,13233,4722,-532,13990,3555,-1956,12939,3102,-663,13034,3893,1675,13574,3875,321,13705,3606,-963,13466,4298,962,13182,4730,1229,14575,4416,-586,13768,3706,379,13724,4327,2664,14421,3285,406,14509,2768,-822,13928,4805,345,14336,5222,-218,14932,3837,-1951,13608,3025,-937,13759,3640,864,14249,3156,-797,13859,2139,-1963,13079,3269,-280,13045,4942,-840,14397,4282,-2467,13167,3518,-744,12714,3960,1693,13183,3367,-51,13825,3282,-856,13292,4237,1269,13060,4490,1056,14476,3851,-1101,13959,4228,690,14020,4618,2621,13827,3553,80,14713,2524,-430,13827,4534,1109,14624,5670,-39,15244,3851,-2182,13650,3192,-879,13684,4018,658,14416,3052,-1043,13512,1983,-1943,13137,3186,161,13309,4865,-690,14341,4177,-2836,13272,3698,-825,12611,4174,1192,13669,3384,-424,13446,2425,-595,13052,3715,1310,13176,4791,742,14532,4126,-1276
13884,4384,782,13199,4907,2068,14825,4204,366,14507,2814,43,13628,3077,1696,13854,4830,192,15293,4741,-2508,14724,3660,-510,12851,4254,331,14903,3456,-1207,14227,2424,-1433,12912,3290,430,13652,3738,-671,13780,3727,-2972,13455,3840,-986,12804,4345,837,13355,3403,-1003,13316,2268,-725,13048,3857,2026,13400,4856,694,14456,4486,-1306,13612,4208,721,13378,5273,1508,14841,4046,438,14061,2813,-98,13836,3305,2397,14130,4253,735,15407,4601,-2593,14418,4275,-528,13650,4452,597,14210,3829,-1746,14451,2099,-1129,12532,3068,919,13345,3345,-725,14440,3286,-2667,13114,4065,-1370,12967,4730,292,13873,4002,-1004,12977,2812,-1004,13180,3028,2228,12673,4597,919,14777,3991,-1386,13669,4296,596,13119,5086,1664,14488,4098,-409,14526,3411,390,13674,3492,2673,13869,3428,770,14719,4262,-1836,14817,5235,-705,13986,4751,607,14264,3716,-1700,14280,2511,-1320,13782,3130,1143,13279,3073,-611,14090,2566,-2669,13217,3892,-1162,13097,5035,-373,14028,3847,-1360,12898,2952,-691,12972,3454,1950,13271,4026,660,14039,3685,-1172,13448,4261,318
13102,5100,1375,14734,4777,-620,14083,3651,693,13481,3660,2931,14169,3437,832,14980,3405,-1111,14329,4876,-400,13942,5060,-87,14909,3779,-1610,13822,2957,-1229,13612,2991,1029,13502,3016,-471,13953,2540,-2470,13612,3723,-716,12917,5222,-618,14267,3923,-2137,13216,3279,-422,12682,3594,1681,13408,3301,231,13429,3524,-1108,13929,4189,835,12952,4897,1137,14704,4474,-704,14016,4118,567,13855,4369,2606,14110,3165,932,14299,2393,-856,14017,4474,485,14504,5826,-157,15198,4301,-2048,13834,3361,-999,13657,4008,1022,14314,3027,-509,13521,1933,-2013,13216,2867,-411,13294,4910,-759,14251,4346,-2584,13194,3280,-832,12533,3943,1356,13381,3464,173,13937,2781,-908,12877,3959,1079,13231,4652,836,14419,4462,-723,13966,4547,453,13639,4413,2116,13875,3739,751,14913,2513,-488,14001,3805,1555,13992,5226,-49,15326,4475,-2367,14101,3597,-809,13256,3867,566,14418,3098,-955,13921,2301,-1539,13335,3096,142,13159,4130,-636,14130,3919,-3024,13298,3760,-1182,12779,4344,1027,13574,3330,-428,13150,2263,-598,13211,3651,1570,13325,5134,540
14437,4466,-1197,13772,4244,329,13405,5222,2198,14791,3983,583,14149,2608,-100,13468,3134,1985,14172,4687,205,15329,5126,-2555,14572,3914,-644,13375,4378,710,14331,3832,-1307,14574,1912,-1333,12499,2931,462,13402,3359,-493,14177,3473,-2876,13248,3913,-1534,13114,4476,754,13474,3946,-834,13392,2810,-959,13275,3322,2056,12650,4734,790,14633,4161,-1646,13686,4181,686,13207,5067,1863,14384,3875,-98,14367,3188,278,13913,3369,2251,13840,3830,1000,14874,4382,-2332,14683,4729,-997,13992,4579,964,14105,3662,-1484,14363,2240,-1530,13471,3249,842,13311,3498,-470,14367,2795,-2832,13044,3722,-1485,13111,4979,182,14081,3996,-938,12840,3025,-961,12849,2838,1608,13116,4292,969,14234,4027,-1374,13806,3961,492,12797,4807,1573,14698,4525,-441,14656,3565,677,13199,3895,2102,14226,3665,1291,14768,4048,-1508,14848,4968,-686,13957,4806,470,14527,3664,-1463,14220,2721,-1624,13592,2979,917,13108,3072,-576,14027,2773,-2504,13522,3772,-876,12973,5078,-194,13979,4000,-1659,13224,2937,-839,12729,3425,1656,13215,3406,683,13747,3482,-1184
13611,4248,347,13276,5009,1257,14383,4757,-101,14096,3789,126,14013,4539,2709,14020,3725,1333,14732,2740,-1269,13729,4466,134,14455,5314,89,14843,3832,-1630,13806,2794,-1280,13842,3798,884,14299,3563,-528,13829,2528,-2113,13395,3100,-602,12830,4800,-430,14149,3992,-2317,13139,2861,-1084,12528,3466,1456,13377,3458,456,13904,3723,-1039,13711,4327,716,12906,5142,1377,14393,4341,-581,14203,4256,156,13677,4465,2743,13776,3296,875,14660,2742,-660,14084,3946,762,14196,5454,5,15109,4292,-1836,14037,3277,-1009,13360,3944,822,14136,3046,-550,13794,2163,-1933,13247,3081,-422,13375,4431,-549,14159,4015,-2518,13330,3390,-1195,12897,4216,1325,13241,3795,-200,13701,2759,-954,12902,4069,930,13300,5145,1123,14442,4130,-749,13698,3960,379,13493,4667,2219,14317,4100,571,14593,2660,-461,13669,3037,1373,13758,4906,670,15461,4921,-2073,14685,3743,-830,13302,4332,479,14509,3581,-1029,14418,2420,-1565,13069,2977,-87,13377,3724,-324,13917,3788,-2644,13592,3620,-1484,12736,4639,971,13226,3779,-752,13609,2751,-992,12989,3547,1613
13,690
63,1219,14083,4231,-1215,13930,3768,620,13354,5097,1701,14110,4139,394,14727,3037,-191,13758,3708,1640,14244,4467,1515,14873,4841,-2204,14557,4332,-918,13991,4302,981,13595,3830,-1391,14794,1859,-1830,12922,3131,642,13486,3599,-345,14591,3265,-2565,13007,3751,-1631,13237,4564,408,13476,4236,-803,13360,2634,-1512,12827,2911,1525,12653,4313,1617,14741,4130,-1202,13424,3954,434,13462,4897,1469,14141,4905,-14,15034,3588,-146,13465,3623,2129,13563,3367,1640,15125,4030,-1607,14622,4868,-1008,14294,4412,568,14032,3748,-1426,14271,2441,-1944,14017,2980,899,12558,3777,-123,14667,2818,-2461,13009,3743,-1281,13013,4858,-138,13863,3733,-1182,12854,2911,-1293,13235,3127,1391,13060,3993,1098,14002,3872,-1247,13788,4198,2,13289,5141,1811,14486,4653,-124,13827,3383,-130,14102,3994,2657,13729,3721,1321,14968,3029,-1080,13995,4300,-710,14046,5376,-12,15049,4086,-1332,13539,3070,-1458,14004,3047,687,13476,3502,11,14238,2631,-2313,13569,3021,-1160,12597,4809,-374,14441,3816,-1808,13105,3142,-1147,12864,3409,1615,12984,3719,690
137
5,3899,-1128,14039,4115,354,12629,5087,1616,14518,3995,-461,14098,4042,150,13963,4068,2616,13609,3511,1007,14505,3167,-888,14570,4226,125,13986,6009,415,15239,4121,-1474,14124,3041,-1225,13274,3664,837,14360,2809,-260,13231,2202,-2347,13604,2698,-883,12997,4958,-276,14094,4452,-2352,13566,3104,-1292,12466,3936,1427,13663,3642,367,13550,3180,-1147,13301,3726,467,13107,4928,1162,14211,4332,-743,14315,3955,262,13180,4543,2262,14428,4092,1109,14635,2996,-590,14077,3226,885,13559,5067,596,15120,4794,-1940,14631,3337,-1048,12981,3845,673,14632,3365,-520,14247,2462,-1999,13383,3092,-359,13267,4108,-230,13766,4131,-2481,13711,3507,-1502,12631,4122,1156,13223,3679,-120,13526,2644,-1270,13272,3682,988,13199,5018,1117,14132,4492,-839,14001,3579,253,13263,5056,1979,14416,3952,1241,14247,2969,-699,13835,3457,1429,14280,4629,1116,14942,5106,-2082,14841,3757,-974,13530,4334,1057,13924,3636,-1095,14667,2030,-1790,12768,3039,62,13504,3766,-270,14086,3849,-2338,13541,3339,-1785,12814,4481,794,13202,3974,-348,13834,2725,-1687
12578,3074,1366,13132,4372,1519,14256,4464,-1172,13838,3825,34,13579,4828,2125,13429,4691,293,15523,3215,-323,13496,3721,1954,13795,3736,1424,14954,4577,-1453,14511,4891,-1295,14504,4407,839,13452,3946,-1048,14729,2327,-2068,13810,3069,534,12750,3658,-62,14455,2968,-2519,13140,3358,-1649,13209,4546,229,13547,3945,-800,13339,2866,-1533,13017,3200,1158,12985,4592,1498,14350,4273,-1159,13485,3859,-190,13377,4500,2102,13995,5139,-198,14726,3450,-219,13609,3868,2071,13739,3769,1578,15152,3582,-954,14145,4557,-1057,14221,4679,433,14286,4047,-882,14045,2541,-1855,13874,2650,467,12896,3722,229,14670,2983,-2631,13332,3539,-1448,12938,4776,-72,13882,4187,-1315,13289,3236,-1288,13160,3170,1170,12486,3753,979,14235,3753,-1285,13759,4135,221,12829,4508,1802,14398,4405,13,13947,4158,-101,14605,3922,2012,13055,3836,1584,14889,2643,-1065,14231,4171,-125,14191,5774,558,15307,3991,-1250,13452,3286,-1631,14292,3574,395,13697,3587,58,13760,2523,-2257,13875,2527,-925,12455,4958,125,14590,3866,-1977,13035,3100,-1677,12638,3372,923
13458,3890,806,13594,3654,-1158,13903,3401,324,12470,4976,1565,14502,4294,-185,14393,4217,-38,13188,4353,1920,14316,3832,1442,14254,3325,-900,14761,3285,539,13445,5544,810,15151,4552,-1729,14658,3065,-1466,12906,3798,576,14456,3195,-398,13887,2682,-1990,13648,2586,-608,13153,4150,-5,13819,4201,-2272,13895,3071,-1831,12439,4016,916,13457,3650,180,13377,3138,-1223,13275,3741,598,13431,4820,1392,13700,4444,-320,14572,3550,-500,13175,4938,2120,14607,4171,1186,14305,3131,-803,13937,3100,1283,14024,4600,980,14965,5132,-1536,15082,3488,-1363,13137,4203,699,14174,3490,-670,14552,2257,-1762,12806,2693,-466,13579,3801,7,13739,4180,-2145,13981,3237,-2020,12528,4389,790,13457,4002,-154,13788,3137,-1581,12824,3045,1064,13135,4469,1471,13778,4673,-885,14451,3717,-260,13202,4803,2085,13435,4068,651,15313,3255,-408,13459,3683,1505,14188,3800,1594,14399,4698,-1407,14936,4350,-1552,14387,4406,989,13388,3926,-891,14919,2403,-2140,13409,3148,115,13293,3741,229,14225,3361,-2086,13137,3188,-2118,13375,4495,299,13260,4312,-378
13699,2965,-1718,12804,2928,894,12954,4398,1665,14374,4318,-945,13475,4103,-343,13437,4339,1824,13702,4997,234,14997,3270,22,13754,3487,1737,13382,4122,1733,15400,3956,-1063,14295,4661,-1418,14235,4903,666,14209,4179,-470,14174,2858,-2224,14019,2393,347,12675,3587,393,14434,3179,-2535,13722,3371,-1737,12772,4569,3,13884,4039,-842,13391,3365,-1336,13217,3015,666,12456,3874,1425,13942,3828,-937,14084,4016,-264,12898,4655,1814,14352,4471,251,13941,4060,-373,14611,4023,1951,13342,4020,2115,14783,3105,-1097,14240,4098,-566,14175,5649,622,14952,4251,-956,13780,3018,-1968,14117,3032,377,13699,3574,513,13970,2847,-2295,13751,2572,-1535,12695,4763,58,14183,4276,-1497,13479,3074,-1633,12603,3253,774,13010,3808,1204,13883,3780,-1146,13678,3870,-199,12894,4939,1507,14141,4325,351,14539,4208,-297,13490,4211,1946,13854,3879,1943,14532,3287,-1138,14657,3323,164,13492,5468,674,14883,4618,-1321,14771,3063,-1613,13134,3510,335,14040,3220,198,14076,2876,-1901,13785,2710,-1269,13048,4175,70,13726,4442,-1858,13955,3365,-1929
127 CAPTURE END: speed1_obstruction ===
-1114,13216,3626,129,13506,4941,1549,13562,4550,-60,14434,3600,-423,13550,4871,2152,14004,4259,1513,14549,2914,-948,13813,2968,609,13996,4765,1105,15003,5467,-1336,15076,3327,-1418,13377,3913,514,13863,3819,-178,14823,2510,-1884,12952,2731,-899,13216,3592,112,13862,4175,-1950,13742,3353,-2242,13125,3982,634,12843,4066,155,13986,3033,-1372,13158,3104,797,12870,4575,1599,13964,4470,-611,14123,3685,-357,13597,4693,1810,13264,4273,1049,15086,3521,-597,14018,3408,1038,13893,4081,1949,14533,4561,-1234,14745,4130,-1859,14227,4050,811,13262,3923,-426,14829,2493,-2148,13704,2849,-304,13058,4022,205,14295,3399,-1903,13343,3245,-2308,13177,4379,238,13364,4170,71,13512,3157,-1761,12907,2565,412,13063,4470,1945,13854,4520,-768,14272,3618,-543,13005,4413,1833,13885,5048,614,15069,3761,-149,13542,3551,1079,13629,3854,2070,14803,4078,-781,14825,4281,-1768,14151,4486,721,13940,4097,-253,14328,2963,-2342,14136,2590,22,12626,3684,413,14199,3200,-2173,13816,3090,-1902,12892,4460,109
=== CAPTURE END: speed1_obstruction ===

===ed:  1) Low  2) Medium  3) HigSpess:  H) Healthy  I) Imbalance  O)Claer as two chars, e.g. "1H": e  O) Obstruction
Enter as two chars, e.g. "1H": X:13855 Y:3681 Z:714
X:14973 Y:3581 Z:-1847
DHT11: 46.0% RH, 28.6C
X:13241 Y:3969 Z:2467
X:15138 Y:4192 Z:-820
X:13036 Y:4415 Z:1699
X:13620 Y:3714 Z:-1594
X:13000 Y:3777 Z:293
X:14668 Y:3249 Z:-2009
X:14297 Y:4723 Z:89
X:14056 Y:3851 Z:49
X:13553 Y:3796 Z:697
X:13391 Y:4043 Z:598
X:13117 Y:3292 Z:-1139
X:13275 Y:3622 Z:-212
X:13849 Y:3088 Z:-1741
X:13875 Y:5058 Z:386
X:14919 Y:3481 Z:-15
X:13513 Y:4379 Z:1657
X:13742 Y:3015 Z:-1069
X:12954 Y:4798 Z:316
X:14074 Y:2382 Z:-1977
X:13056 Y:3964 Z:196
