X:13879 Y:3752 Z:2975
X:12481 Y:4018 Z:1173
Fault class: healthy (100.0%)
X:13710 Y:3557 Z:64
Fault class: healthy (100.0%)
X:14100 Y:3906 Z:1532
X:14446 Y:3445 Z:-809
Fault class: healthy (100.0%)
X:14103 Y:3854 Z:3698
X:14079 Y:3491 Z:870
Fault class: healthy (100.0%)
X:13574 Y:4587 Z:4269
Fault class: healthy (100.0%)
X:13162 Y:1626 Z:1216
X:13393 Y:4171 Z:2546
Fault class: healthy (100.0%)
X:13228 Y:2772 Z:-405
Fault class: healthy (99.7%)
X:14229 Y:3763 Z:1930
X:14477 Y:3321 Z:219
Fault class: healthy (100.0%)
X:13009 Y:4077 Z:3677
X:14305 Y:3975 Z:554
Fault class: healthy (96.6%)
X:13010 Y:3559 Z:2811
Fault class: healthy (100.0%)
X:13585 Y:2523 Z:1462
X:13710 Y:3761 Z:1092
Fault class: healthy (100.0%)
X:13998 Y:2773 Z:623
Fault class: healthy (100.0%)
X:14884 Y:3656 Z:1609
X:14148 Y:3408 Z:3360
Fault class: healthy (100.0%)
X:13526 Y:4092 Z:940
X:13007 Y:3991 Z:4020
Fault class: healthy (100.0%)
X:13200 Y:3283 Z:-408
Fault class: healthy (100.0%)
X:13929 Y:4608 Z:2852
DHT11: 40.0% RH, 29.8C
X:13985 Y:2829 Z:-750
Fault class: healthy (100.0%)
X:14343 Y:4844 Z:3110
Fault class: healthy (100.0%)
X:14148 Y:2556 Z:1484
X:14123 Y:4562 Z:4059
Fault class: healthy (100.0%)
X:13134 Y:2730 Z:1023
X:13924 Y:4280 Z:1987
Fault class: healthy (100.0%)
X:13643 Y:3464 Z:-177
Fault class: healthy (100.0%)
X:14165 Y:2400 Z:1740
X:14963 Y:4480 Z:780
Fault class: healthy (100.0%)
X:13199 Y:3355 Z:3569
Fault class: healthy (99.7%)
X:14245 Y:4826 Z:1938
X:13226 Y:4127 Z:2111
Fault class: healthy (100.0%)
X:13913 Y:4130 Z:1416
X:12926 Y:2688 Z:432
Fault class: healthy (99.2%)
X:13984 Y:3620 Z:2199
Fault class: healthy (99.9%)
X:14109 Y:3705 Z:-771
X:14734 Y:4084 Z:3761
Fault class: healthy (100.0%)
X:13968 Y:2783 Z:861
Fault class: healthy (100.0%)
X:13101 Y:4647 Z:4718
X:12573 Y:1259 Z:729
Fault class: healthy (100.0%)
X:12852 Y:4609 Z:3096
X:13567 Y:2913 Z:-1251
Fault class: healthy (100.0%)
X:14628 Y:5127 Z:1609
Fault class: healthy (100.0%)
X:14667 Y:3370 Z:1033
X:14279 Y:4331 Z:3363
Fault class: healthy (100.0%)
X:13863 Y:4013 Z:1189
Fault class: healthy (100.0%)
X:13412 Y:3512 Z:2149
X:13622 Y:2821 Z:79
Fault class: healthy (100.0%)
X:13979 Y:2858 Z:1978
X:15090 Y:4260 Z:708
Fault class: healthy (100.0%)
X:13434 Y:2969 Z:2631
DHT11: 40.0% RH, 29.8C
Fault class: healthy (100.0%)
X:13709 Y:4177 Z:1814
X:13151 Y:3510 Z:1935
Fault class: healthy (100.0%)
X:13467 Y:3898 Z:1895
Fault class: healthy (100.0%)
X:13469 Y:3589 Z:-129
X:13173 Y:2971 Z:2454
Fault class: healthy (96.5%)
X:14862 Y:3783 Z:-1658
X:14007 Y:4028 Z:3016
Fault class: healthy (100.0%)
X:14357 Y:3345 Z:994
Fault class: healthy (99.8%)
X:13380 Y:5008 Z:4165
X:13640 Y:2833 Z:-631
Fault class: healthy (85.8%)
X:13505 Y:4322 Z:1710
Fault class: healthy (99.9%)
X:13667 Y:2497 Z:696
X:14695 Y:4469 Z:1170
Fault class: healthy (100.0%)
X:14151 Y:3438 Z:1978
X:14486 Y:3852 Z:3016
Fault class: healthy (100.0%)
X:13750 Y:3375 Z:1669
Fault class: healthy (100.0%)
X:13257 Y:2524 Z:1133
X:14445 Y:4360 Z:1063
Fault class: healthy (100.0%)
X:14397 Y:2598 Z:950
Fault class: healthy (100.0%)
X:14355 Y:4691 Z:2262
X:13442 Y:3070 Z:2786
Fault class: healthy (100.0%)
X:13799 Y:5222 Z:3183
X:12453 Y:2247 Z:-273
Fault class: healthy (100.0%)
X:13509 Y:4712 Z:1902
Fault class: healthy (100.0%)
X:13575 Y:2365 Z:-128
X:14624 Y:4366 Z:2641
Fault class: healthy (100.0%)
X:13699 Y:3405 Z:1162
Fault class: healthy (100.0%)
X:13841 Y:3792 Z:3287
X:13831 Y:4139 Z:469
Fault class: healthy (100.0%)
X:13074 Y:3492 Z:2748
X:14099 Y:3514 Z:-1245
Fault class: healthy (100.0%)
X:13748 Y:3273 Z:2268
DHT11: 40.0% RH, 29.2C
Fault class: healthy (100.0%)
X:15055 Y:3413 Z:299
X:14606 Y:4596 Z:5077
Fault class: healthy (100.0%)
X:13720 Y:3029 Z:1664
Fault class: healthy (99.9%)
X:14035 Y:2570 Z:2551
X:13591 Y:3715 Z:2298
Fault class: healthy (100.0%)
X:13993 Y:3252 Z:102
X:13939 Y:3330 Z:1929
Fault class: healthy (100.0%)
X:14283 Y:3038 Z:332
Fault class: healthy (100.0%)
X:13069 Y:3668 Z:3939
X:13276 Y:3668 Z:-292
Fault class: healthy (99.4%)
X:13258 Y:4412 Z:3901
Fault class: healthy (100.0%)
X:13207 Y:3284 Z:-1036
X:13800 Y:4154 Z:1501
Fault class: healthy (100.0%)
X:14084 Y:3725 Z:-499
X:13873 Y:3786 Z:3697
Fault class: healthy (100.0%)
X:14079 Y:3243 Z:1156
Fault class: healthy (100.0%)
X:13791 Y:3034 Z:3827
X:13263 Y:3379 Z:310
Fault class: healthy (99.9%)
X:13999 Y:3602 Z:1884
Fault class: healthy (100.0%)
X:14820 Y:3536 Z:-105
X:14161 Y:3319 Z:2548
Fault class: healthy (100.0%)
X:14180 Y:4305 Z:1909
X:13465 Y:3269 Z:2534
Fault class: healthy (100.0%)
X:13242 Y:3932 Z:2046
Fault class: healthy (100.0%)
X:13288 Y:3137 Z:14
X:14043 Y:3341 Z:2124
Fault class: healthy (100.0%)
X:14189 Y:4370 Z:-837
Fault class: healthy (99.2%)
X:13704 Y:4590 Z:3527
X:14220 Y:4093 Z:462
Fault class: healthy (100.0%)
X:11836 Y:3774 Z:3329
X:12922 Y:3384 Z:-185
Fault class: healthy (98.1%)
DHT11: 40.0% RH, 29.5C
X:13239 Y:3656 Z:3000
Fault class: healthy (99.9%)
X:13482 Y:2762 Z:-986
X:14172 Y:3779 Z:3350
Fault class: healthy (100.0%)
X:13710 Y:2570 Z:898
Fault class: healthy (100.0%)
X:13715 Y:4315 Z:3028
X:13293 Y:3153 Z:901
Fault class: healthy (100.0%)
X:13773 Y:4082 Z:1776
X:14110 Y:3469 Z:-25
Fault class: healthy (100.0%)
X:14978 Y:4318 Z:510
Fault class: healthy (100.0%)
X:14186 Y:3325 Z:2475
X:13722 Y:3666 Z:1901
Fault class: healthy (100.0%)
X:13332 Y:3835 Z:2588
Fault class: healthy (99.4%)
X:13267 Y:4294 Z:434
X:13966 Y:3361 Z:1954
Fault class: healthy (100.0%)
X:14074 Y:3430 Z:-764
X:13654 Y:3989 Z:3221
Fault class: healthy (100.0%)
X:14289 Y:4008 Z:732
Fault class: healthy (100.0%)
X:13204 Y:3928 Z:4288
X:12803 Y:2856 Z:-166
Fault class: healthy (100.0%)
X:13334 Y:4875 Z:2850
Fault class: healthy (100.0%)
X:14193 Y:2695 Z:-568
X:14418 Y:5175 Z:1386
Fault class: healthy (100.0%)
X:14150 Y:3307 Z:267
X:14220 Y:3963 Z:3190
Fault class: healthy (100.0%)
X:12735 Y:2898 Z:781
Fault class: healthy (97.6%)
X:13292 Y:3194 Z:2420
X:14118 Y:3527 Z:281
Fault class: healthy (100.0%)
X:13846 Y:2630 Z:1386
Fault class: healthy (100.0%)
X:14281 Y:3715 Z:1671
X:13218 Y:2259 Z:2170
Fault class: healthy (100.0%)
X:13717 Y:4734 Z:2842
DHT11: 40.0% RH, 29.7C
1X:12486 Y:2878 Z:1190
Fault class: healthy (100.0%)
X:13677 Y:4168 Z:1096
Fault class: healthy (100.0%)
X:13068 Y:2149 Z:243
X:14216 Y:4455 Z:2743
Fault class: healthy (100.0%)
h[debug] got bytes: 0x31 ('1')  0x68 ('h')

Selected: Speed 1, healthy. Set up the fan now.
Send 'S' when stable and ready to capture, 'X' to cancel and return to menu.
X:14501 Y:4118 Z:1009
Fault class: healthy (100.0%)
X:13779 Y:3547 Z:3850
X:14075 Y:3687 Z:1655
Fault class: healthy (100.0%)
X:12946 Y:3561 Z:3149
X:13347 Y:3363 Z:-929
Fault class: healthy (100.0%)
X:13562 Y:3064 Z:3329
Fault class: healthy (100.0%)
X:14815 Y:4444 Z:-809
X:13713 Y:3614 Z:4568
Fault class: healthy (100.0%)
s
=== CAPTURE START: speed1_healthy ===
13501,3782,553,13961,4084,3176,13505,4659,3157,14089,3816,801,14386,3000,1719,13147,3592,3982,14299,2682,2844,13990,3765,496,14756,3986,2120,14216,4644,2378,14852,3518,-1138,14098,3527,191,13682,3244,2904,13484,2256,932,13382,2806,-439,13980,4225,1443,13694,4582,1430,13525,3590,-922,13584,3626,592,13090,4548,3342,13058,1293,3297,12357,2977,250,13676,4604,2019,14659,4563,4699,13361,4476,-111,14469,2556,1808,13240,4298,4555,14612,2821,2435,13876,3661,1401,14417,3513,2112,14074,4010,2737,14688,3530,-368,14684,4321,-981,14052,3632,3273,13823,2716,832,13585,2631,-1027,13433,3391,2291,13784,3999,1559,13361,3973,-1007,13901,3755,322,12863,4714,2729,13600,2653,2050,12611,2758,849,13427,3527,3344,13775,4555,3519,14055,3829,211,13772,3806,1527,14014,4152,4055,14238,2957,2302,13595,2676,1206,14009,3601,3446,14277,4418,2639,14860,4369,-619,14557,4126,391,14176,3593,2133,13649,2584,554,13765,2714,-405,13683,3690,2066,13889,3484,1929,13260,3511,-1142,14288,3802,57,13127,4753,3067,13711,3095,876,12399,3300,-116
13186,2509,2767,13055,3072,196,13551,4240,2802,13344,4137,4230,13773,4075,897,14614,3904,1366,14060,4001,3856,13435,2721,1912,14150,2921,845,14270,4441,3220,14326,3716,3749,14315,3713,-536,15010,4020,-1150,14031,3934,2562,13837,2189,822,13175,2541,-432,13789,3450,2849,13693,4362,1840,13765,3936,-1728,13766,3789,-284,13149,4617,2741,13484,2418,2369,12329,2517,926,13744,3543,2955,13348,4859,3671,14142,4530,33,14190,2327,2792,12723,4347,3662,15136,2870,1080,13212,3411,2582,14255,3096,2492,14409,4076,3283,14477,4455,437,14906,4053,508,14048,4890,1931,14127,2383,42,13295,2574,-220,13830,2726,2758,13210,4052,1941,13831,3501,-1110,14025,4397,56,13379,3900,1684,13417,2412,971,12561,2755,708,13609,3510,3254,13047,4318,4131,13442,3120,357,13991,4166,1237,14191,5094,3940,14451,3459,1722,13294,2669,1259,14167,3150,3731,14052,4185,3298,14539,3824,137,14377,3693,525,14391,4725,2241,14767,3430,281,13396,2628,-335,13587,2562,2111,13891,3458,2178,13527,3709,-969,13726,3328,712,13373,4752,2267,14235,3669,-243
13182,4295,3123,13869,3161,1460,12203,2710,-154,13832,2989,2385,12718,5209,3851,14204,2868,2103,13208,4170,900,14461,4527,3431,13858,3841,2461,13856,2120,994,13624,3157,3727,14486,4088,3810,14401,4218,521,14812,4279,-135,14342,4824,1840,14507,3239,983,13281,2312,12,13734,2366,1770,13610,3389,2397,13509,3791,-634,13943,4086,-392,13777,4987,2539,13754,3415,780,12577,2786,67,13100,2601,2974,13192,4109,3348,13519,3738,1132,13816,3642,1900,13438,4524,4140,14628,3561,1625,13916,3756,186,13732,2890,3620,13721,3279,3906,14560,3848,669,14663,4184,895,14426,4493,2559,14405,3710,161,14297,2957,-1079,13821,3184,2483,13544,2743,2275,13448,3221,-390,13868,4134,361,13885,5019,1828,13509,3346,413,13250,3169,-685,13305,3478,2489,12616,2342,4763,12825,3026,491,13990,4467,1259,14234,5079,4284,13636,3946,1180,13846,2983,1123,14113,3641,3817,13475,3122,4070,14207,3092,1246,14477,4336,956,14827,4981,3433,14312,3393,693,14387,3507,-1846,14241,3757,2571,13825,2909,2257,13277,2487,-1459,13569,3361,1139,13843,4716,2312
13825,3887,-905,13594,4433,2212,13914,3578,1164,12995,3452,-659,13556,2742,2658,12424,3771,3656,13479,3094,430,13429,4042,1704,13961,4606,3746,14052,3883,2345,13752,3936,195,14296,2671,3155,12937,3846,4308,14681,3136,1003,14137,3833,1224,14469,4120,3256,14551,4126,310,14664,4112,-1756,14108,2982,2155,13464,2892,2572,13623,2623,-322,13637,3450,746,13835,4541,1900,13651,3987,-64,13641,3228,-858,13335,3603,2274,13167,3107,3989,12809,2929,270,13500,3168,1391,13452,4617,4117,14198,3854,1464,13300,4034,1113,14627,3828,3272,13478,3928,3821,14129,2714,1095,14091,3543,1785,14355,4408,3495,14417,3596,1105,14240,3765,-964,14825,3923,1342,13879,3268,2577,13603,2428,-554,13853,3080,789,13767,4628,2682,13832,3507,-340,13235,3336,-1167,13939,4540,1775,12842,3291,2981,13043,1138,1500,12883,4426,306,14428,4514,4062,13527,3554,2131,13193,3715,-192,14307,4467,4174,14424,4303,3267,13238,2516,1219,13921,2443,1994,14225,4967,3442,14921,4003,1631,14190,3520,-301,14137,4095,1530,14954,4184,1911,13844,3483,-596,13350,1675,648
13689,2674,-362,14102,3075,-128,13506,4215,3057,13759,3347,272,13329,3795,-1386,13803,3782,1605,13293,3706,2270,12773,2689,829,13323,2842,1442,13615,4556,3624,13938,4038,2197,13438,3590,100,13919,3995,2745,13952,4482,3941,13967,2712,1318,13406,2645,2025,14457,3905,4088,14578,4455,1051,14530,3819,-760,13728,3798,2209,14622,3834,2012,14102,3363,171,13871,2318,302,13047,3057,2052,13942,3246,798,13672,4340,-945,14106,4300,1906,13481,3946,2266,13227,2729,-800,13143,2844,1050,12974,3648,4653,13412,3325,1897,13330,4041,702,14361,4403,2949,13568,4920,2607,14033,2778,992,13458,2568,2365,13845,3885,4768,14694,3815,2231,13880,3678,-903,14626,3681,2101,14536,4654,2193,14935,3489,-1099,13656,2492,1597,13524,3303,2282,14059,3337,-102,13581,3738,-481,13922,4161,1189,13325,4347,1660,13681,2688,-249,12618,3269,573,13154,3129,4203,13354,3332,1642,13398,3678,-64,13910,4211,3893,13533,4593,2946,14099,3509,697,13991,3038,2464,13504,3419,3995,14241,3065,2043,14189,3662,1004,14492,4724,2356,14521,4139,2883,14307,3978,-884
14191,4098,2886,14785,4147,-871,14429,2741,264,12771,2940,3620,14035,2538,475,13688,4000,-804,14231,3975,1462,13191,4380,1469,13849,3318,-345,13373,3179,371,12862,3294,3676,13040,2652,2566,13343,3730,21,13823,4170,3043,13677,4465,3529,13980,3981,421,14219,3620,1920,13650,3351,4521,13372,2698,2472,14360,3474,974,14534,4500,2510,14383,4532,2276,14145,3841,-112,14717,3707,-244,14176,3616,3010,13228,1897,1344,13350,2360,-1085,14212,4481,1782,14290,4565,1810,13097,3401,-1188,13648,2993,157,13512,4762,2786,13485,2707,2093,12378,1855,1054,13413,3821,2423,14044,5403,3137,14053,4004,775,13140,3486,1373,14168,4262,4099,14169,3304,2903,13146,2156,1140,13990,3263,3243,14516,4620,2501,14865,4398,-178,14309,3965,698,14264,4110,2166,14293,2829,1323,13566,2642,-227,13684,3228,1416,13764,3619,2022,13700,3743,-1444,13993,4109,491,13390,4463,2616,13677,2958,729,12510,2654,262,13250,2940,3323,13357,3992,3611,13694,3861,364,14032,4167,1774,13471,4375,3636,14163,3193,1599,13724,3073,1594,13787,3330,3944,14001,3856,3438
13343,2659,2921,14253,3982,4080,14757,4440,-356,14514,3872,406,14191,4248,2660,14497,3601,152,13796,2899,212,13652,2537,2016,13604,3640,1461,13966,3664,-520,13801,4199,-37,13969,4565,1839,12899,3051,1733,13239,2340,123,12982,4026,1394,13385,3139,4874,12890,3345,324,14208,4486,1117,13961,5048,4290,14097,3943,1431,13253,2763,1891,14382,2779,3066,13174,4006,3995,14933,3338,1691,14245,4447,-313,14735,4591,2778,14253,3910,1040,14244,2977,-1172,13580,2782,2739,13645,3140,2169,13699,2788,-951,13893,3576,191,13777,4822,1935,14122,3868,234,13231,4045,-380,13227,2492,3469,12383,3158,2645,13549,3274,324,13766,3852,2649,13357,4748,3028,14261,3380,1861,13657,4401,626,14287,3445,3263,13161,3390,4525,14145,2184,897,14285,3959,1675,14691,4806,3002,14421,4089,-88,14376,3780,-521,14491,3884,2389,13597,2981,1932,13455,2374,83,13792,3238,233,14019,4563,1755,13684,3695,352,13671,3578,-994,13408,4014,2809,13138,3544,2989,12792,2722,10,13393,2965,2142,13347,4483,3946,14008,4027,1571,13732,4008,746,13969,4121,3234
13924,4208,150,14037,3207,3274,13380,3447,4101,14243,2430,1358,14121,3420,1481,14429,4493,2849,14601,4487,1310,14644,4043,-789,14363,2999,1506,13546,2696,2659,13747,2474,-444,13836,3397,-14,13794,4643,2358,13606,3932,420,13648,3632,-892,13647,3695,1704,13051,3376,2826,12848,2328,672,13061,2941,1338,13279,4708,4246,14133,4509,2313,13776,4099,362,14079,3460,2796,13360,3695,3540,14196,2609,1213,13930,2779,2164,14049,4152,3850,14695,4656,1063,14860,4652,-616,14481,4379,1601,14141,2897,2120,13373,1805,-100,13729,2405,516,13567,4545,2412,14039,4044,305,13414,3693,-1070,13671,3806,1828,13429,4087,2140,13152,2678,37,12718,2253,1774,12903,3789,4135,13966,4063,2227,13777,4736,778,14170,3786,2701,13384,4161,2935,14295,3012,868,13916,3123,2511,13740,3667,4760,14374,3494,1436,14481,4467,-499,14824,4761,1988,14427,4100,1465,13969,2051,-554,13361,2062,1355,13704,4121,2593,14098,3617,273,13268,3636,-1034,13682,4298,1663,13953,4202,1809,13185,2696,-658,12759,2188,1540,12838,3622,4120,13781,3932,1680,13607,4370,916
13887,4608,2358,13944,4366,275,13914,3729,2183,13501,3980,3441,14254,2933,1575,13864,2666,2016,13602,3547,4582,14666,3997,1882,14736,4534,-889,14731,4461,1500,14359,4109,1761,13980,2105,-110,13218,1770,812,13382,3652,2620,14192,3869,945,13623,3704,-1455,13543,4128,1205,13939,4319,2190,13536,3101,-385,12568,2018,1307,12645,2919,4508,13732,4432,2113,13908,4651,482,14141,4368,2863,13102,4139,3092,14446,3052,1122,13863,2926,2041,13463,3110,4271,14005,3446,2792,14657,4390,-373,14672,4760,1851,14547,4006,2026,14101,2978,-1027,13985,2365,859,13339,3426,2770,13781,2741,867,13607,3764,-846,14242,4849,1020,13820,4676,1661,13436,2781,-644,13294,3059,379,12105,2884,4912,13961,2070,2888,12188,4660,-1527,14941,4908,3795,13535,5369,3513,14363,2792,-201,12932,2738,2697,14259,2833,4216,13484,3817,3388,14621,3709,127,14225,4718,1631,14699,3549,3544,14642,4328,-1994,14725,3091,-296,13001,3077,4072,13725,2739,207,13805,3250,-423,13817,4429,2038,13878,4532,1044,13375,3423,-926,13441,2900,185,12990,4233,3236,13418,2320,3109
12625,3182,4037,13534,3842,3057,13441,4778,621,14498,5171,2111,13922,4088,3395,13366,1920,1210,13559,2366,913,14107,4027,5107,14244,3752,3735,14422,4152,14,14193,4352,1186,15082,4458,2425,14290,3923,-560,14171,1660,-180,12711,2860,3569,14202,2941,1675,13500,4120,-1285,14319,4611,888,13693,4868,1454,14005,3063,-657,12657,1954,448,13083,2894,3691,13161,3126,3526,13098,4028,51,14019,4815,2326,13757,4666,3791,14014,3432,359,13851,2895,1455,13729,2925,4270,13042,3145,2983,14477,3687,1264,14591,5390,2109,14547,4042,2837,14390,3348,-972,14617,3193,-987,13828,2976,3289,13729,2214,1795,13315,3177,-382,14173,4576,1865,14277,4947,1196,13599,3465,-1865,13399,2627,-267,12844,3623,3467,13388,2674,3005,12583,3051,944,13603,4240,2449,13790,5572,3005,14477,3675,172,13079,2913,1315,13795,2751,4641,13888,2957,3028,13525,3360,1243,14470,4435,3120,14650,5514,2171,15312,4160,-127,14158,3119,459,14258,3172,1666,13414,2233,1931,13822,2813,-382,13694,4195,1751,14098,4500,2440,13803,4205,-2057,14039,3458,-646,12928,3242,2561
13681,3243,-777,12989,3600,4041,13371,3330,2492,11556,3774,796,15270,2032,3521,11893,5465,1240,15776,3334,707,12969,4568,2025,14345,3454,3222,12518,2734,4946,14478,2970,626,14248,4766,2793,15256,4665,3009,14011,4202,-1540,14569,2718,903,14088,4180,2994,14142,2345,1241,12964,2423,-25,14107,3644,717,14142,4869,1681,13729,3525,-725,13745,3173,-618,13194,3977,3304,13449,2874,2267,12157,2881,506,14095,2878,2352,12598,5196,2690,14892,3245,1548,13233,4325,574,14142,4088,3751,13562,3427,3573,13787,2211,1312,13437,3682,3529,14937,4482,3454,14382,3952,12,14503,3444,-47,14316,4629,2079,14350,2977,1600,13278,1973,508,13758,2909,1630,14025,4452,1959,14192,3744,-876,13491,3583,-725,13619,4241,2446,13811,3167,1304,12466,2554,443,13201,2787,3414,13185,5245,2155,14421,4113,585,13274,4008,1397,13549,3563,3675,13332,3101,3072,14219,2728,658,13161,3566,3758,14341,3540,3733,14756,4597,-1,14887,3970,736,14079,4137,2424,14173,3538,827,14438,3124,-231,13573,3074,2541,13603,3099,2259,13787,3568,-1120,14462,4259,-18
14035,4035,-743,13871,3967,-578,13108,4079,2037,13675,2786,1748,12700,2919,165,13765,2971,2079,12690,4482,2700,13861,2875,877,13125,4257,1250,14511,4760,3659,13689,4111,3419,13584,2800,345,13575,2659,3218,13834,4235,4220,14828,3728,977,14447,3789,633,14211,4146,2369,14603,4150,1291,14416,3663,-479,13711,2473,1987,13405,3107,2693,14051,3029,-404,14010,3899,-701,13793,4423,1851,13552,3654,1216,13483,2808,-305,12929,3307,2086,13385,3346,3696,12971,3445,174,13342,3725,702,13897,4747,4345,13701,4189,2493,13571,3117,1042,14006,2986,2858,13371,3353,3858,14401,3458,1159,14526,4328,857,14456,4409,3343,14332,3716,1843,14504,3856,-1200,14542,3296,1570,13321,2813,3174,13722,2483,-722,13961,3471,75,13831,4859,2518,13920,3931,44,13243,3510,-1099,13647,2962,1959,12910,3436,3520,13052,2224,1195,13039,3470,348,13645,4275,3775,14070,4536,2202,13720,3931,433,13913,3480,3861,13447,3742,3766,13950,2555,1000,14062,3441,1584,14468,4694,3566,14532,4345,1563,14259,3466,-6,14225,3863,1529,14423,3406,2285,13517,2273,-86
14410,3426,2702,13537,2825,305,13322,2540,-344,13723,4004,2222,14139,4386,1209,13554,3495,-1494,13879,3530,493,13129,3967,3093,13166,2268,1487,12703,3175,849,13799,3507,3231,13274,4447,2740,13996,3784,424,14003,4190,1939,13747,3874,4372,13853,3068,2162,13692,3632,1225,14486,4309,3775,14125,3880,2452,14496,3814,-379,14611,4241,1506,14446,4199,2097,13641,2122,576,13495,2099,63,13970,4025,1921,14043,3713,1484,13632,3640,-1378,13859,4033,753,13520,4231,2319,13430,2511,217,12611,2931,702,13655,3753,3999,13376,4098,2176,13501,3789,-45,13927,3665,2635,13495,4406,3348,14206,3112,1630,13469,2818,1556,13551,3741,4136,14525,4039,2921,14515,3849,-381,14506,3845,1470,13864,3772,2951,14542,3476,-605,14059,3283,708,14062,3660,2918,13692,3070,486,13434,2865,-596,14033,3878,1204,13828,4521,2073,13761,2932,-211,12754,2781,133,13301,3857,3409,13361,3650,2880,13022,3361,-96,13607,4028,3173,13914,4521,3536,13771,3497,541,13353,2769,1979,13865,3339,4412,13782,3900,3047,14769,3463,802,14044,4096,1655,14690,3892,2571
14389,4163,1169,14443,4101,3260,14286,3605,275,14344,3485,-441,13823,3606,2923,13857,3239,1497,13858,3059,-1262,13860,3406,888,13531,4119,2219,13543,3282,-311,13505,3577,-162,13145,3935,3003,13253,3109,2765,13081,3570,-363,13890,3657,1680,13165,4170,4206,13744,3076,959,13612,3916,1414,14325,4343,4062,13738,3433,3129,13524,3075,360,14647,3527,2011,14469,4737,3201,14365,3128,622,13971,3764,-375,14714,4378,2258,13824,3458,2323,13491,2330,-1028,14010,3206,708,13941,4521,2541,13655,3004,-505,13214,3366,-552,13732,4284,2642,13665,3790,2271,12636,2513,179,13451,3090,1639,13327,5170,3293,14254,3021,1741,12634,3434,1125,14183,3993,4018,14071,4395,3346,14016,2608,523,13384,3218,2385,14654,4279,3576,14569,4148,591,14175,3229,531,13983,4346,2548,14799,3882,1113,13966,3138,-202,13449,2307,1084,13935,3481,1832,14141,4030,-93,13666,3357,-453,13177,3738,2366,13766,3804,1261,13588,3561,-461,12984,2798,2653,12813,3216,3482,13748,3827,520,13922,4357,1212,13385,3721,4031,13342,3886,2509,14560,3659,1038,14078,3515,3149
14177,3067,797,13946,3108,2445,13442,3574,4152,14345,3361,1688,14291,4119,-59,14680,4283,2470,14299,4054,1932,14196,3179,-1214,14068,2850,1431,13498,3822,2673,14067,2920,-182,13488,3350,-421,13643,3887,1992,13911,4681,1051,13610,3460,-501,12991,2839,1704,12789,3440,3298,13413,2828,2129,13164,3895,313,14062,4741,3199,13434,4289,3225,13984,3470,433,13695,3484,2772,14054,3643,4175,13789,2755,1908,14231,3499,550,14615,4784,2296,14472,4064,2438,14242,3548,-735,14577,3635,412,13913,3789,2854,13374,2557,377,13568,2591,-617,13735,4287,2003,13981,3842,1565,13487,3646,-1581,13495,4044,690,13220,2955,4752,12662,3425,186,13715,3111,590,13081,3967,4525,13721,4390,1754,14058,3641,986,13943,4202,2058,13495,3992,4453,14442,2894,2280,13379,3437,239,14778,3923,4128,13947,4181,2370,14497,3604,-1492,14290,3669,1794,14231,4044,2267,13896,2665,-280,13521,2580,463,13889,3781,1936,14117,3759,1020,13414,3591,-905,14134,3779,652,13311,4550,3045,13215,2945,824,12402,1943,1458,13459,4530,2543,14034,4750,2501,13653,2788,1154
13677,4598,3198,14100,3592,478,13442,3752,1947,13674,4482,4233,14434,3609,2282,13728,2961,1145,13947,2976,3189,14161,4021,2379,14777,3861,-438,14410,4119,1195,14183,4438,2698,14322,2974,399,13702,2486,-367,13629,3542,1664,14165,3960,1464,13402,3439,-1041,13529,3090,952,13320,4849,2812,13870,3596,246,12719,2939,315,13072,2771,3472,13458,4198,2922,14024,3825,879,13506,3522,2248,13498,4265,3677,14267,3827,1496,14141,3609,1292,13629,3549,3957,14253,3172,2867,14274,3986,-376,14685,3886,1403,14256,4784,2840,14449,3477,39,13930,2348,88,13416,3333,2603,14214,3420,971,13879,3417,-1151,13292,3371,842,13449,4626,2492,14035,3999,282,13004,3490,-100,12984,2644,3465,12835,3473,2634,13843,3625,93,13560,4015,3058,13360,4073,3748,14093,4079,994,14118,3921,1334,13981,3803,3913,13736,2805,3033,14111,2920,276,14268,3965,1871,14619,4388,2948,14493,3922,-290,14140,3200,-325,13876,3551,2763,13825,3141,1282,13778,3138,-1081,13702,3811,1133,13530,3936,2023,13443,3493,-272,13478,3715,201,13550,3839,2887,12937,3042,2496
13003,2720,2974,12807,3464,3338,13726,3864,367,13673,4118,2183,13546,4168,4054,13846,3773,1381,13982,3229,997,13932,3562,3707,13731,3146,3499,14258,3205,733,14521,4053,1317,14538,4732,2914,14639,3967,432,14381,3028,-1047,13721,2974,2480,13689,3248,2153,13935,3459,-1000,13725,3603,857,13415,3909,1961,13533,3682,-183,13501,3583,-309,13313,3573,2598,12631,3074,3252,13427,2896,424,13542,3951,2099,13676,4489,4115,13936,3844,1154,13871,3665,812,13861,3655,4021,13848,3767,3376,14120,3071,731,14289,3621,2207,14284,4597,2894,14807,3981,300,14388,3846,-452,14091,3423,2178,13614,2647,2099,13596,2839,-823,13933,3480,998,13685,4222,2223,13520,3143,-498,13676,3489,-377,13495,4285,2453,13352,3339,2348,12645,2827,514,13512,3564,2244,13570,4794,4075,13897,3688,1341,13462,4089,791,14338,3923,3820,13571,3551,2900,13759,2847,821,14266,3462,2708,14227,4507,3543,14506,3645,649,14293,3848,-693,14294,4248,2315,14214,3196,1803,13389,2408,-779,13727,2803,1434,13799,4174,2152,14119,3329,-704,13429,4039,-919,14076,4303,2351
13532,3576,-812,13443,3784,1900,12951,3620,3240,13371,3339,195,13617,3554,1858,13475,3944,4298,13468,2739,1587,13436,3920,619,14425,4176,3477,13530,3934,3723,13746,2369,1067,14335,3660,1690,14620,4331,3521,14611,4203,974,14224,3648,-1069,14240,4044,2283,14303,3196,2658,13801,2434,-1079,13715,2871,251,13705,4298,2681,13782,3687,-395,13716,3615,-715,13424,3981,2419,13503,3722,2054,12572,2403,268,13131,2790,1702,13210,5012,3708,14462,3814,1998,13585,4043,1028,13407,2875,3229,13580,4025,2832,14653,3469,1221,13997,3423,2809,13958,3842,4222,14423,3235,563,14538,3387,33,14423,4896,2104,14578,4175,936,13578,2747,354,13948,2792,1228,13664,3889,1849,13767,3023,81,13345,3783,-982,13900,4632,1986,13534,3481,2010,12785,2651,-411,13324,2763,2346,13498,4561,3757,13468,3432,649,13514,3254,1434,13521,4176,3971,14238,4422,2937,13981,3758,801,13695,2648,2056,13642,3945,3947,15050,4259,1117,14081,3502,523,14193,3769,3048,14592,4390,940,14693,3595,-1386,13454,2726,1974,13376,3198,2404,13789,2890,47,13844,3250,-120
13826,2913,231,13519,3682,-978,14300,4352,1590,13194,4041,2655,13217,3015,-267,13284,3215,1043,12399,4625,4010,14804,1609,3154,11843,3962,-932,15443,3900,3183,12926,5710,4520,14847,2735,-447,13120,3076,2852,14373,3437,4001,14075,3583,2254,14684,3613,389,14116,4006,1208,14473,3708,2883,14361,3661,-682,14195,3225,75,13282,3870,3210,14073,2791,-217,13231,3238,-946,13821,3885,2199,13800,3747,1417,13083,3487,-195,13682,3316,1275,12348,4929,3231,14656,1448,3055,12049,3383,5,13903,4239,2196,13868,4282,5031,13838,4445,-829,14342,2628,2934,13282,4168,4463,14666,2672,1589,14094,3799,1164,14302,4279,1452,14460,3986,2512,14370,3389,-294,14290,3700,-127,13699,3323,2985,13875,2617,-25,13439,2947,-835,13697,3608,2384,13867,3827,1030,13612,3491,-680,13573,4203,1056,12961,4148,3716,13398,2624,1320,13051,4077,-541,13575,3695,4830,13499,3206,3066,13587,3812,-47,14392,4159,2805,13851,4290,4076,13959,2713,1946,14010,3344,805,14266,3916,3541,14456,3809,2542,14391,4054,-1353,14427,3970,1129,13928,3634,2831,14061,2660,-46
13587,3669,2940,14078,2880,306,13380,2910,-863,13981,3599,1961,13746,4432,1525,13940,3735,-746,12768,3984,1345,13763,2255,4097,12209,4704,-385,14261,2637,1239,13259,3819,4222,13246,4114,2581,14072,3747,1450,14235,4292,1381,13411,3559,4825,14057,3023,1721,13876,3168,335,14765,3607,4374,14008,3875,1845,14448,4012,-1324,14969,4042,754,14189,4463,2446,13801,2246,445,13511,2256,-284,13588,3844,1824,14026,4040,1586,13126,3640,-1281,13643,3112,842,13419,4312,3373,13590,3587,778,12716,3182,-275,13613,2926,4117,13108,3984,3271,14035,3127,612,13534,4166,2796,14095,4210,3206,14039,3420,1671,13785,3317,1253,14447,3576,4107,14288,3837,3191,14283,3156,-847,14235,3964,828,14775,4828,2463,14136,3418,381,13699,2366,-69,13587,3211,2669,14013,3462,1295,13424,3503,-1647,13561,3511,1066,13481,4429,2666,13298,3528,409,13330,2899,870,13045,3663,3207,13404,3679,2580,13735,3384,896,13633,3869,2606,13787,4607,4002,14360,3698,985,13543,2929,1136,13998,3601,4008,14471,3896,2509,14327,3270,176,14187,3441,1967,14483,4966,2037
[row took 88132us]
14517,3874,1153,14453,5374,2054,14698,3712,1150,12857,1812,-246,13489,3164,85,14557,3675,3178,13745,3167,-633,12961,3215,44,13567,4891,3122,14049,4018,3,12966,3280,743,12856,2633,2409,13268,3499,2892,13680,3193,1881,13760,4367,1279,13540,4725,3730,14381,4277,1950,14078,3058,601,13434,3189,3804,14072,3306,3390,14545,3660,202,14261,3670,1384,14065,4276,2573,14753,4296,214,14589,3348,-692,13449,3332,2171,13457,1900,1947,13435,2969,-950,14058,3707,764,13568,4783,2199,13984,3837,-418,13200,3715,202,13578,3303,3227,12718,3272,2800,13180,2278,403,13346,3457,2495,13853,4927,3942,14050,4486,1321,13885,3407,1186,14038,3683,4078,13926,3599,2772,14141,2582,1047,13844,2867,2207,14620,4795,3002,14794,4824,344,14648,3879,-1112,13456,3050,2494,14028,2812,1540,13743,2899,-911,13650,2899,1686,13339,4070,1919,13634,3972,-593,13868,3843,-232,13234,3979,2371,13153,2987,2819,12866,2706,187,13667,3092,2072,13193,4397,4104,14104,3449,972,13672,4405,1271,14543,4553,3668,13796,3523,2865,13425,2703,682,14481,3214,2793
14516,3117,1046,14145,3549,1758,14187,4374,3086,14416,3866,1170,14767,4357,-1190,14419,3655,1740,13479,2813,2625,13761,2719,-1243,14021,3034,938,13290,3998,2886,13648,3725,-310,13689,4055,-1132,13700,4117,2200,13186,3246,2760,12778,2748,404,13262,2972,1868,13356,3960,4587,13679,3973,1486,13916,4101,183,13978,4636,3506,13955,4168,3287,13867,2567,1267,13714,2396,2558,14099,3666,3775,14596,4534,888,14641,4325,-768,14511,4688,1659,14175,3544,2132,13471,2294,-477,13909,2470,1039,13326,3462,2487,13776,3363,-17,13739,4087,-905,14118,4827,1500,13519,3914,2096,12637,2233,-260,13351,2984,1816,13324,3844,4331,13090,2921,1490,13517,3753,715,14306,4891,3142,14182,4992,2682,13772,2749,841,13449,2666,2748,14027,3672,4617,14598,3492,1216,13913,4036,-321,14599,4367,2629,14875,4945,927,14429,3128,-692,13369,2039,2123,13702,2890,2260,13827,2990,-82,13775,3479,-407,13587,4631,1816,13860,4549,1148,13532,3479,-444,12804,2764,1883,12774,3108,3787,13650,2957,1334,13111,3707,1010,14105,4280,3899,13626,4767,2132,14361,3913,691
13600,4573,2986,14333,3385,518,13767,3208,2227,13542,3545,4709,13864,3187,2598,14645,4138,-289,14607,4797,1955,14268,3800,2199,14088,3174,-1170,14626,3223,963,13524,4018,3282,13768,2342,398,13464,3480,-1193,14266,4432,1757,13594,4282,1705,13142,2852,-1060,13236,3142,1184,13526,4669,3272,13405,2518,2189,12404,2924,451,14136,4588,2729,14075,5021,3543,13728,3602,466,13471,3112,1831,13944,4071,4095,14093,3142,2453,13751,2885,1358,14280,3947,2455,14625,4623,2266,14814,4078,-769,14196,3614,211,13962,3585,2801,13926,2807,1001,13599,2928,-77,13538,3855,1579,13753,3603,1486,13619,3652,-1456,14025,4443,537,13079,4001,3887,12958,2370,1219,12619,2615,1046,13714,3743,3309,13706,4745,2302,13871,3389,946,13621,3907,1746,13731,4703,4141,14743,3452,2490,13443,2726,1149,13889,3593,3362,14655,4474,1960,14660,4001,-302,14113,3396,1320,14075,4142,1984,14442,3105,379,13597,2497,275,13384,3175,1804,13908,3712,827,13910,4042,-768,14204,4073,759,12665,4300,2463,13606,1777,1254,12449,3910,-486,14137,3021,4242,12580,3592,2796
13216,3304,2688,13485,4697,3252,13935,3786,903,13621,3430,1801,13712,4051,3963,14185,3547,1999,14000,3326,1028,13902,3273,3653,14281,4005,2909,14597,4110,-141,14534,3871,848,14107,4549,2238,14229,2573,445,13335,2483,-90,13675,3458,2278,14071,4233,1732,13753,3557,-1033,13462,3185,282,13400,4464,2414,13957,3523,660,12645,2878,387,12936,2506,3411,12947,4110,3140,14341,4310,455,13705,4347,2082,13510,4048,3487,14051,3579,1519,14023,3616,1323,13820,3498,3867,13692,3508,3361,14520,3673,-110,14503,4251,1081,14382,4602,2940,14552,3422,-224,13886,2799,-484,13657,3146,2922,13906,3752,1452,13960,3420,-1117,13559,3248,822,13219,4123,2041,13953,3623,0,13333,3559,-141,13206,3336,3185,12955,3315,3187,13526,3720,181,13769,4351,2431,13535,4309,3978,13797,3469,828,13822,3207,1249,13908,3775,4226,13798,3586,3306,14180,3365,619,14473,4055,1621,14349,4556,2822,14700,3637,114,14201,3071,-652,13752,3213,2793,13830,3179,1972,13972,3221,-967,13838,3894,1051,13724,4190,2013,13476,3243,-565,13555,3195,-93,13164,4115,2855
13264,3362,-94,13139,2810,2794,12683,3462,3357,13768,3787,289,13878,4384,1674,13604,4402,3993,13678,3409,1585,13848,3318,1076,13855,3379,3898,13673,3499,3540,14295,3101,817,14493,3861,974,14384,4798,2811,14808,3684,835,14173,3382,-1010,13955,2744,2429,13610,3201,2296,13974,3268,-938,13810,3834,434,13745,4107,2028,13335,3190,25,13583,3197,-452,13327,3915,2467,13152,3239,3088,12868,2964,363,13503,3805,1558,13704,5205,4023,13974,3519,1651,13325,3396,653,13885,3364,3874,14016,3876,3631,14120,3067,837,14229,3297,2012,14333,4935,2934,14955,4129,678,14321,3789,-427,14110,3139,2144,13582,2788,2386,13999,2955,-707,14022,3582,715,13757,4701,2187,13789,3228,-406,13246,3193,-563,13430,3924,2472,13424,3686,2322,12775,2612,221,13078,2939,2055,13267,5026,3675,14466,4327,1457,13518,3607,897,13695,3365,3471,13555,3766,3421,14369,3247,893,13713,3560,2661,14164,4055,3582,14457,4261,320,14716,3915,-23,14440,4247,2283,14036,2862,1643,13566,2305,-371,14086,3226,1069,13901,4754,2219,13954,3582,-508,13301,2960,-709
13907,3159,317,13781,3823,-1559,13389,3295,2367,12999,3423,3373,12813,3039,64,13367,3190,2136,13190,3894,3897,13307,4279,639,14412,4038,1281,13805,4355,3146,13497,3232,3712,13928,2900,1695,14353,2776,1963,13847,4467,3831,14840,3994,314,14787,4141,-794,14663,3847,2480,13958,3193,2187,13544,2490,-669,13915,3132,1163,13642,4389,1815,13633,3344,-244,13478,3573,-367,13885,4181,1583,13012,3673,2164,12949,2027,520,12957,3429,1554,14039,4915,3803,13801,3877,1818,12871,2907,521,14102,3730,3057,13967,4797,3441,13996,2727,1376,13289,2628,2496,14101,4580,3817,15061,4674,1348,14443,4330,-76,14211,3582,1768,14061,3767,1766,14385,2594,157,13682,2541,863,13437,3719,2031,14002,3511,404,13767,4016,-1349,13847,4157,1907,13340,3991,1775,13295,2513,-292,12853,2449,1973,12667,3947,3628,14055,4076,1653,13699,4929,400,14227,4855,3127,13630,2897,4003,12971,2368,355,14292,3177,2081,13855,4482,5367,14364,3758,1283,14453,3601,85,14242,4143,2557,14801,4011,1997,14161,3801,-1154,13730,2438,945,13591,3720,3393,14045,3180,46
13599,3777,2090,14259,3859,549,13614,3995,-1060,13647,3256,1470,13294,3689,2253,13286,2948,-98,13341,3331,975,13087,3736,4390,13409,3654,1851,13593,4158,120,14263,3991,3372,13313,4241,3112,13946,2570,1205,13683,2967,2019,13671,3713,4520,14457,3799,2405,14545,4302,-504,14740,4566,2069,14309,3788,2036,13954,3006,-646,14107,2567,1373,13604,3618,2765,13942,2928,213,13603,3436,-1298,14085,4321,1105,13797,4538,1804,13332,2992,-411,12895,2739,1287,13217,3340,3789,12828,4259,1188,14529,2286,1660,12322,4262,1853,14400,4694,2024,13791,3899,2730,13812,3330,857,13616,3262,5124,14385,3179,2022,13798,3891,599,15016,4500,3223,14080,4376,831,14621,3089,15,14364,2988,1460,13742,3896,1881,13836,2620,1178,13694,3201,-695,13790,4053,972,13940,3780,1806,13567,3555,-1580,13450,3424,1265,12930,3717,3942,13527,3607,593,12925,3192,1762,13926,3297,3219,12192,5043,681,15636,2970,2148,13132,5001,2334,14524,2641,3790,12481,3383,3008,14896,2762,-84,13921,5600,4199,14843,4263,1839,14100,3639,-1188,14069,2617,2368,14175,3978,1980
14036,2966,-917,14411,3899,3226,13811,2870,1645,13473,2874,-1623,14127,3990,1366,14093,4496,1577,13266,2939,-637,13345,2806,178,13051,3844,2947,13522,2949,2145,13052,2825,331,13301,4196,1899,14065,5373,3110,14088,3657,1719,13422,2989,892,13322,3146,4496,14216,2861,2943,13531,3771,494,14629,4241,3009,14261,4931,2712,14916,3649,-138,14300,3077,585,13775,3537,2131,14077,2440,1384,13639,2962,-208,14036,3912,1493,14093,4274,1653,13710,3564,-1219,13951,3321,-132,13027,4502,2771,13641,1269,2775,12349,3784,-183,13747,4012,1413,13099,5092,4225,14125,3280,115,13683,3293,2096,13240,4447,4428,14723,2357,1997,12754,2944,1543,14221,3918,2251,14472,5035,3657,15075,3889,894,14134,3507,21,13921,3876,2422,14682,3032,540,13750,2834,-395,13431,2937,2549,14096,3999,1438,14150,4348,-1306,14211,3929,141,12728,3689,2098,13678,1833,658,12500,3098,793,14000,3737,3252,12745,4643,1832,13836,3158,309,13633,4337,1891,14061,3930,4185,13556,3183,2188,13724,2349,540,13423,3920,4340,14414,4196,3270,14471,4499,229,14598,3934,1727
15330,4938,120,14240,3665,802,13777,3383,3235,14233,3559,1248,14617,3391,-399,13558,3163,1813,13455,3094,1691,13937,3399,-459,14214,4230,-48,13692,4339,1928,13141,2734,904,12928,2938,-499,14059,3454,2605,12626,3526,4278,13514,3046,-47,13686,4487,574,14065,4347,4059,13232,3409,1970,13722,2764,1197,13862,3370,4084,13740,4078,3706,14572,3726,520,14457,4349,515,14476,4627,3101,14353,3189,2120,14116,3159,-793,13884,4065,2319,14175,1839,3510,12516,3367,-2883,15744,3039,187,13100,5653,3411,13954,2350,-438,12578,3362,619,13923,2744,1958,13074,4153,3222,13143,3088,66,13775,3880,268,13578,4836,4779,14059,3951,1669,13212,3939,389,14331,3026,4140,13189,3171,3672,13785,2661,481,14451,3802,1662,14702,5209,3531,14278,4378,531,14312,2926,-131,14055,3751,2516,14559,2902,2121,13475,2572,-711,13659,2535,272,13983,4696,1988,14209,4424,115,13620,3302,-848,13529,3821,2001,13265,3447,2380,13009,1931,324,12810,3110,1475,13641,4292,3163,13532,4197,1709,13793,3967,989,13796,3937,3316,13560,3350,3780,13744,2497,1245
13376,3755,4412,14044,2193,1008,13110,3799,1742,14909,4985,3880,14662,5164,1805,14531,4154,-250,14162,3096,2290,14072,3635,2084,14196,2284,80,13522,2651,558,13621,4379,1994,14427,3982,1148,13540,4336,-1255,14223,3366,839,12962,3600,2372,12752,1234,263,12727,2882,1085,13689,4849,4276,13822,4374,1692,13055,3900,-125,14630,3966,2992,13671,4637,2932,13786,2497,1867,13379,2079,2219,13304,4708,4203,15171,4515,2387,14368,4323,-757,14226,3572,1819,14128,3739,2858,14482,3366,-717,13779,1906,1183,13158,3230,3168,14300,4092,-343,14329,4188,-661,13735,4029,1499,13468,3573,1136,13683,2610,19,12829,2475,1036,13212,3452,3626,13515,4113,1854,13604,4355,-580,13964,4316,3707,13295,3960,2998,13899,2899,597,13258,2951,2852,13750,3341,3999,13480,4087,2665,14819,3786,744,14428,4747,2213,14530,4181,2404,14315,3144,-781,14169,2888,907,13673,3105,3693,13696,2607,874,13977,3596,-781,14518,4573,1344,13925,4576,1132,13515,3047,-1417,13642,3040,994,12774,3543,3765,13144,2239,1630,12954,3587,266,14282,4729,2059,13444,4569,3133
13572,3555,1923,13416,5238,3218,14423,3894,1463,13243,3091,1545,13299,3080,4125,14012,3623,2870,14261,3791,720,14243,3893,2619,14123,4556,2689,14760,4347,258,14345,3916,1081,13983,3531,2331,13694,2581,1415,14017,2646,-473,14156,3664,801,13916,4196,1753,13664,3562,-434,13747,3422,2,13221,3621,2723,13246,2729,1447,13143,2990,-347,13581,3526,2487,13344,4618,3350,13682,3881,538,13876,3995,1768,13590,4102,4168,13692,3066,2625,13696,2941,838,13865,3665,3032,13947,3976,3646,14827,3992,269,14490,4635,619,14296,4003,3406,13634,2478,793,14066,2658,-520,14072,3724,2223,13936,3671,1659,13859,3352,-1168,14219,4287,221,13591,4544,2580,13351,2498,669,12657,2206,0,13697,3729,1871,13378,4917,2945,13471,2764,879,13104,4131,1065,14134,5012,4320,13914,3410,2547,13135,2181,1019,13469,2949,3087,14074,4316,3353,14634,3657,911,14168,3974,1158,14475,5145,3077,14796,3921,1313,14028,3049,-387,13762,2674,2036,13841,3254,2271,14038,3396,-564,14083,3620,180,13527,4422,2368,13739,3012,367,13570,3798,-1234,13299,3137,2957
13208,3359,-1261,13440,2822,2069,12754,3668,3950,13417,2727,507,13193,3828,391,13842,4756,3812,13951,4190,2291,13522,3039,529,13640,3047,3298,13560,3855,4106,14260,3597,1299,14150,3977,1026,14397,4511,3549,14233,4248,1616,14581,3170,-725,13969,3546,1807,14042,2991,2360,13698,2795,57,13950,3262,86,13975,4830,2207,14185,4017,438,13227,2769,-1267,13312,2780,1716,13096,4058,2524,13577,3052,576,12833,3165,1365,13534,4481,3078,14171,4966,1857,13631,4036,480,13667,2610,3137,12992,3641,4034,14413,3163,1239,13929,3646,1880,13862,4133,3556,14691,4106,1218,14575,4317,-67,14453,3543,2252,13656,3316,2180,13998,2504,-180,14040,2931,822,13577,4416,2387,14324,3890,448,13865,3665,-1153,13599,3166,1393,13331,3521,2289,13405,3304,-244,13342,3261,1346,12842,3941,3863,13596,3954,1503,13881,4424,402,13657,3863,3104,13068,3232,3458,13649,2737,1100,14013,3157,2474,13784,4216,4266,14570,3642,1614,14494,4145,-310,14403,4494,2192,14406,3895,2848,14100,2873,-505,13884,2765,806,13705,3583,3116,14014,3730,-167,14154,3569,-1010
14313,4087,619,14125,3917,-1261,13435,3352,961,13041,3505,2421,13698,2855,411,13027,3205,145,13229,3291,3334,13078,3705,2096,13864,3946,-226,13807,4688,3121,13578,3849,3855,13655,3019,1208,13657,3272,1681,14325,4082,3879,13719,4084,2757,14637,3445,75,14246,4519,1848,14397,4447,3023,14561,3083,26,13717,2656,98,13746,2963,3044,13807,3217,1113,14049,3434,-1387,13956,4353,1141,13736,4124,1790,13452,2953,-291,13409,3049,596,13265,4233,2988,13320,3220,2126,12990,3326,-229,13709,4291,2427,13805,5270,4000,13967,3025,1081,13060,2893,1831,13567,3509,4066,14363,3739,2348,13906,3489,540,14299,3783,2517,14270,4974,2787,14889,3725,62,14244,3428,231,13785,3284,2663,13928,2610,1208,13795,3288,-752,14226,4006,1298,13973,4680,1901,13620,3009,-961,13341,2841,191,13156,4092,2941,13732,3330,1402,12628,3030,350,13358,3145,2584,13147,5251,3129,14561,3972,955,13295,3203,1767,13280,3322,4140,13987,3318,2394,14323,3614,904,14009,3731,3302,14360,4284,2966,14705,4433,0,14711,3705,1030,13986,4137,2748,14060,2357,691
14251,3703,2156,14006,3609,2456,13605,2550,-872,13781,2989,1110,13965,4137,2314,13779,3806,-948,13652,3466,-706,13288,3972,2727,13153,3844,2189,13195,2656,758,13017,3007,2389,13330,4773,2525,14395,3902,1191,13325,3804,1179,13646,3548,4104,13953,3761,3626,14153,3047,587,13637,3538,2708,14239,4333,3322,14542,4052,483,14524,3604,1101,14250,4088,2022,13978,2897,771,13817,2679,-27,14015,3474,1129,14036,4125,2162,13908,2975,-24,13499,3560,-855,13977,4680,1720,13458,3279,1869,12659,3243,157,13664,3362,2403,12502,4500,3359,14404,1964,1174,12199,4227,60,15048,4562,3384,13419,4530,4208,13988,2582,472,13418,3058,3217,14337,3967,3830,14394,3863,577,14443,4009,598,14137,4529,2437,14692,3302,2072,13866,3185,-692,14141,2914,937,13379,3801,2740,14288,3048,-910,13622,3664,-456,13716,4182,2582,13863,3390,620,12872,4221,-617,13540,2674,3147,12584,3385,3320,13071,3062,-676,13933,4719,1879,13920,4211,4238,13807,2735,1831,13015,3980,1023,14943,3478,3657,13089,4313,4439,14454,2460,214,14211,3811,611,14548,4792,3766
14712,3471,286,13740,4830,3203,14888,3397,2253,13568,3893,-828,14614,1984,211,12937,3634,3128,14413,2291,718,13371,4257,-793,14153,4194,1807,13405,4287,1181,13592,2649,-1294,12878,2754,1445,13185,3758,4335,13423,3650,1262,13531,3865,250,13756,4327,3766,13785,4192,2270,13697,3811,854,13944,3055,3073,13378,3641,4045,14173,2954,1221,14230,3667,620,14503,4398,3088,14406,3937,1891,14486,3872,-1190,14551,3547,1316,13626,3436,2979,13762,2470,-501,13934,2985,54,13741,4478,2470,13713,3546,687,13221,3512,-991,13864,3814,1316,13231,4277,2947,13172,2460,1558,12752,2986,649,13662,4482,3724,13859,4042,2851,13627,3210,274,13568,3138,3194,13860,4270,3611,14301,3514,1474,13780,3104,1727,14136,4178,3423,14525,4388,2231,14682,3908,-817,14342,3510,1205,14040,3587,2581,13968,2916,-249,13795,2922,276,13663,3838,2271,13801,3332,555,13423,3796,-1341,14067,3761,1066,12841,3806,3057,13314,2686,183,13232,3638,859,12605,4522,4116,14783,2036,3154,11688,4350,-1316,16049,3943,2965,12687,5296,5017,14732,2036,-59,12666,3781,2576
14337,3455,1363,13373,3080,1075,14512,3768,3672,14453,4581,2075,14555,3755,-747,14148,3571,1278,14306,4405,2481,14225,3111,616,13501,2658,-235,13373,3054,1899,14144,3540,1516,13671,4039,-1450,13753,3526,1006,13090,4100,2878,13803,3231,-32,13007,3221,864,12928,2564,4092,13165,4256,2002,14122,4133,650,13839,3818,2755,13008,4306,3644,14476,2965,1928,13913,3489,1379,13839,3676,4210,14375,3904,2755,14537,4283,-670,14564,3525,2138,13759,3844,2768,14661,3527,-967,14200,3197,800,13444,3192,2511,13771,2923,222,13834,3403,-764,13695,3668,821,13408,4509,2238,13563,3480,323,13299,3485,-10,13153,3768,3477,13284,2534,2616,12786,3496,-375,14373,4138,2931,13568,4871,3923,14008,3437,611,13737,2891,1802,13950,3798,3968,14070,3415,2835,14258,3592,577,14391,4039,1744,14389,4564,2963,14498,3639,-417,14180,3092,-198,13747,3238,3031,13810,2966,1074,13803,2922,-1209,13789,3712,1480,13674,4281,1952,13843,3633,-673,13303,4377,353,13473,2303,4490,12766,3487,1460,13078,3097,-1251,13801,4013,4331,13249,4618,3172,14497,3145,1263
13717,4615,3516,14008,3429,1769,13592,3507,1491,14230,3398,3674,13134,3767,3337,14624,3426,309,14441,4363,1669,14414,4431,3405,14169,3653,485,14480,3431,-916,13777,3496,2868,13821,2568,1780,13503,2983,-1243,14156,3621,1392,13708,4592,1797,13694,3375,-727,13585,3608,-365,13065,4178,2562,13400,1500,3750,12706,4643,-354,14482,3539,1515,12707,4627,4422,13849,2840,479,13873,4207,1447,14391,4378,4013,13308,3193,3275,13227,2766,681,14747,3706,2212,14554,5016,3550,14318,3248,411,13867,3247,-125,14515,4331,2313,14467,3761,1805,13412,2583,-862,13394,2259,1245,13809,4191,2844,14145,4073,-814,13778,3546,-877,13143,4266,2086,13854,3403,1713,12776,3093,1010,13288,2455,2756,13071,4589,3050,14045,3594,688,13522,3704,827,13696,3688,3821,13911,3432,3121,13708,3216,1315,14008,3654,2859,14060,4411,3087,14670,4304,297,14578,3785,763,14325,3975,3033,14236,3610,720,14138,3268,-40,13427,1594,2135,13128,3990,355,14940,3554,364,13853,4231,125,13250,3868,1742,13378,3344,1573,12997,3179,-932,13545,2883,3539,12421,4188,2759
13488,2964,1989,13027,4621,4003,13766,3544,1000,13286,3854,1294,13857,4115,3517,13891,3955,2788,13395,2850,816,13803,2528,2824,13819,4544,4452,15040,4098,1022,14069,3911,-297,14313,3791,2795,14418,4036,1670,14437,3437,-808,13633,2618,2324,13721,3470,2082,14163,3296,-785,13821,3691,-301,13773,4353,1376,13516,3997,1297,13425,2727,118,12661,3161,1534,13205,3222,3948,13344,3421,331,13734,3653,214,13590,4379,4179,13736,3860,2377,13584,3632,1273,14129,3360,2927,13398,3591,3763,14306,3348,1123,14328,3857,930,14678,4864,3040,14438,3821,2240,14128,3389,-650,14440,3415,930,13648,3526,3277,13966,2505,-562,13601,3118,-257,13832,4243,2811,13944,3831,162,13587,3804,-1136,13578,3572,1897,12730,3558,3083,13299,2525,1099,13113,3934,529,14009,3994,3474,13254,3851,2458,13838,3513,5,13861,4331,3352,13730,3873,4232,13769,2508,1177,13980,3292,1158,14689,4676,3528,14424,4220,1664,14193,3476,-488,14224,4011,1876,14477,3842,2423,13512,2426,263,13888,2366,-443,13794,4370,2157,14073,3508,925,13269,3764,-1090,14015,4028,1609
13308,3706,-1378,13370,2659,660,13308,4308,2632,14021,3190,776,12497,2617,849,13213,3327,3356,13491,4869,2298,14234,3936,734,13216,2936,2407,13259,3935,3868,14633,3477,1893,13698,3088,1304,13484,3746,3752,14770,4370,2708,14668,4740,-271,14588,3474,1884,13763,3687,2256,14338,2937,-111,13912,2896,470,13926,3770,2053,13771,3228,1256,13789,3187,-913,13705,3962,507,13646,4191,2363,13440,3112,182,12986,2985,64,13271,3824,3265,13438,3754,2823,13385,3460,222,13818,4228,2393,13599,4214,3743,13985,3180,1416,13393,3211,1298,14365,3854,3774,13621,4240,3413,14637,3415,200,14098,4134,1601,14465,4201,3093,14329,3403,-117,14120,3215,-141,13659,3483,2857,13838,3322,1166,13892,3152,-946,14021,3743,1118,13620,4046,2090,13692,2866,-658,13235,3362,70,13442,4185,3048,13485,3441,2383,12989,3237,529,13652,3756,1934,13435,4672,3905,14025,3238,845,13341,3359,1725,13720,4046,4372,14243,3054,2727,13270,3408,845,14639,3487,2196,14479,5204,2739,14760,3486,291,13874,3122,73,13973,3717,2729,14400,3185,1503,13623,3236,-754
13993,3048,1292,13538,2664,-240,14140,2614,560,13580,4231,1994,13861,3434,157,13818,4100,-1020,13478,4638,2582,13351,2670,3440,12390,2735,-837,13983,3396,1311,12804,4822,4202,13986,2983,1544,13369,3802,1200,14248,4174,3569,13654,4013,3050,14259,2786,882,13589,3255,1841,14352,4183,3872,14636,4075,1569,14290,3719,-347,14276,4202,2075,14219,3641,1762,14111,2567,-795,13465,2824,1407,14009,3658,2284,13960,3669,-619,13395,3820,-200,14005,4413,2202,13368,3604,1803,13171,2889,-22,13152,2770,1679,12923,3582,3291,13711,3794,1045,13566,4325,1290,13883,4076,4282,13684,3933,2840,13943,3256,219,14099,3523,2727,13641,3654,4169,14300,3193,1320,14418,3873,583,14422,4663,2826,14559,4013,1254,14229,3338,-1396,13881,2426,1712,13406,3552,2832,14116,3243,-377,13815,3497,-57,13263,4178,1961,13790,3747,948,13558,3489,-698,13482,3208,1863,12817,3513,3801,13381,3067,225,13446,3877,1210,13687,4564,4286,13713,3631,2183,13784,3446,847,14098,3433,2931,13771,4171,3696,14287,2856,1292,14075,3457,1202,14307,4503,3328,14676,4131,1464
[row took 88484us]
14385,4326,2504,14465,4256,2070,14432,3696,-931,14155,2733,892,13437,3493,3143,14064,3011,57,13844,3454,-622,13739,3878,2026,13514,3651,1174,13614,3369,-643,13433,3652,1196,13211,3811,3332,12916,2806,1462,13257,3110,373,13606,4560,3793,13832,4145,3055,13514,3490,384,14019,3150,2495,13635,4185,4181,14369,3318,1803,13804,3106,1070,14291,3969,3131,14415,4331,2036,14804,3916,-740,14272,3684,963,13866,3181,2794,13794,2539,360,13846,2929,-330,13715,4284,1985,13875,3659,1080,13330,3384,-1240,13632,3563,1401,13319,4241,2793,13283,2965,770,12873,2689,833,13338,3865,3492,13853,4506,2948,13913,3874,604,13594,3383,2421,13413,3876,3826,14400,3229,1446,13756,3441,1630,14187,3704,3854,14273,4123,1946,14583,4047,-408,14627,4088,1446,14125,4068,2265,13966,2215,253,13472,2500,201,13780,4099,2239,14485,3748,1009,13209,3566,-1249,13783,3130,1271,13401,4571,2524,13702,3117,87,12781,2784,822,12827,3280,3632,13749,4289,2255,13804,4409,745,13871,3637,2720,13110,4079,3451,14270,3108,1151,13785,3605,1650,13729,3782,4292
13653,3541,986,14216,3452,3553,14241,4259,2695,14664,3767,-68,14579,3947,632,13954,3971,2595,14288,2544,689,13555,3010,-410,13926,3484,2223,13933,3543,1408,13597,3377,-1359,13957,4094,232,13684,4199,2790,13601,3625,770,12500,2788,1017,13785,2188,4134,12030,4699,482,14969,3688,1375,13190,4147,2899,14213,3617,3070,12860,3708,2830,14786,2334,442,12935,4792,4555,15314,3651,2695,13986,4205,-733,14566,2546,3035,13793,4256,1860,14897,3721,-948,14052,2925,1025,13518,3712,2010,14022,3064,1183,13841,3237,-754,13712,3868,400,13334,4438,2489,13491,2490,362,12760,3483,2,13674,4061,3459,13197,3573,2818,13277,3197,-148,13972,4061,2500,13483,4694,3583,14077,2658,1840,13345,2943,1678,14213,3629,3264,13759,3974,3404,14546,3669,386,14349,4081,1573,14498,4588,3510,14616,3458,-439,13804,2737,-461,13668,3233,2834,13881,3600,1273,14223,3246,-813,13611,3662,1286,13632,3779,1854,13739,3713,-1070,13536,3302,401,13096,3637,3882,13262,3519,1947,12548,3281,286,14291,2613,3242,11972,5141,2129,15542,3498,1352,13197,4484,2206
14099,3865,1879,13843,3687,1196,14145,3281,3115,13343,3715,3271,15185,3976,275,14194,4097,1443,14106,3490,3607,14330,3982,271,14742,3665,-1110,13460,3334,2728,13735,2610,1923,13779,2898,-1201,14069,3443,1335,13487,4298,1955,13714,3844,-719,13555,3566,-8,13233,3715,2939,13045,3497,3024,13254,2891,540,13436,3827,1593,13520,4714,3853,14186,3349,1427,13333,3703,1471,14284,3360,4372,13631,3654,3089,14155,2896,480,14515,3863,1827,14257,4667,2799,14584,3544,1145,14174,3751,-46,14442,3934,1838,13605,3060,2401,13814,2665,-1481,13904,3065,720,13750,4206,2935,13745,3809,-903,13727,3683,-412,13296,3924,2666,13271,2751,2534,12500,3274,168,14115,3402,1742,12880,4507,4136,13815,2912,1002,13458,3909,938,14443,4297,4197,13596,3496,3011,13731,2712,459,14362,3542,2472,14699,4882,3785,14340,4212,250,14271,3231,162,14233,4542,2762,14735,3011,1225,13201,2580,-547,13922,2308,949,13970,4513,2074,13662,3933,-227,13428,2893,-47,13173,4234,2550,14002,3538,1242,12916,3437,-151,13171,2358,2613,12923,4101,3228,14125,3646,1318
13027,5279,3396,14806,3352,2963,12564,4053,235,14403,3609,3232,13779,4532,3755,14445,2466,921,13180,3156,2416,14595,4140,3542,14199,4388,1772,14783,4122,-163,14238,4634,1732,14486,3232,2005,13513,2320,-297,13823,2392,555,13594,3931,2561,13945,3426,542,13357,4216,-1344,13977,4240,2030,13676,3740,1766,12874,2500,-218,13032,2711,2324,13231,4543,3038,14158,3997,1502,13096,4139,829,13966,3469,3517,13257,3827,3443,14651,2831,458,13369,3406,2593,13923,3353,4182,14489,4210,1306,14680,4300,214,14138,4477,2318,14193,3499,1656,14421,3197,-1153,13809,2803,1370,13567,3253,2691,13699,3134,-12,14192,3887,43,13805,4913,1533,13525,3571,1226,13372,2662,-487,13419,3301,1000,12780,3389,4339,13259,2309,1664,13152,4357,28,14453,5094,4114,13743,4263,2578,13676,2842,533,13599,3058,3110,13651,3812,4141,14069,3201,2078,14548,4120,487,14531,5014,2587,14569,3512,2174,14098,3388,-1330,14766,3303,967,13485,3723,3662,13831,2262,-401,13634,3269,-531,13975,4466,2222,13731,3516,623,13214,3230,-1133,13684,3846,1474,13498,4184,3130
13146,3265,1115,13271,3562,4070,12905,3293,1210,13725,3652,-274,13707,4512,3594,13410,4082,2937,13508,3334,1425,14185,3576,2028,13692,3603,4141,13518,3117,2212,14450,3491,183,14681,4434,2993,14407,3829,2657,14416,3894,-946,14691,3914,406,13930,3744,3302,13518,2600,629,13673,2663,-662,13819,3882,2262,13862,3909,925,13508,3518,-1573,13629,3709,1048,13238,4137,3499,13118,2818,2020,12766,3055,-218,14085,3748,3009,13239,4335,3026,13736,3039,192,13309,3993,3213,14373,4319,4301,13979,3309,1799,13566,2722,793,14577,4058,3111,14627,4390,2878,14245,3730,-434,14002,3477,1536,14370,4467,2626,14295,3068,406,13431,2331,-380,13720,3320,1680,14287,3922,1640,13589,3902,-1477,13763,3334,683,13072,4849,2860,13526,2803,555,12514,1628,1540,13641,4519,2690,13886,3978,1745,13196,3261,912,13732,3427,1859,13921,5382,4512,14432,3694,1994,13415,2459,1422,13269,3211,3572,14863,4064,2380,14544,4077,57,14125,3415,1979,13921,4497,2843,14910,4056,-68,14244,3330,-105,13413,2751,1983,13518,2284,1217,13722,3324,-403,13893,4169,683
13269,3475,-270,13775,3392,-218,13423,5016,2210,14085,3130,643,12664,3080,-675,13480,3103,3388,13177,3870,3395,13587,3415,184,13527,3777,2021,13670,4222,3671,14120,3869,2050,13861,3397,606,13878,3174,3353,13489,3812,3755,14877,3751,621,14297,4560,1185,14311,4207,3034,13738,3447,722,14647,3168,-1211,13779,3456,2625,13948,3017,1728,13583,2685,-949,13743,3485,1194,13712,4670,2148,13815,3905,249,13622,2982,-477,12985,3384,1861,13217,3034,3365,12926,3055,533,13671,3596,1936,13422,5169,4463,14402,3904,841,13537,3941,931,13969,3280,3571,13574,3080,3784,13793,2735,1325,14464,3683,1933,14211,4681,3012,14631,3689,372,14188,4178,-640,14703,3743,2106,13661,3247,2638,13670,2367,-1107,14018,3277,758,13517,4428,2632,13947,3532,-681,13435,3943,-728,13789,3718,2451,13116,3194,1846,12693,2395,462,13507,3134,1717,13473,4975,3741,14043,3667,1618,13458,3746,578,13849,4238,3987,13993,3676,2944,13618,2355,998,13762,2930,2659,14291,4668,4039,14718,4502,632,14443,3861,-261,14044,4314,2719,14678,3595,1055,13641,2782,40
14753,4110,2099,13481,2517,243,13509,1945,368,13907,3986,2513,14256,3788,512,13462,3703,-1447,13669,4169,1563,13816,4234,2307,13275,2584,367,12706,2322,1433,13424,3693,3724,13705,4245,1563,13577,3452,419,13530,4150,3171,13883,4603,3465,14101,3321,1379,13473,2344,2197,13555,3604,3901,14787,4093,1873,14351,4041,-262,14375,4112,2481,14353,4345,2277,14772,3731,-981,13710,2540,1473,13157,2784,2401,14184,2785,85,13819,4211,-556,13942,4208,1241,13267,4146,1617,13759,3248,-499,13373,3538,928,12636,3093,3930,13322,2138,1764,13195,4095,-9,14282,4454,3449,13323,4403,3089,13832,3238,737,14145,3868,2750,13838,3538,4176,13611,2419,1792,14362,3829,670,14746,4941,2209,14532,4611,2720,14187,3531,-722,14402,3256,595,13728,3539,3566,14025,2485,-214,13635,2925,-624,13821,3935,2274,13882,4303,974,13410,3682,-925,13638,3434,1113,13086,3892,2960,13061,2190,1390,13040,2603,705,13520,4431,3070,14184,4704,3090,13653,3999,731,13619,3256,2133,13799,4404,4106,14445,3018,1985,13537,2730,1149,14030,3542,3436,14481,4424,1863
14199,3836,3045,14458,4770,2566,14580,4036,-87,14185,3587,614,14201,4066,2033,14179,2557,978,13321,2242,-202,13837,2996,1525,13719,4341,1615,13936,3497,-480,13583,4488,-179,13859,4623,2142,12774,1899,2875,12644,2983,-538,14077,3746,2370,12813,4177,4473,13779,3480,-110,14311,4382,1959,13871,5340,3795,14307,2688,2382,12947,2510,1746,13812,3073,2430,14429,4512,4117,14616,3620,591,14170,4047,-390,14249,4821,2768,14681,3481,662,13594,2519,-399,13646,2701,2404,13954,3643,1778,13927,3515,-1109,13720,3822,249,13748,4835,2157,13832,3700,661,12867,2383,788,12792,2729,2455,13472,3962,2375,13557,3821,1296,13768,3452,1931,13345,4526,3532,14460,3892,1821,13799,3408,942,13554,3130,3789,13647,2822,3405,14333,3893,601,14844,4295,1589,14217,5010,2422,14428,3511,-257,14196,3208,85,13833,3063,2607,13634,2538,1784,13852,2731,-561,13894,4056,185,13840,4724,2204,13589,3697,33,13506,3547,-553,13336,3301,3571,12690,2833,2706,13217,2676,-413,13483,4079,2526,13693,4998,3818,14131,4008,1530,13815,3489,959,13771,3585,3668
13891,3377,339,13954,3421,3824,13663,3589,3861,14150,3216,1282,14300,3947,1195,14397,5029,2451,14695,4101,1082,14256,3301,-752,13933,2774,1910,13543,2760,2819,13993,2883,-648,13625,3771,225,14189,4624,2188,13496,3737,168,13599,3129,-543,13397,3869,2008,13230,3530,2852,12896,2574,723,13247,3308,1504,13593,4886,3973,14256,4267,1962,13516,3819,319,13878,3216,3002,13361,3685,3928,14267,2957,1174,13968,3386,2150,14209,4345,3463,14641,4173,500,14620,4237,-679,14397,3896,1835,13932,2976,2425,13637,2113,-64,13746,3085,576,13731,4871,2302,14153,3627,-262,13306,3354,-952,13640,3930,2157,13554,4192,2229,12901,2625,244,12843,2468,1935,13062,4312,3837,14182,4115,1801,13568,3962,820,13792,3491,2998,13522,3898,3286,14310,3078,1131,13832,3118,2634,14017,3859,4271,14530,4297,747,14833,4093,-384,14204,4699,2224,14504,3479,1688,13842,2501,-111,13735,2345,1301,13507,4010,2358,14222,3927,-239,13665,3389,-1140,13273,3872,1988,13596,3824,1949,13510,3290,-436,12928,2476,2005,12659,3331,3944,13796,3809,1234,13798,4473,788
13816,4343,2113,13947,4124,680,13836,3906,2803,13529,4224,3219,14278,3360,1244,13893,3089,2166,13845,3827,4198,14519,3912,1787,14518,4138,-704,14369,4566,2047,14507,4012,2156,13982,2514,-498,13531,1828,920,13439,3601,2434,14192,4066,281,13690,3649,-1087,13495,4025,1361,13590,4380,2310,13894,3561,-440,12951,2687,896,12530,2889,4012,13674,3900,1823,13588,4376,773,14279,4304,3186,12998,4056,3209,14226,3251,1044,14039,3264,1785,13391,3219,4111,14122,3020,2483,14402,4272,126,14789,4621,2268,14103,4454,2180,14598,3133,-876,14350,3208,812,13432,3392,2839,13870,2241,657,13389,3330,-861,14203,4294,1053,13598,4549,1653,13562,3541,-731,13806,3166,763,12309,4448,3899,14085,550,3131,11665,3759,-617,14492,4728,1855,14116,4943,4901,13214,3943,-230,14123,2526,2394,13576,4228,4426,14212,2851,2142,14318,3729,1039,14192,4191,1717,14564,4238,3100,14468,3447,130,14481,4159,-858,13934,3357,3535,13699,2472,671,13649,2796,-1311,13619,3669,2436,13697,4121,1338,13688,4084,-953,13794,3575,806,12774,4574,2339,13488,2108,2251
12947,3434,3054,13060,3151,2804,13452,3538,560,13536,4726,2988,14171,5311,3430,14050,3062,984,13067,2776,1039,14246,3539,3981,13608,3733,3582,14516,3087,1149,14015,4238,2120,14475,4128,2307,14668,4309,170,14645,3845,-755,13664,2895,2708,13506,2327,2057,14057,3174,-1322,13846,4415,1675,13847,4181,2013,13573,4174,-1246,14007,3585,198,12870,3473,2738,13023,1943,2400,12655,3030,462,13923,4191,2361,13356,4574,4220,13736,3265,547,13689,3999,1362,14557,4516,4107,13811,2647,2263,12818,2449,695,14814,4176,3356,14597,5375,3295,14529,3277,-326,14109,3918,-198,14984,4661,2049,13912,2779,1366,13132,1896,-245,13767,3131,1939,13850,4375,2396,13741,3682,-1465,13644,3844,-582,13447,4589,2302,13657,2858,1673,12357,2539,666,13317,3006,3110,13427,4832,3614,14042,3511,346,13776,4322,1289,13785,4337,3937,14354,3031,2589,13269,2547,1492,13946,3551,3059,14318,4872,3623,14690,4044,-237,14401,4153,751,14304,4155,2991,14535,3580,-144,13430,2155,256,13438,2890,1842,14037,3672,1770,13657,3555,-160,13935,3630,-472,13635,4929,1747
13449,3760,-444,14110,4591,2142,13405,3717,2353,13117,2743,-46,12600,3631,1861,14333,2897,5273,12679,3233,214,13299,4630,-872,15002,4433,5908,13595,5174,1654,14171,1361,1344,12846,3027,3149,14505,3710,3616,14836,4515,1485,14089,4277,-1227,14392,4279,3086,14285,3369,2133,14153,2971,-1664,13385,2159,2002,13846,3445,2251,13877,3767,-789,13855,3498,-228,13629,4719,1763,14044,3838,1284,13452,4026,-510,12873,2643,2902,12882,2225,4231,12925,4186,-1048,13940,4082,2026,13820,4216,4159,13885,4085,1566,13669,3643,1385,14189,2708,3408,12950,3356,4419,14670,3370,706,14200,4172,623,14814,4885,3555,14544,4336,928,14201,3582,-1086,13985,2831,2249,13800,2780,2396,13472,3047,-791,13723,3123,628,13528,4962,2061,14220,4302,244,13470,3688,-821,13121,2564,2120,12457,2811,3678,13543,3273,254,13705,4206,1516,13382,4913,3679,14301,3500,1689,13020,4093,792,14830,3114,3557,13031,3677,3788,14079,2370,647,14122,4200,1892,14776,5074,3204,14455,4617,661,14269,3291,-361,14247,3847,1802,14104,3034,2468,13711,2357,-450,13325,2750,163
13528,2118,-31,13396,3036,-313,14157,4708,2298,14019,4420,652,13408,3509,-1127,13394,2547,1622,13207,3598,3152,13200,2775,571,13196,2975,845,13314,4150,4072,14161,4614,2567,13697,4504,362,14161,3532,2435,13171,3348,4273,13778,2188,1778,13924,3170,1549,14433,4558,3947,14475,4740,1272,14624,3878,-1214,14446,3938,1398,14304,3625,2767,13474,2178,557,13674,2120,96,13445,4212,2532,14437,4199,772,13571,4091,-1707,13894,3820,1211,13428,3700,2600,12837,2465,714,12952,2499,1072,13314,4136,3284,13652,4051,2641,13594,3891,320,14023,4169,2600,13603,4646,3522,14235,2426,1297,12809,2389,2003,14493,3773,4047,14590,5017,2164,14340,4001,-524,14275,4166,1437,14688,4604,2286,14481,2984,216,13225,1789,529,13544,3071,2374,14067,3902,1007,14007,4322,-1249,13819,4039,984,13139,4176,1985,13622,2588,-190,12656,2999,1166,13222,3047,4452,13033,3968,1616,13714,3849,462,14267,4432,2866,13547,4652,2988,13997,3203,1295,13962,2550,1908,13093,3618,4631,14618,3444,2583,14373,4704,-254,14718,4433,1943,14150,4353,2577,14384,3728,-692
14194,3993,2783,14322,3625,367,14627,2697,84,13265,3370,2329,13545,2438,1489,13625,3712,-1102,14405,4029,597,13532,4399,1895,13643,3050,-333,13357,3070,-20,13122,3308,3718,13047,3270,2997,13272,2923,-109,13523,3837,2236,13960,4894,3725,13918,4141,906,13705,2854,1590,13606,3350,4922,13936,3849,3018,14542,3684,425,14116,3624,2069,14294,4477,2643,14629,4214,578,14655,3687,-227,13696,2701,3061,13538,2166,1870,13916,3395,-1664,14263,4111,1443,13687,4151,2057,13417,3401,-1026,13532,3236,155,13496,4084,2598,13212,3046,2433,12736,2795,399,13767,4051,1628,13741,4949,3791,13775,3217,706,13295,3349,1256,14255,4121,4168,13833,3647,2961,13286,2556,973,14662,3437,2361,14614,5172,3230,14827,4199,-160,13799,2988,485,14099,3726,2834,14406,3572,1653,13999,2772,-369,13672,2985,574,13755,3993,2213,13893,3900,-451,14059,3491,-195,13115,4006,3077,13632,2617,1074,12670,3247,-365,13511,3058,2791,13125,4637,3453,13811,3770,1022,13897,3555,1634,13338,4425,3427,14193,3228,2541,13575,2948,963,13549,3236,3450,14524,4451,3912
13297,3152,2227,14392,4049,4129,14864,4405,1178,14310,3798,47,14053,3937,2517,14301,3708,1574,14142,2858,9,13627,2530,1171,13734,3708,2074,14220,3481,144,13653,3559,-830,13608,3726,1887,13756,3887,1724,13293,2835,-274,12829,2771,1746,13433,4376,3264,13988,3952,882,13243,3605,815,13667,3411,3643,13589,4245,2955,14081,3592,1013,13834,2823,2466,13125,3812,3934,14959,3503,1554,14316,4579,552,14281,3710,2775,13869,3517,2158,14735,3868,-1259,14345,3254,1429,13139,3218,3089,14047,2755,-538,14327,3962,-246,13907,4208,2072,13342,3036,722,13540,3387,-578,13858,3726,1546,12860,3659,3645,12985,2647,971,13719,4327,-336,13993,4615,4119,12937,3061,2989,13459,2984,499,14300,4102,3238,13735,3904,3914,13519,2773,1283,14527,3732,716,14715,5181,3641,14075,3755,2283,14109,2857,-647,14302,3896,1100,14785,3965,2844,13347,2902,187,13782,2311,-493,14004,4712,2299,14271,4053,960,13104,2837,-1452,13236,3039,1363,13395,4463,2671,13679,3015,580,12445,2731,1228,13859,4175,2881,13753,4722,2100,13618,2953,876,13057,2987,2774
14242,3420,774,13437,3807,2631,13469,3959,3528,14032,3243,2087,14264,3161,890,14007,3851,3192,14302,4181,3135,14535,3995,64,14567,3788,1352,13932,4155,2736,14349,2744,274,13654,2920,76,14160,3644,1928,13898,3669,1166,13412,2797,-765,13534,3170,868,13741,5254,2001,13763,3189,871,12450,2457,692,13291,3277,2324,13557,3865,3308,13191,3568,405,14028,3720,2111,13327,4686,4159,14401,3469,1611,13697,3280,1518,14086,3463,3241,13944,3785,2889,14661,3943,608,14408,4007,1512,13890,3780,3286,14083,3244,329,14424,3457,-674,13813,3626,2394,13526,2857,1439,13863,2824,-1170,13849,3920,914,13671,4193,2548,13682,3236,-213,13637,3824,-662,13073,3142,4295,13339,2823,2289,13195,4086,-1410,13927,3881,3615,13095,4547,3332,14341,2994,1503,13298,4159,1568,14267,3138,3653,13297,3500,3611,14345,3042,-294,14342,4481,2374,14383,4202,4276,14303,3435,-499,13985,3203,-252,14509,3988,2633,13900,3095,760,13651,2640,-431,14043,3298,1314,13720,4585,1889,13944,3370,-107,13389,3748,-921,13495,4008,2785,13278,3553,2678,12687,1488,580
13550,4052,2843,12947,3065,667,13419,3249,1655,13326,4463,3801,14065,3552,1489,13311,3592,797,13997,3365,3342,13382,4185,3966,14457,3142,1031,14141,3629,1727,14148,4369,3400,14538,3695,512,14340,3565,147,14212,3992,2367,14166,3517,1966,13819,2708,-349,14054,3061,428,13694,4703,2149,14121,3039,72,13139,2898,-694,13467,3842,2370,13862,4223,1875,13168,3291,-21,12981,2652,1868,13170,4342,3884,14063,3635,1771,13514,3569,885,13513,3645,3343,13715,4006,2959,14258,3639,1167,13985,3214,2517,13979,4099,3981,14657,3607,1027,14356,3489,-327,14075,4117,2823,14546,3621,1941,14064,3180,-473,13830,2755,1506,13688,4075,1892,14250,3716,-397,13631,2934,-602,13109,3430,2229,13355,3757,2034,13725,3635,-562,13202,3119,1773,12753,3448,3434,13767,3885,932,13726,3846,1128,13655,3645,4088,13269,3691,2735,14135,3519,534,14158,3680,2878,13522,3851,3900,14583,3410,1318,14465,3822,515,14295,4143,2649,14166,3570,1953,14411,3389,-1045,14254,3143,1537,13583,3394,2780,13961,3120,-579,13882,3546,-432,13726,3802,1928,13184,3247,1238
13208,3509,1397,13168,3796,2316,14002,3701,-428,13205,3388,671,12716,3403,3716,13453,3482,1413,13674,4111,358,13697,3990,3851,13125,3606,3534,14009,3512,775,14227,3389,2064,13809,4048,4144,14285,3239,1791,14406,3861,331,14410,4492,2573,14393,4147,2508,14210,3693,-690,14293,3004,443,13710,3397,3010,13723,2930,325,13829,3461,-878,13986,4447,1792,13361,3478,1653,13321,2873,-518,13238,3710,766,13710,3709,3084,12964,2921,1595,13370,3228,6,13636,4689,3663,13781,4468,3524,13678,3401,646,13817,3212,2099,13596,3914,3975,14447,3433,1855,14027,3503,829,14253,4205,3083,14311,4380,2552,14535,3583,-439,14096,3470,768,13969,3109,2572,13815,2374,521,13782,2935,-457,13876,4614,1947,14199,4003,1412,13244,3177,-986,13596,3350,1153,13212,4196,2650,13608,2789,906,12799,2823,740,13494,4461,2983,13798,4816,3401,13964,3828,1037,13152,3252,2300,13789,3573,4171,14215,2773,1219,13807,3246,1049,14103,4054,3674,14495,4464,2771,14595,4103,176,14431,3636,876,13830,3735,2471,14376,2374,449,13625,3035,-478,13910,3810,2366
13794,3253,-294,14312,4596,1170,13635,4418,1473,13701,3169,-111,13681,3502,-279,13240,4025,2597,13198,2411,1930,12750,3424,330,13864,4618,2416,13647,4737,3982,13205,2751,701,13616,2791,988,13721,4229,4199,14250,3059,2450,13407,3102,1249,14359,4270,3262,14715,5528,2954,14631,3985,202,14189,3310,-4,14047,3852,2178,14505,2508,1660,13258,2752,-512,13964,3544,1597,14035,4615,2154,13856,3849,-1320,13857,3664,-26,13223,3910,2622,13398,2535,824,12578,2394,529,13128,3577,2734,13687,5023,2976,13685,4349,710,14023,4040,1575,13598,3467,4029,13505,2680,2102,13710,2787,1156,13884,4476,3890,14529,4446,3717,14663,4402,-89,14108,3122,679,14391,4053,2967,14455,3862,-184,14144,2452,31,12992,3254,3024,14345,3772,1317,13789,4097,-816,14019,3588,192,13271,4281,1471,13682,2798,618,12819,2556,-188,13333,3106,3605,13374,4139,3669,13674,4068,-961,13519,4020,2174,13493,4215,3989,14025,3332,1572,13524,3222,1618,14029,2978,3587,13180,4114,3207,14918,3886,689,15027,5383,833,14289,3726,3306,13603,2873,604,14360,3258,-984
14105,3150,1238,13817,2866,-452,14053,2563,2420,13731,4015,1833,14360,3340,-1029,13807,3914,-726,13720,4437,1934,13644,3574,1282,13108,2845,-158,13021,2631,2585,13187,3566,3165,13319,4916,-595,14762,3003,2299,12384,4035,3227,13693,3975,931,13853,3583,3114,13861,3323,2200,13392,2624,4243,14481,3971,575,14739,4594,938,14678,5204,4075,13942,3385,98,14053,3003,-96,14470,2932,2923,13747,3443,1447,13690,2767,-477,14222,3707,42,13991,5161,1497,13813,3213,845,13032,3433,-1192,13621,3228,2413,12785,3410,3708,13335,3589,-363,13496,3030,2080,13482,4027,3291,12748,4543,-84,14771,3356,2751,13492,4540,3339,14176,2224,3629,12852,3113,1797,15018,3278,329,14367,6169,4339,14579,3903,794,13912,3406,-444,14235,3225,3515,14255,3799,1398,13475,2463,-599,13821,2859,421,14121,5109,1739,14135,3719,525,13189,3412,-1157,13715,3201,2115,13001,3704,2836,13226,2630,-223,13123,2882,1776,13281,4765,2595,14117,4143,1580,13537,4155,1569,14139,3827,2823,12719,3926,4272,14383,2180,1168,13647,3416,1970,14374,4509,3844,14510,4496,1145
[row took 88219us]
14279,4651,3829,14409,4570,2040,14660,4119,-329,14486,3829,1876,14017,3564,1790,13738,1896,616,13872,2195,565,13566,4598,1816,14376,3611,1277,13519,4033,-1554,14183,3851,1023,13140,4089,2507,13253,2000,428,12754,2849,861,13488,4004,3552,13761,4104,2296,13345,4167,-310,13938,3942,2977,13480,4525,3801,14329,2742,1495,13075,2235,1909,13619,3583,3712,14626,4473,2449,14672,4733,-280,14503,4197,1822,14001,3782,2865,14396,2793,-778,14167,2764,302,13552,3421,3042,13665,3328,521,13894,4143,-862,14552,4603,1224,13091,4024,1522,13406,1881,-358,12621,2589,652,13776,3789,3502,13022,4079,1617,13778,3376,-41,13550,4726,3283,13892,4507,2980,13514,3012,1309,13554,2794,1911,13597,3186,4473,13610,3719,2622,14527,3797,149,14687,5135,2401,14456,4852,2154,14445,3324,-141,14075,2817,915,13859,2964,2915,13649,2632,1184,13847,3254,-1138,14130,4584,1392,14181,4889,1623,13398,3260,-1058,13521,2646,626,12813,3381,2961,13432,2639,1777,12725,3759,113,14180,4266,2406,13271,5246,3477,14066,3244,523,13418,3343,2009,13695,3790,3961
13532,3034,891,13606,2910,4931,13554,3104,3533,13926,3240,720,14554,4286,1937,14326,5453,2657,14855,4210,842,14341,3094,629,14055,3486,2383,13967,2859,2616,13524,1347,-274,13041,4021,-1229,15285,4725,3433,14268,4498,-289,13167,2584,-1047,12934,3482,3576,13662,2712,1138,12852,2829,831,13023,3260,2039,13464,5023,2170,14337,4048,2216,13640,4186,380,13455,3712,3660,13642,3179,3806,13939,2151,477,13331,3405,3062,14621,4451,3394,15235,5232,-48,14450,4378,403,13786,3617,2866,13808,2808,1828,14453,2516,-238,13783,3068,1412,13237,3283,1947,13988,3782,-1053,14381,4700,-364,13956,4246,2540,13194,2648,867,12935,2584,-580,13492,2752,2952,12691,4121,3121,13632,3502,190,13588,4303,1569,14277,4986,3712,13744,3577,2055,13083,2352,1273,13777,2511,3766,13777,4563,3927,14884,4216,762,14233,4135,812,14137,4799,2915,14685,4066,1477,14159,3351,-331,13816,1705,2663,13211,2574,2467,14248,3525,-1468,14345,4533,56,13861,5088,2287,13721,3585,113,13371,2612,-166,13216,2847,2056,13142,3200,2823,13059,3062,616,13476,4452,307
13714,2856,1229,13117,4678,-258,14381,4615,3060,13460,4172,3114,13584,2996,109,13471,2929,3444,13653,3580,4496,13830,2790,1249,13986,3916,680,14822,5611,2985,14763,4559,1892,13877,3226,44,14108,2826,1335,14105,3334,2923,13749,2053,827,13748,3057,-1006,14258,5122,1932,14475,4476,1239,13193,3206,-1318,13449,2815,1127,13367,3218,2960,13051,2158,748,12947,3060,699,13833,4726,3303,13812,5140,1999,13843,3425,790,13289,3601,2508,13719,3464,4096,13802,3190,2065,13818,2622,1326,13623,4607,4078,14991,4777,2245,14688,4378,-673,13970,3567,2391,14091,3359,2622,14057,2676,176,13813,2338,944,13448,3677,1854,14502,4237,574,14010,4351,-959,13960,3738,929,13015,3485,2399,13815,2297,111,12495,2716,956,13446,3273,3402,13667,4543,1486,13843,4682,-396,13851,4063,3091,13086,3812,3495,14002,2461,1598,13455,2990,1899,13636,3162,3854,13662,4063,2475,14873,4719,75,14745,4863,1793,13953,3847,3219,14059,2662,-163,14238,2986,100,13829,3207,3697,13641,2779,708,14128,4001,-1390,14385,4922,1497,13793,4064,1545,12931,2602,-567
13970,4382,2274,13564,3046,-51,13292,2156,-230,12877,3575,2930,13539,3441,2330,13371,3131,266,13352,4346,1251,13715,5197,3164,14031,3413,2223,13107,2931,1061,13720,2754,4363,13725,3695,3371,14063,3367,377,14300,4176,2160,14287,5043,3093,14963,3944,932,14070,3090,660,13647,2506,2122,13850,2891,2193,14253,3444,-630,14326,3840,576,13743,4677,2132,14396,3467,-616,13459,3414,-235,13246,2932,2557,12869,2543,2296,13143,2968,-171,13959,4390,1150,13461,4978,3729,13420,3749,522,13919,3670,1063,13612,3759,4785,13352,2683,3106,13365,2388,1231,14283,3495,1836,14021,5163,3192,15019,4575,1119,14281,4151,262,14214,3616,3696,13838,2364,1897,13721,2795,-1000,14208,3270,1768,14095,4462,1865,14093,3712,-560,13883,3465,-26,13514,4004,2327,13619,2984,800,13119,2699,-238,12940,2760,2642,13331,4089,2877,13602,3973,716,13458,3975,367,13816,4886,3697,13913,3346,3155,13236,2356,1472,13518,2857,3433,14221,4325,3181,14471,4306,541,14400,4503,849,14497,4647,3052,14242,3049,2465,13601,2184,-126,14042,3057,1255,14120,4165,2009
13947,2888,553,13820,3405,2853,14056,3290,209,14141,4063,-876,13879,4526,1887,13943,3293,1170,12865,2524,-928,13301,2603,1135,12990,4300,3141,13826,3342,1520,13245,4091,-28,13830,4703,2432,13899,4419,3107,13599,2873,838,13316,2268,2848,13184,3508,4360,14556,3560,1483,14058,4637,362,14522,4615,2993,14198,4341,2548,14443,3273,139,14052,2743,1688,13664,3100,2538,14097,2701,379,14052,3622,-525,14025,4930,1943,14417,4264,1243,13526,2979,-1210,13262,2477,1275,13082,3409,2900,13531,2892,580,13036,3429,423,13688,4205,2905,13595,4910,2152,14022,3917,280,13432,3306,3069,13052,3142,4200,13780,2519,1898,13824,3337,1382,14176,4562,3238,14549,4471,2357,14359,4049,-436,14447,3513,2082,14043,3667,3478,14279,2359,-169,13575,2799,65,14057,3941,2308,14248,4682,729,14241,3782,-1125,13470,3145,964,13197,3036,2529,13524,2621,308,12974,3187,186,13428,3752,3338,13424,4188,2179,13882,4134,-350,13572,4104,2682,13494,3810,4235,13567,2675,1456,13539,2745,1856,14017,3798,4017,14186,4370,2209,14750,4440,73,14397,4398,1773
14934,4302,397,14402,4422,952,14266,4221,3256,14131,2760,1026,13623,2509,-633,13825,3025,2681,14015,3799,1846,14343,4271,-1279,14126,4282,261,13565,3928,2203,13197,2438,597,13237,2323,0,13263,3476,2503,13337,3861,2762,13535,3810,-127,13781,4542,1266,13708,4985,4137,14011,3162,1980,13046,2597,1055,13609,2919,3785,13789,4067,3377,14357,4135,395,14469,4511,1757,14233,4622,2953,14466,3365,872,14243,2613,-35,13678,2870,2221,13832,2713,2398,14011,3543,-893,14429,4404,481,13940,5137,1996,13898,3019,-485,12935,2537,-237,13183,3117,2763,13312,3595,2381,13117,3225,-21,13544,3744,1576,13440,5522,3184,14425,3878,1451,13138,3263,1354,13400,2486,4001,13258,3141,3342,14313,3259,744,14043,4297,2103,14558,5055,3523,14699,4273,476,14395,3284,288,13910,3274,2971,13967,2551,1551,13852,2714,-289,14037,3798,1148,14040,5331,2002,14567,3955,-340,13350,2794,-939,13080,2680,2626,13122,2902,1914,13244,3037,-228,13295,3410,2305,13128,4676,3244,14085,4417,554,13738,4063,969,13673,3162,4003,13180,2663,3154,13722,2690,1001
12884,2902,4685,13951,2192,1304,13731,3948,879,14820,5468,3591,14711,4904,1566,14340,3574,316,14197,3622,3023,14257,3085,1711,13760,2295,-548,13721,2837,835,14006,5063,2015,14584,3945,436,13645,3324,-790,13473,3719,895,13615,3035,1963,12756,2455,337,13229,3215,1676,13315,5166,3643,13778,3495,1223,12935,3058,-496,13882,4941,2330,14424,4189,5026,13098,2813,1593,13682,1660,2336,13715,5165,3816,15357,4625,1070,14316,4636,183,14200,3978,2122,14268,3199,3226,14091,2471,271,14135,2732,113,13490,3564,2303,14209,3944,208,14124,4273,-1434,13921,3913,2194,13249,3293,1807,13706,2476,-1384,12510,3779,1362,13738,2883,5169,13311,3474,706,13413,4766,-1375,14662,5501,4269,13244,3737,3003,13325,1326,1091,12968,2814,2855,14265,3611,4822,14277,4427,1846,14075,4465,-999,14925,4613,2900,14257,4396,3427,14418,2662,-624,13274,2488,1126,14118,3046,3259,14081,3275,-200,13977,3990,-1153,14103,4312,1981,14125,3969,1498,13416,3135,-979,13256,2095,915,12605,3156,2986,13716,3348,1378,13455,4259,520,13661,4690,2360,13769,4877,2563
14434,4588,1979,13424,4701,3694,13675,2566,777,12561,2663,2266,14224,3316,4665,13888,4122,2672,14437,4185,0,14505,4946,2117,14980,4430,2812,14022,3217,-193,13803,2078,587,13590,3325,3468,14016,2996,1386,14112,3881,-1369,14198,4700,1044,14284,4163,1502,13474,3399,-1452,13489,2613,750,12586,2823,3743,13251,2545,1600,13276,3876,149,14207,5075,1815,13526,5119,2328,13919,3119,967,13359,3207,1862,13443,2917,5218,13409,2865,2699,14014,3633,251,14182,4868,3004,14727,5078,2815,14630,4349,252,14281,2831,1391,13677,3231,2879,14046,2192,1339,13710,3018,-428,14215,3855,1418,14473,4726,1659,14086,3827,-1472,13268,3619,-73,13644,3240,2844,12808,2164,1547,12668,2856,268,14186,4375,2578,12927,6112,2647,14952,2211,221,11150,4828,-263,15935,2778,5119,12450,3820,3815,13778,1584,232,13145,3963,4061,15280,4545,2210,14485,5249,502,14802,4077,1030,13879,3712,2885,14009,2084,2434,13705,2786,-600,14082,3680,1508,14018,4069,2060,14309,4071,-1810,13946,3695,242,13504,3673,2682,13475,2691,202,13068,2735,144,13008,3245,3129
12898,1740,-640,13429,3584,1239,13720,5278,3095,13711,3425,1031,13001,4438,334,14255,4251,4465,13402,3323,2944,12904,2208,883,13507,2734,3203,14072,4475,3781,14555,4411,1391,14617,4581,574,14517,5104,2608,14076,2793,2558,13296,2165,-573,14422,3011,1618,14179,4106,3294,14178,3334,-1347,13819,4168,-843,14186,5123,2003,13752,3034,1186,12884,2030,10,13039,2479,1615,13444,4203,2592,13634,3826,231,13293,3629,193,13125,5482,3091,14839,3932,3325,12895,3218,859,13399,1736,2726,13148,3439,4009,14743,3687,639,14259,4880,1467,14531,5086,3379,14521,4340,1389,14193,3161,323,13854,2975,1423,13868,2698,2461,13868,2744,394,14190,3782,-127,14221,4858,1852,14107,3933,431,13401,3100,-1194,13495,2885,2102,12878,3039,2888,13066,2550,171,13398,4298,890,13824,5079,3228,13863,4662,1339,13393,3454,1123,13521,2634,3815,13147,3487,3797,14041,2450,1239,13880,3421,1373,14156,5461,3619,15258,4807,1833,14369,4377,-220,13980,2812,2913,13428,2855,2060,14383,2489,-949,14014,3383,1091,13738,4541,2222,14432,3924,-36,14094,4361,-738
14608,4040,592,14162,4544,-1529,13544,3385,1254,12842,3027,2849,13487,2354,441,12335,2222,1102,14098,4231,3031,13716,5006,718,13664,4099,-427,13790,3678,3490,13154,4120,3890,13733,2581,2217,13625,2963,1317,13785,3619,3555,14301,4884,2515,14674,4651,7,14633,4129,2289,13798,3694,3213,14134,2435,-43,13990,3052,45,14048,3717,2852,13995,3409,850,13812,3510,-1136,14180,4054,1320,13764,4285,1985,13311,2431,-363,12816,2457,431,13861,4195,2850,13483,3752,2681,13351,3705,-454,13733,4812,1297,13837,4577,3977,13368,2636,1350,13208,2417,2039,13664,3326,4686,14158,3607,2304,14011,4239,108,14798,4837,1776,14229,5048,2896,14542,2951,1173,13967,2610,659,13752,3930,2400,14868,2808,2426,12770,2773,-1591,14340,4357,-478,14357,5309,3550,14129,3152,-1130,12648,2087,289,13242,3381,3512,13503,3085,857,13357,3564,623,13356,4510,752,13869,4969,3186,13596,3670,2109,13513,3057,874,12936,3373,4615,14280,2855,2620,13694,3169,223,14319,4223,2719,14523,5438,3091,15224,4727,190,13931,3195,993,13574,2788,3207,14108,2746,1299
13482,3427,2604,14337,3245,1685,14274,3060,-11,13758,3248,1117,13913,4579,1673,14502,4118,-521,13912,3466,-486,13343,3117,2233,12981,2425,2028,13088,2349,-252,13536,3539,1822,13649,5061,3351,13867,4505,-508,13516,3918,1274,13532,3545,4207,13332,3033,3140,13270,2845,1394,14265,2833,2354,13291,5082,3727,15537,4160,842,14107,4726,764,14445,3819,3347,13673,2756,2300,14003,3092,-754,14455,3049,1446,13482,3976,2929,14115,3292,-882,14065,4024,-82,13910,4385,2101,13538,2886,685,13021,2632,-562,13336,2579,1882,12945,4095,3481,13930,3699,263,13583,4833,-287,13673,4424,3970,13417,3175,2701,13296,2865,847,13728,3240,3536,13637,3557,3822,13923,3424,856,14761,4559,612,14785,5477,3491,14251,3748,1862,13858,2523,-242,13871,3457,1772,14449,3388,2634,13511,2912,-15,14359,3175,-823,14053,5286,2252,14217,3769,834,13227,2851,-1173,13056,3074,1950,13403,3111,2849,12991,3069,247,13586,3575,887,13450,5463,2685,14083,3903,2133,13148,3011,1117,13505,3189,3140,13464,3894,4303,14216,2899,994,13701,3428,1317,14377,5022,3815
13986,3453,918,13487,4096,3350,14558,4706,2856,15103,4974,-266,14355,3202,2226,13303,3021,3063,14155,2559,-71,14344,2966,472,13757,4096,2002,14175,3679,729,13838,3771,-517,13950,3885,550,13356,3733,2513,13008,2048,658,13141,2631,149,13419,4256,2683,13672,4153,2352,13384,4093,-99,13985,4569,2432,13532,4229,4182,13608,2357,1805,13151,2263,1489,14216,3413,3190,13694,4544,2985,14947,3818,610,14197,4395,1545,14342,4100,3344,14107,3173,571,14158,3002,-447,13720,3252,3056,13908,3193,1293,14228,3699,-1290,14334,4215,1368,13545,4144,2165,13582,2598,-682,13279,2686,160,13254,3774,3041,13517,3654,1982,13134,3368,435,13621,4498,1641,13665,4754,3916,13735,2830,1545,13077,2640,1441,13678,3270,4465,14180,3386,2397,13545,3857,444,14805,4242,2516,14425,5402,3099,14741,3858,791,13865,2745,571,13558,2849,2226,14349,2743,1635,13874,3641,-724,14184,3765,1038,13988,4728,1907,14105,3737,-715,13514,3048,-220,12832,3003,2781,13078,2234,1901,13108,3352,-258,13894,4516,2128,13447,4712,3327,13440,3679,210,13885,3690,1619
13949,4494,1972,13411,3115,757,13676,2806,3918,13355,3450,3900,14210,2640,982,13659,3528,1915,13873,4874,2785,15100,4650,1672,14434,3968,1242,14108,3411,2104,13877,2977,1653,13886,2960,-99,14242,3100,1116,13762,4479,2066,14354,3416,285,13704,3677,-927,13752,3888,1538,13180,3152,1578,13253,2322,-215,13055,2938,2677,13224,4048,3294,13866,4158,-114,13654,4438,370,13616,4241,3839,13455,3190,3624,13445,2565,1465,13774,2844,2435,13771,4407,3585,14760,4348,815,14520,4562,831,14288,4009,3427,14017,3041,2280,14173,2764,-639,14002,3165,927,13762,3646,2794,14188,3350,-63,14130,3813,-36,13863,4525,2141,13904,3016,503,12893,2497,-689,13280,2824,1575,13158,4295,3213,13745,3599,1241,13376,4186,61,13632,4789,3055,13830,3946,2674,13360,2922,972,13374,2296,3722,12979,3496,4116,14642,3319,810,14201,4582,670,14474,5013,3189,14448,4089,2029,14204,3090,386,13998,2840,1908,13703,3322,2330,14226,2629,-121,13915,3657,-423,13974,5054,2435,14605,3946,980,13335,2890,-1206,13133,2556,1618,13001,3805,2455,13778,3096,350
13071,4083,3092,13921,3500,797,12895,3585,32,13526,3837,2643,13260,4720,2887,14203,3247,1083,13298,2821,2633,13216,3082,3955,14150,3297,1708,14485,4253,881,14251,4884,3296,14443,4523,2765,14441,3814,-287,14231,3419,1733,13864,3535,2798,14025,2499,305,13917,2764,-67,13923,4150,1783,14225,4504,1083,14207,3567,-1426,13293,2893,783,12826,3296,3099,13560,2670,555,13127,3420,172,13496,3967,2964,13572,4596,2117,13897,4107,-25,13813,3929,2737,13272,3647,4240,13826,2737,1712,13642,3337,1285,14281,4026,3629,13997,4328,2748,14544,3794,-76,14201,3909,1652,14186,3824,3466,14245,2547,124,13869,2824,-278,13930,3349,2713,14032,4081,934,14303,3804,-1047,14009,3923,817,13207,3409,2184,13229,2384,455,13219,2987,45,13498,4218,2940,13443,3959,2322,13599,3971,-515,13650,4107,2611,13481,4177,4280,13658,2599,1459,13322,2443,1672,13609,3598,3994,14312,4050,2540,14470,4004,284,14372,4180,2076,14263,4346,2883,14445,3184,644,14052,2841,166,13811,3468,2869,14147,3078,1371,14014,3796,-1253,14055,4284,1159,14040,4232,1856
13919,3496,-132,13552,4412,1695,13811,2627,454,12921,3022,-767,13510,4009,2956,13314,3155,4548,13153,2634,-674,13254,5232,-853,14314,5389,5309,13533,3165,1973,13601,1836,1367,13250,3720,4406,14410,3659,2751,14126,4897,941,14599,4468,494,14258,4443,3796,14337,2443,2570,13482,2763,-1445,13922,3431,1760,14066,3580,2897,14354,3302,-1380,13838,3694,949,14145,4054,2434,13671,3286,-625,13352,3013,-346,13117,3673,2304,13352,3684,2442,13436,3446,751,13387,3944,1566,13406,5090,2466,14353,3484,1759,12924,3611,1176,13598,2685,4522,13434,3027,3954,14141,2920,90,13917,4248,2255,14650,4909,3152,14356,3727,814,14257,2995,1252,14134,3871,2003,14220,3101,1170,13818,3085,-197,14065,3814,641,14216,4689,2354,14180,3031,399,13456,3014,-973,13507,3963,1568,13475,2949,2117,12742,3322,109,13875,3802,2319,12738,5172,3009,14336,1818,1409,11812,3216,233,14522,4303,2901,13589,4130,5150,13914,2754,460,13719,3155,2647,14393,4893,3641,14859,4260,454,14491,3737,804,14032,3643,2406,14281,3035,2403,14238,3318,-213,14223,3417,311
14630,3711,-414,13784,3202,562,13322,3608,1932,14030,3259,629,13654,3354,-843,13493,3602,1642,13216,3405,1702,13188,3371,-561,13705,4211,1641,13352,4241,3922,13133,3009,1462,13646,3646,109,14188,4680,3362,12961,3814,4552,13938,1458,1509,12965,3957,-186,15495,5158,5218,14613,4796,1514,14553,3184,-736,13012,4087,3818,14777,2962,2780,13752,3980,-3,14851,2417,-265,12551,4099,2292,14768,2627,874,13835,4356,-1079,14077,3752,1527,12792,3660,2206,13880,2701,-1135,13065,3431,735,13239,3922,4241,13388,3733,1112,13688,3841,-17,13610,3949,3968,13259,3833,2630,13585,3067,1027,14135,3569,2806,13900,4018,3945,14149,3617,1411,14207,3835,81,14657,4110,2943,13989,3679,2665,14112,2990,-800,14524,3574,1008,13983,3866,2925,14118,3199,-633,13851,3459,-742,13408,3083,3057,13649,3842,1219,13736,3917,-1176,13565,3251,1261,12915,3845,2686,13723,3014,1359,13290,3727,231,13571,3941,3302,13426,3485,3507,13628,3564,191,13629,3109,3145,13371,3889,4226,14312,3420,1236,13974,3786,1074,14343,4260,3213,14216,3685,2500,14225,3502,-242
15248,4289,2824,14292,4261,778,14099,3077,-434,13622,3421,2703,14348,2519,2084,13697,3936,-2288,13979,3340,2088,13372,3779,2583,13585,3400,-1566,13800,3277,1206,13338,3982,2609,13204,3315,924,13344,4134,175,13990,4227,2842,12983,4198,3418,13582,2434,891,13065,3433,2290,13969,4056,4267,14414,4200,1400,13630,3386,663,14361,3331,3816,14348,4222,2697,14563,3689,-977,13915,3173,1525,14103,4269,2636,14584,3574,331,13957,3394,28,13825,3666,1402,13816,3531,1687,13754,3809,-594,13859,3692,562,12760,3713,3040,13749,2567,620,13257,4399,-911,13720,3872,3235,13055,3412,3507,13263,3304,-287,14100,3825,3176,13182,4060,3996,14044,2808,1522,13312,3437,1495,14453,4469,3268,14271,4301,4108,14788,3881,-46,14166,3822,797,13966,3439,3938,14230,3783,-518,14813,3377,-521,13301,3807,3455,14056,2779,611,13756,3768,-1388,13991,3290,920,12890,3794,2119,13421,2807,385,13043,3576,151,13670,3993,2677,13152,3701,2195,13166,2685,-197,13589,4172,2166,14114,4452,4620,13605,3500,1357,13761,3130,1047,14262,3725,3875,13858,4020,2456
14079,3112,3311,13678,3926,3623,14707,3851,325,14526,3756,1230,13844,4073,3486,14478,3613,638,14486,4019,-1126,13746,3076,2132,13649,2996,2049,13857,3109,-734,13997,3355,776,13245,4259,2335,13715,3133,77,13527,3507,-659,13495,3948,2456,13287,3474,3277,13079,3462,-125,13954,3681,1832,13350,4527,4224,13769,2995,1710,13029,3753,1197,14664,4006,3430,13350,4167,3537,14181,2934,569,14184,4118,1661,14476,4433,3595,14053,3683,1012,14011,3169,-198,14465,4200,2102,14082,3409,2165,13901,2474,-857,13797,3504,321,14337,4469,2472,13499,3434,-129,13272,3135,-756,13333,3833,2652,13765,3445,2635,12911,3781,-490,13459,3653,1048,13324,3966,3968,13368,3345,2070,13573,3415,1122,13860,4320,3455,14031,3912,2946,13676,3058,501,14141,3461,2300,14347,4483,4444,14449,3609,1063,13975,3379,-406,14307,4254,2149,14736,4285,1723,14124,3594,-520,14025,2720,917,13382,3872,2695,14009,3007,2,13191,3419,-914,13636,3686,2013,13551,3794,1685,13164,3636,-450,13854,3149,2065,12630,3592,4036,13801,3164,723,13234,3863,647,13923,3516,4078
13136,3300,805,13701,3514,3021,13979,4677,3661,14121,3664,809,13624,2546,1822,13637,4154,4296,15067,3952,1776,14121,4280,-79,14299,3374,2561,13568,4031,2572,14946,3512,-851,13928,3366,755,13753,3496,2265,13984,2644,355,13425,3150,-278,13776,3878,1688,13651,4413,2208,13871,2973,-458,12785,3462,22,13616,3517,3713,13298,3668,1871,13410,3422,281,13573,4302,4093,13683,4416,2945,14083,3516,616,13645,3299,1916,13779,3404,4196,14128,3450,2458,14405,3743,368,14033,4193,2352,14319,3634,2539,14453,4156,-941,14770,3349,547,13360,3740,3386,13953,2681,-31,13967,3410,-937,13691,4280,2141,13862,3910,1185,13310,3787,-863,13888,3100,1244,12723,3950,2688,13372,2390,1385,13272,3735,-144,13977,4115,3330,13074,4018,3528,13780,3129,696,13767,4075,2543,14055,4240,3671,13758,2776,1750,13764,3317,770,14636,4503,3902,14375,4496,2769,14299,3409,-551,14012,3753,1164,14706,4081,1948,13807,3058,783,13783,2335,-334,13779,3995,2118,13915,3669,2144,13484,3455,-1615,13682,3648,646,13494,4034,2694,13119,2795,320,13145,2987,809
13637,3216,1574,12448,2823,590,13943,3716,2208,13220,4865,2991,13825,2595,1145,13026,3448,1604,13978,4503,4189,14202,3736,2528,13625,2493,999,13843,4008,2857,14764,4666,3323,14308,3709,197,14124,3078,835,13854,4432,2683,14925,3438,508,13660,3038,88,13608,2922,1819,14184,3759,1751,14059,3952,-635,13759,3195,-74,12981,3921,2377,13879,2911,639,13039,3547,-268,13542,3306,3039,13301,3635,3304,13416,3718,-324,13845,3954,1925,13350,4039,4206,13674,3495,1783,13917,3720,1348,14203,3493,3655,13381,3562,3344,14715,3541,321,14395,4392,810,14393,4072,3666,13781,3352,689,14307,2975,-939,14054,3714,2900,14267,3593,1474,13750,3270,-1198,13802,3207,955,13599,4132,1890,13401,3201,176,13387,2920,-266,13271,3872,2414,13288,3790,2745,13455,3270,274,13341,3763,1489,13700,4797,4132,13918,3551,1869,13302,2883,849,13583,3475,3676,14216,3874,3280,14060,3832,793,14436,3296,1759,14010,4582,2851,14665,3883,1118,14230,4044,-174,14262,3618,2027,13587,3046,2430,13926,3097,-1033,14225,3620,470,13726,4085,2279,13509,3083,-23
[row took 87697us]
13610,4302,1890,13994,3016,1090,12992,3504,-1079,14440,3518,1216,12135,4519,3829,14133,1301,1196,12023,4534,-1100,14476,4422,4415,13850,3494,2736,13083,3380,245,13759,3198,3841,13857,4442,3540,14097,3067,1723,14049,3896,863,14136,4641,3137,14620,3538,3198,14019,3422,-480,14082,3693,1326,14270,3794,2718,14363,3174,-683,13885,3033,346,13688,3834,2623,13973,3215,23,13383,3421,-846,13699,3963,1447,13021,3506,2633,13330,2378,963,13274,3901,98,13800,4538,3420,13206,3352,1898,13736,3264,291,13500,4143,3854,13651,3609,3849,13723,3201,932,14283,3450,1540,13725,4402,3657,14524,3397,2122,14284,3853,238,14268,4089,2589,14161,3817,1945,14163,3346,-782,14186,2938,1231,13640,4110,2443,14361,2983,313,13525,3314,-837,13671,3753,1540,13474,3748,1714,13457,3386,-462,13253,3637,1828,13205,3743,3561,13575,3523,532,13516,3722,358,13512,4076,3877,13417,3478,3448,13671,3133,947,13971,3603,2364,13848,4508,3639,14589,3622,1267,14065,3570,945,14219,3875,3028,14166,3675,2499,14530,3627,-659,14286,3484,534,13676,3543,2734
14052,2893,289,13743,3434,3099,14175,3504,350,13897,3650,-1036,13935,3824,1588,13111,3515,1787,13564,2787,-170,13217,3494,572,13348,4098,3018,13065,3321,1883,13382,3324,120,13489,4284,3361,13584,4082,3773,13672,3181,733,13754,3046,1705,13848,3943,4144,14409,3708,2122,14167,3498,798,14296,4030,2778,14281,4507,2533,14794,3563,-188,14038,3337,378,13924,3340,2892,13965,2817,892,13771,3305,-917,13755,4096,1731,14028,3908,1368,13117,2942,-849,13471,2990,932,13144,4416,2839,13763,3231,1368,12902,3253,324,13465,3602,2879,13397,4463,3558,14190,3439,1006,13298,3375,1900,13490,3708,3964,14384,3572,1867,14167,3877,1020,14171,3941,3505,14187,4126,2741,14602,3707,-291,14350,3726,1034,13987,3866,2508,14037,2317,718,13693,2798,-458,13891,4275,1707,14305,4423,1477,13629,3302,-1178,13395,2948,862,13134,4077,3007,13858,3002,599,12735,3320,147,13415,3424,3136,13385,4583,2693,14036,3840,791,13635,3639,2435,13258,3915,3626,13993,3067,1715,13919,3484,1216,13941,4122,3849,14333,3708,3117,14326,3841,-227,14540,3695,1305
14368,3222,-27,14383,3858,646,14387,3965,2711,13926,2804,1196,13776,2738,-364,14253,4018,1247,14089,4762,1772,13795,2878,-1005,13079,2843,-13,13465,4001,3095,13837,3673,1181,12902,3357,70,13444,2987,2651,12918,4851,2823,14326,3535,1129,13537,4149,1519,13321,3027,4059,13444,3053,2832,14299,3326,363,13977,4076,3164,14232,4104,3672,14608,4083,143,14619,3860,926,14070,4109,2771,14212,2669,902,14027,3183,-352,14028,3713,1727,13916,3474,1986,13634,2994,-960,13749,3478,-424,13536,4512,2362,13368,2781,922,13108,3377,-156,12964,4418,3141,14276,2283,4015,11471,3445,-1518,14924,3882,1404,13970,5202,5490,13719,3203,1497,12964,2474,1695,14656,3671,3202,13915,5156,3687,14977,3855,607,13897,3460,80,14155,3569,4351,14242,3081,1215,14260,3620,-1950,13828,3372,3105,14090,3607,1663,13834,3388,-1640,13865,2861,898,13466,4347,1940,13672,3521,659,13192,2611,-91,12935,4087,2013,14038,4295,3419,13469,3542,269,13215,3209,1324,13562,4119,4053,14019,3958,1451,13449,2973,1420,13589,3103,4055,13899,3843,3051,14570,3978,698
14188,4933,3896,14429,3606,1060,13978,3202,753,14241,3756,3407,14451,3556,1244,14150,3490,-1280,13997,3168,2277,14221,4236,2193,13904,3230,-916,13841,3237,287,13600,4284,1700,13659,3436,968,13168,2592,-370,13004,3523,1817,13597,3752,4228,13328,4012,-97,13481,3761,619,13313,3988,4772,13669,3211,2077,13379,3278,1294,14367,3164,3265,13331,4151,3199,14752,3314,699,14338,4745,1227,14891,4731,3088,13919,2700,2027,14095,2988,-941,14640,3843,1440,13718,3672,2794,13732,2992,-1251,14052,3379,277,13831,4531,2787,13573,3336,-159,12957,2756,-802,13327,3674,2060,13407,3957,2930,13168,3276,794,13416,3108,982,13112,4323,3514,14348,3602,2120,13316,3518,776,13787,3362,3628,13673,3662,3993,14377,3942,610,14374,4027,1827,14445,4467,3443,14312,3963,967,14301,2992,551,13801,3868,1873,14365,3036,2001,13577,3415,-162,14278,3387,-486,13671,4213,2705,13671,2719,544,13430,3338,-1250,13520,3546,2304,13278,3015,1812,12861,3099,271,13766,4264,1594,13707,4981,3043,13439,3030,2158,13225,3668,322,14174,3910,3696,13541,4081,3860
13290,4717,4073,14149,3207,2990,12795,3003,2107,15099,3203,289,13649,5523,4001,14784,3620,1948,13711,3363,-1010,14268,2962,2989,14386,4068,1959,13973,2808,-954,13808,2697,320,13981,4607,2067,14338,3435,949,13001,3145,-1205,14039,3340,1211,12774,4575,2939,13919,2808,410,12510,2926,1083,13587,4262,2601,13776,4303,2180,13640,3421,1505,13344,3335,2627,13108,3995,4292,14570,2930,1486,13811,3257,1361,13977,4341,3520,14529,3897,1889,14401,3971,607,14343,4136,2035,14004,3892,2280,14471,3040,-212,13855,2863,347,13694,3977,2296,14028,3156,819,13631,3499,-755,13622,3778,1513,13439,3799,2141,13252,2743,-649,13113,3027,1325,13302,4539,3541,13972,3911,1226,13258,4025,725,13730,3265,3295,12908,3582,3765,13923,2865,1115,14204,3582,1723,13803,4459,3901,14338,3692,1564,14628,4111,391,14268,4244,2375,14022,3399,2526,14005,3169,-347,14533,2964,348,13639,4028,2709,13984,2933,-100,13720,3026,-403,13925,4297,2032,13760,4031,1215,13127,2917,-227,13362,2923,727,13236,4759,2612,13625,2763,2515,12767,3317,76,14147,4225,3224
13482,2822,672,13490,4274,3030,14069,4030,4008,13256,3372,1738,13938,2535,657,13515,4437,4217,14601,3610,2315,14133,4062,661,14407,3678,2986,14134,3885,2374,14292,3273,13,14473,3232,72,13717,3946,2707,14120,3013,1231,13909,3491,-740,14033,4200,1458,13659,4101,1431,13268,3114,-351,13513,2884,485,12940,3873,3313,13532,3030,2039,12882,3718,-818,14109,4022,3146,13056,4626,3530,14089,2771,1134,13174,3738,2324,14296,3462,3525,13561,3451,2574,14356,3093,208,14531,4996,2669,14405,4330,3414,14363,3256,-341,14038,4156,225,14793,3982,2589,13507,2899,1058,13641,2171,-915,13819,4009,1831,14145,4269,2159,13550,3262,-1195,13122,3150,295,13450,3760,2575,13568,3203,1554,12823,3167,501,13569,3935,1997,13543,4605,3663,13872,3544,671,13641,3283,1948,13350,4221,4616,14413,3076,1768,13377,3674,1006,14504,3850,3056,14273,5065,3179,14559,3724,-6,14078,2913,1139,13664,3996,3000,14869,2851,442,13560,3067,-340,13657,2996,1634,14139,4272,1815,14096,3954,-995,13785,3193,89,12869,3935,2612,14054,2765,497,12116,2210,955
13714,2947,1275,12952,2943,304,13064,3702,2138,13543,4341,3207,13341,3748,1414,13948,3609,1135,13602,3996,3784,13590,3062,2804,13717,2972,1201,14174,4237,3030,14301,4791,3488,14445,3515,975,14170,3535,156,14408,4519,2891,14247,3684,1517,13873,2321,-434,13523,2683,2119,14029,4125,1675,14189,3724,-751,13831,3473,-160,13575,4352,1918,13509,3081,1242,12876,2330,-430,13267,3582,2451,13424,4273,3511,13392,3979,-404,13635,3939,1381,13750,4201,4058,13771,3316,2430,13393,3038,960,14137,3042,2877,13092,4464,3783,15039,3397,741,14155,4551,1063,14637,4424,2882,13855,3168,1391,14085,3039,-637,14225,3575,2052,14232,3631,2786,13666,2822,-1183,13897,2974,291,13713,4610,2056,14072,3701,378,13085,3289,89,13200,3118,2038,13331,3891,3262,13197,3268,241,13548,3553,727,13394,4826,4500,14159,3576,1804,13186,3564,1101,13805,2993,3610,13689,3624,3337,13868,3528,1340,14788,3814,1565,14125,5047,3385,14571,3441,1002,14093,3524,-194,14424,3749,1969,14160,3409,2500,13663,2544,-341,14063,3311,-88,14031,4953,2332,13990,3758,-27
13954,4703,2266,14089,3384,456,13062,2885,-1382,13476,2881,1672,13156,3808,3077,13048,2736,1108,13305,3745,279,14017,5189,2531,13875,3920,2773,13105,2967,501,13799,3172,3381,13619,4063,4005,14032,3001,1220,13326,3668,1304,14891,4785,3325,14598,4564,2179,14171,3135,-210,13822,3142,1965,14485,3906,2081,14350,3236,87,13494,2751,467,13974,4061,2004,14222,4207,949,13864,3265,-1378,13206,2926,1276,12978,3671,2440,13898,3031,116,13025,3858,1312,13525,3915,3432,13570,4516,1185,13710,3742,154,13558,3101,3572,12899,3561,3939,14290,2825,1506,13580,3267,1978,13593,4407,3525,14937,4305,1912,14498,4193,-110,14245,3448,2402,13701,3454,3298,14454,3123,-915,14420,3314,810,13375,3951,2842,14129,2999,-126,13932,4066,-672,14353,3948,1312,12765,3524,1677,13249,2272,-342,13532,3675,526,13413,4518,3635,13311,2753,2129,12876,3671,-712,14549,4545,2881,13408,3971,3743,12870,2122,1046,13960,3146,2467,14305,4802,4208,13825,3690,1858,14349,3504,266,14557,4824,2080,14490,4316,3124,13930,2935,482,14077,2755,179,13927,3920,3311
14242,2964,-637,13795,3485,2287,13944,3213,1511,14074,3557,-689,14136,4038,1036,13463,3718,2306,13152,2506,-449,13681,3545,-854,13437,4095,3482,12997,2794,2540,13208,2937,-277,13695,4148,2171,13465,5136,3072,14155,3173,1678,13058,3146,1569,14021,3504,4096,14072,3955,3121,13967,3621,186,14327,4256,2123,14603,4721,3436,14193,3336,755,13818,2561,701,14021,3754,2125,14429,3425,804,13554,3185,-720,14002,3453,1360,13949,4422,1921,13926,3111,-227,13142,3257,-273,13926,3607,2006,12448,4045,1907,14048,1176,1337,12427,4994,467,14615,5222,2940,14018,3402,1964,12542,3841,667,13938,2978,4809,13615,3857,2779,13777,2478,1015,13688,4183,2492,14503,4790,2672,14959,3866,1851,13901,3044,1116,14008,3848,1886,14128,3215,1193,14317,3255,-539,13657,3501,1416,14088,3905,2397,14048,3546,-622,13751,3554,-436,13498,3840,2215,13575,2977,692,13173,3862,-272,13464,3088,3735,13075,3154,2923,13086,4410,-1533,14500,4862,2350,13141,3677,4237,13570,1812,2428,12975,3431,1247,14988,3557,2670,12949,4620,3931,14939,3243,-303,14452,4968,1062
14859,3738,492,14157,4139,119,14347,3879,2736,13958,3421,2635,14292,2904,-641,13901,3216,1411,13937,4002,2203,14297,3964,-1113,14018,3478,-221,13479,3431,2297,13071,2897,1574,13602,2976,-312,13268,3876,1268,13180,4097,3175,13549,3538,728,13744,3782,852,13456,4180,4249,13647,3356,2690,13351,3257,671,13958,3255,3062,13783,4510,4061,14600,3603,1032,14328,3972,920,14226,4105,2817,14319,3501,1700,14230,3274,-139,14189,3182,1828,13873,3475,2901,14208,3352,-676,14216,3727,-746,13559,4631,2173,13783,2913,747,12809,2890,-114,13511,3336,2203,13370,4427,2451,13371,3308,282,13393,3468,462,13266,4612,3734,14091,3628,2958,13347,3390,924,13724,2876,3035,13241,3998,3512,14713,3669,1014,14221,4069,1402,14352,4287,3595,14284,3793,1500,14460,3461,-304,14192,3653,1992,13947,3382,2358,13977,2747,-87,14079,3439,-25,13929,4752,2099,14088,3347,397,13144,2644,-1015,13287,2980,2374,13224,4129,2619,13703,3369,-190,13083,3496,986,13455,4305,3085,13613,4134,1971,13838,3467,1281,13409,3096,3585,13200,3494,3588,14292,3369,660
13397,3714,4028,14636,3693,1445,14301,4104,865,14268,4273,3417,14266,3797,2249,14501,3340,-172,14164,3798,1855,14058,3869,2612,14086,3024,227,13831,3163,-326,13801,4253,1856,14080,3540,1198,13370,2430,-1217,13123,2894,1519,13312,4217,2851,14020,3891,178,12916,3596,563,13366,3635,3079,13361,4030,2253,13911,3391,798,13499,3487,3145,13139,3664,3947,14169,3415,1236,14340,4269,1244,14137,4627,3578,14493,3237,2056,13929,4208,913,15285,3033,2480,11797,4114,1179,15550,1944,458,13929,4911,-258,14802,3727,2437,13033,3242,1208,13990,2029,-1409,13739,4661,1452,13413,4112,1793,13011,2323,551,13212,3381,1137,13581,4915,3152,13714,3890,1395,12986,3303,-174,13879,3625,3267,13017,4255,4291,13959,2430,2227,13640,3273,1110,14066,4836,2804,14758,4312,2631,14166,3585,336,14128,3078,2691,14053,4141,3395,14473,3219,-632,14063,3493,67,13871,3823,1805,14302,3414,994,13987,2900,-39,13585,3521,735,13268,3899,1866,13508,3094,-472,13453,3591,571,13161,5137,3677,13851,1871,2842,12012,3386,-1234,14351,4559,1319,13682,4675,5618
14146,4224,3879,12869,3757,4128,14059,2382,1114,13289,3883,1426,15006,4475,3539,13665,4445,3458,14227,3185,-456,14081,3208,1873,14384,4078,4021,14483,3767,-694,13907,3352,-222,13885,3827,2848,14365,3643,782,13874,3197,-1170,13742,2925,1048,13134,4036,2205,13751,3099,141,13089,3125,-45,13198,3919,2408,13810,4495,2445,13582,3867,-200,13170,3236,2137,13132,4237,4315,14361,3233,1665,12867,3040,1795,14091,3598,3529,14057,4386,2120,14544,3956,874,14272,3985,2585,13864,3506,2932,14107,2812,1136,14462,3787,-597,14484,4240,2184,13569,3512,1967,14204,3488,-1519,14093,3854,1394,13756,3340,2507,12962,3022,-724,13612,3259,-80,13306,4408,2575,13513,3544,1932,13018,3518,295,13783,3921,1812,13288,3903,4099,13047,2526,1472,13360,3110,1525,14169,4687,4319,14333,3793,2391,13452,3468,13,14639,3689,2578,14850,5283,3258,14055,3147,514,13541,2212,952,14142,4679,2497,15020,3980,1087,13467,3288,-1029,13746,2954,947,13965,3969,2446,13834,2995,-523,13369,2731,62,12919,3996,2439,13909,3330,960,12932,4104,-153,13975,3883,2289
13416,3306,-396,13796,4648,861,13028,3748,4789,13676,1480,2218,11633,4207,-921,16066,3725,5487,12949,5333,2698,14856,2080,74,13215,4899,2471,15157,4160,3363,14047,3805,2365,13951,2470,-822,13782,3978,2054,14872,3236,3068,13903,3586,-1687,13876,3120,581,14046,4325,2801,13971,3202,-821,13230,2411,-219,13260,3852,2296,13690,3666,1592,13249,3933,299,13865,4256,1187,12114,4685,3673,14829,1590,2235,11668,4241,-690,15669,3094,4674,12580,5077,3756,14909,2413,-859,12665,4220,3782,15120,3750,2850,13777,4421,1462,14786,2972,756,13532,4019,1948,14364,3072,3038,14577,3956,-1445,14119,3786,671,13700,3702,2827,14333,3195,-1074,13680,3311,-154,13153,3552,2196,13490,2812,1074,13108,3819,-525,14384,4593,1447,12456,4377,4437,14004,1931,474,12414,4195,-529,14495,3823,5318,12977,3425,2702,13622,3011,492,13912,3840,3421,14575,4795,3395,14168,3952,1060,14470,3434,443,13750,4282,3549,14836,3059,2945,13759,3613,-951,14309,3309,943,13808,4142,2623,14405,3699,-1084,13886,2785,305,13099,3569,2935,13684,3171,457,13535,3807,-582
13463,3532,1782,13415,2991,-475,13233,3151,1352,13283,4708,2895,13802,3860,976,13204,3671,633,13609,3292,3904,13147,3331,3338,13835,3609,808,14265,3802,2269,13494,3987,3786,13873,3732,1427,14891,3936,857,14332,4296,3363,13937,2965,2172,13828,2991,-628,14773,3799,721,14259,4613,2766,14144,3192,-54,13687,3140,-626,13682,3791,2311,13723,3158,1080,13009,2758,-943,13514,2852,1517,13398,4181,3024,13639,4299,-11,13519,4160,-246,13704,3617,3774,13020,3338,3237,13549,2705,1103,13540,3606,3005,13766,4114,3494,14036,3456,1047,13953,3957,958,14664,4495,4106,14386,3870,2529,13894,2974,-592,14014,3217,1726,14408,4046,2604,14087,3593,53,14030,3165,-92,13786,4182,2154,14075,3297,1249,13387,3040,-1377,13638,3050,1333,13361,3903,2787,13291,3344,-69,13465,3797,569,13412,4763,2904,13771,3579,1897,12928,2941,978,13614,3226,2894,13471,4304,4150,14238,3679,833,13936,3313,1236,13844,4706,3777,14707,4098,2245,14386,3553,128,13827,2595,2403,13828,3908,2549,14794,4039,-315,14354,3397,101,13606,3931,2220,14253,3317,826
14013,2710,2701,13190,4164,-69,15157,2646,-309,13239,3665,1522,13074,2758,1909,13192,3222,1155,13355,3600,-651,13981,4328,3443,13069,4666,1637,13875,3209,-261,13059,3363,3805,13552,3726,3599,13342,3461,1569,14256,3474,1558,13968,4081,3013,14003,4095,2512,14446,3868,498,14575,3702,2118,13590,3638,3317,13930,2231,787,14178,3634,-299,14499,4322,2012,14372,4149,1029,13500,3108,-968,13751,2873,1478,13550,4096,2233,13753,2523,108,13122,3317,-505,13560,4288,2244,13587,4047,2596,13103,3756,-129,13586,3688,2038,13228,3814,4621,13696,2727,1051,13076,3157,1463,13887,3543,3930,13981,4312,2947,14385,4511,358,14768,4076,2273,13679,3721,3757,14288,2884,662,14227,3584,487,14449,4065,2588,13855,3213,1512,14123,3413,-1440,14526,4359,730,13749,3990,2723,13208,2383,-335,13291,2845,-266,13375,3758,2815,13403,3344,848,13100,3669,-262,14098,4028,2387,13379,4949,2978,13655,2644,1532,12929,2530,1363,13860,3637,4058,13995,4303,2510,14142,3597,279,13769,4436,2911,14776,4644,3478,14521,4007,638,14020,2893,612,13186,2936,3223
13830,2448,158,13652,3089,2867,14296,3675,2149,14552,3845,-849,13883,3346,668,13936,4279,1907,14337,3230,100,13350,2644,-385,13309,2815,2220,13176,3476,2013,13637,3127,-571,13523,4264,1449,13729,4925,3254,13609,3863,583,13353,3077,1284,13282,3103,4068,13423,3313,3260,13631,3423,1090,14217,3840,1946,13806,5282,3752,14852,3289,1579,13899,3614,644,14289,3137,3354,13519,3321,2064,14465,2978,-1029,14189,4140,1512,14188,4158,2173,14142,3535,-141,13961,3161,-196,13565,3803,2053,13530,2991,1511,13355,2932,-709,13321,3657,1558,13182,4037,3315,13778,4403,13,13822,3961,-73,13280,3555,4272,12854,2324,2939,13572,2819,1347,13892,4019,2897,13754,4244,3297,13952,3868,929,14714,3952,642,14296,4901,4001,14215,2639,2425,13613,2750,-271,14467,3557,1344,14545,4706,2363,13898,3469,-256,14148,3311,-316,13937,4548,2604,13929,3112,1095,12874,2348,-949,13201,2944,1658,13488,4087,2424,13385,3398,188,13368,3813,721,13710,4935,2599,13660,3673,2744,12971,2139,1274,13447,3015,3259,13695,4460,4196,14347,3636,719,13777,3931,1042
14426,3741,1670,14139,4256,463,13986,4535,3413,14212,3902,3437,14486,3568,35,14214,2916,1871,13441,3116,2810,14136,3124,-287,14585,3990,-46,14030,4711,2020,14074,3255,1443,13724,3323,-1098,13814,3158,709,12958,3277,2930,13083,2232,465,13290,3507,20,14163,5382,2382,13703,4301,2543,12927,2771,95,13584,3620,2030,13775,4173,4856,13714,2805,2291,13256,2936,809,14305,4426,2818,14239,4674,2688,14413,3611,836,13963,3440,1959,14251,3488,3604,13914,2988,528,14242,3352,-902,14058,4330,2170,14348,3853,1599,13958,3644,-612,13940,3303,1085,13070,3226,2314,13474,2273,-351,13508,3909,-412,13484,4067,3368,13501,3863,2174,13441,3718,-402,13690,3764,2179,13003,4704,3553,14107,2337,2172,12837,2991,1854,13836,3574,3715,14278,4516,2512,14254,4002,0,14453,4087,2269,14269,3926,3687,14134,2933,983,13900,2818,723,14121,4136,1963,14541,3911,915,13920,3591,-555,14112,3418,1334,13833,3942,1893,13681,2400,-107,12997,2947,-289,13918,3681,2092,12651,4376,2229,14097,1904,1084,12376,5286,-79,14573,4604,3643,13596,2797,2138
13326,4588,3214,14039,3567,1395,13126,3198,994,13198,2760,4103,13399,3606,3622,14550,4017,773,14221,4117,1632,14121,4399,3295,14433,3730,1024,14335,3175,670,13559,3650,3519,14353,2962,1534,14025,3465,-1062,14196,3465,510,13776,4930,2079,14304,3624,576,13419,2489,-308,12935,2593,2232,13387,3211,1468,13712,4091,-1035,13381,4020,1804,12880,4200,3701,13838,3451,1359,13616,3580,941,13530,3016,3533,12925,3045,2859,14067,3425,773,14385,4421,2867,13913,4831,3798,14619,3659,1068,14121,3686,248,14206,3632,2845,13839,3237,2838,14323,2832,-683,14067,3690,1253,14211,4057,2122,14141,3922,-1010,13964,3563,-250,13709,3348,2372,12957,2353,1665,13410,2324,-324,13429,4203,921,13556,4894,2833,13374,3781,834,13492,3597,742,13462,4038,4274,13644,3112,2892,13155,2907,404,13936,3357,2684,13758,5043,3981,14749,3857,1215,14224,3601,1310,14088,3815,2893,14267,3014,1656,14049,3150,-52,14301,3273,1403,13890,4050,2848,14166,3539,-288,14223,3743,-687,13552,4510,2134,14064,2581,789,12758,2434,-409,13502,3050,2124,13536,5200,2415
13467,3157,1114,13512,5307,2798,13736,4079,967,13217,3406,93,13292,3806,3243,13539,3428,3604,13511,2825,1129,13397,2736,2493,13568,4427,3801,14786,4286,1481,14345,4212,625,14011,4096,3390,14088,3420,2472,14150,3240,178,14219,3180,1483,13961,4104,2250,14340,3160,325,14107,3523,-799,13925,4440,1905,14209,3648,1285,13210,2471,-938,13016,2375,1584,13110,4200,2755,14061,4080,326,13201,3699,200,13382,3762,2909,13280,4274,2492,14077,3173,983,13115,3249,3091,13171,3354,3845,14293,3793,1259,14449,4206,1049,14055,4501,3498,14264,3616,2642,14238,3261,-254,14280,3427,2302,14132,3624,2830,14291,3286,-486,14132,3047,33,13904,4250,2028,14108,4176,994,14076,3086,-920,12991,2715,1103,12797,3217,2790,13927,3379,-12,13375,4272,-114,13451,3929,3290,13293,4035,1838,13545,3479,229,13709,3522,3511,12885,3337,4165,13915,2724,1183,13979,4180,1342,14343,4634,3502,14733,3796,2257,12806,4282,498,15945,2706,3215,12431,4443,1614,15597,1688,-180,13192,4441,564,15181,4177,1845,13175,3803,1724,14191,2419,-1503,13310,3753,1721
13952,3254,-46,13484,2806,507,12991,3622,1772,13840,2719,338,12738,3934,296,13907,4241,3453,13190,5017,2349,13639,2758,245,12675,2347,2156,13097,4371,2665,14718,3216,3321,13472,3728,1168,14092,3178,3406,14002,4769,3003,14925,4292,-126,14537,4034,2347,13834,3627,2979,14073,2616,770,14257,3210,336,14115,4411,1313,13999,3520,1154,14056,3915,-654,13992,3617,326,13218,3084,2834,12971,2194,-255,13734,3157,-734,12924,5629,3500,14103,2722,3345,12008,3915,-926,14853,3944,986,13685,5016,5088,13097,1823,1217,13077,2457,1305,14004,4654,4425,14812,4511,3222,13891,4128,214,14047,3840,1023,14365,4095,3865,14477,2933,1468,13661,2968,-751,13893,3720,2879,14138,3614,1658,14256,3518,-1973,13812,3887,962,14002,3813,2354,13561,2975,-267,13350,3007,81,13059,3604,2629,13469,3808,1599,13663,4119,183,13827,4366,1937,12731,4298,3064,14243,2905,1561,13174,3324,1529,13153,2752,4463,13796,3236,3125,14205,3953,-51,14504,4911,2879,14319,4455,3378,14221,2882,4,13821,2350,1617,14114,3882,2180,14459,3552,1116,13909,3515,-13
[row took 87609us]
14687,3777,2104,13577,3514,-859,14235,3576,-58,14027,5044,2180,14003,3217,-59,12690,1986,7,12987,2893,2623,13757,3642,1990,13243,4094,-191,13898,3595,1545,13113,5345,2951,14363,3252,1559,12940,3275,1767,13575,2923,3934,13159,3256,3475,14271,3386,571,14046,4349,2086,14617,4994,3648,14688,4118,1108,14248,3322,266,13716,3312,2568,13863,2914,1575,14093,3111,-8,14216,3537,904,14014,4576,1875,14115,3611,-560,13763,3201,-891,13353,3719,2567,13427,2745,1807,12914,2778,-33,13482,3584,1783,13737,5824,2281,13289,4083,1198,13739,1925,1464,12092,4807,2144,15634,3023,4735,12538,3942,1208,14694,1580,1847,12622,5790,4228,16257,3906,353,13707,4688,1621,14333,3165,2633,13572,3213,1549,14557,2592,439,14149,3896,1121,13935,3892,1601,14129,3934,34,14219,3779,-782,13580,3501,2185,13022,2607,1332,13293,2894,-912,13356,3651,2507,13262,4667,3394,12994,4684,230,14759,2457,1729,11865,4858,2013,15424,2671,3014,12340,3825,2262,14454,2299,1992,12258,4216,5086,15573,3309,-194,13893,5674,999,15254,4293,3668,13378,3562,1029
14588,4305,1846,14140,3071,3417,13437,2066,-220,14337,3211,332,14089,4758,3327,14403,3717,-231,13743,3842,-1385,14085,4019,1924,13457,3052,1648,13074,2220,-551,13240,2942,975,13219,4887,2966,13918,3829,970,13186,3420,-54,13226,4531,2282,14557,3825,3842,12889,3217,1134,13490,2016,1889,13051,4074,4659,14882,3560,1284,13966,4972,531,14644,4227,3264,14146,4025,2182,14296,2902,449,14297,2940,924,13581,3481,2867,14344,2935,616,14198,4378,-1013,14178,4244,2118,13768,3265,1104,13493,2711,-1170,13474,3168,1271,13126,3482,3155,13028,2892,820,13485,4244,-58,13953,4871,3266,13423,4401,2111,13567,2619,704,13189,3024,3127,13527,3876,4292,14005,3087,1821,13885,2894,622,14290,5249,3332,15033,4629,2317,14430,3677,-405,13761,2813,2459,13874,3559,2562,14569,3514,-276,13993,3487,108,13873,4310,1728,14221,3582,969,13845,3451,-1008,13709,2793,1086,12672,3005,2612,13576,2002,171,13135,4091,510,14127,5042,2936,13339,4673,1192,13355,3289,531,13648,3614,3089,13384,3527,4162,13329,2692,1671,13861,2936,1446,13874,4796,3878
13603,2912,678,13756,4212,2750,14769,5224,2933,14454,4447,425,14252,2810,2053,13496,3281,3539,14385,2921,424,14388,3451,-466,13723,4004,1990,14385,3710,1273,13971,3650,-694,13949,3341,921,13195,3748,2228,13504,2435,129,13022,2871,-210,13708,4515,2603,13509,4139,2930,13313,3645,-200,13581,3914,1419,13360,3954,4425,13398,2644,1737,13298,2657,1302,13717,3663,3764,14284,4308,2883,14569,4363,225,14348,4361,1661,14200,3863,3375,14199,2746,1521,14288,2953,-202,13615,5024,2471,14910,1957,2873,12464,4627,-2943,16366,3566,502,12655,5013,3959,13619,1118,-1171,12178,2743,789,14317,3378,2421,13063,4261,2092,13429,3720,-591,13613,4440,656,13613,4480,4966,13562,2923,1711,13106,3136,557,13603,3582,4728,14102,3531,2458,13813,3580,-103,14588,4172,2521,14552,5446,3645,14563,3610,369,13782,2456,547,13553,3168,3041,14622,3253,1359,14084,3742,-905,14022,3727,571,13820,3950,2159,13930,3147,-438,13525,3029,-91,13233,3294,2732,13599,2839,859,12896,3221,-182,13782,4467,2154,13637,4917,3027,13310,3412,1109,13483,2948,1635
13953,3651,783,13022,3107,1429,13597,3319,3879,13335,3534,3979,13891,3385,562,14005,3477,1988,14172,5262,3587,14705,4126,1347,14158,3258,651,13878,3151,3221,13851,3019,2189,14436,3468,-1054,14330,3734,1213,14117,4340,2138,14183,3475,122,13751,3189,-197,13493,3580,2097,13344,3322,1515,13209,2449,-492,12915,3435,1639,13899,4549,3230,13554,4784,402,13788,3418,553,13124,3634,4207,13674,3082,2954,13215,3113,1221,14165,3012,2755,13408,4375,3564,14730,3930,796,14326,4375,883,14492,4001,3094,13964,3027,2297,13862,2949,-326,14682,3514,1135,13904,4137,2857,14148,3351,-615,14059,3894,-555,13733,4061,2439,13613,2671,944,12872,2844,-695,13606,2871,1575,12983,3746,3096,13378,3600,454,13706,4531,-161,13832,4532,3840,13172,3097,3044,13250,2526,1041,13584,3272,3274,13814,4030,3727,14285,3791,853,14128,4278,850,14624,4718,4131,14264,3798,2334,14158,2692,-81,13858,3107,1830,14240,3539,2316,13991,3323,27,13981,3434,-302,14084,4613,2282,14031,3520,1075,13565,3009,-1224,13436,3023,1560,13195,3342,2617,12906,2409,352
12756,3833,3084,13595,2638,652,13085,4042,-61,14101,4482,2427,13385,4213,2816,13450,3136,451,13738,3325,2814,13221,3752,4536,13961,2878,1523,13979,3841,641,14267,5045,3269,14397,4367,3218,14123,3180,64,13995,2865,1857,14013,3963,3509,14392,3170,-291,14053,3464,-149,14088,4052,2156,14339,4156,856,13953,3180,-658,13524,3124,973,13249,3566,2510,13461,2509,362,13096,2939,105,13617,4638,2561,14038,4248,2394,13272,4007,-282,13677,3442,2462,13075,4013,4522,13848,2539,1868,13033,2829,1642,14241,4213,3187,14001,4556,2410,14344,3480,684,14050,3884,2252,14552,4248,3283,14179,2749,962,13746,2483,-490,14179,4021,2378,14405,4210,1454,14172,3610,-1002,13757,3545,1257,13933,3895,2094,13354,2689,-84,12919,2339,-93,13025,3579,2945,14050,4302,1747,13760,4607,-389,13323,3555,2050,12677,4009,3641,14192,2808,1989,13333,3394,2147,13361,3168,3847,13814,3730,2200,14451,4101,-135,14465,4510,2600,14186,4217,3989,14453,2951,938,14155,3091,723,13891,3699,2267,14344,3487,836,13987,3611,-399,14333,4056,1529,13817,4030,2115
14231,3756,974,13688,4031,2123,14031,2594,186,13274,3218,-659,13764,3559,1810,12937,3585,2349,13399,3523,75,13715,4092,1387,13349,4560,3190,13552,3349,1060,13231,3310,1049,13798,3302,4490,13158,3484,3675,14164,3107,435,14273,4362,1507,14317,4980,3509,14360,3480,1543,14006,2846,285,13946,3552,3471,14505,3709,1891,14157,3593,-1869,14087,3276,1015,13842,4727,2855,14415,3813,-59,13583,2458,-157,12868,2650,1841,13376,3156,1111,13493,3821,-687,13514,3811,1771,13039,4643,3713,14042,3621,529,13414,3768,668,13564,3379,3936,12981,3090,3034,13701,3026,1195,14122,3740,2936,13792,5218,3392,14926,3713,735,13972,3774,598,14098,3478,3349,14071,3248,2669,14287,3042,-453,14188,3436,1027,13931,4110,2146,14195,3858,-644,14085,3724,-117,13582,3815,2495,13179,2381,1274,13198,2484,-608,13408,3788,1254,13678,4723,2842,13436,4078,934,13529,3616,689,13365,4128,3891,13665,3287,2702,13411,2877,661,13578,2997,3020,13411,4285,3851,14723,4007,1243,14304,4193,1051,14145,4139,3184,14049,3284,1842,14220,2965,153,14057,3518,1899
14206,2900,-94,13963,3085,591,14121,3912,2595,14270,3487,426,14108,3891,-1040,14085,4359,1749,13763,3139,1572,12949,2383,-731,13381,2778,1380,13349,4467,2818,13633,3702,802,13313,3831,-74,13697,4275,2713,13458,4081,3554,13616,2936,1179,13282,3027,2422,13391,4019,3964,14409,3891,1470,14081,4179,745,14385,4109,3203,14129,3763,2597,14435,2858,-176,14062,3412,1504,14180,3981,2636,14309,3369,328,13854,3371,-362,14041,4491,1639,14278,4059,1312,13268,2609,-1112,13209,2178,1282,12956,4008,3026,14015,3747,187,13102,4083,125,13476,3993,2831,13476,4489,2499,13787,3173,1086,13164,2958,2837,12977,3228,4121,14129,3200,1430,14339,4124,892,14140,4654,3526,14680,4113,2617,14229,3662,-167,14352,3102,1848,13814,3849,3251,14325,3147,-259,13999,3085,-72,13759,4263,2372,14501,4246,686,14107,3425,-1075,13213,2616,896,12983,3320,2679,13736,3149,462,13186,3956,-146,13489,4005,3360,13313,4343,1922,13795,3743,-153,13506,3465,3302,13114,3362,4103,13767,2799,1481,13850,3679,1295,14345,4398,3674,14091,4393,2377,14587,3752,140
13936,5412,3919,14706,3179,208,13931,3052,907,13944,2803,4753,13927,3477,-449,14561,3712,-1343,13866,4450,2828,14251,3751,979,13656,2810,-623,13716,2968,457,13413,4056,2022,13233,2997,1333,13195,3546,-739,13626,4510,2610,13658,4149,3420,13343,3296,-478,13297,3466,1785,13736,4247,4531,13793,3086,2261,13122,2752,1546,14216,3644,2940,13872,4492,2707,14758,3928,630,14104,3784,1276,14124,3908,3635,14382,3143,1393,14028,3281,-1072,14097,3534,1886,13945,4018,1602,14301,3666,-959,13604,3439,870,13512,3301,2664,13421,2962,-175,13674,3261,-932,13201,4317,3243,13762,4242,2636,12794,4218,-560,14410,1967,2652,11522,4417,2830,15241,3018,1361,12955,4418,2335,14170,3582,2911,13482,4184,4230,15004,3698,-182,13943,3875,1825,14401,3662,3807,13951,3297,-91,14260,3032,703,14291,4091,2627,14346,3513,485,13871,3564,-764,14432,3814,580,13480,4278,1703,13435,2399,734,13247,2994,-376,13413,4551,2252,13819,3343,3262,12717,3201,-604,13406,4131,-230,13939,5379,5178,13837,2465,1850,12813,2057,1064,13189,4063,4187,15017,4217,2644
13269,2835,3410,13201,4013,1383,15065,4135,2636,14380,4527,1266,14921,3823,3142,13124,3694,2154,14638,2246,-26,13718,4816,2579,15455,3489,1020,12899,3367,-370,14242,2516,931,13586,5088,1685,14192,2893,376,12719,3091,-156,13583,2940,1997,13260,3333,2343,13080,3193,43,13592,4151,1025,13935,5186,3575,13661,3337,2221,12986,3063,671,13645,3496,3769,14045,4395,3553,14112,3067,799,14006,3653,1764,14421,4688,3377,14975,3745,1272,13910,3279,-190,14010,3326,2166,14052,3872,2324,13693,2315,-117,14184,3791,65,14376,4803,2086,13765,2795,142,13287,3153,-1143,13615,3753,2526,13584,3292,2481,12769,2971,-541,13860,3655,1593,13361,5339,3092,13954,3542,1088,12893,2920,1842,13635,3670,3463,13860,3820,3719,13700,3080,649,14037,3296,1400,13665,4861,4280,15059,3958,1411,14076,3925,647,14129,3412,3099,14189,3291,1318,14150,3364,-646,14311,2945,1315,13589,4232,2136,14482,3185,22,13700,3720,-760,13489,3949,1780,13641,3119,1371,13176,3053,-307,13327,3399,1946,13046,4112,3329,12951,4765,37,14951,2459,1916,11914,4215,2823
12974,3776,812,13808,3002,3141,12731,3511,4096,14127,2912,1101,13891,3465,1738,13801,4513,3974,14801,4235,1437,14658,4141,461,13972,3618,2298,14044,2810,2487,14081,3563,-59,14686,3024,466,13421,4320,2665,14171,3252,-268,14071,3584,-504,13647,3985,2045,13585,3324,1328,12989,2696,-93,13644,2954,799,13084,4773,2767,13719,2850,2245,12979,4037,-201,14435,4435,3244,13143,4103,3815,13329,2343,667,13496,3195,2876,14173,4041,3917,13784,3849,2055,14603,3706,924,14594,4968,2246,14351,3936,2671,13666,2293,244,14233,3480,469,14497,4201,3132,13717,3267,544,13757,3097,-1511,14206,4475,1719,13868,3599,1651,13239,2485,-687,13237,3125,1269,13208,4569,2952,13632,3317,835,13001,2917,365,13115,4219,2178,14135,4370,3241,13331,3468,1457,13655,2705,1667,13032,4056,4337,14832,3274,1634,13692,4446,772,14645,4247,3457,14144,4283,2262,14433,3318,148,14271,3255,1335,13854,3969,2033,14022,2211,1097,13987,3799,-621,14356,4536,1733,13964,3267,1388,13023,3156,-1269,13919,3169,1167,12975,4216,3006,13273,2192,724,12850,3658,88
13622,2843,1375,12748,3470,298,13775,4440,1923,13919,5022,3280,13648,3336,989,13221,2743,1911,13247,3882,4897,14454,3217,2017,13376,3317,825,14089,3794,3201,14614,5107,2769,14854,3914,278,13875,2881,1111,13783,3756,3099,14714,3631,846,13851,3193,-484,13400,3153,1732,14129,3819,1473,14284,4005,-1067,13490,3199,450,13027,3455,2645,13884,3002,582,12294,2502,589,14079,4195,2892,13477,5303,1727,13666,3213,-66,13138,3075,2938,13550,4030,3825,13912,3433,2561,13791,2957,725,13695,3697,3223,14251,5041,3140,14848,4244,173,14212,3541,1999,13618,3397,3367,14304,2998,419,14365,3306,-471,13770,3738,2300,14110,3485,1459,13926,3517,-916,13964,3466,979,13326,4327,2175,13758,2695,-99,12887,3106,-204,13815,4050,2575,13044,3599,3244,13259,3326,-63,13715,4277,1227,13667,4402,4244,13509,2786,1476,13476,3045,1366,13939,3702,4245,13932,4031,3216,14060,3930,427,14587,4134,1448,14079,4403,3270,14372,2777,1325,14195,3143,-114,13919,4829,2352,14991,1988,3158,12221,4087,-2567,15902,3363,14,12734,5421,4154,13940,1722,-1077
13905,4382,2566,13799,3510,441,13376,2783,-241,13357,2855,2550,13185,3408,2085,13205,3274,74,13386,4264,736,13936,4998,3832,13716,3618,2682,13380,2730,693,13573,3034,3647,13651,3562,3144,13871,3240,1045,14199,4142,2163,14631,5151,3523,14560,3870,1258,14204,2811,-435,13992,3484,1884,14557,3473,2367,13792,3161,-82,13956,3355,255,14169,4792,2019,14072,3799,-121,13449,3151,-1039,13365,3163,2188,13270,2720,2541,12782,2675,-408,13598,3508,1727,13574,5433,2855,14071,4125,740,13110,3410,1443,13533,3095,3675,13394,3412,4087,13946,3048,572,13848,3349,1950,14086,5522,3713,15027,4657,1293,14307,3621,633,13931,3197,3035,13924,2955,2041,14319,2865,-1075,13846,3174,1494,13946,4346,2365,14311,3853,87,13932,3647,-391,13543,3754,1445,13432,3238,1233,13232,2275,-227,12609,3175,1797,13700,4299,3698,13443,4910,475,14038,3789,160,13287,4085,3877,13677,3061,2733,13222,2965,1379,14140,2762,2930,13323,4297,3682,14613,4099,921,14510,4694,490,14527,4382,2972,13986,3058,2431,13860,2922,-575,14549,2979,1129,13607,3852,3174
14448,2929,454,14023,4214,3054,13899,3515,156,13994,3792,-875,14393,4698,1653,13706,3344,1504,12733,2015,-699,13400,2316,971,13341,4534,3280,13521,3231,1735,12945,3718,-252,14287,5323,1806,14208,4731,3756,12809,1876,1287,12766,1776,2491,14141,4529,4512,14533,3889,1981,13336,3756,216,14712,4623,2474,15051,5166,2675,14244,2956,807,13540,2186,889,13739,3257,2703,14530,3166,1239,13840,3989,-1254,14269,4282,1375,13952,3912,2077,13593,3073,-1270,13440,2805,706,12992,3253,3162,13448,2887,1189,12991,3830,-271,13911,4552,2521,13527,4890,2743,13872,3448,348,13292,2994,2799,13037,2945,4437,13845,2850,2007,14147,3807,768,14164,5097,3020,14562,4587,3103,14531,3701,-469,14148,2997,1935,13914,3566,3256,14219,2800,-104,13936,3019,202,13916,4366,1736,14723,4428,886,13984,3750,-800,13470,2954,709,12931,3238,2421,13477,2442,599,13165,3122,275,13323,4447,2542,13755,4342,2409,13443,4222,-334,13851,3763,2437,13115,3453,4269,13636,2056,2123,13261,3122,1598,14685,4327,3065,13582,5052,2725,14779,3643,511,14551,4545,1617
14433,4394,-172,14627,3510,2598,13894,3533,3897,13960,2500,362,13917,2538,148,14518,4007,1338,13867,4457,1340,14306,3416,195,13904,3466,-144,13528,4205,1848,13581,2859,732,12981,2717,-778,13020,2994,3759,13600,3730,2890,13581,4490,-1371,14307,4135,1521,12933,4905,3326,13883,2313,2376,12921,2698,2453,14008,2767,3184,13453,4469,3124,14413,3923,-20,14397,4586,939,14558,4552,4435,14287,2969,1902,13780,2268,-407,14023,3291,2011,14342,3698,1557,13845,3521,-860,14353,3649,1112,13961,4788,2039,13909,3209,-155,13422,2806,-597,13057,2860,2186,13111,3677,3112,13693,3637,273,13557,3861,724,13165,4899,2994,14094,3608,1363,13134,3110,1516,13507,2294,4762,13075,3514,3210,14642,3654,147,14251,5109,1663,14570,4832,3534,14246,3768,1475,14206,2692,535,13884,3283,3091,14186,3156,1288,14030,3009,-1326,14085,3628,1132,14139,5205,2433,14589,3941,74,13103,2673,-772,13134,2381,1830,13082,3313,1932,13548,3180,-358,13105,3429,2323,13185,4646,3252,14174,4329,-15,13733,4142,934,13534,3051,3961,12910,2838,3474,13793,3080,1404
12811,3003,3700,14049,3108,939,14244,4120,1753,13964,4882,3717,14620,4003,1580,14309,3954,-174,14494,3257,2737,13782,3192,2737,14130,2448,-735,13935,2955,794,13909,4505,2403,14482,4520,-108,14153,3782,-977,13192,2986,1705,12967,2883,2316,13551,2774,-76,13232,3463,1034,13023,4122,3414,13649,4231,845,13883,4285,194,13781,3905,3815,12857,2726,3690,13483,2447,1098,13927,3345,2254,13911,4924,3925,14521,4142,1411,14445,4086,395,14365,4143,2651,14233,3390,2822,14046,2638,-293,14126,2626,790,13744,3889,2822,14257,3880,-95,14191,4098,-931,14071,4189,1654,13192,2784,1555,13084,2108,-372,13260,3050,1437,13473,4403,3089,13266,3573,1097,13377,3819,-129,13903,4397,3100,13542,4202,3365,13491,2491,907,13332,2666,2591,13454,4401,4216,14863,4134,1686,14147,4146,527,14452,4032,3045,14206,4059,2252,14413,2878,-24,13904,2820,1381,13920,3415,2886,14065,3108,337,14013,3747,-867,14027,4591,1690,14145,3801,1144,13195,2585,-967,13124,2346,1709,12981,3942,3124,13791,3527,584,13270,3625,326,13646,4417,2801,13749,4567,2794
14602,4824,1921,13389,4296,4030,13609,2247,1173,12985,2617,2911,14037,4383,4256,14131,4035,1431,14185,3973,549,14709,4417,2476,14440,4355,3169,14252,2879,395,13911,2774,320,13989,3972,3128,14235,3076,536,13480,3041,-823,14262,3533,1669,13923,4508,1052,13680,3282,-891,13529,2738,449,12567,3347,3704,14463,3564,1466,11943,4595,267,15104,2022,3315,11025,5954,348,16349,3289,1463,12886,4040,3744,13649,2519,3563,12724,3584,2769,15140,3281,40,13716,5794,3601,14909,3950,2689,14170,3152,-610,14191,2040,3041,13750,3483,2202,14255,3431,-379,14110,3415,672,14190,4366,1268,14211,3798,1172,13815,3068,-730,13585,3352,116,13089,4220,3190,13455,3072,710,12975,3363,356,13591,3848,3332,13792,4465,1880,13391,3956,43,14027,3045,2646,12781,3742,4213,13800,2575,2815,13647,2960,1325,13986,4215,2573,14418,4403,2954,14650,4306,-88,14306,3249,2054,14210,3817,3595,14264,2830,-118,13991,2994,-416,13850,4187,2116,14523,4160,1132,13887,3546,-794,13863,3123,1154,13321,3723,1914,13499,2378,-102,12643,3140,664,13920,4416,3385
12590,3542,-221,14026,3325,3279,13233,5382,2538,13955,3546,-213,13179,2848,2519,12864,3319,4096,14126,3233,2719,13935,3718,1106,13961,3891,2497,14141,4518,3083,14984,4526,229,14646,3709,1200,13985,3200,3826,14191,3295,227,14235,3008,-778,13660,3963,2344,14214,3861,1999,13755,3527,-1171,13808,2592,920,12943,3846,1696,13643,3031,169,13226,3353,-57,13292,3643,2839,13156,4317,3024,13870,4264,-231,13954,3869,957,13104,3752,4198,13155,3225,2690,14270,1683,2533,12845,4670,2037,15296,4253,3070,14347,4793,834,14956,3767,701,13065,3885,4270,14416,2008,1182,13882,3915,32,15036,4111,1433,12699,3312,1884,14371,2676,-366,14317,4444,359,14253,4353,2099,12694,2380,34,13464,2546,-364,13389,3792,2453,13478,3370,3153,12825,3684,-128,14487,4476,962,13389,5086,4018,13385,2595,1450,13000,2572,1478,14179,3976,4449,13729,4284,3384,13980,3503,-6,14302,3815,1489,14832,4531,3470,14255,3277,840,13856,2192,180,13864,3960,2809,14732,3961,1671,13827,3881,-1014,14202,3107,537,13892,4094,2289,13274,2194,173,13361,3330,-195
13794,2813,977,13327,3335,-589,13407,4140,2475,13708,4318,2610,12843,3315,-52,13662,3247,206,12946,4847,3540,14492,2587,3305,12539,3424,663,13943,3647,3473,13849,4706,3777,14592,3155,609,13525,3740,1572,14348,3723,3766,14146,3417,2044,14527,3367,-101,14149,4380,2095,14389,3845,2121,14015,3057,-418,14046,3374,-83,13808,4112,2244,13782,3099,719,13207,3146,-871,13427,3797,2596,13760,3724,2158,13019,3033,-396,13363,3234,1197,13433,5002,2678,13946,3499,1876,12820,3276,1193,13628,3177,4159,13259,3863,3947,14564,3559,-67,13769,4048,1489,14265,4237,3745,14521,4047,1626,14354,3167,523,13707,3454,2712,14233,3497,2208,14574,4050,-1244,14319,3428,750,13715,3873,2284,13857,2848,-21,13718,3176,-5,13572,3836,1835,13186,3428,1922,13384,2837,-458,13579,4051,250,13313,4310,3740,13420,2832,1500,13265,3934,151,13942,3973,4752,13289,3781,3189,13647,2921,877,14001,3472,2280,14032,4466,3547,14371,3682,1895,14420,3895,526,14389,4089,3135,13945,2826,3055,14057,3140,-1299,14912,3919,372,13756,4328,3137,13948,2661,-616
13542,4089,2891,14211,3097,423,13725,3379,-644,13789,3822,1599,13473,3879,1731,13435,3380,-280,13425,3435,638,13180,3847,3523,13201,3405,1170,13416,3274,-95,13423,3705,3709,13199,3735,3350,13753,3101,1147,14151,4058,1541,13950,4063,4004,13771,3658,2181,14418,3551,502,14478,4221,3195,13857,3545,2956,14271,3326,-621,14825,4153,326,14257,4003,2842,13583,2767,565,13858,3233,-840,13966,3913,2043,13666,3652,1600,13240,2924,-1000,13489,3194,817,13295,4210,3157,13220,2883,1430,13009,3539,-278,14032,4112,2956,13308,4295,3442,13529,3107,660,13529,3405,2699,14126,4827,3948,14267,3526,1728,13422,3277,858,14425,3878,3381,14660,4295,2866,14124,3687,-247,14041,2965,1309,14119,4494,2670,14537,3479,422,13633,2919,-325,13661,3227,1894,14096,3731,1406,13754,3632,-1299,13767,3232,697,12867,4136,2516,13635,2097,956,13312,4492,282,14256,3981,2572,12638,3883,2005,13326,2756,998,13755,4015,2931,13720,4477,4128,13774,3507,1568,13699,2931,739,13772,4327,3484,14651,3682,3367,14223,3452,354,14008,3183,1814,14147,4266,2810
14006,3334,972,14337,4335,3314,14521,3803,350,13826,2454,-335,13802,3243,1869,14335,4431,1291,13988,3445,-278,13454,3012,453,13282,4227,2049,14062,3305,904,12995,3308,-512,13337,3443,2398,13264,4126,3236,13564,3967,-424,13612,3532,2243,13059,3701,4079,13941,2973,1660,13730,3950,1024,14266,3412,3293,13146,4267,3433,14852,3236,659,14404,4169,1578,14297,4457,3291,13849,2783,1051,14239,3345,-700,14422,4471,2150,14473,4122,2079,13685,3075,-1220,13731,2811,876,13319,4250,2742,13824,3236,70,13317,3103,-115,13255,3656,2131,13477,3722,2272,13073,3577,277,13773,3698,1511,13256,4418,4598,13760,3004,1778,13262,3252,825,14089,4139,3704,13758,4009,3000,13920,3408,1085,14549,3660,2247,14380,4415,3304,14202,3453,793,14129,3088,-455,14186,4198,2270,14318,3761,2273,13709,3174,-722,14038,3052,435,13750,4192,2214,13724,3018,-202,13422,3191,-616,13400,3939,2651,13575,3586,1786,12782,3255,-351,13895,3383,1986,13151,5099,2715,14071,2869,1673,12821,2987,1461,13976,3535,3814,13716,4622,3195,14345,3124,251,13318,3713,2561
[row took 88130us]
14201,2900,593,13466,3281,1326,14402,4500,3961,14640,4188,2020,14030,3324,139,13919,3262,2544,14285,4180,1798,14543,3670,-841,13702,2959,862,13662,3907,2382,14389,3453,482,13663,3257,-502,13331,3421,1333,13441,3818,2066,13844,3068,-370,12930,3466,895,13458,3820,3793,13658,4511,797,13659,3736,543,13283,3385,4043,13100,3457,3136,13974,3689,1313,14071,3712,1879,13418,3939,3672,14401,3720,1679,14465,4293,569,14333,3983,3056,14036,3050,2698,14081,3392,-946,14779,3600,623,13702,4329,2888,13973,2862,-6,13999,3411,-491,13992,4679,2141,13525,3163,1374,13131,2514,-859,13482,3458,1063,13564,4558,2942,13206,3045,1578,12957,3495,-165,14054,5072,3017,13762,3792,3802,12827,1888,529,13446,3164,2574,14533,5180,3742,14227,3458,1661,13359,3140,726,14634,4832,3033,14868,4757,2965,14158,2848,96,13526,2932,674,14218,4150,2649,14536,3661,668,13746,3300,-876,13641,3757,2161,14026,3263,1614,13272,3172,-1364,13657,2877,1193,12964,4104,2970,13953,2838,453,12778,3877,234,13628,4077,3219,13523,4411,2702,13715,3435,619
13469,4341,3452,13603,3219,593,13427,3272,2391,13514,4308,4224,14209,3533,2013,14030,3609,755,13781,3790,2388,14266,4084,3496,14685,3647,806,14101,3193,1228,13675,3470,3104,14446,3536,113,14586,4035,-862,13828,3628,2185,13727,3033,1600,13829,3304,-1053,13988,3906,500,13415,3988,2598,13238,2729,555,13469,4136,-660,13752,2507,4312,12768,3980,1815,13622,3728,-1421,13719,4082,3794,12976,4432,3704,14497,2571,2247,13129,3955,1034,14621,3251,2644,13221,4478,3682,14693,3228,-280,14394,4221,2269,14250,3989,4406,14044,3404,-400,14045,3183,-590,14497,4338,2236,14117,3490,1233,13490,2509,-231,13815,2997,706,13862,4763,1758,13800,3395,127,13076,3268,-849,13431,3489,2907,13539,3730,3113,13238,3447,-701,13510,3596,1601,13545,4890,3995,12910,3361,1452,14269,2036,2996,13320,5164,2058,15136,4189,1989,13103,2828,1958,14156,3521,557,14342,5574,4675,15057,3243,2066,13274,2852,-724,14224,3501,1891,14410,4261,710,13981,2985,79,13779,2851,1860,13609,4485,1320,14319,3459,59,13394,3665,-742,13230,3269,1845,13009,3453,2840
13513,3106,2288,13365,4089,2081,13522,3185,235,13077,2895,1449,13116,4369,3435,14105,4298,2226,13581,3788,855,13452,3022,3284,13248,3898,3405,14550,3607,1041,14045,3912,2170,14001,3874,3817,14456,3854,1177,14475,3712,-238,14218,3834,2610,14144,3411,1991,13943,2677,-633,14000,2935,1152,13722,4363,2001,14325,3890,-78,13468,3426,-624,13390,3099,1793,13099,3852,2371,13853,3359,-557,13205,3287,1240,12668,3562,3542,13812,3740,937,13833,4367,1029,13754,3685,3744,12982,3554,3026,14008,3282,733,14322,3659,2418,13433,4254,4207,14562,3117,1499,14203,4249,180,14463,4362,2476,14130,3740,2250,14225,3092,-839,14213,2756,1110,13665,3818,2944,14144,3391,-361,13937,3903,-856,13764,4003,1837,13194,3330,1560,13462,2762,-246,13212,3570,1080,13263,4055,3333,13107,3187,962,13543,3589,143,13588,4895,3994,13926,3899,3161,13258,3295,633,13835,3025,2358,13771,4402,3954,14293,3495,1708,14235,3294,738,14184,4259,3003,14476,4143,2126,14585,3630,-502,14167,3251,1045,13934,3434,2787,14017,3103,265,13956,3336,-738,13611,4660,1844
13941,3491,-1079,13836,4320,1743,13578,3762,1657,13358,2867,-488,13274,3142,784,13419,4067,2873,13267,3206,1827,13131,3170,-3,13499,4169,2984,13613,4668,3756,13941,3178,773,13289,2965,1939,13461,3792,4020,14574,3637,2343,14481,3626,688,12709,4198,2875,16258,3865,4062,13627,4415,-1794,14941,2726,252,12800,4126,3814,15306,2837,7,13093,3462,624,14158,3123,1287,12935,3951,1931,14879,3741,-1467,12884,3764,-77,12919,2814,4258,13592,2543,980,13078,3887,-247,13482,4207,3025,13427,4504,2702,13879,3375,1038,13845,3706,2183,13385,3612,4746,13826,2907,1920,13895,3769,-194,14556,4903,4076,14429,4454,2983,14464,3452,78,13991,3539,1588,14307,3846,2143,14039,3093,424,13650,2377,-520,13452,3638,2350,14544,3620,1876,13739,3711,-1684,13442,3824,384,13695,3917,2599,13597,3101,867,12665,4182,436,14062,1905,4423,11917,4376,1138,14780,4759,-993,14018,4622,4274,12926,4135,3210,13731,1750,2364,13852,3442,893,13991,4215,3447,14532,4425,3727,13681,3983,-1034,14722,3255,2580,14087,3268,3899,14179,3333,-1580,14316,3584,-112
14393,3395,1232,14109,2949,-200,13741,3217,1470,13990,3788,1665,14001,3588,-731,13590,3569,249,13466,3827,2698,13702,3084,395,13160,3185,-198,13232,3196,2523,13021,4248,3068,13769,3817,795,13587,4226,1608,13587,3859,3860,13409,2783,2083,13673,3095,1045,14264,3791,3808,13747,4319,3513,14571,3514,511,14513,4023,682,14203,3707,3313,14263,3525,1157,14495,3659,-808,13657,3227,3039,13822,3346,1723,14252,3583,-1941,14022,3731,1047,13351,3986,2106,13461,3136,263,13457,3066,-34,13142,3956,2206,13207,2845,3459,13008,3941,-445,14323,3868,1447,12929,4571,4973,13756,2054,1478,13110,3825,1243,14842,4092,3711,13450,4053,2982,14213,3072,570,14081,4545,2187,14827,4982,3366,14284,3121,949,13913,2968,-507,14215,3992,2327,14122,3550,2095,13897,3139,-1192,14103,3391,853,13858,4625,2152,13542,2682,-630,13136,3180,-452,13345,3440,3108,13508,4036,2111,13218,3583,139,13454,3305,2069,12939,5144,2996,14402,3121,1108,13049,3190,1771,13561,3575,3943,14191,3815,3113,13799,3331,710,14224,3709,2122,14317,5163,3466,14597,3809,871
14073,5585,4113,15194,4052,2010,13725,3176,-1705,14125,3032,3242,14364,3546,2427,14041,2983,-1466,13670,2880,883,14120,4550,1843,14113,3528,37,13255,3149,-406,13956,3258,1418,12856,3786,2905,13684,2940,-352,12820,4570,754,14056,3677,4973,13166,3637,1424,12608,4063,-1079,15154,2997,5477,12486,4952,2828,14952,1438,765,12615,3793,2718,15039,3808,3349,14280,5392,2359,14661,3727,-788,13845,3717,2690,14120,2643,3514,14142,3436,-1826,14138,2819,869,13718,4154,2865,14297,3760,-694,13839,3501,-481,13631,3802,1709,13585,3233,1876,13106,3198,-490,13446,3163,1274,12680,3465,4108,13472,3813,162,13806,4347,789,13991,3869,4161,13265,3108,2410,13118,3270,1026,14751,3102,2456,13527,4376,4460,14369,3404,1529,14034,4350,352,14707,4703,3158,14561,3952,2204,13915,3012,-735,14115,2307,1296,13478,3391,3040,14286,3494,-247,13849,3773,-443,13609,4298,2279,13878,3412,1078,13256,3197,-642,13457,2575,1415,12658,3455,3743,13501,3364,669,13906,4729,174,13793,4687,3691,13495,3347,2478,12991,2617,1285,14149,3528,2959,13585,4181,3719
13239,3264,2558,13790,3772,3972,14011,2695,2251,13761,3608,240,14928,4612,2681,14337,4866,2786,14366,3091,-84,13772,3092,718,14273,3729,2719,14013,3256,839,13635,2834,-874,13840,3782,1677,14361,4258,1611,13762,3404,-1450,13230,2684,956,13260,3479,3191,13612,3011,820,13085,3649,-66,13729,4101,2376,13442,4419,3232,13728,3620,544,13641,3211,2527,13166,3889,4563,14027,2504,1546,13329,3014,1028,14394,4144,3226,14680,5023,2853,14757,4059,-177,14065,3569,1256,14103,3619,3375,14130,2998,526,13854,2661,-275,13843,3516,1967,14211,3747,1387,13897,3844,-1033,13927,3629,521,13283,4063,2923,13529,2335,673,12384,3098,-220,13896,3213,3372,13122,4605,2106,13779,3699,-92,13670,4021,2558,13492,4110,4096,13757,3065,2051,13716,3024,781,13813,3293,4037,14066,3937,3000,14682,4599,-391,14542,4119,1859,13963,4001,3470,14320,3381,195,14262,3177,-221,13555,3259,2579,14094,2754,1067,13848,3800,-1201,14221,3969,1198,13596,4170,2191,13234,3005,-123,13409,2672,59,13072,3601,2888,13391,2954,2455,13014,4078,-857,14431,4219,2525
13064,3516,-463,14060,4002,619,13427,4928,5190,14095,3542,1412,12839,3644,450,14460,3103,4092,13369,3609,3400,13932,2894,516,14422,3981,1773,14679,5439,3411,14395,4210,744,14004,2913,-42,13813,3399,2452,14545,3117,2260,13749,3247,-809,13789,2963,40,13569,4110,2503,14165,3828,-41,13802,3529,-609,13371,3431,2172,13187,3196,1808,13099,2706,205,13387,3836,1727,13512,4547,3719,13619,3690,1728,13681,3832,755,13636,3527,3257,13352,3516,3369,13975,2881,1309,14059,3979,2193,14385,4650,4080,14481,3770,1147,14262,3715,-307,14339,4092,3117,14137,3867,2011,14005,2201,-355,13491,2486,1263,14041,4470,1626,14485,3793,-95,13658,3623,-544,13596,3902,1707,13418,3378,2202,13163,2303,-647,12890,3006,1358,13591,3922,3898,13537,4384,197,13857,3717,549,13689,4177,4013,13627,3550,2678,13492,3184,1006,13956,2707,2445,13250,4057,4050,14808,3748,1545,14436,4352,392,14561,4799,2644,14065,3531,2203,13768,3006,-441,14305,3140,1357,13666,3605,3266,14117,2960,-740,13626,3329,-682,13904,4297,2391,13871,3951,1174,13561,3081,-259
13645,4289,1495,13408,3066,-999,13570,2995,1157,12921,3424,3063,13402,2492,1625,13088,3761,-162,14227,4476,2443,13345,4675,3927,13689,3291,762,13608,3221,2159,13646,4107,4350,14186,3174,1502,13386,3505,868,14520,3969,3396,14345,4616,3005,14521,3984,54,14284,3357,661,13928,3858,2432,14110,2546,1074,13499,2785,-241,14049,3773,1680,14200,4278,1664,13826,3913,-1281,13904,3439,252,13123,3748,2835,13249,2072,1128,12627,2599,127,14066,4554,2636,13618,4960,2358,13458,3587,280,13779,3522,2585,13461,4236,4270,13811,2980,2073,13443,2186,805,13498,3687,3265,14755,4493,3299,14725,4410,64,14188,3948,1570,13993,3949,3269,14373,3536,-146,14213,2649,-219,13171,2887,3002,14142,3288,1481,14193,4001,-1098,14189,4253,881,13320,4190,1658,13549,2743,392,13252,2685,200,12918,3301,3036,13312,3232,3018,13410,4389,-1092,14149,4353,2258,13158,4462,4342,13969,2357,1384,13171,3367,1952,14208,3323,3545,13455,3640,2843,14515,3756,439,14658,4862,1927,14390,4972,3463,14381,3035,583,13728,3075,-391,14211,3365,2636,13814,3043,1749
13758,2859,1673,14267,3337,2607,13830,3348,-361,13952,3096,180,13812,4903,1970,14411,4110,-41,13182,3277,-639,13008,2702,2300,12966,2919,3028,13433,2893,-23,13670,3809,891,13357,4683,3255,13705,4229,1206,13967,4075,1283,13614,3666,4110,13292,3241,3669,13868,2672,950,14024,3431,1356,13900,4679,3617,14904,4537,1553,14555,4373,260,14182,3721,2878,13679,2969,1809,14011,2506,-782,13979,2803,1502,13653,4388,2100,14177,3399,-12,13775,3759,-501,13806,4052,1673,13467,3654,1504,13491,2673,-165,12909,2396,1995,13146,4094,3125,13745,4136,888,13585,4374,406,13973,4766,3544,13369,3672,3409,13538,2341,1495,13640,2719,2446,13912,3962,3416,14082,3850,1307,14597,4527,347,14563,4929,3003,14057,3361,2820,13834,2554,-482,14343,3075,758,13804,3944,2580,13904,2973,-11,14115,3697,-455,14024,5199,1821,13884,3790,1499,13065,3023,-1040,13832,2920,854,12249,3280,4979,13985,1805,1221,12518,4606,-1837,14280,4780,4429,13696,4396,2620,13922,2863,578,13147,3241,3566,13900,3216,3724,13910,3262,1996,14009,3988,-26,14595,5352,3422
13918,4123,513,14617,4652,2860,14549,5021,2681,14465,3677,-42,14041,3003,1297,13854,3581,2679,14050,2438,932,13471,2881,-344,13910,4140,1578,14502,4776,1557,13892,3590,-1328,13289,2403,463,12966,3292,3025,13735,2954,835,13016,3459,359,13439,3782,2926,13504,4996,2406,14201,4455,364,13531,3513,2348,13049,2889,4221,13621,2679,2123,13904,3257,1198,14015,4410,3323,14268,4624,2778,14793,4281,-317,14340,3862,1358,14076,3534,3590,14008,2586,441,13843,2377,-295,13764,3469,2425,14092,4423,965,14538,4301,-1244,13945,3806,557,13012,3381,2216,13524,2462,905,13053,3072,72,13415,3634,2893,12949,4144,2663,13904,4062,-538,13716,4360,2280,13459,3923,4051,13442,2389,1538,13430,2641,1653,13834,3686,3871,14018,4622,2889,14688,4345,346,14478,4261,1698,14018,4126,3083,14441,2682,852,13992,2747,-31,13913,3295,2679,13998,3501,1833,14186,4089,-1363,14319,4470,889,13926,4375,2005,12974,2387,-197,13065,2039,506,12953,3719,2931,13627,3605,1872,13127,3773,-57,13907,4043,1461,13370,5102,3756,14162,3088,1738,13024,2526,1464
14142,3305,2465,12926,3066,1107,13709,2420,3556,13295,4140,3324,14707,3775,415,14348,4551,1730,14441,4658,3476,14421,3409,1086,14124,3237,242,14123,3279,2062,13875,3241,2202,13906,2759,-520,14112,3962,11,14060,5175,2228,14224,3351,-92,12909,2637,-664,13160,2785,2657,13388,3513,2279,13436,3351,-256,13405,3650,1230,13385,4873,3014,13889,4043,1697,13551,3547,1420,13391,2982,3825,13139,3190,3330,14155,3445,625,14231,4176,2028,14214,5000,3818,14774,3858,1117,14235,3402,59,13926,3555,3141,14183,3076,1864,14040,2867,-738,13961,2845,1181,13739,4792,2016,14536,4373,-264,13764,3280,-751,13001,2956,2152,13129,2766,2177,13493,3235,-514,13346,3709,1604,13018,4493,3232,13848,4265,529,13772,4170,922,13865,3774,4236,12875,2908,3177,13660,2247,745,13981,3624,2607,14162,4796,3506,13639,4697,1172,16090,3294,1952,13200,4687,1190,15030,2424,1992,12902,3428,502,15257,3070,252,12871,3908,3724,14396,3221,-1087,13819,4448,-544,14715,4398,2022,12533,3001,642,13048,1310,664,13565,3759,1588,13654,4581,2619,13059,3289,943
13585,4127,3779,12865,3937,1326,14007,2467,287,12543,4496,2086,14816,4009,3737,13133,3422,2220,13829,2694,1551,13452,4634,4583,15248,3935,1273,13784,4094,533,14611,3522,2715,14042,4160,2543,14424,2813,734,14062,3360,404,13893,3883,1911,14013,3200,681,14060,3720,-955,13781,4010,1534,13603,3375,2002,13175,2716,-1007,13476,3047,570,12968,4120,3317,13670,3384,1648,13228,4111,52,14151,4694,2665,13673,3819,3495,13035,2140,599,13425,3000,2516,13912,4253,4534,14292,3762,1974,13634,3700,317,14558,4640,2382,14525,4149,2940,14216,3147,490,13879,3220,1002,13997,3869,3116,14237,2876,316,13831,3105,-1179,14185,4462,1676,14234,3871,1801,13251,3071,-748,13653,2997,792,13215,4167,2370,13715,2960,979,12808,3201,87,13350,4166,2845,13834,4868,3085,13780,3648,345,13434,2793,2511,12498,3367,3946,14621,3207,1858,13696,4052,1408,14103,3850,3299,14057,4399,2788,15113,3641,-653,13764,3212,2174,14145,3659,3138,14453,4034,-140,14213,2987,642,13537,3795,1766,14293,3760,224,13926,3575,-484,13739,3557,803,12931,3502,2686
13587,3176,324,13174,4183,2425,13767,2595,1202,12679,2847,16,13785,3521,2647,13381,4765,2831,13913,3460,-199,13446,3024,2092,13167,4053,4191,14244,3325,2602,13336,3514,1141,14121,3509,2730,13524,4679,3339,15069,3747,310,14192,3888,1828,14014,3754,3573,14173,3054,435,14285,3475,-331,14276,3679,2012,13762,3461,1554,14151,3106,-602,13910,3939,257,13613,4061,2404,13392,2986,225,13322,3083,-504,13314,3489,3087,13384,3611,2691,13005,4646,-848,14699,3115,3023,12351,3890,3574,13299,3047,140,13945,3505,3429,13838,4608,2436,14144,2632,3688,13592,4024,267,15132,4202,1251,14482,4906,5001,13814,2995,-192,13992,3082,-54,14488,3769,3446,14050,3659,783,13561,2538,-840,14171,3451,860,13813,4639,1623,13826,2554,402,12989,3293,-820,13919,3774,2470,13224,3834,2952,13643,3411,-654,12588,4100,2172,14734,3242,4635,12080,4011,-537,14825,2963,1605,13063,4845,5146,14454,3417,1745,12853,2995,2007,14581,3238,1207,13983,5618,4151,15268,3669,1444,13404,3017,-563,13909,2892,4297,14482,3916,1202,14600,3456,-1904,13717,3243,1758
14797,3555,342,13565,2775,391,13733,3574,1596,14332,4105,136,13768,3439,-1073,13353,3276,2268,13094,3405,2330,13395,3232,-688,13270,3429,1031,12972,3995,3127,13553,3712,1285,13730,3660,1153,13766,3305,3732,13145,3682,2850,14135,3110,848,14056,3797,1872,13639,4296,3941,14555,3686,2255,14343,4069,-15,14610,3676,2353,13859,3780,2201,14201,3186,-1139,14299,3312,1968,13654,3961,2633,13959,3118,-277,13679,3390,-711,13988,3768,1195,13396,3574,1895,13595,2929,-79,12719,4150,1474,14236,1604,4743,12183,4992,-1156,14906,3604,-142,13505,4741,5523,12834,3457,2491,13540,2659,1802,14098,3790,1621,13653,3990,4246,13952,3651,1634,14283,3846,-169,14721,4452,4516,14283,3625,2280,13854,3261,-1382,14352,3205,869,14195,4330,2872,13789,2207,603,13583,2345,-596,13974,4263,1670,14303,4368,945,13044,3584,-1379,13524,2668,1701,13113,3942,3609,13707,3471,857,13076,3948,-628,14093,3862,2857,13010,4224,3027,13708,2584,1119,13187,3494,3602,13996,3861,3257,13895,3224,1222,13489,3493,856,14805,4433,3639,14303,4569,3325,14156,3270,-336
14159,4682,3755,14427,3136,32,14049,3409,629,14163,4139,2805,14561,3621,692,13733,3236,-643,13940,3300,1930,13969,3854,2107,13863,3351,-881,13722,3275,104,13165,4085,2558,13638,2710,729,12975,3625,92,13777,3143,3074,12889,3984,3076,13721,3545,-263,13657,3654,1986,13229,3808,4341,14035,2934,1737,13556,3361,1151,14265,4012,3562,13917,4465,3079,14752,3893,68,14270,3943,1258,14327,4196,3787,14538,3274,477,13873,4050,-865,14662,2564,3733,12519,3003,943,14754,2688,-2010,13221,4644,1733,14340,3242,1631,12685,3405,480,13735,2578,-44,13117,3928,2659,13674,3809,2917,13090,3806,-1365,13819,3474,2687,13266,4641,4586,14480,3318,768,12963,3680,1445,14349,3414,3575,13412,3619,2741,14210,2978,469,14456,4305,2173,14377,4797,3198,14384,3043,622,13483,3172,-174,14548,3764,2402,13935,3483,1903,14111,3058,-1355,13531,3037,1032,13688,4232,2330,14168,3500,-302,13541,3189,-168,13299,3851,2075,13541,3191,2074,12781,3118,426,13505,3206,1722,13289,4856,3707,14443,3568,1569,13237,3937,716,13560,3230,3865,13605,3590,3407
13616,3323,3550,13383,3986,3698,14253,3042,601,13432,3619,1804,14650,4636,3848,14554,4449,1843,14244,3559,-122,13913,3530,2465,14024,3559,2123,14462,3330,-466,13741,3103,1031,13727,3930,2247,14166,3401,505,13779,3582,-950,13655,3642,1390,13171,3669,2160,13517,2164,-170,12873,3746,1285,13690,4222,3723,13518,3937,857,13441,3609,371,13698,3803,3643,13390,3942,3209,13679,2977,1241,13926,3337,2079,13465,4292,3855,15019,3542,1551,14186,4253,404,14360,3892,2751,13938,3744,2525,14200,3200,-564,14357,3141,975,13383,3784,3003,14193,2967,-345,13967,3679,-610,13923,4194,2034,13675,3473,1174,13211,3050,-448,13607,3058,1385,13065,3970,3280,13436,3160,1022,13253,3823,-284,14038,4261,3643,13181,3812,2983,13811,2704,936,13431,3462,2988,13786,4258,3698,14468,3451,1493,13581,3246,844,14413,3909,3469,14254,4367,2341,14676,3495,-358,13912,3677,1112,14336,3724,2666,13920,3048,484,13927,2864,-535,13716,4070,2075,14162,3700,1193,13598,3402,-1504,13597,3280,1381,13096,3557,3016,13409,2495,512,13144,3752,265,13936,4184,3005
12907,3148,-76,13546,3685,2221,13449,4394,3436,13582,3967,527,13877,3819,1918,13244,4116,4485,13902,3021,1649,13638,3251,826,13964,3886,3385,13938,4094,3477,14585,4088,409,14215,4145,867,14301,4414,3445,14291,3401,198,14161,2951,-367,13444,3216,2799,14017,3320,1202,13873,3414,-633,13870,3791,597,13750,4186,2044,13592,2985,319,13158,3056,-336,13379,3948,2585,13311,3579,2891,13238,3371,333,13628,3927,1830,13556,4578,4142,13990,3250,1563,13320,3013,1301,14038,3832,3390,14034,3652,3153,13859,3312,777,14209,3877,2078,14609,5000,2994,14657,3600,1048,13833,3095,-468,13934,3462,2244,14265,3513,2366,13883,3065,-1092,14036,3487,958,14053,4842,2039,13895,3150,-388,13106,2974,-292,13148,3294,2634,13548,3437,2452,13303,3652,-166,13637,3385,1989,12894,4528,3374,14405,3237,1402,13282,3876,1543,13725,3456,3804,13401,3425,2984,14377,3196,650,13863,3999,2248,14375,4300,3903,14602,4088,795,14327,3690,497,14080,4075,2585,14097,2917,1143,14074,2759,-164,13917,3552,1466,14114,3790,1997,13598,3325,-342,13691,3241,-547
14028,2914,444,13520,3100,-1247,13717,4020,1368,13786,3928,2045,13206,3058,-72,13168,3157,1757,13101,3951,3194,13828,3986,542,13479,4023,794,13603,3862,3691,13307,3420,3747,13769,2916,1074,13956,3199,1677,13874,4467,3545,14626,3771,1671,14211,4030,736,14142,4130,3072,14238,3869,2595,14377,3593,-1055,14245,3032,479,13453,3592,2873,14186,3132,203,13927,3522,-316,13682,4257,2041,13700,3346,894,13245,3102,-760,13431,3150,1366,13266,4284,3247,13601,2986,1391,13108,3456,-22,13458,4535,3162,13906,4178,3033,13531,3260,726,13700,2746,2996,13398,4283,3894,14726,3531,1266,13833,3919,847,14128,4129,3406,14338,4340,2195,14481,3665,-15,14048,3500,1303,14032,3414,2250,14051,2557,60,13910,3198,-344,13730,4517,2394,14331,4061,1190,13235,3213,-1051,13358,2957,1436,13241,3821,2564,13775,3120,231,13015,3363,699,13350,3851,3331,13602,4566,2289,14013,4045,573,13557,3576,2962,13164,3562,3753,14172,3030,1561,13982,3454,1620,13761,4168,3806,14546,3694,2161,14341,4051,-573,14442,3926,2161,14209,4042,2864,14359,2950,-451
14036,4119,2879,14319,2764,336,13749,2379,-93,13652,3509,2087,14236,4080,1118,14018,3932,-1199,13610,3358,619,13177,3983,2741,13984,3083,583,12976,3309,-96,13202,3352,2902,13212,3914,2347,13794,3905,131,13640,3996,2858,13375,3941,3874,13912,2944,1412,13597,3558,1103,14157,3819,3685,13681,3849,3187,14667,3632,274,14451,4269,1619,14285,4595,2994,14464,3309,246,13926,3190,-338,13788,3405,2953,14031,3293,1608,14096,3357,-1277,13781,3985,833,13688,3940,1975,13245,2909,122,13426,2975,210,13414,4022,2611,13131,3556,2169,13332,3104,-230,13425,4224,2261,13763,4552,4263,13843,3161,1415,13438,2963,1177,13699,3830,3731,14246,4035,2817,14169,3616,565,14253,4039,2572,14377,4451,3025,14431,3835,271,14390,3308,109,13732,3672,2406,13991,2559,1823,13693,3062,-833,14109,3786,1116,13919,4727,1930,13747,3170,-890,13278,2869,248,13339,3980,2937,13788,3668,1481,12958,2896,-115,13342,2979,2227,13152,5205,3230,14598,3746,1329,13180,3766,1759,13680,3233,3868,13611,3656,2512,14305,3277,705,13777,3658,2998,14262,4249,3456
[row took 87990us]
14344,3800,1917,14147,5281,3039,15062,3224,2843,13789,3181,-761,13707,3102,1122,14323,3993,2346,14422,3225,-279,13450,2790,1121,13872,4086,2247,14366,3691,-603,13349,3920,-824,13459,3719,2082,13211,3079,2109,13234,3105,298,13625,3372,1830,13200,4381,3008,13695,3817,501,13819,3827,1020,13500,3715,4327,13316,3002,3559,13880,2845,501,14010,3365,2167,13871,4528,3815,14778,4483,1138,14363,3905,712,14350,4230,3143,14359,3315,839,13828,2911,-941,13911,2625,1977,13624,4182,2077,14465,3407,270,13785,3444,-263,13567,4060,1193,13673,3302,1013,13258,3376,-592,13211,3117,2642,13123,3840,3722,12989,4421,-140,14729,2271,1614,11757,4700,2652,15381,3505,2255,12973,4269,2727,14311,2807,1881,13037,4268,4270,15391,3160,901,13513,4727,677,14907,3961,3430,13864,3476,1361,14318,2993,-123,14450,3315,1433,13683,3809,1773,13910,3148,1,14137,4005,-309,13733,4544,1984,13664,3146,1071,13289,2756,-1268,13221,3554,1529,13364,3836,3275,13190,3059,1123,13257,3881,265,14220,5174,3340,13621,3816,2513,13141,2120,732,13326,3498,3546
13552,3129,926,13278,2401,2872,13389,3482,4482,14630,3629,1434,14084,4356,747,14611,4510,2867,14141,4449,2082,14573,2965,604,13625,3421,1123,14525,3757,2188,13611,2877,946,13810,2935,-858,13737,4338,1708,14328,3795,1822,13397,3360,-1378,13614,3088,1073,13064,3637,2697,13485,2556,562,12816,3271,1139,13656,4569,2380,13982,4486,2629,13477,4010,505,13807,3070,2413,12920,4313,4724,14573,2587,1543,13315,3472,1132,14356,4144,3337,14365,4794,2089,14713,3902,-89,14057,3407,1849,13937,3483,3107,14456,2875,191,13936,3222,-344,13760,3893,2117,14126,3791,862,13532,3392,-565,13799,3114,1628,13304,4598,1799,14015,2807,-151,12699,3058,258,13460,3600,3653,13520,4470,2082,13831,3641,366,13343,3902,2835,13706,4116,3319,13773,2999,1665,13472,2603,1720,13803,3842,4150,14334,3969,2412,14521,4423,-302,14502,4377,1986,14104,4074,2668,14180,3173,190,14141,3000,852,13743,3508,2404,13927,3002,668,14042,3457,-1112,13998,4211,1034,13750,3852,2495,13330,2919,-636,13375,3332,41,13153,3693,3397,13279,3197,1707,13320,4583,-607
12960,3535,2704,13467,4081,-226,14224,4076,2035,12813,4483,3767,13778,2261,1569,13292,3608,1637,14496,3681,3647,13511,3484,2799,13818,3339,268,14917,4443,2171,14491,5044,3273,14091,3362,569,13974,2961,498,14262,3896,2429,14184,3113,1779,13652,2989,-912,13943,3360,365,14048,4265,2863,13707,3731,-514,13617,3201,-508,13181,3627,3078,13472,2999,1316,13248,3426,-312,13306,3105,2943,13132,4512,3086,13961,3709,1165,13711,4036,1478,13781,3950,3506,13536,3061,3423,13875,2665,514,13848,3914,2878,14520,4621,4105,14570,4604,180,14567,3795,586,13633,3476,3538,13977,3270,886,14541,3379,-658,13574,3326,1829,13629,3468,1435,14108,3702,-594,13989,3724,-182,13355,3824,2438,13419,3153,1677,13177,3055,-792,13725,3379,1709,12899,3933,3568,13472,2977,-4,13769,4428,1193,14156,4441,4418,13575,3673,1890,13518,2715,1028,14092,3316,3048,13455,4614,3522,14715,3486,1362,14045,4426,767,14450,4373,2954,14121,3482,1610,14175,2873,-1146,14031,2899,2209,13851,3337,2598,13830,3409,-920,14195,3524,46,13779,4541,2236,13796,3283,666
14235,4467,2106,13785,3578,916,12894,2903,-940,13648,2749,1411,13146,3925,3733,13361,2940,1122,13161,4032,-562,14397,4804,3462,13489,4374,2733,13436,2565,974,13096,2998,3399,13991,4000,3874,13955,3105,1530,13741,3364,473,14546,4974,3236,14856,4717,2535,14136,3452,-285,13671,2766,1847,14360,3903,2687,14149,3148,100,13735,2696,-367,13638,4144,1961,14682,4393,1093,13745,3952,-1261,13609,2881,1314,12463,3015,2752,13527,1855,1020,13332,4380,566,13979,4378,2362,13255,3934,1607,13333,3745,697,14078,3831,3223,13479,3756,4392,13532,2733,1364,13909,2715,1038,13830,5102,3421,14812,4230,2425,14530,4328,264,14259,3571,2175,14093,3679,2795,13949,2885,-81,14356,2669,19,13607,3844,2457,14064,3370,894,13773,3765,-916,13784,3692,1303,13559,3931,2106,13339,2565,-172,12990,3055,386,13817,3547,3169,13127,3443,2356,13696,4023,-657,13949,4631,2485,13333,3793,4225,13676,2629,1032,13584,3016,1902,13741,3835,4161,13895,3988,2261,14564,4053,133,14316,4771,2019,14262,3925,3492,14249,2855,425,14313,2937,-64,13503,4549,3400
13145,2319,310,14392,3435,2416,14356,3742,2146,13991,3363,-974,13733,3420,597,14038,4278,2354,13686,3674,-228,13677,2777,56,13090,3348,3022,13403,2742,1252,13012,3327,-28,13771,3926,1971,13433,5531,2911,13980,3656,2077,13180,3235,1118,13564,3169,3799,13461,3267,3046,14096,2682,354,13587,4156,3023,14827,4972,3518,14678,4695,484,14297,3041,373,13611,3555,2658,14212,3083,1568,14210,3017,-74,13690,3126,1149,13903,4083,1569,14210,4149,-661,14025,3727,-468,13296,3856,2335,13235,2774,1725,13153,2178,-296,13184,3131,2091,13463,4130,3137,13739,4549,-608,13922,4208,1497,13578,4061,4153,13550,3012,2959,13344,3000,1161,14283,2959,2560,13220,4534,3729,15133,4064,665,14219,4673,1182,14424,4193,3574,14061,2842,1810,13758,2886,-645,14398,2987,1586,13646,3748,2852,14024,3069,-833,14091,4033,290,13947,4871,2312,13802,3265,347,13059,2984,-422,13426,2660,2122,12914,3409,3248,13562,2946,138,13529,4732,-165,14053,5033,3748,13690,3813,2359,13291,2923,979,13596,3193,3964,13590,3513,3378,13744,2811,710,14001,3853,1001
14246,2883,1339,13433,3217,957,14480,4723,3211,14589,5446,2479,14709,3767,306,13699,2815,1587,13762,3441,2311,14511,2748,457,13771,2993,-105,13504,3637,2104,14448,4146,1401,14335,4566,-1442,13613,3383,955,12776,3077,2582,13514,1912,347,12902,3170,494,13790,3987,3267,13461,4274,1918,13714,4580,-557,14256,4444,3175,12850,3504,4295,13517,1735,1851,13567,3365,1305,14315,3969,3577,13633,4131,2820,14731,4378,-279,14708,4911,1901,14317,3848,3838,13837,2275,-282,13676,2346,176,14022,3770,3195,14346,3730,755,13785,3953,-1030,14145,4031,1164,13752,4265,1671,13317,2624,-125,13064,2175,372,13255,3445,3205,13620,3373,2118,13227,3847,-411,13756,4798,1604,14068,5262,4033,13712,3225,1560,13153,1791,2123,13108,3131,3799,14564,3681,2029,13837,4469,731,14650,4222,2266,14013,4750,2961,14731,3626,978,14116,3253,531,13676,3130,2249,13817,2397,1794,13799,3446,-861,14639,4164,1122,13895,4682,1891,13735,3366,-800,13683,3176,119,13137,3402,2889,13217,2495,1740,12942,3048,-22,13806,4030,2112,13552,5486,2820,13846,3818,491
12449,5503,1130,14627,4627,-162,13780,3894,2579,12988,4450,3014,13720,2229,4295,13695,2591,1252,13596,2840,1946,13999,4988,3452,14573,4696,317,14779,4435,1685,14233,4200,3956,14062,3110,829,13593,2318,-375,14284,3152,1224,13726,4197,1715,13954,3083,487,13743,3542,-257,13942,4761,1409,13764,3439,1132,13138,2310,-940,12930,2329,2287,13400,3789,3933,13666,4044,67,13671,4470,-10,13598,4966,3568,13865,3720,2498,13481,2540,1633,13793,2216,3032,13335,3790,3372,14518,4136,998,14547,4717,566,14097,4920,3887,14242,3534,2502,14067,2856,-407,13945,2744,1597,13825,3232,2405,13988,2910,-427,14155,3485,288,13971,5222,2491,14528,3898,242,13159,3055,-1076,13325,2478,1743,12902,3688,2631,13813,2849,828,13166,3557,1128,13724,4955,2749,13788,5087,1693,13876,3658,548,13144,2608,3739,12932,2756,4211,14124,2732,1021,13947,3995,1283,14144,5011,3325,14740,4646,1774,14420,3847,166,14182,3131,2764,13896,3114,2204,14053,2497,-799,13926,2962,505,13750,4686,2416,14666,4536,893,14212,3982,-1034,13268,3158,1096,13012,3083,2376
13796,3357,877,12929,3217,2769,13450,2306,693,12926,2966,-124,13349,3515,2968,13184,4182,2016,13976,4401,-399,13707,4605,2667,13540,3526,4141,13262,2369,1615,13578,2741,1482,14086,3917,3855,13998,4352,2681,14743,4248,62,14416,4556,1856,14225,4327,3231,14451,2681,769,13664,2490,33,13916,3140,2639,14018,3616,1247,14240,4110,-1426,14017,4576,1003,13826,4169,2113,13115,2380,-12,13204,1765,752,12802,3675,2675,13907,3381,1661,13317,4220,-210,14106,4508,1819,13357,5263,3971,14089,3061,1574,12992,2559,1692,13317,3035,4003,14011,3568,2463,14374,4288,550,14545,4540,2412,14209,4793,2978,14536,3723,278,14109,2914,691,13564,2984,2820,13756,2248,1418,13948,3078,-640,14267,4398,1003,14069,5177,1491,13967,3506,-834,13425,2655,235,12983,3019,3194,13440,2872,1356,13086,3342,-329,13753,4018,2194,13418,5435,2773,14207,4156,831,13322,3454,2213,13241,2598,4202,13319,2661,2285,13971,3260,761,14237,4306,3088,14336,4934,3307,14648,4420,164,14312,3954,931,13937,3530,3406,13946,2355,921,13712,2368,-392,14138,3547,2115
15117,1358,-1303,12771,4103,2716,15157,4380,928,13448,4656,94,14462,3171,-1323,13054,3777,1547,13327,1565,3764,12460,2600,-906,13700,3355,1204,12996,4949,4055,14093,4618,-604,14122,4305,828,13695,4028,4426,13181,2306,2999,13076,2664,1807,14365,2958,2402,13289,5109,3324,15265,4164,1041,14396,4941,122,14603,4435,3362,13900,2757,2436,13544,2093,-971,14004,2623,2156,13761,3791,2417,14192,3696,-1383,14273,3949,-217,13895,4953,1911,13867,3379,829,13115,2289,-97,12820,2141,2405,13394,4114,3052,12964,4888,611,14682,2574,1182,11642,5561,1285,15936,3707,3144,13012,3314,2397,13470,1931,2267,12250,3679,4867,15459,3791,473,14112,5731,1283,14909,4517,3521,13641,3505,719,14018,1407,1597,13860,3103,1350,14457,3801,1533,13627,3556,1044,14692,3936,-1039,14044,5379,1457,14065,3352,1047,13101,2736,-1303,13060,2778,2459,13140,3326,3086,13249,3116,-39,13577,3823,828,13821,5452,2682,13714,4779,1469,13825,2933,1257,13107,2687,3542,13025,2903,4502,13975,2858,1394,14074,3981,635,14582,5381,3478,14684,4841,1582,14242,3611,79
14546,5095,2294,14472,3286,637,13906,2268,2383,13783,3350,1806,14074,2887,586,13769,3227,57,14171,4655,1381,14322,4116,1559,13953,3575,-1362,13668,3124,809,12789,3270,2966,13360,2004,142,12622,3396,842,14093,4089,4000,13617,5401,1039,13802,3938,-238,13475,3125,3382,13126,3088,4336,13754,2715,2594,14043,2887,1067,13592,4604,3023,14967,4810,2239,14246,4841,-283,14918,4247,2474,13965,3097,3718,13577,1625,-418,13709,2399,205,14237,4831,2119,14898,4649,279,14358,4116,-672,13625,3311,787,13100,3143,1744,13007,2076,802,13315,3087,498,13142,4453,3110,13636,3413,2030,13544,4588,-710,14057,4887,1554,13643,3728,4459,13068,1910,1968,13166,2449,1715,13921,3993,4183,14243,4328,1969,14583,4602,183,14435,4868,2452,14227,3925,3292,13982,2372,1196,13995,2493,-208,14032,3675,2680,13778,3452,1484,14307,4085,-1811,14402,4889,1609,14025,4122,2075,13203,2758,-923,13041,2055,783,12823,3309,3050,13494,2716,1973,13141,4001,12,14489,5368,1511,13721,5288,3272,13503,2706,562,13023,2258,2496,13228,3740,5006,14373,3085,2200
13195,3172,4324,14259,3275,3188,13789,3619,774,14424,4158,1327,14297,5859,3470,15160,3970,1213,13619,2771,268,13404,2518,3184,14306,2876,1550,14145,3352,-1123,14219,3878,997,13923,4818,1894,14009,3384,-475,13617,3035,20,13216,3502,2307,13647,2867,1240,12733,2983,667,13967,3842,1763,13121,5097,2434,13933,3425,731,13554,3744,1124,13509,3621,4410,13146,2653,3390,13568,2567,1008,14147,4254,2948,14403,5586,2915,14628,4149,658,14150,3646,962,14251,3644,3588,14117,2708,1685,13720,2297,-515,13804,3175,1732,14486,4470,1693,14339,4199,-322,13902,3690,-307,13337,3711,2413,13301,2528,1505,13086,2459,-800,12870,3022,2889,13452,4168,3350,13681,4815,-1017,14272,4134,1639,13313,5129,3223,14033,2054,2798,12341,2546,1692,14431,2986,2806,13541,4905,3789,14904,3745,-57,14121,5148,866,14959,4506,3611,13900,3546,1660,13721,1843,-43,13714,2860,1934,14087,3495,2238,14389,3920,-1078,14422,4583,-468,13648,4200,2436,13528,2707,657,13466,2907,-410,13257,2729,2221,12835,3242,2423,13683,3627,-175,13878,4239,1337,13264,5739,3004
13684,4232,-417,13751,4864,2670,13451,4415,3073,13516,3221,1045,13333,2274,3613,13117,3215,3926,14179,3093,1126,13959,4047,1032,14578,5130,3271,14549,4945,2513,14527,3689,-74,13938,2692,1961,13752,2739,2964,14083,2896,40,14094,3573,52,14188,4677,2073,14193,4295,787,13880,3796,-1146,13601,3026,1221,12811,2911,2950,13188,1612,393,12978,3779,386,14336,4537,3225,13390,5032,1053,13533,3708,14,13876,3619,3630,13193,3352,4259,13407,2215,1665,13856,2801,1156,13928,4850,3607,15023,4765,2097,14248,5012,-457,14311,3229,2781,13645,3377,3447,14436,2777,-361,14060,2779,404,13520,3745,2453,14460,3866,375,14100,4109,-945,13969,3904,1466,13393,3272,2046,13063,1963,-149,13127,2326,603,13306,4168,3693,14020,3968,1808,13179,5092,-1069,14409,4124,3073,13042,4621,3666,13700,1636,1343,12674,2634,2790,14057,3663,3604,14192,4338,2288,14386,4188,192,14540,5065,2065,14422,4423,3479,13911,2593,516,13537,2098,766,14138,3775,3151,14222,3454,807,14150,3111,-1089,14012,4622,1013,14684,4491,1588,13317,3191,-563,13156,1904,546
14248,3752,-77,13675,2866,1,13194,3043,2314,13167,3165,1603,13366,3029,228,13475,4290,1569,13645,4833,3232,13737,3989,1331,13640,3602,1131,13432,2936,3919,13132,2784,3316,13732,3122,1062,14525,4642,2223,14375,5298,3486,14403,3912,651,14104,3343,775,14312,3725,3658,14057,3062,1782,13992,2071,-555,13721,3283,1257,14561,5144,1384,14373,4216,-231,13677,3329,59,13300,3609,2177,13327,2470,1538,12906,2079,-623,13115,3496,1560,13830,4596,3719,13435,4789,-385,14067,3847,807,13281,4180,4332,13652,2301,2361,12886,2672,1577,14199,3138,2657,13663,4682,3644,14832,4470,712,14494,4505,538,14453,4669,3543,14177,3093,2187,13331,2159,-316,14067,2906,1826,14225,4125,2493,14307,3873,-1132,13680,3585,-197,13864,4040,2665,13517,3310,740,13431,2008,-236,13043,2901,2183,13398,3529,1962,13626,3960,620,13513,4797,636,14114,5058,3472,13740,3832,3140,13185,2493,414,13444,2515,3629,13416,3814,3421,14349,3353,913,13982,4686,1948,14628,5043,2877,14451,4200,1544,13984,2850,227,13774,2581,2022,13868,3292,2840,14279,2981,-120
13607,3373,2520,14165,2247,307,13907,3167,-54,14182,4588,1738,14560,4399,1291,13734,3782,-964,13860,3338,522,13054,3316,2783,13476,2116,337,12442,2907,381,14110,4621,3056,13740,5517,1413,13738,3654,-150,13187,3260,3078,13231,3230,3857,13738,2334,2345,13237,2886,906,14079,3736,3335,14059,5174,2557,14930,4357,-92,14212,4333,2352,14189,3310,3533,13827,2683,153,14228,2914,-215,13921,3727,2874,14211,3479,975,14172,4402,-1138,14370,4150,1327,13345,3863,1737,12993,1884,-296,13366,2367,621,13086,3868,2815,13435,3210,2414,13150,4469,-733,14576,5006,1422,13420,4432,4604,13102,1851,1201,13303,2400,2080,13995,4064,4298,14027,3640,1889,13784,4219,443,15026,5066,2105,14595,5076,3495,14000,2937,872,13764,2076,246,13693,3494,2733,14590,3122,1467,13600,3458,-1150,13991,4050,1243,14468,4549,1969,13707,3772,-787,13377,2128,204,12839,2837,3035,13516,2818,1433,13299,3643,-298,13781,4183,2294,13516,5225,2627,14110,4322,395,13649,3134,2212,12744,2622,4489,13749,2840,2579,13911,3883,531,14126,3910,2875,13800,4846,3330
13639,3298,1583,14234,5135,3102,14978,4698,1237,14159,4482,657,14443,3898,3506,13771,2681,2802,13657,2323,-1202,14184,2962,949,13847,4582,2486,14463,3935,-179,13972,4013,-143,13930,4005,1806,13360,2624,1346,13308,2690,-1108,13390,3366,1764,13061,3742,4139,13690,3645,326,13630,4458,-86,13518,4856,3201,13959,3549,2870,12970,2536,1616,13651,2135,3047,13223,4297,3740,15114,3915,776,13803,4764,223,14716,4886,3280,14503,3980,2752,13974,2073,562,13436,2086,1675,14228,3759,1658,14494,3979,-251,13977,3651,-136,13955,4707,2062,14146,4111,712,13520,3036,-737,13328,2155,1408,12507,3572,2293,13815,1789,2305,13106,4429,20,13959,5659,938,13671,4037,3531,13219,3496,159,14180,2445,3589,12630,3629,4792,14246,1995,1118,13757,4255,1235,14325,5546,2153,14845,4871,2752,14263,3570,1354,14185,2968,1534,13363,2703,2834,14126,2291,-217,14122,3474,-382,13912,4706,2395,14538,3882,915,13565,3771,-1145,14037,3848,1069,13379,3320,2207,12509,1109,636,13069,2467,1060,13732,5727,2281,14505,4433,1686,12842,4129,-352,14029,3849,2455
14057,4126,-839,13677,4332,2035,13161,3969,4263,13661,2112,1992,13079,2783,1801,13839,3787,3577,14275,4740,2481,14594,4409,-226,14291,4377,1815,13959,4073,3516,14094,2451,1333,13926,2393,243,13749,3579,2175,14340,3717,1331,14272,4346,-1390,14339,4224,799,13907,4465,2310,13377,2235,-186,12880,1782,431,12942,3778,2689,14083,3921,1721,13267,4096,-56,13848,3878,1465,13230,5347,3517,14157,3177,1736,12763,2576,1692,13204,2671,4337,13749,3584,2724,14631,4330,386,14210,4557,2060,14429,4784,3100,14303,3772,733,14173,2768,1176,13636,3105,3366,14065,2623,994,14299,3145,-763,14081,4312,936,14419,4971,1749,14165,3640,-297,13097,2565,-118,13026,2928,3083,13444,3144,1388,13224,3694,-646,13712,3906,2272,13338,4803,2729,13809,4136,521,13539,3430,1967,13172,2849,4290,13324,2442,2608,13692,3207,691,14587,4193,2762,13893,5102,3201,15006,4119,424,14093,4210,949,14212,3548,3716,13891,2577,1907,13794,2577,-869,14279,3451,1734,14093,4543,1623,14388,4044,-1169,13800,4137,235,13516,3391,2534,12911,2060,1465,13056,2175,-407
12860,2213,1563,13147,2201,-147,13234,3607,1415,13564,4349,3270,13310,4145,656,13838,3973,64,13524,4662,3967,13598,2920,3155,12981,2301,986,13792,2738,2766,13847,4474,3670,14609,4334,1283,14529,4361,611,14397,4710,3043,14282,3717,2330,14088,2568,-218,13787,2680,1357,13837,3396,2736,14266,3279,-60,14007,4109,-701,14007,4777,2019,13945,3625,919,13129,2106,-736,13116,2354,1941,13141,4232,2788,13819,3602,602,13103,3936,653,13651,4230,2982,13866,4510,2634,13838,3196,824,13263,2499,2970,13037,3529,4024,14504,3700,1245,14770,4344,1074,12539,5038,3807,15830,2869,2967,12955,4620,-2098,16135,1749,2547,11918,4072,3614,15494,2250,-1200,13118,4019,1312,14788,4243,946,13578,4660,975,14550,3201,-1172,12628,2997,960,12973,2202,4431,13345,3123,-462,13852,3628,-32,13050,4873,3810,14031,4575,374,13762,3917,1028,13821,3338,3748,12575,2918,3642,13659,2680,2390,14185,3370,488,13600,5071,3531,14910,3812,2453,14337,4449,-341,14626,3758,2842,13834,3524,2726,13862,2637,-435,14251,3093,902,13739,4190,2179,14244,3366,301
13742,4103,2328,14512,4621,1279,13880,3813,-952,13633,3273,1308,13170,3715,2082,13520,2402,-229,12754,2371,332,13237,3934,3120,14061,4515,2753,13517,4632,-627,14155,3779,2193,12627,3450,3916,13897,2105,1875,13281,3513,2017,14363,3612,3824,13532,4663,2535,15082,4035,-339,14171,5228,1826,14178,3693,3824,13803,2653,1029,13873,2648,-52,14124,3399,2465,13699,3305,1066,14313,4198,-1670,14272,4125,1475,13656,3827,2709,13333,2329,-552,13306,2274,-331,13107,3917,2444,13845,3469,2434,13103,3987,237,13960,4410,1467,13376,5454,3672,14230,2952,1285,12901,2419,1227,13161,2887,4553,14086,3850,2987,14143,4290,618,14543,4238,2247,14141,4726,2577,14438,2827,872,13704,2198,1196,14071,3945,2133,14443,3455,1858,13741,3232,-474,14200,4280,62,14466,4826,2246,13852,3106,-184,13200,2522,-227,13095,3481,2932,13548,2722,985,12772,3516,-100,13892,3821,2816,13446,5461,2484,14001,3359,894,12854,2695,1782,13151,2718,3804,13559,3203,3342,14252,3532,402,13828,4508,2585,14466,4792,3646,14712,4711,-29,14772,3396,941,13378,3035,3700
13798,3842,897,14019,2949,3161,14014,3192,2047,14117,3070,-180,14398,2961,892,13791,4396,1778,14741,3893,-260,13807,4094,-740,13351,3698,2321,13461,2672,1917,13187,2631,-208,13169,2981,1694,13532,4529,2776,13275,5348,-294,14848,2624,2000,11756,4409,3115,14121,2757,1825,13060,3294,3597,14053,3470,838,13954,3548,4203,14328,4434,1134,14739,4344,345,14343,4667,4731,13707,2911,1091,14075,2666,114,14453,3150,2299,13969,4416,1004,14006,3211,187,14069,3943,-288,13852,4260,1497,13529,2853,1827,13238,2727,-1105,13474,2938,1603,13003,3868,3435,14007,4315,-395,13747,3814,1505,13449,3871,3137,12542,4071,589,14379,2965,2967,13526,3844,3118,13613,2956,3495,13337,3426,1487,14987,4193,186,14280,5589,4346,14162,3832,1953,13834,2698,255,14164,2549,3387,13848,4032,1551,14485,2695,-826,13905,3614,358,14258,4648,1823,14090,3571,1127,13412,2946,-954,13824,3170,1158,13224,3379,2761,13392,2952,80,13407,3808,666,13723,4949,2973,13333,4459,1191,13791,2912,953,13307,3677,3171,13363,3101,3871,13331,2534,1970,14171,3144,707
13586,2306,1647,13183,3489,1279,14737,4446,3050,13639,5020,2919,14640,3478,400,14078,3900,1624,14237,3671,3435,13950,2847,505,13770,2854,-196,14180,3692,3050,14353,4386,977,14201,3678,-1134,13882,3082,667,13486,3932,1962,13510,2805,452,13330,2617,345,13117,3830,2832,14006,4156,1933,13418,4493,-438,13781,4107,1524,13168,3956,4229,13282,2395,2024,13357,2803,1629,13741,4063,3652,13827,3963,2600,14103,3811,333,14768,4206,1931,14306,4580,3705,14122,2906,1048,13739,2616,135,14005,4059,2404,14716,3972,1696,14178,3763,-915,14050,3533,549,13950,4139,2127,13817,3297,-362,13224,2448,-326,12849,3080,3282,13578,3101,1731,13598,4149,-763,13957,4436,1210,13126,4782,2571,13521,2826,1944,13158,3053,1858,13606,2957,4633,13281,3491,2727,14351,3407,-300,13991,4562,2608,14391,4947,3604,14589,4253,1331,14237,3192,1041,13525,3308,3022,14071,2688,1762,14251,3678,-841,14217,3755,1491,14110,4407,2135,14068,3595,-587,13802,3343,40,13259,3540,2335,13251,2472,1471,13216,2612,-244,13357,4134,1599,13904,4489,2959,13139,4437,-575
[row took 88301us]
13915,4890,2718,13595,4016,1417,13372,3624,34,13469,3884,3042,13488,3101,3602,13196,2329,402,13746,3168,2407,13540,4633,3734,14679,4151,1698,14187,4705,981,14561,4182,2675,13788,3279,2725,13996,2265,287,14282,3153,1155,13573,5175,3278,15035,1583,1148,12274,4856,-2542,16641,3911,1717,13034,4707,2637,13060,1299,-1815,12585,2629,2760,14185,4150,2364,13419,3846,618,13443,3622,-140,13378,4918,1322,14344,3853,4169,12990,3082,1178,13188,2640,1648,13155,3781,5035,14484,3655,595,13779,3565,523,13984,4586,3950,14636,4477,2374,14623,4222,287,13532,2640,1721,13445,2785,2698,14396,3503,617,14889,3807,-372,13877,4501,1937,13841,3221,748,13555,3198,-1010,13898,3234,1528,13398,3321,2738,13360,2681,-490,13355,3234,125,13613,4685,2923,13537,4347,1510,13270,3632,305,13866,3224,3476,12952,3903,3595,13665,2768,1469,13299,3217,1673,14373,4353,3660,14104,5094,2701,14950,3680,288,13848,3996,2289,13823,3107,3537,14050,3034,484,14379,3397,292,14142,3656,2952,13965,3684,641,14294,4432,-1672,14352,4197,1628,13232,3371,2435
14057,3400,521,13971,4448,2497,13883,3036,23,13166,2489,-637,13231,3623,2447,13793,3208,2158,12864,3594,-537,14115,3627,1400,13133,5293,2828,14084,3080,1264,12981,2935,1771,13562,3197,3473,13632,3752,3568,14161,3651,182,14040,3682,1905,13947,5054,3812,14799,4038,1322,14121,3572,663,13698,3232,2981,13983,3213,1670,14390,3784,-808,14269,3450,1280,13754,3838,2242,14173,3352,-271,13968,3336,-367,13546,3612,1926,13307,2987,1631,13383,2874,-427,13572,3564,1491,13644,4362,3270,13297,3993,48,13638,3781,684,13544,3869,4533,13296,3104,2942,13229,3052,1226,14251,3514,2248,13782,4872,3009,14261,3554,1404,13933,3634,1108,14325,4163,3636,14030,3378,2497,13815,2964,-944,14386,3406,1106,14127,4249,2885,14070,3122,-281,14148,3466,-233,13878,4399,2258,13883,3295,955,13119,2858,-1018,13591,3068,1579,13189,3582,3010,13496,3372,347,13917,4107,33,13392,5001,2847,13638,3185,2975,12908,2760,1098,13835,3237,3177,13258,4157,3826,14444,3050,512,13511,3871,1034,14667,4711,3721,14303,4408,2643,14384,2950,246,13616,3317,1890
14804,3898,439,14093,3666,1524,13982,3695,3374,14113,3054,24,14200,3194,-139,13803,3642,2705,14145,3697,1247,14135,3796,-702,14109,3837,545,13348,3708,2262,13207,2247,299,13277,2775,-139,13701,3958,2990,13625,3889,2366,13210,3781,-301,13838,4427,1645,13540,4501,4432,13628,2689,1863,13159,2673,1616,13934,3916,3236,14234,3913,2683,13596,3915,764,14585,3687,2159,14424,4696,3651,14381,3220,1157,13649,2825,-266,13882,3401,2002,14596,3472,2278,13700,3608,-844,14192,3489,895,13844,4682,1980,14098,3468,-489,13127,2872,-43,13049,2921,2646,13391,2851,2334,13451,3622,-397,13932,4575,1112,13305,4571,3359,13493,3249,1210,13616,3545,1532,13681,3672,4286,13495,3063,3108,13885,3130,352,13988,3987,1910,14162,4591,3894,14836,4060,1185,14195,3727,743,13901,3535,3195,13890,3065,1107,14374,3142,-595,14169,3572,1685,13936,4276,1932,14133,3256,-69,13713,3543,-368,13449,3674,2292,13570,3008,1286,13474,2908,-516,13250,3098,2388,13205,4404,2663,13717,3982,180,13484,3692,1483,13458,4566,3818,13905,3171,2771,13135,2722,1421
13385,3796,3471,13602,2897,1377,13579,2733,2557,13189,4167,3240,14659,3983,1348,14225,4420,742,14191,4115,3726,14085,3529,2952,14206,3084,-429,14277,3251,975,13907,3994,2561,14255,2845,329,13814,3530,17,14120,4349,2179,14301,4169,1063,13296,2980,-1335,13279,2407,1053,12982,3865,3012,13986,3269,809,13024,3612,481,13440,4134,2650,13631,4707,2188,13774,3654,926,13417,2814,2868,13076,3009,4292,14019,3058,1395,14152,3965,709,13809,4547,3483,14595,4120,2720,14317,4188,251,14289,3476,2076,13826,3753,2917,14324,2920,-54,13950,3107,34,13811,4018,2526,14184,3791,1163,14068,3729,-1018,13532,3313,822,13070,3143,2422,13593,2573,596,13244,3452,58,13635,3873,3116,13283,4179,2052,13792,3955,-211,13630,4157,2940,13379,3656,3974,13382,2651,1653,13836,3043,1419,13836,4187,3428,14163,4337,2592,14432,4160,375,14404,4298,2242,13969,4191,3357,14230,2797,571,13841,2834,-43,13908,3436,2597,14030,3288,1153,14055,3607,-1278,14107,4255,1301,14072,4294,1952,13332,2656,-79,13267,2250,567,13097,4126,2678,13956,3725,1654
13242,2887,2602,13599,4124,2024,13657,3750,-95,13318,3393,1284,13277,4608,3362,14217,4156,1890,13478,3420,1209,13166,2695,3630,13230,3326,3048,14379,3771,665,14138,4092,2230,14012,4278,3583,14417,3882,1025,14535,3553,275,14010,3804,2897,14173,3014,1749,13933,3037,-571,14336,3302,1057,13865,4904,1954,14358,3791,-66,13515,3343,-652,13324,2728,2310,13143,2894,2210,13478,3243,-644,13636,3741,1407,12842,4476,3279,13895,3818,738,13619,4228,1211,13623,3519,4055,12898,2842,3176,13777,2804,733,14345,3632,2405,13654,4844,3863,14933,3593,1139,14246,4526,493,14475,4285,2907,13986,3513,2331,14092,2722,-700,13993,2974,1325,13797,3901,2799,14147,3615,-484,13951,3801,-545,13862,4080,1950,13184,2820,1287,13289,2244,-92,13202,3597,1436,13627,4518,2872,13441,3576,749,13454,3604,193,13385,4830,3891,14046,3813,3090,13368,2676,952,13645,2650,2761,13548,4317,3662,14682,4007,1296,14162,3965,1008,14162,4517,3389,14196,3968,2072,14160,3023,-53,13936,3010,1600,13835,3312,2567,14199,3129,21,14082,3715,-599,13932,4847,2037
13488,3175,-273,14092,3882,1015,14255,4441,1326,13459,3349,-922,13364,2671,528,12867,3464,3388,13975,2748,1319,12990,3830,-116,13773,4040,2227,13553,5328,2373,13943,3491,890,13123,2680,2942,13153,2893,4369,14115,3147,1539,13894,3787,487,13828,4642,3126,14617,4541,3315,14280,3872,663,14356,2878,1616,13955,3671,2240,14274,2862,12,13973,2856,348,13941,4202,1888,14639,4129,1701,13912,3588,-995,13436,3259,-191,13476,3746,2349,13523,2707,733,12709,3017,734,13805,4173,3245,13232,4699,1583,13934,2486,71,12163,4034,1276,14798,3875,4299,13202,3342,3602,13817,2258,284,13485,4182,3275,14872,4627,2476,14286,4701,508,14599,3588,2284,13878,3836,3100,14364,2446,1026,13964,3110,-789,13910,3699,1892,13909,3637,1898,14295,3981,-911,13967,3691,698,13446,3578,1987,13236,2829,-522,13845,3116,-163,12057,4583,3686,14699,1373,3904,11218,4348,-2052,15874,4444,867,13712,5751,4875,13013,2320,1006,12610,1853,2655,14408,3983,4034,14103,4360,3124,14308,3926,-341,13639,4288,916,14971,4841,4675,14464,3702,1475,13793,2429,-24
14985,3728,1531,13220,2551,1636,13945,2509,971,14317,4209,1933,13954,2823,792,13695,3058,-560,13939,4874,2288,14665,3893,706,13372,2945,-1228,12836,2504,2215,13398,2748,2415,13060,3592,-137,13715,3229,2240,13079,5379,2817,14814,4163,455,13350,4050,1249,13383,2878,3361,12998,3151,4075,14164,3097,1252,13737,3607,1628,14080,4440,3485,14523,4535,903,14841,4186,69,13734,3785,3519,13777,1948,2332,13583,2584,-692,14082,2723,1244,14480,4984,1605,14419,4233,-472,13871,3258,-253,13690,4325,1820,13763,3266,1821,13089,1895,140,12669,2656,1000,13843,4258,3368,13663,4706,747,13923,4089,2,13332,3844,4063,13309,3225,2974,13540,2626,1315,13385,2875,2755,13644,3756,3458,14299,4142,1584,14708,4524,341,14511,4685,3236,14136,3357,2671,14063,2672,-605,14164,2789,1654,13853,3442,2582,14104,3127,-559,14095,4287,-551,14381,5020,1751,13656,3667,1413,13024,2456,-851,13623,1967,1540,12253,3225,3288,14159,2798,99,12503,5844,-117,15738,3246,4224,11683,4862,1353,14609,2636,-89,13155,3288,5076,13286,3864,2624,14203,2341,2009
13476,3790,4715,14029,2991,1978,13640,3159,738,14153,4576,2536,14759,5502,2923,14829,4402,3,13619,2981,1413,13716,2738,3429,14013,2804,643,14024,2753,-678,13689,4289,1873,14731,4765,1066,13992,4108,-585,13528,3052,752,13172,3192,2487,13389,2184,1020,13004,2447,-366,13525,4420,2370,13836,4525,3251,13485,4607,-400,13816,4004,2166,13301,3866,4466,13742,2642,1969,12924,2221,1855,13926,3092,3008,13659,4823,3114,15345,4768,527,14450,5180,1188,14348,3802,3716,13447,2003,1359,14013,2494,-590,14357,3771,2904,13831,3513,1615,13928,3718,-1696,14622,4567,534,13819,4720,2148,13149,2023,638,12893,2200,-170,13251,3647,2497,13889,3803,2402,13195,3416,-102,13350,4169,821,13901,5573,3764,14018,2775,2269,12921,2282,819,13436,2775,4035,14165,3885,3086,13940,4152,319,14557,4449,1944,14165,5385,3240,14780,3601,1238,13797,2808,491,13524,2753,2092,13994,2663,2179,14084,3337,-782,14064,4059,429,14247,4786,2008,14033,3574,-506,13506,3176,-157,13629,3012,3083,12050,2704,2428,13912,814,922,12351,5956,-767,15330,5107,3256
13781,3551,1337,13835,5025,3012,13770,4779,138,13630,4328,932,13787,3757,3970,13230,2796,4291,13135,2450,1425,14241,2985,1420,13433,5386,3615,15209,4194,1219,14329,4900,287,14157,3540,3460,13498,2773,2758,13992,2601,-689,14358,2827,1039,13651,4006,2595,14231,3242,148,14286,4242,-854,14198,4945,1578,13709,3111,1476,12825,2163,-624,12980,2443,1547,13429,3132,4216,13966,5325,387,13838,4680,-1376,13611,4227,3603,13012,3908,3383,13950,2316,1662,12846,2737,3341,13609,3127,3259,13998,3707,1142,14488,4663,3,14709,5207,3423,14397,4237,3323,13973,2509,-24,13664,2583,1318,14288,3619,2599,14258,3662,37,13947,3219,-435,13955,4521,2078,14334,4331,1382,13611,3406,-916,13297,2204,1098,12652,3129,2731,13689,2687,878,13327,3668,948,13580,4186,2605,13589,5091,1793,13814,3894,632,13631,2515,2970,12632,2713,4585,14022,2484,1689,14073,4269,986,14400,5059,3386,14364,4835,1967,14541,4595,241,14596,3270,2835,13614,2993,3012,13640,2783,-323,14975,2729,1083,12871,3796,1899,14529,3731,-744,13448,4646,479,14934,3187,601
13716,3671,-978,14067,3350,790,13418,4077,2269,13628,2388,837,12982,2492,-41,13436,3296,1925,13745,4352,2922,13497,4514,-568,14050,4647,1228,13358,4832,4639,13615,2488,1525,12876,2292,1561,13920,2836,3425,13625,3923,2898,14227,4050,768,14568,4466,1301,14381,5233,3470,14251,3026,1260,13634,2437,-90,13774,3168,2521,14383,3532,2299,13991,3792,-1090,14422,3753,33,13988,5086,2205,14131,3498,-37,13387,2750,-325,12837,2861,2699,13478,2613,1940,13010,3511,-266,14053,4060,1609,13240,5895,2326,14226,3675,1725,12783,2870,1347,13440,2520,4086,13099,3315,3744,14327,2999,108,13684,4324,2168,15030,5082,3416,14453,4977,1139,14396,3137,962,13694,3299,3047,13824,2792,2134,14259,3055,-718,13956,3751,1047,14342,4338,1964,14085,3974,21,13868,3463,-431,13405,3386,2114,13138,2491,1684,13124,2031,-436,13013,3436,1593,14016,4605,3155,13530,4771,-186,14014,3942,691,13223,4065,4285,13731,2653,2914,12899,2911,1470,14309,2976,2374,13440,4647,3503,14770,3953,939,14227,4832,772,14617,4460,3369,13869,3243,2237,13643,2411,-235
14653,4577,3435,13911,2866,167,13783,2510,364,13886,3768,2815,14421,3070,955,13594,3286,-646,14168,4263,1794,14446,4745,1343,13728,3664,-1174,13239,2177,922,12756,3004,2904,13684,2491,955,13065,3816,22,13909,4294,2702,13425,5481,2268,14104,3905,521,13323,2877,2990,12980,2751,4037,13906,2707,1856,13757,3602,536,13860,4151,3392,14290,4915,3148,14906,4825,-89,14477,3831,1903,13521,3047,3215,13629,2262,-173,14121,2893,371,14057,4101,2240,14299,4116,1017,13892,3689,-955,14053,3810,285,13489,3838,2384,13254,1984,650,12811,2263,275,13540,3695,2697,13780,4437,2257,13530,4439,-600,13835,4401,1690,13534,4693,4524,13823,2379,1910,12891,2188,1723,13558,3373,2953,14399,4470,2696,14385,4669,963,14421,4082,1514,13999,4346,3472,14461,2861,1122,13725,2928,-625,13867,3104,2684,13951,3198,1972,14273,3662,-1088,14307,4387,946,14207,4470,1849,13420,3209,-227,13468,2288,-14,12912,3313,2757,13683,2899,2189,13146,3720,-221,13893,4353,1403,13360,5390,2832,13827,3277,1806,13044,2670,1658,13430,2925,4341,13441,3122,2783
13709,2714,2771,12336,3110,5214,14663,2101,510,13397,4153,1581,14319,4983,3071,14480,4938,1280,14826,4175,2134,14279,3720,2467,13413,2837,1683,13783,2204,193,14505,3690,213,13932,4368,2377,13969,3332,525,13901,3654,-992,14074,4547,1400,13534,3168,1889,13027,2190,-697,12847,2362,2089,13700,3369,3983,13273,5037,-1105,14448,4752,323,13504,4824,3727,13575,2990,3116,13063,2359,2329,13920,2307,1667,13215,4454,3714,14510,3823,1449,14021,4691,-263,14686,4781,4342,14373,3841,3212,13798,2160,-962,13672,2551,1141,14151,3767,2383,14023,3144,247,13983,3429,345,14259,4812,1479,14377,4527,857,13273,2928,-592,13366,2059,830,12583,3121,3702,13968,3216,1519,13308,4390,-655,13693,4421,2109,13420,5251,2390,14089,3302,1083,13033,2184,3871,12788,2465,4055,14050,2959,818,14326,4407,489,14163,5297,3094,14579,4465,3165,14429,3559,344,14184,2583,1590,13759,3311,2546,14203,2820,-500,14159,3298,70,13800,4485,2985,14566,4460,1226,14230,3908,-1475,13176,2820,505,12864,2852,2423,13374,2561,494,13215,3176,831,13396,4264,3362
13128,2968,-527,13666,3911,2193,13171,4452,2807,13916,4061,-395,13652,4503,1984,13554,4018,4563,13480,2375,2142,13363,2540,1144,13995,3732,3242,14041,4777,3172,14732,4132,386,14369,4631,1471,14328,4487,3458,14119,2787,1598,13801,2491,-288,13836,3269,2044,14200,3460,1978,13965,3798,-1256,14129,3962,459,13922,4897,2549,13566,2456,381,12904,1798,104,13083,3484,2120,14028,4130,1934,13433,4122,26,13465,3834,1160,13310,5242,3887,14415,3557,2494,13018,2648,1097,13320,2480,3602,13539,3656,2936,14675,4096,467,14132,4609,2114,14310,4765,3471,14356,4032,1154,14105,2707,433,13515,2830,2432,13935,2556,1721,14271,3045,-603,14112,4205,519,14004,5365,2015,14588,3974,-41,13240,2817,-385,13002,2441,2701,13186,2917,1927,13553,3224,-652,13426,4065,1722,13134,4794,2973,13939,4155,1011,13627,4091,1687,13602,2930,3893,12997,2733,2966,13657,2899,608,14484,3989,2458,13603,5244,3894,15008,3823,951,14087,4103,523,14248,3439,3039,14046,2776,1915,14001,2753,-886,14208,3364,1562,13826,4704,2345,14456,4071,-564,13868,3886,-419
14624,3593,-683,13760,4275,-316,13767,3385,386,13308,3007,2485,13022,1441,1372,12920,3597,-504,13443,4248,3616,13743,4294,1258,13567,4600,-1482,14143,3941,4362,13185,3665,3491,13408,2113,1605,13697,2957,2981,13527,4520,2556,14550,4199,2101,14723,4547,412,14353,4869,2341,14269,3162,3647,13788,2451,-587,13940,2711,728,14069,3851,3262,13920,3246,-368,14005,3617,-550,14151,4677,1742,14055,3730,940,13021,2721,-392,13498,2014,1412,12596,3669,3447,14607,4035,556,12516,4913,457,14795,3101,3058,11440,5128,736,15494,2882,2447,13019,3430,3858,13546,2439,3152,12881,3633,2463,15176,4087,-386,14268,5904,3944,14603,4028,2501,14060,2688,-746,13596,2032,3457,13920,3769,1651,14567,3730,-291,13859,3628,891,14325,4248,833,14076,4098,866,13785,3100,-721,13421,3279,745,12818,3569,3611,13596,2567,422,12787,3772,-155,14195,4404,3062,13603,5096,1718,13490,3648,372,13487,2850,3505,13027,3502,4073,14048,2448,2283,13710,3309,827,13755,4750,2499,14924,4696,2927,14420,4627,192,14213,3240,2346,13744,3371,3684,14210,2520,-433
13864,2752,3816,13957,3039,456,14274,3192,-624,13664,4148,2339,14498,4220,1435,14075,3598,-643,13835,3453,310,13151,3486,2177,13371,2481,816,12983,2649,-530,13431,3988,2894,13532,4207,3497,13527,4519,-917,13868,4188,1854,13006,3951,4188,13836,1614,2072,12752,3024,1928,14878,3636,2991,13393,5329,2945,15064,3873,286,13820,4773,1444,14588,3831,4048,14237,2952,1211,13846,2279,-747,13540,3282,2362,14232,4016,1515,14581,4337,-1201,14365,4007,853,13516,3936,2127,13428,2127,-468,12982,2607,-191,12946,3241,2767,13718,4248,2403,13390,4169,399,14022,3921,1049,12894,5150,2649,14198,2808,1485,12969,2494,2092,13249,2843,4258,13946,3586,3119,14219,4311,227,14526,4858,1674,14337,5413,3376,14333,3347,1594,13836,1848,1295,13581,3215,2238,14651,3599,1129,13757,3610,-205,14156,3806,475,14132,4964,2138,14194,3523,357,13291,2417,-856,12871,2911,2128,13393,2605,2125,12959,3444,-126,13885,3635,2706,13376,5817,2331,14570,4063,155,13046,3391,1322,13300,2699,3742,13029,3265,4251,14253,3172,901,13742,4120,2102,14481,4811,2846
14586,3312,1661,13537,5433,3440,15066,3521,1573,13992,4901,469,14607,3454,2695,13309,2650,2984,13833,2290,-208,14466,3159,63,14006,4806,2256,14212,3853,-28,13918,3811,-856,13900,4165,2191,13500,3090,2048,13015,2145,-423,13317,2943,572,13721,4584,2963,13899,4214,1165,13014,3586,-128,13649,4205,3432,13507,4015,3477,13383,2068,1307,12978,2560,2583,13900,4273,3701,14688,4563,1951,14501,4249,325,13931,4492,2708,14524,3907,3080,14217,2768,186,14044,2502,942,13806,3354,2913,14205,3639,207,14380,4167,-1063,13784,4547,2191,13998,3989,1600,13150,2622,-725,13085,2245,1307,12939,3073,2790,13504,3116,1091,13440,4662,-379,13970,4336,2881,13518,5115,2998,13973,2860,494,12922,2362,3037,13367,3314,4327,14455,3541,1180,14007,4430,588,14365,4254,3222,13977,5042,2609,14982,3908,-154,13701,3069,1750,13682,2739,3230,13809,3010,229,14366,3227,-291,13884,4717,1729,14541,4106,740,13477,3223,-711,13501,2492,1014,13303,3688,2783,13672,2207,646,12948,3537,-550,14053,4907,2758,13797,4463,2922,12997,3923,-207,13826,3317,3054
13788,3827,-556,13509,4228,2300,13423,4073,4101,13473,2066,2808,12968,2963,916,14274,3334,2871,13471,4837,3528,14898,3789,421,14335,5031,1651,14538,4307,3482,13824,2534,1293,13628,2092,-196,14320,3640,1959,14176,4103,2306,14253,3509,-1063,13932,4102,471,14131,4902,2316,13601,2958,89,12848,2151,-113,13346,2912,2334,13283,3866,2557,13392,3730,-161,13626,4446,453,13604,5036,4071,13822,3023,2158,13066,2425,1434,13508,3212,3704,13897,3820,2769,13874,3687,522,14479,4306,1558,14554,5880,3608,14621,3610,1378,13530,2508,276,13818,3172,2284,14524,3621,2007,13893,2974,-611,13960,3521,501,13985,4822,2235,14280,3902,156,13232,2923,-789,13050,2533,2222,13504,2501,2290,12896,3316,-384,13854,3849,2021,13191,5595,2835,14512,4345,659,13177,3792,1642,13518,2757,3667,13128,2942,3882,14032,3198,665,14250,3831,2067,13719,4982,3810,14914,4506,830,14494,4217,596,13734,2999,3466,13331,2272,2061,14186,2989,-482,14427,3558,1211,13739,4078,2098,14160,3644,-347,14476,4642,-684,13826,4290,2107,13073,2097,1433,12897,2157,-453
14065,3748,2130,13113,2037,-70,12952,2260,78,13336,3831,3291,13724,3788,1765,13186,4214,-841,14027,4963,2812,13877,4486,3925,13571,2554,621,12823,1983,2669,13536,3212,4226,14423,3935,2037,14053,4998,542,14848,4927,2488,14073,4723,2888,14232,2921,589,13893,2696,1290,13739,2885,3010,13922,2620,1099,14145,3842,-1593,14500,5116,1281,14085,4465,2001,13417,3030,-922,13557,2478,898,12844,2995,3033,13325,2116,442,13084,3926,-177,14409,4604,2830,13321,5713,2219,13751,3567,369,13385,2701,2393,13170,3203,4195,13803,2858,2232,13732,3231,672,13802,4678,3343,14875,5127,2835,14306,4661,-390,14377,3199,1891,13399,2830,3699,13673,1919,621,14304,3021,-17,14145,4691,1828,14505,4427,683,13803,3864,-659,13792,3447,885,13315,3495,2831,13452,2142,1001,13032,2316,-476,13413,4089,2233,14042,4821,2674,13491,4975,-873,14101,3830,2737,12860,4219,4413,13957,1799,1319,12697,2704,1986,14226,3387,3039,13626,4754,3202,14906,4317,408,14291,4978,1322,14416,4128,3446,13965,2613,982,13774,2287,-139,14100,3387,3143,14155,3701,1772
13632,2705,1645,14070,3360,2488,14198,3441,-431,14367,4115,-21,13974,4873,2386,14148,3432,242,13323,2714,-950,13211,2474,2233,13135,2659,2612,13112,2808,68,13980,4803,569,13853,5734,2655,13710,3968,1441,12968,2728,1280,13479,3007,3878,13367,2901,4017,13595,2725,574,13934,3367,1198,14248,5809,3557,15128,4613,1672,14164,4018,482,13855,2766,3165,13704,2661,2179,14185,2992,-844,14289,3102,1040,13891,4645,2338,14472,4239,60,14004,4158,-551,13612,3538,1539,13013,2399,1810,13156,2118,15,13213,3156,1092,13417,4346,3582,13761,4654,276,13881,4953,-442,13875,3837,4337,12635,2575,3278,13469,1762,1451,13791,3320,2525,13851,4133,3112,14045,4711,1347,14826,4887,376,14589,5054,3554,13780,3070,3274,13687,2106,-653,14027,2713,936,14305,3987,3030,13861,3810,-270,14086,3768,-539,14258,4951,1922,14121,3879,1227,13088,1913,-655,13038,1774,1354,13165,3890,2937,13947,3477,715,13240,4461,119,13961,5174,2265,13820,4944,2797,13276,2289,1406,12850,1681,2897,13405,3710,4130,14583,4111,1220,13791,3930,867,14150,4954,3240
13727,3364,55,14340,4655,2144,14341,5470,3466,14973,4371,778,14113,3420,1427,13556,2406,3907,13476,2069,289,14393,3257,-753,14235,4453,2395,14304,4436,1400,14188,3962,-484,13955,3755,118,12971,3155,2422,13328,1751,811,13282,3124,-475,13619,3924,3197,13393,4255,2389,13511,4549,-1127,13966,4037,1904,13071,4217,4361,13731,1936,2614,12801,2306,1785,14148,3482,2782,14131,5011,2555,14365,4340,223,14395,4606,1544,14738,4554,3892,14001,2434,1828,12937,1603,-246,14176,3369,1850,14818,4829,1553,14171,3763,-884,13786,3765,908,14072,4807,1708,13952,3030,333,12895,2115,-123,13310,2674,1764,13137,3599,4050,13990,3318,32,12881,5070,-1439,13870,4924,4491,14070,3802,1848,13361,2337,1687,12859,2763,4822,13955,3025,2544,14218,4533,636,14327,4818,755,14302,5248,3674,14463,3590,2973,14255,2848,46,13435,2903,2405,13769,2406,1864,14386,3761,-1249,14365,4014,1195,13918,4642,2307,13922,3156,-268,13802,3474,-743,13699,3623,2084,12816,2282,2083,12755,2123,552,14032,4567,1058,13996,5928,2465,13717,4090,801,13073,3366,553
[row took 87875us]
13592,4384,1222,13754,4175,-60,13514,3996,3691,13144,2906,3764,13258,2376,1262,13843,3364,2208,14066,4598,3499,14149,4382,1457,14640,4187,399,14131,4014,2889,13964,3023,3389,13869,2392,51,14147,3061,270,14162,4229,2603,14317,3777,40,14131,4197,-887,14024,4498,2064,13827,3106,1921,12707,1761,-411,13381,2265,957,13221,4878,2579,14103,3894,1175,13087,3928,138,13751,4163,2767,13485,4243,3665,13508,2573,1070,12852,2238,2319,13550,3628,4159,14632,4055,1593,14125,4408,596,14319,4582,3115,14377,4229,2548,14368,3054,448,13824,2657,1762,13993,3370,2526,14277,3203,347,14261,3508,-539,13885,4814,1725,14342,4357,1437,13657,2909,-647,12934,1983,1278,12751,3179,2912,13969,3248,284,13262,3887,-11,13488,4042,2859,13394,4767,2261,14157,3768,897,13367,2950,3167,12742,2557,3833,13790,2855,1430,14490,4046,1033,14153,4897,3466,14383,4470,2792,14561,4155,-39,14307,3339,2019,13479,3179,3422,14129,2386,-53,14049,3288,-93,14120,4001,2377,13928,4251,764,14361,3978,-1040,13971,3429,1109,12752,2698,2441,13253,1871,483
13107,3120,2348,13147,2437,1176,13414,2883,-199,13522,4403,2178,13471,4364,2712,13546,3844,-455,13552,3940,1749,13480,4043,4547,13559,2553,2352,13064,2646,1139,13931,3769,3068,14236,4826,3124,14655,4371,389,14368,4162,1788,14018,4137,3450,14190,2617,1399,13798,2619,-225,13976,3420,1933,14195,3701,2096,14088,4035,-1072,14304,4125,414,13870,4675,2251,13482,2213,142,12706,1916,-4,13207,3350,2493,14066,4479,2180,13479,3815,-20,13526,3872,1171,13264,4891,3488,14267,3393,2267,12915,2729,1289,13339,2420,3786,13557,4112,3147,14938,3963,397,13478,4813,1660,15514,3844,4894,13544,3755,445,13919,3073,-1116,13501,2945,4669,14399,3254,644,14255,3046,154,14178,4299,720,14355,4581,1434,14177,3146,471,12825,2501,-1368,13570,2999,3276,13721,3128,3017,13081,3846,-1463,13367,3742,1746,13620,5330,2703,13928,3704,533,13262,3162,2533,13263,2985,3794,13248,2768,3718,14119,3137,729,13712,4221,981,14681,4927,4038,14918,4168,1419,14050,3416,537,13816,3258,3670,14171,2729,1301,14000,3529,-779,14427,3247,1539,13714,4396,1682
14469,3105,251,13840,4672,2392,14276,3486,46,13430,3407,-691,13648,3831,1936,13591,3338,1700,13122,3446,-700,13314,3379,2202,13865,3776,3424,12155,3864,-664,14428,4616,1165,14083,4282,3987,13242,1896,3362,11888,3007,1576,15512,3104,1733,13656,5868,4225,14543,3328,1096,13618,4214,-33,14930,3823,4221,14027,3852,2511,13709,2736,-896,14246,3283,1034,14215,4281,2374,14255,3346,147,13520,3489,-1094,14059,3759,2305,13749,3897,1743,13240,2463,-1316,13012,2535,1188,13419,4321,2957,13988,3992,1062,13175,3855,267,13341,4451,2600,14092,4177,3658,13327,2709,1098,13116,2059,2865,13618,3971,3767,14702,4025,1328,13652,4720,915,14746,4406,3049,14253,4117,2721,13869,2005,793,13901,2821,571,14345,4331,2256,14167,3411,874,13871,3664,-873,14280,4193,2101,14040,3610,1737,13271,2961,-1325,13428,2637,1485,13251,3769,2525,13452,2961,448,13278,3231,1214,13726,4637,2785,13795,4811,2175,13402,3266,1145,13117,2667,2459,13278,3406,4802,14521,3509,1690,13848,3589,572,13856,4805,3525,14455,4531,2349,14606,3436,380,13785,2963,2597
14109,3787,493,14028,2641,1535,13889,3856,2816,14378,2890,820,13943,3093,-159,13925,3813,1367,14450,4345,1317,14070,3598,-1151,13398,3233,326,13389,3687,2776,13588,2900,917,12986,3072,240,13800,3928,2406,12636,5649,1487,15184,2303,1213,11703,4287,1073,14196,3068,3098,13085,3276,4357,13902,3300,-565,14235,3519,3883,13795,4719,2798,14776,4133,-49,14660,4245,2740,13673,3768,2456,14227,2555,1357,14212,3048,89,14060,4297,1115,13915,3530,2085,14263,3701,-1114,14080,3571,33,13450,3746,2702,13263,2542,-319,13346,3391,-321,13476,3672,3604,13874,4247,2194,12436,4033,20,15052,2126,2196,11167,5841,1678,16066,2416,2395,12010,4059,2839,14473,2703,2784,12623,4261,4017,15607,3457,-992,13618,4991,2350,14762,4353,3864,13650,3420,464,14235,2212,1987,13948,3737,1939,14393,3275,81,13799,3819,-330,14610,4060,550,13625,4118,2420,13480,2557,386,13420,2671,-766,13272,4327,2052,13927,3788,1406,12864,3403,344,13854,3242,2252,12811,5168,2448,14355,3004,1365,13003,3484,1384,13629,3104,3773,13350,3178,3897,14237,3101,629
13189,3003,3054,13977,3351,996,14317,4057,1760,13844,4740,3968,14625,3838,1866,14179,4215,47,14540,3767,2816,13882,3244,1840,13675,2499,-331,14462,3501,1329,13987,4829,2058,14078,3071,365,13312,3375,-989,14238,3835,1653,13486,3692,2211,13126,2227,-34,13021,2921,1165,13536,4750,3020,13956,4047,1063,13247,3880,441,13691,3767,3636,13325,3545,3444,13549,2776,1204,13959,3332,1985,13577,3993,3779,13992,3860,1596,14635,4070,614,14444,4725,2868,14095,3577,2504,13913,3029,-279,14266,3103,740,13990,4044,2908,14114,3043,-95,13825,3349,-944,14034,4257,2130,13887,3727,981,13111,2719,-867,13443,2786,1814,13374,3989,3015,13484,3679,289,13514,3860,-405,13791,4292,3120,13464,3906,3280,13399,2999,1046,13508,3197,3057,13659,3912,3656,13892,3155,1047,13783,3526,917,14690,4741,3772,14603,4823,2640,14076,3492,-398,13857,2893,1849,14229,3415,2758,14280,3241,317,13985,2987,-161,13919,4143,1827,14161,4069,1286,13852,3545,-1129,13495,3110,1238,12999,3656,2996,13645,2193,127,12875,3680,157,13975,4038,3101,13315,4490,1770
14167,3777,2560,12910,4098,3256,13725,3469,-248,13433,4046,1755,13592,3478,4384,13420,2925,1778,13665,3234,1004,14008,3915,3359,13769,4496,3418,14539,3932,439,14123,4403,1166,14368,4094,3804,14120,2885,1241,14212,2919,-818,13799,4146,2902,14346,1827,2635,12743,4625,-3242,15892,3512,1273,13217,4954,3130,13304,1890,-423,12779,2925,908,13901,3418,1940,13261,4080,2900,13154,3726,-895,13974,4078,927,13233,4728,5482,14053,2975,1311,12728,3282,725,14290,3326,4136,13534,3947,2645,14067,3210,365,14392,4119,2283,14738,5365,3661,14236,3829,670,13737,2522,-17,13695,3444,2652,14712,3448,2007,14021,3648,-654,14043,3421,331,13659,4156,2382,14118,3635,-227,13626,3121,-323,13258,3421,2640,13450,3028,1367,13100,2861,-48,13479,4098,1638,13573,4605,3327,13633,3657,1642,13458,3680,1085,13505,3575,3570,13434,3042,3067,13642,3333,1040,14505,4009,2471,14085,5084,3825,14607,3797,962,13817,3459,-32,14269,3707,3412,14109,3654,2047,14139,2641,-497,13618,2994,1676,14368,4229,1442,14149,4084,-661,13735,3444,-84,13454,3708,2000
13886,3736,-587,13771,3871,1970,13453,3548,1574,13368,2708,-445,13379,2784,1007,13064,3917,3094,13890,3434,1105,13155,4573,-574,14210,4202,3388,13025,3944,3622,13624,2247,821,13414,3185,2724,14037,4013,3467,14123,3367,1499,13838,3945,560,14732,4856,3094,14323,4585,3096,14083,3128,-119,13801,2840,996,14186,3804,2700,14160,2951,657,13714,3032,-577,14039,4322,1464,14202,4147,1809,13438,3427,-1109,13593,2868,966,13017,3669,3001,13619,2419,498,12992,3783,241,13977,4294,2896,13320,4838,2368,13732,3347,1006,13311,3212,2570,13463,3620,4027,13662,3199,1836,14251,3533,501,13541,4716,3516,14468,3954,3366,14211,4181,109,14647,3454,2026,13707,3895,2812,14283,2605,-206,14050,3132,340,13941,3941,1990,14176,4053,1248,13904,3588,-664,13810,3910,627,13406,3957,2293,13615,2433,328,12753,2506,178,13578,3728,2902,13749,4404,1802,13491,4229,-642,13701,3592,2890,12970,4015,3839,14236,2541,1886,12913,3277,1638,14176,3542,2980,13467,4208,2748,14742,3746,351,14224,4860,2470,14544,3936,3395,14018,3171,464,14212,2965,-245
14401,3833,1851,14204,3345,228,13836,3731,1350,14137,3410,2339,14116,3100,-222,14048,3315,7,13761,4397,2432,14139,3110,299,13031,3256,-739,13640,2963,2258,13147,3701,2171,13758,2639,-82,13174,3780,854,13640,4455,3355,13790,4022,1545,13393,3580,1144,13795,3360,3805,13231,3872,3566,14059,3190,569,14028,3647,1621,13497,4430,4020,14564,3556,1844,14322,4233,282,14401,3880,3019,13684,3029,2157,14005,2770,-1111,14622,3341,1438,13708,4398,2140,14024,2903,81,13804,3932,-617,14220,4318,1753,13429,3191,2044,12901,2399,-649,13563,3040,1293,13469,4743,3083,13913,4089,731,13023,3793,283,13558,3965,3836,13453,3702,3382,13737,2679,1367,13486,2890,2340,13674,4033,2875,14279,3742,1543,14247,4040,876,14412,4776,3430,14126,3964,2975,14181,2782,-442,13998,3516,730,14399,3824,2583,13905,3148,556,14040,3350,-160,14057,4612,1925,13943,3676,1033,13058,2354,-673,13659,3207,930,13387,4641,2808,13556,2037,1437,12648,3335,-67,13733,4637,2542,13518,4510,3117,13747,3072,843,13503,3051,2799,13473,3821,3964,14455,3282,1241
13391,3040,5079,13755,3150,2384,14269,3610,35,14230,4511,2646,14145,4587,3196,14584,3926,964,14081,3432,1608,13911,3428,3430,14184,3175,534,14173,3294,-1369,13888,3705,2280,14039,3869,2183,14186,3563,-846,13780,3651,418,13309,3475,1813,13196,2649,466,13376,2983,-126,13519,3987,2583,13570,4026,2919,13611,3698,-735,13654,4035,1378,13561,4596,4258,13801,2641,2243,13023,3047,1613,14053,3528,3177,13924,4539,2684,14340,3716,215,14134,4076,1855,14197,4363,3864,14140,2980,1381,13891,2936,-214,14066,3519,1681,14173,3527,1813,13953,3291,-824,14119,3882,926,13982,4825,2466,13780,2849,-16,12937,2455,-297,13322,3449,2326,13934,4028,2014,13206,3561,18,13445,3334,1534,13262,4969,3463,14155,3650,1545,13066,3225,1504,13385,2784,3809,13674,3612,2927,14263,3735,546,14167,3828,2041,14078,4693,3548,14556,4030,1039,14236,3537,661,13871,3662,3108,14294,3198,1292,14158,3309,-835,14204,3052,1195,13686,4722,2113,14570,3708,-35,13397,3044,-340,13133,2746,2382,13360,3105,1612,13653,3603,-759,13540,3625,1716,12808,4286,3312
13244,3760,784,13447,3970,3285,13477,3908,1242,13756,4103,99,13634,4031,3837,13207,3174,3706,13574,2559,813,13785,3537,1963,14094,4331,3916,14109,4100,1764,14478,4168,457,14300,4405,2696,14038,3714,2883,14197,2506,-223,13802,2959,576,14007,3723,3046,14286,3531,326,14167,3944,-991,13900,4668,1783,13903,3247,1678,12926,2148,-496,13398,2470,1064,13252,4420,2828,13855,3599,1075,13085,3852,-103,13793,4546,2810,13641,4416,3632,13669,2887,1151,13154,2618,2250,13409,3670,3903,14438,3570,1635,14028,4250,673,14415,4685,3213,14332,4395,2617,14263,3175,-18,14061,2861,1336,13911,3394,2564,14176,2724,615,13908,3275,-437,14006,4713,1605,14296,4760,1311,13761,3093,-1017,13055,2243,1157,12956,3513,3086,13936,3371,390,13093,3579,134,13279,4042,2878,13689,4957,2204,14004,3964,888,13231,2915,2895,12893,2765,3838,13914,2957,1724,14286,3825,993,13899,4631,3522,14501,4533,2731,14491,4486,-44,14381,3539,1966,13616,3389,3165,14161,2419,93,14056,3072,23,14068,3932,2337,14086,4168,994,14260,4022,-1163,13949,3638,754
14038,3672,-1384,13920,3316,592,13212,3847,2061,13282,2598,1287,13274,2820,-175,13265,4269,1867,13711,4078,3248,13559,4308,-444,13572,4302,1136,13518,3556,4706,13308,2549,2262,13411,2095,1484,13880,3339,3309,14054,4190,2558,14552,4507,367,14224,5070,1550,14471,4076,3785,13906,2664,1876,13923,2613,-748,14015,3339,1966,14076,3754,1949,14256,3944,-967,14232,4367,721,13830,4289,2304,13510,2388,384,13276,2585,-1078,13295,2762,2527,13280,4038,3220,13463,4124,-305,13956,3873,1342,12635,4309,2859,13998,3195,1213,13394,3555,2413,13846,2956,3853,13087,3335,3377,14513,3908,422,14465,4759,1193,14300,5061,3863,14434,3473,1218,13971,2954,722,14023,2822,2832,13834,2871,1176,14099,3235,-992,14143,3823,802,14142,4948,2092,13989,3146,-120,13012,3101,-489,13994,3162,2004,12952,3672,1845,13504,2624,1030,13288,3355,1514,12890,5106,1090,14806,5074,1900,13637,3827,976,13487,1560,4245,11980,3277,4206,15224,2827,334,13634,5023,2694,13912,4288,2618,14336,4646,1007,14758,3878,1979,13948,3482,2636,13271,2548,1929,14301,2677,-445
13883,2664,3620,14294,2784,-454,14222,3058,-143,13392,4473,2804,14643,4212,238,14289,4333,-873,13796,3484,1763,13159,2713,1556,13125,2255,-288,13390,2960,1324,12829,3939,3544,13676,3642,1465,13957,5052,-1245,14168,4171,2907,12550,3323,3361,13744,1670,1399,13256,3571,3131,14158,4110,3716,13887,4148,1224,14620,4171,-310,14556,5453,2801,14372,3905,3342,13945,1923,412,13477,2171,1052,14165,4007,2379,14066,3484,482,14364,4428,-1427,14237,4839,1632,13829,3266,1940,13396,2581,-1041,13186,2317,1196,12899,2881,3198,13575,3326,759,13698,4517,-8,14086,5288,1911,13676,4367,2889,13082,2349,1352,13338,2788,2494,13400,3710,4859,13858,3133,1672,13820,3829,309,14338,5224,2851,14749,4792,2762,14129,3655,692,13973,2475,1834,13713,3071,3124,14000,2377,641,14177,3171,-817,14027,4821,1488,14769,4425,1314,13640,3605,-1120,13472,3022,1004,13488,3072,2884,13193,2243,741,12990,3243,-177,14194,4729,2499,12877,6276,1879,15054,2089,1091,11263,4170,947,15021,2000,4265,12554,3320,3528,14044,2666,-394,13629,4137,4416,14730,4790,1941
14344,3733,2640,14159,5262,2839,14393,4424,-149,14261,4333,1639,14389,4358,3894,14061,2607,1695,13507,2216,-22,13984,3486,1697,14417,4275,1764,14448,4342,-862,14364,4266,-72,13570,3891,2516,13218,1816,704,13174,2464,-604,13404,3198,2547,13340,3815,2143,13531,4033,-289,13867,4317,1350,13237,5133,2935,14089,2686,2592,12724,3154,1439,13861,2725,3509,13225,3738,3882,14434,3285,25,13954,5052,1733,14965,5073,4001,14221,3885,1288,14049,2411,777,13156,2569,2655,14260,3223,1656,14521,4116,-353,14109,4135,480,13890,4278,1949,14073,3511,-35,13574,3031,-654,13275,2565,2682,13109,2517,2147,13264,3251,-534,14159,4042,959,13334,5348,2623,13822,3408,802,13280,3675,1116,13732,3267,4160,13037,2884,3456,13596,2728,919,14171,3742,1710,13907,5403,3450,14748,4154,1668,14089,4092,667,14233,3752,3374,13790,2859,2266,13753,2335,-889,14158,2953,1594,14253,4781,1884,14593,4024,88,13754,2942,-248,13572,3876,1804,13740,3194,1803,13175,2499,-349,13041,3031,1609,13501,4164,2749,13903,4359,477,13533,4295,122,13721,3904,3779
13237,4297,-290,14050,4926,2062,13509,4534,3926,13361,2266,1189,13211,2373,2191,13577,4104,4204,14265,3998,1568,13788,3826,639,14330,4473,2947,14566,5001,3244,14222,3155,516,13512,1978,955,13543,3473,3041,14892,3792,911,13934,3946,-910,13816,3648,1694,14388,4454,1580,14299,4124,-829,13343,2735,486,12797,2793,2533,13419,2436,1017,13037,2970,300,14348,5308,2150,13379,5263,1733,13671,3019,252,13144,3195,2758,13516,3340,4579,13419,2715,2482,13643,3482,375,14048,4214,2738,14017,5252,3116,14780,3886,734,14325,3670,2085,13866,3367,3355,13912,2667,660,14184,3373,-415,14334,4060,2145,14169,3982,1785,13882,3497,-978,13880,3198,561,13273,3624,2392,13726,2434,336,13071,2583,-180,13282,4255,2273,13997,4115,2306,13309,3932,190,13839,3823,1236,13074,4213,3900,13603,2085,2266,13188,2707,1048,14132,3737,3558,13669,4457,2953,14419,4133,585,14361,4670,1859,14008,4458,3037,14220,2952,1747,14078,2663,339,13810,4023,2120,14745,3058,3355,13377,2806,-1268,14246,3972,-1485,13998,4944,3621,14594,2746,-229,12480,2159,151
14016,3467,513,13712,3458,-686,13763,3256,1972,13281,3339,2529,13387,2409,-375,13110,3816,150,14034,4889,3755,13466,4743,1186,13587,3604,320,13528,3705,4035,13288,3237,3053,13329,2291,1364,13658,3155,1373,13916,4514,4054,14486,4452,2334,14266,4388,-256,14448,4250,2539,14144,3328,2958,13754,2589,-491,14212,2969,1080,14026,4308,3010,14357,3659,-200,14005,3913,-1099,14014,4163,1584,13750,3732,1752,13212,2374,-255,13065,2310,969,13175,3785,2597,13508,3325,1377,13516,4680,-660,14279,4733,2501,13030,3962,3979,13467,2152,704,13175,2732,2831,13805,4025,3931,14088,3567,1459,14095,4080,748,14643,5144,2844,14366,4618,3192,14133,3165,277,13852,2467,1072,13614,3500,3176,14525,3061,680,14004,3903,-696,14027,4097,1742,13972,4076,1670,13715,3379,-1202,13703,2785,1120,12721,3535,2806,13749,1792,823,12793,3891,-144,14787,4334,2714,13071,5376,2182,13825,3411,49,13560,3588,3062,13335,3429,3946,13599,2519,2183,13601,3158,779,14055,4336,2988,14525,4712,2965,14331,4270,-62,14274,3556,1942,13934,3470,3644,13786,2475,126
14458,4590,4116,13998,3303,1826,13698,2475,-970,14007,3258,1757,14352,3648,2327,13999,3421,-589,14022,3633,562,14176,4830,2079,13977,3647,280,13105,2387,-627,13213,2706,1880,13385,3773,2688,13542,3364,319,13505,3967,877,13720,5652,2688,14262,4078,2180,12741,2813,1355,13344,2256,3594,13334,4201,3634,14594,3402,536,13370,3517,1671,14365,4616,3233,14713,4887,1587,14528,3698,888,13603,2993,2322,13728,2828,1788,14370,3180,156,14268,3610,194,14008,4671,2212,14110,3714,519,13763,3736,-1048,13754,3592,1949,13043,2874,2063,13228,2146,-145,13377,3507,1165,13510,4705,2716,13722,4058,1486,13422,4127,316,13972,3973,3593,12914,3251,3783,13643,1809,1008,13410,3547,1669,14541,4884,3581,14388,4472,2095,14266,3879,101,14281,4172,2798,14332,3712,3037,13974,2886,-847,13948,2696,1169,13692,3939,2870,14544,3279,-348,13933,3802,-493,14010,4231,1589,13745,3517,1677,13149,2569,-454,13215,2476,1102,13217,4062,3235,13793,3351,847,13239,3899,-144,13696,4935,2634,14077,4239,3661,13329,2760,1294,13411,2206,2704,13282,4024,3622
13396,3424,1745,13631,3581,5173,13734,2801,2305,13839,3165,413,13668,4574,1948,14597,4538,3418,14325,3960,2098,14348,3411,705,13816,4032,2406,14023,2569,997,14122,2935,-889,13922,3701,2066,14228,4265,2251,13955,3424,-813,13688,3567,-300,13720,4349,1872,13640,2469,1048,12565,2228,740,13670,3568,2257,13656,5292,2270,13782,3650,72,13160,3910,1116,13424,4092,4384,14001,3020,2958,13287,2532,1032,13789,3357,2560,13827,4587,2877,14754,4198,795,14212,4600,1780,14341,4400,3640,14176,2891,1118,13874,2863,-861,14057,3421,1982,13999,3470,2180,14170,3474,-460,14123,4031,596,13916,4819,1641,13648,2852,183,13053,3202,-745,13635,2993,2726,12897,3449,3726,13585,3073,-415,13407,4378,516,13502,5346,3464,14182,3482,1736,13043,2898,1696,13733,2757,4294,13415,3789,2674,14427,3640,195,13861,4589,1603,14580,4861,3971,14464,4117,1722,14283,2697,114,13596,3525,2504,14441,3090,1351,13965,3151,-802,13973,3267,1527,13877,4725,2315,14663,4080,-330,13160,3281,-919,13154,2749,1978,13251,3182,2181,13603,3145,-56,13353,3229,2029
13512,2591,-208,13183,3485,686,13218,3844,3585,13702,4023,1202,13779,4549,128,13860,4246,3519,13155,3473,3710,13472,2406,1192,13673,3144,1892,14041,4209,3931,14309,3873,1723,14313,4540,236,14626,4754,2375,14219,3841,3092,14045,2470,-50,13865,2392,363,13826,3740,2785,14115,3427,343,14044,4125,-996,14109,4946,1686,13755,3505,1740,12990,2157,-303,13148,2351,951,13214,4332,2772,13710,3483,1625,13107,3832,-176,13857,4670,2602,13887,4899,3774,13778,2784,926,12983,2547,2113,13448,3516,4042,14524,3558,2054,13840,4162,636,14469,4655,2718,14454,4922,2636,14459,3472,19,14005,2684,1286,13662,3262,2619,14197,2376,757,13742,3369,-723,14121,4717,1318,14356,4942,1456,13746,3333,-941,13144,2189,1046,12977,3256,2984,13804,3166,591,13081,3607,150,13422,4082,2744,13578,5323,2567,14311,4343,810,13484,3122,2574,12785,2631,3860,13693,2577,1645,14135,3637,1174,13971,4591,3619,14411,4655,2584,14795,4559,-231,14385,3958,1550,13845,3486,3306,13875,2318,259,13740,2696,45,14038,3840,2441,14141,4648,905,14464,4195,-1297
14438,3886,973,14471,4712,-721,13719,3300,-1010,13284,3425,3043,13505,1903,2372,12837,3187,-1404,13414,3878,2281,13493,4064,3547,13343,4405,-1232,14053,3998,1983,13529,4414,4588,13517,2356,1999,13047,2630,2001,14066,3641,2472,13674,4408,3010,14884,4014,1254,14339,4921,647,14674,4224,3818,13652,2513,1730,13657,2309,-1035,14271,3354,2878,14263,3581,1553,13705,3593,-1455,14337,4006,766,14113,5168,1723,13530,3059,865,12818,2535,-3,13232,2393,2388,13541,3650,3000,12711,5004,-521,15092,2569,1964,11550,5387,2447,15506,3236,1213,12885,3765,3358,13432,2880,2601,13106,2660,4079,14435,3422,133,14261,5391,1627,15294,5276,4280,13835,3472,35,13750,1747,1212,13910,3498,2684,14749,4433,541,13725,3166,619,13902,3021,269,14068,5160,1124,14424,3174,503,12738,2610,-878,13047,3158,2659,13649,3222,2476,13179,3770,-884,13782,3610,1661,13403,5075,2978,13915,4437,980,13675,3255,1860,13020,3169,3829,13406,2663,3358,13931,2905,1150,14208,3783,1090,14158,5140,3604,14840,5025,1458,14322,3939,276,13720,3031,3834,13747,2616,1638
14313,2772,3290,13644,2977,2807,14182,2848,-1113,14051,3230,524,14104,4731,2521,14264,3903,366,13903,3558,-498,13824,3931,1566,13346,3595,2084,13352,1998,-551,12836,3135,597,13628,3734,4446,13688,4612,1445,13739,4353,-739,13521,4035,3779,12968,2992,3459,13337,2352,1729,13915,3090,2538,13828,4083,3278,13980,4029,1712,13900,4054,458,15358,5446,2141,14421,3589,3459,13577,1700,-457,13821,2460,302,14585,4787,2947,14433,4151,112,13911,3888,-788,14181,4049,1805,13780,3441,1043,13027,2254,-670,12672,1912,1020,12607,3816,3213,14224,3910,1608,13290,4671,-127,13767,4552,2162,13697,4313,2864,13420,3749,1842,14351,365,3970,11530,3692,2954,15624,3016,868,13987,5790,1552,14548,5231,1829,14235,3971,3822,14490,3288,532,14189,3043,1803,13794,4003,1922,13622,2515,-134,13693,2929,976,14191,4734,1752,14357,4208,920,13307,2808,-900,13720,2807,188,13025,3382,2733,13313,2261,1373,12950,3179,1162,14030,5261,2776,13999,5637,1182,13549,3403,463,13278,2717,2331,13215,3511,4644,14003,3113,2560,13859,3270,586,14003,4998,2518
[row took 88042us]
14331,2663,773,13776,4386,2422,14376,4592,2520,14340,5000,582,14642,3581,1315,13375,3306,3602,13751,1879,1723,14086,3052,-1201,14227,3617,1361,14072,4300,1780,14148,3767,-1085,14224,4012,597,13631,3894,2432,13069,2173,672,13080,2594,-641,13610,3798,2425,13661,4562,3123,13083,3717,-337,13878,4094,1437,13576,4691,4236,13556,2363,2203,12586,2302,1660,14132,3138,3355,14030,4590,3477,14548,3962,337,14077,4339,1042,14656,4747,3628,14372,3593,1809,14048,2585,-302,13637,3000,2362,14096,3380,1962,14174,4210,-1350,14140,3917,704,13774,4471,2475,13412,2996,506,13027,2329,-234,13331,2699,2254,13118,3257,2864,13309,4066,-500,13875,4002,1374,13696,5616,3599,14092,3157,1655,12724,2473,1263,13858,2910,3773,13746,4182,3169,14528,3786,290,13979,4367,1633,14423,5273,3803,14788,4228,944,13897,2971,308,13469,2520,2615,13807,2970,1836,14317,3056,-419,14017,3767,345,14206,4840,1815,14200,3839,-1,13263,2795,-428,13088,2941,2561,13286,2912,2432,13291,2744,-616,13629,4014,981,13423,4995,3602,13859,4475,996,13679,3933,1210
13818,4354,833,13430,4296,970,13945,3949,3416,13145,2901,4365,13329,2534,1263,14040,2747,1211,13375,4564,3950,14852,3969,2005,14422,4875,297,14706,4035,2539,13620,3182,2824,13893,2313,-119,14145,3048,548,13763,4118,2826,14273,3502,671,14007,3949,-1043,14290,4569,1476,13530,3730,1807,13032,2130,-178,13271,2178,866,13081,3997,3312,13793,3617,1200,13264,4585,-1009,14192,4647,3195,13307,4275,3850,13694,2126,1378,12880,2761,2274,13938,3571,3499,13870,3640,1930,14432,4317,122,14559,5324,2731,14436,4230,3336,14079,2765,41,14046,2878,656,14190,3907,2948,13933,2715,593,13873,3286,-809,14100,4643,1670,14454,4341,1703,13266,3130,-973,13271,2346,703,13033,3525,3292,13421,2907,1161,13000,3476,331,13646,4889,2035,14137,5068,2615,13488,3405,1148,13173,2493,2305,13222,3347,4725,14398,3283,1947,13644,3279,629,14183,4599,3084,14568,5417,2670,14906,4247,329,13589,2851,1540,13543,2808,3031,14211,3267,895,14354,3365,-675,13584,3627,1997,14079,3985,1360,14566,4571,-1362,13975,3868,762,12857,2932,2396,12986,1900,632
13552,3769,2851,13432,2388,955,12872,2576,-779,13373,3066,2377,13322,4531,2905,13760,3953,-226,13564,4257,1746,13826,4491,4209,13717,2936,2013,12757,2583,1376,14082,3115,3227,14070,4525,3710,14553,4388,744,14310,4233,1066,14139,4414,3207,14225,2984,1924,13765,2885,-128,14152,2812,2408,13795,3314,2378,14202,3565,-1601,14267,4302,-70,13942,4610,2526,13756,2937,580,13170,2727,-140,13463,3020,2080,13150,3248,1884,13203,3386,224,13984,4487,784,13894,5577,3122,13772,3230,2659,12748,2543,504,13833,2956,3688,13520,3847,3540,13955,2607,594,13611,4241,1953,14999,5175,3381,14513,4477,1379,14056,3310,174,13649,2948,2550,13875,2916,2513,14412,3317,-378,14118,3674,240,14052,4607,1805,14004,3554,324,13501,3320,-530,13568,3148,2420,13270,3185,2558,13085,2155,-1014,13348,3677,905,13684,4955,3537,13761,4426,655,13409,3617,1586,13619,3435,3883,13360,3296,2925,13440,2663,1096,14052,2852,1721,13243,5149,4341,15469,4389,1619,14132,4922,-141,14302,3370,2961,13552,3112,2313,14316,2911,-759,14279,3011,1706,13610,4016,2524
14212,2776,194,13789,3676,3195,14033,3178,689,14130,3824,-884,14057,4277,1574,13775,4113,1615,13418,2947,-764,13457,2434,789,12790,3160,3158,13691,2853,1688,13550,4551,-505,14134,4946,1694,13234,4292,3878,13424,2597,1151,13732,2772,2422,13404,3759,4192,14055,2836,1604,13464,3853,464,14856,4827,2480,14267,5250,3578,14442,3268,603,13741,2884,714,13964,3585,2699,14210,3024,790,13720,2687,-362,13935,3955,1732,14565,4565,1687,13894,3730,-956,13585,3066,130,13087,3568,2920,13804,2135,1139,12458,3172,-181,13985,3854,2727,13472,5534,2154,13917,3915,204,13268,3133,2660,13190,3407,4001,13999,2686,2511,13527,3309,686,14058,3706,2855,14035,5022,3421,14849,4382,337,14250,3788,1595,13949,3495,3520,13984,2865,303,14257,3051,-337,14001,3828,2321,14074,3607,1566,14010,3526,-714,14117,4108,210,13586,3793,2114,13165,2281,615,13179,2543,-53,13462,3804,2469,13388,3846,2707,13317,3844,-603,13992,4991,1044,13740,4811,4591,13199,1815,2105,12833,2083,1714,14323,4069,3244,14136,4305,2733,13607,3738,647,14665,4272,1666
14945,3443,588,13792,4509,1037,14511,4595,3672,14357,4031,2371,14146,3052,414,13743,3020,1834,13959,3301,1699,14322,2987,26,14013,3651,386,14341,4504,2218,14005,3974,199,13507,3190,-777,13300,3065,2046,13349,3654,2007,13156,2408,725,12926,3057,937,13647,5015,2255,13949,4389,1776,13292,3519,744,13705,3546,3598,13229,3345,4040,13801,2588,1368,13934,3544,1350,13751,4765,3115,14606,4035,2244,14425,4344,372,14848,3991,2713,13368,2864,2880,14015,2562,-873,14450,3974,629,13977,4336,2350,13758,3009,411,13808,3577,-777,14135,4542,1416,13346,3588,2390,13254,1767,-588,12999,3496,653,13819,3144,5023,13365,3706,-154,13268,4305,-1832,14124,4689,5108,13342,4900,3276,14033,1360,1773,12913,2739,2335,13890,4042,3289,14678,4568,1998,13895,4508,-181,14602,4240,3693,14157,3812,4075,14394,3170,-1277,13418,2329,641,13888,3699,2833,14216,3506,8,14015,3571,71,13779,3965,1864,14056,3856,1046,13721,3811,-1035,13621,2881,657,12348,2698,4053,13701,2603,903,13700,4777,-478,13912,4295,2909,12778,4626,2189,14203,3150,1285
13405,5285,2181,14126,4017,488,13258,3206,2459,13115,2452,4386,13430,2721,2719,14270,3678,562,14204,4444,2274,14375,4856,2910,14656,4079,233,14205,3457,1695,13796,3370,3639,13954,2601,414,13914,3191,-728,14240,3824,1735,13950,4760,1841,14382,4031,-479,13778,3230,174,12790,3080,2382,13548,2232,795,13141,3266,-347,13715,3386,2740,13023,4326,3015,14131,4263,-260,13793,4490,1430,13280,4021,4204,13401,2530,2320,13528,2764,1485,14001,3850,3530,13915,4459,2870,14631,4180,323,14514,4325,1135,14008,4271,3511,14296,2623,1760,14013,2672,-580,13939,3239,2078,13988,3509,1804,14153,3824,-1389,14102,4247,649,13998,4495,2302,13082,2642,326,13182,2167,-47,13136,3851,2294,13682,4122,2345,13402,3604,154,13638,3869,1156,13448,5148,3730,14107,3340,2076,13032,2463,1160,13602,2680,3864,13686,3894,3222,14497,3863,334,14103,4450,1859,14409,4867,3199,14289,3954,1108,14079,2704,608,13699,3279,2532,14107,3011,1853,14024,3176,-626,14166,3834,489,13969,5141,2094,14346,3425,26,12966,2608,-379,13202,2692,2768,13397,3423,2154
13335,2407,1886,12955,3650,2706,13839,3134,-158,13198,3842,829,13446,4605,3242,13907,4538,1727,13774,3629,1341,13303,2561,3383,12872,3055,3613,14020,3052,847,14285,4116,1630,13953,5184,3996,14894,4017,1587,14011,4220,-22,14447,3070,2499,13771,3280,2336,14150,2492,-496,14106,2993,899,13788,4647,2515,14610,4180,13,14065,3912,-1014,13340,2963,1357,12936,2928,2312,13403,2761,-80,13311,3390,808,13149,4357,3503,13705,4341,830,13803,4219,154,13736,3949,3877,13180,2747,3455,13394,2532,1194,13847,3194,1973,14241,4761,3794,13272,5145,1924,15927,2783,1838,12910,5197,752,16192,2754,2442,12300,3624,1083,15037,2125,-606,12998,4295,4255,14871,3377,-346,13892,4322,-726,14426,4347,1453,12891,2773,581,13178,1735,1046,13289,3054,1119,13638,4405,2107,13101,3237,2288,13591,4410,-1057,14302,5066,2443,13364,3871,4410,13245,2117,692,13234,3185,3055,13852,4147,3697,13967,3695,1288,14182,4149,920,14952,4776,2597,14193,4396,3104,14115,2347,-84,13802,3029,607,14008,3727,3328,14191,2821,459,13554,3159,-835,14338,4100,1850
14123,3907,-484,14376,4483,1120,13711,3999,2105,13262,2582,-517,13375,2799,75,12983,3720,2804,13503,2678,1630,12868,3910,280,14211,4913,2026,13806,5308,2726,13615,2758,1144,12965,2021,2161,13319,3487,4917,14305,3111,2476,13832,3666,252,13984,4709,2410,14743,5401,2611,14715,4015,899,13762,2366,1651,13564,3333,2893,14308,2959,501,13915,3355,-738,14074,4035,1467,14388,4508,1797,13967,3632,-449,13430,2660,533,13222,3326,2052,13734,2490,360,12761,2974,264,13705,3756,2590,13504,5261,2695,13979,4660,261,13663,3668,1936,13062,3278,4118,13384,2077,2567,13508,3097,1129,14574,4313,3093,13908,4896,2909,14900,4365,-28,14387,4075,1170,13931,2722,4005,13673,2605,948,14362,3050,-753,13783,3797,2726,14221,3912,1206,14216,4061,-1510,14008,4088,1202,13554,3769,1988,13148,2252,404,13064,2178,-217,13267,4124,2489,13840,3877,3431,13016,4496,-768,14368,4248,1545,13028,4302,4724,13797,1730,1136,12494,2503,1996,14590,3490,3696,13728,4770,2591,14352,4087,430,13960,4370,2015,15186,5248,3201,14492,3112,862,13200,1537,-205
14050,3086,1820,13567,2474,24,14321,3401,1972,14292,3929,2108,14074,3112,-859,14070,3774,-208,14180,5035,2007,13705,3400,1040,12920,2626,-563,13289,2347,2156,12912,3691,3050,14129,3320,-473,12673,5181,380,15112,3332,4636,12029,4184,668,14113,2401,629,13070,3538,5555,13586,4203,1820,14434,3010,1661,13871,4338,1118,14561,5103,3604,15047,4365,2302,13667,3169,-994,13701,3077,3678,14288,3054,2650,14072,3578,-1832,14038,2849,984,13870,4536,1866,14403,3667,-622,13553,3057,37,13099,3184,2233,13081,3318,2117,13528,2588,24,13299,4019,680,13776,4689,3083,13654,4607,943,13748,3686,1374,13388,3534,4264,13287,2628,3499,13397,3337,471,14589,3107,1777,13268,5007,3741,14950,3617,1403,14124,4493,955,14332,3611,3231,13377,2909,2407,14119,2754,-527,14522,3480,486,13867,4147,2574,14011,3552,-105,14164,3841,-898,14024,4321,2480,13565,3072,1772,13176,2408,-978,13601,3365,1037,13352,4353,3293,13735,3470,781,12844,3895,-228,14049,4279,3839,13165,3845,3466,13524,2001,982,13127,3092,2669,14010,4436,3497,14355,3965,1693
13539,4252,3964,14808,4288,1956,13514,4303,747,14485,3880,2831,14437,4793,3029,14688,3171,718,13440,2296,396,13852,3508,1875,14652,3738,1665,14231,4089,-652,13889,3793,1407,13903,3531,1791,13636,3459,-1043,13716,2680,732,12634,3272,3152,13395,2554,1162,13325,4018,-120,14162,4584,2166,13359,5009,2567,13791,2939,1036,13166,2820,2625,13358,3220,4235,14034,3455,2267,13904,3597,405,14104,4584,3000,14629,4800,3241,14559,4170,202,14236,2841,1698,13341,3086,3067,14061,2778,12,14429,3701,-304,14103,4085,2138,13846,3654,1347,13964,3554,-925,14167,3586,317,12804,3435,2265,13323,1897,957,12984,3067,-14,14212,4216,2722,13259,4980,1719,13850,3739,-669,13554,4087,2779,13150,3823,4403,13295,1894,2549,13357,3315,784,14259,4022,3097,13674,4671,2981,14507,3674,188,14603,4471,2191,14342,4168,3502,13867,2144,946,13717,2483,-142,14338,4145,2253,14321,4186,2148,14099,3348,-1210,13965,3784,488,13986,4576,2359,13620,2886,-105,12824,2337,235,13488,3353,2671,13462,3872,2209,13442,3852,-295,13618,4275,742,13455,4824,3924
13483,3374,990,13280,5003,2960,14015,4021,2058,13105,3027,703,13559,2518,3313,13388,3676,3677,14227,3479,976,14143,4231,1860,14191,4825,3333,14476,4244,1596,14234,3333,435,14150,3014,2627,14190,3305,2126,13602,4121,-295,14805,1622,1487,12383,5438,488,16354,3081,453,12486,4669,337,13753,1849,868,12315,3748,3506,14093,2157,-991,12944,3675,1477,13493,4289,2917,13851,4733,-142,13832,3901,2140,13463,3655,3394,13276,2892,2715,13520,2977,1721,14288,3161,1073,13436,4598,3866,14661,3634,1826,14399,4925,428,14503,4324,3003,13939,2840,2309,13605,2450,-366,14514,3072,838,13814,4524,2643,14492,3437,-15,13477,3188,-883,13825,4056,1767,14126,3654,1635,13445,2527,-388,13161,2828,498,13298,3750,3070,13517,3626,1541,13195,3810,-371,13871,4684,3451,13665,4506,3576,13540,2599,358,13014,2612,2544,13671,3913,4032,14435,3760,2130,13739,4391,824,14636,4214,2899,14199,4594,2575,14386,3089,51,13915,3100,1481,13920,3307,3119,14084,2972,713,14126,3504,-1120,14156,4303,1479,13982,3944,1678,13423,3497,-982,13869,2889,1305
13911,4064,-384,13841,3609,-277,13388,3335,2722,13052,2315,1294,12891,2531,-481,13977,4101,2227,13302,5021,3056,13956,3714,-169,13331,3827,1944,13689,3361,3983,13442,2729,2451,13186,2924,969,14317,3425,2728,13477,4876,3372,15171,3975,346,14217,4886,1109,14584,4001,3417,13734,2937,1551,13889,2583,-670,14152,3253,2311,13972,3964,2022,14207,3584,-1567,14016,4017,387,13747,4469,2199,13508,2559,658,13009,2212,188,13254,2840,1992,13284,3827,3066,13408,3843,-234,13872,4473,619,13503,4764,4451,13649,2931,2017,13350,2612,1272,13773,3394,3519,13764,4289,2987,14467,3686,866,13836,4007,1635,14440,4923,3623,14418,4178,1462,14233,2524,-155,13543,2909,2084,14164,2919,2352,13891,3372,-339,14306,3239,111,13666,4885,2078,14206,3786,44,13693,3163,-907,13234,3014,2530,13180,2653,2503,13196,2743,-72,13943,4384,1154,13636,5288,2819,13700,3902,1113,13341,3091,1253,13660,3312,3951,13318,3363,3713,13866,2635,575,13761,3482,1739,14188,4798,3791,14706,4545,1356,14397,3988,262,14009,3378,3126,13722,2967,1962,14098,3217,-967
14060,3386,3452,13967,2678,-201,14108,2893,278,13816,3860,2989,14270,3636,353,14118,3828,-927,14201,4485,1438,13565,3621,1879,13200,2036,-83,12943,2807,472,13629,4116,2946,13620,3832,2023,13285,3607,-278,13825,4986,1980,13628,4381,4215,13389,2027,1274,13064,2442,2199,13808,3933,3709,14501,3663,1983,13457,4070,661,14786,4174,2438,14462,5051,3469,14653,3381,596,13666,2539,653,13625,3324,2296,14611,3197,1276,13877,3884,-754,14366,3661,1388,13934,4706,1572,14058,3293,-957,13298,2541,781,12608,3090,2829,13441,2469,1369,13097,3748,20,14081,4499,1927,13315,4978,2657,13653,3262,551,13537,3078,2421,13359,3414,4582,13819,2993,2365,14131,3262,569,13533,4178,2650,14487,4438,3156,14816,4999,547,14651,3781,1488,13497,2900,3811,13716,2349,187,14476,3325,-591,14042,4207,2319,14027,3589,1337,13807,3613,-600,14085,3883,273,13166,3684,2555,13316,2072,621,13229,2900,-328,13637,3588,2882,13357,4128,2405,13549,4026,-581,13756,4201,2018,13380,4748,4091,13803,2573,2206,12831,2497,1747,14029,3703,2919,14300,4530,2810
13781,2747,3117,13366,4188,2998,14528,4035,508,14515,4597,1165,14375,4906,3946,14330,3348,2059,13911,2666,-305,14056,3256,1819,14048,3630,2075,14037,2849,-115,14074,3485,409,14006,5209,2064,14680,3944,295,12915,2601,-1147,13035,2405,1962,13096,3918,2859,13895,3232,457,12958,3503,1034,13489,4610,2542,13982,4730,1480,13839,3610,1247,13273,2521,3774,12927,3041,4034,14250,3125,873,14285,4045,1330,13784,4931,3366,14872,4219,1739,14309,4070,426,14041,3184,2941,13804,3027,2431,14095,2760,-780,14211,2949,634,13598,4436,2433,14600,4096,473,14177,4060,-802,13328,2904,1515,12841,2750,2412,13502,2666,-182,13404,3463,973,13102,4171,3490,13909,3879,881,13673,4474,-86,13749,4163,3605,13245,3249,3833,13346,2439,1256,13834,3047,2223,14032,4312,3636,14481,3973,1384,14355,4568,372,14461,4375,2755,13966,3437,3152,14094,2355,48,13878,2866,308,14061,3759,2716,14171,3333,141,13995,3923,-869,14070,5070,1979,13955,3488,1638,12695,2086,-378,13189,2238,1127,13416,4341,2730,13751,3477,1350,13262,3602,76,13668,4613,2745
12799,3785,23,13666,3870,1870,13460,5062,3536,14287,3562,1410,13069,2733,1464,13223,3309,3932,14098,3682,2594,14246,3913,692,14003,4447,2590,14431,4716,2979,14499,3879,98,14028,2849,941,13666,3464,2725,14338,2738,1131,13848,3170,-368,14082,3925,1111,14171,5110,1527,14334,3715,-774,13093,2519,260,12884,2818,3009,13688,3180,1133,13369,3518,-222,13430,3855,2375,13395,4821,2649,14086,4295,607,13599,3745,2218,12970,3023,4090,13436,2749,2185,13858,3425,811,14228,4128,3120,13910,4675,3298,14854,4308,284,14473,4215,824,13953,3637,3450,13989,2461,1041,13893,2716,-378,14146,3300,2232,13940,4090,1756,14373,4185,-1189,14192,3967,-35,13005,3621,2305,13238,1958,1221,13037,3049,-171,13546,4036,2159,13352,4055,2945,13441,3910,-131,13743,4322,1436,13519,4426,4480,13610,2273,2187,12958,2669,1108,14010,3240,3330,14075,4416,3353,14560,3965,440,14456,4393,1582,14371,4655,3244,14344,2804,1325,13764,2782,-174,13953,3345,2246,14025,3364,2298,14084,3437,-1034,14188,4076,176,14152,4963,2066,13613,2707,171,12706,1934,146
13667,3635,615,12900,2680,-653,13264,2993,1761,13243,4085,2722,13557,2950,1105,13336,3751,292,13798,5287,2378,14152,4108,2937,12964,3080,947,13664,2286,3360,13217,3828,4070,14698,2926,596,13306,4329,955,14740,4924,3391,14387,4512,2187,14330,3109,746,13939,3546,1429,14076,3258,1613,14013,2838,235,13943,3502,85,14134,4797,2270,14451,3592,1008,13110,3245,-1185,13841,3345,938,13090,3376,2530,13171,3124,663,13553,3907,1303,13328,4370,3397,13622,2856,1079,12615,4378,-485,14990,3717,3908,12799,3864,4708,13891,2112,853,13791,3651,1701,14478,4979,3248,14434,4525,1990,14218,3899,-8,14313,3658,2717,14122,3159,3519,13976,2714,-1356,14184,2659,14,13670,4369,2843,14482,3791,98,13749,3803,-684,13809,3673,1803,13366,3556,1437,13251,2673,-527,13092,2640,1226,13197,4118,3887,13938,3834,1598,13742,4599,-505,14024,4077,3151,12988,3210,3316,13577,2914,1630,14000,3541,2632,13881,3661,3987,13534,3584,1630,14875,4491,-421,14614,5172,2752,14025,3535,3516,13870,2682,139,14245,3212,603,14173,3438,2529,13657,2943,112
13858,3202,1149,13578,2732,3487,14142,3746,-1264,14476,4980,158,13920,4357,2742,13412,2735,-1082,13186,2474,46,13100,3202,3490,13181,2138,2435,12996,3954,116,14629,5408,815,13538,5355,3253,13568,2726,1177,13239,2790,2046,13648,4221,4788,14085,3222,2411,13425,3218,171,14591,4534,1816,14615,5485,3434,14612,3589,608,13615,2493,524,13815,3151,3290,14282,3242,899,13684,2695,-646,13981,4098,1307,14571,4856,1510,13801,3826,-520,13693,3149,-273,12922,3853,2304,13530,1733,1846,12813,3206,-31,14260,4199,2344,13146,5345,2763,14143,3719,45,13055,3641,1815,13542,3264,4222,13543,2552,3166,13418,2816,827,14040,3797,2858,14256,5174,3028,14876,4639,140,14192,4127,1491,13967,3773,3405,14228,2221,1157,13563,2842,-281,14165,3040,1585,14025,4210,1811,14754,3979,-894,13947,4447,-298,13459,3991,2595,13524,2468,673,12979,2411,-96,12980,3054,2898,13808,4067,2526,12463,4833,-67,15530,2619,2087,10892,5850,1569,16330,1644,2907,12020,4071,2422,14576,2458,1892,12562,4427,5057,15259,3471,-664,13957,5699,1606,15136,4577,3783
14141,4046,382,14449,5340,3201,14616,4215,2133,13965,2839,212,13678,2506,1966,13906,3472,2447,14246,3221,-204,14238,3692,-827,14019,5008,1816,13808,3298,1399,13272,2778,-625,13661,3139,1860,13060,3309,2677,13303,2753,-277,13479,4295,368,14010,4931,3689,13200,4725,1989,13613,3084,1083,13523,3076,3135,13213,3521,3720,13895,2347,1707,13676,3081,1195,14152,5160,3907,15151,5362,2166,14366,4581,-620,13980,2785,2796,13354,2765,2881,14495,2845,-430,14351,3207,987,13435,4087,1728,14426,3998,7,14220,4624,-1142,13747,3524,1343,12995,2821,2970,13262,2196,-37,13172,3395,280,13480,4041,3139,13638,3592,1218,13277,4489,-210,14383,4495,3440,13048,3586,3981,13545,2057,1067,13558,3430,1754,14322,4213,3619,13663,4172,2313,14608,4352,376,14561,5157,2348,14382,3833,3116,13665,2201,-66,13863,2121,190,14146,3979,3090,14206,3698,637,13848,3619,-1067,14109,4341,1437,13856,4257,1657,13448,2623,-506,12954,2164,1130,13065,3770,3085,13944,3507,1535,13259,4220,-138,14124,4775,2024,13424,4633,3659,13474,2785,1132,13345,2552,2437
13832,3507,1725,13109,2794,1392,13401,3158,4614,13826,3726,2640,13992,3149,610,13713,4041,2268,14711,5155,3035,15043,4707,907,13869,3124,741,13522,3072,3007,14168,3057,2017,14359,3317,-708,13665,2917,1043,13704,3988,1813,14617,4540,-857,14051,4090,-151,13220,2985,2435,12977,2508,1461,12674,1983,284,14116,3565,2404,13704,5513,2248,13544,3943,-439,13549,3754,1510,13586,4403,4242,13811,2981,3278,12926,2991,1120,14210,2764,2421,13381,4956,3331,15266,3953,688,14090,4776,1419,14271,4103,3693,13841,3105,1804,13982,2719,-642,14245,3084,1568,13738,3711,2116,14233,3350,-568,14140,3833,-9,13569,4797,2306,13912,3161,709,13153,2637,-605,13223,3404,1528,13575,3670,3019,13230,3069,879,13630,4034,452,13658,5490,3057,13851,3425,2628,13179,2834,621,13791,2947,3415,13309,3772,3830,14216,2936,949,13957,4422,1147,14611,5351,2958,14511,4463,1950,14219,3017,700,14077,3179,1855,13525,4239,2591,14941,1147,760,12196,3883,-1730,16077,4341,1980,13063,5267,1845,13941,2315,-1669,12610,3351,3068,14209,3015,1948,12647,3067,-46
13383,3765,2898,13537,2392,400,12459,2682,-400,13745,3731,3386,13461,4455,2329,13875,3823,-401,13518,4082,3350,13510,4067,3259,13789,2628,1636,13261,3163,1739,14174,3440,3552,13612,4277,3212,14944,4076,-201,14382,4820,1590,14368,4136,3105,13909,3030,404,14034,2716,523,13815,3406,3306,13853,3127,648,14112,3579,-1796,14188,4259,1117,13771,4467,1964,13499,3007,-62,13264,2451,734,13050,3558,2645,13387,2637,1932,13180,3856,-413,14518,4644,1434,13271,5055,4109,13773,2910,1151,13345,3214,1833,13595,3952,4239,13762,3036,2083,13490,3119,683,14616,4501,2404,14494,5254,3370,14332,3645,717,13901,2985,644,13686,3698,3277,14502,2713,1338,13638,2942,-719,14084,3474,1047,14280,4634,2022,13933,3811,-694,13608,3356,87,13354,3900,2845,13632,2326,1372,12309,2862,-451,14199,3591,2391,13153,5320,2814,14063,3571,26,13172,3912,2171,13684,3938,3788,13797,3125,2682,13234,2928,748,14142,3002,2784,13752,4838,3497,15066,4168,397,14076,4427,1036,14187,3924,3509,14083,3043,1081,13981,3027,-599,13960,2874,2226,13893,3625,1554
[row took 87959us]
14464,3535,1503,14188,3518,3097,13479,2582,-223,13833,3216,-359,14296,4889,1960,13866,3963,829,13122,2616,-868,13538,2831,1396,12981,3984,2845,13601,2483,752,12859,3532,595,13993,4931,2624,13890,4658,2735,13200,2594,973,13353,2652,2775,13783,4323,4115,14400,3425,1094,13392,2899,1289,14236,4547,3335,14963,5130,2024,14445,4235,430,13717,3319,1901,13786,3610,2292,14070,2768,871,13944,2423,30,13643,3994,1611,14407,3582,975,13659,3881,-1364,13860,3730,1331,13343,3888,2690,13547,2457,270,13079,2621,596,13227,4138,2582,13815,4091,2046,13598,3980,343,13813,4216,2745,13315,3936,3977,14105,2668,1448,13162,3116,1223,14219,3717,3529,13694,4379,2912,14706,3797,202,13918,4162,2127,14280,3843,3243,14335,3287,-280,14082,2914,250,13622,3275,3048,14055,3085,401,14116,4037,-834,14276,4377,1416,13464,4234,1705,13528,2643,-121,13431,2732,547,13211,3602,2923,13644,3021,1639,13125,3364,-188,13745,4665,1959,13702,4661,3982,13578,3007,1215,13481,3033,1964,13467,3802,4219,14148,3122,1691,13321,3703,871,14753,4328,2739
14061,3047,806,13547,3648,1929,14405,4474,3723,14624,4125,2182,14501,4058,-84,14054,4109,2028,13883,2999,2064,14258,2718,-496,13969,3051,1384,13873,3990,2277,13994,3205,-539,13764,3742,-756,13917,4591,1821,13687,3266,1807,12487,2209,629,13490,2473,1621,13043,4963,2217,14273,3659,756,13013,3851,827,13646,3900,4066,13783,3718,3131,13729,3107,948,13695,3465,2341,13687,4022,3270,14392,3520,1668,14046,3977,1199,14490,4472,3114,14283,3664,1741,14058,3340,-1121,13931,2999,2007,13942,3358,2719,14194,3052,-267,13997,3501,46,13602,4413,1362,13848,3459,702,13570,3492,-680,13610,2948,2210,12689,3552,3923,13731,2876,-332,13252,3982,26,13553,4587,3596,13884,3803,2685,13373,3261,1163,14002,3004,3419,12968,4093,3185,14570,3165,454,13892,4280,1421,14403,4217,4049,14238,3904,2255,14327,3292,-515,14196,3779,1651,14233,3813,2197,13992,2670,-375,13818,2637,692,13846,4316,2524,14264,4037,174,13452,3550,-1258,13415,3083,1415,13359,3781,2661,13544,3086,219,13199,2906,1083,13198,4092,3028,13853,4245,1138,13722,4351,886
13211,4080,2376,13932,4056,-19,13695,4357,2699,13354,3735,3795,13745,2758,1707,13476,3132,1247,14237,3726,3688,13830,3877,2975,14409,3843,123,14506,4413,1702,14233,4334,3200,14381,2856,618,13693,3086,-328,14157,3271,2587,13826,3253,1551,13986,3529,-1153,14054,4393,935,13949,4312,2025,13254,2531,126,13331,2623,252,13268,4173,2406,13665,3463,2544,12810,3185,37,13613,3717,1788,13547,5110,4043,14188,3084,1429,12953,3131,1306,13831,3419,3888,14050,3887,2958,14123,3546,734,14142,3693,2202,14323,4781,3094,14681,3840,552,14301,3335,296,13758,3586,2531,14245,2695,1684,13740,3006,-705,14065,3565,876,13808,4796,1946,13986,3267,-414,13173,2686,-28,13242,3446,2767,13674,3490,1351,13045,3315,-152,13546,3301,2177,13047,4713,3243,14226,3812,1307,13546,3706,1509,13607,3200,3739,13453,3382,2622,14065,3381,815,14144,3801,2984,14096,4301,3530,14490,4039,244,14451,3973,511,14054,4133,3144,14011,2878,1248,13801,2713,-414,14022,2932,1750,13703,4192,1600,14304,3813,-696,13768,3566,-186,13220,3554,2487,13556,3001,1502
12444,3564,1002,13671,2334,3740,13337,3502,-844,13947,3436,401,12428,3862,4529,13919,3992,-230,13913,4725,572,14014,4164,4489,12710,3178,2895,13705,2710,1820,14094,3127,1506,13306,4201,3454,14705,3497,2246,14507,4807,-127,14593,4616,3399,13801,3615,2417,14172,2934,-1311,14208,3066,1693,13632,3330,2664,13867,2634,-155,14035,3325,-180,13942,5008,1290,13852,3710,1254,13301,3236,-481,13655,2919,1506,12871,3733,3622,12787,4174,687,14598,1822,1757,12170,5388,1631,14839,4012,1975,13401,3384,3067,13348,3260,1553,13626,3216,4617,14419,3336,1400,13814,4281,475,15004,4835,4153,13796,4137,1235,14290,2256,801,14005,3054,1811,14554,4632,761,13822,2850,1401,14031,2710,-425,13859,4740,1158,14369,3547,1643,13049,3146,-1287,13519,3561,1457,13297,3830,3003,13257,2991,275,13194,2767,994,13449,4415,2856,13598,4996,1915,14050,3370,938,13347,3522,2871,13062,3535,4157,14261,2583,1922,13659,3145,908,14149,4357,3217,14361,4786,2775,14516,3915,-127,14479,3716,2307,14190,4152,2335,14129,2536,-571,13540,2525,665,13579,4374,2162
13743,2639,230,13500,3384,1323,14342,3680,1113,13698,3558,-296,13822,3625,315,13295,4284,2608,13663,2302,277,12520,3319,-553,13808,3125,3914,13335,4373,2789,13579,3775,-334,13570,3861,2622,13336,3965,3469,14110,3067,1998,13767,3472,1455,13893,3625,3282,13416,3569,3630,14739,4887,-156,15267,4789,878,13696,3787,3572,13900,2390,408,14066,2904,-139,14278,3776,2918,13867,3231,1104,13986,3541,-1616,14394,4110,740,13788,4593,1627,13331,2866,401,12953,2526,168,12965,3372,2707,13786,3856,2388,13419,3615,332,13320,3584,1602,13439,4528,3287,14326,3610,1913,13198,3391,1412,13899,3174,3831,13611,3265,3090,13945,3584,369,14485,4133,2399,14365,4782,3055,14567,3761,941,14087,3423,506,14230,3841,1559,14029,2983,2282,13589,2769,-543,14164,3749,545,13913,4460,2632,13651,3082,-838,13431,3295,-529,13427,3749,2856,13284,2817,2072,12450,2448,806,14204,4038,1500,13684,5338,2815,13637,2999,1109,13173,3206,1165,13896,4431,4403,14240,3964,3197,13350,2437,640,13732,3259,2073,14644,5134,3265,15027,4404,881,13789,3469,415
15213,4470,2190,13835,4373,-1046,14430,3453,3863,14097,3627,2921,14505,3272,-2699,13562,2801,1268,13626,3655,2722,13857,3428,-215,13979,3399,-182,13931,4056,1508,13431,3784,1536,13703,3182,-1078,13221,3638,1484,13078,2868,4653,13027,3395,469,13785,3969,552,14088,4874,3719,13691,3917,2429,13127,3027,1275,14288,2801,2616,13603,4089,4417,14403,3446,1114,13721,4352,235,14569,4702,3073,14671,4573,2664,14180,3199,-531,14032,1986,1103,13405,3462,2638,14401,3263,-332,13759,3441,-49,13626,4197,2452,14153,4023,1267,13521,3484,-1153,13583,2716,890,12620,3543,3403,13519,3106,1048,13548,3916,955,13494,4422,3380,13452,3737,2254,13509,3337,765,14193,3822,2547,13481,3920,4083,13858,2279,1774,13890,3635,649,14490,5091,3438,14565,4484,1730,14291,3663,-337,14163,3372,1743,14343,3762,2316,13798,2621,443,13756,2718,-670,13868,4542,1907,14055,3724,1638,13479,3444,-1343,13883,3605,1324,13304,3692,2461,13258,2545,-245,12930,3091,842,13468,3491,4232,13181,4537,1918,14105,3777,355,13945,4135,2556,13343,4415,3355,13850,2634,2090
13406,3849,4435,13556,2782,1929,13780,2771,535,13745,3992,3781,14341,4037,3225,14647,4664,275,14598,4080,1265,13885,4027,2950,14134,2647,808,14140,2850,-287,13565,3293,2519,14084,3411,1851,13829,3833,-1232,14282,4113,505,13521,4424,2193,13542,2807,429,13192,2259,46,13097,3622,2923,13683,3533,2600,13140,3934,-781,14007,4226,1978,13667,4951,3966,13984,2812,1992,12768,2997,1333,14196,3135,3360,13437,3680,3414,14478,3405,194,14373,5029,1664,14454,4597,3449,14198,3504,836,14171,3238,-339,14372,3517,2544,13558,2685,2077,13916,2807,-1133,14075,4085,697,14152,4828,2214,13651,3457,-426,13230,2830,-314,13358,3339,2728,13252,3055,2313,12885,2809,315,13736,4165,1163,13805,5353,3453,13940,3480,1584,13158,3230,1170,13705,3566,4240,13878,3647,2995,13681,2732,813,13961,3727,2301,14629,5511,3358,15037,4415,814,13858,3314,303,13785,3218,2789,14419,3403,1876,14007,3174,-643,13678,2486,1149,13764,4197,2061,14566,4573,-604,13916,3997,-441,13246,3331,2331,12694,2183,1626,13133,2013,420,14014,4484,1771,13527,4572,2546
13002,2704,1197,13319,4453,3493,13865,3651,1229,13235,3844,736,13994,4468,3311,13521,3797,3126,13251,2527,1017,13670,2726,2425,14259,4359,4171,14200,4403,2004,14489,4022,400,14155,4628,2054,14454,3683,3054,13748,3264,196,14174,2389,937,13467,3584,3069,14477,3086,-401,13861,3943,-1128,13984,4099,2063,13913,3810,1464,13218,3223,-310,13562,2520,923,12802,3397,2231,13534,2990,1416,13438,4022,85,14065,4775,2533,13436,4227,3596,13586,3277,331,13767,3283,2319,13430,3869,4054,13860,2722,1768,13412,3859,1141,14967,4581,2867,14028,4714,2602,14491,3536,-223,13968,3170,1550,13773,3434,2976,14159,2767,629,14059,3255,-496,14034,4159,1278,13981,3737,1877,13650,3536,-925,14006,3456,1160,13179,4201,3271,13546,1821,49,12626,3366,-253,14176,4154,3348,13439,4869,2450,13421,3475,462,13809,3770,2783,13225,4178,3657,13809,2241,1867,13374,2558,1022,13736,4148,3863,14863,4410,3264,14306,4431,-514,14349,3552,1363,13948,4124,3262,14392,3074,259,13967,2478,320,13376,3487,2615,14389,3768,546,14159,4033,-1107,13859,3925,967
14329,3714,-840,14100,3753,362,13718,4660,1804,13789,3691,302,13470,2823,-413,12819,2483,2414,13018,3390,3177,13759,3610,-246,13675,4373,603,13336,4449,3728,13769,3491,1931,13731,3383,1377,13699,3144,3559,13324,3217,3161,13919,3391,694,14569,4154,1563,14318,5121,3800,14389,3673,1425,14159,3736,-124,14237,3582,1887,13965,3160,2175,13486,2512,-101,14255,3156,481,14124,4893,2278,13939,3525,-8,13467,3409,-1118,13522,3635,2322,13505,2875,2567,12564,2411,7,13533,3336,1245,13829,5292,3112,13799,4107,1078,13213,3506,960,13837,3760,3860,13660,3539,3666,13444,2520,1021,13832,2992,1788,14062,5248,3702,15016,4362,1649,13914,3875,-72,14342,3805,3009,14206,3522,2009,14050,2625,-784,13655,2710,1352,13794,3826,2318,14309,3599,77,13850,4146,-724,14039,4308,1388,13374,3484,1700,13449,2087,-141,12796,2875,1284,13376,3580,3574,13689,3748,971,13571,4735,-395,14069,4680,3825,13208,3536,3216,13539,2332,1252,13619,3211,2700,13877,3711,3411,13509,3458,1615,14738,4119,546,14507,5394,2903,14459,3827,2854,14003,3211,-412
14584,4942,3209,14438,4008,260,13974,2843,781,13489,3410,2495,14432,2720,1090,13801,3548,-281,14331,3761,1454,13859,4153,1555,13774,3566,-810,13750,3275,372,13426,4066,2525,13291,2285,1816,12643,2514,329,13808,4223,1998,13570,4916,3048,13534,3704,425,13742,3949,2001,13493,3707,4257,13554,2602,2661,13902,3096,824,13864,4068,2761,14312,4210,3177,14733,4236,194,14753,4342,1003,13804,3740,3335,13729,2196,730,14067,3179,-514,14147,4024,2095,13919,3563,1513,13814,3348,-1093,13992,4099,-10,13577,4681,2647,13683,2391,754,12418,3157,-389,13935,1929,4530,13039,3760,1670,13223,3936,-2071,14229,4694,3588,13371,5738,3551,14641,1929,2449,12365,3090,1354,14256,2940,2914,13881,4886,3854,14257,3695,-360,14345,4084,2189,14398,4719,4395,14831,3816,-351,13293,2557,-350,13901,2896,2578,13981,3347,1529,14121,3089,-305,13878,3333,452,13768,4641,1600,14304,4301,-19,13522,3286,-405,12425,2473,3462,13436,2963,2492,13462,3899,-280,13718,3619,1281,12795,5177,2855,14609,3629,2193,13431,3733,1706,13607,2452,3712,13244,3528,2683
13521,2755,3409,13033,3206,3750,14166,3244,1425,14228,3645,1272,14157,4544,3592,14386,4313,1294,14715,3971,-145,14110,3804,2992,13979,3035,1967,13779,2660,-341,13934,2678,564,13762,4545,1961,14359,4427,451,14057,3682,-1060,13218,3436,1707,13164,3113,2450,13505,2702,-201,13053,3056,1192,13016,3534,3510,13687,4010,1519,13893,4503,200,14032,4204,3466,12956,3507,3613,13775,2427,960,13861,3416,2530,13835,4173,3643,14420,3808,1745,14429,4565,-32,14638,4700,2214,14155,3889,3394,14083,2449,-492,13915,2293,829,13649,3487,2827,14171,3262,-244,13784,4049,-804,14309,4312,1563,13260,3856,1815,13430,2434,-338,13171,2790,1024,13239,4027,3188,13388,3131,1408,13555,3997,100,13611,5092,3161,14010,4462,3517,13473,3058,735,13573,2221,2046,13327,4045,4339,14644,3327,1731,14093,3906,655,14282,4543,2893,14422,4630,2084,14518,3507,194,13991,2708,947,13691,3153,2820,14041,2494,679,14045,3549,-1043,13896,4909,1813,14416,4435,1171,13453,3364,-830,13225,2317,1430,12878,3640,2908,13809,3037,774,12915,3308,218,13574,4239,3031
12966,3009,46,13456,3502,2309,13234,5181,2999,14628,3664,932,13157,3524,1955,13348,2828,3844,13626,3178,2708,14290,3583,881,14162,4350,2876,14352,4679,3104,14684,4294,-332,14438,3881,1199,14012,3507,3046,13961,2391,923,13726,2385,20,14073,3713,1410,14002,4841,1560,14397,3814,-1111,13255,3185,48,12993,3242,3125,13465,2692,1163,13017,3054,-57,13349,3324,2687,13369,4604,2698,14030,4379,125,13997,4153,2044,13309,3845,4148,13791,2406,2070,13565,3293,1317,13849,4084,3010,15461,3811,5006,13373,4300,-483,14405,4518,-1451,13940,3936,5959,14350,2582,-344,13950,2692,-31,13364,3316,3113,14381,3137,1143,14130,4665,-835,14049,4304,-1319,13592,3879,3054,13446,1919,2197,13033,3398,-1765,13314,3711,2894,13276,3288,3655,12994,3884,-1563,14171,4955,1819,13818,4978,4672,13454,2497,1857,12975,2472,1872,13922,3507,2900,13735,3622,3279,14662,3700,787,14311,4871,872,14849,4772,3840,14231,3601,842,13858,2635,-975,13833,3357,3219,14210,2912,1651,13719,3159,-1053,14008,3790,966,14153,5138,1296,13825,3601,29,13161,3167,-109
13615,3394,1072,13173,2855,-1258,13101,3057,1788,13039,3615,3542,13326,3221,862,13465,4313,304,14192,4942,3593,13538,3497,2155,13284,2342,843,13496,3422,3720,14032,3895,4144,13982,3187,818,14374,3880,821,14319,5862,2874,14570,3861,2097,14038,3436,185,13911,3242,1772,13924,3024,2776,13671,2682,-888,14113,2979,4,13743,4816,2333,14464,3483,622,13408,3408,-819,13736,3575,951,13089,3578,2611,13196,2247,716,12839,3048,1015,13778,4823,3483,13965,4741,1573,13838,3965,439,13446,3183,3444,12986,3653,3735,14199,2758,1957,13661,3537,1774,14215,4306,3583,14704,4479,1307,14565,3863,-544,13835,3090,3344,14181,3537,2136,14436,3382,-241,13701,2663,1157,13840,4000,1454,14179,3966,58,14214,4012,-427,13549,4236,1682,13276,3441,2145,13276,2252,-386,12884,3327,1122,13339,3184,4234,13355,4180,682,13955,4208,118,13889,4080,4061,13079,3379,3051,13407,2734,1525,14224,3275,2186,12887,4037,3844,15090,3307,2050,14240,5873,-638,15243,4572,2507,13625,3308,2992,14138,2375,-691,14185,3511,1441,14059,3772,2767,13786,2882,-338
13879,3612,2291,14155,2834,815,13926,3535,-993,14048,4320,1026,13898,4246,2294,13321,3051,-607,13312,3064,208,13011,3307,3610,13691,3025,1770,11816,3862,422,15994,2712,3199,11005,6070,927,16223,2181,1536,12291,4271,3152,14480,3121,2587,12913,3662,4303,14809,2531,-602,13681,5372,2652,15346,4640,3489,13790,3793,-734,14197,2294,2075,13989,3755,2444,14333,3018,-83,13643,2624,-169,13867,3689,948,13995,4267,1667,13713,3619,-159,13647,3603,-376,13240,3620,3071,13170,2732,1776,13102,3671,-682,13868,2677,4465,13395,4467,2558,12579,4488,-1992,15129,3807,3647,13206,4923,4329,14509,1491,2185,12345,3499,1824,14809,2895,1900,14001,5543,3993,14654,4393,-531,14313,3619,917,13897,3213,5244,14117,3393,-572,14057,2807,-1462,13757,3417,2622,13959,4000,1209,14151,3455,-312,13833,3944,435,13709,4110,2088,13417,3148,489,13280,3296,-876,13140,2732,3666,12960,3474,3252,13757,4276,-523,14235,4290,2310,13198,4545,3264,13595,2921,2104,13518,2990,1702,14105,3179,3624,13303,4010,3381,14751,3826,-116,14442,4764,1291,14677,4752,3536
14489,4281,357,14663,5053,2708,14417,3586,2072,13612,2780,-990,14234,3003,1831,13883,3892,3122,14107,2740,-759,13509,3062,-402,14010,4635,1786,14202,4081,769,13135,2981,-339,13199,2924,2099,13181,3665,3018,13606,3019,601,13065,3489,520,13775,4419,3349,13823,4178,2890,13687,3224,696,13432,3559,3289,13648,4065,3758,14198,2840,1371,13702,3566,1025,14624,4655,3367,14391,4557,1758,14564,3147,-221,13607,3466,1502,14362,3429,2370,13927,3107,127,14040,2408,-25,13406,4135,1980,14533,3887,589,13480,3842,-1335,13424,3063,1927,13191,3425,2908,13424,2907,-33,13415,3305,811,13097,4340,2443,14046,3711,2102,13477,4293,985,14097,3636,3303,12857,3845,4054,14058,2529,592,13506,3097,1754,14128,4030,4013,14396,4387,1978,14745,4435,-11,14079,4137,2109,14235,3365,2613,14047,3271,-61,14328,2701,417,13575,3660,2811,13894,2945,359,13860,3954,-1082,14190,4541,1429,13453,3896,2080,13286,2510,-71,12874,3037,662,13672,3554,3676,12968,3407,1199,13627,3420,-339,13816,4585,3668,13673,4286,3464,13393,3114,1372,13946,3535,1601
13807,3397,1207,13495,3335,1190,13704,3503,4167,13995,3662,3161,14126,3578,618,14165,4288,1751,14423,4720,3064,14608,3615,989,14418,3308,-178,13366,4544,2753,15110,1184,3245,11976,3710,-2488,15826,3012,303,12757,5466,3648,14356,2552,-1564,12772,3587,803,14072,3715,2854,13162,3046,1737,13024,2838,250,13479,3805,594,13714,4675,4406,13902,3813,1598,13638,3741,301,13509,4059,4693,14035,3243,2379,13435,2570,442,13789,3271,2981,14422,4957,3460,14950,4519,338,13906,3476,273,13849,3634,2797,14381,3470,1576,14264,2974,-651,13537,3102,1322,13693,3273,1848,13831,3669,-462,14135,4061,-362,13697,4073,2625,13366,3065,686,13073,2256,-251,13057,3705,2436,13489,3566,3319,13045,3501,793,14041,4646,1328,14195,4594,3703,13246,3263,2184,13323,2878,1315,14283,3190,3390,13484,4372,3715,14786,3202,1004,14193,4324,251,14478,4569,3028,14243,3629,2140,14081,3064,-561,14052,2736,2254,13659,3437,1804,13926,3278,-1480,13914,3547,569,13779,4825,2334,13836,3823,525,13426,2983,-295,13165,2939,1290,13076,3397,2904,13350,2825,739
12908,3522,3194,13096,2455,1273,13171,3773,196,14149,4406,2654,13489,4235,2927,13640,3269,307,13811,3380,2850,13667,4118,4262,14005,2785,1370,13528,3287,1022,14615,4511,3337,14490,4579,2548,14225,3816,-321,14136,3388,1548,13985,3836,2671,14270,2579,274,13486,2544,-136,13832,3804,1764,14193,3951,1406,13809,3924,-1151,13874,3495,912,13083,3811,2988,13472,2190,325,12885,3351,457,13877,3937,3626,13124,4277,1794,13651,3620,172,13941,4138,3017,13388,4101,3757,13648,2776,2129,13766,2867,1132,13965,4280,3729,14170,3884,3086,14441,3657,-449,14532,4621,1938,14306,4500,3119,14269,3052,-340,13844,2345,567,13454,3407,2688,14243,3459,732,14043,3516,-829,13801,4438,962,13868,4475,1929,13577,2980,-112,12877,2161,509,12983,3489,3033,13979,3410,1789,13057,3946,-599,13897,3799,2715,13322,4881,3707,14240,3272,1211,13140,3369,2182,13826,3401,3509,13744,3289,2398,14194,3427,432,14392,4313,2617,14402,4718,3094,14631,3734,61,14069,3635,107,14091,3684,2758,13674,2536,1663,13939,2657,-663,14170,3896,1363,13985,4422,1936
14020,3085,216,13780,4623,2496,14297,3482,-100,13480,3528,-898,13665,3391,2085,13182,3376,1985,13288,2588,89,13123,3282,1623,13316,4468,3541,13949,3861,1039,13561,3980,911,13719,3718,3667,13379,3588,3351,13875,2885,969,13870,3189,2257,13594,4437,3956,14735,3853,1306,14502,4413,14,14421,4286,3201,13828,2963,1709,13863,2632,-831,14226,3023,1786,13698,3901,2007,14129,3366,-285,14084,4188,-712,14052,4529,1900,13314,3043,1461,12843,2114,-451,13224,2975,2086,13364,4217,3397,13775,3673,549,13264,3722,320,13892,4537,3544,13773,4448,2859,13715,2882,1397,13345,3051,2923,13764,3465,3490,13776,3138,1349,14312,3935,642,14848,5126,3114,14297,4065,2340,13964,2831,-352,14052,3412,1195,14418,3678,2683,13730,2883,105,13591,3012,-58,13921,4513,1997,14083,3710,979,13231,2688,-913,13792,3775,1092,13234,4197,3319,13113,2113,1278,12970,3377,296,13521,4658,3116,13830,3913,2599,13428,3854,456,13910,3249,2916,13183,3816,4443,14477,2994,1390,13504,3488,1153,14277,4351,3130,14661,4437,1990,14631,4280,9,14102,3245,2168
14336,4008,-50,14353,3719,1300,14163,4480,2679,14466,3134,-39,13726,2418,-181,13608,3272,2700,14125,3941,1565,14231,3893,-1234,13458,3432,296,13252,3934,2165,13820,3309,549,13022,3222,211,13133,3102,3342,13232,3864,2221,13770,3680,-136,13560,4265,2587,13482,3863,3946,13734,2959,1878,13739,3472,1224,14188,3766,3222,13635,3930,2963,14494,3676,241,14379,4402,2030,14363,4382,3374,14457,3193,257,13895,3097,-493,13886,3231,2520,13784,2993,1706,13848,3369,-810,14002,4063,855,13987,4238,1971,13255,2967,-244,13585,2752,49,13209,3951,2691,13437,3212,2695,12957,3203,167,13620,3874,1836,13630,5147,3816,14181,3484,1359,13157,3394,1094,13967,3522,4018,13855,3748,3020,13931,3360,475,14292,3734,2337,14257,4685,3044,14525,3676,597,14201,3564,164,14075,3832,2288,14023,2907,1781,13716,2512,-732,13849,3457,999,13941,4736,2316,14038,3460,-556,13070,2849,-330,13390,3583,2627,13733,3850,1548,13253,3174,210,13074,2899,2268,13149,4339,3448,14160,4069,1199,13677,4020,1196,13413,3493,3657,13509,3368,2827,14073,3583,944
13324,3774,3275,14206,3223,1001,14092,3265,2224,13784,4129,3938,14445,3812,1104,14478,4092,-143,14220,4230,2592,14324,3733,1838,14087,2747,-417,13900,2237,1111,13373,4098,2197,14429,3883,-35,13815,3840,-714,13309,3650,1840,13466,3718,1985,13576,3479,-471,13233,2901,1461,12576,3485,3508,13777,3517,1122,13714,4105,1038,13664,4191,3671,13234,3699,2873,13989,3399,790,14118,3404,2444,13384,3909,3970,14546,3245,1663,14319,3978,195,14457,4499,2586,14292,4000,2112,14429,3441,-944,14239,2944,1324,13530,3251,2785,13806,3036,-49,13794,3626,-538,14007,4258,1682,13191,3508,1285,13643,2867,-565,13267,3849,1308,13317,3965,3202,12968,2746,1181,13388,3261,370,13630,4552,3764,13839,4149,3141,13481,3335,545,13986,3294,2424,13604,4200,4005,14328,3152,1536,13996,3399,1074,14319,4349,2976,14387,4460,2064,14624,3744,-433,14197,3646,1070,13961,3241,2880,13738,2314,258,13750,2970,-475,13715,4504,2040,14312,3746,869,13074,3145,-1021,13822,3198,1397,13100,4747,2710,13760,2625,812,12583,2734,761,13480,3861,3262,13731,4516,2728
[row took 88395us]
13695,4474,1546,14177,4881,3895,13397,3747,1189,13664,2745,1247,13307,4104,4610,14559,2789,2463,13213,3608,337,14565,3800,3048,14034,4532,2999,14824,3650,343,14523,4215,407,14125,3783,2019,13729,2338,1362,13652,2911,-641,14069,4134,1911,14038,3912,2000,13700,2927,-951,13607,4029,-442,13916,4066,2273,13021,3238,2030,13150,3236,152,13062,3704,3440,13297,2784,3184,12872,3548,-958,14690,4441,2320,13421,4902,4504,14229,2765,1792,13242,3285,1679,14478,3646,2920,13817,4247,3747,14664,3308,-470,14205,4104,785,14586,4073,3801,14261,3527,-322,14087,2730,-591,13651,3562,2370,14171,3595,1189,13425,3340,-962,13839,3413,611,13258,4524,2213,13844,2988,121,12736,3271,36,13402,3291,3606,13326,3969,2996,13635,3544,-31,13660,3423,2301,13203,3815,3632,14151,4015,1691,14096,3722,1600,13869,3388,3680,13430,3373,3100,14706,4157,141,14492,3981,1371,14054,3997,3596,14407,3711,431,14547,3473,-801,13440,3284,2641,13883,2578,1189,13912,3551,-937,14070,3701,1278,13482,3852,2262,13532,3160,-514,13905,3619,-813,13295,3992,3000
13457,3148,-612,13024,3349,2684,13206,3494,3830,13701,4239,-394,13820,3898,1344,13278,4085,3837,13764,3265,2335,13406,3963,1160,14463,3279,3295,12873,3608,3566,14786,3027,374,14283,4599,1286,14432,4147,3329,13856,3570,1400,14266,3477,-493,14483,4313,1558,13669,3254,2353,13673,2567,-514,14157,3467,78,13731,4521,2656,13967,3390,152,13130,3559,-1395,13658,2944,2472,13125,3716,3040,13282,3351,4,13548,3349,1658,13171,4291,3579,13793,3300,1910,13285,3678,893,14107,3748,2983,13594,4416,4272,14110,2869,854,13732,3633,1366,14622,4655,4047,14469,3951,1165,14091,3374,-87,14282,3620,2250,14227,3644,2151,13775,2501,-447,13889,2802,215,13920,4504,2169,14083,3397,303,13136,3466,-666,13789,3952,1616,13320,3792,2634,13087,3165,68,13581,3272,655,12101,4302,4657,15254,2184,2127,11286,4800,-1725,16258,2998,4565,12346,5312,3700,15101,2193,68,12397,3935,3663,15083,3163,2825,13818,4923,2289,14990,3601,-669,13623,4270,2034,14411,2876,3645,14241,3672,-1360,14180,2784,354,13398,3686,2748,14468,3025,-504,13478,3541,-745
14419,3567,899,13469,3475,-486,13451,3406,1190,13589,4308,2373,13833,3007,-430,12676,3234,-179,13053,2974,4226,13473,3465,2593,13542,4161,48,13972,3984,3276,13298,4270,2705,14256,3303,1239,13785,3615,2098,13882,3374,4387,13951,3497,3127,14510,4228,-137,14625,4456,1913,14048,3802,3295,14125,3256,-680,14561,3380,341,13757,3840,3452,13737,2438,172,13736,3560,-1111,14146,4275,1524,13483,3991,2045,13325,2819,-296,13417,3463,96,13473,4403,2935,13379,2410,2078,12742,2679,27,13853,4594,2466,14217,4835,4059,13486,3295,378,13499,3157,1295,13890,4509,4387,14256,2999,2620,13265,3150,1007,14532,4094,2590,14591,4999,2676,14502,3448,59,13799,3290,-190,14250,3960,2575,14113,3085,1747,13555,2649,-1015,13771,3378,1621,14048,4155,1805,13952,3836,-1120,13518,3362,508,13292,3944,2868,13552,2898,1361,12837,3247,137,13421,3507,2954,13311,4424,3157,13974,3560,911,13512,3864,1765,13617,4339,4075,14139,3306,2260,13671,2594,1141,13459,3677,3268,14706,4438,3011,14554,4303,-188,14469,3541,1306,13870,4227,2450,14718,3152,282
13834,3917,2833,14808,3803,1417,13842,3270,-374,13501,2058,1483,13646,3789,1916,14645,4152,-472,13668,4051,-714,13209,3950,2118,13204,1946,2285,13277,4135,-341,14200,2981,2122,12074,3829,2613,13917,2882,412,13754,4844,1611,13985,4547,4197,13243,3171,2621,13735,3335,612,14219,3579,2795,13640,3984,3723,14228,3233,1653,14606,3994,606,14415,4755,2869,14233,3538,1163,14247,3275,-1226,14070,3408,2154,14180,3300,2666,13580,2938,-616,13678,2899,-26,13492,4513,1848,13996,3881,436,13246,3282,-498,13364,3829,1993,13052,3152,3496,13269,2547,1002,13408,3856,323,13872,4300,3595,13414,3929,2583,13855,3682,300,14025,3540,3593,13482,3615,4103,14045,3010,707,14488,3908,1353,14242,4728,2883,14350,4036,1855,14363,3893,-54,14641,3954,1353,13452,3723,3612,13690,887,-162,13037,3732,-2015,15132,3969,3656,13584,3729,669,13294,3101,-1494,13645,4055,2812,13635,3841,2041,12755,2575,657,13186,2852,361,13534,4698,3332,13868,3656,3170,13407,4168,270,13740,4264,2810,14059,4319,4017,13899,2574,629,13421,2737,1455,14428,4276,4370
13084,2556,1596,14462,4349,3929,14675,4735,2280,14432,3898,-621,14092,3633,1173,14426,3935,2543,14401,3106,585,13618,2353,31,13620,3652,2086,14381,3975,1097,13961,4047,-1333,13831,4148,824,13279,3937,2362,13587,2541,294,12537,3003,245,13778,3399,3800,12976,4350,1991,13707,3310,-142,13640,3865,3090,13415,4339,3287,14048,3099,1597,13763,2883,1461,13487,3582,3963,14527,4112,2986,14416,4320,-95,14300,4110,1981,14216,4363,2989,14526,3433,-280,14313,2855,437,13195,3436,2959,14212,3034,786,13726,3777,-760,14127,3880,1380,13277,4417,1408,13705,2703,-504,13094,2738,647,12940,3328,3245,13517,3040,2173,13126,4119,-180,14220,4165,2446,13277,4849,3538,14161,2997,547,13386,3651,2048,14072,3723,4198,13622,2968,2393,13902,3323,756,14669,4557,2453,14345,4905,2548,14446,3516,-41,13980,3505,213,14173,3682,2882,13537,2412,1675,13718,2496,-1063,13919,4087,1274,14285,4429,2006,13555,3727,-1356,13647,3264,411,13275,3875,3117,13563,2535,1452,12772,2811,509,13681,4187,2333,13636,4567,2939,13520,3723,1064,13754,3400,1576
14236,4192,1005,13033,3578,1306,13761,3543,3693,13749,3805,3638,13793,2384,813,13269,3007,2383,14454,4714,3467,15002,4948,501,14336,3895,674,14002,3893,2920,14048,3069,1187,14059,2381,74,13744,2983,1032,14248,4158,2045,13916,3792,-21,13748,3932,-614,13721,4390,2071,13456,3180,1312,12925,2238,-96,13178,2965,1888,13048,4229,3461,13763,3718,1073,13561,4334,515,14082,4533,3783,13570,3768,2591,13525,2427,1081,13733,2712,2874,13601,4101,3849,14847,4044,1410,14465,4303,207,14174,4837,2753,14353,3827,2027,14257,3229,-884,13983,2511,2065,13447,3054,2524,14225,3368,-893,14066,3926,25,13656,4843,2081,13837,3487,546,13515,2751,-730,13144,3044,2179,13136,3542,3009,13301,2641,1136,13225,4098,566,13939,5126,3293,13812,4089,2610,13546,3243,496,13740,3172,3452,13609,3556,3989,13835,2602,1308,14058,3904,1443,14461,4891,3119,14587,4732,1441,14494,3447,-181,13852,3071,1495,13907,2889,2779,13684,2657,-1,14068,3074,-170,13943,4925,2182,14390,4016,223,13302,3623,-1012,13616,3200,1645,12817,3034,3007,13167,2323,299
12910,3575,3329,13517,2313,946,12942,3355,227,13716,3887,2982,13398,4636,2044,14116,3721,734,13664,3701,2736,13347,3744,4223,14009,2839,1425,13832,3102,1157,13637,4242,3631,14675,4333,2388,14486,4443,219,14390,3571,1817,13881,3749,2064,14019,2601,180,13930,2381,696,13566,4013,2079,14487,3573,1136,13860,3846,-1317,13859,3980,411,13751,4248,2370,13280,2728,419,12713,2678,1219,13352,3269,3659,13352,4071,1332,13722,4128,-241,13683,4445,2770,13560,4075,3951,13720,2899,1992,13456,2807,1342,13805,3651,3531,14044,4067,2582,14455,4072,208,14411,4187,2344,14250,4184,3090,14517,3301,-138,14088,3089,-407,13667,3372,2721,14094,3158,1332,14089,3914,-977,14003,4277,1421,13688,4067,1546,13317,2757,-539,13195,2587,433,12981,3782,3027,13454,3183,2363,13165,3588,-118,13737,4483,1951,13769,4971,3556,13811,3217,923,13167,2812,2124,13432,3215,4398,14296,3379,2506,14014,3945,395,14524,4429,2389,14365,5139,2839,14709,3704,133,14090,3359,927,13848,3139,2597,13813,2217,1145,13590,2841,-650,14042,4159,1314,14253,4900,2051
14283,4021,647,13917,5094,1993,13985,3007,-533,13115,2718,-24,13361,3338,2865,13438,3446,1997,12983,2955,86,13322,3462,1914,13471,5151,3225,14429,4318,1428,13510,3758,1204,13427,3061,3891,13389,3244,3007,14149,3156,878,13868,4002,2660,14379,4464,3342,14447,4374,95,14575,3668,214,14028,3847,2899,14132,2529,1571,13764,2168,-325,13793,3355,1165,14203,5134,1934,14438,4157,-737,13463,3294,-624,13228,3571,2755,13549,3059,1655,12977,2832,-231,13198,3029,2252,13198,4559,3064,14028,4304,756,13680,4396,1333,13641,3690,3728,13392,2912,2742,13627,2972,810,14336,3446,3127,13755,4616,3903,14946,3717,602,14234,4408,416,14570,4388,2886,14305,3356,1531,13842,2496,-695,13792,2457,1969,13693,4347,2267,14499,4245,-757,13906,3978,-477,13165,3635,1946,13545,2701,1316,13118,2790,-274,13238,2988,2099,12731,3839,3476,13819,3760,297,13705,4437,1118,13789,4696,3952,13618,3234,2238,13473,2752,939,13769,3108,3295,13814,4109,3976,14453,3877,910,14508,4419,937,14376,4874,2701,14402,3716,1359,14197,3010,-446,13970,2719,2057
14025,2418,-740,13759,2434,1459,13388,3761,2176,14221,3294,374,14046,3936,-484,13806,4620,1549,13579,3081,1606,13402,2832,-1358,13101,2601,2113,12880,3245,4270,13612,3430,671,14008,4508,369,14032,5431,3102,13523,3842,2707,13401,2772,1396,13917,3423,2530,13523,3238,4782,13899,3416,1474,14455,4066,-87,14631,5205,3247,14341,3732,1701,13795,2450,-445,14267,2865,1347,14205,3668,2696,13768,2602,264,13822,3577,-1011,14429,5228,2009,14081,4325,1071,13197,2611,-1005,13126,2877,1422,13305,4082,2962,13328,3180,1048,12889,2893,1111,13333,4928,2621,14625,4925,2756,13537,3555,516,13389,2038,2875,12906,3586,4471,14946,2773,1585,13365,4077,1438,14686,4368,3068,14217,4790,1592,14961,3626,-127,14321,4140,1111,14067,2952,2644,13393,2036,860,13883,3177,-497,14235,5061,1964,14213,4036,845,13272,3542,-1544,13971,3481,1157,13016,3160,2875,12914,1914,577,12773,3613,993,13677,4231,3726,13322,3107,1725,12918,4639,-909,15457,4124,3560,12927,4875,4186,14070,1628,1129,13152,3539,2099,14580,4523,3836,14582,4935,2380,14307,3729,-996
15263,5937,1950,14386,3995,-760,13857,2626,1376,14041,3463,3141,14333,2905,1072,13395,2399,-454,13635,3810,1472,14546,4342,1176,14014,4585,-1721,13430,2696,837,12979,3487,2637,13226,2323,1129,12785,3068,427,13506,4193,3313,13815,4476,3058,13572,4240,-765,14204,4161,2209,13063,3606,4300,13980,2416,1881,13393,2582,2011,14091,4068,3583,14255,4501,2714,14786,4325,-421,14261,4628,1025,14380,3633,3860,14032,2765,161,13777,2162,-37,13238,3199,3036,14281,4037,509,14074,4402,-1065,14266,3966,493,13275,4295,1662,13731,2287,526,12513,2774,332,13077,2571,4354,13352,4022,2708,13871,4551,-1220,14002,4243,2341,13121,4408,3229,14148,2850,1649,13474,3518,2160,13752,2749,4150,13272,3795,2704,14732,4069,-216,15030,4701,1570,14073,4706,2958,14460,2857,412,14046,3091,204,13960,3345,2768,13703,2799,1498,13739,3516,-1475,14355,4201,1137,13843,4618,2024,13726,3699,-1218,13157,2311,495,12725,2905,3607,13287,3213,2049,13209,3772,169,14054,3952,2261,13452,5189,2852,14067,3094,1377,13117,3227,1588,13857,3798,4729,13786,3255,3470
14113,3021,4237,13611,3118,3681,14041,3593,682,14120,4115,867,14672,5131,3326,14685,4304,1256,14169,3250,-459,13861,2533,2832,13543,2231,2205,13826,3277,-1316,14054,3801,1045,14010,4908,2382,13833,4101,-190,13766,3115,-544,13238,3052,2196,12865,2221,2791,12993,3258,96,13878,4004,2043,13506,5234,3534,14023,3837,888,13270,3690,795,14103,3430,4209,13275,3107,3707,13717,2140,618,14087,3902,2054,14464,5009,3602,14786,4663,152,14369,4138,59,14368,3475,3005,14029,2917,1792,13594,2108,-423,13904,3101,438,14219,4845,2068,14013,3852,101,13247,3606,-898,13879,3866,2515,13558,3186,1609,12494,2481,-778,13058,2755,2517,13209,4155,4278,13672,4380,451,13926,4326,1180,13925,4089,3113,13577,3314,2666,13431,2547,1717,13863,2739,3018,13792,4661,4474,15166,4548,840,14409,4757,-610,14254,4194,3272,14236,3470,1679,14159,2725,-555,13588,2387,2352,13611,3268,1830,14094,3910,-851,14217,4197,-492,13450,4365,1990,13621,2896,1398,13216,2572,-545,13176,3157,1771,12867,3501,3602,13346,3052,967,13639,4581,345,14539,5137,3989
13735,3999,505,14294,4666,3419,13556,4128,3133,13192,2981,921,14001,2611,2228,13289,4146,4377,14859,3442,1973,14201,4750,-175,14485,4102,2521,14070,4238,2332,14509,3465,-718,14214,2434,1494,12991,2595,3162,13977,2802,-122,14053,3911,-774,14234,4984,1693,13735,4071,946,13381,2953,-752,13383,2730,1406,12853,3431,3854,13077,2672,1377,13304,4288,-448,14235,4830,3486,13589,4582,2817,13667,2908,658,13560,3231,3002,13638,3558,4136,13558,2594,2087,14022,3394,789,14913,5070,2816,14449,4695,1970,14255,3449,-366,14102,3427,1305,14497,3663,3111,13417,2328,743,13496,2015,-556,13932,4947,1675,15013,5031,913,13449,3833,-1372,12682,2302,1140,13501,2738,3736,13538,3775,701,13085,2735,478,12762,3740,2434,13882,4350,2393,14017,4744,1147,13938,3466,2608,12808,3559,4127,14407,2608,1456,13454,3403,1202,14444,4056,4025,14289,4634,2668,14820,4480,-763,14222,4260,1502,14219,3606,2645,14145,2506,327,13640,2303,571,13601,3439,2450,14122,3686,696,13851,4094,-1281,13948,3918,701,13338,3896,2299,13368,2471,327,13119,2978,581
13466,2211,800,12470,2979,-694,13977,3427,3247,13124,4598,3032,13783,3540,-17,14036,4428,1978,13626,4392,3399,13816,2896,1776,13363,2583,1345,13858,3173,3936,14127,4671,3504,14646,4136,-77,14307,4011,733,14098,4441,3095,14105,3166,949,14434,2599,-293,13263,3055,3067,14275,3569,1220,13882,3889,-1398,14054,3420,1090,13409,4524,1955,13969,3242,365,13516,2537,187,12713,3265,2440,13552,3153,3077,12940,4072,-176,14082,4006,1720,13469,5281,4327,13937,3271,993,13119,2872,1523,13952,3263,3879,13416,3311,3488,14188,3398,938,14509,4513,1359,14602,4872,2625,14283,3747,686,14123,2959,-444,14335,3475,2916,13634,2845,2467,13816,2911,-1598,13998,3966,530,14243,4819,2292,13700,3853,-545,13296,2569,-549,13171,3263,3041,13269,2970,2057,12760,2823,273,13632,3774,1406,13629,5047,3254,13965,3765,1635,13298,3572,743,13710,3497,4329,13704,3611,3350,13717,2407,722,14029,4013,2495,14592,4942,3533,14621,4505,419,14102,3923,369,14317,3658,2778,14272,2960,2054,13456,1958,-340,13892,2950,977,14196,4686,1763,14257,4003,-62
14039,4678,2252,14554,4073,264,13613,4075,-1288,13665,3290,1422,13169,3461,2554,13089,2149,398,12941,3043,1354,13559,4414,3430,13645,4382,838,13659,3771,442,13687,3996,3466,13494,3683,3482,13549,2876,1801,13868,2221,1942,13313,4670,3743,15246,4094,1649,14482,4592,-194,14334,4096,2730,14166,3797,2459,14317,3099,-637,14103,2387,1235,13241,3266,2445,13990,3487,8,14377,4144,-630,13952,4461,1426,13022,3389,1126,13451,2362,-434,12984,3234,1388,13121,3264,3619,13230,3100,1625,13647,4363,-457,14461,4826,3449,12947,3834,2903,13576,2557,803,13986,3898,3313,13867,3573,3899,13280,3028,1634,14754,3814,422,14966,5424,2482,14138,4246,2955,13959,3069,-505,14193,2967,894,13831,3086,3718,13658,2538,-363,13894,3593,-715,14313,4631,2079,13782,3906,1162,13199,3185,-1277,13855,3022,1116,12966,4066,3626,13396,2124,799,12860,3191,519,14006,4601,2947,14038,5039,2581,13625,3653,742,13389,2991,2226,13517,3808,4509,14436,2906,1842,13331,3265,991,14285,4229,3364,14562,4612,1867,14458,4187,-48,14192,3689,1664,14103,3665,2289
14317,3209,669,13669,3606,2895,14359,2526,822,13665,2889,-365,13960,3825,1647,14367,4245,1634,13920,3779,-1025,13718,3646,-75,13687,4409,2363,13239,2639,1979,12817,1728,298,12813,3725,1732,13876,4705,2976,13892,4016,810,13476,4067,1543,13698,4172,3898,13878,3246,2580,13573,2753,1074,13627,3145,3102,13976,4223,3704,14846,3947,773,14400,4317,820,14293,4266,2300,14193,3197,748,14220,2811,-145,13586,3001,2287,13868,3605,1935,14241,3428,-922,13959,4094,70,13671,4646,1854,13827,2887,484,12735,2418,716,13328,2983,2637,13165,4091,2471,13490,3387,-61,13634,4160,1505,13579,4827,4127,14149,3423,1765,13336,2986,1508,13733,3302,3493,13691,3556,3112,14127,3310,1022,14491,4002,1299,14643,5213,3213,14735,3667,642,13956,3360,-778,13921,2937,2809,13618,2900,2150,13933,3051,-577,14250,3497,769,13792,4754,1440,13771,3291,-203,13571,3825,-736,13511,3226,3115,12670,2990,3308,13223,2708,-343,13420,3741,1264,13260,5080,3579,14390,3810,1523,13382,3633,1316,13993,3032,4260,13176,3490,3063,14311,2933,306,14039,4277,2306
14475,2934,1173,13967,3901,1558,14559,4798,3212,14674,4791,970,14390,4006,-137,14358,3453,2224,13680,2639,2598,13500,1915,-204,13979,3285,32,13872,5321,2173,14596,4040,442,13021,3407,-1044,13631,3152,1853,13104,3738,2629,13011,2437,-32,12753,2515,1617,13458,4284,3849,14073,4486,1796,14039,4543,658,13829,3517,2701,13236,3752,3394,14130,2795,1521,13937,3239,2134,13832,4247,4330,14766,4085,1151,14478,4586,-694,14321,4343,2420,14293,3388,2194,13778,2135,-141,13596,2022,941,13654,4183,2119,14307,4357,-43,14092,3879,-888,13225,3662,1639,13527,3312,2182,13505,3038,-140,12960,2664,1206,12682,3491,3840,13847,4108,1445,14061,4721,624,13998,4475,3458,13203,3772,2704,13942,2831,943,13710,3028,2720,13420,3626,4251,14303,3461,2101,14669,4333,-170,14548,4758,2042,14389,4184,2240,14476,2984,-741,13852,2206,1518,13231,2933,2997,14081,3468,-89,14176,4297,-955,14031,4468,1308,13270,3710,1396,13887,2659,-296,12910,3408,1340,13162,3382,3311,12944,3001,1390,13409,3788,315,13976,5058,3444,13854,4427,3144,13526,2971,325
13893,3779,3131,12017,3645,996,15928,1602,3893,11208,4568,2321,15959,2107,2299,13577,5779,1255,15896,4531,56,13076,4287,4229,14724,2695,-1169,14148,3385,740,13789,3148,3641,12989,2541,-482,14232,3433,-19,14622,4878,1231,13773,4725,435,12891,2176,182,13347,2712,389,13079,3874,3131,13215,2387,3033,12546,3427,52,14585,5059,2074,14065,5763,3633,13283,3043,795,13715,2204,2465,13430,3777,4180,14366,3070,2350,13911,3685,1276,14596,4215,1565,14563,5369,2535,14743,4018,440,14252,2745,-151,13204,2741,3142,13861,2476,1134,13900,3545,-617,14247,4240,1649,13785,4478,1272,13353,3493,-1017,13809,3385,-60,12967,3502,3766,12951,1921,2074,12941,2984,270,13852,4600,3006,13973,5142,2721,13595,4129,387,13976,3375,2000,13380,4122,3957,13844,1939,3277,13040,3137,781,14881,4291,2863,14682,5478,3062,14600,4158,-1058,13854,2789,846,14219,3866,2583,14280,2650,1010,13277,2061,225,13624,3680,1318,14751,4996,1316,13867,4622,-1185,13657,2826,501,12767,3836,2553,13566,2691,1221,12703,3025,155,13270,3540,3395,13458,4470,3248
13650,4059,2050,13663,5712,3104,14348,4114,928,13172,3189,650,13526,3065,4483,13762,2733,3730,13550,2949,1017,14417,3821,2888,14592,5179,2405,14642,3997,-91,14428,3473,1157,14318,4257,1785,13992,2244,2194,13281,2116,-168,14181,3635,371,14227,4799,2518,14044,4422,-766,13811,3919,-696,13258,3912,2696,13021,2223,1112,12152,2083,618,13482,2974,3713,13304,4948,2613,14090,4049,736,13414,3833,1196,14082,4126,3132,13996,3421,2978,13616,2145,1233,12798,2720,3676,14962,5258,3641,15859,5820,-790,13937,4028,135,13966,3032,2895,14312,3115,1000,14186,2708,7,13219,2810,1992,13713,3723,1556,14426,4382,-994,14289,4570,-607,13161,3464,2113,13226,2519,765,12705,2139,541,13105,3230,2629,13235,4131,3880,13681,3646,280,13921,4999,407,14232,5078,3968,13749,3471,2177,13346,2261,1473,13619,2702,4141,13687,3953,3600,14589,3978,703,14596,4439,533,14591,5090,2767,14541,3542,1353,14125,2613,-1072,13038,2306,2863,13838,2901,2555,13885,4146,-1017,14315,4084,759,13708,4646,1427,13866,3396,-491,13474,2858,-448,12750,2840,3080
13175,3247,112,13109,2574,2369,11399,4334,3663,16011,1577,2495,11724,5499,-1352,15592,4301,2549,12669,4550,4275,13921,3159,-190,13420,2389,4722,13861,2872,3864,13680,3582,1038,15404,4564,561,13773,5456,1705,14766,3109,2903,14117,3769,-119,14531,2925,402,12945,3014,3259,14123,2790,-693,14035,4025,-687,14114,4548,2525,13719,3720,224,13164,3224,-851,13566,3665,1425,12860,3120,3849,12918,1774,1701,13066,4241,-696,14482,4744,4196,13373,4558,1780,13792,3338,-3,13399,3670,4353,13845,2820,4148,13552,2972,1654,14763,3588,848,14243,5262,2684,14877,4426,1644,14546,4187,-583,14100,3339,1995,13860,2077,3209,13142,2562,-724,14087,3067,-75,13895,4755,2897,14223,4265,91,13526,3915,-1020,13544,3302,1778,12927,2777,2486,12533,2626,850,13481,3497,1477,13904,4646,3611,13829,4232,1540,13513,3941,32,14089,3919,3373,13557,3897,4107,13696,2080,1421,13503,3462,1811,14672,4330,3757,14542,4377,839,14276,4328,-786,14457,3989,2608,14101,3584,2497,14084,2138,-194,13493,2557,574,14025,4022,1687,14331,4130,486,13506,3754,-991
14555,4304,1060,13634,4102,-1610,13616,3242,1071,13438,3731,2873,13286,2697,459,12923,2981,532,13079,3905,2948,13859,3703,2732,13456,4304,583,14126,3970,2416,13263,4096,4049,14184,2693,1079,13267,2729,1693,14068,3824,4327,14604,4388,2552,14692,4169,-599,14232,4008,1318,14481,3906,2797,14366,3394,242,13800,2193,366,13361,3156,2811,14161,3477,945,14078,4090,-1373,13833,4296,963,13379,3995,2190,13482,2361,150,12633,3050,743,13560,3263,3875,12914,3790,1587,13690,3459,198,13939,4406,3005,13510,4494,3331,13723,3117,1318,13881,2987,1565,13517,3702,4437,14360,3359,2671,14256,4456,-113,14393,3795,2182,14197,4463,2772,14741,4018,-511,14559,3170,499,12907,2812,3111,13875,2373,658,13869,3848,-883,14448,4384,1577,13527,4297,1283,13380,3064,-749,13567,3042,748,12906,3620,3735,13056,2348,2124,13008,3766,-438,14361,4233,3041,13265,4927,3244,13891,3091,607,13488,4041,2372,14072,3983,4166,13494,2800,2603,13780,2953,678,14840,4446,2752,14297,4767,2558,14371,3355,-360,14000,3745,601,14742,4280,2902,13629,2838,1227
[row took 87982us]
14397,3692,2349,13692,2882,1787,13715,2699,-1196,13584,3085,1186,14005,4632,2266,13908,3999,-866,13786,3204,-422,12965,3737,2659,13369,2410,2146,12490,2771,565,13833,3357,2433,13531,5481,3272,14303,3902,1239,13122,3580,792,13732,3804,4100,13872,3672,3740,13858,2949,1101,14156,3516,2423,14290,4378,3325,14441,4162,131,14354,3381,579,14040,4158,3212,14496,2958,1538,13515,2586,-688,13869,3112,594,14110,4075,2306,13862,3723,-31,13686,3669,-645,13441,4108,2581,13642,2768,1194,12578,2892,-805,13740,3180,2876,13065,4822,3671,13849,3512,590,13729,3994,1337,13647,4288,3302,13926,3408,2495,13562,2544,1064,13501,2980,3287,14337,4614,3830,14655,4145,270,14293,4058,279,14246,4293,3046,14209,3548,1526,14344,2719,-499,13552,2797,2264,14045,3757,1421,14063,3415,-532,13830,3317,280,13406,4427,1991,13989,3631,1189,13303,2918,-397,12863,2839,1897,13135,3451,3812,13273,3707,342,13911,3964,1561,13460,4725,4124,13811,3422,1399,13467,3342,1162,14346,3152,3233,12899,3703,3941,14864,3260,1276,14426,4815,754,14486,4683,2881
14306,3733,377,14400,4943,2614,14371,3926,2038,14330,3425,-1097,14078,2807,1785,13507,2989,3022,13787,2813,-138,14184,3623,-524,14094,5005,1765,13687,3670,823,13199,2984,-955,13320,3078,1972,13194,3447,3483,13260,2996,666,13444,3751,-63,13930,4426,3622,13534,4100,2629,13754,3289,760,13750,3719,2934,13782,3706,4006,13567,2717,1256,14171,3463,989,14679,4756,3576,14381,4437,1913,14333,3481,-684,14248,3707,1174,14396,3682,2718,13383,2377,508,13845,2497,-56,13880,4586,2324,14292,3899,702,13335,3571,-1566,13615,3383,1276,13409,3755,2975,12875,2481,782,13113,2895,1172,13604,5001,2839,14012,3920,2252,13021,3481,799,13975,3544,2673,13396,4272,4349,13985,2373,1617,13174,2783,1223,14779,4489,3616,14653,4741,2007,14343,3920,-192,14235,3669,1967,13952,4113,2435,14698,2974,100,13326,2306,445,13547,3360,2187,14230,3877,818,14277,4368,-1221,13587,3810,898,13212,3555,2173,13414,2544,-67,12836,3027,873,13170,3684,4045,13519,3806,1751,13807,4124,-150,13950,4022,3217,13140,3744,3273,14028,3157,1398,13897,3308,2210
14362,3199,2108,13507,2790,1297,13547,3058,3321,13939,4005,2807,15038,4374,349,14517,4572,1536,14295,3907,2916,13916,2914,351,14326,2980,-523,13893,3886,2837,14041,3293,1423,13548,2960,-981,13917,3877,808,13742,4479,1846,13648,3196,-266,13048,3060,330,13148,3190,3485,13386,3738,2513,13315,3509,-22,13571,3535,2268,13475,4801,3532,14452,3861,1426,13171,3030,1778,13788,3229,3960,13973,3419,3070,14158,3562,368,14681,4368,1837,14361,4691,3069,14334,3411,355,13868,3038,503,14166,3568,2319,13854,2815,1454,13613,2955,-888,14237,3623,762,13903,4665,1812,13819,3141,-471,13820,3900,-653,12508,4051,3324,14039,1157,3601,11478,3803,-1957,14957,3924,2163,13138,4843,4640,13921,3214,414,13403,3816,1848,14021,4107,3766,13522,3295,3152,13859,2637,762,14048,4108,1813,14770,4482,4885,14366,3488,311,14138,3493,-909,14067,4296,3185,14566,3084,1234,13299,2354,-392,13983,2817,1611,14072,4415,1505,14032,3941,-748,13669,3870,-613,13233,4205,2786,13337,2816,2245,13026,2521,-142,13216,3483,1954,13486,4302,2949,13647,3614,774
13407,4372,3517,13932,4289,1503,13655,3767,1040,13534,3596,3534,13329,3552,3185,14222,2952,1197,13631,3634,2364,14361,3887,3610,14307,4261,946,14713,3825,-88,14139,4475,2824,14457,3538,1686,13904,2868,-852,13826,2591,1488,13822,4130,2090,14288,3708,-158,13475,3248,-507,13317,3751,1761,13577,3896,1777,13452,3365,-682,12914,2992,1841,12799,3560,3872,13833,3652,1072,13556,4022,1133,13741,3918,3761,13526,3716,2513,13884,3109,738,14240,3371,2930,13501,4304,3907,14859,3489,1270,14199,4307,420,14514,4273,2490,14405,3900,2172,14275,3109,-971,13904,2540,1478,13419,3630,2859,14318,3270,-700,13566,3806,-406,13636,3764,2061,13305,3590,925,13682,3009,-367,13176,3573,1578,12992,3667,3642,13373,3125,948,13588,3973,724,13744,4583,4006,13883,3674,2493,13605,3557,542,13942,3163,2887,13720,4218,4188,14347,3170,1339,14073,3575,1029,14250,4525,2962,14511,3871,1463,14339,3625,-429,14138,2746,1345,13573,3087,2692,13928,2851,-246,14111,3466,-436,13609,4923,2183,13935,3456,510,13278,3192,-620,13561,3564,1844,13280,4040,2695
12995,3636,1108,13075,3484,3832,13055,3302,1495,13637,3749,117,13776,4616,3621,13595,3982,3148,13618,3045,559,13650,3130,2386,13774,3985,4283,14202,3340,1910,14354,3578,613,14360,4469,2589,14584,4551,2282,14661,3615,-652,14069,2947,775,13637,3113,2982,13901,2950,363,13934,3440,-606,13701,4736,1833,13915,3687,1073,13236,3048,-911,13280,3247,1185,13263,3981,3020,12969,2837,1451,13110,2885,622,13379,4423,3228,13970,4681,3036,13920,3502,456,13664,3029,2216,13384,3929,4147,14151,4074,1721,15648,2691,2985,12644,4121,2219,14667,4567,-155,14709,4095,2066,14683,3799,-528,13987,3209,3185,13249,2500,1280,14152,2431,-749,13924,5066,2289,13795,3638,-519,13519,2962,-512,13614,2956,2482,13223,4625,1150,13312,2754,1026,12890,2735,1732,13420,4472,1827,13765,4286,3147,13836,3648,1372,13727,3917,1782,13841,3828,4787,13636,2734,1053,13666,3107,1256,14710,4533,4450,14297,4417,1888,14535,3376,152,14354,4023,1138,14147,4040,1609,14277,2197,1248,13338,2433,-174,13753,3661,2124,14083,3632,1584,13753,3866,-2168,13838,4088,759
13651,3449,-554,13649,3685,319,13182,4114,2424,13264,2835,2227,12749,3247,316,14055,4391,2412,13467,4235,4164,13080,2478,329,13689,3659,1989,14145,4608,4157,14108,3092,2070,13193,2543,1206,14630,4161,2661,14641,4734,3232,14380,3848,-10,14269,4081,293,14380,4418,2584,14188,2477,941,13226,2343,-876,13953,3620,2045,14246,4276,1983,13513,3398,-1360,13899,3729,186,13424,4450,2242,13270,2446,1059,12498,2399,545,13186,3460,3137,13552,4679,3039,13912,3915,479,13880,3753,1959,13046,4395,3633,14709,2909,2203,13458,3437,1669,14129,3392,3539,14133,4181,3232,14797,3779,-561,14242,3755,1258,14453,4563,2892,14563,3737,-328,13883,2418,762,13448,3164,2071,13935,3259,759,13712,3325,-357,13950,4113,243,13274,4910,2085,13721,2608,325,12409,3145,-87,13489,2929,4244,13198,3888,2527,13536,3623,-196,13877,3594,3273,13378,4747,3351,14192,3427,1379,13946,2894,1484,13396,3538,3891,14745,4118,2662,14243,4613,106,14396,3761,1468,13972,4169,3119,14713,3461,109,14308,2923,-315,13294,3197,2549,13755,2739,1108,14226,3762,-1013
14061,3910,1505,13819,3678,-1120,13690,4020,166,13681,4488,2076,13467,3013,1040,12911,2970,441,13451,3294,2313,11907,3832,4112,15106,2246,1277,11663,5504,-1098,16188,3848,4748,12667,4669,2404,14598,1870,19,12182,4069,5453,15123,2556,2563,13751,5131,928,15301,3812,633,13875,4997,1942,14602,2676,2140,14113,3307,-941,13850,3041,1480,13718,3198,2382,14195,3461,-1365,13846,3647,411,13541,4426,2621,13772,3560,-392,13374,3548,-266,13239,3301,3051,11590,3900,2863,15291,1267,2163,12165,5074,537,14519,4648,2268,13269,3913,3227,13966,3869,-322,14043,3049,5030,13549,2945,3876,13646,3225,393,15406,4648,1909,13738,5562,2066,14827,2809,1462,14029,3706,297,14659,3534,1117,13030,2646,2458,13682,2446,-1194,14065,3752,435,13966,4525,2764,13793,3543,-689,13479,3579,-435,13677,4372,1831,13236,2700,3241,12273,2043,1032,13557,4318,783,13956,4620,4999,13758,3916,523,13710,3514,252,13885,4123,4349,13895,3061,3496,13480,2930,1334,14455,3731,1810,14083,4798,3458,14771,4168,470,14437,3942,-528,14037,3692,2551,14082,2188,2282
14286,3127,1723,13758,3259,3106,13750,2532,-651,13693,3297,396,14018,4886,2156,14294,4202,-336,13230,3081,-1072,13175,3018,2351,13161,3358,3187,13072,2913,615,13022,3402,1483,13783,4594,3742,14132,4475,1551,13778,3717,359,13732,3784,3567,13607,3397,3995,13704,2512,1441,13979,3451,1930,14699,4981,3454,14512,4699,839,14660,3657,-648,13919,4143,1707,14663,2852,2250,13268,2684,-18,13922,1953,629,13331,4458,2472,14579,4156,-194,13466,3768,-1437,13496,3504,2095,13391,3341,2240,13329,3031,126,13112,3051,1519,13078,4338,3569,13812,3786,2035,13782,4236,355,13918,3744,3252,13390,3775,3118,13918,2452,920,13444,3071,3011,14316,4240,4219,14857,4676,1055,14280,4230,-661,14361,3973,2092,14209,3663,2195,14297,2478,-130,13286,2401,1428,13801,3305,2455,14013,4147,-350,14368,4304,-985,13670,4440,1601,13534,3275,1766,12928,2127,-236,13105,2863,2111,12958,3702,3947,13398,3543,509,13724,4371,892,14230,4728,3363,13696,3765,2701,13375,3219,691,14166,2559,2950,13052,4056,4634,14896,3321,1359,14360,4464,157,14363,4242,2598
14421,4672,-408,14907,4445,2344,14247,4058,2891,14403,3046,-808,13170,3056,1108,14212,1589,3815,12676,4000,-1462,15657,3579,-624,13567,5178,2212,13719,3782,755,12913,2810,701,13201,2554,703,13021,3444,4148,13314,3416,973,13639,4005,-426,13935,4662,3967,13841,4653,3117,13403,3494,447,14148,2807,2730,13253,3129,4157,14010,2636,1438,14276,4453,739,15053,5150,2337,14250,4762,2130,14219,2942,-376,14361,3271,757,13837,3183,3106,13943,2461,330,12969,2770,-794,14153,4564,1945,14382,5236,1029,13711,3495,-1226,13120,2672,1043,12901,3040,3074,13021,2312,1860,12898,3196,796,14126,4886,2915,14096,5146,3029,13489,3499,198,13409,3167,2111,13826,4126,4935,14300,2443,2695,13273,3207,732,14690,4349,3129,14641,5245,1889,14780,4085,-318,13849,3566,1632,14393,3578,3015,13761,2369,810,13792,1994,-1107,13349,3866,1816,14419,4326,1635,13842,4618,-1466,13711,3514,966,12992,3595,2764,13246,2072,107,12857,2616,889,13435,4054,3640,13632,4416,2435,13828,4241,285,14025,4109,1714,13658,4332,3496,13811,2730,1813,13451,2180,1750
14055,2822,2682,13085,2386,992,14228,3522,3347,14553,5312,3010,14895,4516,-445,14265,3867,433,14082,4054,2806,14419,2920,1200,13284,2069,251,13762,2772,1574,14061,4464,1492,14334,4257,-923,13738,3902,-380,13320,4081,2464,13712,2227,1252,12379,2789,-27,13628,2972,3408,13047,4537,2945,13763,3773,-107,13854,4497,2081,13702,4540,3522,13734,3148,2355,13530,2596,1396,13922,3186,3394,13774,3936,3999,14700,3951,279,14644,4876,352,14616,4826,3120,14329,3501,318,13965,2314,-79,13330,2604,3040,13742,2750,1585,13970,3651,-1036,14265,4821,108,13955,4867,1627,13373,3098,213,13303,2461,209,13094,3060,3100,13294,3329,3172,13154,3435,-424,13877,4226,1485,13725,5043,3656,14163,3569,1508,13207,3260,1495,14122,2997,3812,13100,3296,3429,14345,2891,751,14348,4755,1749,14838,5044,2782,14381,4088,511,14143,3177,-552,14148,3237,2386,13531,2385,2929,13697,2257,-874,14128,3844,579,14221,5352,2047,13900,3893,-875,13307,3154,-354,13216,3573,2860,13252,2604,2835,12506,2494,572,13717,3929,922,13767,5404,3660,13809,3594,1367
13766,5390,2858,14135,4249,2744,13333,3542,373,13828,3147,3349,13405,3664,4211,14038,2221,1225,13562,3632,1496,14544,4745,3430,15010,4935,1425,14567,4005,-104,13936,3356,1574,13980,2884,2490,13931,2394,412,13584,2772,33,14051,4549,2061,14630,4715,35,13469,3902,-1147,13443,3440,1768,12914,3080,2558,13050,2102,724,13052,3104,1001,13566,4321,3381,13567,4222,1339,13889,3854,376,13924,4501,3266,13680,3977,3834,13750,2735,1316,13615,2318,1986,13531,4204,3579,14964,4715,1700,14790,5099,-97,14475,4290,2167,13751,3027,2543,13955,2381,-672,14192,2626,1337,13574,3852,2387,13891,3226,87,13810,4145,-782,14201,4730,1316,13612,3992,1664,13263,2327,-229,12591,2162,1739,13030,3675,3632,13837,3514,1486,13150,3809,311,14199,4805,2826,14090,5180,2971,13745,2887,1361,13290,2383,2614,13775,3374,4339,13924,3280,1943,14534,4336,13,14724,5132,2305,14406,4299,2164,14023,2929,36,14087,2695,971,13589,3260,3002,13802,2752,87,14082,3508,-995,13958,4904,1509,14113,4124,1243,13629,3616,-1012,13303,3245,880,13142,1959,5264
13080,2681,769,12958,3262,3424,13183,2788,2532,13292,3481,-288,13790,4564,2175,13926,5071,3459,14027,3620,859,13510,2700,2199,13211,3339,4525,14182,3229,2438,14093,3716,310,14297,4277,2563,14549,5060,2449,14858,4290,89,14259,3240,566,13539,3046,2498,13802,1883,1473,13717,2926,-775,13912,4376,1535,14466,4773,1958,13626,3794,-1323,13467,2970,217,13015,3695,2900,13596,2595,1535,12622,2755,673,13549,3522,2892,13505,5163,2937,14468,4442,450,13567,4002,1666,13387,3303,3934,13658,2728,3005,13916,2980,1214,13955,3928,2928,14393,4526,2958,14637,4443,-855,14482,4126,1123,14353,3840,3338,13985,2399,617,13443,1703,-30,13672,3324,1617,14244,4980,1386,14481,4166,-909,13375,3708,-16,13305,3573,2626,13774,2813,832,12682,2720,-117,13093,2959,3282,13339,4250,3302,13999,4488,178,13981,4545,1848,13463,4006,3665,13630,2600,1585,13418,2674,1715,13946,3344,3838,13894,4050,3282,14871,4393,209,14684,4724,376,14350,4794,3148,14577,2816,884,13594,2257,-200,13511,2300,3028,13894,3553,1411,14181,4412,-1484,14423,4149,442
14668,4555,-873,13935,4133,-811,13290,4006,2204,13582,3091,1709,13079,2696,-112,12974,2559,2596,12753,3769,3356,13923,4171,331,14016,4740,1237,13838,4425,3846,13562,3101,2114,13477,2761,1062,13924,2967,3528,13452,3820,3997,14780,3798,958,14546,4722,368,14638,4979,2579,14498,3444,1183,13914,2758,-793,13791,2310,2499,13646,3206,2500,14173,3548,-926,13978,4456,-310,14057,4689,1727,13287,3305,417,13294,2386,-51,12937,3257,2471,13037,3209,3320,13050,3121,589,13776,4171,779,13845,5429,3673,14280,3880,2144,13171,3128,683,13721,2566,3736,13470,3609,4097,14406,3166,901,14351,4289,1574,14684,5067,2588,14636,4430,907,14467,3391,-408,13918,2900,2040,13347,2369,2809,13873,2602,-392,14058,3943,137,14047,5507,1972,14049,3871,-329,13156,3047,-720,13266,3113,2475,13203,3275,2802,12853,2301,493,13307,3251,1668,13475,5261,3301,14460,4533,1616,13580,3845,728,13723,2962,3252,13499,3595,3336,13898,3129,2507,13845,2675,3032,13048,5700,210,16714,3945,2295,13824,4715,-263,14756,3054,1451,13128,3227,3383,14277,1542,-596
13640,2696,3124,13634,2525,-28,13873,3663,-226,14065,4897,2169,14250,3835,815,13354,3887,-1618,14190,2775,1001,12028,3281,3821,13614,2454,932,12642,3959,1429,14044,3064,3718,12571,4764,344,15233,4712,428,13718,4224,3623,13291,2695,3757,13353,2687,2507,14528,3241,1301,13987,5036,3721,14815,4127,1191,14415,4221,-969,14590,3723,2524,14121,3398,2422,13857,2087,-333,13512,2644,740,14030,4520,1914,14225,4181,228,13553,3707,-1106,13611,3908,1481,13283,3571,2234,13062,2208,400,12519,2815,1771,13701,4263,3568,13929,4723,1579,13712,4080,469,13699,3373,2572,13189,4272,3731,14300,2441,1723,13403,2555,2162,13780,3791,4074,14709,5185,1407,14762,4697,-338,14235,4152,2232,14163,4056,2446,14363,2485,-248,13422,1784,693,13365,3322,2474,14303,3749,441,14204,4577,-838,14065,4473,1198,13540,3775,1431,13319,2612,-622,12979,2520,1406,12526,3724,3929,13628,3459,2191,13489,4487,111,14313,4984,2320,13641,4252,3061,13305,2479,1049,13544,2332,2907,13748,3744,4834,14276,3447,2244,14592,4429,-72,14613,5055,1280,14499,3974,2921
14419,4420,1466,14368,4286,2766,14152,2991,442,14153,2430,-62,13377,2615,3044,13801,3320,1086,14408,4140,-1353,14282,4698,900,13831,4755,1233,13289,2714,-496,12664,1578,1029,13011,3284,3978,13357,3734,2614,13421,3867,-419,14040,4411,2035,13646,5033,3231,13996,2839,1295,13209,2669,2180,13859,3237,4791,13478,3317,2720,14348,3832,-72,15040,4916,2100,14569,5405,2677,14605,3428,20,13955,2733,621,13749,2933,2986,13563,2186,1113,13676,3042,-893,14401,4491,845,14250,5131,1671,13583,3542,-908,13563,2909,-204,12745,2859,3955,13406,2497,1957,11155,3993,155,16482,2073,4119,11283,6758,431,16326,3223,23,12491,4478,3597,13862,3068,2930,12893,2537,4526,14340,2660,372,13849,5049,2605,15623,5036,3129,13893,4555,-1712,14575,2839,1911,14146,3926,3293,14061,2626,276,13157,1884,130,13976,3514,1253,14315,4526,1089,13987,3846,-689,13655,3946,-459,13416,3885,2892,13184,2657,1888,13049,2865,-233,12021,3647,3924,15375,3259,3985,11765,5206,-2449,15995,3968,1730,12550,4745,5390,14370,2185,1474,12200,2848,2587,14834,2461,2825
13817,2456,1400,13431,3105,2835,14599,4768,3887,14906,5112,-111,14633,4197,92,13892,3867,3229,14268,3323,1433,14088,2438,393,13529,2490,1444,13580,3478,1345,14458,4149,-571,14167,4389,-866,13506,4251,2549,13313,2974,1617,12926,2609,-452,13332,2880,2226,12805,3352,3478,13530,3469,346,14257,4821,839,14042,4995,3961,13519,3334,2082,13358,2674,992,14097,2991,3238,13205,3991,3981,14726,3508,1215,14528,4908,93,14751,5122,2753,13980,3367,1726,13907,2450,-991,14140,2519,2464,13733,3191,2601,13645,2881,-949,14144,3680,-120,14267,5372,1639,13877,3825,521,12861,2653,-381,13174,2627,2534,13386,3742,3208,13095,2891,430,13410,3855,745,14082,5053,3598,13875,4650,2061,13388,3132,901,13806,2926,3491,13419,3146,4018,13690,2761,1181,14385,3821,997,14769,5453,3155,14417,4643,1245,14375,3525,-409,14098,3219,1635,14073,2823,2735,13465,2389,-117,13922,2877,-206,13984,5039,2292,14344,4414,11,13248,3345,-1170,13416,2954,2207,13210,3094,2845,13058,2576,149,13186,3079,540,13701,4748,3451,13980,4497,2256,13684,4010,485
14296,5160,2698,14074,4551,787,13769,2957,2650,12601,3514,4173,14469,2593,1474,13126,3469,1317,14466,3844,3866,14430,5078,2502,15008,4585,-796,14197,3879,1370,13945,3532,2741,14255,2301,475,13432,2499,659,13765,3177,2241,14107,4028,611,14040,4077,-1234,13920,3999,493,13250,3808,2487,13317,2556,516,13237,2769,599,13055,3312,3776,13414,3846,1924,13899,4750,-667,14060,4259,2866,13051,3725,3736,13877,2478,1393,13427,3002,2164,13913,3905,4137,14103,3673,2408,14526,4561,-341,14696,4806,1799,14351,4270,3392,14299,2691,122,13718,2884,177,14051,2802,4562,13246,2457,448,14141,3709,-2955,13785,5089,2334,14685,4139,1377,12749,3157,-223,13433,2019,1458,12831,3449,3225,13588,3038,2131,12999,4077,-1433,14359,4380,2704,13269,5143,4212,14263,2989,411,12873,3325,1940,14092,3156,4359,13401,3049,2207,14042,3042,186,14815,4954,2843,14548,5265,2660,14446,3541,-399,13766,2762,613,14277,3455,2926,13977,2628,1368,13939,2688,-1076,13651,3892,1149,14460,4697,1839,13859,4302,-1234,13707,2919,357,12814,3403,3107,13346,1991,1485
13022,3051,2981,13138,2443,2061,12679,2724,-4,13940,3523,1938,13317,5379,2473,14185,3829,1425,13426,3752,1235,13772,3564,4110,13267,3433,3682,13916,2444,465,13586,4194,2526,15084,4975,3735,14625,4845,642,14374,3435,613,14022,3731,2910,13893,2992,1756,14159,2283,-273,13447,3035,1509,14251,4047,2081,14117,4078,-172,14088,3607,-615,13328,4302,1632,13444,2800,1816,12761,2341,27,13159,3270,2048,13601,4481,3695,13632,4062,-60,13856,4272,594,13876,4521,3887,13524,3134,2577,13109,2502,1698,14171,2872,2734,13311,4425,3668,15049,3529,1062,14298,4733,78,14526,4539,3091,13917,3440,2192,13946,2866,-677,14099,2611,2012,13461,3326,2720,14411,3295,-1157,14175,4187,-302,14178,4746,2204,13736,3708,444,13318,2680,-207,13022,2745,2199,13129,3257,3337,13282,3128,646,13580,4215,70,13919,4692,3879,13523,4061,2324,13514,2749,857,13248,3030,3927,13460,3703,3663,14527,3448,909,13876,3871,1358,14608,4681,3390,14661,4624,1533,14451,3633,-23,13822,3285,1908,14100,2878,2800,13758,2625,22,13976,2982,-263,14085,4891,2029
13610,2957,-696,14188,3954,1738,14144,4405,1408,13795,3767,-1429,13761,3513,647,12897,3476,2830,13448,2009,1135,12815,3139,226,13678,4218,2511,13705,4642,2703,13673,4056,-10,13861,3835,2576,13249,3764,4352,13847,2509,1706,13721,2959,958,13789,4394,3413,14608,4493,3026,14548,4420,-91,14270,3893,1407,14023,4133,3336,14080,2779,-98,13954,2515,169,13326,3451,2597,14433,3706,713,14190,3984,-744,14117,4182,624,13587,4225,2049,13410,2420,334,12995,2619,472,13309,3798,3090,13584,3644,2360,13284,3785,-342,14052,4512,2002,13433,4574,4008,13785,2724,1703,13049,2701,1820,13954,3618,3661,13772,3728,2689,14310,3696,364,14181,4696,2136,14937,4933,3128,14292,3645,758,13712,2489,-192,13801,3144,2658,14114,2924,1805,13930,3128,-1111,14224,4076,1173,14412,5298,1546,13605,3151,-526,12916,2480,-21,12982,3215,3214,13623,3068,2389,13061,3603,-238,13677,3837,1720,13038,5135,2937,14375,3310,1364,13264,3733,2030,13520,3092,4454,13663,3434,2580,14116,2931,344,13725,4096,2155,14675,4927,3621,14900,4605,792,14342,3437,715
14594,4382,1597,14576,3443,453,13812,3634,2298,13926,2829,1385,13950,2577,-27,13954,3131,1051,14071,4334,2179,14174,3679,-121,13666,3819,-1421,13821,4441,1775,13365,3145,2315,12744,2126,577,13412,2985,2000,13149,4299,2442,13725,4057,329,13792,4106,678,13739,4142,3906,13349,3270,4245,13438,2602,872,13885,3086,1588,13756,4973,3530,14901,4020,1521,14071,4183,901,14329,3838,3065,14188,3744,2141,14228,3246,-1101,14053,2832,864,13526,3673,3018,14367,3427,155,14066,3813,-507,13844,4328,1492,13526,3358,755,13186,2749,-589,13135,2996,1814,13379,3983,3552,13608,3426,778,13438,3925,-177,13604,4879,3300,13790,4014,2830,13236,2805,1357,13637,2442,3205,13378,4117,3635,14594,3804,832,14234,4246,626,14339,4776,3297,14334,3960,2263,14234,3338,69,13974,3109,1309,13832,3200,2369,14004,2739,227,14166,3434,-370,13899,4752,2334,14422,3926,723,13269,3083,-1432,13300,2802,1617,12997,4000,2900,13846,2992,773,12820,3309,787,13578,4085,3062,13716,4805,2160,13921,4091,447,13441,3121,3247,12935,3442,4065,14308,3020,1380
[row took 87697us]
13032,3151,3736,14178,3226,1949,14061,3903,1093,14025,4232,3398,14499,4433,2934,14628,3937,-519,14132,3653,1397,13910,3525,3126,14099,2375,441,13675,2428,-44,13961,3780,1717,14400,4822,967,14433,4101,-1160,13252,3313,699,12913,3275,3045,13621,2788,865,13057,3155,-41,13197,3630,2714,13436,4208,2459,13987,4140,305,13765,4104,2564,13316,3560,3995,13642,2748,1536,13781,3473,953,14168,4176,3861,13899,4148,3275,14700,3876,337,14336,4120,1174,14151,4258,3024,14365,2806,458,13898,2766,-290,13782,3291,2807,14007,3776,1439,14419,3791,-1387,14024,4159,497,13295,3751,2055,13246,2242,549,13059,2817,211,13640,4051,2750,13191,4014,2323,13606,3471,-505,13639,4424,2225,13619,4679,4208,13726,2599,1701,13133,2620,1265,13803,3583,3538,14091,4355,2913,14418,3950,384,14485,4403,2144,14501,4424,2814,14295,3320,485,13996,2835,-62,13801,3214,2624,13799,2852,2011,13930,3371,-959,14361,4427,774,14313,4771,1720,13340,3046,-653,13057,2217,178,13106,3752,3019,13653,3773,1970,13002,3170,-94,13596,3574,1778,13340,5192,3305
13787,4265,932,13979,5175,3764,13552,3269,1776,13216,2536,1430,13760,3823,3478,13807,3809,3808,13773,3459,956,14587,4255,892,14469,5094,4081,14572,3430,946,13653,2391,-245,13939,3258,2408,14606,3858,2055,13729,2893,-104,13856,2925,-33,14233,4923,1818,14349,4030,181,12920,2739,-515,12995,3233,2438,13711,3544,2454,13104,3283,-37,13358,3436,1151,13802,4834,3348,13799,4428,1220,13594,3043,1244,13166,3094,3946,13629,3352,3571,13962,3190,1166,13583,3539,1775,14385,4646,3608,14945,4563,1097,14043,3438,373,14009,3826,2856,14482,3537,1643,13967,2800,-175,13710,2672,1120,13885,4492,1699,14583,3875,-121,13773,3810,-802,13511,3857,1805,13477,2838,2014,12918,2731,-170,13521,3475,1821,12975,4911,3141,13928,3184,808,12917,3500,451,13821,4522,2877,14022,3786,4500,13462,3152,695,13842,2882,2085,13707,5027,4061,15134,3515,1168,14083,4519,570,14511,3863,2550,14066,3552,2560,14312,2850,-483,14071,3271,569,13551,3455,2789,14097,3469,-196,14081,3745,-1205,13914,4583,2051,13351,3542,1369,13125,2715,-685,13102,3003,1876
13019,2241,-425,12739,2731,922,13223,3806,3613,13645,4017,2057,13650,3930,243,13681,4911,1866,13883,4366,3485,13485,2623,1706,13491,2651,2271,14077,3567,4311,13879,3997,1845,14608,3756,221,14285,4743,2552,14468,4215,2784,14106,2947,1136,14245,3019,-11,13832,3687,2486,13698,2815,1233,14029,3738,-1324,14021,4356,2192,13988,3619,1710,13090,2967,-1493,13764,2704,933,13101,3947,3236,13253,2535,1709,13089,3963,140,14419,4830,2499,13379,4415,2981,13451,3109,187,13209,3035,2666,13763,4025,4652,13805,2994,1868,13524,3413,259,14974,4680,3086,14481,4941,2674,14253,3438,-437,13839,2979,1920,14299,3428,3224,13879,2947,248,13884,2392,-348,14186,4817,1214,14332,4397,1472,13532,3388,-816,13815,3660,601,13157,3998,2798,13207,2179,816,12979,3198,341,13685,4189,3212,13621,4424,2684,13685,3616,151,13328,3250,2225,13299,3533,4185,13957,3457,1842,14207,3148,1622,13323,3878,3737,14650,4093,2361,14835,5098,-78,14546,4049,1419,13572,3912,3238,14321,2331,811,13988,3054,-163,13858,3105,1914,13904,3348,894,14179,3955,-1520
13982,3882,2112,14179,3469,-510,13930,4180,-89,13547,4411,1997,13595,2932,995,13000,2343,-376,13172,2880,3199,12961,4276,2886,13992,3578,228,13878,5094,1321,13609,4290,3214,13342,2248,2485,13515,3129,1253,14166,3626,3459,13577,3831,3385,14236,3525,37,14323,4381,1477,14634,4973,3129,14385,3391,1528,13647,2562,-35,14067,3378,1457,14099,3166,2232,13977,3403,-1258,14228,4102,192,13800,4657,2739,13628,2859,41,13244,3003,-402,13568,3486,2147,13217,3408,2084,13094,2612,901,13449,3955,1193,13635,5449,3313,14174,3229,2539,12957,3273,385,13839,3254,3773,13644,4174,3603,14021,2698,946,13828,3901,2384,14695,5206,3299,14966,4358,863,13782,2948,145,13699,3351,1946,14533,3828,2317,14261,2966,233,13467,2803,391,13980,4316,1814,14493,4128,-403,13531,3492,-845,13098,3304,2529,13433,2929,2182,13248,3183,-179,13423,3239,1277,13106,4218,3065,13738,4377,921,14187,4067,1203,13255,3877,3786,13385,2878,2960,13854,3194,938,14114,3427,1976,13528,4514,4119,14819,3989,1487,14469,4712,-169,14417,4089,3097,13555,2729,1817
14129,3724,2583,14040,3760,2656,14356,3083,-308,14199,2412,625,13437,3113,2423,13955,3477,401,14327,4021,-912,14041,4572,1462,13216,3761,1873,13353,2324,-143,13230,2785,887,13206,3679,3426,13395,3454,1600,13450,4661,-755,14318,4537,3609,13069,4156,3503,13690,1899,1192,13376,3283,2245,13958,3803,3452,13557,3355,2457,14507,3761,207,14768,5023,2619,14173,4248,3252,14058,2931,-385,14074,3184,550,14358,3984,3067,13796,2638,554,13675,2548,-607,14186,4993,1422,14772,5134,1583,13337,3398,-922,12340,1550,689,13558,3032,3789,13883,3806,792,13032,3222,-121,13279,4123,2091,13926,4911,3200,13813,3885,1500,13401,2587,2251,13047,3502,4177,14561,3276,1468,13663,3605,631,14370,4097,3764,14438,5140,3034,14796,3966,-213,13900,3509,1080,13926,3404,2573,14325,2908,799,13882,2873,-49,13721,3332,1971,14021,4001,1342,14029,3669,-1291,13549,3685,498,13183,3487,2605,13595,2512,579,13107,3516,52,13873,3376,3372,12907,4290,2668,14029,4072,-555,13928,4110,2524,13110,3510,4043,13893,2492,1610,13477,3671,1457,14338,3855,3664
13119,2859,1214,14121,2966,3078,13401,4353,3900,14944,4211,924,14214,4418,429,14299,4497,3218,13838,3344,1654,13910,2631,-500,14198,2771,2308,13901,3376,2406,14157,3807,-1552,14290,3917,295,13671,4294,2541,13501,3416,523,13564,2729,-185,13287,3090,2106,13131,3291,2384,13343,3282,625,13518,4735,649,13939,4967,4237,13528,3609,2417,13345,2668,218,13611,3045,3656,13628,3649,3319,13802,2904,1054,14393,4320,2068,14721,5535,3014,14605,3960,1258,13909,3035,-329,13991,3151,1969,14379,3316,3022,13748,2631,-225,13992,3234,-276,14160,5304,2002,14348,3966,163,13266,3561,-960,13337,3001,2051,13252,2816,2839,12702,2563,-480,13639,3160,1413,13420,5143,3232,14147,4089,1011,13176,3557,1372,13615,3490,3192,13477,3484,3929,13775,2905,929,13858,2719,1862,13937,5279,4218,15093,4375,1280,14226,4152,-4,14099,3725,3035,14145,3237,2040,13964,2815,-208,13725,2427,1235,13822,3927,2320,14387,3754,-40,14099,3943,-615,13533,4057,1458,13415,3215,1516,13323,2313,83,12966,3169,1311,13563,3878,3514,13403,4207,927,14038,3955,-157
13624,3328,2177,13273,4552,-978,14455,4735,2827,12989,4555,4032,13885,2392,1017,13167,3231,2271,14038,3653,3416,13655,3403,2293,14168,3913,502,14751,5065,2474,14441,4739,3583,14109,3095,229,13842,2754,64,14030,3537,2989,14050,2603,1217,13632,3164,-864,14308,4431,1424,14445,5088,1673,13479,3702,-1073,13514,2303,313,12882,3422,3216,13663,2550,1552,12868,3252,172,13941,4102,2335,13558,5667,2650,14217,3727,988,12820,2839,1905,13518,3074,4366,13836,3402,2433,13935,2853,513,13404,3941,3272,14798,4776,2956,14955,4954,212,14185,3475,1461,13797,3513,2807,13990,2707,746,14274,2488,336,13659,3678,1436,14430,4152,1521,13990,3994,-631,13785,3722,70,13334,3681,2420,13340,2315,909,13001,2577,306,13532,3587,2284,13161,4290,2738,13564,3964,126,14092,4253,1800,13350,4223,3992,13948,2410,2167,13059,2660,1386,14223,3364,2714,13573,4651,3683,15000,3919,615,14341,4470,948,14144,4502,3519,14316,3066,931,13879,2849,-519,14037,2815,2804,13530,3111,1736,14244,3460,-1247,14261,4246,540,13896,4583,2031,13433,3014,0
13905,4758,1777,14016,4049,605,13690,3210,-703,12964,2889,1882,13079,2682,3658,12980,2611,61,13408,3885,-8,13853,5494,3478,14352,4174,2682,12785,3512,782,14243,2640,3150,12961,4248,3928,14460,2850,1027,13235,3665,1383,14509,4714,3727,14813,4589,2317,14256,3993,-451,14086,3460,1671,13701,3217,2695,14320,2340,151,13725,2745,390,13985,4444,1835,14235,3987,160,13662,4205,-1294,14017,4134,1428,13038,3218,3147,12965,1434,808,13005,3047,64,13611,4752,2929,13831,4409,1790,13573,3765,116,13581,4044,3674,13683,3839,3621,13847,2614,1297,13518,3200,1440,13758,3912,3775,14306,3946,2799,14434,4224,-76,14436,4590,2325,14199,3616,2779,13860,2933,-958,14124,2574,1305,13697,3724,2970,14169,3456,292,14106,3788,-805,13911,4345,881,13555,4047,1833,13616,2880,-441,13288,2394,1454,12745,3662,4005,13915,3183,771,13238,4406,-645,13820,4435,3109,13469,4319,3497,13695,2799,1325,13598,2523,2482,13250,3710,3695,14479,3573,1591,14238,4393,676,14345,4599,3282,14318,4191,2875,14373,3177,-210,14241,3043,843,13827,3406,2590
14182,3109,743,13899,3264,2660,13919,2307,1674,13652,2778,-773,14329,4208,844,14040,5489,1891,14184,3541,-701,13024,2912,-37,13275,3208,2983,13378,3209,1503,12870,2942,-101,13462,3371,2421,13352,5046,3012,14417,4181,885,13285,3732,1642,13496,2942,3860,13363,3225,2557,14183,3225,917,13812,4169,2960,14473,4775,3297,14767,4687,58,14387,3982,646,13923,3716,3433,14208,2449,1195,13685,2221,-374,13840,2987,1772,14163,4593,1516,14435,4797,-978,14133,3760,-76,12777,3426,2479,13519,2362,1416,13043,3153,-292,13396,3115,2323,12653,4092,3136,14153,4072,69,13896,4825,1491,13795,4113,4042,13169,2500,2007,13516,2881,864,14065,3528,3607,13558,4272,3684,14634,3667,673,14423,4503,770,14397,4781,3058,14300,3298,1420,13839,2634,-422,13909,2710,2332,13769,3255,2260,14101,3939,-1207,14275,4531,-50,13909,4289,2070,13077,2890,475,13570,1948,34,13040,3660,2412,13388,3414,2535,13100,3612,78,13848,4294,1003,13724,5152,3936,13915,3462,2200,13265,2530,905,13707,2817,3534,13534,3937,3635,14382,3455,796,14370,4308,1803
13399,4273,891,16440,3101,2885,12744,5429,1214,15583,3898,804,12973,3491,2496,14907,2706,-224,13472,3662,3878,13959,2588,254,13756,3364,-627,14697,5494,1948,13412,3956,-636,13492,2208,406,13426,2756,2374,13163,4177,1458,13186,2892,951,13342,3351,937,13518,5203,1940,13988,4496,2527,13476,3333,1472,13481,3232,2514,13469,3543,4852,13748,2914,1392,13683,3218,284,14687,5183,3863,14736,5129,1520,14417,3729,346,13795,3389,2415,14036,3137,2083,13918,2712,841,14073,2492,-450,13542,4301,1665,14532,3891,1364,13926,4052,-1943,13626,3780,1531,13421,2976,3291,13095,2403,-207,13702,3207,512,11621,5084,4008,15936,2665,2514,11611,5786,-2531,15765,3681,3671,12337,4127,5184,14186,2303,493,12689,3012,2677,14528,3484,3333,13752,5095,2499,15567,4601,-346,13696,4141,1541,13885,1763,4817,13926,2954,-675,14934,3567,-933,13444,3966,3912,14079,2824,-246,14034,4285,-1702,14625,4728,1974,13096,3718,1639,12816,2097,39,13542,3199,576,13269,4320,2864,13584,2937,2427,13046,3991,-686,14169,4990,2402,13496,4194,4146,13362,2156,754
13455,4394,4350,13593,1928,1335,12774,2545,1755,14218,3820,4239,13935,4005,2904,14433,3680,-60,14375,4960,1569,14632,4288,3488,13967,2471,1052,14021,2997,-283,14335,4044,3012,13922,3337,1809,14004,3507,-1742,14191,4415,997,14028,4737,2097,13382,2793,-334,12990,2382,33,13118,3389,2573,13403,2821,2513,12887,3245,470,13829,4759,1154,13787,5217,3855,13557,2748,1123,13051,2460,1380,13530,3552,4740,14295,3378,2756,13300,3520,730,15281,4791,1973,14565,6665,2579,14971,3688,386,13366,2462,612,13971,2663,3051,14022,3300,2177,13938,2927,-1283,13705,3821,629,14520,4717,2070,14266,4636,-1396,13158,2279,116,12547,2843,3248,14233,3675,862,12564,2641,323,13295,3155,1982,13772,5304,3395,14462,4910,276,13355,3596,805,12942,2988,4692,13681,3371,2659,14027,2941,1476,13755,3532,3218,13854,4638,2870,14907,4858,342,14545,4266,638,13812,3298,3949,13649,2000,1709,14322,3050,-885,13815,3367,2240,14177,4190,1370,14268,4066,-855,14342,3972,514,13502,4122,1703,13161,2340,1017,13074,2474,-106,13201,3447,2495,13355,3839,3770
13194,2721,1256,13128,4990,2868,14209,2629,2383,12849,4508,-126,13378,4689,1553,14316,3393,4936,12941,3369,333,14562,2117,2648,12718,4322,4599,14513,2922,794,14249,5185,1448,14906,5153,2049,13943,3550,2544,13885,1941,1192,14130,3617,-60,14313,3188,2702,13600,3223,491,14093,3754,-1713,14171,4827,2506,13885,3725,1231,13254,2902,-1266,13454,3100,1476,12896,4179,2622,13562,2010,1840,12639,3607,94,14077,5448,2042,14060,4085,3682,12947,3363,-78,13764,2770,3245,13366,3866,4706,14386,2301,1223,13391,4281,1071,14862,5183,2753,14591,5055,2557,14437,3721,459,14076,3402,1447,13763,2782,2911,14014,2217,115,13814,3336,-495,14039,4812,2453,14197,4178,1181,13721,3722,-1036,13492,3191,1237,13330,3336,2227,12904,2338,412,13218,2933,1469,13410,4977,2959,14372,4479,1797,13150,4070,190,13910,3824,2468,13054,3700,4489,14018,2647,1425,13416,2535,1847,13931,4559,3612,15044,4936,1378,14420,4561,58,14054,3799,2106,14013,3275,3105,14247,2842,284,14041,2510,-8,13361,3673,2216,14421,3873,292,14334,4835,-1025,13962,3916,1732
13963,3839,-1171,14617,4281,617,13490,4234,1686,13270,1974,521,13000,2279,366,13586,3493,2932,13512,3863,2103,13101,3962,-1206,14191,4375,2324,13600,5183,4095,13886,2324,1829,12644,2807,1773,14441,3444,3281,13551,3703,3153,14114,3612,389,14741,4922,2125,14825,5329,3270,13960,2966,570,13688,2017,279,14044,3723,2646,14407,2978,2045,13619,3056,-684,13994,4151,342,14408,5087,2271,13741,3578,-518,13259,2242,-193,13161,3099,3196,13370,3001,1690,13180,3090,351,13666,4405,1408,14021,5243,2516,13764,3682,1641,13182,3193,1223,13491,3244,4509,13539,3566,2836,13904,2543,561,13740,4028,2421,14817,5404,2940,14822,4676,717,13870,3272,796,14043,3570,2936,14188,3139,1815,14015,2381,-644,13541,2908,1107,14095,4477,1641,14321,4313,-355,13989,3768,-7,13028,3365,2170,13334,2547,1599,12941,2920,-366,13793,3440,2478,12987,4522,3284,13910,4415,-477,13767,4370,1708,13331,3900,3794,13640,2403,2902,13334,3384,1378,14401,3012,2768,13033,4437,3919,15117,3944,256,14738,5142,585,14045,4175,3715,13706,2535,1738,13970,2973,-313
13778,3683,2336,13677,1896,-265,14271,3112,1272,14430,3612,2805,13917,3071,-78,13637,3583,-1013,14113,4694,1996,14088,4197,1356,13372,2671,-694,13230,2520,1056,12909,3364,3065,13309,2756,1116,13231,3583,291,14027,5006,3160,13928,4946,2929,13442,3153,470,13446,2325,2458,13259,3678,4502,14244,3018,2097,13687,3959,752,14639,4585,3439,14552,5009,1984,14432,3670,-244,13932,2938,2355,13994,3177,3051,14178,2937,497,13976,2907,-801,13707,4489,1337,14274,4120,1392,13751,3846,-870,13682,3264,1229,13046,3149,2826,13419,1792,-222,12754,3299,67,14102,4156,3651,13189,4938,1848,13850,3793,102,13841,3748,2886,13207,3812,3305,13885,2704,1764,13582,2888,1488,13620,4201,3973,14742,4741,2555,14421,4606,-517,14183,3886,1921,13913,3620,3354,14047,2649,269,14153,2340,387,13533,3743,2697,14420,3920,-26,14131,3825,-796,13765,3790,1520,13514,3956,2080,13595,2884,331,13375,2366,319,12809,3686,2736,13817,3387,2365,13120,4556,-667,14373,4316,2729,12886,4833,4005,13936,2591,537,13007,2846,2438,13934,3306,3831,13624,3236,2728
13381,3162,4035,13557,3510,3177,14482,3263,679,13701,4050,1771,14762,4931,3538,14518,4636,926,14440,3236,119,13705,3364,2480,14244,2500,2202,13790,2782,-336,14030,3247,368,14147,4975,2121,14282,4126,-165,13600,3231,-803,13074,3068,2366,13473,2417,2161,12801,2573,-117,13754,3865,1572,13486,5032,3007,13868,3829,1074,13366,3681,1182,13766,4007,3592,13653,3089,3613,13356,2559,795,13955,3175,2193,13895,4989,3783,15036,4202,1165,14300,4276,242,14300,3738,3168,13957,3243,2096,14116,2767,-685,13979,2577,1751,13548,3714,2305,14302,3684,-376,14002,4305,-390,13787,4332,1675,13316,2808,1431,13241,2407,-85,13252,3007,1545,13239,3879,3797,13418,3689,76,13921,4662,14,13813,4278,4400,13202,2948,2457,13490,2666,1207,14038,3304,2940,13614,3572,3552,13747,3596,1316,14777,4555,481,14689,5279,3565,13902,3787,2112,13825,2744,-645,14144,3176,1506,14377,3274,2981,13449,2675,-225,14062,3365,-520,14310,5287,2007,14157,4088,692,13109,2611,-996,13396,2693,1781,13122,3838,2909,13531,2470,672,12924,3367,763,13988,4913,2474
12935,3496,179,13977,4290,2153,13441,4931,2650,13721,3705,697,13699,3574,2158,13456,4208,4133,13929,2705,2436,13669,2911,841,13559,3818,2974,14355,4348,3106,14892,4792,595,14688,4300,1163,13870,3575,3179,13573,2297,394,14360,2754,-199,14041,4178,2515,13921,3749,1130,13830,3270,-583,13907,4111,491,13671,3979,2022,13408,2632,676,13190,2530,-146,13401,3659,2900,13321,4106,2623,13546,3682,-417,13591,4129,2360,13579,4667,3674,14136,3043,1544,13122,2364,1767,13754,3457,3150,14212,4190,3224,13979,3818,510,14388,4404,1339,14511,5031,3324,14507,3073,832,13392,2388,62,14071,2883,2419,14057,3396,2081,13999,3488,-1088,14386,3759,627,13728,4924,1742,14095,3141,-289,13630,3488,-216,12702,3628,2851,14151,1721,4108,11593,3634,-1459,14698,3662,598,13233,5674,4578,14438,3295,1042,12948,3087,1734,13845,3204,4132,13541,3532,2921,14429,3186,946,13272,4175,1554,14784,4603,4441,14633,4411,1463,14397,3355,-915,13609,3595,2893,14368,2700,1646,14035,2958,-436,13953,3113,1556,13955,4428,1593,14019,3618,-458,13765,3840,-962
14440,4344,426,14098,3940,-1041,13197,3128,1347,13085,3084,2320,13650,2869,-266,13315,3238,1054,12828,3731,3489,13904,3751,1005,13784,4805,224,13792,4352,3573,13031,3200,3640,13515,2328,996,13913,3164,2116,13954,4623,3757,14379,3851,1567,14370,4596,513,14659,4660,2751,14175,3947,2971,14184,2584,-390,13963,2647,189,13649,3650,3060,14260,3174,274,13995,3674,-782,13916,4741,1709,14069,3566,1366,12826,2448,-564,13362,2586,1164,13457,4418,3178,13489,3358,1536,13222,3043,40,13478,4691,2782,14015,4605,3341,13806,3268,923,13141,2524,2321,13449,3573,4071,14541,3834,1974,14013,3795,530,14192,4496,3231,14348,4457,2498,14523,3459,-34,13868,3012,1533,13948,3026,2315,14003,2567,694,13948,3273,-538,14076,4513,1793,14317,4540,1484,13748,3065,-1206,13177,2828,1075,13199,3490,2950,13740,3198,541,12960,3359,536,13472,3714,3096,13439,5004,2398,14268,3780,515,13283,3480,2595,13135,2899,3880,13826,2683,1732,14161,3558,1362,14009,4344,3426,14456,4233,2615,14518,4394,-344,14499,3805,1576,13847,3690,3378,14322,2339,99
14093,4171,3443,14219,2850,913,13791,2590,-309,13934,3171,2104,14008,4509,1573,14351,4168,-965,13906,3392,-298,12873,3393,2416,13535,2721,1276,13259,3200,-160,13325,3628,2443,13020,3974,2995,13876,3723,21,13707,4166,1582,13810,4194,4255,13391,2952,2126,13555,2908,1015,14121,3882,3389,13871,4727,3268,14608,4148,591,14433,4249,1028,14055,4461,3106,14232,2969,1593,14013,2759,-495,13938,2911,2146,13735,3240,2060,14125,3840,-1178,14240,4130,48,14039,4495,2096,13165,2792,519,13445,2256,-43,13025,3925,2513,13618,3713,2621,13106,3392,114,13701,3993,972,13540,5024,3778,14131,3527,2149,13107,2957,1058,13843,2991,3538,13550,4157,3518,14101,3964,315,15621,3697,3542,12949,4354,2465,14220,3815,-1295,14100,2938,2894,14459,3823,607,14325,3025,2789,13272,3233,139,14600,3327,-212,14115,5669,2474,13754,3282,-1420,13331,2252,440,13292,2897,3614,13381,4144,603,13112,3078,512,13537,3030,1975,13149,5529,1405,14267,3838,2370,13274,3354,1979,13406,3294,2957,13494,3309,4686,13830,2980,167,14034,3746,1371,14533,5063,4116
14852,4085,761,14090,5389,3544,14468,3982,1731,14251,3582,-94,14572,3400,3020,14111,3344,2002,13972,2604,-860,13717,3207,347,14182,4747,2068,14087,3790,657,13415,2962,-762,13577,3431,1358,13352,3878,1713,13254,2204,108,12681,3455,1413,14012,4484,3609,13545,4679,1500,13860,3545,150,13274,3150,3032,13343,3433,3831,13890,3087,1720,14037,3166,1818,13544,4579,3591,15099,4693,1377,14187,4909,-144,14131,3302,2949,13547,3342,3439,14582,2768,-638,13971,2829,228,13320,3648,2318,14413,4177,-30,14404,4139,-397,13718,3703,1980,13180,2883,1633,13469,2591,-1155,13453,3245,568,13087,3897,3817,13441,3596,1786,13803,4670,-162,13989,4974,2867,13393,3836,3035,13312,2116,990,13167,2727,2671,14006,3989,4499,13838,3934,2069,14619,3908,-32,14442,5176,2029,14424,3481,2803,13754,2434,671,14422,3379,318,14289,3981,3261,13391,3034,699,14167,3618,-1899,14307,4892,1972,13972,3758,1915,13104,2616,-1101,13432,2870,792,13230,4094,2462,13349,2626,1945,12724,3466,288,14440,5101,1994,13587,4511,3839,13099,2011,405,13061,2456,2305
13733,2631,1263,12660,2746,2061,13664,3293,4125,13942,3993,3369,14121,3506,171,14067,4131,1703,14729,4895,3486,14615,3842,404,13781,2809,1115,13833,3175,3238,14227,3319,1352,14246,2980,-903,13964,3925,648,14363,4599,1720,13957,3313,-443,13120,3091,242,13555,3413,2598,13198,3018,1837,13158,3313,-276,13866,4681,1165,13073,4204,4362,13963,3103,429,11916,3829,-623,14908,2977,6127,12958,4142,2219,14631,2193,607,13083,4794,3652,15303,4111,2408,14173,4866,1414,14557,3399,-171,13573,4024,3503,14266,2202,2968,13844,3730,-1617,14359,3537,1418,13983,4416,1809,14330,3393,-1741,13457,2979,288,13299,3574,2877,13370,3009,782,13255,3185,-129,13314,3522,2209,13111,5281,2356,14835,2224,1629,12493,4790,322,13581,3984,2498,13737,2553,4514,13228,3419,2,14934,3341,3594,13318,5148,3516,14491,3396,-57,14115,5175,2117,14533,4468,2678,13737,2483,2488,13564,1662,801,14071,4205,305,14449,3873,2110,14092,3588,-741,13732,3560,-610,14158,3882,2946,13591,3005,545,13105,2734,-794,13691,3903,2023,13430,4375,2301,13537,2382,966
[row took 87871us]
13144,4678,2699,14229,3680,319,13271,3756,490,13400,4454,2552,14032,4102,2929,12996,2499,1375,13344,2176,2244,13078,4074,4037,14813,3852,1165,13627,4404,1185,14575,4470,3589,14352,4356,1953,14514,2910,457,13553,2528,1999,13763,3327,1816,14498,3695,496,14488,4017,-41,13789,4518,1713,14099,3010,1060,13584,3414,-1344,13739,3198,1832,12786,3418,2965,13397,2256,-2,13259,4117,407,14072,5015,2845,13369,4295,1767,13585,2902,512,13254,3376,3374,13304,3120,4176,13621,3021,1556,14156,3422,795,13960,4949,3881,14580,4210,2183,14385,4318,0,14108,3525,2466,13800,3213,3329,13902,2907,-517,14568,3324,28,13744,4789,2727,14396,3159,365,13756,3363,-998,14226,3572,1303,13045,3368,1854,13213,2113,211,13205,3202,650,14003,4465,3112,13531,4533,596,13596,3618,-734,13545,3972,3465,13152,3926,3952,13483,2090,1742,13218,3224,1920,14061,4302,3091,14212,4255,1900,14290,4000,352,14535,4699,3152,14206,3893,3118,13809,2031,235,13595,2541,729,14467,4330,2347,14396,3824,1088,14188,3446,-1034,13869,4390,1251,14303,3995,2277
14105,3512,340,13637,4027,2378,13727,2934,-24,13530,2620,-311,12934,3295,2613,13536,3135,1589,13397,4123,-286,14284,4021,1785,12905,4906,2884,13883,2986,1226,13109,2955,1797,13443,2883,3864,13460,3097,2741,13790,3722,457,14522,4665,2405,14099,5438,3749,14606,3626,1012,13994,3090,758,14016,3346,3466,14234,2735,1448,13626,4100,-871,15282,2528,2873,12598,4722,1055,15644,3273,-1682,12586,4242,968,14367,2284,1928,12252,3405,2164,14095,2216,-128,13069,4276,1596,14046,4586,2795,13382,4451,-1118,13895,3485,2082,13159,3762,4817,13786,2596,2048,12918,3398,1075,14763,3646,2201,13313,4733,3225,14384,3226,940,14345,4622,1567,14654,4273,3322,13752,2491,1834,13346,2305,-508,14792,3995,1325,14516,4842,2606,14254,3426,-682,13429,3187,-482,13878,4051,2449,13956,3093,780,13146,2571,-319,13319,3169,1434,13576,3983,2626,13225,3625,586,13514,3792,188,13627,4874,3880,13976,3463,2977,12917,2530,763,13405,2651,3031,13848,4468,3696,14616,4204,1154,13843,4262,1013,14540,4565,3878,14545,4132,1865,13877,2825,-66,13618,2695,2664
14634,3400,562,13678,2760,2032,13820,3263,2601,14156,3519,384,14549,3250,-356,13826,4212,1835,14155,3598,1697,13779,3635,-477,13873,2780,718,12828,3663,2269,13637,2322,271,13106,3691,104,14098,4308,2982,13273,4612,2294,13741,3633,-377,13654,3690,2804,13134,3641,3878,13536,2457,2003,13596,3601,1172,14433,4201,3050,13624,4379,2723,14554,3734,289,14439,4161,2135,13950,3596,3601,13695,2583,585,14210,3132,-526,14628,4147,2456,13919,3743,1435,14113,3463,-1394,14162,4138,1171,13732,3978,2496,13144,2573,-160,13329,2496,67,13315,3935,2601,13657,3599,2442,13261,3793,-656,13885,4313,1715,13302,4306,4394,13270,2541,1420,13245,2401,1586,13718,3793,3903,14097,4241,2385,14560,3925,326,13793,4165,2582,14459,4359,3819,14450,3684,699,14081,2829,362,13749,3766,2376,14606,3340,1393,13773,3519,-423,13997,3118,1005,13949,4409,1975,14137,3408,-536,13346,2745,-206,12851,3086,2596,13677,2699,1684,13149,3638,-378,14231,4336,1753,13175,5014,2599,13984,3270,675,13295,3077,2118,13545,3450,4098,13523,3047,2866,13968,3222,272
13046,3254,3633,13689,2262,1088,13783,3862,1492,14528,4921,3484,14080,4207,2217,14217,3571,323,14180,4060,3004,14131,3383,2936,13958,2888,-848,14192,3235,881,13887,4025,2920,14225,3365,-37,13948,3602,-634,14215,4172,1821,13340,3558,1497,13331,2139,-626,13262,3229,1267,13666,4229,3158,13712,3418,1071,13163,3440,-145,13691,4838,2614,13968,4177,3987,13178,2439,1053,13348,2565,2675,13625,4480,3632,14652,3488,1184,13242,4076,948,14615,3931,3190,14336,4304,3080,14345,3265,347,13913,3027,870,13923,3641,1965,14481,3511,733,13960,3480,-296,14013,3781,1896,14319,4118,1019,13856,3307,-1141,13299,2608,1233,12792,3479,2579,13672,2646,962,13272,4071,227,13853,4536,2262,13187,4370,2262,13473,3153,687,13427,3194,3190,13159,3573,4288,13944,2961,1578,14208,3544,474,13522,4227,3141,14608,3981,2847,14666,4522,644,14546,3942,2311,13675,3370,3038,13655,2498,-348,14510,3461,-213,14091,4586,2680,14142,3358,1133,13710,2903,-590,14025,3722,777,13323,3890,2092,13412,2661,19,13379,3534,235,13435,3750,3381,13341,3559,1880
13270,3000,3157,13365,3915,3100,13492,3539,-989,13524,3943,838,13123,4864,4333,14055,2865,2464,13090,2892,1654,14014,2828,2991,13576,4238,2416,14547,3949,389,14173,4255,1973,14221,4577,4340,14416,3409,1582,14063,3320,-501,14125,3670,1781,14002,3494,1659,13883,2593,-123,13984,3117,1137,13891,4643,2147,14295,3748,-500,13104,2742,-1192,13218,3119,2291,13484,4028,2505,13749,3149,222,12910,3223,1618,13381,4414,2630,14004,4526,1250,13802,3550,1431,13331,2717,3989,13393,3314,3295,14592,3724,289,14084,4199,1912,13644,4619,3720,14804,3852,1605,14063,3766,872,14060,3259,2843,13915,2953,1455,14206,2940,-1146,14122,3170,1381,13648,4310,2581,14495,3794,103,13984,3973,-680,13294,3300,1487,13100,2980,1881,13603,2889,-125,13635,3544,1682,12895,4132,3444,13938,3591,456,13681,4488,382,13610,4376,3740,13269,2865,3271,13278,2626,1163,14056,3129,2470,13716,4490,3699,14270,3607,1233,14318,4130,787,14313,4432,3085,14201,3445,2419,14205,2964,-616,14147,3326,764,13968,3790,3131,14025,3140,-2,14181,3590,-452,13866,4728,2120
14013,3755,-1299,13999,4584,1312,13996,3495,1701,12698,2181,-406,13426,2178,1029,13266,4479,2800,13908,3835,1102,12991,3684,-276,13867,4039,2398,13332,4645,3827,13961,2793,1329,12943,2960,2136,13655,3656,3764,14257,4123,1968,14205,3984,589,14313,4131,2990,14224,4375,2940,14485,3042,-16,13803,3263,1335,14092,3792,2685,14261,3052,913,13795,2998,-341,13960,3951,1184,14349,4474,1359,13713,3236,-998,13233,2267,825,12939,3587,3230,14037,3356,834,13239,3618,-173,13318,3700,2267,13520,4502,2678,13897,3753,1037,13403,3089,2586,12963,3313,4069,14005,3248,1478,14262,3887,717,13893,4261,3236,14335,4020,3112,14405,3863,371,14312,3026,1302,13537,3822,3287,14512,2966,356,14227,3362,-277,13863,3515,2372,14059,3791,1087,14386,4098,-1196,13948,3230,522,12604,3178,2510,13342,2527,902,13556,3657,-54,13603,4326,2536,13012,3820,2212,13648,3724,-405,13495,4096,2515,13338,3632,4515,13334,2550,2074,13615,3109,947,14289,4041,3242,13884,4538,2787,14860,3606,487,14280,4315,2242,14293,3815,3384,13989,3031,896,14182,3094,-558
13474,1088,3667,14149,3551,-1854,15168,4678,539,13443,3657,3942,13898,2554,-1676,14185,4286,-349,14218,4750,2743,13025,2556,435,12545,2376,-379,13916,3687,1426,13301,4670,3103,13526,3050,861,13348,4167,156,13785,5199,4031,13974,3186,2749,13110,2557,624,13490,2703,3495,13972,3965,3722,14140,4085,446,14605,4256,1264,14096,4969,3797,14264,3229,1740,14239,3305,-76,14112,3353,1419,13969,3069,2292,13814,3259,-224,14266,3941,280,14085,4964,2251,14039,3215,378,13104,3011,-1044,13776,2683,1335,12749,3468,3305,13809,3883,561,13510,3815,1311,12806,3683,2778,13515,4176,786,14073,3826,1611,13570,3269,3697,12734,2486,3857,14055,3506,838,14626,4634,1461,14221,4939,3783,14206,3623,1347,14425,3285,279,14258,3489,2964,13821,2849,1404,14171,2860,-812,14046,3609,885,14036,4659,2145,14136,3525,-55,13746,3414,-981,13643,3653,1923,12981,3055,1766,13158,2041,-15,13072,3738,1986,13954,4724,3426,13503,4400,442,13936,3772,506,13334,2866,3829,13243,3034,3590,13617,2826,1477,14306,3550,2088,13404,4901,3594,15273,4366,1193
14106,4878,3403,14587,4420,1769,14707,4457,-190,14193,3775,2008,13793,3084,4268,13926,2887,123,14403,3297,-123,13434,4070,2923,14392,3733,-376,14249,4027,-1005,14029,3554,1663,13072,3232,1909,13103,2527,291,13356,2957,590,13083,3760,3646,13534,4193,1382,14229,4684,-913,13932,4108,3115,12734,3448,3524,13568,2319,1619,13825,3842,2108,13973,3975,3999,13713,3728,1912,14625,4246,-482,14842,5093,2654,13865,4031,3139,13964,2255,343,13785,2963,960,14516,4044,2330,13755,3106,664,13932,3166,-1374,14353,4551,1161,14092,4178,2438,13410,2826,-853,13029,2721,594,13072,3379,3548,13775,3573,1229,13278,4269,-487,13969,4163,2500,13346,4436,3234,13438,2674,1040,12971,2523,2509,13573,3838,4161,14300,3921,2549,13910,3657,376,14179,4242,2406,14581,4950,3348,14601,3862,235,13801,2621,1372,13780,3152,3237,14363,3081,667,14030,3185,-966,13960,3943,1269,14437,4471,1469,13984,3540,-554,13237,3220,773,13160,3135,2717,13209,2572,1259,13225,3468,-357,13444,4720,1852,14396,3387,4251,12932,3816,-491,13196,3393,329,13743,3538,6674
13141,3324,610,13448,3014,3886,13549,3580,3513,14205,3524,669,13802,3706,2840,14080,4472,2893,14658,4685,662,14407,3935,651,13744,3812,3331,14018,2566,2238,14213,3244,-993,14206,3338,942,13765,3987,1653,14430,3703,-630,13855,3912,256,13326,3218,2511,13155,2868,1034,13629,3188,-681,13523,4021,1059,12927,3971,3509,13390,2943,1186,13919,4939,459,13932,4280,4075,13176,2774,2008,13060,2844,928,14381,4294,3232,13901,4338,4175,13823,3475,1369,14393,4218,610,14665,4701,3138,13858,2963,2256,13651,2543,-155,14317,3742,1654,14652,3869,2910,13810,3261,-990,14119,3376,-794,13951,4963,2361,13980,3176,1005,12843,2604,-449,13522,3160,1485,13339,4467,2427,13586,3213,502,13217,3250,800,13202,4846,2968,14504,3777,2664,12748,2993,940,13707,2606,2528,13189,4446,3835,14880,3282,1061,13146,4016,1670,14816,4231,3484,14416,4655,1389,14656,3096,360,13520,3360,2160,14212,3347,1726,14466,3489,682,14170,3438,12,13658,4062,1698,14087,3185,729,13819,3670,-1236,13655,3549,2337,12974,3263,2401,13281,2492,-209,13356,3926,960
13975,2589,280,12850,3875,-56,13616,3458,3417,13031,4663,1868,14051,3617,277,13370,3567,3076,13266,3407,3781,13742,3242,1780,14259,3778,1014,13741,4318,3611,14323,3768,2905,14327,4599,-36,14720,3725,2075,13600,3621,3416,14006,3054,217,14547,3658,20,13894,4150,2478,13851,2407,1093,13787,3546,-1245,14504,4546,1069,13623,4039,2379,12604,2301,-404,13147,1688,732,13908,5288,2812,14001,3779,1294,12762,3512,-519,14050,3843,2477,13448,4870,4391,13728,2248,1914,12820,3164,1309,14374,4042,3416,13817,4235,2311,13938,3323,550,14310,4243,3275,14798,4775,3184,14114,3242,145,13636,2875,31,14158,3885,2292,14677,3481,1783,13877,3066,-562,13642,3358,833,13865,4101,2113,13646,3405,-634,13604,3047,28,13224,4156,2633,13915,3239,1213,13054,3523,241,13808,3426,2268,12935,4810,2730,13876,2860,1257,13162,3320,1794,13603,3765,3677,13814,3508,2561,13839,3570,570,14311,4119,2968,14158,4726,3551,14555,3582,382,14173,3218,1205,14156,3865,3116,14120,4117,747,14886,2665,849,12907,2959,1458,14435,3984,-55,13729,4330,795
14018,3734,1823,14114,3498,-343,13743,3243,-73,13429,3622,2219,13750,3694,1941,13628,3280,-472,13262,3146,593,13257,4053,3445,13446,4021,1101,13757,3814,656,13246,3759,4517,13517,3343,2438,13450,3200,795,14202,3617,2275,13710,3985,3688,13931,3489,2090,14543,4256,597,14475,4724,2741,13963,3374,2040,13970,2948,-527,14454,3600,1396,14250,3943,3177,13835,3036,-340,14016,3492,-1128,13988,4464,2089,13976,3592,1240,13285,3073,-852,13520,2889,1592,13151,3897,2454,13252,2833,591,13461,4037,178,13888,4699,2925,13407,3405,3528,13191,2787,593,13953,3742,2880,13598,4582,3924,14127,2778,1127,13460,3830,1338,14969,5018,3717,14305,4483,2568,13884,2818,-142,13858,3158,1614,14380,4084,2669,14627,3100,331,13573,2893,-155,13984,4093,2180,14333,3916,1128,13728,3376,-978,13403,3138,1142,13315,3868,2419,13528,2618,204,12978,3639,163,13986,4686,3361,13487,4289,1946,13530,3084,98,13523,3524,3415,13493,4033,3441,13767,3066,1481,13861,3197,1220,13713,4345,3607,14518,4142,2747,14272,4002,-54,14271,3613,2041,13900,3775,3131
14199,4489,1564,14201,4124,3689,14063,3278,878,14144,3416,-638,14474,3632,2188,13664,3131,1945,13856,3061,-966,14211,3795,642,13946,4697,2299,13510,2917,-29,13336,2817,-464,13308,3784,2180,13658,3414,2408,12927,3152,490,13663,3992,1006,13575,5119,3857,13776,2767,2240,12857,2800,596,14033,3917,3686,14146,4515,3028,13845,2868,744,13897,3885,2184,14460,4958,3379,14736,3913,1528,13766,2921,274,13801,3843,1650,14396,3554,2364,14108,2687,-194,13753,3644,135,14178,4398,2536,13879,3291,-42,13256,3135,-588,13526,3617,2282,13495,3223,1698,13258,2732,95,13344,3952,1090,13449,4848,3318,13713,3506,1606,13450,3555,901,13802,3707,3827,13503,3354,2854,13568,3178,458,14260,3623,2302,13630,5140,4195,14711,3596,1427,14131,3647,201,14237,3871,3009,14061,3613,1703,14389,3318,-866,14011,3029,1957,13757,3746,2016,14308,3658,-462,13906,3665,-352,13613,4084,1936,13433,3087,1344,13349,2607,-567,13408,3544,1832,13288,4371,2987,13522,3360,683,13173,3852,420,13961,4078,4106,13352,3587,2690,13576,2809,756,13636,3659,2844
13507,2532,1459,13549,3202,2129,13394,4331,3626,14922,3764,2085,13187,4204,149,14893,3588,3614,14137,4305,3866,14435,3296,-777,13785,3228,810,14110,3968,2714,14398,3025,509,13725,3189,70,13945,3744,1163,14045,3909,1316,13646,3660,-737,13882,3407,210,12742,3526,3530,13608,2489,1447,13133,3735,-658,13993,4317,2144,13229,4296,2572,13628,2818,1200,13374,3399,2796,13707,3994,3752,13812,3461,2002,14181,3665,208,13798,4314,3011,14210,3747,3877,14335,3828,551,14466,3563,1443,13756,3754,2764,14073,2902,-70,14306,3262,23,14046,3968,2399,14159,3691,1404,13820,3280,-936,13810,3682,280,13416,4256,2316,13659,2777,642,13106,2946,366,13643,3747,3104,13328,4223,1734,13437,3722,-610,13581,3729,2880,13280,3953,4308,13715,2829,2053,13480,3207,1091,13887,4002,2773,14187,4665,2753,14548,3862,729,14052,3450,2521,13939,3965,3580,14528,3479,205,14205,3669,-453,14084,3576,2278,13857,3166,1828,14235,3416,-659,14215,3746,1007,13509,4460,1929,13613,2791,-347,13175,2805,-5,13231,3679,2669,13675,3773,2084,13231,3764,-105
13351,4230,2496,13364,3571,182,13330,3256,1057,13151,4242,3250,14125,3521,2490,13338,3363,758,13625,2924,3011,13260,3808,3823,14592,3810,750,14130,4151,1668,14264,4214,3801,14386,3748,1405,14393,3488,-35,14089,3583,2516,14105,3524,2287,14139,2845,-324,14196,3242,424,13755,4745,1897,14410,3613,274,13179,3095,-858,13249,2464,2066,13073,3495,2749,13592,3382,-356,13449,3603,1009,13058,4148,3325,13749,3744,1208,13770,3987,1035,13750,3499,3589,13072,3148,3273,13814,3114,1036,14330,4054,1976,13827,4789,3967,14589,3642,1620,14145,3837,90,14242,4084,2575,14067,3517,2519,14087,2848,-479,14075,2873,998,13780,3924,2532,14105,3812,-254,14039,3848,-793,13672,3731,1795,13048,2882,1884,13603,2638,-100,13319,3820,994,13639,4361,2891,13280,3665,1082,13494,3529,124,13748,4212,4098,13511,3652,3340,13549,2668,760,13515,3425,2298,13941,4571,3762,14398,4204,1665,14290,3757,719,14213,3995,2974,14025,3734,2424,14265,2954,-300,14045,3177,1135,13977,3752,2740,14231,3256,129,14059,3722,-858,13993,4487,1768,13953,3428,1482
13505,4298,280,14070,3323,3631,13157,2794,-1045,13550,2675,-279,12967,4787,3178,14165,3492,1464,12617,2764,466,13858,4553,1189,13752,4677,4163,13472,2932,1726,13298,2982,1084,13723,3819,5020,13915,3521,1849,14078,3853,140,14627,4356,2727,14112,4443,3193,14425,3055,1110,14086,3058,250,13779,3887,2696,14555,2989,1033,13641,3376,-1352,14055,3785,1804,14237,3976,2163,13619,3362,-859,13540,3022,155,13315,3571,2651,13383,3150,1466,13984,3942,-236,11711,4667,2534,15549,2191,4648,11775,4958,-1873,15254,3026,1830,12331,4090,6092,14360,3000,1252,12940,3589,1744,14767,3683,2575,13813,5430,2995,15404,3595,652,13380,3065,338,13951,2551,4935,14415,3729,637,14956,4109,-2127,13375,3406,2879,13942,3543,748,14274,3721,-1005,13900,3420,1349,12889,3311,1989,13115,3051,923,13807,3835,-1073,13413,4504,2697,13134,3394,3594,13362,3658,-614,13851,3977,2464,13367,3795,3844,13521,2658,1789,13318,2950,1689,14626,3867,2998,13577,4350,3289,14846,3571,245,14157,4864,1345,14214,3819,4017,13887,2865,1188,14186,3224,-654,14443,3926,2275
14421,3594,-1297,14715,4022,1664,13527,3892,2621,13869,3210,-1782,14177,3562,388,13837,4185,2648,13295,2904,906,13190,2966,-451,13557,3788,1026,13159,3797,3678,13028,2979,815,13946,3939,208,13641,4231,4774,13266,2459,2170,13194,3062,791,14341,4112,3262,13643,4327,3834,14406,4138,444,14553,4188,1075,14277,4594,3386,13860,3166,1607,14114,2720,298,14249,3526,2171,14488,3858,2277,13885,3371,-1275,14139,3400,-670,14165,4274,2984,13908,3753,461,13019,2278,-847,13265,3289,1915,13126,3808,2143,13490,3175,255,13464,3696,1329,13816,4795,3450,13543,3943,1526,13466,2845,751,13286,3466,3408,13823,3886,3849,14113,3277,1400,13858,3495,1272,14308,4590,3519,14654,3943,1715,14128,3504,157,13860,3067,3201,14090,3799,2163,14557,3708,-759,13930,2837,739,13737,4263,1656,14275,3483,921,13697,3399,-394,13520,3523,1289,13216,3641,2277,13456,2613,-492,13104,3117,1520,13355,4445,3834,14187,4433,627,13307,3462,755,13284,3276,3009,13348,3646,3613,13978,3601,1424,14225,3239,1852,13221,4348,3632,14974,3738,1220,14236,4411,392
14025,3504,2433,14219,4099,147,14743,4155,2275,13923,3948,2904,13891,2647,602,14318,3603,-33,14131,4357,2008,13953,2976,1291,13779,3519,-1305,14169,4055,1241,13627,3479,2675,12970,2605,-507,13847,3121,-366,13515,4727,2749,13606,3146,2213,12570,3145,-96,14048,3840,2532,13545,4520,4046,13578,2818,890,13063,3418,1654,14411,4380,3836,14135,3939,2839,13713,3781,462,14350,3863,2516,14351,4243,3310,14381,3156,190,13972,3353,142,14281,3787,2990,14106,3104,1755,13774,3086,-1375,14047,3982,1233,13905,4144,2170,13544,3168,-658,13364,3107,481,13575,3851,2672,13362,2918,1426,13077,3467,-192,13718,3965,2228,13934,5052,3329,13601,3193,927,13122,2657,1669,13513,3742,4231,14221,3999,2105,13783,3228,629,13864,3956,2814,14271,4484,3538,14617,3956,308,14152,3534,1030,13845,3797,3151,14379,3319,903,14158,3237,-527,14003,3324,1469,14347,3920,1685,13862,3768,-870,13462,2485,476,13181,3993,2384,13969,3421,1235,13279,3254,-490,13352,3927,1858,13298,3917,3579,13186,3693,148,13790,3424,2034,13162,4092,4343,13865,3186,1666
13666,4234,4245,13507,3324,3021,13165,3129,734,14428,3677,2074,13561,4220,3897,14492,3159,1317,14319,4120,1191,14697,4317,3106,13852,3418,1930,14151,2950,-493,14470,4008,1309,14238,3608,2896,13679,2757,-189,13863,3398,-730,14051,4582,2545,13635,3485,797,13060,2873,-984,13735,3357,1864,13206,3866,2687,13094,2729,570,13352,3776,231,14050,4449,3623,13460,3295,3117,13256,2921,645,13847,3879,2778,13984,4625,3413,13946,2994,1116,13659,3501,1205,14771,5108,3817,14567,4129,2198,13603,2970,-248,14104,3616,1794,14649,4414,2531,14203,2810,-68,13439,2455,-79,13862,4215,2048,14277,3787,1084,13606,3269,-697,13292,3093,1251,13376,3655,2505,13499,3097,-72,13211,3442,894,13390,4211,3567,13919,4334,1329,13446,3413,1031,13601,3451,2900,13380,3788,3578,14060,3928,1257,14092,3211,1504,13199,4147,4033,14831,3559,2238,14511,4338,11,14011,3317,2541,13577,3492,2625,14515,3674,-350,14808,3628,539,13310,3623,2441,13832,2631,555,14236,4085,-935,14308,4376,1871,13311,3720,1694,12641,2180,-398,13943,2805,1435,13573,5216,2684
13290,2994,-468,13333,3599,2764,13470,3236,2669,12776,3117,-285,13854,3804,2283,13585,4976,4388,13754,2976,887,13200,3047,1018,14047,4112,3996,14012,3942,3355,13794,3717,684,14502,3556,2316,14262,4800,3289,14330,3476,513,14112,2800,549,13889,3956,2824,14504,3386,1783,13946,3264,-1190,13831,3421,418,13751,3938,2581,13787,3374,-117,13659,3351,-314,13193,3572,2752,13429,2661,1009,13011,3625,-664,14226,3785,2632,12784,4917,3115,13876,2950,1162,13403,3724,1365,13957,3712,3189,13465,3523,2895,14013,2869,539,13751,3912,3055,14440,4761,3813,14450,4125,214,14114,3383,697,13904,3822,3017,13979,3292,1612,14494,2694,-182,13620,3407,1501,14194,4017,1538,14100,3399,-494,13598,3443,303,13535,4228,2450,13962,3475,1357,13173,2642,-456,13097,3253,1486,13516,3949,3583,13363,4001,174,13815,3681,1482,13221,4513,4509,13959,2887,1621,13091,3146,1132,14274,3552,2620,13409,4090,4016,14372,3091,1290,14222,4272,792,14621,4498,3217,14059,3214,1453,13888,3121,-883,14437,3778,2094,14095,3913,2725,14016,2979,-1166,13878,3464,-339
13798,3157,688,13783,2732,-671,13839,4496,1835,14362,4171,1126,13502,3321,-1077,13382,2834,1078,13086,3290,3118,13427,2800,789,13380,3895,140,13808,4572,2652,13489,4271,2518,13581,2895,1050,13524,3391,2625,13491,3866,3975,14135,3158,1341,13705,3370,740,14078,4603,3584,14597,4513,2962,14494,3921,-37,13950,3190,1895,13817,3665,2569,14326,2882,-139,13981,2836,357,13724,3599,2382,14203,3650,1066,13976,3959,-967,13890,3930,711,13206,3505,2389,13308,2412,456,13177,2935,276,13588,4187,3566,13559,4038,1702,13639,4155,-392,13761,3602,3196,13208,3769,3674,13752,2786,1722,13699,3389,1604,13873,3661,3564,13498,3976,2646,14908,4031,253,14530,4574,2376,14030,3892,3085,13860,2874,37,14294,3003,-55,14271,3981,2885,13869,2865,1123,13733,3172,-1100,14362,4296,1310,14031,4602,1788,13327,2641,-517,13269,2514,278,13310,4029,2868,13697,3168,2058,12827,3420,-95,13955,4309,1541,13819,5061,4031,13445,2504,1360,13044,2635,1458,13848,4334,4100,14356,3872,2460,13313,2902,823,14453,3755,2321,14620,5264,3222,14578,3664,756
[row took 87869us]
14545,4515,3937,14806,4499,1668,14517,4117,187,14041,3979,2215,13755,2742,1556,14183,2941,-258,14148,3454,1296,13922,4241,2257,13872,3408,-106,13790,3780,-933,13666,4052,2073,13502,3514,1533,13208,2339,82,12759,2425,1910,13423,4704,2516,13957,3993,1374,13278,3270,1053,13764,4338,3482,13756,4132,2906,13876,2736,1078,13449,3410,2308,13993,4072,3614,14252,3952,1938,14644,4369,569,14353,4584,2686,13932,3131,2095,13876,2814,-603,14388,3232,1291,13613,3455,2752,13783,2872,-157,14152,3897,-541,14146,4939,1587,13630,3245,1249,13332,2756,-790,12969,3477,1484,13955,2589,5121,12467,3711,-910,14237,4093,-932,13546,4743,5079,13786,4208,2225,13517,2776,1325,13649,3040,2762,13234,4082,3686,14834,3127,1608,13040,4169,307,14964,4251,4403,14281,4115,2788,14352,3263,-1507,13672,3306,1579,14433,3588,2594,13957,2820,266,13843,2638,533,13857,4505,1682,14521,4064,434,13645,3886,-1200,13463,3400,1211,13092,3148,3424,13304,2575,975,13045,3364,235,13499,4318,2703,13537,4499,1730,13959,3276,999,13347,3492,3131,13413,3316,3900
13459,3891,2274,13144,3258,4034,13674,2740,2195,13887,3412,1193,14189,4092,3117,14047,4373,2893,14773,4221,93,14313,4083,1355,14109,4082,3704,14385,2738,571,13930,3027,-757,13903,3300,2317,13827,4049,1254,14247,4218,-938,14054,3798,931,12926,3607,2004,13565,2218,495,13132,2794,-41,13459,3829,2569,13188,3892,2921,13746,3602,-235,13725,4307,1922,13637,4477,4125,13682,2865,1433,13299,2797,1398,13811,3698,4059,14177,4381,3129,14440,3876,379,14348,4356,1798,14160,4501,2903,14255,3233,1054,13899,2933,143,13948,3272,2434,14030,2819,2068,13883,3403,-1277,14340,4071,553,13965,4828,2379,13644,2644,-236,13131,2394,177,13370,3793,2632,13754,4038,1785,13203,3655,-13,13686,3533,1907,13146,5225,3558,14408,3258,1773,12908,3372,1016,13419,2831,3745,13540,3625,2988,14333,3584,702,13956,4084,2419,14460,4446,3587,14390,3713,222,14177,3182,506,13962,3793,3047,14517,3031,1545,13886,2808,-280,13990,3569,871,14195,4973,1711,14580,3915,-365,13163,2836,-367,13026,2893,2848,13490,3291,1688,13416,3519,-551,13202,3475,2028
13781,3638,-340,13283,3546,1062,12842,4192,3054,13803,4056,1403,13781,3543,1212,13403,3237,3819,13074,3238,3114,14055,3661,718,14446,4128,2059,13725,4617,3870,14793,3853,1725,14397,3816,220,14200,3637,2769,13969,3312,2454,14276,3272,-824,14248,3007,1250,13573,3913,2420,14270,3880,-427,14124,3816,-734,13309,3242,1786,12928,2790,2006,13708,2861,-203,13369,3987,1128,13349,4170,3143,13415,3755,566,13702,3905,327,13693,3894,4168,13426,3220,3502,13459,2940,587,14144,3612,2244,13864,5275,3324,15344,3548,2775,12735,3425,1050,14008,4505,80,14866,3233,4861,13623,2714,-1106,14615,3314,609,13894,4385,3632,14358,2493,-292,13518,4295,-426,14381,4619,642,13900,3120,1542,12666,1395,1151,13237,3149,162,13774,5072,2320,13639,3258,1953,12901,3365,-816,13746,5185,2521,14193,3645,4453,12935,2778,769,13278,2856,2599,13772,4125,4211,14237,3079,843,13854,3730,1033,14690,5232,3199,14711,4082,2706,14051,2780,674,13782,3120,446,14220,3715,3173,14646,3043,474,13457,3136,-1220,13900,4189,2740,14373,3846,766,13387,3343,-1321
13756,3746,1671,13360,2861,-610,13311,3005,405,13151,3645,2538,13357,3086,1323,13201,3851,439,14029,4792,2314,13452,4891,2692,13549,2488,1152,12993,2390,2123,13664,4022,4557,14434,3814,2320,13914,3523,472,13741,4269,2754,14766,5399,2448,14601,3729,737,13549,2394,2128,13644,3541,2916,14468,3465,454,14254,3384,-833,13711,3743,1326,14018,3933,1810,14133,3703,-589,13653,3153,828,13012,3533,2070,13690,2976,-187,13256,3361,398,13432,4084,2706,13301,4363,2956,13654,3948,227,13773,3759,1738,13206,3493,4068,13388,2646,1759,13821,3354,1587,14300,4261,3822,13735,4345,2615,14711,3849,161,14573,4237,1067,13867,3012,4066,13542,2635,1186,14778,3753,-992,14094,4061,2893,13980,3313,884,13971,3761,-1923,14161,3803,1578,13453,3925,2524,13160,2610,286,13532,3000,-471,13247,4248,2314,13277,2940,3202,12980,3754,-689,14353,4127,2000,12968,4045,4585,13542,1805,1256,12989,3775,1282,14762,4045,4125,13435,4185,3088,14671,4005,-261,14321,4843,1983,14737,4014,3114,13681,2818,754,14010,2412,700,14285,4182,2935,14425,3553,1434
14000,3213,2143,14171,3588,1632,14011,3138,-979,13925,3699,172,14110,4582,2216,13886,3303,884,13366,2916,-929,13571,3134,1885,12921,3723,3066,13877,3480,-430,12528,4886,1020,15136,2886,5171,11895,4444,-122,14604,2729,-17,13211,4256,5369,13360,3980,1978,14070,2651,2186,14139,4209,1269,14125,4908,3897,14914,3721,2137,13585,3096,-1380,14167,3250,3823,14477,3468,2599,14354,3737,-1841,13858,2970,996,13959,4698,1839,14200,3296,-246,13441,3008,315,13460,3552,1641,13167,3612,1897,13458,2874,-203,13195,3724,1235,13557,4299,3609,13692,4439,509,13594,3399,1236,13372,3326,3509,13236,3318,3451,13564,3234,1136,14445,3435,1880,13424,4698,3800,14768,3408,1432,14215,4469,453,14457,3979,2964,13766,3168,2469,13922,2840,-250,14720,3785,497,13625,4329,2321,14028,3151,132,14018,3603,-853,13870,4033,2450,13373,2735,1617,13008,2635,-1168,13820,3576,993,13452,4867,3214,13556,3265,1101,12867,3268,181,13900,3973,3764,13547,3873,3019,13602,2758,738,13379,3143,2810,13835,4557,3846,14565,3969,1568,14397,4279,772,14019,4157,3337
13543,4083,958,14523,3656,2793,14240,4489,2887,14476,3106,717,13771,2993,505,14086,3787,2191,14503,3297,1626,13903,3626,-1102,13925,3562,1377,13797,3732,1967,13627,3289,-858,13658,3058,826,12959,3745,2798,13544,2984,1116,13370,4208,-119,13967,4480,2340,13106,4206,3209,13539,2477,1273,13321,3313,1868,13629,3745,3988,13834,3556,2018,13964,3430,605,13785,4490,3421,14602,4147,3244,14398,3938,197,14241,3182,1293,13591,4075,2966,14432,3341,346,14381,3609,-360,13777,3864,1908,13816,3388,1238,13914,3200,-716,14072,3469,569,13005,3643,2456,13489,2408,876,13294,3525,-237,14197,4443,2513,12976,4471,1786,13619,2959,185,13340,3849,2771,13677,3992,4207,13053,2802,2272,13915,3513,508,14211,4720,3215,13865,4176,3246,14436,3268,698,14341,4172,2141,14091,3853,3066,13863,2849,832,14283,3347,-331,14549,4354,2139,13898,3584,2231,14025,3004,-1347,14025,3673,762,13630,4312,2584,13459,2893,-295,13263,3062,-66,13753,4051,2649,13364,3800,2270,13144,3471,-560,13842,3788,1408,13052,4534,4050,13809,2467,1878,12938,3161,1448
13863,3282,2217,13476,3570,798,13664,3356,2722,13495,3492,3802,13891,3599,1153,14344,4139,1673,14099,4637,3783,14145,3624,1354,14327,3297,280,14311,3990,2527,14494,3566,1928,13752,3530,671,14244,1987,980,13052,5141,-108,15208,3395,1852,13620,3424,-709,13121,3067,1245,13242,3633,3380,13659,2731,-1053,13220,3548,1700,13179,4338,2513,13889,3982,742,13328,3386,2415,13678,3832,2330,13131,3729,3307,14055,3166,1428,13989,3562,1041,13482,4161,3963,14602,3447,1977,14418,4601,391,14203,3831,2661,13704,3409,2199,14284,2721,-231,14562,3586,769,13737,4102,2469,14115,3067,82,13533,3224,-786,13779,4094,1786,14053,3591,1915,13300,2917,-987,13435,3334,541,13106,3835,3613,13185,3084,1216,13156,3683,55,14496,4623,3833,13575,4238,2961,13237,2474,244,13211,3130,2641,14237,4660,4446,14350,3581,2259,13803,3537,531,14219,4576,2967,14745,4205,2379,14050,3188,353,13780,2831,1649,14308,3965,3036,14236,3281,346,14028,3469,-1419,13733,4312,1754,14179,3598,2116,13469,3393,-735,13487,2851,1072,13143,3629,2549,13357,2579,-193
13125,3500,2577,13758,2831,1418,12826,3287,-431,13932,3877,2163,13117,5074,2829,14212,3207,337,13112,3570,2116,13610,3554,3639,13778,3241,2800,13816,3383,694,14099,3886,2679,13820,4710,3632,14777,3961,522,14325,3998,995,13942,3613,3320,13971,2751,1206,14070,3380,-435,14368,3158,1910,13664,3779,1743,14197,3634,-1193,14167,3855,384,13445,3864,2422,13248,2450,603,13486,2819,-106,13642,3633,2191,13265,3953,2778,13290,3968,-485,14054,4089,1524,13424,4077,4520,13455,2800,1884,13068,2913,1246,14209,3704,3318,13715,4462,3062,14267,3621,614,14179,3857,1927,14466,4408,3817,14045,3502,1232,13971,2575,-279,14099,3772,2076,14388,3284,2338,13662,3335,-682,14443,3446,415,13908,4948,2117,14106,3423,196,13132,2986,-822,13361,3110,2313,13209,3229,2566,13447,3446,-303,13772,4137,1047,13324,4962,2764,13864,2923,2003,12958,3041,1300,13871,3465,3513,13280,4248,3620,14407,2960,180,13373,3939,1746,14628,4328,4016,14286,4222,1490,14314,2982,400,13663,3894,2588,14429,3462,1929,14306,3749,-728,13960,2960,1074,13860,4082,2522
14446,3506,547,13474,3962,2831,14243,3282,426,13925,3433,-566,13834,3728,1306,13297,3476,2070,13502,2342,-220,13194,3533,403,13657,4318,3003,13443,3468,1629,13215,3405,39,13799,4061,2978,13234,3840,4066,13754,2449,1008,13239,3536,1945,14350,4646,3486,13939,3764,2292,13924,3445,760,14129,4221,2875,14698,3925,3204,13990,3302,257,13922,2863,78,14096,4160,2619,14593,3158,1373,13557,3334,-996,14113,3792,1489,14313,4480,1668,13511,2949,-669,13136,2453,675,12890,3642,2876,14164,3270,1371,13160,4112,-275,13872,4055,2169,13076,4436,3066,13934,2823,1367,13178,3525,2217,13619,3598,4161,13834,3839,1943,14344,3257,341,13233,4221,3024,14514,3933,3573,14620,4267,710,14377,3535,1294,13642,3604,2711,13969,2809,384,14607,3449,-68,14060,4548,2095,14122,3268,1645,13505,3011,-763,13884,3526,158,13550,4125,2591,13436,3157,507,13115,2926,214,13435,3826,2534,13404,4556,2087,13426,3136,453,13330,3187,2577,13454,4227,3734,14174,3350,1958,13355,3218,1152,14061,4082,2779,13777,4464,3224,14627,3058,859,14308,3907,1570
14698,4109,801,14135,3578,1525,14119,3657,4234,14302,3124,1799,14322,3466,-756,14395,3956,1348,14006,3967,2159,14022,3135,139,14104,3365,452,13693,4445,2204,13892,3108,227,13057,2635,-1102,13480,3159,1953,13246,4358,2813,13814,3396,502,13097,3371,743,13394,4030,2849,13738,3900,2184,13455,3084,1232,13437,2962,3639,13386,3727,3715,14565,4119,580,14228,4372,1190,14108,4454,3731,14265,3471,2225,14197,3188,370,13863,3479,2352,14130,3715,2039,14194,3403,-795,13979,3096,492,13635,4420,2667,14492,3715,758,13760,2973,-872,13164,2652,1291,13247,3519,2264,13931,3653,-130,13538,3749,898,12871,4174,3363,14007,3628,1318,13646,3998,440,13610,3547,3512,13009,3255,3791,13907,3100,1161,14004,3886,1756,13871,4776,3502,14361,3558,1796,14160,3642,567,14070,3757,2746,13986,3609,3158,14415,3027,-412,14164,3551,226,13885,3991,2694,14217,3540,100,14149,3508,-605,13692,3772,1888,13497,3116,1523,13277,2684,-313,13599,3486,833,13443,4847,2974,13450,3564,1414,13302,3107,-31,13262,3853,3160,13565,3661,3599,13565,2892,792
13221,4011,4245,13803,2868,1607,13243,3319,1178,14084,3963,3549,13816,4172,2390,14264,3569,573,14159,3815,2900,14182,3811,3400,14169,3251,314,14254,3439,312,14318,4329,2345,14277,3310,1516,13837,3005,-714,14080,3636,1108,14022,4328,2054,13591,2985,-628,13189,2581,39,13428,4061,2893,14002,3741,1364,13025,3466,-340,13369,3073,2141,13104,4283,3205,13947,3299,1427,13322,3401,1894,13476,3567,3755,13808,3827,2234,14322,4039,414,14080,4053,2942,13931,3955,3937,14500,3270,707,14191,3348,736,14155,4149,3080,14532,3660,659,14171,3215,-706,13878,3289,1940,13874,3914,1886,14148,3539,-558,13544,2947,-111,13009,3325,2297,13568,3330,1176,13709,3730,-493,13423,3990,2132,12835,4017,3015,13809,3205,351,13405,3728,1923,13613,3649,4374,13435,3225,2118,13915,3563,630,14115,4322,3004,13897,4406,3341,14535,3254,1117,14197,3380,1473,13945,4042,3167,14329,3238,1354,14113,3634,-894,14396,3474,1827,13583,3625,2289,14226,3428,-938,13974,3744,558,13413,3658,2245,13227,2763,261,13724,3147,-194,13482,4441,2074,13355,3951,2500
14011,4443,1203,13547,5159,2613,13395,2284,1593,12829,3442,-206,13769,4343,3904,13836,3247,3591,13221,2814,242,13468,3599,2593,14339,4580,3907,14253,3572,1057,13990,3154,1095,14043,4438,3764,14429,3183,2492,14055,3058,-17,14333,4392,528,14588,4223,2442,13824,3037,239,13801,3036,-362,13903,4415,2302,14235,3000,1204,13009,2922,-878,13901,3166,752,13035,4432,2919,14029,3603,704,12772,3605,551,13336,2604,3367,12780,3812,1507,14505,3335,1228,13344,4341,3336,13717,3832,3460,13986,3889,1555,14619,3935,695,13679,4295,4201,14400,2924,2245,14188,3377,-185,14290,3293,2852,14064,3992,1836,14539,3463,-1006,13883,3675,318,13905,3844,2145,13903,2885,961,13554,3012,-915,13478,3703,1588,13278,4053,2183,13710,3017,-507,13137,3948,830,13858,4208,3585,13520,3858,1665,13611,2887,587,13230,3200,3292,13250,3388,3771,13953,3900,1320,14414,3973,1503,13553,4287,3590,14546,3405,2039,13744,4302,48,14188,2861,2961,13609,3415,3533,14800,3966,-795,14592,3929,94,13608,3743,2242,14240,2969,315,14010,3459,-330,13866,3510,2081
13546,3291,-1033,14259,3301,1864,13346,3753,2131,13405,2943,-160,13756,3459,-291,13378,3874,2922,13198,3481,2556,13693,3998,-105,13673,3828,2285,12817,3633,3933,13791,2712,1256,13532,4320,1138,14679,4498,3918,13329,3327,2599,13851,3005,17,14603,4465,2765,14594,4101,3292,13736,3055,511,14100,3033,358,14441,4674,2261,14318,3792,1127,13775,2649,-1101,13720,3331,1137,14104,3909,2791,13633,3019,-418,13660,3561,-792,13398,3842,2749,13587,3091,1634,13054,3828,-258,14022,3686,2621,12833,4063,3661,13693,2473,786,13152,3326,1389,13877,4214,3695,13948,4395,2917,14108,3618,1016,13619,3269,2621,14268,3948,3696,14650,3818,634,14075,3276,546,13850,3988,3029,14536,3584,1177,14385,3591,-796,13987,3025,1230,13859,3591,1994,13867,3189,-547,13619,3170,414,13375,3993,2327,13540,3286,944,13490,3621,-262,13564,3677,1600,12880,4708,2717,14015,1834,2421,12940,3547,860,13119,3994,1880,14423,3772,3984,13268,4553,-324,15169,2728,3708,12779,5010,4506,14962,2345,664,13933,4085,1760,14181,3896,1662,14248,3546,1471,14445,3314,658
14074,3700,2339,14165,3573,-545,14449,3678,746,13845,3864,2859,13890,2760,-167,14101,3533,-759,13858,4301,2404,13319,2746,1140,12942,3021,-668,14156,4065,1452,13389,4534,2490,13383,2615,1229,12748,3329,378,14036,4302,3525,13673,3803,3564,13270,3128,220,13740,3833,2569,13843,4949,3666,14400,3188,1431,13327,3350,1588,14504,3816,3607,14391,4079,2560,14098,3107,-327,13823,3486,1207,14509,4501,2531,14749,3534,506,13414,2882,18,13547,3453,1860,14102,3458,1017,13756,3585,-1130,13593,3413,1226,13257,4125,2604,13680,3375,195,13574,3744,378,13172,3731,3126,13187,3268,1983,13713,3245,857,13608,3526,3103,13286,3978,3356,14044,3529,1261,14223,4044,1065,13742,4243,4041,14185,3279,2965,14229,3763,-29,14617,3626,2158,13606,3753,2844,14342,3383,-805,14506,3690,787,13867,3951,2671,13749,3031,628,13903,2817,-652,13759,4206,862,13675,3841,2566,13295,3167,-194,13271,3047,294,13558,4070,3505,13424,3729,1388,13175,3253,-96,13627,3241,3519,13187,4218,3339,14206,3057,1242,13527,4189,1404,14211,4080,3650,13806,3503,2828
14845,4614,3253,13521,4418,3176,13742,2629,418,14352,3801,2047,14611,4671,3778,13823,3153,743,13795,2998,176,14535,4578,2471,14857,4337,1475,13676,2982,-786,13488,2213,712,13785,4274,2387,14237,3461,288,13478,3320,-799,12502,3351,2460,14322,3189,2074,13605,4710,-852,13482,2932,1889,12539,3790,3074,14026,3343,1665,13543,3837,1617,13831,3873,3588,13416,3952,2793,14434,3779,376,13679,4033,2566,13880,3590,4200,14085,3527,1528,14405,3583,122,13987,4352,2670,14361,3686,1593,14387,3652,-740,14019,3601,1589,13804,3512,2314,13710,2784,-309,13469,2886,-79,13591,4050,2104,14034,3632,1269,13388,3378,-801,13731,4361,1099,13280,3953,3569,13322,2663,1075,13087,3384,556,13840,3897,4135,13274,3917,2582,13997,3474,39,13692,4070,2797,13934,4146,4148,14000,3343,1420,14133,3472,795,14175,3985,2914,14208,3668,2148,14532,3451,-508,14401,4400,1250,14185,3733,3873,13431,2042,-321,13774,3614,-2146,14111,4354,3662,14007,2920,902,12790,3067,-880,13948,3828,2684,13426,4397,1837,13145,3144,639,13099,3166,89,13646,4217,3793
12837,3366,47,13711,3667,3401,13295,3906,2937,13306,2745,1433,13443,3415,1918,13636,4309,3495,14045,4189,1524,14213,3251,858,13376,3544,4379,14474,3510,3007,14465,4033,-302,14283,3350,1236,13787,4008,2730,14623,3948,498,14645,3808,15,13715,3496,2281,13682,3171,864,13819,2930,-1012,13834,3513,1029,13416,4123,2161,13584,3074,345,13396,3441,-522,13646,3626,2543,13224,3659,2492,13383,3300,-435,13594,3373,3033,13126,4110,3930,14180,3526,1383,13588,4426,989,14361,4083,3281,13428,3510,3295,14387,2967,471,14083,3853,2348,14141,4210,3374,14356,3449,364,14233,3907,-93,14338,4176,2647,13906,3044,1832,13575,2592,-1055,13944,3041,897,13729,4172,2671,13604,3133,-637,13749,3805,-236,13579,4609,2668,13746,3409,1875,12705,2883,-45,13595,3341,1725,13241,4205,3804,13808,2987,1492,13464,3742,843,14114,4889,3810,14069,4145,2339,13692,2950,714,13483,3060,2734,14209,3855,3823,14553,3641,756,14079,3521,47,14205,4525,2508,14498,4261,1336,14361,3295,-650,13629,2922,1524,13860,3353,1794,13693,3274,-101,13857,3426,-176
13742,2562,243,13961,3452,-651,14031,4296,1638,13320,3655,1550,13489,3125,-496,13605,3836,911,13396,3680,3441,12922,2644,1371,13418,3439,-158,14044,4272,3867,13084,3359,3170,13686,2944,595,14016,4691,2051,14196,4767,3800,13472,2715,2300,14065,3090,651,14574,4710,3223,14323,3985,2798,13921,2937,-629,14240,3827,467,14536,4456,3321,13979,2836,622,13627,2827,-893,13913,3903,2068,13960,3736,1287,13351,2903,-869,13535,3435,835,13340,4376,2852,14040,2964,910,12770,3129,-63,13541,3805,3002,13513,4384,3090,14003,3177,828,13333,3409,2373,13455,4285,3432,14423,4004,1329,13934,3475,1233,13498,3608,3736,14291,3609,2694,14494,3744,-207,14251,3657,1568,14012,4409,2305,14490,3424,224,14063,3361,627,13746,3527,1827,13978,3167,1063,13724,3206,-767,13761,3610,703,13399,4104,2558,13670,3000,91,13595,3674,33,13337,4409,2809,13427,3482,2346,13003,3409,507,13871,3471,2891,13204,4107,3640,14078,3228,1558,13548,4027,863,14322,3941,3468,13304,3497,3317,14478,2942,647,14066,4141,2069,14637,4254,2960,14145,3602,102
14424,3835,4939,14296,3411,485,13997,3238,-892,14332,4269,2064,14587,4011,1770,13606,2824,386,13898,2636,652,13614,4212,1608,14189,3532,76,13516,3525,-895,13254,3535,2590,13533,3768,2969,13480,3304,-361,13387,3266,955,12974,4541,2791,13876,3236,2075,13210,3199,1936,13863,3535,3288,13536,4341,3025,14508,3756,170,13759,3290,1820,13622,3639,4334,14408,3483,2078,14511,3591,648,13954,4008,1837,14049,3978,1127,14455,3966,-363,14428,3403,1549,13526,3785,2719,13951,2533,168,13613,3323,-1339,13635,4301,1676,13861,3704,1924,13127,3174,69,13612,3562,1935,13053,4057,2719,13548,3182,463,13304,3437,955,13535,3673,4084,13353,3481,3709,13973,3495,679,13950,4044,1415,14179,4698,3510,14251,3473,1862,14035,3359,1462,14134,3886,3472,14339,3788,1904,14257,3833,-1103,14435,3746,809,13758,3775,2920,13974,2577,459,13871,2956,-290,13610,4204,1632,13772,3516,777,13219,3202,-700,13654,3482,1574,13336,4503,3083,13586,2875,814,12994,3046,-39,13465,4151,3258,13886,3820,3020,13490,3444,884,13793,3612,2825,13593,4607,3361
13237,3570,1493,13750,4014,3717,14214,4118,1908,14127,3711,934,13720,3400,3389,14004,3588,3234,14509,3532,-46,14335,3560,1021,14050,4194,2671,14498,3221,339,13983,2875,-313,13605,3579,1817,14067,3734,1587,13933,3410,-729,13416,2830,477,13097,4204,2850,14042,3851,640,13417,3812,-301,13044,3153,3024,13102,3485,2738,13708,3566,500,13676,3497,2564,13200,3630,3728,13968,3363,1511,14119,4069,975,14187,4248,3573,13696,3490,3396,14257,3076,624,14314,3653,1303,14249,4434,2989,14429,3459,547,14155,3539,-672,13960,3625,2608,14005,3728,1757,14065,3068,-1200,13509,3084,725,13277,3819,2101,13847,3464,437,13474,3499,-71,13352,3660,2447,13104,3689,2408,13573,3126,-154,13316,3592,2277,13215,3946,4287,14069,3181,1725,13636,4116,950,14104,4183,3500,13899,4084,3090,14221,3107,554,14043,3530,2593,14235,4144,3157,14331,3346,415,14255,3716,-152,14341,4196,2189,14034,3322,2219,13620,2740,-724,13936,3208,644,13704,4222,2314,13567,2943,-339,13351,3286,-132,13706,4397,2636,13820,3964,1838,12986,3299,-218,13382,2807,1807
12813,2656,1670,13327,2813,941,13474,5101,1755,14088,2873,4170,12829,3342,482,14079,3847,2759,13959,4328,4202,13757,3220,-228,13924,3269,2362,14455,4465,3810,14351,3777,1771,13946,2872,1180,14197,3995,481,14344,4328,1702,14681,3001,437,13571,2677,-99,13696,3315,2867,13942,3334,545,13625,3671,-1439,13783,3752,2092,13183,3784,2412,13758,3089,-345,13579,4570,738,12804,1965,5364,13469,3554,795,12588,4048,-1275,14971,3553,5427,12753,4856,3096,15315,2849,490,12918,4378,2666,14130,3087,3303,14012,3897,2795,14770,3667,-486,13933,3296,2869,13516,2078,3775,14751,4732,-2913,15137,4385,631,13355,3402,3810,13503,2131,-1032,13998,3224,-33,13823,4401,1828,13476,3395,1198,12974,3224,-225,13929,4043,437,13297,4385,3786,13194,2626,1489,12944,3217,-71,14065,4174,4102,13510,3982,3268,13627,2970,429,13738,3466,2458,14399,4171,3825,13579,3506,1592,14233,3164,927,14397,4342,3349,14166,3440,2584,14343,3851,-651,14633,3993,276,14084,3912,2814,13580,2936,551,13953,3005,-447,13579,4065,2133,14191,3036,1676,13257,3731,-1557
[row took 88131us]
13851,4084,1948,13196,3068,-561,13645,3652,169,13441,4423,2412,13097,2170,2489,12525,3109,-405,14502,3750,2944,13082,4502,4217,13734,2205,322,13128,4333,1922,14910,4849,3852,13658,3439,2382,13574,3112,677,14476,4017,2906,14604,4266,2911,14012,3218,-222,14097,3161,851,14587,4610,2960,14505,3436,638,13440,2915,-1147,13847,3221,1391,14301,3867,2402,13408,3580,-1279,13402,2449,597,13346,4881,2316,13860,3203,625,12603,3117,239,13443,3057,3169,13534,4297,3250,13714,3386,289,13586,3059,2017,13215,4146,3963,14564,3818,2000,13963,3427,1574,13609,3616,3116,13996,3545,3120,14752,4019,165,14265,3629,1227,13889,3714,3666,14422,3873,4,14662,3471,-524,13151,3309,2534,13926,2894,905,13710,3448,6,14141,3451,701,13218,4204,1690,13573,3129,376,13251,3295,-298,13459,3054,3650,12982,3939,2677,14109,3650,-222,13623,3849,2408,13373,3852,3367,13582,3592,1875,14247,4280,1235,13975,3757,3473,13017,3500,2771,14675,3137,142,14582,4119,2283,14058,4216,3099,14025,3040,770,14284,3502,-134,14586,4323,1694,13840,2942,1843
14617,4181,1190,14102,3912,2155,13669,2687,-314,13936,3072,-100,13935,4747,2505,13839,2987,797,12919,3049,-1112,13853,4243,1690,13686,4233,3116,12742,2391,596,12845,2834,775,13893,4609,3871,14033,3881,2313,13153,3348,594,13566,3792,3473,14025,4539,3641,14287,3178,1251,13742,3342,1470,13955,3881,3784,14714,3697,1752,14336,3848,-392,14390,3903,1728,14217,3649,2519,13865,2865,-298,13958,3065,69,13865,4010,2867,13877,3549,428,13413,3292,-818,13433,3802,2013,13756,3648,1938,12992,2906,-53,13167,3110,1128,13221,4049,3713,14362,3998,1706,13181,3510,717,13622,3095,3206,13506,4301,3470,14698,3903,495,13745,3512,2275,13838,3739,3801,14173,3418,1662,14575,3774,255,14100,4353,2625,14278,3565,2163,14183,3664,-780,14243,2911,867,13655,3687,2462,14348,3006,25,13564,3276,-438,13301,3227,1830,13686,3757,1603,13896,3653,-255,13390,3671,709,13138,3879,3516,13144,2879,1682,13421,3732,529,13939,4130,4020,13415,3480,2801,13578,3110,780,14347,4372,2213,14022,4147,3840,13532,2925,2158,14158,3215,750,14678,4435,2968
14075,3252,534,14608,4192,3032,14000,4251,2865,14220,3029,38,14137,3656,362,14456,4481,2496,13784,3243,1333,13831,2527,-932,13766,3796,1606,13797,3932,2251,13597,3235,-1296,13511,3436,485,13686,4343,2742,13216,3141,1220,12993,2842,301,13575,3750,2167,13361,4214,3594,13623,2839,1051,13576,3480,1835,13826,4827,3991,14445,3755,1931,13297,3234,847,14133,3541,3001,14386,4792,3246,14299,3070,420,13794,3247,1070,14366,4523,2818,14814,3771,657,13578,2783,-542,13842,3003,1597,14044,3627,1889,13799,3411,-308,13532,3474,280,13329,4163,2418,14098,3328,716,12874,3650,-254,13621,3097,3289,12779,4253,2725,14196,3183,324,13129,3774,2348,13485,3777,3751,13870,3635,2242,14184,4099,862,13846,3733,3487,13603,3315,3529,14511,3681,317,14561,3837,1608,13896,3927,3352,14126,3334,674,14716,4116,-469,14238,4087,2214,13659,2489,1660,13414,2523,-810,14197,3866,789,13674,4564,2355,13378,3106,-285,12749,2325,235,14266,4392,2730,13625,4007,2003,12644,2565,-243,13631,3064,2165,13556,4884,4046,14109,3125,2138,12942,3726,873
13935,4107,2442,13161,3159,-54,13765,3921,2979,14243,5092,4096,14221,3408,1675,13425,3140,1249,14088,3963,3889,14471,3945,1666,14154,3200,-205,13868,3791,2093,14757,4084,2340,14025,3426,-226,14070,2773,-425,13422,3629,2348,14023,2871,1473,13562,3733,-1175,13886,3924,1752,13398,4169,2161,13408,2718,-995,13193,3565,1221,13480,4067,3919,13573,3349,1679,13318,3316,687,13800,3987,2676,13603,4490,3126,13946,3443,952,13981,2908,2023,13564,4245,4377,14601,3487,1793,14094,3430,-79,14323,3747,2377,14189,4180,2458,14441,3964,-601,14099,3364,916,13916,3773,2549,13876,3109,-12,13573,2172,29,13407,3635,1806,13872,4295,1602,13866,3878,-273,13306,3264,573,13180,3713,3427,13374,3166,1627,13416,3288,270,13589,3603,3960,13241,3970,2868,13779,3511,701,14289,4488,2180,14008,4406,3778,13604,2956,2344,14073,3397,647,14550,4096,2857,13856,3812,2539,14222,2819,-478,14262,4025,728,14726,4486,3014,13767,3001,382,13763,2739,-1190,13853,3591,2130,13775,3551,1679,13387,3453,-1146,13679,3348,1125,13408,4581,2783,13494,2852,850
13481,4171,2421,13675,3007,1652,13008,3636,-320,13873,3313,2158,12915,4410,3089,13600,2524,1270,13376,3828,1449,14091,4352,3712,13628,4346,2471,14103,2935,327,13484,3547,2859,14296,3706,4047,14449,3673,752,14243,3324,537,14048,4385,2857,14644,4055,596,14596,3547,-618,13430,3178,2053,13937,3139,2087,13843,3452,-494,13939,3358,-4,13305,4365,1993,13676,3498,883,13564,3186,-506,13175,3740,2410,13200,3371,3339,13256,3605,-30,13837,3200,1930,12973,4215,3887,14115,3204,1982,13421,4425,924,14655,3784,2888,13031,4059,3720,14696,2604,961,14115,4105,1633,14456,4120,3401,14216,3496,1050,14273,3848,-854,14793,4161,1908,13768,3543,2488,13712,2178,-689,13788,3093,393,13894,4513,2286,13588,3275,66,13310,2996,-637,13667,4159,1891,13537,3940,2609,12802,2479,544,13107,3429,962,13836,5031,3777,13911,3175,2540,12922,2697,533,14126,4016,3335,14347,4901,3184,13904,2642,979,13313,2824,2037,14458,4503,3606,14964,4231,1675,13937,3343,24,13902,4228,1393,14610,4072,2384,14074,2872,205,13420,2586,125,13799,3611,2418
14217,3410,710,13678,3787,2596,13429,2572,971,13534,3037,-1349,13989,4102,985,13781,4637,2138,13472,2934,269,12892,2787,941,13426,4134,2748,13614,3694,2432,13008,2818,562,13792,3799,2625,13875,5106,3638,14305,3425,1373,13404,3397,1396,13969,3945,3385,13780,3235,2933,14244,3528,578,14519,4114,1890,14027,3989,2993,14114,3249,-189,14388,3774,-112,13878,3918,2852,13784,2600,971,13749,2883,-851,13978,4107,952,13856,4218,1762,13687,3477,-373,13588,4347,-19,13575,2952,5039,12652,2924,942,13241,3045,-1740,13697,4240,4068,13490,4603,3287,14003,2887,1367,13281,3875,1671,14110,4269,3345,14092,3816,2698,13174,2838,1,14395,3556,3615,14602,4188,4041,14445,3768,-886,13908,3715,169,14420,4577,2386,14431,3344,864,13529,2382,196,13652,2796,1387,13850,3986,1414,14022,3824,-1047,13741,3944,-103,13037,4028,3319,13785,2862,1747,12806,3210,-396,13537,3120,2156,12947,4240,2736,14006,2952,1060,13381,3872,2319,13867,4109,3742,14037,4128,1897,14134,3826,482,13823,3604,3123,13654,3246,4088,14540,3421,659,14513,3886,1046
14746,3112,808,14016,3882,657,14234,4164,3069,14451,3920,1394,14283,3410,-1034,13851,2523,1468,13527,3785,2343,14297,3265,-483,13674,3355,161,13133,4195,2165,14104,3685,957,13469,3747,-571,13290,3224,1754,12873,3575,3638,13573,3308,720,13597,3627,1305,13473,4339,4287,13649,3736,1966,13958,3743,675,13725,3471,3092,13795,3816,3710,14203,3109,1381,14322,3512,959,13993,4818,3073,14612,3818,1605,14277,3792,-620,14208,3215,1541,13670,3064,2553,13898,2770,-375,13958,3392,-331,13711,4706,2513,13859,3575,723,13520,3367,-705,13514,3720,1887,13008,3843,2373,13150,2570,834,13112,3216,1119,13225,4462,3752,14010,4009,2779,13719,4082,146,14051,3661,2707,13205,4223,3743,14545,2779,1128,13702,3294,2078,14203,3791,3671,14455,4180,1243,14693,4128,-423,14467,4416,1686,14219,3877,2338,13920,2351,-166,13528,2636,254,13626,4101,2326,14226,3649,492,13291,3416,-984,13755,3669,1825,13462,4615,2174,13690,3061,-208,12744,2646,1410,13088,3480,3763,13739,3722,2195,13789,3904,972,13837,3696,2765,13490,4199,2935,14221,3800,838
13500,4212,3405,14186,3433,1632,14035,3191,1443,13769,3632,4060,14332,3311,2591,14388,3731,-512,14382,4204,1675,14449,4560,2354,14266,3147,-96,13655,2294,353,13590,3840,2507,14282,3716,1030,13675,3256,-1110,13366,3358,930,13534,4489,2340,13932,3410,76,12911,3016,404,12972,3274,3715,13444,4019,2343,13589,3823,447,13588,3747,3050,13301,4202,3293,14771,3647,368,12631,4217,2566,14818,2284,5097,12164,4455,216,16640,2908,1466,13281,5614,2222,15165,3179,1935,13280,4102,1044,15443,2964,-1197,12501,4244,4131,14672,1844,158,13040,3656,-1829,14502,3352,2805,13326,5085,1096,13889,2914,-764,12961,4180,724,13729,4017,2729,12674,1907,3319,12932,3254,-675,14250,4568,2623,13479,4854,4358,13805,2882,387,13707,3768,1933,13938,4109,3717,14016,3366,2631,14344,3339,1043,14047,4186,2136,14396,4178,3348,14416,3598,-129,14249,3839,-245,14168,4032,2733,13682,2460,931,13640,2365,-411,13871,3638,1499,14062,4250,1702,13443,3683,-662,13814,3722,-204,13116,4040,3569,14032,3230,1470,11018,2831,800,15447,2164,4029,11590,5682,240
13762,3556,1995,13466,4481,4446,13707,3153,1048,13526,4319,965,14681,4458,3830,13536,3612,3289,13494,1898,564,14039,3886,2016,14625,4323,3824,14071,3694,800,14445,4164,-411,14672,4630,1891,14145,2771,1890,13498,2026,-1247,13828,3100,1301,13820,4261,3133,13823,3754,-803,13615,3696,-421,13798,4669,1471,13684,3351,1708,12525,2240,632,13102,2774,2231,13170,4701,3992,14089,3765,1260,13411,4051,834,13757,4208,3234,14198,3608,3060,13750,2685,1302,13675,2970,2741,14124,4174,3953,14848,4114,152,14267,3470,607,14290,4586,2658,14834,4394,854,14034,2939,140,13269,2545,1145,13684,3577,1820,13903,3357,323,13753,4132,-677,13509,4521,2394,13803,3217,968,12828,3137,-1215,13421,2278,3292,12577,3973,3899,13909,3414,472,13269,4073,1965,13584,3980,3356,14184,4154,2097,14024,3588,815,13821,2979,3236,13764,4355,4061,14580,4018,750,14468,3845,336,13916,4232,3435,14590,3575,1291,14399,3515,-924,13880,3156,1926,13689,2911,1775,13723,3157,-463,14412,3808,493,13627,4787,1709,13282,2861,557,13999,3757,-1097,13089,3721,2046
13139,3054,-583,13268,2980,2008,13496,3871,2832,11902,3279,1611,15048,1695,1646,11632,5500,869,16149,3696,3304,12958,4734,1412,14266,2729,1116,12528,3997,5984,15195,2427,1172,13186,4268,1337,15243,3678,2593,13697,4664,846,14753,3232,623,14396,3965,1079,14140,3713,2103,13617,2217,743,13963,3002,-1079,13704,3758,1722,13863,3630,1688,13255,3503,-1455,13717,3939,1673,13161,4247,3472,13002,1938,860,13013,3240,85,14355,4478,3369,13470,4056,2952,13486,3375,282,13638,3951,3083,14130,4634,3748,14009,3016,1561,13337,2446,1081,14026,4080,3522,15086,4299,2528,14191,4138,-743,14135,3114,1621,14100,4107,2733,14550,3143,-347,13554,2630,113,13680,3388,2175,14170,3533,987,13654,3919,-909,13954,3696,1109,13235,4395,2176,13802,3070,265,12962,3267,886,13144,3186,3602,13242,3253,2179,13789,3813,381,13950,4537,2660,13271,4336,3739,13977,3170,1632,13976,3095,1679,13591,4058,3983,14390,3315,2504,14276,3869,-380,14655,4304,2064,14308,4697,2800,14459,3272,-239,13935,2523,731,13424,3098,2232,14069,3266,643,13609,3642,-653
=== CAPTURE END: speed1_healthy ===
[loop] iteration 6

=== SpinDoctor Capture Menu ===
Speed:  1) Low  2) Medium  3) High
Class:  H) Healthy  I) Imbalance  O) Obstruction
Enter as two chars, e.g. "1H": X:14715 Y:4183 Z:1381
Fault class: healthy (100.0%)
X:13738 Y:2756 Z:852
Fault class: healthy (100.0%)
X:13252 Y:4649 Z:3835
X:13534 Y:3196 Z:-592
Fault class: healthy (100.0%)
X:13628 Y:3507 Z:2072
Fault class: healthy (100.0%)
X:14243 Y:3564 Z:22
X:13953 Y:3628 Z:3251
Fault class: healthy (100.0%)
X:13501 Y:3056 Z:1715
X:13304 Y:3460 Z:1929
Fault class: healthy (100.0%)
X:14081 Y:3128 Z:902
Fault class: healthy (100.0%)
X:14163 Y:3450 Z:285
X:14108 Y:3435 Z:3421
Fault class: healthy (100.0%)
X:13291 Y:3470 Z:1759
Fault class: healthy (100.0%)
X:13177 Y:3573 Z:3304
X:13423 Y:3121 Z:-637
Fault class: healthy (100.0%)
X:13955 Y:3395 Z:2596
X:14098 Y:3842 Z:-68
Fault class: healthy (100.0%)
X:13356 Y:4075 Z:3793
Fault class: healthy (100.0%)
X:13378 Y:4100 Z:-661
X:13464 Y:4419 Z:2919
Fault class: healthy (100.0%)
X:13751 Y:2624 Z:-1343
Fault class: healthy (100.0%)
X:14615 Y:4829 Z:1537
DHT11: 40.0% RH, 29.3C
X:14497 Y:3331 Z:660
Fault class: healthy (100.0%)
X:13727 Y:3582 Z:3358
X:13342 Y:3092 Z:973
Fault class: imbalance (80.0%)
X:13593 Y:3490 Z:1348
Fault class: healthy (100.0%)
X:13854 Y:3127 Z:916
X:14320 Y:3971 Z:1271
Fault class: healthy (100.0%)
X:13952 Y:3772 Z:2694
Fault class: healthy (100.0%)
X:13882 Y:3813 Z:1801
X:13734 Y:3914 Z:2961
Fault class: healthy (99.6%)
X:13726 Y:2917 Z:-1257
X:13982 Y:3810 Z:2896
Fault class: healthy (100.0%)
X:13623 Y:3088 Z:697
Fault class: healthy (100.0%)
X:13309 Y:4389 Z:4282
X:13147 Y:3060 Z:-545
Fault class: healthy (100.0%)
X:13839 Y:4118 Z:2067
Fault class: healthy (100.0%)
X:13809 Y:2558 Z:-302
X:13343 Y:3679 Z:3596
Fault class: healthy (100.0%)
X:13421 Y:2875 Z:1329
X:13427 Y:3471 Z:2640
Fault class: healthy (100.0%)
X:14483 Y:3519 Z:202
Fault class: healthy (100.0%)
X:14048 Y:3180 Z:1403
X:14699 Y:3623 Z:1842
Fault class: healthy (100.0%)
X:13794 Y:3329 Z:2224
Fault class: imbalance (56.7%)
X:13502 Y:4786 Z:1828
X:13774 Y:2986 Z:-358
Fault class: healthy (100.0%)
X:14237 Y:4157 Z:2555
X:14345 Y:3182 Z:-133
Fault class: healthy (100.0%)
X:14794 Y:4639 Z:3456
Fault class: healthy (100.0%)
X:12376 Y:4650 Z:2770
X:13183 Y:4556 Z:3499
Fault class: healthy (96.7%)
X:13161 Y:2937 Z:-889
Fault class: healthy (100.0%)
X:13800 Y:3610 Z:2271
DHT11: 40.0% RH, 29.9C
X:14060 Y:3667 Z:-380
Fault class: healthy (100.0%)
X:14111 Y:3476 Z:3654
X:14056 Y:3193 Z:910
Fault class: healthy (100.0%)
X:13394 Y:3564 Z:1832
Fault class: healthy (100.0%)
X:14056 Y:2986 Z:-84
X:14302 Y:3762 Z:1419
Fault class: healthy (100.0%)
X:13824 Y:3646 Z:2611
Fault class: healthy (100.0%)
X:13269 Y:3669 Z:2170
X:13465 Y:3458 Z:2746
Fault class: healthy (100.0%)
X:14039 Y:4386 Z:-717
X:14184 Y:3889 Z:2148
Fault class: healthy (100.0%)
X:14142 Y:3288 Z:1233
Fault class: healthy (100.0%)
X:13459 Y:3913 Z:4627
X:13001 Y:2670 Z:598
Fault class: healthy (100.0%)
X:13184 Y:4151 Z:2261
Fault class: healthy (100.0%)
X:13838 Y:2565 Z:-320
X:14542 Y:4613 Z:2646
Fault class: healthy (100.0%)
X:14303 Y:2881 Z:575
X:14235 Y:4368 Z:2968
Fault class: imbalance (94.7%)
X:13160 Y:2290 Z:1234
Fault class: healthy (100.0%)
X:13778 Y:4124 Z:790
X:13579 Y:2851 Z:1022
Fault class: healthy (100.0%)
X:14744 Y:3994 Z:1357
Fault class: healthy (97.5%)
X:13417 Y:4057 Z:3046
X:13207 Y:3564 Z:1473
Fault class: healthy (100.0%)
X:13522 Y:3731 Z:2165
X:14186 Y:3517 Z:22
Fault class: healthy (100.0%)
X:14614 Y:3860 Z:2374
Fault class: healthy (100.0%)
X:14065 Y:3980 Z:693
X:13481 Y:4394 Z:4178
Fault class: healthy (98.0%)
X:12901 Y:3770 Z:-216
DHT11: 40.0% RH, 29.0C
Fault class: healthy (100.0%)
X:13388 Y:4036 Z:2422
X:13712 Y:2645 Z:-1219
Fault class: healthy (100.0%)
X:14138 Y:3953 Z:3255
X:14163 Y:2979 Z:763
Fault class: healthy (100.0%)
X:13878 Y:4336 Z:3688
Fault class: healthy (100.0%)
X:13481 Y:2665 Z:723
X:13898 Y:3631 Z:1094
Fault class: healthy (72.7%)
X:14664 Y:3608 Z:-287
Fault class: healthy (100.0%)
X:14056 Y:3615 Z:2334
X:13594 Y:3622 Z:2043
Fault class: healthy (100.0%)
X:13449 Y:2792 Z:1396
X:13587 Y:3714 Z:1630
Fault class: healthy (100.0%)
X:13869 Y:2817 Z:189
Fault class: imbalance (54.4%)
X:13967 Y:3221 Z:2064
X:13397 Y:3717 Z:817
Fault class: healthy (99.8%)
X:13123 Y:3945 Z:3750
Fault class: healthy (100.0%)
X:13336 Y:3658 Z:456
X:13345 Y:3762 Z:2867
