X:14447 Y:2398 Z:259
Fault class: obstruction (100.0%)
X:13828 Y:2422 Z:539
X:12932 Y:3905 Z:6343
Fault class: obstruction (100.0%)
DHT11: 39.0% RH, 29.8C
X:12583 Y:5658 Z:-1876
Fault class: obstruction (100.0%)
X:13379 Y:5306 Z:990
X:15133 Y:1363 Z:-2139
Fault class: obstruction (100.0%)
X:13869 Y:1931 Z:7411
Fault class: obstruction (99.8%)
X:12004 Y:4946 Z:1586
X:13014 Y:5316 Z:3223
Fault class: obstruction (100.0%)
X:14256 Y:3270 Z:-3575
X:14330 Y:2006 Z:-1545
Fault class: obstruction (100.0%)
X:14849 Y:2790 Z:5567
Fault class: obstruction (100.0%)
X:11769 Y:-132 Z:4784
X:11248 Y:3240 Z:4895
Fault class: obstruction (100.0%)
X:13053 Y:7078 Z:-3722
Fault class: obstruction (99.7%)
X:14164 Y:398 Z:1042
X:15005 Y:965 Z:1549
Fault class: obstruction (100.0%)
X:13693 Y:2864 Z:6446
X:13851 Y:3283 Z:295
Fault class: obstruction (100.0%)
X:13860 Y:3626 Z:-114
Fault class: obstruction (100.0%)
X:14129 Y:1527 Z:-3908
X:13749 Y:3301 Z:8526
Fault class: obstruction (100.0%)
X:13802 Y:699 Z:1399
Fault class: obstruction (100.0%)
X:13590 Y:4219 Z:5887
X:13254 Y:5988 Z:-4774
Fault class: obstruction (100.0%)
X:14391 Y:166 Z:1345
X:15182 Y:2573 Z:1914
Fault class: obstruction (99.2%)
X:13591 Y:3936 Z:5802
Fault class: obstruction (100.0%)
X:13179 Y:3076 Z:1438
X:13435 Y:2485 Z:-1822
Fault class: obstruction (100.0%)
X:14599 Y:1927 Z:-1154
Fault class: obstruction (100.0%)
X:14012 Y:2884 Z:5357
X:14033 Y:1813 Z:4845
Fault class: obstruction (98.5%)
X:13475 Y:6449 Z:2587
X:14769 Y:7316 Z:1176
Fault class: obstruction (100.0%)
DHT11: read failed
X:13220 Y:3130 Z:-2505
Fault class: obstruction (100.0%)
X:14877 Y:241 Z:1935
X:15250 Y:2933 Z:1503
Fault class: obstruction (100.0%)
X:12717 Y:3681 Z:6280
Fault class: healthy (95.5%)
X:10833 Y:2227 Z:1407
X:13585 Y:3341 Z:1450
Fault class: obstruction (100.0%)
X:15463 Y:3727 Z:-1764
X:15246 Y:3126 Z:3151
Fault class: obstruction (100.0%)
X:15104 Y:1775 Z:2044
Fault class: obstruction (100.0%)
X:14603 Y:6072 Z:3466
X:13688 Y:7217 Z:-500
Fault class: obstruction (100.0%)
X:13981 Y:4359 Z:176
Fault class: obstruction (100.0%)
X:15277 Y:193 Z:313
X:15064 Y:2357 Z:2947
Fault class: obstruction (100.0%)
X:12870 Y:7095 Z:4895
X:12471 Y:2855 Z:-488
Fault class: obstruction (100.0%)
X:13806 Y:3066 Z:6
Fault class: obstruction (100.0%)
X:14736 Y:2593 Z:-4492
X:14195 Y:3173 Z:8482
Fault class: obstruction (100.0%)
X:13487 Y:1698 Z:1005
Fault class: obstruction (100.0%)
X:12143 Y:5308 Z:6395
X:13018 Y:6868 Z:-5242
Fault class: obstruction (100.0%)
X:13610 Y:1028 Z:3707
X:15400 Y:123 Z:-291
Fault class: obstruction (100.0%)
X:13751 Y:3054 Z:6544
Fault class: obstruction (100.0%)
X:13766 Y:5081 Z:998
X:12929 Y:3823 Z:2003
Fault class: obstruction (100.0%)
X:14065 Y:3140 Z:-1906
Fault class: obstruction (100.0%)
X:14493 Y:2388 Z:-3055
X:14656 Y:3236 Z:5980
Fault class: obstruction (100.0%)
X:13274 Y:324 Z:4032
DHT11: 39.0% RH, 29.5C
X:13932 Y:6188 Z:4064
Fault class: obstruction (100.0%)
X:13172 Y:6013 Z:-2798
Fault class: obstruction (100.0%)
X:14585 Y:2904 Z:2902
X:16088 Y:421 Z:-375
Fault class: obstruction (100.0%)
X:14277 Y:4330 Z:7350
Fault class: obstruction (100.0%)
X:14592 Y:5736 Z:-1500
X:12804 Y:3255 Z:2766
Fault class: obstruction (100.0%)
X:13531 Y:3410 Z:-3324
X:14386 Y:3278 Z:1697
Fault class: obstruction (100.0%)
X:14775 Y:2299 Z:2085
Fault class: obstruction (99.9%)
X:14264 Y:4243 Z:5255
X:14035 Y:6660 Z:243
Fault class: obstruction (100.0%)
X:13587 Y:3621 Z:239
Fault class: healthy (80.5%)
X:15351 Y:69 Z:607
X:14076 Y:3585 Z:2878
Fault class: obstruction (100.0%)
X:12638 Y:4481 Z:3712
1X:12329 Y:3087 Z:-15
Fault class: obstruction (91.8%)
X:14652 Y:2841 Z:-725
Fault class: obstruction (100.0%)
X:15584 Y:3351 Z:-4137
X:14558 Y:3550 Z:7596
Fault class: healthy (74.2%)
X:14460 Y:1909 Z:2247
Fault class: obstruction (100.0%)
X:13358 Y:6640 Z:5529
X:13766 Y:8053 Z:-3357
Fault class: obstruction (100.0%)
X:13342 Y:3687 Z:2736
X:15871 Y:769 Z:-2332
Fault class: obstruction (100.0%)
X:14486 Y:2696 Z:5222
Fault class: obstruction (100.0%)
X:13697 Y:3407 Z:1829
X:13791 Y:2248 Z:4852
Fault class: obstruction (99.9%)
i[debug] got bytes: 0x31 ('1')  0x69 ('i')

Selected: Speed 1, imbalance. Set up the fan now.
Send 'S' when stable and ready to capture, 'X' to cancel and return to menu.
X:14119 Y:2673 Z:-4177
Fault class: obstruction (100.0%)
X:14492 Y:2356 Z:688
X:15091 Y:2637 Z:2986
Fault class: healthy (51.5%)
X:13919 Y:1530 Z:6072
DHT11: read failed
X:15815 Y:5431 Z:2147
Fault class: obstruction (100.0%)
X:12346 Y:6692 Z:-491
Fault class: obstruction (99.6%)
X:13950 Y:3157 Z:1503
X:15734 Y:406 Z:282
Fault class: obstruction (100.0%)
X:14506 Y:4923 Z:6236
Fault class: obstruction (100.0%)
X:13000 Y:5777 Z:181
X:13072 Y:4214 Z:3319
Fault class: obstruction (100.0%)
sX:13753 Y:2910 Z:-3351

=== CAPTURE START: speed1_imbalance ===
13998,4276,-1677,12591,7068,284,14178,7046,-2441,13219,6811,-1331,12339,5355,4070,13292,5595,4505,13126,5907,307,13733,4124,3134,12903,2646,6851,12983,2274,3400,14347,2272,3054,13367,1570,6888,13288,1553,6157,14668,3619,853,15504,3605,4270,14146,2487,7157,14378,1576,-330,14852,3597,-3865,15692,3623,-50,14450,2798,788,14112,2005,-2105,14091,2553,-579,14213,3228,630,13481,1961,-3703,12165,2595,-4022,13505,3214,1991,12696,3179,2836,11918,3931,15,12260,4788,2681,13074,7026,4153,13492,4759,968,11451,3938,2530,13614,4973,6450,14687,5400,5215,13964,3981,2158,14624,2718,3018,15400,2455,5826,15799,57,2071,14800,-683,-675,14909,480,2722,15779,1071,788,14036,1185,-2314,13692,1045,1471,13440,4354,1823,14441,5240,-3517,12708,5649,-3616,12619,7307,1079,14935,6981,1190,12102,6109,-500,13135,4943,3090,12776,6967,5709,14769,5354,1298,12862,2591,2328,12574,1792,7733,14554,2522,5203,13844,1934,1801,12971,992,5896,13985,3033,5947,15826,4086,3159,14369,2171,3211,13729,1547,2658,14709,3101,-1331,16012,3812,-4750,14223,2526,427
15795,1339,-2698,14075,723,0,13704,1367,3932,13897,3667,-1518,14117,4966,-4388,12719,5861,80,13371,7175,105,13943,7376,-1951,12546,6122,2145,12836,5805,5248,13572,6355,1695,13613,5230,1226,13349,2677,6499,12499,2375,5869,14895,2272,2115,13598,1634,4694,13114,1572,7663,14615,2965,2770,15497,3472,2580,13933,1888,6848,14265,842,1764,14780,3570,-4714,15949,3332,-2416,14029,3362,2014,14292,1980,-288,14270,2754,-2792,13946,3034,-211,13537,2144,-1666,12648,3091,-4617,13500,3067,376,12237,3571,4149,12688,3862,1200,12232,5231,307,12891,6494,3474,13256,4620,3512,11588,4334,2125,13789,4496,5178,13920,5449,6395,14170,3495,2949,14570,3217,1022,15646,2171,5394,15299,-139,4297,14980,-923,-1537,15164,312,680,15844,1179,2065,14034,1200,-1156,13840,1343,-531,13538,4497,2015,14590,5579,-1633,12797,5996,-5014,12887,7238,-473,14339,7920,3154,12681,5942,1228,12598,5508,910,12781,6796,5505,14704,5080,3879,12904,2283,943,12457,1119,6527,14273,2744,7469,14140,1582,2417,13071,1383,3539,14438,2959,5983,15463,3586,5422,14660,1998,2156
16014,1284,5268,15111,-760,-48,14916,-1207,238,15336,928,2845,15505,514,-893,13452,996,-1790,13597,2351,2868,14668,5076,307,13732,5654,-4921,12113,6051,-2108,14172,7910,1917,13629,7563,477,12416,5520,1055,11724,6146,5677,14311,6218,4049,13601,4813,629,13221,1843,4664,12849,1981,7611,14422,1523,3973,13774,880,3350,13182,2579,6245,15697,2336,5256,14711,3086,2367,14441,928,2933,14171,2814,1642,15583,3101,-3580,14692,3599,-4047,14510,3694,1517,14411,3407,1371,13977,2207,-3296,12987,2542,-2580,13638,2399,244,12646,2645,-2265,11895,3600,-1419,14013,4801,4240,12173,3674,4291,11644,5212,-354,13952,5374,1234,11976,5931,6886,13360,2984,3268,12960,4205,2334,14052,5541,7792,16013,4176,3917,14410,2631,-593,15182,-201,3523,15280,330,3752,15688,-356,835,14965,-206,-2167,14051,1082,946,14761,1909,1200,13913,3205,-2282,13574,3715,98,12776,5837,876,13827,7218,-4374,13700,8244,-1964,13115,6949,4216,12797,6902,3976,13606,5673,639,12351,4258,3906,13564,3662,6004,13585,2840,2397,13359,1836,3528,13759,1036,8425,13809,1780,5287
12885,4269,6967,14421,4600,5207,15450,4568,304,15082,1649,2701,14893,-342,5288,15186,-582,1222,15781,335,-1595,14893,680,722,14265,872,1076,13754,2204,-2037,14074,3647,324,13737,5230,1811,13399,6042,-3798,12994,6895,-3897,12885,8140,2593,14194,6811,3589,12160,4993,1546,12659,6146,2849,13886,4974,5647,13277,4053,3209,13554,1315,2601,13608,1545,7459,13860,1057,6440,14035,1798,688,14777,3102,3680,14635,3873,7932,14895,1908,3763,14207,1389,-335,14658,3323,-1316,15232,3411,-2006,14391,3688,-2610,14616,2783,755,14003,3760,2098,13770,1799,-3297,13333,2003,-5433,13179,3130,637,13583,4285,1212,11929,2814,-596,12736,1775,3239,11154,5546,5049,14240,6424,-582,12320,5346,890,12325,3428,6710,12986,4263,5802,14523,5663,2388,14597,4796,4216,14572,3023,5090,15101,1631,1509,15503,91,760,15288,-131,4559,15537,34,1196,14886,372,-3689,13857,1022,398,14444,2444,3091,13809,4129,-959,13677,4531,-2622,12849,6025,-285,13983,6974,-1137,12288,7571,-1829,13641,6622,2777,13176,5368,6061,12031,5537,2060,14832,4940,266,12646,5002,7051
10765,5826,108,14558,5371,3677,12628,6887,5544,13077,2657,2095,13133,3795,3987,14159,5612,6819,16471,3839,2539,13698,1920,643,15194,-688,4565,15472,928,2621,15943,-13,-237,14718,-304,-1461,13781,1461,1557,14775,2195,353,13759,4130,-2004,13844,4615,984,13072,6463,-661,13838,6422,-4843,12081,6654,1256,13874,8015,4372,14541,5522,1149,10626,4520,2110,14385,4814,4545,13865,5469,4681,13798,1644,2580,12377,-148,4904,13434,1590,8159,15419,2834,3497,13757,3332,759,14105,2367,6554,14508,2658,6287,15405,3184,-80,14534,2716,-1527,14234,2472,-806,14528,3344,-2334,15388,3254,-1228,13655,3668,2544,14376,1778,-540,13367,2685,-5464,14022,1888,-2415,12014,3197,2496,12708,3021,349,12428,4842,328,13127,6022,4872,12825,3705,2961,10639,4827,-3141,14817,4684,6607,13087,6150,6689,14183,3025,2653,11631,4354,3311,16891,3776,4286,14659,3943,4264,15673,-361,822,13894,217,1753,16117,-281,4558,15181,800,-2600,14179,71,-2824,13671,2740,3324,15229,3674,670,13362,4656,-2991,12748,4392,-660,13275,7188,-665,14653,7550,-1538,12582,6975,364
13760,2084,-1514,11847,3672,-1693,12928,4734,2856,13602,5212,3307,11269,2377,609,11791,5874,1927,14283,5793,4728,13027,5969,3867,12427,2575,1777,13832,4009,6123,14706,5618,5845,16566,3762,9,13529,1671,2874,15251,-830,5785,15410,855,835,15677,-75,-168,14283,600,374,14045,1462,564,14711,3511,-1333,13969,4448,-448,13631,4738,1260,13048,5353,-2930,13536,6713,-3953,13285,7756,3250,13829,7049,3353,12934,4123,26,11753,4320,4200,14718,5553,4826,14126,4278,1785,12764,857,3107,12396,1453,7271,14624,2460,7215,14530,3158,1998,13461,2566,2421,14101,2801,6574,15038,3343,3321,14895,2523,165,14051,2987,714,15146,2569,-2006,14813,3694,-3562,14960,2376,578,13466,2737,2387,14283,1637,-2260,13641,1958,-4737,13323,2362,-268,12906,2932,980,12030,4269,-1484,13629,4068,2261,11772,3827,5542,11930,5683,544,13926,5320,-243,12367,5785,6196,12802,3485,4759,13610,4326,2373,14119,4726,4707,15646,3823,5389,14586,2070,1717,15355,-5,1528,15039,455,4255,15685,-107,3060,14939,464,-3466,14010,995,-533,14582,2845,3114,14370,3843,-1590
14507,3880,2327,15201,2680,-910,13650,2492,-3603,13635,1308,-32,13503,2442,-550,13644,2500,-3316,11756,2558,41,12251,4529,2546,14551,4027,1423,10538,4533,1088,13259,5703,2534,13296,6231,4412,13119,4762,1691,12132,3403,3558,13836,4741,7526,15160,4612,3452,14538,3285,667,14621,1227,5497,15289,887,3806,15835,-14,261,14715,-448,1358,14617,857,1656,14918,2584,-97,14439,3198,-1915,13545,4328,1363,14307,4608,535,13430,5520,-4352,13106,6424,-1100,13693,7381,3573,13385,6262,-215,13195,4618,108,11822,5267,6530,14627,5298,3783,13491,3657,685,12644,1556,4872,12552,1767,7359,14739,2006,4444,13615,3042,2986,13875,2923,5455,14726,3108,5067,14770,3697,1141,15021,2281,1991,14032,3071,2213,15560,2143,-3105,14554,3627,-2575,14960,3199,1590,14080,2153,593,13799,1555,-3779,13756,1759,-2492,13052,2705,316,13001,2096,-990,11613,3996,-1509,13256,4713,3165,13037,3934,3454,10807,4467,11,13776,5192,1914,12574,6376,5976,13664,3087,2606,12308,3633,2647,14605,4908,6770,15717,5160,3898,14890,2517,864,14742,135,3934,15185,593,4548
13717,2943,2756,14570,3018,5815,14951,2833,2169,14784,3068,-2342,14618,2607,-1143,14801,2802,800,14785,2887,-2273,14467,2274,-1273,13982,2370,1743,13736,1438,-2894,13012,2387,-4826,12761,2896,1556,12609,4311,2279,12813,3579,-1111,11823,3526,2556,12046,6399,4232,14481,6010,691,11523,5433,1940,12691,2557,5523,13483,5198,6159,15153,4918,2636,14651,3639,2293,14463,2120,5799,15741,866,2787,15656,721,51,15083,6,4061,14936,132,1318,14341,1442,-2631,14448,2841,594,14272,4337,2315,13939,4342,-1982,12958,4840,-3738,13155,6410,300,14069,7326,1523,13000,6578,-1204,12873,4758,1369,12890,4924,5968,13781,4832,2025,13624,4143,627,13033,3084,7141,13447,1922,5871,13796,2241,2146,13844,2185,5892,13705,3330,6839,14443,3155,2258,14626,3228,1570,14357,3265,4938,14785,2347,2482,14843,2940,-3959,14909,2615,-1565,14464,3039,2021,14466,2264,-1782,14104,2214,-2397,13959,2206,475,13415,2067,-1682,12756,2195,-3402,12589,3344,353,12877,4637,3135,13118,3802,922,11374,4007,633,12356,5715,3724,13860,6169,3789,12928,5102,1468,12459,2970,4399
13545,3194,2582,12714,706,3692,13474,2128,7836,14358,2324,5171,13798,2779,1557,14053,2989,4919,14868,3906,5259,15228,3298,839,14004,1758,355,14436,2430,127,15207,3295,-2165,15093,3478,-2091,13985,2098,1147,13912,1592,812,13826,2175,-4750,13852,2623,-3182,12702,3088,2103,12828,3024,-34,12212,4330,-1739,13690,3843,4242,10998,5193,4639,13418,5625,-1401,12379,5222,1948,12995,4261,6942,13463,3966,3597,13759,5102,2426,14631,4008,5752,14573,3065,4506,15368,1223,1179,15030,910,1942,15624,-266,5014,14678,-418,438,14787,358,-3010,14207,3197,2138,15442,4224,1495,13778,4542,-3199,13317,3936,-1042,12745,6209,1155,14063,6735,-1878,13373,6419,-1322,12444,5333,3355,13428,5330,4116,13141,5714,409,13721,3881,3199,13079,2783,6914,12908,2267,3197,14356,2499,3174,13282,2406,7592,13426,1496,6133,13977,3777,674,15947,3798,3166,14103,3901,6144,14771,1478,437,14172,3198,-2555,15876,3226,675,14653,3201,27,14320,1768,-2619,13871,1824,-595,14200,2643,766,13944,1684,-3491,12165,1871,-3960,13049,3076,1262,12906,3877,2227,12084,4012,-264
13907,7095,3107,12678,5542,-175,12935,5230,1829,13081,6089,6307,14765,3478,2961,11961,1682,1693,13052,1344,6911,14552,3382,6286,13945,2338,2810,13180,1929,4236,14332,3728,6063,15744,3518,3778,14233,2624,349,14144,2008,1210,15165,3268,521,15275,3647,-3696,14620,2078,-806,13886,2113,2260,14460,2482,-2319,14321,2213,-4274,12482,1684,-532,12728,2893,237,13367,3435,-1609,11993,3699,670,12325,4012,4519,12275,5969,1784,13459,5874,-677,12158,3990,4976,12098,4338,5629,14313,5263,1523,14195,4823,4378,13737,3553,6730,15198,3160,2300,16288,1792,1501,14691,266,3983,15469,-1415,2647,14531,961,-1514,15587,746,-272,13657,2513,3794,14456,2508,-618,13918,4418,-4296,13644,5105,467,13188,6305,196,13212,7299,-3144,13671,6468,1151,12212,6022,4439,13701,5504,1279,12941,6008,1050,13925,4384,6212,13246,2171,5269,12929,2023,1873,14606,2214,5138,13176,2484,7672,13668,1431,4098,14289,3545,1520,15391,3544,5659,14460,2501,4905,14394,1698,-2379,14656,3163,-1338,15415,3900,1009,14540,2949,-1672,14132,1664,-1823,13672,2393,778,14738,2384,-1365
[row took 89460us]
13625,3913,151,14087,5702,17,13306,6015,-4229,12725,6802,-1665,13854,7209,3444,12695,6202,2169,12888,5915,53,13081,6242,4443,14138,5284,5536,13609,2049,1197,12182,1277,4279,14318,2227,7866,13948,2026,4475,13465,1443,2957,14112,3042,5239,15560,3712,5705,14690,3126,1686,14430,1615,-198,14188,3619,1371,15789,3326,-2272,14410,2915,-3324,13942,1833,1549,14028,3182,589,14823,2740,-4134,13104,1621,-2931,12228,2401,428,14027,2799,-524,11867,3672,-767,12747,3387,3627,11536,6606,4573,14031,5838,-957,11983,4240,1997,11920,3784,6766,14161,5054,3191,13974,5463,2562,13787,3679,6389,14690,3767,4412,16532,2380,915,14790,1,1982,15215,-1329,3586,14920,-106,513,15705,486,-2087,13649,1551,2340,14487,2219,2360,14102,4609,-4265,13751,5029,-2474,12720,6503,1377,13629,7177,-1515,13450,7475,-1265,12901,5842,3787,12210,5719,4578,13696,5942,304,13377,5018,2996,13550,2773,7723,13502,1768,2883,12981,1751,2408,14381,1487,8643,13211,2280,6127,15351,2132,1287,14059,3674,3918,15135,2350,5935,14177,1888,27,14748,2347,-3908,15088,4320,-512
14776,-110,-1270,15056,720,-166,14505,1986,2515,14133,2431,-2067,13644,3901,-1539,13503,5365,1951,13507,6062,-2774,12796,7246,-3782,13485,6971,2486,12668,6678,3427,13400,5367,1500,12870,5806,2765,13338,5483,5553,14258,2720,4375,12379,1138,1729,13908,590,7097,13906,2802,7679,14657,2276,1445,14131,2794,2718,14286,2643,6986,15164,2828,3585,14860,2513,-552,14228,2525,-506,14905,3367,-1564,14791,4307,-3173,14642,2692,-235,13433,2719,2263,14105,2114,-2486,13576,2279,-5374,12681,2841,-378,13298,3065,1928,12322,3383,112,12653,3946,2327,12055,6143,4487,13666,4950,352,11474,4744,376,13380,4254,5789,13076,4872,6510,14178,4721,2985,13870,4423,2935,15136,4079,5152,15336,1530,2532,15306,-476,324,14999,-395,3582,15630,40,1846,14926,868,-2980,14288,1264,-360,14073,2890,3188,13991,3893,-875,13628,4847,-4309,13258,6467,-74,13657,7105,874,12823,7702,-2011,13324,6249,2152,12551,4981,6539,12955,6076,1418,13644,3786,975,12896,3724,7204,13912,1585,5884,13870,1965,2062,13692,847,5332,13701,2262,6685,15101,3590,2776,14707,3380,2916
16060,3920,2560,14462,2498,239,15195,165,3525,15580,390,4185,15342,-150,678,14991,-194,-2619,13599,1528,2224,15028,2333,1059,13828,4541,-3018,13992,4185,566,12819,6129,59,13781,5796,-3975,12342,7042,249,13697,7935,4067,14515,4919,2285,10485,4755,1818,14526,4691,3479,13683,5274,5462,13890,1602,2601,12503,604,3568,13737,2260,8955,15277,2514,4665,13133,2920,691,14544,2218,5855,14411,4153,5681,15848,2449,438,13829,2494,-1448,14552,2447,-996,14783,3498,-1474,15124,3239,-1743,13702,3139,1214,14301,2161,832,13464,2296,-5476,13311,1108,-3393,12087,2212,3219,13137,4437,-47,13134,5190,-662,13081,2338,4678,10075,6063,3351,15373,5368,-1243,11387,6678,3638,13380,2657,7008,13126,4191,3843,14162,4980,2373,15695,4251,4825,14011,2839,4181,15724,112,894,15044,562,822,15652,-162,5407,15006,-208,-913,14248,827,-3197,14204,2927,2692,14449,3793,2080,13726,4545,-4080,13036,5010,-1577,13536,6940,654,13668,5913,-536,11952,7295,-469,15250,6577,3380,11868,4935,5233,12985,4529,311,14548,4292,2610,13140,4224,8149,13551,366,3345
12746,6438,5135,13377,4492,3729,12113,3541,1126,13481,3862,6353,14712,5240,6183,15291,3964,806,14621,1652,2262,14821,766,5427,15998,-66,2706,15094,186,-1012,14560,308,485,14838,1661,2404,14397,2578,-1323,13999,3612,-1738,13707,5070,1561,13871,5441,-2045,13133,6780,-3891,13177,7030,2199,13543,6455,3125,13164,4802,-638,12427,4060,2859,13122,6035,5490,15225,3994,2803,12323,2815,2233,13243,339,6144,13470,2328,7504,14585,2551,2741,13358,2793,3122,14045,3142,6482,15022,3697,2988,15226,3174,487,14108,2418,1621,14872,3035,-1029,15180,3428,-3097,14621,2701,-39,13777,2348,1876,14448,1645,-1027,13507,2002,-4639,13487,2049,-1523,13052,2430,1314,12158,3435,-1807,12810,4673,672,13349,5405,4187,11744,2534,1921,11542,6164,365,14429,5328,3916,12765,6126,5909,12702,2492,1481,13814,3471,3555,14508,5542,6997,16682,3563,2271,13744,1859,850,14964,-951,5061,15468,797,3153,15470,445,-416,14410,261,-1413,13543,2195,2242,15213,3603,102,13946,4892,-3082,13619,4169,624,12967,5432,-145,13621,6594,-4055,13115,7029,1306,13146,7176,4414
12454,2272,-2238,12466,3306,2954,13060,3955,787,12562,4096,-51,11714,4727,3111,13110,6574,2762,13763,4821,703,11420,4127,3187,13349,4745,6632,14740,5034,4478,13982,3487,1640,14286,2620,3728,15702,2779,5756,15776,874,1576,14958,-121,611,14173,-995,4753,15482,1474,-519,14755,2134,-2253,13718,2840,2160,14033,4292,356,14195,5148,-2918,13210,5229,-1981,12827,6047,1839,13937,5975,547,12526,7639,-1685,14797,5151,2497,11769,3009,5980,12861,4861,997,15132,4128,2309,12886,4375,7941,13250,193,3694,12965,1750,2574,14255,3137,7436,14504,3615,5424,14081,3244,1047,14249,2867,2612,14973,3773,3422,14865,2842,816,14851,2297,-4003,13837,2393,417,15553,2895,1842,14130,2681,-3128,13997,1142,-2650,12929,1913,912,14137,2047,-2467,12815,2692,-2394,11620,3323,2039,13487,4933,1607,13519,3796,459,10294,4869,1932,13959,6051,3565,12804,6553,2645,13251,3412,2000,12305,3433,5740,14359,4545,5871,15363,4286,1497,14455,2471,2602,14776,1204,6373,15350,1099,2029,15731,27,473,14507,206,2261,14896,815,484,14176,3026,-1377,14646,2807,-199
15174,2246,-3922,14616,2651,-1307,14485,2335,1948,14391,1908,-315,13721,1819,-3677,13640,2245,-2304,13144,3046,1033,12867,2824,-1149,11940,4290,-1303,13581,4366,4101,12047,4153,2903,11731,5451,-667,13593,5516,2903,12808,6068,5930,13053,3080,1911,13163,3677,3438,14366,4588,6325,15602,3396,3450,14490,1883,1072,15047,20,4136,15372,857,4332,15383,459,63,14919,215,-1840,13875,2159,2039,15180,3016,997,13800,4887,-2733,13970,4168,545,13042,5580,345,13700,6054,-4260,13243,6514,-166,13061,7038,3900,14239,5279,1258,12471,2847,1168,12319,4344,4682,15225,4641,4639,13267,3713,2678,12499,345,3689,13361,1852,8175,14153,3409,5108,14484,3728,949,13515,2884,4884,14603,3386,5455,14828,3866,667,15052,2801,408,14415,2831,424,14987,2171,-2031,14717,2511,-1906,14487,2116,1108,14402,2179,923,13596,1699,-4102,13540,1832,-3754,12697,3278,1787,13090,3090,381,12081,4268,-1775,13469,3360,3542,11026,5355,4489,13516,5806,-1316,12549,5522,2066,12859,4644,6750,13369,4099,3225,14128,4606,2392,14462,3929,5549,14764,2930,4906,15225,1493,1611
13774,3375,7132,14612,3458,2014,14188,3161,2261,14089,3196,5726,15100,2767,2035,14699,2917,-3326,14847,2145,-1304,14319,2951,1738,15078,2049,-1501,14139,2370,-1858,14121,2019,865,13703,1975,-2039,13091,2607,-4317,12861,3143,1048,12844,4248,2739,12766,3492,-98,12154,4013,1002,11937,6404,3527,14195,5847,2619,12354,5521,1759,12598,3192,4425,13616,4017,6603,14606,4375,2391,14619,3267,1768,14448,2204,6421,15581,870,3622,15646,686,-28,14894,329,2639,15040,584,1223,14398,1647,-1795,14258,2388,-218,13985,3898,2651,14253,4340,-867,13229,5196,-5117,13088,5623,-153,13687,7182,2393,13560,6626,-1406,12869,5366,1011,13508,3726,5677,12674,4731,2830,14166,4738,338,13606,3585,6559,13072,2000,6736,13751,1728,2011,13546,1982,4630,13681,2867,6854,14157,3353,3107,14782,3843,1786,14398,3663,4185,14648,2042,2928,14362,2223,-3822,15297,2415,-3058,14809,4028,2597,14743,1823,-129,13535,1317,-2783,13825,2283,-738,14200,3166,-624,13081,2362,-3212,11838,2540,-350,12625,5442,2805,14457,4676,1515,11243,3459,587,11805,5221,3390,13789,6194,3536
12785,5263,4109,14195,5306,5934,13935,2115,2192,11958,1400,3288,14044,2527,7255,14085,2857,5294,13669,1965,2628,13501,3182,4218,15420,4258,5947,14706,3332,2119,14259,1232,-917,13816,3204,1353,15942,3079,-1042,14768,2861,-2873,14126,1045,1189,13973,2739,963,15023,2746,-3801,13349,2102,-3510,12232,2481,726,13878,3301,434,12328,3821,-1418,12412,2971,2157,11533,5611,4619,13939,6406,-53,12790,5096,1162,11685,3853,6597,13600,4569,4000,14372,5611,1402,13962,3413,5516,13887,3169,5618,15986,2547,1926,15468,728,2243,14943,-519,3801,14897,-291,1292,15515,1609,-2472,14314,1971,1776,14443,2389,3458,13754,3936,-3327,13917,4354,-3054,12836,5726,1270,13657,6087,-1457,13528,7042,-1910,13052,5679,2878,12802,5167,3703,13574,5533,554,13428,5632,2173,14006,3696,7111,12351,1893,4304,13760,2027,1987,14203,2626,6521,13367,1700,6923,13523,2650,1838,15203,4084,2567,14665,4086,7075,14742,1408,1902,13730,2418,-3311,15645,3131,-264,14747,3852,804,14688,1811,-1748,13837,1391,-906,14032,2928,608,14816,1817,-2885,12317,1939,-4392,12676,2712,626
13116,5619,-4450,12659,6808,22,14512,7420,3348,12827,6256,476,12844,5061,609,12713,6464,5609,14576,5089,3806,13289,1994,1015,12101,855,6164,14077,2789,7193,14406,2632,2901,13233,1668,3758,13495,3096,6191,15769,3794,4506,14633,3014,1297,14156,1194,1174,14070,3129,1252,15961,3703,-3369,14711,2886,-2105,13893,2106,2716,14581,2712,-849,14567,2817,-4480,13308,1405,-1494,12215,2514,138,13891,2950,-1597,12105,3877,-129,12549,3754,4037,12043,5834,2737,13314,6157,-1008,12615,4293,3435,11634,4165,6144,14046,4557,2212,13849,5448,3277,13809,3732,6869,14643,3574,3308,16136,2929,816,15231,573,3945,15226,-1094,3556,14810,39,-636,15760,945,-1074,13824,2207,3291,14636,2040,1228,13699,3945,-4103,13705,4560,-870,13271,5718,679,13162,6869,-3108,13829,6968,-362,12481,6504,4367,13421,5693,1863,12930,6101,169,13487,4933,5206,13819,2707,6067,12283,1492,1977,14156,1849,4162,13859,3041,7783,13907,1614,4964,13559,3357,1880,15485,3640,4582,14419,3328,6092,14515,1023,-566,13808,3017,-2056,15817,3707,881,14622,3621,-1295,14407,1859,-2167
14461,834,-485,14079,2830,-2115,14391,3083,925,13485,4526,1405,13329,4633,-3018,13096,6764,-4152,13855,8090,1799,13682,7300,2949,12765,6715,384,13307,4932,3443,12950,5191,5324,14498,3221,976,12531,2283,2745,13231,1590,8462,14142,2108,6102,13940,2326,2500,13618,2687,4484,14490,2812,5595,14719,2743,3343,14719,2219,1643,14125,3372,2067,15457,2470,-1224,14648,3544,-4892,14925,3321,-174,14200,3433,2517,14377,1876,-2049,13502,1883,-3560,13263,2266,-472,13146,3011,-534,12526,3488,-1794,12705,4004,2148,12754,4348,5040,11958,5208,851,13248,5091,-845,11890,4935,5973,12994,3558,4916,13302,4858,1730,14297,5385,5881,15058,4558,5553,14865,2653,477,15342,236,1860,15040,252,4117,15567,-889,2982,14867,617,-2314,14875,1266,-123,14238,2237,2576,14124,2646,-2032,13468,3968,-2037,13657,5139,1641,13264,6543,-2172,13289,7688,-3234,13332,6858,2562,12698,6640,3692,13796,5456,1746,12824,5188,1775,13452,4170,5865,13646,2350,4840,12799,1017,1933,13812,1440,7362,14083,2983,7504,14576,3040,1231,14155,2619,2361,14035,2491,6945,15095,2366,3926
14432,1506,4766,15134,-72,4408,15640,21,626,15213,-218,1187,14792,985,1155,14313,1077,-1414,14053,2529,-1379,13952,4162,2653,14129,4606,220,12858,4946,-5459,13171,6393,-1301,13041,8108,3521,14043,7535,525,14041,4955,949,10729,5086,6309,15111,4775,2065,13245,4216,646,13672,960,6234,11884,1548,7861,14526,1524,4363,14531,3442,2258,13899,3298,5065,14671,2501,5180,14279,3121,1787,15036,1869,3354,13909,3208,1370,15319,2672,-4931,14436,3868,-2444,15012,3421,2317,14302,2656,379,14019,1637,-3365,13531,1795,-2645,13451,2465,-137,12958,2568,-939,11771,4201,-913,13481,5034,4037,13715,3325,2920,10232,5015,-802,13899,5253,1832,12633,6337,5804,13293,3095,3086,12195,4001,3417,14273,5008,7036,16057,4704,2877,14511,2520,-166,14809,-35,4183,15167,248,4485,15990,-157,1310,14511,190,-1791,14115,1399,914,14712,2353,1070,14358,3620,-2427,13473,3909,498,13370,4746,1264,13442,5937,-4628,12691,6464,-1348,13201,8622,4340,15220,6750,1650,11601,4081,1311,12680,4499,4060,14785,4430,4161,13169,3042,2693,12907,363,3813,13174,2164,8244
13167,4028,2005,13131,5914,8259,13664,4954,4641,13301,3047,2353,15403,4200,1431,15157,3456,5353,15749,1030,3456,13943,-542,194,15482,54,4713,15465,1197,1357,14690,1378,-4419,13654,2045,534,14604,3670,2705,13961,4917,-1699,13309,3515,-2450,12525,5713,-636,13987,7270,506,13743,7522,-742,13092,6111,1550,13671,4118,5311,12519,4323,1651,14089,4349,-164,13630,3506,7332,13057,1941,6767,12894,1654,1781,14033,2574,6392,14353,3609,6937,14221,2794,683,14193,2646,2057,14289,3298,5956,15220,2596,3393,14313,3198,-3226,14899,2458,-2945,14589,3302,1822,15001,2634,-1144,14401,2297,-2195,13514,1560,1488,13969,1650,-2076,12937,2718,-4531,12616,3516,1008,12829,4865,3085,13595,3730,746,11341,3808,182,12221,5883,2790,13837,5746,3397,12488,4679,1637,12114,2871,4807,13740,5140,7378,15529,5131,2094,14565,3405,504,14554,1393,5859,15205,407,4467,15645,113,168,14697,96,2076,14685,1251,1417,15221,1945,-1860,13857,2491,-834,13701,3451,2325,14429,4481,-478,13098,5416,-4510,13146,6195,-830,13497,7399,3070,13564,6402,-531,12997,5312,60
13510,2514,-1326,11782,4145,-1409,12865,5101,2988,13577,5822,2574,12400,2479,-152,10777,5002,2588,14605,5857,4731,12760,6169,3959,12950,2366,2106,13739,4181,5266,15139,4865,5551,16104,3032,551,13575,648,3113,15379,-259,6129,15168,1407,945,15581,278,-367,13966,1360,673,14412,1890,231,14393,3919,-1593,14029,4212,-248,13442,4504,1638,12791,4821,-2574,13644,5930,-3737,13104,7825,3153,14099,7129,2841,13869,4687,-1475,11798,1955,4335,13261,5281,6087,15662,4018,917,11974,3106,4144,12813,675,7501,14077,2941,5744,14717,3526,2292,13639,2873,2430,13761,3168,5782,14788,3071,3608,14841,3102,-60,13913,2642,2832,15468,2513,-1796,14670,3242,-4184,15156,1930,751,13908,2768,1714,14112,1564,-2390,13633,2028,-3715,13066,2440,91,13313,3599,1119,12459,4001,-2076,12775,3736,968,12673,4686,4737,12578,5338,226,13135,5263,108,11843,4432,6156,13134,4474,4477,14189,5390,1709,14211,3825,4421,13823,2969,5583,15379,2948,1899,15843,1449,2428,14392,984,5283,15133,-1019,2941,14589,801,-1477,15443,2010,-369,14547,3027,2565,13836,2888,-2038
14658,2603,442,15412,3093,-904,14840,2411,-2591,13509,1598,1103,14131,1276,61,13529,2306,-4515,13429,2347,-1996,12317,3628,2879,12629,4517,-512,12777,4733,-963,12924,3269,3920,10848,5393,4087,14498,5520,-526,11943,5797,3119,13225,3145,6805,13468,4208,2964,14835,4405,2084,15029,3898,5468,14617,1931,4916,15004,638,1518,15069,570,2096,15291,861,4893,14884,760,-886,14024,1804,-2891,14527,3700,2447,14814,4085,1173,13233,4138,-3497,13165,3858,-778,13319,6493,1288,14272,6081,-1229,12281,6483,-1033,13691,5812,3269,14845,4059,3647,11281,3329,1460,14283,3941,2956,13408,4644,7074,13858,2046,3508,12245,1868,2198,13948,2817,8202,14469,3955,5483,13939,3335,-324,14212,2612,4160,14105,4325,5140,15670,2577,797,13995,2462,-2141,14629,2475,-420,15267,2786,686,14792,2196,-2685,13861,1515,-788,13829,1882,1519,13904,2093,-3711,13120,2616,-3400,12427,3494,2658,12822,4769,847,12867,4510,-1461,12734,2816,3141,10692,6023,4523,14971,5337,423,11537,6169,1959,13431,2736,6133,13523,4815,4789,14984,4245,1764,14763,3229,3762,14337,1772,5999
13713,2884,4619,13794,3764,6944,14057,3093,2530,14382,3322,1348,14228,3456,4473,14890,2786,3421,14537,2663,-2686,15032,2176,-2479,14544,2689,1868,15003,1508,-790,13825,1904,-3016,14215,1992,519,13484,2547,-358,13223,2334,-3597,12460,3388,-339,12615,5089,2574,13330,4577,578,12450,3473,178,11011,4853,4002,13855,6312,3834,12974,5824,1518,12837,3124,3303,13256,4204,6466,15218,3912,3698,14680,3608,1197,14623,1321,5471,14917,892,5182,15439,1049,-152,15288,421,1800,14389,1365,2612,15012,2098,-1262,14305,3939,-1473,14257,3697,1811,13566,4236,221,13216,4801,-3741,13337,5674,-1180,13231,7017,2729,14152,5949,-312,12813,4842,-595,13596,3781,4882,12847,4668,4565,14177,3712,800,12581,3181,4716,13367,2687,7627,14254,2698,3082,13489,3043,2666,13432,2922,6513,14142,3096,4393,14667,3602,1171,14674,2882,3256,14307,3322,3573,15113,2715,-1918,15038,2676,-3196,14568,2629,1424,14734,1524,533,13858,1855,-3464,13971,1544,-1189,13166,2462,787,13295,2521,-2510,12535,3945,-1773,13047,4557,2467,12954,4098,2031,11742,3895,-676,12191,5410,2331
13038,4376,-596,13186,3675,2493,12807,5341,6159,14968,3753,2829,11938,2426,1654,12998,1974,6929,14583,3957,6433,13950,2762,2500,12794,1804,3333,13850,3916,5448,15959,4200,3687,14215,3282,501,13941,1787,2188,15037,2949,1147,15598,3435,-3494,14859,1541,-1081,13541,1328,2054,14535,2083,-1912,14395,2389,-3565,12783,1726,-357,12458,2690,196,13691,3908,-1864,12640,4168,-53,12188,3842,3855,12051,5232,1876,13125,6264,-452,13235,4846,4866,11498,4381,5334,14078,4146,1069,14449,5000,3761,13993,3152,6899,14255,2535,2883,15757,2400,1602,15262,1045,5192,15008,-243,3402,14664,469,-1102,15410,1592,-150,14248,2927,3180,14693,2391,-452,13264,3840,-3430,13882,4557,954,13902,5763,734,12961,6047,-3600,13430,6361,-9,13844,6172,3315,13358,4457,981,13112,4350,1126,12978,5347,5429,14746,3754,5269,12349,2147,1657,12981,1945,4754,14459,3727,7227,13932,2600,4281,13105,2193,2054,13985,3889,4600,15482,3940,5350,14530,2655,-2,13745,1957,-65,15080,3510,1686,15298,3440,-1889,14839,1261,-1886,13618,1164,1409,14529,2285,-956,14321,2719,-4152
14075,2892,1935,13882,4794,-3917,13743,4859,-2303,12799,6151,1529,13963,6875,-312,13658,6528,-1639,12815,4780,2355,13047,4390,4686,13404,5165,1291,13901,4329,2566,12889,2816,7447,13056,2616,4185,14697,3266,1616,13538,2307,6295,12969,1780,7087,14194,3504,1370,15633,3774,2762,13702,3759,5762,14605,1421,618,14558,3376,-3377,15698,2797,-45,14490,2299,1643,14088,1165,-2047,14320,1566,-2466,13979,3029,613,13812,2171,-1937,12489,2807,-3916,13189,3586,1058,12810,4231,2458,12349,3402,-671,12081,4160,1641,12289,7083,4498,14237,5423,2297,11250,4235,1685,13337,3855,5244,14742,5279,5091,14295,3383,2614,14013,1990,2964,14954,2218,6220,16049,990,3213,14955,151,-859,14603,296,2330,15545,1568,1803,14626,1916,-1498,13935,1744,457,13522,4194,1732,14730,5297,-2446,13281,5691,-3715,12628,6480,783,14594,7249,2026,13100,5962,-1341,12691,3547,1333,12232,5008,6102,14438,5340,2801,13918,3615,1505,11866,2343,6794,14003,3004,5837,14647,3338,1758,13368,1112,5362,12666,1923,6892,15159,3668,2721,15009,4102,1720,14325,2678,3517,14077,2809,1388
15337,991,3533,15331,-209,3435,14738,456,-874,15838,774,-1606,13529,1833,3348,14564,1298,1677,13526,4295,-3700,14006,5014,-901,13311,6614,528,13443,6878,-3199,13793,7331,-676,13231,6229,3648,12704,3933,3016,12607,4670,1454,14023,5419,3368,13645,4219,7172,13486,2174,2465,12900,1795,1947,14325,2419,8787,13621,1173,5589,13611,2183,1109,14323,3618,5277,15271,4303,5792,14782,2707,153,14323,2203,-2031,14732,3292,-393,15311,2917,-583,14636,2090,-2447,13623,2126,854,14303,2318,1033,13732,2714,-4734,13143,1852,-3456,12366,3102,1814,12849,3682,795,12678,5017,-641,13832,2401,3430,9428,5921,4980,15510,5757,-727,11254,6992,2310,14078,3096,7335,12836,4310,3247,14454,4153,1936,15308,3509,5238,14235,2219,4954,15511,434,1807,15009,459,492,15664,237,4390,14839,11,-427,14188,710,-3528,13839,2465,1853,14824,3346,3148,13171,4961,-3066,13360,4986,-2568,13271,7244,215,14385,7497,-1151,12683,6933,-880,13488,5227,4093,12809,4892,5327,13772,4387,662,12854,4342,1983,13862,3042,7963,13439,2212,4664,13788,1469,2147,13276,1407,7067
14040,4832,1014,13076,3308,5069,13710,3853,6478,15338,3931,1583,15114,2218,2356,14793,222,5195,15362,118,2431,15847,885,-1699,14914,657,-397,14148,843,2061,14017,1810,-335,13835,3641,-1171,13714,5271,1426,13759,5977,-2068,13156,6644,-4777,12825,6974,1247,13226,7098,4259,14529,4557,690,11001,3650,2520,13138,5986,5519,14742,3659,4316,13158,3774,2146,13928,577,5772,13207,2068,6872,14501,1148,2719,13480,2876,1942,14699,3999,7246,14790,3474,5426,14925,2381,-97,14054,2907,-287,15416,3215,-1753,14595,2922,-2631,14693,2027,-5,13721,3517,2468,14765,2078,-1175,13127,2100,-5445,13800,2406,-2280,13371,4020,2190,12481,3943,-681,12237,1477,521,12233,3805,4982,12733,6299,2273,13555,6434,-1402,11901,4889,4547,12781,4110,6465,14025,4059,2539,14165,4687,3018,14581,3531,5824,14863,2594,3342,15023,1461,876,15370,420,3406,15626,169,4176,15266,520,-2479,14530,297,-2176,13674,1703,3453,14425,2877,1075,13612,5061,-2546,13765,5417,-461,13270,6844,-1282,13859,6182,-3024,11951,6770,906,13579,7059,4975,15015,3277,2780,9483,4257,1710
13429,5477,2424,13777,4140,-229,9186,2901,2887,13442,7107,3705,14841,6263,1279,13123,4734,2540,11309,2493,6116,14386,3687,5464,15170,4871,1706,15152,2602,3087,14155,1766,5529,15769,694,817,16270,903,-173,14471,-94,3450,14812,-352,-270,13595,2116,-2552,14531,2278,1764,13152,5876,2193,14717,5051,-2915,12835,6604,-4757,13366,6127,1027,13183,5888,2975,13011,7226,-1325,15224,3639,3398,9740,4554,7223,15241,4495,-103,13667,5466,1821,14237,1602,8188,12127,462,5195,13572,1155,2764,14587,3291,5475,14001,3576,5449,14300,2909,2991,14150,3495,2146,15569,3748,3964,14616,2978,-456,14422,1339,-5445,13900,2419,-134,15571,3488,3075,14250,3416,-1318,13815,1471,-2850,13385,2628,-975,14697,2386,-2040,12049,2438,-1983,12001,2388,2034,12474,5177,4162,13476,6344,730,12909,3888,1111,10598,5378,1437,15187,5369,5198,13456,5437,2026,13016,2814,4643,12092,3033,7966,16974,3927,543,14492,3648,1466,15350,767,5895,14344,778,1762,16421,297,21,14725,771,411,14155,20,1168,13558,2345,-681,14737,3487,-1050,13691,5891,2003,13574,4733,-1307
[row took 88597us]
14050,2215,1800,14324,2359,694,13554,2567,-4867,13913,2297,-3606,13286,2995,2229,12595,2784,2,12173,4416,-582,13314,5024,3687,12580,3094,3335,11173,6518,20,14824,5437,1657,12512,6763,7029,13324,2069,3029,13095,3064,1743,14110,4544,6612,16516,3632,4786,13858,2603,419,15361,-658,3068,15240,1804,3774,16111,218,817,14361,265,-2849,13162,1149,1493,14888,3170,2481,13907,5130,-2769,13987,4309,-1522,12552,6074,623,14448,6130,-3379,12822,6574,-1018,12745,6327,4455,14553,4505,3157,11299,3600,1488,13818,5390,2670,14738,5554,5397,13655,2497,3780,12172,157,2622,13429,1070,8087,14523,3113,6564,14000,3502,-263,13846,2733,4164,14129,4075,6940,15770,3513,669,14427,2757,-2096,14406,1854,-989,14696,2466,-48,15038,2800,-1191,13968,2566,608,14193,2493,1215,13987,2390,-3991,13586,2478,-4753,13103,2384,1993,12081,3525,2013,12457,4774,-670,14710,3585,2620,9511,5273,4717,14530,5594,-592,12167,6775,1081,14251,3483,7014,11850,3412,4769,14446,3355,1963,14811,4181,4785,14827,2971,5020,15054,1512,1910,15025,703,551,15827,895,4565
14187,3560,2137,14438,3666,3371,15511,3314,2533,14532,2674,-3044,14339,1058,-2777,14006,2941,2865,15249,2209,10,13792,2998,-3714,13953,1926,47,13757,2787,-947,13748,2659,-3811,12008,2081,491,12003,4548,2888,14857,3949,821,10613,3884,1131,12484,6267,2672,14585,6706,3175,12734,5890,1850,12397,2364,3326,13238,4019,7238,15135,4031,4014,14529,3317,1111,14160,1929,5300,15473,1632,4048,15944,1126,-403,14731,-505,2063,14699,81,1648,14652,1255,-576,14212,2616,-828,13498,4350,1833,14774,4951,300,13240,5813,-4917,13495,5701,-1995,13312,7022,3216,14034,5954,562,12726,4267,-372,12239,3806,6229,13710,6043,4274,14647,4988,-482,12497,3460,4847,13174,840,7277,13553,1398,3981,13964,1939,3665,13450,3031,5823,14320,3220,4758,14648,4155,1616,15260,3572,2223,14313,2812,3004,14927,2018,-3282,14723,2112,-2920,15018,3152,2684,14422,2546,842,13849,2219,-2845,13929,2011,-2379,13666,3428,-640,13583,2003,-1864,11579,2594,-1202,12457,4417,2713,14331,4292,3191,10374,3964,74,12985,5769,1771,13696,7210,4538,13601,4764,2478,11746,1961,2156
15219,5093,3476,13002,1746,2260,11699,-362,6035,13847,1594,8115,14451,3577,2453,14214,2985,2461,13388,3844,6589,15540,3753,3184,14905,3886,-224,14552,2127,646,14390,2263,-957,14810,2246,-2248,14850,2518,-56,13921,3171,2330,14923,2219,-1454,13524,2608,-5563,13660,2055,-1091,12519,3036,2152,12638,3271,-1279,12608,3639,460,12300,4333,5499,12354,5949,1104,13571,6502,-1621,12366,5402,5225,12910,3551,5844,13313,3681,2199,14093,3926,4425,14864,3974,5995,15068,2739,2680,15274,1548,877,15291,1149,3361,15650,12,4098,14741,252,-2082,14275,143,-893,13929,2512,3199,14401,3211,-504,13613,5100,-2718,13849,5255,30,13260,6388,-1319,13408,5622,-2916,12642,6006,1581,13402,5867,4292,13930,3968,2477,11960,4503,871,14257,5385,4246,14384,5239,5985,13801,1628,1701,12307,18,5024,13270,1970,8817,14783,3409,2990,14064,3573,1300,14001,3605,5994,14803,3825,4472,15157,2938,-647,14209,2015,-1732,14418,2272,314,14711,2313,-436,14702,2419,-1591,13891,3140,1511,14868,2439,-572,13627,2408,-5947,13189,1700,-1644,12253,3532,3268,13571,3494,224
13228,6082,2208,13927,6597,547,12553,6333,-736,13789,3661,4231,11552,5238,5495,14933,5674,-112,14215,5205,2395,13355,2543,7941,13065,869,4281,13340,1084,2863,13754,2112,6492,14136,3448,5580,14888,4148,2139,14435,3890,2715,14916,2930,4116,13991,1512,-610,14764,1873,-5271,14725,3315,651,15163,3068,2805,13608,2248,-1958,13904,2025,-2538,14460,3377,-489,14046,2688,-1973,12404,1738,-2300,11775,3506,1646,13815,5354,3331,13112,3792,992,10975,5135,1091,13920,6529,3476,13178,6442,2876,13080,3030,2225,12067,3017,5929,14521,4163,6370,15036,4040,1526,14424,2321,1908,14755,1632,5416,15916,1171,2025,15673,-84,326,14280,-661,1498,14535,395,960,14124,3024,-1792,14878,3591,-310,13378,5358,2651,14322,5027,-2901,12901,6042,-5444,13375,6165,1679,13574,6404,2855,12521,4869,-193,12871,4433,3352,12866,6402,5438,15223,4557,1189,12234,2806,1649,13194,1115,7122,14136,2300,6909,13754,1576,2913,13028,1373,3945,14048,4036,5928,16142,4873,3308,14694,3645,1146,13977,2038,2509,14886,2437,74,15390,3083,-4067,14429,1944,-240,13593,2507,2400
15032,506,-658,13695,2411,3690,14271,3602,9,14274,5220,-4558,13436,5480,-1409,13170,6123,692,13626,6747,-1567,12967,5686,171,12453,4888,4750,13153,6067,3197,13659,6337,-25,13857,4125,5069,12560,2474,6256,13889,1570,2253,13921,1626,3975,13124,1105,8021,13447,1952,4643,15113,4921,1000,15329,4239,5633,14368,2678,4687,14163,1767,-2674,15291,2624,-3192,14799,3314,1638,14672,1969,755,13675,2746,-2307,14366,3102,-476,14310,2937,-626,13351,1353,-4609,12015,1780,-2216,13264,3176,2940,12791,3306,1984,11942,4440,210,12134,6267,2976,13927,7091,3285,12979,4750,836,11906,3396,3294,13421,4434,6865,14277,4586,4676,14102,3315,2151,14530,3275,3868,16207,2860,4840,15637,994,452,15026,-1006,337,14677,-134,3143,15297,277,370,13847,1145,-1669,13682,2334,2080,13913,5234,611,14316,5700,-5131,13025,5618,-2927,12876,6791,2609,14292,6266,771,11991,5748,-98,13134,5258,4575,13270,7684,4627,14757,4871,633,12220,2339,3520,13225,1797,7500,14819,1851,3892,13144,1253,2996,13235,812,6988,14039,3860,4959,16071,4608,2409,14364,2863,2838
16433,3160,1377,15598,1432,631,15060,-654,3249,14951,-908,1484,15484,64,-2053,13864,660,1544,13956,2203,3252,13785,4812,-2162,14195,5428,-3753,12901,6587,-356,13610,6464,-523,13417,6538,-1396,12535,5009,3157,12332,5937,5276,13953,7137,797,13817,5880,1769,13196,3186,7179,13131,1972,4909,14474,1171,2134,13140,341,5905,13357,815,7556,14581,3816,2005,15761,4585,3179,14299,3433,6939,14321,1413,617,14790,2801,-4871,15248,2473,-1259,14021,2644,1940,14069,2447,-1170,14352,3761,-1893,14311,3748,190,13903,2093,-2867,12349,1700,-4501,13161,2280,784,12685,3007,3706,12322,3888,1437,12046,5824,1220,13215,7592,3713,13582,5194,2627,11754,4059,1179,13408,3768,5585,13600,4697,6981,14225,3078,3100,14177,3459,1812,15964,3385,4920,15732,1017,2436,15113,-1006,-1264,14924,-722,1724,15640,-93,2588,14089,673,-1618,13775,1268,-524,13305,5204,2629,14713,6096,-2243,13121,6213,-5546,12694,6737,295,14401,7196,2890,12660,6152,27,12052,4648,3427,12748,7752,5622,15116,5962,1957,12580,3863,1836,13906,326,5985,12210,856,6780,14840,265,3552
12069,3851,6244,14449,4345,4317,14499,4170,2892,14091,3130,4619,15392,2003,3440,16068,1624,-1487,15624,-426,2424,14930,-587,2782,14927,-318,-1786,14175,798,-1382,13767,2505,2065,14027,4286,841,13428,6174,-3714,13651,6362,-2792,12881,7547,1336,13839,6410,-356,12266,5283,117,12331,5491,6545,13649,7253,4044,13739,6260,-417,13030,2861,5568,12946,625,7463,14288,213,3201,13788,1082,3459,14061,2335,6300,14816,3571,4795,14691,2957,3082,14748,3442,3927,15208,2673,2964,14363,2090,-4025,14304,2014,-4719,14457,3603,1894,14652,3471,1400,13710,3768,-3097,14091,3011,-1540,13482,3103,-778,13389,1860,-3032,12117,2293,-1267,13068,2821,4266,12586,4733,3487,12345,5122,-486,12165,5919,1881,13293,5847,5720,13785,5160,2208,12925,3028,3353,12855,3793,7774,14930,4378,4030,15228,4561,739,14995,1523,3465,14963,554,4061,16070,-356,-229,15190,-469,-1391,14446,-369,1826,14290,700,738,13897,3060,-2245,13796,4535,1560,13866,5962,860,13412,6325,-5923,12965,5831,-2279,12444,7429,3934,14593,5630,2326,11190,4996,2131,13200,7144,3858,14484,5534,4900
9485,5304,3218,14980,7028,2211,12978,7280,985,13638,3181,2454,11490,3138,6742,13924,3855,6876,15173,4716,2097,14426,3492,2390,14786,2039,5058,15461,1326,209,16128,63,537,14753,-621,2896,14908,-888,-239,14033,1208,-1940,14458,2803,848,13713,5420,2881,14194,5057,-2099,12924,6027,-5997,13175,5570,1459,13372,6756,2357,13137,6681,-1787,13107,3846,5304,11552,7345,6151,15863,5827,-616,12512,5205,2936,13842,407,7313,12826,346,5174,13983,811,2969,13876,1788,4751,14010,3058,6305,14956,3322,4175,14884,3818,1511,14868,3010,3353,14918,1992,-1729,14128,1931,-5202,14695,2644,507,14503,4165,2931,14332,3541,-1843,13705,2714,-3460,13362,2769,-1298,13828,808,-554,11947,2519,-2216,12613,4220,1439,13985,5350,4588,11384,2678,1399,11824,6777,177,14713,6097,4287,12959,6128,4317,12168,1578,1995,13137,3378,5552,14530,5242,6434,15927,4252,1962,14202,2330,943,15047,1188,4806,16210,956,1822,15293,-897,-284,14429,-1249,-598,14059,952,1315,14331,2361,-574,13657,4167,-981,13945,5868,2035,13791,6273,-2689,13120,5671,-5625,12149,5076,3209
13874,1540,-5796,12516,1710,-1477,12545,3183,2966,13347,3334,1658,11824,3862,1574,11823,6145,2760,14263,6933,2573,12905,5982,1220,12278,2504,2751,12452,3514,7800,14923,4685,4415,14521,4814,1581,14361,3040,5281,15146,1741,3832,16200,1002,-332,15477,-89,1744,14890,-337,2137,14478,170,-227,14168,1658,-858,14157,3423,2310,14309,4709,414,13495,5261,-5130,13337,5832,-2938,13205,6911,3411,13889,6357,299,12461,5437,-728,12810,4819,5414,12774,6657,4064,14567,5436,-223,12973,3363,5077,13409,989,7143,13440,637,3025,13827,1653,3608,13768,2755,6850,14395,3360,5067,14624,3956,1930,15052,3478,3268,14448,2764,3407,14800,1847,-3408,14772,2364,-3957,14396,3357,2474,14599,2984,1383,13879,2970,-2850,13985,2085,-1623,13550,2814,-854,14053,1441,-2619,11513,2436,-1294,12467,4294,2853,13993,5475,2867,11870,2721,392,11513,6039,2657,14453,6245,3931,12887,6292,2506,12689,1841,2533,12870,3707,6876,14603,5006,5717,16282,4586,575,13848,2350,2962,15101,34,5222,15630,1039,151,15844,-546,779,14229,-121,1546,14057,416,110,14281,3217,-1482
14648,3048,-1240,14965,3748,-1777,14509,2652,267,13394,3286,1622,14365,2019,-2255,13997,1919,-5726,12381,2048,257,13237,3046,2210,12601,3741,-1210,12601,3576,2336,11603,5690,4928,14042,6488,-292,12795,4638,463,11706,3924,5730,13391,4921,6151,14460,5434,2452,13829,3236,3644,14047,3169,5337,16191,3010,2438,15595,1508,554,15165,127,3438,14531,-1779,4085,15171,1413,-2355,14864,1540,-183,13600,3306,3486,14108,3509,-2274,13837,4786,-3327,13341,5471,413,13497,5573,497,12530,6455,-1898,13085,7594,1004,14765,6184,4270,11494,3310,3167,13080,5186,790,14796,4738,5428,13592,3432,6052,12825,15,1133,12983,1190,5923,14562,3668,8783,14812,3588,1934,13977,2934,2073,14248,3148,5165,15491,2965,2149,14625,2546,-1965,14422,1783,-2284,14142,3318,1748,15379,2854,-393,13721,2788,-3029,14133,1837,54,13562,1731,-1054,13478,2146,-4756,12588,2269,441,12092,4441,3030,14169,4321,-575,11911,3602,1772,11523,5858,3830,14814,5951,1813,11903,6289,1633,13149,2310,4257,12708,4630,6652,14914,4894,3872,14885,3919,1248,13938,2483,5358,15434,956,4176
13664,2900,4350,14285,2960,5575,14648,3550,1766,15264,2440,1687,13502,2831,2929,15348,2241,-3021,14708,3407,-3572,14872,3056,1732,14162,2667,1036,14217,1953,-2557,13858,1789,-3460,13347,2808,-230,13453,2247,-148,11842,3624,-1898,13035,4336,2379,13543,4250,4496,11095,4935,-131,13535,5545,462,12362,6509,5801,13577,3811,3670,12268,3927,2035,14563,4504,6718,15030,4763,4858,14811,2584,553,14710,566,2970,15168,925,4664,15859,73,2183,14576,71,-1513,14317,707,628,14583,2377,2091,14472,3488,-1947,13595,4108,-750,13580,4845,1354,13474,5561,-3410,13117,6645,-2925,13007,7398,3408,14101,6839,2738,13393,4261,633,11860,3887,3407,14123,5545,4602,14477,4000,3316,12451,1038,2572,12494,736,7098,14286,2713,7533,14506,3843,1305,13965,2602,3180,13573,3441,6386,15366,3094,2545,14762,3190,235,14255,2577,617,14734,2530,-1340,14786,2978,-2588,14966,2581,49,14020,3083,2045,14618,1630,-2214,13116,1937,-5234,13254,2417,146,12876,3629,1860,12515,3873,-1606,12718,3285,1452,11517,4838,5315,13454,5793,-35,13104,5830,-369,12108,4496,6601
13853,3663,-162,12691,3412,5563,13726,2576,7207,13842,2192,2561,13312,1629,4238,13460,3162,7457,14868,3297,3478,14387,2973,1218,13881,2604,5430,14874,2819,3943,15034,3285,-2741,14835,2521,-3123,14147,3254,1513,15251,2374,36,14208,2597,-2366,14105,1759,17,13498,2159,-845,13451,2449,-4331,12590,3437,-844,12830,4433,3581,13008,3521,1513,12099,4192,-83,12232,5446,2460,13452,6126,3393,12733,5321,2159,12419,3668,3374,13479,4363,7405,14648,4609,3923,14545,3733,391,14650,2039,5002,15335,941,5144,15615,305,466,14934,-354,1244,14820,711,1932,14879,1160,-680,14019,2560,-1773,14284,2998,2160,13937,4539,1264,13412,5248,-5026,12712,5468,-2206,13294,7561,2675,14294,6794,-30,12535,5850,269,13522,3925,5171,12592,5249,4226,14377,4682,-31,13259,3133,4751,13009,1804,8022,13968,1946,3872,13562,2110,2920,13738,2595,6077,14270,3229,4647,14900,3502,1878,14345,3025,3297,14243,2091,3738,14478,2513,-2780,15327,3200,-4317,15015,3978,1850,14512,2417,1331,13780,1442,-2883,13733,2018,-2431,13816,3353,34,13539,2336,-1719,11754,2811,-1573
13363,6139,-2112,12962,6953,-3227,13709,6035,2444,12694,6066,4045,13656,5321,620,12899,5467,1899,13902,4634,6471,13902,1974,3947,12412,2214,2323,14590,1932,6637,13112,2443,6654,13884,1885,2633,14409,3464,2066,14819,3959,6915,14625,1932,3959,13931,2248,-2380,14805,3332,-249,15380,3645,362,14530,2304,-2205,14072,1247,-392,13874,3000,1314,14978,2474,-2556,13036,2221,-4665,12507,2808,-239,13901,3898,2339,12634,3691,-273,12383,3670,773,11581,5803,4849,14151,6424,1155,12410,4864,214,11883,3711,6137,13452,5276,5939,14842,5456,1715,13553,3409,3554,14185,2533,5600,15797,2010,3481,15462,85,653,14611,-638,2643,14965,245,2701,15756,1581,-2456,14072,1594,-20,14013,2222,3853,13954,4116,-1578,14141,4661,-4072,12679,5752,-140,13331,7033,308,14220,7132,-1517,12499,6136,1542,13041,5267,4973,13255,5626,2002,13622,4869,902,13578,2674,6490,12092,2569,6281,14573,2010,2191,13450,2193,4568,13280,1377,7646,14168,2830,2636,15400,3849,1971,14080,2597,6714,14375,1838,2504,14694,3675,-3751,15917,3534,-2246,14088,3646,1962,14659,1648,-68
15319,1409,2377,14223,1417,1411,13624,2144,-2460,13613,4359,-216,13875,5765,509,13156,6550,-4212,13290,7544,-1976,13736,7152,4018,12953,5620,2525,12909,5063,110,12803,5508,4325,14229,4634,5817,13285,2125,1867,12729,1786,4286,14360,2470,7604,13650,1906,4512,13654,2148,1720,14807,2596,4599,14423,3095,7728,14747,2052,1518,14404,2515,-1950,15049,4087,325,15299,3525,-1772,14579,2171,-1954,13877,1498,1701,14044,2828,105,14411,2734,-4507,12800,2229,-3541,12681,3630,1233,13787,3721,1070,12019,3702,-647,12866,3258,2802,11627,6242,4022,14216,5730,-736,11651,4391,2670,12505,4608,7499,14572,5738,3589,14137,5208,1700,13987,2881,5331,14557,2702,5127,16179,1445,2063,14657,-73,1403,15077,-708,3306,14942,938,26,15572,1098,-2827,13648,1272,2245,14044,1588,2736,13646,4510,-3224,13893,5004,-2425,12726,6718,573,13864,7331,-1704,13353,7261,-1081,12722,5949,3938,13170,5308,4424,13431,5452,525,13691,4676,3044,13215,2908,7371,13190,2535,4217,14331,2180,2659,13429,1669,6427,13460,1831,6072,15129,3233,931,14577,2424,5116,13803,2051,6561
13774,913,1583,15323,-303,5018,15717,715,1536,15052,-108,-908,14446,296,-718,14300,1642,1791,14328,2360,-926,13123,2902,-1864,13358,4410,1908,13607,6414,-1502,13363,8071,-5056,13604,7473,1447,13279,7191,4528,13657,6040,1229,12637,3816,2603,12315,4181,5468,14876,3452,3863,13208,3364,2179,13523,1422,6549,13592,1578,7709,14094,1918,2218,14548,2155,1552,13773,2438,7472,14793,1956,5320,14573,3009,-1522,14945,2861,-835,14687,3273,-754,14924,3247,-3584,14878,2799,-512,13809,2938,2619,14178,2344,-1485,13350,2808,-5216,13095,2947,-928,13077,4354,2109,12739,4177,-396,13431,2973,899,10556,4532,5819,13869,5609,1108,12760,5634,-268,12683,3882,6273,12350,4784,5805,14998,5080,2880,14317,4570,2918,14564,2305,5199,14671,948,3411,15736,790,-325,15685,185,3101,14694,129,3049,15145,1017,-3419,14556,1505,-1014,13986,1948,2761,13525,2604,-749,13293,4954,-2521,13504,6083,-282,13155,8161,-434,13847,7041,-2132,12270,6185,755,13375,5376,5952,13331,5242,3794,12708,5015,65,13778,3208,5734,12977,2643,7285,14298,1512,2550,13643,2300,4404
13305,4459,3249,13739,4937,2550,14229,4613,6137,15098,3029,4089,14646,1737,658,15026,152,3293,15287,419,4787,15695,682,-14,15308,965,-2832,14250,1244,1701,14432,1216,1335,13313,2719,-2347,13542,4028,949,13467,5584,596,13617,6248,-4731,12496,7202,-1905,13167,8368,4306,15402,6741,2537,11309,3198,1639,12346,4521,4077,14874,4967,4407,13798,4243,3661,12845,275,3602,12723,1223,7760,15312,2559,5223,14663,3534,-457,13896,2002,5321,13973,1918,8546,14954,2727,632,14652,2803,-1327,14871,3384,-1422,14435,3142,-1736,15135,2893,-1688,13848,2885,977,14167,2105,886,13270,2412,-3913,13672,2765,-4202,13234,3393,2460,12605,4612,1399,12646,4522,-1324,14232,2451,3227,9838,5089,4369,14822,5289,-1006,11981,6327,2686,13603,3994,7272,12585,4636,4281,14505,4320,2241,15102,3777,4267,14419,2223,5078,14782,315,1566,14928,87,493,15652,609,4600,15094,569,175,14630,1036,-4223,14204,1543,1684,14260,2632,2654,13190,3769,-2053,13663,4456,-1416,13103,6722,-62,13890,6391,-1540,12619,8537,-1804,14325,7083,3508,13664,4151,5426,10851,3966,1880
12328,4992,4009,13405,6070,581,13518,3617,1243,10488,4411,2096,13897,5115,5528,13502,6097,3127,13388,4443,3030,12947,3173,7773,16301,3812,1347,14478,2937,972,15268,502,5987,14049,335,2712,16393,333,-340,14809,1192,-88,14598,866,953,14033,1592,-537,14086,2670,-2126,13365,4497,1941,13591,4525,816,13134,6049,-5561,13118,7270,-658,13988,8153,3727,13838,5681,-152,12709,3239,1949,12051,5364,6145,15167,4789,2867,12775,4325,1805,13498,669,5738,12533,2342,7296,14900,2132,4208,13870,2618,1637,13751,2334,5384,14323,2168,6144,14605,3168,821,14987,2597,1969,14341,3309,339,15160,2882,-4650,14590,2577,-1689,14359,2598,2697,14335,2767,213,13927,2462,-3669,13544,2563,-2203,13000,3170,915,12918,3769,-1127,12708,4375,-404,13741,3275,4393,10797,4497,2546,13283,5247,-1212,12733,5923,4021,13117,4667,6420,12942,3856,2456,13939,4417,2882,14446,4810,6153,15050,2871,3562,14605,908,1243,14768,-12,3660,15757,713,4270,15208,930,-1078,14957,954,-2473,14437,1988,2700,14540,1740,1027,13340,3384,-2985,13606,4264,426,13405,6231,214
13740,2174,-365,13539,2229,1471,13938,2542,-3020,13571,2743,-4453,12402,3378,1952,12516,4548,2738,12933,4901,-644,14065,2498,1632,9193,5156,5461,15031,5577,626,12023,6819,1600,13942,3065,6862,12633,4770,5019,15064,4149,1825,15402,3440,3470,13849,1839,5400,15505,299,2950,14895,930,-188,15728,876,3923,15054,900,818,14419,1239,-3816,13704,2153,509,14252,3623,3366,13657,4767,-1806,12949,4115,-3334,13046,6094,-602,14240,7123,586,12951,7495,-1019,13432,5838,1874,13942,2975,5687,11312,4058,3152,15151,4935,-45,13273,4680,7054,13711,1356,6808,12787,1972,1011,14140,2099,5588,14282,3337,6251,14145,2556,1369,13888,2424,4134,14255,3364,4684,15297,2871,1707,14742,3182,-4210,14688,2326,-2825,14613,3014,2255,14696,2044,-423,13388,2281,-2992,13985,1766,818,13682,2927,-1619,13241,3159,-3367,12742,3314,1010,12473,4638,2834,13536,3797,921,11508,4798,746,12889,6042,3558,13499,4903,3642,11603,5052,1600,14131,4225,4574,13509,5189,6330,14540,2615,2732,14288,2487,1522,15275,1938,6313,15362,887,3747,15266,790,-1241,14715,-225,2470
15059,3544,1052,14770,2936,709,14325,3013,1523,15101,2259,-3040,14847,2851,-2330,14677,2343,1691,13899,2070,929,13846,1539,-3707,13673,2530,-2945,13397,3358,773,13236,2729,-27,11439,4214,-1810,13454,4624,2916,13132,3775,3714,10473,4653,318,14207,5575,1613,12678,7085,6461,13877,3254,3117,12333,3496,1364,14589,3906,6481,15535,4253,5371,14519,1844,924,14494,-7,3284,15036,1374,4198,16290,814,1226,14506,830,-2175,13922,788,1048,14589,2932,2266,14257,4018,-2091,13581,4152,-1102,13189,5252,1507,13937,6064,-3163,13258,6125,-2318,12663,6703,3358,14203,6095,2612,13842,3100,650,11022,3840,4417,15123,4900,5057,13469,4993,2925,13572,1058,2850,12174,1504,6785,14156,2450,7064,14619,3314,1190,13559,2785,2760,14124,3177,7437,15175,4008,1723,15067,3019,-594,14277,2673,318,14854,2109,-1496,14867,2781,-2014,14785,1930,428,13708,2595,1396,14019,1547,-2521,13656,2764,-4938,13340,3126,720,12842,3641,1973,12242,4046,-2118,13315,3374,1712,11243,4237,5425,12767,5789,336,13656,5866,121,12593,5505,6479,13007,3458,4495,13965,4190,1635
13412,3880,6895,13145,1057,1683,13179,1556,4411,13886,3463,8141,14735,3279,2780,13733,3062,1431,14045,3426,5372,15194,3552,3741,14753,2969,-1995,14833,1829,-3215,14267,2750,1503,15251,2263,69,13980,2330,-2499,14255,2092,788,13782,2507,-618,13689,2319,-5079,12549,2945,-865,12612,4477,3119,13434,4311,729,12437,3567,269,10940,4431,3956,13480,6786,3069,13602,6315,838,12625,3738,3498,12675,3492,6583,14678,4066,4300,14773,3941,1337,14495,1876,4981,14757,1076,5408,15628,1242,46,15849,641,1568,14525,539,2921,14615,883,-1613,14464,2777,-1214,14399,3541,2719,13587,4403,533,13371,4749,-4177,13399,5727,-2200,13160,7119,1937,14128,6368,51,12685,5528,-263,13383,3799,4846,12303,4815,4385,14476,3945,20,12907,3580,4377,13430,2562,7541,13957,2161,3183,13446,2372,3171,13594,2929,6797,14145,2940,4732,14519,3318,1359,14467,3241,3864,14694,3551,3807,15013,2875,-2291,14860,2190,-3786,14301,3012,1590,15055,1855,1234,13858,2112,-2872,14069,1610,-1228,13469,2695,72,13741,2314,-3150,12312,3301,-1864,13025,3990,2817,12994,4249,2658
[row took 88829us]
12617,6901,3039,14343,7016,3470,12787,4357,-1238,12144,2418,3267,13256,6120,5682,15861,4967,2697,12137,3013,2346,12395,215,6022,14039,2863,7257,14659,3403,3181,13472,2617,2486,13796,2449,6373,14857,3963,3955,15384,3655,-17,14180,2703,1639,14441,2070,-415,14980,2630,-3149,15086,2927,-684,13951,2464,2127,14155,1754,-911,13818,2717,-4747,13745,2018,-998,12294,3004,1024,12928,3628,-1487,13180,4412,624,12622,4093,4247,11771,4843,1345,13254,5763,-534,12317,5548,4817,13411,4500,5883,13035,4403,1410,14564,3893,3889,13915,3848,6542,14866,2582,2534,15215,1622,1751,15131,730,4594,15326,-19,3260,14795,699,-2044,14993,835,-936,13937,2329,3596,14425,3073,-299,14190,4417,-2977,13357,4680,599,13650,5882,-732,13224,6661,-3598,13613,6450,899,13010,5677,4209,13238,4346,1572,12855,4566,594,13612,5349,5291,14484,3140,5574,11933,2415,1853,13971,1662,5202,13500,2885,7440,13959,1426,3631,13358,3134,1400,15014,3729,5564,14685,3905,5825,14708,2568,-894,14331,2853,-1234,15449,3307,646,14975,2652,-1309,14186,1395,-1419,13760,2001,1232
14308,1716,-1652,13783,1819,2242,13606,4526,1172,14485,5436,-4009,13239,5708,-3016,12745,6598,1543,14750,6669,795,12396,5855,-849,13139,3952,3353,12114,5960,5244,14825,5082,941,13250,3356,3038,12350,2255,7720,14403,2487,4183,13869,2660,2201,13232,1290,6839,13233,2600,6093,15707,3921,1425,14344,3415,3272,14461,2055,4139,14124,2777,-950,15943,3320,-4149,14405,3218,697,14611,1683,2264,13877,2444,-2992,14594,2493,-2501,13622,2782,378,13471,1887,-2489,12352,2892,-2574,13026,3217,2167,12384,4192,3308,12432,4382,239,12127,6319,859,13688,6431,4935,12676,4441,3254,12263,3758,1523,14172,4234,5515,13992,4475,6132,14345,2949,1683,15098,2650,2586,15686,1851,6226,15520,81,1732,14974,-170,-1306,14839,892,1614,15073,1403,2195,14191,1936,-886,13804,2569,-616,13778,5281,950,14094,5448,-2738,12683,5950,-3934,13265,7139,1857,14149,6710,3080,12450,5012,-393,12832,4724,2341,13138,6464,6167,15141,3995,2560,11860,2184,1995,13291,1357,7072,14519,3118,5713,13829,2074,2642,12989,1426,4705,13895,3714,6124,16085,3988,3645,14366,2869,762
15673,2804,3945,16107,1105,516,14757,-453,2124,14893,-362,3041,15606,1096,-1773,14350,808,-683,13449,1924,3598,13929,4140,-357,14334,5612,-4355,13063,5658,-1145,12975,6799,618,14349,7115,-1432,12860,6298,390,12196,4533,5931,13222,5777,4102,14154,5467,-642,13243,4023,5349,13297,2226,7155,13469,1223,1386,13913,1676,5180,13354,1552,8266,14061,2450,3586,14640,3845,1736,15437,3585,5107,14224,2580,3775,14648,1738,-3082,14821,3148,-3894,15389,3879,2003,14255,2446,685,13758,1970,-3294,13866,2787,-271,14324,3185,-294,13222,1491,-4267,11495,1591,-1461,12819,4615,3456,14066,6202,1562,13267,2242,177,9179,5341,3983,15572,6288,2917,12247,7681,1736,13159,1666,3751,12120,3814,6824,14999,4443,4936,15803,4381,826,13849,2068,3751,15482,374,4905,15158,894,-529,15949,-309,1460,14443,294,2076,14385,64,-1069,13776,2842,-1785,14596,3686,1978,13684,4970,947,12985,4971,-4207,13289,6577,-3337,14019,8200,2539,13594,6614,1492,12664,5376,162,12415,4814,5668,13728,5732,4718,14757,4613,-153,12522,2204,4220,12783,1281,8054,14576,1423,4601
13190,4020,6356,13076,3940,5122,13909,4013,2704,14270,4031,4219,14953,3652,4971,15212,1481,2050,15171,214,830,15260,265,3851,15329,283,708,14775,-30,-3054,13949,1171,813,14269,2571,2691,13496,4104,-1452,13815,5054,-2743,13416,6840,-116,14008,6714,-1371,12287,7026,-1865,13100,5903,3732,14029,4954,5811,11567,5478,1432,14236,4465,1094,12858,4940,7116,14498,1614,5063,13269,883,2156,13557,715,5984,14044,2206,6637,14527,3341,1331,14622,3309,4113,14224,3374,6839,15217,1996,1745,14565,3206,-5248,14879,2458,-2601,14210,3427,2326,14827,3082,-786,14253,3413,-1537,13445,2493,731,13829,2056,-3478,13861,3207,-4586,12901,3381,1359,11948,3028,3537,13110,2726,829,11729,4322,1989,12310,6516,2865,13839,6324,1989,12756,5096,1831,12060,3191,5510,13755,3964,7059,14690,4582,2486,15028,3258,1428,14266,2647,5586,15604,577,2396,15593,529,38,15399,-50,2410,15037,399,642,14415,616,-2175,13801,1710,-26,13600,4458,3116,14615,5039,-633,12931,5758,-5355,13176,6154,-1203,13277,7064,2322,12978,7099,-438,14728,4583,2560,9777,5066,7644
11992,4219,-773,13212,5125,4192,12751,2791,3222,11277,6329,-656,14772,5068,2835,12339,7215,6376,13186,2423,2521,13123,3189,3075,14002,4682,6311,16367,3654,4035,14109,2448,404,15208,-261,2970,15460,1680,3464,16057,446,598,14744,-285,-2592,13420,963,1692,14571,2055,1579,13550,4516,-2530,14173,4717,-49,12883,6650,371,13892,5668,-4558,12118,5893,-338,13628,8265,4361,15168,5361,2401,10380,3044,1914,13718,4836,3799,15038,6332,4635,13879,2971,3329,12131,-733,3121,13036,865,8101,15414,3026,5967,14096,3679,49,13929,2455,4924,13980,3149,7265,15612,3656,200,14555,2808,-1712,14331,1920,-1050,14327,2307,-1235,15446,3411,-1491,13873,3581,1560,14352,1990,979,13339,2775,-4474,14150,2454,-4325,12583,2452,2263,12423,2763,1565,12453,4204,-436,12677,6512,3522,13993,4079,4953,10809,4943,-2967,14159,4862,3195,13338,6243,7693,13445,3661,3467,12097,2280,3478,15975,3803,3690,14753,4029,4924,15910,1000,1535,13725,344,183,16197,296,4995,15447,1333,-121,14355,-8,-3737,13439,1439,2269,14656,3382,2124,13814,5232,-2642,13312,4216,-1333
14128,2112,-1041,13914,1885,-2642,13594,2592,-438,14087,2820,-2189,12991,2393,-2424,12297,3104,887,12516,5527,3673,14194,4453,440,10505,2582,910,12322,6613,4553,15084,5791,3106,12597,6123,1605,12230,1847,4632,13822,3717,6610,15037,5055,2883,16049,2975,1187,13361,2018,5430,15623,-257,3601,15851,1398,-982,15094,176,2170,14473,264,922,13747,1469,-1821,14463,2854,-318,13631,4993,2062,14201,4643,-917,12916,5514,-5019,13572,6528,-1306,13416,7216,3774,13171,6339,422,13827,3342,1184,10821,4724,7037,15229,5211,2120,13775,5061,-49,13499,1221,6436,12185,1731,7275,14665,1289,3850,13864,2878,3505,13758,3140,4838,14491,3112,4632,14456,3505,1895,15133,2902,2633,14341,3173,1334,15059,1810,-4868,14252,2709,-2288,14899,2952,3194,14266,2805,373,13841,1990,-3385,13740,2263,-1796,13740,3214,-722,13133,2358,-1603,11264,3379,-115,13098,5194,4336,14668,3847,2318,9078,4809,-47,14293,5449,2442,12967,7421,4884,14199,3355,2823,11688,2848,3394,13939,4004,7159,16250,4128,3813,14365,2724,120,14840,412,4092,15113,964,4187,16420,964,480
14321,3158,6420,15135,3625,-257,15024,2719,-1126,14349,2526,117,14443,1943,-132,14749,2631,-1716,14357,2432,-155,14266,2817,178,13326,1783,-2919,13544,2397,-4282,13292,3367,1748,12610,3183,2152,12238,3880,-2345,13615,2950,2824,10602,6146,5439,14395,6147,-840,11991,6119,1515,13751,3688,6427,12863,4196,4343,14215,3784,2381,14342,3379,4535,14510,2991,6266,15529,1826,2466,15259,1306,-226,15326,508,4353,15090,274,1392,14500,999,-3080,14335,2048,2016,14256,3497,2728,13930,4405,-2575,13499,4713,-2946,13505,5977,565,14173,6346,-40,12777,6387,-1654,13062,5047,1505,13561,4488,5179,12112,3958,2525,13778,5209,805,14111,4742,6628,13599,2909,4947,12882,1121,1199,13317,1480,6900,13951,2935,7294,14240,3382,1373,14496,3144,2876,14278,4260,5065,15441,2748,2060,14327,2758,-2725,14923,1659,-1596,14486,3181,2045,15020,2268,-1453,13389,2091,-1769,14034,1917,733,14163,2631,-2499,13492,2366,-4683,12477,2453,1003,12189,4286,2387,13618,4185,-170,12042,3185,1852,11283,6078,4533,15024,6308,1313,11781,6477,811,13567,2127,5098,12563,4144,6345
12658,2931,5042,12680,1126,7041,14480,1926,4334,13795,2542,3430,13393,2961,5868,14332,2767,4910,14638,4194,1105,15021,2839,2637,14232,3013,3119,14995,2203,-3351,14575,2353,-3332,14551,2594,2357,14569,2413,940,14272,2702,-2796,14088,2020,-2002,13170,2699,-642,13493,2193,-1820,11984,3159,-1429,12890,4414,2684,13505,4121,3570,10819,4526,15,13303,6018,1052,13130,6841,5586,13569,4414,2877,11968,2819,1856,13860,3647,7351,15150,4596,5061,14981,3117,400,14538,1205,3657,15373,1504,4655,16153,885,1242,14857,274,-396,14328,442,1302,14375,1653,1559,14404,3285,-1898,13794,4379,-143,13863,5250,1127,13444,5380,-3972,13193,5921,-3085,12969,6856,3685,13958,6223,2189,13259,4378,-171,11919,3294,4908,13581,5889,4471,15502,4297,1699,12509,2728,3147,12495,729,7041,13968,2094,6365,14348,3161,2341,13656,3182,3947,14321,3360,6290,14865,3797,2169,15034,3071,533,14091,2860,1835,15147,2066,-2049,14444,2501,-2778,14640,2231,1097,14071,2691,1790,14461,1915,-2656,13539,2055,-4277,13263,2259,-105,13059,2693,631,12459,3842,-1844,12804,3710,2001
13224,6380,-2551,12345,6909,1033,14382,5589,5291,12899,3642,2072,12511,4246,751,14481,5481,5342,14121,4253,6216,13190,995,1895,12810,755,4864,13495,2523,8397,14896,2843,2692,13846,3359,1569,14261,3487,6250,15077,3626,3442,14655,2207,-1722,14429,1855,-2711,14596,3179,659,15415,2965,-135,13995,2175,-1667,13866,1685,873,14071,2636,-1565,13951,3157,-5153,13253,2434,-302,11777,3834,3132,13189,4431,-354,13559,3305,651,10441,4331,4974,13754,6383,1551,12998,6525,-195,13056,3650,4739,12000,4243,6678,15055,4251,3638,14157,3792,2194,14667,1868,5086,14672,1409,4628,15711,1557,-410,15890,229,2714,14493,-63,3481,14698,417,-2636,14210,2247,-1661,14723,3574,3073,13689,4737,970,14169,4521,-3735,13012,5810,-2585,12862,6457,1503,13976,7206,-31,12601,5272,-769,13121,3768,5200,11927,4559,4916,15062,5107,-709,13614,4536,4334,12956,2204,8246,13460,1528,2393,13805,2316,4185,13933,2335,7642,13594,2780,3232,14909,3049,1933,14423,3900,4365,15053,3406,3775,14464,2727,-1933,15170,1986,-4153,14256,3167,1576,15091,2225,792,13733,2433,-2824
14110,1222,2561,13750,1920,-1733,13718,3910,-1364,13874,5919,1132,13726,6108,-3294,12706,6784,-3229,13940,6822,2851,13248,5559,3340,12527,4452,144,12680,5201,2998,13944,5943,5955,14746,2815,3047,11765,2132,2360,14464,2050,6784,13608,2733,6222,13744,1216,2386,13672,2860,3438,15169,3844,7211,14968,2923,3547,14089,2084,-1724,14510,3191,119,15475,3516,-742,14674,2310,-2585,13967,1024,866,13622,3079,1726,15071,2985,-3097,13485,2572,-4673,12389,2325,-156,13901,3310,1179,12715,3491,-1166,12220,3020,1667,11568,5432,5046,13761,6901,502,12989,5370,501,11664,4246,6207,13702,4769,4814,14258,5149,1503,13746,2758,4807,13832,2500,5962,15621,2530,2515,15912,1322,1447,14852,118,3263,14970,-89,1725,15454,1370,-2546,14371,739,908,13866,1265,3647,13677,3340,-1792,14133,4844,-3662,13196,6506,233,13714,6790,-843,13785,7475,-2313,12844,5739,2275,12580,4853,4851,13346,5611,1634,13644,5512,1478,13809,3654,6976,12555,2424,4752,14315,2171,1524,13732,1910,5712,12875,1174,7400,13943,2505,2781,15457,3862,2642,14033,3611,7117,14771,1778,2326
15897,1861,4560,15207,526,3674,15292,-637,-1382,15107,273,-1038,14866,464,2699,14103,340,745,13329,2522,-2005,13834,5322,896,14247,6838,-521,13321,6798,-5007,13053,7228,-738,13760,6607,4073,12601,4872,1908,12604,5014,1189,12955,6715,5096,14852,4724,5357,12225,2609,1471,13832,1467,4403,13846,2246,7664,14053,470,3969,13234,1818,2121,14810,3249,5987,14854,3495,7040,14684,2547,-56,14513,2376,-1709,15252,3482,-143,14931,2590,-2457,14329,1727,-1509,13683,2777,2167,14567,3865,89,14135,3417,-5049,12886,2236,-3013,12833,2947,1013,13509,2504,-97,11750,2650,-56,12170,4044,4997,12606,7555,3325,14150,5833,-943,11382,4481,3786,13038,4626,6355,14726,4951,2746,13542,3558,3134,13818,2127,6036,14849,3105,4676,16476,2255,726,15155,528,1328,15077,-266,3162,15324,540,-1218,14945,33,-1638,13357,585,3204,13787,2304,1349,13948,5549,-3657,13861,6008,-1842,12914,7339,127,14483,7196,-1931,12870,6635,-692,12570,4572,4861,12163,5440,5665,13974,6557,-156,13421,5555,4005,13671,2924,7702,13717,1266,1560,13479,1162,3488,13941,764,8454
13502,4139,2591,13998,4290,6427,14836,3077,5360,14509,2325,1432,15848,1280,1187,15771,1629,3594,15377,-842,1544,14703,-427,-3465,14628,608,575,14319,1384,3089,13378,2809,-2361,13402,4780,-715,13691,7306,1084,14116,7394,-4035,12792,7047,-2537,12996,5842,3376,13074,5530,4214,12600,5202,2211,12733,5810,2336,14392,5256,6636,13563,3017,4299,13160,77,1581,13426,873,7164,14549,1556,6728,14701,2834,416,13864,2399,4601,14767,3361,7864,15250,3397,1848,14853,2145,-3126,14038,1980,-2257,14964,2979,-587,14875,3824,-1760,13731,2838,336,13283,3351,1679,14293,2949,-3735,13335,3126,-5016,12547,2560,901,13041,2382,2379,12637,3613,548,12378,4139,3102,11883,6360,3517,13704,5677,1170,12808,6084,1767,13274,3695,5786,13033,3710,6418,14505,3749,2187,14465,4156,2963,15005,2604,6272,15159,924,1524,15585,-41,-290,15381,582,2369,15425,-145,411,14159,176,-2549,13891,1351,256,13650,3737,3641,13820,4873,-1204,13596,6011,-5135,13039,7139,-388,13780,6982,1291,12482,6689,-1588,14413,4260,3920,10558,7103,7070,14943,5686,591,12678,4739,2665
13216,7097,962,14100,5900,-1551,12635,4873,5393,12060,3404,5806,14111,3878,3261,13769,4903,4007,15112,3895,5360,14439,2836,3230,15555,1066,-75,15570,660,2614,15378,-698,4122,14786,-490,-3392,14262,278,-1318,14245,2592,3403,14220,3225,148,13510,4442,-2297,13342,5792,-1122,13623,6475,-816,13126,6510,-1662,12684,7698,21,14968,6173,5572,10885,5258,4392,13926,5737,-676,13949,5099,5189,13738,2610,7149,13046,-290,1370,13188,695,4943,14647,2517,8133,13872,2916,2540,14632,2348,2737,13723,3485,6398,15739,2701,4138,14339,2679,-2697,14809,1447,-4739,13942,3647,996,15752,3548,309,13890,3978,-2101,13985,2776,1091,13889,2853,-1460,13339,1698,-5376,12357,1301,-104,12285,4517,3020,14121,5042,964,12621,2261,1243,9924,5986,3803,15409,5742,2187,11917,7180,1349,13674,1768,4082,11872,4093,7339,14721,4528,4027,15552,4720,1310,14021,2900,4293,15250,407,4819,15574,1297,-1306,16014,-165,2097,14775,-198,2117,14421,52,-1883,13912,1989,-1471,13957,3351,2686,14115,5010,1154,13133,5489,-4417,13267,6284,-3538,12962,5942,3240,13283,7314,137
12757,2270,488,12854,2834,658,12689,3826,-790,13347,2681,4200,10513,5786,4178,14541,5788,-1152,12053,6185,1538,12975,3465,5792,12831,4009,4926,13929,4819,3313,14447,4679,4926,14467,3669,4964,15513,1750,1054,15205,626,961,15571,220,4606,15208,-397,914,14639,333,-2609,14354,1502,1677,14517,2464,2654,13688,4036,-2460,13599,4488,-2525,13126,6218,-54,14116,6504,-1322,12822,6790,-1893,13098,6056,2891,13312,5273,5033,12128,4892,1251,13874,5878,1266,14197,4649,6965,13697,2014,4064,12734,188,1811,13418,1392,7570,14332,2767,6616,14205,3036,1141,14336,2832,3500,14476,3843,6659,15336,2560,1798,14395,2247,-3683,14578,2641,-1971,14805,3466,1670,14405,2953,-1486,13845,2303,-876,13810,2707,1333,14155,2295,-3790,13625,1975,-4716,12346,2121,1820,12491,4556,2432,13381,5209,-110,13275,2198,2332,10009,6644,4926,15397,5308,588,11401,6846,1304,13746,1879,5944,12326,4328,6283,14508,4486,2753,15836,4250,2621,13790,3481,5043,15717,159,2700,14837,799,-729,15957,-280,4490,15013,65,1315,14148,352,-3403,13961,2438,294,14494,4536,3099
14655,3413,-1600,14436,3379,2652,14398,2877,25,13757,2073,-3814,13893,1627,-2737,12988,2540,715,13598,2478,-1200,11873,3728,-706,12773,3825,5143,12451,5572,2744,13305,6228,-1984,12818,4197,3406,11534,4735,5536,13870,4183,2729,13458,4946,4113,13740,3443,6362,14317,3728,3077,16109,3416,218,15113,1148,3862,15517,24,4441,14609,-1480,586,15250,589,-1028,14578,2130,2301,14645,2601,706,13711,3649,-3368,13947,4683,297,13550,5548,385,13367,4970,-3489,12130,6195,-591,13198,8213,3858,15125,6146,1441,11036,3398,1313,13008,5192,4892,14974,4742,4865,13444,3067,2240,12404,-432,3228,13117,1768,8386,15161,3307,5792,14102,3851,1068,14266,2942,4835,14385,3439,5714,15765,2905,-468,14035,2194,-427,14520,2273,300,14465,3018,-1114,14942,3296,-2033,13911,3102,689,14589,2139,-107,13133,1468,-4264,13500,1359,-3372,12697,3167,2622,13102,3232,759,12472,4190,-2185,12968,3352,4657,11684,6414,3854,14283,5882,-1806,11609,5449,3191,13243,3308,6783,13460,4669,3613,14194,4979,2972,14544,4108,4986,14510,2977,4779,15544,1300,1099,15229,513,1207
14445,2816,1974,14319,3051,2056,15058,2837,4477,14130,2187,1597,15192,2564,-4841,14507,3213,-931,14933,3597,2471,14061,2435,-2077,14352,1452,-2260,13457,2016,-98,13885,2046,-2362,12777,2355,-2619,12144,3639,977,13124,5225,2910,13625,3510,1121,10189,4370,656,13758,6017,3516,13176,6294,3457,13027,3694,1513,12036,3271,5385,14457,5121,6762,15422,4801,1420,14444,2544,1472,14506,1110,6045,15480,621,3071,15917,188,485,14434,-48,1608,14685,873,823,14451,2723,-1354,14574,3280,-703,13505,4628,2219,14076,3828,-1221,12768,5191,-5178,13337,6624,345,13848,7612,3824,13298,6707,-961,13599,3880,1634,11498,5035,6070,15255,5143,1484,13665,3708,1463,12218,577,6747,12600,1696,6830,15138,3013,3552,13573,3483,3203,13790,2760,6243,14476,3042,3733,14980,3522,771,14648,2527,3387,14272,2686,1177,15103,2685,-4483,14676,2967,-1285,14588,3191,2273,14522,2033,-821,14147,1922,-3182,13600,1842,-1552,13339,2353,-40,12600,2955,-1819,12295,4083,-392,13150,4446,3876,12524,3873,2355,11521,5208,-929,13445,5586,3114,12557,5684,5898,13043,3264,1918
13436,3391,6829,13423,2459,3321,13289,1839,2581,13393,2259,8199,14257,3665,5401,14302,3604,1115,13989,2765,4224,14250,3120,5863,15223,2585,1358,14490,2725,-1880,14594,2836,-35,15003,2718,-166,14701,2954,-2584,14441,2194,81,13942,1875,1263,13647,1687,-3967,13288,2048,-3689,12576,3591,1906,13415,3682,1213,12108,3911,-979,12679,3517,2597,11995,6442,3413,13881,5578,216,11991,4726,2489,12353,3727,6449,14162,4597,5016,14313,5080,1760,14549,3618,3625,14433,2679,5625,15679,973,2222,15307,246,1495,15035,-146,4344,14812,149,-54,14631,1531,-2955,14359,2731,1550,14307,3687,2571,14013,3999,-2285,13626,4431,-3542,12467,5483,682,13996,6653,500,13065,7076,-1931,13454,6275,3020,13837,4521,4485,12224,4281,534,14077,4788,1795,13957,4439,7814,13412,1457,5156,12567,1496,1631,13865,2145,6667,14025,3505,6492,14180,2967,1232,14299,3077,2779,14379,3813,5788,15005,1877,1933,13983,1906,-3443,15086,2779,-1631,15258,4319,1916,15051,2512,-1850,13578,1125,-1605,13588,1971,650,14445,2296,-2773,12988,2722,-3825,12317,2822,1754,12600,5315,2065
12557,6758,-318,14507,7580,3430,13304,6048,417,12746,4710,214,12797,5634,5603,14630,5101,4179,13487,2266,1169,11831,699,5934,13879,2899,7362,14682,3158,3052,13091,2046,3249,13519,2813,5803,15452,3982,4399,14664,3191,1343,14095,1563,1335,14057,3139,1800,15940,3679,-2733,14715,2810,-2268,13848,1540,2293,14457,2045,-761,14778,2533,-4419,13392,1882,-1605,12330,2603,738,13830,3424,-1091,12288,3948,-498,12316,3471,3360,11945,5193,2687,13271,6247,-912,12976,4864,3374,11449,4123,6330,13612,4311,2304,14277,5690,2702,13999,4123,6455,14218,2994,4009,15541,2858,1268,15712,460,4402,14950,-719,3833,14958,-545,-709,15255,1187,-1550,14330,2543,2916,14686,2234,1884,13530,3765,-3297,13792,4237,-1014,13166,5583,590,13291,6035,-3316,13433,7076,-658,13129,6347,4340,13182,5097,1926,13159,5479,-406,13536,5295,4340,14194,3772,6470,12333,1620,2643,13437,1915,3954,14532,3430,7373,13815,2132,5032,13068,2402,1608,14850,3498,4329,14983,3607,6306,14505,1572,551,13778,2063,-1687,15373,3676,1145,15238,3745,-1052,14454,2305,-2244,14007,1399,693
14158,2298,-1857,14018,2109,1217,13589,4478,1281,14137,4630,-3679,12772,4976,-3745,12771,7342,1542,14741,7763,2427,12377,6281,-464,12976,5038,2158,12918,6371,5559,14966,4437,1658,12569,2096,2248,12272,1090,8149,14475,3424,5731,14235,2935,1759,13105,1689,5300,13763,2996,6077,15996,3410,2689,13942,2746,2391,14298,1108,2742,14256,3399,-96,16111,3812,-4474,14384,2991,-244,14144,1918,2720,14335,2236,-2790,14271,2019,-3896,13066,1664,-249,12793,2636,-999,13683,3675,-2069,12280,4107,1887,12569,4178,3955,12291,5297,545,12982,5982,-337,12828,4524,5047,11665,3856,4808,13538,5002,1935,14454,5446,5102,13920,4333,5910,14830,2970,1500,15627,1940,1917,15016,215,5756,15252,-1578,2102,14730,236,-1602,15658,924,371,14037,2281,2509,14521,1896,-502,13601,3603,-2225,13789,5007,668,13672,5634,-1525,12610,7090,-3965,13946,7333,1702,12775,6856,4515,13420,5605,367,13057,5453,1172,13425,5063,5948,14330,2361,3931,11699,1455,2224,13990,2225,6817,14129,3229,6877,13637,1963,2975,13758,2393,2667,15140,3408,5849,14826,2323,4973,14187,1635,-1165
15645,-60,5102,15582,550,-493,15096,-608,1952,14778,518,1474,14539,1636,-1702,14411,2916,-1159,13846,3480,2432,14049,3734,39,12764,5231,-4701,13379,7127,-2270,14043,8501,3264,13568,7511,912,13198,5891,712,12356,4934,5235,13918,4316,3575,13685,3509,344,12558,1623,5552,12917,2272,8414,14633,2306,3682,13515,2279,2905,13618,2829,5759,14709,2238,4569,14387,2920,2366,14856,2146,3045,14269,3622,2227,15508,2692,-3189,14562,3400,-4377,14890,3672,1454,14591,2465,1247,14012,1682,-3134,13572,1697,-1923,13178,3077,-316,13287,3302,-2143,11838,3824,-855,12984,4240,3736,12664,4000,3540,11501,4834,-535,13149,4811,1510,12283,5427,6139,13144,3851,3029,13223,5059,2916,14402,5402,6549,15243,4116,3946,14930,2283,-133,15300,92,4057,15337,-119,4326,15595,-307,675,14893,535,-1945,14543,1948,983,14605,2115,1428,13808,3002,-2509,13526,3892,117,13522,5185,974,13230,6973,-4377,13007,7902,-1811,13371,7077,4280,13027,5858,2338,13363,4565,924,12754,4983,3730,14133,4042,5428,13245,2681,3002,13167,1161,3740,13836,2726,8544,14770,2970,5289
[row took 88914us]
12041,3262,6437,14738,5570,5601,15321,5268,1217,14986,2462,2187,14125,1315,5916,15776,-132,2230,15666,262,283,14969,303,2796,14999,879,-179,14171,1782,-2601,14283,2313,1043,13635,4437,2835,14037,3987,-2096,12768,5262,-4874,13119,6663,374,13405,7878,2820,13485,8236,-1016,14561,4125,2928,10034,4403,6923,15430,4168,216,13170,4868,1649,14128,1200,8506,12069,1497,6174,14166,1556,2748,14586,3589,4410,14031,3217,5249,14709,2262,3222,13683,3059,2232,15391,2350,4602,14158,3297,309,15322,2588,-5777,14285,3683,-804,15277,3024,2514,13909,2489,-1735,14024,1052,-2865,13217,2638,-907,14188,2356,-1115,12266,3260,-1876,12255,4059,829,13361,5292,3974,13446,2544,1466,10414,5287,20,13964,5662,3337,12842,6342,4829,12838,3164,2003,12915,3751,5173,14246,5533,6718,16326,3929,1154,14013,1996,836,14737,-345,5746,15294,478,2777,15952,303,141,14569,385,-313,14256,1303,1017,14575,2550,-517,14248,3503,-1398,13520,4415,2072,13589,5045,-1005,13150,6451,-5447,12922,6881,1348,13521,8463,3939,14752,5885,146,11342,2862,2719,12586,4967,5161
12534,4512,-733,12717,6209,3953,13834,3413,3997,10153,4754,-3090,14699,4675,5387,13210,6574,7673,14016,3699,2579,11933,3357,2588,16561,3361,3662,14826,3454,4859,15547,-186,1602,13698,-23,1242,16023,428,5158,15537,1539,-1542,14045,852,-3416,13724,2374,2767,15048,3703,1382,13649,4954,-2980,12714,3857,-1187,12998,6467,-524,14478,7285,-852,12911,7258,-268,12975,5039,3442,13480,3719,4927,13031,4784,21,14444,4462,2398,12945,3980,8478,13541,837,3559,12741,1527,2724,13988,2893,8321,14403,2844,4544,13865,2633,184,14130,2514,4520,14991,3863,5681,15050,3278,807,14641,2360,-3943,14104,2900,-932,15360,2736,1221,14554,2912,-2253,14279,1517,-220,13294,2296,1073,14294,2333,-4606,12828,2971,-3001,12365,3619,2930,13166,4287,2153,13236,3306,3,10806,3987,1830,12957,6309,3005,13576,6130,2119,12601,4068,2066,12357,3553,6452,14640,4993,6003,14775,5065,544,14524,2273,3044,14538,967,6510,15425,727,1663,15897,351,706,14493,679,2640,14966,793,-386,14715,2496,-1972,14274,2407,1551,13301,3951,2076,13915,4230,-2756,13187,5704,-4226
13988,1820,-417,13774,1257,-3096,13625,2036,-892,13633,2755,-978,12741,2807,-2169,11856,4043,427,13043,6000,4194,15061,3685,1045,8734,4057,568,13970,5315,3523,13228,6787,4677,13829,3619,2412,11915,3244,3639,14574,4440,6400,16112,4452,2571,14413,1926,733,14319,122,5599,15233,387,4158,16242,850,-213,14429,502,-238,14343,1544,573,14089,2674,-694,14422,3269,-1106,13299,4929,1472,13987,3930,86,12756,6013,-5284,13726,6603,-659,13173,8225,4641,14145,6562,426,13990,2619,702,10449,4305,6456,15716,4147,2737,12882,4344,1517,13614,310,6418,12320,2768,7229,14833,2917,4029,14088,3592,1872,13593,2451,4683,14274,2827,5563,14772,3349,749,14922,2547,1827,14390,3039,1062,15085,3106,-4308,14787,3029,-1933,14614,2179,2567,13986,2080,213,13648,1574,-3690,13905,1925,-2696,12847,3404,1204,13725,3035,-621,11813,4242,-1595,13053,3788,3883,12204,5105,3263,12595,5760,-1488,13098,3943,3436,11610,5176,6232,14326,4448,2600,13858,5453,2466,13956,3301,5793,14356,3020,4036,15805,2532,1292,15019,550,4043,15294,299,4329,14563,-615,696
13975,3629,6315,15573,2650,1562,14184,2783,-1512,15072,2108,-767,14701,3495,313,15458,2937,-2170,13943,1497,-597,13675,1293,1407,13800,1522,-2928,13249,2683,-4344,12824,3027,1500,12467,4456,1865,12625,4855,-1647,13631,3058,1857,10368,4563,5079,14003,5712,695,12267,5877,776,13659,3697,6449,12522,4540,5163,15381,4403,1450,14384,4351,3581,14905,2294,5845,14694,1065,3173,15085,329,796,15229,359,4321,14920,561,1888,14706,1569,-3917,14174,2739,91,14488,3928,3261,13635,4073,-1399,13455,3443,-3109,12832,5582,124,14533,6432,371,13031,6724,-1528,13062,6440,1256,14694,5019,4789,12360,3287,2294,13253,4182,665,14284,4081,6055,13225,3333,6627,12889,1580,1789,13430,2405,5463,14069,3920,7207,14408,3025,1223,13789,2475,2019,13848,3178,5849,15522,2529,2978,14165,2493,-1827,15051,2224,-2605,14683,3513,1082,15331,2524,-838,13708,1948,-2446,14264,1546,1197,13743,2020,-1542,13395,2474,-4784,12847,3243,604,12377,5173,2644,13372,4923,-631,13062,3128,892,10370,4754,4482,14510,5564,2120,11917,6069,786,13400,2679,5217,12459,4761,6140
13356,3384,4050,13022,2238,8035,13561,2584,3802,13921,3398,2599,13858,3126,5966,13541,2977,4527,14807,2972,1403,14276,3299,2735,14682,2677,4310,14523,2697,-1085,15305,2847,-4071,14688,2988,883,14817,1920,1104,13905,1542,-2982,14045,1423,-1417,13222,2446,407,13364,2151,-1924,12324,3710,-1943,12864,4703,1613,13056,5013,2636,12565,3786,83,11425,4637,1799,13169,5998,5060,13214,5276,3330,12648,3815,1682,13512,4015,5797,14864,4473,5306,15042,3637,943,14720,1226,3686,14792,972,6339,15584,374,1444,15085,415,-126,14461,949,1606,15042,2273,714,14487,3934,-1865,14097,3257,38,13145,4255,1368,13633,4358,-2433,13084,6112,-3283,13344,7313,2425,14261,6560,1931,12787,5067,-1122,13514,3549,3224,12616,5152,5446,14754,3123,2039,12136,2806,2708,13371,1859,7411,13958,3297,5832,14149,3448,1771,13556,3096,4067,13834,3072,6016,14622,3336,2474,14764,2796,1464,14084,2846,2935,15022,2453,-477,15031,2993,-3818,14951,2368,-200,14135,2092,1984,14313,1413,-2180,13910,1654,-3647,13142,2182,537,13033,2863,-113,12804,4126,-2350,12990,4265,1231
13708,6890,-3056,13270,7630,498,13572,6306,3610,13060,3935,528,12392,2901,1524,13767,4524,5146,14207,4214,5051,12763,2221,2893,12716,1941,3975,14431,4179,7891,14857,3463,4465,13013,2669,487,13966,2228,5433,14778,3789,5233,15237,2937,-201,13935,2402,194,14876,2919,488,15199,3048,-2041,14707,2642,-2456,14040,1308,1001,14012,1499,731,13629,2005,-4289,13303,2031,-2151,12203,3839,2156,13515,4248,-328,12412,4583,-1465,12888,3561,3700,11828,5496,3471,13812,5262,-197,11475,4914,3313,13393,4507,7000,13894,5639,2664,14974,4449,1740,13485,3143,5411,15045,1723,4870,15132,1403,1985,15183,-154,2898,14585,284,4095,15064,1057,-963,14773,2133,-2407,14424,2703,2944,14482,3413,826,13880,3949,-3489,13096,3842,-600,13096,6036,1202,14032,7525,-1749,13808,6914,-1045,12938,5623,3185,13843,4618,3215,12901,4451,257,13436,3675,4273,13167,2636,7186,12656,2712,3112,14301,3115,3058,13374,3135,6699,13376,1735,5379,14060,3485,534,15266,3388,4023,13685,3201,6682,14718,1740,-91,14602,3344,-2286,15801,3595,606,14794,2832,-397,14480,1367,-2420
15610,1879,1391,14457,2521,-1837,14146,1896,558,13215,4139,1642,14490,4696,-2417,13053,5865,-3503,12869,6795,1035,14706,7310,2239,12965,6233,-1279,13257,3818,1102,12277,4721,6112,14239,4438,2897,13659,2888,1735,11946,2027,7400,14076,3395,5766,14584,3670,1291,13228,1886,4956,13275,2431,6513,15180,3375,2944,14401,3339,2056,14326,2145,3353,14102,3049,1359,16138,3361,-3714,14668,3038,-1688,14440,1496,2566,14109,1595,-1728,14299,2060,-3877,13671,2256,454,12970,2550,-463,13049,3522,-2858,12845,3745,272,12396,4188,2958,12601,4039,1190,11871,5740,262,13537,5829,4628,12231,4716,5115,12627,4513,1176,14527,4710,3630,13951,4700,6389,14377,2782,2966,14875,2031,1784,15437,853,6113,15116,-222,3326,15197,212,-1401,14920,1270,478,15103,2347,2647,14456,2564,-262,13818,2446,-1996,13211,4360,844,14065,5061,-504,12799,6355,-3849,13373,7278,229,14210,7033,3394,13080,5240,-81,13002,4484,617,12754,5179,6168,14639,4031,4670,12645,2127,1719,12688,1854,5859,14524,3730,6592,14225,2741,2879,12975,1844,3252,13822,3037,5567,15360,3409,5165
14261,1987,5116,14912,2067,5678,16148,513,1711,14498,-492,845,14926,22,3595,15567,1754,-466,14726,2040,-2458,13823,1824,3219,13972,3154,1513,14148,4681,-4436,13139,4912,-2083,12722,6748,1516,14682,7905,-508,13039,7206,-753,13212,4637,3315,12105,4947,5095,14469,4282,530,12866,3996,3206,13532,2245,8491,13256,2852,2870,13973,2889,2409,13979,1914,7743,13061,2629,5380,15154,2359,1536,14590,3689,3584,14733,2135,4949,13707,2173,-415,15305,3009,-4142,15497,4575,18,14899,2459,1540,13738,1238,-3307,13946,1153,-1424,13917,3135,1101,13677,1747,-2821,11643,2434,-3006,12877,4187,2289,13531,6664,2222,13387,4294,-1537,10142,1149,3304,12379,6771,5181,15412,5734,1235,12186,5942,3237,12050,2673,5737,14845,4450,5066,15056,5078,1642,15698,1408,2851,13197,1112,5679,16020,-1097,2003,15595,1139,-357,14826,806,3448,14604,602,-367,13553,2363,-2938,15366,3252,1390,13139,5071,2175,13777,3551,-2976,12329,6235,-3759,14282,8586,1593,14248,8049,1978,12971,5997,-838,13347,3685,3198,12251,4572,6346,14512,3378,1113,12765,2956,2196,13204,2053,8637
12469,4981,-574,12026,4758,5601,13481,5509,6101,14177,5268,1578,13967,4199,2823,14538,3599,5540,15476,1721,3551,14789,-121,1944,14668,-607,3701,15527,773,3015,15526,1622,-2862,14417,1326,-1588,13955,1958,2984,14146,2338,342,13209,4224,-2998,13583,5230,437,13395,7367,-874,13802,7370,-3131,12523,7533,1910,14041,6500,4398,14343,3102,1170,10463,3796,1842,14551,3036,5358,13207,4850,6554,14181,1429,3578,13367,2990,3472,14011,2731,7260,14717,2382,2939,13687,2565,687,14100,2239,7691,14263,2494,5289,15056,2891,-1960,14881,3568,-2896,14977,3757,-599,14886,2938,-573,14863,1706,-1052,13667,2252,616,13625,996,-723,13156,2725,-5093,13945,3785,-1194,12672,5280,3340,12592,3421,-286,12703,2315,0,11504,3970,4438,12949,6057,2481,12852,5284,880,12386,4290,5059,12905,5201,6242,15165,5375,2318,14402,3950,1491,14616,1712,4909,14321,872,5155,15520,-51,882,15115,283,2619,15391,1195,3320,15207,1858,-3049,14346,1657,-2504,13998,2263,3272,13646,3288,1559,13535,4471,-3279,13038,5848,-2142,13569,7389,923,13486,7471,-608,12909,7520,25
14011,2395,-2082,12526,3949,-1683,12879,4228,1380,12533,5254,2946,14012,3516,-229,9768,3024,3026,12544,6215,4619,14835,6051,3236,14031,5227,2044,12264,3814,4508,14144,3992,5260,16656,3545,1563,14065,1333,3445,14376,-552,6221,14604,654,1055,16691,1321,-704,14475,1576,1060,14883,1130,-535,13332,2522,-1490,14424,2314,677,12845,5588,2125,14054,5062,-1801,13022,6868,-5074,12873,5918,2171,14177,8214,2828,14324,6739,-1755,13598,1582,3262,10093,3588,7487,16290,4173,1287,12710,5325,2986,13743,607,7893,12434,2073,5155,14817,2922,2235,14617,3437,3316,13538,2093,5261,13601,2103,4644,14413,3305,1315,15217,4220,3052,15107,2876,-843,14135,2394,-5655,14976,2598,-413,15096,2816,3142,13885,1554,-1584,13101,1271,-2801,13753,3070,-828,13950,3628,-358,12129,3564,-1566,12233,3354,892,12839,6004,3615,13982,5161,2705,11331,3200,-125,10670,3922,2962,14986,6155,7064,14164,6247,353,14007,2342,3929,12185,4045,6454,16909,2531,1494,14731,2249,2832,14263,-734,5337,14698,415,2619,15931,1800,-1264,15302,1720,-1861,13740,1319,2063,13961,2178,-447
14699,3927,-624,15308,2496,-1439,14358,1921,-1417,13897,915,1349,14041,1328,910,13137,2161,-4039,13874,2912,-2996,13128,4124,2590,13021,4201,-465,12285,4726,-1410,12489,4928,3449,14703,2566,4281,9003,5080,1474,14217,4900,1626,12583,7672,7049,15396,3590,2614,13434,3316,356,13622,3446,6202,16872,2331,5995,13382,1616,1191,15181,-1752,3283,14216,2361,3406,16950,1567,263,14045,1972,-3495,13606,877,901,14275,3196,2757,14081,4243,-2355,13419,4010,-1419,12332,6222,1119,14931,6671,-2878,13408,7904,-1489,13201,6423,4036,13867,4616,2783,12863,1224,1348,11805,3377,4449,15169,4751,5236,13456,4204,4405,12991,1279,2229,13440,2750,6353,14511,3380,6860,14503,3052,-231,13177,1948,3462,14061,2482,8166,14936,4085,350,15342,3380,-1808,14660,3015,-821,14877,2159,-1501,15014,2273,-1385,14085,1662,726,13652,1607,1638,13514,1949,-2401,13631,3272,-4788,13412,3708,1314,12436,4349,1580,12295,4681,-1267,12936,4722,2119,12058,2220,5512,11472,5292,1414,14884,5528,928,12709,7067,6384,13262,3238,4106,14194,3538,867,14512,3442,4856,16016,1539,6517
12368,2345,2979,13807,3578,8255,15736,3573,3416,12980,2475,942,14247,1810,5264,14044,4139,2366,16615,3506,-1935,14028,2604,-1878,14381,1943,165,14971,2102,-344,14573,1729,-2648,13188,1857,-132,13326,1813,1101,13781,3168,-3811,12795,3449,-1148,12141,5333,2617,13661,5134,-545,13262,2977,112,9562,3591,5994,14545,6339,3224,13245,6551,889,13455,3740,3676,12666,4646,4917,15288,4082,3785,14754,3387,2845,14256,509,5285,14468,414,5526,15352,1194,-639,15584,1284,1448,14841,1617,3284,14685,1938,-1840,14059,3051,-1317,14393,3059,2462,13315,4104,11,13371,4420,-3162,13364,5908,-1148,13934,7499,1803,14151,6385,-577,12592,5737,-1529,14467,3105,4971,11539,2872,6470,13505,3999,395,13968,3821,4080,13352,3683,7646,13452,2373,1885,13772,2892,2876,13740,3230,7242,14106,2435,3796,13757,2658,2206,14501,2874,3598,14655,3809,3377,15281,3154,-1398,15041,2277,-4178,14490,2999,923,15466,1449,1070,13154,1125,-2651,13588,453,-716,13413,3273,797,14290,3003,-3372,12499,3466,-1715,12151,4773,1775,13631,5643,1664,13383,3090,-356,9674,2847,4137
13252,6248,-1887,14132,2856,2287,11206,2481,7473,13996,4080,2941,14312,3980,935,12525,2698,6813,13152,2590,5694,14757,3819,2036,13588,3682,4400,13939,1971,5925,13389,2643,3091,15113,3197,1615,14577,3841,3048,14883,2864,1147,15146,2859,-4669,14742,2250,-1448,14776,1882,2724,13891,1092,-945,13830,1607,-3017,13314,2726,39,13866,2976,-540,12716,3426,-2880,12117,4640,-455,13178,5533,3138,13439,3090,1827,9926,3471,1145,13644,5796,4201,13632,6501,4709,13523,4493,1095,12826,3511,2513,14492,4491,7065,15635,3423,3580,14446,833,1815,13934,277,5754,15430,1081,3324,15982,1698,-605,14723,1418,359,14377,2046,1611,14379,2712,-356,14248,2952,-1931,13183,4172,1327,13773,4685,255,13042,5846,-4239,13711,6435,-333,13594,7311,3593,14074,5980,-689,13672,3083,772,11624,1963,7038,13604,4429,4626,14749,4315,741,12728,2952,5165,12902,2639,6486,14896,3526,3205,13852,3650,2949,13455,2261,5410,13843,2543,4971,14717,3112,1303,14635,3030,1634,14405,3017,1958,15343,2818,-3636,14904,2310,-2642,14655,1907,2193,14032,1239,262,13931,1599,-3217
14509,3153,2845,14149,2996,-2414,13125,3450,-1697,13391,5289,1637,13606,6139,-1434,13528,6145,-2287,12701,6953,1418,14699,6577,2883,13936,3728,-211,11603,1324,3783,12756,4850,7307,15587,4785,3143,12806,3548,2206,12561,1689,5482,14038,2951,6209,14433,3260,2692,13700,2170,2583,13452,2993,6392,15268,3002,3042,14704,3295,-1007,14209,2573,1230,15312,3049,-1210,15219,3146,-2952,15121,1531,98,12966,1545,1753,14247,982,-2210,13312,3051,-3775,13786,3702,146,13256,3900,1495,11908,4580,-2533,12874,4350,238,12949,3648,5464,11222,4110,2358,13577,5219,-77,12055,5589,5128,13838,4316,5260,13510,5067,413,14815,3137,3994,14036,2918,7002,15216,1150,2938,14748,1258,1998,15064,960,4064,15522,854,2936,14827,1463,-2481,14677,2095,-940,14526,3740,2919,14466,3494,-1170,13215,3808,-2485,13310,4484,1389,13368,6058,-90,13734,7307,-2804,13694,6216,1047,12732,5124,2786,14177,2549,926,11442,3149,3531,13918,4823,5464,14551,4170,5363,12951,2853,2158,13230,2796,3638,14134,3740,8025,14515,2620,3144,13212,2284,886,14304,2847,6601,14724,3568,3664
14276,1396,5360,14731,1655,6199,15844,620,1658,14787,563,393,14803,1322,3687,15777,2479,-323,14587,2901,-2514,14016,1883,2566,13504,3276,1238,13787,4659,-3555,13358,4949,-1338,12616,6672,1609,14874,6791,-743,13024,6304,-1783,13307,3976,3157,12900,4148,5479,13533,4360,1605,13769,3440,3705,12144,3084,7392,14307,3122,3133,14284,4172,1430,13464,2240,6999,13027,1996,5902,14844,3219,1093,14436,3371,3946,14596,2629,4648,14049,2740,-363,15741,3358,-3362,14779,3627,-142,15100,898,1594,13468,923,-2731,14163,1177,-1982,13796,2986,1405,13147,2462,-2362,12683,3439,-3291,13272,4386,1577,13018,4419,1601,12163,3454,-464,11674,4251,2321,13029,6720,5199,13819,4960,2525,11366,4207,1794,14299,4376,4894,14626,5555,4835,14433,3057,2188,14439,1349,3951,14788,1470,7010,15760,489,2154,14841,630,-1038,14751,1311,2497,15496,2163,1103,14385,2495,-1812,14002,1484,787,12976,4128,1433,14449,4876,-2373,13076,5975,-2976,12914,6939,1558,14972,7247,1377,13022,5937,-2019,13185,3247,2126,12315,4280,6614,14139,4416,2745,13707,3003,2250,12000,3023,7398
12844,6242,-29,13173,4919,4607,11774,5306,5694,14685,4832,966,14102,4802,2489,13767,2790,6951,14444,2039,4230,15470,1717,1987,14844,588,4325,15340,185,3035,14997,1343,-1449,15663,1475,-1319,13919,2318,3632,14594,1672,641,13415,3714,-3677,13595,4601,476,13443,6456,824,13370,6973,-3396,13834,7026,-361,13290,5981,3240,13454,3978,1258,12667,4002,1519,12945,5297,5667,14729,3813,6435,11978,2852,2034,14180,2372,3526,13877,3502,6895,13936,1340,4650,13361,2338,1569,14491,2997,5367,14516,3590,6186,14646,2933,-525,14544,2981,-1311,15392,3623,523,15072,2504,-1938,14472,716,-1706,13375,1329,1172,14380,2418,-226,13938,2892,-4203,12835,2908,-2266,13296,3978,1500,13187,3956,-411,11863,3087,-1107,12458,3299,4099,11670,6572,4286,14294,5672,-172,11073,4966,3485,13469,4640,6330,14840,5531,2059,13858,3740,2090,14157,1659,6167,14534,2291,5631,16160,1004,1810,14615,540,1380,15226,268,3510,15561,1722,-1006,14911,1404,-1874,13908,1656,3311,14014,2993,915,13616,4911,-3943,13470,5388,-864,12968,7276,1291,14379,7527,-1489,13312,6737,-1285
14006,2822,-2230,12392,2843,-3399,12182,3582,1563,13345,4812,3300,12906,2497,808,9468,4074,2697,14188,6496,4097,13524,6947,2596,13270,3641,1917,12726,3702,4314,14714,4325,6329,15712,3026,2694,13721,816,1874,15079,1007,5937,15934,1935,1346,15911,1015,-735,14482,591,793,14878,804,462,13805,1774,-1115,13894,2302,-403,12842,5197,2442,14010,5866,-1357,13336,7404,-5307,13335,7140,906,13621,6384,2983,12968,4668,-995,13440,2639,3736,11424,5348,7230,15434,4662,2387,12747,4262,2331,13684,1353,6790,13671,2677,6152,14578,2120,2654,13892,2464,3046,13657,2435,6136,14294,2714,4947,15015,3826,1032,14789,3772,2146,14756,2627,-1043,14647,1978,-5586,14821,2162,-536,14105,2164,3362,13795,1845,-990,13591,2777,-4004,13934,3602,-1344,13338,3805,-48,12758,3034,-1545,12725,3463,630,12795,3830,4586,11921,4666,2695,12616,5678,-919,12652,6053,4663,13583,6025,5840,13768,4134,730,13409,3416,4005,14351,3301,6832,15091,2488,2719,14706,662,2100,14768,318,4303,15715,997,2436,15660,1628,-2167,15048,373,-1267,13670,1656,2913,14457,2176,431
14073,2143,-1128,14773,2637,182,15086,2256,-1254,13307,2574,219,13898,2149,376,13789,2801,-4833,13518,2553,-2649,12430,3843,2961,12581,4176,834,13268,3801,-401,11576,1898,4815,11677,6872,3462,15147,5836,-575,12218,6370,3498,12776,3126,5691,14201,3961,4100,14198,4274,2132,15522,1997,4521,13339,1660,5745,16122,373,697,15315,1411,196,15581,493,4211,14682,450,-1805,13910,960,-2978,14392,2832,2887,13746,4597,2328,13700,4639,-2918,12857,5736,-3096,13461,6645,562,14175,6746,237,12466,7184,-1078,14753,4848,3865,11370,2341,6453,12885,4537,1017,15506,4630,2019,13194,4804,8661,13574,297,3681,13105,2064,1684,14215,2496,7276,13956,2400,4971,13747,2057,1591,14044,3316,4822,15511,4598,4114,14733,3443,-406,15009,2204,-5692,13956,2770,-767,15709,2523,2335,13599,2756,-1747,14119,1433,-957,13301,2756,649,13911,2244,-4092,12836,2494,-2358,12706,4155,2445,13089,5376,2370,12712,4353,-490,11055,2204,3496,12188,7068,4088,15285,5409,1541,12339,5911,2523,12180,2908,4857,14695,3337,5824,14949,4609,1434,15265,1638,3304,13694,1591,6295
13886,2852,2844,13373,2480,5576,14548,3099,4560,15074,4165,660,15048,3171,2623,14367,2910,213,15084,2301,-5005,14603,2230,-968,14305,2244,2975,14144,2097,49,14027,2268,-3559,13835,2715,-2425,13175,2866,100,12628,3306,-1399,12627,4411,-78,13609,3422,4496,10630,3589,2156,12740,5292,-822,13219,6684,3369,13525,5480,5405,12697,3350,1590,13582,3403,3664,14332,4660,6455,15462,2925,3171,14200,1542,1790,14965,647,4452,15963,1390,3840,15485,1103,-1090,14728,728,-1815,14238,1927,2685,14553,2158,1288,13295,3557,-2856,13742,4190,675,13385,5795,280,13870,6618,-4808,13184,6482,-80,13009,6452,4213,13970,4668,621,13145,2617,1407,11469,4387,5458,15537,5152,4372,12932,4647,2314,13613,618,4057,12654,2558,7296,14741,2278,4887,13670,3317,1440,13725,2408,5102,14359,3627,5934,15151,3787,381,14692,2730,405,14330,3049,1,15276,2507,-2703,14567,2348,-1116,14090,1427,1805,13907,1909,840,13659,2123,-3901,13790,2604,-3530,13588,3417,1603,12840,3211,-283,12102,4339,-1721,12616,5192,3815,15076,3124,3395,8575,4929,923,14384,5536,1644
14320,1601,1439,10761,4311,3024,15679,5015,5030,13082,5000,4937,13975,462,2000,12500,1852,5297,13978,2786,8158,14870,3468,1448,13214,2947,1615,14189,3597,7314,14892,4092,1639,15323,2847,-1527,14450,2170,-1082,14568,2002,-489,14812,2299,-1115,14333,1601,-722,13546,2585,962,13940,2402,-1512,14125,2880,-5254,12706,2954,564,12793,3505,2596,12653,3513,-1497,12666,3152,1689,11273,5441,5075,14121,6458,613,12352,5046,663,12561,4372,4746,13879,5051,5519,14444,3835,2913,13628,1914,3216,14185,2586,5887,16114,2573,4116,15217,1856,-41,15102,460,2927,14627,-182,3680,15233,1964,-2810,14710,1402,-4,13234,2961,3199,13978,4042,-1890,14085,5291,-2393,13187,5816,-20,13725,6085,417,13352,5882,-1882,12707,6162,343,13636,5527,4839,14543,1474,2992,10130,4282,2196,15744,4769,4927,13368,6248,5637,14212,81,2027,11998,1269,4088,13793,2684,8561,15468,3570,3097,13240,3309,806,14387,2928,5179,14652,4504,2268,15799,3051,-1378,14121,1862,-1762,14330,1590,747,14884,2286,-224,14463,1876,-2429,13724,2525,-468,13659,1879,249,13454,2860,-4552
[row took 88945us]
13462,5080,1576,13846,4885,-2838,13470,6014,-3737,13759,6895,1712,13796,5835,1542,12404,5487,-1525,14743,2603,3846,10713,3773,7141,14486,5182,364,14579,5083,1745,13380,3547,7750,12993,1316,4267,13381,1563,2758,13895,2477,6491,13700,3094,4916,14377,3402,2245,14460,4264,1980,15352,4083,3504,14500,2504,127,14885,1645,-4814,14413,1851,390,14990,1883,2749,13603,1806,-2398,14415,1945,-2075,13703,3330,-160,14081,2900,-2601,12520,2747,-2454,11952,3504,1359,13241,4815,3079,13166,2541,1192,9743,4523,1381,14520,6797,3761,13278,7488,2760,13491,3328,1115,12145,2668,5400,14355,3524,6761,15303,3619,2314,14354,1566,2670,14564,1715,5673,15876,1866,1724,16067,1367,-151,14539,129,1429,14183,536,1096,14064,2576,-933,14485,3445,-419,13533,5419,2058,13925,5026,-1777,13295,6123,-5107,13705,6679,1172,13517,6324,3335,13040,5089,-1234,13705,2064,2611,10883,3662,7275,15122,5591,1387,14564,5087,1078,12745,2319,6730,12717,1737,5816,14601,2562,3293,13609,2753,4220,13499,2301,6034,14089,3778,3226,15280,4671,761,14796,3958,2868,14740,2243,793
14943,1166,3524,15614,1519,3754,15710,796,113,14762,86,-1861,13680,1542,2101,14967,2337,1896,13618,4181,-2535,13664,4635,-492,13477,5774,684,13795,6453,-3967,13232,6445,-1218,13347,6197,3845,13361,4296,2186,13025,3447,1113,12475,4360,3936,14210,4862,5214,13856,4331,2824,13545,2150,2447,13140,1768,7956,13882,2077,5723,13704,2566,1240,13721,2655,4714,14291,4274,5945,15452,4115,977,14850,3449,-814,14623,2499,6,14764,1857,-1210,14704,1935,-1706,14101,1626,1357,14057,2314,1332,14104,2641,-4334,13927,2685,-4198,12809,3230,1239,13055,3368,229,12420,3996,-1034,13280,2935,3579,10632,4608,4213,13208,6060,-996,13405,6049,1527,12720,5329,6271,13510,3506,3454,13364,3454,2259,14409,2995,5791,14394,3022,5420,15276,1926,1921,15073,1519,1800,15762,1480,4461,15223,360,539,14621,198,-3314,13943,1202,1703,14595,2583,2737,13689,4189,-2094,13859,5035,-1757,13266,6596,-85,14077,6057,-1530,12995,5905,-2335,12356,6534,2924,14519,4393,4606,12182,2467,970,12553,4249,2763,15145,6147,5867,14136,4789,4038,12792,851,1911,12838,846,6898
12075,6447,1081,13590,3280,4047,13089,4415,6867,14621,3018,3489,14154,2844,1829,14595,2675,6090,15599,1949,3741,15421,1039,-642,15068,246,2337,15287,619,1483,14407,517,-1633,13543,1301,-208,14123,3642,2406,14196,5368,-268,13681,5573,-4517,12964,6319,-1684,14025,7035,2020,13558,6515,-755,12641,3893,1196,12483,3663,6461,13326,5594,2921,14768,4338,129,12142,3406,5423,13923,2449,6872,14266,2689,2671,13291,1051,4145,12723,1557,7116,14510,3624,3290,15063,4750,2009,14530,3215,4547,14018,2478,2237,15591,2638,-4215,15068,2410,-2735,14264,1791,2942,14027,1950,196,14483,3115,-2771,14163,3038,-537,13485,2662,-1511,13093,2213,-4007,12579,3388,-635,13160,3513,3664,12330,3435,2572,11486,4881,225,13307,6926,2658,13570,6107,4106,12080,4494,997,13433,3725,3413,13918,4551,7385,14500,2515,4357,13887,2642,1113,15796,2393,4547,15379,2088,4562,15626,250,-617,14750,301,120,15361,830,2435,14282,1071,154,13640,1524,-1419,13206,4307,1172,14678,5959,196,13442,6216,-5003,12733,5798,-1986,13962,6925,3161,13794,5526,1108,12128,3873,550
13844,3013,1120,12133,3171,-851,12432,2919,3285,11127,6701,4642,14862,6983,-536,11964,5563,1462,12782,4113,6282,13733,4544,4075,13976,4176,2256,13829,2268,5836,14050,2781,5367,16329,2738,1730,15472,1590,650,15328,-35,3437,15136,-38,709,15182,280,-2443,13707,738,2313,13808,2083,2979,13827,4903,-2967,13910,5665,-3213,13212,6615,-53,13779,6942,-1071,13489,6616,-1315,12782,4671,3167,12120,5125,5320,13542,5859,1177,13884,5570,2089,13290,3359,7031,13305,2268,3807,14497,1644,2034,13156,773,6615,13204,861,7209,14248,3518,1594,15524,4539,3743,14411,4065,6368,14529,1955,128,14916,2951,-4598,15317,2370,-819,14192,2078,1983,13725,2056,-1413,14448,2834,-1621,14097,4113,591,14207,2196,-3309,12237,2177,-4479,13128,2687,1202,13234,3401,3136,11980,3311,596,11654,4585,2226,13006,7741,3960,14201,5505,1791,11449,4338,1329,13363,3815,5171,14034,5108,6396,14370,3203,3042,13872,2347,2575,15402,3010,5757,16097,1609,2404,15269,-160,-1298,14698,-251,2102,15583,241,1903,14373,656,-1579,13476,996,443,13450,4619,2377,14767,6274,-2396
13336,2905,1725,14673,3516,-634,13903,3257,-5184,13043,991,-1972,12063,2453,1824,13432,4080,-653,12889,5025,539,12666,2038,5606,10331,7144,2961,16259,6356,-1528,11501,7384,4588,13037,2068,6359,13293,3485,2346,13899,3642,4161,15500,3451,6499,13888,2902,2789,16067,825,15,15056,1099,1528,15871,-167,3934,14749,-641,-2139,13824,-505,-1848,13930,2468,3302,14613,3737,559,13456,5407,-3416,13313,5959,-883,13568,7489,-769,14229,7151,-1998,12572,6411,339,12921,4948,5563,12406,4957,4574,13820,5407,89,13738,5234,4179,13562,2801,7259,13311,1022,1941,13784,248,4149,13166,1421,8274,14423,2197,3231,14155,3119,2534,14716,3623,6258,15192,3841,3733,15153,2778,-2891,14604,1193,-4134,14102,2737,204,15302,3361,387,14038,3483,-1621,13682,3473,224,14205,3433,-774,13615,2471,-4892,12598,1751,-1629,12104,3397,3156,13973,3405,1860,10813,2906,1852,11788,6056,3332,14705,7232,2240,12987,6354,1706,11921,2226,3477,13115,3859,6682,15064,4470,5363,14939,3446,1225,13771,1688,4138,15658,1988,4003,16702,1906,-834,15043,-359,1367,14457,-470,1638
14405,2495,-2306,14798,2732,-2147,14597,2370,-1101,14532,2699,-1251,14105,3346,1270,14151,3922,1144,13696,2264,-4234,13700,2778,-5186,13449,3296,1460,12838,3602,1669,12008,2498,-624,12494,1594,4359,10987,6471,4372,14961,7503,-760,12263,6325,1952,12647,3021,6559,13248,3751,4625,14306,4475,2717,14611,3562,4524,14308,2653,5443,15295,1675,1064,15678,942,-15,15856,647,4294,15317,-447,181,14093,-205,-3651,14144,1050,1470,14075,2976,3109,13363,4849,-1536,13541,5597,-2753,13365,7154,-1152,13904,5675,-696,12086,7428,-1230,13546,6555,3457,14216,3631,6037,10061,4817,2111,16029,5533,335,13001,6854,7155,14684,-433,5473,11791,128,1525,14085,330,6945,14933,3093,5943,14179,3030,1200,14404,2755,5222,14215,4372,5060,15760,2922,700,14531,2615,-5025,14055,1643,-2329,14466,3394,2118,15014,3141,-639,13613,3282,-1850,13727,2709,802,14115,3077,-3628,13543,1987,-3905,12034,2878,1836,12463,4437,2949,14510,2502,1087,9007,4086,3272,14372,6968,2765,13563,7306,1598,13796,4584,1941,11659,2682,5241,13785,3419,7401,15201,4325,2583,14858,2896,1515
15342,1895,4204,14004,3190,804,13601,2553,7118,14353,3279,6141,15628,4385,-797,14594,3180,-12,14627,1776,-1229,13888,1789,-2980,15199,2619,-574,13670,3968,2941,14623,2540,-354,13442,3221,-4967,14067,2816,-2987,12957,2308,1846,12409,2576,127,12285,3400,469,12776,5946,5178,13358,3931,3679,11145,6137,-3323,14772,5135,4766,13237,6372,6819,13353,3228,1788,12075,2148,4448,15957,3747,5501,14714,3846,3752,15524,1363,773,13957,967,1366,16754,551,4439,15271,662,-1594,14056,-914,-2986,13507,1389,3335,14668,2928,768,13480,5340,-2944,13340,4885,437,13708,6796,-1295,13750,6790,-3343,13107,6642,-21,12773,4875,4494,13211,3387,4766,12165,5793,977,15060,6089,2745,13496,5231,6878,13754,881,2188,12556,189,3110,13697,1479,9069,14504,1782,4030,13832,3079,928,14379,2844,6429,14839,4659,4826,15770,3282,-576,14331,2012,-3824,14143,2123,-823,14775,2198,752,14296,2903,-1473,13953,3011,773,13950,3440,732,14295,3115,-5853,13236,2350,-3012,12224,3115,2831,13386,3548,1516,13370,2848,1321,10382,4438,3609,13345,7030,2147,13768,7062,973
11769,6385,6792,16132,5412,-97,12814,5199,1737,13553,263,7106,12898,1013,5988,14136,1512,3414,14121,1999,3945,13684,3298,5729,14655,3310,4013,14753,3979,1090,14860,3067,3013,14833,2221,-1594,14415,2069,-5280,14721,2308,328,14187,3433,3370,14242,2784,-1295,13726,2965,-3259,13826,3084,-1413,14019,2634,-918,12082,2429,-2021,11781,3640,1930,14454,4761,4810,11170,3337,2133,11987,6411,-284,14322,6378,3581,13649,6297,4793,12492,2359,1788,13255,2769,5435,14051,4334,7476,16040,3069,1795,13818,2289,858,15252,1073,4092,16138,1559,2418,15480,498,-518,14674,-466,-752,13448,787,2134,14541,1991,-552,13451,4268,-1865,13806,5172,2117,13370,5683,-1739,13684,6316,-5930,12942,6612,1117,12900,7056,4358,14555,3928,840,10273,3150,3723,14294,6531,5086,15251,5738,2233,13158,2878,2338,12728,-186,5134,13547,1667,7933,14871,2011,3642,13700,2698,1052,13778,3427,7428,14987,3706,5049,15346,3785,-1360,14209,2032,303,14780,2315,-1650,14654,2619,-3011,14662,1962,378,13230,3628,2284,14867,2447,-773,13793,3489,-5123,13647,2047,-2109,12775,3116,2099
13306,6154,-2779,13557,6908,972,14137,6581,-351,12297,6184,-811,13588,3394,4730,11463,4813,6230,14393,5504,-295,14280,4941,3021,13105,3501,7307,13535,812,2828,13143,1423,3619,13960,1658,7552,14045,2732,4443,14466,3251,2398,14547,3728,3747,15027,4026,3674,14911,2729,-1500,14923,1667,-4867,13862,2722,1206,15517,2130,1919,13288,2792,-2172,14137,1651,-1302,13837,3806,-385,14282,2792,-3847,12706,2188,-1969,11579,3682,2277,13921,4380,2766,12703,2909,1015,10173,4853,2727,14816,6689,3514,12845,7364,1972,13630,3081,1566,12184,3732,6156,14512,3932,6553,15107,3749,1546,14151,1833,3451,14870,1193,5389,15608,1721,-41,16080,335,550,14598,416,2025,14574,-191,310,13903,1707,-2010,13871,2650,827,13711,5049,2121,13714,5677,-2741,13537,6507,-4866,13503,6726,1628,13331,6450,1909,12915,5301,-951,13586,2802,5042,11383,5992,6379,15653,4939,-248,12573,5348,2197,14246,929,7067,12902,1721,5514,13910,1252,3342,13793,2035,4822,13870,3063,5933,14790,3238,3219,14800,4185,1181,14741,3138,3420,14781,2505,-1842,14577,2158,-5115,14589,2331,1131
15152,434,-2061,14321,-301,-1089,13889,1688,3325,14404,2868,54,13534,4983,-2639,13717,5548,-2,13429,6914,-1527,13706,6122,-3455,12491,6446,1024,13413,5629,4423,13644,3807,2783,11514,3939,1386,14086,5449,4419,14549,5376,5645,13846,2003,1631,12463,92,4179,13041,1577,8756,14919,2698,3324,14006,3465,1178,13967,3154,7120,14858,3650,4775,15259,3558,-1538,14878,2258,-2401,14167,2372,-107,14675,1846,-356,14457,2531,-1161,13985,3094,1534,14263,2607,-351,13662,2419,-5952,13158,2232,-2251,12505,3803,3112,13259,3490,572,12729,3133,372,11049,4133,4656,13230,6880,2508,13728,6845,-467,12570,4580,3707,12378,3834,6419,14371,3903,3938,14044,4035,2601,14504,2569,5449,14725,2016,4917,15759,1529,92,15710,948,1795,15114,230,3369,14755,-153,-1845,14324,964,-1994,14050,2514,3505,13775,3579,1389,13652,4834,-3856,13549,5760,-2335,13402,7058,312,13942,6816,-1401,12759,6127,-73,13263,4528,5112,12537,4964,4351,13776,4698,-372,13170,4431,4066,13910,3373,7427,13831,1835,2409,13262,956,3200,13333,2041,7600,14366,2816,4611,14399,3286,1687
14061,3857,6862,15253,2826,935,14365,1848,2464,15159,1344,5340,15543,726,1447,15338,328,-462,14772,261,696,14494,941,1376,14254,2566,-1568,13926,3243,-270,13573,5181,2139,13988,5366,-3089,12978,6726,-4723,13324,7657,1928,13923,6795,3326,12591,4011,-391,11790,3328,3716,13839,6024,5947,14928,5164,1753,12752,2458,2256,12547,871,6363,14241,2461,7111,14441,2337,3024,13216,2053,2668,14169,2677,7031,15080,3720,4194,14969,3444,-232,14212,2824,1172,15174,2684,-1214,14770,2859,-3624,14826,2289,54,13607,2653,2723,14499,2337,-1548,13590,3152,-4624,13563,2092,-909,12560,3044,744,12886,4062,-1383,13289,3684,1043,11959,3799,4712,12181,4959,1619,13584,5908,-681,12178,5757,5354,13436,4378,5779,13377,4998,1037,14209,3577,4662,14062,3578,6325,14958,2386,2535,15227,1458,1806,15232,685,3908,15279,7,2593,15030,788,-2603,14985,555,-372,13926,1665,3472,14136,2975,-725,13938,4364,-2713,13307,5204,750,13537,6353,-1478,13354,6932,-3443,13494,6442,1250,12852,5324,4311,13327,4568,1987,12701,5278,1015,14152,4978,5726,13310,3012,5070
12468,6621,2864,13914,6398,4071,11784,4653,1709,13304,4044,3030,13988,5266,6633,14439,3201,4840,13684,2560,1288,15121,2392,4350,15800,1950,5300,15345,242,-534,14764,-184,-171,15382,1202,2528,14838,644,160,13594,1009,-1234,13243,3086,1355,14543,5699,289,13609,6052,-4421,12616,5933,-2565,13985,7515,2574,13703,6646,1017,12498,4540,-12,12350,5114,5044,13700,6709,5211,15008,3989,951,11328,1968,3782,13896,1772,7654,14725,2563,3640,13383,870,2887,12913,1555,5873,14998,3897,5582,15320,4205,3116,14110,2290,1531,13857,2485,1414,15831,3068,-2915,14836,2428,-3474,13958,1415,2067,14042,2703,1248,14909,3817,-3741,14033,2921,-2663,12655,2316,33,13331,2768,-1348,12733,3562,-1427,12507,2814,2937,11912,4496,4195,12716,6209,-187,13285,6206,1535,12097,4874,6049,13234,4196,2998,13725,5025,2084,13902,3420,6540,13786,2665,5670,15136,3102,922,16050,1686,2958,15004,559,4209,15248,-643,194,15224,837,-2046,14839,639,2103,14235,1020,2638,13451,3137,-2278,14198,5035,-1316,13590,6566,651,13519,6274,-3426,13055,6910,-2378,13488,6303,3411
12511,2760,-3739,13255,3243,1391,12582,3346,3497,12345,3709,1062,11868,5932,1073,13664,6764,3816,12773,5011,3159,12243,4153,2009,13991,4404,5216,13618,4483,6448,14235,2552,2598,14507,2993,1803,15839,2223,5955,15426,326,2161,15036,-498,-1725,15247,128,1173,15358,518,1901,13937,571,-1353,13542,1662,-420,13629,5700,2359,14489,6094,-2236,12731,6364,-5179,12869,6916,533,14245,7387,2643,12924,5460,307,11552,4105,3623,13161,6682,5895,14966,5229,2056,12687,3926,2407,14038,508,5618,12644,2090,6848,15019,460,3473,12833,2296,3254,15296,2211,7086,14622,4093,4587,14971,2508,619,14001,2199,1688,15050,2746,-1343,15222,3317,-4282,14422,2352,-349,13810,3002,2299,14244,2744,-1182,13440,3629,-4184,13483,1805,-904,12803,2253,404,12772,3443,-2361,12631,4905,1282,14859,4036,4495,9054,3584,3281,13618,6846,-754,13636,6858,4163,14267,4465,6078,11723,3473,1254,14031,3073,4445,14576,4687,7770,15634,2594,2123,14437,1772,617,14988,594,2968,16269,184,2821,14723,-123,-1471,14430,-708,-1754,13649,1397,2729,14625,2218,106,13264,5009,-2895
14506,3252,1158,13757,3035,-2662,13760,2749,-1676,13469,3027,-1032,13337,2792,-2707,12532,2916,-801,13143,3187,3970,12494,4259,3311,12401,5382,-128,12506,6027,2201,12887,6298,5480,13850,4595,2272,12835,3396,3311,13375,3735,7263,14726,4213,3530,15049,3298,928,14776,1188,4102,15007,423,4120,15959,43,-292,15233,186,-1740,14606,28,1599,14341,649,482,13593,2499,-2170,13644,4209,1618,13800,6103,966,13711,6823,-5740,13089,6694,-2265,12256,7654,3679,14770,6001,1886,11520,4417,2158,12449,6420,4926,14696,4713,4498,13030,4636,2268,13542,-262,4281,13357,1817,7344,14685,402,4481,13682,2112,506,14552,3314,5812,14900,3595,8202,14593,2755,1446,14454,1830,-561,14888,3312,-1687,14929,2746,-2856,14288,2728,-1563,14057,3534,2086,14586,3995,1002,13401,2395,-4460,13318,2239,-4173,13352,3284,1607,13140,3446,638,12235,3234,-1087,12901,1751,5110,10818,5274,4161,14304,7109,-1497,12582,5856,3211,12746,3807,6662,13224,3651,3554,14138,4985,3043,14767,4182,5447,14625,3078,4585,14888,1688,740,15300,557,1141,15686,728,4394,15384,-342,-242
15271,3209,3822,14740,2822,-1882,14538,1862,-6064,14372,2765,282,15007,3749,2815,14090,3232,-1640,13605,2126,-2294,13159,3069,-1109,13981,1938,-1455,12127,2894,-1715,12563,3896,1394,13061,5741,4198,13754,1893,932,9994,6213,972,15100,5373,4450,12205,7684,3702,13564,2303,2029,13015,3366,5711,13992,4939,6335,16719,3734,1993,13494,2140,1319,15200,-117,5031,15522,1381,1034,16056,279,-321,14427,-405,-76,14091,556,1265,14089,2088,-950,13596,3229,-1029,13626,5515,2180,13679,5912,-1868,13221,6593,-5640,12550,5635,1869,13756,8206,3304,14961,5524,-71,10064,3608,4476,13909,5613,5255,15184,5947,2135,13572,3059,2600,12364,-296,5897,13115,959,7561,15509,2482,2825,13915,3319,1444,13931,2322,7953,14168,2699,4973,15431,3061,-539,14281,3441,436,14860,1929,-1613,14027,2561,-3353,15120,2921,181,13805,4147,2792,14503,2263,-1763,13327,2550,-4994,13852,2430,-1370,12817,2616,1785,12475,3289,-813,12614,4069,1236,13031,6470,5305,13376,3685,1892,10483,5562,-2978,15017,4816,7122,13278,6270,5800,13536,2890,1644,11696,2788,4933,16397,3823,5201
13791,1239,3653,13724,2660,6825,14580,2790,4182,14425,3034,2674,14456,2880,4422,14864,2751,3419,14804,2876,-3614,14930,2739,-4358,14358,3215,2600,14568,2472,1223,13687,2621,-2851,13991,2127,-683,13528,3433,-1017,14252,2269,-3306,11956,2935,-801,12596,4466,2913,13500,5335,2511,13497,2239,49,9946,5474,3617,14599,6241,3900,12795,7238,2116,13747,2407,2892,12222,3870,6713,14508,4109,5186,16196,4187,730,13791,2105,3452,14955,99,5340,15032,995,-396,16199,255,955,14553,746,1814,14381,94,-852,13912,2248,-1775,13964,3322,1055,13900,4989,1296,13194,5203,-3465,13393,6469,-4150,13403,7632,2313,13520,7326,1702,13558,4831,-340,11388,3848,6323,13861,5923,4912,14929,5108,-442,13077,2652,3444,12314,991,7531,14173,1197,5451,13972,2434,2926,14150,2536,3992,14079,3045,6044,14621,2896,3037,14681,2715,1384,14405,3236,2412,15414,2486,-3092,14370,2983,-4329,14840,2755,1652,13981,3165,2313,14145,2183,-2536,13642,2489,-3042,13468,3001,-484,13720,2760,-510,11518,3799,-1638,12975,4393,3069,14525,4542,3879,9585,3512,806,13470,5746,1064
12171,2295,2701,11910,5110,1886,15375,4842,5075,13417,4517,5600,13099,-303,1277,12737,946,5283,14334,3100,8721,15345,3238,1829,13437,2574,2236,14377,2341,6349,15091,3324,1555,15010,2767,-2002,14429,2001,-1894,14208,2802,946,15260,2953,-686,13961,2930,-2424,14127,2729,187,13487,2358,-962,13579,2788,-4682,12827,2208,799,12095,4699,2763,14311,3917,-763,11816,2764,2035,10991,5647,4344,15278,6393,1390,11872,6782,1672,13189,2520,4645,12761,4620,6188,14830,4317,3622,14798,3500,1963,13829,2180,5668,15407,1216,3782,15527,1228,-1034,15108,126,3149,15113,58,1987,14624,640,-2094,14060,2001,-603,13835,3333,2729,14374,4526,-405,13119,5365,-4199,13426,5796,-1284,13569,7473,1978,13763,6322,-752,12623,5184,228,12954,4182,6568,13180,5607,3547,14208,5128,-614,12819,3600,5681,13345,1784,6700,13589,1561,2783,13796,1574,4434,13719,2646,6463,14495,2751,3756,14527,3407,2502,14833,3104,3516,14444,2882,2847,15055,2700,-3834,14645,2310,-3139,14742,3262,2555,14536,2366,122,13721,2260,-2857,13748,2264,-1053,13658,3242,-711,13493,2330,-3090
13244,5617,1374,13796,5783,-4119,13207,6478,-2519,12864,6909,3627,13975,6019,2324,12968,3378,1310,11854,4320,3674,14856,6015,4441,14148,4380,3426,12718,547,2344,12873,956,7162,14281,2359,6960,14400,3614,1005,13913,2053,3808,13523,3658,6906,15396,3330,1907,14901,3145,-463,14605,2459,-226,14458,2127,-1677,14713,2484,-1941,14727,2441,520,13951,3194,1885,14178,2130,-3099,13346,2256,-5178,13197,2935,615,13081,3250,1850,12362,3841,-1901,13338,2797,2663,10589,5391,5715,14180,6790,-974,12816,5994,688,12735,4095,6658,12715,3844,4509,14095,4272,2584,14389,3821,4846,14537,2989,5608,15263,1755,2165,15384,1262,512,15573,651,4423,15145,25,1856,14823,231,-3378,13989,1065,971,14440,2748,3013,13739,4360,-1857,13894,4919,-2515,13129,6502,-132,14072,6182,-1335,12667,6791,-1851,13192,5739,2467,13421,4931,4749,12546,3602,2102,13088,4895,710,14644,5206,6417,13851,3355,4985,12538,755,1252,13247,609,6578,13943,2997,7504,14736,3319,1611,13992,2946,2680,13961,3890,6224,15553,3030,2528,14499,2944,-2667,14731,2040,-2095,14592,2412,1209
14865,113,151,14475,228,1479,14425,890,252,14116,2973,-1634,13899,4275,1918,14097,5200,69,13097,5779,-5843,13562,5928,-712,12885,7337,3028,13697,6106,243,13252,3934,699,11456,4330,5486,14443,5456,3676,14567,4868,625,13128,2302,4834,12675,1802,6973,14500,1448,4121,13575,2555,2793,13856,2665,6329,14399,3660,5297,14833,4081,838,15025,2405,2162,13443,2193,2054,15394,2090,-4194,14920,3149,-2542,14771,3168,2339,13876,2161,811,13708,2092,-3461,14095,2640,-2839,13623,3230,252,13113,2033,-1248,11527,3295,-1900,13454,4651,3289,13304,4243,4501,10956,4778,7,13666,5897,1306,12563,6555,5351,13788,3450,2854,11998,4040,2608,14609,3470,7018,14548,3831,4678,15136,2465,443,14909,1415,3452,15316,1020,4379,15776,51,1128,14756,7,-1308,14293,890,1136,14511,2407,1435,14389,4017,-2349,13775,4334,176,13549,5391,720,13473,5744,-4208,13196,6987,-1790,13379,7345,4053,13864,4525,1833,11591,3768,340,13155,5068,4760,14475,6051,4625,13581,3113,2358,12528,555,2811,13326,2016,7291,14649,2549,6729,13778,2687,1535,13530,2423,4478
14560,4116,2437,13748,2501,3403,14519,2796,5513,16437,2012,3231,15014,737,-82,14966,-516,2902,15110,763,1663,15013,1213,-2308,13810,1407,1007,13707,3086,2617,14184,5030,-2565,13657,5609,-3794,12929,5863,261,13742,7242,1160,13448,6497,-1097,12686,4739,1693,12594,5222,5510,13931,5416,2212,13868,4166,1130,12679,2253,6500,13412,2409,5740,14581,2882,1663,13577,1625,5504,12918,1778,7777,14323,3628,2468,15614,4020,1930,13951,3219,4820,14356,1473,1379,14860,3280,-3809,15404,2933,-1678,14366,2510,2500,14075,1891,-945,14405,2676,-3441,14334,2786,149,13168,2099,-1268,12453,2304,-4032,13221,2798,247,12616,4022,3347,12748,3835,1267,11733,5375,472,13143,6754,3640,13510,5314,3930,11756,4388,1287,13709,3959,4327,13758,5214,6762,14681,3070,3275,14256,2929,1416,15576,2197,5287,15484,757,3868,15283,-499,-1234,14732,214,1037,15419,1322,2786,14393,1842,-476,14004,2256,-1170,13391,4537,1100,14454,5417,-1368,13217,5617,-4357,12536,6600,-12,14427,7084,3167,12836,5650,163,12817,4544,632,12580,5849,5772,14547,5624,4098,13686,2823,856
[row took 89198us]
12181,7019,3739,14181,5596,-735,11503,3796,3040,12406,3917,6783,14652,5225,3349,14102,4691,2533,14055,2920,5225,14871,2978,4661,16591,1758,1410,14871,-149,1312,15016,-900,3753,14931,596,-242,15050,809,-2064,13649,1884,2737,14078,3307,1708,14195,5054,-4444,13366,5523,-2348,12946,6542,1196,14210,7114,-753,12775,6755,-503,13064,5172,3983,12638,6117,4327,14160,5350,453,13586,3806,3824,12542,1907,7161,13842,1721,3554,14086,2508,2607,13519,1526,7554,13289,2150,6246,14979,4075,1170,15066,3594,3572,14247,2576,5222,14254,1838,-1231,15375,3204,-3870,14903,3438,507,14599,2452,1452,13996,2623,-2974,14415,2526,-1384,13960,2964,236,13293,1456,-3509,12235,2659,-3122,13321,3085,2397,12635,3889,2725,12143,4161,215,11928,5587,2102,13602,6611,4144,12954,4354,2089,11701,4001,2311,13951,4739,6212,14153,5129,5625,14252,3426,1553,14879,2869,2503,15845,2185,5838,15497,-169,1440,14835,-835,-605,15083,171,2616,15308,902,1228,14002,1758,-1807,13873,2505,864,13932,5407,773,14031,5705,-3933,12810,5569,-3381,13035,7465,2216,14375,6912,2145
12886,2124,-1033,12748,3159,1800,12672,3733,-754,13211,3292,1531,10306,5096,6072,14043,6267,246,12963,5917,-250,12718,3133,5905,11939,4067,5197,14727,4956,3152,14604,4770,3722,14339,3198,4918,15082,986,2898,15711,1245,-728,15981,188,3530,14689,-810,3525,14662,408,-3367,14751,1507,-574,13901,2927,2956,13874,3150,-1227,13270,5145,-2945,13663,6208,-482,13265,7311,80,13548,6715,-1877,12341,5906,1170,13151,5344,5806,13297,5585,3095,13338,5473,-213,13830,3241,6263,13081,2173,6325,13722,622,2056,13576,1998,5787,14123,2536,7544,14676,3279,2453,14293,2710,1842,14038,3022,5796,15174,2750,4032,14459,2772,-3246,14599,2012,-3795,14407,4138,943,15330,3410,-246,13701,2678,-1719,13651,1888,684,13969,2679,-1866,13479,2499,-4861,12434,2618,-260,12754,3595,3536,13318,3587,1808,11680,4509,514,12444,5621,2813,13501,6086,3206,12673,5686,1233,12885,3195,4488,12791,4609,7929,15134,4160,3057,14396,4480,524,15058,2090,4971,15021,721,3884,15720,-150,95,15277,66,1229,15011,504,1834,14612,578,-1148,13906,2076,-1808,13845,3608,2767
14874,3702,-2018,14574,2812,1513,13835,2678,1187,13772,1935,-3672,13716,2081,-4686,13247,2439,1281,12759,2896,1037,12154,4447,-1591,14441,3301,3657,10383,3665,4892,13022,6498,-1639,13668,5830,1114,13273,5164,6650,12149,3818,3755,13992,3635,2867,14159,4810,5189,15467,3470,4337,14610,2007,1405,15084,453,1713,15576,548,4637,15132,-288,1753,14872,-186,-4126,13714,1217,1155,15025,3122,2635,13794,4724,-2377,13987,4160,-1039,12583,5969,652,14104,5198,-2833,12286,6979,-1393,13302,7590,3611,15221,5644,3678,10592,3587,1654,14072,4828,1687,14465,5574,5708,13872,2467,4692,12256,70,2169,13547,1495,7685,15230,3200,6699,13281,2945,282,13977,1561,3789,14010,4539,6757,16250,3277,1957,13788,2522,-2018,14450,1827,-2155,14590,3094,333,15460,3411,-1696,13993,3070,-511,14164,2178,2146,13872,2054,-3705,13172,1887,-5420,12981,1695,2530,12382,4639,2230,13101,5202,-995,14443,3422,2008,8290,4463,4723,14797,5856,75,12544,6578,1314,14592,3308,6449,11159,4022,5679,14631,3954,2108,15468,4705,3153,14683,2934,5230,14868,791,2782,14897,645,-203
14189,2750,2879,14532,3590,1818,14690,3852,3844,14938,2701,3814,14438,2293,-3793,14626,1807,-3719,14646,3067,2625,14827,2582,11,14301,2548,-2738,13828,2213,-347,13869,2651,-1311,13183,2301,-3050,12047,3465,-404,13187,4475,3510,13517,3201,2558,10331,4142,-804,13259,5538,1874,13257,7081,4886,13518,4149,1646,11809,2849,3371,13798,4491,7500,15666,4899,3435,14541,3261,348,14607,759,4935,15062,1130,5034,16339,650,599,14655,287,157,14380,769,1552,15068,1810,271,14129,2974,-1873,13636,4145,1053,14105,4857,790,13213,5699,-4547,13326,5915,-2308,12803,6712,4012,13940,5457,709,12904,4457,-916,12616,3582,5214,13566,5725,4477,15041,4409,409,12501,2888,4782,13047,1070,7730,14095,2201,4491,14011,2914,2606,13553,3005,5259,14083,3003,5157,14790,4057,1288,15100,3221,2040,14065,2591,3037,14774,2216,-2882,14919,2958,-3010,14784,2768,2252,14168,1840,957,13838,1764,-3004,13781,1952,-2651,13436,2893,-263,13690,1927,-764,11834,3503,-1656,13091,5019,2645,13285,5901,2944,12833,2224,-297,10747,6060,2640,14805,5863,4672,12769,6474,3174
13299,5489,5583,15884,4853,2269,12381,3528,3016,12805,278,6274,13579,2934,7435,15018,3231,3383,13672,3183,1031,13685,3026,5593,14627,3676,4516,15243,3383,-951,13786,2062,2020,14951,2020,-551,14577,2661,-3256,15128,1987,-304,13806,2897,1816,14755,1673,-1061,13168,2872,-4500,13944,1746,-1469,12589,3558,2404,12875,3227,-1292,12588,3737,-462,12662,4460,5201,12643,5842,1365,13445,5740,-1228,11827,4452,4867,12883,4643,5588,14134,4974,2328,13926,3448,3335,13704,2546,5813,14924,3278,2923,16460,2208,1667,14300,1293,4086,15375,-507,4162,14454,94,-478,15305,1426,-2050,14457,2591,2801,13954,3039,-82,13931,4513,-3669,13792,5436,1070,13711,5573,390,13258,4983,-3215,12521,5960,479,13458,7405,3995,14820,5229,762,11704,1687,1414,12668,4673,5633,15637,4936,4576,13142,3658,2497,12254,-422,4414,13135,2187,7768,15013,3629,4800,14305,3975,461,13573,3103,4945,14686,3237,4890,15154,3837,-1567,14659,1931,596,14253,2164,645,14645,2268,-1545,15067,2622,-1524,13968,2576,461,14844,1741,-489,12803,1777,-3940,13616,1827,-2599,12797,3782,2949
13335,3859,-2582,13209,5992,543,14485,5993,144,12564,6074,-1676,13198,6057,1919,14975,4620,4827,11883,3197,2029,13697,4565,1056,14229,4731,6255,13423,2993,5383,12575,1126,1750,13299,2115,6678,14447,3648,7202,14176,3557,581,14197,2766,2332,13778,4511,5396,16024,2853,2239,13705,2251,-1652,14855,1398,-1550,14764,2761,1280,15141,2407,-1583,13842,2084,-2264,14474,2128,1539,13842,2346,-2136,13290,2570,-4678,12751,2757,1462,12284,4531,2325,12927,4519,-1218,13001,2865,1476,10458,5088,4696,14738,5789,1065,11900,6444,558,13647,2452,5510,12268,4376,6003,15365,3699,2568,14537,3728,2699,14396,2137,5641,15220,1277,3829,15340,1591,-123,15397,347,3890,14674,234,2122,14300,1171,-2998,14232,2702,-272,14463,4324,2851,14028,4685,-578,13501,4426,-3677,13071,5423,-772,14005,6109,1385,13068,6031,-969,12940,5696,349,14257,4040,5356,12396,3464,2989,13704,4583,-235,14284,4327,5751,12883,2806,7149,13028,1564,1903,14039,2413,4964,13472,3470,7081,14419,3371,2498,14009,3550,1344,14385,3785,4428,14970,3029,3735,14488,2511,-1716,14972,1542,-2730
15712,1170,1116,15642,577,789,14440,282,2944,14304,1289,-210,14710,3259,-2108,14509,3881,939,13449,4413,1500,13436,4497,-3201,13481,5259,-3233,12927,6428,2416,14252,6274,1560,12794,5397,-1159,13806,3532,3417,12182,5033,5072,14909,3904,749,12764,4010,2690,13296,2235,7445,13583,2583,5245,13869,2807,2466,13427,2729,5409,13882,3569,5687,14750,3276,1606,14210,3665,2082,14768,3036,4081,14598,2559,-139,15105,2095,-3735,14443,2638,454,15115,2129,1721,14105,1971,-2287,14053,1712,-2771,13439,2536,338,13684,2061,-1445,12327,3361,-2583,12872,4110,1501,13095,4355,3156,12485,3493,-72,11490,5034,312,13373,6387,4566,13249,5773,3967,12539,3714,1233,13305,2939,5202,14056,4513,6226,15382,3794,1499,14364,2120,2738,14787,1139,6297,15628,1338,2590,15665,527,-246,14223,324,926,14465,1162,1592,14529,3107,-1205,14608,3636,-1086,13436,4502,2159,14012,4846,-2278,12781,5479,-4473,13654,5751,2117,13463,6534,2352,13238,5979,-867,14230,3224,1444,11329,4213,6047,14783,4708,2590,14141,4652,1375,13070,1864,6873,12402,2292,6286,14486,2140,2418
12512,5484,6079,13659,3547,2735,12794,4551,1896,14712,3722,6557,14349,3616,4343,15027,2342,1239,14920,1536,4367,15250,1113,4850,15360,-211,555,14301,620,-1318,14606,1931,2325,14858,2785,1185,14071,4305,-3735,13922,4041,0,13124,5399,1893,14080,5322,-3322,12761,6212,-1740,13648,6337,3182,13497,4875,1618,13053,3870,410,12956,4574,4056,14001,5153,5285,13843,2461,2021,11943,2268,3341,13903,3226,7715,14069,3141,5341,13308,1743,1939,13458,2945,3538,15369,4551,5549,14793,4113,1782,14356,1631,-279,13731,2859,2019,16051,2909,-819,14878,2675,-2705,14112,825,794,13969,2385,731,14913,2572,-3441,13410,2097,-3340,12308,1795,633,13262,3374,305,12831,4204,-1715,12189,3175,2125,11811,4756,4304,13293,6110,42,13334,5942,1103,11828,4290,5970,13253,4028,3804,14208,5081,1678,14251,3483,5185,13977,2480,5839,15376,2829,1843,16100,1843,2662,14624,1035,4758,15091,-544,1514,14591,1617,-1865,15060,1987,1596,14360,2610,2367,13573,3338,-2863,13747,4282,-2057,13457,5479,1880,13834,5631,-1493,12812,6259,-2548,13758,5689,2147,13225,5085,3063
12210,2418,-1001,13232,4367,2564,13162,3557,-107,11655,3445,-273,11659,5129,4145,13838,7141,2765,13192,5021,292,11563,3062,4396,13362,4610,6165,15304,4806,2649,13867,2935,2448,14008,2285,5534,15717,2775,5018,15996,1784,800,14710,-320,1903,14366,346,3490,15531,1824,-1193,14489,2231,-1263,13670,2809,2755,14047,4250,-222,13943,5318,-3860,13416,5144,-733,12989,6591,1333,14444,6496,-1169,12534,5312,-213,12920,3916,4806,13090,5128,4003,14213,4978,264,13379,3199,4695,12223,2761,6807,14762,3045,2441,13733,3376,3391,13317,1585,7863,13131,2597,4259,15453,4286,935,14469,4128,4445,14616,1807,3346,13891,2524,-2075,15926,2459,-2446,14445,3310,1662,14675,970,597,13903,2023,-3390,14280,2331,-1276,13995,2615,155,12947,1921,-3521,12536,2798,-2030,13115,3998,2843,12575,3529,1547,11822,4071,-374,12012,5686,2952,13942,6740,4066,12751,4581,1514,12100,3608,2702,13975,4724,6273,14479,4130,4319,14031,2677,1929,14643,2251,4328,15845,2300,5976,15375,764,562,14887,-467,141,14643,1129,3057,15235,1713,547,14296,2429,-1870,13690,2910,1073
15230,3487,-2896,14648,1987,30,13459,1995,1241,14502,1719,-2572,13724,2930,-4166,13320,1429,448,12481,2267,675,12435,4046,-2693,12828,5240,1659,14085,4982,3619,9828,2510,2303,12789,6701,105,14668,6350,4256,13432,4941,5546,11920,2868,989,14109,3040,4561,14894,4546,7275,15745,2586,1890,14217,1553,1320,15017,370,4470,16031,242,2423,14646,144,-1155,14329,108,-1025,13616,2374,2669,15006,3783,-443,13540,5230,-2696,13831,4898,858,13429,6068,-1189,13386,6912,-3391,13468,6859,2199,13286,6362,4001,13782,4139,910,12051,3724,2400,13621,4737,5089,14458,3886,4552,12950,2222,2004,13117,1475,5510,13745,2598,8387,14109,2162,3097,13577,2574,1759,14016,2961,6144,15099,4421,3652,15583,3422,-1384,14155,2350,-171,14467,2073,194,15134,2963,-2553,15136,2800,-1290,13497,2872,1855,14508,2120,-1236,13618,2644,-4977,13186,2191,-1391,12387,3475,2181,12685,3820,-537,12924,3436,15,10832,3844,5947,12928,6068,1957,13919,5923,-1424,12328,4329,5142,12306,3504,5586,14642,4485,2456,14412,4448,3440,14650,3035,5439,14653,1705,3860,15856,1614,278
13764,3351,4821,15154,3745,1884,13932,3792,3866,15311,2378,4323,14193,3008,-2608,15324,2124,-5205,13871,3426,1659,15416,2281,2005,13924,3234,-2613,13984,1383,-1741,13032,2457,-997,14530,2494,-3061,12345,2991,-1377,12187,4006,2399,13412,3932,3038,12201,2885,605,11056,4763,1310,13624,6947,4274,13506,6266,2606,12748,3177,2114,12754,3604,6209,14760,4590,5633,15579,4445,529,14591,1995,3157,14496,736,5584,15642,620,1033,16005,420,307,14624,509,1658,14261,430,138,13942,2527,-1638,14345,3721,920,13910,5591,1474,13321,4921,-3629,13206,5894,-4172,12933,5889,2695,13218,7497,2921,13596,6953,-541,15045,2408,3611,9634,4760,6305,16508,3957,135,12250,5755,2663,14604,-183,8505,12261,1482,5182,14097,1847,2758,14626,3311,4762,13703,3430,5311,14874,3302,2913,14016,3943,1165,15133,3052,3583,14484,2692,-1514,14608,2014,-5073,14380,3046,802,15175,2662,2633,13709,2712,-2212,13910,1248,-3213,13317,2936,-1034,14211,1978,-630,11837,3334,-1699,12162,4039,1140,13862,4796,4407,11793,2460,1439,11498,6021,-51,14245,6284,3659,13283,6329,4104
13475,4193,4312,15298,5298,4244,13642,2900,3334,12071,-447,4351,12852,1765,8279,15684,3527,4615,13565,3906,337,13741,2288,5391,13919,3784,5357,15960,4043,-281,14091,2985,303,14521,1709,-595,14296,2252,-1966,15644,2881,-1219,13801,3142,1901,14674,1544,233,13121,2661,-4948,14266,2337,-3192,12663,2457,2531,12287,3027,267,12424,4139,-350,12260,6714,3939,14859,4103,4179,10253,4730,-2914,13270,4319,2907,13342,6152,8302,13737,4487,1802,13111,2018,3514,14946,4209,4854,15332,3691,3965,15817,1683,1357,13648,61,2137,16029,238,4989,15313,1501,-496,14579,272,-3488,13091,1894,2859,15096,3452,1414,13957,6042,-3328,13938,4298,-368,12367,5888,-454,14014,5825,-2329,13419,6809,48,12704,5995,3772,14546,3133,3536,11068,3935,811,14629,4812,2379,14353,5031,6782,13361,2046,3484,12286,904,2722,13610,2323,8693,14687,2997,5587,13531,3149,-8,14281,2636,4045,14270,4836,5272,15979,3383,1161,13725,2670,-1314,14793,1835,-983,14632,2547,1,14886,2388,-1934,13948,2420,283,14349,2051,1905,13931,2432,-4668,13316,2098,-4410,12478,2805,2480
13747,4491,-3557,12979,5557,-118,14007,6615,491,13177,6388,-921,12645,5638,1494,14578,3736,5017,11897,3157,3590,13927,4908,-250,14374,4842,5180,13331,2582,7270,12506,985,1541,13580,1816,5662,14200,3495,8030,14419,3349,1018,14077,3053,1264,13814,3976,5413,15873,3627,3115,14479,3085,-1937,14769,1165,-2822,14040,2880,1193,15791,2179,-70,13629,2486,-2307,14184,1739,864,13781,2592,-1009,13735,2483,-5147,12580,2441,57,11656,4304,3303,13334,5021,692,14076,3483,-88,9152,4128,4526,14366,6314,2413,13303,6667,181,13816,3189,4812,11617,3491,6438,15166,3307,3527,14916,4389,2302,14836,2073,4545,14801,1429,4469,15295,1299,89,15978,649,2477,14406,625,3137,14485,596,-2693,13469,2213,-1657,14638,3697,2887,13793,5539,362,13783,4384,-3527,12615,5255,-2127,13868,6351,1304,13570,6427,54,12583,6191,202,14846,3682,4755,11263,2866,4942,14097,4958,-567,14796,4560,3614,13118,3123,8708,12926,872,2715,13442,2058,3501,14095,3555,7560,14382,3245,3050,13923,3349,889,14039,3542,3964,15518,3773,3684,14390,2751,-792,15013,1475,-4285
15548,1781,1746,15732,927,125,14309,230,1795,14475,1172,962,14274,3197,-1384,14341,2965,-841,13299,4931,1860,14093,5035,-1548,13529,5966,-3931,13430,6416,1406,13731,6329,2876,13129,5566,-1634,13860,2614,2504,11078,4411,7388,15114,4768,1235,13593,4441,1190,13504,1712,7073,12370,2173,5825,14507,2490,3366,13827,3315,4235,13560,3362,5455,14709,3099,3234,14432,4377,430,15056,3002,3213,14336,2436,1228,15113,1626,-4273,14480,2543,-313,15013,2465,2364,13928,1960,-1461,13899,1287,-3184,13589,3208,-797,14013,2881,-617,12459,2429,-1899,11639,3557,-259,13420,5357,3638,13816,3315,1453,9547,4089,664,14166,6207,3396,13361,7063,4236,13706,3207,1432,12031,2843,3849,14506,3994,6852,15730,4271,3374,14530,2034,1268,14514,775,5269,15214,1596,3484,16307,1000,-75,14372,588,453,14200,1064,1490,14341,3066,-434,14439,3879,-1816,13411,4611,1363,13771,4783,7,13381,5760,-4776,13528,5779,136,12848,6124,4121,13629,5720,-364,14488,2998,898,10792,4011,6863,15147,4837,2835,13746,4958,843,13712,1684,5566,12040,2097,7029,14482,2146,4303
12631,6130,6266,13499,3353,3572,12690,3560,1286,14431,3412,6085,14873,4214,5493,15022,2434,1508,14830,1107,2735,15185,1928,4724,15895,798,2202,14701,648,-2012,13970,767,1032,14568,2806,2352,14282,4062,-2835,13768,4215,-1288,13260,5448,1710,14024,5989,-2302,13468,5974,-2650,12529,6078,2759,13914,5715,2668,13872,3475,402,11438,2478,3539,13767,5249,5073,15341,5118,3149,13168,2706,2279,12255,1054,6121,13686,2946,7610,14981,3579,2378,13259,3145,2289,13954,3012,6017,14757,4070,2042,15533,3180,-270,13924,2547,1324,14788,1734,-505,14704,2229,-2343,14859,1967,-313,13743,2637,1497,14604,1587,-1759,13313,2713,-4646,13555,2424,-146,12657,3446,1666,12525,3744,-2119,12867,3480,823,12047,4426,4928,12730,5047,1550,12844,6514,-475,12944,5149,5292,13138,4014,5107,13459,3762,1418,14285,3395,4492,14453,3662,6168,15221,2220,2869,14975,1456,1572,15118,1338,4175,15645,594,3272,14606,669,-2168,14175,1102,-468,14666,3129,3300,14240,3826,-1295,13418,4110,-3240,13388,5054,1160,14006,6217,-271,13538,6280,-2901,12806,5938,1284,13733,5082,3632
13423,2918,-2662,12358,3311,2803,12761,4251,181,12986,4288,-1127,12345,3056,4421,11421,6053,3896,14692,6361,-849,12055,5497,2607,12640,2978,6452,13903,4130,3985,14516,3692,2611,14435,2541,4730,14499,2053,5390,15730,1704,1390,15264,994,1220,14957,333,4900,14880,530,-624,14443,1913,-2743,14507,3641,2218,14469,4382,1578,13694,4491,-2925,13466,4550,-2152,13208,6032,1007,13819,6712,-100,13130,6283,-1032,12890,4505,2593,13755,3113,4173,12064,3908,2091,14183,4893,1580,13860,4552,7132,13468,2089,4611,12882,2165,1244,13657,2559,7828,14225,3011,6323,13769,3389,269,14970,3096,3601,14195,4693,4332,15499,2544,950,14196,2368,-2546,14799,1977,-676,14886,2537,1486,14584,2247,-2499,13990,1629,-1461,14051,2400,1237,13588,2041,-3236,12825,2598,-3859,12575,3672,1840,13120,4754,1899,12871,3508,-462,11641,3420,2287,12106,6161,3912,14729,5742,1327,12078,5509,1569,12892,3419,5391,14016,4481,5844,14566,3408,2176,14359,2542,2972,14712,2661,6267,15807,1444,2618,15124,462,290,14676,321,3304,15210,1130,413,14385,1405,-1922,13841,2690,592
15517,3078,-2966,15007,2569,-2224,14198,1601,2850,14137,1585,-565,14538,2455,-3998,13996,2587,-508,12972,2509,-257,12848,2793,-2607,12885,3446,-754,12621,4082,2951,12799,3910,2504,11546,5628,-152,13522,6061,3227,12686,5263,5502,12558,4055,1155,13764,4225,2696,13984,4446,6868,14418,2705,4336,14506,2844,1387,16056,1464,4981,14926,983,4251,15318,-372,-705,14603,932,-311,15258,1860,2863,14494,2193,986,13843,2857,-2398,13415,4252,-92,14135,5694,311,13583,6120,-3759,12552,6272,-888,14051,6784,3454,13439,5298,790,12783,4018,140,12615,4626,5239,14322,5351,5341,14052,2804,1395,11924,1936,4114,14177,2867,7087,14276,3030,4010,13324,1615,3305,13100,2770,5087,15483,3833,5335,14877,3997,1201,14335,2137,115,14157,3160,1819,15921,3195,-1708,14746,2519,-2576,13915,1132,1655,13945,2228,113,14746,2444,-4200,13369,2254,-2365,12343,2252,884,13660,3124,-793,12596,3803,-1438,12456,3224,2831,11667,5090,4047,13232,6179,-418,13067,5497,2265,11712,4860,6392,13867,4192,2558,14059,5047,1813,14036,3446,6254,14173,2723,5367,15485,2796,1560
13204,1712,7693,14301,3738,2005,15489,3584,2349,13700,3090,5777,14491,1501,794,14816,3436,-3946,15485,3081,-675,14515,2670,1753,14206,1901,-1432,14414,2031,-2501,13861,3138,361,13951,1849,-2046,12366,2379,-4135,12980,2962,850,12846,3841,2867,12441,3938,149,11923,4648,1304,12560,6785,4054,14038,5354,2622,11430,4431,1615,13392,3878,4999,14073,5402,5990,14702,3444,2725,13991,2885,2192,15437,2319,5846,15745,931,3282,15271,-233,-1060,14670,162,2076,15532,1232,2105,14622,1471,-1346,13744,1958,118,13548,4025,1704,14315,5279,-2394,13341,5669,-4219,12449,6861,470,14652,7283,2474,12867,6400,-740,12820,4409,1635,12087,5604,6870,14763,4622,2450,12703,4293,1042,14248,1659,6418,12674,2406,5886,14419,1844,2931,13467,1706,5357,13440,3309,7026,15234,3058,3387,14909,4059,756,14496,2170,3222,13991,2403,1152,15328,2973,-4211,15238,3181,-1376,14267,2679,2328,14121,1716,-1587,13878,2321,-3572,13773,2957,-161,13313,1429,48,11858,2484,-2868,12892,3967,-340,12881,6547,4073,15472,2766,830,7664,4168,1761,14479,6107,3292,13225,7649,4902
13238,4665,3168,13848,3622,7266,13638,1729,2822,13548,710,3425,13457,2374,8394,14417,2575,4769,14415,3537,295,14035,2355,5054,14694,3330,5869,15045,3228,-304,14615,2617,-3216,14262,2832,-685,14838,2770,29,14615,3121,-2080,14088,2008,795,13826,2329,73,13634,2265,-5257,13103,2729,-2941,12669,3311,2927,13233,3430,1772,12537,4009,-117,11650,4484,3254,12918,6182,2867,13317,5880,742,12929,4311,3089,12266,3605,6653,14067,4295,4731,14638,4780,1209,14861,3555,4076,14766,1682,5871,15429,379,744,15546,-199,825,15041,711,2706,15168,212,-651,13937,1245,-2224,14280,2385,1802,13821,4290,2399,13788,4872,-3558,13374,5858,-3892,13066,7234,1361,13782,6796,828,12280,6653,-781,14684,4238,4354,10805,5398,5759,14397,4742,-134,13114,3798,3381,13951,2575,8006,13739,1193,4822,13558,2023,1832,13918,1911,6265,13838,3253,5476,15195,3583,2080,14012,3354,3600,15015,2260,4897,14139,3019,-1636,15413,2718,-5879,13961,3481,587,15358,2590,2540,14194,3383,-2195,13938,1718,-2083,13067,2099,-729,14377,2444,-2826,12565,3064,-1938,12257,4023,1965
13501,5990,-4619,12702,7369,1920,13623,7693,4011,15022,4165,809,9873,3862,3285,14965,4776,4154,13951,5223,3644,13927,1743,2628,12280,389,5305,13492,2085,8444,15675,2441,3458,12788,3051,841,14474,1919,7153,14325,4118,4530,15848,3152,-636,13945,2952,-129,14804,2359,-1429,14665,3185,-2104,15141,2659,-595,13708,3566,1911,14682,1916,-470,13251,2115,-5507,13203,1809,-2217,12988,2559,3022,12707,4537,-902,12664,4491,233,14672,3620,4734,8828,4617,2510,13907,5643,-1578,12745,6460,5079,14590,3788,6283,12184,3605,2382,13628,3642,2967,15879,4715,5800,14900,2851,3584,14991,373,826,14558,619,2326,16560,536,4597,14779,833,-1974,14123,-60,-2438,13508,2813,2967,15014,2988,1013,13341,5191,-3247,13668,4897,-439,13394,6916,-448,13348,5305,-2079,11847,6844,1001,14639,7591,3961,14014,3413,2981,10628,3858,1240,15533,4185,3123,13257,5758,6781,14173,246,3291,11943,611,3420,13705,2521,8926,15423,3818,3764,13635,3501,306,13953,2172,5767,14512,4028,4778,15664,3515,-225,14661,2402,-2546,13559,1987,-393,14954,2949,-294,15098,3271,-1553
[row took 88912us]
14721,768,502,14436,2003,-1873,14104,2506,403,13432,4695,1839,13867,4857,-2868,13300,5967,-4392,13285,6864,1876,13855,6199,2384,12606,5543,-1619,13744,3797,3087,11654,5388,6035,14973,4996,574,13680,4167,2064,13534,1991,7884,12799,1498,5256,14139,1652,2672,13505,2576,5167,13972,3496,5847,14909,3384,2392,14196,3648,1987,14838,2841,3840,14372,2703,-274,15234,2595,-5183,14306,2749,820,14741,2175,2573,13957,2221,-1995,14034,1565,-2731,13488,2723,-666,14334,2520,-1464,12263,2587,-1851,12368,3515,984,12757,5782,3691,15143,3657,-153,8519,3825,1450,13581,6348,4591,14155,6271,3464,13855,4316,1791,11633,2633,4683,14250,3558,6260,15792,5072,2362,15132,2742,1344,14002,901,5851,14985,120,2705,16494,851,-296,14454,599,1706,14415,459,513,13703,2227,-1452,14749,3526,-235,13572,5645,1216,14099,4606,-1342,12856,5846,-4948,13462,6658,441,13368,6978,4231,13353,5729,-551,13695,2626,2047,11331,5280,6701,15814,4514,1201,12762,4813,1394,13579,366,7001,12528,2280,6832,14519,2154,3993,13994,2879,3099,13431,3459,4944,14758,3151,3823
13621,2470,5591,14469,3380,4242,16557,2919,1466,14557,1205,3061,15568,96,4561,14563,-372,850,15575,952,-2422,14067,1920,1804,14150,2209,1933,13847,4204,-3660,14179,4867,-271,13175,6109,976,13803,5321,-2906,12537,6080,-1220,13050,7283,3639,14455,6395,2141,13183,1904,680,11059,4307,4679,15644,4629,5116,13363,5020,2952,13365,-46,3021,12406,1481,7187,14273,2698,6779,14772,3920,1021,13833,3179,3502,14306,3160,6157,15005,3714,-645,15072,2653,-559,14387,2571,663,14520,1741,-784,14628,2844,-1695,14563,2292,113,14333,2840,-66,13222,1613,-3100,13441,1982,-3904,13092,3105,2063,12880,3422,1670,12317,4408,-2669,13922,2861,3114,10281,5261,5225,14290,6227,-1198,12308,6297,1614,13622,3855,6723,12609,4133,3953,14445,3957,2042,14367,3778,4819,14645,2741,5695,15193,1574,2276,15036,1130,636,15524,652,4619,15062,409,1463,14801,565,-3527,13892,2309,1662,14676,3222,2747,13677,4688,-2530,13690,4150,-2450,13029,6071,623,14422,6075,-925,12809,6464,-1434,12974,5866,2191,14169,4760,4316,12192,3552,2013,13542,4899,1426,14345,4605,6358
12501,2851,1098,10641,5591,3611,14865,6245,2517,12139,6726,958,13339,2282,3920,12536,4355,6833,15249,4214,3661,14718,3960,1489,14392,1888,5228,15215,867,4927,15260,1499,-431,15665,121,2500,14555,623,2056,14465,645,-1803,13865,2573,-1205,14354,3655,2316,14281,4819,486,13102,4884,-4071,13388,5561,-2444,13424,7278,2521,13984,6023,308,12425,5820,-762,14089,3395,5492,12084,4469,4337,14574,5011,-864,13537,3648,4870,12830,1969,7780,13705,1965,2985,14040,2389,3823,13122,2996,6585,14361,2587,4099,14433,3657,1088,14483,3348,3638,14774,2974,4044,14814,2987,-2168,15228,2148,-4111,14080,2898,1974,15266,1881,804,14045,2910,-2676,14542,1964,-643,13107,2687,-583,13735,2073,-3519,12291,2950,-1158,12383,4674,2615,13893,4139,2112,11311,3258,601,11741,5159,2003,14108,7058,3871,13112,5641,2414,12128,2568,2423,13215,3716,6499,15086,4535,4886,15102,3531,827,14245,1564,4036,15167,1448,5705,16012,1658,605,15350,381,884,14407,602,1436,14427,844,24,13977,2586,-1898,13767,3473,762,14137,4951,1835,13393,5330,-3817,13234,5823,-3881
14346,1474,-1407,13597,2541,-4449,13892,2231,-789,12701,2990,682,12844,3442,-1924,13099,3846,1087,12598,3629,4278,11438,4597,926,13325,6086,-457,12983,6119,4996,12986,4849,5490,13178,3744,1157,13883,3694,4247,14577,4360,6397,14929,3081,2722,15020,1173,2124,14902,1139,4468,15999,771,3240,14911,447,-1817,14493,237,-998,13975,2148,3155,14673,2906,-234,13831,3791,-2347,13479,4690,739,13531,5942,-1365,13722,6154,-3137,12699,5944,793,13092,7017,3752,14516,4451,956,11721,3206,1205,13305,5014,5404,15294,5243,4655,13320,3662,2305,12585,572,4599,13391,1909,7769,14436,2572,3932,13798,2956,1374,13962,3340,5936,14617,3703,4939,15106,3249,-560,13854,2019,294,14855,2518,-399,14959,2933,-1827,14976,2655,-958,13768,2212,1816,14526,1562,-408,13481,2677,-5212,14064,2860,-2074,12862,3253,2531,12442,3285,-651,12361,4381,-1045,13633,3693,4630,11135,4669,3508,13387,6210,-1530,12684,5487,3274,13031,4141,6586,13233,4077,2507,14399,3966,2883,13943,3477,5919,15059,2126,3926,15004,1974,1525,15206,1025,2913,15469,398,4540,14722,77,-901
14050,3653,6104,14601,1637,277,14964,3209,-3596,15291,3118,15,14691,2266,1380,13941,1768,-2008,14508,1878,-1072,14009,3185,610,13884,1961,-3491,12349,2360,-3929,12953,3570,1789,13262,4261,2678,12113,3543,-128,11640,4122,1934,13007,7076,4068,14139,5685,1356,11344,3945,1723,13011,3722,5925,14831,5293,5466,14337,3598,2079,13947,2136,2823,15175,2467,6107,16183,1459,2776,15133,350,-432,14554,107,2796,15369,1149,1123,14483,1723,-2045,13726,1747,874,13556,4166,2045,14477,5204,-2583,13187,5717,-4031,12697,6178,539,14595,6748,1934,12829,6122,-1022,12816,4050,2153,12433,5192,5931,14603,5214,1822,13778,3670,1479,12132,2206,6959,14026,2441,5743,14145,3156,1922,13563,1190,5810,12766,2189,6542,15364,3842,2269,14964,4132,2348,14204,2763,3899,14046,2247,669,15577,3229,-3891,14851,2862,-1065,14358,1787,2756,14005,1886,-1408,14455,2354,-3352,13953,2898,-30,13413,2170,-1567,12456,2771,-3118,13124,3255,985,12428,3994,3288,12647,3599,1209,11708,5748,101,13732,6545,4040,12899,5192,4254,12223,4142,1039,13876,4305,4656,14114,4910,6699
13972,1905,4269,13820,2814,7524,13914,1228,4683,13155,2265,1723,15033,3452,5025,14575,3847,6584,14764,2246,-402,13895,2660,-2019,15464,3329,598,14709,3045,-1326,14447,1526,-1656,13800,2045,1389,14500,3022,-248,14073,2794,-4763,12815,1963,-3116,12777,3332,1642,13650,3405,645,11900,3663,-605,12485,3610,3971,12091,6928,3773,14271,5817,-799,11379,4605,3126,13011,4240,6638,14311,5298,3161,14020,4074,2330,13886,2239,5360,14587,2561,5121,16474,1700,1419,14876,424,1277,15096,-391,3636,15097,810,-515,15060,994,-2414,13638,1484,2961,13966,2606,2001,13961,5087,-3979,13808,5396,-2308,12830,6905,585,14116,7083,-1382,12994,6592,-502,12782,4996,3939,12914,5080,4265,13616,5615,527,13728,4285,3702,12765,2889,7050,13858,2005,3463,14025,2149,2666,13216,1505,7054,13368,1532,6102,14835,3724,1102,14904,3564,4519,14452,2945,5417,14340,2345,-1298,15226,3288,-4076,15082,3278,285,14559,2134,1449,13842,2013,-1987,14276,2285,-1034,13979,3268,-32,13798,1929,-3968,12277,2711,-3074,13327,3351,2480,12776,3717,2432,12113,3780,32,11821,5168,2432
13199,5110,753,12196,3772,3137,13041,5468,5584,15204,4578,2938,13082,2627,1984,12802,564,6372,13812,1596,7865,14291,1936,2847,13801,2105,2288,13662,2850,6922,15283,3432,4514,15129,3663,-906,14484,2651,-60,14662,1929,-761,14700,3085,-3722,15204,2847,-491,13609,3530,2930,14226,2369,-1534,13824,2682,-5074,13134,2612,-1403,12895,3050,1522,12571,3469,-793,13026,3260,889,11060,4174,6183,13040,6140,1518,13705,5939,-1348,12304,4633,5638,12403,3586,5337,14306,4450,2455,14123,4444,4143,14688,2995,5712,14503,1739,3097,15816,1175,-74,15954,1456,2716,15194,-413,3696,14660,-161,-3125,14708,993,-1229,14249,2493,3548,13705,2738,-815,12959,4670,-2560,13751,6380,63,13745,7539,-1345,13401,6416,-2477,12332,5660,1234,13010,5484,4797,13404,5016,3898,12840,5470,625,14268,4366,5185,13067,3261,6498,13675,539,1691,13395,1271,5135,14127,2120,8355,14616,2802,2343,14118,2960,1849,14237,2902,6693,15064,3476,3779,14944,2909,-2813,14348,1812,-3463,14224,2909,435,15147,3122,-588,14002,3079,-1347,13556,2133,1258,13914,2713,-2104,13847,2949,-5401
13803,5348,948,13190,5830,-5110,13394,5906,-2929,12345,7497,3775,14204,7629,2312,14319,3966,737,9530,4537,5741,15683,5083,3566,13494,5737,1218,14277,261,4446,11483,582,7499,14258,973,5736,14963,3216,1491,13743,2922,4040,14317,3064,7519,14500,3996,1773,15438,2525,624,13987,2849,518,14724,2047,-3611,14456,3582,-2700,15153,2826,2087,13478,3250,1606,14085,1828,-3188,13645,2663,-4531,13609,2454,218,12919,2269,767,11786,4279,-1678,14052,3916,3287,11777,3053,5502,11542,6099,-746,14726,5691,540,12597,6626,6078,13063,3146,3647,12936,3633,3099,13961,4532,5493,15882,4112,4947,14207,2235,1163,15015,-30,1936,15218,1337,3657,16084,-418,2298,14444,-113,-3612,13888,419,419,14878,2810,2881,13982,4128,-1804,13713,4116,-868,12810,5867,938,14327,5646,-3611,12352,6516,-2248,12966,7623,3526,15234,6336,3549,11088,3380,1953,12965,4941,2722,15130,5361,4766,13690,3588,4523,12605,-418,2061,13038,836,7177,14934,2857,7265,13944,3443,263,13834,1666,3728,13779,3580,7714,16003,3673,1719,14437,2880,-1920,14543,1772,-2063,14292,2999,-369
15623,-65,3452,15393,1040,1401,14123,429,-2420,13589,2274,-759,14433,4152,2369,14533,5192,103,12601,5149,-4281,13330,5493,-2145,13611,7678,2677,13795,6622,-308,12392,4499,741,12363,4052,6680,14254,5418,2702,14379,4958,-860,12914,2841,6195,13055,1262,6915,13696,1337,3464,13795,2426,4941,13676,2953,6019,14377,2929,3102,14393,3634,1603,14920,3751,3715,14878,3165,3584,14778,2345,-4062,14481,2042,-3600,14493,3035,2839,14761,2721,224,14299,2611,-2295,13858,2340,-615,13719,2480,-1741,13138,2123,-3110,12056,3219,-507,13280,4437,3897,13239,3216,2905,10569,4290,-685,13575,5883,2022,13239,7336,4834,13596,3969,1302,11780,2882,3596,13715,4495,7849,15524,4920,3448,14574,3390,552,14647,838,4665,15183,1206,4477,16457,548,467,14684,103,-30,14355,488,1752,14914,1585,367,14084,2545,-2004,13302,3918,1116,14045,4902,896,13378,5818,-4901,13498,6477,-2702,12765,6918,4196,13968,5712,866,12911,4585,-328,12116,4003,5692,13986,5880,4105,14960,4265,279,12567,2328,4593,12763,1026,7445,14217,1694,5053,13814,2835,2534,13664,2838,4873
12045,3556,1389,14546,3831,4956,15539,4743,6249,14937,2519,1196,14640,688,1897,14876,895,4553,16204,586,3065,14570,559,-1800,14095,523,-899,14036,2866,2482,14930,3763,-784,13383,4863,-2434,13470,4262,1402,13220,5516,-2024,13570,6214,-3626,12738,6952,2868,13467,7238,3987,14994,3033,384,9885,3603,2879,15407,5188,4459,14117,4762,3835,13217,1213,2909,12188,809,5715,13713,2971,8162,15162,3321,2564,13537,3108,528,14085,3419,7069,14957,3742,3487,15160,3141,-1097,14066,1964,251,14702,2440,-761,14776,2889,-1863,14764,1758,-407,13470,3036,1400,14650,1700,-1378,13685,2663,-5508,13187,1869,-626,12800,3391,3189,12537,4027,-1318,12880,3627,518,11803,4569,4950,13130,6214,688,13569,4866,-473,11262,4651,4778,13830,4510,6269,14184,5304,2732,14147,3206,3069,13790,2946,5648,15623,2986,3460,15760,1972,1044,15106,421,3207,14447,-880,4455,15028,351,-1647,14668,1757,-1592,14260,3017,3466,14103,3506,-811,13674,4883,-3393,13424,5193,440,13533,5711,-20,13198,5303,-2052,12512,6884,630,13741,7193,3828,15205,3060,1749,9475,3080,1872
13036,5184,1359,13448,3948,-302,10690,3205,3050,12822,6683,3869,14340,5966,287,12196,4722,1981,12350,2541,6413,14307,4425,5716,14943,4742,1742,14929,2658,3216,14139,2035,5828,15711,993,1510,15466,800,815,14478,-17,4313,14648,590,-148,14266,2079,-2806,14485,3563,1084,13950,4988,2194,14130,4161,-2193,12799,4841,-3695,13611,5916,891,13927,6236,1704,12515,6331,-1590,13894,4738,2454,12755,4062,6354,13489,4534,990,14643,4068,926,12524,3828,7514,13540,903,5366,13095,2515,2549,14168,3006,6776,14014,3802,5504,13933,3148,1353,14461,3134,2124,14673,3845,4428,14675,2172,2072,14516,2078,-4028,14754,2290,-770,15075,3533,2230,14654,2172,-2113,14063,1797,-1988,13807,2062,516,13853,2541,-2704,13046,2063,-2916,11931,3539,1434,13015,5486,2388,13982,4135,385,10405,3358,1313,12822,6254,3714,14082,6219,2517,12673,4463,1329,12012,2316,5314,14198,4524,6598,15419,4637,1948,14677,2763,1851,14213,1519,6017,15596,1002,3058,15819,826,277,14462,-108,2752,14592,734,836,14573,2245,-1752,14493,3616,-568,13591,5236,2363,14494,3907,-984
14641,2947,1754,14464,2061,346,14155,2110,-3048,14030,2084,-2039,13307,2494,-108,13037,2211,-982,12289,3769,-1373,13006,4606,2614,13049,4668,3032,11753,4211,-512,12456,5567,1751,13135,6003,5632,13338,4424,2823,12345,3232,2344,14071,3853,6552,14876,4526,4388,15238,3194,932,14710,1179,3975,15053,1006,5289,15918,396,939,14699,91,-631,14093,1109,1318,15031,2606,1109,14363,4222,-1897,13556,4011,-257,13553,4555,1104,13529,5226,-3471,13098,6011,-2390,13257,6900,3588,13889,5446,1914,12826,4667,-243,13090,4184,3458,13486,5104,4773,14348,3246,2376,12508,2396,3172,13121,1784,7447,14022,2935,6013,14146,3555,1759,13580,3445,4207,14192,3346,5667,14609,3821,1651,14896,2855,1052,14040,2733,2027,14836,1777,-1007,14671,2652,-2824,14780,2539,504,14341,2230,1462,14230,1838,-3023,13751,2117,-3789,13396,2289,743,12738,2752,8,12394,3948,-1673,13460,3980,2039,12186,4572,3485,12148,5045,-261,13160,5877,697,12711,5582,6103,12987,3790,4282,13023,3699,1448,14184,3926,5415,14755,4452,5427,14938,2712,1690,14814,815,2854,15210,1065,5223
13040,3094,630,14444,2777,5963,14613,4352,3932,15517,2728,-614,13879,1927,-149,14737,2574,530,15316,2803,-1266,14576,2831,-2266,14100,2053,1122,14630,2156,109,13440,2362,-5213,13188,1614,-1611,12107,3623,2750,13577,4373,-261,12476,4126,-549,11971,3783,3982,12462,5757,2467,14208,5473,-455,11641,4832,3543,12886,3408,6547,13941,4912,3319,14666,4128,2328,13961,3606,5190,15094,2439,4706,15440,1807,1328,15205,253,2750,14675,31,4032,15006,756,-1369,14588,1575,-1653,14076,3004,3067,14619,4045,119,13859,4628,-3304,13304,4281,-724,13128,5862,697,13712,6393,-1519,13331,5882,-559,12958,5014,3866,13927,4764,3478,13039,5069,-87,13970,3831,4123,12932,3114,6886,13352,2380,2911,13882,3197,3850,13425,2703,7213,13373,1839,5089,13754,3923,505,15622,3631,3681,13742,3665,5934,14775,1396,-271,14329,2832,-2263,15430,3241,1272,14878,2530,23,14201,1666,-2406,14200,1703,-243,14355,2933,191,13973,1940,-3760,12314,1974,-3025,12867,3766,2133,13329,4228,1505,12027,4131,-846,12211,3962,2863,12335,7022,3994,14497,5195,393,11060,3922,2300
14849,4782,2300,13437,3231,1598,12111,1753,7060,13922,2710,5932,14329,3169,1773,13288,1578,5407,12990,2570,6519,15275,3759,2361,14796,3953,1980,14277,2257,3297,13948,2407,760,15788,3336,-3631,14834,2950,-824,14391,1852,2822,14082,1916,-1938,14581,2505,-3978,13808,2414,105,13152,1876,-814,12495,2913,-2776,12942,3528,629,12387,4504,3329,12684,4110,924,11762,5622,-180,13660,5810,4386,12552,4485,4698,12314,4035,1113,14065,4417,4271,14087,4962,6550,14569,3032,2972,14723,2631,1654,15646,1600,5666,15177,260,3430,15133,-137,-1339,14667,832,718,15161,1616,2542,14138,2231,2,13922,2651,-1709,13523,4892,541,14132,5373,-987,12985,5463,-4086,12684,6663,378,14355,6846,3625,12963,5582,148,13137,4638,499,12692,5470,5854,14883,4568,4287,12932,2416,1258,12520,1542,5828,14132,3478,6906,14366,2791,3191,12980,1814,3714,13504,3107,5604,15931,3688,4334,14182,3389,895,14273,1514,947,14281,3362,1551,15938,3324,-2769,14635,2295,-1764,13816,1497,2295,14291,2371,-1349,14639,2703,-4465,13264,1776,-1188,12195,2672,611,14026,3260,-1249
12492,6308,708,13985,6791,-959,13254,6867,-615,13378,5465,3470,12162,5174,4981,14193,5005,520,13521,4425,2103,13620,2906,8207,13609,1825,3429,12811,2133,2230,14349,1694,8245,12887,3265,5860,15534,2535,1286,14129,4133,3373,15044,2602,5427,13740,2209,207,14977,2086,-3799,14947,4149,-237,15253,3175,1811,14012,2068,-2769,13693,1616,-1756,14083,3085,1121,13945,1806,-2990,12185,1347,-3410,12369,3214,2111,13597,6069,2408,13196,5482,-1038,11723,1488,2526,11215,7011,5035,15925,5753,645,11552,6396,2617,12216,2010,5783,14077,4318,5577,14887,5161,2360,15765,2752,2635,13419,2052,5258,16026,-246,2177,15373,479,-598,14761,-144,3969,14782,137,114,13859,1507,-2852,14648,3057,615,13715,4954,2257,14130,4339,-2341,12743,5582,-3908,13291,7313,473,14475,7505,1964,12859,6766,-852,13377,4248,2795,11744,5126,6471,14840,4568,1067,13760,3849,1188,12669,1512,7937,13113,1893,5969,14524,2328,2678,13439,2226,5732,13581,2491,5796,14724,2913,2066,14472,3528,2536,14823,3004,4231,14310,2790,563,15200,2279,-4538,14608,3255,-1855,15290,3455,2027
14632,281,-1418,13875,2030,2592,14583,2390,214,13310,4412,-2586,14032,5023,250,13527,6859,-741,13793,5934,-3992,11965,6639,726,13391,6741,4857,14851,4431,2154,10702,5254,1077,14706,4317,4209,13080,4800,6047,14253,1433,2537,12935,399,4797,13328,2481,7595,14932,2254,3832,13541,3546,690,14482,3525,6286,14592,3475,6100,15156,2338,-200,14224,2310,-2705,14699,3156,-818,14706,3450,-349,15126,2487,-1060,13655,3332,1148,14332,1794,-502,13319,2126,-5712,13890,2379,-2500,12462,3764,3387,13272,4137,350,12401,3291,-116,11951,2980,4446,12047,6659,2170,14754,6455,-298,11489,4721,4133,12248,2677,6616,13996,4486,3412,14711,5218,2294,14958,3866,4616,14581,2522,4589,15442,593,743,15245,377,2002,15544,-67,4446,14915,127,-1510,14226,573,-2589,13816,2772,2607,14780,3814,1523,13479,5213,-3212,13318,4690,-1919,13228,6575,-1,13491,5935,-1076,12239,7348,30,14272,6844,4451,13594,3303,4384,11039,4794,503,15894,3749,2143,12699,5466,7554,14222,-720,3998,11995,1204,2909,14214,2354,8190,14936,3744,4631,14001,3510,369,14357,2501,5150
16188,5105,1532,14706,2680,1831,14433,751,5750,15109,588,2014,16631,610,-126,14132,323,2047,14783,308,427,13739,2669,-1803,14418,2080,-117,12874,5496,1819,14808,4850,-1264,12932,6288,-5348,12755,5521,554,12976,6183,4214,13897,7619,-1390,14885,3702,2426,10220,4481,6783,15527,4175,620,13326,5498,1704,14266,841,7408,11721,1340,6676,14230,1895,3501,14637,3644,3494,13849,3201,5289,14140,2492,4004,14273,3409,1164,15381,3114,3487,14206,2979,673,14546,1893,-4885,14310,2687,-822,15262,3351,2816,14250,2785,-884,14067,1592,-3595,13351,2605,-1579,14444,2416,-273,12086,2687,-1204,12336,3267,693,12400,5451,4263,13506,6661,1320,13528,3576,58,9999,4682,1371,14716,4949,6695,13592,5623,2290,13194,3241,3279,12097,3356,7536,16922,3788,1460,14634,3444,1044,15113,287,5312,14166,350,3336,16327,229,250,14954,1093,-952,13999,756,1588,14133,2187,8,14403,3531,-2604,13826,5137,1384,13329,4835,559,13311,5558,-5389,12956,6579,-49,13845,7252,4180,13357,5208,441,12754,3163,1619,12653,5449,4951,15303,4965,3094,12730,3614,2120
14424,3191,3688,9599,5568,954,14415,5164,852,12389,6887,6630,14279,2805,4362,12666,3362,944,14051,3936,5158,16585,4455,5767,14369,2513,1127,14764,-941,2561,14338,997,4106,16529,559,1972,14387,1109,-3040,13672,751,-85,14226,3507,2755,14511,4522,-1891,13607,4699,-2353,12865,5201,994,14339,5817,-2286,12754,6732,-1961,12895,6321,3613,14255,5503,3458,12999,2871,1144,12396,4854,2402,15076,5162,4834,13545,3508,5007,12481,262,2390,13052,1184,6470,14146,3449,7882,14650,3608,619,13658,3223,1655,14041,3304,7244,15190,3218,2494,14747,2807,-1109,14533,2300,-849,14564,2506,-463,14887,3049,-1481,14562,2247,-179,13829,2573,1566,14100,1847,-2168,13378,2213,-5231,13364,2303,581,12021,3833,2768,12640,4645,-850,13911,4354,1283,10695,4049,4933,13079,6118,660,13555,5857,-159,13155,4550,6521,11998,3089,5804,14538,3789,1863,14412,4513,3753,15427,3168,5373,14414,1868,2791,15433,274,807,15299,782,3824,15095,225,3210,14807,735,-3761,13796,1518,-622,14403,3413,3405,13973,4734,-918,13886,4447,-3031,12743,5091,-148,14084,5736,-1016
14154,1838,-1364,13174,1963,701,13770,2086,-3621,12677,2350,-1056,12052,4524,2963,13889,5238,474,13153,3479,-1,10268,4277,3526,14390,6655,3126,13105,6315,1475,13099,2848,3153,11882,3709,6112,15200,4359,4503,14762,4445,1617,14400,2017,4215,14545,1644,5788,15618,1491,454,15750,-15,1391,14207,190,3486,14761,796,-1006,14332,3254,-1539,14560,3237,1390,13573,4992,1072,14128,4469,-3467,13331,5394,-2786,13294,6398,2166,14040,6359,1140,12579,6075,-1699,13893,3665,3692,11865,4494,6111,14511,4681,-110,13920,3617,2828,12755,2543,7998,13133,1594,3970,13796,2544,3004,13901,3070,6531,13975,3278,4705,14779,3365,1533,14260,3825,2331,15096,3024,4167,14269,2361,121,15154,1905,-3986,14407,3039,964,15345,2590,1410,13688,2451,-2879,14105,1242,-1731,13338,2948,167,14101,1895,-2478,12176,2338,-1935,12178,3858,1526,13456,5433,2525,13178,3351,150,10309,4204,1833,14148,6531,4138,13413,6121,2352,13005,3121,1804,12239,3066,5765,14889,4608,6023,15254,4559,1750,14686,2157,2545,14433,1331,5999,15492,1254,1736,15834,301,559,14025,364,2408
14925,4007,348,14745,2535,2845,14135,2602,2280,15062,2210,-3407,14793,2651,-1588,14557,2797,1930,14700,1966,-634,14147,2398,-3411,13684,1852,-1566,13139,2127,434,12866,2535,-1269,12062,3998,-1063,13063,4880,3037,13217,4136,2427,10925,4997,-420,13702,5787,2557,12802,5859,5977,13262,3168,2311,12405,3461,2506,14762,4511,7007,15286,4543,3851,14826,2354,790,14593,855,4434,15320,1267,4300,15842,345,784,14328,389,-417,14271,1347,1840,14581,2779,568,14193,3689,-2598,13594,4319,145,13800,5096,627,13415,5361,-4061,13136,5644,-1075,13086,6667,4225,13984,5962,845,13593,3954,-172,12145,3396,4956,14060,5476,4578,14944,3972,1563,12545,1811,4183,12246,1497,7531,14581,2921,5113,14152,3902,2229,13569,3046,4474,14329,3343,5036,14653,3912,1073,14989,2292,1374,13701,2688,2419,15342,2121,-2029,14857,2654,-2438,14687,2398,1094,14287,2241,565,14156,2058,-3225,13690,2094,-3020,13051,2412,1002,12919,2955,159,12531,4082,-2074,12910,4325,2288,12784,4760,3554,12328,4843,-294,12301,5772,1414,13120,5003,6398,13031,4176,3507,13017,3629,1652
[row took 89314us]
14687,4631,5053,13161,1731,2052,12079,961,5105,13677,2441,7715,14787,3623,2991,13764,3617,1478,14349,3552,5667,14548,3758,3307,14909,1902,-475,13763,1754,152,14947,2805,261,15359,3437,-1484,14782,2381,-1505,13705,1886,1312,14211,1685,-1477,13699,2407,-4699,13364,2398,-317,12459,3386,2749,12659,4028,-1611,12763,4491,-349,12658,4177,5095,12250,5925,2060,13857,5653,-969,11583,4371,4810,13071,3106,6437,13420,4446,2243,15117,3979,3040,14039,3784,5865,15205,1992,3642,15072,1909,1032,15542,672,3480,14925,-117,4464,14606,200,-2181,14426,1834,-1625,14729,4133,3120,14628,4340,-386,13608,4080,-3136,13420,4330,-267,13309,5537,132,13286,6479,-1772,13216,6391,848,13351,4924,3408,13420,3464,2034,12449,4767,1291,14338,4862,3997,13743,3532,6598,12696,1364,2635,13157,1940,3635,13810,3733,8716,14669,3175,3664,13434,3595,345,14896,3277,5265,14465,4124,4050,14951,2052,-389,13973,1722,-1133,14674,2678,810,15328,2795,-429,14387,2539,-2843,14058,1869,596,14403,2293,237,13377,1715,-4891,12685,1759,-1673,12344,3943,2877,13761,4396,164
12725,5738,1577,14358,6343,1355,12697,5957,-1355,13185,4567,2447,12942,5533,5294,14394,4919,1187,13440,3680,2200,12391,1883,7347,13569,2676,4978,14496,3554,1889,13557,2018,6329,12901,2543,6412,14962,4233,1181,15390,4118,2390,13982,2471,4445,13877,1457,483,15120,3067,-3237,15321,2948,113,14494,1850,2382,13875,1616,-2536,14664,2476,-3369,14095,2839,535,13319,1494,-1437,11855,2651,-3052,13366,3232,1545,12477,4805,2717,12794,3897,-81,11677,5428,353,13490,6637,4373,13552,4825,3643,11678,3576,1658,13295,3819,5118,14645,5117,6020,14561,3280,2427,14203,2459,2061,15523,2261,5969,15602,776,3123,14975,-537,-896,14269,517,2010,15531,1770,2289,14360,2569,-753,14000,2220,-621,13306,4646,853,14726,5155,-2072,13163,5314,-4005,12374,5791,952,14600,6567,3082,12886,6117,-845,13525,4323,1084,12437,5643,5994,14877,4943,2757,13503,3094,1280,12135,1356,6715,13453,2908,6359,14625,3212,2120,13155,2005,4788,13100,2728,6199,15396,4069,2936,15019,4045,1660,14290,1725,2466,13734,2253,1330,15971,3029,-3192,14686,2759,-818,14335,1746,2557
15329,1150,-1880,13752,2237,2949,14647,2307,1947,13734,4333,-3826,13987,4840,-1419,13097,5880,828,13487,6212,-2730,13511,6674,-437,13007,6056,4289,13330,5316,2536,13244,5512,-199,13655,4794,4055,13916,3294,6624,12531,1352,2691,13470,1916,3633,14231,3022,7377,13683,2088,5658,13364,3180,1676,15070,3544,3800,14481,3876,6013,14782,1783,203,14033,2570,-2458,15212,3721,1292,15104,3074,-51,14401,1857,-2142,13857,1668,-11,14709,2871,-75,14338,2062,-4121,12353,1568,-3245,12629,3293,1760,13516,3856,1529,11942,4207,-952,12502,3930,2666,11830,6779,4047,14530,5430,-133,11349,3908,2484,12323,3869,6919,14539,5400,3839,14157,5200,1954,14141,2845,4591,14622,2672,5225,16578,1244,2093,14748,-360,752,14864,-671,3656,15002,803,509,15270,1642,-2317,13645,2066,2359,14049,3206,2096,14061,5074,-4193,13796,4954,-3053,12451,6281,1033,14154,6902,90,13127,6892,-589,13241,5341,2991,11981,5182,5194,14521,4896,412,13246,4337,1767,13625,2272,8328,13076,2110,4015,13296,2379,2158,14465,2123,7793,12769,3175,6371,15524,2309,1382,14242,4167,2521
15980,3880,1741,13990,1381,687,15185,198,5321,15857,1008,3049,15380,115,48,14332,27,-156,14675,1969,1410,14854,2654,-730,13621,2838,-2202,13195,4050,1858,13997,5165,-409,13072,6819,-5320,13070,6791,467,13196,6734,3957,13214,5749,198,13404,4266,2091,12332,5368,5329,15042,3659,3610,12626,3230,1974,13367,664,5905,13315,2924,8514,15000,2799,3643,13440,2991,1857,14119,2594,5134,14529,2727,4586,14957,3059,1169,14300,2659,1872,14492,2940,164,14948,2984,-3754,14597,3222,-1974,14381,2369,2337,14087,1745,-58,13808,1968,-4741,13496,2471,-1979,12804,3490,1232,13262,3424,-527,12596,4280,116,12779,4273,3935,12361,5454,2395,13070,5199,-1035,12008,4668,3820,12811,4656,6761,13570,4426,2436,14013,4679,2892,14193,4620,5794,15246,3012,3209,15093,921,1294,14869,-456,3913,15190,33,3782,15172,720,-1183,14827,834,-1820,14020,2462,2272,14630,2128,410,13367,4127,-2720,13941,4463,0,13219,6597,-236,13666,6484,-3581,12286,7252,311,13516,7416,4698,15055,4492,1988,10597,4073,914,14260,3839,3999,13350,4115,6642,14057,1716,2864
12231,6361,3852,14656,5369,704,12061,5400,2972,12180,2776,6317,14365,5049,5584,14955,5290,1228,15312,2457,2293,13627,1405,6112,15738,68,1939,15410,685,272,14684,28,4613,14922,416,-642,14326,2037,-3370,14637,3022,1071,13622,4349,2295,14078,3871,-1889,12688,5284,-3673,13192,6325,392,13822,6641,1901,12813,7953,-1371,15057,5260,2453,11253,3263,6477,13462,4063,771,15067,3884,1035,12819,3555,8431,12948,866,5586,13538,2628,2056,14477,3384,6034,13800,3019,5300,13997,1913,1870,13985,2807,3203,15245,3462,4582,14359,3011,1553,15012,2325,-5258,14166,3236,-1254,15906,3308,2265,14067,2757,-1932,14076,1136,-2108,13440,1954,616,13457,2137,-2303,12554,2114,-2163,12681,4284,1715,13168,6210,2686,13206,4668,-618,11248,2176,1325,12273,6117,4580,14874,5057,3257,11889,5942,2455,12501,2581,4372,14556,4860,6255,15589,4942,1522,15092,2281,1626,13857,877,6289,15537,-117,3240,15884,1381,-528,14594,383,2671,14770,1172,282,14202,2721,-2371,14377,2102,-213,12888,4679,2192,14863,4145,-700,12474,6209,-4658,13113,5981,-124,13207,6461,4262
13636,1918,-2721,13070,2857,198,12963,3198,-559,12452,5049,-1318,13769,4271,3153,11716,3620,2875,11919,4381,-802,13205,5759,2224,12883,5363,6376,12757,3341,3212,13207,4096,1935,14727,5278,5734,15424,4222,3899,14444,2051,1268,14895,118,4571,15170,983,5247,15735,336,724,14251,688,-2093,14561,1992,785,14824,2559,1545,13783,3288,-2066,13757,3635,-593,13139,5130,1796,13634,5853,-3690,13153,6573,-2179,12979,6541,3962,14089,6315,1538,13967,3832,-636,11388,3167,4313,13954,4988,5264,14699,3533,2768,13054,1843,3949,12147,1597,6853,14740,3453,5948,14323,3896,1282,13578,2585,3108,13818,2869,6234,14745,3331,2461,15010,2602,540,13761,2745,1830,15316,2737,-2183,15005,3370,-2530,14752,2058,674,13642,1963,1367,14309,1300,-2289,13132,2079,-3803,13566,2922,486,12878,2982,1392,12281,4376,-2563,12930,4868,1835,12877,5867,3221,12859,2078,1388,10859,6202,1742,15090,4605,5316,12275,6601,5200,13123,2717,420,14589,3131,4145,14574,5029,6390,16603,2358,1810,13161,1066,2308,15201,-1240,5776,15400,1624,1618,15420,1125,-1251,13967,1514,-1025
15246,3177,-998,14042,1920,330,14726,2488,-473,15021,2673,-2310,14945,2284,-1031,13884,2499,1199,14336,1465,207,13266,2229,-4202,13521,1759,-2509,12693,3800,2894,12962,3990,-286,12451,4379,-1473,12972,4062,4402,12320,6095,3005,13892,5217,-915,11132,4190,3733,13371,4320,6485,14305,5365,3212,14188,3741,2000,13870,2256,5112,14826,3146,4592,16352,1986,1863,14382,821,2630,14847,-771,4800,14731,364,9,15125,2321,-3260,14375,2925,2636,13906,3106,988,13751,4723,-3531,13782,4789,-162,13149,5397,988,13725,5026,-1921,12741,6572,-868,13655,7109,3280,14371,5413,2509,12746,1360,1108,12031,4152,4600,15418,4595,5661,13160,3994,3522,12512,14,2699,13329,2513,6966,14654,4069,6221,14744,3892,120,13367,3111,3555,14576,2977,5582,14875,3663,-526,14935,1822,-341,13916,2173,565,14912,2296,-655,15136,2831,-2018,14270,2147,-677,14202,1938,384,13096,1344,-2544,13366,2156,-3587,12826,3567,2590,12665,4521,1336,12730,4702,-2589,13549,3308,2902,10684,5465,5029,14439,5823,-484,11848,5630,2042,13400,3034,6594,13101,4406,3898,14906,4395,1988
12860,4336,7059,13292,968,2064,13049,2326,4428,13999,3868,7893,14709,3463,2070,13456,3294,904,14067,3234,5246,15398,3376,3277,14259,2226,-759,14841,1553,-2455,14435,3164,1170,15433,2665,-159,14005,2084,-2902,14273,1403,573,13626,2157,-373,13495,2480,-4725,13066,2721,-363,12062,4517,3059,13268,4888,-562,13284,3602,-4,10529,4034,4281,13608,6357,2815,13355,6007,255,13091,3322,4174,11800,3587,6404,15394,3716,3337,14411,4407,1589,14790,2151,4909,14506,1571,5532,15576,1326,682,15721,465,2485,14278,602,3559,14725,944,-2184,14262,2885,-1793,14472,3970,2456,13989,4732,633,13661,4180,-3356,13092,4799,-2070,13501,6212,1596,13956,5847,243,12425,6126,-1100,14251,4751,4019,13197,3172,4487,12603,3840,-23,14540,4022,3484,12719,3710,7865,13303,1292,3352,13548,2783,2672,14042,3269,7128,13830,3948,4275,14421,3409,779,14091,3595,3763,14635,3313,4499,14789,2314,45,14772,2104,-3337,14430,2529,668,15193,2336,1069,14340,2175,-2705,14377,1923,-640,13708,2253,806,13463,1609,-3833,12635,2572,-2596,12237,4167,2939,13295,5314,1000
13437,5317,301,13356,6396,2587,13500,5721,-925,13483,4761,886,13069,4128,5364,13815,4335,2394,13821,3949,852,12878,2872,6387,13123,2472,6919,14113,2905,2145,13628,3050,3933,13535,3804,6573,14520,3386,2969,14184,3644,1403,14498,2983,3955,14423,2510,2542,14795,2191,-2795,14834,2026,-1646,14507,2846,2138,14733,1667,-873,13986,1930,-3387,14102,1765,-303,13382,2434,-47,12952,2434,-3137,12471,3752,-156,13103,5047,3036,13204,3900,879,11406,4109,-493,12482,5824,3086,14033,6182,4897,12679,4798,1853,12270,2660,3029,13856,3981,6990,15134,4390,3407,14485,3082,909,14344,1439,5687,15353,1194,4962,15770,1056,274,14669,-26,1055,14258,979,1846,14912,2016,-237,14227,3738,-1728,14175,3848,1507,13943,4731,579,13537,5335,-5004,12970,5228,-976,13083,6430,3543,14076,6132,-224,13113,5299,-409,14072,3056,4178,11990,4218,4898,14551,4670,568,13470,4002,4619,12983,1791,7881,13285,1955,2950,13804,2867,2752,14113,3436,6443,13661,3529,4308,14947,3633,1261,14512,3686,2514,14507,2076,3784,14161,1836,-1700,15253,2481,-3514,15061,3868,1770
14917,87,-855,14646,811,451,14604,1972,2282,14349,3002,-1032,14248,3932,-2185,13637,4808,1805,13731,5242,-1196,13159,5370,-4111,12977,6261,1724,14280,6426,2985,12867,4872,-604,13520,3568,1820,12566,5388,5933,15160,4194,3174,12233,2638,1511,13046,1240,6801,13656,3730,6845,14301,3065,2311,12961,1970,3446,13434,3357,5292,15847,4254,3627,14430,4022,792,14339,1692,2251,14149,2706,1240,15915,2947,-2972,14704,2262,-912,13912,1485,2085,14396,2098,-1769,14417,2758,-3737,13482,2236,-792,12574,2402,513,13064,3388,-1629,12785,4137,-350,12215,4128,3652,12117,4537,1843,12762,6077,-391,13543,5377,4469,11694,4493,5256,13545,3493,1326,14018,4811,3431,14379,3738,6737,14345,2609,3586,15210,2532,1280,15800,1430,5037,15049,599,3794,14890,-38,-884,14713,1127,-581,14595,2429,3132,14451,2643,370,13610,3382,-3274,13705,4612,159,13866,5613,368,13383,5741,-3650,12710,5763,124,13677,6007,3659,13559,4924,702,13162,4068,357,12646,5148,5289,14865,4586,5407,13081,2423,1590,12586,1634,4615,14209,3368,7129,14265,3112,4030,13041,2225,2689
13810,4462,4233,14688,5154,1504,13918,2929,4796,14149,2471,5761,15965,2328,2593,15614,887,1299,14927,-141,3820,14641,40,1325,15362,1680,-2633,14092,2235,2062,14208,2987,2691,13689,4516,-3503,13934,4635,-3256,12858,5973,995,13872,6305,-168,13413,6542,-1383,12970,5124,2219,12902,4761,4163,13581,5101,997,13774,4903,1968,13704,3070,7185,12447,2395,4379,14185,2599,1927,13861,3048,6106,13280,2049,7307,13506,2794,2094,15247,4066,2005,14397,4111,6233,14923,1694,1588,13809,2379,-3272,15444,2702,-73,14765,3492,1596,14610,1602,-1672,13977,1489,-1907,14101,2722,273,14432,2212,-2166,12719,1947,-4086,12524,2689,650,13446,4195,2733,12516,4082,-479,12225,3912,854,11791,6738,4469,14600,5988,1845,11746,4695,1215,12459,2953,5640,13719,5168,5559,14932,4502,2017,13908,2768,2841,14404,2526,5816,16283,1932,3838,15079,427,56,14707,-872,2560,14703,614,2286,15222,1737,-1941,14089,2228,311,13843,3411,2633,14303,4786,-2284,13729,5337,-4356,13007,5574,195,13456,6846,1933,13778,6349,-823,12726,5251,1034,13061,5085,5260,13684,5675,2529
13382,6276,3534,15091,4284,1935,8550,3217,642,13755,6043,2443,13857,7134,4954,13964,4026,3386,11095,2880,1796,14290,3797,6745,15462,5044,5288,15356,2478,-74,14116,828,3706,15198,232,4627,16232,339,470,14298,180,-355,14246,537,1093,14075,2568,1041,14990,3649,-1909,13492,4988,-729,13765,4553,796,13248,5919,-3795,13288,7378,-2176,13591,7377,4463,13600,6576,2140,13280,4301,-25,12310,3700,4437,13854,4518,4704,14075,3104,2378,12708,1837,3547,13094,2047,7636,14470,2710,6383,13526,2731,1785,13899,2125,4007,14044,3394,5961,15475,3713,1852,14959,2919,-299,14004,2822,1418,14901,2260,-1604,15052,3439,-3461,15013,2592,792,13826,2628,1702,14223,2115,-3308,13631,2113,-3849,12889,2886,500,13157,2907,784,11951,4280,-1322,13572,3649,2214,10908,4273,5198,12895,5530,-136,13505,5145,257,12264,4921,6865,12765,3540,4134,14011,5049,1769,14681,4700,5322,14966,3050,5083,14761,1448,1550,15605,651,1526,15678,1007,4264,14938,-529,2513,14486,612,-3309,14694,2015,457,14459,2840,2821,13514,3258,-2748,13390,4358,-1792,13417,5917,1179
14028,2895,-2549,13817,1358,-172,13385,1708,-1971,13714,2737,-4157,12603,3318,1109,12539,5410,3041,13285,3567,749,12268,2636,553,10964,5145,3128,14461,6564,3188,12532,5959,1713,12449,2584,4805,13041,4662,6351,15306,4723,2817,15073,3987,745,14414,1884,5188,14921,289,4667,15486,529,-8,15711,97,2449,14788,1111,1869,14476,1081,-2246,13851,2536,-1032,14279,3863,2788,14202,4801,-95,12901,4838,-4540,13205,5638,-1698,12948,6594,3041,13423,7732,514,13223,7145,226,15180,2562,5213,9906,3581,4393,15682,3709,-785,12913,5245,5445,14129,508,8686,12509,1504,2776,13783,2489,3363,14855,3939,6471,13958,3380,3415,14550,2717,1976,14010,3454,3346,15241,2790,3916,14398,2998,-3010,14812,2172,-4296,14327,3813,2144,15459,2140,655,13370,2461,-3345,13927,812,-736,13281,2876,-610,13753,2137,-2487,11948,3353,-518,12197,4984,2575,14380,4515,2116,11624,2683,338,11728,5492,2416,14236,6138,3751,12957,6342,2707,12559,2865,2833,13430,4239,6749,14814,4745,4218,15833,3455,53,13819,1239,4155,15094,-169,5444,15413,1010,172,15289,152,1231
13988,2925,3721,15331,3087,304,13823,3538,2660,15403,2182,-1191,13983,3211,-3679,15723,2376,49,13805,3334,2345,14655,973,-1910,13018,2046,-4188,13961,2481,-1012,13212,2652,1554,12042,3585,-1164,12811,3987,1079,12477,6884,3891,14829,4538,1994,10535,3861,-1631,12129,4269,4436,13905,5999,7710,13693,5240,289,13738,1845,4641,13789,4627,5186,15981,3343,1847,15301,1968,2379,13889,-360,4682,15535,-63,3734,15130,1704,-1593,15023,846,-1840,13496,1987,2635,14632,2639,-750,13890,5016,-2336,13998,4571,1866,12892,5281,-1528,13203,6238,-3739,13852,7020,1960,13115,7044,3594,14203,3448,845,11391,3551,1511,14010,5037,4171,14970,3681,4976,12481,2479,2991,12564,850,5178,13662,3095,8395,14870,3039,3103,13253,3071,680,14124,2787,5694,14425,3800,4411,15489,2913,577,13521,2649,1346,15189,2414,-801,14873,3212,-2541,15001,2233,-1252,14036,2669,1914,14692,1849,592,13432,2569,-4953,13395,2013,-2231,12390,3092,2528,12828,3697,-817,12929,4427,-290,12652,3327,4137,11374,5222,1766,13902,5531,-664,12446,5727,4294,12617,3687,6516,13501,3868,2564
14920,4875,5401,13696,3806,5092,12567,873,2308,13347,2141,6285,14239,3801,7195,14819,3680,194,13498,2854,2038,13775,2919,7360,15284,3348,1779,14592,3128,-1131,14790,2329,-624,14588,2759,-861,15206,2855,-1688,14319,2048,-310,13827,1775,1526,13719,1428,-1919,13367,2471,-4791,13456,2949,1048,12251,4200,2488,12551,4661,-1492,13501,4865,1148,12168,3277,4747,11704,5487,1454,14268,5716,105,12686,5993,6562,12864,2901,5470,14101,3691,732,14422,4121,3735,15842,2889,5930,13870,1610,2735,15528,-279,1570,14692,1614,3911,15795,672,3002,14499,1529,-3742,13803,1330,-1143,14347,3432,3267,14073,4190,-871,13676,4174,-2683,12701,4925,674,13980,6140,-1228,13277,6920,-2142,13086,6467,2140,13518,6432,4267,15554,1943,1174,9542,3200,2301,15088,4336,4913,13709,5071,6116,14153,959,2947,11843,1850,3972,14018,2848,7856,15372,4030,2049,13495,3027,494,13681,2741,7225,14683,3085,3340,15450,3175,-1417,14489,2250,-1058,14530,2715,-832,15070,2551,-1043,14875,1859,-1043,13229,2678,592,14322,1808,-94,13680,2944,-4840,12857,2660,-397,12636,3838,3066
13366,5180,-1872,13601,6420,1612,14103,5958,90,12574,6244,-1894,13767,4832,2407,13821,3606,5417,12137,3427,1776,14085,3923,2341,13172,4573,7430,13987,1716,3872,12467,2282,1495,14064,2959,7227,14402,3907,5850,13833,3414,801,14153,2831,3197,14544,3903,4532,14991,2814,1271,14670,2432,-3053,14656,2224,-433,15167,2996,1570,14772,1927,-2606,13603,1384,-1293,13666,1577,1226,13865,2822,-2617,13319,2582,-3281,12276,2963,1805,12422,5354,1260,13860,4605,-749,12094,2778,2208,10670,5735,5161,15235,5814,1280,12025,6368,1258,13438,2283,5513,13200,4552,5028,15141,4144,2185,15079,3103,3505,13853,1857,6179,15426,340,2754,15034,1226,-46,15129,727,3923,14914,983,816,14186,1750,-3118,14139,2808,191,14049,4425,2746,13962,4362,-1624,13063,4607,-3477,13602,5956,218,14112,6325,1689,12907,6114,-1649,13273,5587,1319,14723,3852,5589,11669,3402,2657,14164,4120,596,13654,4377,6359,13599,2302,6223,12741,1580,1301,13556,2429,5391,14408,3928,6977,13950,3329,1542,14199,2830,2236,14081,3885,4524,15584,2806,2759,14198,2637,-2790,15046,1683,-2454
15815,1629,585,15617,931,1427,14434,838,2786,14499,1067,-852,14094,2883,-1894,14293,3614,1440,13666,5112,1388,13771,4650,-3269,13042,5362,-2976,13322,6080,2192,13971,6215,989,12767,5696,-1530,14044,3498,3942,12248,3660,5935,13770,4088,421,14284,3959,2812,13085,3248,7930,13121,1848,3814,13603,2656,2406,13781,3374,6623,14263,3736,4881,14382,3355,1308,14041,3265,2841,14712,3409,4571,14615,2644,-34,15067,2146,-4084,14380,2204,531,14928,2016,1665,14046,2107,-2629,14225,1812,-1451,13548,2598,753,13637,2152,-2385,12579,2923,-2543,12685,4221,1587,13063,5184,2442,13144,4133,-87,11131,3742,1865,12749,6276,4444,14122,6368,2595,12892,4348,1665,12569,2764,5168,14406,4061,6109,15101,4132,1837,14872,1979,2943,14230,1150,6183,15620,906,2131,15530,1059,31,14539,389,2542,14421,1073,591,14502,2598,-2226,14327,3518,260,13275,4771,1900,14219,4274,-2118,12967,5727,-3915,13338,6143,1157,14011,6725,2220,13297,5766,-1178,13864,3824,2418,11955,4491,5762,14595,3556,1882,13336,3787,1404,13053,2172,7027,13237,2438,5849,13944,2918,1996
13773,6306,4531,13312,5271,1921,12777,2759,2672,13573,4272,6265,15127,3685,4696,15053,2940,945,14099,1058,4351,15327,1272,5333,15496,1088,492,15068,220,336,14345,1482,1517,14743,2218,-409,14333,4356,-2054,13997,3938,1243,13664,4485,1182,13110,4613,-4083,13331,5476,-2121,13115,7516,3468,14460,6041,1197,12387,4046,-1292,12818,2626,4684,13752,5133,5901,14720,4532,366,12516,2324,4176,12322,1828,7840,14848,3491,4106,13961,3829,2944,13565,2481,4791,13576,2881,5061,15114,3722,1677,14633,3385,1480,14000,2765,3422,14867,2172,-1447,14975,2708,-3648,14950,2614,1057,14234,1854,1239,14016,1800,-2693,14195,1997,-2158,12971,2296,478,12871,2518,-1290,12692,4477,-1884,13467,5113,1897,12936,4349,3099,11711,3743,-5,12682,5127,1687,13201,5902,5634,13240,4854,3663,12633,3978,803,14472,4325,5529,14285,4090,6020,14795,2682,990,14584,1243,3604,15209,981,5993,15212,247,1469,14782,639,-1165,14763,1706,1008,14944,2094,1981,13862,3634,-2010,14280,3687,-1526,13333,4860,2045,13847,4829,-2214,12869,5776,-3287,13623,6691,2649,14276,6474,2094
13254,1334,-990,11990,3306,1283,14010,3818,-1059,12506,4803,-963,12763,3874,3746,11758,5304,2516,13205,6235,-350,13093,4094,4618,11593,4294,6041,14093,4312,1386,14522,4997,2532,13852,3347,6393,14368,2127,4001,15693,2016,1876,14954,670,4096,15167,-35,3761,14596,1107,-854,15677,1680,-1506,13886,2976,3165,14657,2232,906,13271,4141,-4121,13911,4365,-304,13075,5734,946,13522,5887,-2750,13486,6508,-120,13355,6427,3607,13786,4929,1272,12836,4283,377,13172,4398,5132,14241,3461,6468,12361,1914,2070,13099,2139,3701,14555,4015,6882,13961,2991,5036,13355,2857,1695,14278,3212,4301,14737,3453,6004,14534,2093,59,14028,2337,-1176,15039,3670,1509,15334,3099,-1295,14670,1804,-2271,13854,1099,911,14499,2470,-117,14008,2472,-3579,12890,1701,-2239,12311,3688,1819,13914,4175,138,11993,4534,-1828,12849,3405,2827,11417,6004,4222,14294,5789,119,11912,4096,3067,12220,4008,6713,14469,5186,2799,14721,5423,1330,13952,2857,5644,14387,2138,5418,16112,1484,2203,14706,167,1951,14835,-213,3984,14652,1301,399,15741,2038,-2492,13793,2661,2591
15085,3713,-3383,15829,3307,-987,14217,2869,1750,14603,1097,-1395,14382,1654,-2854,13693,2427,574,13627,1840,-1343,12435,3003,-3560,13358,3679,1091,12843,4934,2520,12683,4011,-665,12189,4248,717,12245,6500,4633,13805,4838,3571,11273,4330,1666,13430,4135,4805,14675,6114,5234,14636,3930,2223,14314,1979,2215,14826,1732,6545,15763,-111,4141,14595,205,-1278,14889,336,2040,15468,2160,1987,14537,2264,-1770,14005,1583,5,13167,3744,2081,14545,4837,-1953,13125,5431,-4019,12280,6299,304,14581,7597,2749,13494,7276,-784,13538,4544,102,11325,4543,6506,15171,4338,3132,12906,3271,1241,13674,1981,6983,12232,3209,5841,15023,3204,2291,13879,2684,4508,12887,2753,6590,14954,2306,3859,14360,3712,1122,14695,1953,3582,13429,2625,2359,15463,3180,-3731,15503,3982,-2065,14781,2795,2133,14087,1226,-1460,13745,1635,-3415,13721,2483,209,13391,1997,587,12020,2257,-2621,12884,4141,-1123,13238,6669,3324,13216,5396,149,12573,1530,878,10735,5726,4984,15022,5746,3914,11845,6504,2729,13258,2652,2347,14463,4546,6310,14872,4622,4222,15716,1795,802
[row took 89287us]
14460,3305,5874,14281,2966,574,13858,2162,2758,13827,2059,7490,14827,2717,2432,14840,3222,-339,14408,3523,616,14998,2420,-2346,14576,3570,-3188,15130,1802,1037,13343,2215,1843,13930,1241,-3559,13278,2653,-3807,13060,3746,1147,13638,3852,1427,12364,4257,-1499,13185,3804,1743,11817,5682,4571,13465,5212,282,11930,4384,1237,12470,4660,7251,13854,4667,4691,14225,5017,823,14100,3743,4117,14716,2755,5453,15286,1334,2668,14846,-414,2108,14582,418,4133,15505,915,1275,15314,1770,-3345,14195,1940,207,14233,2066,2451,13537,3386,-1664,13660,4296,-1934,13262,6183,1086,13729,6750,-1777,13008,7022,-2236,13152,7060,3024,14604,6004,3570,13041,2457,1050,11549,4410,2995,14457,2842,6479,13223,4597,5537,13718,773,2672,13307,3111,4836,14216,2872,6905,14597,3021,954,13778,3032,2265,14160,2402,8527,14372,2515,2734,14674,2873,-2182,14999,3586,-2304,14847,3429,-211,15149,2636,-1037,14279,2205,-768,13776,2413,1009,13513,1013,-1764,13366,2786,-4727,13467,3823,1178,12617,5067,2667,12598,4101,-1800,13064,2389,1305,10940,4637,4481,13982,6207,2020
15225,3938,4805,10547,2793,5619,14294,4043,-321,13923,4410,4224,13535,2952,8865,12948,1444,2326,13946,2851,2719,14669,3468,6996,13322,2150,2960,13845,1993,2679,14170,2747,5124,15133,3831,3677,14587,3305,-1948,15221,2031,-5210,14026,3611,736,15987,2250,1477,13458,2595,-2495,13851,810,-82,13080,2432,377,13620,2291,-3907,12741,3636,-920,13046,5374,2600,13229,5598,1486,12764,4507,-1288,12122,2580,4550,11480,5709,4370,14363,4970,1279,12872,5696,3917,12864,4357,5139,14908,3041,4439,15006,3972,579,14966,1317,4342,14104,589,6261,14859,-13,574,15994,1347,280,14945,1731,2817,15078,1285,-1685,13290,2237,-2526,14056,2260,1839,13255,5258,1953,14222,4753,-2135,12880,6197,-3928,12771,6078,1609,14135,7144,1618,13780,8076,-1942,14800,3035,3983,10138,2083,7035,14407,3974,456,14457,4805,2651,13535,2741,8843,12371,1269,4098,14166,2648,2294,14693,3932,5605,13983,2725,4176,13350,2002,2562,13817,2306,3628,15402,4402,4272,14647,3674,93,14967,1987,-5925,14137,2785,-537,15914,2986,2578,14062,2783,-1593,13649,473,-1590,12641,2779,532
13864,2579,-1624,13193,4244,1544,13836,4716,406,13041,6418,-5308,13844,6555,-661,13338,7047,3889,13953,5597,-578,13652,3437,687,11525,3245,6913,14087,4528,3923,14329,3947,1095,13121,2472,5781,12443,2389,6667,14782,2548,3287,13452,3206,2030,14012,2338,5211,13603,2834,6025,14776,2860,1516,14661,3171,1490,14539,3303,1320,15496,3039,-4259,14668,2543,-1740,14300,1921,2728,14053,1717,366,13877,1524,-3155,13378,2220,-1761,13839,3617,413,13417,3407,-793,12214,4388,-1702,12632,4970,3424,13177,5433,2112,12872,1962,497,10521,5341,4236,14721,5449,4602,12637,6923,2622,13813,2667,1599,14105,3240,5529,14275,3886,5328,16465,2191,1565,12883,928,4004,15461,-733,5261,15221,2540,-847,15951,1224,-410,13961,1938,957,14007,1284,-79,14097,3657,-1166,13920,4609,539,13795,4691,915,12690,5361,-3593,13771,6362,-2791,13852,7508,3553,13664,6520,2009,13460,3316,-998,11990,1667,5480,12957,4731,6224,15618,4239,349,12399,3330,4144,12641,1566,7169,14655,3213,4751,14104,3277,2655,13700,2553,3535,13564,2581,5625,14548,3077,2987,14930,3672,563
14689,2659,3145,15907,1665,2353,14331,1198,4535,15473,849,2725,14819,838,-797,15139,1978,-1055,14301,2187,2363,13706,2190,106,13530,3594,-3325,13713,5100,1671,13712,5409,123,13306,5764,-4007,13249,5962,607,13612,7329,3391,13752,5501,411,14119,2209,680,10160,1725,7346,14308,4760,4827,15625,4935,619,13440,2648,5053,11756,2166,6718,14548,2509,3668,14680,4017,2346,13873,2769,5319,13527,2457,4891,14144,3063,-1264,15951,3338,352,14369,3143,2209,15082,1804,-3203,13973,1926,-1671,15120,1823,2316,13735,2732,-874,13769,1221,-3507,13176,2297,-1490,13328,4334,1156,13414,3985,-445,11873,5145,-1911,14133,4085,3249,11934,3514,4619,11096,5299,-90,14197,5277,2175,12699,6538,6663,13837,3302,1703,13479,3820,1369,14037,3136,7349,15513,2217,4801,13996,1297,1530,15136,108,3767,15201,2073,3573,15794,1343,402,14465,1356,-2344,13789,2515,1564,14997,2842,1664,13421,4142,-2782,13654,4071,-507,13485,5597,1666,13965,6375,-3212,13660,6085,-1482,12815,6920,3631,14260,5024,1718,13722,1696,1101,10670,2787,5466,15112,4106,5031,13367,5136,2150
13496,3374,5016,10659,4124,2515,13688,5141,-407,12416,6299,4965,14001,4655,5473,13459,4092,1113,14259,3258,3611,14888,3335,6874,14956,1706,3368,14413,523,1713,14885,1101,3439,15995,1625,3369,14881,1605,-2217,14254,1158,-1530,13699,2864,3015,14653,3354,-7,13072,4369,-2749,13429,4127,883,13347,5951,-726,14030,6520,-3541,12965,6360,1115,13408,6552,3881,14689,3751,1569,12201,1672,1461,12436,3928,5585,15279,4386,4987,12852,4432,2068,13197,1266,4196,13380,3547,7441,14502,3250,3409,13982,2910,992,12889,2539,5725,14898,2678,5726,14620,4152,-689,15335,2657,-206,14341,3128,-376,15287,1678,-1954,14503,2122,-1023,14043,2085,2076,14423,1895,236,13284,1727,-4264,13349,2841,-2711,13579,4512,2023,12985,4733,88,12076,4576,-1528,13530,3671,4259,11348,4272,4140,13057,5592,-987,12540,5224,3257,13284,5106,6632,13783,4172,2012,14177,3760,2189,14113,2892,6101,14901,1675,4775,14481,1004,1820,15026,431,2810,15284,1719,4203,15500,1417,-650,14551,1559,-3207,13990,2173,2192,14554,3107,1637,13248,4584,-2541,13981,4211,-420,12856,6030,421
14725,1372,-597,13421,2174,1877,14210,1768,-1762,13364,2883,-4588,13229,3279,321,12752,4761,1882,12985,4291,-1385,12924,3715,908,11410,4345,5035,12869,5305,1793,13143,5147,422,12817,4760,5308,13311,4882,5247,14559,4067,1589,13801,3337,3597,14609,2233,6419,14708,1506,4071,15149,650,877,15073,1205,3420,15324,1239,2736,14814,1799,-3098,14360,1886,-480,14142,3197,3616,14338,3752,-792,13497,4390,-3391,13057,4940,-250,13645,6028,879,13914,6027,-2216,12303,6490,98,14195,5526,4578,14316,3201,1495,11240,1984,1837,13655,4451,6193,14939,5163,5426,13534,3246,2011,12300,1245,3282,13443,2686,7581,14848,3300,4143,13832,3336,847,13576,2864,5761,14750,3352,4147,15043,3110,-1483,14490,2291,-1045,14855,3069,96,15462,2652,-582,14681,1709,-1382,13319,1400,740,14108,1657,-157,13553,2930,-4049,13624,3259,-1816,12472,4298,2889,12940,4570,-765,12438,4510,-1024,12981,3154,4932,10935,5222,4004,14365,5391,-779,12159,5178,3264,13221,4145,6456,14300,4402,2657,14377,3262,2402,14343,2265,5865,14618,1517,5151,15246,1350,1126,15187,971,1973
13926,3290,1103,15275,3540,2569,13643,3619,6709,14776,2105,1291,14644,3819,-3080,16006,2936,-685,14447,2624,1212,14489,898,-1218,14118,1454,-1352,13853,2904,1160,14161,2198,-1785,12785,2762,-4435,12894,3778,726,13473,5088,2425,12334,3885,-650,12090,3202,1243,11252,5848,5068,14747,5541,2166,11568,4761,769,13238,3941,5202,14274,5645,5342,14562,4125,2114,14016,1853,3573,14571,1610,6363,15744,1322,3790,14972,1092,-364,15105,746,2607,15238,2090,2147,14998,2160,-2542,13832,1529,452,13434,2929,2762,14283,4519,-2110,13264,5141,-3489,13032,5179,396,13489,7031,1192,14392,6466,-1676,12926,5095,474,13159,3612,5338,13002,4017,3439,13821,4144,1346,13429,2754,6172,12577,3592,5806,14896,3676,1215,13660,3060,4205,12853,1641,8084,13749,2650,2672,15276,3450,1673,13657,3308,5465,14549,2274,2387,14580,3753,-2785,15935,2798,-1844,14313,2555,1969,14511,427,-247,13980,1540,-3093,13937,2344,259,13753,2696,-74,13177,3064,-4027,13025,3659,-573,13154,5036,2571,12864,3745,197,11898,3579,110,11622,5570,4589,14393,6040,4269,12023,4841,861
12251,5119,6438,15359,3406,1906,11801,2894,3000,13686,2605,7378,14565,3988,3631,13803,2410,2019,12970,1315,6211,13665,2994,5356,15385,3666,2855,14211,2952,1726,14074,2971,2488,15289,3490,-1096,15573,3311,-4167,14517,1409,1106,13834,1208,2129,14489,2237,-3346,14257,2262,-2448,12836,2628,724,13119,3082,-1497,13413,4140,-2242,12726,4118,1320,12406,3773,3275,11988,4336,795,12288,5851,1356,13483,5055,6140,11945,5138,3159,14185,4569,580,14182,4973,4988,14014,3217,6344,14677,2153,2272,15102,1426,3263,15070,642,5755,15234,270,1034,14923,1116,-1531,15285,1736,1017,14355,1950,2541,14225,2096,-1061,13446,3141,-1669,13459,5251,1162,13891,5666,-1821,12862,6759,-3487,13792,7044,1915,13893,6439,2561,13112,4195,-796,12983,3375,2763,12456,5396,7053,15449,3097,3658,11432,3123,1788,14138,2244,6407,14194,3964,5482,13816,2027,2613,13142,1638,3885,14114,3222,6173,14880,3099,4241,14356,2902,-254,14279,3212,902,15658,3782,71,15117,3071,-3538,14549,667,233,13394,1646,2164,14829,2118,-2411,13901,2521,-3744,12825,2266,-199,13033,3950,534
13647,4100,-467,13017,7286,573,14385,7716,-2462,13475,6997,-412,13183,5535,4122,13745,3773,3268,12488,3256,1573,13025,3634,4178,13910,3617,6743,13609,3500,2960,13578,2363,2518,13631,2350,7901,13585,1825,4923,14219,2411,462,13732,2964,5807,14893,3279,6036,14883,3855,-1405,15358,2745,-2761,14381,2599,-420,15037,2174,-800,14821,2123,-1553,13923,2148,842,13819,2898,623,13704,2824,-3916,13008,3196,-3331,12770,3798,2281,12798,4779,1197,13072,4026,-1140,11781,2357,4482,11152,5991,4692,14671,5672,-343,12344,6043,3245,13054,3505,6008,14379,4530,3492,14258,4115,2174,15282,1471,4446,13486,1153,5767,16188,706,1015,15533,1861,229,15211,893,4448,14779,956,-1102,14695,1671,-3298,14067,2347,2338,13458,3439,2056,13501,4545,-2964,13272,5884,-2412,13438,7542,507,14239,6829,-130,12497,5891,-1282,13263,4392,3067,13299,3944,6314,12820,3746,1597,13626,3713,2437,13138,3786,7991,14199,2285,4273,13629,2653,1549,13739,2090,6807,14436,3217,5115,14139,2561,1411,13532,2267,4868,14800,4008,4936,15578,4026,98,14774,2807,-4710,14140,2125,-1672
16161,2075,-1154,15383,1204,310,14268,980,1175,13843,1449,-840,14175,2654,-491,13453,5116,2109,13982,4737,-684,12741,6203,-5017,13793,6187,-483,13158,7726,3484,14168,6783,175,12828,4609,564,12799,808,7319,12676,4480,4381,15966,4059,240,12392,4624,6673,12663,708,6553,14509,1478,2524,13999,3301,3030,14609,2804,5763,13081,3269,5405,14721,2392,1966,14665,4308,996,15205,3578,1826,14891,2549,-4912,14134,1476,-2493,14779,2340,3413,14061,2449,205,14131,1323,-3594,12844,2420,-1278,13846,3553,-103,13848,3556,-1357,11837,4246,-1141,12451,4931,3348,14472,3695,2797,9340,2945,925,13240,5525,3158,14290,6988,4602,14181,5966,1839,12077,2932,2430,14093,3148,6450,15355,3528,4874,15038,1345,1139,13539,203,4144,15344,575,3864,16253,2263,-192,14853,1036,-697,14044,932,803,14202,1912,670,14529,3707,-1683,12996,4747,760,13836,4731,1317,12978,6295,-4434,13675,6029,-2184,13297,7908,3833,14181,6403,1381,14296,3138,-192,9796,1537,7082,14504,4628,5190,14902,4929,761,13689,2745,4752,12141,1881,6524,14436,2373,4510,14369,3024,2413
13918,7152,5538,13820,3956,-346,12183,1368,5440,15730,3364,5483,15407,2849,2834,14882,566,2107,13581,731,3422,16509,1456,3330,15589,2692,-3110,13996,274,-1153,13388,2024,3294,14630,3274,-993,13676,5160,-2241,13187,4766,1665,13591,5978,-2043,13724,6916,-3158,13744,6617,1694,12696,5697,3968,14711,2770,1465,11193,2781,2416,13835,4754,5335,14831,4602,4893,13459,3102,1929,12581,1115,4688,13347,2877,8249,14898,2749,2957,13304,2654,936,13699,2592,6731,14602,3829,4171,15590,4094,-586,14337,2996,-196,14943,2373,-1288,14512,2251,-1768,15104,1732,-639,13505,2528,2494,14370,1656,275,13564,2884,-5473,13564,2966,-2115,12756,3684,2370,12731,4311,-884,13152,3970,289,11894,3169,4923,11577,4966,2283,14041,5593,-509,12669,5940,4199,12918,4155,5974,13933,3826,2048,13900,4101,2916,14996,2951,5894,14357,1663,4449,14947,395,1691,15072,1229,2760,15819,1590,3582,14975,1459,-2195,14606,1119,-2043,13636,2396,3493,14333,2530,813,13402,4420,-3417,13534,4708,-159,13406,7052,-145,14228,6574,-2744,12639,5966,45,13495,5999,4084,14665,3688,2576
13629,3609,1253,12112,4103,2204,12197,4390,-1119,13294,4739,1908,11963,2658,5222,11605,5825,1343,14726,5812,-48,12957,6527,6238,12814,2703,5208,14173,2984,1042,14146,3533,4568,16048,2234,6340,13544,1820,2395,15754,6,956,14982,2592,3380,15974,908,2584,14111,1527,-3778,13696,1028,-331,14363,3746,3739,14033,4594,-1414,13662,4415,-3028,12433,5342,545,14529,6377,-1175,13479,6752,-1994,12923,5685,2519,12942,5509,4521,15647,1220,1543,9574,3081,2900,15302,4648,4703,13841,5668,5732,14539,1554,2051,11951,1932,4191,13772,2681,8178,15159,3554,2102,13296,2790,904,13635,3202,7020,14790,3987,2300,15881,3632,-1798,14457,2294,-1058,14525,1944,-510,14669,2077,-575,14749,1437,-787,13020,2550,622,14298,1960,-507,14021,3165,-5196,12953,3040,-531,12725,3949,3078,12530,4148,-1065,12933,3444,650,11463,4624,5620,13502,6129,1503,13065,4902,-69,12256,4879,4469,13898,5095,5604,14539,4044,3039,13609,1906,3073,14186,1870,5421,15669,1992,5092,15248,1785,48,15276,1119,1932,14467,238,4509,15228,1895,-2261,14456,1710,-1608,13450,2898,3443
14763,2545,-2627,14518,1797,-389,14949,2629,1808,14742,1664,-2233,13413,1232,-927,13533,1569,1260,14062,3090,-3314,13765,3351,-3771,12408,3320,2157,12231,4832,1433,13375,4341,-604,12637,2467,2427,10196,5396,5296,15366,6016,720,12139,6823,896,13834,2831,5794,12937,3901,5213,14868,3362,2209,14865,2847,3968,14038,1860,6244,15236,829,2478,15088,1834,-125,15532,1372,4157,14709,1097,890,14304,1523,-2865,14189,2904,765,14301,4220,2635,13600,4240,-1832,13155,4495,-3053,13899,6443,222,14338,6753,1100,12623,5682,-1739,12934,5118,1645,14929,3871,5434,11833,1789,3045,12780,4251,1060,14977,4737,5665,13724,4474,5985,12756,1511,1199,13353,1979,5452,13968,3621,7720,14405,3132,1315,13575,2837,2028,14136,3764,4843,15857,3745,2202,14562,2659,-1953,14647,1535,-2168,14703,2492,1824,15189,2020,-666,13582,1857,-2455,13984,1834,1302,13824,2579,-1563,13535,3293,-4898,12747,3136,519,12268,4446,2604,13056,4298,-450,12811,2681,1256,10181,4510,4953,14659,6311,2010,12594,6957,296,13852,3163,4319,12264,3840,6139,15248,3007,3391,14314,3309,2318
13697,2584,3683,12821,2279,1838,13594,2782,7152,14517,3538,5531,13677,3247,1008,13977,2998,3225,14628,3898,4275,15322,3223,309,14786,2425,-3324,14590,1881,261,14733,2130,1597,14384,1781,-2303,13869,1578,-1086,13780,2405,939,13938,2486,-3282,12869,3146,-3047,12509,4228,1916,13134,4952,2121,12836,3824,-404,11612,2924,2293,11748,5920,4588,14490,6395,1485,12753,5606,1430,12634,2799,5632,14053,3650,5721,14843,3556,1972,14838,2143,3321,14200,1603,6621,15531,1288,2219,15488,1598,-46,14900,1156,3252,14452,1304,631,14617,2466,-2515,14324,3362,910,13667,4071,2430,13815,3986,-2286,13182,5210,-3551,13845,6351,848,13786,6800,1568,13250,5852,-1592,13540,4045,2198,12968,3450,5644,13296,3264,2126,13406,3899,1176,13417,3653,6899,13738,3189,5572,13655,2798,1329,13609,2729,5479,13724,3364,6767,14186,3207,1975,13902,3510,2190,14742,3596,4505,14834,3216,1523,14940,2459,-3512,14789,1883,-992,14678,2029,2378,14537,1396,-1085,13873,1619,-2464,13974,2308,554,13859,2860,-1386,13079,3275,-3796,12510,3617,662,12879,4617,2781,12903,3520,100
13475,6812,2779,14011,6748,936,12867,4832,-1131,13266,2333,3658,11932,3400,6335,14657,4749,543,13916,4203,2504,12559,3027,8582,13923,2553,3222,13925,3333,2232,13832,2776,6947,13340,2735,4761,14709,3206,1562,14296,3938,2268,15277,3322,3544,14322,2530,-199,15283,1961,-4122,14388,2920,817,15055,2095,1819,13666,2038,-2834,14438,1454,-1358,12856,3008,491,14010,2287,-2730,12505,3823,-2463,12622,4591,2080,13389,4130,2472,12194,3526,303,11800,4012,1867,13116,6050,4474,13152,5758,2820,13388,4672,1264,13316,4030,5459,14447,3294,6194,14086,3101,1363,14880,1760,3651,14793,1978,6481,15389,698,1519,15126,784,-215,14780,1613,1721,14982,1883,1039,13961,2596,-1463,14293,3280,-580,13605,4878,2028,13882,4874,-1990,13315,5117,-3914,13029,6704,2014,14692,6404,1918,12734,4959,-1652,13524,2982,3041,11969,4508,6130,14773,4385,1770,13117,3450,1763,12693,2886,7079,13928,3429,5591,14280,2964,1459,12855,1429,5312,13205,2982,5902,15595,4021,2366,14421,4041,2036,14381,2525,3175,14510,2898,459,15984,3111,-3829,14534,2185,79,14092,1121,2740
14475,1289,-643,15349,1681,2897,13980,2242,1367,13658,2692,-2390,13659,4634,-207,14152,5946,247,13589,5883,-3865,12653,5993,-814,14144,6217,3649,13478,5238,788,13104,3763,-141,12236,4475,5135,14401,5448,5780,14249,3061,1427,11851,2112,3876,13720,2794,7050,14505,2907,3658,13047,2074,3209,13251,2540,5262,15114,4064,5474,14971,3673,1535,14180,2275,-198,14196,3205,1522,15965,3038,-1678,14636,2428,-2013,13997,1156,2003,14041,2182,191,14729,2738,-4315,13628,2156,-2400,12658,2585,827,13533,3332,-432,12688,4016,-1491,12292,3775,2421,12143,4850,3617,12660,6044,-217,13265,5622,2412,11981,4646,6282,13513,4012,2495,13699,4493,1521,14219,3558,5953,14067,2700,5739,15356,2600,1743,15840,1448,3287,14756,775,4289,15376,90,187,14686,1553,-1985,14823,1510,2312,14154,2067,3067,13623,3316,-2934,13908,4451,-1978,13406,5857,926,13825,6097,-2536,12926,6555,-1885,13649,6006,3389,13328,5023,2555,13111,4126,-109,12615,4664,3636,14198,4955,6615,13964,2565,2776,12465,2301,2447,14180,2671,6665,13769,3114,5728,13444,1973,2760,13556,3243,3538
15109,4966,1813,13656,3020,3233,14176,2036,6059,15771,1849,4315,15491,647,-12,14844,-307,2153,14853,719,2474,15631,1520,-2055,13991,1339,156,13568,2330,3447,14026,4312,-1464,14053,5448,-4511,12870,5819,-672,13379,6906,1230,14194,6893,-1021,12869,5915,633,12793,4429,5155,13164,4657,3586,14087,4504,-160,13072,3854,6086,14167,2421,7122,13010,2312,999,14200,1816,4937,12889,2543,8174,14685,2215,2973,13909,3695,2004,15118,3025,5030,13931,2634,3139,14821,2087,-2902,14822,3403,-2924,15429,3837,2335,14377,2059,66,13778,1514,-3525,13854,2514,149,14258,2935,9,13077,1501,-3953,11739,2134,-845,13231,4981,3103,13710,6362,1060,14227,3198,-1031,8217,3378,5061,14369,6725,3659,14051,6872,1117,13697,3353,3997,11385,3730,5739,14939,3439,3952,15303,4290,1872,14606,1469,4471,14608,828,5009,15086,462,-303,16133,578,1565,14358,1157,2729,14637,482,-1818,13602,2787,-1850,14793,3091,2168,13287,5032,483,13353,4504,-3677,13298,6071,-2426,13541,7899,2017,13932,6986,506,12804,5684,-316,13398,3906,5351,13126,4505,5166,14160,4361,-467
12574,4669,3523,12537,4874,712,12564,4976,423,12387,5406,5816,13551,4876,4715,13226,4176,1676,13810,3864,4811,14522,4095,5168,15352,2605,2015,14697,545,2681,14781,103,4916,15617,506,1571,15214,1112,-2316,14636,764,77,14216,1765,2405,14074,2262,-1604,13310,3591,-1426,13658,5297,2008,13754,6628,-2600,13313,6577,-4233,12626,6698,2614,13500,6835,3821,14826,3970,172,10486,3445,3449,14142,4530,5736,14030,4017,3683,13519,2643,2850,13168,1067,6443,13852,2890,6380,14677,2554,1952,13679,2638,1936,13871,3206,7769,14669,2648,4467,14993,2451,-690,13947,3212,-256,15313,3115,-1612,14493,3411,-2185,15226,1884,516,13507,3624,1832,14514,1491,-1977,12817,2254,-4868,13866,2907,-608,13239,4414,2587,12814,4152,-1161,12452,3268,368,12366,3323,5023,12050,5262,1305,13891,6271,128,12029,5154,5890,12873,4157,5857,13931,4548,1090,14579,4329,3499,14713,3601,6097,14813,1698,2820,14694,531,1249,15048,435,3819,15795,895,3141,15048,1124,-2477,14411,687,-1290,14079,2350,2942,14261,2682,-222,13305,4703,-2864,13459,4827,629,13417,6358,-903
13800,1805,-295,13678,1717,869,13268,2593,-4743,13611,2122,-1905,12171,4306,3892,13307,4932,620,12513,5191,-1438,13838,3072,3078,10500,4929,4949,13190,5303,-30,13359,6118,4324,14072,4316,6011,14083,3545,3507,13086,4135,1317,16383,2157,4213,13587,2350,6303,15743,-775,1607,14214,1358,-87,15963,777,4128,14816,1341,-785,14155,1191,-3324,13823,2362,1886,13943,3376,1864,13822,4558,-2517,12753,5515,-2343,13641,6678,-110,13714,5575,820,12628,7760,-1472,14321,6459,2947,13797,2421,5515,11032,2995,1643,15479,4200,1604,13158,5651,8184,13984,511,4547,12189,1439,1330,14065,2855,6906,15211,4088,5048,13639,2523,1010,13384,1177,5273,13887,3902,4808,16291,3734,496,14503,2825,-4100,13969,1713,-1402,15108,3320,1720,15234,2857,-1026,13633,1674,-1826,13109,1697,1095,14255,3273,-2675,13502,3230,-2841,12454,3168,2312,12269,4349,2469,13199,5453,-1194,13779,5323,2880,11681,3519,3741,10969,4582,693,14387,5827,4630,14290,5761,4701,13882,2809,5762,12888,3024,1452,15752,2191,1872,15138,2902,6914,14726,-76,2535,14676,570,-392,15321,1565,3013
14351,2767,2982,14208,3604,2689,15230,3218,2136,14596,3141,-3802,15025,2230,-3107,14657,2570,3057,14559,1240,855,13445,1977,-3324,13832,1944,-724,13468,4114,-108,14171,2830,-2027,12020,3529,-987,12652,4558,2553,13255,5473,1827,13691,3868,-848,9876,3258,5170,12916,6709,4606,15159,6095,1886,14088,4190,2470,11817,3426,5219,14187,2522,4788,16289,3541,1883,14205,1427,4226,14456,80,5446,14643,1314,-579,16756,1362,41,14109,2131,2543,14533,741,-1157,13600,2480,-1693,14244,3290,1192,13398,5371,881,13476,4849,-3206,13452,6080,-3420,13617,6917,2444,13793,6728,1433,12891,5111,-911,14180,1898,4711,10981,4451,6953,15777,4480,-104,13196,4821,2988,13173,1287,8028,13177,2010,3798,13827,2757,2899,14539,3040,4977,13563,3006,4693,14247,2558,3670,14130,3266,1745,15263,3501,2828,14931,2928,-1733,14696,2032,-4947,14550,2435,1461,14889,2111,2953,13664,2245,-2742,13857,1735,-1913,13333,3677,86,14387,3137,-1906,12100,3594,-1575,12156,3734,2265,13094,6039,3277,15007,3033,-335,8499,3860,2720,14101,6220,4851,13912,7135,3130,14153,3418,1998
[row took 89459us]
13794,4949,4719,15820,4671,-18,12921,3502,5594,12039,1018,6739,14542,2258,3014,14315,3721,3318,14435,2815,5739,13085,2786,4719,14774,2867,-174,15312,4041,655,14721,3305,2445,14594,2000,-3558,14308,1487,-1832,14607,2164,2884,14312,2639,-907,13826,1898,-3870,13149,2092,-660,13726,4192,602,13583,3117,-1014,11396,4573,-1286,13525,4636,2792,13741,3709,3204,9836,4349,690,14462,5477,2587,12991,7286,6208,14092,3893,1851,12463,3407,1322,14226,3319,7365,15386,2976,5090,14327,1363,1101,14357,513,4384,15297,1480,3367,15870,1909,92,14706,755,-834,14117,1848,1532,14641,2473,1019,13822,3362,-2150,13312,4405,-253,13873,5345,1246,13588,5903,-3549,13348,6223,-1678,13366,6654,3720,13896,5714,889,13883,2420,419,10885,2705,6483,14400,5235,4672,14343,4512,1196,13209,2479,3640,12197,1987,6966,14457,2539,5251,14020,3031,1881,13689,2324,4203,13793,3287,6899,15166,3853,571,15050,3348,94,14437,3297,1804,15162,2064,-2490,14779,2447,-2199,14695,1676,1803,13767,2096,1345,13920,1405,-3247,13635,2697,-2992,13569,3726,645,13572,3083,133
13464,4724,1568,13740,5561,-1207,13521,6246,-4162,13218,5826,1615,13160,6643,3840,14363,3833,928,12163,1562,2400,12082,4590,5683,15782,4680,3600,12984,4312,1901,12619,754,5058,13657,2969,7357,14541,3454,3558,13999,2450,1605,12771,2849,5784,15249,3142,4835,14781,4625,-662,15104,2769,888,14321,2594,-416,14916,1557,-2478,14498,1871,-675,14124,2230,2365,14562,2293,-340,13401,2630,-4224,13686,2891,-2112,13105,4043,1644,12814,3675,-682,12076,4383,-952,13571,3634,4370,11394,3998,3536,12537,6114,-868,13561,5701,3416,13295,5786,6521,13628,3535,1471,13751,3424,2901,14194,3259,6954,15154,1793,4122,14399,1523,1428,15220,815,3155,15516,2195,3728,15480,1514,-522,14506,1113,-2202,13783,2064,2748,14610,2571,935,13294,4486,-3028,13815,4571,10,13310,5932,361,13959,5988,-3700,13199,5960,-262,13084,6352,3849,14380,4486,1903,12823,1828,1265,11458,3785,5078,15502,5167,5193,13697,5097,1974,12922,1151,3339,12839,1878,7294,14268,2666,5309,14236,3332,927,13473,2865,4823,14189,3263,6487,14747,4022,-127,15383,3024,-645,14478,3044,351
15050,689,1154,15280,1830,3769,15471,1111,2024,14690,1425,-3530,14146,1127,260,13941,2686,3430,14159,3606,-982,13599,4466,-2650,13254,5527,-154,13987,5992,-483,13560,5920,-2579,12506,6181,1195,14023,5636,5092,14134,2822,1090,10943,2342,1954,13986,5066,6153,15214,5422,4376,13431,2751,2046,12064,702,4555,13504,2413,7598,14967,3216,3314,13703,3333,1336,13669,3020,6562,14853,3566,3371,15244,3219,-1622,14351,2210,-803,14834,2559,-161,15056,2559,-640,14676,1883,-605,13349,2327,1313,14374,1798,-976,13562,3205,-4886,13719,3300,-1159,12648,3959,3157,12803,4071,-935,12496,4240,-300,12873,3483,5465,11413,5822,2791,14457,5841,-1325,12126,5569,4328,13272,4169,6384,14212,3994,2325,13901,2925,3361,14601,2095,6100,14552,2230,4073,15568,1399,926,15075,1276,2395,15345,1088,4193,14819,1077,-1977,14229,1542,-2090,14161,3051,3349,14444,3957,544,13600,4846,-3565,13423,4562,-477,13436,5874,148,13676,6545,-2004,13343,5910,594,12571,4912,3778,14103,2596,2236,11497,3415,2317,14147,4747,3934,14555,4723,5799,13336,2815,2984,12634,1647,2464
15125,5502,1038,11049,4817,1259,13440,3391,5823,14226,5295,4987,14458,3561,2365,13940,1576,3956,14521,2205,6150,16279,1999,2861,14914,1289,-218,14972,675,3091,15214,1514,1292,15028,1531,-2372,13512,1029,1209,13338,3152,2431,14163,5148,-2601,13780,5301,-3291,13006,5543,371,13666,6375,581,13774,5973,-1533,12807,4543,1733,12932,3891,5620,13306,4857,2283,14297,4507,1302,13165,2910,6571,12959,3004,4968,14519,3224,1348,13630,2378,5576,12834,1527,7955,13875,3162,1789,15464,4094,2126,14041,3642,5641,14373,2089,1824,14666,3231,-3366,15756,2600,-1203,14253,2272,2276,14134,822,-750,14235,2274,-2722,14433,3180,668,13798,2824,-1082,13021,2371,-4214,12798,3183,362,13388,4641,2775,12394,3509,68,11850,3859,626,12121,6658,4554,14659,6107,3153,11569,4756,886,13148,3189,4194,14078,5519,5965,14681,3613,3225,13572,1892,2694,14649,2057,5828,16094,1669,4386,15056,1018,-901,14810,102,1755,14949,1848,2587,15102,1732,-858,13719,1731,-60,13500,3118,1956,14346,5373,-1522,13735,5620,-4108,12918,5361,-549,13445,6506,2462,14221,6019,-775
12665,2662,161,13297,2673,-1618,12937,4155,-1526,13053,3696,2049,12149,3703,3198,12025,4806,68,12942,6234,1316,13444,5180,5901,12156,4828,2752,13837,4417,1313,14238,4630,5716,14023,2826,5878,14360,2440,1804,15552,2167,3412,15046,1150,5411,15217,-125,599,14684,821,-1493,15356,1395,1332,14207,1422,2534,13995,1819,-1198,13476,3866,-1122,14106,5730,926,13640,5788,-2994,13040,6058,-3448,13463,7060,2838,14057,6099,2769,12549,3974,-519,12859,3928,3130,13471,6201,6176,15336,3366,2653,11235,2637,2360,13973,2097,6782,14258,3671,5484,13644,1587,2642,12919,1729,4001,14445,3875,6268,15387,3309,3635,14073,2633,-411,14318,2706,1014,15751,3580,-512,14978,2721,-3070,14301,800,1024,13447,2680,1812,15125,3107,-2744,13882,2618,-3999,12697,2009,-365,13037,3248,522,13343,3949,-1544,12337,3378,995,12191,4110,4486,12302,6148,1082,13437,6008,96,12140,4530,5871,12768,4562,4457,14167,4966,1057,14097,3731,4758,13586,2282,6726,14907,2423,2619,16222,1790,2073,14658,976,4142,15477,-328,1937,14659,1852,-2262,15790,966,528,13456,1823,4013
15051,2443,-2532,14206,2289,33,14907,2461,-438,14743,2637,-1363,14020,2504,775,13892,2480,-207,13440,2480,-4829,13141,2665,-2396,12470,3773,3112,12797,4427,946,13273,3606,-746,10780,3157,4742,12648,6469,3211,14162,6225,-417,12744,4870,4163,12269,3542,5955,14878,4284,3888,14396,4287,2087,14784,1578,4552,13935,1121,5570,16169,1264,152,15925,1553,828,14764,291,4113,14686,519,-1835,14509,1807,-2414,14030,2680,2562,13448,3480,1363,13432,4713,-2963,13552,5824,-2502,13203,7259,354,14068,6228,-176,12449,5937,-846,13565,4417,4117,12911,4525,5961,13470,5049,396,14091,3787,3030,12693,3631,8044,14032,1232,3545,13301,2196,2448,13817,2061,7371,14249,2919,4364,14147,3097,1477,14330,2458,4851,14481,4193,4339,15328,2965,-947,14659,2310,-4850,14170,2332,-31,15231,2698,1755,13963,2800,-1835,13809,1622,-1093,13512,2716,-97,14174,3103,-3581,12896,3458,-2298,12506,3588,2840,13331,3996,2443,12726,4263,5,11689,4581,2017,12685,5540,3911,12998,5929,2406,13466,4877,1937,13123,3494,6071,13720,3922,5382,14911,3786,1252,15025,2531,3676
14509,1455,3026,14643,3650,2934,13897,3095,5365,14121,2834,5520,14049,3756,622,15620,3005,1921,14313,3209,210,14684,1796,-4938,14221,2638,-772,14978,2946,3399,13884,2879,-893,13950,1545,-3592,13530,2344,-1676,13853,3037,198,12644,2929,-997,11866,4073,-471,13419,5216,4252,13769,2776,2725,9930,5689,-284,14860,5486,2839,12747,7504,5604,13892,3381,1776,12484,3034,3692,13726,3756,7006,16278,3423,2889,14007,1993,963,14770,-28,4609,15027,1496,3005,16443,779,223,14314,262,-1438,13651,471,1594,14694,2649,291,14149,4080,-2318,13369,4724,1358,13315,5157,537,13619,6085,-5317,13235,5736,-443,12868,7753,4296,14593,6257,917,13024,2211,1911,10933,4702,5872,16557,4302,3178,12484,5252,1948,13731,-206,4766,12342,1821,7487,14734,2580,4959,14081,3197,825,13305,2337,5166,14576,2729,7354,14571,4386,-119,15407,2496,169,14280,3167,-305,14829,1797,-2987,14548,3120,-1047,14719,3093,2358,14337,2749,719,13525,1575,-3813,13110,2027,-3906,13776,2876,1837,12814,3449,538,12219,4296,-1654,12503,5303,3653,15177,3747,3171,9279,4905,11
13238,4591,4476,12962,2982,1774,12878,4839,1247,15188,4910,5438,13017,4117,5261,13066,869,1869,12833,1501,6653,14054,3027,7822,14399,2953,391,13637,2838,2265,14065,3209,7223,15016,3577,2570,14944,3076,-1157,14630,2206,-1549,14510,2521,-148,14616,2620,-882,14583,2514,-659,14144,2530,2316,14010,2026,-2028,13578,2451,-6131,13379,2746,581,12332,4292,2945,13192,4293,-514,13348,3083,1256,10435,5001,3764,14264,5981,580,12375,6366,914,13278,3337,5362,12255,4131,6446,14854,4085,2562,14328,3937,2489,14360,2696,5297,15191,1294,3910,15061,1224,788,15598,777,3560,14792,873,2431,14840,1008,-3015,14522,1835,-505,13849,2554,3058,13715,3584,-610,13707,4561,-3147,13464,5305,-595,13617,6557,-146,13357,6071,-1765,12563,5988,944,13877,5253,4804,13592,3157,2862,11974,4400,485,14929,4357,4736,13075,4284,6775,13648,903,2249,12533,1433,4250,13996,3200,7890,14799,3672,2568,13856,3328,1322,13963,2977,6465,14783,3424,3990,14993,2827,-1643,14348,2218,-2858,14434,2725,1055,14952,2491,359,14331,1974,-1897,13972,1993,972,13778,2083,-516
13976,3136,1350,14249,4243,2708,13586,4435,-2401,12804,3982,-3032,13247,6170,-490,14481,6425,416,12544,7034,-594,13508,5620,3098,14612,3189,4961,10869,3266,1874,14928,4452,754,13644,4947,7208,14138,1545,6232,12071,1753,1075,13878,2168,6135,14740,4374,5725,14281,3277,664,13614,2497,4635,13831,3429,4790,15927,2875,879,14428,2785,-3400,14512,1742,-1918,14752,3062,2164,14965,2478,-637,13833,2350,-2514,13603,1734,1106,13912,2637,-2489,13560,3096,-3343,12407,3423,2251,12761,4245,2276,13180,4062,-287,12248,4469,1174,12606,6406,3532,13937,4808,2614,11222,5113,1658,14171,4136,5535,13590,5227,5974,14438,2602,2117,13933,2317,1970,15253,2500,6358,15411,1077,3557,15052,841,-808,14585,-251,3518,15200,992,1854,14730,2243,-2886,14019,2268,109,13479,4073,2286,14485,4791,-1268,12965,5328,-3758,13341,5172,-401,13811,5889,2176,12888,7128,-1099,13558,5958,951,14629,3432,5288,10778,2769,3654,14511,4595,684,14131,5251,5631,13813,2058,7131,12000,877,1517,13641,1817,4547,14806,4269,7019,14286,3070,2573,13456,2462,2423,13976,3244,3180
15297,3514,1350,14040,1171,4093,14808,577,5800,15298,1333,391,15774,534,588,14226,1120,1989,14753,1063,-162,13824,3470,-2170,14363,3037,1190,13514,4863,1631,13424,4571,-3089,13371,5961,-3949,13603,6944,2508,13792,6150,1807,12724,5852,-1389,14894,2729,4131,10894,4552,6511,15063,4018,73,12845,4445,2526,14072,1713,8082,12615,1930,4727,13708,2041,2481,14056,3157,5107,13783,3351,4927,14469,3063,3186,14303,3567,1461,15091,3339,3529,14583,2913,-601,15001,2336,-4763,14594,2782,906,14905,2338,2607,13696,1967,-2392,14011,1428,-2374,13502,3197,-496,14213,2735,-983,12324,3198,-1727,12281,3819,998,13339,5450,3292,13321,2901,510,10026,4513,1159,14349,6028,4624,13199,6912,3562,13175,3208,1566,12717,3165,4969,14455,4407,5831,15807,3851,2099,14173,1753,2720,14778,664,6114,15307,1370,1940,15912,1026,-271,14412,603,857,14286,1017,1123,14036,2750,-1465,14166,3153,-579,13536,4733,2089,13687,4613,-1726,13222,5662,-5135,13474,6645,1270,13739,6467,3411,13084,5882,-1200,14040,2789,2113,11233,3925,6658,15088,5057,1568,14022,4291,1444
13183,4555,2774,11877,4351,-312,12487,5494,2468,13209,6163,6236,13739,4804,2797,12826,3327,1693,13807,3438,6318,14970,3318,4789,14872,2280,1357,14708,492,4329,14957,1090,4588,16002,1154,146,14858,725,-1285,13999,1572,1368,14784,2612,1364,13970,3695,-1861,13428,3823,-144,13435,4897,904,13670,5726,-3919,13237,6442,-2178,13504,6846,3757,13994,5182,1983,12958,3900,125,12615,3597,3823,13624,4584,5033,13954,3423,2481,13037,2632,3180,13027,2218,7210,14047,2809,5448,13918,3126,1458,13690,2775,4039,14014,3215,6587,14865,3254,2534,14762,3229,360,14408,3285,1104,15171,2294,-1846,14626,2621,-2498,14807,2113,1459,14067,2186,1900,14012,1561,-3203,13516,2307,-3813,13437,3002,876,13210,3420,305,12136,4368,-1730,13506,3959,2381,12360,4335,3548,11944,4693,-1,13173,5455,997,12798,6079,6600,13522,4485,4340,13269,3790,885,13793,3479,5276,14952,3797,5787,14873,2186,2026,14657,341,3054,15000,1185,4873,15826,1011,1465,14632,1057,-2738,14365,1053,636,14295,2685,2843,14356,3155,-1774,13255,3684,-1382,13382,4918,982,13553,5763,-2596
13797,2238,1767,14413,1784,-276,13089,2423,-5085,13640,2070,-1815,12627,3848,2655,13171,4323,-214,12819,4392,-734,12675,3765,4051,11972,5307,2692,13945,5478,-668,11978,5295,4052,13237,4389,6899,13968,4662,2245,14161,3740,2377,14103,3112,5719,14947,2451,4668,15265,1548,1593,14927,579,2905,15158,685,3994,15009,1040,-1676,14586,1199,-2276,13824,2131,3294,14395,3135,824,13899,4433,-3340,13334,4280,-501,13278,5987,36,13957,6610,-2441,13651,6311,-323,13024,5468,3943,13666,4339,3116,12864,4493,104,13672,4339,4089,13595,3255,6669,12668,2841,2631,13815,2493,3459,13388,2882,7080,13570,1714,4842,13808,3506,686,14972,3502,4666,13981,3017,6902,14554,2203,-421,14622,2851,-2364,15526,3284,541,14794,2549,-149,14375,1618,-1536,14161,1970,634,14464,3003,333,14018,2495,-4037,12834,2260,-3201,12803,3916,2260,13663,4099,1224,11845,4137,-1104,12729,3581,2778,11502,6467,3991,14645,5445,196,11299,4539,2538,13135,3869,6819,14276,5008,3695,14143,4076,1557,14137,2034,5070,14584,2177,5795,16099,1571,2064,14902,837,898,15274,596,3671
14822,3489,3068,14069,2908,4867,14395,2394,963,15142,3795,-3833,15363,2713,-1435,14365,2229,2793,14193,1466,-750,14464,2063,-3490,13900,2831,296,13658,2721,-1004,12936,2964,-3479,12707,3674,782,13158,4234,2952,12603,3764,216,11698,4204,324,12544,6185,4347,13896,5568,4275,11578,4654,1357,13572,3702,4008,14124,5512,5788,14620,3319,3125,14133,2246,2150,14868,1582,6083,15669,810,4163,15202,728,-1319,15020,471,1079,15287,1808,2176,14600,1555,-780,13666,1518,-484,13058,3580,1644,14561,5145,-1244,13324,6017,-4452,12687,6054,-694,14032,7007,2976,13587,6030,-343,12679,4413,184,12671,4314,5757,13717,5421,4084,14640,3691,1111,11815,2676,5573,13875,2635,7054,14602,2848,2045,13226,1562,3641,13237,1998,6489,14787,3299,4278,14880,3504,2409,14217,2707,2333,14311,3108,1657,15691,3395,-3510,14705,2636,-2558,14210,1577,3101,14215,1631,11,14298,2763,-4232,14080,2523,-941,13035,2978,-58,13126,3112,-2041,12921,3637,-588,12619,3989,2937,12969,3885,2414,11649,5549,-311,13411,5997,3249,12624,5326,5871,12853,4365,1845,13784,4350,2502
14131,3009,4253,12519,2221,826,14242,2102,7316,13702,1926,7148,13715,2303,1211,14198,2785,4168,14985,4065,6779,14749,2695,1285,14211,2091,-2287,14554,3531,-1031,15928,3415,345,14006,2510,-1595,14002,1163,-749,13608,2691,1538,14524,3088,-3076,12945,2149,-4134,12461,2288,1452,13000,4069,1249,12886,5468,-947,13573,4121,1549,10089,2531,5660,13342,6686,1137,14681,6507,634,13153,5651,6738,11868,3278,4513,14371,3181,1252,14581,4000,4945,15566,2010,6104,13948,1757,2047,15587,-141,557,15374,1394,3306,15332,418,1793,14325,778,-3688,13720,1276,673,14459,2865,3154,13306,4402,-1769,13905,4376,-3103,12827,6482,113,14207,7535,-500,13635,7413,-1860,13107,5772,2509,13140,4691,5229,13146,3946,2364,13197,4234,980,13894,3892,6425,13402,2932,6017,13401,2052,1390,13715,1439,5867,13245,2206,7311,14783,2323,1321,13583,2783,3563,14640,3342,6616,14973,3401,1290,15013,3196,-3689,14554,1795,-2160,14505,2829,975,15188,2630,-630,14038,2426,-1286,13641,2764,684,14149,2814,-1975,13256,3005,-4490,12774,2727,598,12015,4911,3373,13970,4131,-29
12867,6868,3786,13432,6267,1145,14429,3773,430,10382,3777,6298,14190,5103,4586,13968,4538,1317,13814,2699,4800,13101,1313,7625,14074,1748,3390,13878,1972,1860,13776,2486,4939,14308,3286,7258,14672,3314,2486,15124,2454,1003,14023,3758,765,15529,2708,-4162,14169,2863,-2301,14825,2095,2843,14052,3360,1140,14149,2057,-3705,13167,2096,-3378,13793,3914,166,13859,3346,251,11880,4048,-1235,12814,3188,2628,12561,3417,4185,11400,4696,-437,13655,6303,1829,12586,6419,6785,13813,3937,3091,12665,3671,1189,14358,3854,6206,15188,4087,5286,14926,2235,1146,14191,276,3341,15302,1109,4147,16332,1458,537,15063,591,-2292,13699,441,1017,14374,1425,2178,13928,3399,-1407,13709,4606,-786,13379,5554,685,13696,6170,-3689,13141,5956,-2509,12809,7165,3693,13843,7124,3243,15006,3140,-193,8656,2736,4698,15149,5293,5335,14925,5732,2484,14197,1416,3672,11471,355,6403,13852,1574,6001,15233,3511,1578,13920,3015,3192,13733,3068,8501,14280,3659,2006,15934,3216,-1546,14109,3122,275,14549,1747,-2107,14284,2846,-2071,15308,2044,1554,13225,3298,1354
13989,397,-1447,13535,2574,3544,14199,3520,-5,13829,5058,-3268,12955,5931,-327,13689,6644,-626,13409,5278,-1184,12589,7428,582,14527,6306,4532,13224,1874,3554,10748,3888,1322,16084,4940,3875,13300,5867,7132,13829,-334,2212,12075,926,3567,14143,2767,8813,15448,3908,2767,13111,2627,1015,13640,1981,6911,14744,4234,3553,15749,3741,-1461,14428,1804,-3267,13582,1869,249,15422,2952,516,14708,3289,-1252,13800,1919,150,13490,2281,-232,14141,3404,-5029,13629,2600,-1186,11653,3363,3844,12885,3652,848,12385,5944,-617,14497,4670,5398,11097,4698,1638,12187,4871,-726,14094,5484,6243,13374,5444,5315,14149,1294,4583,13053,3633,1375,15636,2697,4144,15407,2915,5798,14699,398,-229,15334,375,1425,15330,1631,4030,15110,1183,-2123,13644,682,-1686,13674,2415,2266,14312,4707,775,13950,4993,-2561,12897,4873,-2954,12941,6919,504,15104,6965,384,12063,6209,-938,13508,3048,4684,12009,3871,5654,14034,5074,-293,14760,4397,2940,12617,3715,8035,13474,868,3098,13110,1847,3142,14011,2527,7832,13875,3128,4090,14182,3014,1299,14189,3243,4203
14636,4437,2603,16344,2697,2288,13046,1949,5642,15591,-767,3376,15341,2133,-1191,15663,792,2389,14269,1414,857,13933,1197,-2023,14240,2685,-138,13596,4768,2125,14395,4278,-1304,12582,5300,-4566,13660,6506,-653,13926,7166,3238,12898,6197,-294,13865,3657,704,11620,3341,7030,13976,5049,2628,14905,4489,-333,13001,2832,6965,12386,1513,6718,14516,2015,2586,13680,2934,4587,14055,3138,5293,14175,3066,3412,14206,2863,2440,14529,3393,2988,14971,3319,2304,14981,2710,-4628,14371,2071,-2553,14793,2851,3370,14369,2240,296,13833,1802,-3106,13669,2082,-667,13479,3311,-978,13815,2794,-2391,11601,3634,-36,12668,4821,3865,14392,5151,1344,11062,2766,-11,11980,5312,3765,14474,6565,4277,13174,5938,2463,12344,2236,3199,13748,3768,6230,15142,4396,4113,15526,2824,1009,13541,1034,4676,15569,300,4757,15639,1984,-437,15437,339,838,13920,1092,1366,14310,1258,-756,14232,3295,-1289,13681,4369,1339,14093,4662,570,12617,5168,-4366,13766,5848,-2608,13121,7457,3703,13867,6306,1107,13394,4428,-563,12490,2098,5951,13029,5293,4777,15521,4230,-654
14129,4695,4032,11439,3753,1196,12329,5687,196,13563,6117,5315,13544,5135,5019,12462,3078,607,14000,3249,4489,14391,4747,6760,15632,2872,2293,14074,1411,2175,15047,1017,4897,15914,1109,2459,15008,399,-885,14220,346,-95,14497,2579,2734,14703,3515,-843,13509,4080,-2130,13688,4720,1155,13695,5469,-1545,13351,6205,-3710,13266,6150,1995,13350,6496,3364,13883,4276,-468,12193,2621,2638,12957,5238,5956,15594,4252,2997,12142,4129,1951,13380,511,5731,13119,2771,7301,14631,2808,3144,13563,3123,2026,13803,3023,6142,14578,3633,4003,15244,3624,-627,14243,2429,1896,14841,2187,-98,14855,2593,-2747,15111,2784,-539,13886,2596,1804,14283,1607,-669,13360,2067,-4689,13881,2650,-1406,13147,3302,1743,12504,3052,-1162,12133,4360,-657,14066,4232,4492,11569,3904,2420,12266,5912,-743,13688,5733,3748,13240,5464,6142,12861,2940,1446,13653,3172,3317,14380,4391,6665,15595,3182,3228,14278,1853,1598,14989,624,4149,15598,1252,3972,15251,665,-520,14425,386,-1699,13859,2172,2361,15031,3202,389,13395,4431,-2619,13799,4136,718,13483,5564,-279
14965,2296,421,14081,2911,1601,14097,1718,-3185,13328,1817,-4611,13096,3186,1230,13127,3571,2074,12261,4353,-2021,13046,3513,1708,11701,5031,4826,13322,6455,-129,13495,5324,669,12114,4834,6971,13159,3414,4666,13793,3979,1591,14307,3689,4792,14813,3176,5507,15042,1937,2212,15061,1146,1562,15307,1084,4531,15184,512,2501,14609,988,-3052,14108,1412,701,14339,3263,2807,13925,3929,-1988,13769,4515,-2436,13381,5240,588,13949,5628,-1571,13159,6121,-1992,12927,6152,2643,13851,5926,3682,13977,3287,1094,11693,3335,1789,14321,4978,5502,14276,4239,4648,13013,1677,2041,12589,811,5862,13597,3396,7691,15034,3662,1890,13524,3374,1859,13981,3454,6507,14982,3379,2896,14952,3125,-1116,14364,1877,-157,14498,2134,406,14923,2359,-1513,14866,2094,-990,13853,2794,1614,14510,1971,-1687,13522,2398,-5125,13123,2571,286,12394,4085,2852,12995,4084,-1291,12514,3620,380,11928,4262,4259,12980,5845,1693,13167,5908,-225,12524,4326,5210,12712,3985,6281,14161,3947,2137,14234,3859,3046,14645,3174,5910,15255,2071,3539,15129,1130,1049,15174,688,3468
13812,3717,323,14398,3182,4071,14470,3934,4980,14972,2132,168,14093,1736,-2453,14681,2939,-178,15429,3457,1151,14773,2386,-1895,13655,1271,-532,13943,2297,248,14193,2256,-3420,13085,2526,-2928,12320,3354,2891,13000,4810,997,12845,4930,-1284,12740,2975,3322,11169,6183,4080,14996,5736,75,11893,5280,2262,12661,2788,6734,13785,4514,4685,14931,3982,1887,14484,2807,3876,14399,1926,5709,15677,1601,1951,15332,748,879,14811,276,4769,14612,347,-67,14583,2004,-3314,14429,3495,1383,14247,4258,2600,13852,4541,-2609,13489,4288,-3188,13045,5479,555,13708,6610,614,13337,6761,-847,13049,4671,2532,13256,3342,4208,12666,3886,1901,14191,4929,1127,13977,3543,7237,12812,1874,5794,13257,2255,1302,13847,2905,6805,14132,3388,6418,13944,3173,572,14510,3154,3307,14289,3922,4969,15095,2587,1403,14296,2404,-2696,14792,2200,-1065,14870,2870,1962,14705,2340,-1784,14070,1691,-2008,14004,2225,1219,13541,1761,-2586,12873,2436,-3706,12580,3588,1849,13160,5095,2511,12979,3890,-516,11964,3588,1233,11936,6227,3714,14870,5432,2112,11724,5386,1574
[row took 89206us]
13097,5606,4444,14968,3615,727,11979,2630,4996,13529,2569,7495,14713,3657,2660,13417,2564,3305,12985,1853,6988,13979,3543,3518,15678,3786,1591,13896,2796,3178,14089,2166,2698,14794,3413,-2237,15698,2665,-2706,13999,2160,2319,14244,1090,438,14184,2586,-4278,14534,1936,-1073,12879,2600,362,13128,2656,-2344,13035,3772,-969,12915,4507,2638,12840,4077,2052,11736,5142,-471,13153,5970,2646,13195,5623,5755,12000,4261,2123,13206,3842,2159,14512,4980,6268,14393,3505,4712,14206,2652,1207,15306,1559,4521,15185,1009,5458,15272,34,-90,14634,359,-440,15150,1734,2034,14538,1989,1166,14133,2202,-1535,13414,3821,-91,14402,5358,396,13581,5720,-3481,12764,5822,-2262,13787,6897,3324,13892,6397,1579,12724,4495,-926,12913,4124,3920,13256,5531,5732,15070,3002,1663,11363,2484,3399,13716,1933,7749,14455,3433,4075,13539,2277,2422,13317,2085,5271,14312,3811,5411,15451,3617,2718,14100,2560,684,14055,2604,2073,15522,3400,-1290,15065,3099,-3090,14557,1398,1630,13769,2098,1190,14882,2500,-3803,13955,2126,-2889,12879,2097,477,12944,2883,-423
13234,5360,345,13495,6070,-616,13428,6906,-2399,13340,6144,1950,12918,5650,4340,13536,4895,1248,13032,5250,929,14023,3894,6341,13130,2095,5531,13085,1967,2057,14393,2372,5297,13208,2872,7320,13870,2226,3243,14438,3937,1566,14920,3506,6818,14345,2065,4002,14035,2123,-2859,14957,3284,-1538,15370,3528,1173,14419,2215,-927,14209,1345,-1564,14036,2742,593,14689,2519,-1490,13253,1742,-4785,12120,2607,-573,13749,4188,3093,12663,4285,-144,12242,3882,-208,11677,5691,4346,14228,6505,2337,12546,4752,737,11813,3273,5275,13229,5161,6115,15289,5465,2387,13800,3425,2433,14209,2467,5186,15906,1781,4751,15516,309,345,14848,-837,1694,14679,178,3138,15485,1653,-1730,14248,1560,-807,13772,2288,3230,13889,4457,-564,14354,5260,-4621,12639,5656,-1390,13056,6891,1302,14318,7162,-565,12750,6478,224,12752,4240,5330,13077,5603,3760,14274,4213,-553,12828,3403,5402,13825,2122,7506,13230,2342,2084,14180,2419,4404,13168,2532,7755,14494,2311,3599,14264,3583,1569,15203,2647,4607,13827,2294,3651,14644,2037,-2659,15001,3733,-3573,15361,4553,2160
14459,-223,-840,14416,1170,88,14902,2373,1619,14210,2737,-2252,13079,2655,-885,13413,4547,2417,13847,5947,-3445,12930,7249,-3990,13248,6763,3223,13343,6419,2510,13552,5182,-68,12839,4218,4491,12939,5613,4929,14844,2581,2628,12259,2736,3067,13711,1147,7759,13824,3516,6756,14390,2461,1234,14164,2723,2519,14030,2664,7298,14922,2524,3463,14510,2502,-82,14217,2813,1263,14885,2810,-1801,14692,3463,-3628,15112,2539,623,13645,2647,2304,14289,1698,-2972,13216,2300,-4690,13275,3202,253,13368,3795,1638,12538,4175,-660,13196,3261,1509,11900,5374,4129,13698,5475,328,12492,4725,295,11978,4816,6483,13512,4693,5775,13893,5100,1767,14119,3976,3961,14238,3516,5301,15427,1870,2247,14873,-33,1914,14786,-256,4423,15448,335,1849,15225,1310,-2918,14527,1589,189,14336,2203,2493,13756,2612,-1301,13235,4285,-2098,13866,5457,896,13598,6780,-1958,13062,6817,-2901,12525,7370,2711,14396,6384,4453,13067,3230,1325,11767,4931,1678,14554,3248,5722,13122,4252,5586,13539,960,2942,13473,2244,5486,14100,2945,6897,14463,2540,1264,14065,2991,2142
14937,3857,3823,15050,3995,580,14364,1636,4342,14778,549,5708,15110,648,-540,15959,419,2368,14596,935,2696,14716,733,-2667,13975,2434,-1869,14425,2995,2102,13215,4285,1297,13572,4285,-2992,13093,5815,-3055,13252,6629,1903,13639,7555,86,13137,6952,-737,14773,3216,5698,10652,4283,5302,15425,3961,-1132,12661,4945,4329,14067,1590,8635,12930,1735,3022,13980,2482,2896,14622,3200,5949,13361,2458,3828,14168,2042,3765,14136,3073,3775,15248,2830,3664,14395,2947,-2872,14814,2219,-5159,14371,3561,1507,15362,2709,1870,13731,2751,-2822,13889,1285,-980,12917,2736,-168,14057,2150,-2736,12265,3893,-616,12982,4861,2648,13102,5902,2084,14525,3482,-1152,9397,3790,3380,12909,5829,4284,14242,6436,3254,14082,4146,3073,12137,3831,5603,14063,3882,4408,16479,3909,849,13941,1746,3722,14663,-602,6077,14492,721,449,16587,487,130,14174,1476,1603,14941,876,-776,13678,2871,-1841,14120,2803,815,13175,4887,1945,13611,4649,-2515,13348,6294,-4696,12811,6019,2771,13747,7880,1809,14137,6779,-1563,13321,2300,5111,11436,4791,5986,16131,3686,-76
12841,3271,4216,11255,4341,1002,13644,5378,-499,12644,5801,5008,13003,4274,6150,13217,4377,1999,14423,4778,3239,14567,4629,5949,14733,2544,2623,14679,810,1944,14889,79,4813,15502,456,3643,14847,1079,-2067,14989,1316,-1529,14429,2643,2700,14334,1869,79,13082,3690,-2658,13767,4247,988,13468,5616,-609,13516,6531,-4293,13111,6460,997,13320,6957,3860,14290,4690,871,12286,3259,1601,12706,5163,4780,15503,4049,4979,12629,3505,2806,12749,715,4530,13518,2863,7626,14663,2886,3334,13988,3215,167,13562,2858,6803,14582,2545,6552,14526,2737,-527,14633,2244,-454,14658,3710,-891,15349,2797,-1724,14306,2388,-750,14025,2063,1755,14499,1919,87,13201,1980,-4659,13622,2505,-2444,13256,3767,3067,12917,4522,-277,12548,4872,-996,12611,5455,3135,14463,2639,3189,9879,5466,849,14308,4329,2736,12234,7227,7524,14576,3298,2623,13744,3137,922,13635,3950,5986,16765,2891,5051,13605,2014,790,15074,-1986,3929,14414,1651,3527,16408,1035,-184,14239,1803,-3267,13616,1373,1313,14574,3201,1967,13941,4594,-2502,13692,3933,-666,12393,5159,716
13967,2330,-882,13833,2138,1019,13569,1977,-1717,13653,2853,-4502,12934,3769,1602,12946,4493,2383,12529,4148,-1453,13037,3736,1795,11483,6159,4462,14511,4698,999,10930,4520,1754,13706,4444,5865,14004,6112,5280,14508,3871,2336,13696,2102,2621,14597,2961,5900,16093,1387,3803,14362,324,-170,14950,74,3427,15189,634,2969,15054,2654,-3715,14421,1511,116,13216,3173,3130,14324,4286,-1908,13649,4908,-2787,12847,4879,105,13501,6133,650,13389,7005,-1799,13239,6900,989,13819,5537,4666,13484,1492,2895,11454,4320,2095,15535,3745,5483,12968,4862,6420,13319,258,1745,13099,2090,3932,14072,4014,7859,15446,3526,2281,12785,3018,2073,14601,1489,5231,14475,3605,1848,15504,2930,-1545,14361,2271,-1972,14250,2730,1026,15461,2335,-400,14060,2562,-3121,13894,1820,43,13240,1519,253,13509,2988,-3928,12971,3109,371,12185,5422,2706,14005,4936,-876,13033,3096,333,10008,4872,5004,14877,5557,2710,12208,6434,1518,13473,2792,4664,12627,4666,5332,15253,4179,3152,14864,3473,2164,13961,2017,5556,15049,528,5271,15024,864,-551,15369,97,2425
14613,2730,2617,14069,2606,2743,14652,2573,4325,14447,2749,-954,15258,2688,-5313,14603,3312,700,15133,2450,2253,13777,2231,-2442,14158,1407,-1735,13305,2744,-26,13990,2667,-1780,12485,3271,-1753,12448,4559,1346,13571,5598,3082,13352,3001,220,10019,4512,1377,14374,5725,4666,13042,6428,3315,12941,3209,1959,12943,3696,5543,14766,4804,5479,15585,3937,1441,14146,1636,2884,14671,258,6371,15040,653,1816,15698,613,48,14486,975,1032,14685,1460,426,13960,3008,-1767,14423,3120,207,13489,4807,2202,13776,4049,-2213,12737,5403,-4868,13566,6745,1706,13948,7085,2890,13031,6220,-1325,14193,3004,2885,11387,4304,6316,15075,4497,1064,13405,3720,2184,12844,1411,7655,13165,2377,6096,14675,3269,2171,13416,3653,3517,14051,2654,5664,13894,3229,3651,14903,2344,1792,14084,2948,3491,14873,2556,115,15139,2967,-5039,14717,2467,-411,14679,2563,2821,14152,2449,-1074,14299,1772,-3283,13001,2065,-497,13554,2712,-280,12794,3598,-1889,12298,4752,537,13514,4961,3492,12949,3503,1380,10871,4887,-93,13861,5408,4129,12735,6030,5570,13127,3617,1594
14163,3677,5058,13146,2813,2585,13405,2199,3824,13308,3071,7579,14548,3206,4506,13620,3204,1145,13865,2642,4580,14105,3177,6361,14950,2595,1906,14441,2574,199,14456,3286,589,15394,2767,-2297,14720,2563,-2352,14655,1627,1652,13769,2254,1465,14334,1734,-3840,13269,2205,-3072,12760,3279,1374,13389,3909,-9,12417,4752,-1438,13644,3515,2857,11426,4645,3740,12911,5124,-300,13042,4985,2088,12415,5373,7259,13676,4535,3557,13854,4424,1096,13982,3914,5488,14878,3135,5223,14785,1796,1904,14940,-380,3171,14842,906,4767,15494,424,789,14676,1672,-3284,14457,1704,1161,14371,2719,2496,13839,3380,-2186,13717,3766,-1336,13042,5289,639,13741,5592,-1961,13376,6410,-2063,12845,7080,2525,14735,5962,3378,13568,3439,7,11472,3243,3205,14266,5045,6423,14584,4367,3851,13089,1940,2771,12411,1399,5849,13926,2692,6348,14806,3474,1478,13495,2956,2928,14125,2783,7288,14617,2704,2295,14761,1986,-1000,14078,3019,-120,15536,3046,-1063,14961,3354,-1956,14631,1675,425,13306,2126,1368,14295,1509,-2570,13528,2771,-4205,13311,3473,917,12929,3991,2129
12989,4490,-922,13474,6529,662,14432,7141,-1390,12900,5893,113,13027,4595,4875,13723,4765,2883,13680,4794,251,13624,2697,5642,12039,2610,6755,14369,2717,2878,13779,3150,3307,13021,1839,6916,13541,2662,3623,15020,4209,866,14363,2996,6221,14195,1466,4621,14166,2574,-2379,15912,3651,-2848,14765,3712,1163,14839,1445,228,13960,1881,-2229,14331,2345,-37,14059,2249,-111,13045,1954,-4308,12518,3274,-1470,13353,4878,3060,13030,4158,926,11936,3870,-706,11826,4886,3317,13620,6358,3957,13032,4103,1082,11497,3642,3919,13768,4951,6442,15067,5242,2889,13983,3431,1833,14691,2088,4912,15312,1699,6089,15529,98,903,14864,-74,646,14669,1522,2913,15679,2118,-1001,14048,1909,-1816,13582,2011,2680,13777,4433,554,14045,5073,-4103,12914,4633,-2140,12576,6824,1894,15000,6519,348,12476,6177,-735,13557,3986,3581,12573,5173,4525,14504,4526,794,13423,2588,4246,12186,2807,7936,14793,3180,3440,13900,3688,1817,13145,1952,6992,13560,2661,5086,15472,3753,1353,13830,2489,4421,14159,1648,3794,14217,3064,-1273,16092,3473,-3901,14265,3166,954
14898,381,-1656,15384,1700,475,14454,1991,2574,13964,1618,-936,13275,3105,-1882,13952,5258,1122,13765,5505,-1673,12549,6556,-4155,13711,7069,1699,13758,6964,3747,13160,4866,-198,12890,4257,1323,12946,5637,6183,15212,3150,4043,11719,2517,2100,13813,1883,6785,14301,3761,6107,14113,2187,2481,13161,2236,2702,14384,3313,6265,14812,2471,5554,14084,1825,-293,14120,2696,269,15703,3901,-142,14996,3631,-3312,14430,1267,-57,13564,2350,2255,14926,2441,-2087,13717,2205,-4358,12772,1731,-725,13096,3893,1434,13635,4229,-807,12133,4081,-151,12701,4150,3999,12437,6033,1951,13357,5531,-394,11828,3939,5734,12497,4828,6270,14548,5360,1317,14211,4475,2807,13846,2838,5920,15022,2280,3443,15821,1397,2108,14503,-302,4021,15195,-502,3140,14963,1728,-2113,15679,1320,-1444,13383,1946,3439,14158,1806,-10,13579,4399,-3441,13641,4876,186,13000,6140,-456,13461,7325,-3185,13769,6871,1008,12875,6301,4361,13781,4830,1541,12867,4882,549,13678,4279,5479,13641,2162,6254,12521,2480,2507,14371,2194,4624,13347,3278,6879,14032,1872,3736,14219,3336,1233
14908,3459,4902,15230,4449,1266,15106,1129,3261,13888,892,5706,15297,-484,636,15962,616,389,14469,1172,2802,14938,632,-1237,13465,2192,-2212,14737,2643,1173,13195,4940,1548,13658,4140,-2650,12947,6498,-3585,13872,8404,1476,13894,7738,1324,13041,5610,-608,13131,3764,4369,12855,4739,6153,14313,4169,96,12586,2834,3068,13156,2384,8753,14355,2601,4785,13963,2203,2258,13276,1585,4888,14381,2519,4769,14523,2957,3842,14356,2497,3046,14379,3237,2653,15213,3058,-1563,14892,2871,-5123,14691,2679,-142,14702,2825,2620,14217,2490,-2286,13709,2251,-2559,13186,3094,360,13693,3075,-1377,12144,3736,-1694,12443,4399,2362,14119,4554,3078,11183,3175,820,12164,4918,1280,13138,5782,5013,13622,5679,4085,12642,4121,2216,14114,4380,5297,14686,4308,5668,15209,2242,1162,14141,340,2318,15173,830,5351,16155,861,1410,14766,462,-862,14646,808,-494,14574,1531,1557,14134,2443,-1949,13153,2741,-1364,13048,4526,2972,13703,5907,-2115,13478,7566,-4814,13371,6789,2119,13298,6212,2663,13494,4882,-185,12696,4102,4563,12769,5799,5667,15025,3450,2907
10819,3643,4592,13551,6726,2091,13279,6108,1324,12608,4164,5628,12598,3919,6030,14887,4743,2281,14761,4116,2221,14801,2367,5194,13967,901,4154,15363,-48,348,15544,853,2733,15310,906,2900,14503,830,-3264,14172,1255,-1439,14148,3061,3192,14045,3831,265,13174,4574,-3337,13178,5085,-1052,13555,6760,141,13346,7302,-1464,13061,7409,1105,14262,5926,5126,11977,1518,4194,12310,4976,364,15807,4108,4177,12825,4499,8192,12801,-102,2450,13241,1372,3109,14605,3405,7571,15073,3070,2225,13453,2912,2606,14105,1890,6671,14953,3235,3016,14998,3078,-2116,14929,2178,-4516,13939,3106,606,15677,3016,879,13683,3122,-2485,14023,1397,-39,12953,2413,43,14050,2644,-4262,12784,3542,-465,12335,4891,3236,13626,4981,729,14063,2773,145,9492,4481,4406,14445,5997,2994,12858,6515,1658,13805,3789,3945,12128,4549,6612,14991,3761,4178,15185,4096,674,14116,1348,4213,14675,417,5667,14908,644,-605,16027,487,1744,14432,1159,2292,14697,229,-2170,13794,2659,-2053,14485,3085,2015,13260,4438,1502,13284,4305,-2917,13178,5892,-3434,13400,6773,1878
13007,1625,-3070,13751,2943,-506,13764,3061,313,12005,3998,-1305,12789,3801,1642,12565,6861,3637,14818,4344,1847,10671,3636,-640,11811,4076,4693,14272,6152,6851,13789,5948,629,14250,2113,5424,13272,4617,5205,16103,2735,1287,14917,1844,2827,13898,-433,4985,15424,194,2438,15356,1772,-1695,14818,1189,-1030,13861,1573,2442,14263,2696,-1740,13964,3992,-1681,13497,4418,2866,13144,4893,-2286,13192,6620,-4402,14086,7631,2266,13419,7062,3247,13686,3602,269,11408,3229,2863,13894,5579,4851,15087,3998,3677,12397,2673,2745,12685,1226,5861,14065,3096,7867,14662,2934,2413,13291,2367,891,13895,2435,7009,14641,2980,4546,14952,2862,-79,13967,2629,1240,15096,2892,-1546,15095,3212,-3173,14661,2430,-160,13819,2771,2533,14555,2035,-438,13558,2501,-4918,13323,2469,-1355,12815,3714,2067,13056,4438,-1181,13308,4119,566,11998,3552,4604,12055,4922,1178,13550,5619,-233,12459,5253,5352,12544,3862,6207,13850,4512,1931,14420,4792,3370,14899,3988,5396,14518,1944,3107,14965,432,2130,14962,595,4139,15718,501,3342,14648,1303,-2506,14879,1474,-1406
15073,2763,-68,14545,2644,-2228,14568,2907,-1104,15253,3213,-477,15069,2917,-1560,13754,1922,688,13896,1788,1243,13540,1968,-3591,13409,2513,-3648,12445,3962,2708,12875,4751,1670,12606,5489,-1191,14693,2861,2363,9071,5029,4909,14766,5270,149,11935,6365,2487,14158,3443,7455,12794,4257,4078,14708,4068,1160,15453,3610,4209,14209,1895,5258,15234,249,2478,14575,379,1022,15779,992,4554,14948,1122,73,14377,1519,-4122,13804,2794,986,14723,3566,2893,13146,4538,-2279,13163,3432,-2215,12730,5956,-21,14680,6614,-995,12720,7675,-805,13455,6238,3112,14939,3880,4036,10914,2417,2231,14120,4277,1568,14248,4337,6521,13401,2546,6109,12514,1671,1221,14105,2422,5974,14385,4197,6438,14561,2986,30,13413,2609,3979,14251,2607,6357,15087,2854,925,14502,2809,-2796,14815,2649,-2159,14775,3308,670,15202,2197,-1004,13580,2307,-1437,14014,1425,1418,13361,2433,-2010,13540,3067,-3936,12821,3857,1970,12801,4578,1941,12993,4013,-987,12356,4158,1812,12032,6008,3982,14277,4471,1985,10773,4709,2194,14150,4351,5638,14071,5779,5444,14534,3190,1944
13406,2330,7557,13860,2707,2440,13916,2818,3533,13757,3277,6044,13953,2802,3849,14278,3298,2245,14434,3022,3201,14463,2858,3433,14973,2857,-2566,15108,2315,-3737,14663,3391,1905,14916,1846,349,13583,1855,-2685,13776,1033,-487,13241,3017,-44,13789,2618,-2659,12229,3517,-1155,12425,5254,2026,13917,5264,1913,12552,2975,-104,10526,4316,3946,14118,6274,4456,13160,6138,1869,13101,3075,2586,13134,4149,5887,15133,4471,4524,15400,3422,1256,14031,895,4534,14803,279,5807,15112,1000,159,15581,576,777,14338,1594,1957,14951,1374,-870,13677,3473,-2072,14236,3205,1481,13498,4676,1687,13337,4137,-3233,13211,5817,-3308,13555,7171,2640,13995,6575,982,12957,6118,-1304,14654,2994,4705,11339,4344,6284,14903,3567,207,12561,3992,3372,13893,2009,8117,13361,2483,4105,13766,2768,2605,14065,3270,4991,13766,3091,4823,14418,2900,2882,14228,2826,1967,14716,2780,3763,14749,2670,-1275,15054,2632,-4819,14918,2901,816,14805,2224,1904,13797,1873,-2599,13776,1464,-1793,13282,3022,136,14015,2833,-1156,12177,3630,-2054,12685,4561,1051,13576,5698,3139
13478,6314,417,13459,7327,3606,14074,5869,-294,13572,2934,1445,11344,3529,6308,15081,4275,3601,13523,4120,1610,13182,1442,5879,12728,2549,6891,14644,3090,3272,14021,3524,2028,13319,2662,5390,14149,2742,5346,14626,3177,1033,14645,2632,1869,14444,3258,1000,15398,2860,-3807,14816,2595,-1884,14542,2383,2239,14134,1806,372,14078,1769,-3453,13328,2152,-1728,13127,3271,1140,13205,3762,-1105,12491,4474,-1544,13009,4579,3513,12869,4250,2709,11737,4767,-7,12941,4891,3452,12486,5577,6303,13876,4439,2071,13410,4136,2137,14225,4030,6153,14995,3167,4006,14743,1685,1793,14912,313,4654,14937,639,4203,15540,698,-291,14670,863,-1648,14411,2375,1423,14736,2799,863,13606,3482,-2069,13402,3870,53,13426,5067,850,13479,5837,-3978,13099,6765,-1125,13878,6750,3713,13676,5165,1501,13196,3863,407,12726,4007,4435,13964,3776,5478,13178,3084,2609,13378,2387,3552,13363,2818,7465,14354,3074,4479,13676,3145,1079,13758,2477,4753,14070,3100,6340,14878,2941,1731,14555,2756,73,14473,3137,647,15259,2655,-2146,14849,2818,-2513,14627,1942,1514
14737,1110,-3262,14549,2105,-622,14604,3748,2955,14106,3953,-1147,13503,3764,-2442,12832,5013,793,14074,5632,-865,13138,7568,-2309,13582,6147,2252,13081,4890,2830,13772,2762,914,12165,3706,3179,13928,4962,5088,13966,3314,5310,13019,2152,2258,13377,2570,4617,14022,3804,8032,14417,2784,2076,13235,2408,1643,14506,3103,6696,14746,3609,2805,14987,2706,-881,14335,2444,-215,15122,2971,-78,15113,3117,-1839,14663,1811,-1667,13332,1986,2018,14471,1797,-800,12886,2336,-4892,13020,2410,-411,12645,4567,2440,13419,4631,-1437,13037,3714,95,11349,4425,5034,13208,5996,2249,13381,5170,252,12249,4061,4843,12894,4582,5908,15123,4845,2169,13849,3435,2630,14324,2354,5775,15172,2117,4753,15522,1263,1153,14770,121,3161,14681,421,3040,15183,1790,-2695,14476,1952,-802,13740,3154,3087,14328,3853,-800,13832,4377,-3112,13119,4686,-109,13583,6044,719,13762,6958,-1811,13386,5752,-87,13025,4717,4238,13919,4148,2603,12958,4690,689,13877,3221,5614,12344,2873,6165,13832,2702,2349,14078,3347,3819,13179,2549,7097,13412,2047,3855,14301,3997,793
14995,5107,4596,13990,3108,1666,14295,1640,4039,15223,1972,6532,15633,677,1615,14817,-203,-461,14321,1022,3155,15729,2097,865,14360,2689,-1780,13973,2026,1130,13236,4471,929,14519,4952,-3348,13090,5559,-2819,12766,6425,1879,14880,6825,1132,12667,6267,-1614,13686,3522,2651,12042,5012,5836,14480,4189,1802,13313,3219,2634,12279,2408,7426,14278,3052,4394,14168,3658,1400,13265,1562,6334,13023,2424,5978,15236,3539,1885,14431,3551,2772,14261,2467,3509,14356,2636,121,15837,3551,-3562,14812,3021,-46,14619,1346,2158,13840,1533,-2716,14272,1896,-3031,13538,2735,1049,13275,2145,-1459,12614,3483,-2714,13248,3925,1266,12521,4322,2405,12489,3587,202,11595,5268,1030,13616,6180,5252,12839,4716,3931,12179,4363,1128,14341,4536,4788,14202,4901,5790,14477,2577,2292,14723,2006,2833,15444,1546,6510,15257,476,2356,14991,171,-1138,14638,1288,1797,15644,2183,2179,14135,2669,-1228,13851,2005,-928,13105,4576,1090,14361,5020,-1706,12893,5721,-3510,12904,6892,1267,14610,6942,2479,12784,5485,-1167,13386,3625,1638,12204,5192,6473,15066,4315,3321
12593,3398,3639,11534,5502,3397,13673,5950,-358,12311,4194,3996,12002,4653,6364,14668,4836,1814,14310,4796,2148,13850,2605,6570,14497,2299,4476,16037,1752,1770,14762,523,3208,15257,-294,3604,14595,1160,-890,15850,1440,-1751,13632,2646,3555,14440,2422,1159,13432,4436,-4242,13721,4505,-720,12809,6278,1174,13767,6668,-2451,13664,6872,-437,13175,6003,3322,13195,4023,2789,12738,4323,1611,13956,4236,3597,13014,3922,7355,14131,2526,2528,12794,2982,1929,14565,2929,8641,13237,2127,5456,14272,2293,901,14297,3465,4988,14963,3629,5022,14130,2197,-11,14563,1799,-1777,14887,4272,175,15808,2924,-114,13903,1630,-2631,13558,1054,-313,14290,2469,890,13746,2782,-3656,12850,1355,-2742,11876,3299,2338,13691,5351,94,12730,5879,-846,14641,2269,2676,7979,4892,5532,15406,6044,150,12421,7172,2323,14351,3421,6929,12601,4201,3097,14292,3384,1859,15244,3302,5560,14287,1802,5118,15214,352,1700,14515,254,891,15972,604,4282,14687,926,-409,14251,865,-3469,13760,3047,1960,15070,4090,2630,13233,5036,-3640,13207,4120,-2160,13333,6862,1211
13803,1622,-2522,13346,2446,-396,14037,2780,-1648,12749,3518,-2734,12698,3507,1338,12955,4407,3226,12961,4622,1072,11934,4682,839,12282,5446,3974,13042,5596,4291,13476,4948,1235,13373,3395,4810,13718,4127,6111,15119,3625,1852,14999,2075,2353,14616,769,5952,15208,107,2917,15800,694,-998,14774,1126,397,14717,1222,1442,13899,2025,-1328,14095,2688,-747,13336,5143,2271,14360,5220,-1448,12986,6692,-5154,13534,6484,707,12898,7344,3630,13709,5813,-196,13918,3062,1571,10917,4910,6667,15234,3482,3220,12506,4604,1855,14066,932,6826,13281,2879,6631,14548,2155,2309,13611,2563,2885,13692,3052,5918,14701,3560,4833,14340,3427,1589,14947,2375,2379,14392,3467,-349,15418,2730,-4618,14319,2769,-1011,14681,2320,3004,14261,2691,-700,13675,1292,-3936,13243,2061,-1835,13949,3636,445,12868,3382,-977,12333,4112,-612,12786,3594,4152,12528,3653,2611,11336,5395,-583,13482,5764,4142,12749,6140,5839,13578,3824,1669,13102,3927,2454,14448,4114,6756,15623,3706,3313,14623,2070,1248,14678,-106,4811,15248,652,3761,15991,946,-643,14725,519,-1136
[row took 89199us]
15412,3966,449,14728,2622,-1147,14349,2616,-1142,14741,2210,-933,15020,2985,-1440,14454,2532,551,14167,2369,1582,13499,1604,-3300,13083,2140,-5188,13608,2451,2334,12411,4348,1781,12457,4563,-1978,12673,4870,2282,12328,3159,4998,12188,6156,245,14148,4969,1210,12727,6327,6704,12682,3312,3912,14317,3100,1591,14356,4030,4306,15895,2911,6023,14209,1815,2182,15236,-620,1003,15357,1591,3751,15648,790,2175,14539,1025,-3962,13589,1466,364,14230,3021,3254,13554,5038,-1939,14238,4475,-2454,12339,6363,517,14396,5677,-1418,12337,5579,-1086,13518,7049,2500,14932,6135,3910,12506,1781,1797,11988,4301,2221,15732,4965,5544,13369,4367,5886,12789,-13,1849,12720,1203,5903,14443,3657,7853,15005,3935,705,13250,2620,2144,13553,2831,7334,15369,3769,1825,15081,3298,-1478,14292,1851,-1762,14126,2140,18,15517,3268,-1002,14520,2781,-481,13816,1935,1223,13473,1925,-2045,14018,2822,-5234,13264,2374,986,11848,3762,3095,12759,4283,-778,12292,6335,874,14776,5053,5929,10940,4402,-372,12035,4448,-38,13992,5271,7688,13337,5330,4665,13955,1462,2967
12905,3545,8000,13239,869,2947,13252,2107,2975,13781,3261,7551,14274,3359,4321,14208,3418,887,14176,3288,4180,14918,3580,4037,14686,2592,-1175,14807,2300,-4109,14372,2955,1592,15239,1847,1451,13825,1967,-2777,14201,1659,-615,13430,2788,164,14198,2651,-3608,12688,2450,-1320,12209,3830,2314,13157,5522,1571,12735,5204,-1071,12504,2007,3134,11062,6770,5355,15396,4934,660,11905,6578,2594,13055,2258,6104,14320,3347,4223,14257,4372,1939,16438,2469,4157,13401,2289,5346,15663,-548,1600,15130,1452,82,15332,1073,4228,14613,1284,-809,13647,1633,-2952,14349,3014,1759,13924,5507,1652,14067,4598,-3245,12435,4826,-3023,13531,6658,988,14349,6563,1390,12376,6307,-1005,14355,3535,2810,11869,3387,6575,13859,4777,917,14649,4279,1227,13129,3269,8299,12847,1476,4638,13799,2103,2260,13649,2962,6835,14293,3217,4752,14337,3469,916,13918,3145,3419,14813,3530,4471,14805,3123,1076,15064,2292,-4736,14201,2427,-892,15430,2494,2417,13828,2273,-1554,14153,1546,-1737,13568,2555,694,13933,2399,-2700,12988,2763,-2799,12151,3494,1906,12732,5392,3074
13029,4832,-1079,12912,6138,3343,14071,7048,-487,13398,5435,-287,13399,1837,6130,11676,4732,5202,15956,4177,154,12613,4777,4796,13316,605,7359,13328,1752,3147,13855,3144,3768,14640,3634,5969,13718,3410,3706,14548,2991,1486,14440,3601,1371,15192,3081,3444,14499,2374,-2401,14386,1468,-2916,14431,2796,2404,14806,2110,268,13934,2368,-4143,13422,1352,-832,13440,3031,277,13802,2372,-1830,11552,3334,-1084,12991,5224,2188,14453,4738,2409,10892,3186,250,12330,5551,2611,14160,6785,4858,13310,5511,2583,12115,2267,1711,13712,3837,6290,15162,4275,5367,15158,3015,1131,13976,979,4314,15243,960,5057,15831,1465,292,14931,128,408,14019,1141,1427,14966,2337,694,14419,3533,-1846,13374,4127,108,14139,4773,1264,13503,5340,-3281,13503,6041,-2796,13405,6844,3393,13950,6332,1551,13032,4337,-1233,12833,2391,5261,12952,5188,5821,15209,3808,414,11889,3874,3444,13403,1404,7382,13684,2599,4952,13966,3048,2828,13729,2716,4468,13679,3300,5408,14755,3862,2014,15092,3575,791,14141,2950,3480,14890,2216,-1531,14832,2650,-3418,15000,2792,1441
15650,920,-309,14513,484,-899,14099,1782,1803,14537,2938,-173,13736,4220,-1890,13845,4490,1509,13429,4940,-265,13379,5675,-4990,13468,6167,672,13229,6736,3881,13857,5462,68,13641,2337,1484,11294,3849,5752,15505,4999,3266,13582,4513,1721,12826,988,5410,12638,2213,7283,14749,3229,3925,13899,3959,1864,13551,2444,5263,13874,3408,4803,15034,3811,370,15104,2997,2034,14212,2335,1233,14946,1683,-3481,14699,2250,-1349,14752,2341,2067,14184,2504,307,14132,2026,-3591,13424,2175,-2310,13156,3395,693,13266,3004,-615,11869,4464,-1332,13430,4021,3334,12419,4213,3621,11496,5554,-861,14025,5486,2384,12499,6072,6538,13533,3151,2172,13050,3454,2242,14343,4034,7126,15448,3217,4104,14534,2122,1074,14859,624,3996,15300,1586,4299,15556,782,650,14436,665,-1803,13971,1660,1869,14607,2935,1226,13929,4040,-2601,13830,4586,85,13581,5308,656,13406,5461,-3889,13229,5811,-1165,13269,6371,4175,13911,5691,1505,13710,2826,463,11466,3268,4693,14653,5468,4943,14571,4677,2132,12954,1729,3668,12339,1426,7257,14223,2991,5416,14331,3746,1557
13146,4163,5300,13931,3788,1790,14013,3782,4043,14828,3284,5858,14817,2333,3011,15075,813,1854,14907,1196,4237,15554,575,2940,14665,854,-2773,14342,1082,-593,14022,3023,3105,14497,3524,-736,13534,4433,-2565,13501,5054,120,13252,5572,-675,13639,5783,-2424,12673,5974,891,13623,6620,4409,14608,3491,865,11362,2924,1481,13838,5269,5710,15264,5021,5024,13144,2849,2334,12302,671,4697,13366,2476,7618,14682,3153,3426,13695,3133,915,14022,3487,5909,14711,3638,4183,15044,2756,-886,13932,1758,-246,14872,2687,-154,15195,3150,-1148,14863,2195,-1160,13481,2005,1478,14453,1770,-933,13762,2749,-4683,13675,2762,-1412,12552,3580,3059,12726,3967,-968,12494,4597,-752,13049,3558,5009,11660,5805,2825,14201,5895,-1231,11960,4995,3987,12940,3341,6539,13742,4215,2570,14449,3673,2931,14085,2899,5733,14907,2102,4136,15382,2125,1244,15345,1029,2826,15167,315,4582,14724,343,-1746,14377,1430,-2425,14189,3322,2946,14419,3871,806,13840,4695,-3149,13536,4563,-614,13047,5641,104,13502,6364,-1963,13498,6529,357,13081,5130,3820,13592,2874,2088
12928,3468,1810,13356,4376,2435,12038,3899,-644,12058,4011,1771,12409,7232,4151,14447,5408,1429,11275,4061,1769,12954,3421,6313,14705,5191,5101,14350,4055,1804,14092,2107,3304,14703,2703,6078,16467,1605,2949,14731,466,38,14708,90,3035,15065,1443,1259,15045,1983,-2197,13577,1929,1033,13649,3587,2062,14321,4893,-2785,13349,5072,-3843,12740,5555,605,14052,6580,1677,13178,6076,-1121,13008,4726,1735,12994,4893,5212,13826,5505,1639,14195,3889,1605,12539,2250,6953,13334,2548,5537,14726,3481,1833,13515,2105,5473,12731,2009,7221,14337,3681,1953,15723,4184,2175,13641,2976,4948,14105,1235,990,14719,3267,-3631,15799,2854,-771,14223,2450,2741,14135,1297,-1366,14441,2627,-3317,14558,2669,367,13146,2129,-1321,12490,2317,-3549,13127,3473,1060,13126,4680,2836,12683,3854,182,11544,5126,186,13248,6568,4093,13591,5451,3878,11673,3805,1431,12882,3573,4666,14651,5318,6042,14408,3538,2708,13916,2292,1915,15211,2308,5789,16012,1122,4041,14861,-16,-901,14547,8,1490,15334,1775,2393,14568,2103,-633,13795,1907,-515,13289,4191,1385
14517,2883,-2262,14030,1099,1957,14022,2473,204,14819,2550,-4405,13442,1761,-2663,12286,2240,849,13771,3177,-176,12547,4314,-1066,12455,3624,2570,11900,5112,3491,13270,6202,-564,13130,5030,2332,11556,4450,6589,13579,4239,2979,14132,5377,1904,14234,3841,5716,14010,2898,5124,15402,2687,1451,15884,824,3451,14520,-142,4242,15055,-807,286,14859,1293,-2185,14901,1566,2051,14186,1623,2616,13313,3284,-2831,14162,4483,-1888,13317,5922,870,13506,6156,-2921,13158,6930,-1623,13485,6547,3912,13352,5454,3034,13107,5179,-156,13403,5250,2979,14080,4060,6574,13211,1476,3201,12703,1983,3184,14675,2822,7268,13365,2670,5693,13467,2379,1899,14584,3500,3486,14805,3530,6645,14428,1660,1762,13841,2027,-2393,14962,3723,549,15601,3275,-64,14402,2257,-2030,14116,1567,-15,14554,3075,677,14372,2588,-3533,13041,1411,-3951,12133,3228,1330,14171,3896,1857,12115,4189,-1313,12586,3677,1898,11468,6420,4502,14651,5897,234,11670,4364,1766,12110,3586,6893,13829,5173,4629,14628,5271,1436,13821,2930,4462,14282,2778,5441,16264,1703,2767,14959,-248,927
14809,2491,2724,14354,2961,2774,14529,2440,4155,14373,2741,1540,15347,2612,-3911,14777,3076,-3004,14795,3602,1912,14772,2398,-143,13973,2211,-2702,13845,2138,-295,13523,2714,-891,12961,2537,-2747,12074,3896,359,13109,5666,3584,13730,3617,1290,10056,4190,584,13804,5204,2863,12768,6320,4424,13105,3488,2636,12288,3725,4284,14581,5511,6503,15837,4439,2905,14230,1718,396,14649,-38,5108,15528,796,3452,15944,526,27,14346,-147,474,14651,1489,858,14679,2778,-275,14072,2722,-2297,13026,3484,1596,13797,4611,518,13442,6702,-5371,13079,7188,-944,13305,6881,4145,13159,6065,42,13570,4699,1513,12602,5185,5941,14405,4146,3265,12962,2781,1832,13325,1160,5355,13441,2418,8394,14824,3020,3921,13588,2927,1890,14445,3030,4831,14357,2499,5414,14543,2611,1500,14432,2368,1968,14400,3143,864,14821,2836,-3744,14528,3533,-2790,14745,2944,2287,14156,2120,683,13860,1749,-4294,13313,2135,-2418,12980,3445,870,13365,3271,-190,12513,4036,-463,12911,3912,3344,12265,5086,2933,13182,5293,-1120,12455,4570,2919,12412,5345,7064,13752,4462,3238
14328,5040,6441,13991,2141,5801,11744,840,2325,13862,2318,6717,15258,4002,6245,14365,3073,-464,13810,1910,4403,13866,2645,6742,15368,2748,969,14459,2857,-2758,14505,2802,-1707,14843,3801,711,15544,2837,-1588,13487,2130,-1074,13846,1161,1096,13523,2122,-3202,13346,2633,-3490,12661,3464,2740,12627,5478,1782,13676,5014,-1185,13314,2211,2484,10274,5897,4462,15197,4935,560,11468,6539,2575,13534,2854,6397,13084,5000,5258,14714,4653,1617,15597,3348,2205,13781,1845,5923,15330,-731,2996,14555,511,-242,15580,352,4691,14880,703,354,14194,1221,-3951,14416,2761,-46,14187,3693,2446,13572,3599,-1077,12824,4468,-2856,13315,6609,-290,14141,6447,1200,12507,8165,-1708,14413,6399,1592,13392,3682,6540,11870,4072,1943,15240,3299,97,12193,4641,7549,13888,517,6626,12903,2349,1695,14450,3080,5719,14503,3823,5634,13622,1998,1639,13892,1433,3879,14409,3109,5140,15071,2631,2211,14764,3144,-4653,14473,2853,-2570,15297,4184,1982,14938,3145,-1010,13998,1836,-1978,13318,1306,1060,13195,2347,-2145,13374,2273,-2890,12567,4123,1809,12998,5709,2606
12942,6196,-2274,14286,7981,3674,13622,6953,228,13304,3742,-335,12092,3209,5542,14121,5215,4363,14943,3746,814,12090,2435,5336,12437,1824,7904,14842,2727,4421,13941,3555,1862,13885,2343,3705,13844,2553,5856,14587,2673,2542,14659,2444,2161,14081,3006,3412,15478,2704,-3706,14757,3302,-4001,14724,2892,1934,14365,2575,1496,14147,1885,-2446,13501,1645,-2556,12950,2682,-13,13492,3040,-432,12473,5091,-1413,13878,4601,2722,12505,3876,3124,11521,4316,-575,13363,5358,1831,12725,6009,6195,13021,3628,3782,12936,4176,2282,14629,4988,5568,15326,4324,3873,14395,2103,1049,14494,-14,4293,14794,660,5771,15772,338,1184,14425,767,-2125,14688,1764,260,14957,2511,1326,13859,2625,-2100,13381,2910,-396,13190,4703,2469,13844,5481,-3367,13178,6642,-3527,13256,6772,3254,13934,6788,1790,13921,4798,-558,12022,3202,4392,13181,5143,5238,15131,3511,2304,12666,2520,3664,12382,1192,7060,14389,2764,6059,14130,3595,1315,14089,2663,2493,13658,2901,7222,14738,2522,3607,14469,2623,220,14196,2682,1864,15172,3371,-2260,15230,3319,-3226,14693,2511,1035
15163,960,-1169,14467,1043,-2934,13658,2660,1709,14958,3214,664,13210,4481,-2455,13652,3539,1006,12799,5094,-264,13780,6070,-4526,13206,7455,486,13325,7360,4629,14829,4792,915,11394,2037,1873,13222,4523,5024,15224,4142,4175,12419,3133,3778,12889,579,4081,13762,3395,7123,14774,3769,4175,14297,3190,-483,13234,2653,6270,14705,2188,6736,14653,2868,-1308,14373,1868,-271,14845,3227,-485,15193,3218,-2396,14937,2676,-887,13727,2710,1361,14220,1671,297,13209,2099,-3802,13451,2021,-2660,12998,4224,2926,13325,4405,10,12430,4719,-1511,13154,3947,4215,12056,5954,3230,14142,4492,-645,10871,4055,4209,13504,4606,6465,14320,5655,2895,14189,4011,2100,13875,2524,4812,14898,2850,5181,16022,1262,1844,14099,167,1902,14847,-266,4410,14990,833,376,15140,2350,-3736,14284,2434,2080,13809,2545,1518,13524,4496,-3403,13929,4561,-273,12841,5273,898,13595,5208,-2121,12944,7096,-1140,13738,7503,3312,14139,5854,2597,12841,1378,1087,11932,3921,4561,15402,4293,5874,12955,4155,3790,12729,42,2497,13406,2620,6615,14563,4251,6251,15243,3585,448
12465,4865,5685,15595,4307,1868,14695,3956,2608,14469,1829,5936,14738,514,3962,14914,489,-24,15396,519,3452,14795,1016,2083,14597,1606,-3481,14006,2719,-1233,14314,3459,3019,13623,4208,-332,13400,4096,-3126,13238,5525,-706,13920,6735,1150,13339,6264,-1569,12712,6416,444,14947,4401,5476,11977,3478,3655,13528,4110,-40,13932,3745,5357,13433,3187,7278,13184,1696,2037,13523,2404,4285,14068,3740,7280,14413,3064,1845,14028,2765,2136,13956,2463,5245,14977,2716,3462,14357,2790,-2024,15177,2254,-3519,14477,3898,1314,15656,2473,128,13563,2383,-2649,14181,1431,748,13558,2366,-570,13606,2731,-3967,12776,3062,-133,12265,5102,2429,13768,5261,165,13162,3313,340,10135,4595,4018,14585,5500,3430,12203,6189,1196,13394,2737,4404,12435,4672,6151,15482,4270,2717,14660,4220,1637,14399,1677,5121,14867,553,5785,15053,888,173,15584,456,2014,14756,1222,2179,14764,1309,-2050,13894,2710,-1865,14286,3029,1952,13548,4033,1197,13334,4226,-3397,13255,5233,-2325,13341,7249,1972,14249,6432,-175,12654,6610,-1208,14397,3868,5098,12186,3905,4875
12701,4504,1107,13118,5256,2986,13604,3806,4,11040,3873,1172,12689,5653,4795,13662,5976,4098,13091,4771,2082,13077,3415,4720,14148,4324,5701,15172,3522,1632,14705,1522,2498,14371,745,6466,15203,411,2687,15663,956,-626,14708,667,1466,14663,1747,475,14465,2948,-1871,14146,2773,-145,12924,4040,2361,13871,4154,-1543,13050,5772,-4700,13337,6719,523,14109,7338,2781,13344,5934,-709,13549,3724,2158,12091,4684,5940,14798,3648,2509,12682,3020,1453,12985,1651,6721,13704,3057,6879,14409,3673,2058,13743,2713,3032,13511,2687,5783,14726,2775,4027,14388,2998,2474,14236,2660,3217,14702,2939,673,15275,3152,-4531,14795,2735,-1841,14438,2686,2598,14468,1759,-206,13767,2153,-3302,13472,2126,-243,13427,2872,13,13128,3708,-2460,12583,4837,-88,13385,4761,3428,12718,3566,1298,11305,4559,268,13279,5066,4015,12726,5532,5369,13384,4455,2044,13472,4149,3097,14117,4741,6337,15350,3488,3005,14314,1847,1646,14711,177,5748,15039,782,3819,15716,946,-573,14547,1082,-509,14639,2008,1554,14418,2654,-526,14267,2648,-1985,13133,3747,1675
14904,3166,-3058,14661,1985,1245,13616,2105,1992,14568,1890,-3005,12930,2240,-3524,13105,2813,901,13354,3996,640,12922,5033,-1626,13345,3908,1551,11789,4176,4128,12578,4955,698,13337,4865,1188,12187,5187,6770,13751,4610,4299,13849,5424,444,14335,3520,4959,14336,3051,5773,14966,1734,2400,14936,646,3118,14694,327,4308,15189,458,1221,15018,1802,-2864,14697,1779,577,14100,2384,2915,14025,3289,-2055,13823,3736,-1901,12994,5007,1532,13821,5806,-2083,13184,7268,-2379,13920,6292,2337,13291,5516,2896,13483,4108,362,12677,4212,2524,13839,4668,6566,13711,2320,4089,12260,2574,2444,14200,2703,6121,13472,3191,5877,13783,2235,2108,13981,2684,2204,14453,3513,7194,14515,2210,3754,14199,2510,-1763,14724,3441,227,15637,3360,-202,14740,2696,-2504,14408,1067,171,13701,2515,1736,14706,2368,-2177,13361,2192,-4279,12367,2879,72,13779,4327,1912,12862,4338,-1409,12130,3822,457,11943,4489,4858,13094,6238,1777,13346,4931,694,11347,3784,5672,13800,4556,5404,15012,5448,929,13783,3708,3342,14151,2368,6597,15364,2050,3832,15594,878,1629
13512,2511,4808,14753,3843,1300,14536,2663,5755,14026,1618,3830,14207,2388,-2264,15816,3513,-3279,14747,3775,1089,14997,1683,906,13984,1836,-2741,14424,1949,-1030,13613,2488,551,13229,1931,-3406,12512,3564,-1756,13508,4544,2805,12870,4277,863,12083,3977,-956,11899,4896,2957,13659,6280,4716,12854,4345,2145,11714,3816,3470,14054,5105,5760,14970,5060,3366,14105,3430,1776,14855,1667,4312,15144,1275,6696,15351,-278,981,14826,-79,-457,14727,1514,2766,15555,1766,-6,13809,2421,-1853,14051,1856,2049,13389,4496,827,14105,4806,-4118,12674,5240,-3025,13137,7042,2123,14834,6996,1282,12446,6186,-1078,13647,4280,3090,12614,5517,5338,14802,4185,1278,12699,2376,3610,12312,2072,8230,14848,3242,3963,13944,3285,1295,13078,1979,6082,13871,2778,5578,15500,3350,2534,13743,2353,3461,14100,1855,2990,14666,3209,-946,15837,3406,-4261,14237,2896,434,14469,1562,2265,14349,2252,-3196,14277,2002,-2688,13025,2490,882,13327,2463,-1622,13233,3997,-1764,12872,4467,1883,12709,4621,2576,12376,4451,-111,12235,5720,1227,13295,5483,5717,12066,4085,3854
13732,4559,5181,13577,3286,6187,13739,2620,2107,12866,2752,4372,14354,2724,8053,13286,2427,3085,14730,1910,1691,13888,3814,6819,15188,2046,4352,13492,2272,-1535,15115,1849,-901,15017,4781,1,15687,3208,-1248,14067,1784,-1768,13499,1725,1059,14410,2345,-832,13386,2495,-4593,12844,1569,-434,11932,3882,2503,13901,5454,-1207,12821,6043,-417,14389,1853,4037,8886,5369,4000,15294,5499,-410,11451,6683,5053,13846,2985,6812,13619,4357,1368,14057,3881,2324,15617,3033,6076,14036,1667,3820,15638,-89,1321,14381,329,2285,15853,413,4018,14662,1309,-2261,14270,1049,-2746,13885,3159,2748,14700,2806,678,12803,4402,-3610,13212,4419,-373,13439,7404,440,14697,7736,-2080,12555,7140,32,13465,5162,4498,13451,4463,3525,13458,3479,672,12933,3790,3859,13189,2868,7543,13768,2598,3199,13966,2674,3202,13608,2317,7953,13862,2276,3820,14365,2062,694,13817,2879,6071,15049,2836,4936,14538,3404,-1578,15276,2351,-2959,14357,3443,-474,15446,2783,-640,14287,2361,-1765,13891,1929,583,13748,2697,199,13444,2580,-3989,12775,2893,-1976,12450,4623,2903
13125,6261,-4152,12985,7137,2442,13669,7342,2555,14240,5261,-832,11704,3049,4284,12810,5678,5693,14977,2903,2421,12349,3824,3315,13376,506,7723,14133,3530,5238,14660,2382,1417,13399,2589,3285,14284,3355,6517,14935,3298,4366,14444,2421,1330,13750,2675,2018,15391,3150,-2531,14796,3334,-4131,14938,2229,693,13944,2802,2369,14420,1999,-2412,13060,1489,-3833,13387,2656,-386,13838,3693,872,12233,4390,-1657,12897,3790,603,12727,3538,4682,12181,3869,878,12580,6022,660,12803,5516,5803,12971,5134,5188,13302,4038,1381,14206,4544,4017,14924,4364,6062,15411,2574,1927,14056,549,1923,14884,-150,5192,15773,744,2473,15370,1076,-1969,14502,712,-792,13977,1840,1930,14444,2867,-626,13528,4274,-1361,13446,4883,1213,13317,5633,-2021,13347,6001,-3948,12849,7114,2234,13628,8208,4109,15061,5189,-492,10370,1650,3013,13403,5077,5626,16207,4351,3491,12676,3506,3352,12170,-250,5677,13409,2220,6612,15530,3035,2708,14055,2961,1142,13523,2915,7198,14464,2903,5113,15248,3346,-1444,14147,2953,638,14980,2726,-1319,14402,3125,-2987,15443,2116,-176
14749,1230,-1209,14257,1102,-3497,13796,3205,2697,14666,3541,2060,13570,4900,-3721,12906,4938,-1405,13527,6571,724,13583,5400,-449,12376,7604,-735,14658,6768,3213,13697,2591,4364,10902,3190,1394,15397,4310,2629,13100,5603,7960,13825,615,3911,12209,1562,1889,14050,3074,7766,15370,3999,4693,13476,2610,292,13611,1753,4960,14325,4157,5100,15933,3606,438,14490,2511,-3262,13815,1826,-1013,15251,3231,588,15081,2910,-1628,13716,1331,-508,13073,1647,974,14120,2554,-3935,13373,2802,-2908,11963,3406,2934,12756,4413,1632,12786,5708,-1121,13521,5408,4176,12049,3623,3600,10692,4696,-967,14720,5050,5048,13858,6026,5469,14456,2636,5017,12378,3722,1471,16124,2532,2643,15079,3196,6819,15026,-71,1679,14345,-51,265,15259,1119,4067,15530,1923,-1056,13816,1303,-3031,13637,2222,1466,14134,4900,2157,14612,4677,-1728,12099,4726,-3636,13235,5870,396,14850,7512,1810,12978,6973,-1747,13150,3719,2553,12805,3657,6011,13757,4183,1058,14525,4265,1445,12445,3708,8014,13367,1343,5053,13523,2382,2129,13993,2961,6180,13992,2984,5328,13907,2596,1447
13204,3754,6018,14731,4108,3679,16394,3085,1659,13302,1611,5000,15513,-323,5049,15059,1969,-846,15920,728,1580,14013,1898,1567,14408,1617,-1491,14278,3802,-1132,13986,4526,1428,13909,4516,-101,12570,4878,-3745,13749,5952,-1494,13640,7257,3623,13591,6442,179,13595,4143,-939,12344,2548,6384,13152,4892,5086,14930,4383,-367,12691,2929,5262,12273,1461,7306,14798,2647,3432,13803,3734,3692,14067,3135,5440,13545,3227,4039,14629,3547,1248,14810,3391,2254,14304,3167,3610,15083,2127,-2582,14551,2335,-3775,14907,2632,1814,14403,1904,921,13813,1418,-2776,13711,1764,-1148,13317,3231,-354,13849,2681,-1874,11553,3741,-1329,12638,4627,2764,13689,5750,2574,12140,2502,85,10971,5165,3036,14606,6432,4413,13163,6345,3152,12820,2229,2211,13607,3574,5739,15079,4409,5349,15837,3170,899,13588,954,3575,15410,298,5805,15186,1574,462,15510,293,171,13948,1276,1189,14496,1834,14,14516,4224,-1673,13956,4333,236,13660,4706,1269,12810,4604,-2905,13699,5767,-3544,13270,7250,3329,13956,6510,2240,13487,4826,-1555,13064,1507,4603,12189,5257,6331
12334,4652,-1114,14082,4487,4260,11450,3831,3066,12174,5787,-861,13529,5939,4047,13236,5227,5965,12977,3268,653,13781,3305,3454,14265,4185,7127,15457,2695,3337,14299,1462,1963,14920,1112,4191,15666,1247,3524,15013,901,-340,14381,671,-863,14310,3042,2600,15090,3430,-779,13233,4337,-2953,13960,4315,1616,13581,5935,605,13888,5833,-3684,13074,6034,139,13194,6871,3104,14496,4494,764,12246,2166,2325,12208,4204,5596,15536,4489,3893,12542,4530,1646,13270,749,4386,12835,3245,7998,14939,3234,4564,13782,3463,1310,13293,2756,5010,14636,3393,4602,15128,4031,-519,14481,2252,1377,14568,2568,883,15016,2257,-2161,15029,2687,-1679,14075,1979,1231,14105,1283,708,13279,1804,-4114,13813,2420,-2525,12964,3556,1699,12764,3373,-656,11918,4673,-1991,13926,3965,4073,11656,3784,4019,11836,5490,-212,13793,5767,2184,13089,5733,6541,13216,3160,2394,13683,3489,1945,14454,4136,6624,15559,3189,4540,14354,1744,1338,15109,286,3453,15133,1679,4514,15407,697,683,14312,1120,-2275,13993,2311,1926,15084,3733,1035,13539,4472,-3233,13729,3487,-49
[row took 88918us]
14828,2380,-1847,14991,1753,-1004,13619,2718,1906,14585,1310,-1497,12950,2350,-4881,13300,2843,-181,12749,4168,2547,12738,4615,-1985,12851,3310,392,11417,3998,5700,12910,6036,1419,13677,5822,-297,12158,4736,5584,12880,3752,5372,14417,4203,1684,14249,3527,3866,14693,2616,6085,14690,1595,3609,15288,1091,1221,15107,1317,3613,15367,869,3598,14675,1564,-2806,14270,1673,-619,14203,3799,3154,14202,3886,-1106,13409,4430,-2932,13353,4923,567,13931,6105,0,13504,6116,-2349,12798,6133,868,13786,5561,3821,14265,3122,2200,11377,2551,1577,13973,4425,5357,14385,5099,5598,13539,2503,1873,12474,1484,4197,13673,3227,8042,14955,3615,3392,13505,3177,1060,13895,2931,5410,14593,3916,3919,15433,3514,-881,14442,2246,-698,14536,2329,556,14801,2254,-1145,14912,1674,-1986,13481,2022,1249,14574,1297,106,13263,2759,-4946,13281,2565,-1506,12412,4623,2758,13339,4191,-772,12423,3802,-403,12072,3649,4342,12191,5674,3307,13679,6126,-450,12409,4814,3717,12986,4278,6479,14540,3935,2908,14019,3807,2232,14631,2669,5794,14838,2002,5089,15347,1356,1218
13917,3684,7109,14162,2916,1180,13939,3173,2748,14466,3962,5112,15047,2785,847,14407,2008,-2570,14914,2488,-964,15255,3336,1558,14875,1998,-1492,13302,961,-1409,13725,2013,736,14180,2729,-2151,13241,2868,-4101,12585,2967,1609,12467,5093,1643,13155,4847,-1170,12586,2515,2758,10513,5437,5130,15155,5990,1003,12227,6109,1014,13077,2766,5574,13473,4516,5521,14919,3468,2285,14324,2461,2989,14226,1772,6169,15583,1648,3188,15173,1334,-35,15148,384,3832,14692,755,1339,14715,1793,-3329,14176,3533,26,14342,3983,3034,13686,4597,-1250,13686,4414,-3633,13033,5604,-46,13880,6631,1553,13773,6795,-1199,12741,4746,960,13337,3069,5019,12443,3660,3692,14186,4983,346,13898,3908,6044,12594,2557,6800,13735,2475,1040,13789,2865,5439,13766,3014,7531,13704,2600,2007,14493,3177,1955,14219,4418,4139,15424,2978,2650,14189,2709,-2362,15182,1824,-2268,14462,3118,1792,14927,1944,-912,13722,1764,-2592,14215,1817,1201,13301,2660,-1165,13342,2343,-4280,12635,3512,-46,12702,5214,2581,13356,3829,318,11601,3660,925,11940,5340,3909,14230,5754,3408
13430,3498,4188,12501,5400,5978,15273,3807,1174,11895,2721,3423,13347,2227,7285,14745,3678,3741,13698,2519,2626,12972,1734,6398,13687,3390,4989,15981,4174,2097,14255,3322,1726,13952,2162,2658,14876,2910,-952,15611,2922,-3482,14412,1797,1400,13987,1179,1702,14294,2271,-3783,14424,2454,-2419,12839,2678,567,13201,2393,-1659,13000,3771,-1834,13065,3880,1580,12245,3955,3139,12003,4574,437,12870,6141,1369,13418,5763,5821,12034,4144,2957,13458,4086,997,14494,4596,5558,14113,3294,6112,14105,2389,1673,15394,1904,3284,15324,1637,5802,15255,41,867,14717,359,-1124,15123,1561,1721,14526,2196,2496,14148,2379,-1394,13372,3104,-1526,13901,5457,947,14050,5953,-2474,13074,5976,-3207,13243,6755,2568,14307,6141,2503,12660,4325,-804,12940,3668,3041,13001,5691,6385,15209,3948,2896,11572,2485,2260,13462,2080,6601,14578,3807,5516,13846,2223,2745,12772,1591,4355,13820,3309,5974,15779,4097,3118,14449,2980,-9,13859,2294,1510,15453,3177,256,15321,3193,-3086,14554,1233,90,13470,1739,1699,14743,2390,-2671,14083,2904,-3589,13016,2194,-134
13954,4998,-4388,13372,5145,-472,13264,6563,648,13980,7447,-2030,13526,6359,242,12674,4940,4110,13404,4365,2706,13074,4926,754,14025,4023,5269,12715,2597,6647,13431,2385,2012,14452,3047,3577,13323,2036,7552,13161,1616,4859,14371,3632,1130,15246,3796,5345,14292,2734,4786,14087,2179,-2078,15219,3219,-2628,15393,3477,1132,14482,2078,80,14161,1308,-2299,13961,2142,-138,14336,2966,-113,13292,1932,-4256,12267,2673,-2331,13383,4283,2605,13065,3695,815,11675,3493,-556,11826,4432,3825,13498,7124,3624,13380,5012,726,11399,3649,3443,13469,4954,6147,15201,5211,3632,13822,3331,2193,14252,1594,4643,15352,2217,5777,15927,1025,942,14907,-187,460,14601,709,3166,15765,1334,-561,14069,1697,-1571,13789,1683,2792,13645,4460,674,14280,5412,-4339,12898,5688,-2492,13007,6890,1799,14703,7313,218,12724,6155,-1060,13128,3741,4084,12080,5153,5954,14779,4158,261,12601,4354,3620,14300,2348,8004,13166,2942,2613,14160,2584,3245,13424,1794,7560,13673,2417,5592,14522,2914,1648,14853,3799,2598,14381,2701,4237,14228,2070,-954,15115,3024,-4289
16144,911,2524,14788,-101,-963,14523,474,-1063,14655,2123,1940,14166,2711,-911,13009,3440,-1899,13372,5002,2361,13829,6432,-1744,13513,7107,-4991,13148,6731,1696,13211,6174,3791,13701,4621,475,12560,3747,3175,12536,5494,5303,15521,3641,4324,12480,3034,2232,13545,525,5909,13488,3245,7812,15071,1898,2540,13785,3199,1199,13876,2211,6904,14553,3006,4939,15018,3603,-281,14671,3031,159,14425,2771,-1219,14706,2653,-3536,15053,2772,-576,13617,2538,2859,14221,1398,-872,13283,2549,-5451,13711,2873,-1681,12989,3705,2005,12706,3490,-278,12824,3160,373,11866,4798,4859,13244,5860,1879,13001,5200,-1028,11823,4798,5093,13528,4671,6308,14072,5112,2334,13971,3670,2758,14024,3391,5595,15310,2026,3877,15093,733,1240,14857,-92,3214,15455,460,2984,15523,1241,-2687,14476,982,-1539,13858,1976,2912,13995,2701,703,13470,4626,-2746,13814,5471,-460,13277,7178,-889,13862,6847,-2871,12343,7454,986,14194,5905,4968,13495,3129,2864,11302,4922,1022,14764,3592,4895,13001,4740,6775,13925,500,3125,13445,2293,3315,13995,2532,7386,14486,2531,3416
11949,3943,6452,14488,3788,5503,15304,4173,809,14304,1719,2802,14337,701,6289,15212,566,618,16253,379,721,14513,563,2473,14687,261,-1063,13911,2392,-2222,14689,2962,1245,13178,5037,2308,13835,4317,-2143,12953,6242,-4744,13572,6552,1359,13560,7674,2037,13270,6658,-1407,14408,2809,4680,10483,4875,6704,16050,3900,-484,12228,5143,2689,14216,825,8368,12662,1757,5205,14252,2136,2667,14479,2891,4594,13229,2364,5039,14467,2240,3706,14470,3688,2435,14953,3369,4097,14734,2950,-1667,14683,2579,-5796,14684,3218,281,14983,3244,2631,13996,2346,-1613,13617,1326,-2292,13202,2687,-885,14134,2020,-1589,12105,3353,-1357,12837,4214,1504,12594,5905,3846,15365,2608,25,8425,4591,1563,13852,5675,3977,13123,7071,4091,14661,3495,2017,12134,3505,5010,13851,4352,5587,16614,4082,1665,13816,1927,2139,14692,-443,6144,14845,928,1879,16724,723,-632,14199,840,429,14418,674,433,13768,2623,-1066,14181,2752,-361,13221,5294,1985,13783,5129,-1563,13328,6673,-5514,12981,5735,1744,13278,8026,3787,14681,6469,-1057,12478,2325,3047,11435,4688,6337
12850,4251,-209,12689,3009,4500,11152,5373,2070,14173,5723,-965,12259,5811,3821,12739,3616,6406,13443,3862,3100,14148,4509,2670,14729,3980,5255,14431,2652,4084,15210,1045,1663,15021,566,3201,15564,593,4268,14887,721,-1463,14863,866,-2470,14013,2426,2689,14522,2225,1482,13268,4489,-2975,13749,4543,-533,13113,6388,-172,14085,6459,-3174,12685,6460,-274,13349,5884,4053,14124,4270,2957,11556,3548,992,13709,5128,3217,14841,4742,6358,13514,2602,3465,12359,732,3051,13567,2054,7898,14483,3130,4981,13933,3366,429,14157,2633,4820,14202,3732,6328,15317,2717,503,14394,2400,-2093,14499,2978,-917,15106,2689,255,14429,2368,-1648,13905,1957,587,14360,2141,1081,13440,2656,-4684,13870,2450,-3660,12727,3217,3173,12842,4202,838,12518,5080,-774,14336,4126,2398,9737,3804,4748,13361,6347,244,13776,5550,1753,13781,5059,7260,11921,3188,3901,14394,2835,1216,14794,4622,5154,15912,2843,5152,14091,1368,1791,14811,-755,1478,15780,1376,4084,15205,700,950,14217,786,-3985,13447,1894,1216,15092,3591,3040,13542,5405,-2716,13758,3936,-2381
15075,2168,-112,13875,2738,-2610,14009,2050,440,13685,2785,-1689,13687,2818,-3717,12292,2854,1165,12781,3689,2688,12893,3781,816,12267,4772,435,12692,6516,2793,13761,5152,3309,11272,4564,1477,13822,4068,5083,13858,5194,6508,14430,2847,2570,13720,2747,1331,15475,2741,5707,15628,1472,4808,14992,515,-605,14748,-161,1999,14958,460,2717,14746,1723,-1940,13942,2008,-856,13526,3784,2162,14564,4899,-620,13070,5483,-4189,13409,5040,-1086,13294,6258,2943,13369,6801,-419,13358,5989,-332,13713,3139,5558,11520,5144,4579,15688,4342,-91,12532,4734,5237,13677,683,7264,12917,1311,2524,13830,2083,4023,14465,3773,6706,13976,3498,3791,14439,2749,2068,14117,3199,1848,15175,2691,3027,14609,2767,-2780,14525,1375,-2751,14314,3218,2869,15110,2493,144,14231,2556,-4158,13633,1933,-991,13490,2897,-190,13911,2591,-2135,11558,3118,-309,12781,4699,2450,14379,4649,1806,10818,3599,324,12675,5624,2392,13701,6519,4667,13197,4957,2366,12131,2582,2865,13705,3893,6447,15054,4401,3945,14821,3390,1236,14406,1309,4835,15116,1290,5099,16102,633,207
14419,3417,6285,14573,3912,2851,15049,2757,253,13742,2382,2110,15075,2219,-1391,14897,2896,-3032,14843,2796,607,14182,2864,1823,14764,2224,-1760,13657,2375,-4479,13503,2566,-749,13141,2865,1732,12233,3200,-1722,12555,3755,584,13308,4215,4635,11518,5150,1050,13333,6115,-748,12678,5903,5500,13577,3903,5227,12516,3769,1663,14326,3484,4850,14611,4506,5490,15025,2628,2180,14861,1279,1969,14975,1081,4518,15926,299,3459,14701,570,-1986,14315,290,-600,14236,2313,2541,14420,3244,-1237,13523,4159,-1990,13505,4866,1400,13634,5302,-2024,13232,6063,-3916,12787,6116,2261,13528,6745,3665,14430,4117,976,11487,3833,1915,14030,5784,4359,15011,4622,4440,12724,1824,2209,12301,385,5421,13969,2347,8293,14412,3440,2553,13986,3038,1644,13597,3547,6243,15016,3348,4249,14651,3193,-343,14541,2131,217,14448,2424,-559,14766,2042,-1714,14578,2456,-932,14201,3223,2063,15099,2231,-641,13033,2316,-5463,13602,2060,-1532,12882,3953,2755,12944,3572,-506,12368,3570,-531,12628,4082,5064,12555,5963,2008,13547,6414,-1565,11877,4639,4691,12822,3810,6401
13642,4153,3176,13354,3070,7780,13785,2217,3402,13395,1717,2939,13251,2149,7255,14080,3233,5261,14401,3695,1125,14405,3304,4011,14486,3112,5739,14901,2721,-408,14807,2586,-3811,14371,2693,475,14865,2437,1445,14262,2768,-2133,14393,2292,-555,13797,2630,175,13691,1809,-3842,12633,2524,-2869,12831,3591,2787,13336,3372,2222,12152,3999,-309,12429,4856,1924,12606,7365,2881,13915,5419,2194,12341,4029,2744,12478,3553,6090,14322,3744,5836,14300,4446,1006,14635,2952,3168,14881,2435,6353,15632,1372,1726,15673,49,781,14435,334,3085,14863,189,127,14300,1524,-2158,13993,2503,734,13965,3740,2365,14098,4937,-2702,13211,5116,-4703,12855,5819,1283,14156,6799,1138,12796,6535,-1152,13650,4266,3238,12355,4984,5417,14384,5316,609,14096,5060,1474,13132,2689,7773,12972,1215,5323,13509,1421,2155,13627,2221,5876,14003,3181,6188,14606,3734,2075,14459,3637,2789,14496,2549,4398,13989,1264,604,14811,2180,-4825,14873,3193,-380,15209,3463,2801,13884,2359,-1477,14180,1963,-2689,14146,3159,-99,14016,2729,-1810,12690,2051,-2545,11926,3106,1558
13263,5457,-5078,12967,6632,30,13788,6559,4170,13022,5065,1102,13006,5031,544,13400,5745,4631,14473,5007,4271,12949,1943,1328,12581,1392,5680,13902,2811,8228,13787,2068,3432,12952,1763,2363,14175,3393,4908,15640,4740,5185,14618,2901,1334,13894,1662,328,14543,3209,1195,15825,3300,-2083,14405,2393,-1670,13756,2030,1911,14755,2933,-211,14355,3167,-4561,13391,1381,-2698,12162,2545,1124,13814,3022,-92,12287,3719,-374,12498,3787,3867,11842,6025,2944,14046,6560,-1205,12621,4784,3121,11497,4124,6412,13886,4279,2925,14218,5061,3022,13771,3271,6029,14304,3019,3981,16074,2974,1168,15526,948,3561,14834,-272,4046,14923,-114,-248,15210,887,-1772,13933,1428,2631,14216,1700,1385,13524,3946,-3555,14257,4965,-964,13087,5997,471,13348,6306,-3300,13569,6460,-651,12605,5677,4415,13149,5237,2879,13306,6035,-400,13976,5517,3738,13838,3809,6302,12746,1397,2331,13403,1881,3848,14148,2679,7683,13480,1396,5529,13123,2678,1347,15339,3983,3978,14970,3848,7053,14268,1601,-17,13922,2077,-2833,15398,3527,955,14905,2765,228,14129,1717,-1905
15479,776,2222,14033,1687,-1610,13868,1831,12,13511,5000,1677,14753,5589,-3371,12931,5656,-4628,12631,6142,1281,14250,6439,2724,12583,5731,-119,13048,5034,2126,12384,6887,5417,15175,4997,2109,12980,2716,1517,12533,1032,7136,14118,2422,6229,14123,2329,2241,13327,1440,5363,13490,3310,6342,16061,4757,2828,14718,3289,2341,13943,1453,2352,14058,2243,-19,15857,3175,-3946,14162,2669,-418,13939,2421,2700,14491,3126,-1972,14665,3007,-3986,13312,2034,-594,12822,1841,-671,13162,2562,-1903,12476,3128,1366,12296,4256,4330,12545,6073,1191,13376,6874,-695,13005,5206,4599,12082,4111,4990,13445,4317,2059,13935,4711,5071,13800,4007,6597,14518,3401,1965,15593,3132,1068,15476,951,5049,15009,-1235,2681,14877,-691,-1661,15169,298,548,14068,1562,3177,14300,1737,-543,13514,3830,-2404,14159,5553,215,13559,5828,-2152,13135,6503,-3956,13625,6670,1708,12863,6208,4764,12898,5819,799,13295,6581,177,13885,6345,5825,14141,2973,4636,11951,863,1528,13674,895,6400,14140,2380,6924,13626,1289,3317,13209,2899,2563,15319,4589,6131,15453,3139,5722
14378,2812,3325,15453,872,4810,15530,-197,-601,15061,-1170,2207,14831,-237,2243,14354,654,-1094,14192,2644,-1882,14039,3824,1192,14190,4383,866,12785,4617,-4130,13337,6072,-2847,13869,8001,3053,13487,6908,439,12728,6205,-151,12444,5808,5694,13963,6164,4358,14475,4193,182,12128,1058,4140,12935,916,7744,14528,1762,4689,13833,2346,3312,13201,2875,5964,14908,2911,5346,14710,3374,2264,14732,1619,2523,13977,2395,2375,15319,1946,-2446,14471,3730,-4166,14920,4469,1172,14662,3674,1473,14243,2548,-2887,13674,1604,-2262,12904,2269,-297,13318,2238,-1540,12040,3302,-1002,13053,4284,3315,12592,5031,4351,12438,5827,-392,13411,5374,844,12141,4930,6414,12800,3072,3429,12846,4010,2843,14178,5524,7328,15300,4965,3830,14644,2818,-294,15185,522,2804,15713,550,4074,15588,-622,1720,14630,-926,-1529,14119,1149,1088,15120,2568,1610,13747,3297,-3250,13422,2910,-747,13197,5038,1251,14005,6227,-3805,12689,7544,-1897,13404,6262,3353,12690,6506,2504,13465,6478,1185,13315,6176,3148,13608,4772,5900,13376,1691,2705,12976,704,2497,13719,976,8588
12009,3623,2431,11757,2106,6458,13790,5379,6475,15858,5733,1201,14833,4117,1197,14373,1645,5560,15282,-280,2582,15694,-78,537,14974,-294,2595,14557,53,904,14266,1670,-2559,14667,2990,-517,13993,4681,2708,13911,4285,-2145,13000,4520,-4712,12821,6036,1073,13028,7617,2504,13753,8433,-1227,13752,4791,3222,10822,6184,6121,15716,4484,703,12320,4099,1469,13733,-325,6969,12347,1180,6477,14460,2059,3565,14588,3413,4070,13783,3949,5765,15435,3129,3715,14045,2974,1609,14544,1095,4267,14085,2026,125,15021,3008,-5076,14696,4300,-734,14726,4275,2266,14418,3068,-1335,13936,1736,-2964,13355,1935,-1419,13477,1566,-38,12328,2439,-1472,12333,4530,15,13955,5109,4250,12369,3184,2081,11864,6126,-650,14157,5212,3449,12464,5620,5544,12700,3126,1775,13001,4016,5598,14042,5999,7318,16092,4781,947,14340,2600,551,14921,-131,4683,15366,-228,3169,15406,-712,698,14503,-332,-355,14155,1364,1880,14795,3291,-857,14458,3995,-2387,13497,4157,1155,13213,4051,-528,13113,5722,-4593,12798,6202,1452,13221,8669,3652,15187,6014,288,10758,5579,2056
12993,4008,1118,12567,5493,-675,13762,5722,4206,12440,4525,2823,11168,4390,-2383,13741,4518,5430,13202,5201,7162,14381,3125,4507,11990,4761,2050,16435,3710,2730,15261,4371,4698,15358,54,1353,13995,-692,1552,15011,-279,5659,15603,731,-1403,13816,1043,-3029,13898,2800,1638,14949,4041,890,13996,4737,-2587,12713,3795,-2046,12460,6054,306,14735,7007,203,12656,7152,-941,13033,4474,3446,12518,5229,5420,14693,5783,-957,13992,4366,2022,12474,2526,8123,13217,651,3955,13150,2027,3668,14275,2793,7847,13577,3276,4431,14690,3144,576,14444,3218,3150,14868,2936,5798,14438,1987,1351,14683,1919,-4211,14113,3138,-577,15326,3318,1395,14311,3904,-2846,14692,1929,-212,13422,2558,696,14007,1786,-4305,12551,2721,-2385,12570,3660,2656,13481,4171,2956,12439,3624,637,11865,5252,312,13700,6567,3158,13166,5657,2958,11875,2948,1939,12271,3080,7812,14626,5197,5754,14910,5487,-559,14538,3217,3038,14915,1487,6584,15514,653,2092,15620,-240,630,14363,125,1863,14689,728,836,14729,2753,-1339,14469,3127,419,13706,4438,1628,13766,4112,-3279
14622,3333,2230,14599,2138,-452,13844,1939,-3548,13648,1746,-1492,13399,2679,359,12837,2633,-1201,11568,4097,139,13326,5282,3950,14281,3416,1263,9816,5072,-43,14180,5153,2824,12445,6694,5804,13680,2562,3001,12378,3548,3550,14338,4794,6504,16072,4623,2805,14478,2575,255,14905,66,5068,15008,437,4574,15842,36,465,14472,103,-1052,13955,1550,1144,14652,2718,-62,14206,3973,-2130,13589,4600,922,13501,4227,650,12727,5435,-5058,13385,5916,-861,12891,7933,4776,14648,6294,652,13134,2911,928,11746,5437,5136,15950,4657,2884,12450,4220,2275,13282,-216,5615,12539,2464,7675,14744,2937,5063,14030,3287,929,13687,3000,4169,14587,3283,5825,14762,3461,610,14393,1721,1782,14228,2556,1129,15012,3002,-3153,14887,3344,-2219,14597,2447,1487,14387,2687,431,13818,2129,-3648,13723,1959,-3226,12750,3102,2075,13649,2784,200,11871,4172,-1588,12951,3668,3828,12194,5890,2974,13663,6006,-1601,12429,3860,3170,11503,4432,6603,14249,4483,3425,13994,5161,2450,13708,3087,5440,14194,3351,4063,16353,3255,1241,14951,1161,3539,15221,277,4605
14414,2862,2674,14071,4435,5645,15671,2830,2064,13782,2279,-1564,14967,1629,-808,14693,3174,1247,15318,2811,-1985,13850,2291,-1904,14187,1732,1514,13718,2090,-2642,13344,2357,-4397,12782,2436,1369,12327,3997,2371,12915,4097,-1556,13170,3113,1304,10730,5213,4884,14554,6409,1156,12167,6316,689,13547,2720,5741,12065,4215,5954,15205,3894,2242,14279,4196,2925,14564,2810,5680,15215,1533,3463,15012,1277,156,15542,107,4102,14528,298,2556,14699,755,-3038,14018,2278,-334,14540,3838,2958,13955,4407,-1044,13626,4062,-3378,13086,5573,-602,14096,6266,1107,13237,6005,-1166,12700,5979,642,14656,4509,5046,12017,4434,2755,13849,4911,-154,14161,4392,5974,13158,2837,6581,12972,1140,1744,13209,2077,5366,14141,3252,7673,14083,3502,2243,14256,3047,1630,14146,3990,4731,15651,2704,3570,13719,2230,-1713,14971,1462,-2568,14510,3237,1663,15358,2733,-647,13779,2609,-3054,14492,2209,997,13833,2618,-1122,13395,2475,-4527,12646,2397,392,12245,4254,2855,13286,4163,-381,12496,3189,831,11101,5503,3946,14638,6147,2487,11889,6004,1042,13245,2148,4119
15029,4874,211,13224,3916,3282,13078,1353,7832,13085,2009,4359,14094,2576,2719,13674,3121,5840,13720,3673,5189,15170,3939,1603,14346,4005,1904,14714,2386,4071,14186,2248,-621,15376,2046,-3580,14417,2739,1193,14876,2351,1253,14130,2378,-3005,14327,1982,-2049,13275,2586,-146,13454,1459,-1492,12089,3043,-1810,13032,3837,1487,12730,4563,3095,12962,3989,-128,11486,4978,951,13116,6756,5010,13660,5509,3193,12209,3573,1732,13143,2601,6007,14539,4425,5451,15202,4108,1238,14755,2210,2989,14990,1415,5945,15692,765,2281,15279,312,-407,14332,-128,1562,14292,1149,1183,14584,3510,-1460,14418,3992,-358,13394,4509,1326,13527,4560,-2715,13323,5635,-3896,13086,6757,2351,14203,6111,2896,12626,4828,-763,13566,4184,2645,12947,6190,4786,14866,4106,1842,12596,2925,2467,12948,1263,6785,13710,2558,6623,14114,2875,2354,13331,2924,3823,13841,3607,6500,14953,3789,2405,14647,3644,1085,14504,2165,2819,14340,2324,47,15244,2255,-3159,14722,2508,-52,14385,2718,1955,14539,2249,-2052,14162,2259,-3999,13320,2332,-198,13203,2163,97,12461,3434,-2108
13514,5122,63,13436,5718,-3501,12905,6558,254,13385,6543,4231,13660,3421,1295,11770,3676,465,14532,5737,4093,14610,5686,5134,13051,2129,2783,12182,675,3737,13852,2731,8318,14637,3110,5179,13071,3029,770,14066,2956,4911,15065,4842,5130,15375,3671,251,14022,1783,18,14162,1853,1094,15233,2527,-781,14832,3005,-2253,14231,2229,213,14231,2284,912,14306,2439,-4513,13140,1636,-3174,12087,2209,2216,13050,3641,341,12895,4165,-1022,12817,3332,3267,11303,5728,2953,14121,6319,-838,12317,5434,2524,12765,3529,6473,13189,3904,3696,14393,4410,2624,14066,3367,5474,14419,3439,3882,15822,2658,1849,15220,1185,2950,14762,-255,5048,14683,-454,81,14873,920,-2647,14139,2005,2415,14426,3397,1682,14271,4971,-3379,13781,4573,-1422,12997,5706,832,13950,5643,-1923,13229,6360,-1005,13013,4952,3524,12939,4556,3838,13660,5470,-299,13969,5753,2303,13887,3641,6860,12382,1911,3280,13479,2037,3365,14241,2576,7540,13130,1698,5882,13119,2647,1138,14880,4716,2751,15249,4875,6206,14467,2102,1495,13693,1524,-2614,15226,2826,785,15270,2679,1304
14600,-979,2014,14665,805,2720,15147,1410,-925,13789,2236,-358,13841,3786,1999,14480,5275,-2225,13783,5582,-4507,12972,5649,349,13591,6507,2506,13356,5824,-596,12785,4637,889,12804,5351,5451,14110,6188,2578,14172,4097,706,12389,1782,5862,12996,2263,6627,14921,2815,2155,13365,2006,4936,12856,2074,7721,14327,4216,2878,16118,4804,1356,13922,2818,3690,13971,964,1543,14629,2866,-3105,16003,2463,-1102,13845,2836,2936,14294,1729,-994,14618,3288,-4147,14448,2486,-846,12907,2072,-613,12623,1783,-3161,12871,2919,86,12782,3698,3532,12348,4241,1646,11852,5824,-757,13592,6444,3263,13087,5428,4844,11989,3574,1434,13173,3556,3997,14228,4741,6819,14545,3227,3697,14024,3562,936,15916,2912,4611,15702,1035,4866,15028,-735,-487,14706,-499,336,15033,1349,3193,14438,1839,597,13848,2831,-1920,13760,4765,341,14551,5749,-976,13381,5563,-4523,12803,5554,-229,13603,6498,4070,13361,5160,914,12466,4881,-53,12909,5844,4499,14626,6130,4672,14143,3138,887,11772,1177,4674,13536,2438,7530,14748,2633,3652,13158,1576,3701,12967,2308,6059
[row took 88653us]
14335,4685,2250,13774,2887,5551,14260,3350,4692,16513,2930,1628,15345,705,1487,14869,-733,3716,14745,-501,977,15415,867,-1915,13716,1882,2311,14276,3077,2303,14004,5263,-3850,14125,5311,-3355,12797,6121,1216,13641,6595,-296,13476,6339,-1199,13002,4878,3208,11775,5387,4792,14289,5420,955,13565,5648,1439,13568,3276,7408,13639,1851,3847,12535,1827,1749,14557,1505,8133,12857,2336,7151,14746,2752,1622,14439,4556,2478,15449,4083,5150,14398,1770,1090,14132,1357,-3388,14964,3265,-489,15433,3651,2153,13863,2343,-2208,13786,2017,-2585,14374,3255,828,14184,2241,-2483,12312,634,-3967,11533,2012,1202,13480,5251,2283,14386,4805,-401,10108,2702,2678,12157,7077,4537,15508,6529,818,12433,6113,1981,12012,1835,5196,13235,4001,5971,14941,4314,3426,14936,3443,2580,14247,2816,5076,15895,1221,2007,16028,309,-313,14419,-520,3959,14999,-589,693,13863,916,-2340,14141,2398,278,13981,5207,1915,14504,5033,-1986,12775,5449,-4650,13233,6324,521,14331,7411,2677,12845,6641,-981,13253,4313,2165,11571,5326,6202,15352,5599,1317,13940,5042,1104
11800,5842,2609,13494,6247,-1492,12490,5690,3329,13082,4600,6102,13180,3510,2485,13140,3654,3927,14214,4101,6507,15018,4214,2929,15499,1958,610,14771,592,3681,15727,-227,3818,15242,420,-1085,14755,-226,-1096,13666,1678,2775,14769,2568,488,13627,4930,-2515,14092,5164,-448,13337,6642,-983,13969,6035,-3239,12004,6567,674,12917,6458,4643,14771,4038,2446,10590,5185,798,14643,5254,3958,13339,4794,6524,14201,1561,2249,12824,62,4110,13445,2255,7795,14880,1753,4439,13070,3580,1128,14906,3777,5812,14658,4681,5856,15364,2297,416,13851,1992,-2418,14705,2649,-1057,14831,3229,-330,14835,2649,-1000,13783,3511,1133,14627,2526,-59,13310,1969,-5659,13774,1700,-3238,12467,3519,2931,13099,3222,811,12274,3101,-441,12061,2695,4741,11791,6416,2611,14533,7324,-888,12260,5323,3513,12325,3226,6559,13672,3696,3676,14269,5023,2676,14913,3861,4977,14646,2986,4203,15399,974,710,15322,525,1694,15821,278,4630,14880,21,-608,14165,75,-2610,13628,2413,2608,14729,3884,1949,13681,5463,-3390,13464,4958,-2754,13256,6363,519,13739,5577,-602
13644,2516,-50,13686,2021,-3242,12814,1641,-2198,12202,3354,1846,12983,5332,3262,14685,3603,534,8274,3871,1410,14264,6583,3778,13844,6617,2735,13888,4486,1702,11183,2647,5290,14003,3407,6753,15530,4815,2063,14999,2929,1523,14173,1544,5724,15403,551,2129,16384,1121,-189,14743,128,2492,14473,-259,691,13613,2361,-1908,14747,2575,185,13212,6397,1876,14884,4954,-1511,12485,6348,-5313,13342,5395,592,12759,5897,4594,13502,7027,-1371,14633,3338,1838,10055,4327,7085,15550,5093,963,13722,5739,1280,13929,1162,7040,11965,1094,6246,14095,1189,3743,14457,3243,4244,13547,3467,5852,14444,2702,3631,14080,4285,437,15730,3463,3592,14294,3287,1201,14535,1384,-4633,14055,2125,-899,15103,3550,2799,14499,2841,-871,13830,1810,-3027,13334,2363,-1768,14360,2657,-947,12517,2157,-1608,11773,2472,558,12310,4897,4536,13775,6456,1673,12871,4196,489,10938,5296,1369,14654,5425,5606,13550,5411,2141,12628,2798,3307,12299,2769,8240,16748,4288,2014,14664,4018,617,15472,1013,5241,13976,842,3024,16716,196,256,14632,703,-180,13906,-150,1381
14319,2467,-367,14271,2499,-28,15301,2317,-695,14349,2574,-1277,14197,1634,517,13988,2431,1406,14061,2035,-3862,13551,2665,-4621,13635,2865,1749,12665,2694,992,12032,4403,-1577,12831,4915,2984,13949,3108,3817,9978,5903,802,14690,5545,591,12431,7219,5977,14204,2654,4226,12586,2920,1617,13831,3496,5700,16345,4443,5511,14503,2735,800,14974,-245,2542,14524,1461,4081,16668,437,2196,14319,860,-2526,13540,275,378,14141,3282,2990,14716,4919,-2140,13894,4938,-2484,12665,5397,1069,14351,6044,-2511,13224,6743,-1922,12651,5983,3958,13939,5106,3245,12857,2491,1092,12122,4730,2748,15500,5430,4655,13648,4475,4239,12676,705,2193,13014,1361,6643,13933,2818,8240,14511,3251,1193,13261,3087,1845,14296,3731,6292,15476,4161,2080,14846,3262,-681,14516,1814,-304,14439,1866,-404,14887,2656,-1757,14525,2174,-229,13752,2565,1726,14351,2120,-2194,13396,2548,-5438,13597,2572,166,12188,3318,2556,12183,3883,-860,13893,3886,1654,10665,4088,5218,12968,6317,436,13949,6271,-756,13110,5341,6116,12258,3200,5539,14166,3172,2178,14096,3854,4440
14131,57,2552,11847,955,3553,13675,2608,8886,15344,3803,4262,13742,3862,328,14236,3216,4056,14820,4433,2660,15571,2917,-355,14233,1407,-2097,13811,1432,1017,15033,2276,592,14417,2399,-2843,14093,2229,-976,13497,2419,353,13880,2376,-4173,13093,2336,-1820,11558,3331,3231,13222,4856,63,13704,3238,93,10199,3688,4425,13704,7091,2577,14046,6925,313,12993,4189,3025,11864,3045,5998,14527,3613,4880,14626,3978,2275,14560,2461,4502,14478,2063,5607,15656,2169,239,15797,903,1531,14340,226,4233,14730,-143,-804,14056,2468,-1711,14731,3376,1808,13799,5117,944,14094,4775,-3095,13508,5843,-2668,13652,6450,1743,14025,5752,389,12254,5471,-1368,13761,3624,3580,12449,3715,6263,13869,4988,300,14332,4926,1804,12812,4408,7551,13601,1341,3527,12901,1777,3112,13762,2263,7740,13920,2980,5180,14141,3490,904,14511,3941,2533,15359,4605,3948,14668,2595,714,14861,1553,-3721,14165,1880,690,15370,2527,1870,13864,2600,-2900,14412,1304,-1042,13334,2914,205,14381,2523,-3390,12745,2478,-2789,11953,2890,2023,12720,4751,1934,13673,3330,419
13447,6258,3689,13190,5402,-967,13264,3655,438,12454,3415,6510,13888,5022,2954,14874,5412,-292,12690,3319,5794,12622,1359,6505,14414,2474,3170,13857,2669,4580,12955,3224,6656,14472,3174,3454,14635,4936,257,15156,3816,2744,14294,2630,2970,14869,1731,-3333,14486,1716,-1574,14525,2138,2844,14377,1754,-653,14260,2578,-3230,14296,2558,-950,13278,2697,-754,13315,1888,-2821,11881,3012,-572,12802,4743,2860,13845,3696,2080,10410,3746,433,12933,6476,2251,14238,7335,4406,13238,4768,1642,11875,1949,2596,13408,3616,7448,15545,4127,4490,14760,3070,1103,14263,1518,4686,15310,2015,4211,16245,1408,369,14622,-63,1251,13975,556,2123,14647,1646,436,14374,3697,-2289,13769,4645,841,14230,5303,799,13542,5690,-4320,13328,5821,-1765,13191,6423,3712,13863,5562,829,13055,3802,-507,12809,2729,5438,12958,5278,4667,15202,5105,-212,12576,4101,4219,13207,1050,7321,13614,2036,4247,13754,3030,3467,13892,2945,5916,13490,3575,4798,15053,4123,647,14875,4184,1418,14598,2695,3444,14525,1679,-1879,14608,1642,-2657,14692,2556,2129,14700,2220,665
14034,612,205,14632,2043,3250,14491,3998,-1422,14217,3981,-2027,13458,5079,1788,14273,5468,-2263,13049,5559,-3310,12798,5335,1852,13264,6191,2981,13826,4362,237,12912,2639,1721,12477,5070,5672,15446,5354,2825,13147,4556,1889,12978,892,5865,12998,2293,6911,14224,2713,3327,13933,2854,3170,13380,3777,6027,15335,3943,3073,14980,4486,-656,14374,1537,2080,14079,1615,560,15041,2449,-2524,15191,2940,-232,14198,2494,1679,14020,1139,-1266,13636,2288,-4788,14215,2809,-1230,12949,2754,1599,12220,2478,-1597,12250,4174,-659,13651,4577,4345,11956,3936,2382,12159,5733,-855,13681,6097,3133,12898,5605,5712,13241,2903,1978,12987,3470,3791,14630,3293,7120,14885,3115,2915,14874,2188,1056,14846,2252,4470,15761,699,4163,14721,24,16,14576,19,-913,14219,2669,2615,15101,3860,-456,14125,4596,-2920,13670,4414,1361,13897,5465,76,13498,5631,-4033,12940,6125,219,13294,6605,4095,14114,3450,931,11762,2792,992,13560,5114,5196,14983,6249,3744,13307,3471,1818,12117,716,4468,13468,2674,7899,14549,3098,5119,13615,2581,1396,13245,2832,4856
14423,4477,2151,13947,2414,5243,13811,2251,5598,15595,3132,1850,16212,2249,2040,14707,792,4540,14783,-405,1952,14923,1751,-2558,14684,2089,1689,14239,2925,2503,13602,4106,-2917,14212,5121,-2129,13484,5947,1643,13840,5455,-1555,13006,5955,-2301,13383,4820,2523,13053,4204,4071,13408,4421,1138,13125,5827,1509,14380,4472,6353,12795,2434,3766,12991,2368,1878,14421,3084,6506,13385,2741,7224,13315,1867,2324,13786,4082,1999,15784,5163,5982,14972,3120,2113,13763,1336,-2600,14584,2108,234,15389,3104,1772,14812,1747,-1500,13773,536,-1349,13567,3076,373,15559,3254,-2547,13153,2175,-4181,11597,1715,383,13497,3615,2161,12802,3907,-928,12122,3201,806,11245,5443,4497,14223,7280,1157,13331,5484,600,11809,3165,5370,13003,4015,5449,15056,4513,2201,13886,2700,3913,13868,2374,5978,15573,3122,3241,16254,1987,1060,14385,254,3365,14677,-414,3029,14955,1918,-2225,14712,2056,331,13894,3209,3391,13881,4340,-1697,14194,5399,-3622,13562,5823,446,13480,5888,165,13679,6010,-1785,12881,4683,1488,12929,4025,4861,13328,4830,2405,13776,5795,117
12597,3769,1836,12103,4031,-75,11965,6047,2373,14076,6799,4390,12921,4483,1664,12126,3352,2358,13879,4425,6375,14487,4005,4797,14074,2545,2006,14429,2675,4120,16088,2677,5553,15455,1042,742,14876,-917,500,14310,1088,3256,15617,1529,469,14104,2594,-2165,13750,3079,1136,13972,5538,1223,14120,5926,-3359,13257,5011,-2677,12620,6251,2072,14703,5769,922,12331,4749,-414,13356,3724,4335,12603,6575,5205,15374,4580,312,12097,2925,2988,13013,1892,7530,14623,3314,4324,13665,2752,2723,12971,1130,6412,13252,3418,5081,16122,4612,1652,14752,4112,1493,14019,1724,2579,14445,2220,-966,15700,2862,-3083,14507,2238,1676,13909,1431,1550,14205,2201,-4213,14628,2758,-2928,13351,2664,324,12935,1730,-1899,12438,3148,-1947,12914,3329,1947,12020,3953,3419,12097,4879,160,12782,6557,700,13480,5874,5681,12314,4006,2901,13040,3828,1281,14157,4369,6097,14226,3037,6045,14094,2752,1770,15438,2897,3002,15680,2190,5718,15391,-226,1458,14390,-14,-891,15256,1141,2117,14755,2039,2425,14104,2441,-2223,13615,3925,-1106,13948,5865,1879,14084,5879,-2308
13700,2778,1420,14628,2079,-1193,13704,2687,-4727,13325,2099,-1594,12231,3063,2025,12607,3228,-593,12591,3799,-582,12029,3670,5368,11939,6006,2714,14113,6474,-1671,12163,5286,4559,12578,2983,5989,13709,3714,2135,14371,3991,3755,14848,3413,5832,14446,2320,3658,15736,1593,921,15572,1886,2377,15657,-59,4709,14296,-359,-1686,14267,1114,-1838,14583,3720,3990,14553,3881,-352,13137,4713,-4073,13717,5176,96,13625,6751,224,13763,5866,-1952,12405,5304,618,13240,5193,3577,14018,4040,3397,12531,4647,961,13508,5238,3888,14082,4110,7032,13418,2024,1904,13340,939,3785,13323,3100,8970,14486,2504,4327,13702,3595,515,14380,3198,4851,14832,4663,4265,15438,3121,-677,14304,1682,-2262,14129,1773,668,14929,2638,-188,14995,2811,-2233,13538,1612,733,13907,2066,-535,13906,2753,-5265,13397,2302,-2205,11740,3027,2615,13409,3287,805,12672,4157,166,11464,4314,3478,12813,6411,2742,13713,6319,266,12745,4633,2634,12331,3189,6305,13959,3636,4456,14702,4209,2101,14607,3419,4727,14861,1961,5054,15210,1477,977,15833,298,1704,14953,745,3612
14805,3596,1871,14632,4494,3464,14883,2260,1653,14441,1835,-4632,14227,1886,-851,15043,3146,2723,14306,2389,-1839,14074,1674,-2728,13517,2260,314,14076,2342,-2317,13090,1936,-2618,11857,3431,908,12849,5222,2636,14330,3367,1035,9340,3801,1645,13896,6806,3269,13760,6811,2782,13396,4517,1260,11711,2487,4601,14081,3659,7299,15144,4372,2448,14991,2676,1196,14167,1616,5726,15323,779,2647,16166,860,96,14600,-56,2729,14291,250,624,14154,1756,-1335,14699,3965,-793,13748,5630,1627,14390,4626,-559,12813,5816,-4829,13689,5729,182,13171,6701,4103,13372,6331,-979,14753,3944,1002,10416,3112,7353,14476,4875,1901,14974,4730,295,13277,2775,6565,12197,1099,6503,14158,2063,3269,14449,2968,4614,12892,2953,5938,14162,2455,3778,14576,4623,679,15591,3802,2621,14116,3008,2212,15032,1577,-4567,14335,2488,-1293,15229,3081,2871,14257,2537,-730,14070,1849,-2941,13764,1853,-1100,13179,2425,-1394,12901,1528,-1768,11965,3696,-256,13038,5262,3365,13838,4688,1429,9903,2577,249,12979,6521,3481,14742,6126,4260,13139,5566,1681,11597,1853,3070
15294,4408,1895,12137,2764,3675,12617,1431,6742,14035,2596,6449,14312,2970,2907,13010,2675,3597,13897,3147,5667,15110,4593,945,15588,3933,794,13865,3139,3429,15016,1495,-1522,14470,2316,-3142,14833,2026,878,14149,2546,1203,14496,1816,-1587,13807,2420,-3778,13425,2478,-800,12971,2278,482,11887,3759,-2065,13678,4020,2095,12523,3808,4307,11071,4276,-274,13456,5956,200,13256,6886,5411,13348,3715,3876,12288,3063,1351,14154,3506,5638,15025,4781,5766,15004,2797,1432,14619,1060,2605,15028,1495,5365,16103,892,2692,14477,818,-1792,14405,438,149,14590,2553,2736,14486,3136,-1198,13465,4018,-2406,13409,5103,1546,14174,5686,-1449,13652,6616,-3861,12952,5724,2822,13344,5611,3317,13827,4266,-790,12680,2695,2661,12584,5426,5989,15963,4296,2800,12348,3787,2653,13017,665,5744,13452,2608,7084,14357,3029,3485,13518,2947,2541,13280,3107,5738,14981,3947,2918,15298,3904,-243,14224,2473,1955,14533,2287,58,15110,2625,-2370,14880,2228,15,13875,1891,1528,14387,1362,-1212,13475,2300,-4163,13883,2619,-1403,13511,3007,1650,12123,3121,-1748
13117,4885,1598,13938,5416,-3486,13404,6010,-1616,12834,6173,4307,13723,5787,2048,14839,2413,-264,10187,2941,5076,15048,5425,4525,14255,4795,2211,13480,1681,4154,11933,1691,6660,14127,2620,6106,14609,3775,1708,13365,3446,2706,14337,3831,6331,14499,4390,692,15656,2585,-45,13800,2564,2147,15085,1542,-1904,14493,2478,-2418,14803,1406,1089,13783,2904,806,14448,1565,-2633,13497,2314,-4233,13041,2604,832,13216,3252,1417,12015,3849,-2533,12701,3173,2255,12125,4912,4850,13143,5920,-767,13266,5012,817,11462,4864,5540,14110,4259,4027,13721,4841,2091,14135,2242,5040,13616,2656,5497,15751,3295,1999,15740,2149,2397,14630,1231,5010,14910,-268,2156,14795,705,-1376,14736,2324,254,14842,2904,2154,13404,3918,-2330,14127,4348,-1692,13459,6027,2437,14099,5127,-1796,13031,4971,-3154,12659,5790,2220,13897,6705,3628,14600,4028,-193,11173,1485,3269,13378,5230,6298,16072,5066,2400,12835,3744,2551,11928,296,6172,13714,2591,7010,14990,3705,2989,13908,3476,1729,13418,3398,5487,14957,3589,2244,15442,3637,-1577,14081,2375,2600,14641,1671,236
14922,1262,3135,15680,1559,4917,14933,1069,391,14281,1213,-2422,14016,2847,2264,15104,3658,969,13652,4493,-3222,13835,3889,453,13386,5845,1304,14467,5648,-3137,12848,5234,-974,12514,5718,3434,14721,4921,2475,13431,2261,1123,11207,3954,4237,15517,5045,4654,13246,5270,2447,13319,1106,3253,12398,2328,7155,14233,3112,6122,14582,3857,895,13129,3353,3465,14665,3444,5663,14906,4029,-247,15057,1861,383,14045,2014,1297,14894,1593,-1001,14834,2647,-1760,14693,1716,58,13955,2570,570,13890,1875,-2880,13610,2690,-4248,13140,3102,1822,12516,3488,1342,12165,3667,-2687,13087,3334,2203,11716,4228,4853,12789,5867,-79,13761,5792,638,12760,5173,6602,13051,3107,3799,13806,3203,1779,14281,3193,5422,15030,3114,5901,14850,2387,1997,15134,1472,1881,15141,1817,4681,15347,911,2483,14502,1461,-2876,14191,2193,1212,14666,3663,2213,13882,4490,-2655,13905,4037,-1321,13098,5122,1996,14244,5069,-2035,13452,5536,-2125,12640,5190,2440,13686,5498,3104,14604,2837,876,11060,3041,2847,14460,5740,5251,14770,5398,3436,12825,2215,2071,12255,1435,5901
13133,6075,-611,13014,5178,3295,13003,4165,6564,13507,3588,2394,14205,3283,2720,14196,3323,6755,14891,2861,4522,15173,2401,1026,15110,1404,3817,15205,984,4835,14810,776,-816,14412,1444,-2147,14499,3385,2772,14851,4096,1283,13507,4459,-3206,13645,4239,-98,13481,5605,956,14101,5195,-2898,12472,6058,-821,13845,4913,3450,13669,4275,2424,13274,3113,649,12792,4186,3442,14144,4827,6061,13534,3737,2885,12937,2297,2281,13198,2651,7386,14223,3517,4945,14002,3909,1009,13659,3055,4486,14260,3688,5003,15315,3339,-71,14653,2235,-560,14272,2090,1241,15009,1596,195,14625,2406,-2033,14694,1773,-313,13842,2050,501,13771,1860,-3613,13359,2319,-2907,12551,3187,2206,12972,3879,398,12567,4090,-1775,13194,3523,2407,11279,4997,3765,13264,5766,-12,13228,5550,2158,12793,4222,6451,13172,3438,3713,14099,3196,1741,14065,3510,5595,14706,3234,5985,15121,2197,2034,14951,1222,2498,15062,1430,5017,15148,635,739,14258,1747,-2939,14526,2535,2004,14635,4169,2411,14283,4114,-2555,13505,3878,-1701,13369,5202,807,14053,5269,-957,13152,5084,-1911
14716,1697,-159,13127,2503,-4517,13125,1852,-933,12227,3917,2644,13384,4479,-1115,12635,4245,-982,12474,3662,3993,12158,5581,2526,14132,5644,-37,11904,4642,4166,13025,3293,6746,13814,4122,2602,14805,3449,1947,13674,3209,6234,15078,2708,5150,15349,2588,1493,15017,927,3858,14694,390,4258,14690,1171,-2124,14702,2196,-1459,14182,3356,3560,14477,3968,0,14223,4628,-3356,13495,4020,300,13431,5363,676,13895,5681,-2335,13232,5901,-411,13351,4757,3415,13617,3854,2592,13033,4173,334,13557,4757,3723,13891,3613,6235,12216,2768,2484,13629,3048,3226,14015,3839,6808,13748,2378,4589,13259,3348,790,15019,4260,4121,14690,4153,5408,14575,1700,-599,13993,1717,-1199,15469,2859,1976,15185,2661,59,14530,1522,-2330,13924,1422,-311,14436,2553,-116,13900,2521,-3452,12826,1570,-2417,12058,3535,1958,13730,4131,468,11948,4393,-1724,12733,3147,2642,11469,6154,4106,14459,6093,254,12093,4353,3169,12244,3182,7124,14196,4106,2822,14762,4291,824,13872,2360,6412,14371,2700,6498,16100,3022,2182,15152,1497,1527,14779,424,4051,14526,1257,665
14835,3831,5656,14559,1939,2217,14036,1694,-2478,15385,2453,-174,14860,3155,1893,14804,1696,-1437,13997,1418,-2731,14016,2195,102,14236,2452,-420,12961,2191,-3646,12219,3087,-66,13409,4792,2319,12995,3952,-776,12100,3692,-33,11612,5260,4642,14181,6676,3473,12865,5024,1490,11961,2598,4928,13217,4387,5326,15409,4262,1922,13854,2981,3675,13998,2242,7052,15603,2481,4707,15497,1483,-492,14676,-37,2403,14364,876,3805,15536,2105,-1392,14287,2932,-844,14179,3147,2554,13687,4272,-1266,14084,4232,-3643,13038,5053,-354,13356,6205,1108,14138,6222,-1164,12772,4932,-409,13217,4137,4195,13382,4625,3247,13837,5006,227,13605,3327,5171,12204,3111,6328,14443,3084,1880,13946,3586,2861,13301,2465,7647,13564,2534,3822,14841,4410,921,14697,3609,4767,14541,1973,3184,14039,1990,-1932,15694,2371,-1816,14506,3502,1867,15004,1448,18,13775,1781,-3491,14123,1847,-899,13942,2560,902,13114,2071,-3292,12199,3008,-1612,13238,4362,2510,12974,4273,540,12186,3994,-418,11767,5367,3766,13946,6728,4960,13171,4597,1588,11747,2887,3234,13429,4322,5927
11783,4221,2355,14482,2158,6425,12816,3309,4320,14716,2876,2925,13255,2890,5067,14105,3589,5922,14664,3615,2334,15126,3108,404,13843,2167,3551,14660,1688,246,15060,2927,-3505,15116,2738,414,14417,2360,1199,13921,1518,-3334,13837,1502,-2513,13095,2984,1059,13666,1681,12,11497,3598,-2743,13314,4539,617,12875,6937,3815,15282,2913,-301,8102,4463,3151,14908,6322,5401,13065,7154,3566,14334,1936,1028,11912,3381,4580,14891,3779,7740,15688,4291,2701,14318,1821,1027,14525,981,6505,15093,629,2402,15797,289,-857,13803,594,1238,14234,1567,1574,14318,4239,-1405,15000,3804,-1632,12872,4615,1008,13844,3738,-836,13312,6062,-3796,13758,6826,1049,13559,6674,2848,13514,5462,-1057,13684,3253,1738,12025,4483,6106,14774,4342,2466,12857,3931,1637,13064,1659,5941,13245,3158,6499,14665,2972,3070,12990,2994,2733,13788,2670,5266,14378,3579,4439,15253,3270,53,14477,2278,1389,14824,1841,1402,14793,1971,-3093,15047,2770,-1649,14661,3017,2057,14212,2225,-1254,13660,2001,-3718,13412,2304,-610,12946,3344,747,12624,3169,-1479,11913,4719,-418
14127,5742,-2138,12548,6070,-906,13058,6499,3577,15251,5333,2100,12248,2332,399,12211,4368,4669,14500,3660,6066,13288,4388,3236,13012,447,3085,13570,3654,6328,14711,3259,5456,13781,3511,565,13718,3201,3991,14700,3473,6168,15043,3030,11,14301,1631,-710,14620,2504,368,14972,2727,-291,15210,2589,-1884,13847,2289,-604,14616,1864,-61,12988,1196,-3054,13231,2234,-3519,13180,4177,2592,12631,4596,1411,12720,4526,-2487,12909,2656,2934,10960,4564,4379,13831,6228,371,12892,5667,2652,12582,3686,6708,13220,3226,3892,14678,4774,1557,15123,3843,4988,14718,3026,5432,14609,1361,2044,15031,292,1899,15196,995,4908,15083,548,1151,14389,1509,-3292,14137,2967,1144,14892,4275,2321,13683,4563,-2471,13488,3481,-1868,12720,5351,1324,14468,5319,-698,12291,6201,-1561,13349,6371,2640,13997,6591,3505,14869,1125,1106,10487,3865,2838,15445,4406,5574,12838,5736,5362,13517,413,2107,13135,1866,5602,13930,3942,7005,15367,3966,1105,13230,3512,2403,14344,2802,5941,14570,3459,672,15006,1922,-658,14283,2027,-279,14584,2019,372,15067,2983,-1927
14753,1055,3913,14382,964,-2884,13932,2608,-1795,14681,4349,2954,13820,5174,-23,13898,3478,-3181,12493,4925,-710,13859,6156,1304,13494,5038,201,12714,7014,-993,14624,6403,3887,14832,1870,3994,10294,2861,927,15509,3765,4112,12874,5945,7794,13985,529,2895,12300,2030,2643,13859,3887,7796,15593,4605,3516,13084,3308,30,13619,1621,5018,14407,3878,3635,16024,2938,190,14356,1509,-2593,13740,1422,296,15659,3242,367,15193,3122,-2553,13792,1350,-892,12970,1294,996,13828,2568,-3872,13345,2902,-1940,11849,4080,3113,12584,4794,755,12813,5984,-1239,13994,4906,4811,11363,3653,3026,11347,4304,-735,14393,4890,5433,13694,5542,5292,14513,1881,4839,12960,3456,1415,16023,2795,3315,15422,3207,6496,14530,51,1182,14658,62,1190,15145,1633,4313,15225,2067,-1777,13587,2132,-2350,14187,3869,1768,14550,5735,919,14362,4155,-2237,12071,3855,-2507,13243,5619,1459,15133,6876,1488,12675,6394,-2053,12983,3622,2965,13861,3244,5458,12927,4071,851,14554,3669,2570,12213,4312,8185,13602,1359,4094,13282,3042,2119,13956,3572,7104,14224,3444,5065
[row took 88772us]
13330,4429,4692,11854,3361,5167,15230,2799,2738,15414,4589,2370,15189,2205,5524,13950,910,4596,14770,108,179,16046,1309,2026,14599,1844,3049,14499,1643,-2890,13601,3171,-1215,14810,4413,2596,13874,4862,-972,13098,3822,-3368,13362,5165,-610,13853,7031,2364,13732,6199,-255,12610,5608,-543,14961,3402,4382,11821,2729,5193,13648,4334,151,14304,4176,4559,13020,2895,8046,13028,1790,1925,13912,3053,3401,14129,4249,7504,14155,3567,2313,13899,3152,1098,13761,2890,4384,15308,3034,3452,14487,2635,-964,14996,1290,-3739,14187,3231,1095,15990,2127,810,13480,2148,-3027,14028,843,51,13222,2433,543,13887,2502,-4176,12427,3319,-1193,11909,4515,2739,13268,5807,1285,13902,4013,-827,9848,2607,3918,12953,6201,4270,14659,5835,878,12950,4431,3392,12005,2749,6063,15207,3546,3868,15005,4494,1810,15264,1735,4089,13737,1273,5886,15419,483,1187,15707,1350,1035,14566,1224,3482,14466,1632,-1816,13874,3603,-2419,14935,4272,1980,13503,5205,1130,13676,3440,-2795,12605,4375,-2417,13939,6287,1530,14080,6633,1013,12742,6381,-1045,13763,4902,3408
13477,2769,-3373,11874,3639,696,12825,6056,1822,14412,4923,-468,11433,2967,1307,11615,5469,4696,14687,6012,3041,12415,5381,1655,12830,1931,4118,13743,4417,5614,15363,4471,3162,15036,2832,2104,13744,1447,6070,15381,636,4427,15392,1264,-664,14663,351,2702,14622,1530,1668,14805,3076,-1894,14457,3874,-1157,13518,4224,1886,14315,3769,18,12870,4963,-3532,13820,5664,-179,13766,6686,2714,13615,5746,-1236,13080,5138,-487,14281,3035,6311,12280,3689,4265,14058,3925,21,12749,3876,5903,13664,1910,6705,13214,2659,1934,13971,3467,3916,14161,4221,6117,13781,3375,3338,14379,3065,1667,14373,3302,2542,14926,2526,3586,14663,2388,-2233,15136,1694,-2802,14532,3733,2293,15301,1793,-505,13567,1516,-3496,13525,720,226,13308,2937,-55,13894,2502,-2991,11993,3264,-695,12330,5081,1785,13915,5401,992,12540,3048,-354,10202,4457,4331,14464,6349,4322,13003,5797,1209,13355,2200,3227,12715,3827,5850,15634,4211,3836,15088,4226,1750,14325,1739,4612,14834,868,6070,15095,1259,416,15390,470,1188,14182,1414,2305,14872,1888,-859,13941,4262,-2051
14397,2266,1714,15107,2157,-3952,14716,2376,-418,14875,2521,2022,14381,1554,-1979,14203,1714,-2650,13569,1864,785,13361,2016,-1290,12705,2973,-2921,12236,4298,882,13151,5915,2288,13623,4043,-65,10725,2969,923,12685,6195,4713,14376,5905,3597,12223,4358,1742,12508,2027,4167,14472,4834,6227,15644,4687,2702,14679,2290,1694,13859,1098,6229,15520,1036,3743,15720,1152,-106,14338,342,2127,14321,1512,1249,14805,3124,-1431,14477,4045,-1056,13446,4458,1846,14114,3997,-624,12953,4882,-4103,13541,5621,165,13570,6340,3285,13520,6068,-1123,13667,4422,125,13418,3462,6225,13155,3753,3378,14255,4126,467,12951,3357,6202,12905,2376,6794,14081,2655,2082,13669,3764,3811,14150,3757,6263,13824,3286,3218,14284,3241,1373,14429,2858,3201,14457,2440,3191,14745,2223,-2820,15046,2097,-2138,14728,3051,2256,14830,1768,-808,13895,1686,-3169,13885,1670,147,13412,2559,-95,13037,2469,-2571,12332,3732,-951,12885,5485,2233,13704,5035,1203,12089,3570,-95,11289,4840,3777,13709,5934,4773,13014,5070,1741,12662,2477,3027,13583,3796,6277,15303,4095,3721
13166,2256,7580,12586,2149,4596,14230,3051,1636,14009,3856,5523,13516,3592,5546,14617,3162,1919,14257,3170,1465,14569,2322,3522,13984,1870,532,15292,2531,-4149,15077,3654,187,15317,2715,1754,13512,1051,-2295,13526,993,-3014,13915,2784,1110,13735,2896,-596,12244,2492,-2512,11994,4593,99,13668,6271,2720,13425,3792,528,10329,3759,1393,13591,5541,4823,13422,5633,3578,12886,3575,1628,12606,3240,4345,15116,4430,6023,14938,4151,2261,14975,1653,1878,14170,1452,6427,15675,570,3291,15150,632,-231,14236,516,1334,14782,2335,1168,14393,4375,-1721,15159,3917,-1258,12776,4305,2421,14038,3362,-1177,12651,5325,-4187,13681,5962,1368,13567,7598,3222,14044,5149,-1347,12854,3062,680,12220,4112,6807,15058,4755,3028,13415,3880,1029,12433,1232,7008,12657,2986,6111,15344,3888,2538,13767,3500,3765,12886,2975,5415,14788,3055,3844,14468,4043,792,14839,2326,2705,13901,2215,2216,15326,2348,-3569,15000,2908,-1600,14703,2650,1969,14084,1335,-1081,14246,1356,-3241,13084,1937,-251,13311,1972,335,12539,3676,-2326,13056,4946,-639,13275,5106,2831
12564,5900,-2160,13852,6580,2873,13915,5747,1372,13194,4330,-381,12711,4210,4213,13768,5286,5921,14539,2737,2220,11617,1746,3242,13506,2704,6893,14906,3821,4831,13481,2785,2439,13170,2691,3903,14618,4192,5739,15020,3565,2260,14097,1921,-281,13666,2510,2215,15849,2960,-696,14856,3160,-3123,14455,911,925,13516,1957,755,14876,2218,-3493,13655,2400,-2628,12541,2129,869,13195,3148,91,12892,4297,-2136,12571,3958,1079,12435,4437,3867,12465,5672,457,13224,5896,1244,12253,4327,6673,12716,3765,3754,14152,4818,744,14529,4116,5137,13939,3142,6065,15071,2656,1934,15893,1502,3027,14423,698,5008,15133,-687,1473,14345,1528,-1818,15392,1969,1432,14361,3306,2899,14167,3153,-2533,13630,3942,-2650,13348,5116,1859,13726,5659,-1269,12865,6265,-2834,13678,6016,2118,13443,5463,2888,13473,4283,234,12778,4489,2430,13838,5042,6383,14208,2952,4037,11854,2055,2086,13921,2460,5921,14187,3679,6319,13799,2321,2692,13170,3259,2250,15149,3840,6138,14655,3255,3488,14279,1710,-1526,14039,2647,843,15909,3286,693,14861,2936,-2491,14343,789,-432
15207,1665,-1436,14581,1947,-726,13884,2773,3162,13895,4057,-696,14009,5100,-4437,13261,5344,-599,13123,6556,1670,14308,6290,-916,12437,5486,-326,13215,4214,4219,13127,5522,3635,14066,5170,334,13512,3397,5324,12289,2473,7078,14292,2514,2372,14028,2973,3209,13187,1834,7937,13390,2224,4490,14799,4284,762,14844,3607,4471,14440,2192,3780,13951,2320,-2080,15689,2911,-2308,14746,3594,1609,14776,1653,458,13847,1924,-3409,14344,2187,-1180,13933,2673,254,13158,1649,-3558,12134,2573,-1772,13329,3874,2673,12825,4189,1249,12096,4219,-589,11906,5737,2985,13816,6774,4397,12829,4583,1512,11742,3145,3089,13664,4499,6106,14889,4626,4038,14104,3211,1767,14554,2293,4177,15707,2256,5909,15655,637,942,14757,-316,166,14595,683,3053,15345,1534,286,14147,2344,-1418,13785,2610,1302,13761,4763,244,13969,5451,-3901,13107,5374,-2208,12882,7063,2718,14672,6595,735,12740,5906,-1226,12510,3810,4796,13461,5742,5757,14594,3994,90,12162,3476,4016,13784,2062,7328,13327,2233,3343,14332,2532,3684,13203,2540,6697,14386,3083,5506,14529,4073,1328
15012,4440,5854,14780,2136,1821,14925,501,1796,15294,1503,4114,16168,215,3421,14260,-225,-1683,14442,409,-1251,14446,2703,2673,14474,3260,-1317,13198,4208,-2339,13559,5078,1888,13641,6542,-1891,13398,6636,-3832,12852,5983,2340,13023,6053,3549,14169,4676,1330,12512,4329,2326,13009,5260,4671,14912,3236,5171,12642,2057,2116,13585,320,6080,13283,3328,8490,14835,2706,2349,13836,3425,1335,14103,2778,6083,14708,3535,3890,15088,3160,-450,14267,2451,-253,14485,2303,-601,14647,2827,-2142,15187,2481,-1190,13596,2649,2150,14403,1704,-1465,13298,2502,-5591,13410,2425,-1070,12710,3420,2509,12809,3568,-288,12815,3651,525,11568,5111,4603,13550,6168,1520,12900,5557,-478,12132,4341,4964,12982,3865,6394,14263,4554,2726,14215,4199,2747,14411,3564,5601,15393,1853,3852,15242,762,829,15205,-55,3191,15233,459,2848,15124,678,-2304,14133,1175,-1042,14057,2725,2918,14285,3611,281,13533,4923,-3563,13505,5542,-882,13390,7071,118,13510,6393,-1878,12313,6710,1180,14414,5349,4912,12439,3480,2963,12675,5455,354,14724,3423,5201,13133,4540,7302
10137,5449,2559,14762,6513,2859,12674,6925,2254,13398,2822,2195,12223,3681,6453,14507,4038,5632,15629,4004,732,14287,2054,3100,14934,759,6030,15342,1106,274,15972,187,1115,14411,283,1902,14268,-37,-471,13912,2542,-1861,14726,3637,715,13536,5540,1887,13541,4751,-2831,12823,6218,-4597,13621,6187,2672,13435,7507,1942,13477,6331,-1523,13656,2623,5060,11314,5397,5936,16386,3970,-265,12116,5181,3188,13881,156,7784,12898,1537,5198,14347,2571,3215,14108,2742,4754,13059,2519,5707,14796,3085,2470,14696,4559,1236,14820,3170,4081,14443,2509,-1827,14691,2068,-4823,14714,2985,1016,14722,3087,2037,14317,2452,-1977,13761,1795,-2448,13173,2500,-915,14097,1704,-1245,12075,3223,-1608,12650,3928,1503,12426,6168,3926,14892,2242,175,8863,5353,1356,14299,5849,4016,12581,7116,3840,14173,2565,1786,12400,3213,5065,14141,4507,5966,16622,4196,1763,13932,1848,1720,14889,62,5853,15232,1356,1771,16407,427,-245,13975,122,543,14471,694,811,13825,3300,-1287,14290,3644,-519,13619,5774,1659,13708,5280,-1928,13178,6262,-5035,12801,5140,2345
13671,2768,-5227,13596,1787,-3255,12537,2696,2226,12701,3472,-291,12990,4077,30,12359,2933,4711,11154,5631,1918,14419,6329,-1410,12449,6569,3508,12733,3468,6244,13201,3592,3148,14167,4237,3176,14795,3883,5522,14344,2672,3778,15247,1117,1136,15347,1121,3137,15790,847,4603,14706,359,-1244,14473,502,-2168,14022,2355,2973,14574,2673,1340,13440,4647,-3531,13696,4794,-772,13337,6573,239,14146,6423,-2804,12534,6124,-46,13246,5685,3952,14347,3997,2942,11452,3641,1126,13874,5128,3157,14944,5173,6195,13643,2431,3193,12252,444,2855,13341,2085,8275,14651,2809,5344,13517,3458,823,14210,2668,4273,14209,4831,5308,15774,3240,631,14049,2478,-1781,14373,2523,-643,15279,2382,536,14417,2354,-1743,14020,1774,300,14278,2131,974,13715,2561,-4639,13930,2337,-3633,12513,2539,2788,12410,3745,547,12696,4988,-808,14526,3636,2646,9139,4299,4693,14094,6842,-124,13308,6317,1408,13998,4196,6889,11719,3045,3848,14401,2759,1831,14787,4495,5530,15593,2903,4745,14441,1914,1352,15014,157,1473,15946,1148,4405,14871,339,1180,14206,418,-3778
16015,3254,2857,13991,2483,-2588,14759,812,-2747,14034,2842,2152,15368,1729,-187,13534,2727,-2607,14157,1834,593,13927,3019,-1857,14081,2346,-4426,11930,2355,801,12569,3695,2608,12949,3859,1120,12050,4429,1160,12405,6482,2630,14180,5733,2629,11467,4929,782,13534,3773,4200,13445,4834,7102,14663,2763,3377,13482,2394,1739,15165,3194,5207,16028,2375,4434,15146,1157,-303,15074,-102,2266,14603,-443,3574,14688,1497,-1886,14320,2097,-871,13509,4078,2162,14450,5206,-943,13392,5920,-3744,13696,5241,-786,13069,6067,2238,13029,6155,-633,13128,6126,45,14710,2994,5381,10632,3644,4749,15065,4906,-473,13761,5352,4705,13996,1928,7168,12424,940,2531,13594,1744,4728,14635,3628,7659,13895,3266,3240,14380,3379,910,14220,4042,2146,15697,3472,3206,14352,2570,-1689,14555,727,-2952,13802,3137,2468,15663,1948,430,13792,2959,-4034,13937,1681,-799,13496,2670,-124,13992,2160,-3222,11775,2135,-604,12264,4753,2210,14635,4475,1808,11167,3220,782,11789,5858,2491,14529,6883,3611,12869,6011,1808,12378,2253,2337,13083,3540,6954,14972,4075,5101
13826,1035,6792,13050,2241,6212,14079,2478,3589,13819,2712,3865,13392,3529,5769,15062,3721,2243,14818,4415,0,14590,2751,3441,14485,1868,-436,14754,2195,-3813,15094,2418,485,14272,2639,1864,14236,1723,-1906,13865,2306,-3294,13835,3044,-1214,13438,2659,200,12073,2755,-1944,12397,3771,293,13438,4550,4249,11810,3393,1399,11721,5667,-243,13994,6166,3974,13172,5987,4691,12561,2833,1144,13341,3244,4959,14588,4624,6849,15621,3236,2269,14142,1948,1609,15100,1182,5014,15837,1352,3109,15177,459,-316,14398,8,-368,14216,1793,2456,14617,3259,-600,13911,4490,-2261,13783,4928,1471,13622,5475,-1070,13488,5871,-4648,13102,6033,1643,13107,6324,3672,13888,4661,-347,12718,2586,2322,12441,5166,5555,15867,5511,2715,13060,4162,2384,12449,282,5195,13395,2210,7351,14627,3106,4063,13469,3235,2186,13451,2508,5938,14565,3893,3464,15376,4394,-133,14567,2772,2249,14408,2005,368,14627,2174,-2848,14955,2089,-675,13984,2580,1634,14621,2049,-436,13951,2467,-4293,13648,2122,-2093,12975,2852,1197,12820,2839,-987,12294,4059,-887,13166,3833,4173
12645,6711,-1459,13759,5390,3172,13100,4808,3335,13234,3549,847,12810,4385,2430,13936,4354,6510,13764,3387,3579,13144,2046,1608,13300,1617,7771,13762,3283,6548,14279,3484,1385,13714,3031,3521,14289,4041,5179,15403,3526,1421,14689,2793,-1463,14254,2045,280,14925,1761,630,14486,2791,-2195,14553,1634,-365,13783,2421,1271,14254,1991,-3453,13591,2324,-4198,12526,2924,1364,12894,3602,1199,12406,3809,-1081,12970,3361,2580,11282,5594,4038,13685,6152,-37,12801,5517,1456,12641,3989,5809,13409,3926,4756,14176,3848,2363,14339,3604,4304,14501,3021,5802,15372,1841,2585,15367,1165,1196,15451,590,4519,14860,39,1102,14368,855,-2838,14285,2513,1406,14650,4137,2553,14063,4443,-2270,13645,4501,-2793,13147,5538,396,14075,5844,357,13030,5879,-2134,12625,6259,1729,14517,4715,4675,12427,3032,1323,13027,4588,1591,14792,5276,6049,13868,3785,5400,12611,1206,1387,13186,1418,5751,13813,3523,8017,14596,2964,2068,13372,3665,1730,14671,4151,5257,15427,3291,2198,14003,1638,-1671,14614,1688,-1180,15142,3385,1486,15256,2910,-1025,13780,1465,-1949
15034,1187,-634,14013,2674,-764,14266,3894,1132,14220,4781,500,13536,4717,-3738,13219,4730,-1971,13287,6889,2695,14341,6476,-73,12639,5085,-694,13272,3869,4999,13108,5399,4000,14707,4488,-54,12647,2727,4271,12528,2586,7509,14703,3141,3750,13742,2805,2997,12884,1638,7062,13325,2911,4515,15665,4782,589,14381,3911,3628,14326,1620,3804,14020,2215,-1814,16044,2528,-2755,14335,3301,1953,14628,1404,941,14215,2214,-3514,14417,2328,-1493,13726,2331,155,13202,1701,-3225,12203,3262,-1884,13293,3968,2540,12373,4227,2515,12215,3905,-469,12052,5872,1964,13752,6541,4859,12912,4054,1878,11798,3393,2535,14190,4372,6311,14591,4313,4886,14122,2849,1358,14921,2265,3319,15592,2460,6064,15512,531,1530,14743,-504,-82,14393,1067,2629,15531,1897,1030,13994,2976,-1877,13796,2863,395,13758,5140,876,14044,5477,-3086,13304,4844,-2765,12538,6454,2420,14562,6045,1584,12581,5291,-901,13478,4025,3530,12629,5853,5589,15207,4314,1006,12392,2640,2805,12802,1964,7894,14485,3471,4580,13910,3074,2528,13062,1621,6037,13290,3505,5175,16157,4359,1907
13914,2934,6302,14604,3007,2839,16174,2513,1640,14978,891,4816,15236,-919,2956,14507,588,-1859,15665,1230,-25,13806,2745,3936,14438,2716,-920,13632,4503,-3847,13711,5106,653,13533,5689,-306,13324,6645,-3275,13429,6340,1380,12983,5466,3991,13055,4521,1138,13021,5512,973,14015,5052,5542,13917,2764,5013,12078,1578,1877,14101,2344,5185,13897,3722,7314,13921,1618,4110,13060,3236,1975,15329,4282,5366,14860,3702,4531,14378,1434,-1667,13949,2157,-876,15595,3612,1415,14945,3119,-1616,14173,1152,-1349,13458,2193,856,15253,2468,-1515,13662,2432,-4733,12414,1180,-1438,12763,3609,1934,13447,3888,-277,11924,3882,-258,11948,4363,4310,12987,6946,2368,13843,5663,-388,11582,3568,4570,12537,4198,6345,14939,5149,2168,14047,4144,2748,13923,2625,5767,15021,2797,4137,16592,1510,1502,14494,-325,2564,14798,-1011,3398,14893,1516,-1456,15212,1634,-1033,13491,2818,3867,14166,3288,-126,13920,4950,-4691,13567,4997,-719,13071,6304,923,14018,6885,-1363,12940,6225,231,12973,5070,4198,13361,5400,3089,13863,5404,196,13828,3588,5123,12360,2001,6728
8585,4400,3594,14893,6405,4067,12859,7153,2599,13760,2330,2133,12222,4064,5170,14775,4262,6362,15863,4352,1245,14233,1663,2055,14953,622,5898,15202,456,814,15773,-399,550,14085,701,1844,14616,920,68,13857,3267,-1774,14523,3742,-73,13590,5156,1152,13484,4479,-2532,13136,6471,-4004,13794,7910,2699,13903,7314,2834,12992,5731,-809,13050,3571,3527,12839,4958,5822,15206,3821,1084,12339,2723,2821,13079,1274,7745,13961,2749,6122,14265,2533,2984,12851,2268,4304,14048,2445,5484,14847,3693,2541,15071,3410,1023,14119,3135,2530,15182,2190,-437,14876,3097,-4367,14960,2849,-493,14176,2613,2084,14186,1736,-1978,14016,2132,-3440,13358,2577,-416,13281,2517,-417,12080,3386,-1975,12610,4556,1470,13496,4380,4262,10777,4145,1747,13132,5283,-631,12590,5860,4932,13373,3928,4919,12595,3935,1171,14527,4456,5254,14906,4884,5957,15142,2552,1242,14796,585,2095,15230,1122,4367,16188,125,2979,14363,-82,-1303,14531,650,-1061,14364,2746,2467,14599,3221,-1185,13398,4044,-2316,13439,4744,1870,13546,6349,-2038,13249,7133,-3849,13106,6235,2784
13197,2106,-5467,13624,2636,-857,12100,4586,3384,13537,4116,-18,12430,3073,363,11283,3658,4002,12912,6616,2364,13765,6488,884,12296,4105,4356,12295,3574,6514,14629,4634,3031,15018,4633,1600,14970,2965,4581,14180,1191,4969,15511,-240,604,15355,437,2332,15329,538,3602,14628,931,-2222,13895,1523,-2059,14432,3472,3182,14286,4688,987,13589,4600,-4108,12887,4956,-2042,13491,6678,1541,13541,7187,-23,12873,7710,85,14491,5581,4117,12204,2099,4592,12590,4389,475,15600,3843,3219,12694,4175,8657,13081,-227,3402,13113,1695,2788,14319,3325,7578,14657,3387,3941,13770,3419,972,14193,2792,4687,15134,3799,3892,14425,2699,-619,15066,2243,-4624,13846,3397,498,15863,2773,1348,13741,2908,-2762,14382,660,-760,12901,2354,171,14208,2033,-4060,12672,2583,-1391,11860,4464,2635,13315,5048,1477,13843,3015,-273,9392,3755,3482,14015,6272,3174,13387,6379,1227,13492,3828,3091,11823,3962,6182,14982,3842,4851,15105,4834,941,14939,2097,3302,14424,1051,6219,15400,551,639,15993,437,1081,14354,798,3016,14679,537,-1520,13675,2810,-2035
14276,3204,1038,14521,1715,-5031,14155,2433,-838,15554,3122,2537,14212,2483,-1139,13750,668,-2899,12936,2424,-1057,14461,2592,-712,12247,3042,-1646,12177,3069,568,12485,5233,3989,13166,6817,1057,13747,3379,978,10014,4689,1735,14645,5276,6059,13808,5901,2222,13359,3597,2826,12458,2816,7699,16497,3720,1414,14785,3285,1259,15081,250,6080,13800,71,3021,16195,266,9,15019,1549,-268,14147,1094,1162,13782,2550,-294,14393,3917,-1723,14076,5462,1440,13356,4805,-248,13054,5347,-5001,13320,6804,884,14118,7426,4221,13331,5119,-209,13447,2586,1073,12043,4915,5754,15257,4809,3142,12943,3951,2240,13235,639,5833,12524,2238,7109,14535,2705,4458,13935,2935,2177,13062,2950,5085,14749,3113,4488,14713,4357,264,15088,2698,2798,13936,3034,1379,15438,2219,-4078,14461,2848,-1576,14707,2268,2189,14246,2223,469,14115,1945,-3176,13847,2129,-2859,12936,2556,606,12745,3005,-947,12648,4585,-881,13590,3872,3984,11056,3901,2243,12697,5181,-1079,12996,6370,2988,13209,5415,6209,12745,3071,2146,13464,3336,2492,14342,4801,6343,15498,3640,3665
12003,1256,6011,14243,2962,7120,14813,3626,2386,13224,3195,1738,14132,3129,6309,14442,4050,2500,15572,3074,-250,14100,2621,1759,14855,1986,-1345,14756,2739,-2851,15240,2039,499,13451,2437,1749,14625,1126,-1792,13121,2364,-4512,13687,2652,-662,13166,3272,1824,11555,3969,-1610,12694,4669,1416,14336,4783,3948,10039,3468,1516,13167,5747,-152,13725,6353,4819,13898,4283,6010,12019,2630,1117,14406,3004,3860,15184,4908,6545,15639,2507,2238,14067,942,1734,14729,547,4818,16166,1068,2845,14709,1010,-1730,13964,729,-1402,13809,2864,2740,14856,4265,-129,13700,4934,-2882,13483,4353,1183,13246,5342,-1199,13820,5866,-3782,13009,6381,2346,13085,6623,4415,14934,3748,1,11002,1896,2289,13914,5033,5297,15590,4846,3688,12572,3516,3372,12572,345,5127,13501,3166,7273,15046,3315,3715,13590,3388,583,13552,2995,5722,14567,3626,4359,15473,3505,-1272,14098,2211,1294,14770,2393,-397,14803,2614,-2389,14972,2077,-301,13658,2729,1420,14678,1223,-693,13177,2655,-4833,13835,1982,-1928,12649,3672,2909,12837,3408,-968,12442,3850,-635,12599,4487,5126
12587,5928,-1365,13000,5848,2756,14648,4548,3259,12537,2222,1455,12506,4304,2972,15067,5112,5693,13254,4373,3803,12745,1118,1880,13021,2129,7373,14279,3621,6680,14186,3797,536,13744,2793,3209,14009,3846,5501,15576,3179,655,14429,2212,-540,14508,1898,101,14950,2354,226,15073,2988,-1753,14195,1583,-775,13870,1475,1324,13519,1601,-3232,13799,2477,-4441,13041,3343,1775,12582,3787,1690,12204,4779,-2230,13799,3434,2093,10707,4388,4968,13276,6226,202,13401,5846,348,13327,4278,6432,12373,3207,4971,14347,3113,1642,14275,3679,4378,15073,2897,5786,14936,1877,2635,14908,1007,1233,15510,1030,4518,14929,818,2327,14556,1285,-3502,13934,2233,582,14640,4197,3096,14021,4375,-2037,13666,3750,-2461,13156,5364,712,14635,6024,-555,13107,5855,-1694,12385,5798,1714,14356,5516,4320,14180,2239,1542,10874,3738,1970,15317,4344,5227,13386,5161,4916,13683,1006,2172,12359,1865,5253,13831,3549,8054,15085,4054,1908,13141,3460,1404,14323,3037,5982,14836,3984,2118,15388,2354,-734,14113,1686,-427,14714,2153,346,14945,3078,-1054,14948,1857,-1438
14689,1353,-1045,14427,2076,-2264,14351,3859,2513,14354,4135,969,13551,4212,-3268,13521,4160,-1503,13332,5801,1170,14026,5661,-822,12492,6051,-1017,13801,5400,3248,14302,4333,3838,12212,2479,694,13223,4032,3174,14540,4970,6698,13722,2772,3658,12068,1510,2066,13723,2683,7299,14540,4529,5785,14174,3991,451,13987,2970,3638,14188,3549,5046,15370,2619,440,14419,1888,-1625,14317,1938,316,14979,2234,750,14946,2377,-2257,13958,1949,-870,14223,1651,1094,13449,1891,-3343,13113,2502,-3489,12452,3989,2510,13259,4497,1063,12532,4198,-1550,12543,3311,2321,11560,5471,4464,14264,5849,518,12352,5221,1729,13019,2988,6515,13464,3885,4807,14777,4073,1632,14620,3316,4073,14508,2424,5953,15355,1328,2437,14896,863,1118,15331,377,4100,14517,721,941,14464,2016,-3272,14641,3721,1463,14409,4518,3007,13547,4094,-2864,13573,3883,-3345,13379,5692,1160,14155,6097,225,13023,6485,-1322,13816,4853,2210,13187,4368,4357,13435,3589,1051,13417,3771,1503,13178,3909,7017,13814,3062,5496,13276,2615,1029,13436,2448,5784,13611,3866,7023,14515,3659,1515
[row took 89371us]
12140,3403,6319,15269,3984,3207,14237,4266,2049,14981,2034,5033,14256,1794,5140,15835,1256,541,15350,341,2575,14364,323,3742,14687,1482,-2139,14467,3425,-1963,14759,4635,2364,13968,4362,893,13567,3673,-3700,12808,4573,-1698,13690,5860,1912,13715,7064,-57,13125,5364,-694,12897,4413,3349,13647,3144,4526,13400,4208,798,13917,4184,3004,12786,3402,8403,13487,1692,2844,13560,3067,2346,13861,3511,7851,14122,3359,4158,14032,3316,812,14461,3431,3836,14775,3391,3726,14532,1910,223,14619,1858,-3163,14497,2954,570,15538,2636,903,13992,2468,-3133,14209,1090,-566,13336,2189,832,13756,1563,-3685,12575,3250,-2502,12576,4743,2571,13626,4730,1158,12665,4142,-661,11695,3810,2742,12683,6377,3843,13755,5092,1461,12641,3865,2523,12500,3795,6348,15038,4246,4772,14156,3927,1141,14890,2218,3955,14576,2233,6479,15486,726,1621,14971,-190,919,14347,799,2818,15155,1820,-336,14481,2494,-1681,13994,3764,631,14272,4752,1604,13758,4487,-2454,13182,4201,-3231,13161,5957,1870,14645,6419,1099,12672,5754,-1882,13315,4081,3285,13127,4977,5321
12813,3649,244,12783,4862,2596,13144,4240,717,11665,5288,-73,13097,6081,4256,13455,4831,4810,11778,3554,1398,13399,3619,3784,14542,5283,6077,14785,3205,3287,14237,2659,1834,15418,1508,5901,15142,505,4306,14987,-167,-1228,14576,479,979,15187,2418,2533,14661,2791,-122,13919,2780,-1283,13343,4270,662,14431,5131,-831,13379,5356,-3912,12658,5660,-2,14313,6550,3432,13475,6115,-178,13264,4174,-93,12432,4817,5775,14272,5020,4310,14170,2973,953,11829,1647,5904,13404,2636,6873,14927,3515,2444,13304,2514,3613,13000,2779,5838,15039,3730,4384,14833,3776,1495,14320,1813,1389,13877,2523,2180,15953,3019,-2357,14816,3151,-2136,14397,1683,2485,14120,1755,-760,14457,2360,-4636,13895,1758,-885,12579,2266,546,13069,2838,-1611,12765,4032,-973,12551,4419,2630,12763,4594,2191,12064,5590,-547,13367,5549,3326,12608,4578,6219,12457,3529,2013,13825,4364,2589,14267,4821,5835,14382,3295,4158,14965,2816,1404,15696,1202,4721,14924,119,5118,14958,-449,-617,14761,674,-1048,14794,2280,2174,14550,2210,1526,13651,3441,-2380,13891,4093,-571
14497,2479,-2156,14168,1234,110,14102,2502,508,14510,2163,-3660,12946,1596,-3828,12215,2831,1068,13927,4073,1758,12361,4299,-1316,12629,3675,1430,11438,5883,4573,14364,6010,420,12110,4638,1275,12030,3628,6646,13756,5007,4610,14717,5307,1268,13964,3118,4236,14329,2777,5726,16207,1681,3300,15073,188,1016,14722,-632,3289,14924,418,1570,15536,2028,-2994,14023,1840,1335,13860,2579,3673,14027,4062,-3008,13736,4531,-3853,12725,5828,750,13919,6942,-147,13678,7247,-1158,13289,5969,2238,12621,5100,4465,13855,4821,1991,13568,4301,527,13113,3194,7246,13870,2382,5919,12846,2744,897,14423,2301,6627,13046,2678,7464,14616,2284,2025,14056,3582,2363,14948,3354,5269,14219,1809,2171,14350,1849,-2862,14841,3611,-1586,15781,4148,1967,14258,2012,-1363,13840,1260,-2879,14037,2359,927,14492,2475,-1351,12542,1483,-4218,11888,2367,872,13230,5908,2527,13614,6126,-455,14271,2805,-199,7975,3942,5818,14884,5975,2010,13080,7007,1236,14151,2561,5684,11643,4390,5405,15047,3739,2652,15256,4279,2418,14469,2005,5242,14957,428,3724,14858,129,-284
14449,2932,5040,14457,2832,2244,14593,2682,2436,14249,3204,2312,15182,2487,-3670,14437,2865,-3660,14859,2859,1901,14301,2244,1214,13868,1820,-3406,13650,1921,-2358,13211,3293,87,13431,3035,-1133,12157,4244,-473,13252,3951,2999,12734,5057,2713,12626,4741,-441,12063,4646,1845,12568,5543,6159,13805,4719,3092,13131,4421,2836,13883,4330,5788,15000,4105,3668,15288,2233,1287,14393,-209,3918,14979,-471,4974,15592,464,207,15146,1077,-2068,14376,1669,1330,14526,2008,1016,13873,3118,-2170,13386,4199,452,13862,5177,978,13401,6494,-4569,13268,6506,-2042,12680,7725,4258,14376,6410,2112,13496,3333,273,11255,4546,4560,14861,3614,5051,13043,4161,2996,13582,697,4496,13223,2458,7417,14426,2776,4579,14055,3053,732,14137,2768,3810,14130,3320,7535,14655,2753,2325,14686,2028,99,14323,3728,-261,15143,3318,-2532,14680,3372,-1999,14734,2139,1606,14283,2881,980,13528,954,-3777,13254,1700,-4242,13600,3688,1424,13159,4198,1515,12434,4737,-1742,13057,3079,2441,11859,3822,4245,12300,5425,-670,13374,5579,1921,12477,5036,7083,13112,3944,4305
15024,4210,5532,13152,3965,6993,13141,478,1750,13380,2668,4722,14660,3619,7950,14068,2935,1166,13371,1859,2264,13981,2897,7278,15410,3295,2535,14609,2917,-2153,14780,2298,-3178,14349,3380,640,15697,2847,-530,13959,2443,-1831,13738,1522,1363,13660,1544,-1041,13120,2620,-5294,13301,2981,1043,12602,5589,3064,13325,5041,-979,12392,4759,-529,12112,2613,5404,12128,6017,2702,14022,4927,855,12824,5452,5846,12307,4344,5206,15300,2991,2602,14489,4690,1288,15465,1791,5786,14074,988,4833,15131,-459,-176,15797,996,2406,15136,1372,3088,14637,1487,-3560,13780,2427,-1705,14094,2768,3205,13466,4481,131,14215,4337,-3064,12574,6300,-1631,13445,6173,1252,13279,6794,-303,13724,7806,-433,14800,4564,5030,11163,1641,4183,13227,3972,21,14985,4642,5080,13354,3178,8535,12498,824,1953,13672,2099,3555,14773,4729,7309,14637,3218,2376,13175,2367,1724,13760,2104,5801,15388,3869,3773,14589,3368,-1642,14771,1750,-4425,13986,3212,761,16281,3121,733,13819,2465,-2221,13699,442,51,12922,2566,-106,14491,2833,-4184,12412,3482,-612,12454,3750,3262
13324,6274,-4650,13352,6741,2180,13829,6500,2331,13194,5864,-1745,14306,3552,3169,11160,3998,6473,14688,4351,1428,13568,4038,2652,13696,1661,8191,12710,2271,5025,14552,2694,1774,13673,3530,4185,14004,2684,5558,14032,2695,3460,14339,2775,2158,14629,2862,3692,14499,2796,-590,15355,3258,-5240,14967,2970,294,14394,2370,2636,13815,1489,-1722,13692,1345,-2508,13240,2998,-227,14514,3096,-820,12467,3968,-1649,12898,4061,647,12612,5879,3399,13321,4779,-713,11742,2455,2173,11601,6134,5566,14971,4650,3548,12510,5802,2199,12773,3245,3357,14923,3287,6048,15232,4608,2339,15334,1489,2071,13470,975,6195,15095,-614,2982,16087,1677,-1464,14760,1628,1494,14631,1926,296,13699,2609,-1524,14346,2865,-271,13132,4982,1558,14226,4111,-905,12591,5741,-4715,13669,6418,455,13849,7784,3717,13545,6034,-503,13957,2630,848,10655,3406,7353,15094,4556,2624,13955,4565,966,12950,1367,7388,12455,2409,6374,14961,2950,2684,14195,3622,3242,13403,2778,4514,14053,2602,4832,14507,2802,1948,14742,2900,2360,14614,3110,1330,15170,2898,-5100,14822,2617,-1888
14716,723,400,15590,809,-1529,14435,2826,449,15025,2040,1762,12996,3516,-2122,13989,3779,-610,13311,5301,1897,13465,5247,-3365,13096,5507,-2208,13158,7301,3438,14342,7101,1822,13932,4381,-1012,11494,1210,4958,13061,4844,6821,15916,4056,1710,12506,3625,3641,12247,774,6742,14150,2578,5127,14683,3920,1903,14390,2912,3496,12903,2774,6663,14958,2185,1587,14992,3603,-1183,14613,3167,2522,14769,2645,-1516,14432,2370,-3136,15052,2014,1203,13803,2818,893,14536,1013,-3106,12403,1825,-2886,13877,3451,574,13594,3933,1509,11909,4972,-2356,13303,4347,999,13276,4408,4593,10801,4063,1326,13793,5356,465,12608,6151,6345,13769,4107,4596,12894,4139,200,14535,3337,4660,15034,3965,6637,14838,1585,2500,14370,241,2728,14677,777,4196,15825,991,1993,14876,1328,-2295,14434,1686,-401,14471,3254,2948,14153,3409,-1076,13294,3850,-2487,13382,4743,1532,13929,6021,-1245,13561,6605,-3037,12953,6745,2064,13837,6422,3092,14537,3081,49,10703,2475,3659,13968,4393,5856,14408,4419,3750,13351,2633,2478,12463,1715,5622,14123,3374,7188,14721,3335,2221
13800,4583,6415,13330,4183,2594,14304,3526,1617,14656,3545,6009,14924,1752,5191,14658,545,1499,14731,547,2253,15789,1354,4229,15045,1531,-997,14279,1478,-3251,14000,2785,2385,14577,3425,1567,13315,4043,-2882,13314,3637,-561,12986,5964,362,14457,6414,-2581,12614,6585,-678,13398,6191,3397,14695,4379,2973,12117,2367,1260,13012,3771,3887,14301,4529,6286,13484,3296,3802,12949,1619,2246,13623,2860,7069,14363,3411,5020,14092,3304,438,13638,2191,4754,14403,3086,6304,14838,3391,430,15005,2990,-1593,14645,3021,-784,14847,2204,-463,14539,2077,-1613,14117,1850,634,14387,1799,1104,13229,1702,-3428,13246,3011,-4113,13644,4271,2467,12886,4901,1393,12557,4442,-2233,13248,3273,2878,10852,4833,4851,14165,5523,9,11973,5508,2307,13426,3861,6719,13509,4673,3710,14731,4224,1416,14376,3263,4535,14524,1766,6055,14914,794,2577,14959,556,1037,15269,1021,4214,15312,1221,369,14369,1977,-3812,14288,2261,1233,14020,3396,2863,13536,3984,-2069,13654,4337,-2483,13016,6285,676,14374,6278,-1052,12885,6768,-1669,13362,5802,2454,14100,4584,4359
13129,3921,-218,12832,5031,2897,13209,3931,-114,12534,3598,-86,11462,4745,4015,13551,5695,3093,12568,5511,1928,13040,3591,4266,13408,4731,5570,14749,4160,2988,14626,3444,1539,14141,1719,5986,14977,451,5727,15044,781,6,15593,457,1918,14760,1605,1987,14870,1694,-2183,14049,2543,-1318,14121,2562,2554,13574,3335,983,13345,4439,-4135,13096,5070,-1896,13470,7127,2033,14333,6622,-1334,12461,6667,-335,14335,4061,4668,12568,2961,3924,12790,4017,934,14827,4230,4457,13337,4081,8116,13469,1579,2461,13414,1920,1891,13470,3443,7300,14908,3035,4078,13605,3279,1727,14226,2023,5041,14336,2905,3786,14907,2311,-1664,14958,2982,-4641,14746,3787,938,15504,2626,1711,13516,1527,-2318,13615,1181,-1085,13900,2793,740,13972,3276,-3271,12964,3200,-1828,12064,4881,2696,13528,5698,1088,13637,3726,-556,10807,3036,3400,12989,5944,4474,13857,5901,1401,12663,4601,3364,12974,4046,5984,14761,3878,4056,14077,3697,1366,15154,1203,3995,13889,1582,6158,15629,168,1508,15185,713,652,14936,840,2694,14941,1658,-1512,14127,2914,-2902,14556,2916,1859
15830,3523,-4748,14522,2303,-781,14224,1868,3105,14466,2254,-1547,14133,1870,-3271,13152,2159,-113,13334,2966,-460,13519,4116,-2250,12767,4359,521,12451,4328,3386,12666,4208,1099,12097,5645,185,13536,5016,5041,11977,4633,5075,13565,4309,1544,14285,5216,3630,13859,4235,6024,14666,2511,2796,14932,1874,1974,15079,176,6048,14867,-30,3256,15279,740,-1499,15231,1724,-211,14605,2325,2051,14371,1742,-343,13530,2438,-1897,13481,4226,1153,13892,5196,-544,12961,6074,-4513,13307,6854,258,13940,7087,3558,13405,5186,55,12995,4046,767,12506,5137,6027,15052,3972,4335,12551,2354,1682,12793,1243,6091,14395,3900,6435,14326,3024,2769,13152,2410,2540,14105,2910,5605,14832,2763,6010,14098,2167,843,14110,2111,679,15043,3777,724,15328,3641,-3445,14725,1912,-1236,13717,1803,2768,14575,2270,-1008,14202,2442,-4193,13070,1907,-1184,12476,3384,1179,14224,4045,-806,12290,4463,-1003,12930,3666,3455,11960,5248,2718,13174,5969,-476,13043,4240,4661,11529,4569,6755,14497,4758,1533,14298,5798,2107,13863,3594,6257,14438,2381,4041,15488,1610,2001
13628,2517,5845,14795,3623,830,14844,2485,5310,13549,1678,6252,14226,1646,-1023,15064,3727,-3776,15389,3860,-36,14575,2678,1189,14336,1761,-1969,14163,1903,-1409,13818,2179,342,13350,1837,-3114,12432,3152,-2834,13778,4126,2627,12709,4656,1897,12830,3694,-1358,12104,4692,2031,13010,6531,4264,13541,4787,2080,11303,4017,3697,13536,4802,6113,15003,5743,3974,13994,4011,1323,14564,1888,3127,14808,1580,6758,15491,-351,2343,14757,-526,-423,14629,706,2909,15759,1566,169,14165,2069,-2536,14031,901,1434,13098,3655,1875,14448,4553,-3236,13111,5557,-3593,12473,7220,935,15098,7354,1277,12476,7210,-850,13691,4487,2715,12389,6047,5398,14718,4655,1184,13244,2740,2534,12108,1588,8457,14091,2604,5453,14336,2825,1120,13139,1570,5254,13848,2530,5798,15400,3535,2679,14121,1941,3812,13702,1797,3706,14700,2963,-233,16184,3841,-4820,14222,3281,-451,14712,1746,2592,14158,2810,-2516,14566,2300,-3199,13128,2496,481,13244,2571,-1219,13199,3757,-1885,12816,3773,1855,12482,4027,2897,12648,4442,101,12418,5935,267,13125,5258,5115,11967,4173,4688
13110,4074,4564,13813,3417,5805,13581,2541,2581,13336,1731,5039,13790,2321,7919,13923,2369,2961,14594,2263,1090,13595,2596,7223,15140,2524,4978,14643,3070,-1752,14870,2378,-1559,14366,3280,-385,15017,3303,-2264,14886,2518,-1171,13759,2517,1703,14057,2354,-911,13293,2733,-4621,13017,2734,-1030,12749,4142,2710,12843,4507,-89,13641,3138,-243,10313,4168,5256,13721,5999,1877,12968,6134,612,12868,3463,5855,12144,4620,5760,15367,4959,3089,14494,4584,1956,14554,1786,4790,14530,882,4881,15795,1256,-461,15814,408,2313,14275,-184,3638,14947,593,-3040,14463,2180,-1916,14315,2242,2751,13020,2665,34,13308,4497,-3133,13696,6510,-1358,13180,8059,724,14104,6404,-930,11965,6049,-482,13996,4758,5398,12915,5303,4444,13275,4571,-292,13613,3258,5241,13022,2753,7787,14277,1810,2986,13829,2459,3448,13700,2329,7098,14651,2622,3117,14125,2663,1873,14377,2021,5653,14321,2662,3945,14660,2749,-2805,14981,2548,-4084,14168,3763,920,15440,2547,491,13532,2723,-2364,14167,1740,-619,13385,3348,-798,13633,3044,-3089,12477,3475,-746,13048,3817,3142
12951,6207,-2656,12912,7730,3429,14067,7564,2965,14652,2698,203,9177,3605,4541,15748,5322,4792,13836,5920,2717,13999,759,4108,11632,857,6864,14267,1654,6184,15098,3340,950,14110,2595,2760,13911,2969,8581,14521,3345,2087,15282,2797,-696,14248,3000,129,14619,2278,-2281,14561,3123,-2356,15148,2278,1115,13262,3123,1091,14065,1769,-3048,13475,2753,-4569,13592,2917,1113,12736,3514,2058,11983,4369,-1869,14180,3527,2160,11214,3352,5665,12312,6353,-118,14339,5596,116,12828,6133,7055,12745,3739,4819,14032,3829,1641,13905,3884,4887,15636,3064,5324,14007,2054,2106,15370,-80,1068,15132,1364,3816,15861,194,2738,14524,607,-4133,14043,157,-63,14241,3099,3096,14044,3848,-1418,13618,4350,-1857,12750,5892,746,14207,6143,-2064,12905,6850,-2226,13046,7191,2527,14853,5885,4138,11576,2479,2537,12812,4851,1763,15103,5238,5064,13436,4021,5841,12875,-14,1782,13154,1573,5762,14806,3239,7756,14338,2879,451,13432,1566,3249,14000,3083,7896,15502,3603,1694,14701,2938,-2311,14639,1877,-2649,14223,2856,208,15474,3000,-956,14093,3102,-966
14477,242,-1877,13345,2244,-1027,14442,3798,1994,14485,5322,838,12506,5197,-4383,13095,5711,-2744,13843,7897,3194,14007,6647,45,12430,3833,381,12013,3632,6552,14357,5658,3639,14654,4921,-597,12386,2981,5575,13130,1470,7653,14093,1851,3714,13800,2473,3702,13312,2568,5246,14432,2606,4251,14642,3660,2220,14918,3358,3137,14418,3140,3413,15078,2498,-4252,14625,2471,-4007,14447,2385,2637,14362,2512,1052,14387,2529,-2358,13860,2493,-1589,13318,2998,-1236,13466,2502,-2032,11987,4024,-811,13739,4170,3714,12560,3211,3070,10730,4455,-607,13666,5821,1807,13065,7139,5634,13342,3817,2301,12289,3526,2588,14103,4352,7174,15360,4338,3861,14336,2735,747,14810,389,4785,15162,1341,4522,16134,848,436,14756,633,-1369,14429,1138,1468,14866,1575,1168,13820,2482,-1815,13446,3688,356,13728,5119,1301,13509,6043,-4676,13455,6651,-2767,12948,7048,4110,14081,5549,1490,12960,3904,-197,11662,3641,5246,14069,5956,4591,14963,4357,1430,12873,2182,4126,12428,1270,7317,14640,2113,5298,13863,2835,1755,13614,2490,4274,14150,3427,6659,15127,3782,2278
15786,3965,6019,14327,2339,1759,15166,189,1820,14608,1286,3930,16323,575,3331,14585,842,-3164,13974,363,-1248,13812,2955,2897,14577,3425,-321,13348,4840,-2496,13116,4560,922,13689,6230,-2269,13556,6694,-3256,12707,6760,2589,13579,6451,4466,14646,1908,1660,10148,4192,2369,15718,5213,4050,13527,5163,5293,13918,962,2894,12250,1331,4846,13892,2690,8230,14907,3332,1988,13667,2854,996,13828,3061,7883,14803,3247,3131,15168,2987,-1492,14427,2221,-1368,14611,2618,-898,14799,2870,-1010,14707,1826,-291,13460,2826,1020,14246,2004,-992,13918,2930,-5679,12968,2794,-248,12930,3738,3172,12723,3795,-760,12911,3473,958,11580,5170,4995,13844,6541,921,12705,4703,89,11978,4592,4952,13794,5269,6185,14536,4359,3099,13422,2317,2534,14045,2518,5103,16069,2457,4686,15110,1605,184,15195,234,2367,14547,-340,4391,15445,1743,-2710,14528,1165,-1499,13367,2532,3759,14150,3741,-807,14212,5433,-2987,13026,5599,-861,13426,5977,407,13521,6358,-1475,12786,7188,267,13813,5987,4535,13954,1831,3276,10471,4199,1675,15649,4500,4138,13360,5683,6506
10019,4533,2608,14640,6806,3785,13121,6876,2137,13303,3063,1950,12231,3357,5977,14692,4199,5901,15155,3955,1414,14224,1632,3440,14748,1106,5954,15350,1638,518,16072,450,647,14258,712,2128,14808,246,-75,13799,2486,-2138,14283,2483,812,13333,4939,2072,13908,4976,-2559,13331,6208,-4720,13434,6727,1626,13594,6210,2181,12769,5861,-1292,14394,2676,4153,10813,4944,6765,15464,4616,5,13053,5165,2094,14200,1693,7559,12631,1696,5541,13857,1734,2988,13903,2645,4989,13684,3015,5435,14675,2929,2885,14351,3878,1404,15017,3077,3967,14393,2507,-621,15084,2246,-5225,14576,2861,462,14820,2500,2686,13725,2272,-1734,14200,1953,-2569,13661,3682,-1128,14069,2706,-1127,12200,2921,-1850,12384,3661,890,13546,5018,3977,12388,2846,1648,10861,5218,384,14192,6497,3855,13249,6775,4096,12871,2772,1363,12844,3181,5103,14400,4467,6634,15701,3463,1908,13963,1601,2230,14996,911,5456,15709,1642,2035,15835,675,-225,14455,197,48,14200,945,1516,14174,2584,-1048,13992,3583,-902,13748,5017,2071,13592,5379,-1698,13349,6296,-5525,13313,6543,1388
13856,2695,-4944,13808,2614,-3637,12901,3204,2172,13022,3416,63,12393,3584,-696,12650,3094,4364,11435,5177,3439,13638,6654,-1373,12813,5995,2690,13002,4395,6802,13263,3582,2959,13744,3703,2600,14320,3434,5766,14803,2507,4702,15095,1957,1382,15517,1071,2450,15581,1277,4115,15170,138,-466,14420,392,-2692,14038,1885,2303,14558,2337,2183,13043,4217,-2801,14046,4590,-1300,13248,6916,-27,14083,6187,-3288,12568,6770,-731,13637,5235,4280,12801,4690,3845,13166,3961,481,13161,4605,2797,13982,4374,6822,13926,3228,2761,13258,1384,2481,13078,1753,8089,14336,2475,5411,13862,3236,1181,14164,2793,4717,14365,3820,6342,15180,3178,495,14724,2533,-3038,14422,2514,-689,14804,2022,500,14471,2435,-1598,14084,2156,1007,14281,2833,737,13865,2783,-4725,13601,2504,-3913,12658,3203,2259,13263,3646,1575,12268,3552,-315,12594,3546,3433,12007,6450,3271,13988,6160,-563,12444,5732,2557,12741,4069,6293,13906,3616,4914,13560,3848,2200,14752,2734,4113,14202,2482,5989,15633,1119,1669,15283,1024,622,15416,681,4054,15068,382,-226,14334,872,-2667
14741,2430,1621,14503,2487,-4473,14790,2289,-1943,14599,3057,3047,14341,2220,-384,14071,2368,-2672,14043,2907,-508,13767,2425,-1671,12737,2737,-3398,12642,3489,697,13280,4407,3753,12940,3438,1633,11363,4478,66,12805,6179,2835,13574,6138,4483,13412,5086,1332,12571,3751,3735,13589,3652,7516,14339,3278,2638,14838,2790,1504,14690,2163,6082,15539,1058,3469,15581,364,-593,15048,586,314,14777,1268,1616,14143,909,31,13733,2551,-1504,14026,4497,1681,14119,5471,-148,13467,5731,-5543,13012,6194,-1074,13840,7033,3508,13474,5334,165,12349,3865,1167,12429,4906,5755,14492,6119,3264,14360,3312,746,11688,1852,5192,13921,2554,7599,14474,2376,3164,13085,970,3129,13105,2428,6089,15468,4327,4700,15128,4468,1801,14200,2242,1820,14103,2903,1040,16039,2866,-3362,14548,2244,-1872,13692,1420,2740,14386,2216,302,14683,3336,-3613,13971,2378,-2283,12780,2685,-314,13343,2807,-1525,12454,3577,-649,12538,3459,3881,12212,4525,3267,12429,6062,-671,13574,6023,2636,12190,4859,5300,13170,4144,2179,13869,4697,3137,13974,3748,6625,14068,2509,4643
13469,1995,6831,13135,984,6650,13791,2978,1820,15376,3767,3564,14178,3903,6997,14732,1992,360,14467,3134,-3975,15441,3079,-175,14376,2661,1370,14206,1857,-1645,14122,2168,-780,14198,3544,669,14352,2572,-3781,12780,1910,-4208,12595,3242,1569,13593,3561,2555,11876,3482,-345,12040,3790,2315,12281,7031,4263,14701,6204,869,11290,4361,1734,12855,3800,6029,14568,5286,5123,14061,4149,2340,13781,2123,3725,14704,2677,5949,16400,1598,2753,15068,442,-586,14937,-143,2613,15471,806,1266,14729,1107,-2075,13563,1069,1385,13472,3347,2606,14430,5126,-2791,13541,5878,-4508,12843,6479,-12,14386,6942,1220,12774,6330,-865,12605,4376,2400,12325,5669,5920,14330,5678,1605,13912,4190,1512,12408,2190,6925,13978,2225,5333,14422,2707,1844,13499,771,5813,12823,1746,7019,15246,3663,2524,15137,4013,3082,14203,2577,4369,14105,2199,47,15747,3479,-4611,14735,2788,-1034,14042,1906,2945,13948,2186,-1436,14439,2956,-3008,13976,3111,-157,13342,2177,-2127,12793,2594,-3114,13033,3155,1297,12585,3552,3569,12439,3778,1332,11956,5866,395,13616,6594,3888
13181,5342,1033,13952,5518,4048,13749,3903,6701,13707,2010,1209,13126,1620,3832,13982,1624,9152,13250,1693,4149,14979,2033,1938,14381,4180,5853,15370,2777,5299,13690,2180,-906,14993,1622,-2962,14830,4780,-348,15462,3012,-206,13629,2301,-2038,13807,2204,966,14339,3905,196,14016,2377,-5144,12357,1293,-2376,12148,3179,2466,13704,5326,536,13919,4325,178,10043,2235,5407,12553,7357,3338,15077,6650,-1009,12893,5396,4272,11528,2884,6530,14402,3851,3676,14211,4499,3041,15226,2429,4930,13945,2186,4212,15977,762,-181,15753,489,1293,14912,-183,4172,14787,88,-2194,14104,824,-2138,14229,2460,2672,13816,3691,1170,13428,5042,-3465,13484,5659,-2386,13053,8057,463,14713,7192,-682,12409,6712,-322,13154,4392,5430,12186,5304,5695,14251,5126,-473,13603,3923,3385,13157,2129,7701,13773,1488,3302,13923,1504,3496,13206,1421,7525,14260,2223,4511,14508,2826,2119,14837,3484,4581,14782,3396,3871,14903,2659,-2149,14613,2129,-4882,14371,3163,183,14915,3280,1363,14027,2767,-1773,13746,2777,-867,13834,3429,-489,13661,2398,-3549,12298,2420,-1986
[row took 89463us]
14004,6928,-3379,12825,6761,-2976,12373,7110,3082,14804,5471,4664,11288,4005,2086,12967,5726,2010,14178,4688,5786,13798,3749,4374,13146,-73,2515,13578,1810,5929,14393,1902,6922,14095,2714,1245,14444,2990,3391,14350,3689,8253,15202,2301,2808,14124,2308,-2798,14933,2399,-3002,14478,3524,-82,15089,3095,-1103,14110,3444,-8,13916,3211,1625,13578,2044,-3235,13614,2710,-5496,13397,3168,1156,12286,3844,2759,13329,3641,-917,12463,1908,3250,10665,4985,4491,14571,7149,270,12806,6512,1689,12552,3093,6046,12850,3845,5724,14606,5044,2913,15082,4233,2599,14400,2721,5387,14731,842,2684,15467,746,-510,15907,620,3734,15302,-235,1733,14095,42,-3414,13987,1437,91,14292,3653,3417,14046,4570,-832,12995,4890,-3938,13227,5846,-1088,13725,6401,526,12664,7843,-1290,13432,6950,2240,13942,3981,6428,11036,4867,3033,15627,5213,-624,12837,5580,6067,14011,114,7054,12498,623,1919,13847,1034,5298,14643,3029,6656,14336,2984,1959,14529,2995,3778,14166,3703,4896,15149,2401,2449,14658,2585,-4797,14219,2018,-3383,14352,3781,2471,14827,3198,78
13923,64,1147,14329,2465,983,14114,3026,-1623,13318,5155,232,13610,5660,537,13684,6493,-5107,12795,5353,-1219,12441,7470,4599,15299,6771,1394,11587,3308,1678,12346,4865,4696,15633,5631,3657,13440,4475,2802,12969,-327,3709,12535,684,7626,14793,2148,5967,14370,3582,558,13970,2426,4680,13776,3049,7535,15216,3586,811,15149,3024,-302,14453,2407,-541,14166,2074,-2325,14735,3684,-1924,14519,3376,2213,14178,2662,1059,13642,2326,-4366,13897,2462,-4412,13420,2445,1666,12306,2698,1053,12121,3715,-541,12614,5667,3274,14468,4792,5212,11211,4741,-2266,12342,4378,902,13473,5877,8894,13679,4763,2890,13732,2151,3269,13619,4636,4773,15696,3661,4305,15639,3037,1511,14408,19,1508,15360,305,4636,15431,431,938,14780,365,-4172,13396,917,1753,14250,2647,2447,13955,4922,-2476,14332,4451,-1019,12445,5903,-415,13980,6037,-2603,13423,7331,-973,12941,6215,3584,13651,3822,4818,11263,4636,1294,14914,5489,852,14351,5423,6605,13306,1831,4218,12437,574,2202,13530,1853,8141,14731,2872,6654,13692,3066,143,14188,2366,3707,14206,4325,6251
16108,3618,1635,13501,2582,5022,15663,55,3682,14935,1366,-824,15767,-481,3152,14350,495,1344,14176,682,-2606,14024,2651,-226,14038,4630,2764,14539,5002,-1104,12780,5185,-4530,13556,5976,-1609,13661,7155,2650,13057,6675,319,13685,4200,769,11393,3888,7128,14431,5625,2568,14779,5251,-1002,13034,2535,6176,12356,953,7280,14181,1514,3308,13888,2421,4836,13754,2790,5689,14456,2933,2920,14235,3824,1835,15113,3240,3644,14453,2996,2601,14972,1950,-4357,14265,2546,-2967,14951,3270,2716,14302,2768,387,14061,2278,-2670,13886,2384,-1185,13592,2790,-1323,13547,1985,-2619,11419,3127,-163,12809,4922,4289,14639,4245,2132,9406,3509,328,13506,5932,2392,13790,6827,3763,13572,4619,2490,11440,2408,3610,14090,3985,7144,15390,4820,4003,15128,3003,146,14187,1411,4419,15434,1057,4276,16242,1041,312,14674,-364,873,14113,300,1081,14192,1632,-374,14626,3154,-1668,13412,5029,1132,14288,5099,707,12647,5450,-4899,13694,5726,-2590,12576,7421,4139,13992,6577,1485,13743,3680,34,10628,3196,6232,15160,6095,3610,14758,5044,-238,12859,1811,5149
12573,6092,-104,14295,5947,-284,12127,5757,6664,13057,3066,4342,13356,3945,1559,14222,3947,5222,15006,3273,5810,14607,2294,2170,15281,1305,1331,15477,1429,3792,15362,-13,3200,14591,88,-3028,14203,1312,508,14683,3069,3521,13846,3866,-1956,13925,4498,-2765,13193,5989,732,14392,5812,-1372,12816,6304,-2325,12883,6001,2338,13731,5794,3805,13447,2584,1808,11807,4559,1983,15006,5387,5013,13449,4548,4727,13329,1049,1378,12483,1067,6342,13901,2944,8416,14636,2906,1942,13493,2786,2004,14415,3736,6181,15376,4433,2466,14976,2911,-973,14298,1703,-878,14534,2238,300,14870,3211,-991,14576,1737,-1490,13495,2395,1831,14301,1799,-1809,13719,3011,-5715,13355,2244,-61,12176,3246,2812,12483,4155,-1219,13379,3392,1035,10825,3939,5527,13207,6614,1423,14060,6141,-893,12589,4791,4998,12252,3380,5904,14419,3779,2778,14270,4268,3551,14836,2993,5738,14776,2017,3481,15362,1331,155,15508,1023,3199,14963,221,3953,14845,293,-2808,13954,1233,-1151,14405,3182,3262,13924,4253,-349,14044,4519,-3213,13111,5803,-648,14124,6370,60,13418,5918,-1458
13732,3021,292,13767,2023,-4060,12543,2520,-2512,12338,3814,2808,13493,4774,1849,12862,3220,156,10358,3645,2747,13697,7242,3110,13981,6444,1686,12578,3701,2485,12139,3117,5971,14738,4634,5956,15039,4666,1550,14441,1890,3288,14412,1507,5831,15777,1460,967,16055,621,793,14237,457,3227,14650,273,-42,13972,2319,-2009,14683,2724,935,13359,5046,1954,14082,4697,-3141,13057,5833,-4038,13565,6250,1421,13756,6472,1926,12876,5551,-1147,13405,3431,2994,12179,4240,6260,14524,5155,406,14228,4889,1720,13134,2636,7790,12839,1484,5109,13847,1938,2588,13714,2902,6142,13746,3097,5771,14444,3054,1594,14355,3659,2079,14891,3454,4515,14592,2568,557,14960,2415,-4628,14371,2152,190,14805,2575,2383,14137,2133,-2036,14429,2087,-2222,13603,2982,-287,14045,2235,-2060,12381,2815,-2261,12595,3504,1253,12947,4779,3348,13124,3716,700,11074,4018,724,12513,6570,3983,14257,6408,3364,12872,4336,1601,12345,2357,4889,13872,4086,6647,15427,4425,1918,14844,2423,2216,14427,1419,6122,15709,1159,2555,16071,1154,-415,14552,30,1699,14210,424,1088
14865,1819,1732,13588,2468,1119,15421,2282,-3091,14880,3521,-1486,14515,2757,1981,13990,1579,491,13825,2118,-4395,14224,2688,-2811,13296,3228,1365,12882,2369,-378,11770,3680,-1568,13266,4906,3510,12854,4018,3676,11500,5297,-831,13707,5690,1662,12444,5712,6322,13415,3221,3005,12730,3913,2495,14441,3743,6448,14828,3782,4250,14961,2337,876,15076,1429,3605,15325,988,4635,15547,32,975,14541,88,-2101,14114,1518,1433,14732,3244,1781,14401,4308,-2575,13667,4137,-380,13281,5140,415,13547,5504,-3743,13058,6815,-1139,13065,6650,4394,14025,4147,1919,11969,3295,-73,13260,4343,4280,14475,6137,4551,13835,2995,2982,12254,919,3143,13449,2291,7349,14421,3452,6519,14059,3211,1200,13505,2373,4067,14730,3832,6012,15257,3947,923,14708,2323,-348,13798,2365,822,15103,2215,-982,14692,3131,-2184,14639,2036,262,13672,2316,1605,14523,2172,-3616,13155,2091,-4245,12835,2269,1259,12753,3626,899,12986,4598,-1318,13266,3440,2445,10960,4575,4151,13514,5903,-367,13122,5754,1023,12592,4475,6671,12985,4173,4200,14078,4445,1831,14041,3609,5104
14480,2656,1777,13780,2705,5058,12976,1742,7968,13564,2685,2914,15282,4343,1065,14399,3937,5392,14518,1612,2977,14063,2557,-2936,15705,2809,-1225,14588,3148,2010,14374,1475,-678,14098,1739,-2998,14274,2866,26,14254,2616,-953,13069,1995,-4269,12162,2795,-302,13344,4082,3184,12608,3804,373,12093,3798,62,11880,5929,3937,14191,6568,2895,12427,4637,1022,12275,2993,4618,13611,5261,6103,14953,4424,3164,13799,3177,2226,14731,2331,5055,15909,1948,4933,15242,416,-92,14779,-625,1462,14751,1050,3048,15163,1462,-874,13903,2134,-647,13968,3086,2258,14136,4991,-1309,13825,5271,-4454,12821,5635,-984,13476,6776,2500,13815,6072,45,12700,4911,-233,13078,4594,4848,13454,5733,3901,14518,4504,309,12520,2607,5317,12885,2645,7356,14999,3064,2536,13284,2159,3525,12888,1477,7726,13901,3337,4061,15950,4159,1115,13921,2986,3632,14196,1662,2697,14789,3209,-2479,15928,2770,-2577,13991,2700,2310,14324,1614,381,14562,2580,-4141,14318,2296,-1274,12942,2488,44,13449,2142,-2961,12549,3538,-1011,13089,3502,3019,12305,4174,2062,12056,4956,-587
13033,5307,3141,12865,5119,-64,13259,5783,2895,14151,5255,6447,13551,2116,3210,12182,1882,2579,14554,2074,6612,13277,2421,6339,13606,1412,2773,13846,3497,3307,15379,3993,6365,14678,2907,2279,14104,2068,-2017,14677,3432,341,15758,3158,393,14233,2618,-2192,14129,1384,-31,13932,2982,838,14852,2504,-3351,13230,1631,-4263,12109,2221,516,13856,3443,1573,12453,3753,-863,12485,3251,1739,11210,5754,4436,14312,6461,365,12441,5108,860,11841,3543,6170,13385,4687,4879,14578,5064,1804,13941,3090,4778,14032,3067,5613,16117,2651,2488,15555,1148,1152,14937,-420,3359,14933,-338,1766,15510,1098,-2536,14022,1295,1414,13982,2713,3588,13935,4446,-2736,14121,4865,-3905,12728,5810,603,13640,6756,-243,13736,6849,-1710,12882,5734,2154,12535,5039,4904,13465,5025,2293,13590,5133,427,13362,3877,6620,13927,2330,5580,12797,2115,866,14425,1635,6891,13023,2247,8115,14348,2468,2244,14344,3482,2001,15077,4140,5231,14751,2236,2494,14015,2107,-2927,14939,2953,-1732,15425,3893,1932,14301,2466,-1183,13727,1829,-2974,14129,2474,841,14266,2650,-1413
13257,3844,1066,13707,4752,887,13486,6282,-4864,13240,6965,-1977,13100,6851,3986,13390,5429,736,12995,4640,474,12342,4876,6407,14206,5561,3699,14067,3393,1120,12824,1500,4813,13419,1427,7743,14388,2521,4879,13929,2430,2663,13892,3059,4926,14418,2766,5318,14908,3499,1366,15016,3066,1871,14142,3335,1474,14884,2198,-3507,14298,3009,-3185,14879,2888,2162,14013,2511,1159,14057,1796,-3522,13476,2253,-2994,13398,3129,55,13210,2902,-785,12303,3771,-610,13192,3434,3381,11922,4854,3804,13063,5457,-584,12645,5371,1614,12553,5639,6414,13641,4232,2837,13164,4212,2573,14041,4156,6170,14973,4109,4150,15225,2056,1147,14653,16,3134,15270,355,4378,15991,642,218,15117,482,-2364,13822,921,1722,14556,1936,1427,13866,3620,-2398,13576,4355,-211,13321,6034,646,13953,6776,-4208,12904,6825,-1669,12533,7050,4392,14698,5532,2799,12174,3230,924,12151,5064,3913,14775,4093,5512,13482,4364,3353,13211,123,3578,13380,2048,7086,14482,2097,5715,13992,3084,789,14237,2942,4215,14466,3422,7540,14690,3053,1596,14738,2332,-1306,14664,3478,-1463
14948,1088,-825,16199,750,4298,14924,450,1720,14055,98,-3695,13939,1975,-192,14613,3816,2978,13674,4639,-842,13106,4557,-3128,13185,6628,-1156,14253,6724,991,12649,7494,-1103,13204,6348,1465,14700,3505,6016,10712,3650,3277,15182,4114,-467,12965,5144,6232,14186,1190,6956,12731,1375,1635,13930,2071,5591,14746,3714,7197,13385,2402,1781,13988,1809,2625,14029,4139,5021,15956,3437,3009,14357,3290,-3848,14653,1360,-3624,14261,3781,2146,15611,2835,-303,13838,2704,-2293,13617,1620,1252,13329,2471,-1716,13778,2323,-4733,12458,3263,1098,12588,4573,3181,12894,5146,497,14394,2464,353,9220,4929,4568,13810,6227,2142,12842,6891,2110,14598,3256,4263,12330,4153,6484,14272,3811,3298,15988,3636,926,13935,1972,5049,15387,-211,4598,14592,1422,-1047,16368,644,2387,14412,1138,1996,14554,698,-2513,13366,2539,-1109,14137,3309,2689,14111,5216,-24,13028,5413,-3861,13403,6021,-2498,13043,6303,3000,13400,7186,145,13505,6537,-530,13396,2127,6386,11634,4082,4480,15890,4677,-855,12605,5115,5551,13477,622,7799,13131,1243,2880,14009,2486,3981
13442,4324,3428,12383,3744,1984,14201,4146,5821,14976,4564,5312,14774,2098,942,14436,309,3328,14999,1086,5566,16178,1216,1522,14762,1201,-1775,14522,1129,257,14663,1891,2028,13991,2269,-1586,13192,3463,-1116,13457,5009,2299,13863,5846,-3031,13543,7163,-4375,13214,6559,3178,13601,6233,2738,13575,4159,-636,12211,2380,3960,12814,5400,5681,15805,4137,2208,12312,3593,3146,12907,941,6506,14114,2631,6635,14239,2984,2400,13738,2387,2543,13605,2846,6589,14900,3342,3544,14915,3576,175,14321,3156,1923,14883,3040,-1768,14901,2919,-3197,14624,1886,799,13805,1923,2160,14401,1422,-1393,13184,2323,-4115,13707,3233,-1105,13775,3334,1382,12011,3926,-1875,12734,3892,959,12307,5920,4060,14805,2042,1350,9212,5838,1300,14611,5039,4162,12510,7597,5583,14610,3080,1013,13342,2904,3385,13602,4145,6939,17086,2606,2796,13273,1877,1391,15240,-993,5468,14684,2185,1907,16631,1087,-1021,13896,1283,-927,13669,1155,1607,14358,3108,-182,13948,4265,-1924,13557,4726,931,12958,5477,-879,14002,6403,-4691,13362,7170,1399,13128,6877,4364,14127,3958,2
12916,3793,2329,13333,3429,810,11961,3944,-1685,13225,3197,4026,11638,6170,4030,14408,5393,-1259,11176,4758,2841,13525,4882,6055,14092,5438,3152,13981,3644,2540,13644,1735,5083,14497,2797,5239,16290,2042,2274,14500,1234,1491,15245,661,4023,15148,11,873,14801,1933,-3474,14261,1413,1788,13456,2540,2442,13774,4114,-3346,13974,5274,-674,13100,6080,763,13986,5476,-2177,12745,6342,-1487,13318,6659,3191,13801,5807,3323,14043,1268,820,10730,3907,4683,15581,5043,5587,13662,5459,3228,13539,154,2500,12435,1785,6340,14189,2937,7115,15148,3560,1012,12947,2482,3261,14329,2604,6411,14604,4144,-395,15790,2904,-1435,13964,2567,323,14702,1883,-256,14695,2653,-1527,14352,2176,-182,14009,2628,484,13591,2004,-2480,13525,2823,-4171,13413,3179,1555,12412,4258,2154,12694,4443,-2177,13979,2936,2177,10049,4412,5908,14260,6113,-87,12592,6714,852,13783,3995,6503,12392,4020,4211,14670,3621,1841,14402,3218,4789,14446,1999,6024,14649,1221,2804,15356,1379,100,15577,1423,3799,15284,623,2144,14377,1302,-3644,14191,2044,869,14243,3206,3418
14699,1889,-3548,14239,2317,454,15190,2338,872,14006,2186,-2124,14291,1931,571,13586,2692,-74,13876,2935,-5192,13359,2885,-1216,11745,4266,3355,13215,4254,221,13452,3116,195,10139,3637,4592,13795,6643,2621,13521,6938,-41,13507,4464,3637,12013,3933,6379,14830,3368,4278,14304,3755,1900,14849,1377,4796,14141,1341,5490,15613,1306,125,15728,1167,1428,14842,1104,3536,14593,933,-1939,14046,1699,-2066,14097,2747,2377,13560,4467,1594,13916,4527,-2907,13187,5658,-2879,13726,6650,599,14110,6334,125,12404,6040,-907,14057,4005,4376,12652,3094,5487,12996,4240,211,14823,4497,2653,12812,4209,7656,13710,1408,3614,13320,2325,2432,13634,2139,6994,13820,3012,4667,14003,2660,1413,14008,3640,3936,14927,4008,4559,15092,3092,32,14999,2623,-4973,14157,2004,157,14997,1675,1945,14167,2262,-1764,14537,2099,-550,13594,2892,577,13892,2601,-4079,13194,3205,-2925,12161,4137,2918,13201,4812,1741,13220,3268,-135,10294,2945,3100,13060,6868,3574,14225,6632,1311,12814,4625,2391,12407,2982,5667,14369,4146,5643,14852,3867,1933,14700,1434,3465
14152,2630,2508,13534,2117,4095,13266,2425,6458,14436,2761,3548,14305,4020,1905,14817,3257,3789,14587,3318,1484,15141,2850,-4367,14842,2213,-2212,14375,2171,3160,14315,1576,329,13863,2474,-3000,14117,2572,-771,13582,2946,-879,13152,2956,-3090,12376,3811,-249,13153,4341,3659,13107,3444,1976,10958,3926,-123,12659,5944,2787,13693,6731,4824,13451,5326,1649,12778,3351,2652,13425,3450,7207,14977,3495,3717,14571,2307,1509,14379,1087,5647,15294,1311,3964,16183,1500,-342,14923,972,-11,14305,1255,1462,14542,1344,21,13722,2527,-1609,13412,3576,1791,13971,5158,440,13282,5745,-5130,13682,5951,-1337,13058,6841,2777,13858,6022,461,13155,4104,273,12817,2619,5378,12793,4958,5106,15182,5055,211,12970,3976,4381,13142,1947,7435,13957,1672,3288,13245,2407,3006,14159,2472,5785,13827,3568,5199,14801,3361,2047,14417,3356,1511,14509,2528,2618,14825,2613,-3365,15059,2477,-3403,14638,2890,2909,14351,1578,1742,13534,2007,-3601,14125,2350,-2271,13907,3850,328,13746,2780,-1444,11728,3277,-1637,12745,4988,2576,14138,4777,3307,11423,3115,476
13804,5782,3142,12621,3573,281,12869,3423,2432,13522,5931,5716,15116,3493,3341,11361,2771,2072,14061,2186,6424,14076,3495,6412,13830,1571,2714,12970,2114,2601,14461,3593,6267,14900,3749,4378,14438,2963,-512,14323,3091,891,15701,3308,-283,14900,2677,-2770,14263,926,415,13694,2183,2060,14892,2619,-1571,13760,2655,-4426,13348,2255,-1150,12782,3667,1117,13422,3867,-1339,12282,3605,569,12412,3740,4681,12154,5696,1715,13638,6136,-265,12250,4474,4917,12607,4758,5074,14527,5000,1239,14074,3906,3748,13671,2402,6912,14864,2335,3264,15829,2026,1860,14592,1069,3974,15523,5,2707,14683,1967,-2020,15696,838,-750,13261,1849,3642,14025,1684,-111,13616,4497,-3486,13736,5250,570,13388,6133,-549,13529,6665,-3545,13623,6300,894,13229,5492,3980,13177,3937,1444,12677,4190,1163,13832,5214,5587,14452,3473,5433,12103,2523,1621,14176,2437,4224,13694,3363,7279,13830,1550,4250,13362,2721,1543,14782,3296,5900,14425,3183,5520,14490,2570,-1463,14500,3219,-1146,15455,3495,432,14862,2335,-1191,14101,1050,-756,13685,2118,1174,14895,2780,-566
13601,893,2710,13438,3591,1526,14258,5060,-3748,13440,5594,-2919,12963,6869,775,14659,6910,268,12670,6218,-1113,13135,3974,2970,12489,4647,5264,13997,5132,1072,13923,4038,3166,12471,3067,7514,14161,2800,3770,14095,2766,1440,13270,1153,6705,13022,1761,6239,14989,3558,1664,14556,3414,4334,14345,2885,4582,14527,2939,-750,15649,3455,-4339,14576,2803,-205,14615,1523,2536,13903,1904,-2123,14256,2380,-2251,13848,2987,822,13682,2594,-2846,12776,3137,-3240,13081,3513,1951,13129,3967,2390,12338,3403,39,11490,5093,1785,13426,6930,4660,13625,5248,2795,11819,4469,1646,13794,4357,4940,14132,4863,5530,14385,2682,2445,14279,1843,3021,15208,1844,6697,15512,766,1871,15408,268,-1406,14769,1183,1890,15633,954,1394,13958,1525,-1409,13700,1125,484,13276,4744,1703,14449,5597,-2414,13165,6137,-4435,12782,6791,709,14728,6648,2247,12828,5856,-1094,13098,3684,2328,11892,5364,6480,14993,5157,2319,13387,3364,1866,12662,2093,6968,14145,2794,5390,14079,2222,1673,13136,1187,5150,13583,2484,6332,15403,3706,3857,14407,3216,2276,14233,2569,2409
13569,2100,512,15627,-544,3583,15348,1822,2595,15966,558,-521,14264,440,-2422,13650,1024,2435,14425,2411,973,13356,4352,-2949,13854,4995,190,13038,6533,176,13868,6964,-4247,13649,7005,-665,13135,6383,4719,13372,4580,2376,12263,3448,1914,13008,4466,4533,14791,4610,5409,13417,3219,2586,13043,1218,3264,13645,1717,8125,14149,1921,4967,13986,2282,616,13438,2613,6064,15090,3745,6521,15195,4049,-975,14846,2775,-2200,14317,2312,-377,15043,2486,-1736,14784,2591,-1434,13742,2462,1777,13897,2832,425,14040,3319,-4532,13367,2759,-3042,12579,3243,2139,12928,3824,881,12808,4147,-778,12375,2272,4661,10746,6236,4279,15210,6222,-1265,12216,6475,3698,12875,3314,6303,13849,4168,2981,14126,4571,2759,15352,2118,5399,13303,1278,5270,16065,494,494,15708,2082,132,15515,489,4299,14405,159,-1257,14650,1029,-3089,14036,2460,2888,13802,2369,1572,12647,4406,-3206,13838,5975,-1507,13728,7925,-75,14089,6297,-1378,12044,5984,-1025,13481,4899,3621,13260,4414,5847,12844,4544,1200,13651,4922,2829,13668,4317,7866,14023,1592,3403,13373,1341,1987
13642,7407,4043,13478,3914,1694,12214,2771,4642,14164,3760,6364,15818,3713,1905,14507,1860,1965,14105,418,5956,15591,955,2006,16382,1623,-1237,14918,436,700,14047,209,1164,13991,1537,-1215,13868,2883,-489,13366,5133,2297,13884,4981,-1444,13268,6553,-5360,13327,6109,394,13000,7884,3302,13564,6863,235,15016,2745,2284,8501,3262,7560,15540,4650,1907,14466,5902,1084,14787,858,7120,11290,972,6224,14184,1263,2823,14962,3264,2922,13840,3077,6237,14328,2282,5910,13684,3779,312,15991,3184,1519,14481,3141,-277,14373,2057,-5370,14232,2756,-376,15232,2850,3703,13463,2994,-1175,13834,1755,-3587,13606,2967,-1408,13958,3105,149,12674,3215,-1211,11902,4062,-196,13644,4959,4418,13642,2225,2695,9885,5646,132,14939,5765,3343,12908,7653,5102,13810,3169,1625,12718,3258,3812,13689,4023,6898,16513,2672,3233,13343,1475,1021,15140,-177,4296,15197,2095,2357,16689,801,-195,13963,463,-1564,13875,624,1631,14663,2725,274,13783,3648,-2254,13041,4518,1598,13492,5779,103,13612,6293,-5324,13221,6405,-320,13008,7624,4333,14538,5830,571
13259,3209,1997,12603,3461,1676,12274,4038,-1163,12170,5936,3387,14707,3708,5552,10440,4592,-2587,13730,4517,2690,13592,6768,8234,13963,4797,2756,12796,1851,2895,14897,3159,3825,15104,3174,5360,15508,1420,2241,13757,-95,300,15750,1084,4736,15993,2038,235,14383,1316,-4137,13539,1257,1932,14176,2784,2224,13599,4577,-2316,13451,4151,-1208,12967,5824,-434,14137,6576,-1503,13641,7143,-1488,12805,5604,2807,14208,3776,5173,11761,3303,1654,13621,4993,1408,14845,5047,6772,13489,3140,4720,12556,1027,1522,13546,2099,7057,14386,2994,6614,14192,2707,-26,13490,2210,4354,14403,3438,6643,15522,3607,1406,14491,2985,-3070,14575,2243,-2354,14616,2290,1169,14750,2334,-747,14261,2003,-546,13553,2384,1974,14521,2422,-3252,13302,3466,-5024,13097,3464,1756,12570,4929,2600,13507,4245,-272,12310,2612,1887,10715,5551,3691,15062,5517,1384,12183,6559,1431,13054,2891,5635,13211,4473,5952,14803,4373,2040,14927,2991,2448,13866,1555,6380,15085,310,3460,15259,1237,-136,15496,1232,3145,15105,1104,682,14684,1748,-3025,14058,1924,713,13776,2693,3036
14820,1882,-4711,14074,2940,1292,15641,2253,2153,13503,2293,-2189,13821,1315,-391,13664,3073,-165,14270,3055,-4201,12460,3553,-1135,12180,4107,3440,13206,5660,2150,14367,3965,-960,9153,2761,3834,13195,6425,3991,14907,6227,1128,13435,4522,3733,11472,3155,6083,15132,3117,4333,15131,4345,1784,14972,1059,4013,13914,1180,5467,15482,762,634,16005,1741,190,14522,1215,2981,14695,722,-1662,13446,2180,-2225,14552,3061,2183,13327,5277,1576,13787,4078,-2919,12779,5591,-3696,13886,6774,1008,13762,6968,1127,12579,6049,-409,14574,3536,3852,11225,2298,6612,13743,4663,388,14973,4483,1738,13242,3654,9060,12871,1310,4005,13717,2098,1793,13998,3117,6482,14603,2876,4102,13329,3050,2455,14465,2279,3345,14800,4095,2955,15083,3108,-356,14984,2525,-5240,13998,2378,61,15188,2140,3228,13592,2643,-2255,13944,1331,-2352,13276,2864,661,14273,3373,-2536,13078,3689,-1990,12250,3841,1917,13242,3941,2896,12661,4240,959,11843,5323,1183,13670,5438,4486,12170,4956,3059,13781,4786,1352,13665,4750,5543,13891,3187,6024,14149,2644,1461,15118,2108,3173
[row took 89460us]
=== CAPTURE END: speed1_imbalance ===
[loop] iteration 5

=== SpinDoctor Capture Menu ===
Speed:  1) Low  2) Medium  3) High
Class:  H) Healthy  I) Imbalance  O) Obstruction
Enter as two chars, e.g. "1H": Fault class: obstruction (100.0%)
X:13755 Y:1417 Z:-3279
X:14053 Y:2903 Z:1989
Fault class: obstruction (96.0%)
X:14216 Y:4121 Z:1922
Fault class: obstruction (100.0%)
X:12634 Y:4650 Z:5336
X:13930 Y:6313 Z:-3006
Fault class: obstruction (98.0%)
X:14142 Y:2466 Z:2448
X:14893 Y:1908 Z:3191
Fault class: obstruction (100.0%)
X:13030 Y:3617 Z:4367
Fault class: obstruction (100.0%)
X:13047 Y:3933 Z:1056
X:14581 Y:1915 Z:-1972
Fault class: obstruction (98.4%)
X:14264 Y:2948 Z:211
Fault class: obstruction (100.0%)
X:12850 Y:1651 Z:3787
X:14428 Y:3877 Z:6183
Fault class: healthy (99.5%)
X:13509 Y:7110 Z:-501
X:14366 Y:4116 Z:2818
Fault class: obstruction (100.0%)
X:15847 Y:1324 Z:-713
Fault class: obstruction (100.0%)
X:13502 Y:4021 Z:6029
X:12229 Y:5915 Z:-1076
Fault class: obstruction (100.0%)
X:13636 Y:3395 Z:1877
Fault class: obstruction (100.0%)
X:15319 Y:2861 Z:-881
X:13675 Y:2150 Z:7020
Fault class: obstruction (100.0%)
X:13038 Y:1240 Z:2351
X:14118 Y:3163 Z:4063
Fault class: obstruction (100.0%)
