13958,5858,-1773,14107,4938,-1482,13895,4710,1291,14041,4667,1772,14552,3893,223,14332,4929,240,14724,6654,787,15253,5083,-639,14097,3108,-1256,13836,3200,375,14153,3326,692,14272,1985,-582,12550,2075,-1012,13289,3730,-483,13634,3985,-1795,13215,2207,-993,12439,1227,972,12432,2799,94,14289,4350,-1259,13410,5641,-220,13770,6113,82,13957,5358,-1289,14638,4327,46,13902,4039,2425,13863,4547,1479,15423,5276,-1144,14369,5706,-335,14949,4759,868,13595,3605,-501,14670,2547,-1008,13640,3404,845,13748,2191,717,12997,2116,-2269,13583,3381,-1701,13672,3827,186,12286,2114,-89,13293,1144,-1194,12618,3145,272,13649,5562,364,14173,5938,-1617,13925,5492,-414,13604,5304,842,14217,4291,240,14610,3169,483,13563,4813,1561,15149,5498,404,14662,5728,-1102,15087,4225,15,13070,4250,48,15016,2406,-187,13896,1776,-425,12881,2451,702,13383,2959,-900,13672,3701,-2759,13552,2950,-445,12377,2209,923,12965,1687,-1000,13469,3186,-1093,13341,5945,1184,13697,6019,-744,14461,5042,-1780,13393,4178,786,14123,4431,1756,14259,3797,416
14415,4775,-217,14891,6515,982,14723,5623,65,14748,3229,-1246,13522,3016,-586,14312,3350,921,13921,2291,0,13255,2057,-1180,13029,3607,-343,13542,4379,-1690,14011,2609,-1818,12028,1373,500,12787,1812,807,13435,4133,-859,13946,5439,-758,13620,6089,140,13585,5482,-934,14446,4384,-613,14331,3634,1923,13260,4623,2156,15685,5087,-620,14251,6242,-1137,15122,5505,728,13840,3757,20,13938,2725,-1182,14481,2685,454,13218,2961,1128,13629,1922,-1624,12985,3425,-2497,14079,4369,-193,12701,2570,278,12771,966,-674,12606,1664,-234,13292,5072,724,13897,5891,-1535,13905,5536,-1274,13794,5405,650,13537,4995,398,15449,3438,469,13063,4228,1587,14983,5639,909,14896,6152,-1149,14738,4743,-496,14077,4260,322,13879,3245,-304,14909,1554,-373,12710,2601,682,13478,3040,-141,13607,3768,-2754,13455,3248,-1264,12679,2336,913,12442,1545,-176,13178,2216,-1527,13285,4903,1053,13561,6363,-153,14406,5882,-2336,13879,4665,-14,13872,4731,1943,14363,4075,899,14411,4196,217,14551,5656,923,14934,6135,195,14952,4465,-1315,13818,3347,-1231
14114,3617,1082,13902,2299,824,13472,2037,-1144,13113,2621,-478,13076,4104,-1275,13873,3110,-1969,12541,1868,-231,12694,1730,1338,12906,3372,-447,14048,5135,-1067,13658,6245,194,13601,5930,-755,14183,4731,-814,14439,3426,1140,13280,4382,2538,15092,4996,238,14789,5858,-1253,14799,5714,430,14229,4158,601,14018,3066,-1150,14349,2725,-352,13279,3288,1228,13728,1777,-564,12799,2614,-2276,14016,3948,-724,12904,3439,107,12992,1523,-697,12671,1673,-816,13146,4626,914,14044,5463,-697,13851,5599,-1490,13982,4992,310,13145,5146,259,15327,3840,77,13470,4126,1362,14396,5584,1599,14936,5807,-763,14883,5163,-946,14375,4166,371,13205,3636,-186,15187,1926,-321,13057,2233,471,13287,2708,504,13345,3177,-2392,13850,3651,-2278,13028,3047,685,12445,1830,461,13169,1930,-1498,13293,3835,183,13384,6145,676,14068,5703,-1958,14231,4680,-822,13349,4851,1743,14408,4358,1392,14346,4311,-241,14484,5149,486,14623,6450,650,15239,4509,-786,13701,2742,-860,13903,3333,585,14089,3174,580,14143,2019,-895,12908,2278,-878,13289,3840,-427
13513,5310,-280,13878,6241,114,13665,5701,-1508,14443,4639,-606,14260,3879,2019,13221,4445,1957,15753,4774,-467,14042,5800,-500,15064,5346,721,13989,3754,-556,13999,3004,-1360,14463,3134,545,13128,2475,1254,13517,1510,-1432,13120,3265,-1843,13754,4970,-417,13355,3062,-668,12647,1356,-925,12795,2069,268,13332,4311,829,13868,5182,-1196,13740,5424,-821,13808,5884,119,13803,5423,-411,15192,3576,534,12925,4217,2129,15099,4968,1069,14730,5711,-1216,14864,4667,-245,14041,4716,364,14000,3734,-1254,15091,2045,-251,12699,2229,1202,13290,2573,-305,13650,3481,-2765,13447,3751,-1011,12827,2973,829,12557,1496,-1011,13187,1597,-1215,13101,4408,1640,13594,6204,-107,14620,5894,-2436,13672,5130,86,13748,5231,1635,14823,3988,331,13916,3621,340,14502,5432,1448,14953,6187,116,15286,4443,-1426,13547,3449,-544,13969,3984,404,14663,2614,-43,13073,1632,-423,12840,2200,-53,13200,3798,-1369,13973,3532,-2320,12595,2165,285,12292,1888,626,13577,2749,-1088,13480,4651,-420,13827,5920,909,13465,6036,-1119,14553,5221,-1466,14209,4428,1388
13477,4081,2460,14493,4100,-77,14945,5260,-661,14609,6164,721,14801,4051,42,13563,3371,-1303,14577,3160,-175,13682,3203,972,13412,1244,-473,12849,1822,-1795,13539,4565,-597,13639,3958,-545,12912,1862,-1063,12425,1348,-130,13020,3822,450,13965,5187,-635,13929,5569,-908,13695,5560,482,13651,5373,-257,15152,4111,-20,13636,3557,1697,13820,5022,1477,15509,5516,-841,14698,5097,-549,14080,4380,970,13763,4043,-934,15107,2575,-1238,13528,1745,985,12522,2541,483,14182,2711,-1918,13439,3975,-1764,13273,3311,738,12326,1932,-613,13418,1590,-1885,12998,3635,746,13317,5749,1061,14309,5476,-1881,13686,5012,-830,13839,5395,1309,14368,4754,642,14773,3539,-91,13729,4692,1381,15115,5950,798,15206,4934,-1127,13972,3228,-750,13689,4092,69,14666,3294,-22,13752,1766,-363,12782,2042,-7,13266,3536,-712,13697,3776,-2466,13401,2436,-474,12038,1918,937,13075,2078,-766,13653,4112,-968,13604,5642,601,13739,6104,-367,14123,5378,-1522,14330,4500,409,14153,4294,2412,13675,4100,676,15596,4892,-835,14084,6387,246,15025,4853,622
13948,3450,-744,14031,3069,-738,14312,3628,756,13298,1633,-131,13057,1368,-1850,13305,3635,-696,13656,4458,-384,13275,2453,-840,12399,1376,-626,12847,3135,213,13786,4604,-316,14045,5319,-1194,13521,5587,364,13737,5786,-61,14610,5119,-378,14296,3568,1227,13271,4622,1678,15401,5060,-279,14622,5193,-872,14590,4257,969,13537,4556,-65,14982,3252,-1757,13970,1943,179,12859,2279,1004,13486,2489,-1396,13703,3729,-2061,13515,3906,482,12367,2855,65,13411,1305,-2136,12548,2218,-335,13307,4950,1572,13667,5856,-1075,14447,5859,-1550,13806,5771,1096,13899,4977,737,15055,3186,-324,13426,3372,969,14654,5600,1593,15313,5842,-783,14373,4201,-867,13913,4251,10,14255,4070,-358,14521,1825,-280,12569,1591,146,13044,2950,120,14013,3746,-2267,13379,3572,-1526,12751,2166,731,12165,2069,-235,13956,3045,-1341,13171,5049,784,13579,6009,485,14231,5596,-1825,14019,5035,-752,14565,4599,2071,13275,4033,1535,15106,4273,-444,14573,5628,451,14694,5920,856,14688,3714,-808,13595,3665,-1537,14825,3654,330,13389,1946,977,13060,782,-991
13146,2393,-728,13538,5185,-551,13729,3481,-1291,12429,1823,-983,12722,2042,231,13250,3779,320,13894,4689,-761,13546,5428,-220,13721,6279,-23,14200,5732,-869,15000,3743,604,13009,4084,2158,14940,4334,768,14800,5369,-1023,15115,4676,425,13431,4871,611,14730,3954,-1896,14612,2526,-640,13046,1716,1712,12639,1996,-241,14119,3003,-2217,13379,4425,-801,13070,3437,468,12684,1657,-1742,12996,1428,-1360,13245,4222,2038,13207,5570,403,14952,5622,-1925,13451,5713,76,13969,5822,623,15030,4331,-291,13816,2774,616,13977,4978,2293,15189,5991,231,15150,4773,-1418,13576,3830,-105,13961,4206,-500,15104,2617,-795,13147,1103,494,12477,2170,726,13785,3631,-1478,13900,4243,-2580,12781,2776,350,12169,2004,80,13458,1930,-1441,13492,4036,227,13332,5916,1324,14260,5804,-1344,14163,5811,-1761,14177,5202,1117,13989,4185,2011,13970,3402,156,14796,4300,276,14468,6534,981,15376,4302,-567,13411,3280,-1662,14145,3761,-49,14577,3087,502,13136,1335,-19,12960,1473,-961,13440,4595,-462,13873,4256,-1529,12957,2150,-1215,12276,1354,82
12945,3066,86,14107,4601,-496,13734,5568,-348,13888,6149,267,13735,5800,-849,14925,4429,-218,13777,3258,1923,13478,3976,1424,15403,5205,-736,14716,5640,-183,14510,4709,1136,13413,4345,-1216,15199,3126,-2017,13702,2050,1302,12630,2027,802,13856,2185,-1819,13420,3726,-1270,13291,3878,198,12290,2272,-1085,13401,1259,-1881,12659,3268,1105,13389,5343,1311,14280,5539,-1436,13710,5336,-1099,13810,5807,630,14576,5050,-119,14652,3098,338,13355,4147,2302,14898,5725,954,15693,5383,-1358,13801,3956,-593,13741,4407,-420,14902,3161,-868,13629,1337,376,12542,1769,1053,13328,3161,-715,13954,4098,-2854,13253,3192,-736,12202,2260,646,13009,1427,-1157,13342,3250,-391,13508,5753,1485,13786,6202,-835,14414,5880,-2216,13926,5150,323,14442,4714,2259,13942,3284,841,14630,4016,38,14622,6233,766,15053,5358,202,14118,3667,-1720,13857,3709,-986,14527,3423,896,13210,1544,321,13026,1119,-1086,13204,3608,-458,13658,4471,-1003,13307,2533,-1629,12393,1345,-393,12808,2663,216,13561,4487,-5,14154,5404,-528,13438,6246,194,13858,5940,-920
14602,4925,-945,14112,3116,1592,13100,4247,2199,15551,4784,12,14511,5589,-704,14856,5126,877,13617,4900,-1080,14943,3320,-2113,14053,1467,1061,12241,1965,1459,13968,2042,-1275,13366,3986,-2328,13572,4146,75,12416,3023,-680,13548,1324,-1978,12613,2320,777,13096,4966,1852,14200,5410,-1414,13850,5644,-1701,13806,5695,578,13931,5265,377,15192,3335,199,13365,3722,1955,14851,5751,1471,15599,5752,-1264,14222,4394,-1057,13865,4470,-310,14364,3362,17,14270,1363,69,12324,1792,722,13497,3100,-441,13552,4301,-2996,13806,3596,-1568,12558,2339,851,12393,1192,-42,13668,2285,-729,13051,4959,1020,13975,6225,-275,14148,6207,-2138,14122,5362,-426,14398,4987,2091,13819,3560,1383,14614,3900,-29,14651,5728,565,14735,6011,328,14711,3944,-1132,13499,3561,-1266,14673,3530,820,13505,1633,763,12867,1124,-1154,13444,2823,-815,13183,5167,-967,14020,2954,-1505,12063,1433,-256,12873,1540,797,13147,3929,20,14323,5293,-827,13596,6270,-309,13850,6587,-537,14351,5202,-885,14611,3184,1128,12838,3817,2667,15071,4463,615,14869,5696,-1235
14824,5176,622,13943,5201,-157,14555,3775,-2205,14772,1512,364,12299,1866,1959,13495,1818,-706,13547,3435,-2340,13530,4423,-572,12796,3290,-8,13189,1542,-1925,12895,1424,-233,12982,4706,2102,14107,5550,-660,14245,5737,-2072,13707,5817,237,13668,5293,598,15209,3608,43,13172,3077,1530,14516,5262,2181,15322,5723,-624,14634,4769,-1546,14108,4451,-748,13853,3905,-66,14968,1365,143,12227,1563,605,13646,2387,720,13228,3941,-2656,13938,4093,-2548,12982,2826,56,12208,1705,309,13574,1891,-497,13053,4371,726,13713,6089,561,13872,5991,-2068,14346,5465,-1513,14189,4626,1522,13841,3656,1898,14441,3590,348,14660,5112,472,14669,6667,319,15057,4349,-932,13607,3669,-1351,14519,3841,252,13819,2214,1393,13374,1291,-661,13157,2102,-1317,13395,4856,-835,13754,3862,-1870,12669,2105,-889,12628,1609,783,12540,3185,555,14390,4261,-852,13363,5514,-434,13895,6207,-549,14062,5973,-1389,15003,4017,507,13250,3785,2701,14266,4435,1432,15357,5543,-1098,14678,5375,-343,14084,4906,620,14226,4096,-1819,14906,2540,-897,13245,1819,1980
12729,2153,10,14062,2623,-2205,13000,4486,-1197,13431,3587,375,12291,1595,-1138,13083,884,-1314,12929,3598,1417,13446,5663,282,14660,5833,-2031,13468,5687,-271,14045,5751,819,14786,4413,-72,14013,2906,636,13726,4988,2075,15460,5663,218,14580,5248,-1307,14441,4183,-376,13598,4423,-488,14893,2351,-97,13177,1384,-89,12913,2292,964,13576,3204,-1440,13554,4108,-2805,13562,2863,-391,12080,2124,341,13208,1719,-897,13402,3648,-49,13360,6106,1208,14142,6094,-1318,14149,5954,-1889,14076,4742,752,14190,4051,2110,13764,3409,575,14977,4388,276,14511,6551,866,14752,5100,-337,14419,4015,-2129,13654,3627,-474,14512,2459,1600,12988,1307,-256,13419,1486,-1173,13230,4435,-385,13492,4564,-1424,13670,2339,-1587,12112,1363,471,12822,2679,887,13816,4541,-662,13922,5501,-869,13512,6276,-82,13862,5835,-943,15033,3830,-290,13594,3222,2189,13699,4474,2007,15794,5694,-623,14624,5658,-593,14412,5157,944,14025,4509,-1438,14735,2628,-1335,13686,1594,1570,12306,2134,838,14305,2028,-1645,12951,4631,-2070,13909,4277,-7,12459,2145,-959
12952,1002,-1571,13033,2387,1226,12941,5295,1274,14610,5349,-1769,13474,5836,-1262,14113,5981,671,14108,4764,208,14711,3095,498,13561,4174,2086,15234,5454,1006,14783,5891,-1361,14847,4711,-1005,13490,4588,-234,14408,2444,393,14089,1110,-130,12475,1976,919,13644,2830,-733,13303,4433,-3061,13945,3526,-1208,12274,2131,759,12392,1219,-16,13785,2624,-586,12923,5866,1078,14083,6263,-598,14058,6100,-2084,14190,4884,-140,14206,4288,2074,13881,3445,1018,14846,4078,335,14632,6149,833,14585,5823,247,14915,4207,-1748,13601,3814,-1354,14650,3013,1227,13187,1241,492,13086,1391,-948,13679,3269,-490,12963,4866,-1176,14106,2861,-2030,12082,1579,-453,12756,2489,1161,13545,3810,-98,13937,5012,-605,13564,5844,-71,13774,6106,-993,14573,4992,-925,14280,3323,1439,12871,4442,2548,15839,4904,332,14519,5605,-1207,14759,4931,680,13692,4755,-572,14689,3529,-2071,14449,2160,624,12385,1841,2026,13593,1748,-1147,13528,3679,-2432,13720,4378,-330,12741,2969,-216,12940,1290,-2026,12950,1818,258,12967,4848,1865,13925,5346,-933,14113,5653,-1647
13782,5931,426,13825,5144,448,15289,3610,-207,13041,3526,1567,14957,5735,1729,15135,5897,-1068,14549,4518,-897,14078,4461,-197,13944,3512,-162,14898,1283,-230,12402,1789,498,13424,2711,185,13574,4126,-2687,13793,3762,-1879,12672,2421,566,12133,1697,-179,13702,2333,-1021,13230,4877,1125,13428,6016,356,14529,5976,-2233,14036,5383,-858,14296,4822,1740,13942,3943,1349,14418,3829,89,14795,5547,1049,14430,6358,598,15140,3894,-1217,13524,3361,-1663,14334,3648,283,13948,1945,885,12998,1551,-833,13336,2369,-453,13080,5127,-830,14133,3418,-1942,12253,1526,-554,12509,1712,837,13204,3530,-56,14143,5175,-953,13446,5937,-60,13917,6354,-544,14249,5151,-1003,14564,3185,912,13225,4354,2515,15073,4736,540,14988,5663,-1270,14556,5179,381,14059,4784,379,14373,3857,-2092,14459,2207,-327,12957,2019,1913,13007,2339,-620,14078,2902,-2183,13202,4459,-677,13236,2812,162,12606,1263,-1524,13004,1437,-1141,13216,4623,1725,13633,6074,-163,14424,5763,-1881,13551,5315,165,13730,5233,669,15124,3673,-41,13444,3257,872,14422,5644,1860
15224,5927,-207,14569,5487,-1097,14579,4033,-613,13245,3714,48,15104,1466,-297,12585,1715,38,13349,2544,858,13348,3509,-2267,13833,3749,-2483,13124,2615,119,11915,1850,512,13808,2015,-862,13160,4628,89,13662,6336,722,14140,5890,-1704,14059,5219,-1247,14016,4388,1293,13852,4049,1960,14401,4063,141,15040,5271,221,14229,6563,891,15040,4434,-607,14142,3420,-1797,13872,3043,230,13918,1810,1391,13201,1893,-901,13550,2285,-1086,13232,5047,-704,13771,3759,-1470,13035,1468,-1021,12433,1327,814,12762,2984,506,14285,4838,-1123,13451,6226,-524,13929,6391,-325,13842,5443,-815,14784,3322,423,13491,3534,2450,14292,4679,1335,15392,5660,-1248,14636,5273,-262,14116,4894,766,14425,3926,-1616,14538,2369,-814,13388,1860,1824,12897,2541,50,14040,2722,-2184,13217,4499,-1679,13433,3337,312,12424,1320,-706,12937,1092,-1139,13150,3925,1384,13315,6271,354,14677,5856,-2152,13419,5212,-443,13813,4951,965,14427,3707,332,14145,2981,725,14070,5209,1870,15096,5757,287,14870,6315,-1517,15085,4544,-783,13223,3924,233,14789,1315,331
13028,1423,-216,13445,2700,985,13181,3703,-1509,13536,4244,-3045,13610,2852,-786,12026,1777,1252,12897,1273,-210,13583,3387,-666,13299,6333,799,14092,6186,-1239,14230,5505,-1717,13766,4326,764,14168,4185,2323,14001,4263,958,15360,5044,-102,14437,6595,494,14652,5200,-393,14805,3784,-2006,13367,3067,-361,14156,1954,1964,13191,1903,-48,13556,2167,-1196,13235,4611,-791,13469,4223,-1654,13529,1585,-1788,12133,831,685,12590,2588,1233,13944,4755,-564,13894,6109,-995,13742,6683,-279,13924,5936,-1102,14824,3746,-175,13585,3055,2147,13663,4662,2289,15623,5608,-648,14527,5693,-1031,14349,5300,622,14311,4120,-1045,14468,2234,-928,13563,1308,1596,12673,2365,716,14172,2402,-2123,13016,4784,-2636,13941,4039,33,12264,1797,-465,12833,858,-801,13123,2661,1058,12981,5861,874,14771,5869,-2211,13639,5813,-1697,13944,5505,901,13902,4199,655,14465,2919,891,13595,4383,1963,15258,5813,870,14526,6453,-1434,15399,4669,-1662,13285,4098,69,14360,1618,904,13602,1376,-277,13184,2486,712,13434,3551,-1073,13134,4354,-3014,13928,3627,-1613
12554,1904,1217,11974,844,727,14014,2438,-959,13043,6105,340,14430,6727,-684,13920,6347,-2159,14026,4250,163,14212,3963,2414,13550,3480,1598,15220,4374,-174,14619,6077,145,14329,5988,-92,15309,4728,-1930,13677,3306,-858,14102,1894,2345,13173,1433,396,13639,1944,-1449,13489,4001,-1032,13065,5048,-1275,13920,2371,-2312,12120,814,-21,12357,1899,2053,13627,4291,-204,14095,5748,-1269,13722,6338,-546,13583,6238,-1041,14915,4242,-659,13777,2721,1584,13335,4331,3038,15524,5384,244,14770,5898,-1519,14459,5448,291,14232,5029,-936,14702,2984,-1376,13884,997,1402,12355,2073,1467,14137,2098,-1427,13088,4316,-3085,13743,4369,-509,12770,2563,-276,12652,1009,-924,13073,1761,581,13074,5396,1486,14315,5659,-1749,13916,5870,-2138,13865,5936,342,13960,4683,978,14601,3235,607,13583,3481,1927,14923,5739,1236,15062,5959,-1380,14697,4924,-1727,14013,4610,-549,13914,2917,893,14485,915,407,12410,2008,446,13864,2909,-290,13057,4302,-3078,13869,4010,-2293,13128,2312,702,11552,1216,1097,13987,1997,-876,12992,5397,112,14075,6460,-80
13820,6192,-2038,14116,4909,-570,14341,3980,2301,13384,3266,1969,14880,4108,-172,14886,6158,-130,14580,6729,261,14823,4628,-1016,13813,3593,-1368,14523,2584,1402,13084,1294,1245,13432,1892,-1545,13591,2976,-1281,12973,5433,-1006,14171,3284,-1605,12176,1381,-573,12721,1271,1589,12653,3734,273,14584,5120,-1406,13400,6086,-464,13732,6189,-566,14368,4947,-872,14510,3082,1093,13131,4077,2894,15039,5240,743,15255,5888,-1641,14381,5368,212,14233,5278,-171,14454,3413,-1683,14237,1321,721,12428,2013,1709,13785,2122,-572,13555,3652,-3104,13496,4483,-946,13149,3357,171,12830,1109,-943,12686,740,-252,13077,4372,1718,13838,6014,-991,14429,5990,-2326,13478,5809,137,13933,5464,1044,15059,3560,584,13368,3228,1383,14979,5317,1547,14772,5910,-678,14894,5263,-1438,14473,4450,-760,13512,3716,732,14840,1176,336,12391,2029,-89,13973,2763,311,12885,3782,-2427,13866,3948,-2664,13361,2788,166,11956,1465,1252,13276,1520,-550,13171,4427,-385,13941,6286,376,13593,6228,-1611,14378,5341,-1515,14150,4580,1477,13795,3737,2272,14341,3712,419
14983,5078,-115,14565,6351,464,14915,4681,-550,14107,4005,-1747,14251,3486,178,13624,2196,1642,13323,1622,-829,13498,1982,-1402,13080,4525,-566,13735,3636,-1503,12801,2120,-1277,12752,1398,791,12318,3425,579,14500,4596,-1103,13416,5531,-561,13649,5965,-139,14027,5724,-1080,14914,3978,332,13499,3562,2381,13938,4885,1628,15703,5619,-1267,14536,5204,-250,14173,4990,725,14206,4280,-1792,14654,2573,-985,13269,1719,1847,12765,2111,316,14120,2382,-2139,13080,4205,-1627,13511,3619,436,12467,2148,-1028,13399,1247,-1547,12782,3882,1387,13528,5578,557,14471,5219,-1927,13179,5283,-432,14210,5651,781,14575,4832,85,14368,3106,428,13781,4773,1918,15169,5701,527,15054,5070,-1184,14081,4231,-625,13695,4429,-470,14716,2428,-55,13312,1561,62,12990,2250,612,13375,2998,-1179,13569,4107,-3005,13777,3262,-368,12186,2415,841,13111,1433,-884,13145,3733,-379,13745,5706,1185,13659,5743,-946,14025,5440,-1938,14293,4720,504,13962,4461,2214,13977,3501,448,14957,4766,-132,14748,6439,839,14734,4972,192,14285,3602,-1579,14028,3472,-550
14271,3297,952,13485,1611,38,12990,1320,-1312,13278,3881,-288,13530,4617,-1212,13612,2568,-1585,12194,1239,120,12709,2634,440,13744,4692,-448,14249,4899,-549,13107,5878,249,13957,5748,-951,14948,4751,-608,13626,3616,1827,13565,4427,2072,15343,5311,-344,14966,5480,-583,14384,4859,902,13821,4370,-991,14825,3257,-1930,14144,1877,1342,12367,2023,1219,13935,1813,-1810,13242,3857,-1930,13652,4210,94,12540,2775,-644,13041,1093,-1732,12889,2392,737,12852,5433,1427,14637,5083,-1361,13183,5494,-1261,14057,5748,746,14363,5266,253,14750,3376,121,13605,4003,1827,14769,5534,1248,15376,5218,-1136,14211,4116,-565,13716,4426,-309,14590,2903,-220,14070,1585,81,12539,2194,685,13757,2877,-380,13142,4311,-2839,13932,3518,-1343,12392,2603,825,12272,1258,-388,13884,2672,-863,12889,5226,1355,14185,5673,-242,13953,5906,-2140,14360,5298,-427,14343,5083,2078,13788,3544,1240,14699,3779,77,14561,5825,764,14756,5784,493,14652,4136,-1510,13736,3905,-1466,14613,3536,879,13394,1805,632,13156,987,-1147,13187,3139,-639,13304,4908,-815
13934,2898,-1726,11851,1506,-295,13024,1894,546,13110,3990,-112,14434,4857,-566,13336,6111,75,13885,6464,-726,14893,5212,-1008,14049,3399,1300,13304,4056,2427,15130,4729,235,14929,5717,-930,14832,5214,695,13671,4701,-196,14755,3643,-2182,14419,1940,77,12373,1759,2016,13392,1775,-994,13533,3424,-2139,13640,4352,-431,12867,3219,-346,12749,1509,-1961,13205,1911,-240,12886,4934,2095,14289,5172,-567,13820,5641,-1581,13997,5777,171,13878,5597,423,15085,3621,-55,13383,3123,1628,14421,5454,1873,15616,5846,-930,14385,4820,-1106,14045,4429,-500,13845,3657,-358,14865,1391,-37,12298,1486,602,13357,2434,118,13500,4017,-2676,13743,4207,-2066,13026,2967,542,11822,1549,26,14059,1909,-1020,12696,4706,1208,13977,5851,405,13768,6105,-2170,14344,5387,-1125,14304,5068,1609,13798,3801,1539,14638,3615,-158,14543,5434,694,14821,6634,732,15153,4176,-982,13245,3128,-1451,14409,3196,465,13766,2269,657,13237,1315,-740,13245,2577,-911,13011,5364,-697,14327,3500,-1961,12012,1621,-479,12601,1102,697,12869,3390,129,14081,4816,-749
13942,5780,-108,13481,6697,-680,14950,5436,-1357,14363,3808,818,13542,3841,2926,14513,4420,1007,15018,5636,-1069,14894,5219,171,13756,4947,-44,14558,3914,-2006,14593,2449,-491,12937,1803,2179,12812,1930,-274,14032,2648,-2372,13223,4364,-1053,13252,3190,-90,12390,1513,-1399,13166,1075,-750,12995,4290,2038,13759,5638,-70,14427,6218,-2402,13809,6141,-388,13785,5581,754,14900,3796,226,13724,2606,1257,13971,5241,2113,15521,5895,-442,14701,5600,-1526,14312,4404,-808,13677,3805,0,14975,1098,416,12506,995,303,13245,2319,582,13308,3935,-2270,13862,4255,-2584,13198,2912,39,11999,1669,617,13712,1844,-788,13107,4352,310,13718,6149,782,13968,6320,-1929,14238,5411,-1390,14180,4389,1513,13736,3692,2152,14427,3764,295,14735,5209,18,14619,6593,625,15049,4612,-744,13939,3690,-1866,14174,3239,185,13876,2164,1570,13173,1399,-504,13310,2084,-1131,13220,5156,-757,13808,3904,-1894,12876,1805,-1033,12384,1122,605,12704,3226,702,14153,4858,-449,13774,5709,-541,13556,6333,-427,14198,5608,-1213,14660,3853,318,13633,3298,2741
13915,4419,1580,15575,5716,-1157,14958,5736,-562,14131,5355,463,14366,4398,-1671,14683,2290,-469,13203,1333,2197,12493,2070,262,14268,2469,-2503,13026,4557,-1947,13524,3648,82,12343,1789,-815,13225,980,-805,13007,3370,1823,13144,5763,479,14807,5864,-2742,13353,5941,-931,14121,5602,1031,14373,3991,726,14259,2647,1199,13776,4866,1889,15382,6269,-152,15198,5847,-1859,14155,4209,-574,13727,4032,129,14807,1778,470,13211,775,286,12505,2531,316,13753,3850,-1871,13619,4640,-3123,13372,2757,158,12109,1598,1106,13099,1334,-765,13423,3590,-385,13355,6337,779,14165,6448,-1403,14174,5903,-1702,14042,4550,1036,13944,3924,2457,14187,3169,653,14734,4658,-189,15025,6994,597,14920,5506,-392,14242,3342,-1696,13616,3369,-57,14564,2424,1421,13013,1297,169,13125,1547,-1480,13501,4767,-973,13566,4977,-1584,13572,1798,-1116,11514,770,701,12930,2286,875,13659,4783,-433,14103,5927,-1084,13739,6521,-502,13632,6023,-887,15180,3822,-78,13721,2779,2500,13285,4037,2120,15775,5596,-794,14708,6445,-1250,14704,5216,643,13610,4430,-904
14904,2204,-1250,13647,978,1838,12228,2282,835,14518,2796,-2324,13169,4784,-2206,13531,3942,103,12256,1529,-335,13162,582,-1099,12860,2436,1045,13037,5701,1048,14614,6166,-2276,13650,6212,-1750,14106,5758,1028,13913,4111,905,14855,2378,1000,13093,4021,1793,15470,6449,343,15450,6393,-1876,14179,4630,-1060,13976,4198,142,14484,2121,482,13637,543,607,12402,1852,350,13892,3701,-1333,13538,4962,-3485,13721,3245,-1007,11922,1783,1265,12539,787,161,13728,2852,-487,12991,5993,438,14387,6568,-1222,13965,6360,-2114,14279,4481,259,14187,3848,2822,13789,3058,1457,14665,4422,-238,15112,7040,-113,14747,6408,-366,14480,3832,-1459,13524,3080,-466,14780,2037,1766,12722,1191,736,13308,1506,-1903,13603,4380,-1218,13385,5592,-1316,13888,2095,-1266,11586,551,230,13035,1727,1015,13144,4516,70,14431,5885,-1453,13418,6628,-713,13895,6486,-757,14730,4427,-334,14116,2556,1841,13138,3864,2736,15303,5362,-112,15226,6323,-1490,14460,5708,205,13914,4820,-808,14753,2728,-1195,14089,470,1550,11960,1910,1543,14285,2573,-1739,13399,4681,-3003
13703,4578,-484,12586,2702,-437,13003,444,-933,12731,1376,1112,12981,5065,1729,14460,6274,-2055,14111,6639,-2699,13998,6065,636,13788,4634,1066,15056,2448,866,13049,3109,2046,14966,6307,1023,15623,6545,-1811,14247,5423,-1742,14217,4231,-122,13889,2540,1042,14152,407,614,12133,1539,96,13921,3716,-762,13452,5148,-3396,13925,3942,-1809,12552,1783,990,12021,652,814,13818,2028,-447,13053,5295,249,14193,6953,-505,14028,6796,-2371,14425,5141,-494,14076,4009,2381,13755,2791,2077,14309,3738,33,15093,6455,12,14868,7066,-303,14697,4581,-1322,13828,3446,-1211,14431,2188,1436,12978,889,1499,13273,1231,-1567,13607,3571,-1428,13362,6148,-1219,13962,3357,-1701,12218,911,-275,12570,894,1503,12797,3386,767,14372,5415,-1386,13515,6658,-1122,14015,7180,-1008,14481,5360,-623,14558,2576,1477,13106,3157,3304,14385,4601,980,15881,6266,-1858,14266,5916,-326,14315,5331,-499,14437,3642,-1725,14798,463,1113,11723,1626,2148,13941,2435,-792,13701,4153,-3097,13453,4681,-1176,13130,3086,-251,12441,766,-932,13169,710,393,12525,4402,2222
14324,6130,-956,14283,6680,-2931,14013,6425,-215,13791,5181,1173,14849,2832,959,13352,2173,2058,14291,5320,1785,15816,6339,-1357,14475,5828,-2073,14374,4732,-619,13802,3744,758,14735,643,822,11882,994,413,13920,2454,130,12965,4679,-3047,14242,4355,-2743,12734,2489,293,11847,1168,1193,13736,1548,-51,12762,4475,110,14242,6674,-231,13825,6951,-2172,14586,5703,-1424,13818,3982,2044,13909,2869,2826,13953,3169,549,15120,5479,-218,14677,7205,-290,15110,5203,-1049,14079,4073,-1755,14489,2702,936,13303,938,2235,12781,1051,-817,13938,2731,-1907,12911,6184,-1231,14212,3815,-1663,12306,1550,-782,12684,705,941,12604,2942,1340,13990,4926,-936,13983,6099,-1390,13690,6977,-588,14159,5581,-879,14809,3207,885,13559,2820,2866,13705,4570,1564,16359,6122,-1482,14326,6199,-926,14467,5379,101,13886,4134,-1428,14992,798,444,12271,1047,1938,13039,2463,-95,14463,3773,-3095,12955,5047,-1707,13653,3388,34,12027,976,-637,13193,320,-361,12567,3231,1894,13652,6116,-21,14770,6493,-2871,13742,6390,-872,14078,5708,1163,14512,3499,874
14120,2112,1374,13540,4776,1893,15885,6561,-395,14806,6111,-1996,14263,4326,-627,13686,4226,286,14970,953,717,12262,632,446,13303,2221,17,13577,4774,-2489,13943,4940,-2906,13325,2538,237,11382,1242,1297,13911,816,-247,12726,4177,-374,14176,6266,266,13797,6858,-1551,14194,5992,-1878,14345,4282,1002,13666,3659,2911,14255,2730,906,14427,5166,63,15205,7349,79,14998,5545,-810,13812,3739,-1782,14356,2426,-77,14053,1698,1727,12790,1269,131,13940,2327,-1998,13160,5714,-796,13937,4428,-1433,12988,1687,-1065,12054,240,322,12926,2298,1250,13354,4907,-101,14328,6030,-1410,13661,7203,-657,13721,6129,-993,14930,4008,7,13916,2382,2668,13081,3872,2230,16111,5326,-618,14762,6137,-1148,14465,5815,-65,14322,4916,-1580,14893,1766,-557,13121,512,2297,12272,2406,893,14544,3066,-2332,13065,4767,-2463,13392,3827,-252,12169,1654,-738,13048,522,-585,12576,2726,1869,13295,5822,1116,14569,6214,-2658,13738,6332,-1920,14381,5608,779,13955,3969,899,14887,2176,1405,13307,4277,2269,15563,6624,286,15599,6057,-1985,13740,4672,-1647
14246,4317,110,14460,1822,768,13085,535,547,12946,1618,380,13265,4296,-1726,13859,5063,-3426,13579,3063,-718,11600,1460,1247,13128,644,200,13172,3338,-321,13771,5782,323,14035,6620,-1100,13991,6337,-2048,14635,4571,261,13734,4210,2840,14041,3024,1462,14841,4663,-40,14837,6847,35,15118,5904,-477,13953,4103,-1768,14027,3029,-565,14316,2045,1735,12490,1193,740,13766,1572,-1889,13258,4743,-1148,13694,5076,-1285,13366,2068,-1324,11823,369,-73,13072,1830,1343,13160,4785,334,14684,5872,-1573,13468,7245,-681,14054,6892,-756,14721,4581,-298,14264,2288,2136,12902,3746,2610,15726,5181,-184,14845,6260,-1432,14528,5453,19,13871,4961,-1011,15013,2240,-1032,13474,247,1432,12099,2345,1306,14629,2753,-1912,13113,4876,-2639,13745,3913,-435,12111,2247,-292,13343,651,-729,12654,2317,921,13385,5809,1626,14297,6188,-2133,14121,6458,-2329,14065,5522,690,14061,4303,1036,14667,2526,1030,13377,3415,2122,14953,6399,891,15510,5956,-1566,14203,4448,-1781,13915,4391,-261,14855,2363,901,13097,1147,636,12928,1690,220,13410,4286,-875
13582,5243,-3307,13935,2794,-1525,11683,1387,1240,12772,729,468,13444,3116,-443,13720,5583,315,13848,6463,-708,13956,6335,-2025,14424,4631,-221,14134,3922,2524,13463,3047,2149,15108,4441,-171,14717,6701,-364,15297,6620,-248,14258,4014,-1558,13705,3396,-790,14901,2316,1428,12355,1824,1403,13840,1378,-1866,13091,4064,-1770,13770,4980,-939,13100,2223,-1281,12193,486,-361,12772,1625,1179,13198,4797,784,14395,5643,-1580,13575,6342,-1029,13808,6493,-206,14356,5005,-382,14837,2680,1153,12859,3984,2863,15203,5551,388,15546,6403,-1533,14503,5327,-21,13787,4763,-359,14820,2584,-1036,13898,369,694,12255,1993,1522,13899,3010,-1502,13637,4527,-2901,13540,3836,-440,12099,2532,167,13406,400,-707,12413,1832,-161,13442,5305,1750,13957,6167,-1123,14169,6495,-2686,14032,5442,508,13912,5060,1362,14822,2962,863,13554,3337,1505,14482,6269,1193,15862,6301,-947,14485,4325,-1932,13570,3547,-361,14779,2975,790,13367,1710,504,13385,1410,-135,12918,3823,-610,13623,4783,-2816,14076,3168,-1906,11717,1481,1150,12690,933,688,13094,3235,-520
13937,5403,-407,13621,6655,-194,14062,6194,-1629,14370,4765,-645,14505,3645,2132,13237,3359,2440,15128,4476,-198,14800,6312,-830,15059,6755,322,14585,3959,-888,13364,3044,-931,14856,2347,689,12691,2486,933,13869,1659,-1491,12968,3689,-2065,14056,4743,-27,12500,2441,-818,12854,92,-723,12189,1117,289,13332,4690,606,14404,5930,-1256,13627,6340,-1090,14159,6097,360,13659,4894,-77,15459,2789,587,12784,3415,2367,14630,5702,824,15780,6550,-1323,14690,5532,36,13846,5001,134,14629,2772,-1314,14094,526,17,12608,1654,1579,13504,3381,-805,13996,4410,-3004,13681,3489,-533,11863,2241,552,13205,289,-824,12663,1873,-982,13347,5304,1231,13840,6505,82,14196,6058,-2245,13746,5187,-289,14174,5024,1650,14541,3484,850,14096,3271,1085,14271,5982,1313,15731,7080,-560,15103,4784,-1970,13360,2792,-346,14055,3189,966,14381,1885,-67,13029,1513,88,13066,3140,-645,13409,5271,-2580,14455,3742,-2057,11833,1200,696,11851,652,1520,13416,2593,-607,13566,5226,-982,14029,6168,61,13378,6684,-1003,14809,5161,-1203,14268,3769,1695
13580,3585,2888,14746,4007,217,15020,5982,-1080,14890,6917,186,14853,4486,-131,13395,3319,-1171,14793,1925,465,13070,2419,1470,13237,1922,-1130,13768,3163,-2727,13327,5123,-314,13139,3165,-497,12589,573,-763,12316,489,269,13164,3989,970,13842,5669,-936,14335,6247,-1557,13609,6347,144,13888,5409,-60,15235,3594,300,13560,3336,2071,13824,5525,1432,16042,6185,-1018,14633,5437,-730,14069,4814,325,14186,3601,-1137,14775,1134,-399,12480,1297,1387,12911,2885,8,14134,4013,-2952,13379,4039,-1534,12799,2681,731,12088,835,-406,13422,1215,-1113,12936,4454,1008,13734,6504,494,14393,6446,-2169,13879,5782,-831,14243,4988,1572,14128,3988,1159,14550,2897,727,13875,5202,1159,15711,6798,82,15323,5137,-1657,13481,2959,-1121,13892,3569,1001,14416,2371,438,13094,1338,-226,12688,2193,-584,13417,5191,-1950,14304,3986,-2111,12523,1392,91,11630,1024,1256,13512,2590,-309,13638,5218,-1066,13941,5739,48,13423,6273,-370,14461,5305,-1330,14687,3797,707,13673,4006,2904,14367,4080,686,15115,5789,-1095,14936,6827,109,14715,4720,-46
13542,3221,-1236,14623,2088,-135,13369,2283,1141,13097,2133,-437,14060,2769,-2419,13206,4745,-597,13227,3544,-366,12816,820,-905,12069,484,-424,13265,3338,1183,13479,5428,-299,14390,5998,-1636,13646,6293,-160,13783,5922,136,15253,4008,224,13703,2886,1804,13753,5257,1911,15925,6280,-820,15119,5468,-1239,13715,4002,473,14112,3679,-400,15089,1819,-781,12809,771,1303,12486,2923,59,14024,4465,-2712,14010,4578,-1908,12577,2192,917,11886,496,544,13349,1160,-1606,13062,4270,-27,13663,6481,1038,13927,6448,-1626,14230,5624,-1521,14348,4940,1423,14000,4157,1606,14687,2861,461,13895,4790,827,15307,6946,633,15354,5721,-1416,14113,2686,-1552,13215,3449,1192,15005,2426,535,12915,2265,-1181,13468,1532,-182,12637,4931,-1457,14219,3915,-1782,13137,1842,-975,11320,937,1262,13134,2244,676,13947,4817,-1529,13890,5657,-514,13741,6275,176,13796,5711,-1147,14963,4212,-205,13753,4046,2835,13810,4109,1848,15633,5317,-1094,14537,6432,-377,14922,5058,312,13546,3817,-1309,14729,2230,-588,13758,1798,1463,12528,2047,654,14052,2754,-2956
13324,4712,-1348,13241,4172,219,12346,1229,-538,12745,-31,-693,12685,2985,1022,13495,5661,-48,14616,6397,-2098,13522,6414,-604,14067,5726,904,14667,4310,642,14518,2542,917,13295,4841,1649,15521,6526,-423,15489,5820,-1522,13629,4086,361,13896,4220,21,15366,1721,-635,12489,999,554,13127,2467,143,13435,4181,-2185,14090,4495,-2534,12990,2491,617,11491,1130,694,13571,952,-1401,12865,3747,-306,13835,6287,1097,13873,6489,-1030,14470,5750,-1835,14075,5120,852,14219,4633,1839,14338,2940,794,14118,4331,677,15148,6560,853,15173,5981,-861,14530,3203,-2054,13109,3307,658,14842,2421,985,12727,1901,-724,13588,1318,-657,12842,5096,-1148,14068,4459,-1466,13407,2269,-1282,11417,566,792,13053,2067,1057,13575,4658,-1180,14183,5857,-1139,13587,6588,304,13785,5994,-782,15017,4369,-684,13914,3394,2553,13577,4096,2248,15404,5443,-826,14830,6149,-779,14827,5102,447,13427,3654,-796,14913,2306,-1089,13742,1826,793,12494,2453,1193,14299,2989,-2502,13183,4685,-1796,13867,3978,253,11721,1448,-515,13059,-93,-1204,12573,2661,593
13339,5833,850,14667,6077,-1537,13418,6287,-1250,14308,5816,635,14209,4683,630,14985,2634,793,13186,4024,1944,15143,6376,529,16037,5936,-1463,13616,4331,-542,14074,4343,189,14851,2266,-394,13020,1049,541,13037,1963,370,13218,4182,-1801,14360,4378,-2753,12825,2646,-92,11820,1203,1383,12993,758,-697,13117,3348,-805,13801,5879,869,13688,6494,-632,14471,5878,-2105,14241,4859,325,14215,4726,2409,14196,3262,1096,14480,4569,65,14972,6429,548,14967,6207,-367,14528,3244,-2105,13249,2687,211,14642,2526,1403,12777,2222,-862,13819,1387,-980,12827,4383,-1120,13685,4517,-915,13729,2101,-1217,11329,379,-5,13156,1942,1436,13156,5030,-939,14885,5721,-1492,13111,6580,361,13862,6142,-225,15019,4747,-841,13960,3227,1842,13550,4241,2549,15382,5156,-442,15001,5812,-1222,14821,4873,637,13394,4505,-529,15205,2608,-1452,13595,1206,936,12323,2394,1374,14233,2704,-2179,13368,4512,-2456,13558,3737,303,11745,1954,-132,13338,553,-1562,12645,2493,353,13248,5821,1384,14489,5840,-1224,13675,6028,-1759,14129,5458,534,14229,4857,980
15014,3050,442,13492,3913,1684,14618,6600,1004,16066,6026,-1382,13944,3848,-1122,13518,3843,238,15021,2253,61,13113,1511,-22,13097,1728,-142,13392,4455,-1130,13801,4789,-2274,13488,2078,-744,11376,1123,1258,12951,1187,-529,13433,3845,-1163,13486,5682,610,13956,6235,31,13862,5840,-1531,14772,4773,-366,14058,4728,2166,13771,3543,1584,15043,4521,-217,14681,5936,506,15023,6134,242,14508,3508,-2123,13418,2511,-650,14557,3043,1798,13155,2488,-50,13471,1711,-1354,13326,3511,-1189,12954,4877,-956,13857,2116,-1346,11459,620,-572,13128,1591,1748,12943,4899,104,14715,5669,-2089,13633,6539,-507,13578,6400,284,14929,4931,-484,14330,3074,1310,13399,3880,2808,14955,5315,1,15486,6177,-1908,14597,4963,163,13697,4804,37,14977,2729,-1182,13756,990,480,12305,2163,1391,13891,2867,-1974,13591,4294,-2658,13525,3308,180,11553,2205,348,13500,540,-1425,12773,2619,-380,13244,5741,1486,14334,5878,-685,13783,6131,-2010,14230,5236,347,14141,5252,1585,14904,3327,535,13660,3578,933,14691,6533,1269,15998,6047,-796,14253,4072,-1532
13681,4049,-171,14928,2629,363,13037,1455,183,13173,763,-72,12847,3910,-837,13853,4801,-2396,13776,2848,-1083,11587,1420,898,12907,1538,17,13328,3820,-589,13885,5248,-223,13720,6241,302,13775,5655,-1231,14762,4930,-877,14260,4509,2195,13621,4234,1804,15588,4693,-326,14418,5840,-33,15274,5580,689,13935,3657,-1547,13784,2473,-894,14399,2621,1242,12628,2917,27,13986,1553,-1389,12805,3413,-1517,13574,4529,-315,13324,2307,-1100,12136,630,-1166,13149,1904,1124,12788,5336,658,15089,5544,-1674,13070,6002,-466,14178,6157,649,14223,5425,-609,15038,3239,694,13117,3880,2260,14860,5223,750,15586,5672,-1444,14355,4672,-104,13927,4831,23,14831,3101,-944,13967,894,77,12392,1718,1234,13480,3035,-1416,14017,4269,-3092,13346,3637,40,11976,2465,768,13005,788,-1002,13079,2572,-781,13279,5605,1093,14046,5999,-257,13887,6137,-2256,14266,4718,99,13934,5125,2154,14611,3354,503,14084,3771,467,14698,6528,989,15374,6507,-297,14993,3776,-1742,12997,3507,-224,15305,2755,607,12765,2052,-227,13507,951,-622,12982,3945,-838
13483,4819,-931,14098,2298,-1519,11188,1019,236,13124,1618,117,13232,3982,-794,13986,5201,-336,13696,5931,825,13431,6061,-664,15090,5050,-1256,14262,3871,1532,13478,4398,2207,15601,4856,-73,14659,6116,-512,15215,5611,652,13741,3829,-697,14062,2777,-1530,14576,2099,427,12415,2341,1456,13792,1361,-1223,13149,3856,-2462,13874,4670,-160,12636,2775,-707,12433,338,-1148,12858,1604,331,12646,5355,1229,14727,5375,-820,13237,6171,-1683,14570,5893,197,14097,5601,338,15366,3474,375,13362,3435,2094,14491,5981,927,16051,6124,-1464,14205,4383,-555,13570,4337,-44,14834,2867,-460,13780,1173,-108,12600,1418,646,13249,3707,-1153,13820,4563,-2720,13595,3069,-682,11602,1926,1028,12794,770,-488,13232,2661,-1132,13366,5337,926,14168,6277,213,14092,6173,-2035,14467,5108,-479,14532,5197,2081,13942,3695,1093,14635,4141,337,14720,6125,787,15100,6172,273,14838,3451,-1706,12806,3020,-814,15090,2937,844,12722,2407,12,13706,1027,-521,12676,3678,-1174,13698,4721,-861,13599,2565,-1432,11818,817,-445,12743,1705,939,13321,4206,-119
14250,5665,-1154,13834,6178,78,13619,6434,-251,14634,5432,-942,14845,3665,1105,13148,4401,2669,15392,4737,218,14697,5937,-1158,15130,4694,155,13184,3850,-209,14394,3123,-1454,14694,1877,-185,12162,2604,1838,13837,2261,-1499,13540,3968,-2483,13809,3968,-140,11949,2432,-52,13214,267,-1052,12688,2303,-592,13175,5833,1534,14414,6093,-535,13610,6179,-1865,14140,5443,237,14059,5234,1069,15055,3206,462,13506,3065,1470,14326,6295,1353,15975,6118,-890,14559,3928,-1190,13218,3865,77,14958,2674,6,13599,1665,25,12895,1406,163,13291,4209,-1002,13790,4759,-1998,13638,2710,-1147,11729,1365,1092,12732,1321,-115,13430,3292,-1406,13668,5437,359,13686,6217,412,13817,5787,-1668,14534,4750,-538,14267,4221,2042,13428,3671,1840,14982,4403,-70,14798,6172,54,15094,6304,532,14608,3793,-1610,13590,3168,-1096,15100,1935,967,12044,2651,619,14491,1544,-1212,12733,4131,-1516,13901,4671,-182,12886,2388,-1573,12226,390,-770,12614,1486,1204,13001,4563,373,14644,5514,-1290,13394,6040,-576,13831,6404,35,14587,5320,-692,14969,2975,978
13080,3887,3092,15009,5452,591,15658,6397,-1843,14786,4845,-120,13355,4560,51,15056,2891,-1208,14097,1142,120,12336,1747,2163,13251,2927,-1762,14145,4504,-3404,13489,3783,-471,11816,2016,816,12747,32,-677,13075,1960,-505,13198,5699,1402,14068,6122,-408,14088,6372,-2687,14025,5375,-221,14405,5179,1959,14521,3259,758,13999,3499,1149,14588,6588,985,15647,6516,-772,14776,3756,-1747,13036,3417,-128,15013,2310,585,13128,1765,99,13443,1255,-788,12995,4213,-612,13709,4879,-1649,13702,2367,-1904,11563,797,907,12455,1302,118,13578,3531,-554,13759,5511,-210,13689,6528,273,13999,6419,-1541,14750,5096,-1314,14572,3605,1973,13068,3921,2676,15666,4777,258,14750,6407,-709,15167,5907,243,13958,3712,-1069,13908,3041,-1612,14883,1630,703,11911,2328,2103,14054,1764,-1527,13060,4372,-2287,13866,4558,-505,12432,2059,-1113,12597,116,-776,12667,1582,750,13132,5116,1302,14646,5858,-1324,13602,6411,-1684,14371,6161,70,14009,5303,35,15380,3081,849,13031,3524,2848,14757,5853,781,15924,6520,-1862,14547,4233,-1031,13070,4283,152
14930,2601,-602,13973,1288,349,12288,1550,1278,13486,3550,-1606,13837,4710,-2869,13724,3172,-1125,11542,1831,1167,13007,430,-614,13221,2702,-981,13350,5659,1427,13924,6527,-154,14150,6423,-2672,14207,5070,-221,14288,5047,2130,14242,3181,1156,14363,3582,654,14618,6426,906,15174,6663,-221,15026,3808,-2010,12801,2857,-421,15001,2179,1068,12855,2189,122,13890,1276,-516,12875,4305,-1006,13728,4875,-1135,13776,2648,-1988,11535,923,71,12681,1596,1259,13273,4012,-256,14131,5714,-897,13807,6373,-15,13688,6418,-817,14680,4842,-1005,14566,3143,1467,13082,3974,3224,15358,4688,145,14957,6299,-1240,15237,5207,253,13211,4198,-652,14836,3210,-1711,14535,1610,472,12130,2168,2474,13828,2369,-1834,13508,4378,-2748,13907,4315,-438,11826,2358,-415,13183,332,-1166,12640,1643,343,12972,5045,1858,14340,5782,-1111,13941,6579,-2367,14151,5993,456,14088,4998,1034,15008,2989,458,13527,3002,1973,14340,6439,1097,16177,6554,-1534,14538,4198,-1177,12998,4255,276,15052,2721,-92,13821,1426,271,12482,999,621,13177,3500,-999,13864,4800,-2844
13834,3314,-1356,11644,1930,1321,12563,969,-2,13602,2629,-1049,12931,5396,810,14258,6240,13,13828,6230,-2031,14520,5034,-509,14456,4763,2090,13722,3805,1692,15027,4083,24,14388,6139,376,15220,6229,318,14718,3462,-1761,12932,2852,-790,15033,2397,1162,12603,2666,-79,13969,1353,-849,13007,3726,-1104,13619,4957,-569,13616,2905,-1825,11920,682,-689,12636,1420,1464,13130,4076,152,14294,5635,-1347,13804,6259,-170,13723,6747,-58,14663,5439,-1066,14815,3166,934,13281,3759,3151,14694,4815,551,15603,5890,-1531,14756,5049,137,13424,4865,-332,14929,3274,-1719,14245,1402,99,12514,1959,2400,13465,2628,-1419,13949,3948,-2934,13431,3866,-375,11947,2810,56,13341,685,-1238,12567,1925,-290,13156,5111,1881,14104,5681,-453,13824,6354,-2494,14218,5770,-170,13901,5476,1288,15330,3327,515,13358,2820,1664,14388,5954,1574,15972,6599,-1031,14735,4371,-1872,13152,3869,-142,14709,3091,294,14149,1554,-268,12348,934,478,13353,3212,-878,13427,5027,-2039,14176,3473,-1713,11580,1809,706,12496,1669,123,13748,2504,-1157,13087,4966,397
14066,5908,783,13618,6357,-1508,14820,5478,-1318,14491,4645,1641,13490,3900,2111,15079,3975,133,14574,5563,140,15155,6515,823,14652,4039,-1604,13301,3377,-1572,15138,2218,601,12404,2595,864,13857,1160,-447,12807,3366,-1586,13863,5036,-241,12944,3378,-2008,12703,835,-1523,12330,1312,1151,13137,3782,1074,14160,5211,-722,13755,6131,-693,14114,6759,-274,14041,5874,-1079,15504,3528,192,13086,3456,2976,14515,4812,1603,15784,6026,-1288,14715,4977,-305,13292,5075,-467,14882,3341,-1881,14264,1189,-129,12382,1506,2141,13291,2838,-799,13979,4235,-2924,13588,3785,-810,11723,2705,163,13275,648,-1263,12811,1712,-517,13183,4791,1910,14056,6045,374,14258,6707,-2797,14119,5622,-774,14204,5504,1664,14646,3488,613,13928,2732,1234,14222,5879,1862,15683,6752,-332,15164,4551,-2143,12816,3661,-830,15112,2789,647,13476,1866,86,12875,646,185,13163,3143,-641,13229,5218,-1238,14484,3207,-2290,11304,1473,-47,12840,1361,585,13269,2912,-562,13682,4812,112,13887,6016,703,13504,6770,-1218,15040,5726,-1754,14412,4132,1465,13346,3689,2643
14910,3830,560,14940,5518,-376,15093,6064,486,14261,4241,-1088,13830,3540,-2022,14806,1869,123,12513,2105,2286,13605,1193,-653,13274,3237,-2191,13718,5167,-590,12797,3467,-1442,12794,843,-1314,12439,1094,451,13056,4040,1819,14157,5117,-248,13795,6415,-1657,14513,6742,-382,13749,5845,-151,15502,3441,168,13168,2848,2393,14263,5038,1856,15923,5977,-940,14682,5004,-913,13527,5325,-424,14900,3653,-1290,14363,1065,185,12243,991,1649,13200,2631,-406,13774,4347,-2928,13678,4026,-1452,12284,2850,430,12380,1129,-703,13418,1666,-619,12973,4534,1577,13803,5751,586,14223,6195,-2440,14307,5678,-1046,14574,5623,1555,14354,3631,1077,14219,3220,848,14345,5623,1533,15252,6911,278,15243,4716,-2280,13159,2828,-1555,14415,3153,1475,13778,2211,-504,13091,1375,-453,13247,2532,179,12675,5177,-650,14481,2916,-2633,11789,1507,-1366,12662,1141,1208,12933,3317,216,14165,4692,-345,13522,5805,423,13643,7093,-335,14758,6056,-2137,14572,4061,231,13502,3943,3226,14603,4006,1261,15217,5632,-737,14964,5776,270,14099,4535,-780,14150,3931,-1996
12403,3612,-458,12945,765,-1082,12806,861,30,12959,4017,2217,13825,5694,165,14316,6842,-2836,14060,6236,-1223,14219,5809,1051,14602,3524,752,14018,2169,1870,13648,5322,2249,15857,6345,-702,15089,5149,-2237,13130,4629,-1161,15403,3004,164,13395,1291,888,13021,509,462,13351,3366,-356,13425,5312,-2135,14398,3737,-2449,11745,1966,101,12542,850,674,13058,1800,-254,13245,4174,334,13803,6196,320,13739,7208,-1740,14905,5809,-1892,14294,4520,1280,13736,3321,2874,14652,3102,835,14517,5433,14,15415,7070,228,14630,5216,-1863,13933,3266,-1991,14449,2519,1311,13287,2276,1194,13195,1299,-473,13452,2803,-1721,13198,5655,-654,13651,3501,-1703,12494,653,-1635,12102,260,1193,12985,3565,1636,14088,5214,-808,13756,6314,-1492,14089,7104,-115,14016,6010,-1133,15287,3669,128,13505,2768,3310,13842,4593,2197,16071,6282,-1219,14929,5914,-1204,13700,5524,-652,14742,3731,-1329,14330,802,28,12491,728,2399,13102,2564,465,13992,3902,-3240,13658,4253,-2300,12457,3593,74,12721,955,-661,13020,1109,-12,12824,3828,1823,13841,6207,136
14141,6896,-2931,14209,6053,-1718,14109,5371,1508,14152,3499,1619,14691,2542,1412,13616,5508,1652,16127,6875,-406,15047,5522,-2317,13347,4433,-1415,15137,2698,763,13050,1121,1477,13170,415,-27,13119,3182,-803,13423,5647,-2098,14200,4150,-2606,12340,1737,-158,12224,849,1381,13049,2044,397,13664,4293,-309,13638,5961,-302,13915,6944,-1250,14613,5839,-1590,14405,4153,1098,13800,3465,3213,14067,3763,960,15460,5669,-679,14823,6854,-100,14585,4981,-784,13845,3375,-1444,14199,2336,468,13761,2111,1907,12754,1293,208,13675,2326,-2556,13274,5618,-1552,13657,4448,-1184,12894,1213,-870,11766,91,713,13229,2759,1982,13473,5403,-435,14533,6400,-2493,14007,7221,-652,13891,6243,-120,15100,3834,621,14055,2400,2760,13472,4550,1908,15848,6093,-1306,14778,5718,-1434,13903,5209,-198,14125,3894,-568,14821,631,201,12374,458,1275,13081,2928,176,14227,4530,-2880,13527,4707,-2205,12970,2932,339,11921,1277,194,13677,560,-689,12396,3415,766,13829,6260,729,14335,7035,-2458,14269,6538,-1545,14376,5016,1577,13694,3591,1655,14661,2368,1090
13719,4695,1093,15389,6827,200,15221,5067,-1510,13490,3749,-1750,14670,3696,384,14012,2097,1089,12733,859,300,13363,2179,-579,13010,5404,-1289,14471,4060,-2711,12476,1757,-537,12175,883,963,13131,2183,495,13579,4556,-218,14080,5952,-585,13630,7058,-926,14370,5671,-1519,14269,3986,533,14082,3277,3159,13620,3685,1820,15747,5603,-868,14559,6654,-698,15057,5153,-435,13389,3648,-1601,14682,2182,-210,13824,2119,1843,12315,1679,615,14327,2238,-2821,12909,5167,-1690,14144,4185,-642,12074,1586,-595,12750,129,-193,12978,2922,1456,13339,5562,304,14755,5994,-2415,13292,6726,-945,14137,6077,256,14563,4494,577,14517,2264,1876,12960,4288,2260,15877,6158,-455,15251,5933,-1984,13913,4399,-314,14006,4029,127,15098,1532,-161,13034,690,1050,12739,2568,476,13829,4319,-2560,14002,4694,-2767,12966,2759,483,11516,1536,925,13701,686,-969,12405,3478,-154,13922,6235,960,13753,6561,-1613,14424,5870,-1978,14136,4684,1137,13874,4395,1978,14894,2980,643,13708,4506,632,15382,6778,683,15024,5850,-993,14351,3127,-1992,13347,3516,599
14966,2317,528,12467,2142,-368,14024,1582,-549,12515,5078,-1025,14046,3930,-1930,13230,1824,-1503,11558,1062,1050,13305,2095,862,13265,4564,-515,14177,5654,-870,13843,6680,-349,13621,5832,-1299,15020,4428,-305,13925,3534,2766,13789,4307,2303,15832,5487,-830,14449,6393,-929,15403,5059,97,12982,3917,-1065,14891,2363,-709,13924,1914,1452,12124,2104,1315,14204,2168,-2780,12966,4906,-2338,13958,4210,-12,12032,1874,-322,12972,155,-510,12871,2697,1029,13188,5693,740,14770,6169,-2370,13646,6470,-1505,14163,5889,1083,14213,4654,996,14966,2706,842,13160,4413,1834,15258,6344,1,15569,5892,-1662,13725,3776,-421,13776,4006,396,14996,2235,39,13198,1019,307,12815,2078,138,13265,4046,-1664,14297,4512,-2783,13182,2963,-270,11855,1737,1130,13255,1074,-706,12933,3344,-588,13801,5685,1165,13690,6611,-895,14592,5986,-2214,14074,5000,782,14355,4577,2169,14134,3264,1086,14474,4287,270,14723,6453,625,15008,5773,-424,14573,3211,-2140,13010,3165,115,15254,2739,1224,12729,2232,-105,13878,1080,-706,12579,4644,-1329,14034,4610,-1396
13385,2467,-1507,11838,802,548,12859,1713,1317,13317,4121,-403,14366,5716,-1460,13711,6647,-418,13743,6227,-689,14653,4710,-367,14476,3195,2213,13019,4043,2828,15499,4604,-646,14521,6287,-1533,15288,5158,113,13280,3712,-466,14397,2858,-828,14719,1849,715,11979,2820,1290,14249,2216,-2224,13088,4443,-2545,13975,4203,177,11945,2336,-178,13284,150,-834,12786,1657,161,12715,5497,1231,14966,5822,-1396,13431,6476,-1917,14367,5860,742,14024,5196,985,15201,3123,672,13204,3281,1871,14440,6182,986,16114,6111,-1649,14237,4014,-1273,13455,4028,414,14997,2800,-102,13738,1379,182,12722,1482,604,13042,3989,-1240,14274,4485,-2904,13508,2926,-762,11742,1755,1383,12888,1010,-100,13337,2903,-1055,13390,5574,521,13964,6491,-110,13873,6212,-2224,14297,4803,-372,14334,5007,2305,13808,3357,1666,14523,3847,205,14661,5853,424,15219,6266,-112,14915,3734,-1876,12949,3355,-490,15389,2612,1424,12543,2725,-125,14119,1270,-785,12453,3584,-1392,13561,4671,-868,13556,2831,-1645,12067,1093,-491,12785,1547,1727,12920,4019,213,14547,5391,-1568
13542,6133,-450,13789,6395,-259,14422,5322,-941,14939,3399,1178,13180,4003,3108,15073,4617,495,15082,5972,-1647,15186,5117,-101,13395,4555,-139,14588,3574,-1269,14627,1917,-37,12356,2152,2124,13357,1874,-1055,13466,3458,-3209,13668,4258,-703,12285,3305,177,13130,999,-1021,12858,1305,-24,12722,4539,1670,14363,5465,-710,14118,6440,-2572,14246,6045,176,13939,5784,1442,15335,3548,373,13460,3048,1104,14442,5796,1519,15492,6090,-1124,14907,4220,-1075,12834,4156,-8,14851,3440,90,14170,1488,0,12202,892,234,13514,3056,-634,13357,4479,-2048,14336,3252,-1523,11697,2400,505,12873,1644,-283,13602,2651,-1059,13058,4888,559,14149,5997,881,13690,6427,-1803,14621,5660,-1129,14455,5171,1578,13588,3742,1708,14412,3456,284,14567,5183,645,14742,6308,649,14935,4127,-1569,13215,3147,-1719,14992,2975,1055,13310,2664,224,13498,1233,-307,13146,2354,-1030,13155,5049,-671,13861,3807,-1802,12518,2110,-1758,12603,1316,1403,12681,3548,1156,14403,4878,-1030,13644,5835,-846,14018,6537,-54,13797,5799,-1207,15322,3978,131,13336,3412,3004
13994,3924,1842,15490,5493,-1483,14812,5603,-546,14241,4412,-286,13615,3458,-940,15155,2105,-679,13026,2826,1385,13005,2292,535,13692,3336,-3262,13404,4548,-1063,13315,3889,231,12025,1243,-852,13485,287,-489,12201,3946,1221,14216,5381,321,14334,6383,-2209,13854,6335,-722,14387,5984,1228,14434,4251,755,14283,2077,1059,13444,4520,2000,15408,6104,-255,15651,5377,-1885,13129,4122,-453,14338,4332,133,14885,2294,-339,12610,943,706,13174,2036,-197,13208,4212,-1799,14536,3713,-2019,12030,2545,-6,12389,1745,496,13528,1884,-717,12821,4254,-62,14286,5570,1023,13177,6572,-1182,14779,5586,-1922,14156,4969,1053,13962,4144,1998,14301,3369,962,14771,4799,490,14868,6450,718,15167,4990,-1113,13678,3544,-2265,14642,2853,387,13661,2357,758,12748,1465,-109,13814,1848,-1386,12601,5033,-134,13997,3896,-1038,12517,1869,-2276,12529,597,520,12620,3213,1162,13992,4697,-442,14065,5599,-705,13674,6430,191,13741,6251,-1048,15647,4635,-710,13647,3269,2308,13573,4147,2721,15808,5286,-535,14819,5665,-1057,14512,4550,-69,13398,3773,-1079
15334,2566,-1251,13237,2036,1632,12568,2098,1608,13636,2660,-3008,13589,4191,-2278,13461,4031,205,11799,1610,-435,13626,440,-809,12185,3667,1295,14006,5576,1191,14118,5993,-2003,13825,5972,-1940,14304,5828,906,14441,5088,941,14953,2802,795,13256,4066,2225,15109,6239,645,15821,5453,-1765,13695,3586,-1335,13658,4051,491,15239,2108,-193,12592,1597,71,13517,1675,-64,12987,4772,-1413,14093,4255,-2060,12940,2471,-641,11621,1620,846,13407,1186,-459,12972,3875,-544,14021,5334,829,13652,6564,-485,14331,6257,-2098,14690,5148,-50,14280,4675,2494,13771,3128,1316,14911,4072,236,14574,6141,638,15016,5666,-552,14340,3774,-2496,13892,3081,-172,14441,2334,1339,12285,2310,-124,14429,1301,-1128,12251,4669,-917,13947,4145,-415,12885,2211,-2343,12314,397,-102,12652,2527,1849,13498,4656,-152,14435,5363,-1409,13415,6584,33,13804,6561,-638,15257,5338,-1048,14266,3184,1642,13105,3528,3442,15272,5050,-18,15295,5788,-1449,14422,4718,-272,13182,4629,-819,15493,2860,-1591,13446,1735,918,12419,1799,2274,13496,2269,-2238,13662,4113,-2754
13672,3998,-177,11536,2663,-265,13889,636,-1194,12200,3111,790,13713,5381,1724,14208,5871,-1241,13695,6192,-2491,14400,5504,413,13986,5426,1384,15187,3021,504,13355,3459,1810,14786,6266,1256,15892,5830,-1429,13902,3697,-1720,13574,3885,-81,15009,2591,235,13024,1671,114,13020,1229,-22,12984,4400,-992,13877,4462,-1890,13404,2833,-1285,11688,1892,530,13253,1667,-171,13235,3390,-589,13886,4895,630,13658,6163,165,14003,5992,-1821,14842,5258,-648,14249,4620,1979,13664,3745,1777,15081,4176,-34,14504,5709,485,14975,5861,322,14354,3703,-2193,13415,3270,-926,15006,2512,1099,12180,2628,213,14451,1248,-1048,12631,4047,-1212,13818,4479,-207,12983,2506,-2078,12500,478,-1005,12765,2034,1680,13019,4644,587,14793,5174,-1376,13101,6371,-411,14183,6483,-12,14549,5780,-1114,15048,3156,756,13055,3532,3351,14838,4895,867,15798,6136,-1595,14654,4747,-294,13308,4252,-363,14885,3225,-1124,14441,1697,-162,12041,1846,2099,13627,2446,-1450,13496,4502,-2754,13936,3829,-398,11329,2686,92,13472,340,-1180,12570,2281,-465,13503,5053,2001
14100,5852,-153,13912,6523,-2574,14521,5517,-304,13957,5709,1508,15169,3015,738,13481,2698,1359,14361,6031,1625,15719,6514,-719,14864,4412,-2212,12957,3892,-347,14986,2337,399,12783,1731,-168,13998,813,258,12502,4115,-236,13749,4328,-1242,13682,2830,-2727,11986,1795,-60,12835,1603,467,13154,2840,-106,13694,4569,570,13698,6415,641,13750,6671,-1917,15019,5537,-1824,14441,4368,1571,13526,3726,2797,14977,4015,985,14991,5507,-3,14680,6342,292,14696,3929,-2014,13478,3670,-1612,15354,1477,1154,11819,2318,1534,14275,1220,-704,12835,4132,-1958,13909,5029,-509,12800,3026,-2346,12679,592,-819,12435,1414,1716,13103,3997,1573,14406,5055,-1025,13457,6203,-1592,14360,7018,-399,14177,6333,-861,15594,3417,664,12932,2772,3619,14330,4373,1779,16015,6036,-1772,14703,5142,-1304,13316,4789,-320,14667,3584,-1092,14520,1599,-24,12125,1312,2345,13640,2650,-1043,13403,4335,-2715,13938,3741,-1622,11581,2967,260,13243,348,-344,13056,1404,-393,12746,4323,1906,14393,6086,181,13853,7069,-3107,14469,6116,-1401,14289,5978,1952,14376,3255,1444
13998,2009,1595,13925,5441,1520,15647,6985,-886,15345,4903,-2362,12955,3991,-868,15339,2554,842,13062,1672,595,13366,550,30,13055,3673,-1209,13448,5209,-763,13981,3338,-2604,11697,1256,-239,12561,1231,978,13210,2568,-111,13868,4680,-49,13656,6378,338,14046,7131,-1437,14531,6173,-1733,14846,3963,1095,13334,3333,3284,14432,3332,1334,15138,5522,-520,15031,6518,-273,14419,4670,-1423,13745,3982,-1628,15139,1701,209,11837,2288,1923,14254,842,-186,12495,3860,-2455,14380,4806,-467,12339,3705,-1715,12716,469,-1447,12760,673,493,12619,3927,1898,14511,5159,-84,13670,6516,-1785,14308,7102,-679,14157,6577,-692,15247,3794,25,13496,2066,3054,13516,4253,2553,15990,6203,-967,15233,5642,-2028,13327,5004,-652,14555,3704,-741,14986,1554,-393,11964,829,2065,13633,2965,-75,13373,4416,-2309,13981,3714,-2360,11904,2672,-113,12403,611,-204,13598,1249,-746,12315,4080,1846,14429,6159,1110,13646,7051,-2896,14734,6078,-2331,14339,5467,1501,14198,3595,1964,14484,2027,1537,13609,5112,1735,15684,7064,-224,15334,5502,-2751,13260,3821,-1833
14764,2723,893,13198,2069,818,13600,746,336,12922,2981,-804,13330,4820,-549,13698,3192,-3008,12315,1270,-1230,12590,1385,1270,12991,2752,642,14117,4436,61,13365,6212,53,14176,7265,-1353,14354,6508,-2261,14746,4006,548,13760,3243,3648,13488,3612,2379,16063,5578,-821,14732,6716,-660,14588,4901,-1235,13837,3898,-1581,14824,1541,-247,12741,1849,2709,13275,1253,509,13403,3573,-3221,14114,4683,-1006,12478,4109,-1367,12919,697,-690,12430,500,109,12899,3674,1989,13970,5467,387,13951,6343,-2538,14102,6567,-1195,13950,6348,265,15106,3822,507,13995,2084,2421,13223,4311,2580,15849,6580,-971,15730,5862,-2295,13213,4524,-445,14618,3615,192,14757,1346,-31,12492,656,1425,13285,3103,-278,13448,4627,-2328,14077,4364,-2599,12278,2565,48,11984,936,870,13546,898,-678,12514,3682,700,14092,6296,1279,13900,6774,-2300,14354,6399,-2483,14716,5153,1283,13788,3885,2420,14601,2361,1579,13906,4672,955,15497,7261,98,15282,5695,-1942,13561,3436,-1837,14435,2752,560,13657,1992,1402,13101,1205,478,13180,2664,-1613,13599,5190,-1023
13378,4023,-2236,13020,1275,-1147,11881,834,1372,13124,2229,1283,13769,4486,-455,13772,6092,-992,14289,7090,-961,13666,6478,-1757,15421,4135,180,13609,3062,3625,13270,3554,2765,15840,5662,-1079,15026,6234,-1499,14146,5163,-353,13932,4429,-1451,15056,1888,-622,13009,1128,3027,12611,1918,677,14220,3191,-3392,13557,4875,-2149,12961,4061,-384,12453,1006,-407,12996,122,-157,12622,2829,1883,13594,5871,597,14655,6779,-2910,13670,6914,-1882,14287,6190,1104,14487,3809,1086,14408,1693,2016,13165,4059,2348,15510,6820,-773,15860,6073,-2532,13157,4814,-743,14742,3883,338,14287,1215,742,12801,228,1006,12964,2678,-480,13903,4720,-2130,13703,4751,-2854,13018,2528,-203,11836,1339,1040,13237,805,-157,12983,3409,30,13596,6269,690,14228,6655,-1635,13784,6315,-2195,14851,4576,489,13884,4011,2614,14028,2495,1596,14401,4738,478,15573,7313,90,14960,5702,-1223,13990,3616,-1952,14140,2990,-62,14049,2104,1600,12814,1416,685,13387,2356,-1704,13699,5140,-1153,12957,4586,-1658,13447,1400,-1705,11689,588,302,13035,1664,1678,13238,4353,400
7,6027,-1293,13903,7124,-859,13762,6689,-1440,15134,4245,-362,14101,2531,2947,13097,3878,2836,15833,5797,-496,15207,6612,-1537,13844,5690,-414,14397,4769,-1650,14907,1804,-620,13014,164,2674,12284,2323,1253,14650,3187,-2878,13208,4862,-2829,13241,3782,-284,12123,1412,-573,13205,118,-332,12453,2158,1836,13228,5760,1037,14821,6604,-2720,13490,6732,-2337,14443,6023,625,14276,4409,1293,14740,2072,1843,13314,3984,2469,15387,6934,-83,15969,5921,-2369,13237,4532,-1603,14606,4155,14,14462,1540,1122,12708,345,974,12963,1781,-264,13664,4958,-1854,13704,4639,-3038,13357,2566,-993,11766,1561,1123,13141,653,399,12993,3362,124,13821,5657,299,14067,7077,-1251,13749,6567,-2143,14985,4682,-102,13741,4119,2876,13999,2342,1978,14508,4730,178,15420,7059,-263,14932,5989,-794,13804,3973,-1808,14425,2740,-414,13924,1776,1931,12615,1140,1182,13679,1898,-2216,13453,5004,-1547,13475,5312,-1388,13181,2084,-1548,12187,319,85,12732,1403,1914,13010,4351,849,14654,5905,-2006,13687,7138,-970,13817,6639,-638,14829,4668,-565,14509,2369,2233
12915,3990,-1377,12816,2304,234,12469,739,148,13204,1193,-7,12801,4766,1433,14193,6674,-934,14305,6832,-2814,13918,5550,-105,14459,4856,1727,14049,2893,1606,14116,3161,1141,14643,6278,585,15627,6544,-714,14275,4816,-1804,13987,3969,-1191,14588,3378,1355,13412,862,1277,12617,948,-442,13656,3282,-1112,13142,5282,-2200,13945,3269,-2256,12354,1365,160,12238,1267,1532,13492,2632,583,13509,5106,-608,14231,6481,-971,13636,7308,-1488,14783,5658,-1014,14483,3278,1874,12970,3308,3422,14980,4357,663,15127,6340,-1641,14819,5918,-166,13537,5079,-646,14731,3848,-2009,14533,1243,1350,12303,1357,2473,13280,1826,-1401,14144,3567,-2699,12997,5100,-1094,13287,3326,-346,12892,1265,-1275,12575,715,784,12962,4128,2200,13890,6150,-1615,14783,6637,-2681,13349,6870,172,14273,5240,509,14797,3062,750,13400,2509,2540,13876,5501,1701,16425,6054,-1855,13961,5451,-1568,14380,4992,-311,14247,3656,20,14436,480,713,12072,1008,1108,13436,2941,17,13948,4506,-3487,13311,4359,-2303,13216,2853,296,12049,1518,436,13772,1376,-38,12697,4274,1209
14013,6409,-442,14317,6646,-2721,14069,5825,-1063,14384,4719,2128,13670,3015,2223,14322,2796,850,14311,5376,539,15288,6889,-699,14877,4813,-1628,13618,3589,-1103,14548,3777,1014,14052,1722,1438,12756,713,-270,13469,2450,-1556,13362,5627,-1627,13977,3921,-2044,12640,1812,-253,12220,1233,1261,13270,2571,612,13318,4801,-774,14153,5972,-773,13402,6975,-1070,14586,5490,-1131,14667,3690,1323,13396,3184,2915,14262,4148,1159,15608,6259,-1491,14807,6086,-520,14195,4650,534,14110,3956,-1628,14932,1680,-241,12915,1503,2293,12483,1988,-651,14623,3158,-2820,13012,5245,-983,13449,3574,-304,12380,1392,-817,13019,191,-540,12632,3425,1729,13603,5420,-90,14687,6054,-2470,13417,6515,-329,14157,5826,762,14776,3901,412,14066,2143,1577,13308,5017,2117,16122,6341,-891,14658,5588,-1607,14126,4719,-203,14108,4302,-464,15019,1064,366,12307,868,832,13194,2455,194,13867,4237,-2695,13562,4378,-2281,13152,2288,406,11799,1315,510,13711,860,-794,12589,3784,227,13920,6387,621,14018,6568,-1792,14215,6003,-1461,14483,4858,1064,13811,3775,1980
14607,2882,902,14126,5083,601,15662,7146,288,14932,5344,-1331,13873,3075,-1830,14174,3555,425,14376,2508,1081,12940,825,141,13084,1760,-1191,13141,5114,-1312,14019,4214,-1999,12907,2016,-1017,11786,668,745,13244,2365,1057,13204,4692,-372,14626,5919,-1085,13461,7031,-563,14118,5722,-1342,15061,4172,131,13576,3175,2786,13954,3939,2149,15614,5563,-843,14852,5725,-814,14397,5226,259,13895,4666,-1897,15000,2272,-883,13403,990,2424,11899,2098,716,14745,2629,-2519,12913,4696,-2055,13376,4020,-235,12508,2166,-1139,13140,703,-892,12627,2710,2058,13086,5244,898,14814,6160,-2480,13693,6432,-1250,13986,6083,790,14402,4174,477,14674,2164,1073,13068,4348,2401,15836,6376,73,15335,5791,-1937,13625,4820,-872,14309,4661,-164,14707,1745,384,12807,469,576,12878,1937,426,13430,4327,-1722,14111,4481,-3142,12911,2976,-339,12362,1793,807,13091,1082,-473,12889,2991,261,13819,5706,1059,13781,6520,-1487,14454,6419,-2360,14477,5087,795,13768,4261,2427,14422,2972,1094,14260,4683,282,15159,6808,176,14981,5737,-817,13942,3158,-1850
13436,5234,-1068,14012,2696,-1716,11546,945,-163,13311,1437,1428,12764,4381,432,14608,5482,-1360,13474,6325,-459,13782,6574,-700,14918,5025,-515,14518,3047,1468,13176,3934,2722,15346,5130,325,15032,5947,-1545,14641,4943,330,13708,4776,-625,14742,3089,-1807,14206,847,807,11970,2417,1720,14124,2387,-1416,13335,4144,-2626,13540,3873,-332,12245,2681,-304,13240,795,-1341,12740,1743,303,12848,5316,1841,14505,6087,-1201,14095,6682,-2447,14078,5954,371,14043,4951,1111,14814,2773,579,13350,3126,1712,14544,6076,1495,15796,5866,-1347,14019,4578,-1599,14009,4522,-671,14833,2579,486,13314,956,620,12786,1325,191,13371,3915,-558,13548,4925,-2847,14045,3002,-1633,11912,1759,835,12771,1259,355,13416,2905,-424,13482,5419,170,14033,6306,-252,13615,6389,-1784,14662,4968,-659,14246,3882,2198,13379,3126,2168,14817,4178,132,14936,6261,-95,15004,6593,126,14555,3884,-1605,13400,3221,-1248,14875,2627,1154,12908,2166,1309,13613,1258,-1168,13058,3452,-1894,13450,5561,-821,13698,3011,-1593,12079,685,-527,12805,1007,1170,12694,4189,1236
14728,5755,-1534,13470,6411,-1330,13957,6859,-488,14286,5437,-491,14927,2781,1357,13070,3337,3036,14793,4921,782,15467,6211,-1948,14422,5664,-499,14454,5334,-715,14391,3194,-771,14308,-18,906,11808,1890,1656,14121,2814,-1037,13537,4125,-3316,13088,4002,-857,12635,2942,-44,12758,1065,-586,13057,1295,240,12838,4812,1578,14093,6503,-1025,14533,6589,-2729,13838,5737,56,14178,4796,1539,14530,2711,800,13616,3155,1439,14806,5927,1302,15330,6135,-843,14463,5038,-1684,14101,4511,-1051,14446,3224,778,13623,627,821,12397,940,-44,13755,3236,-246,13037,4874,-2194,14009,3469,-2496,12520,2036,-92,12477,1735,857,13430,2684,261,13633,4720,-80,13840,6031,-11,13671,6503,-1528,14687,5510,-1374,14402,3948,1711,13195,3592,2797,15026,4097,682,14819,5915,-545,14845,6432,-9,14572,4230,-1273,13703,3312,-1686,14495,2553,814,13159,2190,1810,13381,1040,-497,13243,2752,-2299,13572,5403,-823,13618,3965,-1286,12609,1420,-1173,12639,784,975,12651,3744,1658,14311,5175,-1001,13901,6188,-1557,13689,6985,-391,14137,5871,-423,15038,3492,705
13423,2901,2643,14039,4716,1571,15940,5830,-1660,14534,5273,-1016,13896,4724,335,14218,3723,-907,14862,1034,217,12486,1253,1734,13112,3335,-448,14283,4061,-3303,13413,4236,-1554,12804,3122,790,12357,1082,-620,13397,1204,-474,12696,4129,1211,13785,6528,-69,14526,6502,-2602,13755,5539,-487,14112,4915,1917,14218,3369,947,14100,2867,808,13969,5519,1549,15672,6832,-55,14931,5013,-1683,13765,3826,-1230,14551,3707,265,14206,1557,884,12609,1118,-193,13450,2959,-277,13245,4952,-1367,13968,3476,-2400,12411,1331,-224,12219,1320,750,13178,2492,72,13517,4788,-123,13901,6246,-72,13696,6647,-1359,14481,5610,-1417,14386,3851,1218,13630,3292,2904,14319,4188,1074,15886,6014,-866,14597,6507,-5,14651,4623,-458,13884,3949,-1970,14646,2357,156,13283,1921,2532,12571,1459,-404,14079,2757,-2468,12987,5188,-1018,13465,3457,-803,12518,1171,-1095,12513,495,24,12966,3602,2036,13604,5734,-492,14685,6220,-2302,13684,6774,-412,14005,5687,294,15116,3562,532,13742,2630,2280,13692,4976,1948,16027,6046,-1200,14326,6063,-1532,14720,5048,-435
13541,3959,-72,15015,617,309,12312,986,1030,13177,2543,220,13851,3696,-3035,13392,4142,-2086,13116,3032,243,12198,1860,185,13604,1200,-536,12736,3803,761,13940,6438,229,14345,6471,-2346,14072,5941,-1044,14233,4961,1570,13735,3823,1395,14553,3066,787,13997,4953,1014,15113,6561,122,15009,4697,-1345,13599,3845,-1552,14669,3724,399,14121,1688,1217,12742,619,-148,13487,2398,-861,13263,5460,-1194,14263,4315,-2218,12608,2043,-584,12398,1178,640,12788,2537,452,13870,4225,-586,13715,6017,-359,13643,6704,-717,14147,5984,-1387,14733,4209,744,13525,3263,2657,13794,3293,1429,15456,5256,-969,14668,6267,-176,14845,5263,-108,13619,3785,-1404,14637,2684,-488,13833,2611,1560,12707,1574,390,13826,2174,-2431,13219,4682,-1248,13835,4523,-330,12451,1931,-1115,12792,191,-597,12598,2921,1621,13461,5203,233,14721,6045,-1910,13385,6522,-612,14050,6030,111,14768,4355,101,14306,2197,1460,13056,4121,2556,15699,5769,-109,15199,6099,-1605,14245,5073,-373,13953,4740,-520,15048,1757,-347,13025,428,969,12575,2284,1038,13728,3703,-2025
13777,4540,-2768,12916,3316,-203,12308,1850,69,13018,950,-521,12895,2606,381,13559,6019,997,14265,6505,-1598,14403,6111,-1924,13833,5035,1131,14201,4312,1691,14573,2851,1001,13895,4363,1074,15359,6908,638,15198,5824,-1232,13841,4181,-2015,14374,3907,-62,14235,2328,1127,12875,616,647,13211,1268,-720,13072,4556,-833,14048,4473,-2452,13050,2290,-1354,12234,1296,602,12851,2145,719,13493,4002,22,13966,5461,-474,13682,6610,-478,14007,6492,-1453,15096,4667,-246,13767,3575,2438,13668,3785,2282,15561,5071,-478,14596,6124,-733,15068,5057,408,13206,4227,-1217,14927,2678,-1288,13866,1747,1563,12032,1640,1339,14229,1775,-2220,13142,4664,-1734,13784,4677,-475,12392,2436,-782,12968,804,-949,13029,2224,1151,12852,5063,1410,14874,5681,-1974,13402,6524,-1411,14344,6426,388,14250,4724,370,14838,2408,1064,12894,3577,2329,15298,5741,471,15507,5898,-1572,13885,4652,-383,14023,4852,-218,14809,2607,-566,13727,534,465,12188,2006,940,13964,3358,-1146,13656,4467,-2859,13458,3256,-706,12041,2239,530,13113,1089,-669,13109,2746,-216
13261,5521,1454,14125,6237,-967,14077,6388,-2213,14409,5027,469,13779,4616,1901,14411,2857,914,13991,3906,557,15032,6571,746,15142,6099,-351,14340,3916,-1904,13650,3739,-720,14916,2824,942,12898,1186,543,13316,791,-663,13160,4255,-758,13757,4931,-1524,13610,2735,-1883,11685,1274,-81,13319,1941,718,12907,4018,290,14225,5177,-473,13536,6486,-209,13898,6655,-1435,14811,4901,-611,14013,3329,2021,13516,3819,2610,15376,4942,-24,14945,6183,-1237,14954,5179,141,13448,4215,-688,14588,3143,-1672,14351,1778,861,12292,2080,1808,13688,1805,-1631,13423,3844,-2373,13594,4682,-591,12531,2924,-544,12950,1064,-1388,13004,2010,775,12569,5001,1823,14625,5666,-1382,13536,6457,-2014,14274,5969,277,13809,5089,507,15285,2772,624,13137,3334,2123,14923,5761,1239,15654,5955,-1563,13997,4802,-1147,14123,4792,-437,14204,3054,7,14226,589,329,11956,1488,724,13741,3361,-741,13651,4654,-2942,13693,3622,-1411,12209,2423,879,12676,1243,-248,13560,2184,-469,12883,5038,1130,14229,6515,-478,14161,6658,-2643,14313,5233,-165,14122,4510,2392
13849,3076,1460,14424,3747,162,14812,6128,421,14914,6584,-212,15038,3722,-1631,12974,3431,-885,15056,3145,929,13130,2017,651,13216,920,-733,13000,3624,-1140,13604,4997,-1027,13845,2654,-1905,11671,912,-486,13123,1462,926,12953,3867,415,14215,5543,-955,13956,6413,-203,13704,6772,-802,14760,4892,-656,14313,3021,1240,13415,3278,2936,14683,4584,580,15265,6286,-1361,14964,5666,160,13680,5099,-513,14430,3489,-1813,14532,1172,389,12311,1703,2429,13477,1995,-1119,13869,3712,-2472,13299,4436,-781,12786,3096,-202,12775,1181,-1348,13208,1157,65,12497,4709,2118,14379,6045,-743,14270,6726,-2530,14042,6150,11,13598,4906,975,15148,2806,459,13358,2836,1834,14551,6025,1974,15850,6403,-1098,14597,5117,-1559,13985,4439,-677,14397,2946,194,14157,418,692,12219,1141,606,13579,3376,-116,13677,4937,-2724,14026,3833,-2182,12112,2164,457,12477,1261,224,13497,2045,-365,12892,4792,800,13984,6539,165,13906,6461,-2343,14425,5237,-886,14206,4380,1832,13899,3193,2113,14458,3555,581,14989,5697,196,14802,6863,249,15083,4059,-1676
13134,3505,-1586,14919,3140,740,13228,2074,1471,13134,912,-298,13283,3098,-1653,13556,5678,-1164,13919,3523,-1897,12096,1170,-818,12596,700,1026,12802,3200,1327,13956,5249,-816,14084,6213,-1147,13725,7090,-809,14166,5359,-864,14936,3402,889,13432,2999,3158,14191,4320,1436,15724,6398,-1433,14975,6082,-680,13903,5144,-133,14147,3893,-1558,14970,1294,-50,12626,1438,2402,12771,2383,-325,14248,3340,-2894,12984,4856,-1625,13225,3192,142,12196,1052,-669,13269,460,-360,12638,3900,2043,13784,6268,-103,14889,6937,-3102,13611,6544,-749,14233,5360,1314,14342,3275,981,14115,2152,1477,13628,5306,1833,15991,6505,-796,14824,5591,-1896,14055,4486,-784,14295,3767,158,14262,813,884,12262,700,287,13287,2804,-69,13558,4727,-2072,13814,4089,-2609,12489,2148,-145,12122,1600,536,13589,1619,-444,12978,4197,255,14086,6570,467,14016,6861,-1644,14324,5791,-1445,14238,4102,1137,13558,3175,2398,14342,3219,799,14905,5352,140,15043,7227,192,14810,5112,-998,13814,3968,-2039,14531,2919,111,13438,1666,1913,12883,773,320,13452,2349,-1978
13444,5380,-938,13537,4110,-1622,12865,1765,-1691,12517,872,483,12858,2866,2000,13740,4894,-161,14263,5973,-1646,13682,7002,-798,13966,5850,-1122,14960,4009,232,13801,2535,2773,13289,4412,2249,16269,6008,-902,14733,6102,-1508,14404,4990,-49,13811,4118,-1198,15097,1472,-475,12898,949,2169,12352,2437,440,14686,3060,-2855,12869,4998,-2283,13754,3608,43,11820,1725,-539,13557,407,-857,12491,3391,1608,13649,5918,873,14685,6306,-2621,13684,6116,-1464,14227,5551,1258,14117,4082,1003,14643,2381,910,13365,4613,1867,15652,6473,264,15076,5470,-1698,13845,3909,-1404,14057,4134,109,14627,1783,801,12985,1023,286,13135,2082,19,13324,4532,-1210,13875,4325,-2972,12884,2191,-653,12034,1571,779,13238,1627,-165,13246,3867,178,13542,6069,477,14092,6799,-1235,14288,5946,-2043,14360,4262,455,13788,3597,2636,14025,3510,1447,15116,4970,-23,14855,6793,468,15017,5326,-530,13836,3953,-2290,14426,3035,-557,14144,2445,1577,12557,1214,754,13675,1722,-1956,13121,4795,-1067,13756,4368,-1018,12851,2137,-1646,12258,756,-319,13024,2630,1653
13126,4761,490,14617,5643,-1605,13637,6764,-879,13888,6283,-747,14876,4556,-84,14328,2562,2255,13129,4125,2937,15896,5488,-295,15018,6238,-1586,14600,5130,-271,13592,4796,-946,15222,2205,-695,13335,681,1714,11901,2273,1423,14337,2561,-2237,13021,4778,-2863,13745,3799,-194,11778,2497,-244,13631,413,-856,12410,2518,1146,13331,5672,1525,14671,6390,-2194,13849,6405,-2139,14389,5582,1005,13853,4386,1481,14949,2290,707,13376,3922,1583,15292,6788,606,15378,5839,-1428,13760,4395,-1447,14227,4052,-113,14271,2043,846,13230,597,511,12885,1562,-157,13355,4585,-813,13922,4730,-2958,13207,3161,-1431,12471,1501,885,12692,1248,519,13300,3135,0,13686,5579,286,13812,7210,-707,14347,6481,-2234,14480,4692,-105,13897,3500,2408,13420,3148,2216,15135,4668,-27,14666,6580,-90,15146,5710,58,13902,3806,-1731,14040,3067,-1086,14907,2338,1345,12244,1808,1525,13953,1752,-1898,13174,4527,-1556,13779,4957,-621,12968,2472,-1465,12261,375,-680,12839,1801,1358,12884,4440,1057,14776,5876,-1564,13543,6564,-1140,14173,6436,-459,14326,5053,-249
14734,2260,1414,12960,3340,3195,14875,5138,535,15627,6223,-1841,14283,5599,-521,13975,5054,-786,14606,2830,-1069,14013,418,1080,11900,2017,1919,13990,2985,-1437,13783,4475,-3204,13220,4053,-887,12518,2499,24,12908,479,-656,13115,1532,387,12917,5199,1776,14329,6583,-1291,14371,6767,-2956,13885,5581,420,14032,4621,1698,14497,2615,1142,13577,3196,1446,14852,6722,962,15617,6399,-1212,14272,4863,-1928,14046,3966,-593,14557,2383,1168,13365,690,817,12720,1048,-369,13487,4270,-830,13529,5208,-2747,14010,3232,-1941,12020,1306,777,12343,1077,809,13614,2820,7,13390,5425,-369,14063,6820,-433,13723,6629,-1604,14806,4860,-720,13969,3474,1878,13490,3086,2672,14929,4498,212,15113,6452,-702,15014,6251,131,14006,4271,-1145,14088,3394,-1705,14793,1923,1006,12283,1707,1947,13664,1708,-1589,13574,4130,-2082,13592,5314,-513,13080,2614,-1119,12437,378,-1138,12794,709,891,12645,4199,1723,14588,5933,-1249,13902,6755,-1913,14068,6775,-203,13903,4941,-168,14910,2498,723,13238,2794,2881,14324,5407,1346,16033,6476,-1484,14283,5773,-1014
14355,5219,-616,14326,3232,-798,14653,217,646,11941,1745,1788,13866,3030,-443,13743,4308,-3333,13257,3910,-1654,12743,2579,42,12272,876,-191,13474,1285,4,12496,4795,1661,14181,6622,-599,14261,6543,-3036,14012,5516,-554,13907,4828,1660,14328,3055,1354,14214,3094,1385,14306,6108,1210,15857,6611,-776,14498,5218,-2010,14110,3745,-1389,14311,3172,1151,13620,848,1327,12826,931,-23,13093,3762,-962,13733,5461,-2310,13830,3876,-2298,12211,1242,74,12320,715,1252,13146,2271,237,13729,4908,-542,13794,6736,-221,13831,6957,-1440,14388,5440,-1103,14426,3433,1542,13504,2949,3053,14329,4238,619,15529,6373,-933,14779,6967,-16,14269,4900,-603,14195,3847,-1946,14635,1491,676,12764,1230,2513,13178,1697,-764,14086,3446,-2440,13312,5455,-1156,13212,3435,-986,12766,878,-1083,12474,225,698,12712,3527,2367,13774,5883,-764,14528,6878,-2647,13777,7054,-804,13890,5667,-47,15039,2989,783,13587,2141,3066,13725,5096,2058,16401,6298,-1580,14208,6252,-1806,14713,5209,-770,13805,3733,-326,14781,74,878,12167,885,1556,13346,3011,133
13972,4409,-3390,13360,4785,-2536,13111,3410,38,12022,987,717,13411,363,-34,12630,3610,1310,13847,6752,-188,14568,6916,-3141,13898,6232,-1459,14403,4868,1974,13674,2882,2290,14481,2136,1427,13940,5086,754,15674,7119,-717,14904,5852,-1731,13949,4435,-1479,14485,3076,1116,13407,512,2011,12793,818,-124,13684,2799,-957,13189,5908,-1787,14157,4239,-2683,12558,1740,-782,12481,407,1800,12528,1519,1032,13832,4310,-748,13885,6776,-708,14052,7592,-1450,14234,6075,-1620,14731,3408,1032,13475,2614,3457,13746,3583,1804,15571,5897,-1230,14722,7004,-1020,14628,5448,-303,13875,4401,-1880,15038,1690,-169,12717,1119,3018,13028,1478,271,14223,3029,-2939,13352,5266,-1617,13495,3942,-791,12429,1407,-1089,13009,169,57,12485,3193,2492,13571,5585,91,14791,6696,-2862,13640,7026,-1347,13823,6008,103,14841,3497,689,13869,1549,2508,13346,4235,3003,15807,6131,-939,15060,6554,-2577,14464,5647,-858,13808,4256,-257,15076,417,1063,12208,322,1424,13154,2346,828,13972,4395,-3020,13590,5093,-3321,13473,3756,-281,12003,1824,812,13449,50,55
12708,2656,532,13409,6319,324,14547,6607,-2455,13597,6340,-1967,14101,4506,1458,13880,3581,2332,14319,2224,1345,13977,4325,775,15293,7457,-248,15468,6268,-1704,13927,4883,-1790,14670,3218,331,13799,1121,2048,12917,786,294,13713,2340,-1131,13225,5655,-1329,14055,4732,-2662,13021,2611,-1402,12391,481,1009,12067,990,1368,13391,3461,-170,13742,5817,-697,13892,7558,-1053,13998,6629,-2199,14796,4504,24,14043,2715,2952,13239,3282,2681,15805,5613,-496,14902,6880,-1248,14907,5876,-171,13864,4690,-1621,14791,2468,-943,13807,1227,2799,12169,1531,1348,14291,2206,-2644,12998,4994,-2465,13764,4574,-788,12338,1980,-1025,12966,31,-568,12475,1752,2272,13035,4953,1085,14738,6465,-2904,13888,7253,-2083,14295,6474,58,14090,4247,615,14916,1675,1851,12794,3677,3348,15590,5848,216,15311,6967,-2513,14528,5730,-1418,13784,4702,-403,14643,1163,995,13038,212,771,12753,1810,1147,13589,3791,-2025,13526,4887,-3494,13775,3957,-984,12428,2335,854,12858,109,230,12846,1820,-100,13461,5638,1060,14262,7030,-1747,13929,6792,-2663,14167,4709,731
13826,4133,2366,14475,2735,1297,13932,3796,907,15162,7017,217,15286,6453,-1048,14493,4866,-2190,13941,3727,-283,14473,1715,1762,12674,580,1004,13337,1535,-1117,13538,4691,-1128,13561,5468,-2235,14081,3139,-2224,11845,1015,641,12719,777,1701,12742,3254,-10,14178,5253,-862,13636,7458,-531,14022,6976,-2062,14648,4932,-746,14302,2791,2531,12958,3050,3149,15363,4717,265,14982,6706,-1576,15038,6020,20,13595,4915,-1235,14720,3184,-1308,14475,1293,1778,11872,1281,2310,14134,1532,-2084,13092,4597,-2890,13963,5289,-883,12715,3085,-547,12771,512,-777,12778,519,1694,12507,4379,2051,14671,5881,-2246,13967,6836,-2567,13981,6615,-169,13889,5030,606,15073,2427,1275,12973,2767,3189,14683,5530,1338,15694,6487,-2216,14503,5820,-1617,14305,5059,-404,14197,2619,553,14374,53,956,11965,1447,1158,13832,3237,-625,13439,4914,-3714,13791,4486,-2047,12726,2933,688,12230,320,623,13441,638,37,12738,4461,1040,14199,6918,-1065,14361,7177,-3001,13957,5904,-594,14220,4518,2382,13847,2709,1930,14214,2638,996,14294,5896,389,15401,6696,-869
14578,5561,-1850,14035,4177,-1122,14402,2804,1622,13316,534,1591,13105,1126,-767,13699,3279,-1148,13333,5664,-1909,14210,3940,-2393,12296,1410,-290,12631,672,2032,12530,2281,651,14133,4745,-994,13678,7096,-649,13996,7393,-1634,14398,5581,-1257,14405,2986,1448,13334,2596,3337,13992,3842,1288,15767,5893,-1357,14611,6863,-722,14347,5390,-245,14374,4288,-1818,14643,1358,645,12659,902,2781,13075,1626,-783,14172,3485,-3025,13298,5808,-1449,13501,3738,-479,12517,1260,-1102,12985,163,545,12591,3060,2370,13671,5422,-752,14672,6359,-2862,13608,6845,-794,13780,5602,405,15017,3238,615,13387,2175,2470,13740,4713,2490,15796,6244,-1381,14676,6503,-2128,14866,5184,-858,13444,3804,67,15154,226,833,12168,1002,1219,13512,2778,486,13738,4601,-3190,13599,5264,-2989,13569,3297,36,11610,1095,813,13560,-264,-12,12236,3011,994,13682,6629,101,14798,7260,-2958,13806,6781,-1789,14428,4780,1726,13745,3485,2152,14555,2331,1182,14001,4655,823,15287,7150,-357,15138,5735,-1810,14001,4429,-1430,14231,3579,615,14086,1166,2074,12785,873,-156
0,2240,-1203,13144,5382,-1613,14077,4448,-2704,12831,2150,-946,12394,604,1592,12480,1412,1098,13630,3981,-702,14013,6521,-725,13961,7651,-1375,14191,6191,-1925,14500,3855,628,13973,2865,3158,13255,3410,2305,15574,5224,-763,14588,6860,-1180,14914,5720,-396,13865,4243,-1483,14526,2326,-637,13819,1436,2439,12461,1288,729,13985,2266,-2735,13155,5224,-1821,13901,4721,-621,12694,2107,-838,12739,10,-356,12757,2135,1986,13114,5168,332,14916,6540,-2637,13707,6978,-1520,13622,6034,286,14596,4057,609,14321,1914,1835,13119,3773,2871,15500,5801,-323,15156,6414,-2385,14441,5472,-934,13755,4656,-287,14752,1772,446,13282,489,1148,12519,2070,1159,13697,3558,-2143,13949,5093,-3676,13578,3793,-569,12307,1982,560,12975,92,-243,12953,1972,525,13209,6005,1202,14377,6920,-2023,14218,6757,-2642,13807,5080,1045,13931,3918,2142,14507,2478,1045,13604,3392,985,15000,6786,499,15385,6450,-1307,14260,4650,-1667,14110,3786,105,14161,2082,1640,13378,362,690,13021,1623,-1030,13514,4602,-1010,13808,5320,-2732,13557,3297,-1694,12198,1092,1021
12368,1209,1378,13294,2900,17,13666,5681,-632,13966,7398,-803,14125,6692,-2075,14344,4754,-133,14263,2832,2578,13008,2878,2781,15180,4291,162,14923,6579,-1166,15069,6656,-273,14148,4397,-1085,14130,3370,-1013,14721,1716,1455,12391,1087,1926,13564,1736,-1806,13657,4465,-2355,13661,6196,-854,13169,2927,-786,12335,329,-778,12740,605,1276,12855,3722,1543,14341,5931,-1793,14261,6693,-1900,13801,6887,-135,14130,4983,201,14990,2478,1090,13020,2921,3082,14611,5170,1204,15699,6482,-2131,14641,5764,-1264,14001,5170,-310,14239,3260,-333,14614,433,976,12114,1545,1730,13412,2903,-681,14187,4516,-3695,13203,4685,-1690,13084,2565,573,12096,469,-210,13172,733,145,12916,4359,1798,13565,7012,-860,15270,7029,-3423,13405,6302,-438,14493,4664,1988,14156,2873,1463,13844,2342,1470,14228,5711,1186,15495,6901,-994,14824,5423,-2109,13784,4059,-692,14245,3329,932,14208,476,1324,12571,774,-213,13353,3170,-652,13706,5499,-2417,13923,4286,-2628,12510,1842,340,12314,1231,1482,13226,1786,186,13646,4324,-302,13681,6963,-556,14361,7198,-2051
14038,5906,-1406,14575,3727,1743,13260,2917,3198,14226,3163,1122,14934,5593,-685,15068,7349,-580,14674,4902,-964,13611,3704,-1500,14777,2149,393,13060,1796,2340,13254,1115,-311,13419,3201,-2620,13811,5804,-1042,13497,4060,-1025,12654,1328,-1142,12685,143,501,12661,2832,1803,13668,5157,-361,14375,6424,-1990,13633,7172,-898,13794,5762,-276,15048,3399,506,13395,2002,2584,13653,4288,2348,15796,6370,-1123,15010,6476,-1838,14273,5177,-273,13685,4099,-829,15335,1183,62,12743,720,2044,12855,2612,569,14348,3832,-3080,13394,5369,-2942,13585,3586,-78,11712,1300,53,13417,-286,-243,12404,2691,1692,13364,6291,630,15173,6891,-3263,13363,6419,-2171,14473,5159,1304,13764,3752,1532,14813,2089,1502,13405,4526,1920,15470,6985,-19,15444,6044,-2148,13696,4633,-1618,14501,4026,220,14315,1417,1664,13016,355,307,13139,2330,-408,13515,5311,-1713,13889,4619,-3045,12873,2404,-630,12167,738,1434,12575,812,640,13499,3223,-323,13579,6466,-249,14362,7699,-1523,14088,6583,-2028,14507,4281,632,13840,3232,2958,13704,2379,2042,14737,4839,-286
12733,1145,2002,13347,1293,-1378,13414,4010,-2376,13601,6047,-1264,13611,2720,-1192,11818,383,-274,13015,256,1500,12472,3487,1305,14386,5650,-1589,14306,7008,-1914,13806,7257,-944,14235,5297,-220,14972,2921,1547,13091,2754,3419,14132,4423,1522,15599,6542,-2241,14938,6058,-1306,13751,4963,-51,14135,3510,-840,14997,814,816,12047,1310,2400,13298,2304,-832,14102,4075,-3631,13288,4926,-1678,13332,3088,526,11936,860,-434,13717,208,-62,12474,4471,1827,14113,6702,-950,14995,7142,-3330,13228,6297,-411,14151,4710,1526,14353,3217,1157,13839,1978,1587,13832,5150,1790,15595,6457,-1168,14846,5893,-2208,14163,4657,-586,14031,3374,786,14657,362,987,12084,881,314,14043,2959,-70,13218,5353,-2683,14284,3942,-2832,12448,2461,216,12396,1438,1147,13647,1473,-5,12802,4292,78,13941,6809,-208,14111,7239,-2057,14113,5507,-1500,13947,3646,1779,13632,2899,2708,13991,2937,1000,14986,5387,-234,15028,7401,-377,15023,4980,-1015,13975,3981,-1570,14530,3076,443,13916,1645,2083,12602,901,1,13748,2531,-2228,13340,5966,-1319,13967,4231,-1594
12591,1793,-966,12493,519,657,12673,2501,1496,13739,4570,-318,14238,5839,-1536,13667,6581,-822,13782,5550,-997,15023,3863,320,13759,2829,2714,13445,4251,2400,15878,6148,-874,14867,6424,-1840,14651,5132,71,13364,4099,-801,15028,1943,-454,13220,1314,2200,12420,1793,796,14270,2849,-3057,13143,5270,-2847,13897,3921,23,11864,1885,78,13473,-109,-542,12665,2474,1624,13031,5874,575,15161,6495,-3054,13391,6589,-1814,14108,5719,1254,14275,4368,1134,14599,2314,1155,13327,4274,1844,15351,6464,-217,15145,6015,-1907,14119,4390,-922,13813,4009,339,14863,1494,1050,13283,761,83,12867,2262,-50,13676,4380,-1618,13880,4543,-2946,13179,3111,-508,12401,1759,1190,12615,1109,-177,13377,3085,-359,13449,6224,496,14102,6976,-1309,14428,5997,-2081,13914,4550,664,14371,3993,2207,13685,3105,1401,14536,4148,323,14912,6666,246,14877,5799,-396,14417,3595,-1777,13492,3513,-573,14957,2715,1454,12777,1320,837,13275,1379,-1414,13488,4595,-1306,13636,5395,-1557,13552,2579,-1432,12020,651,305,12786,1707,1352,13290,4019,199,14264,5468,-1279
13751,6629,-734,13707,6484,-1158,14720,4886,-262,14183,2752,2066,12897,3334,3078,15322,4679,6,14953,6429,-1713,15052,5680,-372,13410,4422,-220,14626,2755,-835,14342,1863,797,12752,1994,1896,13358,2081,-1808,13705,4230,-2985,13767,4974,-635,12916,2758,114,12609,478,-673,12810,1159,410,12980,4972,1456,14201,6090,-1566,14169,6332,-2207,13593,6071,377,14125,4910,898,14912,2952,660,13138,3019,2087,14654,5626,1257,15564,6085,-1314,14416,5133,-1316,14267,4878,-166,14107,3334,147,14615,538,431,12097,1431,631,13718,3100,-311,13683,4384,-2820,13571,3907,-1986,12730,2526,579,12197,1448,74,13572,1971,-394,13045,4732,1090,13836,6317,-230,14211,6236,-2552,14125,5421,-635,14524,4833,1887,13578,3355,1767,14540,3101,646,14469,5591,656,15123,6827,-128,14973,4420,-1665,13202,3658,-1333,14821,3438,839,13471,1615,1330,13153,698,-474,13162,2872,-1224,13397,5572,-1408,14129,3918,-2145,12333,1652,-406,12646,1148,1012,12781,3022,692,14182,4640,-652,13724,6064,-449,13864,6676,-923,14282,5726,-1341,14998,3864,899,13235,3555,2945
14371,3698,1335,15074,5616,-1039,14971,6039,-373,14287,4965,-349,13771,3377,-1364,14512,2209,-308,13500,2428,1838,12980,1502,161,13697,2646,-2701,13376,5088,-1440,13571,4394,-416,12611,1668,-967,12555,499,-225,12998,3298,1962,13422,5375,37,14770,5933,-2281,13394,6555,-798,14160,6075,170,14866,4366,282,13989,2383,1856,13489,4148,2530,15445,5507,-379,15053,5680,-1784,14003,4874,-483,13923,4677,-573,15063,1884,-294,12947,624,1090,12561,2350,570,14081,3713,-2157,13675,4671,-2720,13180,3299,147,12146,2063,172,13487,958,-847,12840,2849,699,13408,5819,1224,14306,6494,-2094,14096,6697,-2176,14380,5490,1257,13721,4336,1669,14379,2346,828,13985,3546,1178,14812,6510,684,15523,6025,-1400,14324,3642,-1948,13347,3850,397,15103,2469,515,12716,1458,8,13508,874,-158,12674,4813,-881,14416,4602,-2025,13159,3000,-1763,11967,1566,669,12946,1927,637,13381,3823,-274,13943,5126,194,13584,6828,-175,14207,6294,-1830,14878,4792,-500,13963,3574,2265,13465,2883,2353,15280,3977,-28,14332,6121,-254,15444,6233,-90,13885,4161,-2043
3,5730,-1195,13582,3739,-1438,12314,1033,-938,12922,556,1161,12453,3984,2081,14568,5437,-725,13902,6633,-2237,14214,7300,-785,13857,5637,-323,15110,3156,711,13364,2280,3166,13696,4370,2149,15903,5992,-1425,14537,5973,-1584,14202,5419,-854,14157,3685,-948,14651,465,610,12217,1051,2105,13556,2845,130,13754,4663,-3220,13784,4425,-2312,12443,3468,-183,12619,1434,-199,13484,1021,152,12320,3660,2052,13966,6002,36,14375,7093,-3301,13983,6149,-1452,14238,5051,1703,13917,3133,1571,14365,2081,1639,13851,5271,1668,15697,7321,-612,15430,5467,-2457,13136,4436,-1759,15082,3069,814,13542,1222,1613,12846,333,444,13361,2911,-817,13269,5854,-1933,14383,4238,-3020,12070,2008,-428,12598,857,1158,12868,1546,929,13474,3882,232,13974,6079,-461,13839,7589,-1943,14760,6501,-1894,14403,4448,1331,13917,3126,3238,13817,2855,1755,15177,5184,-588,14942,7053,-809,14911,5465,-1240,13561,3452,-1669,14460,2157,664,13547,2215,1993,12783,985,339,13618,2427,-2574,13237,5582,-1630,13929,4369,-1227,12240,1672,-1189,12745,-178,556,12664,2935,2127
9,2485,1705,12802,2964,3300,14776,5197,712,15831,6474,-1864,14131,5678,-808,14166,5116,-949,14886,2390,-989,13527,135,1372,12318,1897,2167,13796,3120,-1394,13904,4764,-3369,13054,4039,-1061,12287,2487,-54,13188,531,-606,12690,1666,1139,13242,5050,1788,14179,6894,-1794,14467,7172,-3042,14091,6004,212,13928,4831,1762,14766,2244,1400,13350,2718,1941,14623,6204,1157,16158,6263,-1705,13796,5256,-2547,14413,4440,-685,14548,2532,1338,13058,371,1495,13024,784,-167,13122,4192,-771,13856,4985,-2951,13462,3539,-2357,12263,1818,335,12781,1538,953,13159,2790,883,13621,4875,1,14004,6862,-736,13923,7159,-2386,14836,5293,-722,14209,3428,2451,13251,2660,2829,14807,3705,602,14951,6349,-844,15139,7026,-605,14269,4330,-1567,13718,3245,-1015,14757,2020,1295,12552,1811,2004,13509,846,-1046,13204,3715,-2537,13736,6037,-915,13546,3734,-1566,12368,979,-802,12736,530,1327,12600,3702,1767,14342,5362,-1243,13981,6500,-1830,13886,7295,-759,14202,5451,-255,15130,3103,1079,13131,2600,3168,14111,4633,1538,15911,6474,-1691,14692,5747,-1378
13772,5137,-408,14285,3357,-1220,14723,510,825,12154,1409,2179,13447,2633,-552,14000,4337,-3328,13542,4638,-1856,12592,3328,209,12904,775,-668,12927,785,196,12678,4086,2006,13951,6508,-443,14685,7229,-3226,13724,6320,-763,14477,5182,1473,14027,2909,1240,14199,1892,1697,13448,5351,1678,16144,6539,-598,14962,5427,-2421,13308,4514,-1329,15193,3332,484,13390,1162,1314,12937,169,510,13067,3105,-649,13599,5296,-2265,14077,4074,-2458,12101,2194,-70,12575,1351,804,13246,2116,518,13224,4359,136,14177,6125,-281,13563,6774,-1740,14535,5520,-1631,14400,4127,1273,13636,3023,2963,14122,3061,1116,14894,5456,-260,15296,7288,-170,14534,5514,-1534,14070,3154,-1821,14151,2320,892,13669,1975,1462,12792,1183,17,13862,2732,-2261,13196,5797,-1015,13845,4327,-1224,12750,1482,-1574,12248,23,900,12906,2822,1733,13509,4764,-503,14515,5896,-1790,13399,7073,-279,14085,5899,-743,15067,3963,-39,13949,2453,2736,13311,4263,2411,16143,6127,-818,14961,5987,-1367,13771,5446,-268,14449,4183,-1244,14737,1334,-408,12842,711,2287,12406,2571,587
14635,3743,-2957,13364,4656,-2412,12906,3401,93,12340,1251,-553,13120,421,-514,12510,2828,1758,13454,5893,834,14497,6683,-2457,13963,6448,-1984,14305,5707,907,14174,4072,1062,14890,2250,1337,13020,4400,2302,16125,6659,218,15162,5780,-2113,13553,4541,-1817,14811,3969,-99,13856,1534,1121,12936,238,690,12990,1949,-41,13339,4900,-1780,13981,4506,-3104,12723,2567,-691,12141,1287,874,13143,1428,869,13318,3424,245,14024,5955,-268,13886,6813,-1371,14349,6438,-2173,14551,4886,278,14105,3921,3134,13752,3017,1932,14710,4522,141,15089,6656,-179,14816,6029,-1336,14081,3330,-2023,13631,2842,107,14470,2079,1944,12283,1473,851,13838,1613,-1842,13033,4787,-1893,13724,5005,-1256,13423,2295,-1595,12063,409,224,13351,2030,2190,12684,4722,479,15245,6054,-2132,13402,7403,-1044,13958,6741,-631,14857,4645,68,14154,2319,2355,13287,3233,2834,14933,5243,-363,15511,6124,-2276,14010,5370,-561,13922,4831,-516,14957,2354,-658,13396,322,1648,12168,2078,1438,14232,2919,-2235,13764,4648,-3022,13049,4340,-471,12502,2634,-117,13270,1066,-696
12599,2130,1148,13042,5331,1676,14578,6392,-2189,13993,6674,-2586,14315,5623,644,13742,4667,1515,15054,2250,1170,13142,3120,1990,14647,6317,890,16190,5970,-1936,13342,4962,-1897,14576,4474,-221,14398,2735,869,13289,511,798,12689,1195,186,13507,4582,-1055,13863,4892,-3140,13438,3176,-1567,12295,1715,911,12749,1309,425,13389,2693,212,13241,5022,113,14300,6551,-819,13386,6671,-2064,15063,5004,-241,13641,4172,2528,14104,2876,2237,14257,4289,69,15228,6107,-89,14976,6868,-468,14547,4158,-2170,13646,2932,-572,14386,2590,1713,13183,2110,470,13195,1355,-1048,13588,3425,-1635,13027,5273,-699,13996,2827,-1883,11950,991,-971,12932,1300,1894,12681,4346,930,14510,5519,-1558,13737,6391,-868,13535,7006,-177,14778,5213,-939,14619,3130,1016,13573,3102,3243,14239,4654,1189,16248,6044,-1658,14240,5368,-530,14061,5094,-470,14366,3575,-1556,14565,660,711,11965,1593,2232,13617,2417,-955,14017,4127,-3198,13155,4500,-884,12620,3104,40,12768,1141,-1141,13338,1037,424,12437,4420,2138,14327,5774,-630,14166,6754,-2992,14002,5910,-200
14180,5354,1419,14812,3034,817,13734,2503,1632,13773,5987,1975,16418,6323,-1003,14191,4907,-2116,13816,4150,-979,14544,3339,314,13924,1173,933,12553,666,381,13190,3395,-534,13771,4959,-2616,13910,3541,-2111,12246,1799,460,12381,1363,381,13688,2145,9,12939,4656,54,14493,6020,-103,13202,6647,-1665,14971,5606,-1381,14059,4741,1730,13948,3439,2481,14332,3299,854,14875,5269,35,15169,6769,-174,14601,4658,-1607,13708,3208,-1449,14407,2787,1284,13769,2421,1160,12861,1152,-256,13612,2088,-2073,13056,5377,-1238,14023,3683,-1239,12233,1707,-1364,12586,812,1257,12948,3448,1588,13843,5184,-1032,14392,5679,-1467,13353,6884,-121,14246,5719,-969,15023,3927,316,13736,3059,2748,13503,4136,2018,16068,5709,-1109,14615,5484,-1006,13953,5016,-89,14244,4215,-1536,15117,1283,-435,12533,1036,2110,12592,2490,57,14678,3421,-2918,12933,4588,-1726,13208,3718,290,12270,1772,-1044,13712,765,-516,12178,3442,1937,13694,5660,370,14642,6369,-2593,13495,6280,-1155,14487,5717,1223,14155,4088,780,14594,2342,1062,13385,4848,2219,15862,6489,-152
15161,5102,-2029,13317,4288,-1364,14701,4098,0,14437,1971,729,12324,618,629,13314,2211,42,13230,4684,-1606,14197,3957,-2949,12553,2453,-403,12166,1809,449,13611,1754,7,12803,3951,664,14188,5521,331,13518,6835,-1528,14600,6059,-2148,14418,4905,844,13868,4047,2631,14323,3386,1275,14790,4810,78,14884,6360,171,14798,5049,-884,13798,3536,-2318,14103,3125,109,14238,2771,1446,12572,1215,443,13716,1671,-1826,13058,4660,-1266,13551,4243,-1122,13204,2528,-1759,12242,1344,204,13245,2914,1903,13011,4681,17,14949,5612,-1658,13330,7045,-525,14038,6476,-832,15155,4767,-177,14056,2700,2539,13195,3757,2808,15603,5168,-626,15020,5550,-1674,13984,4852,27,13979,4656,-1030,15088,2512,-988,13414,761,1722,11931,2364,1219,14603,2626,-2160,13265,4413,-2332,13012,4077,91,12649,2661,-783,13463,1299,-1216,12583,2492,1462,13161,5569,1327,14664,6217,-2210,13736,6183,-1757,14051,5688,1171,14071,4395,917,14718,2400,676,13231,3634,2071,15143,6417,689,15907,5550,-1677,13226,3958,-1517,14382,4371,-159,14767,2758,408,12817,838,479
12895,1407,253,13316,4304,-973,13987,4529,-2771,13169,2913,-1214,12113,2121,561,13348,1708,21,13206,3356,405,13583,5272,793,14118,6302,-887,13729,6297,-2273,15015,4973,-15,13819,4208,2441,13863,3154,1772,15076,4206,124,14512,6317,334,15412,5859,-244,13922,3951,-2170,13842,2897,-698,14466,2687,1428,12660,1647,697,13612,1185,-1258,12902,4192,-1547,13778,5085,-795,13316,3086,-1887,12297,557,-409,12833,1682,1912,12749,4257,767,15116,5482,-1501,13303,6942,-1022,14062,6891,-718,14957,5294,-634,14546,2759,1659,12981,3159,3279,14896,4636,452,15475,5834,-1781,14178,5252,-271,14005,4971,-1132,14766,2798,-1294,13975,171,1227,11824,2122,1879,14254,2633,-1537,13680,4411,-2896,13101,4214,-508,12564,3000,-480,13219,1085,-1092,12818,1466,1050,12890,5036,2038,14598,6166,-1495,14299,6916,-2900,13963,6019,396,14176,4841,1273,14561,2534,752,13459,2666,2070,14406,5975,1432,15934,5859,-1505,13897,4593,-1947,13992,4693,-769,15015,3277,446,13387,890,829,12810,748,268,13263,3914,-699,13984,4898,-2890,13538,3552,-1726,12127,2035,407
4,1259,403,13351,2323,319,13053,4811,191,14483,6408,-421,13355,6912,-2149,15016,5582,-777,14306,4219,2088,13347,2700,2358,14784,3384,538,14567,5831,-158,15521,6933,-475,14371,4540,-1995,13713,3318,-1047,14733,2494,1307,12914,1898,1126,13482,793,-760,13118,3430,-1868,13490,5437,-621,13418,3488,-1824,12599,1156,-1104,12593,1082,1511,12713,3757,1347,14242,5323,-1102,14140,6206,-1238,13399,7335,-439,14758,5588,-872,14950,3175,782,13095,2965,3264,14465,4490,1542,15745,6232,-1517,14722,5532,-787,13765,5374,-661,14763,3626,-1907,14316,417,693,12045,1220,2455,13381,2494,-473,14206,4054,-3079,13087,4576,-1369,12552,3575,-457,13298,1113,-1128,12675,1101,435,12875,3800,2413,13818,6082,-416,14649,6887,-3257,13588,6444,-591,14640,5638,1284,14440,2990,959,13877,2042,1825,13894,5594,1964,16145,6126,-825,14395,5176,-2411,13616,4487,-1384,15128,3408,575,13365,1062,1334,12694,382,388,13120,3324,-431,13768,4983,-2387,13659,3868,-2558,12339,2253,-184,12576,1438,526,13287,2048,758,13225,4420,505,14231,6233,-294,13812,7144,-2110
15312,6593,-311,14179,4890,-874,14131,3745,-2225,14485,2423,-78,13515,1916,2439,12612,1002,270,13652,2376,-2273,13555,5281,-1076,13136,4303,-1167,12982,1361,-1528,12205,349,74,13144,3041,2360,13583,5427,188,15060,6306,-2283,13433,7178,-990,14049,6397,-312,15226,3936,434,13611,1909,2502,13393,3988,2691,15900,5437,-539,14622,6077,-1750,14473,5517,-947,13842,4435,-1165,15033,574,481,12284,565,1728,12941,2429,819,14361,3836,-2882,13228,4527,-2497,13342,3583,-457,12489,2011,-364,13424,881,20,12653,3302,1447,13531,6250,589,14783,6503,-2519,13515,6266,-1733,14709,5041,926,13590,3772,1480,14536,2259,1288,13540,4610,1601,15709,6833,206,15026,5324,-1886,13518,4425,-1894,15018,3658,-80,13681,1455,1538,12843,309,477,13222,2143,-835,13615,5649,-1378,13977,4606,-2570,12774,2487,-1255,12493,1180,677,12799,1633,1078,13378,3823,206,14155,5477,-281,13464,7030,-1253,14253,6324,-2103,14912,4417,349,13535,3354,2901,13789,3180,2275,15219,5320,-357,15089,6728,-588,14775,5175,-497,13545,3749,-1807,14658,2397,-498,13815,2045,2119
3,1718,950,13898,2374,-2632,13432,5157,-1684,13452,4705,-898,12843,1597,-1102,12290,-197,-91,12848,2273,2141,12972,5409,665,15311,6479,-2497,13110,7134,-1364,14317,6573,-222,14866,4403,333,14254,1894,2035,13145,3770,2963,15460,5742,-151,15318,6208,-2080,14011,5421,-1051,14201,4835,-846,14861,1366,475,12921,362,1137,12631,2411,1131,13970,3707,-2104,13418,4307,-2956,13086,3370,-611,12534,2100,116,13065,804,9,12896,2641,1042,13388,6242,999,14759,6984,-2384,13939,7001,-2496,14404,5137,1088,13716,4005,1905,14365,2131,1673,13743,3908,1421,15527,6782,297,14892,5731,-1523,14116,4871,-2420,14448,3886,-425,14089,1524,2214,12701,431,707,13247,1485,-693,13478,5217,-1166,13521,4871,-2474,13372,2552,-1855,12271,1190,255,12782,1492,1567,13435,3886,339,14118,5950,-860,14038,7173,-897,13576,6811,-1825,15175,4262,209,13516,2734,2912,13453,2815,2670,15457,4951,-207,14971,6700,-1473,14986,5880,-380,13544,4867,-1673,15055,2709,-901,13533,1302,2620,12091,1504,1553,14241,1906,-2315,13174,5044,-2464,13664,4754,-844,12654,2404,-959
0,482,-786,13088,1805,2294,12381,5175,1641,15443,5800,-2456,13153,6800,-1963,14293,6586,-30,14407,4556,528,14604,2052,1418,12952,3390,2849,15142,6006,892,15694,6384,-2078,13904,5329,-1373,14200,4741,-596,14572,1616,539,13483,-10,977,12396,1866,867,14112,4076,-1698,13736,5008,-3207,13156,3680,-1153,12582,1856,473,12527,502,109,13367,1906,360,13030,5752,1001,14541,6692,-1535,13766,6759,-2550,14435,5252,20,13885,4238,2101,14183,2332,1712,13876,3829,1159,15460,6698,624,15133,6360,-965,14112,4569,-2525,14453,3742,-926,14222,2131,1656,12863,502,1522,13064,1401,-1162,13921,4715,-1243,13384,5305,-1587,13711,2557,-2086,11989,694,-134,12794,1226,1510,12948,3595,901,14166,5347,-916,13798,6996,-1030,13589,6780,-1650,15257,5130,-705,13969,2865,2049,13324,3098,3229,15019,4962,443,15577,6484,-1404,14713,5798,-348,13535,4678,-1333,15002,3015,-1516,14283,1184,1790,11915,1723,2421,13902,1994,-1929,13604,4676,-2877,13358,4950,-1017,12724,2408,-615,12452,318,-868,13061,916,1448,12309,5040,2045,15072,5775,-1959,13644,6918,-2744
15942,6649,-1756,14233,5310,-1947,14091,4502,-325,14333,3026,866,14088,533,1002,12403,1241,40,13606,3712,-757,13694,5039,-2953,13780,3790,-1969,12371,1712,886,12298,906,794,13467,1921,-167,13210,4794,79,13928,7032,-591,14043,6893,-2199,14446,5371,-585,14287,4186,2196,13534,2791,2330,14568,3304,494,14565,6128,-200,15446,7108,-78,14483,4525,-1499,13649,3455,-1176,15028,2656,804,12942,1606,1773,13376,992,-1148,13253,3655,-1877,13775,5666,-640,13394,3097,-1591,12302,452,-764,12606,462,788,12701,3557,1151,14505,5496,-972,13672,6760,-1264,14040,6861,-682,13954,5260,-572,14862,2773,807,13187,2739,3082,14127,4612,1534,15996,6623,-1559,14770,6115,-658,13924,5215,-552,14408,3558,-1601,14699,851,582,12477,1271,2447,13191,2496,-408,14203,3795,-3069,13229,4565,-1770,13012,3119,28,12434,682,-848,12957,502,225,12752,4228,2049,13964,6499,-603,14798,6860,-3279,13364,6110,-622,14141,4816,1436,14408,3012,1079,13889,2379,1804,14082,5795,1572,15906,6685,-996,14692,5675,-2239,14116,4449,-926,14405,3102,927,14069,291,1327
12462,891,160,13532,3229,-316,13448,5451,-2809,14129,4028,-2866,12280,1872,353,12375,892,1308,13193,1740,275,13385,4374,-359,13727,6715,-516,14041,6694,-1850,14258,5369,-1151,14302,3831,1571,13787,3307,2833,14292,3801,886,15158,6003,-674,15136,7266,-251,14597,4726,-878,13866,3716,-1503,14683,2333,528,13188,1602,2401,12940,1397,-726,13784,3145,-2435,13344,5777,-1213,13515,3412,-1069,12774,985,-1002,12452,167,657,12667,3013,1825,13878,5265,-779,14370,6771,-2242,13930,7082,-764,13796,5747,-555,15161,3589,719,13525,2540,3054,13564,4675,2124,16208,6253,-1354,14480,5969,-1717,14260,5230,-202,13888,4021,-906,15093,1030,523,12486,1080,2062,12846,2491,207,14425,3676,-3169,12981,4683,-2554,13559,3228,314,12098,1497,-81,13264,604,-239,12755,3595,1797,13498,6697,-122,14986,6811,-3389,13456,6087,-1216,14173,5068,1714,14121,3639,1386,14425,2403,1458,13591,4878,1569,15755,6835,-442,14815,5626,-2140,14079,4368,-1294,14244,3861,759,14113,832,1563,12722,821,24,13382,2574,-339,13476,5072,-1884,14048,4262,-2932,12681,2382,-582
12645,1423,1375,12777,1756,437,13603,3749,-383,13622,6413,-296,13765,7024,-1529,14543,6011,-1807,14164,4117,1149,13830,3175,3052,13821,3579,1391,15274,5433,-775,14886,7020,-518,14579,5174,-581,14100,3723,-1502,14425,2713,-81,13785,1784,2364,12869,1350,207,13736,2486,-2525,13576,5379,-1267,13717,4276,-829,12909,1490,-1091,12320,480,47,12766,2760,1872,13301,4981,-61,14648,6411,-2151,13590,6475,-815,13739,5952,-325,15133,4155,103,13788,2595,2279,13636,4368,2682,15582,5663,-444,14910,5898,-1827,14351,4810,-188,13615,4216,-651,15100,2252,-453,13469,993,1635,12197,2664,883,14444,3029,-2480,13288,4819,-3042,13383,3467,38,12112,1750,264,13041,468,-594,13135,2595,1016,12947,6167,820,14783,6424,-2740,13825,6277,-2136,14159,5300,1404,14058,4056,1833,14604,2367,1093,13549,4162,1154,15424,6818,338,15260,5874,-1830,13867,4226,-1497,14317,4052,207,14139,2371,1359,13744,621,339,12462,1982,-614,13633,4452,-941,13769,4462,-2880,13158,2434,-914,12503,954,1181,12211,1744,440,14189,3605,-542,13483,6235,-373,13988,6871,-818
14148,5901,-1535,14334,4363,266,14195,3421,2453,13386,3470,1972,15281,4856,-493,14989,6731,-476,14783,5785,-80,14128,3889,-1277,14245,2923,-838,14287,2034,1720,12651,1359,1164,13507,1974,-2278,13637,4297,-1483,13475,4856,-768,13070,1846,-1249,12437,604,-761,12956,2186,1325,13149,4893,900,14544,6060,-1760,13868,6053,-1013,13538,6242,-130,14601,4443,-274,14492,2529,1295,13057,4119,2960,15397,5447,573,15263,6591,-1833,14577,5048,-532,13741,4647,-406,14712,2617,-677,14151,441,1160,11966,2224,1648,14102,2981,-1564,13764,4581,-3418,13195,3807,-763,12605,2445,335,12800,808,-379,13189,1871,225,12716,5433,1568,14358,6401,-1658,14184,6323,-2920,13952,5498,580,14178,4820,1673,14695,2975,1212,13687,3492,1132,14689,6376,849,15528,5994,-1394,14153,4154,-1679,13985,3690,-301,14371,3212,1124,13948,1249,602,12646,1565,-516,13616,3894,-708,13642,4663,-2588,13648,3085,-1869,12214,1234,945,12390,1551,797,13579,3129,-351,13516,5394,-364,13927,6775,-470,13797,6339,-1845,14669,4993,-615,14236,3659,2373,13427,3346,2705,14840,4371,-2
15011,6118,-803,14818,6180,69,14147,4323,-1088,14110,3487,-1426,14748,2378,1098,12773,1704,1787,13316,1581,-1581,13782,3494,-2201,13291,5194,-718,13302,2847,-769,12389,1022,-939,12846,1491,1008,12868,4339,1310,14504,5624,-1473,13835,6135,-1650,13806,6378,-237,14219,5331,-182,14790,3258,982,13421,3519,2648,14250,5224,1233,15989,5834,-1659,14093,5032,-945,14293,4590,-187,13951,3529,-976,14832,1122,504,12417,1866,1577,13074,2907,-426,14206,3681,-3217,12825,4251,-1509,13460,2718,473,11974,1368,-648,13800,1466,-342,12572,4865,1642,14011,6212,-446,14418,6053,-2834,13647,5856,-331,14644,5178,1754,14086,3353,1205,14171,2898,848,14177,5402,1272,15265,6286,-467,15000,4427,-1734,13368,3593,-748,14269,3828,648,14525,2066,557,12698,1267,-130,13348,2635,-503,13262,4541,-1985,14111,3766,-2467,12635,1860,354,12055,1764,816,13759,2537,-283,13325,4796,-345,14110,5969,44,13585,6394,-1293,14385,5572,-1397,14526,4211,1363,13337,3757,2827,14505,3716,504,14877,5371,-518,14801,6458,272,14793,4668,-583,13682,3451,-1696,14521,2694,129
13716,2563,1271,12902,1528,-451,13837,2415,-2015,12997,5041,-338,13707,3507,-696,12605,1413,-1445,12552,806,49,13092,3773,1120,13835,5189,-429,14240,5511,-1297,13499,6434,31,14092,5744,-288,15095,4160,5,13748,2660,1981,13420,4518,2166,16132,5885,-757,14577,5689,-1046,14377,4581,311,13644,4213,-994,15339,2098,-1144,13044,1385,1616,12099,2567,712,14450,2896,-2362,13076,4470,-1818,13564,3041,57,11649,1759,-514,14081,954,-1332,12202,4077,1176,14042,5714,1476,14095,6035,-2035,13806,5756,-1533,14411,5362,1101,13784,4463,841,15000,2741,518,13597,4846,1775,15273,6520,769,15718,5322,-1503,13314,3560,-1539,14130,3743,82,14739,2431,253,12863,1185,220,13221,1618,114,12802,4596,-1140,14561,4132,-2668,12603,2625,-840,12057,1571,940,13361,1928,7,13275,4136,-119,13969,5346,457,13510,6526,-860,14307,5776,-1904,14560,4663,225,13855,4149,2553,14053,3641,1527,15310,4566,-337,14352,6129,447,15232,5142,-172,13705,3848,-2099,14128,3097,-637,14295,2963,1214,12548,1807,634,13729,1497,-1506,12850,4414,-1129,13863,4130,-645
12675,2327,-1619,12620,562,-591,12899,3060,1443,13374,4851,353,14511,5583,-1405,13447,6344,-293,13861,6127,-232,14935,4873,-378,14366,2655,1343,13153,4176,2688,15584,5396,-84,15078,5927,-1177,14403,4811,104,13584,4842,-1037,15273,2661,-1467,13382,1027,939,12267,1929,1557,13905,2567,-1739,13579,4196,-2296,13435,3599,-266,11756,2782,-450,14054,1055,-1519,12307,3279,614,13729,5343,2010,14164,5788,-1337,13861,6017,-2352,14405,5438,805,13805,5052,1131,15013,3109,328,13636,3903,1379,14960,6496,1221,15705,5521,-906,13676,3557,-1600,13761,3812,-295,14715,2782,369,13183,1345,114,12917,1254,-10,12917,4214,-468,14108,4782,-2590,13251,3015,-1480,12295,1431,644,12722,1879,13,13760,3528,-353,13584,5293,384,13903,6310,-57,13937,6075,-1649,14824,5007,-338,14040,3867,1962,13483,3858,1888,15394,4365,-321,14251,5954,160,15156,5469,572,13839,3719,-1664,13905,3024,-1370,14817,2928,706,12633,2281,1040,13905,1619,-1354,13218,3876,-1377,13632,4543,-371,13004,2500,-1531,12443,874,-1146,12854,2213,1221,13057,4696,1172,14567,5601,-1293
13579,6138,-1139,13906,6448,-134,14510,5193,-588,14970,2836,1027,12971,3566,2908,14935,4860,892,15516,6028,-1605,14557,4660,-473,13563,4670,-389,14621,3321,-1477,14594,1311,365,12093,2030,1920,13488,2794,-1180,13906,4202,-2780,13191,3773,-695,12242,2526,352,12913,702,-1099,13161,1996,-380,13023,5342,1978,14363,6319,-813,14076,6460,-2901,14230,5460,452,13900,4995,1944,14745,2516,846,13589,2939,978,14608,6113,1135,15490,6386,-728,14730,4534,-2062,13426,3940,-645,14832,3226,707,13501,1500,724,12706,758,-199,13079,3452,-455,13784,4685,-2079,13829,3225,-1987,11988,1529,342,12686,1647,445,13505,3249,-77,13683,5093,7,13806,6428,140,13545,6351,-1540,14921,5104,-945,14227,3846,1427,13482,3665,2443,15018,4107,544,14794,6039,-401,15177,6365,410,14232,4297,-1545,13693,3445,-1649,15063,1974,745,12253,2018,1857,13832,859,-780,13065,3687,-2044,13986,5133,-490,12912,3565,-1557,12690,682,-1173,12717,1220,802,12687,4266,1756,14511,5238,-834,13389,6333,-1653,14352,6550,-186,13888,5651,-271,15342,3182,404,13205,3075,2865
14260,4966,1485,15949,6243,-1196,14546,5053,-718,13534,4696,-393,14445,3458,-1241,14660,1160,8,12413,1209,2172,12998,2973,-436,14219,4335,-2929,13374,4428,-1801,12399,2982,391,12621,576,-590,12964,1658,-507,12976,4353,2004,13930,6249,182,14104,6615,-3117,14310,5754,-623,14133,5641,1545,14609,3346,1015,14006,2641,1132,14164,5588,1380,15756,6646,54,14961,5085,-2058,13168,3511,-1454,14721,3662,560,13874,1793,357,12994,568,372,12870,2993,-322,13612,4916,-1601,14007,3952,-2824,12236,1631,-384,12262,1299,870,13166,2453,423,13847,4537,103,13731,6387,46,13947,7074,-1791,14598,5863,-1636,14558,4239,1089,13452,3487,3161,14340,3589,1280,15075,5487,-745,14929,6475,17,14449,4714,-936,13763,3726,-2004,14780,2049,71,12859,1912,2053,13195,1149,-77,13433,3129,-2331,13838,5143,-724,12766,3945,-1155,13137,1019,-1655,12393,633,82,12969,3605,1953,14065,5367,57,14133,6364,-1892,14103,6996,-521,13628,5960,-169,15162,3655,-162,13536,2254,2381,13410,4398,2433,15865,5884,-654,14966,5492,-1380,13628,4708,-432,14181,4078,-1110
13289,3186,-237,11466,1989,-17,14025,522,-648,12261,3450,977,14001,5854,1516,14125,6456,-1893,14098,6582,-2575,14757,5411,743,13670,4794,1667,14888,2378,1232,13644,3947,1645,15137,6634,747,15593,5584,-1447,13422,3830,-2332,14134,3733,21,14587,2315,1126,12654,1088,509,13636,1217,-409,12854,4840,-928,14009,4641,-2588,13255,2706,-1583,12073,1317,742,12880,1805,999,13466,3808,191,13965,5625,-588,13872,6895,-749,13878,6331,-1656,14920,4844,-293,13956,3438,2513,13462,3520,2464,15594,4688,-375,14522,6351,-610,15235,5477,-36,13264,4235,-1685,14777,2752,-1262,13993,1870,1555,12270,1562,1717,14065,2252,-2340,13361,4372,-1614,13535,4664,-590,12535,2311,-1358,13139,323,-1029,12410,2348,1433,13399,4904,1572,14519,6075,-1750,13649,6651,-1445,14082,6365,168,14331,4869,-29,14884,2207,984,12867,3619,2807,15021,5907,561,15833,6072,-1527,13829,4526,-712,13909,4585,-549,15035,2582,-855,13579,776,926,12375,1784,1533,13508,3603,-1454,14218,4593,-3230,13062,3537,-888,12097,2197,530,13382,687,-824,12673,2656,172,13652,5532,1921
13908,6658,-1272,14307,6728,-3158,14348,5281,465,13759,4570,2174,14489,2374,1442,13758,3379,887,14929,6453,596,15482,6266,-901,14260,3880,-2395,13601,3627,-245,14981,2828,1243,13083,1617,464,13442,1106,-431,12771,4169,-860,13894,4633,-1880,13467,2939,-1970,12104,1240,334,12834,1735,1071,13177,3789,11,14179,5744,-717,13786,6770,-386,13746,6340,-1381,14736,4625,-355,14177,2903,1985,13115,3666,2766,15615,4720,-217,14657,6621,-1134,15445,5844,286,13406,4458,-998,14704,3212,-1506,14469,1528,899,12034,1654,2038,13885,2016,-1936,13363,4363,-2240,13789,4867,-340,12391,2546,-930,13105,223,-1257,12514,1440,842,12944,4789,1624,14475,5845,-1252,13763,6460,-1978,13973,6344,333,14193,5268,127,15167,2597,606,12914,3131,2641,14788,5903,1104,16093,6444,-1429,14283,4764,-1279,13614,4524,-354,14683,2902,-700,14146,995,685,12203,1264,1477,13422,3428,-1034,14142,4632,-3133,13447,3821,-1507,12269,2070,866,12511,639,-236,13357,1923,-333,13054,5270,1589,14091,6571,-402,14205,6659,-2916,14103,5474,-358,14576,4785,1924,13985,2769,1676
14193,3089,800,14640,6221,708,15372,6722,-140,14898,4228,-2183,13105,3178,-783,14971,2827,1109,13228,1766,421,13415,832,-287,12989,3624,-1249,13616,5271,-1222,13901,3412,-1911,11886,1153,-464,12531,1138,1288,13184,3226,64,14037,5332,-867,13840,6137,-194,13600,6504,-819,14624,5246,-1142,14694,3386,920,13254,3721,3214,14815,4347,732,15086,6112,-1074,15086,5779,149,13816,4505,-822,14323,3547,-1653,14815,1727,-195,12363,2139,2327,13458,1897,-631,13516,3790,-2706,13726,4806,-467,12462,3089,-651,12839,528,-1459,12693,579,121,12831,4408,2004,14340,5513,-311,14122,6437,-2252,13959,6336,-206,13959,5571,363,15168,3604,131,13446,2577,2012,13936,5528,2061,16013,6527,-992,14878,5089,-1442,13347,4316,-120,14451,3598,-594,14804,1498,-350,12437,928,1608,13094,2896,-235,13874,4475,-2792,13981,4134,-2110,12341,2376,554,11871,849,157,13903,1291,-1015,12617,4631,1040,14220,6275,743,14069,6747,-2489,14204,5837,-1419,14720,5194,1575,13829,3697,1913,14277,2834,799,14347,5227,850,15127,6907,438,15237,4692,-1737,13279,3072,-1654
14460,3073,815,14128,2088,547,12944,1266,0,13289,2541,-922,13218,5190,-839,13823,3748,-2149,12490,1713,-1142,12245,1102,1008,12934,2758,763,13981,4956,-502,14061,6243,-427,13850,7328,-875,14340,6002,-1575,14821,3976,636,13518,3193,3188,13804,3586,1846,15518,5420,-1465,14773,5882,-356,14441,4958,-289,13714,4329,-1513,15179,2045,-845,12739,2007,2263,13037,1531,484,13808,2978,-2910,13547,4566,-1133,13122,4007,-337,12618,1712,-1257,13249,399,-538,12413,3766,2003,14074,5540,340,14411,6689,-2434,13831,6461,-804,13861,5809,623,14769,4047,294,14123,1953,1613,13282,4494,2409,15587,6108,-511,15596,5646,-1745,13510,4156,-414,13904,4088,-146,15265,1950,-466,12426,1037,957,12959,2393,643,13518,4438,-2480,14159,4633,-2646,12998,3039,290,11633,1631,352,14053,777,-1008,12300,3848,309,14309,5828,1189,13609,6536,-1632,14447,5866,-1785,14233,5132,1183,13820,4351,1835,14526,2298,898,13746,4150,476,15184,6692,821,15236,6070,-1210,14213,3822,-2270,13595,3524,827,14698,2004,702,12654,1864,-562,13889,1213,-221,12591,5191,-893
14256,4156,-1608,12952,2457,-1928,11978,587,833,12583,1861,1358,13674,4293,-850,14148,5903,-762,13699,6832,207,13767,6027,-1103,14994,4432,-850,14013,3212,2312,13433,3572,2604,15454,5130,-604,14931,6380,-458,15108,5773,236,13360,4617,-1533,15427,2137,-1530,13106,1316,1477,12595,1430,1652,13982,2937,-2547,13326,4861,-1444,13576,4495,-224,11954,1792,-1138,13508,-365,-1191,11976,2447,1492,13703,4994,1431,14439,6155,-1638,13627,6620,-1664,14288,6078,344,14312,4885,305,14880,2018,824,13128,3894,2797,15010,6249,840,16236,6008,-1642,13465,4577,-995,14093,4330,-503,15032,2022,-664,12913,752,1040,12896,1651,1108,13162,4332,-1504,14469,4826,-2985,13091,3020,-798,11552,1392,608,13243,48,-563,12689,2918,160,13742,5830,1319,13902,6923,-802,14461,6613,-2637,14254,5157,15,14330,4610,1956,14218,2652,1530,14179,3713,995,14984,6724,819,15353,6369,-941,14356,3941,-2405,13688,3461,-415,14571,2077,1018,12693,1237,869,13500,1360,-739,12980,4698,-1060,13731,4911,-2002,13298,2675,-2126,11816,690,341,12747,1386,1619,13277,3709,540
7,5828,-1235,14158,7295,-856,13616,6724,-1280,15140,4772,-829,13977,2839,2283,13423,3268,3278,15061,4757,46,15278,6307,-1104,14867,5806,-143,13316,5097,-1222,15261,2718,-1970,13458,838,1571,12237,1340,2199,13744,2936,-2199,13673,5003,-2172,13690,4682,-707,12007,2176,-517,13528,-197,-1308,12143,1419,954,13373,4750,2144,14453,6441,-1645,13845,7040,-2299,14389,6525,327,13792,5191,422,15191,2094,667,12870,2798,2776,14498,5991,1428,16538,6449,-1600,13792,5148,-1604,14033,4948,-696,14781,2803,-202,13498,499,818,12519,824,1296,13282,4018,-801,14052,4918,-3000,13607,3640,-2045,11826,2014,518,12884,261,-47,13190,2068,17,13068,5324,1664,14292,7112,-494,14048,7397,-2769,14465,5551,-820,14152,4413,1813,13953,2312,1982,14161,2949,1022,14801,6244,789,15327,7083,-375,14763,4737,-2585,13598,3684,-1169,14984,2162,980,12516,1261,1493,13644,605,-255,12901,4164,-1093,13809,5509,-1405,13506,3403,-2668,12009,1047,-659,12902,856,1474,12642,3303,1483,14543,5200,-699,13546,6895,-966,14164,7112,-1275,14568,5501,-1327,14530,3093,1307
13380,3063,3736,14403,4231,1215,15713,6244,-1325,14887,5986,-508,13699,5106,-1130,14757,3684,-2011,14410,994,377,11981,1178,3245,13482,2108,-807,13884,4511,-2658,13726,5017,-1320,12469,3062,-765,12907,358,-1222,12770,656,371,12689,4241,2964,14327,5946,-669,14240,7058,-2974,14249,6726,-465,13712,5787,699,15232,2726,757,13102,1781,2454,14057,5289,2093,16004,6466,-1315,14816,5539,-2021,13368,4777,-599,14603,3162,-83,14147,997,554,12166,456,1227,13734,3627,-657,13644,5273,-2501,14353,3777,-2296,11645,2244,568,12594,401,213,13600,1418,-625,12590,4507,1125,14633,6510,246,13342,7290,-2385,14945,5948,-1677,14051,5194,1673,14023,2763,2334,14019,2212,1298,14392,5323,816,15407,7305,54,15276,5477,-2324,13463,3785,-1757,15013,2369,918,13016,2054,840,13626,650,352,13059,3242,-1411,13490,5579,-817,13983,3852,-2203,12091,1312,-1332,12522,372,1358,12713,2763,1166,13994,4906,-699,14080,6452,-830,13715,7481,-629,14323,5915,-1652,14746,3614,452,13697,2542,3395,13520,3518,2198,16076,5727,-887,14942,6218,-850,14151,5807,-734
14553,4459,-1943,14870,1320,-500,12235,925,3127,12900,1688,436,14075,3838,-2923,13611,5006,-1535,12805,3717,-452,12412,698,-1198,13150,-12,-381,12308,3528,2479,14217,5691,559,14143,6818,-2670,14006,6451,-1125,14080,5862,727,14798,3661,312,14215,1812,1781,13356,4918,2781,15998,6835,-341,15348,6105,-2185,13301,4977,-1060,14709,3772,-298,14285,1113,309,12409,266,1333,13262,2554,383,13552,4761,-2370,14185,4378,-3282,12667,2630,-107,11831,922,538,13561,859,44,12599,4025,622,14353,6421,517,13789,6873,-1910,14552,6228,-2420,14399,4933,892,14016,3822,2517,14254,2454,1580,14205,4924,714,15584,7240,58,15077,5694,-1754,13510,3722,-1965,14681,2460,341,13588,1607,1673,12857,731,727,13354,2400,-1699,13539,5632,-1377,13555,4713,-2225,12993,1836,-1410,11841,280,880,13022,1936,1993,13346,4591,-42,14373,6486,-1815,14077,7706,-1043,13809,6625,-1207,15326,3894,179,13617,2195,3050,13312,3397,2670,15799,5490,-835,14883,6452,-1560,14451,5662,-386,13789,4914,-1445,15205,1756,-907,12852,694,2590,12339,1762,974,14400,3410,-2774
13554,5070,-2268,13156,4350,-550,12463,1477,-752,13188,-152,-679,12331,2595,2080,13644,5695,1178,14656,6918,-2934,13951,6890,-1917,14025,5999,1030,14224,3958,539,14729,1491,1403,12977,3736,2629,15401,6756,134,16146,6505,-2119,13144,5101,-1474,14775,4575,-40,14462,1574,453,12482,147,994,13307,1883,139,13173,5113,-1283,14389,4718,-2813,12557,2924,-1170,12207,1189,697,13089,399,-499,12829,3074,492,13951,5642,1024,13875,7151,-1121,13989,6868,-2417,14816,5007,57,13670,4182,2314,14258,2120,2082,14206,4138,522,15137,7078,687,15507,6558,-1059,13978,4347,-2610,14287,2777,-383,13974,1742,1430,12484,1183,1265,14065,1631,-1395,13058,5230,-901,13894,4806,-1358,12936,2141,-2298,12228,92,74,12555,1523,1591,13051,4296,421,14714,5944,-1017,13439,7227,-598,13812,6909,-1322,15141,4881,-983,14210,2498,2166,13151,3203,3592,15125,5078,418,15733,6530,-1441,14341,5864,-515,13896,4814,-1342,15091,2414,-1776,13367,542,1941,12430,1690,2410,14025,3171,-2279,13931,4697,-2708,13149,4566,-623,12190,1928,-619,13311,-240,-855,12168,1669,1416
14913,2421,1200,13408,2073,2417,14060,5808,1629,16448,6770,-1472,14375,5651,-2370,13986,4583,-576,14729,2901,548,13556,553,1058,12601,815,794,13295,3896,-554,13679,5161,-3249,13808,4239,-2500,12317,1906,566,11849,470,879,13737,1364,453,12819,4828,270,14544,6871,-515,13802,7017,-2258,14269,5633,-1490,14609,4291,1751,13602,3046,2926,14441,3039,977,14750,5965,68,15239,7493,-387,14994,5253,-1839,13328,3666,-1492,14892,1925,947,12841,1387,1999,13249,974,-398,13433,3543,-2319,13608,5859,-1126,13432,3910,-1930,12893,655,-747,11906,109,1267,13094,2752,1755,13849,5525,-874,14123,6943,-1795,14198,7664,-585,13706,5822,-1041,15264,3168,690,13492,2814,3386,13606,4582,1584,16343,6395,-1228,14445,5955,-1029,13962,5402,-402,14573,3756,-1543,14503,497,201,12300,910,2619,13122,2603,-23,14239,4207,-3028,13576,4766,-2093,12702,3284,-142,12711,707,-681,12888,256,-12,12589,3689,2363,14060,6572,-38,14526,7176,-3398,14141,6892,-1172,14006,5565,1079,14251,2986,1071,14103,1473,2029,13358,4586,2158,15978,6526,-537,15064,5837,-2386
13474,4589,-1252,14645,3797,319,14189,904,1130,12528,363,868,13476,2938,-290,13673,5637,-2407,14272,4955,-3071,12548,2261,99,11870,803,1117,13542,849,94,12916,3899,43,14136,6434,-35,13853,7099,-1721,14288,6347,-1866,14374,4116,1112,13517,3079,3008,14139,2160,1424,14590,5103,-76,15277,7636,-104,15397,6291,-1510,13851,3997,-1843,14413,2378,765,13862,1774,1460,12652,1390,339,14098,2452,-2018,13090,5794,-790,13866,4458,-1404,12719,1266,-1673,11930,-246,850,12696,1748,1368,13372,4565,-200,14266,6024,-1471,13680,7171,-373,13719,6426,-1251,15173,4105,-579,14102,2591,2919,13088,3754,2835,15918,5969,-357,15109,6661,-1457,14452,5966,-363,13978,4549,-1205,14990,1472,-1116,12907,432,2477,12562,2080,1370,14428,3514,-3005,13374,5082,-2343,13438,3676,-304,11634,967,-404,13368,-712,-660,12204,2238,1484,13758,5967,1357,14325,6870,-2314,14013,7033,-2390,14244,6209,610,14319,4245,1083,14635,1860,1430,13138,3556,2705,15245,6832,547,16040,6471,-2107,13598,5085,-1899,14419,4159,-97,14473,1379,622,12743,339,979,13116,1422,539
13597,1683,43,13088,5373,158,14443,7012,-654,13737,7286,-2228,14519,5127,-854,13873,4014,2361,13831,2736,2583,14367,3411,447,14832,6336,168,15412,7415,-624,14585,4808,-1977,13690,3280,-706,14588,1756,1308,12694,1428,1399,13721,1279,-837,13207,4119,-2071,13729,5947,-929,13680,3241,-1823,12108,419,-412,12413,503,1421,12860,3507,965,14238,5733,-1275,13917,6655,-1117,13647,7135,-591,14400,5152,-932,14787,2728,900,13460,3116,3160,14267,4655,1350,15873,6446,-1169,14835,6243,-417,13895,5355,-561,14487,3461,-1718,14637,461,265,12068,1253,2422,13621,2576,-488,14049,4290,-2920,13409,4984,-1294,12940,2896,-90,12290,511,-993,12949,440,233,12656,4215,2304,13983,6054,-257,14887,6642,-3142,13725,6414,-569,14240,5260,1066,14512,3295,613,13856,2341,1809,13991,5609,2024,15829,6560,-618,14948,5569,-2130,13468,3984,-820,14256,3447,340,14479,1360,680,12525,763,775,13192,2993,-262,13651,5112,-2647,14249,4449,-2656,12314,1704,395,11752,396,948,13856,1078,-301,12928,4770,85,14301,6523,322,13713,7096,-1882,14291,6051,-1846
14663,4363,1362,13423,3463,2896,14435,2272,945,14278,5114,78,15301,7517,-80,15260,5736,-1692,13541,3402,-1466,14309,2326,1198,13637,1948,1158,13121,1535,-299,13846,2503,-1922,13133,5561,-720,13867,3878,-1373,12556,1274,-1384,12079,312,951,12886,2780,921,13881,5138,-845,14107,6311,-928,13805,6873,-36,13762,5725,-1339,15118,3740,-195,13670,2984,2868,13368,3936,2315,15800,5642,-595,14806,6583,-1298,14695,5513,-343,13820,4328,-1214,14943,1478,-1315,12988,1233,2387,12792,2107,1091,14142,3466,-3082,13592,4848,-1638,13096,4154,-273,12192,1196,-674,13127,42,-806,12440,2793,1406,13793,5430,1045,14325,6274,-2149,13670,6383,-2028,14286,6114,761,14253,4529,842,14793,1949,1421,13085,3864,2649,15061,6570,193,16199,6274,-2323,13478,4475,-1288,14208,3992,226,14808,1990,86,12999,1072,966,13032,1901,472,12995,4554,-2133,14381,4743,-3102,13130,2787,-492,11405,1086,1298,13359,558,-291,13004,3497,-387,13684,6155,878,14022,6564,-888,14079,6349,-2579,14536,4626,310,14059,4523,2453,14279,2710,1455,14398,3989,400,14907,6859,523
15311,6524,-984,14333,4010,-2283,13598,3041,240,14519,1851,1298,12608,1812,36,13948,1384,-1087,12760,4667,-1213,13924,4850,-1095,13185,2403,-2193,11873,378,420,12771,1846,1625,13427,4115,-326,14511,5703,-1051,13566,6764,-91,13765,6711,-1220,15063,4954,-1174,14178,3043,2290,13159,3465,2999,15046,4961,179,15423,6200,-1071,14742,5841,-293,13443,4395,-932,15082,2466,-1594,13688,1109,1126,12380,1727,2573,13981,2693,-2297,13553,4499,-2411,13881,4816,-504,12055,2164,-773,13243,82,-1158,12506,1763,884,13328,5163,1873,14394,6093,-1157,13601,6754,-2413,14421,6248,23,13807,5201,799,15171,2426,776,12825,2686,2541,14694,5830,1417,16143,6433,-1655,14275,4777,-1788,13594,4348,-269,14804,2469,-23,13810,1057,704,12608,1313,1207,13223,3843,-1113,14011,5092,-3249,13942,3979,-1738,11990,1799,1140,12260,327,335,13581,2006,-239,13056,5545,856,14202,6643,-317,14000,6714,-2637,14298,5049,-902,14291,4648,2254,14037,2797,2045,14270,2958,822,14773,6181,785,15187,7225,-343,15317,4798,-2567,12989,3454,-776,15050,1991,1411,12543,2108,555
14105,989,-455,12818,3747,-1391,13509,5258,-1037,14091,3321,-2141,11837,924,-580,12672,950,1575,12969,3376,435,14339,5215,-993,13610,6386,-301,13755,6975,-802,14467,5221,-1371,14611,3119,1081,13276,3342,3400,14597,4333,1106,15622,6476,-1024,14871,6201,-333,13734,5052,-868,14728,3398,-1685,14430,769,88,11950,1279,2931,13803,2039,-924,13601,4480,-2702,14028,5157,-888,12346,3179,-764,12920,208,-1263,12607,431,-2,12679,4057,2407,14265,5567,2,13744,6748,-2504,14382,6463,-822,13730,5817,411,15266,3267,257,13590,2166,2357,14034,5305,2490,15833,6600,-766,15286,5429,-2087,13176,4447,-782,14555,3216,-296,14321,1320,364,12444,897,1663,13260,3100,-23,13537,4891,-3089,14456,4353,-2892,12147,2544,524,11894,472,602,13656,1144,-192,12678,4355,885,14475,6276,455,13641,7038,-2532,14669,5922,-2292,14465,5186,1471,13917,3586,2626,14398,2154,1366,14072,4895,883,15196,7182,-39,15569,5737,-2425,13120,3818,-1835,14736,2612,1279,13419,1937,858,13220,847,64,13450,2512,-1396,13001,5632,-944,14194,4183,-2223,12233,1591,-1285
12654,313,1332,12540,2436,926,14331,4478,-725,13804,6317,-684,13891,7483,-394,14280,6131,-1985,14618,4181,123,14004,2965,3343,13212,3185,2251,15634,5368,-535,14812,6603,-853,14595,5480,-727,13901,4256,-1609,14820,1574,-943,12821,1454,2523,13126,1610,1243,13651,3432,-3078,13810,4924,-1326,13095,4129,-747,12359,1088,-1190,13166,275,-573,12424,3163,1953,13947,5547,1164,14084,6653,-2173,14129,6587,-1539,13633,6132,263,14609,3804,245,14313,1770,1604,13160,4030,2941,15412,6164,301,15902,6369,-2094,13510,4907,-1375,14281,4466,-446,15060,1793,-138,12521,629,1518,13367,2068,1056,13085,4320,-2250,14487,4817,-3480,13006,3395,-475,11637,1743,682,13760,818,-213,12421,3135,735,13980,5632,1109,13696,6524,-1683,14342,6178,-2793,14315,5058,582,13902,4511,2104,14531,2410,1552,14135,3954,1111,14931,6950,626,15681,6505,-1509,14077,3801,-2648,13599,3061,635,14649,2063,1184,12576,1417,84,13765,1233,-557,12821,5499,-1367,14262,4929,-1723,12967,2687,-1928,11964,248,816,12549,1545,1259,13627,3513,-433,13799,5595,-783,13992,7127,-119
13791,6518,-1394,14907,4988,-877,14476,3335,2353,13113,3278,2725,15302,4550,-12,14975,6395,-706,14937,5927,-352,13665,4024,-1240,14203,2782,-1207,14460,1831,685,12392,1761,2218,13839,2063,-2087,13513,4647,-1991,13827,4730,-457,12067,2144,-1419,13209,-46,-951,12308,1958,1094,13463,4777,1865,14375,5712,-991,13801,6674,-2024,14377,6619,-348,14100,5208,-84,15134,2719,743,12938,2614,3213,14259,5514,1686,16487,6567,-1391,14152,4867,-1882,13490,4834,-504,15218,2542,-906,13607,1045,882,12873,1165,1889,13157,3676,-1112,14204,4845,-2468,13481,3611,-1883,11658,2337,349,13086,755,-640,13233,1908,-43,13179,4720,2300,14047,6264,-90,14033,6735,-3299,14380,5783,-991,14198,5128,1792,14070,2852,1701,14345,2438,1661,13919,5840,1459,15955,6892,-730,15058,4853,-3164,13126,3660,-735,15041,2356,1293,12665,1836,584,14156,607,249,12360,4058,-968,13935,5025,-1492,13720,3692,-2849,12020,974,-389,12359,1432,1750,13425,2683,229,13869,4752,-485,13727,6479,194,13849,6948,-1372,14579,5974,-1935,14899,4000,1140,13129,3284,3543,14736,3464,1307
14967,5494,-602,15070,6487,-470,14251,4817,-1405,13894,3710,-1285,15012,1805,109,12425,2051,2127,13641,1199,-167,13168,3938,-3059,14210,4965,-638,12350,3763,-1111,12932,529,-1212,12287,862,863,13071,3933,1607,14011,5266,-313,14000,6458,-1982,14352,6589,-851,13918,6112,-83,15384,3669,170,13598,2011,2798,13496,4465,2434,16110,6221,-879,15085,5658,-1970,13334,5131,-540,14574,3916,-867,14688,1731,-509,12371,703,2209,13041,2526,-19,13898,4315,-2625,13948,4333,-1951,12376,2943,2,12167,1146,-225,13879,935,-724,12467,3907,1441,14203,5701,1192,13818,6554,-2587,14228,6248,-2052,14467,5757,1318,14081,4208,1489,14418,2036,1473,13730,4445,1934,15578,7074,-43,15508,5567,-2498,13365,3739,-1847,14374,3598,641,14047,1833,647,12894,567,673,13118,1772,-351,13197,5075,-1423,14192,4241,-2781,12657,2196,-1359,12168,1633,1226,13210,2125,779,13513,4063,-128,13894,5780,80,13667,7001,-993,14415,6208,-2253,14793,4681,80,14059,3709,2831,13754,2966,2054,15045,4747,-58,14918,6388,-336,14812,5369,-997,13589,3814,-1666,14668,2261,-444
13446,2043,1397,12824,1362,1121,13659,2563,-2513,13564,4918,-1111,13374,4838,-876,12886,1890,-1683,12451,590,-215,13159,2569,1660,13265,4712,839,14590,5660,-1562,13653,6536,-882,13943,6607,-468,14986,5045,-397,14262,2473,1741,13270,3379,3173,14912,5476,432,15904,5888,-1650,13617,4652,-844,13743,4370,-668,15306,2602,-1323,13232,979,1497,12684,1820,1970,13615,3396,-2435,14108,4741,-2777,13199,3852,-327,11565,1995,38,13768,366,-983,12412,2727,654,13553,5602,1872,14451,6239,-1393,13853,6597,-2806,14463,5440,563,13885,5221,1454,14934,2112,994,13125,3136,1822,14771,6523,1129,16030,6331,-1689,14010,4049,-2504,13604,3723,310,14759,2242,635,12925,1687,-22,13544,868,626,12569,4608,-1124,14098,4423,-2155,13401,3074,-2211,11934,1624,645,12779,1510,1041,13606,3191,-333,13658,5156,241,13999,6614,-14,13553,6502,-2075,15110,5079,-1090,14049,4258,2216,13630,3153,2735,14738,4076,458,14986,5698,-40,15074,6224,-305,14041,4231,-2230,14002,3396,-827,14648,1996,1225,12171,2088,1165,14179,971,-872,12750,4083,-2018,14087,4908,-482
5,3165,-2091,12792,760,-901,12481,1808,1913,13116,4311,1110,14654,5203,-1285,13405,6283,-1058,14102,6554,-157,14322,5812,-922,15129,3073,784,13100,2955,3338,14128,4825,1337,16344,6243,-1623,14277,5251,-1012,13413,4431,-389,14704,3468,-1218,14425,1324,-148,12225,1385,2709,13311,2621,-968,14024,4454,-3020,13570,4272,-907,12110,2981,-69,12960,764,-979,13387,1554,-340,12550,4776,2170,14470,5603,246,13911,6533,-2734,14178,5729,-697,14281,5992,1346,14740,3604,682,13880,2238,1532,13779,5606,2171,15927,6478,-525,14973,4788,-2586,13212,3519,-646,14619,3341,633,14129,1816,-247,12728,852,945,13120,2970,-480,13573,5111,-1808,14100,3677,-2566,11958,1804,-326,12284,1682,1157,13801,2285,-273,13117,4564,181,14177,5902,617,13266,6816,-1697,15062,5693,-2138,14109,4877,1185,13994,3476,2829,14243,3057,1344,14814,4891,54,15127,6626,-71,14533,4961,-1939,13743,3824,-1916,14838,2560,1119,12907,1898,1199,13144,1470,-245,13979,2659,-1772,12832,5415,-618,13695,3471,-1630,12295,1522,-1834,12718,779,1337,12771,3341,1673,13995,4974,-738
14143,5745,-1438,13687,6800,39,14222,6190,-1013,15247,4127,-258,13645,2833,3008,13675,4079,2564,15702,5913,-1041,15043,5701,-1341,13821,4529,-107,13979,4023,-945,15293,2056,-1102,12440,1362,2242,12936,2094,758,13951,3376,-2981,13605,4328,-1745,13104,3455,124,11795,1718,-860,14037,667,-1085,12160,3747,1593,13958,5484,1186,14340,6110,-2140,13537,6152,-1814,14703,6023,1078,14095,4763,917,14834,2175,826,13270,4275,2254,15355,6410,393,15776,5464,-2157,13234,3642,-1290,14138,4012,291,14822,2252,-172,12745,955,675,13076,1823,-32,13446,4760,-1671,14095,4359,-2186,12693,2484,-969,11957,1705,861,13417,1564,-123,13173,3962,-237,13950,5474,890,13617,6553,-920,14460,5992,-2424,14385,5303,275,14338,4470,2545,13758,2655,1551,14553,3973,443,15020,6099,254,14759,5837,-1021,14364,3731,-2270,13820,3267,154,14478,2375,1118,12599,2068,69,14122,1037,-1099,12725,4662,-1353,13996,4311,-470,12862,2565,-2342,12470,912,119,12765,2351,1793,13463,4550,-269,14286,5331,-1372,13649,6082,-184,13430,6370,-574,15269,5022,-881,14134,3221,1692
13166,3372,3284,15082,4928,21,15528,6056,-1476,14796,4777,-376,13042,4384,-604,15419,3150,-1419,13764,1850,533,12362,1953,2407,13588,2209,-2212,13616,4315,-2729,13799,4400,-9,11536,2810,-384,13709,427,-1132,12457,2076,615,13132,5225,1770,14693,5548,-1009,13425,6229,-2483,14319,5811,255,14155,5656,1298,15134,2782,557,13257,3117,2024,14516,6355,1204,16279,6187,-1559,13888,4221,-1529,13640,4169,-6,15038,2880,-95,13389,1273,466,12759,1226,612,12978,4062,-948,14017,4585,-2816,13382,3420,-1329,12195,1790,817,12552,1029,177,13565,2445,-140,13248,5223,587,14372,6693,-125,13817,6624,-2424,14561,5239,-681,14375,4936,2062,13904,3046,1973,14301,3733,677,14847,5647,482,15058,6582,-186,14656,4266,-2214,13247,3427,-888,14894,2577,1277,12589,2336,563,13838,1034,-772,12900,3570,-1501,13543,4694,-623,13451,3095,-1920,12408,1039,-997,12660,1457,1686,13147,4059,719,14416,5486,-1367,14088,6263,-420,13447,6901,-271,14645,5376,-1352,14761,3623,915,13259,3088,3398,14149,4395,1217,15706,6114,-1367,14687,5431,-536,13520,4407,-380
14482,3331,-1435,14539,1598,-287,12628,1988,2852,13128,2204,-555,14200,3772,-3282,13209,4820,-962,12953,3619,-81,12779,1235,-1060,13078,997,32,12662,4535,1984,14282,5664,-308,14150,6398,-2689,13844,5821,-430,13938,5536,1155,14716,3643,658,13987,2112,1610,13432,5282,1896,16251,6218,-972,14946,4971,-2059,13207,3912,-458,14907,3859,186,14252,2076,21,12965,1091,947,12850,3218,-305,13886,4592,-2596,13998,3981,-2435,12245,2228,627,12159,1338,583,13518,1663,-470,13053,4395,275,13988,6101,379,13945,6247,-1866,14296,5443,-1479,14416,4813,1510,13974,3985,2293,14246,3220,775,14419,4910,261,15105,7006,433,15110,5096,-1501,13635,3322,-1739,14464,3170,1252,14007,2370,523,12771,1903,-785,14089,1982,-1080,12449,4890,-484,14068,3200,-1272,12504,1595,-1856,12439,951,833,12766,3075,985,14099,4780,-880,13911,5744,-855,13739,6436,176,13851,5970,-1378,15321,4399,-473,13699,3490,2914,13453,3847,2408,15745,5475,-732,14630,5946,-933,14685,4664,-463,13489,3556,-1132,14985,2348,-937,13600,2109,1521,12437,2006,1195,14224,2521,-2862
13040,4319,-1369,13494,3947,-139,12060,1913,-1019,13407,432,-878,12500,3473,1216,13646,5495,1047,14628,5775,-1769,13314,6069,-1416,14397,5816,573,14452,4706,411,14562,2555,1055,13544,3936,2497,14950,6289,419,16038,5481,-1916,13370,4287,-905,14105,4430,-32,15082,2281,-395,12974,873,1020,12918,1960,636,13396,4054,-1964,14230,4323,-2795,12806,3266,-341,12126,1978,620,13106,1267,-378,13080,2912,-25,13623,5330,1079,13643,6144,-863,14408,5875,-2832,14275,5320,441,14409,4924,2102,14288,2892,1361,14171,3970,823,15056,6340,617,15155,6027,-899,14353,3741,-2249,13467,3301,-20,14719,2810,950,12798,1855,305,13500,990,-623,12773,4414,-1200,13954,4431,-1356,13297,2677,-1837,12057,847,69,12864,1735,1374,13307,4007,48,14193,5438,-925,14103,6443,-192,13297,6491,-1243,15102,5097,-924,14232,3667,1919,13277,3570,2948,15206,4591,305,14921,6147,-935,14846,5643,-156,13562,3998,-1100,14423,2873,-1315,14416,1794,811,12388,2363,2042,13789,1650,-1609,13313,3943,-2726,13595,4894,-388,12621,2930,-826,12941,714,-971,12964,1486,887
12749,5203,1702,14810,5889,-1195,13642,6592,-2233,14086,6300,147,14126,5058,460,14836,2919,613,13266,2847,2368,14163,5596,1329,16058,6140,-1646,14016,4602,-1278,13787,4603,-179,14798,3140,-580,14029,873,604,12396,1461,1214,13477,3742,-996,14138,4648,-2889,13430,3808,-1300,12319,2251,557,12760,1410,-448,13602,2211,-390,12865,4820,1408,13997,6189,60,13967,6353,-2697,14189,5274,-582,14249,5107,1836,13879,3101,1540,14321,3107,708,14385,5746,985,15518,6587,16,14839,4495,-2190,13238,3186,-978,14836,3269,1089,13593,2304,200,13332,1270,93,13037,3272,-812,13282,5117,-1383,14091,3332,-2324,12176,1301,-541,12356,1390,1529,13327,3009,417,13679,5056,-812,14038,5836,-302,13366,6801,-840,14671,5531,-1415,14463,3787,906,13470,3653,3344,14363,3912,1187,15311,5748,-973,14894,6253,-218,14385,4722,-976,14071,3075,-1322,14179,2267,352,13754,2608,1661,12637,2358,-410,14191,2532,-2548,12683,4685,-827,13522,3386,-488,12716,1132,-1509,12604,587,532,12875,4120,1674,14083,5662,-568,14504,6315,-2031,13623,6268,-120,13877,5497,154
15064,3832,148,13784,2607,2065,13730,5045,2443,15871,6106,-892,14864,5371,-1531,13656,4724,-475,14357,4033,-687,14718,1429,-295,12450,641,1553,12977,2683,99,14205,4194,-2592,13658,4261,-1983,12652,2720,225,12299,1591,-243,13722,1252,-774,12701,3914,940,13900,5797,1088,13882,6243,-2099,14145,5938,-1944,14419,5258,1197,13894,4212,1729,14440,2587,899,13962,4651,1496,15407,6765,493,15082,5306,-1985,13796,3243,-1925,13845,3558,580,14596,2226,558,12711,1467,371,13461,1632,-720,13098,5206,-1227,14074,3954,-1847,12922,1837,-1325,11834,1348,828,13448,2083,531,13402,4568,-664,14123,5369,-49,13450,6489,-191,14117,6009,-1843,14964,4656,-381,13895,3957,2686,13736,3226,2088,15178,4799,-353,15029,5884,-106,14483,5445,-420,14103,3424,-1792,13958,2594,-313,14229,2358,1488,12517,2506,285,14194,1672,-1795,12839,4232,-1496,13571,4564,-235,13071,2266,-1724,12444,498,-398,12791,2521,1834,13243,5334,286,14933,5665,-1919,13004,6122,-613,13916,6039,226,14922,4821,-499,14253,2641,1210,13494,3832,3027,14847,5708,546,15995,5711,-1825
13568,4421,-358,14058,4577,-548,15235,2872,-1222,13202,898,847,12693,2091,1543,13426,3554,-1762,14199,4326,-3002,12991,3457,-123,12127,2288,93,13275,1160,-1044,12887,2605,217,13265,5583,1464,14216,5975,-923,13874,5901,-2492,14057,5063,485,14201,5210,1663,14696,3067,746,13904,3629,1181,14755,6444,1270,15561,6274,-991,14537,3808,-2115,13033,3457,127,15039,3038,670,13161,1971,-156,13340,936,234,12745,4148,-952,13655,4705,-2064,14024,2951,-1990,11632,1450,679,12709,1537,968,13608,3262,-187,13564,5251,-279,14175,6294,-25,13284,6587,-1649,15166,5255,-1182,14202,4255,1970,13410,3742,2739,15158,4153,133,14469,5724,-485,15029,6037,161,14135,4127,-1623,13693,2536,-1086,14317,2626,1311,13149,2609,750,13474,1733,-1358,13380,2952,-1749,13046,4961,-585,13827,2962,-1340,12414,1109,-1259,12884,1365,1546,12662,4822,1144,15058,5550,-1581,13553,6579,-1480,13965,6536,620,14065,5347,-476,15033,3163,285,13202,3077,2722,14401,4916,1569,15691,5878,-1551,14653,4776,-609,13664,4705,-95,14600,3563,-1269,14622,1323,-210,12206,1469,1968
13527,2858,-496,13766,4364,-2683,13650,3778,-1129,12173,2988,232,12804,1423,-1108,13717,1787,-721,12538,4845,1802,14297,5527,432,13851,6479,-2563,14224,5391,-736,14068,5392,1463,14128,3527,922,14290,2557,815,13946,5504,1783,15676,6497,-18,15139,4727,-2314,13064,3050,-982,14472,3571,731,14322,2260,-439,12735,1187,602,13342,2694,-497,13076,5248,-1623,14787,3473,-2074,11752,1507,-402,12324,1348,1010,13636,2637,-436,13480,4867,-325,14151,5569,717,12985,6529,-844,15154,5365,-1825,14035,4517,761,13875,3871,2769,14527,3609,1009,14838,5168,-371,14935,6199,426,14382,5071,-1138,14317,2885,-2066,13844,2543,730,13884,2955,1720,13218,2044,-784,13751,2094,-1856,12812,4350,-784,13542,3703,-1026,12998,1680,-1521,12464,938,452,12695,3964,1923,13921,5339,-607,14327,5666,-1853,13407,6049,-20,14029,5455,-171,15013,4358,-523,13916,3284,2129,13825,4674,2788,15566,5739,-763,15077,5437,-1425,14168,3903,45,13411,3779,-755,15465,2234,-1248,12878,1620,1383,12761,2381,809,13991,3643,-2511,13622,4329,-1787,13140,2929,128,11539,1961,-209
14107,928,-1418,12329,3778,902,13739,5405,1350,14157,5651,-1794,13714,5900,-1978,14349,5557,857,14176,4770,1332,14674,2686,827,13841,4037,1767,14921,6689,749,15827,5666,-1991,13938,3534,-1520,13290,3829,948,15157,2124,-186,12669,1806,194,13682,1539,57,12743,5183,-1722,14503,4028,-2098,12855,1967,-980,11570,1316,1355,13338,1715,-28,13294,4025,-875,13982,5359,520,13256,6488,-228,14470,5717,-2195,14546,4972,-244,14318,4599,2520,13785,3469,1723,15071,4580,-85,14633,6114,325,15059,5779,-417,14082,3521,-2215,13833,2099,-210,14030,3178,1797,13369,2162,95,13364,1955,-1797,13142,3625,-1398,13184,4547,-859,13491,2199,-1557,12095,664,-241,12882,2354,2280,13121,5044,0,14930,5805,-2014,13396,6683,-504,13876,6085,-134,15054,4968,-431,14280,2949,1184,13408,3829,3315,15063,5305,406,15384,5828,-1808,14421,4495,-212,13356,4541,-698,15271,2708,-1412,13412,1207,1124,12396,1936,1799,13902,3041,-1841,13701,4513,-2620,13563,3717,-388,11588,2558,-183,13718,758,-1327,12764,2466,435,13209,5350,1843,14336,5836,-1006,13979,6375,-2485
6,5448,307,14205,5046,1431,14724,2798,813,13484,2916,1515,14517,6267,1633,15953,6170,-1402,14081,4454,-2130,13813,4298,-312,14813,2725,349,13296,1147,720,13161,1068,249,13024,4207,-805,14161,4794,-2766,13584,2990,-1730,12027,1770,585,12732,1570,439,13448,2802,45,13305,4952,201,13976,6250,-16,13620,6253,-1963,14949,4984,-1114,14000,4580,1928,14004,3279,2448,14624,4005,388,14852,5795,244,15118,6607,-57,14280,4126,-2258,13982,2716,-1246,14104,2853,1727,13490,1826,835,12998,1825,-1051,13940,2969,-1271,12621,5739,-1116,14165,2777,-1794,11921,1285,-1278,12872,1082,1830,12761,3960,1597,14305,5493,-1765,14073,6109,-897,13365,6668,-184,14695,5303,-1158,14794,3500,659,13433,3226,3171,14244,4553,1789,15655,6121,-1429,14862,5256,-1015,13508,4303,-260,14376,3536,-1512,14648,1368,-126,12521,1606,2774,13343,2783,-635,14135,4090,-3065,13513,4515,-1280,12370,3139,-23,12738,1037,-1061,13073,1396,-336,12789,4391,2153,13995,5796,50,14208,6548,-2800,13946,5699,-901,14142,5692,1190,14699,3303,1136,13924,2102,1329,13762,5381,2103
16018,6569,-651,14939,5246,-2529,13373,4380,-759,14805,3421,169,13897,1396,624,12823,536,893,13166,3202,-514,13635,5068,-2260,14165,3822,-2675,12034,2160,358,12196,1306,738,13582,1705,172,13006,4259,185,14164,6041,178,13699,6825,-1809,14803,5575,-1761,14221,4613,1498,13967,3550,2742,14310,3359,932,14816,5579,91,15214,7005,108,14616,5009,-1706,13766,2881,-1858,14117,2314,1189,13617,2097,1110,12938,1427,-50,13671,2260,-1651,13077,5580,-1147,13950,3804,-1527,12613,1702,-1865,12341,537,1183,12960,3199,1830,13730,5125,-564,14413,6025,-1602,13638,7170,-170,14093,5763,-1116,15112,3977,-142,13659,3050,2886,13836,4070,2349,15604,5682,-751,14863,5284,-1263,13672,4944,-398,14132,4342,-1325,14979,1583,-632,12649,1000,2382,12801,2331,651,14297,3576,-2998,13528,4633,-2202,12916,3767,-102,12410,2000,-935,13555,885,-492,12394,3341,1952,13702,5648,861,14559,6443,-2619,13777,6250,-1601,14310,5585,1000,14060,4051,919,14493,2274,1053,13355,4556,2213,15383,6601,129,15559,5434,-2144,13171,4051,-1451,14622,4145,184,14522,1961,471
12709,616,820,13253,2082,18,13213,5012,-1736,14300,4332,-2769,12573,2548,-396,12030,1667,706,13428,1529,-109,13108,3681,157,13893,5520,480,13805,6663,-1074,14294,6202,-2006,14422,4831,492,13916,4066,2482,13817,2823,1380,14772,4437,107,14714,6487,420,15273,5947,-946,14081,3654,-2716,13730,2901,521,14574,2653,1860,12585,1779,-320,13900,1205,-971,12682,4537,-1257,13678,4770,-1433,13482,2428,-2150,11918,662,33,12952,2213,2356,13210,4771,-29,14726,5663,-1914,13582,6569,34,13470,6160,-505,15253,4627,-973,14080,2948,1914,13333,3730,3194,15314,5318,-60,15189,6084,-1404,14486,5309,-127,13662,4705,-1049,15218,2387,-1494,13256,732,1454,12298,1786,1809,14237,2935,-2074,13690,4509,-2295,13239,4214,-386,12020,2702,-737,13897,734,-1549,12019,2334,1155,13583,4873,2060,14121,5769,-1422,14044,6412,-2183,14212,5897,290,14064,5058,1014,15020,2667,686,13131,3348,2077,14922,6250,1675,15859,5987,-1526,13922,4154,-1923,13913,4305,-377,14983,2557,-25,13178,1052,813,13060,1140,916,12962,4138,-1096,14199,4803,-2848,13534,3195,-1470
11849,2012,524,12884,1283,39,13316,2770,109,13445,5042,831,13940,6089,-155,13729,6106,-2259,14749,5137,-967,14151,4892,2078,13797,3161,1972,14898,3823,522,14517,5642,696,15337,6474,-220,14361,4360,-2684,13801,2547,-973,14129,3283,2054,13541,2148,699,13205,1647,-1282,13600,2751,-1107,12652,5294,-1342,14273,2907,-1881,11805,1282,-844,13038,971,2024,12570,3841,1098,14718,5273,-2034,14050,6330,-505,13325,6745,-213,15039,5423,-1330,14551,3584,874,13342,3633,3262,14658,4424,1194,15169,5840,-1384,15152,5324,-423,13303,4487,-557,14637,3432,-1510,14463,1919,-186,12501,1906,2566,13305,2053,-1018,13735,3688,-2765,13641,4111,-490,12061,3159,-196,13191,840,-1350,12822,1546,-506,13125,4896,2136,14098,5543,-10,14172,6494,-2334,13865,5946,-429,14251,5899,893,14640,3514,685,13721,2103,1537,13738,5083,2240,16036,6308,-681,15064,4964,-2200,13042,4436,-543,15004,3757,-221,14066,1890,-194,12625,663,1333,13089,2889,-576,13625,4522,-1943,14225,3666,-1937,11793,2460,-198,12653,1688,78,13526,2348,-688,13021,4371,641,14154,5711,1110
13276,6191,-1799,14855,5339,-1825,14189,5273,1340,14006,3628,1954,14410,3256,874,14414,5043,587,15384,6987,357,14689,5632,-2004,14212,3073,-2196,13971,2336,1394,13317,2254,1531,13625,1727,-877,13291,2612,-1496,12892,4951,-810,13746,3825,-1732,12850,1777,-1509,12441,993,1193,12589,3048,1728,14073,4648,-1042,13886,5820,-1145,13745,6609,82,14144,5982,-1141,15336,4407,-249,13569,3846,2725,14070,4356,2286,15534,5507,-957,14750,5349,-606,14228,4321,-262,13608,3686,-1239,15033,2265,-944,12956,2346,1561,12919,1932,1072,13860,3100,-2993,13552,4180,-1469,12956,3859,0,12201,1481,-948,13370,699,-680,12556,3885,1500,13992,5244,690,14358,6117,-1978,13954,6288,-1320,14256,6429,518,14596,4508,813,14277,2313,1298,13385,3869,2300,15096,6164,214,15730,5485,-2076,13409,3788,-897,13972,4079,356,15149,2261,-793,12651,1059,907,13380,1966,89,13188,4607,-1860,14553,3897,-1710,12163,2442,-395,12157,1520,411,13608,1469,-765,12816,4130,-178,14131,5603,1338,13207,6605,-800,14593,5698,-2500,14224,5153,672,14091,4203,2203,14114,2497,1074
14245,4281,776,15326,6618,802,15013,6006,-1270,14390,3725,-2773,14027,2373,264,13853,2674,2031,13388,1776,-8,13433,1895,-1302,12956,4442,-950,13295,4293,-1654,13471,2411,-2134,12092,962,193,12790,2460,2266,13442,4345,-115,14286,5537,-1513,13733,6309,-49,13450,5824,-1036,15483,4456,-742,13738,3687,2128,13915,4022,3101,15193,5310,-244,15294,5752,-1298,14607,4981,-267,13495,3588,-1010,14733,2531,-934,13568,2011,894,12539,2363,1592,14003,2556,-2003,13251,4439,-2324,13836,4258,-350,11862,2083,-718,13383,70,-856,12260,2377,1159,13703,5139,1407,14199,5807,-1412,13783,6150,-1876,14055,6455,-102,14621,5399,558,14832,2936,1176,13358,3113,2379,14293,5982,1115,16305,6308,-1749,13861,4345,-1641,13498,3960,419,14856,2626,-528,13510,1352,212,13136,1347,1023,12916,4261,-1754,14299,4356,-2194,13183,3064,-965,11790,1536,839,12840,1001,-270,13301,3000,-740,13468,5522,1004,13952,6500,14,14131,6337,-2804,14517,5234,-320,14251,5254,2246,13981,3108,1594,14334,3522,726,14462,5763,959,15332,6269,-518,14548,4342,-2786,13892,2083,-857
1,2921,1990,13794,2281,623,13533,1993,-1100,12777,3103,-817,13110,4517,-1767,13926,3090,-2124,12220,1299,-516,12702,1873,2301,13087,3960,741,14563,5684,-1979,13903,6613,-331,13522,6451,-585,14815,5033,-853,14387,3419,1221,13366,3842,3241,14827,4333,804,14916,5472,-1592,14972,5455,-416,13657,4214,-722,14339,3217,-1109,14364,2106,272,12901,2531,1724,13421,2071,-752,13542,3764,-3144,13939,4519,-716,12151,3244,-288,13394,671,-1040,12316,1815,381,13535,4823,1564,13797,5773,-920,14151,6102,-1984,13867,5948,-62,13961,5466,520,15008,3125,914,13453,2654,1609,13920,5242,1640,16048,6413,-994,14929,5037,-1781,13269,3879,143,14668,3426,-184,14372,1726,-663,12787,989,1318,12950,3500,-896,14007,4608,-2274,13791,3876,-1349,12098,1895,569,12283,1235,-130,13690,2307,-1108,13236,4614,678,13830,6060,1012,13806,6105,-1941,14482,5262,-1419,14149,5204,1645,14198,3540,1866,14387,3129,460,14261,5094,1038,15285,6844,371,14902,5337,-2310,14166,2629,-1825,13752,2752,1369,13859,2649,1284,13892,2023,-867,13046,2779,-1030,12997,4585,-997
13583,3590,-2089,12883,1226,-1230,12137,1251,1409,12873,3110,1340,14017,4850,-1250,13868,6034,-848,13612,6513,-222,14211,5433,-1099,14982,4007,81,13463,3884,2981,14434,4272,1989,15291,5629,-1257,15044,5672,-628,14065,4649,-437,14150,3011,-1111,14393,2364,-347,13413,2432,1434,12741,2002,344,13936,2935,-2775,13396,4372,-1146,12844,3554,-162,12582,1296,-993,12720,999,-291,13037,4001,1580,13726,5231,336,14375,5840,-2015,13879,6077,-805,14044,6323,181,14989,4548,472,14196,2718,1746,13558,4241,2414,15358,6210,-155,15580,5590,-2075,13493,3459,-473,13594,3696,294,15166,2356,-1002,12923,1362,715,13053,2424,263,13291,4446,-2219,14409,4093,-1716,12398,2195,175,11888,1360,354,13678,1567,-1118,13023,4151,-241,13970,5845,1432,13507,6306,-996,14536,5707,-2257,14412,5406,896,14051,4545,1980,14429,2645,732,13843,4169,847,15214,6480,836,15088,5855,-1381,14302,3496,-2274,13657,2580,437,13806,3130,1548,13796,1983,-649,13251,1900,-1139,12965,3916,-324,13132,3832,-1820,13588,2160,-2002,12045,1477,415,12935,2750,1772,13661,4320,-270
14140,5535,-1069,13821,6404,117,13638,6009,-1158,15172,4444,-761,13803,3723,2162,13698,4240,2694,15519,5063,-179,14676,5804,-881,14616,5068,-89,13745,3428,-1219,14192,2709,-924,14070,2047,910,12341,2256,1162,14286,2129,-1827,13032,4409,-1876,13967,4290,-168,12032,2445,-1117,13386,690,-831,12597,2850,1151,13505,5082,1257,14363,5367,-1474,13412,6042,-1094,14175,6305,125,14341,5472,24,14835,2958,1043,13253,3171,2415,14423,5582,999,16323,5955,-1577,13869,4108,-1098,13461,4142,176,15127,2999,-1154,13707,1591,139,12800,1701,1537,13154,3807,-1789,14270,4545,-2271,13251,3240,-772,11634,1909,414,13179,1047,-707,13237,2865,-481,13369,5228,1701,13889,6072,192,14069,6151,-2814,14536,5340,-458,14023,5398,1915,14502,2859,1102,14016,3091,961,14567,5753,1437,15562,6600,-594,14648,4513,-2843,13739,2736,-655,14069,3434,1737,14115,1847,24,12919,1779,-986,13544,3110,-465,12456,4992,-1415,14450,2610,-2340,11507,1439,-613,12888,1720,1919,13256,3472,329,14056,4978,-1177,14000,6178,267,13295,6447,-932,15317,5243,-1447,14156,3942,1167
14154,3568,-1901,14277,2750,-64,13543,2007,1630,12506,1791,583,14111,2669,-1994,13114,4983,-1453,13248,3759,-688,12559,1301,-1741,12669,918,148,13050,3399,2190,13695,4940,-109,14275,5986,-1367,13909,6221,-397,13823,6622,-569,15266,4619,-111,14117,2469,1961,13341,3958,2952,15475,5689,-73,15683,5777,-1890,13240,4787,-598,14364,4336,-697,14920,2155,-989,12697,447,1841,12774,2111,644,13758,4026,-2557,14188,4229,-1982,12394,3224,-188,12167,1556,-369,13660,1288,-691,12624,3349,966,13867,5562,1566,13780,6649,-1702,14555,6146,-2671,14333,6010,949,14102,4564,1707,14663,2061,937,13504,3753,1989,15213,6530,993,15579,6057,-2215,13821,3583,-2390,13871,3560,621,14431,2312,991,12628,1524,-632,14074,1312,122,12110,5222,-329,14355,3838,-2234,12725,2567,-2347,12317,1123,378,12633,2322,1469,13775,3856,-378,13956,5558,-200,13689,6638,374,13865,6308,-2084,15118,4799,-1024,13818,3828,2339,13542,3295,2773,15279,4567,337,14783,6082,-397,14935,5592,-518,13954,3894,-2048,14318,2809,-981,14082,1969,1141,12204,1831,1538,14181,1818,-1351
